map,disablebounds;
custom,cuboid,stone6,30,1,30,1,1,1,1,3,3,-3060,0,180.0001526,0,0.7071068,0,0.7071068;
custom,cuboid,stone6,6,1,6,1,1,1,1,0.6,0.6,0,0,0,0,0.7071068,0,0.7071068;
custom,cuboid,stone6,30,1,6,1,1,1,1,3,0.6,0,0,180,0,0.7071068,0,0.7071068;
custom,cuboid,stone6,6,1,18,1,1,1,1,0.6,1.8,-120,0,360,0,0.7071068,0,0.7071068;
custom,cuboid,stone6,30,1,6,1,1,1,1,3,0.6,-240,0,180,0,0.7071068,0,0.7071068;
custom,cuboid,stone6,6,1,6,1,1,1,1,0.6,0.6,-180,0,0,0,0.7071068,0,0.7071068;
custom,cuboid,stone6,30,1,6,1,1,1,1,3,0.6,-120,0,-180,0,0.7071068,0,0.7071068;
custom,cuboid,stone6,6,1,24,1,1,1,1,0.6,2.4,-270,0,-360,0,0.7071068,0,0.7071068;
custom,cuboid,stone6,30,1,6,1,1,1,1,3,0.6,-420,0,-180,0,0.7071068,0,0.7071068;
custom,cuboid,stone6,30.0000019,1,6,1,1,1,1,3.0000002,0.6,-120.0000763,123.6395645,901.5074158,0.2705981,0.6532815,0.2705981,0.6532815;
custom,cuboid,stone6,6,1,6,1,1,1,1,0.6,0.6,-420,0,0,0,0.7071068,0,0.7071068;
custom,cuboid,stone6,30,1,6,1,1,1,1,3,0.6,-420,0,180,0,0.7071068,0,0.7071068;
custom,cuboid,stone6,6,1,6,1,1,1,1,0.6,0.6,-240,0,360,0,0.7071068,0,0.7071068;
custom,cuboid,stone6,6,1,6,1,1,1,1,0.6,0.6,0,0,360,0,0.7071068,0,0.7071068;
custom,cuboid,stone6,6,1,6,1,1,1,1,0.6,0.6,-120,0,0,0,0.7071068,0,0.7071068;
custom,cuboid,stone6,6,1,6,1,1,1,1,0.6,0.6,-240,0,0,0,0.7071068,0,0.7071068;
custom,cuboid,stone6,6,1,6,1,1,1,1,0.6,0.6,-420,0,-360,0,0.7071068,0,0.7071068;
custom,cuboid,stone6,6,1,6,1,1,1,1,0.6,0.6,-120,0,-360,0,0.7071068,0,0.7071068;
custom,cuboid,stone6,6,1,6,1,1,1,1,0.6,0.6,-420,0,360,0,0.7071068,0,0.7071068;
custom,cuboid,stone6,30,1,6,1,1,1,1,3,0.6,-420,0,540,0,0.7071068,0,0.7071068;
custom,cuboid,stone6,6,1,36,1,1,1,1,0.6,3.6,-630,0,720,0,0.7071068,0,0.7071068;
custom,cuboid,stone6,30,1,6,1,1,1,1,3,0.6,-840,0,900,0,0.7071068,0,0.7071068;
custom,cuboid,stone6,6,1,12,1,1,1,1,0.6,1.2,-750,0,1080,0,0.7071068,0,0.7071068;
custom,cuboid,stone6,30,1,6,1,1,1,1,3,0.6,-660,0,1260,0,0.7071068,0,0.7071068;
custom,cuboid,stone6,6,1,12,1,1,1,1,0.6,1.2,-570,0,1440,0,0.7071068,0,0.7071068;
custom,cuboid,stone6,30,1,6,1,1,1,1,3,0.6,-480,0,1260,0,0.7071068,0,0.7071068;
custom,cuboid,stone6,6,1,6,1,1,1,1,0.6,0.6,-660,0,1440,0,0.7071068,0,0.7071068;
custom,cuboid,stone6,6,1,6,1,1,1,1,0.6,0.6,-480,0,1440,0,0.7071068,0,0.7071068;
custom,cuboid,stone6,6,1,6,1,1,1,1,0.6,0.6,-660,0,1080,0,0.7071068,0,0.7071068;
custom,cuboid,stone6,6,1,6,1,1,1,1,0.6,0.6,-840,0,1080,0,0.7071068,0,0.7071068;
custom,cuboid,stone6,6,1,6,1,1,1,1,0.6,0.6,-840,0,720,0,0.7071068,0,0.7071068;
custom,cuboid,stone6,6,1,6,1,1,1,1,0.6,0.6,-420,0,720,0,0.7071068,0,0.7071068;
custom,cuboid,stone6,6,1,6,1,1,1,1,0.6,0.6,-480,0,1080,0,0.7071068,0,0.7071068;
custom,cuboid,stone6,6,1,30,1,1,1,1,0.6,3,-300,0,1080,0,0.7071068,0,0.7071068;
custom,cuboid,stone6,6,1,6,1,1,1,1,0.6,0.6,-60.0000763,250.9188271,774.2282104,0.2705981,0.6532815,0.2705981,0.6532815;
custom,cuboid,stone6,30.0000019,1,6,1,1,1,1,3.0000002,0.6,-0.0000763,123.6395645,901.5074158,0.2705981,0.6532815,0.2705981,0.6532815;
custom,cuboid,stone6,6,1,6,1,1,1,1,0.6,0.6,60,0,1080,0,0.7071068,0,0.7071068;
custom,cuboid,stone6,30,1,6,1,1,1,1,3,0.6,120,0,900,0,0.7071068,0,0.7071068;
custom,cuboid,stone6,6,1,6,1,1,1,1,0.6,0.6,-0.0000763,250.9188271,774.2282104,0.2705981,0.6532815,0.2705981,0.6532815;
custom,cuboid,stone6,6,1,6,1,1,1,1,0.6,0.6,120,0,720,0,0.7071068,0,0.7071068;
custom,cuboid,stone6,6,1,6,1,1,1,1,0.6,0.6,-120,0,1080,0,0.7071068,0,0.7071068;
custom,cuboid,stone6,6,1,6,1,1,1,1,0.6,0.6,0,0,1080,0,0.7071068,0,0.7071068;
custom,cuboid,stone6,6,1,6,1,1,1,1,0.6,0.6,120,0,1080,0,0.7071068,0,0.7071068;
custom,cuboid,stone6,6,1,6,1,1,1,1,0.6,0.6,-120.0000763,250.9188271,774.2282104,0.2705981,0.6532815,0.2705981,0.6532815;
custom,cuboid,stone6,30,1,6,1,1,1,1,3,0.6,180,0,540,0,0.7071068,0,0.7071068;
custom,cuboid,stone6,6,1,6,1,1,1,1,0.6,0.6,180,0,360,0,0.7071068,0,0.7071068;
custom,cuboid,stone6,30,1,6,1,1,1,1,3,0.6,240,0,180,0,0.7071068,0,0.7071068;
custom,cuboid,stone6,6,1,6,1,1,1,1,0.6,0.6,240,0,0,0,0.7071068,0,0.7071068;
custom,cuboid,stone6,30,1,6,1,1,1,1,3,0.6,180,0,-180,0,0.7071068,0,0.7071068;
custom,cuboid,stone6,6,1,6,1,1,1,1,0.6,0.6,180,0,-360,0,0.7071068,0,0.7071068;
custom,cuboid,stone6,6,1,6,1,1,1,1,0.6,0.6,180,0,720,0,0.7071068,0,0.7071068;
custom,cuboid,stone6,6,1,6,1,1,1,1,0.6,0.6,240,0,360,0,0.7071068,0,0.7071068;
custom,cuboid,stone6,6,1,6,1,1,1,1,0.6,0.6,180,0,0,0,0.7071068,0,0.7071068;
custom,cuboid,stone6,30,1,6,1,1,1,1,3,0.6,120,0,-540,0,0.7071068,0,0.7071068;
custom,cuboid,stone6,6,1,6,1,1,1,1,0.6,0.6,120,0,-720,0,0.7071068,0,0.7071068;
custom,cuboid,stone6,6,1,6,1,1,1,1,0.6,0.6,120,0,-360,0,0.7071068,0,0.7071068;
custom,cuboid,stone6,6,1,60,1,1,1,1,0.6,6,-210,0,-719.9998474,0,0.7071068,0,0.7071068;
custom,cuboid,stone6,30,1,6,1,1,1,1,3,0.6,-540,0,-539.9998474,0,0.7071068,0,0.7071068;
custom,cuboid,stone6,6,1,6,1,1,1,1,0.6,0.6,-540,0,-719.9998474,0,0.7071068,0,0.7071068;
custom,cuboid,stone6,6,1,6,1,1,1,1,0.6,0.6,-540,0,-359.9998474,0,0.7071068,0,0.7071068;
custom,cuboid,stone6,30,1,6,1,1,1,1,3,0.6,-540,0,-179.9998474,0,0.7071068,0,0.7071068;
custom,cuboid,stone6,6,1,6,1,1,1,1,0.6,0.6,-540,0,0.0001526,0,0.7071068,0,0.7071068;
custom,cuboid,stone6,30,1,6,1,1,1,1,3,0.6,-540,0,180.0001526,0,0.7071068,0,0.7071068;
custom,cuboid,stone6,6,1,12,1,1,1,1,0.6,1.2,-570,0,360.0001526,0,0.7071068,0,0.7071068;
custom,cuboid,stone6,6,1,12,1,1,1,1,0.6,1.2,-630,0,-359.9998474,0,0.7071068,0,0.7071068;
custom,cuboid,stone6,6,1,12,1,1,1,1,0.6,1.2,-690,0,360.0001526,0,0.7071068,0,0.7071068;
custom,cuboid,stone6,6,1,12,1,1,1,1,0.6,1.2,-750,0,-359.9998474,0,0.7071068,0,0.7071068;
custom,cuboid,stone6,6,1,12,1,1,1,1,0.6,1.2,-810,0,360.0001526,0,0.7071068,0,0.7071068;
custom,cuboid,stone6,30,1,6,1,1,1,1,3,0.6,-600,0,-179.9998474,0,0.7071068,0,0.7071068;
custom,cuboid,stone6,6,1,6,1,1,1,1,0.6,0.6,-600,0,0.0001526,0,0.7071068,0,0.7071068;
custom,cuboid,stone6,30,1,6,1,1,1,1,3,0.6,-600,0,180.0001526,0,0.7071068,0,0.7071068;
custom,cuboid,stone6,30,1,6,1,1,1,1,3,0.6,-720,0,-179.9998474,0,0.7071068,0,0.7071068;
custom,cuboid,stone6,6,1,6,1,1,1,1,0.6,0.6,-720,0,0.0001526,0,0.7071068,0,0.7071068;
custom,cuboid,stone6,30,1,6,1,1,1,1,3,0.6,-720,0,180.0001526,0,0.7071068,0,0.7071068;
custom,cuboid,stone6,30,1,6,1,1,1,1,3,0.6,-660,0,-179.9998474,0,0.7071068,0,0.7071068;
custom,cuboid,stone6,6,1,6,1,1,1,1,0.6,0.6,-660,0,0.0001526,0,0.7071068,0,0.7071068;
custom,cuboid,stone6,30,1,6,1,1,1,1,3,0.6,-660,0,180.0001526,0,0.7071068,0,0.7071068;
custom,cuboid,stone6,30,1,6,1,1,1,1,3,0.6,-840,0,-179.9998474,0,0.7071068,0,0.7071068;
custom,cuboid,stone6,6,1,6,1,1,1,1,0.6,0.6,-840,0,0.0001526,0,0.7071068,0,0.7071068;
custom,cuboid,stone6,30,1,6,1,1,1,1,3,0.6,-840,0,180.0001526,0,0.7071068,0,0.7071068;
custom,cuboid,stone6,30,1,6,1,1,1,1,3,0.6,-780,0,-179.9998474,0,0.7071068,0,0.7071068;
custom,cuboid,stone6,6,1,6,1,1,1,1,0.6,0.6,-780,0,0.0001526,0,0.7071068,0,0.7071068;
custom,cuboid,stone6,30,1,6,1,1,1,1,3,0.6,-780,0,180.0001526,0,0.7071068,0,0.7071068;
custom,cuboid,stone6,6,1,6,1,1,1,1,0.6,0.6,-840,0,-359.9998474,0,0.7071068,0,0.7071068;
custom,cuboid,stone6,30,1,6,1,1,1,1,3,0.6,-840,0,-539.9998474,0,0.7071068,0,0.7071068;
custom,cuboid,stone6,6,1,12,1,1,1,1,0.6,1.2,-750,0,-719.9998474,0,0.7071068,0,0.7071068;
custom,cuboid,stone6,30,1,6,1,1,1,1,3,0.6,-660,0,-899.9998474,0,0.7071068,0,0.7071068;
custom,cuboid,stone6,6,1,30,1,1,1,1,0.6,3,-840,0,-1079.9998474,0,0.7071068,0,0.7071068;
custom,cuboid,stone6,30,1,6,1,1,1,1,3,0.6,-1020,0,-899.9998474,0,0.7071068,0,0.7071068;
custom,cuboid,stone6,6,1,60,1,1,1,1,0.6,6,-1350,0,-719.9998474,0,0.7071068,0,0.7071068;
custom,cuboid,stone6,30,1,6,1,1,1,1,3,0.6,-1680,0,-539.9998474,0,0.7071068,0,0.7071068;
custom,cuboid,stone6,6,1,6,1,1,1,1,0.6,0.6,-1680,0,-359.9998474,0,0.7071068,0,0.7071068;
custom,cuboid,stone6,6,1,6,1,1,1,1,0.6,0.6,-1680,0,-719.9998474,0,0.7071068,0,0.7071068;
custom,cuboid,stone6,6,1,6,1,1,1,1,0.6,0.6,-1020,0,-719.9998474,0,0.7071068,0,0.7071068;
custom,cuboid,stone6,6,1,6,1,1,1,1,0.6,0.6,-840,0,-719.9998474,0,0.7071068,0,0.7071068;
custom,cuboid,stone6,6,1,6,1,1,1,1,0.6,0.6,-660,0,-719.9998474,0,0.7071068,0,0.7071068;
custom,cuboid,stone6,6,1,6,1,1,1,1,0.6,0.6,-660,0,-1079.9998474,0,0.7071068,0,0.7071068;
custom,cuboid,stone6,6,1,6,1,1,1,1,0.6,0.6,-1020,0,-1079.9998474,0,0.7071068,0,0.7071068;
custom,cuboid,stone6,30,1,6,1,1,1,1,3,0.6,-960,0,900.0001526,0,0.7071068,0,0.7071068;
custom,cuboid,stone6,6,1,18,1,1,1,1,0.6,1.8,-1080,0,1080.0001526,0,0.7071068,0,0.7071068;
custom,cuboid,stone6,30,1,6,1,1,1,1,3,0.6,-1200,0,1260.0001526,0,0.7071068,0,0.7071068;
custom,cuboid,stone6,6,1,30,1,1,1,1,0.6,3,-1380,0,1440.0001526,0,0.7071068,0,0.7071068;
custom,cuboid,stone6,30,1,6,1,1,1,1,3,0.6,-1560,0,1260.0001526,0,0.7071068,0,0.7071068;
custom,cuboid,stone6,6,1,6,1,1,1,1,0.6,0.6,-960,0,1080.0001526,0,0.7071068,0,0.7071068;
custom,cuboid,stone6,6,1,6,1,1,1,1,0.6,0.6,-960,0,720.0001526,0,0.7071068,0,0.7071068;
custom,cuboid,stone6,6,1,6,1,1,1,1,0.6,0.6,-1200,0,1080.0001526,0,0.7071068,0,0.7071068;
custom,cuboid,stone6,6,1,6,1,1,1,1,0.6,0.6,-1200,0,1440.0001526,0,0.7071068,0,0.7071068;
custom,cuboid,stone6,6,1,6,1,1,1,1,0.6,0.6,-1560,0,1440.0001526,0,0.7071068,0,0.7071068;
custom,cuboid,stone6,6,1,6,1,1,1,1,0.6,0.6,-1560,0,1080.0001526,0,0.7071068,0,0.7071068;
custom,cuboid,stone6,6.0000005,1,6,1,1,1,1,0.6,0.6,-1560,87.4547386,715.7155609,0.092296,0.7010574,0.092296,0.7010574;
custom,cuboid,stone6,6.0000005,1,6,1,1,1,1,0.6,0.6,-1559.9998474,266.2133408,386.4785767,0.1830127,0.6830127,0.1830127,0.6830127;
custom,cuboid,stone6,6,1,6,1,1,1,1,0.6,0.6,-1559.9998474,524.0937042,114.726162,0.2705981,0.6532815,0.2705981,0.6532815;
custom,cuboid,stone6,6,1,6,1,1,1,1,0.6,0.6,-1679.9998474,524.0937042,114.726162,0.2705981,0.6532815,0.2705981,0.6532815;
custom,cuboid,stone6,6,1,6,1,1,1,1,0.6,0.6,-1619.9998474,524.0937042,114.726162,0.2705981,0.6532815,0.2705981,0.6532815;
custom,cuboid,stone6,6,1,6,1,1,1,1,0.6,0.6,-1680,0,1080.0001526,0,0.7071068,0,0.7071068;
custom,cuboid,stone6,6.0000005,1,6,1,1,1,1,0.6,0.6,-1680,87.4547386,715.7155609,0.092296,0.7010574,0.092296,0.7010574;
custom,cuboid,stone6,6.0000005,1,6,1,1,1,1,0.6,0.6,-1679.9998474,266.2133408,386.4785767,0.1830127,0.6830127,0.1830127,0.6830127;
custom,cuboid,stone6,6,1,6,1,1,1,1,0.6,0.6,-1740,0,1080.0001526,0,0.7071068,0,0.7071068;
custom,cuboid,stone6,6,1,6,1,1,1,1,0.6,0.6,-1800,0,1080.0001526,0,0.7071068,0,0.7071068;
custom,cuboid,stone6,6.0000005,1,6.0000029,1,1,1,1,0.6,0.6000003,-1920.0001526,-206.2133598,26.478529,0.6830127,-0.1830127,-0.6830127,0.1830128;
custom,cuboid,stone6,6,1,6,1,1,1,1,0.6,0.6,-1800,0,720.0001526,0,0.7071068,0,0.7071068;
custom,cuboid,stone6,6.0000005,1,6.000001,1,1,1,1,0.6,0.6000001,-1920.0001526,-27.4547482,355.7155228,0.7010574,-0.0922959,-0.7010574,0.092296;
custom,cuboid,stone6,6,1,5.9999995,1,1,1,1,0.6,0.6,-1919.9998474,-464.0937042,-245.2739716,0.6532815,-0.270598,-0.6532815,0.2705981;
custom,cuboid,stone6,6,1,5.9999995,1,1,1,1,0.6,0.6,-1799.9998474,-464.0937042,-245.2739716,0.6532815,-0.270598,-0.6532815,0.2705981;
custom,cuboid,stone6,6,1,5.9999995,1,1,1,1,0.6,0.6,-1859.9998474,-464.0937042,-245.2739716,0.6532815,-0.270598,-0.6532815,0.2705981;
custom,cuboid,stone6,6,1,6,1,1,1,1,0.6,0.6,-1920,0,720.0001526,0,0.7071068,0,0.7071068;
custom,cuboid,stone6,6.0000005,1,6.000001,1,1,1,1,0.6,0.6000001,-1800.0001526,-27.4547482,355.7155228,0.7010574,-0.0922959,-0.7010574,0.092296;
custom,cuboid,stone6,6.0000005,1,6.0000029,1,1,1,1,0.6,0.6000003,-1800.0001526,-206.2133598,26.478529,0.6830127,-0.1830127,-0.6830127,0.1830128;
custom,cuboid,stone6,6,1,6,1,1,1,1,0.6,0.6,-1980,0,720.0001526,0,0.7071068,0,0.7071068;
custom,cuboid,stone6,6,1,6,1,1,1,1,0.6,0.6,-2040,0,720.0001526,0,0.7071068,0,0.7071068;
custom,cuboid,stone6,6,1,6,1,1,1,1,0.6,0.6,-2040,0,-359.9998474,0,0.7071068,0,0.7071068;
custom,cuboid,stone6,6,1,6,1,1,1,1,0.6,0.6,-2040,0,360.0001526,0,0.7071068,0,0.7071068;
custom,cuboid,stone6,6,1,6,1,1,1,1,0.6,0.6,-2040,0,0.0001526,0,0.7071068,0,0.7071068;
custom,cuboid,stone6,6,1,12,1,1,1,1,0.6,1.2,-2070,0,-719.9998474,0,0.7071068,0,0.7071068;
custom,cuboid,stone6,6,1,12,1,1,1,1,0.6,1.2,-2130,0,-359.9998474,0,0.7071068,0,0.7071068;
custom,cuboid,stone6,6,1,6,1,1,1,1,0.6,0.6,-2160,0,-719.9998474,0,0.7071068,0,0.7071068;
custom,cuboid,stone6,6,1,30,1,1,1,1,0.6,3,-2340,0,-719.9998474,0,0.7071068,0,0.7071068;
custom,cuboid,stone6,30,1,6,1,1,1,1,3,0.6,-2520,0,-899.9998474,0,0.7071068,0,0.7071068;
custom,cuboid,stone6,6,1,30,1,1,1,1,0.6,3,-2700,0,-1079.9998474,0,0.7071068,0,0.7071068;
custom,cuboid,stone6,30,1,6,1,1,1,1,3,0.6,-2880,0,-899.9998474,0,0.7071068,0,0.7071068;
custom,cuboid,stone6,6,1,6,1,1,1,1,0.6,0.6,-2520,0,-719.9998474,0,0.7071068,0,0.7071068;
custom,cuboid,stone6,6,1,6,1,1,1,1,0.6,0.6,-2520,0,-1079.9998474,0,0.7071068,0,0.7071068;
custom,cuboid,stone6,6,1,6,1,1,1,1,0.6,0.6,-2880,0,-1079.9998474,0,0.7071068,0,0.7071068;
custom,cuboid,stone6,6,1,6,1,1,1,1,0.6,0.6,-2880,0,-719.9998474,0,0.7071068,0,0.7071068;
custom,cuboid,stone6,30,1,6,1,1,1,1,3,0.6,-2880,0,-539.9998474,0,0.7071068,0,0.7071068;
custom,cuboid,stone6,6,1,30,1,1,1,1,0.6,3,-2700,0,-359.9998474,0,0.7071068,0,0.7071068;
custom,cuboid,stone6,6,1,30,1,1,1,1,0.6,3,-2340,0,0.0001526,0,0.7071068,0,0.7071068;
custom,cuboid,stone6,6,1,30,1,1,1,1,0.6,3,-2340,0,360.0001526,0,0.7071068,0,0.7071068;
custom,cuboid,stone6,6,1,30,1,1,1,1,0.6,3,-2340,0,720.0001526,0,0.7071068,0,0.7071068;
custom,cuboid,stone6,6,1,6,1,1,1,1,0.6,0.6,-2160,0,720.0001526,0,0.7071068,0,0.7071068;
custom,cuboid,stone6,6,1,6,1,1,1,1,0.6,0.6,-2160,0,360.0001526,0,0.7071068,0,0.7071068;
custom,cuboid,stone6,6,1,6,1,1,1,1,0.6,0.6,-2160,0,0.0001526,0,0.7071068,0,0.7071068;
custom,cuboid,stone6,6,1,6,1,1,1,1,0.6,0.6,-2520,0,0.0001526,0,0.7071068,0,0.7071068;
custom,cuboid,stone6,6,1,6,1,1,1,1,0.6,0.6,-2520,0,-359.9998474,0,0.7071068,0,0.7071068;
custom,cuboid,stone6,6,1,6,1,1,1,1,0.6,0.6,-2880,0,-359.9998474,0,0.7071068,0,0.7071068;
custom,cuboid,stone6,6,1,6,1,1,1,1,0.6,0.6,-2520,0,360.0001526,0,0.7071068,0,0.7071068;
custom,cuboid,stone6,6,1,6,1,1,1,1,0.6,0.6,-2520,0,720.0001526,0,0.7071068,0,0.7071068;
custom,cuboid,stone6,6,1,6,1,1,1,1,0.6,0.6,-2160,0,1080.0001526,0,0.7071068,0,0.7071068;
custom,cuboid,stone6,6,1,30,1,1,1,1,0.6,3,-3060,0,0.0001526,0,0.7071068,0,0.7071068;
custom,cuboid,stone6,6,1,42,1,1,1,1,0.6,4.2,-2400,0,1080.0001526,0,0.7071068,0,0.7071068;
custom,cuboid,stone6,30,1,6,1,1,1,1,3,0.6,-2640,0,900.0001526,0,0.7071068,0,0.7071068;
custom,cuboid,stone6,6,1,6,1,1,1,1,0.6,0.6,-2640,0,1080.0001526,0,0.7071068,0,0.7071068;
custom,cuboid,stone6,6,1,6,1,1,1,1,0.6,0.6,-2640,0,720.0001526,0,0.7071068,0,0.7071068;
custom,cuboid,stone6,30,1,6,1,1,1,1,3,0.6,-2640,0,540,0,0.7071068,0,0.7071068;
custom,cuboid,stone6,30,1,6,1,1,1,1,3,0.6,-2640,0,180.0001526,0,0.7071068,0,0.7071068;
custom,cuboid,stone6,6,1,6,1,1,1,1,0.6,0.6,-2640,0,360.0001526,0,0.7071068,0,0.7071068;
custom,cuboid,stone6,6,1,6,1,1,1,1,0.6,0.6,-2640,0,0.0001526,0,0.7071068,0,0.7071068;
custom,cuboid,stone6,6,1,18,1,1,1,1,0.6,1.8,-2760,0,0.0001526,0,0.7071068,0,0.7071068;
custom,cuboid,stone6,6,1,6,1,1,1,1,0.6,0.6,-2880,0,0.0001526,0,0.7071068,0,0.7071068;
custom,cuboid,stone6,6,1,30,1,1,1,1,0.6,3,-3060,0,360.0001526,0,0.7071068,0,0.7071068;
custom,cuboid,stone6,30,1,30,1,1,1,1,3,3,-3060,0,540.0001526,0,0.7071068,0,0.7071068;
custom,cuboid,stone6,6,1,6,1,1,1,1,0.6,0.6,-2760,0,720.0001526,0,0.7071068,0,0.7071068;
custom,cuboid,stone6,30,1,6,1,1,1,1,3,0.6,-2760,0,900.0001526,0,0.7071068,0,0.7071068;
custom,cuboid,stone6,6,1,42,1,1,1,1,0.6,4.2,-3000,0,720.0001526,0,0.7071068,0,0.7071068;
custom,cuboid,stone6,6,1,6,1,1,1,1,0.6,0.6,-2760,0,1080.0001526,0,0.7071068,0,0.7071068;
custom,cuboid,stone6,6,1,60,1,1,1,1,0.6,6,-3090,0,1080.0001526,0,0.7071068,0,0.7071068;
custom,cuboid,stone6,6,1,6,1,1,1,1,0.6,0.6,-3420,0,1080.0001526,0,0.7071068,0,0.7071068;
custom,cuboid,stone6,6,1,6,1,1,1,1,0.6,0.6,-3420,0,720.0001526,0,0.7071068,0,0.7071068;
custom,cuboid,stone6,6,1,6,1,1,1,1,0.6,0.6,-3420,0,360.0001526,0,0.7071068,0,0.7071068;
custom,cuboid,stone6,6,1,6,1,1,1,1,0.6,0.6,-3420,0,0.0001526,0,0.7071068,0,0.7071068;
custom,cuboid,stone6,4.2426453,1,6,1,1,1,1,0.4242645,0.6,-119.9996948,-0.0000334,1028.7866974,0,0.7071068,0,0.7071068;
custom,cuboid,stone6,1.757358,1.0000078,6.0000386,1,1,1,1,0.1757358,0.6000039,-119.9998856,8.786757,1007.5733948,0.5,0.5,0.5,0.5;
custom,cuboid,stone6,4.2426453,1,6,1,1,1,1,0.4242645,0.6,0,-0.0000525,1028.7867737,0,0.7071068,0,0.7071068;
custom,cuboid,stone6,1.757358,1.0000078,6.0000386,1,1,1,1,0.1757358,0.6000039,-0.0001791,8.7867379,1007.5734711,0.5,0.5,0.5,0.5;
custom,cuboid,stone6,1.5529175,1,6,1,1,1,1,0.1552917,0.6,-1560,0,1042.2355652,0,0.7071068,0,0.7071068;
custom,cuboid,stone6,0.2044448,1.0000001,6,1,1,1,1,0.0204445,0.6,-1560,1.022225,1034.4709778,-0.5,0.5,-0.5,0.5;
custom,cuboid,stone6,1.5529175,1,6,1,1,1,1,0.1552917,0.6,-1680.0001526,0,1042.2355652,0,0.7071068,0,0.7071068;
custom,cuboid,stone6,0.2044448,1.0000001,6,1,1,1,1,0.0204445,0.6,-1680.0001526,1.022225,1034.4709778,-0.5,0.5,-0.5,0.5;
custom,cuboid,stone6,1.5529176,1,6,1,1,1,1,0.1552918,0.6,-1560,97.2289276,679.2377472,0.092296,0.7010574,0.092296,0.7010574;
custom,cuboid,stone6,0.2044448,1.0000001,6,1,1,1,1,0.0204445,0.6,-1560,100.2259541,672.0023346,-0.4304593,0.5609855,-0.4304593,0.5609855;
custom,cuboid,stone6,1.5529176,1,6,1,1,1,1,0.1552918,0.6,-1680.0001526,97.2289276,679.2377472,0.092296,0.7010574,0.092296,0.7010574;
custom,cuboid,stone6,0.2044448,1.0000001,6,1,1,1,1,0.0204445,0.6,-1680.0001526,100.2259541,672.0023346,-0.4304593,0.5609855,-0.4304593,0.5609855;
custom,cuboid,stone6,1.5529176,1,6,1,1,1,1,0.1552918,0.6,-1560,285.0955582,353.7734985,0.1830127,0.6830127,0.1830127,0.6830127;
custom,cuboid,stone6,0.2044448,1.0000001,6,1,1,1,1,0.0204445,0.6,-1560,289.8631477,347.5603485,-0.3535534,0.6123724,-0.3535534,0.6123724;
custom,cuboid,stone6,1.5529176,1,6,1,1,1,1,0.1552918,0.6,-1680.0001526,285.0955582,353.7734985,0.1830127,0.6830127,0.1830127,0.6830127;
custom,cuboid,stone6,0.2044448,1.0000001,6,1,1,1,1,0.0204445,0.6,-1680.0001526,289.8631477,347.5603485,-0.3535534,0.6123724,-0.3535534,0.6123724;
custom,cuboid,stone6,1.5529175,1,6,1,1,1,1,0.1552917,0.6,-1920.0001526,59.9999905,682.2355652,0.7071068,1e-7,-0.7071068,1e-7;
custom,cuboid,stone6,0.2044448,1.0000001,6.000001,1,1,1,1,0.0204445,0.6000001,-1920.0001526,58.977766,674.4709778,0.5,0.5,-0.5,-0.5;
custom,cuboid,stone6,1.5529175,1,6,1,1,1,1,0.1552917,0.6,-1800,60,682.2355652,0.7071068,1e-7,-0.7071068,1e-7;
custom,cuboid,stone6,0.2044448,1.0000001,6.000001,1,1,1,1,0.0204445,0.6000001,-1800,58.9777756,674.4709778,0.5,0.5,-0.5,-0.5;
custom,cuboid,stone6,1.5529176,1,6.000001,1,1,1,1,0.1552918,0.6000001,-1919.9998474,-37.2289467,319.2377853,0.7010574,-0.0922959,-0.7010574,0.092296;
custom,cuboid,stone6,0.2044448,1.0000001,5.9999995,1,1,1,1,0.0204445,0.6,-1919.9998474,-40.2259636,312.0023346,0.5609855,0.4304593,-0.5609856,-0.4304594;
custom,cuboid,stone6,1.5529176,1,6.000001,1,1,1,1,0.1552918,0.6000001,-1799.9996948,-37.2289371,319.2377853,0.7010574,-0.0922959,-0.7010574,0.092296;
custom,cuboid,stone6,0.2044448,1.0000001,5.9999995,1,1,1,1,0.0204445,0.6,-1799.9996948,-40.2259541,312.0023346,0.5609855,0.4304593,-0.5609856,-0.4304594;
custom,cuboid,stone6,1.5529176,1,6.0000029,1,1,1,1,0.1552918,0.6000003,-1919.9998474,-225.0955772,-6.2265158,0.6830127,-0.1830127,-0.6830127,0.1830128;
custom,cuboid,stone6,0.2044448,1.0000001,5.9999995,1,1,1,1,0.0204445,0.6,-1919.9998474,-229.8631477,-12.4397409,0.6123723,0.3535532,-0.6123725,-0.3535536;
custom,cuboid,stone6,1.5529176,1,6.0000029,1,1,1,1,0.1552918,0.6000003,-1799.9996948,-225.0955772,-6.2265158,0.6830127,-0.1830127,-0.6830127,0.1830128;
custom,cuboid,stone6,0.2044448,1.0000001,5.9999995,1,1,1,1,0.0204445,0.6,-1799.9996948,-229.8631477,-12.4397409,0.6123723,0.3535532,-0.6123725,-0.3535536;
custom,cuboid,transparent0.4,31,6.9999995,1,1,1,1,1,1,1,-3210,29.9999976,180.0001526,0,0.7071068,0,0.7071068;
custom,cuboid,transparent0.4,31,6.9999995,1,1,1,1,1,1,1,-2910,29.9999976,180.0001526,0,0.7071068,0,0.7071068;
custom,cuboid,transparent0.4,7.0000014,6.9999995,1,1,1,1,1,1,1,-30.0003052,29.9999976,-0.0000191,0,0.7071068,0,0.7071068;
custom,cuboid,transparent0.4,1,6.9999995,7.0000229,1,1,1,1,1,1,0,29.9999976,-30.0000191,0,0.7071068,0,0.7071068;
custom,cuboid,transparent0.4,7.0000014,6.9999995,1,1,1,1,1,1,1,30,29.9999976,-0.0000191,0,0.7071068,0,0.7071068;
custom,cuboid,transparent0.4,31,6.9999995,1,1,1,1,1,1,1,-30.0003052,29.9999976,180,0,0.7071068,0,0.7071068;
custom,cuboid,transparent0.4,31,6.9999995,1,1,1,1,1,1,1,30,29.9999976,180,0,0.7071068,0,0.7071068;
custom,cuboid,transparent0.4,1,6.9999995,19.0000114,1,1,1,1,1,1,-120,29.9999976,390,0,0.7071068,0,0.7071068;
custom,cuboid,transparent0.4,1,6.9999995,19.0000114,1,1,1,1,1,1,-120,29.9999976,330,0,0.7071068,0,0.7071068;
custom,cuboid,transparent0.4,31,6.9999995,1,1,1,1,1,1,1,-270.0003052,29.9999976,180,0,0.7071068,0,0.7071068;
custom,cuboid,transparent0.4,31,6.9999995,1,1,1,1,1,1,1,-210,29.9999976,180,0,0.7071068,0,0.7071068;
custom,cuboid,transparent0.4,1,6.9999995,7.0000229,1,1,1,1,1,1,-180.0003052,29.9999976,29.9999905,0,0.7071068,0,0.7071068;
custom,cuboid,transparent0.4,1,6.9999995,7.0000229,1,1,1,1,1,1,-180.0003052,29.9999976,-30.0000191,0,0.7071068,0,0.7071068;
custom,cuboid,transparent0.4,31,6.9999995,1,1,1,1,1,1,1,-150,29.9999976,-180,0,0.7071068,0,0.7071068;
custom,cuboid,transparent0.4,31,6.9999995,1,1,1,1,1,1,1,-89.9996948,29.9999976,-180,0,0.7071068,0,0.7071068;
custom,cuboid,transparent0.4,1,6.9999995,24.9999771,1,1,1,1,1,1,-270,29.9999976,-330.0000381,0,0.7071068,0,0.7071068;
custom,cuboid,transparent0.4,1,6.9999995,24.9999771,1,1,1,1,1,1,-270,29.9999976,-390.0000381,0,0.7071068,0,0.7071068;
custom,cuboid,transparent0.4,31,6.9999995,1,1,1,1,1,1,1,-450.0003052,29.9999976,-180,0,0.7071068,0,0.7071068;
custom,cuboid,transparent0.4,31,6.9999995,1,1,1,1,1,1,1,-390,29.9999976,-180,0,0.7071068,0,0.7071068;
custom,cuboid,transparent0.4,31.0000019,7,1,1,1,1,1,1,1,-150,144.8527527,922.7207184,0.2705981,0.6532815,0.2705981,0.6532815;
custom,cuboid,transparent0.4,31.0000019,7,1,1,1,1,1,1,1,-89.9996948,144.8527527,922.7207184,0.2705981,0.6532815,0.2705981,0.6532815;
custom,cuboid,transparent0.4,7.0000014,6.9999995,1,1,1,1,1,1,1,-450.0003052,29.9999976,-0.0000191,0,0.7071068,0,0.7071068;
custom,cuboid,transparent0.4,7.0000014,6.9999995,1,1,1,1,1,1,1,-390,29.9999976,-0.0000191,0,0.7071068,0,0.7071068;
custom,cuboid,transparent0.4,31,6.9999995,1,1,1,1,1,1,1,-450.0003052,29.9999976,180,0,0.7071068,0,0.7071068;
custom,cuboid,transparent0.4,31,6.9999995,1,1,1,1,1,1,1,-390,29.9999976,180,0,0.7071068,0,0.7071068;
custom,cuboid,transparent0.4,7.0000014,6.9999995,1,1,1,1,1,1,1,-270.0003052,29.9999976,360,0,0.7071068,0,0.7071068;
custom,cuboid,transparent0.4,1,6.9999995,7.0000229,1,1,1,1,1,1,-240,29.9999976,390,0,0.7071068,0,0.7071068;
custom,cuboid,transparent0.4,1,6.9999995,7.0000229,1,1,1,1,1,1,0,29.9999976,390,0,0.7071068,0,0.7071068;
custom,cuboid,transparent0.4,7.0000014,6.9999995,1,1,1,1,1,1,1,30,29.9999976,360,0,0.7071068,0,0.7071068;
custom,cuboid,transparent0.4,1,6.9999995,7.0000229,1,1,1,1,1,1,-120,29.9999976,29.9999905,0,0.7071068,0,0.7071068;
custom,cuboid,transparent0.4,7.0000014,6.9999995,1,1,1,1,1,1,1,-89.9996948,29.9999976,-0.0000191,0,0.7071068,0,0.7071068;
custom,cuboid,transparent0.4,7.0000014,6.9999995,1,1,1,1,1,1,1,-270.0003052,29.9999976,-0.0000191,0,0.7071068,0,0.7071068;
custom,cuboid,transparent0.4,1,6.9999995,7.0000229,1,1,1,1,1,1,-240,29.9999976,-30.0000191,0,0.7071068,0,0.7071068;
custom,cuboid,transparent0.4,7.0000014,6.9999995,1,1,1,1,1,1,1,-450.0003052,29.9999976,-360.0000381,0,0.7071068,0,0.7071068;
custom,cuboid,transparent0.4,1,6.9999995,7.0000229,1,1,1,1,1,1,-420.0003052,29.9999976,-390.0000381,0,0.7071068,0,0.7071068;
custom,cuboid,transparent0.4,1,6.9999995,7.0000229,1,1,1,1,1,1,-120,29.9999976,-390.0000381,0,0.7071068,0,0.7071068;
custom,cuboid,transparent0.4,7.0000014,6.9999995,1,1,1,1,1,1,1,-89.9996948,29.9999976,-360.0000381,0,0.7071068,0,0.7071068;
custom,cuboid,transparent0.4,7.0000014,6.9999995,1,1,1,1,1,1,1,-450.0003052,29.9999976,360,0,0.7071068,0,0.7071068;
custom,cuboid,transparent0.4,7.0000014,6.9999995,1,1,1,1,1,1,1,-390,29.9999976,360,0,0.7071068,0,0.7071068;
custom,cuboid,transparent0.4,31,6.9999995,1,1,1,1,1,1,1,-450.0003052,29.9999976,540.0000381,0,0.7071068,0,0.7071068;
custom,cuboid,transparent0.4,31,6.9999995,1,1,1,1,1,1,1,-390,29.9999976,540.0000381,0,0.7071068,0,0.7071068;
custom,cuboid,transparent0.4,1,6.9999995,37.0000076,1,1,1,1,1,1,-630.0000763,29.9999976,750,0,0.7071068,0,0.7071068;
custom,cuboid,transparent0.4,1,6.9999995,37.0000076,1,1,1,1,1,1,-630.0000763,29.9999976,690,0,0.7071068,0,0.7071068;
custom,cuboid,transparent0.4,31,6.9999995,1,1,1,1,1,1,1,-870.0001526,29.9999976,900,0,0.7071068,0,0.7071068;
custom,cuboid,transparent0.4,31,6.9999995,1,1,1,1,1,1,1,-810.0001526,29.9999976,900,0,0.7071068,0,0.7071068;
custom,cuboid,transparent0.4,1,6.9999995,12.9999886,1,1,1,1,1,1,-750,29.9999976,1110,0,0.7071068,0,0.7071068;
custom,cuboid,transparent0.4,1,6.9999995,12.9999886,1,1,1,1,1,1,-750,29.9999976,1050,0,0.7071068,0,0.7071068;
custom,cuboid,transparent0.4,30.9999924,6.9999995,1,1,1,1,1,1,1,-690,29.9999976,1260,0,0.7071068,0,0.7071068;
custom,cuboid,transparent0.4,30.9999924,6.9999995,1,1,1,1,1,1,1,-629.9998474,29.9999976,1260,0,0.7071068,0,0.7071068;
custom,cuboid,transparent0.4,1,6.9999995,12.9999886,1,1,1,1,1,1,-570.0003052,29.9999976,1470,0,0.7071068,0,0.7071068;
custom,cuboid,transparent0.4,1,6.9999995,12.9999886,1,1,1,1,1,1,-570.0003052,29.9999976,1410.0001526,0,0.7071068,0,0.7071068;
custom,cuboid,transparent0.4,30.9999924,6.9999995,1,1,1,1,1,1,1,-510.0003052,29.9999976,1260,0,0.7071068,0,0.7071068;
custom,cuboid,transparent0.4,30.9999924,6.9999995,1,1,1,1,1,1,1,-450,29.9999976,1260,0,0.7071068,0,0.7071068;
custom,cuboid,transparent0.4,6.9999943,6.9999995,1,1,1,1,1,1,1,-690,29.9999976,1440,0,0.7071068,0,0.7071068;
custom,cuboid,transparent0.4,1,6.9999995,7.0000086,1,1,1,1,1,1,-659.9999237,29.9999976,1470,0,0.7071068,0,0.7071068;
custom,cuboid,transparent0.4,1,6.9999995,7.0000229,1,1,1,1,1,1,-480.0003052,29.9999976,1470,0,0.7071068,0,0.7071068;
custom,cuboid,transparent0.4,6.9999943,6.9999995,1,1,1,1,1,1,1,-450,29.9999976,1440,0,0.7071068,0,0.7071068;
custom,cuboid,transparent0.4,1,6.9999995,7.0000086,1,1,1,1,1,1,-659.9999237,29.9999976,1050,0,0.7071068,0,0.7071068;
custom,cuboid,transparent0.4,6.9999943,6.9999995,1,1,1,1,1,1,1,-629.9998474,29.9999976,1080,0,0.7071068,0,0.7071068;
custom,cuboid,transparent0.4,6.9999943,6.9999995,1,1,1,1,1,1,1,-870.0001526,29.9999976,1080,0,0.7071068,0,0.7071068;
custom,cuboid,transparent0.4,1,6.9999995,6.9999943,1,1,1,1,1,1,-840.0001526,29.9999976,1110,0,0.7071068,0,0.7071068;
custom,cuboid,transparent0.4,7.0000014,6.9999995,1,1,1,1,1,1,1,-870.0001526,29.9999976,720,0,0.7071068,0,0.7071068;
custom,cuboid,transparent0.4,1,6.9999995,6.9999943,1,1,1,1,1,1,-840.0001526,29.9999976,690,0,0.7071068,0,0.7071068;
custom,cuboid,transparent0.4,1,6.9999995,7.0000229,1,1,1,1,1,1,-420.0003052,29.9999976,750,0,0.7071068,0,0.7071068;
custom,cuboid,transparent0.4,7.0000014,6.9999995,1,1,1,1,1,1,1,-390,29.9999976,720,0,0.7071068,0,0.7071068;
custom,cuboid,transparent0.4,6.9999943,6.9999995,1,1,1,1,1,1,1,-510.0003052,29.9999976,1080,0,0.7071068,0,0.7071068;
custom,cuboid,transparent0.4,1,6.9999995,7.0000229,1,1,1,1,1,1,-480.0003052,29.9999976,1050,0,0.7071068,0,0.7071068;
custom,cuboid,transparent0.4,1,6.9999995,31,1,1,1,1,1,1,-300,29.9999976,1110,0,0.7071068,0,0.7071068;
custom,cuboid,transparent0.4,1,6.9999995,31,1,1,1,1,1,1,-300,29.9999976,1050,0,0.7071068,0,0.7071068;
custom,cuboid,transparent0.4,1,7,7.0000229,1,1,1,1,1,1,-60,250.9187698,816.6546631,0.2705981,0.6532815,0.2705981,0.6532815;
custom,cuboid,transparent0.4,1,7,7.0000229,1,1,1,1,1,1,-60,293.3451843,774.2282867,0.2705981,0.6532815,0.2705981,0.6532815;
custom,cuboid,transparent0.4,31.0000019,7,1,1,1,1,1,1,1,-30.0003052,144.8527527,922.7207184,0.2705981,0.6532815,0.2705981,0.6532815;
custom,cuboid,transparent0.4,31.0000019,7,1,1,1,1,1,1,1,30,144.8527527,922.7207184,0.2705981,0.6532815,0.2705981,0.6532815;
custom,cuboid,transparent0.4,1,6.9999995,7.0000229,1,1,1,1,1,1,60,29.9999976,1110,0,0.7071068,0,0.7071068;
custom,cuboid,transparent0.4,1,6.9999995,7.0000229,1,1,1,1,1,1,60,29.9999976,1050,0,0.7071068,0,0.7071068;
custom,cuboid,transparent0.4,31,6.9999995,1,1,1,1,1,1,1,150,29.9999976,900,0,0.7071068,0,0.7071068;
custom,cuboid,transparent0.4,1,7,7.0000229,1,1,1,1,1,1,0,293.3451843,774.2282867,0.2705981,0.6532815,0.2705981,0.6532815;
custom,cuboid,transparent0.4,7.0000019,7,1,1,1,1,1,1,1,30,272.1319962,795.4414368,0.2705981,0.6532815,0.2705981,0.6532815;
custom,cuboid,transparent0.4,1,6.9999995,7.0000229,1,1,1,1,1,1,-120,29.9999976,1110,0,0.7071068,0,0.7071068;
custom,cuboid,transparent0.4,6.9999943,6.9999995,1,1,1,1,1,1,1,-89.9996948,29.9999976,1080,0,0.7071068,0,0.7071068;
custom,cuboid,transparent0.4,6.9999943,6.9999995,1,1,1,1,1,1,1,-30.0003052,29.9999976,1080,0,0.7071068,0,0.7071068;
custom,cuboid,transparent0.4,1,6.9999995,7.0000229,1,1,1,1,1,1,0,29.9999976,1110,0,0.7071068,0,0.7071068;
custom,cuboid,transparent0.4,1,6.9999995,7.0000229,1,1,1,1,1,1,119.9996948,29.9999976,1110,0,0.7071068,0,0.7071068;
custom,cuboid,transparent0.4,6.9999943,6.9999995,1,1,1,1,1,1,1,150,29.9999976,1080,0,0.7071068,0,0.7071068;
custom,cuboid,transparent0.4,7.0000019,7,1,1,1,1,1,1,1,-150,272.1319962,795.4414368,0.2705981,0.6532815,0.2705981,0.6532815;
custom,cuboid,transparent0.4,1,7,7.0000229,1,1,1,1,1,1,-120,293.3451843,774.2282867,0.2705981,0.6532815,0.2705981,0.6532815;
custom,cuboid,transparent0.4,31,6.9999995,1,1,1,1,1,1,1,210.0003052,29.9999976,540.0000381,0,0.7071068,0,0.7071068;
custom,cuboid,transparent0.4,31,6.9999995,1,1,1,1,1,1,1,270,29.9999976,180,0,0.7071068,0,0.7071068;
custom,cuboid,transparent0.4,1,6.9999995,7.0000229,1,1,1,1,1,1,240,29.9999976,-30.0000191,0,0.7071068,0,0.7071068;
custom,cuboid,transparent0.4,7.0000014,6.9999995,1,1,1,1,1,1,1,270,29.9999976,-0.0000191,0,0.7071068,0,0.7071068;
custom,cuboid,transparent0.4,31,6.9999995,1,1,1,1,1,1,1,210.0003052,29.9999976,-180,0,0.7071068,0,0.7071068;
custom,cuboid,transparent0.4,1,6.9999995,7.0000229,1,1,1,1,1,1,180,29.9999976,-390.0000381,0,0.7071068,0,0.7071068;
custom,cuboid,transparent0.4,7.0000014,6.9999995,1,1,1,1,1,1,1,210.0003052,29.9999976,-360.0000381,0,0.7071068,0,0.7071068;
custom,cuboid,transparent0.4,1,6.9999995,7.0000229,1,1,1,1,1,1,180,29.9999976,750,0,0.7071068,0,0.7071068;
custom,cuboid,transparent0.4,7.0000014,6.9999995,1,1,1,1,1,1,1,210.0003052,29.9999976,720,0,0.7071068,0,0.7071068;
custom,cuboid,transparent0.4,1,6.9999995,7.0000229,1,1,1,1,1,1,240,29.9999976,390,0,0.7071068,0,0.7071068;
custom,cuboid,transparent0.4,7.0000014,6.9999995,1,1,1,1,1,1,1,270,29.9999976,360,0,0.7071068,0,0.7071068;
custom,cuboid,transparent0.4,31,6.9999995,1,1,1,1,1,1,1,150,29.9999976,-540,0,0.7071068,0,0.7071068;
custom,cuboid,transparent0.4,1,6.9999995,7.0000229,1,1,1,1,1,1,119.9996948,29.9999976,-750,0,0.7071068,0,0.7071068;
custom,cuboid,transparent0.4,6.9999943,6.9999995,1,1,1,1,1,1,1,150,29.9999976,-720.0000763,0,0.7071068,0,0.7071068;
custom,cuboid,transparent0.4,1,6.9999995,61,1,1,1,1,1,1,-210,29.9999976,-749.9999237,0,0.7071068,0,0.7071068;
custom,cuboid,transparent0.4,1,6.9999995,61,1,1,1,1,1,1,-210,29.9999976,-689.9999237,0,0.7071068,0,0.7071068;
custom,cuboid,transparent0.4,31,6.9999995,1,1,1,1,1,1,1,-570.0003052,29.9999976,-539.9998474,0,0.7071068,0,0.7071068;
custom,cuboid,transparent0.4,31,6.9999995,1,1,1,1,1,1,1,-510,29.9999976,-539.9998474,0,0.7071068,0,0.7071068;
custom,cuboid,transparent0.4,6.9999943,6.9999995,1,1,1,1,1,1,1,-570.0003052,29.9999976,-719.9999237,0,0.7071068,0,0.7071068;
custom,cuboid,transparent0.4,1,6.9999995,7.0000229,1,1,1,1,1,1,-540.0001526,29.9999976,-749.9999237,0,0.7071068,0,0.7071068;
custom,cuboid,transparent0.4,7.0000014,6.9999995,1,1,1,1,1,1,1,-510,29.9999976,-359.9999237,0,0.7071068,0,0.7071068;
custom,cuboid,transparent0.4,31,6.9999995,1,1,1,1,1,1,1,-570.0003052,29.9999976,-179.9998474,0,0.7071068,0,0.7071068;
custom,cuboid,transparent0.4,31,6.9999995,1,1,1,1,1,1,1,-510,29.9999976,-179.9998474,0,0.7071068,0,0.7071068;
custom,cuboid,transparent0.4,7.0000014,6.9999995,1,1,1,1,1,1,1,-510,29.9999976,0.0001526,0,0.7071068,0,0.7071068;
custom,cuboid,transparent0.4,31,6.9999995,1,1,1,1,1,1,1,-570.0003052,29.9999976,180.0001526,0,0.7071068,0,0.7071068;
custom,cuboid,transparent0.4,31,6.9999995,1,1,1,1,1,1,1,-510,29.9999976,180.0001526,0,0.7071068,0,0.7071068;
custom,cuboid,transparent0.4,7.0000014,6.9999995,1,1,1,1,1,1,1,-630.0001526,29.9999976,360.0001526,0,0.7071068,0,0.7071068;
custom,cuboid,transparent0.4,7.0000014,6.9999995,1,1,1,1,1,1,1,-510.0003052,29.9999976,360.0001526,0,0.7071068,0,0.7071068;
custom,cuboid,transparent0.4,7.0000014,6.9999995,1,1,1,1,1,1,1,-690.0001526,29.9999976,-359.9999237,0,0.7071068,0,0.7071068;
custom,cuboid,transparent0.4,1,6.9999995,12.9999886,1,1,1,1,1,1,-630.0001526,29.9999976,-389.9999237,0,0.7071068,0,0.7071068;
custom,cuboid,transparent0.4,7.0000014,6.9999995,1,1,1,1,1,1,1,-570.0003052,29.9999976,-359.9999237,0,0.7071068,0,0.7071068;
custom,cuboid,transparent0.4,7.0000014,6.9999995,1,1,1,1,1,1,1,-750,29.9999976,360.0001526,0,0.7071068,0,0.7071068;
custom,cuboid,transparent0.4,7.0000014,6.9999995,1,1,1,1,1,1,1,-810,29.9999976,-359.9999237,0,0.7071068,0,0.7071068;
custom,cuboid,transparent0.4,1,6.9999995,12.9999886,1,1,1,1,1,1,-750,29.9999976,-389.9999237,0,0.7071068,0,0.7071068;
custom,cuboid,transparent0.4,7.0000014,6.9999995,1,1,1,1,1,1,1,-870,29.9999976,360.0001526,0,0.7071068,0,0.7071068;
custom,cuboid,transparent0.4,31,6.9999995,1,1,1,1,1,1,1,-630.0001526,29.9999976,-179.9998474,0,0.7071068,0,0.7071068;
custom,cuboid,transparent0.4,7.0000014,6.9999995,1,1,1,1,1,1,1,-630.0001526,29.9999976,0.0001526,0,0.7071068,0,0.7071068;
custom,cuboid,transparent0.4,7.0000014,6.9999995,1,1,1,1,1,1,1,-570,29.9999976,0.0001526,0,0.7071068,0,0.7071068;
custom,cuboid,transparent0.4,31,6.9999995,1,1,1,1,1,1,1,-750,29.9999976,-179.9998474,0,0.7071068,0,0.7071068;
custom,cuboid,transparent0.4,31,6.9999995,1,1,1,1,1,1,1,-690.0001526,29.9999976,-179.9998474,0,0.7071068,0,0.7071068;
custom,cuboid,transparent0.4,7.0000014,6.9999995,1,1,1,1,1,1,1,-750,29.9999976,0.0001526,0,0.7071068,0,0.7071068;
custom,cuboid,transparent0.4,7.0000014,6.9999995,1,1,1,1,1,1,1,-690.0001526,29.9999976,0.0001526,0,0.7071068,0,0.7071068;
custom,cuboid,transparent0.4,31,6.9999995,1,1,1,1,1,1,1,-690,29.9999976,180.0001526,0,0.7071068,0,0.7071068;
custom,cuboid,transparent0.4,31,6.9999995,1,1,1,1,1,1,1,-629.9998474,29.9999976,180.0001526,0,0.7071068,0,0.7071068;
custom,cuboid,transparent0.4,31,6.9999995,1,1,1,1,1,1,1,-870.0001526,29.9999976,-179.9998474,0,0.7071068,0,0.7071068;
custom,cuboid,transparent0.4,31,6.9999995,1,1,1,1,1,1,1,-810.0001526,29.9999976,-179.9998474,0,0.7071068,0,0.7071068;
custom,cuboid,transparent0.4,7.0000014,6.9999995,1,1,1,1,1,1,1,-870.0001526,29.9999976,0.0001526,0,0.7071068,0,0.7071068;
custom,cuboid,transparent0.4,7.0000014,6.9999995,1,1,1,1,1,1,1,-810.0001526,29.9999976,0.0001526,0,0.7071068,0,0.7071068;
custom,cuboid,transparent0.4,31,6.9999995,1,1,1,1,1,1,1,-870.0001526,29.9999976,180.0001526,0,0.7071068,0,0.7071068;
custom,cuboid,transparent0.4,31,6.9999995,1,1,1,1,1,1,1,-810.0001526,29.9999976,180.0001526,0,0.7071068,0,0.7071068;
custom,cuboid,transparent0.4,31,6.9999995,1,1,1,1,1,1,1,-750.0001526,29.9999976,180.0001526,0,0.7071068,0,0.7071068;
custom,cuboid,transparent0.4,7.0000014,6.9999995,1,1,1,1,1,1,1,-870.0001526,29.9999976,-359.9999237,0,0.7071068,0,0.7071068;
custom,cuboid,transparent0.4,31,6.9999995,1,1,1,1,1,1,1,-870.0001526,29.9999976,-539.9998474,0,0.7071068,0,0.7071068;
custom,cuboid,transparent0.4,31,6.9999995,1,1,1,1,1,1,1,-810.0001526,29.9999976,-539.9998474,0,0.7071068,0,0.7071068;
custom,cuboid,transparent0.4,1,6.9999995,12.9999886,1,1,1,1,1,1,-750,29.9999976,-689.9999237,0,0.7071068,0,0.7071068;
custom,cuboid,transparent0.4,1,6.9999995,12.9999886,1,1,1,1,1,1,-750,29.9999976,-749.9999237,0,0.7071068,0,0.7071068;
custom,cuboid,transparent0.4,31,6.9999995,1,1,1,1,1,1,1,-690,29.9999976,-900,0,0.7071068,0,0.7071068;
custom,cuboid,transparent0.4,31,6.9999995,1,1,1,1,1,1,1,-629.9998474,29.9999976,-900,0,0.7071068,0,0.7071068;
custom,cuboid,transparent0.4,1,6.9999995,31,1,1,1,1,1,1,-840.0001526,29.9999976,-1050,0,0.7071068,0,0.7071068;
custom,cuboid,transparent0.4,1,6.9999995,31,1,1,1,1,1,1,-840.0001526,29.9999976,-1109.9998474,0,0.7071068,0,0.7071068;
custom,cuboid,transparent0.4,31,6.9999995,1,1,1,1,1,1,1,-1050,29.9999976,-900,0,0.7071068,0,0.7071068;
custom,cuboid,transparent0.4,31,6.9999995,1,1,1,1,1,1,1,-990.0001526,29.9999976,-900,0,0.7071068,0,0.7071068;
custom,cuboid,transparent0.4,1,6.9999995,61,1,1,1,1,1,1,-1350,29.9999976,-689.9999237,0,0.7071068,0,0.7071068;
custom,cuboid,transparent0.4,1,6.9999995,61,1,1,1,1,1,1,-1350,29.9999976,-749.9999237,0,0.7071068,0,0.7071068;
custom,cuboid,transparent0.4,31,6.9999995,1,1,1,1,1,1,1,-1710.0001526,29.9999976,-539.9998474,0,0.7071068,0,0.7071068;
custom,cuboid,transparent0.4,31,6.9999995,1,1,1,1,1,1,1,-1650.0001526,29.9999976,-539.9998474,0,0.7071068,0,0.7071068;
custom,cuboid,transparent0.4,7.0000014,6.9999995,1,1,1,1,1,1,1,-1710.0001526,29.9999976,-359.9999237,0,0.7071068,0,0.7071068;
custom,cuboid,transparent0.4,1,6.9999995,6.9999943,1,1,1,1,1,1,-1680.0001526,29.9999976,-329.9998856,0,0.7071068,0,0.7071068;
custom,cuboid,transparent0.4,6.9999943,6.9999995,1,1,1,1,1,1,1,-1710.0001526,29.9999976,-719.9999237,0,0.7071068,0,0.7071068;
custom,cuboid,transparent0.4,1,6.9999995,6.9999943,1,1,1,1,1,1,-1680.0001526,29.9999976,-749.9999237,0,0.7071068,0,0.7071068;
custom,cuboid,transparent0.4,1,6.9999995,6.9999943,1,1,1,1,1,1,-1020.0001526,29.9999976,-689.9999237,0,0.7071068,0,0.7071068;
custom,cuboid,transparent0.4,6.9999943,6.9999995,1,1,1,1,1,1,1,-990.0001526,29.9999976,-719.9999237,0,0.7071068,0,0.7071068;
custom,cuboid,transparent0.4,6.9999943,6.9999995,1,1,1,1,1,1,1,-870.0001526,29.9999976,-719.9999237,0,0.7071068,0,0.7071068;
custom,cuboid,transparent0.4,1,6.9999995,6.9999943,1,1,1,1,1,1,-840.0001526,29.9999976,-749.9999237,0,0.7071068,0,0.7071068;
custom,cuboid,transparent0.4,1,6.9999995,7.0000086,1,1,1,1,1,1,-659.9999237,29.9999976,-689.9999237,0,0.7071068,0,0.7071068;
custom,cuboid,transparent0.4,6.9999943,6.9999995,1,1,1,1,1,1,1,-629.9998474,29.9999976,-719.9999237,0,0.7071068,0,0.7071068;
custom,cuboid,transparent0.4,1,6.9999995,7.0000086,1,1,1,1,1,1,-659.9999237,29.9999976,-1109.9998474,0,0.7071068,0,0.7071068;
custom,cuboid,transparent0.4,6.9999943,6.9999995,1,1,1,1,1,1,1,-629.9998474,29.9999976,-1079.9999237,0,0.7071068,0,0.7071068;
custom,cuboid,transparent0.4,6.9999943,6.9999995,1,1,1,1,1,1,1,-1050,29.9999976,-1079.9999237,0,0.7071068,0,0.7071068;
custom,cuboid,transparent0.4,1,6.9999995,6.9999943,1,1,1,1,1,1,-1020.0001526,29.9999976,-1109.9998474,0,0.7071068,0,0.7071068;
custom,cuboid,transparent0.4,31,6.9999995,1,1,1,1,1,1,1,-990.0001526,29.9999976,900.0001526,0,0.7071068,0,0.7071068;
custom,cuboid,transparent0.4,31,6.9999995,1,1,1,1,1,1,1,-930.0001526,29.9999976,900.0001526,0,0.7071068,0,0.7071068;
custom,cuboid,transparent0.4,1,6.9999995,19.0000114,1,1,1,1,1,1,-1080.0001526,29.9999976,1110.0001526,0,0.7071068,0,0.7071068;
custom,cuboid,transparent0.4,1,6.9999995,19.0000114,1,1,1,1,1,1,-1080.0001526,29.9999976,1050.0001526,0,0.7071068,0,0.7071068;
custom,cuboid,transparent0.4,31.0000076,6.9999995,1,1,1,1,1,1,1,-1230,29.9999976,1260.0003052,0,0.7071068,0,0.7071068;
custom,cuboid,transparent0.4,31.0000076,6.9999995,1,1,1,1,1,1,1,-1170.0001526,29.9999976,1260.0003052,0,0.7071068,0,0.7071068;
custom,cuboid,transparent0.4,1,6.9999995,31,1,1,1,1,1,1,-1380.0001526,29.9999976,1470.0001526,0,0.7071068,0,0.7071068;
custom,cuboid,transparent0.4,1,6.9999995,31,1,1,1,1,1,1,-1380.0001526,29.9999976,1410.0003052,0,0.7071068,0,0.7071068;
custom,cuboid,transparent0.4,1,6.9999995,6.9999943,1,1,1,1,1,1,-960.0001526,29.9999976,1110.0001526,0,0.7071068,0,0.7071068;
custom,cuboid,transparent0.4,6.9999943,6.9999995,1,1,1,1,1,1,1,-930.0001526,29.9999976,1080.0001526,0,0.7071068,0,0.7071068;
custom,cuboid,transparent0.4,1,6.9999995,6.9999943,1,1,1,1,1,1,-960.0001526,29.9999976,690.0001526,0,0.7071068,0,0.7071068;
custom,cuboid,transparent0.4,7.0000014,6.9999995,1,1,1,1,1,1,1,-930.0001526,29.9999976,720.0001526,0,0.7071068,0,0.7071068;
custom,cuboid,transparent0.4,6.9999943,6.9999995,1,1,1,1,1,1,1,-1230,29.9999976,1080.0001526,0,0.7071068,0,0.7071068;
custom,cuboid,transparent0.4,1,6.9999995,6.9999943,1,1,1,1,1,1,-1200,29.9999976,1050.0001526,0,0.7071068,0,0.7071068;
custom,cuboid,transparent0.4,1,6.9999995,6.9999943,1,1,1,1,1,1,-1200,29.9999976,1470.0001526,0,0.7071068,0,0.7071068;
custom,cuboid,transparent0.4,6.9999943,6.9999995,1,1,1,1,1,1,1,-1170.0001526,29.9999976,1440.0003052,0,0.7071068,0,0.7071068;
custom,cuboid,transparent0.4,6.9999943,6.9999995,1,1,1,1,1,1,1,-1590.0001526,29.9999976,1440.0003052,0,0.7071068,0,0.7071068;
custom,cuboid,transparent0.4,1,6.9999995,6.9999943,1,1,1,1,1,1,-1560.0001526,29.9999976,1470.0001526,0,0.7071068,0,0.7071068;
custom,cuboid,transparent0.4,1,6.9999995,31,1,1,1,1,1,1,-2340.0001526,29.9999976,-689.9999237,0,0.7071068,0,0.7071068;
custom,cuboid,transparent0.4,1,6.9999995,31,1,1,1,1,1,1,-2340.0001526,29.9999976,-749.9999237,0,0.7071068,0,0.7071068;
custom,cuboid,transparent0.4,31,6.9999995,1,1,1,1,1,1,1,-2550.0003052,29.9999976,-900,0,0.7071068,0,0.7071068;
custom,cuboid,transparent0.4,31,6.9999995,1,1,1,1,1,1,1,-2490.0003052,29.9999976,-900,0,0.7071068,0,0.7071068;
custom,cuboid,transparent0.4,1,6.9999995,31,1,1,1,1,1,1,-2700,29.9999976,-1050,0,0.7071068,0,0.7071068;
custom,cuboid,transparent0.4,1,6.9999995,31,1,1,1,1,1,1,-2700,29.9999976,-1109.9998474,0,0.7071068,0,0.7071068;
custom,cuboid,transparent0.4,31,6.9999995,1,1,1,1,1,1,1,-2910.0003052,29.9999976,-900,0,0.7071068,0,0.7071068;
custom,cuboid,transparent0.4,31,6.9999995,1,1,1,1,1,1,1,-2850.0003052,29.9999976,-900,0,0.7071068,0,0.7071068;
custom,cuboid,transparent0.4,6.9999943,6.9999995,1,1,1,1,1,1,1,-2550.0003052,29.9999976,-719.9999237,0,0.7071068,0,0.7071068;
custom,cuboid,transparent0.4,1,6.9999995,7.0000014,1,1,1,1,1,1,-2520.0003052,29.9999976,-689.9999237,0,0.7071068,0,0.7071068;
custom,cuboid,transparent0.4,1,6.9999995,7.0000014,1,1,1,1,1,1,-2520.0003052,29.9999976,-1109.9998474,0,0.7071068,0,0.7071068;
custom,cuboid,transparent0.4,6.9999943,6.9999995,1,1,1,1,1,1,1,-2490.0003052,29.9999976,-1079.9999237,0,0.7071068,0,0.7071068;
custom,cuboid,transparent0.4,6.9999943,6.9999995,1,1,1,1,1,1,1,-2910.0003052,29.9999976,-1079.9999237,0,0.7071068,0,0.7071068;
custom,cuboid,transparent0.4,1,6.9999995,7.0000014,1,1,1,1,1,1,-2880.0003052,29.9999976,-1109.9998474,0,0.7071068,0,0.7071068;
custom,cuboid,transparent0.4,6.9999943,6.9999995,1,1,1,1,1,1,1,-2910.0003052,29.9999976,-719.9999237,0,0.7071068,0,0.7071068;
custom,cuboid,transparent0.4,6.9999943,6.9999995,1,1,1,1,1,1,1,-2850.0003052,29.9999976,-719.9999237,0,0.7071068,0,0.7071068;
custom,cuboid,transparent0.4,31,6.9999995,1,1,1,1,1,1,1,-2910.0003052,29.9999976,-539.9998474,0,0.7071068,0,0.7071068;
custom,cuboid,transparent0.4,31,6.9999995,1,1,1,1,1,1,1,-2850.0003052,29.9999976,-539.9998474,0,0.7071068,0,0.7071068;
custom,cuboid,transparent0.4,1,6.9999995,31,1,1,1,1,1,1,-2700,29.9999976,-329.9998856,0,0.7071068,0,0.7071068;
custom,cuboid,transparent0.4,1,6.9999995,31,1,1,1,1,1,1,-2700,29.9999976,-389.9999237,0,0.7071068,0,0.7071068;
custom,cuboid,transparent0.4,31,6.9999995,1,1,1,1,1,1,1,-2490.0003052,29.9999976,-179.9998474,0,0.7071068,0,0.7071068;
custom,cuboid,transparent0.4,1,6.9999995,31,1,1,1,1,1,1,-2340.0001526,29.9999976,30.0001526,0,0.7071068,0,0.7071068;
custom,cuboid,transparent0.4,1,6.9999995,31,1,1,1,1,1,1,-2340.0001526,29.9999976,-29.9998665,0,0.7071068,0,0.7071068;
custom,cuboid,transparent0.4,31,6.9999995,1,1,1,1,1,1,1,-2190.0001526,29.9999976,180.0001526,0,0.7071068,0,0.7071068;
custom,cuboid,transparent0.4,1,6.9999995,31,1,1,1,1,1,1,-2340.0001526,29.9999976,390.0001526,0,0.7071068,0,0.7071068;
custom,cuboid,transparent0.4,1,6.9999995,31,1,1,1,1,1,1,-2340.0001526,29.9999976,330.0001526,0,0.7071068,0,0.7071068;
custom,cuboid,transparent0.4,31,6.9999995,1,1,1,1,1,1,1,-2490.0003052,29.9999976,540.0001526,0,0.7071068,0,0.7071068;
custom,cuboid,transparent0.4,1,6.9999995,31,1,1,1,1,1,1,-2340.0001526,29.9999976,750.0001526,0,0.7071068,0,0.7071068;
custom,cuboid,transparent0.4,1,6.9999995,31,1,1,1,1,1,1,-2340.0001526,29.9999976,690.0001526,0,0.7071068,0,0.7071068;
custom,cuboid,transparent0.4,31,6.9999995,1,1,1,1,1,1,1,-2190.0001526,29.9999976,900.0001526,0,0.7071068,0,0.7071068;
custom,cuboid,transparent0.4,1,6.9999995,6.9999943,1,1,1,1,1,1,-2160.0001526,29.9999976,690.0001526,0,0.7071068,0,0.7071068;
custom,cuboid,transparent0.4,7.0000014,6.9999995,1,1,1,1,1,1,1,-2130.0001526,29.9999976,720.0001526,0,0.7071068,0,0.7071068;
custom,cuboid,transparent0.4,1,6.9999995,6.9999943,1,1,1,1,1,1,-2160.0001526,29.9999976,390.0001526,0,0.7071068,0,0.7071068;
custom,cuboid,transparent0.4,7.0000014,6.9999995,1,1,1,1,1,1,1,-2130.0001526,29.9999976,360.0001526,0,0.7071068,0,0.7071068;
custom,cuboid,transparent0.4,1,6.9999995,6.9999943,1,1,1,1,1,1,-2160.0001526,29.9999976,-29.9998665,0,0.7071068,0,0.7071068;
custom,cuboid,transparent0.4,7.0000014,6.9999995,1,1,1,1,1,1,1,-2130.0001526,29.9999976,0.0001526,0,0.7071068,0,0.7071068;
custom,cuboid,transparent0.4,7.0000014,6.9999995,1,1,1,1,1,1,1,-2550.0003052,29.9999976,0.0001526,0,0.7071068,0,0.7071068;
custom,cuboid,transparent0.4,1,6.9999995,7.0000014,1,1,1,1,1,1,-2520.0003052,29.9999976,30.0001526,0,0.7071068,0,0.7071068;
custom,cuboid,transparent0.4,1,6.9999995,7.0000014,1,1,1,1,1,1,-2520.0003052,29.9999976,-389.9999237,0,0.7071068,0,0.7071068;
custom,cuboid,transparent0.4,7.0000014,6.9999995,1,1,1,1,1,1,1,-2490.0003052,29.9999976,-359.9999237,0,0.7071068,0,0.7071068;
custom,cuboid,transparent0.4,7.0000014,6.9999995,1,1,1,1,1,1,1,-2910.0003052,29.9999976,-359.9999237,0,0.7071068,0,0.7071068;
custom,cuboid,transparent0.4,1,6.9999995,7.0000014,1,1,1,1,1,1,-2880.0003052,29.9999976,-329.9998856,0,0.7071068,0,0.7071068;
custom,cuboid,transparent0.4,7.0000014,6.9999995,1,1,1,1,1,1,1,-2550.0003052,29.9999976,360.0001526,0,0.7071068,0,0.7071068;
custom,cuboid,transparent0.4,1,6.9999995,7.0000014,1,1,1,1,1,1,-2520.0003052,29.9999976,330.0001526,0,0.7071068,0,0.7071068;
custom,cuboid,transparent0.4,7.0000014,6.9999995,1,1,1,1,1,1,1,-2550.0003052,29.9999976,720.0001526,0,0.7071068,0,0.7071068;
custom,cuboid,transparent0.4,1,6.9999995,7.0000014,1,1,1,1,1,1,-2520.0003052,29.9999976,750.0001526,0,0.7071068,0,0.7071068;
custom,cuboid,transparent0.4,1,6.9999995,6.9999943,1,1,1,1,1,1,-2160.0001526,29.9999976,1110.0001526,0,0.7071068,0,0.7071068;
custom,cuboid,transparent0.4,6.9999943,6.9999995,1,1,1,1,1,1,1,-2130.0001526,29.9999976,1080.0001526,0,0.7071068,0,0.7071068;
custom,cuboid,transparent0.4,7.0000014,6.9999995,1,1,1,1,1,1,1,-3210.0003052,29.9999976,0.0001526,0,0.7071068,0,0.7071068;
custom,cuboid,transparent0.4,1,6.9999995,31,1,1,1,1,1,1,-3060.0003052,29.9999976,-29.9998665,0,0.7071068,0,0.7071068;
custom,cuboid,transparent0.4,1,6.9999995,43.0000038,1,1,1,1,1,1,-2400,29.9999976,1110.0001526,0,0.7071068,0,0.7071068;
custom,cuboid,transparent0.4,1,6.9999995,43.0000038,1,1,1,1,1,1,-2400,29.9999976,1050.0001526,0,0.7071068,0,0.7071068;
custom,cuboid,transparent0.4,31,6.9999995,1,1,1,1,1,1,1,-2670,29.9999976,900.0001526,0,0.7071068,0,0.7071068;
custom,cuboid,transparent0.4,31,6.9999995,1,1,1,1,1,1,1,-2610,29.9999976,900.0001526,0,0.7071068,0,0.7071068;
custom,cuboid,transparent0.4,6.9999943,6.9999995,1,1,1,1,1,1,1,-2670,29.9999976,1080.0001526,0,0.7071068,0,0.7071068;
custom,cuboid,transparent0.4,1,6.9999995,7.0000014,1,1,1,1,1,1,-2640,29.9999976,1110.0001526,0,0.7071068,0,0.7071068;
custom,cuboid,transparent0.4,7.0000014,6.9999995,1,1,1,1,1,1,1,-2670,29.9999976,720.0001526,0,0.7071068,0,0.7071068;
custom,cuboid,transparent0.4,7.0000014,6.9999995,1,1,1,1,1,1,1,-2610,29.9999976,720.0001526,0,0.7071068,0,0.7071068;
custom,cuboid,transparent0.4,31,6.9999995,1,1,1,1,1,1,1,-2670,29.9999976,540.0001526,0,0.7071068,0,0.7071068;
custom,cuboid,transparent0.4,31,6.9999995,1,1,1,1,1,1,1,-2610,29.9999976,540.0001526,0,0.7071068,0,0.7071068;
custom,cuboid,transparent0.4,31,6.9999995,1,1,1,1,1,1,1,-2670,29.9999976,180.0001526,0,0.7071068,0,0.7071068;
custom,cuboid,transparent0.4,31,6.9999995,1,1,1,1,1,1,1,-2610,29.9999976,180.0001526,0,0.7071068,0,0.7071068;
custom,cuboid,transparent0.4,7.0000014,6.9999995,1,1,1,1,1,1,1,-2670,29.9999976,360.0001526,0,0.7071068,0,0.7071068;
custom,cuboid,transparent0.4,7.0000014,6.9999995,1,1,1,1,1,1,1,-2610,29.9999976,360.0001526,0,0.7071068,0,0.7071068;
custom,cuboid,transparent0.4,1,6.9999995,7.0000014,1,1,1,1,1,1,-2640,29.9999976,-29.9998665,0,0.7071068,0,0.7071068;
custom,cuboid,transparent0.4,7.0000014,6.9999995,1,1,1,1,1,1,1,-2610,29.9999976,0.0001526,0,0.7071068,0,0.7071068;
custom,cuboid,transparent0.4,1,6.9999995,18.9999981,1,1,1,1,1,1,-2760.0003052,29.9999976,30.0001526,0,0.7071068,0,0.7071068;
custom,cuboid,transparent0.4,1,6.9999995,18.9999981,1,1,1,1,1,1,-2760.0003052,29.9999976,-29.9998665,0,0.7071068,0,0.7071068;
custom,cuboid,transparent0.4,1,6.9999995,7.0000014,1,1,1,1,1,1,-2880.0003052,29.9999976,30.0001526,0,0.7071068,0,0.7071068;
custom,cuboid,transparent0.4,1,6.9999995,7.0000014,1,1,1,1,1,1,-2880.0003052,29.9999976,-29.9998665,0,0.7071068,0,0.7071068;
custom,cuboid,transparent0.4,7.0000014,6.9999995,1,1,1,1,1,1,1,-3210.0003052,29.9999976,360.0001526,0,0.7071068,0,0.7071068;
custom,cuboid,transparent0.4,7.0000014,6.9999995,1,1,1,1,1,1,1,-2910.0003052,29.9999976,360.0001526,0,0.7071068,0,0.7071068;
custom,cuboid,transparent0.4,31,6.9999995,1,1,1,1,1,1,1,-3210.0003052,29.9999976,540.0001526,0,0.7071068,0,0.7071068;
custom,cuboid,transparent0.4,1.0000036,6.9999995,12.999999,1,1,1,1,1,1,-2850.0003052,29.9999976,690.0001526,0,0.7071068,0,0.7071068;
custom,cuboid,transparent0.4,31,6.9999995,1,1,1,1,1,1,1,-2910.0003052,29.9999976,540.0001526,0,0.7071068,0,0.7071068;
custom,cuboid,transparent0.4,1,6.9999995,7.0000014,1,1,1,1,1,1,-2760.0003052,29.9999976,690.0001526,0,0.7071068,0,0.7071068;
custom,cuboid,transparent0.4,7.0000014,6.9999995,1,1,1,1,1,1,1,-2730.0003052,29.9999976,720.0001526,0,0.7071068,0,0.7071068;
custom,cuboid,transparent0.4,31,6.9999995,1,1,1,1,1,1,1,-2790.0003052,29.9999976,900.0001526,0,0.7071068,0,0.7071068;
custom,cuboid,transparent0.4,31,6.9999995,1,1,1,1,1,1,1,-2730.0003052,29.9999976,900.0001526,0,0.7071068,0,0.7071068;
custom,cuboid,transparent0.4,7.0000014,6.9999995,1,1,1,1,1,1,1,-3210.0003052,29.9999976,720.0001526,0,0.7071068,0,0.7071068;
custom,cuboid,transparent0.4,1,6.9999995,43.0000038,1,1,1,1,1,1,-3000.0003052,29.9999976,750.0001526,0,0.7071068,0,0.7071068;
custom,cuboid,transparent0.4,1,6.9999995,7.0000014,1,1,1,1,1,1,-2760.0003052,29.9999976,1110.0001526,0,0.7071068,0,0.7071068;
custom,cuboid,transparent0.4,6.9999943,6.9999995,1,1,1,1,1,1,1,-2730.0003052,29.9999976,1080.0001526,0,0.7071068,0,0.7071068;
custom,cuboid,transparent0.4,1,6.9999995,61,1,1,1,1,1,1,-3090,29.9999976,1110.0001526,0,0.7071068,0,0.7071068;
custom,cuboid,transparent0.4,1,6.9999995,61,1,1,1,1,1,1,-3090,29.9999976,1050.0001526,0,0.7071068,0,0.7071068;
custom,cuboid,transparent0.4,6.9999943,6.9999995,1,1,1,1,1,1,1,-3450.0003052,29.9999976,1080.0001526,0,0.7071068,0,0.7071068;
custom,cuboid,transparent0.4,1,6.9999995,7.0000014,1,1,1,1,1,1,-3420.0003052,29.9999976,1110.0001526,0,0.7071068,0,0.7071068;
custom,cuboid,transparent0.4,1,6.9999995,12.9999886,1,1,1,1,1,1,-570.0003052,29.9999976,390.0001526,0,0.7071068,0,0.7071068;
custom,cuboid,transparent0.4,1,6.9999995,12.9999886,1,1,1,1,1,1,-690.0001526,29.9999976,390.0001526,0,0.7071068,0,0.7071068;
custom,cuboid,transparent0.4,1,6.9999995,12.9999886,1,1,1,1,1,1,-810,29.9999976,390.0001526,0,0.7071068,0,0.7071068;
custom,cuboid,transparent0.4,5.2426467,6.9999995,1,1,1,1,1,1,1,-89.9996948,29.9999642,1028.7866974,0,0.7071068,0,0.7071068;
custom,cuboid,transparent0.4,5.2426467,6.9999995,1,1,1,1,1,1,1,-150,29.9999452,1028.7866974,0,0.7071068,0,0.7071068;
custom,cuboid,transparent0.4,5.2426467,6.9999995,1,1,1,1,1,1,1,-30.0003052,29.9999452,1028.7866974,0,0.7071068,0,0.7071068;
custom,cuboid,transparent0.4,5.2426467,6.9999995,1,1,1,1,1,1,1,30,30.0000024,1028.7867737,0,0.7071068,0,0.7071068;
custom,cuboid,metal4,30,1,30,1,1,1,1,1.5,1.5,-3060,60,180.0001526,0,0.7071068,0,0.7071068;
custom,cuboid,metal4,6,1,6,1,1,1,1,0.3,0.3,0,60,0,0,0.7071068,0,0.7071068;
custom,cuboid,metal4,30,1,6,1,1,1,1,1.5,0.3,0,60,180,0,0.7071068,0,0.7071068;
custom,cuboid,metal4,6,1,18,1,1,1,1,0.3,0.9,-120,60,360,0,0.7071068,0,0.7071068;
custom,cuboid,metal4,30,1,6,1,1,1,1,1.5,0.3,-240,60,180,0,0.7071068,0,0.7071068;
custom,cuboid,metal4,6,1,6,1,1,1,1,0.3,0.3,-180,60,0,0,0.7071068,0,0.7071068;
custom,cuboid,metal4,30,1,6,1,1,1,1,1.5,0.3,-120,60,-180,0,0.7071068,0,0.7071068;
custom,cuboid,metal4,6,1,24,1,1,1,1,0.3,1.2,-270,60,-360,0,0.7071068,0,0.7071068;
custom,cuboid,metal4,30,1,6,1,1,1,1,1.5,0.3,-420,60,-180,0,0.7071068,0,0.7071068;
custom,cuboid,metal4,30.0000019,1,6,1,1,1,1,1.5000001,0.3,-120,166.0660172,943.934021,0.2705981,0.6532815,0.2705981,0.6532815;
custom,cuboid,metal4,6,1,6,1,1,1,1,0.3,0.3,-420,60,0,0,0.7071068,0,0.7071068;
custom,cuboid,metal4,30,1,6,1,1,1,1,1.5,0.3,-420,60,180,0,0.7071068,0,0.7071068;
custom,cuboid,metal4,6,1,6,1,1,1,1,0.3,0.3,-240,60,360,0,0.7071068,0,0.7071068;
custom,cuboid,metal4,6,1,6,1,1,1,1,0.3,0.3,0,60,360,0,0.7071068,0,0.7071068;
custom,cuboid,metal4,6,1,6,1,1,1,1,0.3,0.3,-120,60,0,0,0.7071068,0,0.7071068;
custom,cuboid,metal4,6,1,6,1,1,1,1,0.3,0.3,-240,60,0,0,0.7071068,0,0.7071068;
custom,cuboid,metal4,6,1,6,1,1,1,1,0.3,0.3,-420,60,-360,0,0.7071068,0,0.7071068;
custom,cuboid,metal4,6,1,6,1,1,1,1,0.3,0.3,-120,60,-360,0,0.7071068,0,0.7071068;
custom,cuboid,metal4,6,1,6,1,1,1,1,0.3,0.3,-420,60,360,0,0.7071068,0,0.7071068;
custom,cuboid,metal4,30,1,6,1,1,1,1,1.5,0.3,-420,60,540,0,0.7071068,0,0.7071068;
custom,cuboid,metal4,6,1,36,1,1,1,1,0.3,1.8,-630,60,720,0,0.7071068,0,0.7071068;
custom,cuboid,metal4,30,1,6,1,1,1,1,1.5,0.3,-840,60,900,0,0.7071068,0,0.7071068;
custom,cuboid,metal4,6,1,12,1,1,1,1,0.3,0.6,-750,60,1080,0,0.7071068,0,0.7071068;
custom,cuboid,metal4,30,1,6,1,1,1,1,1.5,0.3,-660,60,1260,0,0.7071068,0,0.7071068;
custom,cuboid,metal4,6,1,12,1,1,1,1,0.3,0.6,-570,60,1440,0,0.7071068,0,0.7071068;
custom,cuboid,metal4,30,1,6,1,1,1,1,1.5,0.3,-480,60,1260,0,0.7071068,0,0.7071068;
custom,cuboid,metal4,6,1,6,1,1,1,1,0.3,0.3,-660,60,1440,0,0.7071068,0,0.7071068;
custom,cuboid,metal4,6,1,6,1,1,1,1,0.3,0.3,-480,60,1440,0,0.7071068,0,0.7071068;
custom,cuboid,metal4,6,1,6,1,1,1,1,0.3,0.3,-660,60,1080,0,0.7071068,0,0.7071068;
custom,cuboid,metal4,6,1,6,1,1,1,1,0.3,0.3,-840,60,1080,0,0.7071068,0,0.7071068;
custom,cuboid,metal4,6,1,6,1,1,1,1,0.3,0.3,-840,60,720,0,0.7071068,0,0.7071068;
custom,cuboid,metal4,6,1,6,1,1,1,1,0.3,0.3,-420,60,720,0,0.7071068,0,0.7071068;
custom,cuboid,metal4,6,1,6,1,1,1,1,0.3,0.3,-480,60,1080,0,0.7071068,0,0.7071068;
custom,cuboid,metal4,6,1,30,1,1,1,1,0.3,1.5,-300,60,1080,0,0.7071068,0,0.7071068;
custom,cuboid,metal4,6,1,6,1,1,1,1,0.3,0.3,-60,293.3452225,816.6548157,0.2705981,0.6532815,0.2705981,0.6532815;
custom,cuboid,metal4,30.0000019,1,6,1,1,1,1,1.5000001,0.3,0,166.0660172,943.934021,0.2705981,0.6532815,0.2705981,0.6532815;
custom,cuboid,metal4,6,1,6,1,1,1,1,0.3,0.3,60,60,1080,0,0.7071068,0,0.7071068;
custom,cuboid,metal4,30,1,6,1,1,1,1,1.5,0.3,120,60,900,0,0.7071068,0,0.7071068;
custom,cuboid,metal4,6,1,6,1,1,1,1,0.3,0.3,0,293.3452225,816.6548157,0.2705981,0.6532815,0.2705981,0.6532815;
custom,cuboid,metal4,6,1,6,1,1,1,1,0.3,0.3,120,60,720,0,0.7071068,0,0.7071068;
custom,cuboid,metal4,6,1,6,1,1,1,1,0.3,0.3,-120,60,1080,0,0.7071068,0,0.7071068;
custom,cuboid,metal4,6,1,6,1,1,1,1,0.3,0.3,0,60,1080,0,0.7071068,0,0.7071068;
custom,cuboid,metal4,6,1,6,1,1,1,1,0.3,0.3,120,60,1080,0,0.7071068,0,0.7071068;
custom,cuboid,metal4,6,1,6,1,1,1,1,0.3,0.3,-120,293.3452225,816.6548157,0.2705981,0.6532815,0.2705981,0.6532815;
custom,cuboid,metal4,30,1,6,1,1,1,1,1.5,0.3,180,60,540,0,0.7071068,0,0.7071068;
custom,cuboid,metal4,6,1,6,1,1,1,1,0.3,0.3,180,60,360,0,0.7071068,0,0.7071068;
custom,cuboid,metal4,30,1,6,1,1,1,1,1.5,0.3,240,60,180,0,0.7071068,0,0.7071068;
custom,cuboid,metal4,6,1,6,1,1,1,1,0.3,0.3,240,60,0,0,0.7071068,0,0.7071068;
custom,cuboid,metal4,30,1,6,1,1,1,1,1.5,0.3,180,60,-180,0,0.7071068,0,0.7071068;
custom,cuboid,metal4,6,1,6,1,1,1,1,0.3,0.3,180,60,-360,0,0.7071068,0,0.7071068;
custom,cuboid,metal4,6,1,6,1,1,1,1,0.3,0.3,180,60,720,0,0.7071068,0,0.7071068;
custom,cuboid,metal4,6,1,6,1,1,1,1,0.3,0.3,240,60,360,0,0.7071068,0,0.7071068;
custom,cuboid,metal4,6,1,6,1,1,1,1,0.3,0.3,180,60,0,0,0.7071068,0,0.7071068;
custom,cuboid,metal4,30,1,6,1,1,1,1,1.5,0.3,120,60,-540,0,0.7071068,0,0.7071068;
custom,cuboid,metal4,6,1,6,1,1,1,1,0.3,0.3,120,60,-720,0,0.7071068,0,0.7071068;
custom,cuboid,metal4,6,1,6,1,1,1,1,0.3,0.3,120,60,-360,0,0.7071068,0,0.7071068;
custom,cuboid,metal4,6,1,60,1,1,1,1,0.3,3,-210,60,-719.9998474,0,0.7071068,0,0.7071068;
custom,cuboid,metal4,30,1,6,1,1,1,1,1.5,0.3,-540,60,-539.9998474,0,0.7071068,0,0.7071068;
custom,cuboid,metal4,6,1,6,1,1,1,1,0.3,0.3,-540,60,-719.9998474,0,0.7071068,0,0.7071068;
custom,cuboid,metal4,6,1,6,1,1,1,1,0.3,0.3,-540,60,-359.9998474,0,0.7071068,0,0.7071068;
custom,cuboid,metal4,30,1,6,1,1,1,1,1.5,0.3,-540,60,-179.9998474,0,0.7071068,0,0.7071068;
custom,cuboid,metal4,6,1,6,1,1,1,1,0.3,0.3,-540,60,0.0001526,0,0.7071068,0,0.7071068;
custom,cuboid,metal4,30,1,6,1,1,1,1,1.5,0.3,-540,60,180.0001526,0,0.7071068,0,0.7071068;
custom,cuboid,metal4,6,1,12,1,1,1,1,0.3,0.6,-570,60,360.0001526,0,0.7071068,0,0.7071068;
custom,cuboid,metal4,6,1,12,1,1,1,1,0.3,0.6,-630,60,-359.9998474,0,0.7071068,0,0.7071068;
custom,cuboid,metal4,6,1,12,1,1,1,1,0.3,0.6,-690,60,360.0001526,0,0.7071068,0,0.7071068;
custom,cuboid,metal4,6,1,12,1,1,1,1,0.3,0.6,-750,60,-359.9998474,0,0.7071068,0,0.7071068;
custom,cuboid,metal4,6,1,12,1,1,1,1,0.3,0.6,-810,60,360.0001526,0,0.7071068,0,0.7071068;
custom,cuboid,metal4,30,1,6,1,1,1,1,1.5,0.3,-600,60,-179.9998474,0,0.7071068,0,0.7071068;
custom,cuboid,metal4,6,1,6,1,1,1,1,0.3,0.3,-600,60,0.0001526,0,0.7071068,0,0.7071068;
custom,cuboid,metal4,30,1,6,1,1,1,1,1.5,0.3,-600,60,180.0001526,0,0.7071068,0,0.7071068;
custom,cuboid,metal4,30,1,6,1,1,1,1,1.5,0.3,-720,60,-179.9998474,0,0.7071068,0,0.7071068;
custom,cuboid,metal4,6,1,6,1,1,1,1,0.3,0.3,-720,60,0.0001526,0,0.7071068,0,0.7071068;
custom,cuboid,metal4,30,1,6,1,1,1,1,1.5,0.3,-720,60,180.0001526,0,0.7071068,0,0.7071068;
custom,cuboid,metal4,30,1,6,1,1,1,1,1.5,0.3,-660,60,-179.9998474,0,0.7071068,0,0.7071068;
custom,cuboid,metal4,6,1,6,1,1,1,1,0.3,0.3,-660,60,0.0001526,0,0.7071068,0,0.7071068;
custom,cuboid,metal4,30,1,6,1,1,1,1,1.5,0.3,-660,60,180.0001526,0,0.7071068,0,0.7071068;
custom,cuboid,metal4,30,1,6,1,1,1,1,1.5,0.3,-840,60,-179.9998474,0,0.7071068,0,0.7071068;
custom,cuboid,metal4,6,1,6,1,1,1,1,0.3,0.3,-840,60,0.0001526,0,0.7071068,0,0.7071068;
custom,cuboid,metal4,30,1,6,1,1,1,1,1.5,0.3,-840,60,180.0001526,0,0.7071068,0,0.7071068;
custom,cuboid,metal4,30,1,6,1,1,1,1,1.5,0.3,-780,60,-179.9998474,0,0.7071068,0,0.7071068;
custom,cuboid,metal4,6,1,6,1,1,1,1,0.3,0.3,-780,60,0.0001526,0,0.7071068,0,0.7071068;
custom,cuboid,metal4,30,1,6,1,1,1,1,1.5,0.3,-780,60,180.0001526,0,0.7071068,0,0.7071068;
custom,cuboid,metal4,6,1,6,1,1,1,1,0.3,0.3,-840,60,-359.9998474,0,0.7071068,0,0.7071068;
custom,cuboid,metal4,30,1,6,1,1,1,1,1.5,0.3,-840,60,-539.9998474,0,0.7071068,0,0.7071068;
custom,cuboid,metal4,6,1,12,1,1,1,1,0.3,0.6,-750,60,-719.9998474,0,0.7071068,0,0.7071068;
custom,cuboid,metal4,30,1,6,1,1,1,1,1.5,0.3,-660,60,-899.9998474,0,0.7071068,0,0.7071068;
custom,cuboid,metal4,6,1,30,1,1,1,1,0.3,1.5,-840,60,-1079.9998474,0,0.7071068,0,0.7071068;
custom,cuboid,metal4,30,1,6,1,1,1,1,1.5,0.3,-1020,60,-899.9998474,0,0.7071068,0,0.7071068;
custom,cuboid,metal4,6,1,60,1,1,1,1,0.3,3,-1350,60,-719.9998474,0,0.7071068,0,0.7071068;
custom,cuboid,metal4,30,1,6,1,1,1,1,1.5,0.3,-1680,60,-539.9998474,0,0.7071068,0,0.7071068;
custom,cuboid,metal4,6,1,6,1,1,1,1,0.3,0.3,-1680,60,-359.9998474,0,0.7071068,0,0.7071068;
custom,cuboid,metal4,6,1,6,1,1,1,1,0.3,0.3,-1680,60,-719.9998474,0,0.7071068,0,0.7071068;
custom,cuboid,metal4,6,1,6,1,1,1,1,0.3,0.3,-1020,60,-719.9998474,0,0.7071068,0,0.7071068;
custom,cuboid,metal4,6,1,6,1,1,1,1,0.3,0.3,-840,60,-719.9998474,0,0.7071068,0,0.7071068;
custom,cuboid,metal4,6,1,6,1,1,1,1,0.3,0.3,-660,60,-719.9998474,0,0.7071068,0,0.7071068;
custom,cuboid,metal4,6,1,6,1,1,1,1,0.3,0.3,-660,60,-1079.9998474,0,0.7071068,0,0.7071068;
custom,cuboid,metal4,6,1,6,1,1,1,1,0.3,0.3,-1020,60,-1079.9998474,0,0.7071068,0,0.7071068;
custom,cuboid,metal4,30,1,6,1,1,1,1,1.5,0.3,-960,60,900.0001526,0,0.7071068,0,0.7071068;
custom,cuboid,metal4,6,1,18,1,1,1,1,0.3,0.9,-1080,60,1080.0001526,0,0.7071068,0,0.7071068;
custom,cuboid,metal4,30,1,6,1,1,1,1,1.5,0.3,-1200,60,1260.0001526,0,0.7071068,0,0.7071068;
custom,cuboid,metal4,6,1,30,1,1,1,1,0.3,1.5,-1380,60,1440.0001526,0,0.7071068,0,0.7071068;
custom,cuboid,metal4,30,1,6,1,1,1,1,1.5,0.3,-1560,60,1260.0001526,0,0.7071068,0,0.7071068;
custom,cuboid,metal4,6,1,6,1,1,1,1,0.3,0.3,-960,60,1080.0001526,0,0.7071068,0,0.7071068;
custom,cuboid,metal4,6,1,6,1,1,1,1,0.3,0.3,-960,60,720.0001526,0,0.7071068,0,0.7071068;
custom,cuboid,metal4,6,1,6,1,1,1,1,0.3,0.3,-1200,60,1080.0001526,0,0.7071068,0,0.7071068;
custom,cuboid,metal4,6,1,6,1,1,1,1,0.3,0.3,-1200,60,1440.0001526,0,0.7071068,0,0.7071068;
custom,cuboid,metal4,6,1,6,1,1,1,1,0.3,0.3,-1560,60,1440.0001526,0,0.7071068,0,0.7071068;
custom,cuboid,metal4,6,1,6,1,1,1,1,0.3,0.3,-1560,60,1080.0001526,0,0.7071068,0,0.7071068;
custom,cuboid,metal4,6.0000005,1,6,1,1,1,1,0.3,0.3,-1560,145.4102898,731.2446594,0.092296,0.7010574,0.092296,0.7010574;
custom,cuboid,metal4,6.0000005,1,6,1,1,1,1,0.3,0.3,-1559.9998474,318.1748581,416.4785767,0.1830127,0.6830127,0.1830127,0.6830127;
custom,cuboid,metal4,6,1,6,1,1,1,1,0.3,0.3,-1559.9998474,566.5201569,157.1526337,0.2705981,0.6532815,0.2705981,0.6532815;
custom,cuboid,metal4,6,1,6,1,1,1,1,0.3,0.3,-1679.9998474,566.5201569,157.1526337,0.2705981,0.6532815,0.2705981,0.6532815;
custom,cuboid,metal4,6,1,6,1,1,1,1,0.3,0.3,-1619.9998474,566.5201569,157.1526337,0.2705981,0.6532815,0.2705981,0.6532815;
custom,cuboid,metal4,6,1,6,1,1,1,1,0.3,0.3,-1680,60,1080.0001526,0,0.7071068,0,0.7071068;
custom,cuboid,metal4,6.0000005,1,6,1,1,1,1,0.3,0.3,-1680,145.4102898,731.2446594,0.092296,0.7010574,0.092296,0.7010574;
custom,cuboid,metal4,6.0000005,1,6,1,1,1,1,0.3,0.3,-1679.9998474,318.1748581,416.4785767,0.1830127,0.6830127,0.1830127,0.6830127;
custom,cuboid,metal4,6,1,6,1,1,1,1,0.3,0.3,-1740,60,1080.0001526,0,0.7071068,0,0.7071068;
custom,cuboid,metal4,6,1,6,1,1,1,1,0.3,0.3,-1800,60,1080.0001526,0,0.7071068,0,0.7071068;
custom,cuboid,metal4,6.0000005,1,6.0000029,1,1,1,1,0.3,0.3000001,-1920.0001526,-258.174839,56.4785099,0.6830127,-0.1830127,-0.6830127,0.1830128;
custom,cuboid,metal4,6,1,6,1,1,1,1,0.3,0.3,-1800,60,720.0001526,0,0.7071068,0,0.7071068;
custom,cuboid,metal4,6.0000005,1,6.000001,1,1,1,1,0.3,0.3,-1920.0001526,-85.4102993,371.2446594,0.7010574,-0.0922959,-0.7010574,0.092296;
custom,cuboid,metal4,6,1,5.9999995,1,1,1,1,0.3,0.3,-1919.9998474,-506.5200806,-202.8474808,0.6532815,-0.270598,-0.6532815,0.2705981;
custom,cuboid,metal4,6,1,5.9999995,1,1,1,1,0.3,0.3,-1799.9998474,-506.5200806,-202.8474808,0.6532815,-0.270598,-0.6532815,0.2705981;
custom,cuboid,metal4,6,1,5.9999995,1,1,1,1,0.3,0.3,-1859.9998474,-506.5200806,-202.8474808,0.6532815,-0.270598,-0.6532815,0.2705981;
custom,cuboid,metal4,6,1,6,1,1,1,1,0.3,0.3,-1920,60,720.0001526,0,0.7071068,0,0.7071068;
custom,cuboid,metal4,6.0000005,1,6.000001,1,1,1,1,0.3,0.3,-1800.0001526,-85.4102612,371.2446594,0.7010574,-0.0922959,-0.7010574,0.092296;
custom,cuboid,metal4,6.0000005,1,6.0000029,1,1,1,1,0.3,0.3000001,-1800.0001526,-258.174839,56.4785099,0.6830127,-0.1830127,-0.6830127,0.1830128;
custom,cuboid,metal4,6,1,6,1,1,1,1,0.3,0.3,-1980,60,720.0001526,0,0.7071068,0,0.7071068;
custom,cuboid,metal4,6,1,6,1,1,1,1,0.3,0.3,-2040,60,720.0001526,0,0.7071068,0,0.7071068;
custom,cuboid,metal4,6,1,6,1,1,1,1,0.3,0.3,-2040,60,-359.9998474,0,0.7071068,0,0.7071068;
custom,cuboid,metal4,6,1,6,1,1,1,1,0.3,0.3,-2040,60,360.0001526,0,0.7071068,0,0.7071068;
custom,cuboid,metal4,6,1,6,1,1,1,1,0.3,0.3,-2040,60,0.0001526,0,0.7071068,0,0.7071068;
custom,cuboid,metal4,6,1,12,1,1,1,1,0.3,0.6,-2070,60,-719.9998474,0,0.7071068,0,0.7071068;
custom,cuboid,metal4,6,1,12,1,1,1,1,0.3,0.6,-2130,60,-359.9998474,0,0.7071068,0,0.7071068;
custom,cuboid,metal4,6,1,6,1,1,1,1,0.3,0.3,-2160,60,-719.9998474,0,0.7071068,0,0.7071068;
custom,cuboid,metal4,6,1,30,1,1,1,1,0.3,1.5,-2340,60,-719.9998474,0,0.7071068,0,0.7071068;
custom,cuboid,metal4,30,1,6,1,1,1,1,1.5,0.3,-2520,60,-899.9998474,0,0.7071068,0,0.7071068;
custom,cuboid,metal4,6,1,30,1,1,1,1,0.3,1.5,-2700,60,-1079.9998474,0,0.7071068,0,0.7071068;
custom,cuboid,metal4,30,1,6,1,1,1,1,1.5,0.3,-2880,60,-899.9998474,0,0.7071068,0,0.7071068;
custom,cuboid,metal4,6,1,6,1,1,1,1,0.3,0.3,-2520,60,-719.9998474,0,0.7071068,0,0.7071068;
custom,cuboid,metal4,6,1,6,1,1,1,1,0.3,0.3,-2520,60,-1079.9998474,0,0.7071068,0,0.7071068;
custom,cuboid,metal4,6,1,6,1,1,1,1,0.3,0.3,-2880,60,-1079.9998474,0,0.7071068,0,0.7071068;
custom,cuboid,metal4,6,1,6,1,1,1,1,0.3,0.3,-2880,60,-719.9998474,0,0.7071068,0,0.7071068;
custom,cuboid,metal4,30,1,6,1,1,1,1,1.5,0.3,-2880,60,-539.9998474,0,0.7071068,0,0.7071068;
custom,cuboid,metal4,6,1,30,1,1,1,1,0.3,1.5,-2700,60,-359.9998474,0,0.7071068,0,0.7071068;
custom,cuboid,metal4,6,1,30,1,1,1,1,0.3,1.5,-2340,60,0.0001526,0,0.7071068,0,0.7071068;
custom,cuboid,metal4,6,1,30,1,1,1,1,0.3,1.5,-2340,60,360.0001526,0,0.7071068,0,0.7071068;
custom,cuboid,metal4,6,1,30,1,1,1,1,0.3,1.5,-2340,60,720.0001526,0,0.7071068,0,0.7071068;
custom,cuboid,metal4,6,1,6,1,1,1,1,0.3,0.3,-2160,60,720.0001526,0,0.7071068,0,0.7071068;
custom,cuboid,metal4,6,1,6,1,1,1,1,0.3,0.3,-2160,60,360.0001526,0,0.7071068,0,0.7071068;
custom,cuboid,metal4,6,1,6,1,1,1,1,0.3,0.3,-2160,60,0.0001526,0,0.7071068,0,0.7071068;
custom,cuboid,metal4,6,1,6,1,1,1,1,0.3,0.3,-2520,60,0.0001526,0,0.7071068,0,0.7071068;
custom,cuboid,metal4,6,1,6,1,1,1,1,0.3,0.3,-2520,60,-359.9998474,0,0.7071068,0,0.7071068;
custom,cuboid,metal4,6,1,6,1,1,1,1,0.3,0.3,-2880,60,-359.9998474,0,0.7071068,0,0.7071068;
custom,cuboid,metal4,6,1,6,1,1,1,1,0.3,0.3,-2520,60,360.0001526,0,0.7071068,0,0.7071068;
custom,cuboid,metal4,6,1,6,1,1,1,1,0.3,0.3,-2520,60,720.0001526,0,0.7071068,0,0.7071068;
custom,cuboid,metal4,6,1,6,1,1,1,1,0.3,0.3,-2160,60,1080.0001526,0,0.7071068,0,0.7071068;
custom,cuboid,metal4,6,1,30,1,1,1,1,0.3,1.5,-3060,60,0.0001526,0,0.7071068,0,0.7071068;
custom,cuboid,metal4,6,1,42,1,1,1,1,0.3,2.1,-2400,60,1080.0001526,0,0.7071068,0,0.7071068;
custom,cuboid,metal4,30,1,6,1,1,1,1,1.5,0.3,-2640,60,900.0001526,0,0.7071068,0,0.7071068;
custom,cuboid,metal4,6,1,6,1,1,1,1,0.3,0.3,-2640,60,1080.0001526,0,0.7071068,0,0.7071068;
custom,cuboid,metal4,6,1,6,1,1,1,1,0.3,0.3,-2640,60,720.0001526,0,0.7071068,0,0.7071068;
custom,cuboid,metal4,30,1,6,1,1,1,1,1.5,0.3,-2640,60,540.0001526,0,0.7071068,0,0.7071068;
custom,cuboid,metal4,30,1,6,1,1,1,1,1.5,0.3,-2640,60,180.0001526,0,0.7071068,0,0.7071068;
custom,cuboid,metal4,6,1,6,1,1,1,1,0.3,0.3,-2640,60,360.0001526,0,0.7071068,0,0.7071068;
custom,cuboid,metal4,6,1,6,1,1,1,1,0.3,0.3,-2640,60,0.0001526,0,0.7071068,0,0.7071068;
custom,cuboid,metal4,6,1,18,1,1,1,1,0.3,0.9,-2760,60,0.0001526,0,0.7071068,0,0.7071068;
custom,cuboid,metal4,6,1,6,1,1,1,1,0.3,0.3,-2880,60,0.0001526,0,0.7071068,0,0.7071068;
custom,cuboid,metal4,6,1,30,1,1,1,1,0.3,1.5,-3060,60,360.0001526,0,0.7071068,0,0.7071068;
custom,cuboid,metal4,30,1,30,1,1,1,1,1.5,1.5,-3060,60,540.0001526,0,0.7071068,0,0.7071068;
custom,cuboid,metal4,6,1,6,1,1,1,1,0.3,0.3,-2760,60,720.0001526,0,0.7071068,0,0.7071068;
custom,cuboid,metal4,30,1,6,1,1,1,1,1.5,0.3,-2760,60,900.0001526,0,0.7071068,0,0.7071068;
custom,cuboid,metal4,6,1,42,1,1,1,1,0.3,2.1,-3000,60,720.0001526,0,0.7071068,0,0.7071068;
custom,cuboid,metal4,6,1,6,1,1,1,1,0.3,0.3,-2760,60,1080.0001526,0,0.7071068,0,0.7071068;
custom,cuboid,metal4,6,1,60,1,1,1,1,0.3,3,-3090,60,1080.0001526,0,0.7071068,0,0.7071068;
custom,cuboid,metal4,6,1,6,1,1,1,1,0.3,0.3,-3420,60,1080.0001526,0,0.7071068,0,0.7071068;
custom,cuboid,metal4,6,1,6,1,1,1,1,0.3,0.3,-3420,60,720.0001526,0,0.7071068,0,0.7071068;
custom,cuboid,metal4,6,1,6,1,1,1,1,0.3,0.3,-3420,60,360.0001526,0,0.7071068,0,0.7071068;
custom,cuboid,metal4,6,1,6,1,1,1,1,0.3,0.3,-3420,60,0.0001526,0,0.7071068,0,0.7071068;
custom,cuboid,metal4,6,1,60,1,1,1,1,0.3,3,-3750,60,0.0001526,0,0.7071068,0,0.7071068;
racing,killcuboid,31,6.9999995,1,89.9996948,29.9999976,900,0,0.7071068,0,0.7071068;
racing,killcuboid,7.0000014,6.9999995,1,89.9996948,29.9999976,720,0,0.7071068,0,0.7071068;
racing,killcuboid,1,6.9999995,7.0000229,119.9996948,29.9999976,690,0,0.7071068,0,0.7071068;
racing,killcuboid,31,6.9999995,1,150,29.9999976,540.0000381,0,0.7071068,0,0.7071068;
racing,killcuboid,7.0000014,6.9999995,1,150,29.9999976,360,0,0.7071068,0,0.7071068;
racing,killcuboid,1,6.9999995,7.0000229,180,29.9999976,330,0,0.7071068,0,0.7071068;
racing,killcuboid,31,6.9999995,1,210,29.9999976,180,0,0.7071068,0,0.7071068;
racing,killcuboid,31,6.9999995,1,150,29.9999976,-180,0,0.7071068,0,0.7071068;
racing,killcuboid,7.0000014,6.9999995,1,150,29.9999976,-0.0000191,0,0.7071068,0,0.7071068;
racing,killcuboid,1,6.9999995,7.0000229,180,29.9999976,29.9999905,0,0.7071068,0,0.7071068;
racing,killcuboid,31,6.9999995,1,89.9996948,29.9999976,-540,0,0.7071068,0,0.7071068;
racing,killcuboid,7.0000014,6.9999995,1,89.9996948,29.9999976,-360.0000381,0,0.7071068,0,0.7071068;
racing,killcuboid,1,6.9999995,7.0000229,119.9996948,29.9999976,-330.0000381,0,0.7071068,0,0.7071068;
racing,killcuboid,1,6.9999995,31,-1500.0001526,29.9999976,-329.9998856,0,0.7071068,0,0.7071068;
racing,killcuboid,1,6.9999995,31,-1500.0001526,29.9999976,-389.9999237,0,0.7071068,0,0.7071068;
racing,killcuboid,31,6.9999995,1,-1350,29.9999976,-179.9998856,0,0.7071068,0,0.7071068;
racing,killcuboid,31,6.9999995,1,-1290.0001526,29.9999976,-179.9998856,0,0.7071068,0,0.7071068;
racing,killcuboid,1,6.9999995,31,-1140.0001526,29.9999976,30.0001335,0,0.7071068,0,0.7071068;
racing,killcuboid,1,6.9999995,31,-1140.0001526,29.9999976,-29.9998856,0,0.7071068,0,0.7071068;
racing,killcuboid,31,6.9999995,1,-990.0001526,29.9999976,180.0001335,0,0.7071068,0,0.7071068;
racing,killcuboid,31,6.9999995,1,-930.0001526,29.9999976,180.0001335,0,0.7071068,0,0.7071068;
racing,killcuboid,1,6.9999995,31,-1140.0001526,29.9999976,390.0001526,0,0.7071068,0,0.7071068;
racing,killcuboid,1,6.9999995,31,-1140.0001526,29.9999976,330.0001526,0,0.7071068,0,0.7071068;
racing,killcuboid,1,6.9999995,6.9999943,-960.0001526,29.9999976,390.0001526,0,0.7071068,0,0.7071068;
racing,killcuboid,7.0000014,6.9999995,1,-930.0001526,29.9999976,360.0001526,0,0.7071068,0,0.7071068;
racing,killcuboid,1,6.9999995,6.9999943,-960.0001526,29.9999976,-29.9998665,0,0.7071068,0,0.7071068;
racing,killcuboid,7.0000014,6.9999995,1,-930.0001526,29.9999976,0.0001526,0,0.7071068,0,0.7071068;
racing,killcuboid,7.0000014,6.9999995,1,-1350,29.9999976,0.0001144,0,0.7071068,0,0.7071068;
racing,killcuboid,1,6.9999995,6.9999943,-1320.0001526,29.9999976,30.0001144,0,0.7071068,0,0.7071068;
racing,killcuboid,1,6.9999995,6.9999943,-1320.0001526,29.9999976,-389.9999237,0,0.7071068,0,0.7071068;
racing,killcuboid,7.0000014,6.9999995,1,-1290.0001526,29.9999976,-359.9999237,0,0.7071068,0,0.7071068;
racing,killcuboid,7.0000014,6.9999995,1,-1350,29.9999976,360.0001526,0,0.7071068,0,0.7071068;
racing,killcuboid,1,6.9999995,6.9999943,-1320.0001526,29.9999976,330.0001526,0,0.7071068,0,0.7071068;
racing,killcuboid,31,6.9999995,1,-1350,29.9999976,540.0001526,0,0.7071068,0,0.7071068;
racing,killcuboid,31,6.9999995,1,-1290.0001526,29.9999976,540.0001526,0,0.7071068,0,0.7071068;
racing,killcuboid,7.0000014,6.9999995,1,-1350,29.9999976,720.0001526,0,0.7071068,0,0.7071068;
racing,killcuboid,1,6.9999995,6.9999943,-1320.0001526,29.9999976,750.0001526,0,0.7071068,0,0.7071068;
racing,killcuboid,1,6.9999995,31,-1140.0001526,29.9999976,750.0001526,0,0.7071068,0,0.7071068;
racing,killcuboid,1,6.9999995,31,-1140.0001526,29.9999976,690.0001526,0,0.7071068,0,0.7071068;
racing,killcuboid,31.0000076,6.9999995,1,-1590.0001526,29.9999976,1260.0003052,0,0.7071068,0,0.7071068;
racing,killcuboid,31.0000076,6.9999995,1,-1530.0001526,29.9999976,1260.0003052,0,0.7071068,0,0.7071068;
racing,killcuboid,30.9999981,6.9999995,1,-1590.0001526,69.8450804,897.3467255,0.092296,0.7010574,0.092296,0.7010574;
racing,killcuboid,30.9999981,6.9999995,1,-1530.0001526,69.8450804,897.3467255,0.092296,0.7010574,0.092296,0.7010574;
racing,killcuboid,6.9999943,6.9999995,1,-1590.0001526,29.9999976,1080.0001526,0,0.7071068,0,0.7071068;
racing,killcuboid,6.9999943,6.9999995,1,-1530.0001526,29.9999976,1080.0001526,0,0.7071068,0,0.7071068;
racing,killcuboid,31.0000019,7,1,-1590,202.1940994,557.3631287,0.1830127,0.6830127,0.1830127,0.6830127;
racing,killcuboid,31.0000019,7,1,-1530,202.1940994,557.3631287,0.1830127,0.6830127,0.1830127,0.6830127;
racing,killcuboid,7.000001,6.9999995,1,-1590.0001526,116.4325142,723.480072,0.092296,0.7010574,0.092296,0.7010574;
racing,killcuboid,7.000001,6.9999995,1,-1530.0001526,116.4325142,723.480072,0.092296,0.7010574,0.092296,0.7010574;
racing,killcuboid,31.0000019,7,1,-1590,418.0276489,263.2186127,0.2705981,0.6532815,0.2705981,0.6532815;
racing,killcuboid,31.0000019,7,1,-1530,418.0276489,263.2186127,0.2705981,0.6532815,0.2705981,0.6532815;
racing,killcuboid,7.0000019,7,1,-1590,292.1940994,401.4785767,0.1830127,0.6830127,0.1830127,0.6830127;
racing,killcuboid,7.0000019,7,1,-1530,292.1940994,401.4785767,0.1830127,0.6830127,0.1830127,0.6830127;
racing,killcuboid,1,7,6.9999943,-1560,566.5201569,114.7262001,0.2705981,0.6532815,0.2705981,0.6532815;
racing,killcuboid,7.0000019,7,1,-1530,545.3069305,135.9393692,0.2705981,0.6532815,0.2705981,0.6532815;
racing,killcuboid,7.0000019,7,1,-1710,545.3069305,135.9393692,0.2705981,0.6532815,0.2705981,0.6532815;
racing,killcuboid,1,7,6.9999943,-1680,566.5201569,114.7262001,0.2705981,0.6532815,0.2705981,0.6532815;
racing,killcuboid,1,7,6.9999943,-1620,524.0937042,157.1525955,0.2705981,0.6532815,0.2705981,0.6532815;
racing,killcuboid,1,7,6.9999943,-1620,566.5201569,114.7262001,0.2705981,0.6532815,0.2705981,0.6532815;
racing,killcuboid,30.9999981,6.9999995,1,-1710.0001526,69.8450804,897.3467255,0.092296,0.7010574,0.092296,0.7010574;
racing,killcuboid,30.9999981,6.9999995,1,-1650.0001526,69.8450804,897.3467255,0.092296,0.7010574,0.092296,0.7010574;
racing,killcuboid,1,6.9999995,6.9999943,-1680.0001526,29.9999976,1110.0001526,0,0.7071068,0,0.7071068;
racing,killcuboid,6.9999943,6.9999995,1,-1650.0001526,29.9999976,1080.0001526,0,0.7071068,0,0.7071068;
racing,killcuboid,31.0000019,7,1,-1710,202.1940994,557.3631287,0.1830127,0.6830127,0.1830127,0.6830127;
racing,killcuboid,31.0000019,7,1,-1650,202.1940994,557.3631287,0.1830127,0.6830127,0.1830127,0.6830127;
racing,killcuboid,7.000001,6.9999995,1,-1710.0001526,116.4325142,723.480072,0.092296,0.7010574,0.092296,0.7010574;
racing,killcuboid,7.000001,6.9999995,1,-1650.0001526,116.4325142,723.480072,0.092296,0.7010574,0.092296,0.7010574;
racing,killcuboid,31.0000019,7,1,-1710,418.0276489,263.2186127,0.2705981,0.6532815,0.2705981,0.6532815;
racing,killcuboid,31.0000019,7,1,-1650,418.0276489,263.2186127,0.2705981,0.6532815,0.2705981,0.6532815;
racing,killcuboid,7.0000019,7,1,-1710,292.1940994,401.4785767,0.1830127,0.6830127,0.1830127,0.6830127;
racing,killcuboid,7.0000019,7,1,-1650,292.1940994,401.4785767,0.1830127,0.6830127,0.1830127,0.6830127;
racing,killcuboid,1,6.9999995,6.9999943,-1740.0001526,29.9999976,1110.0001526,0,0.7071068,0,0.7071068;
racing,killcuboid,1,6.9999995,6.9999943,-1740.0001526,29.9999976,1050.0001526,0,0.7071068,0,0.7071068;
racing,killcuboid,6.9999943,6.9999995,1,-1830.0001526,29.9999976,1080.0001526,0,0.7071068,0,0.7071068;
racing,killcuboid,1,6.9999995,6.9999943,-1800.0003052,29.9999976,1110.0001526,0,0.7071068,0,0.7071068;
racing,killcuboid,7.0000019,7.0000024,1,-1890,-232.1940804,41.4785194,0.6830127,-0.1830127,-0.6830127,0.1830128;
racing,killcuboid,7.0000019,7.0000024,1,-1949.9998474,-232.1940804,41.4785194,0.6830127,-0.1830127,-0.6830127,0.1830128;
racing,killcuboid,31,6.9999995,1,-1830.0001526,29.9999976,900.0001526,0,0.7071068,0,0.7071068;
racing,killcuboid,31,6.9999995,1,-1770.0003052,29.9999976,900.0001526,0,0.7071068,0,0.7071068;
racing,killcuboid,30.9999981,7.0000005,1,-1890,-9.8450756,537.3467255,0.7010574,-0.0922959,-0.7010574,0.092296;
racing,killcuboid,30.9999981,7.0000005,1,-1949.9998474,-9.8450756,537.3467255,0.7010574,-0.0922959,-0.7010574,0.092296;
racing,killcuboid,7.0000014,6.9999995,1,-1830.0001526,29.9999976,720.0001526,0,0.7071068,0,0.7071068;
racing,killcuboid,7.0000014,6.9999995,1,-1770.0003052,29.9999976,720.0001526,0,0.7071068,0,0.7071068;
racing,killcuboid,31.0000019,7.0000024,1,-1890,-142.194109,197.3631096,0.6830127,-0.1830127,-0.6830127,0.1830128;
racing,killcuboid,31.0000019,7.0000024,1,-1949.9998474,-142.194109,197.3631096,0.6830127,-0.1830127,-0.6830127,0.1830128;
racing,killcuboid,7.000001,7.0000005,1,-1890,-56.4324856,363.4801102,0.7010574,-0.0922959,-0.7010574,0.092296;
racing,killcuboid,7.000001,7.0000005,1,-1949.9998474,-56.4324856,363.4801102,0.7010574,-0.0922959,-0.7010574,0.092296;
racing,killcuboid,1,6.999999,6.9999938,-1919.9995422,-506.5201569,-245.2739716,0.6532815,-0.270598,-0.6532815,0.2705981;
racing,killcuboid,7.0000019,6.999999,1,-1949.9995422,-485.3069305,-224.0607834,0.6532815,-0.270598,-0.6532815,0.2705981;
racing,killcuboid,31.0000019,6.999999,1,-1889.9996948,-358.0276489,-96.7814541,0.6532815,-0.270598,-0.6532815,0.2705981;
racing,killcuboid,31.0000019,6.999999,1,-1949.9995422,-358.0276489,-96.7814541,0.6532815,-0.270598,-0.6532815,0.2705981;
racing,killcuboid,7.0000019,6.999999,1,-1769.9995422,-485.3069305,-224.0607834,0.6532815,-0.270598,-0.6532815,0.2705981;
racing,killcuboid,1,6.999999,6.9999938,-1799.9995422,-506.5201569,-245.2739716,0.6532815,-0.270598,-0.6532815,0.2705981;
racing,killcuboid,1,6.999999,6.9999938,-1859.9996948,-464.0937042,-202.8475571,0.6532815,-0.270598,-0.6532815,0.2705981;
racing,killcuboid,1,6.999999,6.9999938,-1859.9996948,-506.5201569,-245.2739716,0.6532815,-0.270598,-0.6532815,0.2705981;
racing,killcuboid,30.9999981,7.0000005,1,-1769.9998474,-9.8450756,537.3467255,0.7010574,-0.0922959,-0.7010574,0.092296;
racing,killcuboid,30.9999981,7.0000005,1,-1829.9998474,-9.8450756,537.3467255,0.7010574,-0.0922959,-0.7010574,0.092296;
racing,killcuboid,1,6.9999995,6.9999943,-1920.0003052,29.9999976,750.0001526,0,0.7071068,0,0.7071068;
racing,killcuboid,7.0000014,6.9999995,1,-1890.0003052,29.9999976,720.0001526,0,0.7071068,0,0.7071068;
racing,killcuboid,31.0000019,7.0000024,1,-1769.9998474,-142.194109,197.3631096,0.6830127,-0.1830127,-0.6830127,0.1830128;
racing,killcuboid,31.0000019,7.0000024,1,-1829.9998474,-142.194109,197.3631096,0.6830127,-0.1830127,-0.6830127,0.1830128;
racing,killcuboid,7.000001,7.0000005,1,-1769.9998474,-56.4324856,363.4801102,0.7010574,-0.0922959,-0.7010574,0.092296;
racing,killcuboid,7.000001,7.0000005,1,-1829.9998474,-56.4324856,363.4801102,0.7010574,-0.0922959,-0.7010574,0.092296;
racing,killcuboid,31.0000019,6.999999,1,-1769.9995422,-358.0276489,-96.7814541,0.6532815,-0.270598,-0.6532815,0.2705981;
racing,killcuboid,31.0000019,6.999999,1,-1829.9995422,-358.0276489,-96.7814541,0.6532815,-0.270598,-0.6532815,0.2705981;
racing,killcuboid,7.0000019,7.0000024,1,-1769.9998474,-232.1940804,41.4785194,0.6830127,-0.1830127,-0.6830127,0.1830128;
racing,killcuboid,7.0000019,7.0000024,1,-1829.9998474,-232.1940804,41.4785194,0.6830127,-0.1830127,-0.6830127,0.1830128;
racing,killcuboid,1,6.9999995,6.9999943,-1980.0001526,29.9999976,750.0001526,0,0.7071068,0,0.7071068;
racing,killcuboid,1,6.9999995,6.9999943,-1980.0001526,29.9999976,690.0001526,0,0.7071068,0,0.7071068;
racing,killcuboid,7.0000014,6.9999995,1,-2070,29.9999976,720.0001526,0,0.7071068,0,0.7071068;
racing,killcuboid,1,6.9999995,6.9999943,-2040.0001526,29.9999976,750.0001526,0,0.7071068,0,0.7071068;
racing,killcuboid,7.0000014,6.9999995,1,-2070,29.9999976,-359.9999237,0,0.7071068,0,0.7071068;
racing,killcuboid,7.0000014,6.9999995,1,-2010.0001526,29.9999976,-359.9999237,0,0.7071068,0,0.7071068;
racing,killcuboid,31,6.9999995,1,-2070,29.9999976,540.0001526,0,0.7071068,0,0.7071068;
racing,killcuboid,31,6.9999995,1,-2010.0001526,29.9999976,540.0001526,0,0.7071068,0,0.7071068;
racing,killcuboid,31,6.9999995,1,-2070,29.9999976,180.0001526,0,0.7071068,0,0.7071068;
racing,killcuboid,31,6.9999995,1,-2010.0001526,29.9999976,180.0001526,0,0.7071068,0,0.7071068;
racing,killcuboid,7.0000014,6.9999995,1,-2070,29.9999976,360.0001526,0,0.7071068,0,0.7071068;
racing,killcuboid,7.0000014,6.9999995,1,-2010.0001526,29.9999976,360.0001526,0,0.7071068,0,0.7071068;
racing,killcuboid,31,6.9999995,1,-2070,29.9999976,-179.9998474,0,0.7071068,0,0.7071068;
racing,killcuboid,31,6.9999995,1,-2010.0001526,29.9999976,-179.9998474,0,0.7071068,0,0.7071068;
racing,killcuboid,7.0000014,6.9999995,1,-2070,29.9999976,0.0001526,0,0.7071068,0,0.7071068;
racing,killcuboid,7.0000014,6.9999995,1,-2010.0001526,29.9999976,0.0001526,0,0.7071068,0,0.7071068;
racing,killcuboid,31,6.9999995,1,-2070,29.9999976,-539.9998474,0,0.7071068,0,0.7071068;
racing,killcuboid,31,6.9999995,1,-2010.0001526,29.9999976,-539.9998474,0,0.7071068,0,0.7071068;
racing,killcuboid,31,6.9999995,1,-2130.0001526,29.9999976,-539.9998474,0,0.7071068,0,0.7071068;
racing,killcuboid,6.9999943,6.9999995,1,-2130.0003052,29.9999976,-719.9999237,0,0.7071068,0,0.7071068;
racing,killcuboid,1,6.9999995,13.0000029,-2070.0003052,29.9999976,-749.9999237,0,0.7071068,0,0.7071068;
racing,killcuboid,6.9999943,6.9999995,1,-2010.0003052,29.9999976,-719.9999237,0,0.7071068,0,0.7071068;
racing,killcuboid,7.0000014,6.9999995,1,-2190.0001526,29.9999976,-359.9999237,0,0.7071068,0,0.7071068;
racing,killcuboid,31,6.9999995,1,-2190.0001526,29.9999976,-539.9998474,0,0.7071068,0,0.7071068;
racing,killcuboid,1,6.9999995,6.9999943,-2160.0001526,29.9999976,-749.9999237,0,0.7071068,0,0.7071068;
racing,killcuboid,31,6.9999995,1,-3450.0003052,29.9999976,900.0001526,0,0.7071068,0,0.7071068;
racing,killcuboid,31,6.9999995,1,-3390.0003052,29.9999976,900.0001526,0,0.7071068,0,0.7071068;
racing,killcuboid,7.0000014,6.9999995,1,-3450.0003052,29.9999976,720.0001526,0,0.7071068,0,0.7071068;
racing,killcuboid,7.0000014,6.9999995,1,-3390.0003052,29.9999976,720.0001526,0,0.7071068,0,0.7071068;
racing,killcuboid,31,6.9999995,1,-3450.0003052,29.9999976,540.0001526,0,0.7071068,0,0.7071068;
racing,killcuboid,31,6.9999995,1,-3390.0003052,29.9999976,540.0001526,0,0.7071068,0,0.7071068;
racing,killcuboid,31,6.9999995,1,-3450.0003052,29.9999976,180.0001526,0,0.7071068,0,0.7071068;
racing,killcuboid,31,6.9999995,1,-3390.0003052,29.9999976,180.0001526,0,0.7071068,0,0.7071068;
racing,killcuboid,7.0000014,6.9999995,1,-3450.0003052,29.9999976,360.0001526,0,0.7071068,0,0.7071068;
racing,killcuboid,7.0000014,6.9999995,1,-3390.0003052,29.9999976,360.0001526,0,0.7071068,0,0.7071068;
racing,killcuboid,1,6.9999995,7.0000014,-3420.0003052,29.9999976,-29.9998665,0,0.7071068,0,0.7071068;
racing,killcuboid,7.0000014,6.9999995,1,-3390.0003052,29.9999976,0.0001526,0,0.7071068,0,0.7071068;
racing,killcuboid,1,6.9999995,61,-3750.0003052,29.9999976,-29.9998665,0,0.7071068,0,0.7071068;
racing,killcuboid,1,6.9999995,61,-3750.0003052,29.9999976,30.0001526,0,0.7071068,0,0.7071068;
racing,killcuboid,1,6.9999995,13.0000029,-2130.0001526,29.9999976,-329.9998856,0,0.7071068,0,0.7071068;
racing,killcuboid,2.5529101,6.9999995,1,-1530.0001526,29.9999976,1042.2356415,0,0.7071068,0,0.7071068;
racing,killcuboid,2.5529101,6.9999995,1,-1590,29.9999976,1042.2355652,0,0.7071068,0,0.7071068;
racing,killcuboid,2.5529101,6.9999995,1,-1710.0001526,29.9999976,1042.2355652,0,0.7071068,0,0.7071068;
racing,killcuboid,2.5529101,6.9999995,1,-1650.0001526,29.9999976,1042.2355652,0,0.7071068,0,0.7071068;
racing,killcuboid,2.5529101,6.9999995,1,-1830.0001526,29.9999976,682.2355652,0,0.7071068,0,0.7071068;
racing,killcuboid,2.5529101,6.9999995,1,-1770.0003052,29.9999976,682.2355652,0,0.7071068,0,0.7071068;
racing,killcuboid,2.5529101,6.9999995,1,-1890.0003052,29.9999976,682.2355652,0,0.7071068,0,0.7071068;
racing,killcuboid,2.5529101,6.9999995,1,-1950.0001526,29.9999976,682.2355652,0,0.7071068,0,0.7071068;
racing,killcuboid,2.5529101,6.9999995,1,-1769.9998474,-66.2066746,327.0023346,-0.092296,0.7010574,-0.092296,0.7010574;
racing,killcuboid,2.5529101,6.9999995,1,-1829.9996948,-66.2066746,327.0023346,-0.092296,0.7010574,-0.092296,0.7010574;
racing,killcuboid,2.5529101,6.9999995,1,-1890,-66.2066746,327.0023346,-0.092296,0.7010574,-0.092296,0.7010574;
racing,killcuboid,2.5529101,6.9999995,1,-1949.9998474,-66.2066746,327.0023346,-0.092296,0.7010574,-0.092296,0.7010574;
racing,killcuboid,2.5529101,7,1,-1769.9998474,-251.076355,8.773452,-0.1830127,0.6830127,-0.1830127,0.6830127;
racing,killcuboid,2.5529101,7,1,-1829.9996948,-251.076355,8.773452,-0.1830127,0.6830127,-0.1830127,0.6830127;
racing,killcuboid,2.5529101,7,1,-1890,-251.076355,8.773452,-0.1830127,0.6830127,-0.1830127,0.6830127;
racing,killcuboid,2.5529101,7,1,-1949.9998474,-251.076355,8.773452,-0.1830127,0.6830127,-0.1830127,0.6830127;
racing,killcuboid,2.5529101,6.9999995,1,-1530.0001526,126.2067032,687.0022583,0.0922959,0.7010574,0.0922959,0.7010574;
racing,killcuboid,2.5529101,6.9999995,1,-1590,126.2067032,687.0022583,0.0922959,0.7010574,0.0922959,0.7010574;
racing,killcuboid,2.5529101,6.9999995,1,-1650.0003052,126.2067032,687.0022583,0.0922959,0.7010574,0.0922959,0.7010574;
racing,killcuboid,2.5529101,6.9999995,1,-1710.0001526,126.2067032,687.0022583,0.0922959,0.7010574,0.0922959,0.7010574;
racing,killcuboid,2.5529101,6.9999995,1,-1530,311.076355,368.7735367,0.1830127,0.6830127,0.1830127,0.6830127;
racing,killcuboid,2.5529101,6.9999995,1,-1589.9998474,311.076355,368.7735367,0.1830127,0.6830127,0.1830127,0.6830127;
racing,killcuboid,2.5529101,6.9999995,1,-1650.0001526,311.076355,368.7735367,0.1830127,0.6830127,0.1830127,0.6830127;
racing,killcuboid,2.5529101,6.9999995,1,-1710,311.076355,368.7735367,0.1830127,0.6830127,0.1830127,0.6830127;
racing,killcuboid,31,6.9999995,1,-2550.0003052,29.9999976,-179.9998474,0,0.7071068,0,0.7071068;
racing,killcuboid,31,6.9999995,1,-2130.0001526,29.9999976,180.0001526,0,0.7071068,0,0.7071068;
racing,killcuboid,31,6.9999995,1,-2550.0003052,29.9999976,540.0001526,0,0.7071068,0,0.7071068;
racing,killcuboid,31,6.9999995,1,-2130.0001526,29.9999976,900.0001526,0,0.7071068,0,0.7071068;
racing,killcuboid,7,1,31,-1500,60,-359.9998474,0,0.7071068,0,0.7071068;
racing,killcuboid,31,1,7,-1320,60,-179.9998665,0,0.7071068,0,0.7071068;
racing,killcuboid,7,1,31,-1140,60,0.0001407,0,0.7071068,0,0.7071068;
racing,killcuboid,31,1,7,-960,60,180.0001335,0,0.7071068,0,0.7071068;
racing,killcuboid,7,1,31,-1140,60,360.0001526,0,0.7071068,0,0.7071068;
racing,killcuboid,7,1,7,-960,60,360.0001526,0,0.7071068,0,0.7071068;
racing,killcuboid,7,1,7,-960,60,0.0001526,0,0.7071068,0,0.7071068;
racing,killcuboid,7,1,7,-1320,60,0.0001335,0,0.7071068,0,0.7071068;
racing,killcuboid,7,1,7,-1320,60,-359.9998474,0,0.7071068,0,0.7071068;
racing,killcuboid,7,1,7,-1320,60,360.0001526,0,0.7071068,0,0.7071068;
racing,killcuboid,31,1,7,-1320,60,540.0001526,0,0.7071068,0,0.7071068;
racing,killcuboid,7,1,7,-1320,60,720.0001526,0,0.7071068,0,0.7071068;
racing,killcuboid,7,1,31,-1140,60,720.0001526,0,0.7071068,0,0.7071068;
racing,killcuboid,30.9999981,1,7,-1560,98.8228607,905.1113129,0.092296,0.7010574,0.092296,0.7010574;
racing,killcuboid,31.0000019,1,7,-1559.9998474,228.1748581,572.3631287,0.1830127,0.6830127,0.1830127,0.6830127;
racing,killcuboid,31.0000019,1,7,-1559.9998474,439.2408752,284.4318008,0.2705981,0.6532815,0.2705981,0.6532815;
racing,killcuboid,30.9999981,1,7,-1680,98.8228607,905.1113129,0.092296,0.7010574,0.092296,0.7010574;
racing,killcuboid,31.0000019,1,7,-1679.9998474,228.1748581,572.3631287,0.1830127,0.6830127,0.1830127,0.6830127;
racing,killcuboid,31.0000019,1,7,-1679.9998474,439.2408752,284.4318008,0.2705981,0.6532815,0.2705981,0.6532815;
racing,killcuboid,31,1,7,-1800,60,900.0001526,0,0.7071068,0,0.7071068;
racing,killcuboid,30.9999981,1,7.000001,-1920.0001526,-38.8228512,545.1113129,0.7010574,-0.0922959,-0.7010574,0.092296;
racing,killcuboid,31.0000019,1,7.0000029,-1920.0001526,-168.1748772,212.3630714,0.6830127,-0.1830127,-0.6830127,0.1830128;
racing,killcuboid,31.0000019,1,6.9999995,-1919.9998474,-379.2408752,-75.5682659,0.6532815,-0.270598,-0.6532815,0.2705981;
racing,killcuboid,30.9999981,1,7.000001,-1800.0001526,-38.8228512,545.1113129,0.7010574,-0.0922959,-0.7010574,0.092296;
racing,killcuboid,31.0000019,1,7.0000029,-1800.0001526,-168.1748772,212.3630714,0.6830127,-0.1830127,-0.6830127,0.1830128;
racing,killcuboid,31.0000019,1,6.9999995,-1799.9998474,-379.2408752,-75.5682659,0.6532815,-0.270598,-0.6532815,0.2705981;
racing,killcuboid,31,1,7,-2040,60,540.0001526,0,0.7071068,0,0.7071068;
racing,killcuboid,31,1,7,-2040,60,180.0001526,0,0.7071068,0,0.7071068;
racing,killcuboid,31,1,7,-2040,60,-179.9998474,0,0.7071068,0,0.7071068;
racing,killcuboid,31,1,7,-2040,60,-539.9998474,0,0.7071068,0,0.7071068;
racing,killcuboid,31,1,7,-2100,60,-539.9998474,0,0.7071068,0,0.7071068;
racing,killcuboid,31,1,7,-2160,60,-539.9998474,0,0.7071068,0,0.7071068;
racing,killcuboid,31,1,7,-3420,60,900.0001526,0,0.7071068,0,0.7071068;
racing,killcuboid,31,1,7,-3420,60,540.0001526,0,0.7071068,0,0.7071068;
racing,killcuboid,31,1,7,-3420,60,180.0001526,0,0.7071068,0,0.7071068;
racing,killcuboid,31,1,7,-2520,60,-179.9998474,0,0.7071068,0,0.7071068;
racing,killcuboid,31,1,7,-2160,60,180.0001526,0,0.7071068,0,0.7071068;
racing,killcuboid,31,1,7,-2520,60,540.0001526,0,0.7071068,0,0.7071068;
racing,killcuboid,31,1,7,-2160,60,900.0001526,0,0.7071068,0,0.7071068;
racing,killcuboid,7,1,31,-1500,0,-359.9998474,0,0.7071068,0,0.7071068;
racing,killcuboid,31,1,7,-1320,0,-179.9998665,0,0.7071068,0,0.7071068;
racing,killcuboid,7,1,31,-1140,0,0.0001407,0,0.7071068,0,0.7071068;
racing,killcuboid,31,1,7,-960,0,180.0001335,0,0.7071068,0,0.7071068;
racing,killcuboid,7,1,31,-1140,0,360.0001526,0,0.7071068,0,0.7071068;
racing,killcuboid,7,1,7,-960,0,360.0001526,0,0.7071068,0,0.7071068;
racing,killcuboid,7,1,7,-960,0,0.0001526,0,0.7071068,0,0.7071068;
racing,killcuboid,7,1,7,-1320,0,0.0001335,0,0.7071068,0,0.7071068;
racing,killcuboid,7,1,7,-1320,0,-359.9998474,0,0.7071068,0,0.7071068;
racing,killcuboid,7,1,7,-1320,0,360.0001526,0,0.7071068,0,0.7071068;
racing,killcuboid,31,1,7,-1320,0,540.0001526,0,0.7071068,0,0.7071068;
racing,killcuboid,7,1,31,-1140,0,720.0001526,0,0.7071068,0,0.7071068;
racing,killcuboid,7,1,7,-1320,0,720.0001526,0,0.7071068,0,0.7071068;
racing,killcuboid,30.9999981,1,7,-1560,40.8673048,889.5821381,0.092296,0.7010574,0.092296,0.7010574;
racing,killcuboid,31.0000019,1,7,-1559.9998474,176.2133408,542.3631287,0.1830127,0.6830127,0.1830127,0.6830127;
racing,killcuboid,31.0000019,1,7,-1559.9998474,396.8144989,242.0054245,0.2705981,0.6532815,0.2705981,0.6532815;
racing,killcuboid,30.9999981,1,7,-1680,40.8673048,889.5821381,0.092296,0.7010574,0.092296,0.7010574;
racing,killcuboid,31.0000019,1,7,-1679.9998474,176.2133408,542.3631287,0.1830127,0.6830127,0.1830127,0.6830127;
racing,killcuboid,31.0000019,1,7,-1679.9998474,396.8144989,242.0054245,0.2705981,0.6532815,0.2705981,0.6532815;
racing,killcuboid,31,1,7,-1800,0,900.0001526,0,0.7071068,0,0.7071068;
racing,killcuboid,30.9999981,1,7.000001,-1920.0001526,19.1327,529.5821381,0.7010574,-0.0922959,-0.7010574,0.092296;
racing,killcuboid,31.0000019,1,7.0000029,-1920.0001526,-116.2133503,182.3630714,0.6830127,-0.1830127,-0.6830127,0.1830128;
racing,killcuboid,31.0000019,1,6.9999995,-1919.9998474,-336.8144226,-117.9946423,0.6532815,-0.270598,-0.6532815,0.2705981;
racing,killcuboid,30.9999981,1,7.000001,-1800.0001526,19.1327,529.5821381,0.7010574,-0.0922959,-0.7010574,0.092296;
racing,killcuboid,31.0000019,1,7.0000029,-1800.0001526,-116.2133503,182.3630714,0.6830127,-0.1830127,-0.6830127,0.1830128;
racing,killcuboid,31.0000019,1,6.9999995,-1799.9998474,-336.8144226,-117.9946423,0.6532815,-0.270598,-0.6532815,0.2705981;
racing,killcuboid,31,1,7,-2040,0,540.0001526,0,0.7071068,0,0.7071068;
racing,killcuboid,31,1,7,-2040,0,180.0001526,0,0.7071068,0,0.7071068;
racing,killcuboid,31,1,7,-2040,0,-179.9998474,0,0.7071068,0,0.7071068;
racing,killcuboid,31,1,7,-2040,0,-539.9998474,0,0.7071068,0,0.7071068;
racing,killcuboid,31,1,7,-2100,0,-539.9998474,0,0.7071068,0,0.7071068;
racing,killcuboid,31,1,7,-2160,0,-539.9998474,0,0.7071068,0,0.7071068;
racing,killcuboid,31,1,7,-3420,0,900.0001526,0,0.7071068,0,0.7071068;
racing,killcuboid,31,1,7,-3420,0,540.0001526,0,0.7071068,0,0.7071068;
racing,killcuboid,31,1,7,-3420,0,180.0001526,0,0.7071068,0,0.7071068;
racing,killcuboid,7,1,61,-3750,0,0.0001526,0,0.7071068,0,0.7071068;
racing,killcuboid,31,1,7,-2520,0,-179.9998474,0,0.7071068,0,0.7071068;
racing,killcuboid,31,1,7,-2160,0,180.0001526,0,0.7071068,0,0.7071068;
racing,killcuboid,31,1,7,-2520,0,540.0001526,0,0.7071068,0,0.7071068;
racing,killcuboid,31,1,7,-2160,0,900.0001526,0,0.7071068,0,0.7071068;
racing,endcuboid,6,5.9999995,6,-4080.0003052,30,0.0001144,0,0.7071068,0,0.7071068;
spawnpoint,playerC,0,30,-0.0000191,0,0.7071068,0,0.7071068;
spawnpoint,playerM,0,30,-0.0000191,0,0.7071068,0,0.7071068;
racing,startcuboid,6,5.9999995,6,-0.0003052,30,60,0,0.7071068,0,0.7071068;
racing,checkpointcuboid,6,5.9999995,6,-1680,30,-659.9998474,0,0.7071068,0,0.7071068;
racing,checkpointcuboid,6,5.9999995,6,-2880,30,-1019.9998474,0,0.7071068,0,0.7071068;
racing,checkpointcuboid,6,5.9999995,6,-0.0003815,229.7056007,837.8678894,0.2705981,0.6532815,0.2705981,0.6532815;
racing,checkpointcuboid,6,5.9999995,6,-1200,29.9999976,1140.0001526,0,0.7071068,0,0.7071068;
racing,checkpointcuboid,6,5.9999995,6,-2160.0001526,30,720.0001526,0,0.7071068,0,0.7071068;
racing,checkpointcuboid,6,5.9999995,6,-2760.0003052,29.9999952,720.0001526,0,0.7071068,0,0.7071068;
custom,cuboid,metal4,36.0000076,2,1.1000299,1,1,1,1,0.05,0.05,-2130.0001526,50,-569.9998856,0,0.7071068,0,0.7071068;
custom,cuboid,metal4,36.0000076,2,1.1000305,1,1,1,1,0.05,0.05,-2070.0001526,30,-509.9998856,0,0.7071068,0,0.7071068;
custom,cuboid,metal4,36.0000076,2,1.1000305,1,1,1,1,0.05,0.05,-2190.0001526,30,-509.9998856,0,0.7071068,0,0.7071068;
custom,cuboid,metal4,36.0000076,2,1.1000299,1,1,1,1,0.05,0.05,-2130.0001526,10,-569.9998856,0,0.7071068,0,0.7071068;
custom,cuboid,metal4,6,6,2,1,1,1,1,0.05,0.05,-440.0003052,30,360,0,0.7071068,0,0.7071068;
custom,cuboid,metal4,6,6,2,1,1,1,1,0.05,0.05,-400,30,360,0,0.7071068,0,0.7071068;
custom,cuboid,metal4,6,1,2,1,1,1,1,0.05,0.05,-420.0003052,55,360,0,0.7071068,0,0.7071068;
custom,cuboid,metal4,6,1,2,1,1,1,1,0.05,0.05,-420.0003052,5,360,0,0.7071068,0,0.7071068;
custom,cuboid,metal4,6,1,2,1,1,1,1,0.05,0.05,-420.0003052,30,360,0,0.7071068,0,0.7071068;
custom,cuboid,metal4,6,6,2,1,1,1,1,0.05,0.05,-440.0003052,30,0,0,0.7071068,0,0.7071068;
custom,cuboid,metal4,6,6,2,1,1,1,1,0.05,0.05,-400,30,0,0,0.7071068,0,0.7071068;
custom,cuboid,metal4,6,2,2,1,1,1,1,0.05,0.05,-420,50,0,0,0.7071068,0,0.7071068;
custom,cuboid,metal4,6,2,2,1,1,1,1,0.05,0.05,-420.0003052,10,0,0,0.7071068,0,0.7071068;
custom,cuboid,metal4,1.0000001,6,1.0000001,1,1,1,1,0.05,0.05,-420.0003052,30,180,0,0.3826834,0,0.9238795;
custom,cuboid,metal4,6,8.48528,8.48528,1,1,1,1,0.05,0.05,-270.0003052,60,59.9999905,-0.2705981,0.6532815,0.2705981,0.6532815;
custom,cuboid,metal4,6,8.48528,8.48528,1,1,1,1,0.05,0.05,-270,0,59.9999905,-0.2705981,0.6532815,0.2705981,0.6532815;
custom,cuboid,metal4,6,8.48528,8.48528,1,1,1,1,0.05,0.05,-89.9996948,60,-300,-0.2705981,0.6532815,0.2705981,0.6532815;
custom,cuboid,metal4,6,8.48528,8.48528,1,1,1,1,0.05,0.05,-90,0,-300,-0.2705981,0.6532815,0.2705981,0.6532815;
custom,cuboid,metal4,6,6,6,1,1,1,1,0.05,0.05,-300,30,59.9999905,0,0.7071068,0,0.7071068;
custom,cuboid,metal4,6,6,6,1,1,1,1,0.05,0.05,-60.0000095,30,-300,0,0.7071068,0,0.7071068;
custom,cuboid,metal4,6,6,6,1,1,1,1,0.05,0.05,-240.0003052,90,59.9999905,0,0.7071068,0,0.7071068;
custom,cuboid,metal4,6,6,6,1,1,1,1,0.05,0.05,-240,-30,59.9999905,0,0.7071068,0,0.7071068;
custom,cuboid,metal4,6,6,6,1,1,1,1,0.05,0.05,-119.9996853,90,-300,0,0.7071068,0,0.7071068;
custom,cuboid,metal4,6,6,6,1,1,1,1,0.05,0.05,-120,-30,-300,0,0.7071068,0,0.7071068;
custom,cuboid,metal4,1,2,36.4966011,1,1,1,1,0.05,0.05,-630,50,720,0,0.6569072,0,0.7539714;
custom,cuboid,metal4,1,2,36.4966011,1,1,1,1,0.05,0.05,-630,10,720,0,0.6569072,0,0.7539714;
custom,cuboid,metal4,1,6,6,1,1,1,1,0.05,0.05,-840.0001526,30,695,0,0.7071068,0,0.7071068;
custom,cuboid,metal4,1,6,6,1,1,1,1,0.05,0.05,-420,30,745,0,0.7071068,0,0.7071068;
custom,cuboid,metal4,30.5941105,2,1,1,1,1,1,0.05,0.05,-840,30,900,0,0.7626733,0,0.6467839;
custom,cuboid,metal4,6,2,1,1,1,1,1,0.05,0.05,-864.9192047,30,719.900589,0,0.7071068,0,0.7071068;
custom,cuboid,metal4,6,2,1,1,1,1,1,0.05,0.05,-815.0807953,30,1080.099411,0,0.7071068,0,0.7071068;
custom,cuboid,metal4,6,2,1,1,1,1,1,0.05,0.05,-695.0001526,50,1080,0,0.7071068,0,0.7071068;
custom,cuboid,metal4,6,2,1,1,1,1,1,0.05,0.05,-695.0001526,10,1080,0,0.7071068,0,0.7071068;
custom,cuboid,metal4,6,7.0710702,7.0710702,1,1,1,1,0.05,0.05,-270.0002861,60,119.9999905,-0.2705981,0.6532815,0.2705981,0.6532815;
custom,cuboid,metal4,6,5.6568499,5.6568503,1,1,1,1,0.05,0.05,-270.0002861,60,180,-0.2705981,0.6532815,0.2705981,0.6532815;
custom,cuboid,metal4,6,4.2426405,4.24264,1,1,1,1,0.05,0.05,-270.0002861,60,240,-0.2705981,0.6532815,0.2705981,0.6532815;
custom,cuboid,metal4,6,2.8284299,2.8284304,1,1,1,1,0.05,0.05,-270.0002861,60,300,-0.2705981,0.6532815,0.2705981,0.6532815;
custom,cuboid,metal4,6,7.0710702,7.0710702,1,1,1,1,0.05,0.05,-270.0002861,0,119.9999905,-0.2705981,0.6532815,0.2705981,0.6532815;
custom,cuboid,metal4,6,5.6568499,5.6568503,1,1,1,1,0.05,0.05,-270.0002861,0,180,-0.2705981,0.6532815,0.2705981,0.6532815;
custom,cuboid,metal4,6,4.2426405,4.24264,1,1,1,1,0.05,0.05,-270.0002861,0,240,-0.2705981,0.6532815,0.2705981,0.6532815;
custom,cuboid,metal4,6,2.8284299,2.8284304,1,1,1,1,0.05,0.05,-270.0002861,0,300,-0.2705981,0.6532815,0.2705981,0.6532815;
custom,cuboid,metal4,6,7.0710702,7.0710702,1,1,1,1,0.05,0.05,-90.0002861,60,-240,-0.2705981,0.6532815,0.2705981,0.6532815;
custom,cuboid,metal4,6,5.6568499,5.6568503,1,1,1,1,0.05,0.05,-90.0002861,60,-180,-0.2705981,0.6532815,0.2705981,0.6532815;
custom,cuboid,metal4,6,4.2426405,4.24264,1,1,1,1,0.05,0.05,-90.0002861,60,-120,-0.2705981,0.6532815,0.2705981,0.6532815;
custom,cuboid,metal4,6,2.8284299,2.8284304,1,1,1,1,0.05,0.05,-90.0002861,60,-60,-0.2705981,0.6532815,0.2705981,0.6532815;
custom,cuboid,metal4,6,7.0710702,7.0710702,1,1,1,1,0.05,0.05,-90.0002861,0,-240,-0.2705981,0.6532815,0.2705981,0.6532815;
custom,cuboid,metal4,6,5.6568499,5.6568503,1,1,1,1,0.05,0.05,-90.0002861,0,-180,-0.2705981,0.6532815,0.2705981,0.6532815;
custom,cuboid,metal4,6,4.2426405,4.24264,1,1,1,1,0.05,0.05,-90.0002861,0,-120,-0.2705981,0.6532815,0.2705981,0.6532815;
custom,cuboid,metal4,6,2.8284299,2.8284304,1,1,1,1,0.05,0.05,-90.0002861,0,-60,-0.2705981,0.6532815,0.2705981,0.6532815;
custom,cuboid,metal4,6,6,5,1,1,1,1,0.05,0.05,-295.0003052,30,119.9999905,0,0.7071068,0,0.7071068;
custom,cuboid,metal4,6,6,4,1,1,1,1,0.05,0.05,-290.000267,30,180,0,0.7071068,0,0.7071068;
custom,cuboid,metal4,6,6,3,1,1,1,1,0.05,0.05,-285.0002861,30,240,0,0.7071068,0,0.7071068;
custom,cuboid,metal4,6,6,2,1,1,1,1,0.05,0.05,-280.0003052,30,300,0,0.7071068,0,0.7071068;
custom,cuboid,metal4,6,6,5,1,1,1,1,0.05,0.05,-65.000267,30,-240,0,0.7071068,0,0.7071068;
custom,cuboid,metal4,6,6,4,1,1,1,1,0.05,0.05,-70.0003147,30,-180,0,0.7071068,0,0.7071068;
custom,cuboid,metal4,6,6,3,1,1,1,1,0.05,0.05,-75.0002909,30,-120,0,0.7071068,0,0.7071068;
custom,cuboid,metal4,6,6,2,1,1,1,1,0.05,0.05,-80.000267,30,-60,0,0.7071068,0,0.7071068;
custom,cuboid,metal4,6,2,6,1,1,1,1,0.05,0.05,-240.0002861,70.0000191,300,0,0.7071068,0,0.7071068;
custom,cuboid,metal4,6,3,6,1,1,1,1,0.05,0.05,-240.0002861,75,240,0,0.7071068,0,0.7071068;
custom,cuboid,metal4,6,4,6,1,1,1,1,0.05,0.05,-240.0002861,79.9999714,180,0,0.7071068,0,0.7071068;
custom,cuboid,metal4,6,5,6,1,1,1,1,0.05,0.05,-240.0002861,85.0000191,119.9999905,0,0.7071068,0,0.7071068;
custom,cuboid,metal4,6,2,6,1,1,1,1,0.05,0.05,-240,-10,300,0,0.7071068,0,0.7071068;
custom,cuboid,metal4,6,3,6,1,1,1,1,0.05,0.05,-240,-15,240,0,0.7071068,0,0.7071068;
custom,cuboid,metal4,6,4,6,1,1,1,1,0.05,0.05,-240,-20,180,0,0.7071068,0,0.7071068;
custom,cuboid,metal4,6,5,6,1,1,1,1,0.05,0.05,-240,-25,120,0,0.7071068,0,0.7071068;
custom,cuboid,metal4,6,2,6,1,1,1,1,0.05,0.05,-120.0002861,70.0000191,-60,0,0.7071068,0,0.7071068;
custom,cuboid,metal4,6,3,6,1,1,1,1,0.05,0.05,-120.0002861,75,-120,0,0.7071068,0,0.7071068;
custom,cuboid,metal4,6,4,6,1,1,1,1,0.05,0.05,-120.0002861,79.9999714,-180,0,0.7071068,0,0.7071068;
custom,cuboid,metal4,6,5,6,1,1,1,1,0.05,0.05,-120.0002861,85.0000191,-240,0,0.7071068,0,0.7071068;
custom,cuboid,metal4,6,2,6,1,1,1,1,0.05,0.05,-120,-10,-60,0,0.7071068,0,0.7071068;
custom,cuboid,metal4,6,3,6,1,1,1,1,0.05,0.05,-120,-15,-120,0,0.7071068,0,0.7071068;
custom,cuboid,metal4,6,4,6,1,1,1,1,0.05,0.05,-120,-20,-180,0,0.7071068,0,0.7071068;
custom,cuboid,metal4,6,5,6,1,1,1,1,0.05,0.05,-120,-25,-240,0,0.7071068,0,0.7071068;
custom,cuboid,metal4,30.1496277,1,2.0999999,1,1,1,1,0.05,0.05,-659.9998474,15,1260,-0.0289964,0.706512,-0.0289964,0.706512;
custom,cuboid,metal4,30.1496277,1,2,1,1,1,1,0.05,0.05,-639.9998474,45,1260,-0.0289964,0.706512,-0.0289964,0.706512;
custom,cuboid,metal4,2,4,2,1,1,1,1,0.05,0.05,-680,17.6300859,1100.0000763,0,0.7071068,0,0.7071068;
custom,cuboid,metal4,2,4,2,1,1,1,1,0.05,0.05,-640,17.6300859,1100.0000763,0,0.7071068,0,0.7071068;
custom,cuboid,metal4,2,2,1,1,1,1,1,0.05,0.05,-695.0001526,30,1100,0,0.7071068,0,0.7071068;
custom,cuboid,metal4,6,1,6,1,1,1,1,0.05,0.05,-660,2.6300859,1080.0000763,0,0.7071068,0,0.7071068;
custom,cuboid,metal4,6,1,6,1,1,1,1,0.05,0.05,-659.9998474,57.3362827,1440,0,0.7071068,0,0.7071068;
custom,cuboid,metal4,6,3.2336285,6,1,1,1,1,0.05,0.05,-659.9998474,16.1681426,1440,0,0.7071068,0,0.7071068;
custom,cuboid,metal4,30.1496277,1,2,1,1,1,1,0.05,0.05,-679.9998474,45,1260,-0.0289964,0.706512,-0.0289964,0.706512;
custom,cuboid,metal4,36,2.4301357,6,1,1,1,1,0.05,0.05,-660,-12.1506786,1290,0,0.7071068,0,0.7071068;
custom,cuboid,metal4,1,6,1,1,1,1,1,0.05,0.05,-624.9998474,29.9999952,1465,0,0.7071068,0,0.7071068;
custom,cuboid,metal4,1,6,1,1,1,1,1,0.05,0.05,-625.0001526,29.9999952,1415.0001526,0,0.7071068,0,0.7071068;
custom,cuboid,metal4,1,2,1,1,1,1,1,0.05,0.05,-480,10,1305.0001526,0,0.7071068,0,0.7071068;
custom,cuboid,metal4,1,2,1,1,1,1,1,0.05,0.05,-480,27.3253775,1301.5539551,-0.1379497,0.6935199,-0.1379497,0.6935199;
custom,cuboid,metal4,1,2,1,1,1,1,1,0.05,0.05,-480,42.0131254,1291.7399597,-0.2705981,0.6532815,-0.2705981,0.6532815;
custom,cuboid,metal4,0.9999999,1.9999999,1,1,1,1,1,0.05,0.05,-480,51.8271589,1277.0523071,-0.3928475,0.5879378,-0.3928475,0.5879378;
custom,cuboid,metal4,1.0000001,2.0000002,1,1,1,1,1,0.05,0.05,-480,55.2733898,1259.7268677,-0.5,0.5,-0.5,0.5;
custom,cuboid,metal4,0.9999999,1.9999999,1,1,1,1,1,0.05,0.05,-480,51.8271589,1242.4014282,-0.5879378,0.3928475,-0.5879378,0.3928475;
custom,cuboid,metal4,1.0000004,2.0000007,1,1,1,1,1,0.05,0.05,-480,42.0131254,1227.7137756,-0.6532815,0.2705981,-0.6532815,0.2705981;
custom,cuboid,metal4,1.0000004,2.0000007,1,1,1,1,1,0.05,0.05,-480,27.3253822,1217.8997803,-0.6935199,0.1379497,-0.6935199,0.1379497;
custom,cuboid,metal4,1,2,1,1,1,1,1,0.05,0.05,-480,10.000006,1214.4535828,-0.7071068,0,-0.7071068,0;
custom,cuboid,metal4,1,2,1,1,1,1,1,0.05,0.05,-460,50.2733898,1214.4535828,0.7071068,1e-7,0.7071068,1e-7;
custom,cuboid,metal4,1.0000004,2.0000007,1,1,1,1,1,0.05,0.05,-460,32.94801,1217.8997803,0.6935199,0.1379497,0.6935199,0.1379497;
custom,cuboid,metal4,1.0000004,2.0000007,1,1,1,1,1,0.05,0.05,-460,18.2602644,1227.7136993,0.6532815,0.2705981,0.6532815,0.2705981;
custom,cuboid,metal4,1,2,1,1,1,1,1,0.05,0.05,-460,8.4462285,1242.4014282,0.5879378,0.3928475,0.5879378,0.3928475;
custom,cuboid,metal4,1,2,1,1,1,1,1,0.05,0.05,-460,4.9999988,1259.7268677,0.5,0.5,0.5,0.5;
custom,cuboid,metal4,1,2,1,1,1,1,1,0.05,0.05,-460,8.4462333,1277.0523071,0.3928474,0.5879378,0.3928474,0.5879378;
custom,cuboid,metal4,1,2,1,1,1,1,1,0.05,0.05,-460,18.2602727,1291.7399597,0.270598,0.6532815,0.270598,0.6532815;
custom,cuboid,metal4,1,2,1,1,1,1,1,0.05,0.05,-460,32.9480195,1301.5539551,0.1379497,0.6935199,0.1379497,0.6935199;
custom,cuboid,metal4,1,2,1,1,1,1,1,0.05,0.05,-460,50.2733994,1305.0001526,-1e-7,0.7071068,-1e-7,0.7071068;
custom,cuboid,metal4,1,2,1,1,1,1,1,0.05,0.05,-500,50.2733898,1214.4535828,0.7071068,1e-7,0.7071068,1e-7;
custom,cuboid,metal4,1.0000004,2.0000007,1,1,1,1,1,0.05,0.05,-500,32.94801,1217.8997803,0.6935199,0.1379497,0.6935199,0.1379497;
custom,cuboid,metal4,1.0000004,2.0000007,1,1,1,1,1,0.05,0.05,-500,18.2602644,1227.7136993,0.6532815,0.2705981,0.6532815,0.2705981;
custom,cuboid,metal4,1,2,1,1,1,1,1,0.05,0.05,-500,8.4462285,1242.4014282,0.5879378,0.3928475,0.5879378,0.3928475;
custom,cuboid,metal4,1,2,1,1,1,1,1,0.05,0.05,-500,4.9999988,1259.7268677,0.5,0.5,0.5,0.5;
custom,cuboid,metal4,1,2,1,1,1,1,1,0.05,0.05,-500,8.4462333,1277.0523071,0.3928474,0.5879378,0.3928474,0.5879378;
custom,cuboid,metal4,1,2,1,1,1,1,1,0.05,0.05,-500,18.2602727,1291.7399597,0.270598,0.6532815,0.270598,0.6532815;
custom,cuboid,metal4,1,2,1,1,1,1,1,0.05,0.05,-500,32.9480195,1301.5539551,0.1379497,0.6935199,0.1379497,0.6935199;
custom,cuboid,metal4,1,2,1,1,1,1,1,0.05,0.05,-500,50.2733994,1305.0001526,-1e-7,0.7071068,-1e-7,0.7071068;
custom,cuboid,metal4,30,6,1,1,1,1,1,0.05,0.05,60,30,900,0,0.7071068,0,0.7071068;
custom,cuboid,metal4,6,6,1,1,1,1,1,0.05,0.05,60,30,720,0,0.7071068,0,0.7071068;
custom,cuboid,metal4,30,6,1,1,1,1,1,0.05,0.05,60,30,540,0,0.7071068,0,0.7071068;
custom,cuboid,metal4,6,6,1,1,1,1,1,0.05,0.05,60,30,360,0,0.7071068,0,0.7071068;
custom,cuboid,metal4,30,6,1,1,1,1,1,0.05,0.05,60,30,180,0,0.7071068,0,0.7071068;
custom,cuboid,metal4,6,6,1,1,1,1,1,0.05,0.05,60,30,0,0,0.7071068,0,0.7071068;
custom,cuboid,metal4,30,6,1,1,1,1,1,0.05,0.05,60,30.0000024,-180,0,0.7071068,0,0.7071068;
custom,cuboid,metal4,6,6,1,1,1,1,1,0.05,0.05,60,30.0000024,-360,0,0.7071068,0,0.7071068;
custom,cuboid,metal4,30,6,1,1,1,1,1,0.05,0.05,60,30.0000024,-540,0,0.7071068,0,0.7071068;
custom,cuboid,metal4,30,6,6,1,1,1,1,0.05,0.05,95,30,179.9999809,0,0.7071068,0,0.7071068;
custom,cuboid,metal4,1,1,60.0000038,1,1,1,1,0.05,0.05,-210,30,-720,0.0280953,0.7352021,-0.0305298,0.676577;
custom,cuboid,metal4,1,1,60.0000038,1,1,1,1,0.05,0.05,-210,30,-720,0.4982786,0.5414542,0.4982786,0.4585458;
custom,cuboid,metal4,0.9999999,0.9999999,60.0000038,1,1,1,1,0.05,0.05,-210,30,-720,0.676577,0.0305297,0.7352021,-0.0280954;
custom,cuboid,metal4,1,1,60.0000038,1,1,1,1,0.05,0.05,-210,30,-720,0.4585457,-0.4982786,0.5414542,-0.4982786;
custom,cuboid,metal4,6,1,1,1,1,1,1,0.05,0.05,85,54.9999952,-719.9999237,0,0.7071068,0,0.7071068;
custom,cuboid,metal4,6,1,1,1,1,1,1,0.05,0.05,85,5,-719.9999237,0,0.7071068,0,0.7071068;
custom,cuboid,metal4,6,1,1,1,1,1,1,0.05,0.05,-505,54.9999952,-719.9999237,0,0.7071068,0,0.7071068;
custom,cuboid,metal4,6,1,1,1,1,1,1,0.05,0.05,-505,5,-719.9998474,0,0.7071068,0,0.7071068;
custom,cuboid,metal4,6,1,1,1,1,1,1,0.05,0.05,-215,29.9999976,-744.9999237,-0.5,0.5,-0.5,0.5;
custom,cuboid,metal4,6,1,1,1,1,1,1,0.05,0.05,-215,29.9999976,-694.9999237,-0.5,0.5,-0.5,0.5;
custom,cuboid,metal4,6,1,6,1,1,1,1,0.05,0.05,-600,5,0.0001526,0,0.7071068,0,0.7071068;
custom,cuboid,metal4,6,1,6,1,1,1,1,0.05,0.05,-600,54.9999952,0.0001526,0,0.7071068,0,0.7071068;
custom,cuboid,metal4,6,6,1,1,1,1,1,0.05,0.05,-625.0001526,29.9999952,0.0001326,0,0.7071068,0,0.7071068;
custom,cuboid,metal4,6,6,1,1,1,1,1,0.05,0.05,-575,29.9999952,0.0001517,0,0.7071068,0,0.7071068;
custom,cuboid,metal4,6,1,6,1,1,1,1,0.05,0.05,-660,5,0.0001526,0,0.7071068,0,0.7071068;
custom,cuboid,metal4,6,1,6,1,1,1,1,0.05,0.05,-660,54.9999952,0.0001526,0,0.7071068,0,0.7071068;
custom,cuboid,metal4,6,6,1,1,1,1,1,0.05,0.05,-685.0001526,29.9999952,0.0001326,0,0.7071068,0,0.7071068;
custom,cuboid,metal4,6,6,1,1,1,1,1,0.05,0.05,-635,29.9999952,0.0001517,0,0.7071068,0,0.7071068;
custom,cuboid,metal4,6,2,2,1,1,1,1,0.05,0.05,-660.0001526,29.9999952,0.0001335,0,0.7071068,0,0.7071068;
custom,cuboid,metal4,6,1,4,1,1,1,1,0.05,0.05,-719.9998474,14.9999952,0.0001526,0,0.7071068,0,0.7071068;
custom,cuboid,metal4,6,1,4,1,1,1,1,0.05,0.05,-719.9998474,44.9999952,0.0001526,0,0.7071068,0,0.7071068;
custom,cuboid,metal4,6,4,1,1,1,1,1,0.05,0.05,-734.9998474,29.9999952,0.000152,0,0.7071068,0,0.7071068;
custom,cuboid,metal4,6,4,1,1,1,1,1,0.05,0.05,-704.9998474,29.9999952,0.0001532,0,0.7071068,0,0.7071068;
custom,cuboid,metal4,6,1,4,1,1,1,1,0.05,0.05,-779.9998474,14.9999952,0.0001526,0,0.7071068,0,0.7071068;
custom,cuboid,metal4,6,1,4,1,1,1,1,0.05,0.05,-779.9998474,44.9999952,0.0001526,0,0.7071068,0,0.7071068;
custom,cuboid,metal4,6,4,1,1,1,1,1,0.05,0.05,-794.9998474,29.9999952,0.000152,0,0.7071068,0,0.7071068;
custom,cuboid,metal4,6,4,1,1,1,1,1,0.05,0.05,-764.9998474,29.9999952,0.0001532,0,0.7071068,0,0.7071068;
custom,cuboid,metal4,6,1,1,1,1,1,1,0.05,0.05,-779.9998474,29.9999952,0.0001335,0,0.7071068,0,0.7071068;
custom,cuboid,metal4,1,1,6,1,1,1,1,0.05,0.05,-840.0001526,54.9999952,25.0001526,0,0.7071068,0,0.7071068;
custom,cuboid,metal4,1,1,4,1,1,1,1,0.05,0.05,-840.0001526,44.9999905,-24.9998665,0,0.7071068,0,0.7071068;
custom,cuboid,metal4,1,1,6,1,1,1,1,0.05,0.05,-840.0001526,5.0000048,25.0001526,0.7071068,1e-7,-0.7071068,1e-7;
custom,cuboid,metal4,1,1,4,1,1,1,1,0.05,0.05,-840.0001526,15.0000095,-24.9998665,0.7071068,1e-7,-0.7071068,1e-7;
custom,cuboid,metal4,1,1.0000001,6.000001,1,1,1,1,0.05,0.05,-865.0001526,29.9999928,25.0001526,-0.5,0.5,0.5,0.5;
custom,cuboid,metal4,1,1.0000001,4.0000005,1,1,1,1,0.05,0.05,-855.0001526,29.9999928,-24.9998665,-0.5,0.5,0.5,0.5;
custom,cuboid,metal4,1,0.9999999,5.9999995,1,1,1,1,0.05,0.05,-815.0001526,29.9999928,25.0001526,0.5,0.5,-0.5,0.5;
custom,cuboid,metal4,1,0.9999999,3.9999998,1,1,1,1,0.05,0.05,-825.0001526,29.9999928,-24.9998665,0.5,0.5,-0.5,0.5;
custom,cuboid,metal4,1,1,12,1,1,1,1,0.05,0.05,-1230.0001526,4.9999952,-744.9999237,0,0.7071068,0,0.7071068;
custom,cuboid,metal4,6,2,12,1,1,1,1,0.05,0.05,-1350.0001526,9.9999952,-719.9999237,0,0.7071068,0,0.7071068;
custom,cuboid,metal4,6,3,12,1,1,1,1,0.05,0.05,-1470.0001526,14.9999952,-719.9999237,0,0.7071068,0,0.7071068;
custom,cuboid,metal4,2,6,12,1,1,1,1,0.05,0.05,-1350.0001526,29.9999952,-739.9999237,0,0.7071068,0,0.7071068;
custom,cuboid,metal4,3,6,12,1,1,1,1,0.05,0.05,-1470.0001526,29.9999952,-734.9999237,0,0.7071068,0,0.7071068;
custom,cuboid,metal4,3,3,12,1,1,1,1,0.05,0.05,-1230.0001526,44.9999905,-704.9999237,0,0.7071068,0,0.7071068;
custom,cuboid,metal4,2,2,12,1,1,1,1,0.05,0.05,-1350.0001526,49.9999905,-699.9999237,0,0.7071068,0,0.7071068;
custom,cuboid,metal4,1,1,12,1,1,1,1,0.05,0.05,-1470.0001526,54.9999905,-694.9999237,0,0.7071068,0,0.7071068;
custom,cuboid,metal4,4,6,12,1,1,1,1,0.05,0.05,-1590.0001526,29.9999952,-729.9999237,0,0.7071068,0,0.7071068;
custom,cuboid,metal4,6,4,12,1,1,1,1,0.05,0.05,-1590.0001526,19.9999952,-719.9999237,0,0.7071068,0,0.7071068;
custom,cuboid,metal4,4,6,6,1,1,1,1,0.05,0.05,-1680.0001526,29.9999952,-729.9999237,0,0.7071068,0,0.7071068;
custom,cuboid,metal4,6,4,6,1,1,1,1,0.05,0.05,-1680.0001526,20,-719.9998474,0,0.7071068,0,0.7071068;
custom,cuboid,metal4,12,2,2,1,1,1,1,0.05,0.05,-2900.0003052,49.9999952,-750.0003052,0,0.7071068,0,0.7071068;
custom,cuboid,metal4,12,2,2,1,1,1,1,0.05,0.05,-2860.0003052,49.9999952,-750.0007629,0,0.7071068,0,0.7071068;
custom,cuboid,metal4,12,2,2,1,1,1,1,0.05,0.05,-2900,10,-749.9998474,0,0.7071068,0,0.7071068;
custom,cuboid,metal4,12,2,2,1,1,1,1,0.05,0.05,-2860,10,-749.9998474,0,0.7071068,0,0.7071068;
custom,cuboid,metal4,12,2,2,1,1,1,1,0.05,0.05,-2880.0003052,29.9999905,-630.0007629,0,0.7071068,0,0.7071068;
custom,cuboid,metal4,12,2,2,1,1,1,1,0.05,0.05,-2880.0003052,49.9999952,-510.0007248,0,0.7071068,0,0.7071068;
custom,cuboid,metal4,12,2,2,1,1,1,1,0.05,0.05,-2860.0003052,29.9999905,-510.0007248,0,0.7071068,0,0.7071068;
custom,cuboid,metal4,12,2,2,1,1,1,1,0.05,0.05,-2900.0003052,29.9999905,-510.0007248,0,0.7071068,0,0.7071068;
custom,cuboid,metal4,12,2,2,1,1,1,1,0.05,0.05,-2880.0003052,9.9999928,-510.0007248,0,0.7071068,0,0.7071068;
custom,cuboid,metal4,2,6,2,1,1,1,1,0.05,0.05,-2340.0001526,29.9999952,20.0001526,0,0.7071068,0,0.7071068;
custom,cuboid,metal4,2,6,2,1,1,1,1,0.05,0.05,-2340.0003052,29.9999952,-19.9998474,0,0.7071068,0,0.7071068;
custom,cuboid,metal4,2,2,2,1,1,1,1,0.05,0.05,-2340.0003052,50,0.0001526,-0.5,0.5,-0.5,0.5;
custom,cuboid,metal4,2,2,2,1,1,1,1,0.05,0.05,-2340.0004578,10,0.0001526,-0.5,0.5,-0.5,0.5;
custom,cuboid,metal4,2,6,2,1,1,1,1,0.05,0.05,-2340.0001526,29.9999952,380.0001526,0,0.7071068,0,0.7071068;
custom,cuboid,metal4,2,6,2,1,1,1,1,0.05,0.05,-2340.0003052,29.9999952,340.0001526,0,0.7071068,0,0.7071068;
custom,cuboid,metal4,2,6,2,1,1,1,1,0.05,0.05,-2340.0003052,50,360.0001526,-0.5,0.5,-0.5,0.5;
custom,cuboid,metal4,2,6,2,1,1,1,1,0.05,0.05,-2340.0004578,10,360.0001526,-0.5,0.5,-0.5,0.5;
custom,cuboid,metal4,6,1,12.8234558,1,1,1,1,0.05,0.05,-2412.5531006,5.0611866,360.0001526,0.0553111,-0.7049402,-0.0553111,-0.7049402;
custom,cuboid,metal4,6.000001,1.0000002,12.8234558,1,1,1,1,0.05,0.05,-2412.5527954,29.9999952,384.9389267,0.5375789,-0.5375789,0.4593571,-0.4593571;
custom,cuboid,metal4,5.9999995,1,12.8234558,1,1,1,1,0.05,0.05,-2412.5532532,54.938798,360.0001526,-0.7049402,0.0553111,-0.7049402,-0.0553112;
custom,cuboid,metal4,6,1.0000001,12.8234558,1,1,1,1,0.05,0.05,-2412.552948,29.9999952,335.0613785,-0.4593571,-0.4593571,-0.5375789,-0.5375789;
custom,cuboid,metal4,6,1,12.8234539,1,1,1,1,0.05,0.05,-2267.4475098,54.9388075,360.0001144,0.7049402,0.0553113,-0.7049402,0.0553113;
custom,cuboid,metal4,6.000001,1.0000002,12.8234587,1,1,1,1,0.05,0.05,-2267.4478149,29.9999952,384.9389267,0.537579,0.5375789,-0.459357,-0.459357;
custom,cuboid,metal4,6,1,12.8234539,1,1,1,1,0.05,0.05,-2267.4473572,5.0611734,360.0001144,0.0553111,0.7049402,0.0553114,-0.7049402;
custom,cuboid,metal4,6.000001,1.0000002,12.8234587,1,1,1,1,0.05,0.05,-2267.4476624,29.9999952,335.0613022,0.459357,-0.459357,-0.537579,0.5375789;
custom,cuboid,metal4,2,6,30,1,1,1,1,0.05,0.05,-2339.9958801,29.9999952,740.0001526,0,0.7071068,0,0.7071068;
custom,cuboid,metal4,2,6,30,1,1,1,1,0.05,0.05,-2339.9981689,29.9999952,700.0001526,0,0.7071068,0,0.7071068;
custom,cuboid,metal4,2,2,30,1,1,1,1,0.05,0.05,-2339.9981689,50,720.0001526,-0.5,0.5,-0.5,0.5;
custom,cuboid,metal4,2,2,30,1,1,1,1,0.05,0.05,-2340.0004578,10,720.0001526,-0.5,0.5,-0.5,0.5;
custom,cuboid,metal4,70,6,0.5,1,1,1,1,0.05,0.05,-2640,30,540.0001526,0,0.7071068,0,0.7071068;
custom,cuboid,metal4,50,6,0.5,1,1,1,1,0.05,0.05,-2652.5,30,540.0001526,0,0.7071068,0,0.7071068;
custom,cuboid,metal4,50,6,0.5,1,1,1,1,0.05,0.05,-2627.5,30,540.0001526,0,0.7071068,0,0.7071068;
custom,cuboid,metal4,30,0.5,6,1,1,1,1,0.05,0.05,-2640,30,540.0001526,0,0.7071068,0,0.7071068;
custom,cuboid,metal4,10,0.5,6,1,1,1,1,0.05,0.05,-2640,42.5,540.0001526,0,0.7071068,0,0.7071068;
custom,cuboid,metal4,10,0.5,6,1,1,1,1,0.05,0.05,-2640,17.5,540.0001526,0,0.7071068,0,0.7071068;
custom,cuboid,metal4,0.353553,6,0.353553,1,1,1,1,0.05,0.05,-2640,30,890.0001526,0,0.3826834,0,0.9238795;
custom,cuboid,metal4,0.353553,6,0.353553,1,1,1,1,0.05,0.05,-2627.5,30,790.0001526,0,0.3826834,0,0.9238795;
custom,cuboid,metal4,0.353553,6,0.353553,1,1,1,1,0.05,0.05,-2652.5,30,790.0001526,0,0.3826834,0,0.9238795;
custom,cuboid,metal4,0.353553,6,0.353553,1,1,1,1,0.05,0.05,-2640,30,190.0001526,0,0.3826834,0,0.9238795;
custom,cuboid,metal4,0.353553,6,0.353553,1,1,1,1,0.05,0.05,-2627.5,30,290.0001526,0,0.3826834,0,0.9238795;
custom,cuboid,metal4,0.353553,6,0.353553,1,1,1,1,0.05,0.05,-2652.5,30,290.0001526,0,0.3826834,0,0.9238795;
custom,cuboid,metal4,0.353553,6,0.353553,1,1,1,1,0.05,0.05,-2640,30.0000024,690.0001526,-0.2705981,0.270598,0.6532815,0.6532815;
custom,cuboid,metal4,0.353553,6,0.353553,1,1,1,1,0.05,0.05,-2640,42.4999952,590.0001526,-0.2705981,0.270598,0.6532815,0.6532815;
custom,cuboid,metal4,0.353553,6,0.353553,1,1,1,1,0.05,0.05,-2640,17.4999952,590.0001526,-0.2705981,0.270598,0.6532815,0.6532815;
custom,cuboid,metal4,0.353553,6,0.353553,1,1,1,1,0.05,0.05,-2640,42.4999952,490.0001526,-0.2705981,0.270598,0.6532815,0.6532815;
custom,cuboid,metal4,0.353553,6,0.353553,1,1,1,1,0.05,0.05,-2640,17.4999952,490.0001526,-0.2705981,0.270598,0.6532815,0.6532815;
custom,cuboid,metal4,0.353553,6,0.353553,1,1,1,1,0.05,0.05,-2640,29.9999952,390.0001526,-0.2705981,0.270598,0.6532815,0.6532815;
custom,cuboid,metal4,1,0.2,1.7999877,1,1,1,1,0.05,0.05,-3170.0003052,39.3564939,325.0001526,0,0.7071068,0,0.7071068;
custom,cuboid,metal4,1,0.2,1.7999877,1,1,1,1,0.05,0.05,-3170.0003052,21.356492,325.0001526,0,0.7071068,0,0.7071068;
custom,cuboid,metal4,1,0.2,2.0000002,1,1,1,1,0.05,0.05,-3180.0003052,30.3564906,325.0001526,-0.5,0.5,0.5,0.5;
custom,cuboid,metal4,1,0.2,2.0000002,1,1,1,1,0.05,0.05,-3160.0003052,30.3564906,325.0001526,-0.5,0.5,0.5,0.5;
custom,cuboid,metal4,1.1,2,24,1,1,1,1,0.05,0.05,-3090.0003052,30,395.0001526,0,0.7071068,0,0.7071068;
custom,cuboid,metal4,1,3,24.1576214,1,1,1,1,0.05,0.05,-3051.8746948,45,488.9457703,0,0.9238795,0,0.3826834;
custom,cuboid,metal4,1,1,24.1576214,1,1,1,1,0.05,0.05,-3051.8746948,5.0000018,488.9457703,0,0.9238795,0,0.3826834;
custom,cuboid,metal4,1,1.1,3.0999999,1,1,1,1,0.05,0.05,-3039.3313599,4.999994,419.0477753,0,0.7071068,0,0.7071068;
custom,cuboid,metal4,1,1.1,3.0999999,1,1,1,1,0.05,0.05,-3069.3313599,14.9999952,419.0477753,0,0.7071068,0,0.7071068;
custom,cuboid,metal4,1,1.1,3.0999999,1,1,1,1,0.05,0.05,-3099.3313599,24.9999952,419.0477753,0,0.7071068,0,0.7071068;
custom,cuboid,metal4,1,1.1,3.0999999,1,1,1,1,0.05,0.05,-3129.3313599,34.9999952,419.0477753,0,0.7071068,0,0.7071068;
custom,cuboid,metal4,1.1,3.0000005,2,1,1,1,1,0.05,0.05,-3170.4104614,45,443.0954361,0,0.7071068,0,0.7071068;
custom,cuboid,metal4,1.1,3.5999999,2,1,1,1,1,0.05,0.05,-3170.4104614,17.4999964,488.3392334,0,0.7071068,0,0.7071068;
racing,killcuboid,30.1495991,5.2140446,1.9,-679.9998474,14.0342736,1262.5460815,-0.0289964,0.706512,-0.0289964,0.706512;
racing,killcuboid,30.1495991,5.2140446,1.9,-639.9998474,14.0342736,1262.5460815,-0.0289964,0.706512,-0.0289964,0.706512;
racing,killcuboid,1,1,6,-840.0001526,54.9999952,-334.9999237,0,0.7071068,0,0.7071068;
racing,killcuboid,1,1,4,-840.0001526,44.9999905,-384.9999237,0,0.7071068,0,0.7071068;
racing,killcuboid,1,1,6,-840.0001526,5.0000048,-334.9999237,0.7071068,1e-7,-0.7071068,1e-7;
racing,killcuboid,1,1,4,-840.0001526,15.0000095,-384.9999237,0.7071068,1e-7,-0.7071068,1e-7;
racing,killcuboid,1,1.0000001,6.000001,-865.0001526,29.9999928,-334.9999237,-0.5,0.5,0.5,0.5;
racing,killcuboid,1,1.0000001,4.0000005,-855.0001526,29.9999928,-384.9999237,-0.5,0.5,0.5,0.5;
racing,killcuboid,1,0.9999999,5.9999995,-815.0001526,29.9999928,-334.9999237,0.5,0.5,-0.5,0.5;
racing,killcuboid,1,0.9999999,3.9999998,-825.0001526,29.9999928,-384.9999237,0.5,0.5,-0.5,0.5;
racing,killcuboid,1.1,1.1,12.1000004,-1230.0001526,4.9999952,-744.9999237,0,0.7071068,0,0.7071068;
racing,killcuboid,6.0999999,2.0999999,12.1000004,-1350.0001526,9.9999952,-719.9999237,0,0.7071068,0,0.7071068;
racing,killcuboid,6.0999999,3.0999999,12.1000004,-1470.0001526,14.9999964,-719.9999237,0,0.7071068,0,0.7071068;
racing,killcuboid,2.0999999,6.0999999,12.1000004,-1350.0001526,29.9999952,-739.9999237,0,0.7071068,0,0.7071068;
racing,killcuboid,3.0999999,6.0999999,12.1000004,-1470.0001526,29.9999952,-734.9999237,0,0.7071068,0,0.7071068;
racing,killcuboid,3.0999999,3.0999999,12.1000004,-1230.0001526,44.9999905,-704.9999237,0,0.7071068,0,0.7071068;
racing,killcuboid,2.0999999,2.0999999,12.1000004,-1350.0001526,49.9999905,-699.9999237,0,0.7071068,0,0.7071068;
racing,killcuboid,1.1,1.1,12.1000004,-1470.0001526,54.9999905,-694.9999237,0,0.7071068,0,0.7071068;
racing,killcuboid,4.0999999,6.0999999,12.1000004,-1590.0001526,29.9999952,-730,0,0.7071068,0,0.7071068;
racing,killcuboid,6.0999999,4.0999999,12.1000004,-1590.0001526,19.9999952,-719.9999237,0,0.7071068,0,0.7071068;
racing,killcuboid,4.0999999,6.0999999,6.0999999,-1680.0001526,29.9999952,-729.9999237,0,0.7071068,0,0.7071068;
racing,killcuboid,6.0999999,4.0999999,6.0999999,-1680.0001526,20,-719.9999237,0,0.7071068,0,0.7071068;
racing,killcuboid,1,6,19,-3005,29.9999976,35.0001574,0,0.7071068,0,0.7071068;
racing,killcuboid,9.656806,6,1.0000001,-3097.6776123,30,145.9619427,0,0.9238795,0,0.3826834;
racing,killcuboid,13.6568222,6,1.0000001,-3055,30,108.2842636,0,0.7071068,0,0.7071068;
racing,killcuboid,21.2132664,6,1.0000001,-3138.5357666,30,183.2846832,0,0.9238795,0,0.3826834;
racing,killcuboid,1,6,7.7071228,-3028.5357666,29.9999976,256.8204308,0,0.7071068,0,0.7071068;
racing,killcuboid,16.6568222,6,1.0000001,-2995,30,178.5363197,0,0.7071068,0,0.7071068;
racing,killcuboid,8.5252056,2,1.0000001,-3060,50,219.1944122,0,0.7071068,0,0.7071068;
racing,killcuboid,8.5252056,2,1.0000001,-3060,10,219.1944122,0,0.7071068,0,0.7071068;
racing,killcuboid,1,2,5.99997,-3030,29.9999976,176.5683746,0,0.7071068,0,0.7071068;
racing,killcuboid,28.9999981,6,1.0000001,-2915,30,185.0000954,0,0.7071068,0,0.7071068;
racing,killcuboid,16.6567993,1,8,-2955,30,178.5363388,0,0.7071068,0,0.7071068;
racing,killcuboid,1,6,15.7071228,-2988.5360718,29.9999928,325.0001526,0,0.7071068,0,0.7071068;
racing,killcuboid,10,6,1.0000001,-3098.8912964,29.9999905,291.1092758,0,0.9238795,0,0.3826834;
racing,killcuboid,36,6.000001,1.0000001,-3205.0003052,29.9999976,150.0001526,0,0.7071068,0,0.7071068;
racing,killcuboid,1,6,7.071075,-3102.4267578,29.9999928,325.0001526,0,0.7071068,0,0.7071068;
racing,killcuboid,7.0710683,6,1.0000001,-3132.7822876,29.9999905,294.6448135,0,0.7071068,0,0.7071068;
racing,killcuboid,1,6,1.9000242,-3190.5004883,29.9999976,325.0001526,0,0.7071068,0,0.7071068;
racing,killcuboid,1,6,2.1218259,-3148.3911133,29.9999881,325.0001526,0,0.7071068,0,0.7071068;
racing,killcuboid,1,1.9643515,2.2000425,-3170.0003052,50.1782417,325.0001526,0,0.7071068,0,0.7071068;
racing,killcuboid,1,2.0356493,2.2000425,-3170.0003052,10.1782453,325.0001526,0,0.7071068,0,0.7071068;
racing,killcuboid,1,6,24,-3090.0003052,29.9999976,395.0001526,0,0.7071068,0,0.7071068;
racing,killcuboid,6.0000005,6,1.0000001,-2965.0003052,30.0000024,430.0001526,0,0.7071068,0,0.7071068;
racing,killcuboid,6.0000005,6,1.0000001,-2976.1001587,30.0000024,485.8031082,0,0.5555702,0,0.8314696;
racing,killcuboid,6.0000005,6,1.0000001,-3007.7099609,30.0000024,533.1105804,0,0.3826834,0,0.9238795;
racing,killcuboid,5.9999995,6,1,-3055.017395,30.0000024,564.7204208,0,0.1950903,0,0.9807853;
racing,killcuboid,6.000001,6,1.0000002,-3110.8203125,30.0000024,575.8203125,0,0,0,1;
racing,killcuboid,6.9180007,1,1.0000001,-3175.4104614,5.0000024,575.8203506,0,0,0,1;
racing,killcuboid,6.9180017,1,26.1660957,-3175.4104614,35.0000024,619.169693,0,0,0,1;
racing,killcuboid,6.0000005,6,1.0000001,-3115.5142212,29.9999952,503.0879593,0,0.9238795,0,0.3826834;
racing,killcuboid,7.6808486,3.5,1.0000001,-3171.5960693,17.4999952,488.3392334,0,0,0,1;
racing,killcuboid,7.078826,1.0000005,7.0000243,-3133.4707642,34.9999976,528.1153107,0,0.3826834,0,0.9238795;
racing,killcuboid,20.16609,3,1.0000001,-3135.8203125,45,579.169693,0,0.7071068,0,0.7071068;
racing,killcuboid,10.6488972,6,1.0000005,-3077.5759888,29.9999976,443.0954361,0,0,0,1;
racing,killcuboid,3.0243795,6,1.0000001,-3135.8203125,30,463.2173157,0,0.7071068,0,0.7071068;
racing,killcuboid,3.0000005,1,3.8095293,-3039.3313599,4.9999952,419.0478134,0,0,0,1;
racing,killcuboid,3.0000005,1,3.8095293,-3069.3313599,14.9999952,419.0478134,0,0,0,1;
racing,killcuboid,3.0000005,1,3.8095293,-3099.3313599,24.9999952,419.0478134,0,0,0,1;
racing,killcuboid,3.0000005,1,3.8095293,-3129.3313599,34.9999952,419.0478134,0,0,0,1;
racing,killcuboid,7.9180002,3.0000005,1.0000004,-3170.4101563,45,443.0954361,0,0,0,1;
racing,killcuboid,1,6,22.0819988,-3020.4101563,29.9999928,685.0001526,0,0.7071068,0,0.7071068;
racing,killcuboid,7,0.9999999,22.0819969,-3032.9559326,15.9034669,715.0001526,0.0616284,0.704416,-0.0616284,0.704416;
racing,killcylinder,9.999999,3,10,-3100,30,80.0001621,0,0.7071068,0,0.7071068;
racing,killcylinder,1.9999999,3,2,-3060,30,176.5683746,0,0.7071068,0,0.7071068;
racing,killcylinder,6,3,12,-3055.4101562,29.9999952,485.4102707,0,0.9238795,0,0.3826834;
custom,cylinder,ice1,1.9999999,2.9999998,2,1,1,1,1,0.2,0.6,-1250.0001526,30,650.0001526,0,0.7071068,0,0.7071068;
custom,cylinder,cannonregionmat,2.0999999,3.0999998,2.1,1,1,1,1,1,1,-1250.0001526,30,650.0001526,0,0.7071068,0,0.7071068;
custom,cylinder,ice1,1.9999999,2.9999998,2,1,1,1,1,0.2,0.6,-1250.0001526,30,430.0001526,0,0.7071068,0,0.7071068;
custom,cylinder,cannonregionmat,2.0999999,3.0999998,2.1,1,1,1,1,1,1,-1250.0001526,30,430.0001526,0,0.7071068,0,0.7071068;
custom,cylinder,ice1,1.9999999,2.9999998,2,1,1,1,1,0.2,0.6,-1030.0001526,30,290.0001526,0,0.7071068,0,0.7071068;
custom,cylinder,cannonregionmat,2.0999999,3.0999998,2.1,1,1,1,1,1,1,-1030.0001526,30,290.0001526,0,0.7071068,0,0.7071068;
custom,cylinder,ice1,1.9999999,2.9999998,2,1,1,1,1,0.2,0.6,-1030.0001526,30,70.0001526,0,0.7071068,0,0.7071068;
custom,cylinder,cannonregionmat,2.0999999,3.0999998,2.1,1,1,1,1,1,1,-1030.0001526,30,70.0001526,0,0.7071068,0,0.7071068;
custom,cylinder,ice1,1.9999999,2.9999998,2,1,1,1,1,0.2,0.6,-1250.0001526,30,-69.9998283,0,0.7071068,0,0.7071068;
custom,cylinder,cannonregionmat,2.0999999,3.0999998,2.1,1,1,1,1,1,1,-1250.0001526,30,-69.9998283,0,0.7071068,0,0.7071068;
custom,cylinder,ice1,1.9999999,2.9999998,2,1,1,1,1,0.2,0.6,-1390.0001526,30,-289.9998283,0,0.7071068,0,0.7071068;
custom,cylinder,cannonregionmat,2.0999999,3.0999998,2.1,1,1,1,1,1,1,-1390.0001526,30,-289.9998283,0,0.7071068,0,0.7071068;
custom,cylinder,ice1,1.9999999,2.9999998,2,1,1,1,1,0.2,0.6,-1030.0001526,30,790.0001526,0,0.7071068,0,0.7071068;
custom,cylinder,cannonregionmat,2.0999999,3.0999998,2.1,1,1,1,1,1,1,-1030.0001526,30,790.0001526,0,0.7071068,0,0.7071068;
custom,cylinder,ice1,1.9999999,3,2,1,1,1,1,0.2,0.6,-1620,502.8805542,178.3658028,0.2705981,0.6532815,0.2705981,0.6532815;
custom,cylinder,cannonregionmat,2.0999999,3.1,2.1,1,1,1,1,1,1,-1620,502.8805542,178.3658028,0.2705981,0.6532815,0.2705981,0.6532815;
custom,cylinder,ice1,1.9999999,2.9999998,2,1,1,1,1,0.2,0.6,-1740.0001526,30,1020.0001526,0,0.7071068,0,0.7071068;
custom,cylinder,cannonregionmat,2.0999999,3.0999998,2.1,1,1,1,1,1,1,-1740.0001526,30,1020.0001526,0,0.7071068,0,0.7071068;
custom,cylinder,ice1,1.9999999,2.9999995,1.9999999,1,1,1,1,0.2,0.5999999,-1859.9996948,-442.8804779,-181.6343307,0.6532815,-0.270598,-0.6532815,0.2705981;
custom,cylinder,cannonregionmat,2.0999999,3.0999995,2.0999999,1,1,1,1,1,1,-1859.9996948,-442.8804779,-181.6343307,0.6532815,-0.270598,-0.6532815,0.2705981;
custom,cylinder,ice1,1.9999999,2.9999998,2,1,1,1,1,0.2,0.6,-1980.0001526,30,660.0001526,0,0.7071068,0,0.7071068;
custom,cylinder,cannonregionmat,2.0999999,3.0999998,2.1,1,1,1,1,1,1,-1980.0001526,30,660.0001526,0,0.7071068,0,0.7071068;
custom,cylinder,ice1,0.9999999,2.9999998,1,1,1,1,1,0.1,0.6,-3100,30,80,0,0.7071068,0,0.7071068;
custom,cylinder,cannonregionmat,1.0999999,3.0999998,1.1,1,1,1,1,1,1,-3100,30,80,0,0.7071068,0,0.7071068;
custom,cylinder,ice1,0.9999999,2.9999998,1,1,1,1,1,0.1,0.6,-3060,30,176.5683746,0,0.7071068,0,0.7071068;
custom,cylinder,cannonregionmat,1.0999999,3.0999998,1.1,1,1,1,1,1,1,-3060,30,176.5683746,0,0.7071068,0,0.7071068;
custom,cylinder,ice1,0.9999999,2.9999998,1,1,1,1,1,0.1,0.6,-2995,30,95.2522087,0,0.7071068,0,0.7071068;
custom,cylinder,cannonregionmat,1.0999999,3.0999998,1.1,1,1,1,1,1,1,-2995,30,95.2522087,0,0.7071068,0,0.7071068;
custom,cylinder,ice1,1.4142135,2.9999998,1.4142135,1,1,1,1,0.1414214,0.6,-2995,30,256.8204308,0,0.7071068,0,0.7071068;
custom,cylinder,cannonregionmat,1.5142135,3.0999998,1.5142135,1,1,1,1,1,1,-2995,30,256.8204308,0,0.7071068,0,0.7071068;
custom,cylinder,ice1,1,3,1,1,1,1,1,0.1,0.6,-3134.246521,30,255.7539368,0,0.7071068,0,0.7071068;
custom,cylinder,cannonregionmat,1.1,3.1,1.1,1,1,1,1,1,1,-3134.246521,30,255.7539368,0,0.7071068,0,0.7071068;
custom,cylinder,ice1,2,2.9999998,2,1,1,1,1,0.2,0.6,-2970.0003052,30,400.0001526,0,0.7071068,0,0.7071068;
custom,cylinder,cannonregionmat,2.1,3.0999998,2.1,1,1,1,1,1,1,-2970.0003052,30,400.0001526,0,0.7071068,0,0.7071068;
custom,cylinder,ice1,2,2.9999998,2,1,1,1,1,0.2,0.6,-3140.8203125,30,570.8203125,0,0.7071068,0,0.7071068;
custom,cylinder,cannonregionmat,2.1,3.0999998,2.1,1,1,1,1,1,1,-3140.8203125,30,570.8203125,0,0.7071068,0,0.7071068;
custom,cylinder,ice1,2,2.9999998,2,1,1,1,1,0.2,0.6,-3130.8203125,30,448.0954361,0,0.7071068,0,0.7071068;
custom,cylinder,cannonregionmat,2.1,3.0999998,2.1,1,1,1,1,1,1,-3130.8203125,30,448.0954361,0,0.7071068,0,0.7071068;
custom,cylinder,ice1,1.1,3.9590003,1.1000001,1,1,1,1,0.11,0.7918001,-3170.4101563,29.9999976,443.0954361,-0.5,0.5,0.5,0.5;
custom,cylinder,cannonregionmat,1.2,4.0590003,1.2000001,1,1,1,1,1,1,-3170.4101563,29.9999976,443.0954361,-0.5,0.5,0.5,0.5;
custom,cylinder,ice1,2,2.9999998,2,1,1,1,1,0.2,0.6,-3130.8203125,29.9999905,680.0001526,0,0.7071068,0,0.7071068;
custom,cylinder,cannonregionmat,2.1,3.0999998,2.1,1,1,1,1,1,1,-3130.8203125,29.9999905,680.0001526,0,0.7071068,0,0.7071068;
custom,cylinder,ice1,1.1,3.9590003,1.1000001,1,1,1,1,0.11,0.7918001,-3170.4104614,34.9999976,488.3392334,-0.5,0.5,0.5,0.5;
custom,cylinder,cannonregionmat,1.2,4.0590003,1.2000001,1,1,1,1,1,1,-3170.4104614,34.9999976,488.3392334,-0.5,0.5,0.5,0.5;
custom,cylinder,ice1,1.9999999,2.9999998,2,1,1,1,1,0.2,0.6,-3503.0657959,30,81.7361069,0,0.7071068,0,0.7071068;
custom,cylinder,cannonregionmat,2.0999999,3.0999998,2.1,1,1,1,1,1,1,-3503.0657959,30,81.7361069,0,0.7071068,0,0.7071068;
custom,killcuboid,cannonregionmat,1,6,1,1,1,1,1,0.1,0.6,-29.9999428,29.9999952,330,0,0.7071068,0,0.7071068;
custom,killcuboid,cannonregionmat,1,6,1,1,1,1,1,0.1,0.6,-210,29.9999952,330,0,0.7071068,0,0.7071068;
custom,killcuboid,cannonregionmat,1,6,1,1,1,1,1,0.1,0.6,-210,29.9999952,30,0,0.7071068,0,0.7071068;
custom,killcuboid,cannonregionmat,1,6,1,1,1,1,1,0.1,0.6,-150,29.9999952,-30,0,0.7071068,0,0.7071068;
custom,killcuboid,cannonregionmat,1,6,1,1,1,1,1,0.1,0.6,-150.0001144,29.9999952,-330.0000381,0,0.7071068,0,0.7071068;
custom,killcuboid,cannonregionmat,1,6,1,1,1,1,1,0.1,0.6,-390,29.9999952,-330,0,0.7071068,0,0.7071068;
custom,killcuboid,cannonregionmat,1,6,1,1,1,1,1,0.1,0.6,-450.0003052,29.9999952,690,0,0.7071068,0,0.7071068;
custom,killcuboid,cannonregionmat,1,6,1,1,1,1,1,0.1,0.6,-810.0001526,29.9999952,750,0,0.7071068,0,0.7071068;
custom,killcuboid,cannonregionmat,1,6,1,1,1,1,1,0.1,0.6,-809.9999237,29.9999952,1050,0,0.7071068,0,0.7071068;
custom,killcuboid,cannonregionmat,1,6,1,1,1,1,1,0.1,0.6,-700.0001526,30,1110,0,0.7071068,0,0.7071068;
custom,killcuboid,cannonregionmat,1,6,1,1,1,1,1,0.1,0.6,-630.0002289,29.9999952,1410.0001526,0,0.7071068,0,0.7071068;
custom,killcuboid,cannonregionmat,1,6,1,1,1,1,1,0.1,0.6,-510.0003052,29.9999952,1410,0,0.7071068,0,0.7071068;
custom,killcuboid,cannonregionmat,1,6,1,1,1,1,1,0.1,0.6,-450,29.9999952,1110,0,0.7071068,0,0.7071068;
custom,killcuboid,cannonregionmat,1,6,1,1,1,1,1,0.1,0.6,-150,29.9999428,1049.9999237,0,0.7071068,0,0.7071068;
custom,killcuboid,cannonregionmat,1,6,1,1,1,1,1,0.1,0.6,-30.0003815,250.9187889,816.6546631,0.2705981,0.6532815,0.2705981,0.6532815;
custom,killcuboid,cannonregionmat,1,6,1,1,1,1,1,0.1,0.6,-90.0001144,250.9187698,816.6546631,0.2705981,0.6532815,0.2705981,0.6532815;
custom,killcuboid,cannonregionmat,1,6,1,1,1,1,1,0.1,0.6,30,29.9999237,1049.9999237,0,0.7071068,0,0.7071068;
custom,killcuboid,cannonregionmat,1,6,1,1,1,1,1,0.1,0.6,89.9996948,29.9999952,1050,0,0.7071068,0,0.7071068;
custom,killcuboid,cannonregionmat,1,6,1,1,1,1,1,0.1,0.6,150,29.9999952,750,0,0.7071068,0,0.7071068;
custom,killcuboid,cannonregionmat,1,6,1,1,1,1,1,0.1,0.6,149.9998093,29.9999952,690,0,0.7071068,0,0.7071068;
custom,killcuboid,cannonregionmat,1,6,1,1,1,1,1,0.1,0.6,210.0003052,29.9999952,390.0000381,0,0.7071068,0,0.7071068;
custom,killcuboid,cannonregionmat,1,6,1,1,1,1,1,0.1,0.6,210,29.9999952,330,0,0.7071068,0,0.7071068;
custom,killcuboid,cannonregionmat,1,6,1,1,1,1,1,0.1,0.6,210.0001144,29.9999952,30,0,0.7071068,0,0.7071068;
custom,killcuboid,cannonregionmat,1,6,1,1,1,1,1,0.1,0.6,210.0003052,29.9999952,-30,0,0.7071068,0,0.7071068;
custom,killcuboid,cannonregionmat,1,6,1,1,1,1,1,0.1,0.6,150,29.9999952,-330,0,0.7071068,0,0.7071068;
custom,killcuboid,cannonregionmat,1,6,1,1,1,1,1,0.1,0.6,150,29.9999952,-390,0,0.7071068,0,0.7071068;
custom,killcuboid,cannonregionmat,1,6,1,1,1,1,1,0.1,0.6,90,19.9999952,-689.9999237,0,0.7071068,0,0.7071068;
custom,killcuboid,cannonregionmat,1,6,1,1,1,1,1,0.1,0.6,-510,29.9999952,-689.9998474,0,0.7071068,0,0.7071068;
custom,killcuboid,cannonregionmat,1,6,1,1,1,1,1,0.1,0.6,-570.0003052,29.9999952,330.0001526,0,0.7071068,0,0.7071068;
custom,killcuboid,cannonregionmat,1,6,1,1,1,1,1,0.1,0.6,-630.0001526,29.9999952,-329.9998474,0,0.7071068,0,0.7071068;
custom,killcuboid,cannonregionmat,1,6,1,1,1,1,1,0.1,0.6,-690,29.9999952,330.0001526,0,0.7071068,0,0.7071068;
custom,killcuboid,cannonregionmat,1,6,1,1,1,1,1,0.1,0.6,-750,29.9999952,-329.9998474,0,0.7071068,0,0.7071068;
custom,killcuboid,cannonregionmat,1,6,1,1,1,1,1,0.1,0.6,-810.0001526,29.9999952,330.0001526,0,0.7071068,0,0.7071068;
custom,killcuboid,cannonregionmat,1,6,1,1,1,1,1,0.1,0.6,-810.0001526,29.9999952,-689.9998474,0,0.7071068,0,0.7071068;
custom,killcuboid,cannonregionmat,1,6,1,1,1,1,1,0.1,0.6,-690,29.9999952,-750,0,0.7071068,0,0.7071068;
custom,killcuboid,cannonregionmat,1,6,1,1,1,1,1,0.1,0.6,-690.0001526,29.9999952,-1050,0,0.7071068,0,0.7071068;
custom,killcuboid,cannonregionmat,1,6,1,1,1,1,1,0.1,0.6,-990.0001526,29.9999952,-1050,0,0.7071068,0,0.7071068;
custom,killcuboid,cannonregionmat,1,6,1,1,1,1,1,0.1,0.6,-1050,29.9999952,-750,0,0.7071068,0,0.7071068;
custom,killcuboid,cannonregionmat,1,6,1,1,1,1,1,0.1,0.6,-1650.0001526,29.9999952,-689.9998474,0,0.7071068,0,0.7071068;
custom,killcuboid,cannonregionmat,1,6,1,1,1,1,1,0.1,0.6,-1650.0001526,29.9999952,-389.9999237,0,0.7071068,0,0.7071068;
custom,killcuboid,cannonregionmat,1,6,1,1,1,1,1,0.1,0.6,-1350.0001526,29.9999952,-329.9998856,0,0.7071068,0,0.7071068;
custom,killcuboid,cannonregionmat,1,6,1,1,1,1,1,0.1,0.6,-1290.0001526,29.9999952,-29.9998856,0,0.7071068,0,0.7071068;
custom,killcuboid,cannonregionmat,1,6,1,1,1,1,1,0.1,0.6,-990,30,30.0001335,0,0.7071068,0,0.7071068;
custom,killcuboid,cannonregionmat,1,6,1,1,1,1,1,0.1,0.6,-990.0001526,29.9999952,330.0001526,0,0.7071068,0,0.7071068;
custom,killcuboid,cannonregionmat,1,6,1,1,1,1,1,0.1,0.6,-1290,30,390.0001526,0,0.7071068,0,0.7071068;
custom,killcuboid,cannonregionmat,1,6,1,1,1,1,1,0.1,0.6,-1290.0001526,29.9999952,690.0001526,0,0.7071068,0,0.7071068;
custom,killcuboid,cannonregionmat,1,6,1,1,1,1,1,0.1,0.6,-990,30,750.0001526,0,0.7071068,0,0.7071068;
custom,killcuboid,cannonregionmat,1,6,1,1,1,1,1,0.1,0.6,-990.0000763,29.9999952,1050.0001526,0,0.7071068,0,0.7071068;
custom,killcuboid,cannonregionmat,1,6,1,1,1,1,1,0.1,0.6,-1170,29.9999952,1110.0001526,0,0.7071068,0,0.7071068;
custom,killcuboid,cannonregionmat,1,6,1,1,1,1,1,0.1,0.6,-1230,29.9999952,1410.0003052,0,0.7071068,0,0.7071068;
custom,killcuboid,cannonregionmat,1,6,1,1,1,1,1,0.1,0.6,-1530.0001526,29.9999952,1410.0003052,0,0.7071068,0,0.7071068;
custom,killcuboid,cannonregionmat,1,6,1,1,1,1,1,0.1,0.6,-2070,30,-689.9998474,0,0.7071068,0,0.7071068;
custom,killcuboid,cannonregionmat,1,6,1,1,1,1,1,0.1,0.6,-2130,30,-389.9998474,0,0.7071068,0,0.7071068;
custom,killcuboid,cannonregionmat,1,6,1,1,1,1,1,0.1,0.6,-2190.0001526,29.9999952,-689.9999237,0,0.7071068,0,0.7071068;
custom,killcuboid,cannonregionmat,1,6,1,1,1,1,1,0.1,0.6,-2490.0003052,29.9999952,-750,0,0.7071068,0,0.7071068;
custom,killcuboid,cannonregionmat,1,6,1,1,1,1,1,0.1,0.6,-2550.0003052,29.9999952,-1050,0,0.7071068,0,0.7071068;
custom,killcuboid,cannonregionmat,1,6,1,1,1,1,1,0.1,0.6,-2850,29.9999952,-1050,0,0.7071068,0,0.7071068;
custom,killcuboid,cannonregionmat,1,6,1,1,1,1,1,0.1,0.6,-2850,29.9999952,-389.9999237,0,0.7071068,0,0.7071068;
custom,killcuboid,cannonregionmat,1,6,1,1,1,1,1,0.1,0.6,-2550,29.9999952,-329.9998856,0,0.7071068,0,0.7071068;
custom,killcuboid,cannonregionmat,1,6,1,1,1,1,1,0.1,0.6,-2490.0001526,29.9999952,-29.9998665,0,0.7071068,0,0.7071068;
custom,killcuboid,cannonregionmat,1,6,1,1,1,1,1,0.1,0.6,-2190.0001526,29.9999952,30.0001526,0,0.7071068,0,0.7071068;
custom,killcuboid,cannonregionmat,1,6,1,1,1,1,1,0.1,0.6,-2190,30,330.0001526,0,0.7071068,0,0.7071068;
custom,killcuboid,cannonregionmat,1,6,1,1,1,1,1,0.1,0.6,-2490.0001526,29.9999952,390.0001526,0,0.7071068,0,0.7071068;
custom,killcuboid,cannonregionmat,1,6,1,1,1,1,1,0.1,0.6,-2489.9981689,29.9999952,690.0001526,0,0.7071068,0,0.7071068;
custom,killcuboid,cannonregionmat,1,6,1,1,1,1,1,0.1,0.6,-2189.9958801,29.9999952,750.0001526,0,0.7071068,0,0.7071068;
custom,killcuboid,cannonregionmat,1,6,1,1,1,1,1,0.1,0.6,-2190.0001526,29.9999952,1050.0001526,0,0.7071068,0,0.7071068;
custom,killcuboid,cannonregionmat,1,6,1,1,1,1,1,0.1,0.6,-2610,29.9999952,1050.0001526,0,0.7071068,0,0.7071068;
custom,killcuboid,cannonregionmat,1,6,1,1,1,1,1,0.1,0.6,-2670,29.9999952,30.0001526,0,0.7071068,0,0.7071068;
custom,killcuboid,cannonregionmat,1,6,1,1,1,1,1,0.1,0.6,-2790.0003052,29.9999905,750.0001526,0,0.7071068,0,0.7071068;
custom,killcuboid,cannonregionmat,1,6,1,1,1,1,1,0.1,0.6,-2790,29.9999952,1050.0001526,0,0.7071068,0,0.7071068;
custom,killcuboid,cannonregionmat,1,6,1,1,1,1,1,0.1,0.6,-3390,30,1050.0001526,0,0.7071068,0,0.7071068;
custom,killprism,cannonregionmat,1.7320509,0,2.3094123,1,1,1,0,0.1732051,0,-231,29.8,-20,-0.5,-0.5,0.5,0.5;
custom,killprism,cannonregionmat,1.7320509,0,2.309412,1,1,1,0,0.1732051,0,-129,30.2,-380,-0.5,0.5,-0.5,0.5;
custom,killprism,cannonregionmat,1.7320509,0,2.309412,1,1,1,0,0.1732051,0,-419,29.8,730,-0.4999999,-0.5,-0.5,-0.5;
custom,killprism,cannonregionmat,1.7320509,0,2.309412,1,1,1,0,0.1732051,0,-515.6231291,12.0466551,711.4947229,-0.1227878,-0.6963642,0.1227878,-0.6963642;
custom,killprism,cannonregionmat,1.7320509,0,2.309412,1,1,1,0,0.1732051,0,-545.6231291,22.0466551,711.4947229,-0.1227878,-0.6963642,0.1227878,-0.6963642;
custom,killprism,cannonregionmat,1.7320509,0,2.309412,1,1,1,0,0.1732051,0,-576,27.3,711,1e-7,-0.8191521,-1e-7,-0.5735764;
custom,killprism,cannonregionmat,1.7320509,0,2.309412,1,1,1,0,0.1732051,0,-606,27.3,721,1e-7,-0.8191521,-1e-7,-0.5735764;
custom,killprism,cannonregionmat,1.7320509,0,2.309412,1,1,1,0,0.1732051,0,-636,27.3,731,1e-7,-0.7071068,-1e-7,-0.7071068;
custom,killprism,cannonregionmat,1.7320509,0,2.309412,1,1,1,0,0.1732051,0,-666,27.3,731,1e-7,-0.7071068,-1e-7,-0.7071068;
custom,killprism,cannonregionmat,1.7320513,0,2.3094126,1,1,1,0,0.1732051,0,-856.2646483,27.1251338,720.6570715,-0.7071068,-0.7071068,0,-1e-7;
custom,killprism,cannonregionmat,1.7320511,0,2.3094123,1,1,1,0,0.1732051,0,-856.3668347,36.9010017,760.760194,-0.6830127,-0.7044161,0.1830125,-0.0616284;
custom,killprism,cannonregionmat,1.7320509,0,2.309412,1,1,1,0,0.1732051,0,-856.3852461,17.3679618,760.6557779,-0.704416,-0.6830127,-0.0616285,0.1830127;
custom,killprism,cannonregionmat,1.7320511,0,2.3094123,1,1,1,0,0.1732051,0,-850.3668499,46.9010017,790.760194,-0.6830127,-0.7044161,0.1830125,-0.0616284;
custom,killprism,cannonregionmat,1.7320509,0,2.309412,1,1,1,0,0.1732051,0,-850.3852614,7.3679618,790.6557779,-0.704416,-0.6830127,-0.0616285,0.1830127;
custom,killprism,cannonregionmat,1.7320508,0,2.3094119,1,1,1,0,0.1732051,0,-847,44.8,1100,-0.4999999,-0.5000001,0.4999999,0.5000001;
custom,killprism,cannonregionmat,1.7320508,0,2.3094119,1,1,1,0,0.1732051,0,-847,14.8,1100,-0.4999999,-0.5000001,0.4999999,0.5000001;
custom,killprism,cannonregionmat,1.7320508,0,2.3094119,1,1,1,0,0.1732051,0,-656.2646484,30.1550013,1070.657072,-0.7071067,0.7071068,0,1e-7;
custom,killprism,cannonregionmat,1.7320508,0,2.3094119,1,1,1,0,0.1732051,0,-664,42.3,1460,-0.4999999,-0.5000001,0.4999999,0.5000001;
custom,killprism,cannonregionmat,1.7320509,0,2.309412,1,1,1,0,0.1732051,0,121,29.8,-740,-0.5000001,-0.4999999,-0.5,-0.4999999;
custom,killprism,cannonregionmat,1.7320508,0,2.309412,1,1,1,0,0.1732051,0,-569.0003205,29.8449988,-720.6825737,0.7071068,0.7071067,0,0;
custom,killprism,cannonregionmat,0.8660254,0,1.1547047,1,1,1,0,0.0866025,0,-2859.458752,49.8134482,-815.0007629,-0.6532814,0.2705981,0.2705979,-0.6532816;
custom,killprism,cannonregionmat,0.8660256,0,1.1547048,1,1,1,0,0.0866026,0,-2898.973299,49.7038459,-815.0009918,-0.6532814,-0.2705981,-0.2705982,-0.6532815;
custom,killprism,cannonregionmat,0.8660254,0,1.1547047,1,1,1,0,0.0866025,0,-2898.864002,10.1865518,-815.0007629,-0.270598,-0.6532815,-0.6532816,-0.2705979;
custom,killprism,cannonregionmat,0.8660254,0,1.1547049,1,1,1,0,0.0866025,0,-2859.349455,10.2961541,-815.0009918,0.2705981,-0.6532814,-0.6532815,0.2705981;
custom,killprism,cannonregionmat,1.7320509,0,2.3094123,1,1,1,0,0.1732051,0,-2880,30.2,-340,0.4999999,-0.5,-0.5,0.5000001;
custom,killprism,cannonregionmat,1.7320509,0,2.309412,1,1,1,0,0.1732051,0,-2500.000305,30.1550012,-360.6825356,0.7071068,-0.7071068,1e-7,-1e-7;
custom,killprism,cannonregionmat,1.7320509,0,2.309412,1,1,1,0,0.1732051,0,-2140.000305,30.1550012,-0.6824974,0.7071068,-0.7071068,1e-7,-1e-7;
custom,killprism,cannonregionmat,1.7320509,0,2.309412,1,1,1,0,0.1732051,0,-2540.000305,30.1550012,359.3175026,0.7071068,-0.7071068,1e-7,-1e-7;
custom,killprism,cannonregionmat,1.7320511,0,2.3094123,1,1,1,0,0.1732051,0,-2140.000305,30.1550012,719.3175025,0.7071068,-0.7071068,0,0;
custom,killprism,cannonregionmat,1.7320509,0,2.3094123,1,1,1,0,0.1732051,0,-2520,30.2,720,0.5,-0.5000001,-0.4999999,0.5;
custom,killprism,cannonregionmat,1.7320509,0,2.3094123,1,1,1,0,0.1732051,0,-2520,30.2,0.000152,0.5,-0.5000001,-0.4999999,0.5;
custom,killprism,cannonregionmat,1.7320509,0,2.309412,1,1,1,0,0.1732051,0,-2160,30.2,360,-0.5,0.5,-0.5,0.5;
custom,killprism,cannonregionmat,1.7320509,0,2.309412,1,1,1,0,0.1732051,0,-2640,29.8,0.000152,-0.5000001,-0.4999999,-0.5,-0.4999999;
custom,killprism,cannonregionmat,1.7320509,0,2.309412,1,1,1,0,0.1732051,0,-3140,30.2,-16.9,-0.5,0.5,-0.5,0.5;
custom,killprism,cannonregionmat,1.7320509,0,2.309412,1,1,1,0,0.1732051,0,-3155.254934,30.1550108,-14.6499098,0.5879378,-0.5879378,0.3928475,-0.3928475;
custom,killprism,cannonregionmat,1.7320511,0,2.309412,1,1,1,0,0.1732051,0,-3172.435384,30.1550155,-5.0548833,0.6532815,-0.6532815,0.2705981,-0.2705981;
custom,killprism,cannonregionmat,1.7320513,0,2.3094126,1,1,1,0,0.1732051,0,-3184.636222,30.1550155,10.3844235,0.6935199,-0.6935199,0.1379497,-0.1379497;
custom,killprism,cannonregionmat,1.7320511,0,2.3094123,1,1,1,0,0.1732051,0,-3190,30.1550155,29.3175216,0.7071068,-0.7071068,0,0;
custom,killprism,cannonregionmat,0.8660256,0,1.1535514,1,1,1,0,0.0866026,0,-3070,9.66,215,-0.5,0.5,-0.5,-0.5;
custom,killprism,cannonregionmat,0.8660256,0,1.1535514,1,1,1,0,0.0866026,0,-3070,50.3,215,-0.5,-0.5,-0.5,0.5;
custom,killprism,cannonregionmat,0.8660256,0,1.1535514,1,1,1,0,0.0866026,0,-3001.000061,49.9224994,200.3409837,0,0,0.7071068,0.7071068;
custom,killprism,cannonregionmat,0.8660256,0,1.1535514,1,1,1,0,0.0866026,0,-3001.000061,9.9224994,200.3409837,0,0,0.7071068,0.7071068;
custom,killprism,cannonregionmat,0.8660256,0,1.1535514,1,1,1,0,0.0866026,0,-3001.000061,49.9224994,190.3409837,0,0,0.7071068,0.7071068;
custom,killprism,cannonregionmat,0.8660256,0,1.1535514,1,1,1,0,0.0866026,0,-3001.000061,9.9224994,190.3409837,0,0,0.7071068,0.7071068;
custom,killprism,cannonregionmat,0.8660256,0,1.1535514,1,1,1,0,0.0866026,0,-3001.000061,49.9224994,180.3409837,0,0,0.7071068,0.7071068;
custom,killprism,cannonregionmat,0.8660256,0,1.1535514,1,1,1,0,0.0866026,0,-3001.000061,9.9224994,180.3409837,0,0,0.7071068,0.7071068;
custom,killprism,cannonregionmat,0.8660256,0,1.1535514,1,1,1,0,0.0866026,0,-2950,36,102,3e-7,1,-1e-7,0;
custom,killprism,cannonregionmat,0.8660256,0,1.1535514,1,1,1,0,0.0866026,0,-2950,36,112,3e-7,1,-1e-7,0;
custom,killprism,cannonregionmat,0.8660256,0,1.1535514,1,1,1,0,0.0866026,0,-2950,36,122,3e-7,1,-1e-7,0;
custom,killprism,cannonregionmat,0.8660256,0,1.1535514,1,1,1,0,0.0866026,0,-2950,1,102,3e-7,1,-1e-7,0;
custom,killprism,cannonregionmat,0.8660256,0,1.1535514,1,1,1,0,0.0866026,0,-2950,1,112,3e-7,1,-1e-7,0;
custom,killprism,cannonregionmat,0.8660256,0,1.1535514,1,1,1,0,0.0866026,0,-2950,1,122,3e-7,1,-1e-7,0;
custom,killprism,cannonregionmat,1.7320513,0,2.3094126,1,1,1,0,0.1732051,0,-3046.462708,29.8449987,98.2083803,0,-1e-7,0.7071068,0.7071068;
custom,killprism,cannonregionmat,1.7320509,0,2.309412,1,1,1,0,0.1732051,0,-3044.172677,29.8450035,78.6639238,-0.1379497,-0.1379497,0.6935199,0.6935199;
custom,killprism,cannonregionmat,1.7320509,0,2.309412,1,1,1,0,0.1732051,0,-3034.577555,29.8449987,61.4834732,-0.270598,-0.2705981,0.6532815,0.6532815;
custom,killprism,cannonregionmat,1.7320509,0,2.309412,1,1,1,0,0.1732051,0,-3019.138377,29.8449987,49.2826354,-0.3928475,-0.3928475,0.5879378,0.5879378;
custom,killprism,cannonregionmat,1.7320509,0,2.3094123,1,1,1,0,0.1732051,0,-3170,29.8,380,-0.5,-0.5,0.5,0.5;
custom,killprism,cannonregionmat,0.8660256,0,1.1545906,1,1,1,0,0.0866026,0,-2921.000061,45.0775006,69.6587091,0.7071068,-0.7071068,0,0;
custom,killprism,cannonregionmat,0.8660256,0,1.1545906,1,1,1,0,0.0866026,0,-2921.000061,15.0775006,69.6587091,0.7071068,-0.7071068,0,0;
custom,killprism,cannonregionmat,1.7320511,0,2.309412,1,1,1,0,0.1732051,0,-2950,30.2,319,0.5,-0.5,0.5,-0.5;
custom,killprism,cannonregionmat,1.7320509,0,2.309412,1,1,1,0,0.1732051,0,-3040,29.8,315,-0.4999999,-0.4999999,-0.5000001,-0.5000001;
custom,killprism,cannonregionmat,1.7320509,0,2.309412,1,1,1,0,0.1732051,0,-3055.189016,29.8450178,312.6829805,-0.3928474,-0.3928474,-0.5879379,-0.5879378;
custom,killprism,cannonregionmat,1.7320509,0,2.309412,1,1,1,0,0.1732051,0,-3072.369466,29.8450106,303.0880112,0.2705981,0.270598,0.6532815,0.6532815;
custom,killprism,cannonregionmat,1.7320511,0,2.3094123,1,1,1,0,0.1732051,0,-3190,30.1550155,209.3173499,0.7071068,-0.7071068,0,0;
custom,killprism,cannonregionmat,1.7320511,0,2.3091813,1,1,1,0,0.1732051,0,-2916.000366,14.8449988,425.9835635,-0.7071068,-0.7071068,-3e-7,-2e-7;
custom,killprism,cannonregionmat,1.7320511,0,2.3091813,1,1,1,0,0.1732051,0,-2927.05263,14.8449988,512.4725946,-0.69352,-0.6935199,-0.1379496,-0.1379495;
custom,killprism,cannonregionmat,1.7320511,0,2.309181,1,1,1,0,0.1732051,0,-2970.361458,14.8449988,588.1489335,-0.6532815,-0.6532815,-0.270598,-0.2705979;
custom,killprism,cannonregionmat,1.7320509,0,2.309181,1,1,1,0,0.1732051,0,-3039.334587,14.8449988,641.4914117,-0.5879378,-0.5879378,-0.3928475,-0.3928474;
custom,killprism,cannonregionmat,1.7320509,0,2.309181,1,1,1,0,0.1732051,0,-3120,14.8,664,-0.5,-0.5,-0.5,-0.5;
custom,killprism,cannonregionmat,1.7320511,0,2.3091813,1,1,1,0,0.1732051,0,-2916.000366,29.8449988,359.3174182,-0.7071068,-0.7071068,-3e-7,-2e-7;
custom,killprism,cannonregionmat,0.8660256,0,1.1535514,1,1,1,0,0.0866026,0,-3199.999695,19.9224994,605.3409837,0,0,0.7071068,0.7071068;
custom,killprism,cannonregionmat,0.8660256,0,1.1535514,1,1,1,0,0.0866026,0,-3199.999695,19.9224994,595.3409837,0,0,0.7071068,0.7071068;
custom,killprism,cannonregionmat,0.8660256,0,1.1535514,1,1,1,0,0.0866026,0,-3199.999695,19.9224994,585.3409837,0,0,0.7071068,0.7071068;
custom,killprism,cannonregionmat,0.8660256,0,1.1535514,1,1,1,0,0.0866026,0,-3199.999695,19.9224994,635.3409837,0,0,0.7071068,0.7071068;
custom,killprism,cannonregionmat,0.8660256,0,1.1535514,1,1,1,0,0.0866026,0,-3199.999695,19.9224994,625.3409837,0,0,0.7071068,0.7071068;
custom,killprism,cannonregionmat,0.8660256,0,1.1535514,1,1,1,0,0.0866026,0,-3199.999695,19.9224994,615.3409837,0,0,0.7071068,0.7071068;
custom,killprism,cannonregionmat,0.8660256,0,1.1535515,1,1,1,0,0.0866026,0,-3152.312035,19.9224994,507.6878126,-0.6532815,-0.6532815,0.270598,0.2705981;
custom,killprism,cannonregionmat,0.8660256,0,1.1535515,1,1,1,0,0.0866026,0,-3145.241112,19.9224994,514.7588881,-0.6532815,-0.6532815,0.270598,0.2705981;
custom,killprism,cannonregionmat,0.8660256,0,1.1535515,1,1,1,0,0.0866026,0,-3138.170189,19.9224994,521.8299635,-0.6532815,-0.6532815,0.270598,0.2705981;
custom,killprism,cannonregionmat,0.8660254,0,1.1535514,1,1,1,0,0.0866025,0,-3190,19.9,505,-0.5,-0.5,0.5,0.5;
custom,killprism,cannonregionmat,0.8660254,0,1.1535514,1,1,1,0,0.0866025,0,-3180,19.9,505,-0.5,-0.5,0.5,0.5;
custom,killprism,cannonregionmat,0.8660254,0,1.1535514,1,1,1,0,0.0866025,0,-3170,19.9,505,-0.5,-0.5,0.5,0.5;
custom,killprism,cannonregionmat,0.7575672,0,1.0090848,1,1,1,0,0.0757567,0,-3060,10,543,-0.5555702,0,0.8314696,0;
custom,killprism,cannonregionmat,0.7575672,0,1.0090844,1,1,1,0,0.0757567,0,-3020,10,516,0.3826834,0,-0.9238795,0;
custom,killprism,cannonregionmat,0.7575672,0,1.0090846,1,1,1,0,0.0757567,0,-2990,10,476,0.1950903,0,-0.9807853,0;
custom,killprism,cannonregionmat,0.8660254,0,1.1535513,1,1,1,0,0.0866025,0,-3024.520406,21.1309826,401.9997024,0.5609856,0.4304594,0.4304592,0.5609855;
custom,killprism,cannonregionmat,0.8660254,0,1.1535513,1,1,1,0,0.0866025,0,-3034.179524,23.7191736,401.9997024,0.5609856,0.4304594,0.4304592,0.5609855;
custom,killprism,cannonregionmat,0.8660254,0,1.1535513,1,1,1,0,0.0866025,0,-3043.838948,26.3073623,401.9997024,0.5609856,0.4304594,0.4304592,0.5609855;
custom,killprism,cannonregionmat,0.8660254,0,1.1535513,1,1,1,0,0.0866025,0,-2995.542439,13.3664107,401.9997024,0.5609856,0.4304594,0.4304592,0.5609855;
custom,killprism,cannonregionmat,0.8660254,0,1.1535513,1,1,1,0,0.0866025,0,-3005.201863,15.9546017,401.9997024,0.5609856,0.4304594,0.4304592,0.5609855;
custom,killprism,cannonregionmat,0.8660254,0,1.1535513,1,1,1,0,0.0866025,0,-3014.860982,18.5427915,401.9997024,0.5609856,0.4304594,0.4304592,0.5609855;
custom,killprism,cannonregionmat,0.8660254,0,1.1545904,1,1,1,0,0.0866025,0,-3200,50.3,420,-0.5000002,-0.4999998,-0.5000002,0.4999998;
custom,killprism,cannonregionmat,0.8660256,0,1.1545905,1,1,1,0,0.0866026,0,-3200,19.9224996,419.6587091,-0.7071068,-0.7071068,-5e-7,-1e-7;
custom,killprism,cannonregionmat,0.8660256,0,1.1545906,1,1,1,0,0.0866026,0,-3200,49.9224993,460.3412909,2e-7,4e-7,-0.7071068,-0.7071068;
custom,killprism,cannonregionmat,0.8660256,0,1.1545908,1,1,1,0,0.0866026,0,-3170.487962,16.7468243,481.7810824,-0.7071065,0,0,-0.707107;
custom,killprism,cannonregionmat,0.8660256,0,1.1535514,1,1,1,0,0.0866026,0,-3200.000305,49.9224994,537.3405196,-0.7071068,-0.7071068,0,0;
custom,killprism,cannonregionmat,0.8660256,0,1.1535514,1,1,1,0,0.0866026,0,-3200.000305,49.9224994,547.3405196,-0.7071068,-0.7071068,0,0;
custom,killprism,cannonregionmat,0.8660256,0,1.1535514,1,1,1,0,0.0866026,0,-3200.000305,49.9224994,557.3405196,-0.7071068,-0.7071068,0,0;
custom,killprism,cannonregionmat,0.8660256,0,1.1535514,1,1,1,0,0.0866026,0,-3200.000305,49.9224994,507.3405196,-0.7071068,-0.7071068,0,0;
custom,killprism,cannonregionmat,0.8660256,0,1.1535514,1,1,1,0,0.0866026,0,-3200.000305,49.9224994,517.3405196,-0.7071068,-0.7071068,0,0;
custom,killprism,cannonregionmat,0.8660256,0,1.1535514,1,1,1,0,0.0866026,0,-3200.000305,49.9224994,527.3405196,-0.7071068,-0.7071068,0,0;
custom,killprism,cannonregionmat,0.8660256,0,1.1535515,1,1,1,0,0.0866026,0,-3120.170368,48.3720189,740,0.4545196,-0.5416752,-0.5416752,0.4545195;
custom,killprism,cannonregionmat,0.8660256,0,1.1535515,1,1,1,0,0.0866026,0,-3110.322346,46.6355353,740,0.4545196,-0.5416752,-0.5416752,0.4545195;
custom,killprism,cannonregionmat,0.8660256,0,1.1535515,1,1,1,0,0.0866026,0,-3100.474323,44.8990517,740,0.4545196,-0.5416752,-0.5416752,0.4545195;
custom,killprism,cannonregionmat,0.8660254,0,1.1535514,1,1,1,0,0.0866025,0,-3170,49.9,740,-0.5,-0.5000001,0.4999999,0.5;
custom,killprism,cannonregionmat,0.8660254,0,1.1535514,1,1,1,0,0.0866025,0,-3160,49.9,740,-0.5,-0.5000001,0.4999999,0.5;
custom,killprism,cannonregionmat,0.8660254,0,1.1535514,1,1,1,0,0.0866025,0,-3150,49.9,740,-0.5,-0.5000001,0.4999999,0.5;
custom,killprism,cannonregionmat,1.7320509,0,2.3091807,1,1,1,0,0.1732051,0,-2740,30.1550013,719.3174184,-0.7071069,0.7071066,-2e-7,2e-7;
custom,killprism,cannonregionmat,0.8660256,0,1.1545908,1,1,1,0,0.0866026,0,-1680,50.0775006,-700.341291,0.7071068,-0.7071068,0,1e-7;