map,disablebounds;


custom,killcuboid,brick3,1,150,1000,1,0,0,1,0.01,0.01,0,9500,4460,0,1,0,1;
custom,killcuboid,brick3,1,150,1000,1,0,0,1,0.01,0.01,4900,9500,-425,0,0,0,0;
custom,killcuboid,brick3,1,150,1000,1,0,0,1,0.01,0.01,-5000,9500,-425,0,0,0,0;

custom,cuboid,trunktex,1100,1,1100,1,0.1,0.35,0.75,1100,1100,0,9995.5,0,0,0.414,0,1;
racing,killplane,1099.9,-0.9,1099.9,0,10000.45,0,0,0.414,0,1;


base,levelBottom,default,1.1005,16.6666667,1.1005,0,1,1,1,1,1,0,9499.5,0,0,0.414,0,1;
custom,cuboid,lava1,1100.5,100,1100.5,1,0,0,1,10,10,0,9499.5,0,0,0.414,0,1;






racing,killcuboid,50,6,1,0,10030,-285,0,0,0,0;
racing,killcuboid,40,6,1,168,10030,-50,0,0.414,0,1;
racing,killcuboid,40,6,1,-168,10030,-50,0,-0.414,0,1;

custom,killcuboid,metal2,49.9,6,0.9,1,1,0.65,0.35,0,0.6,0,10030,-285,0,0,0,0;
custom,killcuboid,metal2,39.9,6,0.9,1,1,0.65,0.35,0,0.6,168,10030,-50,0,0.414,0,1;
custom,killcuboid,metal2,39.9,6,0.9,1,1,0.65,0.35,0,0.6,-168,10030,-50,0,-0.414,0,1;



custom,boulder5,metal2,5,6,5,1,0.35,0.65,1,0,1.5,125,10000,-200,0,-0.414,0,1;
custom,boulder5,metal2,5,6,-5,1,0.35,0.65,1,0,1.5,-125,10000,-200,0,-0.414,0,1;










custom,cuboid,metal2,1,6,40,1,0.35,0.65,1,0,0.6,25,10030,75,0,0,0,0;
custom,cuboid,metal2,1,6,40,1,0.35,0.65,1,0,0.6,-25,10030,75,0,0,0,0;

custom,pillar1,metal2,1,1,1,1,0.35,0.65,1,0,1.2,25,10000,-125,0,0,0,0;
custom,pillar1,metal2,1,1,1,1,0.35,0.65,1,0,1.2,-25,10000,-125,0,0,0,0;



custom,cuboid,metal2,1,6,40,1,0.35,0.65,1,0,0.6,35,10030,475,0,0,0,0;
custom,cuboid,metal2,1,6,40,1,0.35,0.65,1,0,0.6,-35,10030,475,0,0,0,0;

racing,killcuboid,1,6,40,25,10030,875,0,0,0,0;
racing,killcuboid,1,6,40,-25,10030,875,0,0,0,0;
custom,killcuboid,metal2,0.9,6,39.9,1,1,0.65,0.35,0,0.6,25.5,10030,875,0,0,0,0;
custom,killcuboid,metal2,0.9,6,39.9,1,1,0.65,0.35,0,0.6,-25.5,10030,875,0,0,0,0;


racing,killcuboid,1,6,40,15,10030,1275,0,0,0,0;
racing,killcuboid,1,6,40,-15,10030,1275,0,0,0,0;
custom,killcuboid,metal2,0.9,6,39.9,1,1,0.65,0.35,0,0.6,15.5,10030,1275,0,0,0,0;
custom,killcuboid,metal2,0.9,6,39.9,1,1,0.65,0.35,0,0.6,-15.5,10030,1275,0,0,0,0;

racing,killcuboid,1.1,6,40,15.4,10030,1675,0,0,0,0;
racing,killcuboid,1,6,40,-15,10030,1675,0,0,0,0;




racing,killcuboid,4,1,38,0,10005.5,875,0,0,0,0;
racing,killcuboid,2,2,38,0,10010,1275,0,0,0,0;
racing,killcuboid,2,2,38,0,10010,1675,0,0,0,0;

racing,killcuboid,4,1,38,0,10054.5,875,0,0,0,0;
racing,killcuboid,2,2,38,0,10050,1275,0,0,0,0;
racing,killcuboid,2,2,38,0,10050,1675,0,0,0,0;





custom,killplane,metal2,9,-1,6,1,1,0.65,0.35,0,0.6,65,10030,1865.5,1,0,0,1;
racing,killcuboid,9,6,1,65,10030,1870,0,0,0,0;
racing,killcuboid,9,1,0.9,65,10055,1870.5,0,0,0,0;
racing,killcuboid,9,1,0.9,65,10005,1870.5,0,0,0,0;
custom,cuboid,metal2,10,6,1,1,0.35,0.65,1,0,0.6,160,10030,1870,0,0,0,0;
racing,killcuboid,10,6,1,260,10030,1870,0,0,0,0;
custom,killcuboid,metal2,9.9,6,0.9,1,1,0.65,0.35,0,0.6,260,10030,1870,0,0,0,0;

custom,cuboid,metal2,30,6,1,1,0.35,0.65,1,0,0.6,385,10030,1870,0,1,0,1;
custom,cuboid,metal2,20,6,2,1,0.35,0.65,1,0,0.6,400,10030,1920,0,1,0,1;
custom,cuboid,metal2,20,6,1,1,0.35,0.65,1,0,0.6,280,10030,1725,0,0,0,1;
racing,killcuboid,10,6,1,130,10030,1725,0,0,0,1;
custom,killcuboid,metal2,9.9,6,0.9,1,1,0.65,0.35,0,0.6,130,10030,1725,0,0,0,1;


racing,killcuboid,41,6,1,185,10030,2025,0,0,0,0;
custom,killcuboid,metal2,40.9,6,0.9,1,1,0.65,0.35,0,0.6,185,10030,2025,0,0,0,0;

racing,killcuboid,1,6,16.5,-25,10030,1947.5,0,0,0,0;
custom,killcuboid,metal2,0.9,6,16.4,1,1,0.65,0.35,0,0.6,-25,10030,1947.5,0,0,0,0;

custom,killplane,metal2,39.9,1,6,1,1,0.65,0.35,0,0.6,20.5,10030,1675,0.5,0.5,-0.5,0.5;

custom,cuboid,metal2,27,6,1,1,0.35,0.65,1,0,0.6,255,10030,1665,0,0,0,1;
custom,killcuboid,metal2,9.9,6,0.9,1,1,0.65,0.35,0,0.6,70,10030,1665,0,0,0,1;
racing,killcuboid,10,6,1,70,10030,1665,0,0,0,1;



//holycow;
racing,killcuboid,1,6,40,590.12,10030,1664.13,0,0.708412,0,0.7057992;
racing,killcuboid,1,6,25.6002,518.306,10030,1724.592,0,0.708412,0,0.7057992;
racing,killcuboid,1,6,40,787.3344,10030.00001,1860.904,0,0.3933369,0,0.9193944;
racing,killcuboid,1,6,25.6002,804.4346,10030,1761.245,0,0.354556,0,0.9350348;
racing,killcuboid,1,6,40,1059.332,10030,1927.541,0,0.708412,0,0.7057992;
racing,killcuboid,1,6,25.6002,1011.531,10030,1836.384,0,0.7568861,0,0.6535469;
racing,killcuboid,1,6,34.81609,1086.077,10030,1686.595,0,0.708412,0,0.7057992;
racing,killcuboid,1,6,32.62703,976.9515,10030,1784.005,0,0.6527426,0,0.7575799;
racing,killcuboid,1,6,40,1254.149,10030,1796.133,0,1,0,0.0000327;
racing,killcuboid,1,6,40,917.1503,10030,1482.244,0,1,0,0.0000327;
racing,killcuboid,1,6,40,827.9685,10029.99997,1558.316,0,1,0,0.0000327;
racing,killcuboid,1,6,18.87552,829.1887,10030,1264.636,0,0.6527426,0,0.7575799;
racing,killcuboid,1,6,18.87552,829.1887,10030,1227.787,0,0.755049,0,0.6556684;
racing,killcuboid,1,6,40,651.0163,10030,1236.282,0,1,0,0.0000327;
racing,killcuboid,1,6,18.87552,728.9973,10030,1349.438,0,0.6527426,0,0.7575799;
racing,killcuboid,1,6,38.51521,829.1887,10030,1126.214,0,0.755049,0,0.6556684;
racing,killcuboid,1,6,13.89339,1025.387,10030,1173.708,0,1,0,0.0000327;
racing,killcuboid,1,6,7.351271,918.2747,10030,1246.448,0,1,0,0.0000327;
racing,killcuboid,1,6,40,1220,10030,1245,0,0.708412,0,0.7057992;
racing,killcuboid,1,6,50,1170,10030,1350,0,0.708412,0,0.7057992;

racing,killcuboid,1,1,40,590.12,10005,1664.13,0,0.708412,0,0.7057992;
racing,killcuboid,1,1,25.6002,518.306,10005,1724.592,0,0.708412,0,0.7057992;
racing,killcuboid,1,1,40,787.3344,10005,1860.904,0,0.3933369,0,0.9193944;
racing,killcuboid,1,1,25.6002,804.4346,10005,1761.245,0,0.354556,0,0.9350348;
racing,killcuboid,1,1,40,1059.332,10005,1927.541,0,0.708412,0,0.7057992;
racing,killcuboid,1,1,25.6002,1011.531,10005,1836.384,0,0.7568861,0,0.6535469;
racing,killcuboid,1,1,34.81609,1086.077,10005,1686.595,0,0.708412,0,0.7057992;
racing,killcuboid,1,1,32.62703,976.9515,10005,1784.005,0,0.6527426,0,0.7575799;
racing,killcuboid,1,1,40,1254.149,10005,1796.133,0,1,0,0.0000327;
racing,killcuboid,1,1,40,917.1503,10005,1482.244,0,1,0,0.0000327;
racing,killcuboid,1,1,40,827.9685,10005,1558.316,0,1,0,0.0000327;
racing,killcuboid,1,1,18.87552,829.1887,10005,1264.636,0,0.6527426,0,0.7575799;
racing,killcuboid,1,1,18.87552,829.1887,10005,1227.787,0,0.755049,0,0.6556684;
racing,killcuboid,1,1,40,651.0163,10005,1236.282,0,1,0,0.0000327;
racing,killcuboid,1,1,18.87552,728.9973,10005,1349.438,0,0.6527426,0,0.7575799;
racing,killcuboid,1,1,38.51521,829.1887,10005,1126.214,0,0.755049,0,0.6556684;
racing,killcuboid,1,1,13.89339,1025.387,10005,1173.708,0,1,0,0.0000327;
racing,killcuboid,1,1,7.351271,918.2747,10005,1246.448,0,1,0,0.0000327;
racing,killcuboid,1,1,40,1220,10005,1245,0,0.708412,0,0.7057992;
racing,killcuboid,1,1,50,1170,10005,1350,0,0.708412,0,0.7057992;
racing,killcuboid,1,1,40,590.12,10055,1664.13,0,0.708412,0,0.7057992;
racing,killcuboid,1,1,25.6002,518.306,10055,1724.592,0,0.708412,0,0.7057992;
racing,killcuboid,1,1,40,787.3344,10055,1860.904,0,0.3933369,0,0.9193944;
racing,killcuboid,1,1,25.6002,804.4346,10055,1761.245,0,0.354556,0,0.9350348;
racing,killcuboid,1,1,40,1059.332,10055,1927.541,0,0.708412,0,0.7057992;
racing,killcuboid,1,1,25.6002,1011.531,10055,1836.384,0,0.7568861,0,0.6535469;
racing,killcuboid,1,1,34.81609,1086.077,10055,1686.595,0,0.708412,0,0.7057992;
racing,killcuboid,1,1,32.62703,976.9515,10055,1784.005,0,0.6527426,0,0.7575799;
racing,killcuboid,1,1,40,1254.149,10055,1796.133,0,1,0,0.0000327;
racing,killcuboid,1,1,40,917.1503,10055,1482.244,0,1,0,0.0000327;
racing,killcuboid,1,1,40,827.9685,10055,1558.316,0,1,0,0.0000327;
racing,killcuboid,1,1,18.87552,829.1887,10055,1264.636,0,0.6527426,0,0.7575799;
racing,killcuboid,1,1,18.87552,829.1887,10055,1227.787,0,0.755049,0,0.6556684;
racing,killcuboid,1,1,40,651.0163,10055,1236.282,0,1,0,0.0000327;
racing,killcuboid,1,1,18.87552,728.9973,10055,1349.438,0,0.6527426,0,0.7575799;
racing,killcuboid,1,1,38.51521,829.1887,10055,1126.214,0,0.755049,0,0.6556684;
racing,killcuboid,1,1,13.89339,1025.387,10055,1173.708,0,1,0,0.0000327;
racing,killcuboid,1,1,7.351271,918.2747,10055,1246.448,0,1,0,0.0000327;
racing,killcuboid,1,1,40,1220,10055,1245,0,0.708412,0,0.7057992;
racing,killcuboid,1,1,50,1170,10055,1350,0,0.708412,0,0.7057992;





custom,boulder5,metal2,5,6,5,1,0.35,0.65,1,0,1,600,10000,1850,0,1,0,1;
custom,boulder5,metal2,3,6,3,1,0.35,0.65,1,0,1,900,10000,1815,0,0,0,1;
custom,boulder5,metal2,2,6,1,1,0.35,0.65,1,0,1,1090,10000,1815,0,0,0,1;
custom,boulder5,metal2,3,6,3,1,0.35,0.65,1,0,1,950,10000,1650,0,-1,0,1;
custom,boulder5,metal2,3,6,3,1,0.35,0.65,1,0,1,800,10000,1450,0,1,0,1;
custom,boulder5,metal2,2,6,1,1,0.35,0.65,1,0,1,810,10000,1245,0,0,0,1;
custom,boulder5,metal2,5,6,5,1,0.35,0.65,1,0,1,1075,10000,1175,0,-0.414,0,1;





custom,pillar1,metal2,1,1,1,1,0.35,0.65,1,0,1.2,1420,10000,1245,0,0,0,0;
custom,pillar1,metal2,1,1,1,1,0.35,0.65,1,0,1.2,1420,10000,1350,0,0,0,0;

custom,pillar1,metal2,1,1,1,1,0.35,0.65,1,0,1.2,390,10000,1665,0,0,0,0;
custom,pillar1,metal2,1,1,1,1,0.35,0.65,1,0,1.2,390,10000,1725,0,0,0,0;

custom,cuboid,metal2,1,6,6,1,0.35,0.65,1,0,0.6,1420,10030,1215,0,0,0,0;
custom,cuboid,metal2,1,6,6,1,0.35,0.65,1,0,0.6,1420,10030,1380,0,0,0,0;


custom,boulder5,metal2,5,6,-5,1,0.35,0.65,1,0,1.5,150,10000,-350,0,-0.414,0,1;
custom,boulder5,metal2,5,6,5,1,0.35,0.65,1,0,1.5,-150,10000,-350,0,-0.414,0,1;


racing,killcuboid,70,6,1,1770,10030,1245,0,0,0,0;
racing,killcuboid,70,6,1,1770,10030,1350,0,0,0,0;
custom,killcuboid,metal2,69.9,5.9,0.9,1,1,0.65,0.35,0,0.6,1770,10030,1245,0,0,0,0;
custom,killcuboid,metal2,69.9,5.9,0.9,1,1,0.65,0.35,0,0.6,1770,10030,1350,0,0,0,0;

custom,cuboid,metal2,70,6,1,1,0.35,0.65,1,0,0.6,2470,10030,1245,0,0,0,0;
racing,killcuboid,70,6,1,2470,10030,1350,0,0,0,0;
custom,killcuboid,metal2,69.9,5.9,0.9,1,1,0.65,0.35,0,0.6,2470,10030,1350,0,0,0,0;

racing,killcuboid,70,6,1,3170,10030,1245,0,0,0,0;
custom,cuboid,metal2,70,6,1,1,0.35,0.65,1,0,0.6,3170,10030,1350,0,0,0,0;
custom,killcuboid,metal2,69.9,5.9,0.9,1,1,0.65,0.35,0,0.6,3170,10030,1245,0,0,0,0;

racing,killcuboid,70,6,1,3870,10030,1245,0,0,0,0;
racing,killcuboid,70,6,1,3870,10030,1350,0,0,0,0;
custom,killcuboid,metal2,69.9,5.9,0.9,1,1,0.65,0.35,0,0.6,3870,10030,1245,0,0,0,0;
custom,killcuboid,metal2,69.9,5.9,0.9,1,1,0.65,0.35,0,0.6,3870,10030,1350,0,0,0,0;










racing,killCuboid,4,1.1,6,4240,10030,1340,-0.7071068,0,0,0.7071068;
racing,killCuboid,4,2.1,6,4280,10030,1335,-0.7071068,0,0,0.7071068;
racing,killCuboid,4,3.1,6,4320,10030,1330,-0.7071068,0,0,0.7071068;
racing,killCuboid,4,4.1,6,4360,10030,1325,-0.7071068,0,0,0.7071068;
racing,killCuboid,-4,-1.1,-6,4240,10030,1255,0,-0.7071068,-0.7071068,0;
racing,killCuboid,-4,-2.1,-6,4280,10030,1260,0,-0.7071068,-0.7071068,0;
racing,killCuboid,-4,-3.1,-6,4320,10030,1265,0,-0.7071068,-0.7071068,0;
racing,killCuboid,-4,-4.1,-6,4360,10030,1270,0,-0.7071068,-0.7071068,0;
custom,killcuboid,metal2,3.9,0.95,5.9,1,1,0.65,0.35,0,0.1,4240,10030,1340,-0.7071068,0,0,0.7071068;
custom,killcuboid,metal2,3.9,1.95,5.9,1,1,0.65,0.35,0,0.2,4280,10030,1335,-0.7071068,0,0,0.7071068;
custom,killcuboid,metal2,3.9,2.95,5.9,1,1,0.65,0.35,0,0.3,4320,10030,1330,-0.7071068,0,0,0.7071068;
custom,killcuboid,metal2,3.9,3.95,5.9,1,1,0.65,0.35,0,0.4,4360,10030,1325,-0.7071068,0,0,0.7071068;
custom,killcuboid,metal2,3.8,1,5.8,1,1,0.65,0.35,0.2,0,4240,10030,1340,-0.7071068,0,0,0.7071068;
custom,killcuboid,metal2,3.8,2,5.8,1,1,0.65,0.35,0.2,0,4280,10030,1335,-0.7071068,0,0,0.7071068;
custom,killcuboid,metal2,3.8,3,5.8,1,1,0.65,0.35,0.2,0,4320,10030,1330,-0.7071068,0,0,0.7071068;
custom,killcuboid,metal2,3.8,4,5.8,1,1,0.65,0.35,0.2,0,4360,10030,1325,-0.7071068,0,0,0.7071068;
custom,killcuboid,metal2,-3.9,-0.95,-5.9,1,1,0.65,0.35,0,0.1,4240,10030,1255,0,-0.7071068,-0.7071068,0;
custom,killcuboid,metal2,-3.9,-1.95,-5.9,1,1,0.65,0.35,0,0.2,4280,10030,1260,0,-0.7071068,-0.7071068,0;
custom,killcuboid,metal2,-3.9,-2.95,-5.9,1,1,0.65,0.35,0,0.3,4320,10030,1265,0,-0.7071068,-0.7071068,0;
custom,killcuboid,metal2,-3.9,-3.95,-5.9,1,1,0.65,0.35,0,0.4,4360,10030,1270,0,-0.7071068,-0.7071068,0;
custom,killcuboid,metal2,-3.8,-1,-5.8,1,1,0.65,0.35,0.2,0,4240,10030,1255,0,-0.7071068,-0.7071068,0;
custom,killcuboid,metal2,-3.8,-2,-5.8,1,1,0.65,0.35,0.2,0,4280,10030,1260,0,-0.7071068,-0.7071068,0;
custom,killcuboid,metal2,-3.8,-3,-5.8,1,1,0.65,0.35,0.2,0,4320,10030,1265,0,-0.7071068,-0.7071068,0;
custom,killcuboid,metal2,-3.8,-4,-5.8,1,1,0.65,0.35,0.2,0,4360,10030,1270,0,-0.7071068,-0.7071068,0;



racing,killCuboid,4,1.1,6,3540,10030,1340,-0.7071068,0,0,0.7071068;
racing,killCuboid,4,2.1,6,3580,10030,1335,-0.7071068,0,0,0.7071068;
racing,killCuboid,4,3.1,6,3620,10030,1330,-0.7071068,0,0,0.7071068;
racing,killCuboid,4,4.1,6,3660,10030,1325,-0.7071068,0,0,0.7071068;
racing,killCuboid,4,5.1,6,3700,10030,1320,-0.7071068,0,0,0.7071068;
racing,killCuboid,4,6.1,6,3740,10030,1315,-0.7071068,0,0,0.7071068;
custom,killcuboid,metal2,3.9,0.95,5.9,1,1,0.65,0.35,0,0.1,3540,10030,1340,-0.7071068,0,0,0.7071068;
custom,killcuboid,metal2,3.9,1.95,5.9,1,1,0.65,0.35,0,0.2,3580,10030,1335,-0.7071068,0,0,0.7071068;
custom,killcuboid,metal2,3.9,2.95,5.9,1,1,0.65,0.35,0,0.3,3620,10030,1330,-0.7071068,0,0,0.7071068;
custom,killcuboid,metal2,3.9,3.95,5.9,1,1,0.65,0.35,0,0.4,3660,10030,1325,-0.7071068,0,0,0.7071068;
custom,killcuboid,metal2,3.9,4.95,5.9,1,1,0.65,0.35,0,0.5,3700,10030,1320,-0.7071068,0,0,0.7071068;
custom,killcuboid,metal2,3.9,5.95,5.9,1,1,0.65,0.35,0,0.6,3740,10030,1315,-0.7071068,0,0,0.7071068;
custom,killcuboid,metal2,3.8,1,5.8,1,1,0.65,0.35,0.2,0,3540,10030,1340,-0.7071068,0,0,0.7071068;
custom,killcuboid,metal2,3.8,2,5.8,1,1,0.65,0.35,0.2,0,3580,10030,1335,-0.7071068,0,0,0.7071068;
custom,killcuboid,metal2,3.8,3,5.8,1,1,0.65,0.35,0.2,0,3620,10030,1330,-0.7071068,0,0,0.7071068;
custom,killcuboid,metal2,3.8,4,5.8,1,1,0.65,0.35,0.2,0,3660,10030,1325,-0.7071068,0,0,0.7071068;
custom,killcuboid,metal2,3.8,5,5.8,1,1,0.65,0.35,0.2,0,3700,10030,1320,-0.7071068,0,0,0.7071068;
custom,killcuboid,metal2,3.8,6,5.8,1,1,0.65,0.35,0.2,0,3740,10030,1315,-0.7071068,0,0,0.7071068;


racing,killCuboid,4,1.1,11.5,2640,10055,1297.5,-1,0,0,0;
racing,killCuboid,4,2.1,11.5,2680,10050,1297.5,-1,0,0,0;
racing,killCuboid,4,3.1,11.5,2720,10045,1297.5,-1,0,0,0;
racing,killCuboid,4,4.1,11.5,2760,10040,1297.5,-1,0,0,0;
racing,killCuboid,4,5.1,11.5,2800,10035,1297.5,-1,0,0,0;
custom,killcuboid,metal2,3.9,0.95,11.4,1,1,0.65,0.35,0,0.1,2640,10055,1297.5,-1,0,0,0;
custom,killcuboid,metal2,3.9,1.95,11.4,1,1,0.65,0.35,0,0.2,2680,10050,1297.5,-1,0,0,0;
custom,killcuboid,metal2,3.9,2.95,11.4,1,1,0.65,0.35,0,0.3,2720,10045,1297.5,-1,0,0,0;
custom,killcuboid,metal2,3.9,3.95,11.4,1,1,0.65,0.35,0,0.4,2760,10040,1297.5,-1,0,0,0;
custom,killcuboid,metal2,3.9,4.95,11.4,1,1,0.65,0.35,0,0.5,2800,10035,1297.5,-1,0,0,0;
custom,killcuboid,metal2,3.8,1,11.3,1,1,0.65,0.35,0.2,0,2640,10055,1297.5,-1,0,0,0;
custom,killcuboid,metal2,3.8,2,11.3,1,1,0.65,0.35,0.2,0,2680,10050,1297.5,-1,0,0,0;
custom,killcuboid,metal2,3.8,3,11.3,1,1,0.65,0.35,0.2,0,2720,10045,1297.5,-1,0,0,0;
custom,killcuboid,metal2,3.8,4,11.3,1,1,0.65,0.35,0.2,0,2760,10040,1297.5,-1,0,0,0;
custom,killcuboid,metal2,3.8,5,11.3,1,1,0.65,0.35,0.2,0,2800,10035,1297.5,-1,0,0,0;



racing,killCuboid,-4,-1.1,-6,2640,10030,1255,0,-0.7071068,-0.7071068,0;
racing,killCuboid,-4,-2.1,-6,2680,10030,1260,0,-0.7071068,-0.7071068,0;
racing,killCuboid,-4,-3.1,-6,2720,10030,1265,0,-0.7071068,-0.7071068,0;
racing,killCuboid,-4,-4.1,-6,2760,10030,1270,0,-0.7071068,-0.7071068,0;
racing,killCuboid,-4,-5.1,-6,2800,10030,1275,0,-0.7071068,-0.7071068,0;
custom,killcuboid,metal2,-3.9,-0.95,-5.9,1,1,0.65,0.35,0,0.1,2640,10030,1255,0,-0.7071068,-0.7071068,0;
custom,killcuboid,metal2,-3.9,-1.95,-5.9,1,1,0.65,0.35,0,0.2,2680,10030,1260,0,-0.7071068,-0.7071068,0;
custom,killcuboid,metal2,-3.9,-2.95,-5.9,1,1,0.65,0.35,0,0.3,2720,10030,1265,0,-0.7071068,-0.7071068,0;
custom,killcuboid,metal2,-3.9,-3.95,-5.9,1,1,0.65,0.35,0,0.4,2760,10030,1270,0,-0.7071068,-0.7071068,0;
custom,killcuboid,metal2,-3.9,-4.95,-5.9,1,1,0.65,0.35,0,0.5,2800,10030,1275,0,-0.7071068,-0.7071068,0;
custom,killcuboid,metal2,-3.8,-1,-5.8,1,1,0.65,0.35,0.2,0,2640,10030,1255,0,-0.7071068,-0.7071068,0;
custom,killcuboid,metal2,-3.8,-2,-5.8,1,1,0.65,0.35,0.2,0,2680,10030,1260,0,-0.7071068,-0.7071068,0;
custom,killcuboid,metal2,-3.8,-3,-5.8,1,1,0.65,0.35,0.2,0,2720,10030,1265,0,-0.7071068,-0.7071068,0;
custom,killcuboid,metal2,-3.8,-4,-5.8,1,1,0.65,0.35,0.2,0,2760,10030,1270,0,-0.7071068,-0.7071068,0;
custom,killcuboid,metal2,-3.8,-5,-5.8,1,1,0.65,0.35,0.2,0,2800,10030,1275,0,-0.7071068,-0.7071068,0;



racing,killCuboid,4,1.1,9.5,1640,10002.5,1297.5,0,-1,0,0;
racing,killCuboid,4,2.1,9.5,1600,10007.5,1297.5,0,-1,0,0;
racing,killCuboid,4,3.1,9.5,1560,10012.5,1297.5,0,-1,0,0;
racing,killCuboid,4,4.1,9.5,1520,10017.5,1297.5,0,-1,0,0;
racing,killCuboid,4,5.1,9.5,1480,10022.5,1297.5,0,-1,0,0;
racing,killCuboid,4,5.6,9.5,1440,10025,1297.5,0,-1,0,0;
custom,killcuboid,metal2,3.9,0.95,9.4,1,1,0.65,0.35,0,0.1,1640,10002.5,1297.5,0,-1,0,0;
custom,killcuboid,metal2,3.9,1.95,9.4,1,1,0.65,0.35,0,0.2,1600,10007.5,1297.5,0,-1,0,0;
custom,killcuboid,metal2,3.9,2.95,9.4,1,1,0.65,0.35,0,0.3,1560,10012.5,1297.5,0,-1,0,0;
custom,killcuboid,metal2,3.9,3.95,9.4,1,1,0.65,0.35,0,0.4,1520,10017.5,1297.5,0,-1,0,0;
custom,killcuboid,metal2,3.9,4.95,9.4,1,1,0.65,0.35,0,0.5,1480,10022.5,1297.5,0,-1,0,0;
custom,killcuboid,metal2,3.9,5.45,9.4,1,1,0.65,0.35,0,0.55,1440,10025,1297.5,0,-1,0,0;
custom,killcuboid,metal2,3.8,1,9.3,1,1,0.65,0.35,0.2,0,1640,10002.5,1297.5,0,-1,0,0;
custom,killcuboid,metal2,3.8,2,9.3,1,1,0.65,0.35,0.2,0,1600,10007.5,1297.5,0,-1,0,0;
custom,killcuboid,metal2,3.8,3,9.3,1,1,0.65,0.35,0.2,0,1560,10012.5,1297.5,0,-1,0,0;
custom,killcuboid,metal2,3.8,4,9.3,1,1,0.65,0.35,0.2,0,1520,10017.5,1297.5,0,-1,0,0;
custom,killcuboid,metal2,3.8,5,9.3,1,1,0.65,0.35,0.2,0,1480,10022.5,1297.5,0,-1,0,0;
custom,killcuboid,metal2,3.8,5.5,9.3,1,1,0.65,0.35,0.2,0,1440,10025,1297.5,0,-1,0,0;


racing,killcuboid,10,6,1,4430,10030,1245,0,0,0,0;
racing,killcuboid,10,6,1,4430,10030,1350,0,0,0,0;
custom,killcuboid,metal2,9.9,5.9,0.9,1,1,0.65,0.35,0,0.6,4430,10030,1245,0,0,0,0;
custom,killcuboid,metal2,9.9,5.9,0.9,1,1,0.65,0.35,0,0.6,4430,10030,1350,0,0,0,0;

custom,cuboid,metal2,20,6,1,1,0.35,0.65,1,0,0.6,4580,10030,1245,0,0,0,0;
custom,cuboid,metal2,10,6,1,1,0.35,0.65,1,0,0.6,4530,10030,1350,0,0,0,0;

custom,cuboid,metal2,20,6,1,1,0.35,0.65,1,0,0.6,4575,10030,1445,0,1,0,1;
custom,cuboid,metal2,30,6,3,1,0.35,0.65,1,0,0.6,4685,10030,1395,0,1,0,1;



custom,cuboid,metal2,30,6,1,1,0.35,0.65,1,0,0.6,4675,10030,1695,0,1,0,1;
custom,cuboid,metal2,20,6,1,1,0.35,0.65,1,0,0.6,4575,10030,1645,0,1,0,1;
custom,cuboid,metal2,10,6,1,1,0.35,0.65,1,0,0.6,4520,10030,1740,0,0,0,1;
custom,cuboid,metal2,10,6,1,1,0.35,0.65,1,0,0.6,4620,10030,1840,0,0,0,1;
custom,cuboid,metal2,20,6,3,1,0.35,0.65,1,0,0.6,4465,10030,1845,0,1,0,1;
custom,cuboid,metal2,10,6,1,1,0.35,0.65,1,0,0.6,4575,10030,1895,0,1,0,1;




racing,killCuboid,4,6,1,4575,10030,1765,0,1,0,1;
custom,killcuboid,metal2,3.9,5.9,0.9,1,1,0.65,0.35,0,0.6,4575,10030,1765,0,1,0,1;

racing,killCuboid,4,6,1,4600,10030,1350,0,0,0,0;
custom,killcuboid,metal2,3.9,5.9,0.9,1,1,0.65,0.35,0,0.6,4600,10030,1350,0,0,0,0;
racing,killCuboid,4,6,1,4550,10030,1840,0,0,0,0;
custom,killcuboid,metal2,3.9,5.9,0.9,1,1,0.65,0.35,0,0.6,4550,10030,1840,0,0,0,0;


custom,cylinder,default,10,0.959311,10,1,0,0,0,0,0,4284.2040116,10031.3817,4460,0,1,0,0;
custom,cylinder,default,10,0.959311,10,1,0,0,0,0,0,4283.2924816,10041.8006,4460,-0.087167,0.9961938,0,0;
custom,cylinder,default,10,0.959311,10,1,0,0,0,0,0,4280.5855716,10051.9029,4460,-0.1736224,0.9848124,0,0;
custom,cylinder,default,10,0.959311,10,1,0,0,0,0,0,4276.1655316,10061.3817,4460,-0.2587747,0.9659377,0,0;
custom,cylinder,default,10,0.959311,10,1,0,0,0,0,0,4270.1666816,10069.949,4460,-0.3420448,0.9396836,0,0;
custom,cylinder,default,10,0.959311,10,1,0,0,0,0,0,4262.7712716,10077.3444,4460,-0.4226125,0.9063104,0,0;
custom,cylinder,default,10,0.959311,10,1,0,0,0,0,0,4254.2040116,10083.3432,4460,-0.5000324,0.8660068,0,0;
custom,cylinder,default,10,0.959311,10,1,0,0,0,0,0,4244.7252216,10087.7633,4460,-0.5735723,0.819155,0,0;
custom,cylinder,default,10,0.959311,10,1,0,0,0,0,0,4234.6229016,10090.4702,4460,-0.6427878,0.7660443,0,0;
custom,cylinder,default,10,0.959311,10,1,0,0,0,0,0,4224.2040116,10091.3817,4460,0.7071068,0.7071068,0,0;
custom,cylinder,default,10,0.959311,10,1,0,0,0,0,0,4213.7851216,10090.4702,4460,0.6427878,0.7660443,0,0;
custom,cylinder,default,10,0.959311,10,1,0,0,0,0,0,4203.6828016,10087.7633,4460,0.5735723,0.819155,0,0;
custom,cylinder,default,10,0.959311,10,1,0,0,0,0,0,4194.2040116,10083.3432,4460,0.5000324,0.8660068,0,0;
custom,cylinder,default,10,0.959311,10,1,0,0,0,0,0,4185.6367516,10077.3444,4460,0.4226125,0.9063104,0,0;
custom,cylinder,default,10,0.959311,10,1,0,0,0,0,0,4178.2413416,10069.949,4460,0.3420448,0.9396836,0,0;
custom,cylinder,default,10,0.959311,10,1,0,0,0,0,0,4172.2424916,10061.3817,4460,0.2587747,0.9659377,0,0;
custom,cylinder,default,10,0.959311,10,1,0,0,0,0,0,4167.8224516,10051.9029,4460,0.1736224,0.9848124,0,0;
custom,cylinder,default,10,0.959311,10,1,0,0,0,0,0,4165.1155416,10041.8006,4460,0.087167,0.9961938,0,0;
custom,cylinder,default,10,0.959311,10,1,0,0,0,0,0,4164.2040116,10031.3817,4460,0,1,0,0;
custom,cylinder,default,10,0.959311,10,1,0,0,0,0,0,4283.2924816,10020.9628,4460,0.087167,0.9961938,0,0;
custom,cylinder,default,10,0.959311,10,1,0,0,0,0,0,4280.5855716,10010.8605,4460,0.1736224,0.9848124,0,0;
custom,cylinder,default,10,0.9593108,10,1,0,0,0,0,0,4276.1655316,10001.3817,4460,0.2587747,0.9659377,0,0;
custom,cylinder,default,10,0.959311,10,1,0,0,0,0,0,4270.1666816,9992.8144,4460,0.3420448,0.9396836,0,0;
custom,cylinder,default,10,0.959311,10,1,0,0,0,0,0,4262.7712716,9985.419,4460,0.4226125,0.9063104,0,0;
custom,cylinder,default,10,0.959311,10,1,0,0,0,0,0,4254.2040116,9979.4202,4460,0.5000324,0.8660068,0,0;
custom,cylinder,default,10,0.959311,10,1,0,0,0,0,0,4244.7252216,9975.0001,4460,0.5735723,0.819155,0,0;
custom,cylinder,default,10,0.959311,10,1,0,0,0,0,0,4234.6229016,9972.2932,4460,0.6427878,0.7660443,0,0;
custom,cylinder,default,10,0.959311,10,1,0,0,0,0,0,4224.2040116,9971.3817,4460,0.7071068,0.7071068,0,0;
custom,cylinder,default,10,0.959311,10,1,0,0,0,0,0,4213.7851216,9972.2932,4460,-0.6427878,0.7660443,0,0;
custom,cylinder,default,10,0.959311,10,1,0,0,0,0,0,4203.6828016,9975.0001,4460,-0.5735723,0.819155,0,0;
custom,cylinder,default,10,0.959311,10,1,0,0,0,0,0,4194.2040116,9979.4202,4460,-0.5000324,0.8660068,0,0;
custom,cylinder,default,10,0.959311,10,1,0,0,0,0,0,4185.6367516,9985.419,4460,-0.4226125,0.9063104,0,0;
custom,cylinder,default,10,0.959311,10,1,0,0,0,0,0,4178.2413416,9992.8144,4460,-0.3420448,0.9396836,0,0;
custom,cylinder,default,10,0.959311,10,1,0,0,0,0,0,4172.2424916,10001.3817,4460,-0.2587747,0.9659377,0,0;
custom,cylinder,default,10,0.959311,10,1,0,0,0,0,0,4167.8224516,10010.8605,4460,-0.1736224,0.9848124,0,0;
custom,cylinder,default,10,0.959311,10,1,0,0,0,0,0,4165.1155416,10020.9628,4460,-0.087167,0.9961938,0,0;
custom,cylinder,ice1,10.05,0.01,10.05,1,0,0,0,0,0,4284.2040116,10031.3817,4460,0,1,0,0;
custom,cylinder,ice1,10.05,0.01,10.05,1,0,0,0,0,0,4283.2924816,10041.8006,4460,-0.087167,0.9961938,0,0;
custom,cylinder,ice1,10.05,0.01,10.05,1,0,0,0,0,0,4280.5855716,10051.9029,4460,-0.1736224,0.9848124,0,0;
custom,cylinder,ice1,10.05,0.01,10.05,1,0,0,0,0,0,4276.1655316,10061.3817,4460,-0.2587747,0.9659377,0,0;
custom,cylinder,ice1,10.05,0.01,10.05,1,0,0,0,0,0,4270.1666816,10069.949,4460,-0.3420448,0.9396836,0,0;
custom,cylinder,ice1,10.05,0.01,10.05,1,0,0,0,0,0,4262.7712716,10077.3444,4460,-0.4226125,0.9063104,0,0;
custom,cylinder,ice1,10.05,0.01,10.05,1,0,0,0,0,0,4254.2040116,10083.3432,4460,-0.5000324,0.8660068,0,0;
custom,cylinder,ice1,10.05,0.01,10.05,1,0,0,0,0,0,4244.7252216,10087.7633,4460,-0.5735723,0.819155,0,0;
custom,cylinder,ice1,10.05,0.01,10.05,1,0,0,0,0,0,4234.6229016,10090.4702,4460,-0.6427878,0.7660443,0,0;
custom,cylinder,ice1,10.05,0.01,10.05,1,0,0,0,0,0,4224.2040116,10091.3817,4460,0.7071068,0.7071068,0,0;
custom,cylinder,ice1,10.05,0.01,10.05,1,0,0,0,0,0,4213.7851216,10090.4702,4460,0.6427878,0.7660443,0,0;
custom,cylinder,ice1,10.05,0.01,10.05,1,0,0,0,0,0,4203.6828016,10087.7633,4460,0.5735723,0.819155,0,0;
custom,cylinder,ice1,10.05,0.01,10.05,1,0,0,0,0,0,4194.2040116,10083.3432,4460,0.5000324,0.8660068,0,0;
custom,cylinder,ice1,10.05,0.01,10.05,1,0,0,0,0,0,4185.6367516,10077.3444,4460,0.4226125,0.9063104,0,0;
custom,cylinder,ice1,10.05,0.01,10.05,1,0,0,0,0,0,4178.2413416,10069.949,4460,0.3420448,0.9396836,0,0;
custom,cylinder,ice1,10.05,0.01,10.05,1,0,0,0,0,0,4172.2424916,10061.3817,4460,0.2587747,0.9659377,0,0;
custom,cylinder,ice1,10.05,0.01,10.05,1,0,0,0,0,0,4167.8224516,10051.9029,4460,0.1736224,0.9848124,0,0;
custom,cylinder,ice1,10.05,0.01,10.05,1,0,0,0,0,0,4165.1155416,10041.8006,4460,0.087167,0.9961938,0,0;
custom,cylinder,ice1,10.05,0.01,10.05,1,0,0,0,0,0,4164.2040116,10031.3817,4460,0,1,0,0;
custom,cylinder,ice1,10.05,0.01,10.05,1,0,0,0,0,0,4283.2924816,10020.9628,4460,0.087167,0.9961938,0,0;
custom,cylinder,ice1,10.05,0.01,10.05,1,0,0,0,0,0,4280.5855716,10010.8605,4460,0.1736224,0.9848124,0,0;
custom,cylinder,ice1,10.05,0.01,10.05,1,0,0,0,0,0,4276.1655316,10001.3817,4460,0.2587747,0.9659377,0,0;
custom,cylinder,ice1,10.05,0.01,10.05,1,0,0,0,0,0,4270.1666816,9992.8144,4460,0.3420448,0.9396836,0,0;
custom,cylinder,ice1,10.05,0.01,10.05,1,0,0,0,0,0,4262.7712716,9985.419,4460,0.4226125,0.9063104,0,0;
custom,cylinder,ice1,10.05,0.01,10.05,1,0,0,0,0,0,4254.2040116,9979.4202,4460,0.5000324,0.8660068,0,0;
custom,cylinder,ice1,10.05,0.01,10.05,1,0,0,0,0,0,4244.7252216,9975.0001,4460,0.5735723,0.819155,0,0;
custom,cylinder,ice1,10.05,0.01,10.05,1,0,0,0,0,0,4234.6229016,9972.2932,4460,0.6427878,0.7660443,0,0;
custom,cylinder,ice1,10.05,0.01,10.05,1,0,0,0,0,0,4224.2040116,9971.3817,4460,0.7071068,0.7071068,0,0;
custom,cylinder,ice1,10.05,0.01,10.05,1,0,0,0,0,0,4213.7851216,9972.2932,4460,-0.6427878,0.7660443,0,0;
custom,cylinder,ice1,10.05,0.01,10.05,1,0,0,0,0,0,4203.6828016,9975.0001,4460,-0.5735723,0.819155,0,0;
custom,cylinder,ice1,10.05,0.01,10.05,1,0,0,0,0,0,4194.2040116,9979.4202,4460,-0.5000324,0.8660068,0,0;
custom,cylinder,ice1,10.05,0.01,10.05,1,0,0,0,0,0,4185.6367516,9985.419,4460,-0.4226125,0.9063104,0,0;
custom,cylinder,ice1,10.05,0.01,10.05,1,0,0,0,0,0,4178.2413416,9992.8144,4460,-0.3420448,0.9396836,0,0;
custom,cylinder,ice1,10.05,0.01,10.05,1,0,0,0,0,0,4172.2424916,10001.3817,4460,-0.2587747,0.9659377,0,0;
custom,cylinder,ice1,10.05,0.01,10.05,1,0,0,0,0,0,4167.8224516,10010.8605,4460,-0.1736224,0.9848124,0,0;
custom,cylinder,ice1,10.05,0.01,10.05,1,0,0,0,0,0,4165.1155416,10020.9628,4460,-0.087167,0.9961938,0,0;
custom,cuboid,default,10,2.792527,10,1,0,0,0,0,0,4334.0040116,10031.3817,4460,0,1,0,0;
custom,cuboid,default,10,2.792527,10,1,0,0,0,0,0,4332.3359116,10050.4483,4460,-0.087167,0.9961938,0,0;
custom,cuboid,default,10,2.792527,10,1,0,0,0,0,0,4327.3823116,10068.9355,4460,-0.1736224,0.9848124,0,0;
custom,cuboid,default,10,2.792527,10,1,0,0,0,0,0,4319.2935916,10086.2817,4460,-0.2587747,0.9659377,0,0;
custom,cuboid,default,10,2.792527,10,1,0,0,0,0,0,4308.3157016,10101.9598,4460,-0.3420448,0.9396836,0,0;
custom,cuboid,default,10,2.792527,10,1,0,0,0,0,0,4294.7821016,10115.4934,4460,-0.4226125,0.9063104,0,0;
custom,cuboid,default,10,2.792527,10,1,0,0,0,0,0,4279.1040116,10126.4713,4460,-0.5000324,0.8660068,0,0;
custom,cuboid,default,10,2.792527,10,1,0,0,0,0,0,4261.7578216,10134.56,4460,-0.5735723,0.819155,0,0;
custom,cuboid,default,10,2.792527,10,1,0,0,0,0,0,4243.2705816,10139.5136,4460,-0.6427878,0.7660443,0,0;
custom,cuboid,default,10,2.792527,10,1,0,0,0,0,0,4224.2040116,10141.1817,4460,0.7071068,0.7071068,0,0;
custom,cuboid,default,10,2.792527,10,1,0,0,0,0,0,4205.1374416,10139.5136,4460,0.6427878,0.7660443,0,0;
custom,cuboid,default,10,2.792527,10,1,0,0,0,0,0,4186.6502016,10134.56,4460,0.5735723,0.819155,0,0;
custom,cuboid,default,10,2.792527,10,1,0,0,0,0,0,4169.3040116,10126.4713,4460,0.5000324,0.8660068,0,0;
custom,cuboid,default,10,2.792527,10,1,0,0,0,0,0,4153.6259216,10115.4934,4460,0.4226125,0.9063104,0,0;
custom,cuboid,default,10,2.792527,10,1,0,0,0,0,0,4140.0923216,10101.9598,4460,0.3420448,0.9396836,0,0;
custom,cuboid,default,10,2.792527,10,1,0,0,0,0,0,4129.1144316,10086.2817,4460,0.2587747,0.9659377,0,0;
custom,cuboid,default,10,2.792527,10,1,0,0,0,0,0,4121.0257116,10068.9355,4460,0.1736224,0.9848124,0,0;
custom,cuboid,default,10,2.792527,10,1,0,0,0,0,0,4116.0721116,10050.4483,4460,0.087167,0.9961938,0,0;
custom,cuboid,default,10,2.792527,10,1,0,0,0,0,0,4114.4040116,10031.3817,4460,0,1,0,0;
custom,cuboid,default,10,2.792527,10,1,0,0,0,0,0,4332.3359116,10012.3151,4460,0.087167,0.9961938,0,0;
custom,cuboid,default,10,2.792527,10,1,0,0,0,0,0,4327.3823116,9993.8279,4460,0.1736224,0.9848124,0,0;
custom,cuboid,default,10,2.792527,10,1,0,0,0,0,0,4319.2935916,9976.4817,4460,0.2587747,0.9659377,0,0;
custom,cuboid,default,10,2.792527,10,1,0,0,0,0,0,4308.3157016,9960.8036,4460,0.3420448,0.9396836,0,0;
custom,cuboid,default,10,2.792527,10,1,0,0,0,0,0,4294.7821016,9947.27,4460,0.4226125,0.9063104,0,0;
custom,cuboid,default,10,2.792527,10,1,0,0,0,0,0,4279.1040116,9936.2921,4460,0.5000324,0.8660068,0,0;
custom,cuboid,default,10,2.792527,10,1,0,0,0,0,0,4261.7578216,9928.2034,4460,0.5735723,0.819155,0,0;
custom,cuboid,default,10,2.792527,10,1,0,0,0,0,0,4243.2705816,9923.2498,4460,0.6427878,0.7660443,0,0;
custom,cuboid,default,10,2.792527,10,1,0,0,0,0,0,4224.2040116,9921.5817,4460,0.7071068,0.7071068,0,0;
custom,cuboid,default,10,2.792527,10,1,0,0,0,0,0,4205.1374416,9923.2498,4460,-0.6427878,0.7660443,0,0;
custom,cuboid,default,10,2.792527,10,1,0,0,0,0,0,4186.6502016,9928.2034,4460,-0.5735723,0.819155,0,0;
custom,cuboid,default,10,2.792527,10,1,0,0,0,0,0,4169.3040116,9936.2921,4460,-0.5000324,0.8660068,0,0;
custom,cuboid,default,10,2.792527,10,1,0,0,0,0,0,4153.6259216,9947.27,4460,-0.4226125,0.9063104,0,0;
custom,cuboid,default,10,2.792527,10,1,0,0,0,0,0,4140.0923216,9960.8036,4460,-0.3420448,0.9396836,0,0;
custom,cuboid,default,10,2.792527,10,1,0,0,0,0,0,4129.1144316,9976.4817,4460,-0.2587747,0.9659377,0,0;
custom,cuboid,default,10,2.792527,10,1,0,0,0,0,0,4121.0257116,9993.8279,4460,-0.1736224,0.9848124,0,0;
custom,cuboid,default,10,2.792527,10,1,0,0,0,0,0,4116.0721116,10012.3151,4460,-0.087167,0.9961938,0,0;















custom,killsphere,PureMetal(Instance),2.341679,2.341679,2.341679,1,0,0,0,9999,9999,4225,10030,4459.710766,0,1,0,0;
custom,killsphere,bombexplosiontex,2.458762,2.458762,2.458762,1,1,0,1,9999,9999,4225,10030,4459.710766,0,1,0,0;
custom,killsphere,bombexplosiontex,2.575848,2.575848,2.575848,1,1,0,1,9999,9999,4225,10030,4459.710766,0,1,0,0;
custom,killsphere,bombexplosiontex,2.692931,2.692931,2.458762,1,1,0,1,9999,9999,4225,10030,4459.710766,0,1,0,0;
custom,killsphere,bombexplosiontex,2.810014,2.810014,2.575848,1,1,0,1,9999,9999,4225,10030,4459.710766,0,1,0,0;
custom,killsphere,bombexplosiontex,2.927097,2.927097,2.458762,1,1,0,1,9999,9999,4225,10030,4459.710766,0,1,0,0;










custom,tube,metal2,14,90,14,1,0.35,1,0.35,10,0,4225,10030,4160,1,0,0,1;
custom,tube,metal2,14,90,14,1,1,1,0,10,0,4225,10030,4160.25,1,0,0,1;
custom,tube,metal2,14,90,14,1,1,0,0,10,0,4225,10030,4160.375,1,0,0,1;
custom,tube,metal2,14,90,14,1,1,0,1,10,0,4225,10030,4160.5,1,0,0,1;
custom,tube,metal2,14,90,14,1,0,0,1,10,0,4225,10030,4160.75,1,0,0,1;
custom,tube,metal2,14,90,14,1,0,1,1,10,0,4225,10030,4160.875,1,0,0,1;



custom,plane,metal2,254.6971,1,473.0098,1,0.35,0.65,1,15,0,4600,9980,3500,0,0.7071068,0,0.7071068;
custom,killplane,metal2,218.3119,1,473.0098,1,0.65,1,1,15,0,4600,9980,3500,0,0.7071068,0,0.7071068;
custom,killplane,metal2,181.9267,1,473.0098,1,0.5,0.5,0.5,15,0,4600,9980,3500,0,0.7071068,0,0.7071068;
custom,killplane,metal2,145.5415,1,473.0098,1,1,1,0,15,0,4600,9980,3500,0,0.7071068,0,0.7071068;
custom,killplane,metal2,109.156,1,473.0098,1,1,0.35,0.35,15,0,4600,9980,3500,0,0.7071068,0,0.7071068;
custom,killplane,metal2,72.77076,1,473.0098,1,0.35,1,0.65,15,0,4600,9980,3500,0,0.7071068,0,0.7071068;




custom,killcuboid,cannonregionmat,-16,-3,-3.5,1,0.1,0.1,0.1,1,1,4225,9976,3837.5,-1,0,0,0;
base,levelBottom,default,0.016,0.5,0.0035,0,0.1,0.1,0.1,1,1,4225,9976,3837.5,-1,0,0,0;


racing,killcuboid,2,2,1,0,10010,1870,0,0,0,0;
racing,killcuboid,2,2,1,0,10050,1870,0,0,0,0;
racing,killcuboid,1,6,1,15,10030,1870,0,0,0,0;
racing,killcuboid,1,6,1,-15,10030,1870,0,0,0,0;


custom,cuboid,cannonregionmat,-50,0.9,11,1,0.1,0.1,0.1,1,1,4030,9995.5,3800,-1,0,0,0;
custom,killcuboid,metal2,-49.9,0.8,10.9,1,0.35,1,0.35,5,0,4030,9995.5,3800,-1,0,0,0;
base,levelBottom,default,0.05,0.15,0.011,1,0.1,0.1,0.1,1,1,4030,9995.5,3800,-1,0,0,0;

custom,cuboid,cannonregionmat,70,9,1,1,0.1,0.1,0.1,1,1,4575,10045,2295,0,1,0,1;
racing,killcuboid,70,9,1,4475,10045,2295,0,1,0,1;
custom,killcuboid,metal2,69.9,8.9,0.9,1,0.35,1,0.35,0,0.9,4575,10045,2295,0,1,0,1;
custom,killcuboid,metal2,69.9,8.9,0.9,1,1,0.65,0.35,0,0.9,4475,10045,2295,0,1,0,1;
custom,cuboid,cannonregionmat,30,9,1,1,0.1,0.1,0.1,1,1,4575,10045,2845,0,1,0,1;
racing,killcuboid,31,9,1,4475,10045,2890,0,1,0,1;
custom,killcuboid,metal2,29.9,8.9,0.9,1,0.35,1,0.35,0,0.9,4575,10045,2845,0,1,0,1;
custom,killcuboid,metal2,30.9,8.9,0.9,1,1,0.65,0.35,0,0.9,4475,10045,2890,0,1,0,1;
base,levelBottom,default,0.07,1.5,0.001,1,0.1,0.1,0.1,1,1,4575,10045,2295,0,1,0,1;
base,levelBottom,default,0.03,1.5,0.001,1,0.1,0.1,0.1,1,1,4575,10045,2845,0,1,0,1;

custom,killcuboid,metal2,20.9,8.9,0.9,1,1,0.65,0.35,0,0.9,4575,10045,3050,0,0,0,1;
custom,killcuboid,metal2,40.9,8.9,0.9,1,1,0.65,0.35,0,0.9,4675,10045,2840,0,1,0,1;
custom,killcuboid,metal2,8.9,8.9,0.9,1,1,0.65,0.35,0,0.9,4625,10045,2640,0,0,0,1;

racing,killcuboid,21,9,1,4575,10045,3050,0,0,0,1;
racing,killcuboid,41,9,1,4675,10045,2840,0,1,0,1;
racing,killcuboid,9,9,1,4625,10045,2640,0,0,0,1;







custom,cuboid,cannonregionmat,-112,-9,-1,1,0.1,0.1,0.1,1,1,3365,10045,3295,-0.7071068,0,-0.7071068,0;
custom,cuboid,cannonregionmat,-70,-9,-1,1,0.1,0.1,0.1,1,1,3465,10045,3405,-0.7071068,0,-0.7071068,0;
custom,killcuboid,metal2,-111.9,-8.9,-0.9,1,0.35,1,0.35,0,0.9,3365,10045,3295,-0.7071068,0,-0.7071068,0;
custom,killcuboid,metal2,-69.9,-8.9,-0.9,1,0.35,1,0.35,0,0.9,3465,10045,3405,-0.7071068,0,-0.7071068,0;
base,levelBottom,default,-0.112,1.5,-0.001,1,0.1,0.1,0.1,1,1,3365,10045,3295,-0.7071068,0,-0.7071068,0;
base,levelBottom,default,-0.07,1.5,-0.001,1,0.1,0.1,0.1,1,1,3465,10045,3405,-0.7071068,0,-0.7071068,0;

custom,cuboid,cannonregionmat,-81,-9,-1,1,0.1,0.1,0.1,1,1,3775,10045,3850,-1,0,0,0;
custom,cuboid,cannonregionmat,-81,-9,-1,1,0.1,0.1,0.1,1,1,3875,10045,3750,-1,0,0,0;
custom,cuboid,cannonregionmat,-1,-9,-10,1,0.1,0.1,0.1,1,1,4275,10045,3805,-1,0,0,0;
custom,killcuboid,metal2,-80.9,-8.9,-0.9,1,0.35,1,0.35,0,0.9,3775,10045,3850,-1,0,0,0;
custom,killcuboid,metal2,-80.9,-8.9,-0.9,1,0.35,1,0.35,0,0.9,3875,10045,3750,-1,0,0,0;
custom,killcuboid,metal2,-0.9,-8.9,-9.9,1,0.35,1,0.35,0,0.9,4275,10045,3805,-1,0,0,0;

base,levelBottom,default,0.081,1.5,0.001,1,0.1,0.1,0.1,1,1,3775,10045,3850,-1,0,0,0;
base,levelBottom,default,0.081,1.5,0.001,1,0.1,0.1,0.1,1,1,3875,10045,3750,-1,0,0,0;
base,levelBottom,default,0.001,1.5,0.01,1,0.1,0.1,0.1,1,1,4275,10045,3805,-1,0,0,0;


custom,killcuboid,metal2,-69.9,-8.9,-0.9,1,0.35,1,0.35,0,0.9,3810,10045,2640,0,0,-1,0;
custom,killcuboid,metal2,-30.9,-8.9,-0.9,1,0.65,0.35,0.35,0,0.9,4315,10045,2640,0,0,-1,0;
custom,killcuboid,metal2,-100.9,-8.9,-0.9,1,1,0.65,0.35,0,0.9,3965,10045,2740,0,0,-1,0;
custom,killcuboid,metal2,-29.9,-8.9,-0.9,1,1,0.65,0.35,0,0.9,3210,10045,2740,0,0,-1,0;
custom,killcuboid,metal2,-30.9,-8.9,-0.9,1,1,0.65,0.35,0,0.9,3465,10045,2900,-0.7071068,0,-0.7071068,0;

custom,cuboid,cannonregionmat,-70,-9,-1,1,0.1,0.1,0.1,1,1,3810,10045,2640,0,0,-1,0;
racing,killcuboid,-31,-9,-1,4315,10045,2640,0,0,-1,0;
racing,killcuboid,-101,-9,-1,3965,10045,2740,0,0,-1,0;
racing,killcuboid,-30,-9,-1,3210,10045,2740,0,0,-1,0;
racing,killcuboid,-31,-9,-1,3465,10045,2900,-0.7071068,0,-0.7071068,0;

base,levelBottom,default,0.07,1.5,0.001,0,0.1,0.1,0.1,1,1,3810,10045,2640,0,0,-1,0;



custom,cylinder,metal2,15,4.5,15,1,0.35,0.65,1,0,0.9,3265,10045,2540,0,0,0,0;
racing,killcylinder,20,4.4,20,3265,10045,2540,0,0,0,0;
racing,killcylinder,20,0.5,20,3265,10005,2540,0,0,0,0;
racing,killcylinder,20,0.5,20,3265,10085,2540,0,0,0,0;






custom,killcuboid,metal2,-39.9,-8.9,-0.9,1,1,0.65,0.35,0,0.9,3260,10045,2330,0,0,0,0;
custom,killcuboid,metal2,-29.9,-8.9,-0.9,1,1,0.65,0.35,0,0.9,3465,10045,2485,0,1,0,1;
custom,killcuboid,metal2,-39.9,-8.9,-0.9,1,1,0.65,0.35,0,0.9,3055,10045,2535,0,1,0,1;

racing,killcuboid,-40,-9,-1,3260,10045,2330,0,0,0,0;
racing,killcuboid,-30,-9,-1,3465,10045,2485,0,1,0,1;
racing,killcuboid,-40,-9,-1,3055,10045,2535,0,1,0,1;



//a-b;

custom,cuboid,stone5,10,1,4,0,1,1,1,1,1,4223.656,9984.97562,4635.745,0,0.9999773,0,0.0067458;
custom,cuboid,stone5,10,1,4,0,1,1,1,1,1,4225.776,9985.01859,4475.817,0,0.0065787,0,-0.9999784;
custom,cuboid,stone5,12,1,3.5,0,1,1,1,1,1,4257.162,9985.04251,4556.174,0,0.7118828,0,-0.7022983;
custom,cuboid,stone5,12,1,3.5,0,1,1,1,1,1,4192.171,9984.95462,4555.362,0,0.7023492,0,0.7118326;
custom,cylinder,stone5,10,5,10,0,1,1,1,1,1,4216.849,9940.30968,5145.596,0,0.0049415,0,-0.9999878;
racing,killCylinder,10.1,5,10.1,4216.896,9940.3756,5145.547,0,0.999977,0,0.0067916;
custom,cuboid,stone5,1,10,1,0,1,1,1,1,1,4186.536,10040.01036,4749.57,0,0.7119018,0,-0.7022791;
custom,cuboid,stone5,1,10,1,0,1,1,1,1,1,4257.965,10039.99644,4750.768,0,0.7023194,0,0.711862;
custom,cuboid,stone5,3,10,5,0,1,1,1,1,1,4239.678,9940.06066,5331.005,0,0.9999803,0,0.0062735;
custom,cuboid,stone5,3,10,5,0,1,1,1,1,1,4189.593,9940.01061,5330.331,0,0.9999792,0,0.006458;
racing,killCuboid,3.05,10,5.1,4189.865,9940.04479,5330.316,0,0.999979,0,0.0064773;
racing,killCuboid,3.05,10,5.1,4239.509,9940.14171,5331.028,0,0.9999817,0,0.0060514;
custom,cuboid,stone5,10,1,10,0,1,1,1,1,1,4215.875,10084.88139,5205.846,0,0.9999779,0,0.00665;
custom,prism,default,3,3,3,1,1,1,0,1,1,4223.858,10093.88149,4667.854,0,0.9999778,0,0.0066742;
custom,prism,default,3,3,3,1,1,1,0,1,1,4222.385,10093.97256,4767.85,0,0.9999776,0,0.0066972;
custom,prism,default,3,3,3,1,1,1,0,1,1,4220.187,10093.80654,4867.901,0,0.999977,0,0.0067849;
custom,prism,default,3,3,3,1,1,1,0,1,1,4218.537,10093.74648,4967.921,0,0.999977,0,0.0067897;
custom,prism,default,3,3,3,1,1,1,0,1,1,4216.868,10093.76846,5067.859,0,0.9999776,0,0.0067024;
custom,cuboid,default,1,3,4,1,1,1,0,1,1,4223.9,10093.2784,4636.179,0,-0.007094,0,0.9999748;
custom,cuboid,default,1,3,4,1,1,1,0,1,1,4222.923,10093.35146,4735.814,0,-0.0055969,0,0.9999843;
custom,cuboid,default,1,3,4,1,1,1,0,1,1,4220.19,10093.1993,4835.785,0,0.0067064,0,-0.9999776;
custom,cuboid,default,1,3,4,1,1,1,0,1,1,4218.588,10093.12435,4935.863,0,-0.0064881,0,0.999979;
custom,cuboid,default,1,3,4,1,1,1,0,1,1,4216.666,10093.12753,5035.742,0,0.0072348,0,-0.9999738;
custom,cuboid,stone5,20,3.5,1,0,1,1,1,1,1,4257.988,9907.58387,5456.274,0,0.7115141,0,-0.7026719;
custom,cuboid,stone5,20,3.5,1,0,1,1,1,1,1,4257.984,9972.59971,5456.356,0,0.7115316,0,-0.7026541;
custom,cuboid,stone5,20,3.5,1,0,1,1,1,1,1,4167.943,9972.6107,5455.147,0,0.7027001,0,0.7114862;
custom,cuboid,stone5,20,3.5,1,0,1,1,1,1,1,4167.975,9907.54481,5455.06,0,0.7026329,0,0.7115526;
custom,cuboid,stone5,3.5,3,1,0,1,1,1,1,1,4169.031,9940.15563,5372.559,0,0.7029051,0,0.7112837;
custom,cuboid,stone5,3.5,3,1,0,1,1,1,1,1,4166.94,9940.08263,5537.532,0,0.7026567,0,0.711529;
custom,cuboid,stone5,3.5,3,1,0,1,1,1,1,1,4258.991,9940.12267,5373.886,0,0.7115391,0,-0.7026466;
custom,cuboid,stone5,3.5,3,1,0,1,1,1,1,1,4256.925,9940.01769,5538.778,0,0.711602,0,-0.7025828;
racing,killCuboid,10,7,22,4209.205,9925.09078,5765.588,0,0.9999832,0,0.0058036;
racing,killCuboid,8,3.1,1.1,4211.562,9940.1986,5560.531,0,0.999981,0,0.0061559;
custom,cuboid,stone5,8,3,1,0,1,1,1,1,1,4211.553,9940.20568,5560.599,0,0.9999821,0,0.0059806;
custom,cuboid,stone5,2,10,2,0,1,1,1,1,1,4148.518,9940.18761,5844.805,0,0.7029039,0,0.7112849;
racing,killCuboid,2.1,10,2.1,4148.522,9940.12975,5844.839,0,0.9999801,0,0.0063165;
custom,cuboid,stone5,2,8,2,0,1,1,1,1,1,4128.847,9930.10075,5824.556,0,0.9999861,0,0.0052805;
racing,killCuboid,2.1,8,2.1,4128.858,9930.60172,5824.553,0,0.9999866,0,0.0051717;
custom,cuboid,stone5,2,6,2,0,1,1,1,1,1,4109.198,9920.14761,5804.296,0,0.703308,0,0.7108853;
racing,killCuboid,2.1,6,2.1,4109.2,9920.60366,5804.259,0,0.999984,0,0.0056605;
custom,cuboid,stone5,2,4,2,0,1,1,1,1,1,4089.508,9910.10484,5784.07,0,0.7031447,0,0.7110468;
racing,killCuboid,2.1,4,2.1,4089.507,9910.63169,5784.025,0,-0.0053635,0,0.9999856;
custom,cuboid,stone5,2,2,2,0,1,1,1,1,1,4069.817,9900.08173,5763.857,0,0.7032062,0,0.710986;
racing,killCuboid,2.1,2,2.1,4069.811,9900.53876,5763.828,0,0.0061553,0,-0.999981;
custom,cuboid,stone5,2,10,2,0,1,1,1,1,1,4268.084,9940.12072,5846.228,0,0.7115998,0,-0.7025851;
custom,cuboid,stone5,2,8,2,0,1,1,1,1,1,4288.164,9930.14664,5826.432,0,0.7112274,0,-0.702962;
custom,cuboid,stone5,2,6,2,0,1,1,1,1,1,4308.36,9920.13979,5806.662,0,0.7112635,0,-0.7029254;
custom,cuboid,stone5,2,4,2,0,1,1,1,1,1,4328.564,9910.08872,5786.915,0,0.7111666,0,-0.7030235;
custom,cuboid,stone5,2,2,2,0,1,1,1,1,1,4348.798,9900.09687,5767.186,0,0.7115805,0,-0.7026046;
racing,killCuboid,2.1,10,2.1,4268.124,9940.12658,5846.237,0,-0.0064631,0,0.9999791;
racing,killCuboid,2.1,8,2.1,4288.105,9930.56071,5826.428,0,0.006062,0,-0.9999816;
racing,killCuboid,2.1,6,2.1,4308.329,9920.5978,5806.69,0,0.0059051,0,-0.9999826;
racing,killCuboid,2.1,4,2.1,4328.563,9910.55991,5786.948,0,-0.004965,0,0.9999877;
racing,killCuboid,2.1,2,2.1,4348.822,9900.43476,5767.197,0,0.0067301,0,-0.9999774;
custom,prism,default,3,1,3,1,1,1,0,1,1,4213.892,9895.7365,5449.887,0,0.9999831,0,0.0058192;
custom,cuboid,default,1,1,3,1,1,1,0,1,1,4213.546,9895.5388,5423.193,0,0.999997,0,0.0024454;
custom,cuboid,stone5,10,7,3,0,1,1,1,1,1,4204.484,9925.00875,6140.519,0,0.9999804,0,0.0062691;
racing,killCuboid,10,7,3.1,4204.427,9925.31173,6140.537,0,0.9999803,0,0.0062809;
custom,cuboid,stone5,10,5,3,0,1,1,1,1,1,4204.869,9915.00089,6110.526,0,0.0064453,0,-0.9999793;
racing,killCuboid,10,5,3.1,4205.017,9915.46961,6110.419,0,0.0063753,0,-0.9999797;
custom,cuboid,stone5,10,3,3,0,1,1,1,1,1,4205.262,9905.03695,6080.495,0,0.0060398,0,-0.9999818;
racing,killCuboid,10,3,3.1,4205.287,9905.30599,6080.425,0,0.0061463,0,-0.9999811;
custom,pillar1,default,1,1,1,0,1,1,1,1,1,4085.646,9899.8767,5578.779,0,0.7109939,0,-0.7031981;
custom,pillar1,default,1,1,1,0,1,1,1,1,1,4334.636,9899.8918,5582.126,0,0.7107857,0,-0.7034087;
custom,cuboid,default,2,2,0.5,1,1,1,0,1,1,4211.247,9940.49474,5563.66,0,0.9999829,0,0.0058612;
custom,sphere,default,0.2,0.2,0.2,1,0,0,0,1,1,4215.751,9944.84874,5566.056,0,0.9999958,0,0.0028961;
custom,sphere,default,0.2,0.2,0.2,1,0,0,0,1,1,4206.778,9944.85167,5566.079,0,0.9999958,0,0.0028961;
custom,cuboid,default,1,0.2,0.5,1,0,0,0,1,1,4211.296,9937.81071,5563.882,0,0.9999837,0,0.0057091;
custom,tube,stone5,3,5,3,0,1,1,1,1,1,4202.82,9895.1379,6306.202,0,0.0064734,0,-0.9999791;
racing,killTube,3.1,5.1,3.1,4202.797,9895.1516,6306.242,0,-0.0084664,0,0.9999642;
racing,killTube,2.9,5.1,2.9,4202.811,9895.1106,6306.1,0,-0.0012439,0,0.9999992;
custom,prism,default,3,2,3,1,1,1,0,1,1,4218,10018.53139,5262.297,0.3592329,0.6133509,-0.6096231,-0.3508734;
custom,cuboid,stone5,1,1,1,0,1,1,1,0.5,0.5,4189.064,9892.0139,6319.383,0,0.3793946,0,0.925235;
custom,cuboid,stone5,1,1,1,0,1,1,1,0.5,0.5,4188.89,9892.0188,6291.666,0,0.3596999,0,-0.933068;
custom,cuboid,stone5,1,1,1,0,1,1,1,0.5,0.5,4215.998,9891.9949,6293.321,0,0.3407267,0,0.9401624;
custom,cuboid,stone5,1,1,1,0,1,1,1,0.5,0.5,4215.911,9891.9807,6319.663,0,0.3880211,0,-0.9216505;
custom,killcuboid,PureMetal(Instance),1,10,10,0,1,1,1,1,1,4171.061,9940.01574,5205.113,0,0.9999841,0,0.0056371;
custom,killcuboid,PureMetal(Instance),1,10,10,0,1,1,1,1,1,4169.903,9940.0028,5305.112,0,0.999981,0,0.0061636;
custom,killcuboid,PureMetal(Instance),1,10,10,0,1,1,1,1,1,4261.073,9940.07067,5206.409,0,0.9999847,0,0.0055308;
custom,killcuboid,PureMetal(Instance),1,10,10,0,1,1,1,1,1,4259.912,9940.0216,5306.377,0,0.9999844,0,0.005596;
custom,killcuboid,PureMetal(Instance),10,1,10,0,1,1,1,1,1,4111.113,9895.0007,5604.448,0,0.7028333,0,0.7113546;
custom,killcuboid,PureMetal(Instance),10,1,10,0,1,1,1,1,1,4211.084,9895.0076,5605.652,0,0.999981,0,0.0061643;
custom,cuboid,stone5,10,1,10,0,1,1,1,1,1,4203.66,9895.0017,6205.511,0,0.9999808,0,0.0061964;
custom,killcuboid,PureMetal(Instance),10,1,10,0,1,1,1,1,1,4311.055,9894.9558,5606.88,0,0.7114689,0,-0.7027176;
custom,killcuboid,PureMetal(Instance),10,1,20,0,1,1,1,1,1,4215.563,9894.9968,5255.699,0,0.9999793,0,0.0064412;
custom,killcuboid,PureMetal(Instance),10,1,20,0,1,1,1,1,1,4212.991,9895.0325,5455.696,0,0.9999797,0,0.006371;
custom,killcuboid,PureMetal(Instance),10,1,20,0,1,1,1,1,1,4205.619,9895.0398,6055.549,0,0.999981,0,0.0061571;
custom,killcuboid,PureMetal(Instance),10,10,1,0,1,1,1,1,1,4158.625,9940.19274,6205.051,0,0.7025339,0,0.7116503;
custom,killcuboid,PureMetal(Instance),10,10,1,0,1,1,1,1,1,4157.356,9940.20568,6305.049,0,0.7026792,0,0.7115068;
custom,killcuboid,PureMetal(Instance),10,10,1,0,1,1,1,1,1,4106.863,9940.17662,5949.407,0,0.9999813,0,0.0061124;
custom,killcuboid,PureMetal(Instance),10,10,1,0,1,1,1,1,1,4066.071,9940.04674,5603.905,0,0.7027096,0,0.7114769;
custom,killcuboid,PureMetal(Instance),10,10,1,0,1,1,1,1,1,4062.389,9940.24767,5903.762,0,0.7029074,0,0.7112814;
custom,killcuboid,PureMetal(Instance),10,10,1,0,1,1,1,1,1,4248.834,9940.02868,6206.1,0,0.7114522,0,-0.7027345;
custom,killcuboid,PureMetal(Instance),10,10,1,0,1,1,1,1,1,4247.578,9940.01574,6306.068,0,0.7114962,0,-0.7026899;
custom,killcuboid,PureMetal(Instance),10,10,1,0,1,1,1,1,1,4201.854,9940.0526,6350.62,0,0.9999813,0,0.0061137;
custom,killcuboid,PureMetal(Instance),10,10,1,0,1,1,1,1,1,4306.869,9940.18175,5951.852,0,0.9999812,0,0.0061382;
custom,killcuboid,PureMetal(Instance),10,10,1,0,1,1,1,1,1,4352.444,9940.19664,5907.304,0,0.7114846,0,-0.7027017;
custom,killcuboid,PureMetal(Instance),10,10,1,0,1,1,1,1,1,4356.088,9940.11559,5607.416,0,0.7113206,0,-0.7028678;
custom,killcuboid,PureMetal(Instance),11,10,1,0,1,1,1,1,1,4116.64,9940.04772,5559.523,0,0.0059075,0,-0.9999826;
custom,killcuboid,PureMetal(Instance),11,10,1,0,1,1,1,1,1,4306.584,9940.11657,5561.791,0,0.0060423,0,-0.9999818;
custom,cuboid,stone5,2,10,2,0,1,1,1,1,1,4170.571,9940.17369,5665.2,0,-0.0055869,0,0.9999844;
custom,cuboid,stone5,2,10,2,0,1,1,1,1,1,4168.215,9940.20079,5865.053,0,0.9999847,0,0.0055338;
custom,cuboid,stone5,2,10,2,0,1,1,1,1,1,4249.921,9940.20861,5666.19,0,-0.0059274,0,0.9999825;
custom,cuboid,stone5,2,10,2,0,1,1,1,1,1,4247.845,9940.19762,5865.965,0,0.9999832,0,0.0057956;
custom,cuboid,stone5,2,3,20,0,1,1,1,1,1,4169.335,9975.1475,5775.032,0,0.9999817,0,0.0060548;
custom,cuboid,stone5,2,3,20,0,1,1,1,1,1,4248.808,9975.18265,5775.948,0,0.9999864,0,0.0052262;
custom,killcuboid,PureMetal(Instance),21,10,1,0,1,1,1,1,1,4160.61,9940.13268,6049.964,0,0.7025692,0,0.7116154;
custom,killcuboid,PureMetal(Instance),21,10,1,0,1,1,1,1,1,4250.718,9940.05577,6051.088,0,0.711336,0,-0.7028522;
custom,cuboid,stone5,3.5,1,10,0,1,1,1,0.5,1.5,4169.892,9893.0095,6305.119,0,0.9999806,0,0.0062318;
custom,cuboid,stone5,3.5,1,10,0,1,1,1,0.5,1.5,4235.058,9892.9626,6305.925,0,0.9999802,0,0.0062966;
custom,cuboid,stone5,3.5,1,10,0,1,1,1,0.5,1.5,4202.962,9892.9807,6273.129,0,0.7114459,0,-0.7027409;
custom,cuboid,stone5,3.5,1,10,0,1,1,1,0.5,1.5,4202.13,9892.9788,6337.991,0,0.7116911,0,-0.7024925;
custom,killcuboid,PureMetal(Instance),30,1,10,0,1,1,1,1,1,4209.797,9895.0818,5705.619,0,0.9999822,0,0.0059669;
custom,killcuboid,PureMetal(Instance),30,1,20,0,1,1,1,1,1,4208.013,9895.0725,5855.605,0,0.9999818,0,0.0060351;
custom,killcuboid,PureMetal(Instance),1,10,10,0,1,1,1,1,1,4177.671,10039.95835,4705.144,0,0.9999747,0,0.0071179;
custom,killcuboid,PureMetal(Instance),1,10,10,0,1,1,1,1,1,4176.282,10039.95445,4805.106,0,0.9999748,0,0.0070959;
custom,killcuboid,PureMetal(Instance),1,10,10,0,1,1,1,1,1,4174.821,10039.99131,4905.126,0,0.9999734,0,0.0072953;
custom,killcuboid,PureMetal(Instance),1,10,10,0,1,1,1,1,1,4173.418,10039.90049,5005.021,0,0.9999775,0,0.0067155;
custom,killcuboid,PureMetal(Instance),1,10,10,0,1,1,1,1,1,4172.068,10039.86753,5104.994,0,0.9999797,0,0.0063864;
custom,killcuboid,PureMetal(Instance),1,10,10,0,1,1,1,1,1,4267.778,10039.89244,4706.38,0,0.9999778,0,0.0066588;
custom,killcuboid,PureMetal(Instance),1,10,10,0,1,1,1,1,1,4266.412,10039.84434,4806.424,0,0.9999743,0,0.0071792;
custom,killcuboid,PureMetal(Instance),1,10,10,0,1,1,1,1,1,4265.015,10039.86143,4906.372,0,0.9999781,0,0.0066142;
custom,killcuboid,PureMetal(Instance),1,10,10,0,1,1,1,1,1,4263.683,10039.8065,5006.368,0,0.9999773,0,0.0067434;
custom,killcuboid,PureMetal(Instance),1,10,10,0,1,1,1,1,1,4262.301,10039.7335,5106.237,0,0.9999757,0,0.006966;
custom,killcuboid,PureMetal(Instance),1,10,10,0,1,1,1,1,1,4260.921,10039.71739,5206.248,0,0.9999788,0,0.0065155;
custom,killcuboid,PureMetal(Instance),10,1,10,0,1,1,1,1,1,4224.14,10084.91434,4605.731,0,0.9999773,0,0.006751;
custom,killcuboid,PureMetal(Instance),10,1,10,0,1,1,1,1,1,4222.778,10084.93729,4705.734,0,0.0066868,0,-0.9999776;
custom,killcuboid,PureMetal(Instance),10,1,10,0,1,1,1,1,1,4221.482,10084.99735,4805.698,0,0.0065448,0,-0.9999786;
custom,killcuboid,PureMetal(Instance),10,1,10,0,1,1,1,1,1,4220.07,10084.87235,4905.789,0,0.0065097,0,-0.9999788;
custom,killcuboid,PureMetal(Instance),10,1,10,0,1,1,1,1,1,4218.664,10084.90141,5005.818,0,0.006732,0,-0.9999774;
custom,killcuboid,PureMetal(Instance),10,1,10,0,1,1,1,1,1,4217.286,10084.81132,5105.73,0,0.0065002,0,-0.9999789;
custom,killcuboid,PureMetal(Instance),10,1,20,0,1,1,1,1,1,4222.015,9984.96659,4755.774,0,0.9999774,0,0.0067356;
custom,killcuboid,PureMetal(Instance),10,1,30,0,1,1,1,1,1,4225.376,10084.97636,4505.65,0,0.7024617,0,0.7117216;
custom,killcuboid,PureMetal(Instance),10,1,30,0,1,1,1,1,1,4218.683,9984.99857,5005.669,0,0.9999785,0,0.0065513;
custom,killcuboid,PureMetal(Instance),10,10,1,0,1,1,1,1,1,4179.029,10039.95445,4605.162,0,0.7023084,0,0.7118729;
custom,killcuboid,PureMetal(Instance),10,10,1,0,1,1,1,1,1,4179.029,10039.95445,4505.27,0,0.7023084,0,0.7118729;
custom,killcuboid,PureMetal(Instance),10,10,1,0,1,1,1,1,1,4171.138,10039.86338,5204.941,0,0.7030796,0,0.7111112;
custom,killcuboid,PureMetal(Instance),10,10,1,0,1,1,1,1,1,4125.894,10040.09239,4459.336,0,0.0067729,0,-0.9999771;
custom,killcuboid,PureMetal(Instance),10,10,1,0,1,1,1,1,1,4269.111,10039.95152,4606.385,0,0.7118884,0,-0.7022927;
custom,killcuboid,PureMetal(Instance),10,10,1,0,1,1,1,1,1,4269.111,10039.95152,4506.493,0,0.7118884,0,-0.7022927;
custom,killcuboid,PureMetal(Instance),10,10,1,0,1,1,1,1,1,4064.842,9940.06676,5703.831,0,0.7028316,0,0.7113563;
custom,killcuboid,PureMetal(Instance),10,10,1,0,1,1,1,1,1,4063.652,9940.15465,5803.85,0,0.7027686,0,0.7114186;
custom,killcuboid,PureMetal(Instance),10,10,1,0,1,1,1,1,1,4325.964,10040.00254,4462.052,0,0.007101,0,-0.9999748;
custom,killcuboid,PureMetal(Instance),10,10,1,0,1,1,1,1,1,4353.599,9940.16979,5807.443,0,0.7114164,0,-0.7027708;
custom,killcuboid,PureMetal(Instance),10,10,1,0,1,1,1,1,1,4354.818,9940.12877,5707.45,0,0.7112855,0,-0.7029033;
custom,killcuboid,PureMetal(Instance),12,1,3,0,1,1,1,1,1,4224.657,9984.97049,4555.809,0,0.7119839,0,-0.7021958;
custom,killcuboid,PureMetal(Instance),13,3,1,0,1,1,1,1,1,4168.015,9940.21471,5454.981,0,0.7025676,0,0.7116171;
custom,killcuboid,PureMetal(Instance),13,3,1,0,1,1,1,1,1,4257.971,9940.15172,5456.403,0,0.7114399,0,-0.7027469;
custom,killcylinder,PureMetal(Instance),10,0.959311,10,0,1,1,1,1,1,4165.116,10041.8006,4460.317,0.087167,0.9961937,0,0;
custom,killcylinder,PureMetal(Instance),10,0.959311,10,0,1,1,1,1,1,4172.243,10061.3817,4460.317,0.2587747,0.9659377,0,0;
custom,killcylinder,PureMetal(Instance),10,0.959311,10,0,1,1,1,1,1,4167.822,10051.9029,4460.317,0.1736224,0.9848124,0,0;
custom,killcylinder,PureMetal(Instance),10,0.959311,10,0,1,1,1,1,1,4185.637,10077.3444,4460.317,0.4226125,0.9063105,0,0;
custom,killcylinder,PureMetal(Instance),10,0.959311,10,0,1,1,1,1,1,4178.241,10069.949,4460.317,0.3420448,0.9396836,0,0;
custom,killcylinder,PureMetal(Instance),10,0.959311,10,0,1,1,1,1,1,4203.683,10087.7633,4460.317,0.5735723,0.819155,0,0;
custom,killcylinder,PureMetal(Instance),10,0.959311,10,0,1,1,1,1,1,4194.204,10083.3432,4460.317,0.5000324,0.8660067,0,0;
custom,killcylinder,PureMetal(Instance),10,0.959311,10,0,1,1,1,1,1,4224.204,10091.3817,4460.317,0.7071068,0.7071068,0,0;
custom,killcylinder,PureMetal(Instance),10,0.959311,10,0,1,1,1,1,1,4213.785,10090.4702,4460.317,0.6427878,0.7660443,0,0;
custom,killcylinder,PureMetal(Instance),10,0.959311,10,0,1,1,1,1,1,4244.725,10087.7633,4460.317,-0.5735723,0.819155,0,0;
custom,killcylinder,PureMetal(Instance),10,0.959311,10,0,1,1,1,1,1,4234.623,10090.4702,4460.317,-0.6427878,0.7660443,0,0;
custom,killcylinder,PureMetal(Instance),10,0.959311,10,0,1,1,1,1,1,4254.204,10083.3432,4460.317,-0.5000324,0.8660067,0,0;
custom,killcylinder,PureMetal(Instance),10,0.959311,10,0,1,1,1,1,1,4262.771,10077.3444,4460.317,-0.4226125,0.9063105,0,0;
custom,killcylinder,PureMetal(Instance),10,0.959311,10,0,1,1,1,1,1,4270.167,10069.949,4460.317,-0.3420448,0.9396836,0,0;
custom,killcylinder,PureMetal(Instance),10,0.959311,10,0,1,1,1,1,1,4276.166,10061.3817,4460.317,-0.2587747,0.9659377,0,0;
custom,killcylinder,PureMetal(Instance),10,0.959311,10,0,1,1,1,1,1,4280.585,10051.9029,4460.317,-0.1736224,0.9848124,0,0;
custom,killcylinder,PureMetal(Instance),10,0.959311,10,0,1,1,1,1,1,4283.292,10041.8006,4460.317,-0.087167,0.9961937,0,0;
custom,killcylinder,PureMetal(Instance),10,0.959311,10,0,1,1,1,1,1,4284.204,10031.3817,4460.317,0,1,0,0;
custom,killcylinder,PureMetal(Instance),10,0.959311,10,0,1,1,1,1,1,4283.292,10020.9628,4460.317,0.087167,0.9961937,0,0;
custom,killcylinder,PureMetal(Instance),10,0.959311,10,0,1,1,1,1,1,4280.585,10010.8605,4460.317,0.1736224,0.9848124,0,0;
custom,killcylinder,PureMetal(Instance),10,0.9593108,10,0,1,1,1,1,1,4276.166,10001.3817,4460.317,0.2587747,0.9659377,0,0;
custom,killcylinder,PureMetal(Instance),10,0.959311,10,0,1,1,1,1,1,4270.167,9992.8144,4460.317,0.3420448,0.9396836,0,0;
custom,killcylinder,PureMetal(Instance),10,0.959311,10,0,1,1,1,1,1,4262.771,9985.419,4460.317,0.4226125,0.9063105,0,0;
custom,killcylinder,PureMetal(Instance),10,0.959311,10,0,1,1,1,1,1,4254.204,9979.4202,4460.317,0.5000324,0.8660067,0,0;
custom,killcylinder,PureMetal(Instance),10,0.959311,10,0,1,1,1,1,1,4244.725,9975.0001,4460.317,0.5735723,0.819155,0,0;
custom,killcylinder,PureMetal(Instance),10,0.959311,10,0,1,1,1,1,1,4234.623,9972.2932,4460.317,0.6427878,0.7660443,0,0;
custom,killcylinder,PureMetal(Instance),10,0.959311,10,0,1,1,1,1,1,4224.204,9971.3817,4460.317,0.7071068,0.7071068,0,0;
custom,killcylinder,PureMetal(Instance),10,0.959311,10,0,1,1,1,1,1,4213.785,9972.2932,4460.317,-0.6427878,0.7660443,0,0;
custom,killcylinder,PureMetal(Instance),10,0.959311,10,0,1,1,1,1,1,4203.683,9975.0001,4460.317,-0.5735723,0.819155,0,0;
custom,killcylinder,PureMetal(Instance),10,0.959311,10,0,1,1,1,1,1,4194.204,9979.4202,4460.317,-0.5000324,0.8660067,0,0;
custom,killcylinder,PureMetal(Instance),10,0.959311,10,0,1,1,1,1,1,4185.637,9985.419,4460.317,-0.4226125,0.9063105,0,0;
custom,killcylinder,PureMetal(Instance),10,0.959311,10,0,1,1,1,1,1,4178.241,9992.8144,4460.317,-0.3420448,0.9396836,0,0;
custom,killcylinder,PureMetal(Instance),10,0.959311,10,0,1,1,1,1,1,4172.243,10001.3817,4460.317,-0.2587747,0.9659377,0,0;
custom,killcylinder,PureMetal(Instance),10,0.959311,10,0,1,1,1,1,1,4167.822,10010.8605,4460.317,-0.1736224,0.9848124,0,0;
custom,killcylinder,PureMetal(Instance),10,0.959311,10,0,1,1,1,1,1,4165.116,10020.9628,4460.317,-0.087167,0.9961937,0,0;
custom,killcylinder,PureMetal(Instance),10,0.959311,10,0,1,1,1,1,1,4164.204,10031.3817,4460.317,0,1,0,0;
custom,cuboid,stone5,10,2.370224,10,0,1,1,1,1,1,4215.875,10029.52888,5267.078,-0.0047076,0.706297,0.7078844,0.004697;
custom,Cuboid,stone5,14.99,50,1.5,1,1,1,1,2.998,10,4130.937,9763.4562,6300.325,0,0.7071068,0,0.7071068;
custom,Cuboid,stone5,14.99,40,1.5,1,1,1,1,2.998,8,4198.434,9813.4562,6367.825,0,0,0,1;
custom,Cuboid,stone5,14.99,50,1.5,1,1,1,1,2.998,10,4265.934,9763.4562,6300.325,0,0.7071068,0,0.7071068;
custom,Cuboid,stone5,14.99,50,1.5,1,1,1,1,2.998,10,4198.434,9643.261,6232.825,0,0,0,1;
custom,Cuboid,rock3,15,4.12618,15,0,1,1,1,3,3,4198.434,9492.825,6300.325,0,0,0,1;
racing,checkpointCuboid,12,10,12,4198.434,9563.456,6300.325,0,0,0,1;
custom,cylinder,rock3,2,1.666667,2,0,1,1,1,0.4,0.4,4198.434,9530.1227,6300.325,0,0,0,1;
custom,prism,rock3,1.414214,4.12618,0.8165004,0,1,1,1,0.2828427,0.1414214,4130.677,9493.6503,6377.906,0,-0.3826835,0,0.9238796;
custom,prism,rock3,1.414214,4.12618,0.8165004,0,1,1,1,0.2828427,0.1414214,4266.015,9493.6503,6378.084,0,0.3826835,0,0.9238796;
custom,cuboid,rock3,13,4.12618,15,0,1,1,1,2.6,3,4198.434,9492.825,6450.325,0,0,0,1;
custom,Prism,rock3,5.835299,13,3.369028,0,1,1,1,4.66824,2.91765,4195.833,9482.8445,6536.713,-0.2705981,0.2705981,0.6532815,0.6532815;
custom,prism,stone5,1.414214,1,0.8165004,0,1,1,1,0.2828427,0.1414214,4130.677,9618.656,6377.906,0,-0.3826835,0,0.9238796;
custom,prism,stone5,1.414214,1,0.8165004,0,1,1,1,0.2828427,0.1414214,4266.015,9618.656,6378.084,0,0.3826835,0,0.9238796;
custom,cuboid,stone5,9.111179,14.12618,1.5,1,1,1,1,1.822236,2.825236,4122.831,9542.8251,6517.825,0,0,0,1;
custom,cuboid,stone5,40,14.12618,1.5,1,1,1,1,8,2.825236,4084.725,9542.8251,6725.324,0,0.7071068,0,0.7071068;
custom,cuboid,stone5,5.62618,14.12618,1.5,1,1,1,1,1.125236,2.825236,4198.434,9542.8251,6538.456,0,0.7071068,0,0.7071068;
custom,cuboid,stone5,9.111179,14.12618,1.5,1,1,1,1,1.822236,2.825236,4274.04,9542.8251,6517.825,0,0,0,1;
custom,cuboid,stone5,40,14.12618,1.5,1,1,1,1,8,2.825236,4312.146,9542.8251,6725.324,0,0.7071068,0,0.7071068;
custom,cuboid,stone5,2.424236,14.12618,2.424236,1,1,1,1,0.4848472,2.825236,4145.329,9542.8251,6775.324,0,0.0087265,0,0.9999619;
custom,cuboid,stone5,2.424236,14.12618,2.424236,1,1,1,1,0.4848472,2.825236,4251.54,9542.8251,6775.324,0,0.0174524,0,0.9998477;
custom,killcuboid,PureMetal(Instance),12.5,10,1.5,1,1,1,1,1,1,4140.938,9563.456,6447.825,0,0.7071068,0,0.7071068;
custom,killcuboid,PureMetal(Instance),2.478414,10,1.06066,1,1,1,1,1,1,4135.937,9563.456,6380.299,0,-0.3826835,0,0.9238796;
custom,killcuboid,PureMetal(Instance),12.5,10,1.5,1,1,1,1,1,1,4255.934,9563.456,6447.825,0,-0.7071068,0,0.7071068;
custom,killcuboid,PureMetal(Instance),2.478414,10,1.06066,1,1,1,1,1,1,4260.934,9563.456,6380.299,0,0.3826835,0,0.9238796;
custom,killprism,PureMetal(Instance),1.414214,1,0.8165004,0,1,1,1,1,1,4130.677,9618.656,6377.906,0,-0.3826835,0,0.9238796;
custom,killprism,PureMetal(Instance),1.414214,1,0.8165004,0,1,1,1,1,1,4266.015,9618.656,6378.084,0,0.3826835,0,0.9238796;
custom,killcuboid,PureMetal(Instance),13,1,13.5,0,1,1,1,1,1,4198.434,9618.456,6442.825,0,0,0,1;
custom,killcuboid,PureMetal(Instance),4.12618,4.12618,4.12618,1,1,1,1,1,1,4112.806,9492.825,6545.955,0,0,0,1;
custom,statue2,PureMetal(Instance),1.86427,1.812682,1.562945,0,1,1,1,1,1,4112.811,9513.8184,6545.955,0,0,0,1;
custom,killcuboid,PureMetal(Instance),4.12618,4.12618,4.12618,1,1,1,1,1,1,4284.064,9492.825,6545.955,0,0,0,1;
custom,statue2,PureMetal(Instance),1.86427,1.812682,1.562945,0,1,1,1,1,1,4284.069,9513.8184,6545.955,0,0,0,1;
custom,killcuboid,PureMetal(Instance),3.87618,0.25,3.87618,1,1,1,1,1,1,4285.314,9473.4441,6544.705,0,0,0,1;
custom,killcuboid,PureMetal(Instance),3.360407,0.125,3.87618,1,1,1,1,1,1,4282.735,9511.5809,6544.705,0,0,0,1;
custom,killcuboid,PureMetal(Instance),0.5157725,0.125,3.360407,1,1,1,1,1,1,4302.116,9511.5809,6547.284,0,0,0,1;
custom,killcuboid,PureMetal(Instance),0.125,3.62618,2.62618,1,1,1,1,1,1,4266.559,9492.825,6538.456,0,0,0,1;
custom,killcuboid,PureMetal(Instance),0.125,1.31309,1.25,1,1,1,1,1,1,4266.559,9481.2595,6557.836,0,0,0,1;
custom,killcuboid,PureMetal(Instance),0.125,1.31309,1.25,1,1,1,1,1,1,4266.559,9504.3904,6557.836,0,0,0,1;
custom,killcuboid,PureMetal(Instance),2.62618,3.62618,0.125,1,1,1,1,1,1,4291.564,9492.825,6563.461,0,0,0,1;
custom,killcuboid,PureMetal(Instance),1.25,1.31309,0.125,1,1,1,1,1,1,4272.184,9481.2595,6563.461,0,0,0,1;
custom,killcuboid,PureMetal(Instance),1.25,1.31309,0.125,1,1,1,1,1,1,4272.184,9504.3904,6563.461,0,0,0,1;
custom,killprism,PureMetal(Instance),1.942767,0.125,1.121662,1,1,1,1,1,1,4269.726,9488.475,6560.541,0,0.9238796,0,0.3826835;
custom,killprism,PureMetal(Instance),1.942767,0.125,1.121662,1,1,1,1,1,1,4269.726,9497.225,6560.541,0,0.9238796,0,0.3826835;
custom,killcuboid,PureMetal(Instance),24.24236,1,41.5,0,1,1,1,1,1,4198.434,9618.456,6717.824,0,0,0,1;
custom,killcuboid,PureMetal(Instance),30,20,15,0,1,1,1,1,1,4030.735,9572.1942,7000.324,0,0,0,1;
custom,killcuboid,PureMetal(Instance),3.540393,11.17114,15,0,1,1,1,1,1,4198.434,9616.3385,7000.324,0,0,0,1;
custom,killcuboid,PureMetal(Instance),15,20,15,0,1,1,1,1,1,4291.136,9572.1942,7000.324,0,0,0,1;
custom,killcuboid,PureMetal(Instance),3.540393,5.297318,15,0,1,1,1,1,1,4198.434,9498.6807,7000.324,0,0,0,1;
custom,cuboid,rock3,10,15,30,0,1,1,1,1,2,4109.971,9528.8837,7213.407,0,0,0,1;
custom,cuboid,rock3,10,15,30,0,1,1,1,1,2,4285.363,9528.8837,7213.407,0,0,0,1;
custom,cuboid,rock3,12.5,15,30,0,1,1,1,1,2,4199.802,9431.9841,7224.407,0,0.0053731,0,0.9999856;
custom,cuboid,rock3,12.5,15,30,0,1,1,1,1,2,4199.802,9658.0631,7224.407,0,0.0053731,0,0.9999856;
custom,boulder1,PureMetal(Instance),5,5,5,0,1,1,1,1,1,4036.589,9481.641,7561.655,0,0.2890151,0,-0.9573246;
custom,boulder2,PureMetal(Instance),5,5,5,0,1,1,1,1,1,4109.748,9482.7423,7482.512,-0.253024,0.6707751,-0.226423,-0.6593727;
custom,boulder5,PureMetal(Instance),5,5,5,0,1,1,1,1,1,4225.243,9456.7316,7512.188,0,0.0292716,0,-0.9995715;
custom,boulder5,PureMetal(Instance),5,5,5,0,1,1,1,1,1,4049.049,9490.7994,7506.562,0,0.5472534,0,-0.836967;
custom,boulder5,PureMetal(Instance),5,5,5,0,1,1,1,1,1,4099.332,9427.411,7529.975,-0.016001,0.856714,-0.0129949,-0.5153797;
custom,boulder3,PureMetal(Instance),5,5,5,0,1,1,1,1,1,4148.591,9458.4507,7401.114,-0.3112677,0.6874538,-0.488548,-0.4379961;
custom,boulder1,PureMetal(Instance),4,4,4,0,1,1,1,1,1,4121.473,9480.5214,7440.949,0,0.5564889,0,-0.8308551;
custom,boulder1,PureMetal(Instance),4,4,4,0,1,1,1,1,1,4198.201,9478.335,7573.401,0.5170643,-0.6759998,0.0454286,0.5230727;
custom,boulder1,PureMetal(Instance),4,4,4,0,1,1,1,1,1,4249.215,9471.6373,7462.589,0,-0.5239522,0,0.8517477;
custom,boulder5,PureMetal(Instance),3,4,3,0,1,1,1,1,1,4243.785,9450.4216,7385.623,0,-0.3546663,0,0.934993;
custom,boulder1,PureMetal(Instance),3,4,3,0,1,1,1,1,1,4111.415,9462.9651,7690.416,-0.3665421,0.2654926,-0.1099707,-0.8849108;
custom,boulder5,PureMetal(Instance),4,4,4,0,1,1,1,1,1,4085.341,9460.0364,7728.373,0,0.3041215,0,-0.9526333;
custom,boulder1,PureMetal(Instance),4,4,4,0,1,1,1,1,1,3887.997,9534.0991,7737.065,0,0.7204182,0,-0.6935399;
custom,boulder1,PureMetal(Instance),2,2,2,0,1,1,1,1,1,3890.146,9482.1082,7664.618,0,0.9683218,0,-0.2497057;
custom,boulder4,PureMetal(Instance),2,2,2,0,1,1,1,1,1,3917.323,9458.7081,7657.434,0,0.6406448,0,-0.7678374;
custom,boulder5,PureMetal(Instance),5,5,5,0,1,1,1,1,1,3939.496,9406.5084,7751.185,0,0.6406448,0,-0.7678374;
custom,boulder3,PureMetal(Instance),5,5,5,0,1,1,1,1,1,3911.481,9460.1082,7709.728,-0.1494134,0.7887168,-0.211336,-0.5576187;
custom,boulder4,PureMetal(Instance),2,2,2,0,1,1,1,1,1,3884.746,9492.0624,7677.896,0,0.5677474,0,-0.8232028;
custom,boulder5,PureMetal(Instance),2,2,2,0,1,1,1,1,1,3959.234,9461.8756,7734.62,0,0.6289139,0,-0.777475;
custom,boulder4,PureMetal(Instance),3,3,3,0,1,1,1,1,1,3934.498,9462.9557,7706.477,0,0.6289139,0,-0.777475;
custom,boulder5,PureMetal(Instance),3,3,3,0,1,1,1,1,1,3889.542,9561.9653,7744.554,0,0.6119115,0,-0.7909263;
custom,cuboid,rock3,15,30,25,0,1,1,1,1,1,4327.733,9583.0489,7430.985,0,0.0014745,0,-0.9999989;
custom,killcuboid,PureMetal(Instance),80,20,60,0,1,1,1,1,1,3884.409,9364.3049,7607.45,0,0.9997936,0,-0.020318;
custom,cuboid,rock3,10,50,30,0,1,1,1,3,5,4207.227,9483.2162,7678.524,0,0.9515827,0,0.3073928;
custom,cuboid,rock3,10,50,30,0,1,1,1,3,5,4025.198,9482.9827,7446.202,0,0.9395815,0,0.3423255;
custom,cuboid,rock3,25,50,25,0,1,1,1,2.5,5,3850.469,9483.0437,7433.809,0,0.0206399,0,0.999787;
custom,cuboid,rock3,60,50,10,0,1,1,1,6,5,3823.17,9483.2826,7817.785,0,0.0215197,0,0.9997684;
custom,cuboid,rock3,15,50,2.5,0,1,1,1,1,5,3986.093,9483.1515,7593.037,0,0.3437718,0,-0.9390533;
custom,cuboid,rock3,30,50,15,0,1,1,1,3,5,3734.375,9483.0779,7711.142,0,0.025479,0,0.9996754;
custom,cuboid,rock3,10,30,60,0,1,1,1,6,3,3528.916,9583.36,7587.511,0,0.0194703,0,0.9998105;
custom,killcuboid,PureMetal(Instance),100,1,100,0,1,1,1,1,1,3940.346,9740.8703,7755.628,0,0.0194454,0,0.9998109;
custom,killcuboid,PureMetal(Instance),22.06008,4.12618,42.44718,0,1,1,1,1,1,4198.434,9451.6559,6721.343,0,0,0,1;
custom,Cuboid,stone5,14.99,50,1.5,1,1,1,1,2.998,10,4079.862,9763.4562,6231.694,0,0,0,1;
custom,Cuboid,stone5,14.99,50,1.5,1,1,1,1,2.998,10,4327.295,9763.4562,6232.112,0,0,0,1;

//c;


racing,killcuboid,40,20.23458,1,3600.657,9565.1956,7123.959,0,0.7265105,0,0.6871554;
racing,killcylinder,18,9.11729,18,3504.659,9565.1956,6928.994,0,0.7265105,0,0.6871554;
racing,killcylinder,16,8.11729,16,3504.659,9565.1956,6928.994,0,0.7265105,0,0.6871554;
racing,killcylinder,7.6,9.11729,7.6,3504.659,9565.1956,6928.994,0,0.7265105,0,0.6871554;
racing,killcylinder,18,0.5,18,3504.659,9601.3684,6928.994,0,0.7265105,0,0.6871554;
racing,killcylinder,18,0.5,18,3504.659,9529.0226,6928.994,0,0.7265105,0,0.6871554;
racing,killcuboid,13.33333,20.23458,1,3423.502,9565.1956,7000.289,0,0.7265105,0,0.6871554;
racing,killcuboid,13.33333,20.23458,1,3351.265,9565.1956,7004.313,0,0.7265105,0,0.6871554;
racing,killCylinder,18,10.35187,18,3270.106,9565.1956,7075.599,0,0.7265105,0,0.6871554;
custom,cylinder,stone5,3.6,37.79125,3.6,1,1,1,1,0.9,12.59708,3270.106,9565.1956,7075.599,0,0.7265105,0,0.6871554;
racing,killCylinder,7.6,10.35187,7.6,3270.106,9565.1956,7075.599,0,0.7265105,0,0.6871554;
racing,killcylinder,18,0.5,18,3270.106,9673.7142,7075.599,0,0.7265105,0,0.6871554;
racing,killcylinder,18,0.5,18,3270.106,9456.678,7075.599,0,0.7265105,0,0.6871554;
racing,killCuboid,15.75,20.70374,1.5,3274.488,9565.1956,7154.24,0,0.7265105,0,0.6871554;
racing,killCuboid,5.95,19.90374,1.5,3276.991,9565.1956,7199.17,0,0.7265105,0,0.6871554;
custom,endPrism,empty,1,1.65,0.7216913,1,1,1,0,1,1,3278.407,9565.106,7218.658,0.7068329,0.7068329,-0.0196775,-0.0196775;
custom,endPrism,empty,1,1.65,0.7216913,1,1,1,0,1,1,3278.407,9616.8654,7218.658,0.7068329,0.7068329,-0.0196775,-0.0196775;
custom,endPrism,empty,1,1.65,0.7216913,1,1,1,0,1,1,3278.407,9513.3468,7218.658,0.7068329,0.7068329,-0.0196775,-0.0196775;
racing,killCylinder,18,10.35187,18,3287.634,9565.1956,7390.123,0,0.7265105,0,0.6871554;
custom,cylinder,stone5,3.6,37.79125,3.6,1,1,1,1,0.9,12.59708,3287.634,9565.1956,7390.123,0,0.7265105,0,0.6871554;
racing,killCylinder,7.6,10.35187,7.6,3287.634,9565.1956,7390.123,0,0.7265105,0,0.6871554;
custom,cuboid,stone5,1.2,4.11729,4.11729,1,1,1,1,1.029322,0.6862149,3408.895,9565.1956,7388.375,0,0.7265105,0,0.6871554;
custom,cuboid,stone5,29.38271,4.11729,1.2,1,1,1,1,7.345678,0.6862149,3435.971,9565.1956,7224.116,0,0.7265105,0,0.6871554;
racing,killCuboid,1.4,3.91729,3.91729,3408.895,9565.1956,7388.375,0,0.7265105,0,0.6871554;
racing,killCuboid,29.18271,3.91729,1.4,3435.971,9565.1956,7224.116,0,0.7265105,0,0.6871554;


racing,killCylinder,18,10.35187,18,2955.592,9565.1956,7093.128,0,0.7265105,0,0.6871554;
custom,cylinder,stone5,3.6,37.79125,3.6,1,1,1,1,0.9,12.59708,2955.592,9565.1956,7093.128,0,0.7265105,0,0.6871554;
racing,killCylinder,16,9.351869,16,2955.592,9565.1956,7093.128,0,0.7265105,0,0.6871554;
racing,killCylinder,7.6,10.35187,7.6,2955.592,9565.1956,7093.128,0,0.7265105,0,0.6871554;
racing,killcylinder,18,0.5,18,2955.592,9673.7142,7093.128,0,0.7265105,0,0.6871554;
racing,killcylinder,18,0.5,18,2955.592,9456.678,7093.128,0,0.7265105,0,0.6871554;
racing,killCylinder,18,10.35187,18,2973.119,9565.1956,7407.651,0,0.7265105,0,0.6871554;
custom,cylinder,stone5,3.6,37.79125,3.6,1,1,1,1,0.9,12.59708,2973.119,9565.1956,7407.651,0,0.7265105,0,0.6871554;
racing,killCylinder,16,9.351869,16,2973.119,9565.1956,7407.651,0,0.7265105,0,0.6871554;
racing,killCylinder,7.6,10.35187,7.6,2973.119,9565.1956,7407.651,0,0.7265105,0,0.6871554;
racing,killcylinder,18,0.5,18,2973.119,9673.7142,7407.651,0,0.7265105,0,0.6871554;
racing,killcylinder,18,0.5,18,2973.119,9456.678,7407.651,0,0.7265105,0,0.6871554;
racing,killCuboid,15.75,20.70374,1.5,2968.738,9565.1956,7329.023,0,0.7265105,0,0.6871554;
racing,killCuboid,5.95,19.90374,1.5,2966.233,9565.1956,7284.09,0,0.7265105,0,0.6871554;
custom,endPrism,empty,1,1.65,0.7216913,1,1,1,0,1,1,2965.479,9565.285,7264.566,-0.0196775,0.0196775,-0.7068329,0.7068329;
custom,endPrism,empty,1,1.65,0.7216913,1,1,1,0,1,1,2965.479,9617.0443,7264.566,-0.0196775,0.0196775,-0.7068329,0.7068329;
custom,endPrism,empty,1,1.65,0.7216913,1,1,1,0,1,1,2965.479,9513.5258,7264.566,-0.0196775,0.0196775,-0.7068329,0.7068329;
racing,killCylinder,18,10.35187,18,2641.083,9565.1956,7110.672,0,0.7265105,0,0.6871554;
custom,cylinder,stone5,3.6,37.79125,3.6,1,1,1,1,0.9,12.59708,2641.083,9549.609,7110.672,0,0.7265105,0,0.6871554;
racing,killCylinder,16,9.351869,16,2641.083,9565.1956,7110.672,0,0.7265105,0,0.6871554;
racing,killCylinder,7.6,10.35187,7.6,2641.083,9565.1956,7110.672,0,0.7265105,0,0.6871554;
racing,killcylinder,18,0.5,18,2641.083,9673.7142,7110.672,0,0.7265105,0,0.6871554;
racing,killcylinder,18,0.5,18,2641.083,9456.678,7110.672,0,0.7265105,0,0.6871554;
racing,killCylinder,18,10.35187,18,2658.611,9565.1956,7425.177,0,0.7265105,0,0.6871554;
custom,cylinder,stone5,3.6,37.79125,3.6,1,1,1,1,0.9,12.59708,2658.611,9549.609,7425.177,0,0.7265105,0,0.6871554;
racing,killCylinder,16,9.351869,16,2658.611,9565.1956,7425.177,0,0.7265105,0,0.6871554;
racing,killCylinder,7.6,10.35187,7.6,2658.611,9565.1956,7425.177,0,0.7265105,0,0.6871554;
racing,killcylinder,18,0.5,18,2658.611,9673.7142,7425.177,0,0.7265105,0,0.6871554;
racing,killcylinder,18,0.5,18,2658.611,9456.678,7425.177,0,0.7265105,0,0.6871554;
custom,endPrism,empty,1,1.65,0.7216913,1,1,1,0,1,1,2649.712,9565.285,7259.63,-0.0196775,0.0196775,-0.7068329,0.7068329;
custom,endPrism,empty,1,1.65,0.7216913,1,1,1,0,1,1,2647.019,9606.5818,7223.098,-0.4858917,0.513721,0.513721,0.4858917;
custom,endPrism,empty,1,1.65,0.7216913,1,1,1,0,1,1,2647.676,9523.8093,7223.061,0.4858917,0.513721,-0.513721,0.4858917;
racing,killCuboid,1,6.234579,35,2808.02,9565.1956,6961.139,0,0.7265105,0,0.6871554;
custom,Cuboid,stone5,0.9,6.134579,34.84697,1,1,1,1,5.825,1.02243,2808.271,9565.1956,6961.126,0,0.7265105,0,0.6871554;
racing,killCuboid,10,6.234579,1,3057.637,9565.1956,6947.231,0,0.7265105,0,0.6871554;
custom,Cuboid,stone5,10,6.134579,0.9,1,1,1,1,1.666667,1.02243,3057.606,9565.1956,6946.73,0,0.7265105,0,0.6871554;
racing,killCuboid,4.384276,6.234579,1,2976.251,9565.1956,6924.802,0,0.7265105,0,0.6871554;
custom,Cuboid,stone5,4.384276,6.134579,0.9,1,1,1,1,1.666667,1.02243,2976.243,9565.1956,6924.582,0,0.7265105,0,0.6871554;
custom,killcuboid,PureMetal(Instance),40,20.23458,1,0,1,1,1,1,1,3672.888,9565.1956,7119.933,0,0.7265105,0,0.6871554;

custom,cuboid,stone5,5.079295,20.23458,0.8,0,1,1,1,0.6,2,3656.561,9565.1956,6896.181,0,0.778185,0,0.6280352;
custom,cuboid,stone5,5.079295,20.23458,0.8,0,1,1,1,0.6,2,3638.99,9565.1956,6850.851,0,0.8668517,0,0.4985661;
custom,cuboid,stone5,5.079295,20.23458,0.8,0,1,1,1,0.6,2,3608.264,9565.1956,6813.165,0,0.9341713,0,0.3568249;
custom,cuboid,stone5,5.079295,20.23458,0.8,0,1,1,1,0.6,2,3567.406,9565.1956,6786.815,0,0.9784898,0,0.2062953;
custom,cuboid,stone5,5.079295,20.23458,0.8,0,1,1,1,0.6,2,3520.393,9565.1956,6774.386,0,0.9987146,0,0.0506862;
custom,cuboid,stone5,5.079295,20.23458,0.8,0,1,1,1,0.6,2,3471.842,9565.1956,6777.09,0,0.994348,0,-0.1061704;
custom,cuboid,stone5,5.079295,20.23458,0.8,0,1,1,1,0.6,2,3426.505,9565.1956,6794.666,0,0.9654972,0,-0.2604136;
custom,cuboid,stone5,5.079295,20.23458,0.8,0,1,1,1,0.6,2,3388.817,9565.1956,6825.389,0,0.9128731,0,-0.4082434;
custom,cuboid,stone5,5.079295,20.23458,0.8,0,1,1,1,0.6,2,3362.477,9565.1956,6866.26,0,0.837772,0,-0.5460204;
custom,cuboid,stone5,5.079295,20.23458,0.8,0,1,1,1,0.6,2,3350.046,9565.1956,6913.263,0,0.7420394,0,-0.6703563;

custom,killcuboid,PureMetal(Instance),40,1,8.234579,0,1,1,1,1,1,3636.774,9671.3684,7121.951,0,0.7265105,0,0.6871554;
custom,killprism,PureMetal(Instance),5.080296,1,18.51528,0,1,1,1,1,1,3588.472,9671.5684,6911.355,0,0.778185,0,0.6280352;
custom,killprism,PureMetal(Instance),5.080296,1,18.51528,0,1,1,1,1,1,3578.923,9671.5684,6886.321,0,0.8668517,0,0.4985661;
custom,killprism,PureMetal(Instance),5.080296,1,18.51528,0,1,1,1,1,1,3562.101,9671.5684,6865.465,0,0.9341713,0,0.3568249;
custom,killprism,PureMetal(Instance),5.080296,1,18.51528,0,1,1,1,1,1,3539.653,9671.5684,6850.82,0,0.9784898,0,0.2062953;
custom,killprism,PureMetal(Instance),5.080296,1,18.51528,0,1,1,1,1,1,3513.781,9671.5684,6843.833,0,0.9987146,0,0.0506862;
custom,killprism,PureMetal(Instance),5.080296,1,18.51528,0,1,1,1,1,1,3487.019,9671.5684,6845.188,0,0.994348,0,-0.1061704;
custom,killprism,PureMetal(Instance),5.080296,1,18.51528,0,1,1,1,1,1,3461.983,9671.5684,6854.739,0,0.9654972,0,-0.2604136;
custom,killprism,PureMetal(Instance),5.080296,1,18.51528,0,1,1,1,1,1,3441.122,9671.5684,6871.559,0,0.9128731,0,-0.4082434;
custom,killprism,PureMetal(Instance),5.080296,1,18.51528,0,1,1,1,1,1,3426.481,9671.5684,6893.998,0,0.837772,0,-0.5460204;
custom,killprism,PureMetal(Instance),5.080296,1,18.51528,0,1,1,1,1,1,3419.497,9671.5684,6919.873,0,0.7420394,0,-0.6703563;
custom,killcuboid,PureMetal(Instance),13.33333,1,8.234579,0,1,1,1,1,1,3387.381,9671.3684,7002.305,0,0.7265105,0,0.6871554;
custom,killcuboid,PureMetal(Instance),40,1,8.234579,0,1,1,1,1,1,3636.774,9459.0237,7121.951,0,0.7265105,0,0.6871554;
custom,killprism,PureMetal(Instance),5.080296,1,18.51528,0,1,1,1,1,1,3588.472,9459.2236,6911.355,0,0.778185,0,0.6280352;
custom,killprism,PureMetal(Instance),5.080296,1,18.51528,0,1,1,1,1,1,3578.923,9459.2236,6886.321,0,0.8668517,0,0.4985661;
custom,killprism,PureMetal(Instance),5.080296,1,18.51528,0,1,1,1,1,1,3562.101,9459.2236,6865.465,0,0.9341713,0,0.3568249;
custom,killprism,PureMetal(Instance),5.080296,1,18.51528,0,1,1,1,1,1,3539.653,9459.2236,6850.82,0,0.9784898,0,0.2062953;
custom,killprism,PureMetal(Instance),5.080296,1,18.51528,0,1,1,1,1,1,3513.781,9459.2236,6843.833,0,0.9987146,0,0.0506862;
custom,killprism,PureMetal(Instance),5.080296,1,18.51528,0,1,1,1,1,1,3487.019,9459.2236,6845.188,0,0.994348,0,-0.1061704;
custom,killprism,PureMetal(Instance),5.080296,1,18.51528,0,1,1,1,1,1,3461.983,9459.2236,6854.739,0,0.9654972,0,-0.2604136;
custom,killprism,PureMetal(Instance),5.080296,1,18.51528,0,1,1,1,1,1,3441.122,9459.2236,6871.559,0,0.9128731,0,-0.4082434;
custom,killprism,PureMetal(Instance),5.080296,1,18.51528,0,1,1,1,1,1,3426.481,9459.2236,6893.998,0,0.837772,0,-0.5460204;
custom,killprism,PureMetal(Instance),5.080296,1,18.51528,0,1,1,1,1,1,3419.497,9459.2236,6919.873,0,0.7420394,0,-0.6703563;
custom,killcuboid,PureMetal(Instance),13.33333,1,8.234579,0,1,1,1,1,1,3387.381,9459.0237,7002.305,0,0.7265105,0,0.6871554;
custom,killcylinder,PureMetal(Instance),18,0.5,18,0,1,1,1,1,1,3270.106,9673.7142,7075.599,0,0.7265105,0,0.6871554;
custom,killcylinder,PureMetal(Instance),18,0.5,18,0,1,1,1,1,1,3270.106,9456.678,7075.599,0,0.7265105,0,0.6871554;
custom,killcuboid,PureMetal(Instance),1,20.70374,8.234579,0,1,1,1,1,1,3408.895,9565.1956,7388.375,0,0.7265105,0,0.6871554;
custom,killcuboid,PureMetal(Instance),33.5,1,16.23458,0,1,1,1,1,1,3359.918,9673.7142,7228.351,0,0.7265105,0,0.6871554;
custom,killcuboid,PureMetal(Instance),33.5,1,16.23458,0,1,1,1,1,1,3359.918,9456.678,7228.351,0,0.7265105,0,0.6871554;
custom,killcylinder,PureMetal(Instance),18,0.5,18,0,1,1,1,1,1,2955.592,9673.7142,7093.128,0,0.7265105,0,0.6871554;
custom,killcylinder,PureMetal(Instance),18,0.5,18,0,1,1,1,1,1,2955.592,9456.678,7093.128,0,0.7265105,0,0.6871554;
custom,killcylinder,PureMetal(Instance),18,0.5,18,0,1,1,1,1,1,2973.119,9673.7142,7407.651,0,0.7265105,0,0.6871554;
custom,killcylinder,PureMetal(Instance),18,0.5,18,0,1,1,1,1,1,2973.119,9456.678,7407.651,0,0.7265105,0,0.6871554;
custom,killcylinder,PureMetal(Instance),18,0.5,18,0,1,1,1,1,1,2641.083,9673.7142,7110.672,0,0.7265105,0,0.6871554;
custom,killcylinder,PureMetal(Instance),18,0.5,18,0,1,1,1,1,1,2641.083,9456.678,7110.672,0,0.7265105,0,0.6871554;
custom,killcylinder,PureMetal(Instance),18,0.5,18,0,1,1,1,1,1,2658.611,9673.7142,7425.177,0,0.7265105,0,0.6871554;
custom,killcylinder,PureMetal(Instance),18,0.5,18,0,1,1,1,1,1,2658.611,9456.678,7425.177,0,0.7265105,0,0.6871554;
custom,killcuboid,PureMetal(Instance),18,20.70374,1.5,0,1,1,1,1,1,2653.6,9565.1956,7335.317,0,0.7265105,0,0.6871554;
custom,killcuboid,PureMetal(Instance),1.5,20.70374,63,0,1,1,1,1,1,2951.001,9565.1956,7010.765,0,0.7265105,0,0.6871554;
custom,killcuboid,PureMetal(Instance),1.5,20.70374,63,0,1,1,1,1,1,2977.708,9565.1956,7490.023,0,0.7265105,0,0.6871554;
custom,killcuboid,PureMetal(Instance),49.5,1,63,0,1,1,1,1,1,2964.356,9673.7142,7250.396,0,0.7265105,0,0.6871554;
custom,killcuboid,PureMetal(Instance),16.5,1,21,0,1,1,1,1,1,2964.356,9673.7142,7250.396,0,0.7265105,0,0.6871554;
custom,killcuboid,PureMetal(Instance),33,1,42,0,1,1,1,1,1,2964.356,9673.7142,7250.396,0,0.7265105,0,0.6871554;
custom,killcuboid,PureMetal(Instance),49.5,1,63,0,1,1,1,1,1,2964.356,9456.678,7250.396,0,0.7265105,0,0.6871554;
custom,killcuboid,PureMetal(Instance),49.5,1,21,0,1,1,1,1,1,2964.356,9456.678,7250.396,0,0.7265105,0,0.6871554;
custom,killcuboid,PureMetal(Instance),49.5,1,42,0,1,1,1,1,1,2964.356,9456.678,7250.396,0,0.7265105,0,0.6871554;
custom,killcuboid,PureMetal(Instance),13.5,7.234579,1.5,0,1,1,1,1,1,2644.835,9632.5413,7178.06,0,0.7265105,0,0.6871554;
custom,killcuboid,PureMetal(Instance),13.5,7.234579,1.5,0,1,1,1,1,1,2644.835,9497.85,7178.06,0,0.7265105,0,0.6871554;

custom,cuboid,stone5,0.8,6.234579,4.5366,0,1,1,1,0.5,0.7,2627.08,9565.1956,7248.231,0,0.6703563,0,0.7420394;
custom,cuboid,stone5,0.8,6.234579,4.5366,0,1,1,1,0.5,0.7,2585.242,9565.1956,7237.172,0,0.5460204,0,0.837772;
custom,cuboid,stone5,0.8,6.234579,4.5366,0,1,1,1,0.5,0.7,2548.896,9565.1956,7213.727,0,0.4082434,0,0.9128731;
custom,cuboid,stone5,0.8,6.234579,4.5366,0,1,1,1,0.5,0.7,2521.551,9565.1956,7180.199,0,0.2604136,0,0.9654972;
custom,cuboid,stone5,0.8,6.234579,4.5366,0,1,1,1,0.5,0.7,2505.918,9565.1956,7139.851,0,0.1061704,0,0.994348;
custom,cuboid,stone5,0.8,6.234579,4.5366,0,1,1,1,0.5,0.7,2503.512,9565.1956,7096.67,0,-0.0506862,0,0.9987146;
custom,cuboid,stone5,0.8,6.234579,4.5366,0,1,1,1,0.5,0.7,2514.567,9565.1956,7054.835,0,-0.2062953,0,0.9784898;
custom,cuboid,stone5,0.8,6.234579,4.5366,0,1,1,1,0.5,0.7,2538.015,9565.1956,7018.479,0,-0.3568249,0,0.9341713;
custom,cuboid,stone5,0.8,6.234579,4.5366,0,1,1,1,0.5,0.7,2571.539,9565.1956,6991.142,0,-0.4985661,0,0.8668517;
custom,cuboid,stone5,0.8,6.234579,4.5366,0,1,1,1,0.5,0.7,2611.885,9565.1956,6975.502,0,-0.6280352,0,0.778185;

custom,killprism,PureMetal(Instance),4.5376,1,16.54421,0,1,1,1,1,1,2632.931,9601.5685,7186.762,0,-0.0506862,0,0.9987146;
custom,killprism,PureMetal(Instance),4.5376,1,16.54421,0,1,1,1,1,1,2609.808,9601.5685,7180.516,0,-0.2062953,0,0.9784898;
custom,killprism,PureMetal(Instance),4.5376,1,16.54421,0,1,1,1,1,1,2589.754,9601.5685,7167.438,0,-0.3568249,0,0.9341713;
custom,killprism,PureMetal(Instance),4.5376,1,16.54421,0,1,1,1,1,1,2574.725,9601.5685,7148.799,0,-0.4985661,0,0.8668517;
custom,killprism,PureMetal(Instance),4.5376,1,16.54421,0,1,1,1,1,1,2566.185,9601.5685,7126.41,0,-0.6280352,0,0.778185;
custom,killprism,PureMetal(Instance),4.5376,1,16.54421,0,1,1,1,1,1,2564.982,9601.5685,7102.513,0,-0.7420394,0,0.6703563;
custom,killprism,PureMetal(Instance),4.5376,1,16.54421,0,1,1,1,1,1,2571.225,9601.5685,7079.392,0,-0.837772,0,0.5460204;
custom,killprism,PureMetal(Instance),4.5376,1,16.54421,0,1,1,1,1,1,2584.301,9601.5685,7059.339,0,-0.9128731,0,0.4082434;
custom,killprism,PureMetal(Instance),4.5376,1,16.54421,0,1,1,1,1,1,2602.943,9601.5685,7044.308,0,-0.9654972,0,0.2604136;
custom,killprism,PureMetal(Instance),4.5376,1,16.54421,0,1,1,1,1,1,2625.316,9601.5685,7035.772,0,-0.994348,0,0.1061704;
custom,killprism,PureMetal(Instance),4.5376,1,16.54421,0,1,1,1,1,1,2632.931,9529.2226,7186.762,0,-0.0506862,0,0.9987146;
custom,killprism,PureMetal(Instance),4.5376,1,16.54421,0,1,1,1,1,1,2609.808,9529.2226,7180.516,0,-0.2062953,0,0.9784898;
custom,killprism,PureMetal(Instance),4.5376,1,16.54421,0,1,1,1,1,1,2589.754,9529.2226,7167.438,0,-0.3568249,0,0.9341713;
custom,killprism,PureMetal(Instance),4.5376,1,16.54421,0,1,1,1,1,1,2574.725,9529.2226,7148.799,0,-0.4985661,0,0.8668517;
custom,killprism,PureMetal(Instance),4.5376,1,16.54421,0,1,1,1,1,1,2566.185,9529.2226,7126.41,0,-0.6280352,0,0.778185;
custom,killprism,PureMetal(Instance),4.5376,1,16.54421,0,1,1,1,1,1,2564.982,9529.2226,7102.513,0,-0.7420394,0,0.6703563;
custom,killprism,PureMetal(Instance),4.5376,1,16.54421,0,1,1,1,1,1,2571.225,9529.2226,7079.392,0,-0.837772,0,0.5460204;
custom,killprism,PureMetal(Instance),4.5376,1,16.54421,0,1,1,1,1,1,2584.301,9529.2226,7059.339,0,-0.9128731,0,0.4082434;
custom,killprism,PureMetal(Instance),4.5376,1,16.54421,0,1,1,1,1,1,2602.943,9529.2226,7044.308,0,-0.9654972,0,0.2604136;
custom,killprism,PureMetal(Instance),4.5376,1,16.54421,0,1,1,1,1,1,2625.316,9529.2226,7035.772,0,-0.994348,0,0.1061704;
custom,killcuboid,PureMetal(Instance),46.02917,1,8.234579,0,1,1,1,1,1,2863.511,9529.0413,6966.706,0,0.0269433,0,0.999637;
custom,killcuboid,PureMetal(Instance),1,20.70374,8.234579,0,1,1,1,1,1,3326.877,9565.1956,7392.946,0,0.7265105,0,0.6871554;
custom,killcuboid,PureMetal(Instance),1,20.70374,8.234579,0,1,1,1,1,1,3301.396,9565.1956,6935.724,0,0.7265105,0,0.6871554;
custom,killcuboid,PureMetal(Instance),1,20.70374,8.234579,0,1,1,1,1,1,3274.141,9565.1956,6947.931,0,0.9783359,0,0.2070239;
custom,killcylinder,PureMetal(Instance),18,0.5,18,0,1,1,1,1,1,3292.202,9456.678,7006.451,0,0.7265105,0,0.6871554;
custom,killcylinder,PureMetal(Instance),18,0.5,18,0,1,1,1,1,1,3292.202,9673.7142,7006.451,0,0.7265105,0,0.6871554;
custom,killcylinder,PureMetal(Instance),18,0.5,18,0,1,1,1,1,1,2560.773,9456.678,7035.569,0,0.7265105,0,0.6871554;
custom,killcylinder,PureMetal(Instance),18,0.5,18,0,1,1,1,1,1,2560.773,9663.7142,7035.569,0,0.7265105,0,0.6871554;
custom,killcuboid,PureMetal(Instance),33.5,20.70374,1,0,1,1,1,1,1,3435.971,9565.1956,7224.116,0,0.7265105,0,0.6871554;
custom,cylinder,stone5,3.6,37.79125,3.6,1,1,1,1,0.9,12.59708,3504.659,9565.1956,6928.994,0,0.7265105,0,0.6871554;
custom,cuboid,rock3,11.51659,23.03317,11.51659,0,1,1,1,1,2,3546.792,9562.5085,7268.866,0,0.0234529,0,0.999725;
custom,cuboid,rock3,25,50,25,0,1,1,1,2,5,3635.995,9926.70737,7194.299,0,0.0206399,0,0.999787;
custom,cuboid,rock3,25,50,25,0,1,1,1,2,5,3797.146,9483.0437,7191.313,0,0.0206399,0,0.999787;




racing,killcuboid,1,6,25,245,10030,-415,0,0,0,0;
racing,killcuboid,1,1,25,245,10055,-415,0,0,0,0;
racing,killcuboid,1,1,25,245,10005,-415,0,0,0,0;
custom,cuboid,metal2,1,6,35,1,0.35,0.65,1,0,0.6,245,10030,-715,0,0,0,0;
custom,cuboid,metal2,3,6,80,1,0.35,0.65,1,0,0.6,320,10030,-590,0,0,0,0;
custom,cuboid,metal2,1,6,50,1,0.35,0.65,1,0,0.6,0,10030,-895,0,1,0,1;
racing,killcuboid,1,6,25,-245,10030,-415,0,0,0,0;
racing,killcuboid,1,1,25,-245,10055,-415,0,0,0,0;
racing,killcuboid,1,1,25,-245,10005,-415,0,0,0,0;
custom,cuboid,metal2,1,6,35,1,0.35,0.65,1,0,0.6,-245,10030,-715,0,0,0,0;
custom,cuboid,metal2,3,6,80,1,0.35,0.65,1,0,0.6,-320,10030,-590,0,0,0,0;

custom,cuboid,metal2,1,6,24.5,1,0.35,0.65,1,0,0.6,-192.5,10030,-995,0,1,0,1;
custom,cuboid,metal2,1,6,24.5,1,0.35,0.65,1,0,0.6,192.5,10030,-995,0,1,0,1;


racing,killCuboid,1,6,21,55,10030,-1100,0,0.1,0,1;
racing,killCuboid,1,6,21,-55,10030,-1100,0,-0.1,0,1;
racing,killCuboid,1,1,21,55,10055,-1100,0,0.1,0,1;
racing,killCuboid,1,1,21,-55,10055,-1100,0,-0.1,0,1;
racing,killCuboid,1,1,21,55,10005,-1100,0,0.1,0,1;
racing,killCuboid,1,1,21,-55,10005,-1100,0,-0.1,0,1;


custom,cuboid,metal2,10,6,1,1,0.35,0.65,1,0,0.6,35,10030,-1250,0,1,0,1;
custom,cuboid,metal2,10,6,1,1,0.35,0.65,1,0,0.6,-35,10030,-1250,0,1,0,1;

custom,pillar1,metal2,1,1,1,1,0.35,0.65,1,0,1,35,10000,-1300,0,1,0,1;
custom,pillar1,metal2,1,1,1,1,0.35,0.65,1,0,1,-35,10000,-1300,0,1,0,1;


custom,killcuboid,metal2,0.9,5.9,79.9,1,1,0.65,0.35,0,0.6,310,10030,-1400,0,0,0,0;
custom,killcuboid,metal2,0.9,5.9,79.9,1,1,0.65,0.35,0,0.6,-310,10030,-1400,0,0,0,0;
racing,killcuboid,1,6,80,310,10030,-1400,0,0,0,0;
racing,killcuboid,1,6,80,-310,10030,-1400,0,0,0,0;



racing,killcuboid,1,6,31,0,10030,-1400,0,1,0,1;
racing,killcuboid,1,1,31,0,10055,-1400,0,1,0,1;
racing,killcuboid,1,1,31,0,10005,-1400,0,1,0,1;
custom,cuboid,metal2,1,6,10,1,0.35,0.65,1,0,0.6,205,10030,-1400,0,1,0,1;
custom,cuboid,metal2,1,6,10,1,0.35,0.65,1,0,0.6,-205,10030,-1400,0,1,0,1;

custom,cuboid,metal2,1,6,10,1,0.35,0.65,1,0,0.6,75,10030,-1500,0,1,0,1;
custom,cuboid,metal2,1,6,10,1,0.35,0.65,1,0,0.6,-75,10030,-1500,0,1,0,1;
racing,killcuboid,1,6,18,215,10030,-1500,0,1,0,1;
racing,killcuboid,1,6,18,-215,10030,-1500,0,1,0,1;
racing,killcuboid,1,1,18,215,10055,-1500,0,1,0,1;
racing,killcuboid,1,1,18,-215,10055,-1500,0,1,0,1;
racing,killcuboid,1,1,18,215,10005,-1500,0,1,0,1;
racing,killcuboid,1,1,18,-215,10005,-1500,0,1,0,1;



custom,cuboid,metal2,1,6,31,1,0.35,0.65,1,0,0.6,0,10030,-1600,0,1,0,1;
racing,killcuboid,1,6,10,205,10030,-1600,0,1,0,1;
racing,killcuboid,1,6,10,-205,10030,-1600,0,1,0,1;
racing,killcuboid,1,1,10,205,10055,-1600,0,1,0,1;
racing,killcuboid,1,1,10,-205,10055,-1600,0,1,0,1;
racing,killcuboid,1,1,10,205,10005,-1600,0,1,0,1;
racing,killcuboid,1,1,10,-205,10005,-1600,0,1,0,1;


racing,killcuboid,1,6,10,75,10030,-1700,0,1,0,1;
racing,killcuboid,1,6,10,-75,10030,-1700,0,1,0,1;
racing,killcuboid,1,1,10,75,10055,-1700,0,1,0,1;
racing,killcuboid,1,1,10,-75,10055,-1700,0,1,0,1;
racing,killcuboid,1,1,10,75,10005,-1700,0,1,0,1;
racing,killcuboid,1,1,10,-75,10005,-1700,0,1,0,1;
custom,cuboid,metal2,1,6,18,1,0.35,0.65,1,0,0.6,215,10030,-1700,0,1,0,1;
custom,cuboid,metal2,1,6,18,1,0.35,0.65,1,0,0.6,-215,10030,-1700,0,1,0,1;







custom,killcuboid,metal2,0.9,5.9,9.9,1,1,0.65,0.35,0,0.6,-320,10030,-2100,0,0,0,0;
custom,killcuboid,metal2,0.9,5.9,9.9,1,1,0.65,0.35,0,0.6,320,10030,-2100,0,0,0,0;


racing,killcuboid,1,6,10,-320,10030,-2100,0,0,0,0;
racing,killcuboid,1,6,10,320,10030,-2100,0,0,0,0;


custom,killcuboid,metal2,27.9,5.9,0.9,1,1,0.65,0.35,0,0.6,185,10030,-2155,0,0,0,0;
custom,killcuboid,metal2,27.9,5.9,0.9,1,1,0.65,0.35,0,0.6,-185,10030,-2155,0,0,0,0;
racing,killcuboid,28,6,1,185,10030,-2155,0,0,0,0;
racing,killcuboid,28,6,1,-185,10030,-2155,0,0,0,0;



custom,cuboid,metal2,30,6,1,1,0.35,0.65,1,0,0.6,40,10030,-2300,0,1,0,1;
custom,cuboid,metal2,40,6,1,1,0.35,0.65,1,0,0.6,-40,10030,-2350,0,1,0,1;

custom,cuboid,metal2,40,6,1,1,0.35,0.65,1,0,0.6,245,10030,-2445,0,0,0,1;

custom,cuboid,metal2,79,3,1,1,0.35,0.65,1,0,0.3,-45,10045,-2555,0,0,0,1;
racing,killcuboid,79,3,1,-45,10015,-2555,0,0,0,1;

custom,cuboid,metal2,79,3,1,1,0.35,0.65,1,0,0.3,45,10015,-2645,0,0,0,1;
racing,killcuboid,79,3,1,45,10045,-2645,0,0,0,1;

custom,cuboid,metal2,79,3,1,1,0.35,0.65,1,0,0.3,-45,10030,-2735,0,0,0,1;
racing,killcuboid,79,1.5,1,-45,10007.5,-2735,0,0,0,1;
racing,killcuboid,79,1.5,1,-45,10052.5,-2735,0,0,0,1;

custom,killcuboid,metal2,78.9,2.9,0.9,1,1,0.65,0.35,0,0.3,-45,10015,-2555,0,0,0,1;
custom,killcuboid,metal2,78.9,2.9,0.9,1,1,0.65,0.35,0,0.3,45,10045,-2645,0,0,0,1;
custom,killcuboid,metal2,78.9,1.4,0.9,1,1,0.65,0.35,0,0.15,-45,10007.5,-2735,0,0,0,1;
custom,killcuboid,metal2,78.9,1.4,0.9,1,1,0.65,0.35,0,0.15,-45,10052.5,-2735,0,0,0,1;


custom,killcuboid,metal2,40.9,5.9,0.9,1,1,0.65,0.35,0,0.6,445,10030,-2645,0,1,0,1;
racing,killcuboid,41,6,1,445,10030,-2645,0,1,0,1;
custom,killcuboid,metal2,40.9,5.9,0.9,1,1,0.65,0.35,0,0.6,-445,10030,-2645,0,1,0,1;
racing,killcuboid,41,6,1,-445,10030,-2645,0,1,0,1;

custom,cuboid,metal2,80,6,1,1,0.35,0.65,1,0,0.6,40,10030,-2845,0,0,0,1;


custom,cuboid,metal2,1,6,30,1,0.35,0.65,1,0,0.6,-355,10030,-3000,0,0,0,0;
custom,cuboid,metal2,1,6,30,1,0.35,0.65,1,0,0.6,-445,10030,-3000,0,0,0,0;

custom,cuboid,metal2,2,6,6,1,0.35,0.65,1,0,0.6,-370,10030,-3150,0,0,0,0;
custom,cuboid,metal2,2,6,6,1,0.35,0.65,1,0,0.6,-430,10030,-3150,0,0,0,0;
custom,cuboid,metal2,4,2,6,1,0.35,0.65,1,0,0.2,-400,10050,-3150,0,0,0,0;


custom,cuboid,metal2,2,6,6,1,0.35,0.65,1,0,0.6,30,10030,-3750,0,0,0,0;
custom,cuboid,metal2,2,6,6,1,0.35,0.65,1,0,0.6,-30,10030,-3750,0,0,0,0;
custom,cuboid,metal2,4,2,6,1,0.35,0.65,1,0,0.2,0,10050,-3750,0,0,0,0;

custom,cuboid,metal2,52,6,3,1,0.35,0.65,1,0,0.6,-100,10030,-3165,0,0,0,0;
custom,cuboid,metal2,52,6,3,1,0.35,0.65,1,0,0.6,-300,10030,-3735,0,0,0,0;

custom,cuboid,metal2,12,6,3,1,0.35,0.65,1,0,0.6,-500,10030,-3165,0,0,0,0;
custom,cuboid,metal2,12,6,3,1,0.35,0.65,1,0,0.6,100,10030,-3735,0,0,0,0;

custom,cuboid,metal2,59.9,5.9,2.9,1,0.35,1,0.35,0,0.6,-575,10030,-3450,0,1,0,1;
custom,cuboid,metal2,59.9,5.9,2.9,1,0.35,1,0.35,0,0.6,175,10030,-3450,0,1,0,1;
custom,cuboid,cannonregionmat,60,6,3,1,0.1,0.1,0.1,0,0.6,-575,10030,-3450,0,1,0,1;
custom,cuboid,cannonregionmat,60,6,3,1,0.1,0.1,0.1,0,0.6,175,10030,-3450,0,1,0,1;
base,levelBottom,default,0.06,1,0.003,0,0.1,0.1,0.1,0,0.6,-575,10030,-3450,0,1,0,1;
base,levelBottom,default,0.06,1,0.003,0,0.1,0.1,0.1,0,0.6,175,10030,-3450,0,1,0,1;



custom,cuboid,metal2,97,6,1,1,0.35,0.65,1,0,0.6,45,10030,-4235,0,1,0,1;

custom,cuboid,metal2,40.9,5.9,0.9,1,0.35,1,0.35,0,0.6,-108.5786438,10030,-4093.5786438,0,0.3826834,0,0.9238795;
custom,cuboid,metal2,40.9,5.9,0.9,1,0.35,1,0.35,0,0.6,-391.4213562,10030,-4093.5786438,0,0.9238795,0,0.3826834;
custom,cuboid,metal2,40.9,5.9,0.9,1,0.35,1,0.35,0,0.6,-391.4213562,10030,-4376.4213562,0,0.3826834,0,0.9238795;
custom,cuboid,metal2,40.9,5.9,0.9,1,0.35,1,0.35,0,0.6,-108.5786438,10030,-4376.4213562,0,0.9238795,0,0.3826834;

custom,cuboid,cannonregionmat,41,6,1,1,0.1,0.1,0.1,0,0.6,-108.5786438,10030,-4093.5786438,0,0.3826834,0,0.9238795;
custom,cuboid,cannonregionmat,41,6,1,1,0.1,0.1,0.1,0,0.6,-391.4213562,10030,-4093.5786438,0,0.9238795,0,0.3826834;
custom,cuboid,cannonregionmat,41,6,1,1,0.1,0.1,0.1,0,0.6,-391.4213562,10030,-4376.4213562,0,0.3826834,0,0.9238795;
custom,cuboid,cannonregionmat,41,6,1,1,0.1,0.1,0.1,0,0.6,-108.5786438,10030,-4376.4213562,0,0.9238795,0,0.3826834;

base,levelBottom,default,0.041,1,0.001,0,0.1,0.1,0.1,1,1,-108.5786438,10030,-4093.5786438,0,0.3826834,0,0.9238795;
base,levelBottom,default,0.041,1,0.001,0,0.1,0.1,0.1,1,1,-391.4213562,10030,-4093.5786438,0,0.9238795,0,0.3826834;
base,levelBottom,default,0.041,1,0.001,0,0.1,0.1,0.1,1,1,-391.4213562,10030,-4376.4213562,0,0.3826834,0,0.9238795;
base,levelBottom,default,0.041,1,0.001,0,0.1,0.1,0.1,1,1,-108.5786438,10030,-4376.4213562,0,0.9238795,0,0.3826834;


custom,killcuboid,metal2,60.06743,6,1.465058,1,1,0.65,0.35,0,0.6,-457.1907,10030,-4027.81,0,0.9238796,0,0.3826834;
custom,killcuboid,metal2,60.06743,6,1.465058,1,1,0.65,0.35,0,0.6,-457.1907,10030,-4442.193,0,0.3826834,0,0.9238796;
custom,killcuboid,metal2,28.06743,6,1.465058,1,1,0.65,0.35,0,0.6,-147.80949,10030,-4547.193,0,0.9238796,0,0.3826834;
custom,killcuboid,metal2,28.06743,6,1.465058,1,1,0.65,0.35,0,0.6,-147.80949,10030,-3922.81,0,0.3826834,0,0.9238796;






racing,killcuboid,60.16743,6.1,1.565058,-457.1907,10030,-4027.81,0,0.9238796,0,0.3826834;
racing,killcuboid,60.16743,6.1,1.565058,-457.1907,10030,-4442.193,0,0.3826834,0,0.9238796;
racing,killcuboid,28.16743,6.1,1.565058,-147.80949,10030,-4547.193,0,0.9238796,0,0.3826834;
racing,killcuboid,28.16743,6.1,1.565058,-147.80949,10030,-3922.81,0,0.3826834,0,0.9238796;

custom,cuboid,metal2,28,6,1.5,1,0.35,0.65,1,0,0.6,-47.5,10030,-3890,0,1,0,1;
custom,cuboid,metal2,28,6,1.5,1,0.35,0.65,1,0,0.6,-47.5,10030,-4580,0,1,0,1;





custom,cuboid,metal2,50,6,1,1,0.35,0.65,1,0,0.6,-40,10030,-4970,0,1,0,1;
custom,cuboid,metal2,57,6,3,1,0.35,0.65,1,0,0.6,50,10030,-5005,0,1,0,1;

custom,killcuboid,metal2,2.9,5.9,0.9,1,1,0.65,0.35,0,0.6,-20,10030,-5215,0,0,0,1;
racing,killcuboid,3,6,1,-20,10030,-5215,0,0,0,1;

custom,cuboid,metal2,50,6,1,1,0.35,0.65,1,0,0.6,-205,10030,-5295,0,0,0,1;
custom,cuboid,metal2,48,6,3,1,0.35,0.65,1,0,0.6,-285,10030,-5205,0,0,0,1;

custom,cuboid,metal2,50,6,1,1,0.35,0.65,1,0,0.6,-450,10030,-5550,0,1,0,1;
custom,cuboid,metal2,32.5,6,3,1,0.35,0.65,1,0,0.6,-292.5,10030,-5795,0,0,0,1;
custom,cuboid,metal2,32.5,6,3,1,0.35,0.65,1,0,0.6,292.5,10030,-5795,0,0,0,1;
custom,cuboid,metal2,50,6,3,1,0.35,0.65,1,0,0.6,460,10030,-6060,0,1,0,1;


custom,cuboid,metal2,16.67568,6,1,1,0.35,0.65,1,0,0.6,105,10030,-5726.982,0,0.564611,0,0.8253572;
custom,cuboid,metal2,16.67568,6,1,1,0.35,0.65,1,0,0.6,-105,10030,-5726.982,0,0.8253572,0,0.564611;
custom,cuboid,metal2,15,6,1,1,0.35,0.65,1,0,0.6,0,10030,-5655,0,0,0,1;


custom,cuboid,metal2,8.24,5.9,0.9,1,0.35,1,0.35,0,0.6,-47.84662,10030,-5835.507,0,0.8253572,0,0.564611;
custom,cuboid,metal2,7.4,5.9,0.9,1,0.35,1,0.35,0,0.6,0,10030,-5800.635,0,0,0,1;
custom,cuboid,metal2,8.24,5.9,0.9,1,0.35,1,0.35,0,0.6,47.84662,10030,-5835.507,0,0.564611,0,0.8253572;

custom,cuboid,cannonregionmat,8.25,6,1,1,0.1,0.1,0.1,1,1,-47.84662,10030,-5835.507,0,0.8253572,0,0.564611;
custom,cuboid,cannonregionmat,7.5,6,1,1,0.1,0.1,0.1,1,1,0,10030,-5800.635,0,0,0,1;
custom,cuboid,cannonregionmat,8.25,6,1,1,0.1,0.1,0.1,1,1,47.84662,10030,-5835.507,0,0.564611,0,0.8253572;
base,levelBottom,default,0.00825,1,0.001,0,0.1,0.1,0.1,1,1,-47.84662,10030,-5835.507,0,0.8253572,0,0.564611;
base,levelBottom,default,0.0075,1,0.001,0,0.1,0.1,0.1,1,1,0,10030,-5800.635,0,0,0,1;
base,levelBottom,default,0.00825,1,0.001,0,0.1,0.1,0.1,1,1,47.84662,10030,-5835.507,0,0.564611,0,0.8253572;









custom,cuboid,metal2,41,6,1,1,0.35,0.65,1,0,0.6,250,10030,-6315,0,0,0,1;
custom,cuboid,metal2,41,6,3,1,0.35,0.65,1,0,0.6,170,10030,-6235,0,0,0,1;
custom,cuboid,metal2,50,6,1,1,0.35,0.65,1,0,0.6,-40,10030,-6490,0,1,0,1;
custom,cuboid,metal2,43,6,1,1,0.35,0.65,1,0,0.6,40,10030,-6525,0,1,0,1;

custom,cuboid,metal2,90,6,1,1,0.35,0.65,1,0,0.6,-75,10030,-5875,0,0,0,1;

custom,cuboid,metal2,65,6,3,1,0.35,0.65,1,0,0.6,-530,10030,-5545,0,1,0,1;

custom,cuboid,metal2,38,6,1,1,0.35,0.65,1,0,0.6,380,10030,-6060,0,1,0,1;


custom,cuboid,metal2,50,6,1,1,0.35,0.65,1,0,0.6,-30,10030,-6990,0,1,0,1;
custom,cuboid,metal2,50,6,1,1,0.35,0.65,1,0,0.6,30,10030,-6990,0,1,0,1;

custom,cuboid,metal2,49.9,3.1,6.9,1,0.35,0.65,1,2.5,0,0,10075,-6990,0,1,0,1;
custom,cuboid,metal2,50,3,7,1,0.35,0.65,1,0,0.3,0,10075,-6990,0,1,0,1;

custom,cuboid,metal2,300,207,50,1,0.35,0.65,1,0,20.7,-1535,9055,-6990,0,0,0,1;
custom,cuboid,metal2,300,207,50,1,0.35,0.65,1,0,20.7,1535,9055,-6990,0,0,0,1;






custom,boulder5,lava1,3.11341,-1.761177,3.11341,1,0,0,1,1,1,-324.0913,10109.0015,-3233.833,0,-0.7754725,0,0.6313814;
custom,boulder5,lava1,3.11341,-1.761177,3.11341,1,0,0,1,1,1,-183.1796,10109.0015,-3334.447,0,-0.7754725,0,0.6313814;
custom,boulder5,lava1,3.11341,-1.761177,3.11341,1,0,0,1,1,1,-311.32,10109.0015,-3379.574,0,-0.7754725,0,0.6313814;
custom,boulder5,lava1,3.113416,-1.761176,3.113416,1,0,0,1,1,1,-283.4789,10109.0015,-3477.035,0,-0.3810336,0,0.9245613;
custom,boulder5,lava1,3.11341,-1.761177,3.11341,1,0,0,1,1,1,-188.3311,10109.0015,-3511.751,0,-0.7754725,0,0.6313814;
custom,boulder5,lava1,3.113416,-1.761176,3.113416,1,0,0,1,1,1,-424.3899,10109.0015,-3376.42,0,-0.3810336,0,0.9245613;
custom,boulder5,lava1,3.113416,-1.761176,3.113416,1,0,0,1,1,1,-411.6175,10109.0015,-3522.161,0,-0.3810336,0,0.9245613;
custom,boulder5,lava1,3.113416,-1.761176,3.113416,1,0,0,1,1,1,-288.6307,10109.0015,-3654.34,0,-0.3810336,0,0.9245613;
custom,boulder5,lava1,3.113416,-1.761176,3.113416,1,0,0,1,1,1,-88.83086,10109.0015,-3376.42,0,-0.3810336,0,0.9245613;
custom,boulder5,lava1,3.113416,-1.761176,3.113416,1,0,0,1,1,1,-76.05846,10109.0015,-3522.161,0,-0.3810336,0,0.9245613;
custom,boulder5,lava1,3.113416,-1.761176,3.113416,1,0,0,1,1,1,46.92844,10109.0015,-3654.34,0,-0.3810336,0,0.9245613;
custom,boulder5,lava1,3.113416,-1.761176,3.113416,1,0,0,1,1,1,52.08022,10109.0015,-3477.035,0,-0.3810336,0,0.9245613;
custom,boulder5,lava1,3.11341,-1.761177,3.11341,1,0,0,1,1,1,147.2279,10109.0015,-3511.751,0,-0.7754725,0,0.6313814;
custom,boulder5,lava1,3.11341,-1.761177,3.11341,1,0,0,1,1,1,152.3795,10109.0015,-3334.447,0,-0.7754725,0,0.6313814;
custom,boulder5,lava1,3.11341,-1.761177,3.11341,1,0,0,1,1,1,24.23915,10109.0015,-3379.574,0,-0.7754725,0,0.6313814;
custom,boulder5,lava1,3.11341,-1.761177,3.11341,1,0,0,1,1,1,11.46786,10109.0015,-3233.833,0,-0.7754725,0,0.6313814;


custom,boulder5,metal2,3,-6,3,1,0.35,0.65,1,0,2,-294.9743,10090,-3558.855,0,0,0,1;
custom,boulder5,metal2,3,-6,3,1,0.35,0.65,1,0,2,-50,10090,-3617.037,0,0,0,1;
custom,boulder5,metal2,3,-6,3,1,0.35,0.65,1,0,2,-75.85599,10090,-3425.935,0,0,0,1;
custom,boulder5,metal2,3,-6,3,1,0.35,0.65,1,0,2,130.404,10090,-3450.117,0,0,0,1;
custom,boulder5,metal2,3.000008,-6,3.000008,1,0.35,0.65,1,0,2,-219.3419,10090,-3436.591,0,0.476393,0,0.8792325;
custom,boulder5,metal2,3.000008,-6,3.000008,1,0.35,0.65,1,0,2,-245.1979,10090,-3245.488,0,0.476393,0,0.8792325;
custom,boulder5,metal2,3.000008,-6,3.000008,1,0.35,0.65,1,0,2,-38.93793,10090,-3269.671,0,0.476393,0,0.8792325;
custom,boulder5,metal2,3.000008,-6,3.000008,1,0.35,0.65,1,0,2,-464.3162,10090,-3378.409,0,0.476393,0,0.8792325;

custom,log2,lava1,5.846581,5.846581,0.27616,1,0,0,1,0.5,2.5,-294.9743,10094.64908,-3558.855,0.5965854,-0.3795865,0.3795868,0.5965852;
custom,log2,lava1,5.846581,5.846581,0.27616,1,0,0,1,0.5,2.5,-50,10094.64908,-3617.037,0.5965854,-0.3795865,0.3795868,0.5965852;
custom,log2,lava1,5.846581,5.846581,0.27616,1,0,0,1,0.5,2.5,-75.85599,10094.64908,-3425.935,0.5965854,-0.3795865,0.3795868,0.5965852;
custom,log2,lava1,5.846581,5.846581,0.27616,1,0,0,1,0.5,2.5,130.404,10094.64908,-3450.117,0.5965854,-0.3795865,0.3795868,0.5965852;
custom,log2,lava1,5.846584,5.846583,0.2761602,1,0,0,1,0.5,2.5,-219.3419,10094.64911,-3436.591,0.7053695,-0.0495358,0.0495361,0.7053696;
custom,log2,lava1,5.846584,5.846583,0.2761602,1,0,0,1,0.5,2.5,-245.1979,10094.64911,-3245.488,0.7053695,-0.0495358,0.0495361,0.7053696;
custom,log2,lava1,5.846584,5.846583,0.2761602,1,0,0,1,0.5,2.5,-38.93793,10094.64911,-3269.671,0.7053695,-0.0495358,0.0495361,0.7053696;
custom,log2,lava1,5.846584,5.846583,0.2761602,1,0,0,1,0.5,2.5,-464.3162,10094.64911,-3378.409,0.7053695,-0.0495358,0.0495361,0.7053696;
custom,log2,lava1,3,3,0.2749653,1,0,0,1,0.5,1.5,-294.9743,10095.15442,-3558.855,0.7071068,0,0,0.7071068;
custom,log2,lava1,3,3,0.2749653,1,0,0,1,0.5,1.5,-50,10095.15442,-3617.037,0.7071068,0,0,0.7071068;
custom,log2,lava1,3,3,0.2749653,1,0,0,1,0.5,1.5,-75.85599,10095.15442,-3425.935,0.7071068,0,0,0.7071068;
custom,log2,lava1,3,3,0.2749653,1,0,0,1,0.5,1.5,130.404,10095.15442,-3450.117,0.7071068,0,0,0.7071068;
custom,log2,lava1,3.000008,3,0.2749655,1,0,0,1,0.5,1.5,-219.3419,10095.15431,-3436.591,0.6217111,0.336861,-0.336861,0.6217111;
custom,log2,lava1,3.000008,3,0.2749655,1,0,0,1,0.5,1.5,-245.1979,10095.15431,-3245.488,0.6217111,0.336861,-0.336861,0.6217111;
custom,log2,lava1,3.000008,3,0.2749655,1,0,0,1,0.5,1.5,-38.93793,10095.15431,-3269.671,0.6217111,0.336861,-0.336861,0.6217111;
custom,log2,lava1,3.000008,3,0.2749655,1,0,0,1,0.5,1.5,-464.3162,10095.15431,-3378.409,0.6217111,0.336861,-0.336861,0.6217111;


custom,log2,trunktex,3.000008,3,0.2749655,1,0.1,0.35,0.75,12,50,-464.3162,9988.49998,-3378.409,0.6217111,0.336861,-0.336861,0.6217111;
custom,log2,trunktex,5.846584,5.846583,0.2761602,1,0.1,0.35,0.75,12,50,-464.3162,9987.99461,-3378.409,0.7053694,-0.0495359,0.049536,0.7053697;
custom,log2,trunktex,3,3,0.2749653,1,0.1,0.35,0.75,12,50,-294.9743,9988.5,-3558.855,0.7071068,0,0,0.7071068;
custom,log2,trunktex,5.846581,5.846581,0.27616,1,0.1,0.35,0.75,12,50,-294.9743,9987.99467,-3558.855,0.5965854,-0.3795865,0.3795868,0.5965852;
custom,log2,trunktex,3,3,0.2749653,1,0.1,0.35,0.75,12,50,-50,9988.5,-3617.037,0.7071068,0,0,0.7071068;
custom,log2,trunktex,5.846581,5.846581,0.27616,1,0.1,0.35,0.75,12,50,-50,9987.99467,-3617.037,0.5965854,-0.3795865,0.3795868,0.5965852;
custom,log2,trunktex,3.000008,3,0.2749655,1,0.1,0.35,0.75,12,50,-219.3419,9988.49998,-3436.591,0.6217111,0.336861,-0.336861,0.6217111;
custom,log2,trunktex,5.846584,5.846583,0.2761602,1,0.1,0.35,0.75,12,50,-219.3419,9987.99461,-3436.591,0.7053694,-0.0495359,0.049536,0.7053697;
custom,log2,trunktex,3.000008,3,0.2749655,1,0.1,0.35,0.75,12,50,-245.1979,9988.49998,-3245.488,0.6217111,0.336861,-0.336861,0.6217111;
custom,log2,trunktex,5.846584,5.846583,0.2761602,1,0.1,0.35,0.75,12,50,-245.1979,9987.99461,-3245.488,0.7053694,-0.0495359,0.049536,0.7053697;
custom,log2,trunktex,5.846584,5.846583,0.2761602,1,0.1,0.35,0.75,12,50,-38.93793,9987.99461,-3269.671,0.7053694,-0.0495359,0.049536,0.7053697;
custom,log2,trunktex,3.000008,3,0.2749655,1,0.1,0.35,0.75,12,50,-38.93793,9988.49998,-3269.671,0.6217111,0.336861,-0.336861,0.6217111;
custom,log2,trunktex,3,3,0.2749653,1,0.1,0.35,0.75,12,50,-75.85599,9988.5,-3425.935,0.7071068,0,0,0.7071068;
custom,log2,trunktex,5.846581,5.846581,0.27616,1,0.1,0.35,0.75,12,50,-75.85599,9987.99467,-3425.935,0.5965854,-0.3795865,0.3795868,0.5965852;
custom,log2,trunktex,3,3,0.2749653,1,0.1,0.35,0.75,12,50,130.404,9988.5,-3450.117,0.7071068,0,0,0.7071068;
custom,log2,trunktex,5.846581,5.846581,0.27616,1,0.1,0.35,0.75,12,50,130.404,9987.99467,-3450.117,0.5965854,-0.3795865,0.3795868,0.5965852;


custom,cuboid,metal2,17.4,5.9,2.9,1,0.35,1,0.35,0,0.6,113.9311,10030.00008,-3664.826,0,0.9119369,0,0.4103306;
custom,cuboid,metal2,32.9,5.9,2.9,1,0.35,1,0.35,0,0.6,-448.8473,10030,-3623.758,0,0.3578778,0,0.9337685;
custom,cuboid,metal2,17.4,5.9,2.9,1,0.35,1,0.35,0,0.6,-513.3922,10030.00005,-3235.127,0,0.9119369,0,0.4103306;
custom,cuboid,metal2,32.9,5.9,2.9,1,0.35,1,0.35,0,0.6,50.32516,10030.00002,-3275.716,0,0.3578778,0,0.9337685;


custom,cuboid,cannonregionmat,17.5,6,3,1,0.1,0.1,0.1,0,0.6,113.9311,10030.00008,-3664.826,0,0.9119369,0,0.4103306;
custom,cuboid,cannonregionmat,33,6,3,1,0.1,0.1,0.1,0,0.6,-448.8473,10030,-3623.758,0,0.3578778,0,0.9337685;
custom,cuboid,cannonregionmat,17.5,6,3,1,0.1,0.1,0.1,0,0.6,-513.3922,10030.00005,-3235.127,0,0.9119369,0,0.4103306;
custom,cuboid,cannonregionmat,33,6,3,1,0.1,0.1,0.1,0,0.6,50.32516,10030.00002,-3275.716,0,0.3578778,0,0.9337685;
base,levelBottom,default,0.0175,1,0.003,0,0.35,1,0.35,1,0.6,113.9311,10030.00008,-3664.826,0,0.9119369,0,0.4103306;
base,levelBottom,default,0.033,1,0.003,0,0.35,1,0.35,1,0.6,-448.8473,10030,-3623.758,0,0.3578778,0,0.9337685;
base,levelBottom,default,0.0175,1,0.003,0,0.35,1,0.35,1,0.6,-513.3922,10030.00005,-3235.127,0,0.9119369,0,0.4103306;
base,levelBottom,default,0.033,1,0.003,0,0.35,1,0.35,1,0.6,50.32516,10030.00002,-3275.716,0,0.3578778,0,0.9337685;


custom,cuboid,stone5,1.313345,4.506184,4.506184,1,1,1,1,1.029322,0.6862149,4197.538,9585.4066,6929.076,-0.501769,0.4958051,0.5041887,0.4981957;
custom,cuboid,stone5,1.313345,4.506184,4.506184,1,1,1,1,1.029322,0.6862149,4155.237,9542.5868,6928.655,0,0.7054036,0,0.7088059;
custom,cuboid,stone5,1.313345,4.506184,4.506184,1,1,1,1,1.029322,0.6862149,4198.579,9499.7672,6928.655,-0.501769,0.4958051,0.5041887,0.4981957;
custom,cuboid,stone5,1.313345,4.506184,4.506184,1,1,1,1,1.029322,0.6862149,4240.882,9542.5868,6929.076,0,0.7054036,0,0.7088059;

custom,cuboid,stone5,1.03526,2.045877,2.045877,1,1,1,1,1.029322,0.6862149,4153.229,9496.8341,6929.076,-0.6536669,0.2664747,0.654999,0.2696057;
custom,cuboid,stone5,1.03526,2.045877,2.045877,1,1,1,1,1.029322,0.6862149,4241.095,9496.8341,6929.076,-0.6536669,0.2664747,0.654999,0.2696057;
custom,cuboid,stone5,1.03526,2.045877,2.045877,1,1,1,1,1.029322,0.6862149,4153.229,9585.4066,6929.076,-0.6536669,0.2664747,0.654999,0.2696057;
custom,cuboid,stone5,1.03526,2.045877,2.045877,1,1,1,1,1.029322,0.6862149,4241.095,9585.4066,6929.076,-0.6536669,0.2664747,0.654999,0.2696057;


custom,killcuboid,metal2,2.9,5.9,0.9,1,1,0.65,0.35,0,0.6,-450,10030,-5275,0,0.7065536,0,0.7076596;
racing,killcuboid,3,6,1,-450,10030,-5275,0,0.7065536,0,0.7076596;

racing,killcuboid,3,6,1,-470,10030,-5805,0,0,0,1;
custom,killcuboid,metal2,2.9,5.9,0.9,1,1,0.65,0.35,0,0.6,-470,10030,-5805,0,0,0,1;


racing,killcuboid,61,3,10,-45,10015,-2500,0,0,0,1;
racing,killcuboid,61,3,8,45,10045,-2600,0,0,0,1;
racing,killcuboid,61,1.5,8,-45,10007.5,-2690,0,0,0,1;
racing,killcuboid,61,1.5,8,-45,10052.5,-2690,0,0,0,1;

racing,killcuboid,60,1,9,-45,10005,-2500,0,0,0,1;
racing,killcuboid,60,1,7,45,10055,-2600,0,0,0,1;
racing,killcuboid,60,1,7,-45,10005,-2690,0,0,0,1;
racing,killcuboid,60,1,7,-45,10055,-2690,0,0,0,1;

custom,cuboid,lava1,29.2,0.9,90.2,1,0,0,1,9,0.1,0,10065,-2595,0,1,0,1;

custom,killcuboid,metal2,6.9,2.9,1.9,1,1,0.65,0.35,0,0.2,0,10015,-2440,0,0,0,0;
custom,killcuboid,metal2,6.9,1.9,1.9,1,1,0.65,0.35,0,0.2,0,10015,-2420,0,0,0,0;
custom,killcuboid,metal2,6.9,1.9,1.9,1,1,0.65,0.35,0,0.2,0,10010,-2400,0,0,0,0;
custom,killcuboid,metal2,6.9,1.9,1.9,1,1,0.65,0.35,0,0.2,0,10005,-2380,0,0,0,0;
custom,killcuboid,metal2,6.9,1.9,1.9,1,1,0.65,0.35,0,0.2,0,10000,-2360,0,0,0,0;
custom,killcuboid,metal2,6.9,1.9,1.9,1,1,0.65,0.35,0,0.2,0,9995,-2340,0,0,0,0;

custom,killcuboid,metal2,9.9,2.9,1.9,1,1,0.65,0.35,0,0.2,270,10015,-2500,0,1,0,1;
custom,killcuboid,metal2,9.9,1.9,1.9,1,1,0.65,0.35,0,0.2,290,10015,-2500,0,1,0,1;
custom,killcuboid,metal2,9.9,1.9,1.9,1,1,0.65,0.35,0,0.2,310,10010,-2500,0,1,0,1;
custom,killcuboid,metal2,9.9,1.9,1.9,1,1,0.65,0.35,0,0.2,330,10005,-2500,0,1,0,1;
custom,killcuboid,metal2,9.9,1.9,1.9,1,1,0.65,0.35,0,0.2,350,10000,-2500,0,1,0,1;
custom,killcuboid,metal2,9.9,1.9,1.9,1,1,0.65,0.35,0,0.2,370,9995,-2500,0,1,0,1;

custom,cuboid,metal2,28.9,1,89.9,1,0.35,0.65,1,0,9,0,9996,-2595,0,1,0,1;
custom,cuboid,metal2,28.9,1,89.9,1,0.35,0.65,1,0,9,0,10065,-2595,0,1,0,1;

custom,killcuboid,transparent0.3,29,1.1,90,1,0,0,1,0,9,0,9996,-2595,0,1,0,1;
custom,killcuboid,transparent0.3,29,1.1,90,1,0,0,1,0,9,0,10065,-2595,0,1,0,1;


custom,killcuboid,metal2,8.9,-2.9,0.9,1,1,0.65,0.35,0,0.3,355,10045,-2595,0,-1,0,-1;

custom,killcuboid,metal2,8.9,-2.9,1.9,1,1,0.65,0.35,0,0.2,-270,10045,-2595,0,-1,0,-1;
custom,killcuboid,metal2,8.9,-1.9,1.9,1,1,0.65,0.35,0,0.2,-290,10045,-2595,0,-1,0,-1;
custom,killcuboid,metal2,8.9,-1.9,1.9,1,1,0.65,0.35,0,0.2,-310,10050,-2595,0,-1,0,-1;
custom,killcuboid,metal2,8.9,-1.9,1.9,1,1,0.65,0.35,0,0.2,-330,10055,-2595,0,-1,0,-1;
custom,killcuboid,metal2,8.9,-1.9,1.9,1,1,0.65,0.35,0,0.2,-350,10060,-2595,0,-1,0,-1;
custom,killcuboid,metal2,8.9,-1.9,1.9,1,1,0.65,0.35,0,0.2,-370,10065,-2595,0,-1,0,-1;

custom,killcuboid,metal2,8.9,-1.4,0.9,1,1,0.65,0.35,0,0.15,-355,10052.5,-2685,0,-1,0,-1;
custom,killcuboid,metal2,8.9,-1.4,0.9,1,1,0.65,0.35,0,0.15,-355,10007.5,-2685,0,-1,0,-1;

custom,killcuboid,metal2,7.9,-1.4,1.9,1,1,0.65,0.35,0,0.15,270,10052.5,-2690,0,-1,0,-1;
custom,killcuboid,metal2,7.9,-1.4,1.9,1,1,0.65,0.35,0,0.15,290,10055,-2690,0,-1,0,-1;
custom,killcuboid,metal2,7.9,-1.4,1.9,1,1,0.65,0.35,0,0.15,310,10057.5,-2690,0,-1,0,-1;
custom,killcuboid,metal2,7.9,-1.4,1.9,1,1,0.65,0.35,0,0.15,330,10060,-2690,0,-1,0,-1;
custom,killcuboid,metal2,7.9,-1.4,1.9,1,1,0.65,0.35,0,0.15,350,10062.5,-2690,0,-1,0,-1;


custom,killcuboid,metal2,7.9,-1.4,1.9,1,1,0.65,0.35,0,0.15,270,10007.5,-2690,0,-1,0,-1;
custom,killcuboid,metal2,7.9,-1.4,1.9,1,1,0.65,0.35,0,0.15,290,10005,-2690,0,-1,0,-1;
custom,killcuboid,metal2,7.9,-1.4,1.9,1,1,0.65,0.35,0,0.15,310,10002.5,-2690,0,-1,0,-1;
custom,killcuboid,metal2,7.9,-1.4,1.9,1,1,0.65,0.35,0,0.15,330,10000,-2690,0,-1,0,-1;
custom,killcuboid,metal2,7.9,-1.4,1.9,1,1,0.65,0.35,0,0.15,350,9997.5,-2690,0,-1,0,-1;

racing,killcuboid,7,3,2,0,10015,-2440,0,0,0,0;
racing,killcuboid,7,2,2,0,10015,-2420,0,0,0,0;
racing,killcuboid,7,2,2,0,10010,-2400,0,0,0,0;
racing,killcuboid,7,2,2,0,10005,-2380,0,0,0,0;
racing,killcuboid,7,2,2,0,10000,-2360,0,0,0,0;
racing,killcuboid,7,2,2,0,9995,-2340,0,0,0,0;
racing,killcuboid,10,3,2,270,10015,-2500,0,1,0,1;
racing,killcuboid,10,2,2,290,10015,-2500,0,1,0,1;
racing,killcuboid,10,2,2,310,10010,-2500,0,1,0,1;
racing,killcuboid,10,2,2,330,10005,-2500,0,1,0,1;
racing,killcuboid,10,2,2,350,10000,-2500,0,1,0,1;
racing,killcuboid,10,2,2,370,9995,-2500,0,1,0,1;
racing,killcuboid,9,-3,1,355,10045,-2595,0,-1,0,-1;
racing,killcuboid,9,-3,2,-270,10045,-2595,0,-1,0,-1;
racing,killcuboid,9,-2,2,-290,10045,-2595,0,-1,0,-1;
racing,killcuboid,9,-2,2,-310,10050,-2595,0,-1,0,-1;
racing,killcuboid,9,-2,2,-330,10055,-2595,0,-1,0,-1;
racing,killcuboid,9,-2,2,-350,10060,-2595,0,-1,0,-1;
racing,killcuboid,9,-2,2,-370,10065,-2595,0,-1,0,-1;
racing,killcuboid,9,-1.5,1,-355,10052.5,-2685,0,-1,0,-1;
racing,killcuboid,9,-1.5,1,-355,10007.5,-2685,0,-1,0,-1;
racing,killcuboid,8,-1.5,2,270,10052.5,-2690,0,-1,0,-1;
racing,killcuboid,8,-1.5,2,290,10055,-2690,0,-1,0,-1;
racing,killcuboid,8,-1.5,2,310,10057.5,-2690,0,-1,0,-1;
racing,killcuboid,8,-1.5,2,330,10060,-2690,0,-1,0,-1;
racing,killcuboid,8,-1.5,2,350,10062.5,-2690,0,-1,0,-1;
racing,killcuboid,8,-1.5,2,270,10007.5,-2690,0,-1,0,-1;
racing,killcuboid,8,-1.5,2,290,10005,-2690,0,-1,0,-1;
racing,killcuboid,8,-1.5,2,310,10002.5,-2690,0,-1,0,-1;
racing,killcuboid,8,-1.5,2,330,10000,-2690,0,-1,0,-1;
racing,killcuboid,8,-1.5,2,350,9997.5,-2690,0,-1,0,-1;

custom,pillar1,metal2,1,1,1,1,0.35,0.65,1,0,1,-25,10000,-1700,0,0.7071068,0,0.7071068;
custom,pillar1,metal2,1,1,1,1,0.35,0.65,1,0,1,25,10000,-1700,0,0.7071068,0,0.7071068;
custom,pillar1,metal2,1,1,1,1,0.35,0.65,1,0,1,255,10000,-1600,0,0.7071068,0,0.7071068;
custom,pillar1,metal2,1,1,1,1,0.35,0.65,1,0,1,-255,10000,-1600,0,0.7071068,0,0.7071068;
custom,pillar1,metal2,1,1,1,1,0.35,0.65,1,0,1,-25,10000,-1500,0,0.7071068,0,0.7071068;
custom,pillar1,metal2,1,1,1,1,0.35,0.65,1,0,1,25,10000,-1500,0,0.7071068,0,0.7071068;
custom,pillar1,metal2,1,1,1,1,0.35,0.65,1,0,1,255,10000,-1400,0,0.7071068,0,0.7071068;
custom,pillar1,metal2,1,1,1,1,0.35,0.65,1,0,1,-255,10000,-1400,0,0.7071068,0,0.7071068;


//safe;

custom,boulder5,transparent0.3,2.05,6.05,1.05,1,0,0,1,0,1,1090,10000,1815,0,0,0,1;
custom,boulder5,transparent0.3,2.05,6.05,1.05,1,0,0,1,0,1,810,10000,1245,0,0,0,1;
custom,boulder5,transparent0.3,3.05,-6.05,3.05,1,0,0,1,0,2,-294.9743,10090,-3558.855,0,0,0,1;
custom,boulder5,transparent0.3,3.05,-6.05,3.05,1,0,0,1,0,2,-50,10090,-3617.037,0,0,0,1;
custom,boulder5,transparent0.3,3.05,-6.05,3.05,1,0,0,1,0,2,-75.85599,10090,-3425.935,0,0,0,1;
custom,boulder5,transparent0.3,3.05,-6.05,3.05,1,0,0,1,0,2,130.404,10090,-3450.117,0,0,0,1;
custom,boulder5,transparent0.3,3.05,6.05,3.05,1,0,0,1,0,1,800,10000,1450,0,0.7071068,0,0.7071068;
custom,boulder5,transparent0.3,3.05,6.05,3.05,1,0,0,1,0,1,900,10000,1815,0,0,0,1;
custom,boulder5,transparent0.3,3.05,6.05,3.05,1,0,0,1,0,1,950,10000,1650,0,-0.7071068,0,0.7071068;
custom,boulder5,transparent0.3,3.050008,-6.05,3.050008,1,0,0,1,0,2,-219.3419,10090,-3436.591,0,0.476393,0,0.8792325;
custom,boulder5,transparent0.3,3.050008,-6.05,3.050008,1,0,0,1,0,2,-245.1979,10090,-3245.488,0,0.476393,0,0.8792325;
custom,boulder5,transparent0.3,3.050008,-6.05,3.050008,1,0,0,1,0,2,-38.93793,10090,-3269.671,0,0.476393,0,0.8792325;
custom,boulder5,transparent0.3,3.050008,-6.05,3.050008,1,0,0,1,0,2,-464.3162,10090,-3378.409,0,0.476393,0,0.8792325;
custom,boulder5,transparent0.3,5.05,6.05,-5.05,1,0,0,1,0,1.5,-125,10000,-200,0,-0.382515,0,0.9239493;
custom,boulder5,transparent0.3,5.05,6.05,-5.05,1,0,0,1,0,1.5,150,10000,-350,0,-0.382515,0,0.9239493;
custom,boulder5,transparent0.3,5.05,6.05,5.05,1,0,0,1,0,1,1075,10000,1175,0,-0.382515,0,0.9239493;
custom,boulder5,transparent0.3,5.05,6.05,5.05,1,0,0,1,0,1,600,10000,1850,0,0.7071068,0,0.7071068;
custom,boulder5,transparent0.3,5.05,6.05,5.05,1,0,0,1,0,1.5,-150,10000,-350,0,-0.382515,0,0.9239493;
custom,boulder5,transparent0.3,5.05,6.05,5.05,1,0,0,1,0,1.5,125,10000,-200,0,-0.382515,0,0.9239493;

custom,killcuboid,transparent0.3,1.1,6.1,10.1,1,0,0,1,0,0.6,-205,10030,-1400,0,0.7071068,0,0.7071068;
custom,killcuboid,transparent0.3,1.1,6.1,10.1,1,0,0,1,0,0.6,-75,10030,-1500,0,0.7071068,0,0.7071068;
custom,killcuboid,transparent0.3,1.1,6.1,10.1,1,0,0,1,0,0.6,205,10030,-1400,0,0.7071068,0,0.7071068;
custom,killcuboid,transparent0.3,1.1,6.1,10.1,1,0,0,1,0,0.6,75,10030,-1500,0,0.7071068,0,0.7071068;
custom,killcuboid,transparent0.3,1.1,6.1,18.1,1,0,0,1,0,0.6,-215,10030,-1700,0,0.7071068,0,0.7071068;
custom,killcuboid,transparent0.3,1.1,6.1,18.1,1,0,0,1,0,0.6,215,10030,-1700,0,0.7071068,0,0.7071068;
custom,killcuboid,transparent0.3,1.1,6.1,24.6,1,0,0,1,0,0.6,-192.5,10030,-995,0,0.7071068,0,0.7071068;
custom,killcuboid,transparent0.3,1.1,6.1,24.6,1,0,0,1,0,0.6,192.5,10030,-995,0,0.7071068,0,0.7071068;
custom,killcuboid,transparent0.3,1.1,6.1,30.1,1,0,0,1,0,0.6,-355,10030,-3000,0,0,0,1;
custom,killcuboid,transparent0.3,1.1,6.1,30.1,1,0,0,1,0,0.6,-445,10030,-3000,0,0,0,1;
custom,killcuboid,transparent0.3,1.1,6.1,31.1,1,0,0,1,0,0.6,0,10030,-1600,0,0.7071068,0,0.7071068;
custom,killcuboid,transparent0.3,1.1,6.1,35.1,1,0,0,1,0,0.6,-245,10030,-715,0,0,0,1;
custom,killcuboid,transparent0.3,1.1,6.1,35.1,1,0,0,1,0,0.6,245,10030,-715,0,0,0,1;
custom,killcuboid,transparent0.3,1.1,6.1,40.1,1,0,0,1,0,0.6,-25,10030,75,0,0,0,1;
custom,killcuboid,transparent0.3,1.1,6.1,40.1,1,0,0,1,0,0.6,-35,10030,475,0,0,0,1;
custom,killcuboid,transparent0.3,1.1,6.1,40.1,1,0,0,1,0,0.6,25,10030,75,0,0,0,1;
custom,killcuboid,transparent0.3,1.1,6.1,40.1,1,0,0,1,0,0.6,35,10030,475,0,0,0,1;
custom,killcuboid,transparent0.3,1.1,6.1,50.1,1,0,0,1,0,0.6,0,10030,-895,0,0.7071068,0,0.7071068;
custom,killcuboid,transparent0.3,1.1,6.1,6.1,1,0,0,1,0,0.6,1420,10030,1215,0,0,0,1;
custom,killcuboid,transparent0.3,1.1,6.1,6.1,1,0,0,1,0,0.6,1420,10030,1380,0,0,0,1;
custom,killcuboid,transparent0.3,1.1,6.1,80.1,1,0,0,1,0,0.6,-310,10030,-590,0,0,0,1;
custom,killcuboid,transparent0.3,1.1,6.1,80.1,1,0,0,1,0,0.6,310,10030,-590,0,0,0,1;
custom,killcuboid,transparent0.3,10.1,6.1,1.1,1,0,0,1,0,0.6,-35,10030,-1250,0,0.7071068,0,0.7071068;
custom,killcuboid,transparent0.3,10.1,6.1,1.1,1,0,0,1,0,0.6,160,10030,1870,0,0,0,1;
custom,killcuboid,transparent0.3,10.1,6.1,1.1,1,0,0,1,0,0.6,35,10030,-1250,0,0.7071068,0,0.7071068;
custom,killcuboid,transparent0.3,10.1,6.1,1.1,1,0,0,1,0,0.6,4520,10030,1740,0,0,0,1;
custom,killcuboid,transparent0.3,10.1,6.1,1.1,1,0,0,1,0,0.6,4530,10030,1350,0,0,0,1;
custom,killcuboid,transparent0.3,10.1,6.1,1.1,1,0,0,1,0,0.6,4575,10030,1895,0,0.7071068,0,0.7071068;
custom,killcuboid,transparent0.3,10.1,6.1,1.1,1,0,0,1,0,0.6,4620,10030,1840,0,0,0,1;
custom,killcuboid,transparent0.3,12.1,6.1,3.1,1,0,0,1,0,0.6,-500,10030,-3165,0,0,0,1;
custom,killcuboid,transparent0.3,12.1,6.1,3.1,1,0,0,1,0,0.6,100,10030,-3735,0,0,0,1;
custom,killcuboid,transparent0.3,15.1,6.1,1.1,1,0,0,1,0,0.6,0,10030,-5655,0,0,0,1;
custom,killcuboid,transparent0.3,16.77568,6.1,1.1,1,0,0,1,0,0.6,-105,10030,-5726.982,0,0.8253572,0,0.564611;
custom,killcuboid,transparent0.3,16.77568,6.1,1.1,1,0,0,1,0,0.6,105,10030,-5726.982,0,0.564611,0,0.8253572;

custom,killcuboid,transparent0.3,2.1,6.1,6.1,1,0,0,1,0,0.6,-30,10030,-3750,0,0,0,1;
custom,killcuboid,transparent0.3,2.1,6.1,6.1,1,0,0,1,0,0.6,-370,10030,-3150,0,0,0,1;
custom,killcuboid,transparent0.3,2.1,6.1,6.1,1,0,0,1,0,0.6,-430,10030,-3150,0,0,0,1;
custom,killcuboid,transparent0.3,2.1,6.1,6.1,1,0,0,1,0,0.6,30,10030,-3750,0,0,0,1;
custom,killcuboid,transparent0.3,20.1,6.1,1.1,1,0,0,1,0,0.6,280,10030,1725,0,0,0,1;
custom,killcuboid,transparent0.3,20.1,6.1,1.1,1,0,0,1,0,0.6,4475,10030,1845,0,0.7071068,0,0.7071068;
custom,killcuboid,transparent0.3,20.1,6.1,1.1,1,0,0,1,0,0.6,4575,10030,1445,0,0.7071068,0,0.7071068;
custom,killcuboid,transparent0.3,20.1,6.1,1.1,1,0,0,1,0,0.6,4575,10030,1645,0,0.7071068,0,0.7071068;
custom,killcuboid,transparent0.3,20.1,6.1,1.1,1,0,0,1,0,0.6,4580,10030,1245,0,0,0,1;
custom,killcuboid,transparent0.3,27.1,6.1,1.1,1,0,0,1,0,0.6,255,10030,1665,0,0,0,1;
custom,killcuboid,transparent0.3,28.1,6.1,1.6,1,0,0,1,0,0.6,-47.5,10030,-3890,0,0.7071068,0,0.7071068;
custom,killcuboid,transparent0.3,28.1,6.1,1.6,1,0,0,1,0,0.6,-47.5,10030,-4580,0,0.7071068,0,0.7071068;
custom,killcuboid,transparent0.3,30.1,6.1,1.1,1,0,0,1,0,0.6,385,10030,1870,0,0.7071068,0,0.7071068;
custom,killcuboid,transparent0.3,30.1,6.1,1.1,1,0,0,1,0,0.6,40,10030,-2300,0,0.7071068,0,0.7071068;
custom,killcuboid,transparent0.3,30.1,6.1,1.1,1,0,0,1,0,0.6,4675,10030,1395,0,0.7071068,0,0.7071068;
custom,killcuboid,transparent0.3,30.1,6.1,1.1,1,0,0,1,0,0.6,4675,10030,1695,0,0.7071068,0,0.7071068;
custom,killcuboid,transparent0.3,300.1,207.1,50.1,1,0,0,1,0,20.7,-1535,9055,-6990,0,0,0,1;
custom,killcuboid,transparent0.3,300.1,207.1,50.1,1,0,0,1,0,20.7,1535,9055,-6990,0,0,0,1;
custom,killcuboid,transparent0.3,32.6,6.1,1.1,1,0,0,1,0,0.6,-292.5,10030,-5805,0,0,0,1;
custom,killcuboid,transparent0.3,32.6,6.1,1.1,1,0,0,1,0,0.6,292.5,10030,-5805,0,0,0,1;
custom,killcuboid,transparent0.3,38.1,6.1,1.1,1,0,0,1,0,0.6,380,10030,-6060,0,0.7071068,0,0.7071068;
custom,killcuboid,transparent0.3,4.1,2.1,6.1,1,0,0,1,0,0.2,-400,10050,-3150,0,0,0,1;
custom,killcuboid,transparent0.3,4.1,2.1,6.1,1,0,0,1,0,0.2,0,10050,-3750,0,0,0,1;
custom,killcuboid,transparent0.3,40.1,6,1.1,1,0,0,1,0,0.6,-40,10030,-2350,0,0.7071068,0,0.7071068;
custom,killcuboid,transparent0.3,40.1,6.1,1.1,1,0,0,1,0,0.6,245,10030,-2445,0,0,0,1;
custom,killcuboid,transparent0.3,41.1,6.1,1.1,1,0,0,1,0,0.6,170,10030,-6245,0,0,0,1;
custom,killcuboid,transparent0.3,41.1,6.1,1.1,1,0,0,1,0,0.6,250,10030,-6315,0,0,0,1;
custom,killcuboid,transparent0.3,43.1,6.1,1.1,1,0,0,1,0,0.6,40,10030,-6525,0,0.7071068,0,0.7071068;
custom,killcuboid,transparent0.3,48.1,6.1,1.1,1,0,0,1,0,0.6,-285,10030,-5215,0,0,0,1;
custom,killcuboid,transparent0.3,50.1,3.2,7.1,1,0,0,1,0,0.3,0,10075,-6990,0,0.7071068,0,0.7071068;
custom,killcuboid,transparent0.3,50.1,6.1,1.1,1,0,0,1,0,0.6,-205,10030,-5295,0,0,0,1;
custom,killcuboid,transparent0.3,50.1,6.1,1.1,1,0,0,1,0,0.6,-30,10030,-6990,0,0.7071068,0,0.7071068;
custom,killcuboid,transparent0.3,50.1,6.1,1.1,1,0,0,1,0,0.6,-40,10030,-4970,0,0.7071068,0,0.7071068;
custom,killcuboid,transparent0.3,50.1,6.1,1.1,1,0,0,1,0,0.6,-40,10030,-6490,0,0.7071068,0,0.7071068;
custom,killcuboid,transparent0.3,50.1,6.1,1.1,1,0,0,1,0,0.6,-450,10030,-5550,0,0.7071068,0,0.7071068;
custom,killcuboid,transparent0.3,50.1,6.1,1.1,1,0,0,1,0,0.6,30,10030,-6990,0,0.7071068,0,0.7071068;
custom,killcuboid,transparent0.3,50.1,6.1,1.1,1,0,0,1,0,0.6,450,10030,-6060,0,0.7071068,0,0.7071068;
custom,killcuboid,transparent0.3,52.1,6.1,3.1,1,0,0,1,0,0.6,-100,10030,-3165,0,0,0,1;
custom,killcuboid,transparent0.3,52.1,6.1,3.1,1,0,0,1,0,0.6,-300,10030,-3735,0,0,0,1;
custom,killcuboid,transparent0.3,57.1,6.1,1.1,1,0,0,1,0,0.6,40,10030,-5005,0,0.7071068,0,0.7071068;
custom,killcuboid,transparent0.3,65.1,6.1,1.1,1,0,0,1,0,0.6,-520,10030,-5545,0,0.7071068,0,0.7071068;
custom,killcuboid,transparent0.3,70.1,6.1,1.1,1,0,0,1,0,0.6,2470,10030,1245,0,0,0,1;
custom,killcuboid,transparent0.3,70.1,6.1,1.1,1,0,0,1,0,0.6,3170,10030,1350,0,0,0,1;
custom,killcuboid,transparent0.3,79.1,3.1,1.1,1,0,0,1,0,0.3,-45,10030,-2735,0,0,0,1;
custom,killcuboid,transparent0.3,79.1,3.1,1.1,1,0,0,1,0,0.3,-45,10045,-2555,0,0,0,1;
custom,killcuboid,transparent0.3,79.1,3.1,1.1,1,0,0,1,0,0.3,45,10015,-2645,0,0,0,1;
custom,killcuboid,transparent0.3,80.1,6.1,1.1,1,0,0,1,0,0.6,40,10030,-2845,0,0,0,1;
custom,killcuboid,transparent0.3,90.1,6.1,1.1,1,0,0,1,0,0.6,-75,10030,-5875,0,0,0,1;
custom,killcuboid,transparent0.3,97.1,6.1,1.1,1,0,0,1,0,0.6,45,10030,-4235,0,0.7071068,0,0.7071068;

custom,killcylinder,transparent0.4,15.1,4.6,15.1,1,0,0,1,0,0.6,3265,10045,2540,0,0,0,1;

custom,pillar1,transparent0.3,1.05,1.05,1.05,1,0,0,1,0,1,-25,10000,-1500,0,0.7071068,0,0.7071068;
custom,pillar1,transparent0.3,1.05,1.05,1.05,1,0,0,1,0,1,-25,10000,-1700,0,0.7071068,0,0.7071068;
custom,pillar1,transparent0.3,1.05,1.05,1.05,1,0,0,1,0,1,-255,10000,-1400,0,0.7071068,0,0.7071068;
custom,pillar1,transparent0.3,1.05,1.05,1.05,1,0,0,1,0,1,-255,10000,-1600,0,0.7071068,0,0.7071068;
custom,pillar1,transparent0.3,1.05,1.05,1.05,1,0,0,1,0,1,-35,10000,-1300,0,0.7071068,0,0.7071068;
custom,pillar1,transparent0.3,1.05,1.05,1.05,1,0,0,1,0,1,25,10000,-1500,0,0.7071068,0,0.7071068;
custom,pillar1,transparent0.3,1.05,1.05,1.05,1,0,0,1,0,1,25,10000,-1700,0,0.7071068,0,0.7071068;
custom,pillar1,transparent0.3,1.05,1.05,1.05,1,0,0,1,0,1,255,10000,-1400,0,0.7071068,0,0.7071068;
custom,pillar1,transparent0.3,1.05,1.05,1.05,1,0,0,1,0,1,255,10000,-1600,0,0.7071068,0,0.7071068;
custom,pillar1,transparent0.3,1.05,1.05,1.05,1,0,0,1,0,1,35,10000,-1300,0,0.7071068,0,0.7071068;
custom,pillar1,transparent0.3,1.05,1.05,1.05,1,0,0,1,0,1.2,-25,10000,-125,0,0,0,1;
custom,pillar1,transparent0.3,1.05,1.05,1.05,1,0,0,1,0,1.2,1420,10000,1245,0,0,0,1;
custom,pillar1,transparent0.3,1.05,1.05,1.05,1,0,0,1,0,1.2,1420,10000,1350,0,0,0,1;
custom,pillar1,transparent0.3,1.05,1.05,1.05,1,0,0,1,0,1.2,25,10000,-125,0,0,0,1;
custom,pillar1,transparent0.3,1.05,1.05,1.05,1,0,0,1,0,1.2,390,10000,1665,0,0,0,1;
custom,pillar1,transparent0.3,1.05,1.05,1.05,1,0,0,1,0,1.2,390,10000,1725,0,0,0,1;

custom,killplane,transparent0.1,2000,-1,2000,1,0,0,1,20,20,0,10088.5,0,0,0.414,0,1;





custom,killplane,lava1,50,1,50,1,0,0,1,1,1,1356.149,10000.0000305,1965.382,-0.1234763,-0.1234763,0.6962425,0.6962425;
custom,killplane,lava1,50,1,50,1,0,0,1,1,1,1121.517,9999.9999695,2154.875,-0.401591,-0.401591,0.5820006,0.5820006;
custom,killplane,lava1,50,1,50,1,0,0,1,1,1,781.8481,9999.9999695,2192.124,-0.5759944,-0.5759944,0.410159,0.410159;
custom,killplane,lava1,50,1,50,1,0,0,1,1,1,588.6998,9999.9999084,2064.724,-0.6656372,-0.6656372,0.2385942,0.2385942;
custom,killplane,lava1,50,1,50,1,0,0,1,1,1,466.0897,9999.9999695,1969.146,-0.698809,-0.698809,0.1080089,0.1080089;
custom,killplane,lava1,50,1,50,1,0,0,1,1,1,1231.976,9999.9999542,875.3141,-0.3928553,-0.392855,-0.5879328,-0.5879326;
custom,killplane,lava1,50,1,50,1,0,0,1,1,1,737.9431,9999.9999542,875.3141,-0.5118393,-0.5118392,-0.4878736,-0.4878736;
custom,killplane,lava1,50,1,50,1,0,0,1,1,1,369.452,9999.9999542,1411.466,-0.7068906,-0.7068906,0.0174842,0.0174842;
custom,killplane,lava1,50,1,50,1,0,0,1,1,1,418.6081,9999.9999542,1186.052,-0.7018077,-0.7018077,-0.0864062,-0.0864062;
custom,killplane,lava1,50,1,50,1,0,0,1,1,1,535.0807,9999.9999542,975.5632,-0.6622773,-0.662277,-0.2477682,-0.247768;
custom,killplane,lava1,50,1,50,1,0,0,1,1,1,1121.636,9999.9999542,875.3141,-0.4875778,-0.4875777,-0.512121,-0.512121;

custom,pillar1,metal2,1,1,1,1,0.35,0.65,1,0,1,70,10000,-995,0,0.7071068,0,0.7071068;
custom,pillar1,transparent0.3,1.05,1.05,1.05,1,0,0,1,0,1,70,10000,-995,0,0.7071068,0,0.7071068;
custom,pillar1,metal2,1,1,1,1,0.35,0.65,1,0,1,-70,10000,-995,0,0.7071068,0,0.7071068;
custom,pillar1,transparent0.3,1.05,1.05,1.05,1,0,0,1,0,1,-70,10000,-995,0,0.7071068,0,0.7071068;



custom,boulder5,metal2,3,-6,3,1,0.35,0.65,1,0,2,-60.46831,10090,-7637.212,0,0,0,1;
custom,boulder5,metal2,3,-6,3,1,0.35,0.65,1,0,2,-86.32429,10090,-7446.11,0,0,0,1;
custom,boulder5,metal2,3.000008,-6,3.000008,1,0.35,0.65,1,0,2,-49.40624,10090,-7289.846,0,0.476393,0,0.8792325;
custom,log2,lava1,5.846581,5.846581,0.27616,1,0,0,1,0.5,2.5,-60.46831,10094.64908,-7637.212,0.5965854,-0.3795865,0.3795868,0.5965852;
custom,log2,lava1,5.846581,5.846581,0.27616,1,0,0,1,0.5,2.5,-86.32429,10094.64908,-7446.11,0.5965854,-0.3795865,0.3795868,0.5965852;
custom,log2,lava1,5.846584,5.846583,0.2761602,1,0,0,1,0.5,2.5,-49.40624,10094.64911,-7289.846,0.7053695,-0.0495358,0.0495361,0.7053696;
custom,log2,lava1,3,3,0.2749653,1,0,0,1,0.5,1.5,-60.46831,10095.15442,-7637.212,0.7071068,0,0,0.7071068;
custom,log2,lava1,3,3,0.2749653,1,0,0,1,0.5,1.5,-86.32429,10095.15442,-7446.11,0.7071068,0,0,0.7071068;
custom,log2,lava1,3.000008,3,0.2749655,1,0,0,1,0.5,1.5,-49.40624,10095.15431,-7289.846,0.6217111,0.336861,-0.336861,0.6217111;
custom,log2,trunktex,3,3,0.2749653,1,0.1,0.35,0.75,12,50,-60.46831,9988.5,-7637.212,0.7071068,0,0,0.7071068;
custom,log2,trunktex,5.846581,5.846581,0.27616,1,0.1,0.35,0.75,12,50,-60.46831,9987.99467,-7637.212,0.5965854,-0.3795865,0.3795868,0.5965852;
custom,log2,trunktex,5.846584,5.846583,0.2761602,1,0.1,0.35,0.75,12,50,-49.40624,9987.99461,-7289.846,0.7053694,-0.0495359,0.049536,0.7053697;
custom,log2,trunktex,3.000008,3,0.2749655,1,0.1,0.35,0.75,12,50,-49.40624,9988.49998,-7289.846,0.6217111,0.336861,-0.336861,0.6217111;
custom,log2,trunktex,3,3,0.2749653,1,0.1,0.35,0.75,12,50,-86.32429,9988.5,-7446.11,0.7071068,0,0,0.7071068;
custom,log2,trunktex,5.846581,5.846581,0.27616,1,0.1,0.35,0.75,12,50,-86.32429,9987.99467,-7446.11,0.5965854,-0.3795865,0.3795868,0.5965852;
custom,boulder5,transparent0.3,3.05,-6.05,3.05,1,0,0,1,0,2,-60.46831,10090,-7637.212,0,0,0,1;
custom,boulder5,transparent0.3,3.05,-6.05,3.05,1,0,0,1,0,2,-86.32429,10090,-7446.11,0,0,0,1;
custom,boulder5,transparent0.3,3.050008,-6.05,3.050008,1,0,0,1,0,2,-49.40624,10090,-7289.846,0,0.476393,0,0.8792325;

custom,boulder5,metal2,3,6,3,1,0.35,0.65,1,0,2,60.46831,10090,-7637.212,0,0,-1,0;
custom,boulder5,metal2,3,6,3,1,0.35,0.65,1,0,2,86.32429,10090,-7446.11,0,0,-1,0;
custom,boulder5,metal2,3.000008,6,3.000008,1,0.35,0.65,1,0,2,49.40624,10090,-7289.846,0.476393,0,-0.8792325,0;
custom,log2,lava1,5.846581,-5.846581,0.27616,1,0,0,1,0.5,2.5,60.46831,10094.64908,-7637.212,-0.3795865,0.5965854,-0.5965852,-0.3795868;
custom,log2,lava1,5.846581,-5.846581,0.27616,1,0,0,1,0.5,2.5,86.32429,10094.64908,-7446.11,-0.3795865,0.5965854,-0.5965852,-0.3795868;
custom,log2,lava1,5.846584,-5.846583,0.2761602,1,0,0,1,0.5,2.5,49.40624,10094.64911,-7289.846,-0.0495358,0.7053695,-0.7053696,-0.0495361;
custom,log2,lava1,3,-3,0.2749653,1,0,0,1,0.5,1.5,60.46831,10095.15442,-7637.212,0,0.7071068,-0.7071068,0;
custom,log2,lava1,3,-3,0.2749653,1,0,0,1,0.5,1.5,86.32429,10095.15442,-7446.11,0,0.7071068,-0.7071068,0;
custom,log2,lava1,3.000008,-3,0.2749655,1,0,0,1,0.5,1.5,49.40624,10095.15431,-7289.846,0.336861,0.6217111,-0.6217111,0.336861;
custom,log2,trunktex,3,-3,0.2749653,1,0.1,0.35,0.75,12,50,60.46831,9988.5,-7637.212,0,0.7071068,-0.7071068,0;
custom,log2,trunktex,5.846581,-5.846581,0.27616,1,0.1,0.35,0.75,12,50,60.46831,9987.99467,-7637.212,-0.3795865,0.5965854,-0.5965852,-0.3795868;
custom,log2,trunktex,5.846584,-5.846583,0.2761602,1,0.1,0.35,0.75,12,50,49.40624,9987.99461,-7289.846,-0.0495359,0.7053694,-0.7053697,-0.049536;
custom,log2,trunktex,3.000008,-3,0.2749655,1,0.1,0.35,0.75,12,50,49.40624,9988.49998,-7289.846,0.336861,0.6217111,-0.6217111,0.336861;
custom,log2,trunktex,3,-3,0.2749653,1,0.1,0.35,0.75,12,50,86.32429,9988.5,-7446.11,0,0.7071068,-0.7071068,0;
custom,log2,trunktex,5.846581,-5.846581,0.27616,1,0.1,0.35,0.75,12,50,86.32429,9987.99467,-7446.11,-0.3795865,0.5965854,-0.5965852,-0.3795868;
custom,boulder5,transparent0.3,3.05,6.05,3.05,1,0,0,1,0,2,60.46831,10090,-7637.212,0,0,-1,0;
custom,boulder5,transparent0.3,3.05,6.05,3.05,1,0,0,1,0,2,86.32429,10090,-7446.11,0,0,-1,0;
custom,boulder5,transparent0.3,3.050008,6.05,3.050008,1,0,0,1,0,2,49.40624,10090,-7289.846,0.476393,0,-0.8792325,0;

custom,cuboid,metal2,35,6,1,1,0.35,0.65,1,0,0.6,-155,10030,-7360,0,1,0,0.414;
custom,cuboid,metal2,35,6,1,1,0.35,0.65,1,0,0.6,155,10030,-7360,0,1,0,-0.414;

custom,killcuboid,transparent0.3,35.1,6.1,1.1,1,0,0,1,0,0.6,-155,10030,-7360,0,1,0,0.414;
custom,killcuboid,transparent0.3,35.1,6.1,1.1,1,0,0,1,0,0.6,155,10030,-7360,0,1,0,-0.414;


custom,cuboid,rock2,1100.5,106,10.5,1,0.75,0.75,1,110,10.6,0,9499.5,-7860,0,0,0,0;
custom,cuboid,rock2,1099.5,106,1099.3,1,0.75,0.75,1,110,110,0,9500,-13305,0,0,0,0;

custom,cuboid,rock2,1100.5,106,10.5,1,0.75,0.75,1,110,10.6,0,9599.5,-8360,0,0,0,0;
custom,cuboid,rock2,1099.5,106,1099.3,1,0.75,0.75,1,110,110,0,9600,-13805,0,0,0,0;

racing,startCuboid,1100,7,5,0,10055,-7785,0,0,0,0;



custom,cuboid,metal2,16.67568,118,1,1,0.35,0.65,1,0,11.8,-105.0117,9499.5,-7836.367,0,0.825509,0,-0.5643889;
custom,cuboid,metal2,16.67568,118,1,1,0.35,0.65,1,0,11.8,104.9917,9499.5,-7836.256,0,0.5648302,0,-0.8252072;
custom,killcuboid,transparent0.3,16.77568,118.1,1.1,1,0,0,1,0,0.6,104.9917,9500.5,-7836.256,0,0.5648302,0,-0.8252072;
custom,killcuboid,transparent0.3,16.77568,118.1,1.1,1,0,0,1,0,0.6,-105.0117,9500.5,-7836.367,0,0.825509,0,-0.5643889;

custom,cuboid,metal2,14.99999,6,1,1,0.35,0.65,1,0,0.6,0.0219707,10060,-7908.296,0,1,0,0.0002683;
custom,killcuboid,transparent0.3,15.10001,6.1,1.1,1,0,0,1,0,0.6,0.0219707,10060,-7908.296,0,1,0,0.0002683;


custom,killcuboid,transparent0.2,1100.7,106.2,1099.7,1,0,0,0,600,112,0,9499.5,-13305,0,0,0,0;
custom,killcuboid,transparent0.2,1100.7,106.2,1099.7,1,0,0,0,600,112,0,9599.5,-13805,0,0,0,0;


spawnpoint,playerC,10,10045.5,-7880,0,0.414,0,1;
spawnpoint,playerC,5,10045.5,-7870,0,0.414,0,1;
spawnpoint,playerM,-5,10045.5,-7880,0,-0.414,0,1;
spawnpoint,playerM,-10,10045.5,-7870,0,-0.414,0,1;


custom,cuboid,rock2,1100.5,106,10.5,1,0.75,0.75,1,110,10.6,601.8749071,9459.5,-8730.6250929,0,0.3826834,0,0.9238795;
custom,cuboid,rock2,1099.5,106,1099.3,1,0.75,0.75,1,110,110,-3248.3215165,9460,-12580.8215165,0,0.3826834,0,0.9238795;
custom,cuboid,rock2,1100.5,106,10.5,1,0.75,0.75,1,110,10.6,248.3215165,9559.5,-9084.1784835,0,0.3826834,0,0.9238795;
custom,cuboid,rock2,1099.5,106,1099.3,1,0.75,0.75,1,110,110,-3601.8749071,9560,-12934.3749071,0,0.3826834,0,0.9238795;
custom,killcuboid,transparent0.2,1100.7,106.2,1099.7,1,0,0,0,110,112,-3248.3215165,9459.5,-12580.8215165,0,0.3826834,0,0.9238795;
custom,killcuboid,transparent0.2,1100.7,106.2,1099.7,1,0,0,0,110,112,-3601.8749071,9559.5,-12934.3749071,0,0.3826834,0,0.9238795;

custom,cuboid,rock2,1100.5,106,10.5,1,0.75,0.75,1,110,10.6,-601.8749071,9459.5,-8730.6250929,0,-0.3826834,0,0.9238795;
custom,cuboid,rock2,1099.5,106,1099.3,1,0.75,0.75,1,110,110,3248.3215165,9460,-12580.8215165,0,-0.3826834,0,0.9238795;
custom,cuboid,rock2,1100.5,106,10.5,1,0.75,0.75,1,110,10.6,-248.3215165,9559.5,-9084.1784835,0,-0.3826834,0,0.9238795;
custom,cuboid,rock2,1099.5,106,1099.3,1,0.75,0.75,1,110,110,3601.8749071,9560,-12934.3749071,0,-0.3826834,0,0.9238795;
custom,killcuboid,transparent0.2,1100.7,106.2,1099.7,1,0,0,0,110,112,3248.3215165,9459.5,-12580.8215165,0,-0.3826834,0,0.9238795;
custom,killcuboid,transparent0.2,1100.7,106.2,1099.7,1,0,0,0,110,112,3601.8749071,9559.5,-12934.3749071,0,-0.3826834,0,0.9238795;



racing,killCuboid,1,6,24,230,10030,-1920,0,0,0,0;
racing,killCuboid,1,1,24,230,10055,-1920,0,0,0,0;
racing,killCuboid,1,1,24,230,10005,-1920,0,0,0,0;
racing,killCuboid,1,6,24,-230,10030,-1920,0,0,0,0;
racing,killCuboid,1,1,24,-230,10055,-1920,0,0,0,0;
racing,killCuboid,1,1,24,-230,10005,-1920,0,0,0,0;

racing,killCuboid,1,6,25.15059,315.5114,10030,-1925,0,-0.0217315,0,0.9997638;
racing,killCuboid,1,1,25.15059,315.5114,10005,-1925,0,-0.0217315,0,0.9997638;
racing,killCuboid,1,1,25.15059,315.5114,10055,-1925,0,-0.0217315,0,0.9997638;

racing,killCuboid,1,6,25.15059,-315.5114,10030,-1925,0,0.0217315,0,0.9997638;
racing,killCuboid,1,1,25.15059,-315.5114,10005,-1925,0,0.0217315,0,0.9997638;
racing,killCuboid,1,1,25.15059,-315.5114,10055,-1925,0,0.0217315,0,0.9997638;



racing,killCuboid,46,6,1,0,10030,-1800,0,0,0,0;
racing,killCuboid,46,1,1,0,10055,-1800,0,0,0,0;
racing,killCuboid,46,1,1,0,10005,-1800,0,0,0,0;


racing,killCuboid,1,6,24,40,10030,-2030,0,0,0,0;
racing,killCuboid,1,1,24,40,10055,-2030,0,0,0,0;
racing,killCuboid,1,1,24,40,10005,-2030,0,0,0,0;
racing,killCuboid,1,6,24,-40,10030,-2030,0,0,0,0;
racing,killCuboid,1,1,24,-40,10055,-2030,0,0,0,0;
racing,killCuboid,1,1,24,-40,10005,-2030,0,0,0,0;


custom,pillar1,metal2,0.95,1,1.5,1,0.35,0.65,1,0,1,40,10000,-1910,0,-0.15,0,1;
custom,pillar1,metal2,0.95,1,1.5,1,0.35,0.65,1,0,1,-40,10000,-1910,0,0.15,0,1;
custom,pillar1,metal2,0.95,1,1.5,1,0.35,0.65,1,0,1,230,10000,-2040,0,0.15,0,1;
custom,pillar1,metal2,0.95,1,1.5,1,0.35,0.65,1,0,1,-230,10000,-1800,0,-0.15,0,1;
custom,pillar1,metal2,0.95,1,1.5,1,0.35,0.65,1,0,1,230,10000,-1800,0,0.15,0,1;
custom,pillar1,metal2,0.95,1,1.5,1,0.35,0.65,1,0,1,-230,10000,-2040,0,-0.15,0,1;

custom,pillar1,transparent0.3,1,1.05,1.55,1,0,0,1,0,0.6,-230,10000,-1800,0,-0.1483405,0,0.9889364;
custom,pillar1,transparent0.3,1,1.05,1.55,1,0,0,1,0,0.6,-230,10000,-2040,0,-0.1483405,0,0.9889364;
custom,pillar1,transparent0.3,1,1.05,1.55,1,0,0,1,0,0.6,-40,10000,-1910,0,0.1483405,0,0.9889364;
custom,pillar1,transparent0.3,1,1.05,1.55,1,0,0,1,0,0.6,230,10000,-1800,0,0.1483405,0,0.9889364;
custom,pillar1,transparent0.3,1,1.05,1.55,1,0,0,1,0,0.6,230,10000,-2040,0,0.1483405,0,0.9889364;
custom,pillar1,transparent0.3,1,1.05,1.55,1,0,0,1,0,0.6,40,10000,-1910,0,-0.1483405,0,0.9889364;

custom,prism,default,2.778993,0.6175545,2.778993,1,0.9,0.9,0.9,1,1,389.783,10071.5535,1695,-0.5019271,-0.4980654,0.4980654,-0.5019271;
custom,prism,default,2.470219,0.6175545,2.470219,1,0.9,0,0,1,1,389.4749,10071.18302,1695,-0.5019271,-0.4980654,0.4980654,-0.5019271;
custom,prism,default,1.852664,0.6175545,1.852664,1,0.9,0.9,0.9,1,1,389.1654,10070.56544,1695,-0.5019271,-0.4980654,0.4980654,-0.5019271;
custom,boulder4,empty,0.3432963,0.6,0,1,0,0,0,1,1,385.8787,10064,1695,0,0.7043703,0,0.7098328;

racing,killcuboid,1,1,5,390,10055,1695,0,0,0,0;
racing,killcuboid,1,1,5,390,10055,1695,0,0,0,0;


custom,cuboid,cannonregionmat,-70,-9,-1,1,0.1,0.1,0.1,1,1,3450,10045,3405,-0.6915131,0,-0.7223639,0;
custom,killcuboid,metal2,-69.9,-8.9,-0.9,1,0.35,1,0.35,0,0.9,3450,10045,3405,-0.6915131,0,-0.7223639,0;
base,levelBottom,default,-0.07,1.5,-0.001,1,0.1,0.1,0.1,1,1,3450,10045,3405,-0.6915131,0,-0.7223639,0;

custom,cuboid,cannonregionmat,-70,-9,-1,1,0.1,0.1,0.1,1,1,3380,10045,3405,-0.722364,0,-0.691513,0;
custom,killcuboid,metal2,-69.9,-8.9,-0.9,1,0.35,1,0.35,0,0.9,3380,10045,3405,-0.722364,0,-0.691513,0;
base,levelBottom,default,-0.07,1.5,-0.001,1,0.1,0.1,0.1,1,1,3380,10045,3405,-0.722364,0,-0.691513,0;


custom,cuboid,cannonregionmat,3,9,1,1,0.1,0.1,0.1,0,0.6,3445,10045,3750,0,0,0,0;
custom,cuboid,cannonregionmat,3,9,1,1,0.1,0.1,0.1,0,0.6,3385,10045,3750,0,0,0,0;
custom,killcuboid,metal2,2.9,8.9,0.9,1,0.35,1,0.35,0,0.9,3445,10045,3750,0,0,0,0;
custom,killcuboid,metal2,2.9,8.9,0.9,1,0.35,1,0.35,0,0.9,3385,10045,3750,0,0,0,0;
base,levelBottom,default,0.003,1.5,0.001,0,0.1,0.1,0.1,0,0.6,3445,10045,3750,0,0,0,0;
base,levelBottom,default,0.003,1.5,0.001,0,0.1,0.1,0.1,0,0.6,3385,10045,3750,0,0,0,0;

custom,statue1,PureMetal(Instance),2,2,-2,0,1,1,1,1,1,3070,10000,2725,0,-0.414,0,1;
custom,statue1,PureMetal(Instance),2,2,2,0,1,1,1,1,1,3070,10000,2345,0,0.414,0,1;
custom,statue1,PureMetal(Instance),2,2,2,0,1,1,1,1,1,3450,10000,2345,0,-0.414,0,1;

custom,statue2,PureMetal(Instance),2,2,-2,0,1,1,1,1,1,4495,10000,3030,0,-0.414,0,1;
custom,statue2,PureMetal(Instance),2,2,-2,0,1,1,1,1,1,4655,10000,3030,0,0.414,0,1;
custom,statue2,PureMetal(Instance),2,2,2,0,1,1,1,1,1,4655,10000,2660,0,-0.414,0,1;

custom,killplane,lava1,50,1,50,1,0,0,1,1,1,1423.544,10000.0000305,1659.669,0,0,0.7071068,0.7071068;
custom,killplane,lava1,50,1,50,1,0,0,1,1,1,1423.544,10000.0000305,935.0267,0,0,0.7071068,0.7071068;


custom,cylinder,stone5,4,37.79125,4,1,1,1,1,0.9,12.59708,2806.592,9565.1956,6443.662,0,0.7265105,0,0.6871554;
custom,killcuboid,metal2,4,1,1,1,1,0.65,0.35,0,0.1,0,10005,680,0,0,0,1;
custom,killcuboid,metal2,4,1,1,1,1,0.65,0.35,0,0.1,0,10005,1070,0,0,0,1;
custom,killcuboid,metal2,1.9,1.9,0.9,1,1,0.65,0.35,0,0.2,0,10010,1080,0,0,0,1;
custom,killcuboid,metal2,1.9,1.9,1.9,1,1,0.65,0.35,0,0.2,0,10010,1475,0,0,0,1;
custom,killcuboid,metal2,1.9,1.9,0.9,1,1,0.65,0.35,0,0.2,0,10010,1870,0,0,0,1;
custom,killcuboid,metal2,4,1,1,1,1,0.65,0.35,0,0.1,0,10055,680,0,0,0,1;
custom,killcuboid,metal2,4,1,1,1,1,0.65,0.35,0,0.1,0,10055,1070,0,0,0,1;
custom,killcuboid,metal2,1.9,1.9,0.9,1,1,0.65,0.35,0,0.2,0,10050,1080,0,0,0,1;
custom,killcuboid,metal2,1.9,1.9,1.9,1,1,0.65,0.35,0,0.2,0,10050,1475,0,0,0,1;
custom,killcuboid,metal2,1.9,1.9,0.9,1,1,0.65,0.35,0,0.2,0,10050,1870,0,0,0,1;
racing,killcuboid,4.1,1.1,1.1,0,10005,680,0,0,0,1;
racing,killcuboid,4.1,1.1,1.1,0,10005,1070,0,0,0,1;
racing,killcuboid,4.1,1.1,1.1,0,10055,680,0,0,0,1;
racing,killcuboid,4.1,1.1,1.1,0,10055,1070,0,0,0,1;
racing,killcuboid,2,2,1,0,10010,1080,0,0,0,1;
racing,killcuboid,2,2,2,0,10010,1475,0,0,0,1;
racing,killcuboid,2,2,1,0,10010,1870,0,0,0,1;
racing,killcuboid,2,2,1,0,10050,1080,0,0,0,1;
racing,killcuboid,2,2,2,0,10050,1475,0,0,0,1;
racing,killcuboid,2,2,1,0,10050,1870,0,0,0,1;
custom,cylinder,stone5,4,37.79125,4,1,1,1,1,0.9,12.59708,1435.57,9678.4145,7361.009,0,0.9111879,0,-0.4119911;
custom,cylinder,stone5,4,37.79125,4,1,1,1,1,0.9,12.59708,1655.129,9678.4145,7576.981,0,0.9111879,0,-0.4119911;
custom,cylinder,stone5,4,37.79125,4,1,1,1,1,0.9,12.59708,1904.127,9678.4145,7323.85,0,0.9111879,0,-0.4119911;
custom,cylinder,stone5,4,37.79125,4,1,1,1,1,0.9,12.59708,1684.57,9678.4145,7107.878,0,0.9111879,0,-0.4119911;
custom,cylinder,stone5,4,37.79125,4,1,1,1,1,0.9,12.59708,2167.449,9678.4146,7056.155,0,0.9111879,0,-0.4119911;
custom,cylinder,stone5,4,37.79125,4,1,1,1,1,0.9,12.59708,1947.892,9678.4146,6840.183,0,0.9111879,0,-0.4119911;
custom,cylinder,stone5,4,37.79125,4,1,1,1,1,0.9,12.59708,1079.414,9565.1956,8217.737,0,0.9136317,0,-0.4065429;
misc,barrier,5.1,0.5,18.1,2286.3,9543.1065,8397.838,0,0.7120926,0,0.7020856;
racing,killCuboid,5,0.4,0.5,2193.813,9542.3565,8399.139,0,0.7120926,0,0.7020856;
racing,killCuboid,5,0.4,1,2181.315,9542.3565,8399.32,0,0.7120926,0,0.7020856;
racing,killCuboid,5,0.4,2,2156.323,9542.3565,8399.674,0,0.7120926,0,0.7020856;
racing,killCuboid,5,0.4,4,2106.325,9542.3565,8400.379,0,0.7120926,0,0.7020856;
racing,killCuboid,5,0.4,8,2006.332,9542.3565,8401.797,0,0.7120926,0,0.7020856;
racing,killCuboid,5,0.4,16,1806.358,9542.3565,8404.631,0,0.7120926,0,0.7020856;

custom,cuboid,stone5,5.1,0.2,0.6,0,1,1,1,0.5,0.05,2193.813,9542.3565,8399.139,0,0.7120926,0,0.7020856;
custom,cuboid,stone5,5.1,0.2,1.1,0,1,1,1,0.5,0.1,2181.315,9542.3565,8399.32,0,0.7120926,0,0.7020856;
custom,cuboid,stone5,5.1,0.2,2.1,0,1,1,1,0.5,0.2,2156.323,9542.3565,8399.674,0,0.7120926,0,0.7020856;
custom,cuboid,stone5,5.1,0.2,4.1,0,1,1,1,0.5,0.4,2106.325,9542.3565,8400.379,0,0.7120926,0,0.7020856;
custom,cuboid,stone5,5.1,0.2,8.1,0,1,1,1,0.5,0.8,2006.332,9542.3565,8401.797,0,0.7120926,0,0.7020856;
custom,cuboid,stone5,5.1,0.2,16.1,0,1,1,1,0.5,1.6,1806.358,9542.3565,8404.631,0,0.7120926,0,0.7020856;


custom,cuboid,stone5,0.5,2.75,0.45,0,1,1,1,0.1,0.5,2373.976,9582.8565,8409.089,-0.2723866,0.6579362,-0.2685603,0.6486917;
custom,cuboid,stone5,0.5,2,0.4,0,1,1,1,0.1,0.5,2374.01,9585.3565,8411.589,-0.2723866,0.6579362,-0.2685603,0.6486917;
custom,cuboid,stone5,0.5,1.25,0.35,0,1,1,1,0.1,0.25,2374.048,9587.8565,8414.085,-0.2723866,0.6579362,-0.2685603,0.6486917;
custom,cuboid,stone5,0.5,0.25,0.3,0,1,1,1,0.1,0.1,2374.08,9590.3565,8416.593,-0.2723866,0.6579362,-0.2685603,0.6486917;
custom,cuboid,stone5,0.5,2.75,0.45,0,1,1,1,0.1,0.5,2373.621,9582.8565,8384.086,0.2723866,0.6579362,0.2685603,0.6486917;
custom,cuboid,stone5,0.5,2,0.4,0,1,1,1,0.1,0.5,2373.578,9585.3565,8381.594,0.2723866,0.6579362,0.2685603,0.6486917;
custom,cuboid,stone5,0.5,1.25,0.35,0,1,1,1,0.1,0.25,2373.55,9587.8565,8379.09,0.2723866,0.6579362,0.2685603,0.6486917;
custom,cuboid,stone5,0.5,0.25,0.3,0,1,1,1,0.1,0.1,2373.509,9590.3565,8376.596,0.2723866,0.6579362,0.2685603,0.6486917;
custom,cuboid,stone5,0.5,5.5,0.5,0,1,1,1,0.1,0.5,2373.478,9572.8565,8374.094,0,0.7120926,0,0.7020856;
custom,cuboid,stone5,0.5,5.5,0.5,0,1,1,1,0.1,0.5,2374.119,9572.8565,8419.091,0,0.7120926,0,0.7020856;
custom,cuboid,stone5,4,1,0.5,0,1,1,1,0.5,0.1,2373.796,9595.3565,8396.586,0,0.7120926,0,0.7020856;
custom,cuboid,stone5,2,0.5,0.35,0,1,1,1,0.5,0.1,2373.796,9587.8565,8396.586,0,0.7120926,0,0.7020856;
custom,cuboid,stone5,5,6,1,0,1,1,1,0.5,0.5,2624.384,9570.3565,8393.038,0,0.7120926,0,0.7020856;
racing,killCuboid,5,6,6,2589.384,9570.3565,8393.536,0,0.7120926,0,0.7020856;
racing,killCuboid,8.5,18,1,4766.912,9640.3565,8420.185,0,0.7120926,0,0.7020856;
racing,killCuboid,8.5,18,1,4765.286,9640.3565,8305.197,0,0.7120926,0,0.7020856;
racing,killCuboid,1,16,1,4766.241,9650.3565,8372.691,0,0.7120926,0,0.7020856;
racing,killCuboid,1,16,1,4765.958,9650.3565,8352.695,0,0.7120926,0,0.7020856;
racing,killCuboid,1,15,1,4766.1,9655.3565,8362.695,0,0.7120926,0,0.7020856;
racing,killCuboid,3,1,1,4766.1,9545.3565,8362.695,0,0.7120926,0,0.7020856;
custom,cuboid,metal1,20,1,20,1,0.85,1,0.85,0.01,0.01,4871.092,9545.3565,8361.203,0,0.7120926,0,0.7020856;
custom,cuboid,metal1,1,2,1,1,0.85,1,0.85,0.01,0.01,4910.801,9560.3565,8340.637,0,0.7120926,0,0.7020856;
custom,cuboid,metal1,0.5,2,6.5,1,0.85,1,0.85,0.01,0.01,4938.584,9590.3565,8360.24,0,0.7120926,0,0.7020856;
custom,cuboid,metal1,1,2,1,1,0.85,1,0.85,0.01,0.01,4911.369,9590.3565,8380.632,0,0.7120926,0,0.7020856;
custom,cuboid,metal1,1,2,1,1,0.85,1,0.85,0.01,0.01,4910.801,9590.3565,8340.637,0,0.7120926,0,0.7020856;
custom,cuboid,metal1,5,1,6.5,1,0.85,1,0.85,0.01,0.01,4938.584,9575.3565,8360.24,0,0.7120926,0,0.7020856;
racing,endCuboid,3,2,3,4931.084,9560.3565,8360.352,0,0.7120926,0,0.7020856;
custom,cuboid,metal1,1,2,1,1,0.85,1,0.85,0.01,0.01,4911.369,9560.3638,8380.632,0,0.7120926,0,0.7020856;
custom,cuboid,metal1,1,2,1,1,0.85,1,0.85,0.01,0.01,4951.363,9560.3638,8380.067,0,0.7120926,0,0.7020856;
custom,cuboid,metal1,1,2,1,1,0.85,1,0.85,0.01,0.01,4950.798,9560.3565,8340.07,0,0.7120926,0,0.7020856;
custom,cuboid,metal1,1,2,1,1,0.85,1,0.85,0.01,0.01,4951.363,9590.3565,8380.067,0,0.7120926,0,0.7020856;
custom,cuboid,metal1,1,2,1,1,0.85,1,0.85,0.01,0.01,4950.798,9590.3565,8340.07,0,0.7120926,0,0.7020856;

custom,killcuboid,PureMetal(Instance),5,0.4,0.5,0,1,1,1,1,1,2193.813,9542.3565,8399.139,0,0.7120926,0,0.7020856;
custom,killcuboid,PureMetal(Instance),5,0.4,0.5,0,1,1,1,1,1,2188.814,9542.2256,8399.213,0,0.7120926,0,0.7020856;
custom,killcuboid,PureMetal(Instance),5,0.4,1,0,1,1,1,1,1,2171.321,9542.2256,8399.455,0,0.7120926,0,0.7020856;
custom,killcuboid,PureMetal(Instance),5,0.4,2,0,1,1,1,1,1,2136.32,9542.2256,8399.953,0,0.7120926,0,0.7020856;
custom,killcuboid,PureMetal(Instance),5,0.4,4,0,1,1,1,1,1,2066.331,9542.2256,8400.943,0,0.7120926,0,0.7020856;
custom,killcuboid,PureMetal(Instance),5,0.4,8,0,1,1,1,1,1,1926.34,9542.2256,8402.934,0,0.7120926,0,0.7020856;
custom,killcuboid,PureMetal(Instance),5,0.4,16,0,1,1,1,1,1,1646.372,9542.2256,8406.897,0,0.7120926,0,0.7020856;

custom,killcuboid,PureMetal(Instance),6.5,18,1,0,1,1,1,1,1,3367.198,9630.3565,8450.021,0,0.7120926,0,0.7020856;
custom,killcuboid,PureMetal(Instance),6.5,18,1,0,1,1,1,1,1,3365.282,9630.3565,8315.034,0,0.7120926,0,0.7020856;
custom,killcuboid,PureMetal(Instance),0.932769,1.946319,5.5,0,1,1,1,1,1,4943.298,9590.3565,8340.18,0,0.7120926,0,0.7020856;
custom,killcuboid,PureMetal(Instance),0.9487627,1.950889,5.5,0,1,1,1,1,1,4943.865,9590.3565,8380.158,0,0.7120926,0,0.7020856;
custom,cuboid,stone5,5,0.5,18,0,1,1,1,0.5,1.8,2286.3,9542.8565,8397.838,0,0.7120926,0,0.7020856;
custom,killcuboid,PureMetal(Instance),1,6,100,0,1,1,1,1,1,2066.749,9630.3514,8430.944,0,0.7120926,0,0.7020856;
custom,killcuboid,PureMetal(Instance),1,6,100,0,1,1,1,1,1,2065.904,9570.3565,8370.949,0,0.7120926,0,0.7020856;
custom,cuboid,stone5,5,12,0.3,0,1,1,1,0.5,1.2,2373.796,9660.3564,8396.586,0,0.7120926,0,0.7020856;
custom,killcuboid,PureMetal(Instance),1,6,81.18396,0,1,1,1,1,1,2965.688,9570.3565,8418.204,0,0.7120926,0,0.7020856;
custom,killcuboid,PureMetal(Instance),1,6,81.18395,0,1,1,1,1,1,2964.842,9570.3565,8358.21,0,0.7120926,0,0.7020856;
custom,killcuboid,PureMetal(Instance),1,12,100,0,1,1,1,1,1,2871.674,9660.3564,8419.542,0,0.7120926,0,0.7020856;
custom,killcuboid,PureMetal(Instance),1,12,100,0,1,1,1,1,1,2870.824,9660.3564,8359.543,0,0.7120926,0,0.7020856;
custom,killcuboid,PureMetal(Instance),3,1,1,0,1,1,1,1,1,4741.102,9545.3565,8363.045,0,0.7120926,0,0.7020856;
custom,killcuboid,PureMetal(Instance),1,1,1,0,1,1,1,1,1,4741.102,9555.3565,8363.045,0,0.7120926,0,0.7020856;
custom,killcuboid,PureMetal(Instance),1,18,140,0,1,1,1,1,1,4072.521,9630.3565,8467.53,0,0.7120926,0,0.7020856;
custom,killcuboid,PureMetal(Instance),1,18,140,0,1,1,1,1,1,4069.831,9630.3565,8277.546,0,0.7120926,0,0.7020856;
custom,killcuboid,PureMetal(Instance),1,31.22067,21,0,1,1,1,1,1,4864.6,9570.3565,8256.283,0,0.7120926,0,0.7020856;
custom,killcuboid,PureMetal(Instance),1,31.22067,21,0,1,1,1,1,1,4867.575,9570.3565,8466.251,0,0.7120926,0,0.7020856;
custom,killcuboid,PureMetal(Instance),1,6.000002,81.184,0,1,1,1,1,1,2965.688,9570.3565,8418.206,0,0.7120926,0,0.7020856;
custom,killcuboid,PureMetal(Instance),1,12,100,0,1,1,1,1,1,2871.674,9660.3566,8419.542,0,0.7120926,0,0.7020856;
custom,killcuboid,PureMetal(Instance),1,6.000002,81.18399,0,1,1,1,1,1,2964.842,9570.3565,8358.211,0,0.7120926,0,0.7020856;
custom,killcuboid,PureMetal(Instance),1,12,100,0,1,1,1,1,1,2870.825,9660.3566,8359.543,0,0.7120926,0,0.7020856;
custom,killcuboid,PureMetal(Instance),1,6.000002,100,0,1,1,1,1,1,2066.751,9570.3565,8430.944,0,0.7120926,0,0.7020856;
custom,killcuboid,PureMetal(Instance),1,6.000002,100,0,1,1,1,1,1,2065.906,9630.3513,8370.947,0,0.7120926,0,0.7020856;
custom,cuboid,stone5,4.999997,0.3999997,180.6293,0,1,1,1,1,18,2468.396,9538.3982,8395.24,0,0.7120926,0,0.7020856;
custom,cuboid,stone5,20.83221,0.3999997,140.4246,0,1,1,1,2,14,4073.173,9538.3982,8372.511,0,0.7120926,0,0.7020856;
custom,cuboid,stone5,25.58818,59.7431,0.8,0,1,1,1,2.5,10.9,2072.484,9665.3565,8404.395,-0.5,0.5,0.5,0.5;









custom,cuboid,stone5,-1,-12.4565,-2,0,1,1,1,0.3,1.25,1517.546,9596.5338,7429.622,-0.9523186,0,-0.3051055,0;
custom,cuboid,stone5,-1,-12.4565,-2,0,1,1,1,0.3,1.25,1527.302,9596.5338,7413.355,-0.9733209,0,-0.2294482,0;
custom,cuboid,stone5,-1,-12.4565,-2,0,1,1,1,0.3,1.25,1534.037,9596.5338,7396.22,-0.9883226,0,-0.1523761,0;
custom,cuboid,stone5,-1,-12.4565,-2,0,1,1,1,0.3,1.25,1538.31,9596.5338,7377.62,-0.9972312,0,-0.0743629,0;
custom,cuboid,stone5,-1,-12.4565,-2,0,1,1,1,0.3,1.25,1599.039,9596.5338,7177.468,-0.3856038,0,-0.9226645,0;
custom,cuboid,stone5,-1,-12.4565,-2,0,1,1,1,0.3,1.25,1613.379,9596.5338,7189.597,-0.4576431,0,-0.889136,0;
custom,cuboid,stone5,-1,-12.4565,-2,0,1,1,1,0.3,1.25,1628.862,9596.5338,7199.211,-0.5259916,0,-0.8504898,0;
custom,cuboid,stone5,-1,-12.4565,-2,0,1,1,1,0.3,1.25,1646.221,9596.5338,7206.111,-0.5910999,0,-0.8065984,0;
custom,cuboid,stone5,-1,-12.4565,-2,0,1,1,1,0.3,1.25,1664.605,9596.5338,7210.597,-0.6525654,0,-0.7577324,0;
custom,cuboid,stone5,-1,-12.4565,-2,0,1,1,1,0.3,1.25,1683.434,9596.5338,7212.182,-0.7100056,0,-0.704196,0;
custom,cuboid,stone5,-1,-12.4565,-2,0,1,1,1,0.3,1.25,1780.866,9596.5338,7161.927,-0.9523186,0,-0.3051055,0;
custom,cuboid,stone5,-1,-12.4565,-2,0,1,1,1,0.3,1.25,1790.622,9596.5338,7145.66,-0.9733209,0,-0.2294482,0;
custom,cuboid,stone5,-1,-12.4565,-2,0,1,1,1,0.3,1.25,1797.357,9596.5338,7128.527,-0.9883226,0,-0.1523761,0;
custom,cuboid,stone5,-1,-12.4565,-2,0,1,1,1,0.3,1.25,1801.63,9596.5338,7109.928,-0.9972312,0,-0.0743629,0;
custom,cuboid,stone5,-1,-12.4565,-2,0,1,1,1,0.3,1.25,1862.362,9596.5338,6909.774,-0.3856038,0,-0.9226645,0;
custom,cuboid,stone5,-1,-12.4565,-2,0,1,1,1,0.3,1.25,1876.701,9596.5338,6921.903,-0.4576431,0,-0.889136,0;
custom,cuboid,stone5,-1,-12.4565,-2,0,1,1,1,0.3,1.25,1892.184,9596.5338,6931.518,-0.5259916,0,-0.8504898,0;
custom,cuboid,stone5,-1,-12.4565,-2,0,1,1,1,0.3,1.25,1909.544,9596.5338,6938.417,-0.5910999,0,-0.8065984,0;
custom,cuboid,stone5,-1,-12.4565,-2,0,1,1,1,0.3,1.25,1927.927,9596.5338,6942.903,-0.6525654,0,-0.7577324,0;
custom,cuboid,stone5,-1,-12.4565,-2,0,1,1,1,0.3,1.25,1946.756,9596.5338,6944.489,-0.7100056,0,-0.704196,0;
custom,cuboid,stone5,-1,-13,-3,0,1,1,1,0.3,1.25,1001.704,9596.5268,8075.313,-0.3027203,0,0.9530795,0;
custom,cuboid,stone5,-1,-13,-3,0,1,1,1,0.3,1.25,2928.253,9596.5267,6409.546,-0.9484026,0,0.3170688,0;
custom,cuboid,stone5,-1,-13,-3,0,1,1,1,0.3,1.25,2943.664,9596.5267,6434.026,-0.9703561,0,0.2416798,0;
custom,cuboid,stone5,-1,-13,-3,0,1,1,1,0.3,1.25,2955.201,9596.5267,6460.715,-0.9863267,0,0.1648023,0;
custom,cuboid,stone5,-1,-13,-3,0,1,1,1,0.3,1.25,2962.419,9596.5267,6488.845,-0.9962164,0,0.0869073,0;
custom,cuboid,stone5,-1,-13,-3,0,1,1,1,0.3,1.25,969.4983,9596.5268,8155.427,-0.0718633,0,0.9974145,0;
custom,cuboid,stone5,-1,-13,-3,0,1,1,1,0.3,1.25,976.0127,9596.5268,8127.246,-0.1498991,0,0.9887013,0;
custom,cuboid,stone5,-1,-13,-3,0,1,1,1,0.3,1.25,986.8279,9596.5268,8100.254,-0.2270087,0,0.9738927,0;
custom,cuboid,stone5,-1,-13,-4.357985,0,1,1,1,0.3,1.25,3050.353,9596.5267,6479.379,-0.9972207,0,0.0745051,0;
custom,cuboid,stone5,-1,-13,-4.357985,0,1,1,1,0.3,1.25,933.0398,9596.5268,8019.574,-0.3145552,0,0.9492392,0;
custom,cuboid,stone5,-1,-13,-4.357986,0,1,1,1,0.3,1.25,3003.607,9596.5267,6362.982,-0.9522742,0,0.305244,0;
custom,cuboid,stone5,-1,-13,-4.357986,0,1,1,1,0.3,1.25,3025.103,9596.5267,6399.095,-0.9732883,0,0.2295865,0;
custom,cuboid,stone5,-1,-13,-4.357986,0,1,1,1,0.3,1.25,3040.889,9596.5267,6438.263,-0.988301,0,0.1525162,0;
custom,cuboid,stone5,-1,-13,-4.357986,0,1,1,1,0.3,1.25,883.3616,9596.5268,8134.75,-0.0842684,0,0.9964431,0;
custom,cuboid,stone5,-1,-13,-4.357986,0,1,1,1,0.3,1.25,893.8513,9596.5268,8094.054,-0.1621901,0,0.9867595,0;
custom,cuboid,stone5,-1,-13,-4.357986,0,1,1,1,0.3,1.25,910.5264,9596.5268,8055.256,-0.2391088,0,0.9709928,0;
custom,cuboid,stone5,-1,12.4565,-2,0,1,1,1,0.3,1.25,1570.063,9596.5338,7481.28,0,0.8928638,0,0.4503269;
custom,cuboid,stone5,-1,12.4565,-2,0,1,1,1,0.3,1.25,1586.166,9596.5338,7471.257,0,0.85478,0,0.5189905;
custom,cuboid,stone5,-1,12.4565,-2,0,1,1,1,0.3,1.25,1603.185,9596.5338,7464.243,0,0.8114271,0,0.5844537;
custom,cuboid,stone5,-1,12.4565,-2,0,1,1,1,0.3,1.25,1621.713,9596.5338,7459.665,0,0.7630689,0,0.6463172;
custom,cuboid,stone5,-1,12.4565,-2,0,1,1,1,0.3,1.25,1784.739,9596.5338,7311.833,0,0.9999916,0,-0.0041074;
custom,cuboid,stone5,-1,12.4565,-2,0,1,1,1,0.3,1.25,1786.634,9596.5338,7330.633,0,0.9965866,0,-0.0825539;
custom,cuboid,stone5,-1,12.4565,-2,0,1,1,1,0.3,1.25,1791.422,9596.5338,7348.941,0,0.9870375,0,-0.1604895;
custom,cuboid,stone5,-1,12.4565,-2,0,1,1,1,0.3,1.25,1798.606,9596.5338,7366.182,0,0.9714037,0,-0.2374341;
custom,cuboid,stone5,-1,12.4565,-2,0,1,1,1,0.3,1.25,1808.475,9596.5338,7381.504,0,0.9497801,0,-0.3129182;
custom,cuboid,stone5,-1,12.4565,-2,0,1,1,1,0.3,1.25,1820.838,9596.5338,7395.645,0,0.9219357,0,-0.387343;
custom,cuboid,stone5,-1,12.4565,-2,0,1,1,1,0.3,1.25,1833.383,9596.5338,7213.586,0,0.8928638,0,0.4503269;
custom,cuboid,stone5,-1,12.4565,-2,0,1,1,1,0.3,1.25,1849.488,9596.5338,7203.564,0,0.85478,0,0.5189905;
custom,cuboid,stone5,-1,12.4565,-2,0,1,1,1,0.3,1.25,1866.506,9596.5338,7196.547,0,0.8114271,0,0.5844537;
custom,cuboid,stone5,-1,12.4565,-2,0,1,1,1,0.3,1.25,1885.034,9596.5338,7191.968,0,0.7630689,0,0.6463172;
custom,cuboid,stone5,-1,12.4565,-2,0,1,1,1,0.3,1.25,2048.062,9596.5338,7044.138,0,0.9999916,0,-0.0041074;
custom,cuboid,stone5,-1,12.4565,-2,0,1,1,1,0.3,1.25,2049.957,9596.5338,7062.939,0,0.9965866,0,-0.0825539;
custom,cuboid,stone5,-1,12.4565,-2,0,1,1,1,0.3,1.25,2054.744,9596.5338,7081.248,0,0.9870375,0,-0.1604895;
custom,cuboid,stone5,-1,12.4565,-2,0,1,1,1,0.3,1.25,2061.928,9596.5338,7098.49,0,0.9714037,0,-0.2374341;
custom,cuboid,stone5,-1,12.4565,-2,0,1,1,1,0.3,1.25,2071.798,9596.5338,7113.813,0,0.9497801,0,-0.3129182;
custom,cuboid,stone5,-1,12.4565,-2,0,1,1,1,0.3,1.25,2084.16,9596.5338,7127.95,0,0.9219357,0,-0.387343;
custom,cuboid,stone5,1,-12.4565,2,0,1,1,1,0.3,1.25,1640.733,9596.5338,7458.233,-0.7100056,0,-0.704196,0;
custom,cuboid,stone5,1,-12.4565,2,0,1,1,1,0.3,1.25,1659.562,9596.5338,7459.817,-0.6525654,0,-0.7577324,0;
custom,cuboid,stone5,1,-12.4565,2,0,1,1,1,0.3,1.25,1677.946,9596.5338,7464.304,-0.5910999,0,-0.8065984,0;
custom,cuboid,stone5,1,-12.4565,2,0,1,1,1,0.3,1.25,1695.305,9596.5338,7471.204,-0.5259916,0,-0.8504898,0;
custom,cuboid,stone5,1,-12.4565,2,0,1,1,1,0.3,1.25,1710.788,9596.5338,7480.818,-0.4576431,0,-0.889136,0;
custom,cuboid,stone5,1,-12.4565,2,0,1,1,1,0.3,1.25,1725.128,9596.5338,7492.944,-0.3856038,0,-0.9226645,0;
custom,cuboid,stone5,1,-12.4565,2,0,1,1,1,0.3,1.25,1785.857,9596.5338,7292.793,-0.9972312,0,-0.0743629,0;
custom,cuboid,stone5,1,-12.4565,2,0,1,1,1,0.3,1.25,1790.13,9596.5338,7274.191,-0.9883226,0,-0.1523761,0;
custom,cuboid,stone5,1,-12.4565,2,0,1,1,1,0.3,1.25,1796.865,9596.5338,7257.059,-0.9733209,0,-0.2294482,0;
custom,cuboid,stone5,1,-12.4565,2,0,1,1,1,0.3,1.25,1806.622,9596.5338,7240.792,-0.9523186,0,-0.3051055,0;
custom,cuboid,stone5,1,-12.4565,2,0,1,1,1,0.3,1.25,1904.055,9596.5338,7190.537,-0.7100056,0,-0.704196,0;
custom,cuboid,stone5,1,-12.4565,2,0,1,1,1,0.3,1.25,1922.883,9596.5338,7192.122,-0.6525654,0,-0.7577324,0;
custom,cuboid,stone5,1,-12.4565,2,0,1,1,1,0.3,1.25,1941.267,9596.5338,7196.608,-0.5910999,0,-0.8065984,0;
custom,cuboid,stone5,1,-12.4565,2,0,1,1,1,0.3,1.25,1958.627,9596.5338,7203.507,-0.5259916,0,-0.8504898,0;
custom,cuboid,stone5,1,-12.4565,2,0,1,1,1,0.3,1.25,1974.11,9596.5338,7213.122,-0.4576431,0,-0.889136,0;
custom,cuboid,stone5,1,-12.4565,2,0,1,1,1,0.3,1.25,1988.449,9596.5338,7225.25,-0.3856038,0,-0.9226645,0;
custom,cuboid,stone5,1,-12.4565,2,0,1,1,1,0.3,1.25,2049.181,9596.5338,7025.098,-0.9972312,0,-0.0743629,0;
custom,cuboid,stone5,1,-12.4565,2,0,1,1,1,0.3,1.25,2053.453,9596.5338,7006.498,-0.9883226,0,-0.1523761,0;
custom,cuboid,stone5,1,-12.4565,2,0,1,1,1,0.3,1.25,2060.188,9596.5338,6989.364,-0.9733209,0,-0.2294482,0;
custom,cuboid,stone5,1,-12.4565,2,0,1,1,1,0.3,1.25,2069.945,9596.5338,6973.098,-0.9523186,0,-0.3051055,0;
custom,cuboid,stone5,1,-13,3,0,1,1,1,0.3,1.25,1046.147,9596.5268,8332.873,-0.8879845,0,0.4598735,0;
custom,cuboid,stone5,1,-13,3,0,1,1,1,0.3,1.25,1071.081,9596.5268,8347.77,-0.8491663,0,0.5281256,0;
custom,cuboid,stone5,1,-13,3,0,1,1,1,0.3,1.25,1098.075,9596.5268,8358.578,-0.8051122,0,0.5931225,0;
custom,cuboid,stone5,1,-13,3,0,1,1,1,0.3,1.25,1126.261,9596.5268,8365.1,-0.7560939,0,0.6544632,0;
custom,cuboid,stone5,1,-13,3,0,1,1,1,0.3,1.25,1155.204,9596.5268,8367.039,-0.7024148,0,0.7117679,0;
custom,cuboid,stone5,1,-13,3,0,1,1,1,0.3,1.25,2647.239,9596.5267,6392.268,-0.9270904,0,-0.3748379,0;
custom,cuboid,stone5,1,-13,3,0,1,1,1,0.3,1.25,2669.006,9596.5267,6373.096,-0.8948233,0,-0.4464205,0;
custom,cuboid,stone5,1,-13,3,0,1,1,1,0.3,1.25,2693.492,9596.5267,6357.687,-0.8570389,0,-0.5152518,0;
custom,cuboid,stone5,1,-13,3,0,1,1,1,0.3,1.25,2720.177,9596.5267,6346.145,-0.8139705,0,-0.5809063,0;
custom,cuboid,stone5,1,-13,3,0,1,1,1,0.3,1.25,2748.312,9596.5267,6338.945,-0.7658842,0,-0.6429785,0;
custom,cuboid,stone5,1,-13,4.357986,0,1,1,1,0.3,1.25,1023.947,9596.5268,8417.73,-0.8556733,0,0.5175164,0;
custom,cuboid,stone5,1,-13,4.357986,0,1,1,1,0.3,1.25,1062.747,9596.5268,8434.416,-0.8124319,0,0.5830562,0;
custom,cuboid,stone5,1,-13,4.357986,0,1,1,1,0.3,1.25,1103.44,9596.5268,8444.896,-0.7641796,0,0.6450036,0;
custom,cuboid,stone5,1,-13,4.357986,0,1,1,1,0.3,1.25,1145.4,9596.5268,8448.76,-0.7112168,0,0.7029727,0;
custom,cuboid,stone5,1,-13,4.357986,0,1,1,1,0.3,1.25,2596.145,9596.5267,6327.743,-0.9223548,0,-0.386344,0;
custom,cuboid,stone5,1,-13,4.357986,0,1,1,1,0.3,1.25,2628.442,9596.5267,6300.688,-0.8891991,0,-0.4575205,0;
custom,cuboid,stone5,1,-13,4.357986,0,1,1,1,0.3,1.25,2664.551,9596.5267,6279.193,-0.8505598,0,-0.5258785,0;
custom,cuboid,stone5,1,-13,4.357986,0,1,1,1,0.3,1.25,2703.729,9596.5267,6263.405,-0.8066779,0,-0.5909914,0;
custom,cuboid,stone5,1,-13,4.357986,0,1,1,1,0.3,1.25,2744.844,9596.5267,6253.944,-0.7578232,0,-0.6524599,0;
custom,cuboid,stone5,1,-13,4.357986,0,1,1,1,0.3,1.25,988.2666,9596.5268,8395.217,-0.8936388,0,0.4487869,0;
custom,cuboid,stone5,1,12.4565,2,0,1,1,1,0.3,1.25,1503.329,9596.5338,7274.768,0,0.9219357,0,-0.387343;
custom,cuboid,stone5,1,12.4565,2,0,1,1,1,0.3,1.25,1515.692,9596.5338,7288.906,0,0.9497801,0,-0.3129182;
custom,cuboid,stone5,1,12.4565,2,0,1,1,1,0.3,1.25,1525.561,9596.5338,7304.229,0,0.9714037,0,-0.2374341;
custom,cuboid,stone5,1,12.4565,2,0,1,1,1,0.3,1.25,1532.747,9596.5338,7321.472,0,0.9870375,0,-0.1604895;
custom,cuboid,stone5,1,12.4565,2,0,1,1,1,0.3,1.25,1537.535,9596.5338,7339.779,0,0.9965866,0,-0.0825539;
custom,cuboid,stone5,1,12.4565,2,0,1,1,1,0.3,1.25,1539.429,9596.5338,7358.579,0,0.9999916,0,-0.0041074;
custom,cuboid,stone5,1,12.4565,2,0,1,1,1,0.3,1.25,1702.453,9596.5338,7210.75,0,0.7630689,0,0.6463172;
custom,cuboid,stone5,1,12.4565,2,0,1,1,1,0.3,1.25,1720.981,9596.5338,7206.171,0,0.8114271,0,0.5844537;
custom,cuboid,stone5,1,12.4565,2,0,1,1,1,0.3,1.25,1738.002,9596.5338,7199.156,0,0.85478,0,0.5189905;
custom,cuboid,stone5,1,12.4565,2,0,1,1,1,0.3,1.25,1754.105,9596.5338,7189.133,0,0.8928638,0,0.4503269;
custom,cuboid,stone5,1,12.4565,2,0,1,1,1,0.3,1.25,1766.651,9596.5338,7007.075,0,0.9219357,0,-0.387343;
custom,cuboid,stone5,1,12.4565,2,0,1,1,1,0.3,1.25,1768.558,9596.5338,7176.56,0,0.9251789,0,0.3795313;
custom,cuboid,stone5,1,12.4565,2,0,1,1,1,0.3,1.25,1779.013,9596.5338,7021.213,0,0.9497801,0,-0.3129182;
custom,cuboid,stone5,1,12.4565,2,0,1,1,1,0.3,1.25,1788.882,9596.5338,7036.536,0,0.9714037,0,-0.2374341;
custom,cuboid,stone5,1,12.4565,2,0,1,1,1,0.3,1.25,1796.066,9596.5338,7053.779,0,0.9870375,0,-0.1604895;
custom,cuboid,stone5,1,12.4565,2,0,1,1,1,0.3,1.25,1800.854,9596.5338,7072.086,0,0.9965866,0,-0.0825539;
custom,cuboid,stone5,1,12.4565,2,0,1,1,1,0.3,1.25,1802.749,9596.5338,7090.886,0,0.9999916,0,-0.0041074;
custom,cuboid,stone5,1,12.4565,2,0,1,1,1,0.3,1.25,1818.936,9596.5338,7226.116,0,0.9251789,0,0.3795313;
custom,cuboid,stone5,1,12.4565,2,0,1,1,1,0.3,1.25,1965.776,9596.5338,6943.056,0,0.7630689,0,0.6463172;
custom,cuboid,stone5,1,12.4565,2,0,1,1,1,0.3,1.25,1984.303,9596.5338,6938.478,0,0.8114271,0,0.5844537;
custom,cuboid,stone5,1,12.4565,2,0,1,1,1,0.3,1.25,2001.323,9596.5338,6931.461,0,0.85478,0,0.5189905;
custom,cuboid,stone5,1,12.4565,2,0,1,1,1,0.3,1.25,2017.427,9596.5338,6921.438,0,0.8928638,0,0.4503269;
custom,cuboid,stone5,1,13,3,0,1,1,1,0.3,1.25,1004.593,9596.5268,8292.471,0,-0.3153004,0,-0.948992;
custom,cuboid,stone5,1,13,3,0,1,1,1,0.3,1.25,1023.83,9596.5268,8314.297,0,-0.3896538,0,-0.9209614;
custom,cuboid,stone5,1,13,3,0,1,1,1,0.3,1.25,2777.224,9596.5267,6336.187,0,0.7004141,0,-0.7137367;
custom,cuboid,stone5,1,13,3,0,1,1,1,0.3,1.25,2806.265,9596.5267,6337.909,0,0.754873,0,-0.655871;
custom,cuboid,stone5,1,13,3,0,1,1,1,0.3,1.25,2834.627,9596.5267,6344.161,0,0.8040047,0,-0.594623;
custom,cuboid,stone5,1,13,3,0,1,1,1,0.3,1.25,2861.692,9596.5267,6354.782,0,0.8481801,0,-0.529708;
custom,cuboid,stone5,1,13,3,0,1,1,1,0.3,1.25,2886.679,9596.5267,6369.354,0,0.8871259,0,-0.4615276;
custom,cuboid,stone5,1,13,3,0,1,1,1,0.3,1.25,2909.074,9596.5267,6387.773,0,0.9206024,0,-0.3905012;
custom,cuboid,stone5,1,13,3,0,1,1,1,0.3,1.25,967.5508,9596.5268,8184.373,0,-0.0066129,0,-0.9999781;
custom,cuboid,stone5,1,13,3,0,1,1,1,0.3,1.25,970.2583,9596.5268,8213.25,0,-0.0850506,0,-0.9963766;
custom,cuboid,stone5,1,13,3,0,1,1,1,0.3,1.25,977.521,9596.5268,8241.25,0,-0.1629626,0,-0.9866323;
custom,cuboid,stone5,1,13,3,0,1,1,1,0.3,1.25,989.0474,9596.5268,8267.938,0,-0.2398711,0,-0.9708048;
custom,cuboid,stone5,1,13,4.357986,0,1,1,1,0.3,1.25,2786.928,9596.5267,6250.99,0,0.709241,0,-0.7049662;
custom,cuboid,stone5,1,13,4.357986,0,1,1,1,0.3,1.25,2829.046,9596.5267,6254.542,0,0.7629732,0,-0.6464302;
custom,cuboid,stone5,1,13,4.357986,0,1,1,1,0.3,1.25,2870,9596.5267,6264.648,0,0.8113402,0,-0.5845744;
custom,cuboid,stone5,1,13,4.357986,0,1,1,1,0.3,1.25,2908.923,9596.5267,6281.055,0,0.8547042,0,-0.5191153;
custom,cuboid,stone5,1,13,4.357986,0,1,1,1,0.3,1.25,2944.683,9596.5267,6303.124,0,0.8928002,0,-0.450453;
custom,cuboid,stone5,1,13,4.357986,0,1,1,1,0.3,1.25,2976.552,9596.5267,6330.686,0,0.9253897,0,-0.3790172;
custom,cuboid,stone5,1,13,4.357986,0,1,1,1,0.3,1.25,879.5024,9596.5268,8176.701,0,0.0058289,0,-0.999983;
custom,cuboid,stone5,1,13,4.357986,0,1,1,1,0.3,1.25,882.3892,9596.5268,8218.738,0,-0.0726452,0,-0.9973578;
custom,cuboid,stone5,1,13,4.357986,0,1,1,1,0.3,1.25,891.9211,9596.5268,8259.664,0,-0.1506761,0,-0.9885832;
custom,cuboid,stone5,1,13,4.357986,0,1,1,1,0.3,1.25,907.6992,9596.5268,8298.85,0,-0.2277745,0,-0.9737139;
custom,cuboid,stone5,1,13,4.357986,0,1,1,1,0.3,1.25,929.3701,9596.5268,8335.037,0,-0.3034708,0,-0.9528407;
custom,cuboid,stone5,1,13,4.357986,0,1,1,1,0.3,1.25,956.5244,9596.5268,8367.43,0,-0.3781643,0,-0.9257385;


racing,killcuboid,1.2,12.5565,2.2,1517.546,9596.5338,7429.622,-0.9523186,0,-0.3051055,0;
racing,killcuboid,1.2,12.5565,2.2,1527.302,9596.5338,7413.355,-0.9733209,0,-0.2294482,0;
racing,killcuboid,1.2,12.5565,2.2,1534.037,9596.5338,7396.22,-0.9883226,0,-0.1523761,0;
racing,killcuboid,1.2,12.5565,2.2,1538.31,9596.5338,7377.62,-0.9972312,0,-0.0743629,0;
racing,killcuboid,1.2,12.5565,2.2,1599.039,9596.5338,7177.468,-0.3856038,0,-0.9226645,0;
racing,killcuboid,1.2,12.5565,2.2,1613.379,9596.5338,7189.597,-0.4576431,0,-0.889136,0;
racing,killcuboid,1.2,12.5565,2.2,1628.862,9596.5338,7199.211,-0.5259916,0,-0.8504898,0;
racing,killcuboid,1.2,12.5565,2.2,1646.221,9596.5338,7206.111,-0.5910999,0,-0.8065984,0;
racing,killcuboid,1.2,12.5565,2.2,1664.605,9596.5338,7210.597,-0.6525654,0,-0.7577324,0;
racing,killcuboid,1.2,12.5565,2.2,1683.434,9596.5338,7212.182,-0.7100056,0,-0.704196,0;
racing,killcuboid,1.2,12.5565,2.2,1780.866,9596.5338,7161.927,-0.9523186,0,-0.3051055,0;
racing,killcuboid,1.2,12.5565,2.2,1790.622,9596.5338,7145.66,-0.9733209,0,-0.2294482,0;
racing,killcuboid,1.2,12.5565,2.2,1797.357,9596.5338,7128.527,-0.9883226,0,-0.1523761,0;
racing,killcuboid,1.2,12.5565,2.2,1801.63,9596.5338,7109.928,-0.9972312,0,-0.0743629,0;
racing,killcuboid,1.2,12.5565,2.2,1862.362,9596.5338,6909.774,-0.3856038,0,-0.9226645,0;
racing,killcuboid,1.2,12.5565,2.2,1876.701,9596.5338,6921.903,-0.4576431,0,-0.889136,0;
racing,killcuboid,1.2,12.5565,2.2,1892.184,9596.5338,6931.518,-0.5259916,0,-0.8504898,0;
racing,killcuboid,1.2,12.5565,2.2,1909.544,9596.5338,6938.417,-0.5910999,0,-0.8065984,0;
racing,killcuboid,1.2,12.5565,2.2,1927.927,9596.5338,6942.903,-0.6525654,0,-0.7577324,0;
racing,killcuboid,1.2,12.5565,2.2,1946.756,9596.5338,6944.489,-0.7100056,0,-0.704196,0;
racing,killcuboid,1.2,13.1,3.2,1001.704,9596.5268,8075.313,-0.3027203,0,0.9530795,0;
racing,killcuboid,1.2,13.1,3.2,2928.253,9596.5267,6409.546,-0.9484026,0,0.3170688,0;
racing,killcuboid,1.2,13.1,3.2,2943.664,9596.5267,6434.026,-0.9703561,0,0.2416798,0;
racing,killcuboid,1.2,13.1,3.2,2955.201,9596.5267,6460.715,-0.9863267,0,0.1648023,0;
racing,killcuboid,1.2,13.1,3.2,2962.419,9596.5267,6488.845,-0.9962164,0,0.0869073,0;
racing,killcuboid,1.2,13.1,3.2,969.4983,9596.5268,8155.427,-0.0718633,0,0.9974145,0;
racing,killcuboid,1.2,13.1,3.2,976.0127,9596.5268,8127.246,-0.1498991,0,0.9887013,0;
racing,killcuboid,1.2,13.1,3.2,986.8279,9596.5268,8100.254,-0.2270087,0,0.9738927,0;
racing,killcuboid,1.2,13.1,4.457985,3050.353,9596.5267,6479.379,-0.9972207,0,0.0745051,0;
racing,killcuboid,1.2,13.1,4.457985,933.0398,9596.5268,8019.574,-0.3145552,0,0.9492392,0;
racing,killcuboid,1.2,13.1,4.457985,3003.607,9596.5267,6362.982,-0.9522742,0,0.305244,0;
racing,killcuboid,1.2,13.1,4.457985,3025.103,9596.5267,6399.095,-0.9732883,0,0.2295865,0;
racing,killcuboid,1.2,13.1,4.457985,3040.889,9596.5267,6438.263,-0.988301,0,0.1525162,0;
racing,killcuboid,1.2,13.1,4.457985,883.3616,9596.5268,8134.75,-0.0842684,0,0.9964431,0;
racing,killcuboid,1.2,13.1,4.457985,893.8513,9596.5268,8094.054,-0.1621901,0,0.9867595,0;
racing,killcuboid,1.2,13.1,4.457985,910.5264,9596.5268,8055.256,-0.2391088,0,0.9709928,0;
racing,killcuboid,1.2,12.5565,2.2,1570.063,9596.5338,7481.28,0,0.8928638,0,0.4503269;
racing,killcuboid,1.2,12.5565,2.2,1586.166,9596.5338,7471.257,0,0.85478,0,0.5189905;
racing,killcuboid,1.2,12.5565,2.2,1603.185,9596.5338,7464.243,0,0.8114271,0,0.5844537;
racing,killcuboid,1.2,12.5565,2.2,1621.713,9596.5338,7459.665,0,0.7630689,0,0.6463172;
racing,killcuboid,1.2,12.5565,2.2,1784.739,9596.5338,7311.833,0,0.9999916,0,-0.0041074;
racing,killcuboid,1.2,12.5565,2.2,1786.634,9596.5338,7330.633,0,0.9965866,0,-0.0825539;
racing,killcuboid,1.2,12.5565,2.2,1791.422,9596.5338,7348.941,0,0.9870375,0,-0.1604895;
racing,killcuboid,1.2,12.5565,2.2,1798.606,9596.5338,7366.182,0,0.9714037,0,-0.2374341;
racing,killcuboid,1.2,12.5565,2.2,1808.475,9596.5338,7381.504,0,0.9497801,0,-0.3129182;
racing,killcuboid,1.2,12.5565,2.2,1820.838,9596.5338,7395.645,0,0.9219357,0,-0.387343;
racing,killcuboid,1.2,12.5565,2.2,1833.383,9596.5338,7213.586,0,0.8928638,0,0.4503269;
racing,killcuboid,1.2,12.5565,2.2,1849.488,9596.5338,7203.564,0,0.85478,0,0.5189905;
racing,killcuboid,1.2,12.5565,2.2,1866.506,9596.5338,7196.547,0,0.8114271,0,0.5844537;
racing,killcuboid,1.2,12.5565,2.2,1885.034,9596.5338,7191.968,0,0.7630689,0,0.6463172;
racing,killcuboid,1.2,12.5565,2.2,2048.062,9596.5338,7044.138,0,0.9999916,0,-0.0041074;
racing,killcuboid,1.2,12.5565,2.2,2049.957,9596.5338,7062.939,0,0.9965866,0,-0.0825539;
racing,killcuboid,1.2,12.5565,2.2,2054.744,9596.5338,7081.248,0,0.9870375,0,-0.1604895;
racing,killcuboid,1.2,12.5565,2.2,2061.928,9596.5338,7098.49,0,0.9714037,0,-0.2374341;
racing,killcuboid,1.2,12.5565,2.2,2071.798,9596.5338,7113.813,0,0.9497801,0,-0.3129182;
racing,killcuboid,1.2,12.5565,2.2,2084.16,9596.5338,7127.95,0,0.9219357,0,-0.387343;
racing,killcuboid,1.2,12.5565,2.2,1640.733,9596.5338,7458.233,-0.7100056,0,-0.704196,0;
racing,killcuboid,1.2,12.5565,2.2,1659.562,9596.5338,7459.817,-0.6525654,0,-0.7577324,0;
racing,killcuboid,1.2,12.5565,2.2,1677.946,9596.5338,7464.304,-0.5910999,0,-0.8065984,0;
racing,killcuboid,1.2,12.5565,2.2,1695.305,9596.5338,7471.204,-0.5259916,0,-0.8504898,0;
racing,killcuboid,1.2,12.5565,2.2,1710.788,9596.5338,7480.818,-0.4576431,0,-0.889136,0;
racing,killcuboid,1.2,12.5565,2.2,1725.128,9596.5338,7492.944,-0.3856038,0,-0.9226645,0;
racing,killcuboid,1.2,12.5565,2.2,1785.857,9596.5338,7292.793,-0.9972312,0,-0.0743629,0;
racing,killcuboid,1.2,12.5565,2.2,1790.13,9596.5338,7274.191,-0.9883226,0,-0.1523761,0;
racing,killcuboid,1.2,12.5565,2.2,1796.865,9596.5338,7257.059,-0.9733209,0,-0.2294482,0;
racing,killcuboid,1.2,12.5565,2.2,1806.622,9596.5338,7240.792,-0.9523186,0,-0.3051055,0;
racing,killcuboid,1.2,12.5565,2.2,1904.055,9596.5338,7190.537,-0.7100056,0,-0.704196,0;
racing,killcuboid,1.2,12.5565,2.2,1922.883,9596.5338,7192.122,-0.6525654,0,-0.7577324,0;
racing,killcuboid,1.2,12.5565,2.2,1941.267,9596.5338,7196.608,-0.5910999,0,-0.8065984,0;
racing,killcuboid,1.2,12.5565,2.2,1958.627,9596.5338,7203.507,-0.5259916,0,-0.8504898,0;
racing,killcuboid,1.2,12.5565,2.2,1974.11,9596.5338,7213.122,-0.4576431,0,-0.889136,0;
racing,killcuboid,1.2,12.5565,2.2,1988.449,9596.5338,7225.25,-0.3856038,0,-0.9226645,0;
racing,killcuboid,1.2,12.5565,2.2,2049.181,9596.5338,7025.098,-0.9972312,0,-0.0743629,0;
racing,killcuboid,1.2,12.5565,2.2,2053.453,9596.5338,7006.498,-0.9883226,0,-0.1523761,0;
racing,killcuboid,1.2,12.5565,2.2,2060.188,9596.5338,6989.364,-0.9733209,0,-0.2294482,0;
racing,killcuboid,1.2,12.5565,2.2,2069.945,9596.5338,6973.098,-0.9523186,0,-0.3051055,0;
racing,killcuboid,1.2,13.1,3.2,1046.147,9596.5268,8332.873,-0.8879845,0,0.4598735,0;
racing,killcuboid,1.2,13.1,3.2,1071.081,9596.5268,8347.77,-0.8491663,0,0.5281256,0;
racing,killcuboid,1.2,13.1,3.2,1098.075,9596.5268,8358.578,-0.8051122,0,0.5931225,0;
racing,killcuboid,1.2,13.1,3.2,1126.261,9596.5268,8365.1,-0.7560939,0,0.6544632,0;
racing,killcuboid,1.2,13.1,3.2,1155.204,9596.5268,8367.039,-0.7024148,0,0.7117679,0;
racing,killcuboid,1.2,13.1,3.2,2647.239,9596.5267,6392.268,-0.9270904,0,-0.3748379,0;
racing,killcuboid,1.2,13.1,3.2,2669.006,9596.5267,6373.096,-0.8948233,0,-0.4464205,0;
racing,killcuboid,1.2,13.1,3.2,2693.492,9596.5267,6357.687,-0.8570389,0,-0.5152518,0;
racing,killcuboid,1.2,13.1,3.2,2720.177,9596.5267,6346.145,-0.8139705,0,-0.5809063,0;
racing,killcuboid,1.2,13.1,3.2,2748.312,9596.5267,6338.945,-0.7658842,0,-0.6429785,0;
racing,killcuboid,1.2,13.1,4.457985,1023.947,9596.5268,8417.73,-0.8556733,0,0.5175164,0;
racing,killcuboid,1.2,13.1,4.457985,1062.747,9596.5268,8434.416,-0.8124319,0,0.5830562,0;
racing,killcuboid,1.2,13.1,4.457985,1103.44,9596.5268,8444.896,-0.7641796,0,0.6450036,0;
racing,killcuboid,1.2,13.1,4.457985,1145.4,9596.5268,8448.76,-0.7112168,0,0.7029727,0;
racing,killcuboid,1.2,13.1,4.457985,2596.145,9596.5267,6327.743,-0.9223548,0,-0.386344,0;
racing,killcuboid,1.2,13.1,4.457985,2628.442,9596.5267,6300.688,-0.8891991,0,-0.4575205,0;
racing,killcuboid,1.2,13.1,4.457985,2664.551,9596.5267,6279.193,-0.8505598,0,-0.5258785,0;
racing,killcuboid,1.2,13.1,4.457985,2703.729,9596.5267,6263.405,-0.8066779,0,-0.5909914,0;
racing,killcuboid,1.2,13.1,4.457985,2744.844,9596.5267,6253.944,-0.7578232,0,-0.6524599,0;
racing,killcuboid,1.2,13.1,4.457985,988.2666,9596.5268,8395.217,-0.8936388,0,0.4487869,0;
racing,killcuboid,1.2,12.5565,2.2,1503.329,9596.5338,7274.768,0,0.9219357,0,-0.387343;
racing,killcuboid,1.2,12.5565,2.2,1515.692,9596.5338,7288.906,0,0.9497801,0,-0.3129182;
racing,killcuboid,1.2,12.5565,2.2,1525.561,9596.5338,7304.229,0,0.9714037,0,-0.2374341;
racing,killcuboid,1.2,12.5565,2.2,1532.747,9596.5338,7321.472,0,0.9870375,0,-0.1604895;
racing,killcuboid,1.2,12.5565,2.2,1537.535,9596.5338,7339.779,0,0.9965866,0,-0.0825539;
racing,killcuboid,1.2,12.5565,2.2,1539.429,9596.5338,7358.579,0,0.9999916,0,-0.0041074;
racing,killcuboid,1.2,12.5565,2.2,1702.453,9596.5338,7210.75,0,0.7630689,0,0.6463172;
racing,killcuboid,1.2,12.5565,2.2,1720.981,9596.5338,7206.171,0,0.8114271,0,0.5844537;
racing,killcuboid,1.2,12.5565,2.2,1738.002,9596.5338,7199.156,0,0.85478,0,0.5189905;
racing,killcuboid,1.2,12.5565,2.2,1754.105,9596.5338,7189.133,0,0.8928638,0,0.4503269;
racing,killcuboid,1.2,12.5565,2.2,1766.651,9596.5338,7007.075,0,0.9219357,0,-0.387343;
racing,killcuboid,1.2,12.5565,2.2,1768.558,9596.5338,7176.56,0,0.9251789,0,0.3795313;
racing,killcuboid,1.2,12.5565,2.2,1779.013,9596.5338,7021.213,0,0.9497801,0,-0.3129182;
racing,killcuboid,1.2,12.5565,2.2,1788.882,9596.5338,7036.536,0,0.9714037,0,-0.2374341;
racing,killcuboid,1.2,12.5565,2.2,1796.066,9596.5338,7053.779,0,0.9870375,0,-0.1604895;
racing,killcuboid,1.2,12.5565,2.2,1800.854,9596.5338,7072.086,0,0.9965866,0,-0.0825539;
racing,killcuboid,1.2,12.5565,2.2,1802.749,9596.5338,7090.886,0,0.9999916,0,-0.0041074;
racing,killcuboid,1.2,12.5565,2.2,1818.936,9596.5338,7226.116,0,0.9251789,0,0.3795313;
racing,killcuboid,1.2,12.5565,2.2,1965.776,9596.5338,6943.056,0,0.7630689,0,0.6463172;
racing,killcuboid,1.2,12.5565,2.2,1984.303,9596.5338,6938.478,0,0.8114271,0,0.5844537;
racing,killcuboid,1.2,12.5565,2.2,2001.323,9596.5338,6931.461,0,0.85478,0,0.5189905;
racing,killcuboid,1.2,12.5565,2.2,2017.427,9596.5338,6921.438,0,0.8928638,0,0.4503269;
racing,killcuboid,1.2,13.1,3.2,1004.593,9596.5268,8292.471,0,-0.3153004,0,-0.948992;
racing,killcuboid,1.2,13.1,3.2,1023.83,9596.5268,8314.297,0,-0.3896538,0,-0.9209614;
racing,killcuboid,1.2,13.1,3.2,2777.224,9596.5267,6336.187,0,0.7004141,0,-0.7137367;
racing,killcuboid,1.2,13.1,3.2,2806.265,9596.5267,6337.909,0,0.754873,0,-0.655871;
racing,killcuboid,1.2,13.1,3.2,2834.627,9596.5267,6344.161,0,0.8040047,0,-0.594623;
racing,killcuboid,1.2,13.1,3.2,2861.692,9596.5267,6354.782,0,0.8481801,0,-0.529708;
racing,killcuboid,1.2,13.1,3.2,2886.679,9596.5267,6369.354,0,0.8871259,0,-0.4615276;
racing,killcuboid,1.2,13.1,3.2,2909.074,9596.5267,6387.773,0,0.9206024,0,-0.3905012;
racing,killcuboid,1.2,13.1,3.2,967.5508,9596.5268,8184.373,0,-0.0066129,0,-0.9999781;
racing,killcuboid,1.2,13.1,3.2,970.2583,9596.5268,8213.25,0,-0.0850506,0,-0.9963766;
racing,killcuboid,1.2,13.1,3.2,977.521,9596.5268,8241.25,0,-0.1629626,0,-0.9866323;
racing,killcuboid,1.2,13.1,3.2,989.0474,9596.5268,8267.938,0,-0.2398711,0,-0.9708048;
racing,killcuboid,1.2,13.1,4.457985,2786.928,9596.5267,6250.99,0,0.709241,0,-0.7049662;
racing,killcuboid,1.2,13.1,4.457985,2829.046,9596.5267,6254.542,0,0.7629732,0,-0.6464302;
racing,killcuboid,1.2,13.1,4.457985,2870,9596.5267,6264.648,0,0.8113402,0,-0.5845744;
racing,killcuboid,1.2,13.1,4.457985,2908.923,9596.5267,6281.055,0,0.8547042,0,-0.5191153;
racing,killcuboid,1.2,13.1,4.457985,2944.683,9596.5267,6303.124,0,0.8928002,0,-0.450453;
racing,killcuboid,1.2,13.1,4.457985,2976.552,9596.5267,6330.686,0,0.9253897,0,-0.3790172;
racing,killcuboid,1.2,13.1,4.457985,879.5024,9596.5268,8176.701,0,0.0058289,0,-0.999983;
racing,killcuboid,1.2,13.1,4.457985,882.3892,9596.5268,8218.738,0,-0.0726452,0,-0.9973578;
racing,killcuboid,1.2,13.1,4.457985,891.9211,9596.5268,8259.664,0,-0.1506761,0,-0.9885832;
racing,killcuboid,1.2,13.1,4.457985,907.6992,9596.5268,8298.85,0,-0.2277745,0,-0.9737139;
racing,killcuboid,1.2,13.1,4.457985,929.3701,9596.5268,8335.037,0,-0.3034708,0,-0.9528407;
racing,killcuboid,1.2,13.1,4.457985,956.5244,9596.5268,8367.43,0,-0.3781643,0,-0.9257385;


custom,cuboid,stone5,1.2,2.491302,30.2,0,1,1,1,3,0.3,1700.51,9596.5338,6846.311,0,0.9219357,0,-0.387343;
custom,cuboid,stone5,1.2,2.491302,30.2,0,1,1,1,3,0.3,2150.696,9596.5338,7289.145,0,0.9219357,0,-0.387343;
custom,cuboid,stone5,1.2,1.491302,30.2,0,1,1,1,3,0.2,1437.189,9596.5338,7114.004,0,0.9219357,0,-0.387343;
custom,cuboid,stone5,1.2,1.491302,30.2,0,1,1,1,3,0.2,1887.376,9596.5338,7556.834,0,0.9219357,0,-0.387343;

racing,killcuboid,1.3,2.591302,30.3,1700.51,9596.5338,6846.311,0,0.9219357,0,-0.387343;
racing,killcuboid,1.3,2.591302,30.3,2150.696,9596.5338,7289.145,0,0.9219357,0,-0.387343;
racing,killcuboid,1.3,1.591302,30.3,1437.189,9596.5338,7114.004,0,0.9219357,0,-0.387343;
racing,killcuboid,1.3,1.591302,30.3,1887.376,9596.5338,7556.834,0,0.9219357,0,-0.387343;

custom,cuboid,stone5,1,12.4565,14,0,1,1,1,2,1.2,1258.963,9596.5338,6938.689,0,0.9254445,0,0.3788832;
custom,cuboid,stone5,1,12.4565,14,0,1,1,1,2,1.2,1522.285,9596.5338,6670.996,0,0.9254445,0,0.3788832;
custom,cuboid,stone5,1,12.4565,14,0,1,1,1,2,1.2,2064.434,9596.5338,7731.003,0,0.9254445,0,0.3788832;
custom,cuboid,stone5,1,12.4565,14,0,1,1,1,2,1.2,2327.754,9596.5338,7463.312,0,0.9254445,0,0.3788832;
racing,killcuboid,-1,-12.4565,-3.84087,1585.05,9596.5338,7255.795,-0.4576431,0,-0.889136,0;
racing,killcuboid,-1,-12.4565,-3.84087,1614.785,9596.5338,7274.261,-0.5259916,0,-0.8504898,0;
racing,killcuboid,-1,-12.4565,-3.84087,1648.122,9596.5338,7287.509,-0.5910999,0,-0.8065984,0;
racing,killcuboid,-1,-12.4565,-3.84087,1683.428,9596.5338,7296.125,-0.6525654,0,-0.7577324,0;
racing,killcuboid,-1,-12.4565,-3.84087,1848.372,9596.5338,6988.102,-0.4576431,0,-0.889136,0;
racing,killcuboid,-1,-12.4565,-3.84087,1878.106,9596.5338,7006.568,-0.5259916,0,-0.8504898,0;
racing,killcuboid,-1,-12.4565,-3.84087,1911.444,9596.5338,7019.817,-0.5910999,0,-0.8065984,0;
racing,killcuboid,-1,-12.4565,-3.84087,1946.749,9596.5338,7028.431,-0.6525654,0,-0.7577324,0;
racing,killcuboid,-1,-12.4565,-40,1447.918,9596.5338,7031.796,-0.920137,0,0.3915965,0;
racing,killcuboid,-1,-12.4565,-40,1711.241,9596.5338,6764.102,-0.920137,0,0.3915965,0;
racing,killcuboid,-1,-12.4565,-40,1972.098,9596.5338,7541.255,-0.920137,0,0.3915965,0;
racing,killcuboid,-1,-12.4565,-40,2165.112,9596.5338,6773.732,-0.9254445,0,-0.3788832,0;
racing,killcuboid,-1,-12.4565,-40,2214.559,9596.5338,6822.372,-0.9254445,0,-0.3788832,0;
racing,killcuboid,-1,-12.4565,-40,2235.42,9596.5338,7273.566,-0.920137,0,0.3915965,0;
racing,killcuboid,-1,-2.076082,-3.84087,1585.05,9648.4362,7255.795,-0.4576431,0,-0.889136,0;
racing,killcuboid,-1,-2.076082,-3.84087,1585.05,9544.6315,7255.795,-0.4576431,0,-0.889136,0;
racing,killcuboid,-1,-2.076082,-3.84087,1614.785,9648.4362,7274.261,-0.5259916,0,-0.8504898,0;
racing,killcuboid,-1,-2.076082,-3.84087,1614.785,9544.6315,7274.261,-0.5259916,0,-0.8504898,0;
racing,killcuboid,-1,-2.076082,-3.84087,1648.122,9648.4362,7287.509,-0.5910999,0,-0.8065984,0;
racing,killcuboid,-1,-2.076082,-3.84087,1648.122,9544.6315,7287.509,-0.5910999,0,-0.8065984,0;
racing,killcuboid,-1,-2.076082,-3.84087,1683.428,9648.4362,7296.125,-0.6525654,0,-0.7577324,0;
racing,killcuboid,-1,-2.076082,-3.84087,1683.428,9544.6315,7296.125,-0.6525654,0,-0.7577324,0;
racing,killcuboid,-1,-2.076082,-3.84087,1848.372,9648.4362,6988.102,-0.4576431,0,-0.889136,0;
racing,killcuboid,-1,-2.076082,-3.84087,1848.372,9544.6315,6988.102,-0.4576431,0,-0.889136,0;
racing,killcuboid,-1,-2.076082,-3.84087,1878.106,9648.4362,7006.568,-0.5259916,0,-0.8504898,0;
racing,killcuboid,-1,-2.076082,-3.84087,1878.106,9544.6315,7006.568,-0.5259916,0,-0.8504898,0;
racing,killcuboid,-1,-2.076082,-3.84087,1911.444,9648.4362,7019.817,-0.5910999,0,-0.8065984,0;
racing,killcuboid,-1,-2.076082,-3.84087,1911.444,9544.6315,7019.817,-0.5910999,0,-0.8065984,0;
racing,killcuboid,-1,-2.076082,-3.84087,1946.749,9648.4362,7028.431,-0.6525654,0,-0.7577324,0;
racing,killcuboid,-1,-2.076082,-3.84087,1946.749,9544.6315,7028.431,-0.6525654,0,-0.7577324,0;
racing,killcuboid,-1,-2.076082,-40,1447.918,9648.4362,7031.796,-0.920137,0,0.3915965,0;
racing,killcuboid,-1,-2.076082,-40,1447.918,9544.6315,7031.796,-0.920137,0,0.3915965,0;
racing,killcuboid,-1,-2.076082,-40,1711.241,9648.4362,6764.102,-0.920137,0,0.3915965,0;
racing,killcuboid,-1,-2.076082,-40,1711.241,9544.6315,6764.102,-0.920137,0,0.3915965,0;
racing,killcuboid,-1,-2.076082,-40,1972.098,9648.4362,7541.255,-0.920137,0,0.3915965,0;
racing,killcuboid,-1,-2.076082,-40,1972.098,9544.6315,7541.255,-0.920137,0,0.3915965,0;
racing,killcuboid,-1,-2.076082,-40,2165.112,9648.4362,6773.732,-0.9254445,0,-0.3788832,0;
racing,killcuboid,-1,-2.076082,-40,2165.112,9544.6315,6773.732,-0.9254445,0,-0.3788832,0;
racing,killcuboid,-1,-2.076082,-40,2214.559,9648.4362,6822.372,-0.9254445,0,-0.3788832,0;
racing,killcuboid,-1,-2.076082,-40,2214.559,9544.6315,6822.372,-0.9254445,0,-0.3788832,0;
racing,killcuboid,-1,-2.076082,-40,2235.42,9648.4362,7273.566,-0.920137,0,0.3915965,0;
racing,killcuboid,-1,-2.076082,-40,2235.42,9544.6315,7273.566,-0.920137,0,0.3915965,0;
racing,killcuboid,-1,12.4565,-3.84087,1701.391,9596.5338,7313.794,0,0.9965866,0,-0.0825539;
racing,killcuboid,-1,12.4565,-3.84087,1710.586,9596.5338,7348.953,0,0.9870375,0,-0.1604895;
racing,killcuboid,-1,12.4565,-3.84087,1724.382,9596.5338,7382.067,0,0.9714037,0,-0.2374341;
racing,killcuboid,-1,12.4565,-3.84087,1743.335,9596.5338,7411.495,0,0.9497801,0,-0.3129182;
racing,killcuboid,-1,12.4565,-3.84087,1767.076,9596.5338,7438.646,0,0.9219357,0,-0.387343;
racing,killcuboid,-1,12.4565,-3.84087,1964.713,9596.5338,7046.101,0,0.9965866,0,-0.0825539;
racing,killcuboid,-1,12.4565,-3.84087,1973.907,9596.5338,7081.26,0,0.9870375,0,-0.1604895;
racing,killcuboid,-1,12.4565,-3.84087,1987.704,9596.5338,7114.375,0,0.9714037,0,-0.2374341;
racing,killcuboid,-1,12.4565,-3.84087,2006.656,9596.5338,7143.801,0,0.9497801,0,-0.3129182;
racing,killcuboid,-1,12.4565,-3.84087,2030.396,9596.5338,7170.951,0,0.9219357,0,-0.387343;
racing,killcuboid,-1,2.076082,-3.84087,1701.391,9648.4362,7313.794,0,0.9965866,0,-0.0825539;
racing,killcuboid,-1,2.076082,-3.84087,1701.391,9544.6315,7313.794,0,0.9965866,0,-0.0825539;
racing,killcuboid,-1,2.076082,-3.84087,1710.586,9648.4362,7348.953,0,0.9870375,0,-0.1604895;
racing,killcuboid,-1,2.076082,-3.84087,1710.586,9544.6315,7348.953,0,0.9870375,0,-0.1604895;
racing,killcuboid,-1,2.076082,-3.84087,1724.382,9648.4362,7382.067,0,0.9714037,0,-0.2374341;
racing,killcuboid,-1,2.076082,-3.84087,1724.382,9544.6315,7382.067,0,0.9714037,0,-0.2374341;
racing,killcuboid,-1,2.076082,-3.84087,1743.335,9648.4362,7411.495,0,0.9497801,0,-0.3129182;
racing,killcuboid,-1,2.076082,-3.84087,1743.335,9544.6315,7411.495,0,0.9497801,0,-0.3129182;
racing,killcuboid,-1,2.076082,-3.84087,1767.076,9648.4362,7438.646,0,0.9219357,0,-0.387343;
racing,killcuboid,-1,2.076082,-3.84087,1767.076,9544.6315,7438.646,0,0.9219357,0,-0.387343;
racing,killcuboid,-1,2.076082,-3.84087,1964.713,9648.4362,7046.101,0,0.9965866,0,-0.0825539;
racing,killcuboid,-1,2.076082,-3.84087,1964.713,9544.6315,7046.101,0,0.9965866,0,-0.0825539;
racing,killcuboid,-1,2.076082,-3.84087,1973.907,9648.4362,7081.26,0,0.9870375,0,-0.1604895;
racing,killcuboid,-1,2.076082,-3.84087,1973.907,9544.6315,7081.26,0,0.9870375,0,-0.1604895;
racing,killcuboid,-1,2.076082,-3.84087,1987.704,9648.4362,7114.375,0,0.9714037,0,-0.2374341;
racing,killcuboid,-1,2.076082,-3.84087,1987.704,9544.6315,7114.375,0,0.9714037,0,-0.2374341;
racing,killcuboid,-1,2.076082,-3.84087,2006.656,9648.4362,7143.801,0,0.9497801,0,-0.3129182;
racing,killcuboid,-1,2.076082,-3.84087,2006.656,9544.6315,7143.801,0,0.9497801,0,-0.3129182;
racing,killcuboid,-1,2.076082,-3.84087,2030.396,9648.4362,7170.951,0,0.9219357,0,-0.387343;
racing,killcuboid,-1,2.076082,-3.84087,2030.396,9544.6315,7170.951,0,0.9219357,0,-0.387343;
racing,killcuboid,1,-12.4565,3.84087,1641.233,9596.5338,7374.951,-0.6525654,0,-0.7577324,0;
racing,killcuboid,1,-12.4565,3.84087,1676.538,9596.5338,7383.566,-0.5910999,0,-0.8065984,0;
racing,killcuboid,1,-12.4565,3.84087,1709.875,9596.5338,7396.817,-0.5259916,0,-0.8504898,0;
racing,killcuboid,1,-12.4565,3.84087,1739.61,9596.5338,7415.282,-0.4576431,0,-0.889136,0;
racing,killcuboid,1,-12.4565,3.84087,1904.554,9596.5338,7107.26,-0.6525654,0,-0.7577324,0;
racing,killcuboid,1,-12.4565,3.84087,1939.86,9596.5338,7115.875,-0.5910999,0,-0.8065984,0;
racing,killcuboid,1,-12.4565,3.84087,1973.196,9596.5338,7129.124,-0.5259916,0,-0.8504898,0;
racing,killcuboid,1,-12.4565,3.84087,2002.931,9596.5338,7147.589,-0.4576431,0,-0.889136,0;
racing,killcuboid,1,-2.076082,3.84087,1641.233,9648.4362,7374.951,-0.6525654,0,-0.7577324,0;
racing,killcuboid,1,-2.076082,3.84087,1641.233,9544.6315,7374.951,-0.6525654,0,-0.7577324,0;
racing,killcuboid,1,-2.076082,3.84087,1676.538,9648.4362,7383.566,-0.5910999,0,-0.8065984,0;
racing,killcuboid,1,-2.076082,3.84087,1676.538,9544.6315,7383.566,-0.5910999,0,-0.8065984,0;
racing,killcuboid,1,-2.076082,3.84087,1709.875,9648.4362,7396.817,-0.5259916,0,-0.8504898,0;
racing,killcuboid,1,-2.076082,3.84087,1709.875,9544.6315,7396.817,-0.5259916,0,-0.8504898,0;
racing,killcuboid,1,-2.076082,3.84087,1739.61,9648.4362,7415.282,-0.4576431,0,-0.889136,0;
racing,killcuboid,1,-2.076082,3.84087,1739.61,9544.6315,7415.282,-0.4576431,0,-0.889136,0;
racing,killcuboid,1,-2.076082,3.84087,1904.554,9648.4362,7107.26,-0.6525654,0,-0.7577324,0;
racing,killcuboid,1,-2.076082,3.84087,1904.554,9544.6315,7107.26,-0.6525654,0,-0.7577324,0;
racing,killcuboid,1,-2.076082,3.84087,1939.86,9648.4362,7115.875,-0.5910999,0,-0.8065984,0;
racing,killcuboid,1,-2.076082,3.84087,1939.86,9544.6315,7115.875,-0.5910999,0,-0.8065984,0;
racing,killcuboid,1,-2.076082,3.84087,1973.196,9648.4362,7129.124,-0.5259916,0,-0.8504898,0;
racing,killcuboid,1,-2.076082,3.84087,1973.196,9544.6315,7129.124,-0.5259916,0,-0.8504898,0;
racing,killcuboid,1,-2.076082,3.84087,2002.931,9648.4362,7147.589,-0.4576431,0,-0.889136,0;
racing,killcuboid,1,-2.076082,3.84087,2002.931,9544.6315,7147.589,-0.4576431,0,-0.889136,0;
racing,killcuboid,1,12.4565,3.84087,1557.583,9596.5338,7232.432,0,0.9219357,0,-0.387343;
racing,killcuboid,1,12.4565,3.84087,1581.325,9596.5338,7259.583,0,0.9497801,0,-0.3129182;
racing,killcuboid,1,12.4565,3.84087,1600.277,9596.5338,7289.009,0,0.9714037,0,-0.2374341;
racing,killcuboid,1,12.4565,3.84087,1614.073,9596.5338,7322.124,0,0.9870375,0,-0.1604895;
racing,killcuboid,1,12.4565,3.84087,1623.268,9596.5338,7357.28,0,0.9965866,0,-0.0825539;
racing,killcuboid,1,12.4565,3.84087,1820.904,9596.5338,6964.74,0,0.9219357,0,-0.387343;
racing,killcuboid,1,12.4565,3.84087,1844.647,9596.5338,6991.889,0,0.9497801,0,-0.3129182;
racing,killcuboid,1,12.4565,3.84087,1863.599,9596.5338,7021.316,0,0.9714037,0,-0.2374341;
racing,killcuboid,1,12.4565,3.84087,1877.395,9596.5338,7054.431,0,0.9870375,0,-0.1604895;
racing,killcuboid,1,12.4565,3.84087,1886.59,9596.5338,7089.588,0,0.9965866,0,-0.0825539;
racing,killcuboid,1,12.4565,30,1437.189,9596.5338,7114.004,0,0.9219357,0,-0.387343;
racing,killcuboid,1,12.4565,30,1700.51,9596.5338,6846.311,0,0.9219357,0,-0.387343;
racing,killcuboid,1,12.4565,30,1887.376,9596.5338,7556.834,0,0.9219357,0,-0.387343;
racing,killcuboid,1,12.4565,30,2150.696,9596.5338,7289.145,0,0.9219357,0,-0.387343;
racing,killcuboid,1,12.4565,40,1355.188,9596.5338,7126.066,0,0.3813385,0,0.9244355;

custom,killcuboid,PureMetal(Instance),1,12.4565,40,0,1,1,1,1,1,1372.292,9596.5338,7579.713,0,0.9254445,0,0.3788832;
custom,killcuboid,PureMetal(Instance),1,12.4565,40,0,1,1,1,1,1,1421.737,9596.5338,7628.356,0,0.9254445,0,0.3788832;

racing,killcuboid,1,12.4565,40,1618.509,9596.5338,6858.373,0,0.3813385,0,0.9244355;
racing,killcuboid,1,12.4565,40,1873.215,9596.5338,7641.787,0,0.3813385,0,0.9244355;
racing,killcuboid,1,12.4565,40,2136.536,9596.5338,7374.092,0,0.3813385,0,0.9244355;
racing,killcuboid,1,13,40,1085.73,9596.5269,7858.172,0,0.3765644,0,-0.9263905;
racing,killcuboid,1,13,40,1149.494,9596.5269,7920.731,0,0.3765644,0,-0.9263905;

custom,killcuboid,PureMetal(Instance),1,13,40,0,1,1,1,1,1,1366.497,9596.5269,8372.751,0,0.7172593,0,-0.6968064;
custom,killcuboid,PureMetal(Instance),1,13,40,0,1,1,1,1,1,1366.635,9596.5269,8444.849,0,0.6961465,0,-0.7178997;

custom,killcuboid,PureMetal(Instance),1,13,40,0,1,1,1,1,1,2438.274,9596.5268,6482.754,0,0.9248635,0,0.3802994;
custom,killcuboid,PureMetal(Instance),1,13,40,0,1,1,1,1,1,2501.645,9596.5268,6545.463,0,0.9248635,0,0.3802994;

racing,killcuboid,1,13,40,2968.014,9596.5268,6702.632,0,0.9999641,0,-0.0084769;
racing,killcuboid,1,13,40,3057.332,9596.5268,6701.456,0,0.9999641,0,-0.0084769;
racing,killcuboid,1,2.076082,3.84087,1557.583,9648.4362,7232.432,0,0.9219357,0,-0.387343;
racing,killcuboid,1,2.076082,3.84087,1557.583,9544.6315,7232.432,0,0.9219357,0,-0.387343;
racing,killcuboid,1,2.076082,3.84087,1581.325,9648.4362,7259.583,0,0.9497801,0,-0.3129182;
racing,killcuboid,1,2.076082,3.84087,1581.325,9544.6315,7259.583,0,0.9497801,0,-0.3129182;
racing,killcuboid,1,2.076082,3.84087,1600.277,9648.4362,7289.009,0,0.9714037,0,-0.2374341;
racing,killcuboid,1,2.076082,3.84087,1600.277,9544.6315,7289.009,0,0.9714037,0,-0.2374341;
racing,killcuboid,1,2.076082,3.84087,1614.073,9648.4362,7322.124,0,0.9870375,0,-0.1604895;
racing,killcuboid,1,2.076082,3.84087,1614.073,9544.6315,7322.124,0,0.9870375,0,-0.1604895;
racing,killcuboid,1,2.076082,3.84087,1623.268,9648.4362,7357.28,0,0.9965866,0,-0.0825539;
racing,killcuboid,1,2.076082,3.84087,1623.268,9544.6315,7357.28,0,0.9965866,0,-0.0825539;
racing,killcuboid,1,2.076082,3.84087,1820.904,9648.4362,6964.74,0,0.9219357,0,-0.387343;
racing,killcuboid,1,2.076082,3.84087,1820.904,9544.6315,6964.74,0,0.9219357,0,-0.387343;
racing,killcuboid,1,2.076082,3.84087,1844.647,9648.4362,6991.889,0,0.9497801,0,-0.3129182;
racing,killcuboid,1,2.076082,3.84087,1844.647,9544.6315,6991.889,0,0.9497801,0,-0.3129182;
racing,killcuboid,1,2.076082,3.84087,1863.599,9648.4362,7021.316,0,0.9714037,0,-0.2374341;
racing,killcuboid,1,2.076082,3.84087,1863.599,9544.6315,7021.316,0,0.9714037,0,-0.2374341;
racing,killcuboid,1,2.076082,3.84087,1877.395,9648.4362,7054.431,0,0.9870375,0,-0.1604895;
racing,killcuboid,1,2.076082,3.84087,1877.395,9544.6315,7054.431,0,0.9870375,0,-0.1604895;
racing,killcuboid,1,2.076082,3.84087,1886.59,9648.4362,7089.588,0,0.9965866,0,-0.0825539;
racing,killcuboid,1,2.076082,3.84087,1886.59,9544.6315,7089.588,0,0.9965866,0,-0.0825539;
racing,killcuboid,1,2.076082,40,1085.73,9648.4274,7858.172,0,0.3765644,0,-0.9263905;
racing,killcuboid,1,2.076082,40,1085.73,9544.6237,7858.172,0,0.3765644,0,-0.9263905;
racing,killcuboid,1,2.076082,40,1149.494,9648.4274,7920.731,0,0.3765644,0,-0.9263905;
racing,killcuboid,1,2.076082,40,1149.494,9544.6237,7920.731,0,0.3765644,0,-0.9263905;
racing,killcuboid,1,2.076082,40,1355.188,9648.4362,7126.066,0,0.3813385,0,0.9244355;
racing,killcuboid,1,2.076082,40,1355.188,9544.6315,7126.066,0,0.3813385,0,0.9244355;
racing,killcuboid,1,2.076082,40,1618.509,9648.4362,6858.373,0,0.3813385,0,0.9244355;
racing,killcuboid,1,2.076082,40,1618.509,9544.6315,6858.373,0,0.3813385,0,0.9244355;
racing,killcuboid,1,2.076082,40,1873.215,9648.4362,7641.787,0,0.3813385,0,0.9244355;
racing,killcuboid,1,2.076082,40,1873.215,9544.6315,7641.787,0,0.3813385,0,0.9244355;
racing,killcuboid,1,2.076082,40,2136.536,9648.4362,7374.092,0,0.3813385,0,0.9244355;
racing,killcuboid,1,2.076082,40,2136.536,9544.6315,7374.092,0,0.3813385,0,0.9244355;
racing,killcuboid,1,2.076082,40,2968.014,9648.4256,6702.632,0,0.9999641,0,-0.0084769;
racing,killcuboid,1,2.076082,40,2968.014,9544.6237,6702.632,0,0.9999641,0,-0.0084769;
racing,killcuboid,1,2.076082,40,3057.332,9648.4256,6701.456,0,0.9999641,0,-0.0084769;
racing,killcuboid,1,2.076082,40,3057.332,9544.6237,6701.456,0,0.9999641,0,-0.0084769;


custom,killcuboid,PureMetal(Instance),128.2021,0.3999997,180.6293,0,1,1,1,1,1,2620.885,9655.0083,6116.341,0,0.9999839,0,-0.0056731;
custom,killcuboid,PureMetal(Instance),128.2021,0.3999997,180.6293,0,1,1,1,1,1,2620.885,9532.6225,6026.035,0,0.9999839,0,-0.0056731;
custom,killcuboid,PureMetal(Instance),128.2021,0.3999997,180.6293,0,1,1,1,1,1,1923.648,9534.966,6575.625,0,0.9949725,0,0.1001487;
custom,killcuboid,PureMetal(Instance),128.2021,0.3999997,180.6293,0,1,1,1,1,1,1923.648,9657.3519,6575.625,0,0.9949725,0,0.1001487;
custom,killcuboid,PureMetal(Instance),176.8629,0.3999997,180.6293,0,1,1,1,1,1,1298.259,9533.7571,7694.449,0,0.9243403,0,0.3815692;
custom,killcuboid,PureMetal(Instance),176.8629,0.3999997,180.6293,0,1,1,1,1,1,1298.259,9660.784,7694.449,0,0.9243403,0,0.3815692;


racing,killcuboid,1.2,12.5565,14.2,1258.963,9596.5338,6938.689,0,0.9254445,0,0.3788832;
racing,killcuboid,1.2,12.5565,14.2,2064.434,9596.5338,7731.003,0,0.9254445,0,0.3788832;
racing,killcuboid,1.2,12.5565,14.2,1522.285,9596.5338,6670.996,0,0.9254445,0,0.3788832;
racing,killcuboid,1.2,12.5565,14.2,2327.754,9596.5338,7463.312,0,0.9254445,0,0.3788832;


custom,Cuboid,stone5,10,6.134579,0.9,1,1,1,1,1.666667,1.02243,2628.393,9630.4049,6972.402,0,0.7265105,0,0.6871554;
racing,killCuboid,10,6.234579,1,2628.424,9630.4049,6972.903,0,0.7265105,0,0.6871554;
custom,Cuboid,stone5,0.9,6.134579,34.84697,1,1,1,1,5.825,1.02243,2808.271,9626.5392,6961.126,0,0.7265105,0,0.6871554;
racing,killCuboid,1,6.234579,35,2808.02,9626.5392,6961.139,0,0.7265105,0,0.6871554;
custom,Cuboid,stone5,4.384276,6.134579,0.9,1,1,1,1,1.666667,1.02243,2976.243,9626.5392,6924.582,0,0.7265105,0,0.6871554;
racing,killCuboid,4.384276,6.234579,1,2976.251,9626.5392,6924.802,0,0.7265105,0,0.6871554;
custom,Cuboid,stone5,10,6.134579,0.9,1,1,1,1,1.666667,1.02243,3057.606,9626.5392,6946.73,0,0.7265105,0,0.6871554;
racing,killCuboid,10,6.234579,1,3057.637,9626.5392,6947.231,0,0.7265105,0,0.6871554;


custom,killcuboid,PureMetal(Instance),1,12,100,0,1,1,1,1,1,1222.379,9599.1125,8637.152,0,0.5473808,0,0.8368837;
custom,killcuboid,PureMetal(Instance),1,12,100,0,1,1,1,1,1,1416.65,9599.1125,8783.143,0,0.9171763,0,0.3984817;
custom,killcuboid,PureMetal(Instance),1,12,335.0002,0,1,1,1,1,1,844.1744,9599.1125,7557.411,0,0.9990756,0,0.0429891;
custom,killcuboid,PureMetal(Instance),1,12,100,0,1,1,1,1,1,1940.141,9599.1125,8035.798,0,0.9171763,0,0.3984817;
custom,killcuboid,PureMetal(Instance),1,12,120.5942,0,1,1,1,1,1,2375.19,9599.1125,7452.696,0,0.995423,0,0.0955673;
custom,killcuboid,PureMetal(Instance),1,12,335.0002,0,1,1,1,1,1,2054.306,9599.1125,6009.374,0,0.9228427,0,0.3851771;
custom,killcuboid,PureMetal(Instance),1,12,335.0002,0,1,1,1,1,1,2114.438,9599.1125,5773.186,0,0.5809373,0,0.8139484;
custom,killcuboid,PureMetal(Instance),1,12,40.35557,0,1,1,1,1,1,2682.046,9599.1125,6902.18,0,0.6195258,0,0.7849763;
custom,killcuboid,PureMetal(Instance),1,12,335.0002,0,1,1,1,1,1,3247.326,9599.1125,5292.103,0,0.9985567,0,0.0537095;

//end;

custom,cuboid,rock1,2,1,2,1,0.05,0.05,0.05,0.025,0.025,4990.947,9545.3494,8338.968,0,0.7142906,0,0.6998494;
custom,cuboid,rock1,2,1,2,0,1,1,1,0.0125,0.0125,4990.534,9545.3494,8318.969,0,0.7142906,0,0.6998494;
custom,cuboid,rock1,2,1,2,1,0.05,0.05,0.05,0.025,0.025,4990.129,9545.3494,8298.97,0,0.7142906,0,0.6998494;
custom,cuboid,rock1,2,1,2,0,1,1,1,0.0125,0.0125,4989.719,9545.3494,8278.969,0,0.7142906,0,0.6998494;
custom,cuboid,rock1,2,1,2,1,0.05,0.05,0.05,0.025,0.025,4989.308,9545.3494,8258.974,0,0.7142906,0,0.6998494;
custom,cuboid,rock1,2,1,2,0,1,1,1,0.0125,0.0125,4988.9,9545.3494,8238.986,0,0.7142906,0,0.6998494;
custom,cuboid,rock1,2,1,2,1,0.05,0.05,0.05,0.025,0.025,4988.489,9545.3494,8218.993,0,0.7142906,0,0.6998494;
custom,cuboid,rock1,2,1,2,0,1,1,1,0.0125,0.0125,4988.084,9545.3494,8198.994,0,0.7142906,0,0.6998494;
custom,cuboid,rock1,2,1,2,1,0.05,0.05,0.05,0.025,0.025,4987.673,9545.3494,8178.996,0,0.7142906,0,0.6998494;
custom,cuboid,rock1,2,1,2,0,1,1,1,0.0125,0.0125,4991.352,9545.3494,8358.955,0,0.7142906,0,0.6998494;
custom,cuboid,rock1,2,1,2,1,0.05,0.05,0.05,0.025,0.025,4991.764,9545.3494,8378.957,0,0.7142906,0,0.6998494;
custom,cuboid,rock1,2,1,2,0,1,1,1,0.0125,0.0125,4992.174,9545.3494,8398.952,0,0.7142906,0,0.6998494;
custom,cuboid,rock1,2,1,2,1,0.05,0.05,0.05,0.025,0.025,4992.582,9545.3494,8418.945,0,0.7142906,0,0.6998494;
custom,cuboid,rock1,2,1,2,0,1,1,1,0.0125,0.0125,4992.991,9545.3494,8438.941,0,0.7142906,0,0.6998494;
custom,cuboid,rock1,2,1,2,1,0.05,0.05,0.05,0.025,0.025,4993.397,9545.3494,8458.937,0,0.7142906,0,0.6998494;
custom,cuboid,rock1,2,1,2,0,1,1,1,0.0125,0.0125,4993.809,9545.3494,8478.932,0,0.7142906,0,0.6998494;
custom,cuboid,rock1,2,1,2,1,0.05,0.05,0.05,0.025,0.025,4994.216,9545.3494,8498.932,0,0.7142906,0,0.6998494;
custom,cuboid,rock1,2,1,2,0,1,1,1,0.0125,0.0125,4994.63,9545.3494,8518.928,0,0.7142906,0,0.6998494;
custom,cuboid,rock1,2,1,2,1,0.05,0.05,0.05,0.025,0.025,4995.035,9545.3494,8538.924,0,0.7142906,0,0.6998494;
custom,cuboid,rock1,2,1,2,1,0.05,0.05,0.05,0.025,0.025,5010.535,9545.3494,8318.553,0,0.7142906,0,0.6998494;
custom,cuboid,rock1,2,1,2,0,1,1,1,0.0125,0.0125,5010.126,9545.3494,8298.556,0,0.7142906,0,0.6998494;
custom,cuboid,rock1,2,1,2,1,0.05,0.05,0.05,0.025,0.025,5009.711,9545.3494,8278.573,0,0.7142906,0,0.6998494;
custom,cuboid,rock1,2,1,2,0,1,1,1,0.0125,0.0125,5009.305,9545.3494,8258.575,0,0.7142906,0,0.6998494;
custom,cuboid,rock1,2,1,2,1,0.05,0.05,0.05,0.025,0.025,5008.895,9545.3494,8238.577,0,0.7142906,0,0.6998494;
custom,cuboid,rock1,2,1,2,0,1,1,1,0.0125,0.0125,5008.489,9545.3494,8218.578,0,0.7142906,0,0.6998494;
custom,cuboid,rock1,2,1,2,1,0.05,0.05,0.05,0.025,0.025,5008.074,9545.3494,8198.581,0,0.7142906,0,0.6998494;
custom,cuboid,rock1,2,1,2,0,1,1,1,0.0125,0.0125,5007.668,9545.3494,8178.587,0,0.7142906,0,0.6998494;
custom,cuboid,rock1,2,1,2,0,1,1,1,0.0125,0.0125,5015.032,9545.3494,8538.51,0,0.7142906,0,0.6998494;
custom,cuboid,rock1,2,1,2,0,1,1,1,0.0125,0.0125,5010.941,9545.3494,8338.551,0,0.7142906,0,0.6998494;
custom,cuboid,rock1,2,1,2,1,0.05,0.05,0.05,0.025,0.025,5011.351,9545.3494,8358.551,0,0.7142906,0,0.6998494;
custom,cuboid,rock1,2,1,2,0,1,1,1,0.0125,0.0125,5011.755,9545.3494,8378.55,0,0.7142906,0,0.6998494;
custom,cuboid,rock1,2,1,2,1,0.05,0.05,0.05,0.025,0.025,5012.167,9545.3494,8398.545,0,0.7142906,0,0.6998494;
custom,cuboid,rock1,2,1,2,0,1,1,1,0.0125,0.0125,5012.575,9545.3494,8418.541,0,0.7142906,0,0.6998494;
custom,cuboid,rock1,2,1,2,1,0.05,0.05,0.05,0.025,0.025,5012.99,9545.3494,8438.534,0,0.7142906,0,0.6998494;
custom,cuboid,rock1,2,1,2,0,1,1,1,0.0125,0.0125,5013.396,9545.3494,8458.528,0,0.7142906,0,0.6998494;
custom,cuboid,rock1,2,1,2,1,0.05,0.05,0.05,0.025,0.025,5013.808,9545.3494,8478.525,0,0.7142906,0,0.6998494;
custom,cuboid,rock1,2,1,2,0,1,1,1,0.0125,0.0125,5014.212,9545.3494,8498.521,0,0.7142906,0,0.6998494;
custom,cuboid,rock1,2,1,2,1,0.05,0.05,0.05,0.025,0.025,5014.62,9545.3494,8518.515,0,0.7142906,0,0.6998494;
custom,cuboid,rock1,2,1,2,1,0.05,0.05,0.05,0.025,0.025,5030.933,9545.3494,8338.135,0,0.7142906,0,0.6998494;
custom,cuboid,rock1,2,1,2,0,1,1,1,0.0125,0.0125,5030.528,9545.3494,8318.157,0,0.7142906,0,0.6998494;
custom,cuboid,rock1,2,1,2,1,0.05,0.05,0.05,0.025,0.025,5030.116,9545.3494,8298.157,0,0.7142906,0,0.6998494;
custom,cuboid,rock1,2,1,2,0,1,1,1,0.0125,0.0125,5029.71,9545.3494,8278.16,0,0.7142906,0,0.6998494;
custom,cuboid,rock1,2,1,2,1,0.05,0.05,0.05,0.025,0.025,5029.299,9545.3494,8258.161,0,0.7142906,0,0.6998494;
custom,cuboid,rock1,2,1,2,0,1,1,1,0.0125,0.0125,5028.89,9545.3494,8238.163,0,0.7142906,0,0.6998494;
custom,cuboid,rock1,2,1,2,1,0.05,0.05,0.05,0.025,0.025,5028.485,9545.3494,8218.169,0,0.7142906,0,0.6998494;
custom,cuboid,rock1,2,1,2,0,1,1,1,0.0125,0.0125,5028.071,9545.3494,8198.175,0,0.7142906,0,0.6998494;
custom,cuboid,rock1,2,1,2,1,0.05,0.05,0.05,0.025,0.025,5027.667,9545.3494,8178.178,0,0.7142906,0,0.6998494;
custom,cuboid,rock1,2,1,2,0,1,1,1,0.0125,0.0125,5031.35,9545.3494,8358.134,0,0.7142906,0,0.6998494;
custom,cuboid,rock1,2,1,2,1,0.05,0.05,0.05,0.025,0.025,5031.755,9545.3494,8378.134,0,0.7142906,0,0.6998494;
custom,cuboid,rock1,2,1,2,0,1,1,1,0.0125,0.0125,5032.167,9545.3494,8398.132,0,0.7142906,0,0.6998494;
custom,cuboid,rock1,2,1,2,1,0.05,0.05,0.05,0.025,0.025,5032.572,9545.3494,8418.133,0,0.7142906,0,0.6998494;
custom,cuboid,rock1,2,1,2,0,1,1,1,0.0125,0.0125,5032.976,9545.3494,8438.129,0,0.7142906,0,0.6998494;
custom,cuboid,rock1,2,1,2,1,0.05,0.05,0.05,0.025,0.025,5033.394,9545.3494,8458.119,0,0.7142906,0,0.6998494;
custom,cuboid,rock1,2,1,2,0,1,1,1,0.0125,0.0125,5033.797,9545.3494,8478.117,0,0.7142906,0,0.6998494;
custom,cuboid,rock1,2,1,2,1,0.05,0.05,0.05,0.025,0.025,5034.212,9545.3494,8498.113,0,0.7142906,0,0.6998494;
custom,cuboid,rock1,2,1,2,0,1,1,1,0.0125,0.0125,5034.616,9545.3494,8518.108,0,0.7142906,0,0.6998494;
custom,cuboid,rock1,2,1,2,1,0.05,0.05,0.05,0.025,0.025,5035.029,9545.3494,8538.103,0,0.7142906,0,0.6998494;
custom,cuboid,rock1,2,1,2,1,0.05,0.05,0.05,0.025,0.025,5050.526,9545.3494,8317.74,0,0.7142906,0,0.6998494;
custom,cuboid,rock1,2,1,2,0,1,1,1,0.0125,0.0125,5050.115,9545.3494,8297.742,0,0.7142906,0,0.6998494;
custom,cuboid,rock1,2,1,2,1,0.05,0.05,0.05,0.025,0.025,5049.71,9545.3494,8277.747,0,0.7142906,0,0.6998494;
custom,cuboid,rock1,2,1,2,0,1,1,1,0.0125,0.0125,5049.293,9545.3494,8257.754,0,0.7142906,0,0.6998494;
custom,cuboid,rock1,2,1,2,1,0.05,0.05,0.05,0.025,0.025,5048.887,9545.3494,8237.756,0,0.7142906,0,0.6998494;
custom,cuboid,rock1,2,1,2,0,1,1,1,0.0125,0.0125,5048.475,9545.3494,8217.761,0,0.7142906,0,0.6998494;
custom,cuboid,rock1,2,1,2,1,0.05,0.05,0.05,0.025,0.025,5048.072,9545.3494,8197.764,0,0.7142906,0,0.6998494;
custom,cuboid,rock1,2,1,2,0,1,1,1,0.0125,0.0125,5047.659,9545.3494,8177.77,0,0.7142906,0,0.6998494;
custom,cuboid,rock1,2,1,2,0,1,1,1,0.0125,0.0125,5055.02,9545.3494,8537.693,0,0.7142906,0,0.6998494;
custom,cuboid,rock1,2,1,2,0,1,1,1,0.0125,0.0125,5050.933,9545.3494,8337.741,0,0.7142906,0,0.6998494;
custom,cuboid,rock1,2,1,2,1,0.05,0.05,0.05,0.025,0.025,5051.337,9545.3494,8357.74,0,0.7142906,0,0.6998494;
custom,cuboid,rock1,2,1,2,0,1,1,1,0.0125,0.0125,5051.748,9545.3494,8377.731,0,0.7142906,0,0.6998494;
custom,cuboid,rock1,2,1,2,1,0.05,0.05,0.05,0.025,0.025,5052.157,9545.3494,8397.718,0,0.7142906,0,0.6998494;
custom,cuboid,rock1,2,1,2,0,1,1,1,0.0125,0.0125,5052.572,9545.3494,8417.716,0,0.7142906,0,0.6998494;
custom,cuboid,rock1,2,1,2,1,0.05,0.05,0.05,0.025,0.025,5052.976,9545.3494,8437.714,0,0.7142906,0,0.6998494;
custom,cuboid,rock1,2,1,2,0,1,1,1,0.0125,0.0125,5053.389,9545.3494,8457.714,0,0.7142906,0,0.6998494;
custom,cuboid,rock1,2,1,2,1,0.05,0.05,0.05,0.025,0.025,5053.794,9545.3494,8477.712,0,0.7142906,0,0.6998494;
custom,cuboid,rock1,2,1,2,0,1,1,1,0.0125,0.0125,5054.208,9545.3494,8497.703,0,0.7142906,0,0.6998494;
custom,cuboid,rock1,2,1,2,1,0.05,0.05,0.05,0.025,0.025,5054.613,9545.3494,8517.698,0,0.7142906,0,0.6998494;
custom,cuboid,rock1,2,1,2,1,0.05,0.05,0.05,0.025,0.025,5070.932,9545.3494,8337.324,0,0.7142906,0,0.6998494;
custom,cuboid,rock1,2,1,2,0,1,1,1,0.0125,0.0125,5070.519,9545.3494,8317.329,0,0.7142906,0,0.6998494;
custom,cuboid,rock1,2,1,2,1,0.05,0.05,0.05,0.025,0.025,5070.111,9545.3494,8297.335,0,0.7142906,0,0.6998494;
custom,cuboid,rock1,2,1,2,0,1,1,1,0.0125,0.0125,5069.7,9545.3494,8277.338,0,0.7142906,0,0.6998494;
custom,cuboid,rock1,2,1,2,1,0.05,0.05,0.05,0.025,0.025,5069.292,9545.3494,8257.343,0,0.7142906,0,0.6998494;
custom,cuboid,rock1,2,1,2,0,1,1,1,0.0125,0.0125,5068.885,9545.3494,8237.349,0,0.7142906,0,0.6998494;
custom,cuboid,rock1,2,1,2,1,0.05,0.05,0.05,0.025,0.025,5068.476,9545.3494,8217.354,0,0.7142906,0,0.6998494;
custom,cuboid,rock1,2,1,2,0,1,1,1,0.0125,0.0125,5068.067,9545.3494,8197.36,0,0.7142906,0,0.6998494;
custom,cuboid,rock1,2,1,2,1,0.05,0.05,0.05,0.025,0.025,5067.653,9545.3494,8177.361,0,0.7142906,0,0.6998494;
custom,cuboid,rock1,2,1,2,0,1,1,1,0.0125,0.0125,5071.337,9545.3494,8357.324,0,0.7142906,0,0.6998494;
custom,cuboid,rock1,2,1,2,1,0.05,0.05,0.05,0.025,0.025,5071.749,9545.3494,8377.322,0,0.7142906,0,0.6998494;
custom,cuboid,rock1,2,1,2,0,1,1,1,0.0125,0.0125,5072.153,9545.3494,8397.323,0,0.7142906,0,0.6998494;
custom,cuboid,rock1,2,1,2,1,0.05,0.05,0.05,0.025,0.025,5072.562,9545.3494,8417.315,0,0.7142906,0,0.6998494;
custom,cuboid,rock1,2,1,2,0,1,1,1,0.0125,0.0125,5072.975,9545.3494,8437.301,0,0.7142906,0,0.6998494;
custom,cuboid,rock1,2,1,2,1,0.05,0.05,0.05,0.025,0.025,5073.382,9545.3494,8457.299,0,0.7142906,0,0.6998494;
custom,cuboid,rock1,2,1,2,0,1,1,1,0.0125,0.0125,5073.794,9545.3494,8477.299,0,0.7142906,0,0.6998494;
custom,cuboid,rock1,2,1,2,1,0.05,0.05,0.05,0.025,0.025,5074.198,9545.3494,8497.297,0,0.7142906,0,0.6998494;
custom,cuboid,rock1,2,1,2,0,1,1,1,0.0125,0.0125,5074.611,9545.3494,8517.293,0,0.7142906,0,0.6998494;
custom,cuboid,rock1,2,1,2,1,0.05,0.05,0.05,0.025,0.025,5075.019,9545.3494,8537.287,0,0.7142906,0,0.6998494;
custom,cuboid,rock1,2,1,2,1,0.05,0.05,0.05,0.025,0.025,5090.514,9545.3494,8316.918,0,0.7142906,0,0.6998494;
custom,cuboid,rock1,2,1,2,0,1,1,1,0.0125,0.0125,5090.107,9545.3494,8296.928,0,0.7142906,0,0.6998494;
custom,cuboid,rock1,2,1,2,1,0.05,0.05,0.05,0.025,0.025,5089.698,9545.3494,8276.932,0,0.7142906,0,0.6998494;
custom,cuboid,rock1,2,1,2,0,1,1,1,0.0125,0.0125,5089.293,9545.3494,8256.938,0,0.7142906,0,0.6998494;
custom,cuboid,rock1,2,1,2,1,0.05,0.05,0.05,0.025,0.025,5088.875,9545.3494,8236.944,0,0.7142906,0,0.6998494;
custom,cuboid,rock1,2,1,2,0,1,1,1,0.0125,0.0125,5088.47,9545.3494,8216.943,0,0.7142906,0,0.6998494;
custom,cuboid,rock1,2,1,2,1,0.05,0.05,0.05,0.025,0.025,5088.06,9545.3494,8196.944,0,0.7142906,0,0.6998494;
custom,cuboid,rock1,2,1,2,0,1,1,1,0.0125,0.0125,5087.654,9545.3494,8176.95,0,0.7142906,0,0.6998494;
custom,cuboid,rock1,2,1,2,0,1,1,1,0.0125,0.0125,5095.015,9545.3494,8536.878,0,0.7142906,0,0.6998494;
custom,cuboid,rock1,2,1,2,0,1,1,1,0.0125,0.0125,5090.923,9545.3494,8336.917,0,0.7142906,0,0.6998494;
custom,cuboid,rock1,2,1,2,1,0.05,0.05,0.05,0.025,0.025,5091.333,9545.3494,8356.918,0,0.7142906,0,0.6998494;
custom,cuboid,rock1,2,1,2,0,1,1,1,0.0125,0.0125,5091.741,9545.3494,8376.907,0,0.7142906,0,0.6998494;
custom,cuboid,rock1,2,1,2,1,0.05,0.05,0.05,0.025,0.025,5092.154,9545.3494,8396.905,0,0.7142906,0,0.6998494;
custom,cuboid,rock1,2,1,2,0,1,1,1,0.0125,0.0125,5092.559,9545.3494,8416.904,0,0.7142906,0,0.6998494;
custom,cuboid,rock1,2,1,2,1,0.05,0.05,0.05,0.025,0.025,5092.969,9545.3494,8436.904,0,0.7142906,0,0.6998494;
custom,cuboid,rock1,2,1,2,0,1,1,1,0.0125,0.0125,5093.377,9545.3494,8456.899,0,0.7142906,0,0.6998494;
custom,cuboid,rock1,2,1,2,1,0.05,0.05,0.05,0.025,0.025,5093.79,9545.3494,8476.889,0,0.7142906,0,0.6998494;
custom,cuboid,rock1,2,1,2,0,1,1,1,0.0125,0.0125,5094.197,9545.3494,8496.881,0,0.7142906,0,0.6998494;
custom,cuboid,rock1,2,1,2,1,0.05,0.05,0.05,0.025,0.025,5094.605,9545.3494,8516.878,0,0.7142906,0,0.6998494;
custom,cuboid,rock1,2,1,2,1,0.05,0.05,0.05,0.025,0.025,5110.919,9545.3494,8336.515,0,0.7142906,0,0.6998494;
custom,cuboid,rock1,2,1,2,0,1,1,1,0.0125,0.0125,5110.513,9545.3494,8316.517,0,0.7142906,0,0.6998494;
custom,cuboid,rock1,2,1,2,1,0.05,0.05,0.05,0.025,0.025,5110.102,9545.3494,8296.52,0,0.7142906,0,0.6998494;
custom,cuboid,rock1,2,1,2,0,1,1,1,0.0125,0.0125,5109.694,9545.3494,8276.526,0,0.7142906,0,0.6998494;
custom,cuboid,rock1,2,1,2,1,0.05,0.05,0.05,0.025,0.025,5109.282,9545.3494,8256.526,0,0.7142906,0,0.6998494;
custom,cuboid,rock1,2,1,2,0,1,1,1,0.0125,0.0125,5108.873,9545.3494,8236.528,0,0.7142906,0,0.6998494;
custom,cuboid,rock1,2,1,2,1,0.05,0.05,0.05,0.025,0.025,5108.466,9545.3494,8216.53,0,0.7142906,0,0.6998494;
custom,cuboid,rock1,2,1,2,0,1,1,1,0.0125,0.0125,5108.057,9545.3494,8196.537,0,0.7142906,0,0.6998494;
custom,cuboid,rock1,2,1,2,1,0.05,0.05,0.05,0.025,0.025,5107.648,9545.3494,8176.544,0,0.7142906,0,0.6998494;
custom,cuboid,rock1,2,1,2,0,1,1,1,0.0125,0.0125,5111.329,9545.3494,8356.499,0,0.7142906,0,0.6998494;
custom,cuboid,rock1,2,1,2,1,0.05,0.05,0.05,0.025,0.025,5111.735,9545.3494,8376.5,0,0.7142906,0,0.6998494;
custom,cuboid,rock1,2,1,2,0,1,1,1,0.0125,0.0125,5112.146,9545.3494,8396.501,0,0.7142906,0,0.6998494;
custom,cuboid,rock1,2,1,2,1,0.05,0.05,0.05,0.025,0.025,5112.555,9545.3494,8416.49,0,0.7142906,0,0.6998494;
custom,cuboid,rock1,2,1,2,0,1,1,1,0.0125,0.0125,5112.965,9545.3494,8436.487,0,0.7142906,0,0.6998494;
custom,cuboid,rock1,2,1,2,1,0.05,0.05,0.05,0.025,0.025,5113.375,9545.3494,8456.487,0,0.7142906,0,0.6998494;
custom,cuboid,rock1,2,1,2,0,1,1,1,0.0125,0.0125,5113.782,9545.3494,8476.486,0,0.7142906,0,0.6998494;
custom,cuboid,rock1,2,1,2,1,0.05,0.05,0.05,0.025,0.025,5114.192,9545.3494,8496.478,0,0.7142906,0,0.6998494;
custom,cuboid,rock1,2,1,2,0,1,1,1,0.0125,0.0125,5114.601,9545.3494,8516.472,0,0.7142906,0,0.6998494;
custom,cuboid,rock1,2,1,2,1,0.05,0.05,0.05,0.025,0.025,5115.008,9545.3494,8536.467,0,0.7142906,0,0.6998494;
custom,cuboid,stone4,41,1,16,0,1,1,1,0.08,0.01,5061.337,9615.3494,8357.521,0,0.7142906,0,0.6998494;
custom,cuboid,wood4,41,4,3,0,1,1,1,0.5,0.05,5136.325,9560.3494,8355.997,0,0.7142906,0,0.6998494;
custom,killcuboid,wood4,41,3,1,0,1,1,1,0.625,0.05,4976.357,9565.3494,8359.263,0,0.7142906,0,0.6998494;
custom,cuboid,stone4,41,3,3,0,1,1,1,0.08,0.01,5136.325,9595.3494,8355.997,0,0.7142906,0,0.6998494;
custom,cuboid,stone4,41,3,1,0,1,1,1,0.08,0.01,4976.357,9595.3494,8359.263,0,0.7142906,0,0.6998494;
custom,cuboid,wood4,16,3,1,0,1,1,1,0.25,0.05,5057.35,9565.3494,8162.568,0,0.999948,0,-0.0102027;
custom,cuboid,wood4,16,3,1,0,1,1,1,0.25,0.05,5065.327,9565.3494,8552.487,0,0.999948,0,-0.0102027;
custom,cuboid,stone4,16,3,1,0,1,1,1,0.0875,0.01,5057.35,9595.3494,8162.568,0,0.999948,0,-0.0102027;
custom,cuboid,stone4,16,3,1,0,1,1,1,0.0875,0.01,5065.327,9595.3494,8552.487,0,0.999948,0,-0.0102027;
custom,killcuboid,PureMetal(Instance),18.9,3,0.9,0,1,1,1,1,1,4974.105,9565.3494,8249.288,0,0.7142906,0,0.6998494;
custom,killcuboid,PureMetal(Instance),18.9,3,0.9,0,1,1,1,1,1,4978.606,9565.3494,8469.239,0,0.7142906,0,0.6998494;
custom,killcuboid,PureMetal(Instance),3.1,1,0.9,0,1,1,1,1,1,4976.357,9575.3494,8359.263,0,0.7142906,0,0.6998494;
custom,killcuboid,PureMetal(Instance),3.1,1,0.9,0,1,1,1,1,1,4976.357,9545.3494,8359.263,0,0.7142906,0,0.6998494;
custom,cuboid,empty,0.6117203,0.122344,0.1223441,1,0.1,0.1,0.1,0,0,5013.716,9552.3118,8246.562,0,0.9324587,0,-0.3612767;
custom,sphere,empty,0.183516,0.183516,0.183516,1,0.1,0.1,0.1,0,0,5011.909,9551.3942,8248.208,-0.6468674,0.6468674,-0.2855916,0.2855916;
custom,cuboid,empty,0.6117203,0.122344,0.1223441,1,0.1,0.1,0.1,0,0,5017.237,9552.3118,8247.292,0,0.5420257,0,-0.840362;
custom,sphere,empty,0.183516,0.183516,0.183516,1,0.1,0.1,0.1,0,0,5018.245,9551.3942,8249.521,-0.6911932,0.6911932,0.1491714,-0.1491714;
custom,cuboid,empty,0.6117203,0.122344,0.1223441,1,0.1,0.1,0.1,0,0,5019.013,9552.3118,8244.166,0,-0.0554451,0,-0.9984617;
custom,sphere,empty,0.183516,0.183516,0.183516,1,0.1,0.1,0.1,0,0,5021.447,9551.3942,8243.89,-0.4715081,0.4715081,0.5269536,-0.5269536;
custom,cuboid,empty,0.6117203,0.122344,0.1223441,1,0.1,0.1,0.1,0,0,5016.591,9552.3118,8241.514,0,-0.6317441,0,-0.7751771;
custom,sphere,empty,0.183516,0.183516,0.183516,1,0.1,0.1,0.1,0,0,5017.085,9551.3942,8239.114,-0.0717181,0.0717181,0.7034604,-0.7034604;
custom,cuboid,empty,0.6117203,0.122344,0.1223441,1,0.1,0.1,0.1,0,0,5013.318,9552.3118,8242.994,0,-0.9667283,0,-0.2558058;
custom,sphere,empty,0.183516,0.183516,0.183516,1,0.1,0.1,0.1,0,0,5011.192,9551.3942,8241.785,0.3554588,-0.3554588,0.6112685,-0.6112685;
custom,cylinder,empty,0.1389916,0.2779828,0.1389916,1,0.9,0.9,0.9,0,0,5015.976,9554.4591,8244.5,0,0.9324587,0,-0.3612767;
custom,cuboid,empty,0.9868405,0.0694957,0.9868405,1,0.1,0.1,0.1,0,0,5015.976,9557.2389,8244.5,0,0.9324587,0,-0.3612767;
custom,cuboid,empty,0.9729411,0.0694957,0.9729411,1,0.1,0.1,0.1,0,0,5015.976,9557.934,8244.5,0,0.9324587,0,-0.3612767;
custom,cylinder,empty,0.1389916,0.486471,0.1389916,1,0.1,0.1,0.1,0,0,5019.59,9557.5863,8241.254,0.2879876,-0.2879876,-0.6458043,0.6458043;
custom,cuboid,empty,0.8686968,0.0694957,0.1389916,1,0.1,0.1,0.1,0,0,5021.11,9560.0188,8247.344,0,0.9324587,0,-0.3612767;
custom,cuboid,empty,0.8686968,0.0694957,0.1389916,1,0.1,0.1,0.1,0,0,5013.618,9560.0188,8239.127,0,0.9324587,0,-0.3612767;
custom,cuboid,empty,0.2779832,0.0694957,0.0689916,1,0.9,0.9,0.9,0,0,5020.236,9558.6289,8248.147,-0.7143059,0.5993727,0.2767527,-0.2322228;
custom,cuboid,empty,0.2779832,0.0694957,0.0689916,1,0.9,0.9,0.9,0,0,5012.744,9558.6289,8239.933,-0.7143059,0.5993727,0.2767527,-0.2322228;
custom,cylinder,empty,0.1389916,0.486471,0.1389916,1,0.1,0.1,0.1,0,0,5012.356,9557.5863,8247.755,0.2879876,-0.2879876,-0.6458043,0.6458043;
custom,cylinder,empty,0.1389916,0.486471,0.1389916,1,0.1,0.1,0.1,0,0,5019.238,9557.5863,8248.109,-0.2542438,0.2542438,-0.6598183,0.6598183;
custom,cylinder,empty,0.1389916,0.486471,0.1389916,1,0.1,0.1,0.1,0,0,5012.711,9557.5863,8240.904,-0.2542438,0.2542438,-0.6598183,0.6598183;
custom,capsule,empty,0.3462103,0.6026599,0.1713144,1,0.9,0.9,0.9,0.01,0.1,5020.872,9563.5901,8240.192,0.091525,0.3904482,0.0390445,-0.9152317;
custom,capsule,empty,1.038632,0.6026599,0.2639226,1,0.1,0.1,0.1,0.1,0.1,5020.63,9565.5989,8240.444,0.091525,0.3904482,0.0390445,-0.9152317;
custom,sphere,empty,0.1278971,0.1278971,0.1278971,1,0.1,0.1,0.1,0.1,0.1,5009.099,9557.4885,8244.164,0,-0.6904846,0,-0.7233471;
custom,sphere,empty,0.1278971,0.1278971,0.1278971,1,0.1,0.1,0.1,0.1,0.1,5015.794,9557.4885,8251.493,0,-0.6904846,0,-0.7233471;
custom,sphere,empty,0.1278971,0.1278971,0.1278971,1,0.1,0.1,0.1,0.1,0.1,5023.057,9557.4885,8244.875,0,-0.6904846,0,-0.7233471;
custom,sphere,empty,0.1278971,0.1278971,0.1278971,1,0.1,0.1,0.1,0.1,0.1,5016.362,9557.4885,8237.538,0,-0.6904846,0,-0.7233471;
custom,cuboid,default,1.836824,0.0327536,0.5622732,1,0,0,0,0.1,0,4989.748,9564.722,8391.275,0,-0.0104835,0,-0.9999451;
custom,cuboid,default,1.836824,0.0327536,0.5622732,1,0,0,0,0.1,0,4989.748,9569.9653,8391.275,0,-0.0104835,0,-0.9999451;
custom,cuboid,default,1.836824,0.0327536,0.5622732,1,0,0,0,0.1,0,4989.748,9559.4847,8391.275,0,-0.0104835,0,-0.9999451;
custom,cuboid,default,1.836824,2.030724,0.0212049,1,0,0,0,0.1,0,4989.809,9564.722,8394.162,0,-0.0104835,0,-0.9999451;
custom,cuboid,metal4,1.834203,2.620288,0.6552547,0,1,1,1,0.1,0,4989.748,9563.4084,8391.244,0,-0.0104835,0,-0.9999451;
custom,cuboid,metal4,1.835513,2.096234,0.6115706,1,0,0,0,0.1,0,4989.748,9564.7308,8391.244,0,-0.0104835,0,-0.9999451;
custom,cuboid,default,1.83617,2.030724,0.5529329,1,0.5,0.5,0.5,0.1,0,4989.749,9564.722,8391.248,0,-0.0104835,0,-0.9999451;
custom,cuboid,default,1.836824,2.030724,0.0212049,1,0,0,0,0.1,0,4989.809,9564.722,8394.162,0,-0.0104835,0,-0.9999451;
custom,cylinder,metal1,0.0655073,0.9302021,0.1166064,0,1,1,1,0,0,4989.749,9566.198,8391.279,-0.0074143,-0.0074143,-0.707068,-0.707068;
custom,cylinder,metal1,0.0655073,0.9302021,0.1166064,0,1,1,1,0,0,4989.749,9571.4383,8391.279,-0.0074143,-0.0074143,-0.707068,-0.707068;
custom,cylinder,metal1,0.0655073,0.9302021,0.1166064,0,1,1,1,0,0,4989.749,9560.9571,8391.279,-0.0074143,-0.0074143,-0.707068,-0.707068;
custom,cylinder,metal1,0.0655073,0.9302021,0.1166064,0,1,1,1,0,0,4989.749,9555.7161,8391.279,-0.0074143,-0.0074143,-0.707068,-0.707068;
custom,cuboid,stone8,6.443539,2.174037,0.3328124,1,0,0,1,0,0.1,5059.066,9562.6891,8542.447,0,-0.0099708,0,-0.9999503;
custom,cuboid,stone8,6.443539,0.6301146,1.330313,1,0,0,1,0,0.1,5058.902,9552.9793,8534.13,0,-0.0099708,0,-0.9999503;
custom,cuboid,stone8,6.735074,0.4021678,1.390502,1,0,0,1,0,0.1,5058.902,9557.6998,8534.13,0,-0.0099708,0,-0.9999503;
custom,cuboid,stone8,0.3191655,1.419506,1.325956,1,0,0,1,0,0.1,5025.956,9556.7561,8537.31,0,-0.0099708,0,-0.9999503;
custom,cuboid,stone8,0.3191655,1.419506,1.325956,1,0,0,1,0,0.1,5092.384,9556.7561,8535.987,0,-0.0099708,0,-0.9999503;
custom,cuboid,stone8,2.171016,2.174037,0.3328124,1,0,0,1,0,0.1,4989.721,9562.6891,8175.012,0,0.9999111,0,-0.0133378;
custom,cuboid,stone8,2.308804,0.6301146,1.330313,1,0,0,1,0,0.1,4990.011,9552.9792,8183.326,0,0.9999111,0,-0.0133378;
custom,cuboid,stone8,2.352746,0.4021677,1.390503,1,0,0,1,0,0.1,4989.936,9557.6998,8183.328,0,0.9999111,0,-0.0133378;
custom,cuboid,stone8,0.3191655,1.419506,1.325956,1,0,0,1,0,0.1,5001.506,9556.7561,8180.324,0,0.9999111,0,-0.0133378;
custom,cuboid,stone8,0.3191655,1.419506,1.325956,1,0,0,1,0,0.1,4978.32,9556.7561,8181.28,0,0.9999111,0,-0.0133378;
custom,cuboid,rock1,1.739562,0.1087226,0.4348904,1,0.75,0.75,0.75,0.001,0.01,5041.679,9559.0125,8506.015,0,0.6998494,0,-0.7142906;
custom,cuboid,rock1,1.739562,0.1087226,0.4348904,1,0.75,0.75,0.75,0.001,0.01,5072.118,9559.0125,8505.391,0,0.6998494,0,-0.7142906;
custom,cuboid,rock1,3.479123,0.1068088,0.4348904,1,0.75,0.75,0.75,0.001,0.01,5057.034,9559.0125,8512.224,0,0.999948,0,-0.0102027;
custom,cuboid,rock1,3.479123,0.1068088,0.4348904,1,0.75,0.75,0.75,0.001,0.01,5056.766,9559.0125,8499.18,0,0.999948,0,-0.0102027;
custom,cuboid,rock1,0.8697808,0.2174452,0.1087226,1,0.75,0.75,0.75,0.001,0.01,5042.766,9557.9252,8505.992,0,0.6998494,0,-0.7142906;
custom,cuboid,rock1,0.8697808,0.2174452,0.1087226,1,0.75,0.75,0.75,0.001,0.01,5071.032,9557.9252,8505.415,0,0.6998494,0,-0.7142906;
custom,cuboid,rock1,2.609343,0.2174452,0.1087226,1,0.75,0.75,0.75,0.001,0.01,5057.012,9557.9252,8511.136,0,0.999948,0,-0.0102027;
custom,cuboid,rock1,2.609343,0.2174452,0.1087226,1,0.75,0.75,0.75,0.001,0.01,5056.787,9557.9252,8500.267,0,0.999948,0,-0.0102027;
custom,cuboid,rock1,0.1739565,0.8697808,0.1739565,1,0.75,0.75,0.75,0.001,0.01,5042.658,9554.6641,8500.557,0,0.6998494,0,-0.7142906;
custom,cuboid,rock1,0.1739565,0.8697808,0.1739565,1,0.75,0.75,0.75,0.001,0.01,5070.919,9554.6641,8499.981,0,0.6998494,0,-0.7142906;
custom,cuboid,rock1,0.1739565,0.8697808,0.1739565,1,0.75,0.75,0.75,0.001,0.01,5042.879,9554.6641,8511.428,0,0.999948,0,-0.0102027;
custom,cuboid,rock1,0.1739565,0.8697808,0.1739565,1,0.75,0.75,0.75,0.001,0.01,5071.146,9554.6641,8510.852,0,0.999948,0,-0.0102027;
custom,cuboid,rock1,1.217693,0.1087226,2.957252,1,0.75,0.75,0.75,0.001,0.01,5056.898,9552.4895,8505.703,0,0.6998494,0,-0.7142906;
custom,cuboid,barriereditormat,1.217693,0.0869782,2.957252,1,0.75,0.75,0.75,1,1,5056.898,9559.0125,8505.703,0,0.6998494,0,-0.7142906;
custom,cuboid,crystal2,1.688653,0.1055408,0.4221631,1,0.75,0.75,0.75,0.001,0.01,5042.125,9559.1246,8506.006,0,0.6998494,0,-0.7142906;
custom,cuboid,crystal2,3.377305,0.103683,0.4221631,1,0.75,0.75,0.75,0.001,0.01,5056.767,9559.1246,8499.371,0,0.999948,0,-0.0102027;
custom,cuboid,crystal2,3.377305,0.103683,0.4221631,1,0.75,0.75,0.75,0.001,0.01,5057.031,9559.1246,8512.035,0,0.999948,0,-0.0102027;
custom,cuboid,crystal2,1.688653,0.1055408,0.4221631,1,0.75,0.75,0.75,0.001,0.01,5071.673,9559.1246,8505.4,0,0.6998494,0,-0.7142906;
custom,killcuboid,ice1,0.1720266,0.7482393,1.615613,0,1,1,1,0.9,0.05,5101.572,9586.2822,8167.475,0,-0.7146627,0,-0.6994693;
custom,killcuboid,empty,0.1720266,0.5762549,1.382199,1,1,0.3,0.3,0.9,0.05,5101.584,9586.2822,8168.05,0,-0.7146627,0,-0.6994693;
custom,cuboid,metal3,0.75,1,2,1,0.75,0.75,0.75,0.0125,0.0125,4989.417,9560.3494,8264.222,0,0.7142906,0,0.6998494;
custom,cuboid,metal3,0.2,2,2,1,0.75,0.75,0.75,0.0125,0.0125,4989.516,9555.3494,8268.971,0,0.7142906,0,0.6998494;
custom,cuboid,metal3,0.2,2,2,1,0.75,0.75,0.75,0.0125,0.0125,4988.699,9555.3494,8228.99,0,0.7142906,0,0.6998494;
custom,cuboid,metal3,0.5,0.75,2,1,0.75,0.75,0.75,0.0125,0.0125,4988.766,9561.5994,8232.489,0,0.7142906,0,0.6998494;
custom,cuboid,metal2,0.65,-0.9,2.1,1,0.75,0.75,0.75,0,0.05,4989.417,9560.3494,8264.222,0,0.7142906,0,0.6998494;
custom,cuboid,metal2,0.4,0.55,2.1,1,0.75,0.75,0.75,0,0.035,4988.766,9562.0994,8232.489,0,0.7142906,0,0.6998494;
custom,cuboid,metal3,4.2,0.2,2,1,0.75,0.75,0.75,0.0125,0.0125,4989.104,9566.3494,8248.979,0,0.7142906,0,0.6998494;
custom,cuboid,metal2,4.1,0.15,2.1,1,0.75,0.75,0.75,0,0.1,4989.104,9566.3494,8248.979,0,0.7142906,0,0.6998494;
custom,killcuboid,empty,0.1720266,4.5,6.5,1,0.1,0.1,1,0.8,0.05,5046.592,9580.3494,8169.175,0,-0.7146627,0,-0.6994693;



custom,killcuboid,PureMetal(Instance),7.696618,18,1,0,1,1,1,1,1,4965.354,9480.4294,8357.593,0,0.7120926,0,0.7020856;
custom,killcuboid,PureMetal(Instance),7.696618,18,1,0,1,1,1,1,1,4965.354,9670.2349,8357.593,0,0.7120926,0,0.7020856;
custom,killcuboid,PureMetal(Instance),7.696618,18,1,0,1,1,1,1,1,4965.354,9630.3565,8296.686,0,0.7120926,0,0.7020856;
custom,killcuboid,PureMetal(Instance),7.696618,18,1,0,1,1,1,1,1,4965.354,9630.3565,8422.806,0,0.7120926,0,0.7020856;

custom,cuboid,metal2,4,1,38,1,1,1,1,0,3.8,0,10055,875,0,0,0,1;
custom,cuboid,metal2,2,1,38,1,1,1,1,0,3.8,0,10055,1275,0,0,0,1;
custom,cuboid,metal2,2,1,38,1,1,1,1,0,3.8,0,10055,1675,0,0,0,1;
custom,killcuboid,transparent0.5,4.2,1.2,38.2,1,0,0,1,0.2,0,0,10055,875,0,0,0,1;
custom,killcuboid,transparent0.5,2.2,1.2,38.2,1,0,0,1,0.1,0,0,10055,1275,0,0,0,1;
custom,killcuboid,transparent0.5,2.2,1.2,38.2,1,0,0,1,0.1,0,0,10055,1675,0,0,0,1;


custom,cuboid,rock2,1100.5,106,10.5,1,0.25,0.25,0.25,110,10.6,-2531.294,8641.04,-5300.917,0,-0.3826834,0,0.9238796;
custom,cuboid,rock2,1099.5,106,1099.3,1,0.25,0.25,0.25,110,110,1318.9,8641.54,-9151.115,0,-0.3826834,0,0.9238796;


custom,cuboid,stone5,10,1,20,0,1,1,1,1.5,1.5,4212.965,9985.09159,5455.657,0,0.9999806,0,0.0062389;
custom,cuboid,stone5,10,1,10,0,1,1,1,1.5,1.5,4214.979,9985.07157,5305.735,0,0.9999763,0,0.0068916;
custom,cuboid,stone5,10,1,10,0,1,1,1,1.5,1.5,4211.145,9985.0955,5605.644,0,0.9999815,0,0.006088;
custom,cuboid,stone5,30,1,10,0,1,1,1,1.5,1.5,4209.783,9985.16166,5705.594,0,0.9999836,0,0.0057401;
custom,cuboid,stone5,30,1,20,0,1,1,1,1.5,1.5,4207.947,9985.17558,5855.6,0,0.9999822,0,0.0059746;
custom,cuboid,stone5,10,1,20,0,1,1,1,1.5,1.5,4205.626,9985.05863,6055.52,0,0.9999799,0,0.0063386;
custom,cuboid,stone5,10,1,10,0,1,1,1,1.5,1.5,4203.62,9985.23661,6205.701,0,0.9999785,0,0.0065601;
custom,cuboid,stone5,10,1,10,0,1,1,1,1.5,1.5,4202.551,9985.19755,6305.518,0,0.71152,0,-0.7026659;
custom,cuboid,stone5,10,1,10,0,1,1,1,1.5,1.5,4111.142,9985.06864,5604.421,0,0.9999809,0,0.0061811;
custom,cuboid,stone5,10,1,10,0,1,1,1,1.5,1.5,4311.161,9985.11259,5606.843,0,0.9999797,0,0.0063673;
custom,cuboid,stone5,14.3756,0.8,13.05253,0,1,1,1,1.5,1.5,4202.551,9985.19755,6305.518,0,0.71152,0,-0.7026659;


custom,killcuboid,PureMetal(Instance),265.9227,1,71.67863,0,1,1,1,1,1,3532.482,9421.1038,7108.491,0,0.7265105,0,0.6871554;
custom,killcuboid,PureMetal(Instance),265.9227,1,131.2094,0,1,1,1,1,1,2198.835,9421.1038,6757.603,0,0.7265105,0,0.6871554;

racing,killcuboid,0.025,1.21309,1.15,4266.559,9504.3904,6557.836,0,0,0,1;
racing,killcuboid,0.025,1.21309,1.15,4266.559,9481.2595,6557.836,0,0,0,1;
racing,killcuboid,0.025,3.52618,2.52618,4266.559,9492.825,6538.456,0,0,0,1;
racing,killcuboid,0.415772,0.025,3.260407,4302.116,9511.5809,6547.284,0,0,0,1;
racing,killcuboid,0.832769,1.846319,5.4,4943.298,9590.3565,8340.18,0,0.7120926,0,0.7020856;
racing,killcuboid,0.848763,1.850889,5.4,4943.865,9590.3565,8380.158,0,0.7120926,0,0.7020856;
racing,killcuboid,0.9,0.9,0.9,4741.102,9555.3565,8363.045,0,0.7120926,0,0.7020856;
racing,killcuboid,0.9,11.9,99.9,2870.824,9660.3564,8359.543,0,0.7120926,0,0.7020856;
racing,killcuboid,0.9,11.9,99.9,2870.825,9660.3566,8359.543,0,0.7120926,0,0.7020856;
racing,killcuboid,0.9,11.9,99.9,2871.674,9660.3566,8419.542,0,0.7120926,0,0.7020856;
racing,killcuboid,0.9,11.9,99.9,2871.674,9660.3564,8419.542,0,0.7120926,0,0.7020856;
racing,killcuboid,0.9,12.3565,39.9,1372.292,9596.5338,7579.713,0,0.9254445,0,0.3788832;
racing,killcuboid,0.9,12.3565,39.9,1421.737,9596.5338,7628.356,0,0.9254445,0,0.3788832;
racing,killcuboid,0.9,12.9,39.9,1366.497,9596.5269,8372.751,0,0.7172593,0,-0.6968064;
racing,killcuboid,0.9,12.9,39.9,1366.635,9596.5269,8444.849,0,0.6961465,0,-0.7178997;
racing,killcuboid,0.9,12.9,39.9,2438.274,9596.5268,6482.754,0,0.9248635,0,0.3802994;
racing,killcuboid,0.9,12.9,39.9,2501.645,9596.5268,6545.463,0,0.9248635,0,0.3802994;
racing,killcuboid,0.9,17.9,139.9,4069.831,9630.3565,8277.546,0,0.7120926,0,0.7020856;
racing,killcuboid,0.9,17.9,139.9,4072.521,9630.3565,8467.53,0,0.7120926,0,0.7020856;
racing,killcuboid,0.9,20.60374,8.134579,3274.141,9565.1956,6947.931,0,0.9783359,0,0.2070239;
racing,killcuboid,0.9,20.60374,8.134579,3301.396,9565.1956,6935.724,0,0.7265105,0,0.6871554;
racing,killcuboid,0.9,20.60374,8.134579,3326.877,9565.1956,7392.946,0,0.7265105,0,0.6871554;
racing,killcuboid,0.9,20.60374,8.134579,3408.895,9565.1956,7388.375,0,0.7265105,0,0.6871554;
racing,killcuboid,0.9,31.12067,20.9,4864.6,9570.3565,8256.283,0,0.7120926,0,0.7020856;
racing,killcuboid,0.9,31.12067,20.9,4867.575,9570.3565,8466.251,0,0.7120926,0,0.7020856;
racing,killcuboid,0.9,5.9,81.08395,2964.842,9570.3565,8358.21,0,0.7120926,0,0.7020856;
racing,killcuboid,0.9,5.9,81.08396,2965.688,9570.3565,8418.204,0,0.7120926,0,0.7020856;
racing,killcuboid,0.9,5.9,99.9,2065.904,9570.3565,8370.949,0,0.7120926,0,0.7020856;
racing,killcuboid,0.9,5.9,99.9,2066.749,9630.3514,8430.944,0,0.7120926,0,0.7020856;
racing,killcuboid,0.9,5.900002,81.08399,2964.842,9570.3565,8358.211,0,0.7120926,0,0.7020856;
racing,killcuboid,0.9,5.900002,81.084,2965.688,9570.3565,8418.206,0,0.7120926,0,0.7020856;
racing,killcuboid,0.9,5.900002,99.9,2065.906,9630.3513,8370.947,0,0.7120926,0,0.7020856;
racing,killcuboid,0.9,5.900002,99.9,2066.751,9570.3565,8430.944,0,0.7120926,0,0.7020856;
racing,killcuboid,0.9,6.134579,4.4366,2503.512,9565.1956,7096.67,0,-0.0506862,0,0.9987146;
racing,killcuboid,0.9,6.134579,4.4366,2505.918,9565.1956,7139.851,0,0.1061704,0,0.994348;
racing,killcuboid,0.9,6.134579,4.4366,2514.567,9565.1956,7054.835,0,-0.2062953,0,0.9784898;
racing,killcuboid,0.9,6.134579,4.4366,2521.551,9565.1956,7180.199,0,0.2604136,0,0.9654972;
racing,killcuboid,0.9,6.134579,4.4366,2538.015,9565.1956,7018.479,0,-0.3568249,0,0.9341713;
racing,killcuboid,0.9,6.134579,4.4366,2548.896,9565.1956,7213.727,0,0.4082434,0,0.9128731;
racing,killcuboid,0.9,6.134579,4.4366,2571.539,9565.1956,6991.142,0,-0.4985661,0,0.8668517;
racing,killcuboid,0.9,6.134579,4.4366,2585.242,9565.1956,7237.172,0,0.5460204,0,0.837772;
racing,killcuboid,0.9,6.134579,4.4366,2611.885,9565.1956,6975.502,0,-0.6280352,0,0.778185;
racing,killcuboid,0.9,6.134579,4.4366,2627.08,9565.1956,7248.231,0,0.6703563,0,0.7420394;
racing,killcuboid,0.9,9.9,9.9,4169.903,9940.0028,5305.112,0,0.999981,0,0.0061636;
racing,killcuboid,0.9,9.9,9.9,4171.061,9940.01574,5205.113,0,0.9999841,0,0.0056371;
racing,killcuboid,0.9,9.9,9.9,4172.068,10039.86753,5104.994,0,0.9999797,0,0.0063864;
racing,killcuboid,0.9,9.9,9.9,4173.418,10039.90049,5005.021,0,0.9999775,0,0.0067155;
racing,killcuboid,0.9,9.9,9.9,4174.821,10039.99131,4905.126,0,0.9999734,0,0.0072953;
racing,killcuboid,0.9,9.9,9.9,4176.282,10039.95445,4805.106,0,0.9999748,0,0.0070959;
racing,killcuboid,0.9,9.9,9.9,4177.671,10039.95835,4705.144,0,0.9999747,0,0.0071179;
racing,killcuboid,0.9,9.9,9.9,4259.912,9940.0216,5306.377,0,0.9999844,0,0.005596;
racing,killcuboid,0.9,9.9,9.9,4260.921,10039.71739,5206.248,0,0.9999788,0,0.0065155;
racing,killcuboid,0.9,9.9,9.9,4261.073,9940.07067,5206.409,0,0.9999847,0,0.0055308;
racing,killcuboid,0.9,9.9,9.9,4262.301,10039.7335,5106.237,0,0.9999757,0,0.006966;
racing,killcuboid,0.9,9.9,9.9,4263.683,10039.8065,5006.368,0,0.9999773,0,0.0067434;
racing,killcuboid,0.9,9.9,9.9,4265.015,10039.86143,4906.372,0,0.9999781,0,0.0066142;
racing,killcuboid,0.9,9.9,9.9,4266.412,10039.84434,4806.424,0,0.9999743,0,0.0071792;
racing,killcuboid,0.9,9.9,9.9,4267.778,10039.89244,4706.38,0,0.9999778,0,0.0066588;
racing,killcuboid,1.1,1.391302,30.1,1437.189,9596.5338,7114.004,0,0.9219357,0,-0.387343;
racing,killcuboid,1.1,1.391302,30.1,1887.376,9596.5338,7556.834,0,0.9219357,0,-0.387343;
racing,killcuboid,1.1,2.391302,30.1,1700.51,9596.5338,6846.311,0,0.9219357,0,-0.387343;
racing,killcuboid,1.1,2.391302,30.1,2150.696,9596.5338,7289.145,0,0.9219357,0,-0.387343;
racing,killcuboid,1.15,1.21309,0.025,4272.184,9504.3904,6563.461,0,0,0,1;
racing,killcuboid,1.15,1.21309,0.025,4272.184,9481.2595,6563.461,0,0,0,1;
racing,killcuboid,1.4,20.60374,62.9,2951.001,9565.1956,7010.765,0,0.7265105,0,0.6871554;
racing,killcuboid,1.4,20.60374,62.9,2977.708,9565.1956,7490.023,0,0.7265105,0,0.6871554;
racing,killcuboid,10.9,9.9,0.9,4116.64,9940.04772,5559.523,0,0.0059075,0,-0.9999826;
racing,killcuboid,10.9,9.9,0.9,4306.584,9940.11657,5561.791,0,0.0060423,0,-0.9999818;
racing,killcuboid,11.9,0.9,2.9,4224.657,9984.97049,4555.809,0,0.7119839,0,-0.7021958;
racing,killcuboid,12.4,9.9,1.4,4140.938,9563.456,6447.825,0,0.7071068,0,0.7071068;
racing,killcuboid,12.4,9.9,1.4,4255.934,9563.456,6447.825,0,-0.7071068,0,0.7071068;
racing,killcuboid,12.9,0.9,13.4,4198.434,9618.456,6442.825,0,0,0,1;
racing,killcuboid,12.9,2.9,0.9,4168.015,9940.21471,5454.981,0,0.7025676,0,0.7116171;
racing,killcuboid,12.9,2.9,0.9,4257.971,9940.15172,5456.403,0,0.7114399,0,-0.7027469;
racing,killcuboid,128.1021,0.3,180.5293,1923.648,9657.3519,6575.625,0,0.9949725,0,0.1001487;
racing,killcuboid,128.1021,0.3,180.5293,1923.648,9534.966,6575.625,0,0.9949725,0,0.1001487;
racing,killcuboid,128.1021,0.3,180.5293,2620.885,9655.0083,6116.341,0,0.9999839,0,-0.0056731;
racing,killcuboid,128.1021,0.3,180.5293,2620.885,9532.6225,6026.035,0,0.9999839,0,-0.0056731;
racing,killcuboid,13.23333,0.9,8.134579,3387.381,9671.3684,7002.305,0,0.7265105,0,0.6871554;
racing,killcuboid,13.23333,0.9,8.134579,3387.381,9459.0237,7002.305,0,0.7265105,0,0.6871554;
racing,killcuboid,13.4,7.134579,1.4,2644.835,9632.5413,7178.06,0,0.7265105,0,0.6871554;
racing,killcuboid,13.4,7.134579,1.4,2644.835,9497.85,7178.06,0,0.7265105,0,0.6871554;
racing,killcuboid,14.9,19.9,14.9,4291.136,9572.1942,7000.324,0,0,0,1;
racing,killcuboid,16.4,0.9,20.9,2964.356,9673.7142,7250.396,0,0.7265105,0,0.6871554;
racing,killcuboid,17.9,20.60374,1.4,2653.6,9565.1956,7335.317,0,0.7265105,0,0.6871554;
racing,killcuboid,176.7629,0.3,180.5293,1298.259,9660.784,7694.449,0,0.9243403,0,0.3815692;
racing,killcuboid,176.7629,0.3,180.5293,1298.259,9533.7571,7694.449,0,0.9243403,0,0.3815692;
racing,killcuboid,18.8,2.9,0.8,4974.105,9565.3494,8249.288,0,0.7142906,0,0.6998494;
racing,killcuboid,18.8,2.9,0.8,4978.606,9565.3494,8469.239,0,0.7142906,0,0.6998494;
racing,killcuboid,2.378414,9.9,0.96066,4135.937,9563.456,6380.299,0,-0.3826835,0,0.9238796;
racing,killcuboid,2.378414,9.9,0.96066,4260.934,9563.456,6380.299,0,0.3826835,0,0.9238796;
racing,killcuboid,2.52618,3.52618,0.025,4291.564,9492.825,6563.461,0,0,0,1;
racing,killcuboid,2.9,0.9,0.9,4741.102,9545.3565,8363.045,0,0.7120926,0,0.7020856;
racing,killcuboid,20.73221,0.5,140.3246,4073.173,9538.3982,8372.511,0,0.7120926,0,0.7020856;
racing,killcuboid,20.9,9.9,0.9,4160.61,9940.13268,6049.964,0,0.7025692,0,0.7116154;
racing,killcuboid,20.9,9.9,0.9,4250.718,9940.05577,6051.088,0,0.711336,0,-0.7028522;
racing,killcuboid,21.96008,4.02618,42.34718,4198.434,9451.6559,6721.343,0,0,0,1;
racing,killcuboid,23.80673,321.5026,0.9,3366.198,9725.3565,8382.525,-0.5,0.5,0.5,0.5;
racing,killcuboid,24.14236,0.9,41.4,4198.434,9618.456,6717.824,0,0,0,1;
racing,killcuboid,25.48818,59.6431,0.9,2072.484,9665.3565,8404.395,-0.5,0.5,0.5,0.5;
racing,killcuboid,29.9,0.9,19.9,4208.013,9895.0725,5855.605,0,0.9999818,0,0.0060351;
racing,killcuboid,29.9,0.9,9.9,4209.797,9895.0818,5705.619,0,0.9999822,0,0.0059669;
racing,killcuboid,29.9,19.9,14.9,4030.735,9572.1942,7000.324,0,0,0,1;
racing,killcuboid,3,0.9,0.8,4976.357,9575.3494,8359.263,0,0.7142906,0,0.6998494;
racing,killcuboid,3,0.9,0.8,4976.357,9545.3494,8359.263,0,0.7142906,0,0.6998494;
racing,killcuboid,3.260407,0.025,3.77618,4282.735,9511.5809,6544.705,0,0,0,1;
racing,killcuboid,3.440393,11.07114,14.9,4198.434,9616.3385,7000.324,0,0,0,1;
racing,killcuboid,3.440393,5.197318,14.9,4198.434,9498.6807,7000.324,0,0,0,1;
racing,killcuboid,3.77618,0.15,3.77618,4285.314,9473.4441,6544.705,0,0,0,1;
racing,killcuboid,32.9,0.9,41.9,2964.356,9673.7142,7250.396,0,0.7265105,0,0.6871554;
racing,killcuboid,33.4,0.9,16.13458,3359.918,9673.7142,7228.351,0,0.7265105,0,0.6871554;
racing,killcuboid,33.4,0.9,16.13458,3359.918,9456.678,7228.351,0,0.7265105,0,0.6871554;
racing,killcuboid,33.4,20.60374,0.9,3435.971,9565.1956,7224.116,0,0.7265105,0,0.6871554;
racing,killcuboid,39.9,0.9,8.134579,3636.774,9671.3684,7121.951,0,0.7265105,0,0.6871554;
racing,killcuboid,39.9,0.9,8.134579,3636.774,9459.0237,7121.951,0,0.7265105,0,0.6871554;
racing,killcuboid,39.9,20.13458,0.9,3672.888,9565.1956,7119.933,0,0.7265105,0,0.6871554;
racing,killcuboid,4.02618,4.02618,4.02618,4112.806,9492.825,6545.955,0,0,0,1;
racing,killcuboid,4.02618,4.02618,4.02618,4284.064,9492.825,6545.955,0,0,0,1;
racing,killcuboid,4.899997,0.5,180.5293,2468.396,9538.3982,8395.24,0,0.7120926,0,0.7020856;
racing,killcuboid,4.9,0.3,0.4,2188.814,9547.2256,8399.213,0,0.7120926,0,0.7020856;
racing,killcuboid,4.9,0.3,0.4,2193.813,9542.3565,8399.139,0,0.7120926,0,0.7020856;
racing,killcuboid,4.9,0.3,0.9,2171.321,9547.2256,8399.455,0,0.7120926,0,0.7020856;
racing,killcuboid,4.9,0.3,1.9,2136.32,9547.2256,8399.953,0,0.7120926,0,0.7020856;
racing,killcuboid,4.9,0.3,15.9,1646.372,9547.2256,8406.897,0,0.7120926,0,0.7020856;
racing,killcuboid,4.9,0.3,3.9,2066.331,9547.2256,8400.943,0,0.7120926,0,0.7020856;
racing,killcuboid,4.9,0.3,7.9,1926.34,9547.2256,8402.934,0,0.7120926,0,0.7020856;
racing,killcuboid,4.9,11.9,0.4,2373.796,9660.3564,8396.586,0,0.7120926,0,0.7020856;
racing,killcuboid,4.979295,20.13458,0.9,3350.046,9565.1956,6913.263,0,0.7420394,0,-0.6703563;
racing,killcuboid,4.979295,20.13458,0.9,3362.477,9565.1956,6866.26,0,0.837772,0,-0.5460204;
racing,killcuboid,4.979295,20.13458,0.9,3388.817,9565.1956,6825.389,0,0.9128731,0,-0.4082434;
racing,killcuboid,4.979295,20.13458,0.9,3426.505,9565.1956,6794.666,0,0.9654972,0,-0.2604136;
racing,killcuboid,4.979295,20.13458,0.9,3471.842,9565.1956,6777.09,0,0.994348,0,-0.1061704;
racing,killcuboid,4.979295,20.13458,0.9,3520.393,9565.1956,6774.386,0,0.9987146,0,0.0506862;
racing,killcuboid,4.979295,20.13458,0.9,3567.406,9565.1956,6786.815,0,0.9784898,0,0.2062953;
racing,killcuboid,4.979295,20.13458,0.9,3608.264,9565.1956,6813.165,0,0.9341713,0,0.3568249;
racing,killcuboid,4.979295,20.13458,0.9,3638.99,9565.1956,6850.851,0,0.8668517,0,0.4985661;
racing,killcuboid,4.979295,20.13458,0.9,3656.561,9565.1956,6896.181,0,0.778185,0,0.6280352;
racing,killcuboid,45.92917,0.9,8.134579,2863.511,9529.0413,6966.706,0,0.0269433,0,0.999637;
racing,killcuboid,49.4,0.9,20.9,2964.356,9456.678,7250.396,0,0.7265105,0,0.6871554;
racing,killcuboid,49.4,0.9,41.9,2964.356,9456.678,7250.396,0,0.7265105,0,0.6871554;
racing,killcuboid,49.4,0.9,62.9,2964.356,9673.7142,7250.396,0,0.7265105,0,0.6871554;
racing,killcuboid,49.4,0.9,62.9,2964.356,9456.678,7250.396,0,0.7265105,0,0.6871554;
racing,killcuboid,6.4,17.9,0.9,3365.282,9630.3565,8315.034,0,0.7120926,0,0.7020856;
racing,killcuboid,6.4,17.9,0.9,3367.198,9630.3565,8450.021,0,0.7120926,0,0.7020856;
racing,killcuboid,7.596618,17.9,0.9,4965.354,9670.2349,8357.593,0,0.7120926,0,0.7020856;
racing,killcuboid,7.596618,17.9,0.9,4965.354,9630.3565,8296.686,0,0.7120926,0,0.7020856;
racing,killcuboid,7.596618,17.9,0.9,4965.354,9630.3565,8422.806,0,0.7120926,0,0.7020856;
racing,killcuboid,79.9,19.9,59.9,3884.409,9364.3049,7607.45,0,0.9997936,0,-0.020318;
racing,killcuboid,9.9,0.9,19.9,4205.619,9895.0398,6055.549,0,0.999981,0,0.0061571;
racing,killcuboid,9.9,0.9,19.9,4212.991,9895.0325,5455.696,0,0.9999797,0,0.006371;
racing,killcuboid,9.9,0.9,19.9,4215.563,9894.9968,5255.699,0,0.9999793,0,0.0064412;
racing,killcuboid,9.9,0.9,19.9,4222.015,9984.96659,4755.774,0,0.9999774,0,0.0067356;
racing,killcuboid,9.9,0.9,29.9,4218.683,9984.99857,5005.669,0,0.9999785,0,0.0065513;
racing,killcuboid,9.9,0.9,29.9,4225.376,10084.97636,4505.65,0,0.7024617,0,0.7117216;
racing,killcuboid,9.9,0.9,9.9,4111.113,9895.0007,5604.448,0,0.7028333,0,0.7113546;
racing,killcuboid,9.9,0.9,9.9,4211.084,9895.0076,5605.652,0,0.999981,0,0.0061643;
racing,killcuboid,9.9,0.9,9.9,4217.286,10084.81132,5105.73,0,0.0065002,0,-0.9999789;
racing,killcuboid,9.9,0.9,9.9,4218.664,10084.90141,5005.818,0,0.006732,0,-0.9999774;
racing,killcuboid,9.9,0.9,9.9,4220.07,10084.87235,4905.789,0,0.0065097,0,-0.9999788;
racing,killcuboid,9.9,0.9,9.9,4221.482,10084.99735,4805.698,0,0.0065448,0,-0.9999786;
racing,killcuboid,9.9,0.9,9.9,4222.778,10084.93729,4705.734,0,0.0066868,0,-0.9999776;
racing,killcuboid,9.9,0.9,9.9,4224.14,10084.91434,4605.731,0,0.9999773,0,0.006751;
racing,killcuboid,9.9,0.9,9.9,4311.055,9894.9558,5606.88,0,0.7114689,0,-0.7027176;
racing,killcuboid,9.9,9.9,0.9,4062.389,9940.24767,5903.762,0,0.7029074,0,0.7112814;
racing,killcuboid,9.9,9.9,0.9,4063.652,9940.15465,5803.85,0,0.7027686,0,0.7114186;
racing,killcuboid,9.9,9.9,0.9,4064.842,9940.06676,5703.831,0,0.7028316,0,0.7113563;
racing,killcuboid,9.9,9.9,0.9,4066.071,9940.04674,5603.905,0,0.7027096,0,0.7114769;
racing,killcuboid,9.9,9.9,0.9,4106.863,9940.17662,5949.407,0,0.9999813,0,0.0061124;
racing,killcuboid,9.9,9.9,0.9,4125.894,10040.09239,4459.336,0,0.0067729,0,-0.9999771;
racing,killcuboid,9.9,9.9,0.9,4157.356,9940.20568,6305.049,0,0.7026792,0,0.7115068;
racing,killcuboid,9.9,9.9,0.9,4158.625,9940.19274,6205.051,0,0.7025339,0,0.7116503;
racing,killcuboid,9.9,9.9,0.9,4171.138,10039.86338,5204.941,0,0.7030796,0,0.7111112;
racing,killcuboid,9.9,9.9,0.9,4179.029,10039.95445,4505.27,0,0.7023084,0,0.7118729;
racing,killcuboid,9.9,9.9,0.9,4179.029,10039.95445,4605.162,0,0.7023084,0,0.7118729;
racing,killcuboid,9.9,9.9,0.9,4201.854,9940.0526,6350.62,0,0.9999813,0,0.0061137;
racing,killcuboid,9.9,9.9,0.9,4247.578,9940.01574,6306.068,0,0.7114962,0,-0.7026899;
racing,killcuboid,9.9,9.9,0.9,4248.834,9940.02868,6206.1,0,0.7114522,0,-0.7027345;
racing,killcuboid,9.9,9.9,0.9,4269.111,10039.95152,4506.493,0,0.7118884,0,-0.7022927;
racing,killcuboid,9.9,9.9,0.9,4269.111,10039.95152,4606.385,0,0.7118884,0,-0.7022927;
racing,killcuboid,9.9,9.9,0.9,4306.869,9940.18175,5951.852,0,0.9999812,0,0.0061382;
racing,killcuboid,9.9,9.9,0.9,4325.964,10040.00254,4462.052,0,0.007101,0,-0.9999748;
racing,killcuboid,9.9,9.9,0.9,4352.444,9940.19664,5907.304,0,0.7114846,0,-0.7027017;
racing,killcuboid,9.9,9.9,0.9,4353.599,9940.16979,5807.443,0,0.7114164,0,-0.7027708;
racing,killcuboid,9.9,9.9,0.9,4354.818,9940.12877,5707.45,0,0.7112855,0,-0.7029033;
racing,killcuboid,9.9,9.9,0.9,4356.088,9940.11559,5607.416,0,0.7113206,0,-0.7028678;
racing,killcuboid,99.9,0.9,99.9,3940.346,9740.8703,7755.628,0,0.0194454,0,0.9998109;




racing,checkpointCuboid,7.5,11.9,9.5,267.5,10001,-1752.5,0,0,0,0;
racing,checkpointCuboid,7.5,11.9,9.5,-267.5,10001,-1752.5,0,0,0,0;

racing,checkpointCuboid,15,5.8,3,0,10031,-265,0,0,0,0;
custom,cuboid,rock2,15.2,3,3.2,1,0.35,0.65,0.85,1.5,0.3,0,10015,-265,0,0,0,0;
custom,cuboid,rock2,15.5,2.9,3.1,1,0.35,0.65,0.85,0.29,0.31,0,10014.5,-265.5,0,0,0,0;


racing,checkpointcuboid,8,5.8,4,4630,10031,1270,0,0,0,0;
custom,cuboid,rock2,8.2,3,4.1,1,0.35,0.65,0.85,0.4,0.3,4630,10015,1270,0,0,0,0;
custom,cuboid,rock2,8,2.9,4.2,1,0.35,0.65,0.85,0.8,0.29,4630,10014.5,1270,0,0,0,0;





custom,killcuboid,PureMetal(Instance),23.90673,321.6026,1,0,1,1,1,1,1,3366.198,9725.3565,8382.525,-0.5,0.5,0.5,0.5;

custom,killcylinder,PureMetal(Instance),49.41008,0.5,37.963,0,1,1,1,1,1,3367.526,9534.0775,7559.395,0.5191038,0.5082805,0.4909837,0.4807465;
custom,killcylinder,PureMetal(Instance),49.41008,0.5,37.963,0,1,1,1,1,1,3518.757,9681.3148,7069.972,0,0.7265105,0,0.6871554;


racing,killprism,4.4376,0.9,16.44421,2564.982,9601.5685,7102.513,0,-0.7420394,0,0.6703563;
racing,killprism,4.4376,0.9,16.44421,2564.982,9529.2226,7102.513,0,-0.7420394,0,0.6703563;
racing,killprism,4.4376,0.9,16.44421,2566.185,9601.5685,7126.41,0,-0.6280352,0,0.778185;
racing,killprism,4.4376,0.9,16.44421,2566.185,9529.2226,7126.41,0,-0.6280352,0,0.778185;
racing,killprism,4.4376,0.9,16.44421,2571.225,9601.5685,7079.392,0,-0.837772,0,0.5460204;
racing,killprism,4.4376,0.9,16.44421,2571.225,9529.2226,7079.392,0,-0.837772,0,0.5460204;
racing,killprism,4.4376,0.9,16.44421,2574.725,9601.5685,7148.799,0,-0.4985661,0,0.8668517;
racing,killprism,4.4376,0.9,16.44421,2574.725,9529.2226,7148.799,0,-0.4985661,0,0.8668517;
racing,killprism,4.4376,0.9,16.44421,2584.301,9601.5685,7059.339,0,-0.9128731,0,0.4082434;
racing,killprism,4.4376,0.9,16.44421,2584.301,9529.2226,7059.339,0,-0.9128731,0,0.4082434;
racing,killprism,4.4376,0.9,16.44421,2589.754,9601.5685,7167.438,0,-0.3568249,0,0.9341713;
racing,killprism,4.4376,0.9,16.44421,2589.754,9529.2226,7167.438,0,-0.3568249,0,0.9341713;
racing,killprism,4.4376,0.9,16.44421,2602.943,9601.5685,7044.308,0,-0.9654972,0,0.2604136;
racing,killprism,4.4376,0.9,16.44421,2602.943,9529.2226,7044.308,0,-0.9654972,0,0.2604136;
racing,killprism,4.4376,0.9,16.44421,2609.808,9601.5685,7180.516,0,-0.2062953,0,0.9784898;
racing,killprism,4.4376,0.9,16.44421,2609.808,9529.2226,7180.516,0,-0.2062953,0,0.9784898;
racing,killprism,4.4376,0.9,16.44421,2625.316,9601.5685,7035.772,0,-0.994348,0,0.1061704;
racing,killprism,4.4376,0.9,16.44421,2625.316,9529.2226,7035.772,0,-0.994348,0,0.1061704;
racing,killprism,4.4376,0.9,16.44421,2632.931,9601.5685,7186.762,0,-0.0506862,0,0.9987146;
racing,killprism,4.4376,0.9,16.44421,2632.931,9529.2226,7186.762,0,-0.0506862,0,0.9987146;
racing,killprism,4.980296,0.9,18.41528,3419.497,9671.5684,6919.873,0,0.7420394,0,-0.6703563;
racing,killprism,4.980296,0.9,18.41528,3419.497,9459.2236,6919.873,0,0.7420394,0,-0.6703563;
racing,killprism,4.980296,0.9,18.41528,3426.481,9671.5684,6893.998,0,0.837772,0,-0.5460204;
racing,killprism,4.980296,0.9,18.41528,3426.481,9459.2236,6893.998,0,0.837772,0,-0.5460204;
racing,killprism,4.980296,0.9,18.41528,3441.122,9671.5684,6871.559,0,0.9128731,0,-0.4082434;
racing,killprism,4.980296,0.9,18.41528,3441.122,9459.2236,6871.559,0,0.9128731,0,-0.4082434;
racing,killprism,4.980296,0.9,18.41528,3461.983,9671.5684,6854.739,0,0.9654972,0,-0.2604136;
racing,killprism,4.980296,0.9,18.41528,3461.983,9459.2236,6854.739,0,0.9654972,0,-0.2604136;
racing,killprism,4.980296,0.9,18.41528,3487.019,9671.5684,6845.188,0,0.994348,0,-0.1061704;
racing,killprism,4.980296,0.9,18.41528,3487.019,9459.2236,6845.188,0,0.994348,0,-0.1061704;
racing,killprism,4.980296,0.9,18.41528,3513.781,9671.5684,6843.833,0,0.9987146,0,0.0506862;
racing,killprism,4.980296,0.9,18.41528,3513.781,9459.2236,6843.833,0,0.9987146,0,0.0506862;
racing,killprism,4.980296,0.9,18.41528,3539.653,9671.5684,6850.82,0,0.9784898,0,0.2062953;
racing,killprism,4.980296,0.9,18.41528,3539.653,9459.2236,6850.82,0,0.9784898,0,0.2062953;
racing,killprism,4.980296,0.9,18.41528,3562.101,9671.5684,6865.465,0,0.9341713,0,0.3568249;
racing,killprism,4.980296,0.9,18.41528,3562.101,9459.2236,6865.465,0,0.9341713,0,0.3568249;
racing,killprism,4.980296,0.9,18.41528,3578.923,9671.5684,6886.321,0,0.8668517,0,0.4985661;
racing,killprism,4.980296,0.9,18.41528,3578.923,9459.2236,6886.321,0,0.8668517,0,0.4985661;
racing,killprism,4.980296,0.9,18.41528,3588.472,9671.5684,6911.355,0,0.778185,0,0.6280352;
racing,killprism,4.980296,0.9,18.41528,3588.472,9459.2236,6911.355,0,0.778185,0,0.6280352;

racing,killcuboid,0.6,2.85,0.55,2373.976,9582.8565,8409.089,-0.2723866,0.6579362,-0.2685603,0.6486917;
racing,killcuboid,0.6,2.1,0.5,2374.01,9585.3565,8411.589,-0.2723866,0.6579362,-0.2685603,0.6486917;
racing,killcuboid,0.6,1.35,0.45,2374.048,9587.8565,8414.085,-0.2723866,0.6579362,-0.2685603,0.6486917;
racing,killcuboid,0.6,0.35,0.4,2374.08,9590.3565,8416.593,-0.2723866,0.6579362,-0.2685603,0.6486917;
racing,killcuboid,0.6,2.85,0.55,2373.621,9582.8565,8384.086,0.2723866,0.6579362,0.2685603,0.6486917;
racing,killcuboid,0.6,2.1,0.5,2373.578,9585.3565,8381.594,0.2723866,0.6579362,0.2685603,0.6486917;
racing,killcuboid,0.6,1.35,0.45,2373.55,9587.8565,8379.09,0.2723866,0.6579362,0.2685603,0.6486917;
racing,killcuboid,0.6,0.35,0.4,2373.509,9590.3565,8376.596,0.2723866,0.6579362,0.2685603,0.6486917;
racing,killcuboid,0.6,5.6,0.6,2373.478,9572.8565,8374.094,0,0.7120926,0,0.7020856;
racing,killcuboid,0.6,5.6,0.6,2374.119,9572.8565,8419.091,0,0.7120926,0,0.7020856;
racing,killcuboid,4.1,1.1,0.6,2373.796,9595.3565,8396.586,0,0.7120926,0,0.7020856;
racing,killcuboid,2.1,0.6,0.45,2373.796,9587.8565,8396.586,0,0.7120926,0,0.7020856;


custom,killprism,PureMetal(Instance),2.999997,1,2.999997,1,1,1,0,1,1,1.24833,9996.703312,-1342.493,0,0.9999831,0,0.0058192;
custom,killcuboid,PureMetal(Instance),1,1,2.999997,1,1,1,0,1,1,0.9055567,9996.505477,-1369.191,0,0.999997,0,0.0024454;
custom,killprism,PureMetal(Instance),2.999997,1,2.999997,1,1,1,0,1,1,1.24833,9996.703312,-1541.428,0,0.9999831,0,0.0058192;
custom,killcuboid,PureMetal(Instance),1,1,2.999997,1,1,1,0,1,1,0.9055567,9996.505477,-1568.126,0,0.999997,0,0.0024454;
custom,killprism,PureMetal(Instance),2.999997,1,2.999997,1,1,1,0,1,1,1.24833,9996.703312,-1741.502,0,0.9999831,0,0.0058192;
custom,killcuboid,PureMetal(Instance),1,1,2.999997,1,1,1,0,1,1,0.9055567,9996.505477,-1768.2,0,0.999997,0,0.0024454;
custom,killprism,PureMetal(Instance),2.999997,1,2.999997,1,1,1,0,1,1,277.4168,9996.703312,-2063.027,0,0.9999831,0,0.0058192;
custom,killcuboid,PureMetal(Instance),1,1,2.999997,1,1,1,0,1,1,277.074,9996.505477,-2089.725,0,0.999997,0,0.0024454;
custom,killprism,PureMetal(Instance),2.999997,1,2.999997,1,1,1,0,1,1,-277.4168,9996.703312,-2063.027,0,0.9999831,0,0.0058192;
custom,killcuboid,PureMetal(Instance),1,1,2.999997,1,1,1,0,1,1,-277.074,9996.505477,-2089.725,0,0.999997,0,0.0024454;
custom,killprism,PureMetal(Instance),2.999997,1,2.999997,1,1,1,0,1,1,1.24833,9996.703312,-195.9956,0,0.9999831,0,0.0058192;
custom,killcuboid,PureMetal(Instance),1,1,2.999997,1,1,1,0,1,1,0.9055567,9996.505477,-222.6936,0,0.999997,0,0.0024454;




custom,cuboid,default,0.9227806,0.1025312,0.1025312,1,1,0,0,1,1,-0.5442065,10066.27103,-7241.988,0.0040499,-0.9999361,0.0050853,-0.0092483;
custom,cuboid,default,0.1025312,0.0256328,0.1025312,1,1,0,0,1,1,3.732047,10067.49751,-7242.005,0.0040499,-0.9999361,0.0050853,-0.0092483;
custom,cuboid,default,0.1025312,0.0256328,0.1025312,1,0,0,0,1,1,3.723576,10068.6001,-7242.029,0.1573249,-0.9874905,0.0064448,-0.0083608;
custom,cuboid,default,0.1025312,0.3075934,0.1025312,1,0,0,0,1,1,2.060066,10069.47471,-7241.859,0.2798573,-0.9599836,0.0074405,-0.0074872;
custom,cuboid,default,0.1025312,0.3075934,0.1025312,1,0,0,0,1,1,0.1829221,10070.37598,-7241.982,-0.7041976,-0.7099256,-0.0029438,-0.0101395;
custom,cuboid,default,0.1025312,0.410125,0.1025312,1,0,0,0,1,1,-0.3148668,10068.83566,-7242.012,0.3862344,-0.9223403,0.0082362,-0.0066006;
custom,cuboid,default,0.2050625,0.410125,0.1025312,1,0,0,0,1,1,-1.109002,10071.90607,-7242.034,0.0040499,-0.9999361,0.0050853,-0.0092483;
custom,cuboid,default,0.1025312,0.1025312,0.1025312,1,0,0,0,1,1,0.001791,10073.48094,-7241.898,0.0040499,-0.9999361,0.0050853,-0.0092483;
custom,cuboid,default,0.1025312,0.3075934,0.1025312,1,0,0,0,1,1,1.116059,10074.41599,-7242.023,-0.3221645,-0.9466249,0.0017923,-0.0104023;
custom,cylinder,default,0.2050625,0.0512656,0.2050625,1,0,0,0,1,1,-1.232917,10075.02406,-7242.148,-0.0036769,-0.7034644,0.7106588,-0.0094047;
custom,cuboid,default,0.1025312,0.3075934,0.1025312,1,0,0,0,1,1,-2.9066,10072.4035,-7242.071,-0.3787506,-0.9254386,0.0011601,-0.0104905;
custom,prism,default,2.115942,0.7053135,2.115942,1,0.9,0.9,0.9,1,1,-0.625821,10073.17389,-7238.214,-0.7071025,0.0024596,-0.0024596,-0.7071025;
custom,prism,default,2.821256,0.7053135,2.821256,1,0.9,0,0,1,1,-0.6233528,10073.87923,-7237.855,-0.7071025,0.0024596,-0.0024596,-0.7071025;
custom,prism,default,3.173909,0.7053135,3.173909,1,0.9,0.9,0.9,1,1,-0.6249567,10074.30235,-7237.502,-0.7071025,0.0024596,-0.0024596,-0.7071025;

custom,killplane,metal2,254.6971,-1,473.0098,1,0.35,0.65,1,15,0,4600,10089,3500,0,0.7071068,0,0.7071068;
custom,killplane,metal2,218.3119,-1,473.0098,1,0.65,1,1,15,0,4600,10089,3500,0,0.7071068,0,0.7071068;
custom,killplane,metal2,181.9267,-1,473.0098,1,0.5,0.5,0.5,15,0,4600,10089,3500,0,0.7071068,0,0.7071068;
custom,killplane,metal2,145.5415,-1,473.0098,1,1,1,0,15,0,4600,10089,3500,0,0.7071068,0,0.7071068;
custom,killplane,metal2,109.156,-1,473.0098,1,1,0.35,0.35,15,0,4600,10089,3500,0,0.7071068,0,0.7071068;
custom,killplane,metal2,72.77076,-1,473.0098,1,0.35,1,0.65,15,0,4600,10089,3500,0,0.7071068,0,0.7071068;
custom,killplane,lava1,374.0663,-1,508.9813,1,0,0,1,3.5,5,4600,10089,3500,0,0.7071068,0,0.7071068;

custom,plane,lava1,2000,-1,2000,1,0,0,1,20,20,0,10090,-8055,0,0,0,1;
misc,barrier,2000,-2,2000,0,10100,0,0,0,0,1;
misc,barrier,1000,-3,1080,-3455,10075,7345,0,0,0,1;
misc,barrier,1000,-3,880,0,10075,-2455,0,0,0,1;

custom,plane,lava1,2000,-1,2000,1,0,0,1,20,20,-7845,10090,11945,0,0,0,1;

custom,killcuboid,metal2,10.9,2.9,0.9,1,1,0.65,0.35,0,0.3,4525,10075,1940,0,0,0,1;
racing,killCuboid,11,3,1,4525,10075,1940,0,0,0,1;




racing,checkpointcuboid,8,5.8,4,4225,10031,4475,0,0,0,1;

custom,cuboid,PureMetal(Instance),20000,10,20000,0,1,1,1,1,1,9694.482,23300.11,12563.59,0,0.0277002,0,0.9996163;
custom,cuboid,PureMetal(Instance),20000,10000,10,0,1,1,1,1,1,93.92388,3525.067,-79431.28,0,-0.000026,0,1;
custom,cuboid,PureMetal(Instance),20000,10000,10,0,1,1,1,1,1,98656.41,3589.034,19705.49,0,0.6993971,0,0.7147334;
custom,cuboid,PureMetal(Instance),20000,10000,10,0,1,1,1,1,1,-13964.88,3612.414,6968.312,0,0.7005979,0,0.7135563;
custom,cuboid,PureMetal(Instance),20000,10000,10,0,1,1,1,1,1,93.92388,13525.067,15661.68,0,-0.000026,0,1;









