//map based from valor;
map,disablebounds;
custom,cuboid,lava1,1000,1,1000,1,1,0.75,0.75,100,100,0,-4.5,0,0,0,0,1;
custom,cuboid,rock3,0.4,3.9,1.1,0,1,1,1,0.04,0.4,-105,50,1637.5,0,-0.7071068,0,-0.7071068;
custom,cuboid,rock3,0.4,3.9,1.1,0,1,1,1,0.04,0.4,-105,50,1682.5,0,-0.7071068,0,-0.7071068;
custom,cuboid,rock3,0.4,3.9,1.1,0,1,1,1,0.04,0.4,-22.5,50,-395,0,0,0,1;
custom,cuboid,rock3,0.4,3.9,1.1,0,1,1,1,0.04,0.4,-22.5,50,1045,0,0,0,-1;
custom,cuboid,rock3,0.4,3.9,1.1,0,1,1,1,0.04,0.4,-22.5,50,115,0,0,0,1;
custom,cuboid,rock3,0.4,3.9,1.1,0,1,1,1,0.04,0.4,-22.5,50,1555,0,-1,0,0;
custom,cuboid,rock3,0.4,3.9,1.1,0,1,1,1,0.04,0.4,-615,50,1637.5,0,-0.7071068,0,0.7071068;
custom,cuboid,rock3,0.4,3.9,1.1,0,1,1,1,0.04,0.4,-615,50,1682.5,0,-0.7071068,0,0.7071068;
custom,cuboid,rock3,0.4,3.9,1.1,0,1,1,1,0.04,0.4,-697.5,50,1765,0,0,0,1;
custom,cuboid,rock3,0.4,3.9,1.1,0,1,1,1,0.04,0.4,-697.5,50,2275,0,1,0,0;
custom,cuboid,rock3,0.4,3.9,1.1,0,1,1,1,0.04,0.4,-742.5,50,1765,0,0,0,1;
custom,cuboid,rock3,0.4,3.9,1.1,0,1,1,1,0.04,0.4,-742.5,50,2275,0,1,0,0;
custom,cuboid,rock3,0.4,3.9,1.1,0,1,1,1,0.04,0.4,105,50,197.5,0,0.7071068,0,0.7071068;
custom,cuboid,rock3,0.4,3.9,1.1,0,1,1,1,0.04,0.4,105,50,242.5,0,0.7071068,0,0.7071068;
custom,cuboid,rock3,0.4,3.9,1.1,0,1,1,1,0.04,0.4,105,50,917.5,0,0.7071068,0,-0.7071068;
custom,cuboid,rock3,0.4,3.9,1.1,0,1,1,1,0.04,0.4,105,50,962.5,0,0.7071068,0,-0.7071068;
custom,cuboid,rock3,0.4,3.9,1.1,0,1,1,1,0.04,0.4,22.5,50,-395,0,0,0,1;
custom,cuboid,rock3,0.4,3.9,1.1,0,1,1,1,0.04,0.4,22.5,50,1045,0,0,0,-1;
custom,cuboid,rock3,0.4,3.9,1.1,0,1,1,1,0.04,0.4,22.5,50,115,0,0,0,1;
custom,cuboid,rock3,0.4,3.9,1.1,0,1,1,1,0.04,0.4,22.5,50,1555,0,-1,0,0;
custom,cuboid,rock3,0.4,3.9,1.1,0,1,1,1,0.04,0.4,615,50,197.5,0,0.7071068,0,-0.7071068;
custom,cuboid,rock3,0.4,3.9,1.1,0,1,1,1,0.04,0.4,615,50,242.5,0,0.7071068,0,-0.7071068;
custom,cuboid,rock3,0.4,3.9,1.1,0,1,1,1,0.04,0.4,615,50,917.5,0,0.7071068,0,0.7071068;
custom,cuboid,rock3,0.4,3.9,1.1,0,1,1,1,0.04,0.4,615,50,962.5,0,0.7071068,0,0.7071068;
custom,cuboid,rock3,0.4,3.9,1.1,0,1,1,1,0.04,0.4,697.5,50,325,0,1,0,0;
custom,cuboid,rock3,0.4,3.9,1.1,0,1,1,1,0.04,0.4,697.5,50,835,0,1,0,0;
custom,cuboid,rock3,0.4,3.9,1.1,0,1,1,1,0.04,0.4,742.5,50,325,0,1,0,0;
custom,cuboid,rock3,0.4,3.9,1.1,0,1,1,1,0.04,0.4,742.5,50,835,0,1,0,0;
custom,cuboid,rock3,1,10,20,0,1,1,1,2,1,-105,50,220,0,0,0,1;
custom,cuboid,rock3,1,10,20,0,1,1,1,2,1,-720,50,1555,0,-0.7071068,0,0.7071068;
custom,cuboid,rock3,1,10,20,0,1,1,1,2,1,0,50,1765,0,-0.7071068,0,-0.7071068;
custom,cuboid,rock3,1,10,20,0,1,1,1,2,1,0,50,835,0,0.7071068,0,-0.7071068;
custom,cuboid,rock3,1,10,20,0,1,1,1,2,1,720,50,1045,0,0.7071068,0,0.7071068;
custom,cuboid,rock3,1,10,20,0,1,1,1,2,1,825,50,220,0,1,0,0;
custom,cuboid,rock3,20,10,1,0,1,1,1,2,1,-105,50,940,0,0.7071068,0,-0.7071068;
custom,cuboid,rock3,20,10,1,0,1,1,1,2,1,-825,50,1660,0,-0.7071068,0,0.7071068;
custom,cuboid,rock3,20,10,1,0,1,1,1,2,1,0,50,325,0,0,0,1;
custom,cuboid,rock3,20,10,1,0,1,1,1,2,1,105,50,1660,0,-0.7071068,0,-0.7071068;
custom,cuboid,rock3,20,10,1,0,1,1,1,2,1,720,50,115,0,1,0,0;
custom,cuboid,rock3,20,10,1,0,1,1,1,2,1,825,50,940,0,0.7071068,0,0.7071068;
custom,cuboid,rock3,4.9,0.4,1.1,0,1,1,1,0.5,0.04,-105,27.5,1660,0,-0.7071068,0,-0.7071068;
custom,cuboid,rock3,4.9,0.4,1.1,0,1,1,1,0.5,0.04,-105,72.5,1660,0,-0.7071068,0,-0.7071068;
custom,cuboid,rock3,4.9,0.4,1.1,0,1,1,1,0.5,0.04,-615,27.5,1660,0,-0.7071068,0,0.7071068;
custom,cuboid,rock3,4.9,0.4,1.1,0,1,1,1,0.5,0.04,-615,72.5,1660,0,-0.7071068,0,0.7071068;
custom,cuboid,rock3,4.9,0.4,1.1,0,1,1,1,0.5,0.04,-720,27.5,1765,0,0,0,1;
custom,cuboid,rock3,4.9,0.4,1.1,0,1,1,1,0.5,0.04,-720,27.5,2275,0,1,0,0;
custom,cuboid,rock3,4.9,0.4,1.1,0,1,1,1,0.5,0.04,-720,72.5,1765,0,0,0,1;
custom,cuboid,rock3,4.9,0.4,1.1,0,1,1,1,0.5,0.04,-720,72.5,2275,0,1,0,0;
custom,cuboid,rock3,4.9,0.4,1.1,0,1,1,1,0.5,0.04,0,27.5,-395,0,0,0,1;
custom,cuboid,rock3,4.9,0.4,1.1,0,1,1,1,0.5,0.04,0,27.5,1045,0,0,0,-1;
custom,cuboid,rock3,4.9,0.4,1.1,0,1,1,1,0.5,0.04,0,27.5,115,0,0,0,1;
custom,cuboid,rock3,4.9,0.4,1.1,0,1,1,1,0.5,0.04,0,27.5,1555,0,-1,0,0;
custom,cuboid,rock3,4.9,0.4,1.1,0,1,1,1,0.5,0.04,0,72.5,-395,0,0,0,1;
custom,cuboid,rock3,4.9,0.4,1.1,0,1,1,1,0.5,0.04,0,72.5,1045,0,0,0,-1;
custom,cuboid,rock3,4.9,0.4,1.1,0,1,1,1,0.5,0.04,0,72.5,115,0,0,0,1;
custom,cuboid,rock3,4.9,0.4,1.1,0,1,1,1,0.5,0.04,0,72.5,1555,0,-1,0,0;
custom,cuboid,rock3,4.9,0.4,1.1,0,1,1,1,0.5,0.04,105,27.5,220,0,0.7071068,0,0.7071068;
custom,cuboid,rock3,4.9,0.4,1.1,0,1,1,1,0.5,0.04,105,27.5,940,0,0.7071068,0,-0.7071068;
custom,cuboid,rock3,4.9,0.4,1.1,0,1,1,1,0.5,0.04,105,72.5,220,0,0.7071068,0,0.7071068;
custom,cuboid,rock3,4.9,0.4,1.1,0,1,1,1,0.5,0.04,105,72.5,940,0,0.7071068,0,-0.7071068;
custom,cuboid,rock3,4.9,0.4,1.1,0,1,1,1,0.5,0.04,615,27.5,220,0,0.7071068,0,-0.7071068;
custom,cuboid,rock3,4.9,0.4,1.1,0,1,1,1,0.5,0.04,615,27.5,940,0,0.7071068,0,0.7071068;
custom,cuboid,rock3,4.9,0.4,1.1,0,1,1,1,0.5,0.04,615,72.5,220,0,0.7071068,0,-0.7071068;
custom,cuboid,rock3,4.9,0.4,1.1,0,1,1,1,0.5,0.04,615,72.5,940,0,0.7071068,0,0.7071068;
custom,cuboid,rock3,4.9,0.4,1.1,0,1,1,1,0.5,0.04,720,27.5,325,0,1,0,0;
custom,cuboid,rock3,4.9,0.4,1.1,0,1,1,1,0.5,0.04,720,27.5,835,0,1,0,0;
custom,cuboid,rock3,4.9,0.4,1.1,0,1,1,1,0.5,0.04,720,72.5,325,0,1,0,0;
custom,cuboid,rock3,4.9,0.4,1.1,0,1,1,1,0.5,0.04,720,72.5,835,0,1,0,0;
custom,cuboid,stone1,20.1,0.9,1.1,0,1,1,1,1,0.05,-115,5,1660,0,-0.7071068,0,-0.7071068;
custom,cuboid,stone1,20.1,0.9,1.1,0,1,1,1,1,0.05,-605,5,1660,0,-0.7071068,0,-0.7071068;
custom,cuboid,stone1,20.1,0.9,1.1,0,1,1,1,1,0.05,-720,5,1775,0,-1,0,0;
custom,cuboid,stone1,20.1,0.9,1.1,0,1,1,1,1,0.05,-720,5,2265,0,-1,0,0;
custom,cuboid,stone1,20.1,0.9,1.1,0,1,1,1,1,0.05,0,5,-385,0,0,0,1;
custom,cuboid,stone1,20.1,0.9,1.1,0,1,1,1,1,0.05,0,5,105,0,0,0,1;
custom,cuboid,stone1,20.1,0.9,1.1,0,1,1,1,1,0.05,0,5,1055,0,0,0,-1;
custom,cuboid,stone1,20.1,0.9,1.1,0,1,1,1,1,0.05,0,5,1545,0,0,0,-1;
custom,cuboid,stone1,20.1,0.9,1.1,0,1,1,1,1,0.05,115,5,220,0,0.7071068,0,0.7071068;
custom,cuboid,stone1,20.1,0.9,1.1,0,1,1,1,1,0.05,115,5,940,0,0.7071068,0,-0.7071068;
custom,cuboid,stone1,20.1,0.9,1.1,0,1,1,1,1,0.05,605,5,220,0,0.7071068,0,0.7071068;
custom,cuboid,stone1,20.1,0.9,1.1,0,1,1,1,1,0.05,605,5,940,0,0.7071068,0,-0.7071068;
custom,cuboid,stone1,20.1,0.9,1.1,0,1,1,1,1,0.05,720,5,335,0,1,0,0;
custom,cuboid,stone1,20.1,0.9,1.1,0,1,1,1,1,0.05,720,5,825,0,1,0,0;
custom,cuboid,stone1,20.1,0.9,20.1,0,1,1,1,1,0.05,-720,5,2380,0,0,0,1;
custom,cuboid,stone1,20.1,0.9,20.1,0,1,1,1,1,0.05,0,5,-500,0,0,0,1;
custom,cuboid,stone1,5,1,5,0,1,1,1,0.1,0.1,-25,5,-425,0,0,0,1;
custom,cuboid,stone1,5,1,5,0,1,1,1,0.1,0.1,-25,5,-475,0,0,0,1;
custom,cuboid,stone1,5,1,5,0,1,1,1,0.1,0.1,-25,5,-525,0,0,0,1;
custom,cuboid,stone1,5,1,5,0,1,1,1,0.1,0.1,-25,5,-575,0,0,0,1;
custom,cuboid,stone1,5,1,5,0,1,1,1,0.1,0.1,-645,5,2305,0,0,0,1;
custom,cuboid,stone1,5,1,5,0,1,1,1,0.1,0.1,-645,5,2355,0,0,0,1;
custom,cuboid,stone1,5,1,5,0,1,1,1,0.1,0.1,-645,5,2405,0,0,0,1;
custom,cuboid,stone1,5,1,5,0,1,1,1,0.1,0.1,-645,5,2455,0,0,0,1;
custom,cuboid,stone1,5,1,5,0,1,1,1,0.1,0.1,-695,5,2305,0,0,0,1;
custom,cuboid,stone1,5,1,5,0,1,1,1,0.1,0.1,-695,5,2355,0,0,0,1;
custom,cuboid,stone1,5,1,5,0,1,1,1,0.1,0.1,-695,5,2405,0,0,0,1;
custom,cuboid,stone1,5,1,5,0,1,1,1,0.1,0.1,-695,5,2455,0,0,0,1;
custom,cuboid,stone1,5,1,5,0,1,1,1,0.1,0.1,-745,5,2305,0,0,0,1;
custom,cuboid,stone1,5,1,5,0,1,1,1,0.1,0.1,-745,5,2355,0,0,0,1;
custom,cuboid,stone1,5,1,5,0,1,1,1,0.1,0.1,-745,5,2405,0,0,0,1;
custom,cuboid,stone1,5,1,5,0,1,1,1,0.1,0.1,-745,5,2455,0,0,0,1;
custom,cuboid,stone1,5,1,5,0,1,1,1,0.1,0.1,-75,5,-425,0,0,0,1;
custom,cuboid,stone1,5,1,5,0,1,1,1,0.1,0.1,-75,5,-475,0,0,0,1;
custom,cuboid,stone1,5,1,5,0,1,1,1,0.1,0.1,-75,5,-525,0,0,0,1;
custom,cuboid,stone1,5,1,5,0,1,1,1,0.1,0.1,-75,5,-575,0,0,0,1;
custom,cuboid,stone1,5,1,5,0,1,1,1,0.1,0.1,-795,5,2305,0,0,0,1;
custom,cuboid,stone1,5,1,5,0,1,1,1,0.1,0.1,-795,5,2355,0,0,0,1;
custom,cuboid,stone1,5,1,5,0,1,1,1,0.1,0.1,-795,5,2405,0,0,0,1;
custom,cuboid,stone1,5,1,5,0,1,1,1,0.1,0.1,-795,5,2455,0,0,0,1;
custom,cuboid,stone1,5,1,5,0,1,1,1,0.1,0.1,25,5,-425,0,0,0,1;
custom,cuboid,stone1,5,1,5,0,1,1,1,0.1,0.1,25,5,-475,0,0,0,1;
custom,cuboid,stone1,5,1,5,0,1,1,1,0.1,0.1,25,5,-525,0,0,0,1;
custom,cuboid,stone1,5,1,5,0,1,1,1,0.1,0.1,25,5,-575,0,0,0,1;
custom,cuboid,stone1,5,1,5,0,1,1,1,0.1,0.1,75,5,-425,0,0,0,1;
custom,cuboid,stone1,5,1,5,0,1,1,1,0.1,0.1,75,5,-475,0,0,0,1;
custom,cuboid,stone1,5,1,5,0,1,1,1,0.1,0.1,75,5,-525,0,0,0,1;
custom,cuboid,stone1,5,1,5,0,1,1,1,0.1,0.1,75,5,-575,0,0,0,1;
custom,field2,lava1,0.25,2,0.25,1,1,0.5,0.5,-0.05,0.05,-11.1188,22.85076,70.78925,0.3203693,-0.2197227,-0.7450498,-0.542205;
custom,field2,lava1,0.25,2,0.25,1,1,0.5,0.5,-0.05,0.05,-182.9803,63.87786,1713.205,-0.596402,-0.0555924,0.5758256,0.5564522;
custom,field2,lava1,0.25,2,0.25,1,1,0.5,0.5,-0.05,0.05,-21.68154,65.46661,-137.8305,0.6739793,0.6135214,-0.09882709,-0.3994706;
custom,field2,lava1,0.25,2,0.25,1,1,0.5,0.5,-0.05,0.05,-235.1534,36.31845,1646.366,-0.596402,-0.0555924,0.5758256,0.5564522;
custom,field2,lava1,0.25,2,0.25,1,1,0.5,0.5,-0.05,0.05,-25.86162,32.74748,1144.741,-0.2908657,0.1890695,0.7763169,0.5262907;
custom,field2,lava1,0.25,2,0.25,1,1,0.5,0.5,-0.05,0.05,-260.2636,63.87787,1604.375,-0.0107391,0.3561477,0.8289476,0.4311489;
custom,field2,lava1,0.25,2,0.25,1,1,0.5,0.5,-0.05,0.05,-29.09892,32.74748,1451.624,-0.2908657,0.1890695,0.7763169,0.5262907;
custom,field2,lava1,0.25,2,0.25,1,1,0.5,0.5,-0.05,0.05,-300.1665,63.87786,1713.205,-0.596402,-0.0555924,0.5758256,0.5564522;
custom,field2,lava1,0.25,2,0.25,1,1,0.5,0.5,-0.05,0.05,-326.6201,36.31846,1657.158,-0.0107391,0.3561477,0.8289476,0.4311489;
custom,field2,lava1,0.25,2,0.25,1,1,0.5,0.5,-0.05,0.05,-352.3397,36.31845,1646.366,-0.596402,-0.0555924,0.5758256,0.5564522;
custom,field2,lava1,0.25,2,0.25,1,1,0.5,0.5,-0.05,0.05,-373.2914,63.87786,1604.947,-0.007634455,0.3577588,0.828983,0.4298111;
custom,field2,lava1,0.25,2,0.25,1,1,0.5,0.5,-0.05,0.05,-41.74554,46.45818,1282.251,-0.7777032,-0.525378,-0.2871378,0.1915923;
custom,field2,lava1,0.25,2,0.25,1,1,0.5,0.5,-0.05,0.05,-420.9903,63.87786,1713.205,-0.596402,-0.0555924,0.5758256,0.5564522;
custom,field2,lava1,0.25,2,0.25,1,1,0.5,0.5,-0.05,0.05,-439.2498,36.31845,1658.226,-0.007634455,0.3577588,0.828983,0.4298111;
custom,field2,lava1,0.25,2,0.25,1,1,0.5,0.5,-0.05,0.05,-473.1635,36.31845,1646.366,-0.596402,-0.0555924,0.5758256,0.5564522;
custom,field2,lava1,0.25,2,0.25,1,1,0.5,0.5,-0.05,0.05,-475.6539,63.87787,1604.375,-0.0107391,0.3561477,0.8289476,0.4311489;
custom,field2,lava1,0.25,2,0.25,1,1,0.5,0.5,-0.05,0.05,-520.0307,63.87786,1713.205,-0.596402,-0.0555924,0.5758256,0.5564522;
custom,field2,lava1,0.25,2,0.25,1,1,0.5,0.5,-0.05,0.05,-542.0112,36.31846,1657.158,-0.0107391,0.3561477,0.8289476,0.4311489;
custom,field2,lava1,0.25,2,0.25,1,1,0.5,0.5,-0.05,0.05,-572.2039,36.31845,1646.366,-0.596402,-0.0555924,0.5758256,0.5564522;
custom,field2,lava1,0.25,2,0.25,1,1,0.5,0.5,-0.05,0.05,-59.38973,65.05536,-322.5072,0.7783962,0.5076017,0.3350138,0.1555817;
custom,field2,lava1,0.25,2,0.25,1,1,0.5,0.5,-0.05,0.05,-602.2047,63.87786,1604.947,-0.007634455,0.3577588,0.828983,0.4298111;
custom,field2,lava1,0.25,2,0.25,1,1,0.5,0.5,-0.05,0.05,-602.2047,63.87786,1825.719,-0.007634455,0.3577588,0.828983,0.4298111;
custom,field2,lava1,0.25,2,0.25,1,1,0.5,0.5,-0.05,0.05,-665.4636,63.87786,2193.85,-0.6557755,-0.1160877,0.5071793,0.5470387;
custom,field2,lava1,0.25,2,0.25,1,1,0.5,0.5,-0.05,0.05,-668.1632,36.31845,1658.226,-0.007634455,0.3577588,0.828983,0.4298111;
custom,field2,lava1,0.25,2,0.25,1,1,0.5,0.5,-0.05,0.05,-668.1632,36.31845,1878.998,-0.007634455,0.3577588,0.828983,0.4298111;
custom,field2,lava1,0.25,2,0.25,1,1,0.5,0.5,-0.05,0.05,-701.8615,36.31845,2117.27,-0.6557755,-0.1160877,0.5071793,0.5470387;
custom,field2,lava1,0.25,2,0.25,1,1,0.5,0.5,-0.05,0.05,-716.7267,36.31845,2146.358,-0.8273287,-0.4025439,0.05290883,0.3881833;
custom,field2,lava1,0.25,2,0.25,1,1,0.5,0.5,-0.05,0.05,-774.2255,63.87786,2208.672,-0.8273287,-0.4025439,0.05290883,0.3881833;
custom,field2,lava1,0.25,2,0.25,1,1,0.5,0.5,-0.05,0.05,-99.2617,58.36569,-72.87335,0.6739793,0.6135214,-0.09882709,-0.3994706;
custom,field2,lava1,0.25,2,0.25,1,1,0.5,0.5,-0.05,0.05,228.837,33.67064,911.4785,-0.811072,-0.1959188,0.3724904,0.4062376;
custom,field2,lava1,0.25,2,0.25,1,1,0.5,0.5,-0.05,0.05,228.9045,56.26525,913.9219,-0.7544615,-0.238227,0.3435977,0.5059411;
custom,field2,lava1,0.25,2,0.25,1,1,0.5,0.5,-0.05,0.05,228.9445,69.22158,915.3654,-0.6339647,-0.300184,0.2835518,0.6538935;
custom,field2,lava1,0.25,2,0.25,1,1,0.5,0.5,-0.05,0.05,23.03543,69.22158,951.9707,-0.4902532,-0.04593011,0.4918994,0.7180371;
custom,field2,lava1,0.25,2,0.25,1,1,0.5,0.5,-0.05,0.05,236.5297,48.54304,276.6817,0.1078488,-0.3292182,-0.7865387,-0.5112152;
custom,field2,lava1,0.25,2,0.25,1,1,0.5,0.5,-0.05,0.05,240.4894,53.8588,168.4574,0.4323469,-0.1143714,-0.5985873,-0.6645966;
custom,field2,lava1,0.25,2,0.25,1,1,0.5,0.5,-0.05,0.05,28.23079,23.84104,958.0229,-0.5812292,-0.04110531,0.5911372,0.5577095;
custom,field2,lava1,0.25,2,0.25,1,1,0.5,0.5,-0.05,0.05,29.39328,14.3551,1281.411,-0.7777032,-0.525378,-0.2871378,0.1915923;
custom,field2,lava1,0.25,2,0.25,1,1,0.5,0.5,-0.05,0.05,3.846947,56.4759,1682.019,-0.3430789,0.02363932,0.4190293,0.8403288;
custom,field2,lava1,0.25,2,0.25,1,1,0.5,0.5,-0.05,0.05,315.7327,69.28202,241.1217,0.1078488,-0.3292182,-0.7865387,-0.5112152;
custom,field2,lava1,0.25,2,0.25,1,1,0.5,0.5,-0.05,0.05,321.8364,66.60091,206.3609,0.4323469,-0.1143714,-0.5985873,-0.6645966;
custom,field2,lava1,0.25,2,0.25,1,1,0.5,0.5,-0.05,0.05,387.001,66.03108,221.9176,-0.7403661,-0.5734282,-0.2865908,0.2022472;
custom,field2,lava1,0.25,2,0.25,1,1,0.5,0.5,-0.05,0.05,42.04558,64.8505,1451.466,-0.2908657,0.1890695,0.7763169,0.5262907;
custom,field2,lava1,0.25,2,0.25,1,1,0.5,0.5,-0.05,0.05,45.28284,64.8505,1144.583,-0.2908657,0.1890695,0.7763169,0.5262907;
custom,field2,lava1,0.25,2,0.25,1,1,0.5,0.5,-0.05,0.05,468.1375,33.67062,974.3058,0.3612272,0.4034867,0.8161506,0.2015231;
custom,field2,lava1,0.25,2,0.25,1,1,0.5,0.5,-0.05,0.05,468.1375,56.26523,971.8608,0.3331212,0.5025946,0.7591459,0.2452072;
custom,field2,lava1,0.25,2,0.25,1,1,0.5,0.5,-0.05,0.05,468.1375,69.22156,970.4166,0.2747491,0.6496758,0.6378286,0.3092071;
custom,field2,lava1,0.25,2,0.25,1,1,0.5,0.5,-0.05,0.05,478.6415,43.10686,221.9176,-0.7403661,-0.5734282,-0.2865908,0.2022472;
custom,field2,lava1,0.25,2,0.25,1,1,0.5,0.5,-0.05,0.05,60.90267,76.9457,-209.169,0.6739793,0.6135214,-0.09882709,-0.3994706;
custom,field2,lava1,0.25,2,0.25,1,1,0.5,0.5,-0.05,0.05,61.23492,65.05536,-325.9569,0.3632966,0.2784382,0.765604,0.452038;
custom,field2,lava1,0.25,2,0.25,1,1,0.5,0.5,-0.05,0.05,61.7568,27.06962,1725.307,-0.3430789,0.02363932,0.4190293,0.8403288;
custom,field2,lava1,0.25,2,0.25,1,1,0.5,0.5,-0.05,0.05,635.2895,63.3125,372.0732,-0.7403661,-0.5734282,-0.2865908,0.2022472;
custom,field2,lava1,0.25,2,0.25,1,1,0.5,0.5,-0.05,0.05,635.2895,63.3125,793.3907,-0.7403661,-0.5734282,-0.2865908,0.2022472;
custom,field2,lava1,0.25,2,0.25,1,1,0.5,0.5,-0.05,0.05,7.116034,22.68342,-266.7875,0.7783962,0.5076017,0.3350138,0.1555817;
custom,field2,lava1,0.25,2,0.25,1,1,0.5,0.5,-0.05,0.05,7.3992,22.68342,-253.5952,0.3597624,0.2763499,0.7672718,0.4533165;
custom,field2,lava1,0.25,2,0.25,1,1,0.5,0.5,-0.05,0.05,727.8899,36.50606,376.8646,0.7421518,0.5721453,0.2819427,-0.205837;
custom,field2,lava1,0.25,2,0.25,1,1,0.5,0.5,-0.05,0.05,727.8899,36.50606,795.705,0.7421518,0.5721453,0.2819427,-0.205837;
custom,field2,lava1,0.25,2,0.25,1,1,0.5,0.5,-0.05,0.05,729.4572,42.02699,436.6298,0.285458,-0.2031233,-0.7408072,-0.5731138;
custom,field2,lava1,0.25,2,0.25,1,1,0.5,0.5,-0.05,0.05,729.4572,42.02699,759.5485,0.285458,-0.2031233,-0.7408072,-0.5731138;
custom,field2,lava1,0.25,2,0.25,1,1,0.5,0.5,-0.05,0.05,817.2343,63.31252,436.6298,0.285458,-0.2031233,-0.7408072,-0.5731138;
custom,field2,lava1,0.25,2,0.25,1,1,0.5,0.5,-0.05,0.05,817.2343,63.31252,762.7681,0.285458,-0.2031233,-0.7408072,-0.5731138;
custom,field2,lava1,0.25,2,0.25,1,1,0.5,0.5,-0.05,0.05,91.71264,61.11273,70.78925,0.3203693,-0.2197227,-0.7450498,-0.542205;
custom,field2,lava1,0.25,2,0.25,1,1,0.5,0.5,-0.05,0.05,92.35716,33.67065,1032.04,-0.6237271,-0.03733581,0.6383973,0.4494657;
custom,field2,lava1,0.25,2,0.25,1,1,0.5,0.5,-0.05,0.05,94.04205,56.26528,1033.811,-0.5812292,-0.04110531,0.5911372,0.5577095;
custom,field2,lava1,0.25,2,0.25,1,1,0.5,0.5,-0.05,0.05,95.03747,69.22158,1034.856,-0.4902532,-0.04593011,0.4918994,0.7180371;
custom,field2,lava1,0.9072368,7.257895,0.9072368,1,1,0.5,0.5,-0.05,0.05,842.9101,212.2586,1074.922,0.5169053,-0.08054819,-0.7633939,-0.3788809;
custom,field2,lava1,0.9072368,7.257895,0.9072368,1,1,0.5,0.5,-0.05,0.05,863.0004,212.2586,1067.152,0.7613298,0.06436282,-0.5199405,-0.3819638;
custom,log2,rock3,2.1,-2.1,0.2,0,1,1,1,0.1,1,-142.8904,49.99998,-38.92728,0,0.7071068,-0.7071068,0;
custom,log2,rock3,2.1,-2.1,0.2,0,1,1,1,0.1,1,-147.8984,49.99999,1516.107,-0.1703972,0.6862687,-0.6862687,-0.1703972;
custom,log2,rock3,2.1,-2.1,0.2,0,1,1,1,0.1,1,-162.6918,50.00002,1736.731,-0.372307,0.6011552,-0.6011552,-0.372307;
custom,log2,rock3,2.1,-2.1,0.2,0,1,1,1,0.1,1,-238.8282,50.00002,1584.641,0.5998018,0.3744833,-0.3744833,0.5998018;
custom,log2,rock3,2.1,-2.1,0.2,0,1,1,1,0.1,1,-288.8667,50.00002,1736.731,-0.372307,0.6011552,-0.6011552,-0.372307;
custom,log2,rock3,2.1,-2.1,0.2,0,1,1,1,0.1,1,-344.4768,50.00002,1585.405,0.5998018,0.3744833,-0.3744833,0.5998018;
custom,log2,rock3,2.1,-2.1,0.2,0,1,1,1,0.1,1,-399.8842,50.00002,1736.731,-0.372307,0.6011552,-0.6011552,-0.372307;
custom,log2,rock3,2.1,-2.1,0.2,0,1,1,1,0.1,1,-455.4917,50.00002,1586.206,0.5998018,0.3744833,-0.3744833,0.5998018;
custom,log2,rock3,2.1,-2.1,0.2,0,1,1,1,0.1,1,-505.5344,50.00002,1736.731,-0.372307,0.6011552,-0.6011552,-0.372307;
custom,log2,rock3,2.1,-2.1,0.2,0,1,1,1,0.1,1,-575.2582,49.99999,1804.646,-0.1703972,0.6862687,-0.6862687,-0.1703972;
custom,log2,rock3,2.1,-2.1,0.2,0,1,1,1,0.1,1,-581.663,50.00002,1587.119,0.5998018,0.3744833,-0.3744833,0.5998018;
custom,log2,rock3,2.1,-2.1,0.2,0,1,1,1,0.1,1,-652.9379,50.00001,2221.637,-0.372307,0.6011552,-0.6011552,-0.372307;
custom,log2,rock3,2.1,-2.1,0.2,0,1,1,1,0.1,1,-67.53664,50.00002,1281.356,-0.02967712,-0.7064838,0.7064838,-0.02967712;
custom,log2,rock3,2.1,-2.1,0.2,0,1,1,1,0.1,1,-75,50,-350,0,0.7071068,-0.7071068,0;
custom,log2,rock3,2.1,-2.1,0.2,0,1,1,1,0.1,1,-790.9921,50.00001,2221.637,-0.372307,0.6011552,-0.6011552,-0.372307;
custom,log2,rock3,2.1,-2.1,0.2,0,1,1,1,0.1,1,145.5822,50,74.58506,-0.6762599,0.2065735,-0.2065735,-0.6762599;
custom,log2,rock3,2.1,-2.1,0.2,0,1,1,1,0.1,1,146.9811,49.99999,1087.896,-0.1703972,0.6862687,-0.6862687,-0.1703972;
custom,log2,rock3,2.1,-2.1,0.2,0,1,1,1,0.1,1,229.765,49.99999,940.3759,-0.02967712,-0.7064838,0.7064838,-0.02967712;
custom,log2,rock3,2.1,-2.1,0.2,0,1,1,1,0.1,1,349.3063,49.99999,223.1238,0.7068511,-0.01901674,0.01901674,0.7068511;
custom,log2,rock3,2.1,-2.1,0.2,0,1,1,1,0.1,1,471.3379,49.99999,940.3759,-0.02967712,-0.7064838,0.7064838,-0.02967712;
custom,log2,rock3,2.1,-2.1,0.2,0,1,1,1,0.1,1,571.883,49.99999,791.713,-0.1703969,0.6862689,-0.6862689,-0.1703969;
custom,log2,rock3,2.1,-2.1,0.2,0,1,1,1,0.1,1,572.801,50,369.7925,-0.6762599,0.2065735,-0.2065735,-0.6762599;
custom,log2,rock3,2.1,-2.1,0.2,0,1,1,1,0.1,1,68.43641,50.00002,1143.576,-0.7058214,0.04261723,-0.04261723,-0.7058214;
custom,log2,rock3,2.1,-2.1,0.2,0,1,1,1,0.1,1,68.43641,50.00002,1451.641,-0.7058214,0.04261723,-0.04261723,-0.7058214;
custom,log2,rock3,2.1,-2.1,0.2,0,1,1,1,0.1,1,875.7949,50.00002,762.4909,-0.6833002,0.1819364,-0.1819364,-0.6833002;
custom,log2,rock3,2.1,-2.1,0.2,0,1,1,1,0.1,1,907.0292,49.99999,436.6398,0.7025075,-0.08051882,0.08051882,0.7025075;
custom,log2,rock3,2.1,2.1,0.2,0,1,1,1,0.1,1,75,50,-350,0.7071068,0,0,0.7071068;
custom,log2,rock3,7.756444,-7.756444,0.738709,0,1,1,1,0.1,1,909.675,181.9685,1137.211,-0.6044434,0.3669443,-0.3669443,-0.6044434;
custom,sphere,bombtex,12.92741,-12.92741,12.92741,1,1,0.5,0,1E+09,1E+09,907.5573,237.3723,1133.107,-0.971387,0,0.2375024,0;
custom,sphere,bombtex,13.11209,-13.11209,13.11209,1,1,0.5,0,1E+09,1E+09,907.5573,237.3723,1133.107,-0.971387,0,0.2375024,0;
custom,sphere,bombtex,3.5,-3.5,3.5,1,1,0.5,0,1E+09,1E+09,-141.6404,64.99998,-38.92728,-0.7071068,0,-0.7071068,0;
custom,sphere,bombtex,3.5,-3.5,3.5,1,1,0.5,0,1E+09,1E+09,-162.1309,65.00003,1735.614,-0.9734629,0,-0.228845,0;
custom,sphere,bombtex,3.5,-3.5,3.5,1,1,0.5,0,1E+09,1E+09,-239.3799,65.00003,1585.762,0.2253161,0,-0.9742857,0;
custom,sphere,bombtex,3.5,-3.5,3.5,1,1,0.5,0,1E+09,1E+09,-288.3058,65.00003,1735.614,-0.9734629,0,-0.228845,0;
custom,sphere,bombtex,3.5,-3.5,3.5,1,1,0.5,0,1E+09,1E+09,-345.0297,65.00003,1586.526,0.2253161,0,-0.9742857,0;
custom,sphere,bombtex,3.5,-3.5,3.5,1,1,0.5,0,1E+09,1E+09,-399.3233,65.00003,1735.614,-0.9734629,0,-0.228845,0;
custom,sphere,bombtex,3.5,-3.5,3.5,1,1,0.5,0,1E+09,1E+09,-456.0438,65.00003,1587.328,0.2253161,0,-0.9742857,0;
custom,sphere,bombtex,3.5,-3.5,3.5,1,1,0.5,0,1E+09,1E+09,-504.9735,65.00003,1735.614,-0.9734629,0,-0.228845,0;
custom,sphere,bombtex,3.5,-3.5,3.5,1,1,0.5,0,1E+09,1E+09,-574.1528,65,1804.061,-0.8566656,0,-0.5158721,0;
custom,sphere,bombtex,3.5,-3.5,3.5,1,1,0.5,0,1E+09,1E+09,-582.215,65.00003,1588.24,0.2253161,0,-0.9742857,0;
custom,sphere,bombtex,3.5,-3.5,3.5,1,1,0.5,0,1E+09,1E+09,-652.377,65.00002,2220.52,-0.9734629,0,-0.228845,0;
custom,sphere,bombtex,3.5,-3.5,3.5,1,1,0.5,0,1E+09,1E+09,-66.28957,65.00003,1281.461,0.6768076,0,0.73616,0;
custom,sphere,bombtex,3.5,-3.5,3.5,1,1,0.5,0,1E+09,1E+09,-73.75,65,-350,-0.7071068,0,-0.7071068,0;
custom,sphere,bombtex,3.5,-3.5,3.5,1,1,0.5,0,1E+09,1E+09,-790.4313,65.00002,2220.52,-0.9734629,0,-0.228845,0;
custom,sphere,bombtex,3.5,-3.5,3.5,1,1,0.5,0,1E+09,1E+09,144.5457,65,73.8867,-0.8828341,0,0.4696851,0;
custom,sphere,bombtex,3.5,-3.5,3.5,1,1,0.5,0,1E+09,1E+09,148.0865,65,1087.311,-0.8566656,0,-0.5158721,0;
custom,sphere,bombtex,3.5,-3.5,3.5,1,1,0.5,0,1E+09,1E+09,231.0121,65,940.4802,0.6768076,0,0.73616,0;
custom,sphere,bombtex,3.5,-3.5,3.5,1,1,0.5,0,1E+09,1E+09,348.0569,65,223.0571,0.725867,0,-0.687835,0;
custom,sphere,bombtex,3.5,-3.5,3.5,1,1,0.5,0,1E+09,1E+09,472.585,65,940.4802,0.6768076,0,0.73616,0;
custom,sphere,bombtex,3.5,-3.5,3.5,1,1,0.5,0,1E+09,1E+09,571.7645,65,369.0941,-0.8828341,0,0.4696851,0;
custom,sphere,bombtex,3.5,-3.5,3.5,1,1,0.5,0,1E+09,1E+09,572.9883,65,791.1278,-0.856665,0,-0.5158731,0;
custom,sphere,bombtex,3.5,-3.5,3.5,1,1,0.5,0,1E+09,1E+09,67.19511,65.00003,1143.421,-0.748438,0,0.6632048,0;
custom,sphere,bombtex,3.5,-3.5,3.5,1,1,0.5,0,1E+09,1E+09,67.19511,65.00003,1451.486,-0.748438,0,0.6632048,0;
custom,sphere,bombtex,3.5,-3.5,3.5,1,1,0.5,0,1E+09,1E+09,79.84951,15.80377,1738.368,-0.8566656,0,-0.5158721,0;
custom,sphere,bombtex,3.5,-3.5,3.5,1,1,0.5,0,1E+09,1E+09,874.7083,65.00003,761.8695,-0.8652358,0,0.5013651,0;
custom,sphere,bombtex,3.5,-3.5,3.5,1,1,0.5,0,1E+09,1E+09,905.8104,65,436.3571,0.7830254,0,-0.6219898,0;
custom,sphere,bombtex,3.5,3.5,3.5,1,1,0.5,0,1E+09,1E+09,73.75,65,-350,0,-0.7071068,0,0.7071068;
custom,sphere,bombtex,3.55,-3.55,3.55,1,1,0.5,0,1E+09,1E+09,-141.6404,64.99998,-38.92728,-0.7071068,0,-0.7071068,0;
custom,sphere,bombtex,3.55,-3.55,3.55,1,1,0.5,0,1E+09,1E+09,-162.1309,65.00003,1735.614,-0.9734629,0,-0.228845,0;
custom,sphere,bombtex,3.55,-3.55,3.55,1,1,0.5,0,1E+09,1E+09,-239.3799,65.00003,1585.762,0.2253161,0,-0.9742857,0;
custom,sphere,bombtex,3.55,-3.55,3.55,1,1,0.5,0,1E+09,1E+09,-288.3058,65.00003,1735.614,-0.9734629,0,-0.228845,0;
custom,sphere,bombtex,3.55,-3.55,3.55,1,1,0.5,0,1E+09,1E+09,-345.0297,65.00003,1586.526,0.2253161,0,-0.9742857,0;
custom,sphere,bombtex,3.55,-3.55,3.55,1,1,0.5,0,1E+09,1E+09,-399.3233,65.00003,1735.614,-0.9734629,0,-0.228845,0;
custom,sphere,bombtex,3.55,-3.55,3.55,1,1,0.5,0,1E+09,1E+09,-456.0438,65.00003,1587.328,0.2253161,0,-0.9742857,0;
custom,sphere,bombtex,3.55,-3.55,3.55,1,1,0.5,0,1E+09,1E+09,-504.9735,65.00003,1735.614,-0.9734629,0,-0.228845,0;
custom,sphere,bombtex,3.55,-3.55,3.55,1,1,0.5,0,1E+09,1E+09,-574.1528,65,1804.061,-0.8566656,0,-0.5158721,0;
custom,sphere,bombtex,3.55,-3.55,3.55,1,1,0.5,0,1E+09,1E+09,-582.215,65.00003,1588.24,0.2253161,0,-0.9742857,0;
custom,sphere,bombtex,3.55,-3.55,3.55,1,1,0.5,0,1E+09,1E+09,-652.377,65.00002,2220.52,-0.9734629,0,-0.228845,0;
custom,sphere,bombtex,3.55,-3.55,3.55,1,1,0.5,0,1E+09,1E+09,-66.28957,65.00003,1281.461,0.6768076,0,0.73616,0;
custom,sphere,bombtex,3.55,-3.55,3.55,1,1,0.5,0,1E+09,1E+09,-73.75,65,-350,-0.7071068,0,-0.7071068,0;
custom,sphere,bombtex,3.55,-3.55,3.55,1,1,0.5,0,1E+09,1E+09,-790.4313,65.00002,2220.52,-0.9734629,0,-0.228845,0;
custom,sphere,bombtex,3.55,-3.55,3.55,1,1,0.5,0,1E+09,1E+09,144.5457,65,73.8867,-0.8828341,0,0.4696851,0;
custom,sphere,bombtex,3.55,-3.55,3.55,1,1,0.5,0,1E+09,1E+09,148.0865,65,1087.311,-0.8566656,0,-0.5158721,0;
custom,sphere,bombtex,3.55,-3.55,3.55,1,1,0.5,0,1E+09,1E+09,231.0121,65,940.4802,0.6768076,0,0.73616,0;
custom,sphere,bombtex,3.55,-3.55,3.55,1,1,0.5,0,1E+09,1E+09,348.0569,65,223.0571,0.725867,0,-0.687835,0;
custom,sphere,bombtex,3.55,-3.55,3.55,1,1,0.5,0,1E+09,1E+09,472.585,65,940.4802,0.6768076,0,0.73616,0;
custom,sphere,bombtex,3.55,-3.55,3.55,1,1,0.5,0,1E+09,1E+09,571.7645,65,369.0941,-0.8828341,0,0.4696851,0;
custom,sphere,bombtex,3.55,-3.55,3.55,1,1,0.5,0,1E+09,1E+09,572.9883,65,791.1278,-0.856665,0,-0.5158731,0;
custom,sphere,bombtex,3.55,-3.55,3.55,1,1,0.5,0,1E+09,1E+09,67.19511,65.00003,1143.421,-0.748438,0,0.6632048,0;
custom,sphere,bombtex,3.55,-3.55,3.55,1,1,0.5,0,1E+09,1E+09,67.19511,65.00003,1451.486,-0.748438,0,0.6632048,0;
custom,sphere,bombtex,3.55,-3.55,3.55,1,1,0.5,0,1E+09,1E+09,79.84951,15.80377,1738.368,-0.8566656,0,-0.5158721,0;
custom,sphere,bombtex,3.55,-3.55,3.55,1,1,0.5,0,1E+09,1E+09,874.7083,65.00003,761.8695,-0.8652358,0,0.5013651,0;
custom,sphere,bombtex,3.55,-3.55,3.55,1,1,0.5,0,1E+09,1E+09,905.8104,65,436.3571,0.7830254,0,-0.6219898,0;
custom,sphere,bombtex,3.55,3.55,3.55,1,1,0.5,0,1E+09,1E+09,73.75,65,-350,0,-0.7071068,0,0.7071068;
custom,sphere,metal1,12.00402,-12.00402,12.00402,1,1,0.75,0,0.1,0.1,907.5573,237.3723,1133.107,-0.971387,0,0.2375024,0;
custom,sphere,metal1,3.25,-3.25,3.25,1,1,0.75,0,0.1,0.1,-141.6404,64.99998,-38.92728,-0.7071068,0,-0.7071068,0;
custom,sphere,metal1,3.25,-3.25,3.25,1,1,0.75,0,0.1,0.1,-162.1309,65.00003,1735.614,-0.9734629,0,-0.228845,0;
custom,sphere,metal1,3.25,-3.25,3.25,1,1,0.75,0,0.1,0.1,-239.3799,65.00003,1585.762,0.2253161,0,-0.9742857,0;
custom,sphere,metal1,3.25,-3.25,3.25,1,1,0.75,0,0.1,0.1,-288.3058,65.00003,1735.614,-0.9734629,0,-0.228845,0;
custom,sphere,metal1,3.25,-3.25,3.25,1,1,0.75,0,0.1,0.1,-345.0297,65.00003,1586.526,0.2253161,0,-0.9742857,0;
custom,sphere,metal1,3.25,-3.25,3.25,1,1,0.75,0,0.1,0.1,-399.3233,65.00003,1735.614,-0.9734629,0,-0.228845,0;
custom,sphere,metal1,3.25,-3.25,3.25,1,1,0.75,0,0.1,0.1,-456.0438,65.00003,1587.328,0.2253161,0,-0.9742857,0;
custom,sphere,metal1,3.25,-3.25,3.25,1,1,0.75,0,0.1,0.1,-504.9735,65.00003,1735.614,-0.9734629,0,-0.228845,0;
custom,sphere,metal1,3.25,-3.25,3.25,1,1,0.75,0,0.1,0.1,-574.1528,65,1804.061,-0.8566656,0,-0.5158721,0;
custom,sphere,metal1,3.25,-3.25,3.25,1,1,0.75,0,0.1,0.1,-582.215,65.00003,1588.24,0.2253161,0,-0.9742857,0;
custom,sphere,metal1,3.25,-3.25,3.25,1,1,0.75,0,0.1,0.1,-652.377,65.00002,2220.52,-0.9734629,0,-0.228845,0;
custom,sphere,metal1,3.25,-3.25,3.25,1,1,0.75,0,0.1,0.1,-66.28957,65.00003,1281.461,0.6768076,0,0.73616,0;
custom,sphere,metal1,3.25,-3.25,3.25,1,1,0.75,0,0.1,0.1,-73.75,65,-350,-0.7071068,0,-0.7071068,0;
custom,sphere,metal1,3.25,-3.25,3.25,1,1,0.75,0,0.1,0.1,-790.4313,65.00002,2220.52,-0.9734629,0,-0.228845,0;
custom,sphere,metal1,3.25,-3.25,3.25,1,1,0.75,0,0.1,0.1,144.5457,65,73.8867,-0.8828341,0,0.4696851,0;
custom,sphere,metal1,3.25,-3.25,3.25,1,1,0.75,0,0.1,0.1,148.0865,65,1087.311,-0.8566656,0,-0.5158721,0;
custom,sphere,metal1,3.25,-3.25,3.25,1,1,0.75,0,0.1,0.1,231.0121,65,940.4802,0.6768076,0,0.73616,0;
custom,sphere,metal1,3.25,-3.25,3.25,1,1,0.75,0,0.1,0.1,348.0569,65,223.0571,0.725867,0,-0.687835,0;
custom,sphere,metal1,3.25,-3.25,3.25,1,1,0.75,0,0.1,0.1,472.585,65,940.4802,0.6768076,0,0.73616,0;
custom,sphere,metal1,3.25,-3.25,3.25,1,1,0.75,0,0.1,0.1,571.7645,65,369.0941,-0.8828341,0,0.4696851,0;
custom,sphere,metal1,3.25,-3.25,3.25,1,1,0.75,0,0.1,0.1,572.9883,65,791.1278,-0.856665,0,-0.5158731,0;
custom,sphere,metal1,3.25,-3.25,3.25,1,1,0.75,0,0.1,0.1,67.19511,65.00003,1143.421,-0.748438,0,0.6632048,0;
custom,sphere,metal1,3.25,-3.25,3.25,1,1,0.75,0,0.1,0.1,67.19511,65.00003,1451.486,-0.748438,0,0.6632048,0;
custom,sphere,metal1,3.25,-3.25,3.25,1,1,0.75,0,0.1,0.1,79.84951,15.80377,1738.368,-0.8566656,0,-0.5158721,0;
custom,sphere,metal1,3.25,-3.25,3.25,1,1,0.75,0,0.1,0.1,874.7083,65.00003,761.8695,-0.8652358,0,0.5013651,0;
custom,sphere,metal1,3.25,-3.25,3.25,1,1,0.75,0,0.1,0.1,905.8104,65,436.3571,0.7830254,0,-0.6219898,0;
custom,sphere,metal1,3.25,3.25,3.25,1,1,0.75,0,0.1,0.1,73.75,65,-350,0,-0.7071068,0,0.7071068;
custom,tree1,rock3,-1.5,1.5,1.5,0,1,1,1,0.1,0.1,-142.8904,-200.0001,-38.92728,0,0,0,1;
custom,tree1,rock3,-1.5,1.5,1.5,0,1,1,1,0.1,0.1,-147.8984,-200.0001,1516.107,0,0.2409779,0,0.9705307;
custom,tree1,rock3,-1.5,1.5,1.5,0,1,1,1,0.1,0.1,-162.6918,-200,1736.731,0,0.5265267,0,0.8501586;
custom,tree1,rock3,-1.5,1.5,1.5,0,1,1,1,0.1,0.1,-238.8282,-200,1584.641,0,-0.8482451,0,0.5296038;
custom,tree1,rock3,-1.5,1.5,1.5,0,1,1,1,0.1,0.1,-288.8667,-200,1736.731,0,0.5265267,0,0.8501586;
custom,tree1,rock3,-1.5,1.5,1.5,0,1,1,1,0.1,0.1,-344.4768,-200,1585.405,0,-0.8482451,0,0.5296038;
custom,tree1,rock3,-1.5,1.5,1.5,0,1,1,1,0.1,0.1,-399.8842,-200,1736.731,0,0.5265267,0,0.8501586;
custom,tree1,rock3,-1.5,1.5,1.5,0,1,1,1,0.1,0.1,-455.4917,-200,1586.206,0,-0.8482451,0,0.5296038;
custom,tree1,rock3,-1.5,1.5,1.5,0,1,1,1,0.1,0.1,-505.5344,-200,1736.731,0,0.5265267,0,0.8501586;
custom,tree1,rock3,-1.5,1.5,1.5,0,1,1,1,0.1,0.1,-575.2582,-200.0001,1804.646,0,0.2409779,0,0.9705307;
custom,tree1,rock3,-1.5,1.5,1.5,0,1,1,1,0.1,0.1,-581.663,-200,1587.119,0,-0.8482451,0,0.5296038;
custom,tree1,rock3,-1.5,1.5,1.5,0,1,1,1,0.1,0.1,-652.9379,-200,2221.637,0,0.5265267,0,0.8501586;
custom,tree1,rock3,-1.5,1.5,1.5,0,1,1,1,0.1,0.1,-67.53664,-200,1281.356,0,0.04196999,0,-0.9991189;
custom,tree1,rock3,-1.5,1.5,1.5,0,1,1,1,0.1,0.1,-75,-200,-350,0,0,0,1;
custom,tree1,rock3,-1.5,1.5,1.5,0,1,1,1,0.1,0.1,-790.9921,-200,2221.637,0,0.5265267,0,0.8501586;
custom,tree1,rock3,-1.5,1.5,1.5,0,1,1,1,0.1,0.1,145.5822,-200.0001,74.58506,0,0.9563758,0,0.2921394;
custom,tree1,rock3,-1.5,1.5,1.5,0,1,1,1,0.1,0.1,146.9811,-200.0001,1087.896,0,0.2409779,0,0.9705307;
custom,tree1,rock3,-1.5,1.5,1.5,0,1,1,1,0.1,0.1,229.765,-200.0001,940.3759,0,0.04196999,0,-0.9991189;
custom,tree1,rock3,-1.5,1.5,1.5,0,1,1,1,0.1,0.1,349.3063,-200.0001,223.1238,0,-0.9996384,0,-0.02689259;
custom,tree1,rock3,-1.5,1.5,1.5,0,1,1,1,0.1,0.1,471.3379,-200.0001,940.3759,0,0.04196999,0,-0.9991189;
custom,tree1,rock3,-1.5,1.5,1.5,0,1,1,1,0.1,0.1,571.883,-200.0001,791.713,0,0.2409764,0,0.970531;
custom,tree1,rock3,-1.5,1.5,1.5,0,1,1,1,0.1,0.1,572.801,-200.0001,369.7925,0,0.9563758,0,0.2921394;
custom,tree1,rock3,-1.5,1.5,1.5,0,1,1,1,0.1,0.1,68.43641,-200,1143.576,0,0.9981822,0,0.06026898;
custom,tree1,rock3,-1.5,1.5,1.5,0,1,1,1,0.1,0.1,68.43641,-200,1451.641,0,0.9981822,0,0.06026898;
custom,tree1,rock3,-1.5,1.5,1.5,0,1,1,1,0.1,0.1,75,-200,-350,0,0,0,1;
custom,tree1,rock3,-1.5,1.5,1.5,0,1,1,1,0.1,0.1,875.7949,-200,762.4909,0,0.9663323,0,0.2572975;
custom,tree1,rock3,-1.5,1.5,1.5,0,1,1,1,0.1,0.1,907.0292,-200.0001,436.6398,0,-0.9934955,0,-0.1138716;
custom,tree1,rock3,-5.540325,5.540325,5.540325,0,1,1,1,0.1,0.1,909.675,-741.422,1137.211,0,0.8548151,0,0.5189328;
custom,tree1,rock3,1.5,1.5,1.5,0,1,1,1,0.1,0.1,-142.8904,-200.0001,-38.92728,0,0,0,1;
custom,tree1,rock3,1.5,1.5,1.5,0,1,1,1,0.1,0.1,-147.8984,-200.0001,1516.107,0,0.2409779,0,0.9705307;
custom,tree1,rock3,1.5,1.5,1.5,0,1,1,1,0.1,0.1,-162.6918,-200,1736.731,0,0.5265267,0,0.8501586;
custom,tree1,rock3,1.5,1.5,1.5,0,1,1,1,0.1,0.1,-238.8282,-200,1584.641,0,-0.8482451,0,0.5296038;
custom,tree1,rock3,1.5,1.5,1.5,0,1,1,1,0.1,0.1,-288.8667,-200,1736.731,0,0.5265267,0,0.8501586;
custom,tree1,rock3,1.5,1.5,1.5,0,1,1,1,0.1,0.1,-344.4768,-200,1585.405,0,-0.8482451,0,0.5296038;
custom,tree1,rock3,1.5,1.5,1.5,0,1,1,1,0.1,0.1,-399.8842,-200,1736.731,0,0.5265267,0,0.8501586;
custom,tree1,rock3,1.5,1.5,1.5,0,1,1,1,0.1,0.1,-455.4917,-200,1586.206,0,-0.8482451,0,0.5296038;
custom,tree1,rock3,1.5,1.5,1.5,0,1,1,1,0.1,0.1,-505.5344,-200,1736.731,0,0.5265267,0,0.8501586;
custom,tree1,rock3,1.5,1.5,1.5,0,1,1,1,0.1,0.1,-575.2582,-200.0001,1804.646,0,0.2409779,0,0.9705307;
custom,tree1,rock3,1.5,1.5,1.5,0,1,1,1,0.1,0.1,-581.663,-200,1587.119,0,-0.8482451,0,0.5296038;
custom,tree1,rock3,1.5,1.5,1.5,0,1,1,1,0.1,0.1,-652.9379,-200,2221.637,0,0.5265267,0,0.8501586;
custom,tree1,rock3,1.5,1.5,1.5,0,1,1,1,0.1,0.1,-67.53664,-200,1281.356,0,0.04196999,0,-0.9991189;
custom,tree1,rock3,1.5,1.5,1.5,0,1,1,1,0.1,0.1,-75,-200,-350,0,0,0,1;
custom,tree1,rock3,1.5,1.5,1.5,0,1,1,1,0.1,0.1,-790.9921,-200,2221.637,0,0.5265267,0,0.8501586;
custom,tree1,rock3,1.5,1.5,1.5,0,1,1,1,0.1,0.1,145.5822,-200.0001,74.58506,0,0.9563758,0,0.2921394;
custom,tree1,rock3,1.5,1.5,1.5,0,1,1,1,0.1,0.1,146.9811,-200.0001,1087.896,0,0.2409779,0,0.9705307;
custom,tree1,rock3,1.5,1.5,1.5,0,1,1,1,0.1,0.1,229.765,-200.0001,940.3759,0,0.04196999,0,-0.9991189;
custom,tree1,rock3,1.5,1.5,1.5,0,1,1,1,0.1,0.1,349.3063,-200.0001,223.1238,0,-0.9996384,0,-0.02689259;
custom,tree1,rock3,1.5,1.5,1.5,0,1,1,1,0.1,0.1,471.3379,-200.0001,940.3759,0,0.04196999,0,-0.9991189;
custom,tree1,rock3,1.5,1.5,1.5,0,1,1,1,0.1,0.1,571.883,-200.0001,791.713,0,0.2409764,0,0.970531;
custom,tree1,rock3,1.5,1.5,1.5,0,1,1,1,0.1,0.1,572.801,-200.0001,369.7925,0,0.9563758,0,0.2921394;
custom,tree1,rock3,1.5,1.5,1.5,0,1,1,1,0.1,0.1,68.43641,-200,1143.576,0,0.9981822,0,0.06026898;
custom,tree1,rock3,1.5,1.5,1.5,0,1,1,1,0.1,0.1,68.43641,-200,1451.641,0,0.9981822,0,0.06026898;
custom,tree1,rock3,1.5,1.5,1.5,0,1,1,1,0.1,0.1,75,-200,-350,0,0,0,1;
custom,tree1,rock3,1.5,1.5,1.5,0,1,1,1,0.1,0.1,875.7949,-200,762.4909,0,0.9663323,0,0.2572975;
custom,tree1,rock3,1.5,1.5,1.5,0,1,1,1,0.1,0.1,907.0292,-200.0001,436.6398,0,-0.9934955,0,-0.1138716;
custom,tree1,rock3,5.540325,5.540325,5.540325,0,1,1,1,0.1,0.1,909.675,-741.422,1137.211,0,0.8548151,0,0.5189328;
custom,trunk1,rock3,2,3,2,0,1,1,1,1,1,-142.8904,-1.525879E-05,-38.92728,0,0,0,1;
custom,trunk1,rock3,2,3,2,0,1,1,1,1,1,-147.8984,0,1516.107,0,0.2409779,0,0.9705307;
custom,trunk1,rock3,2,3,2,0,1,1,1,1,1,-162.6918,3.051758E-05,1736.731,0,0.5265267,0,0.8501586;
custom,trunk1,rock3,2,3,2,0,1,1,1,1,1,-238.8282,3.051758E-05,1584.641,0,-0.8482451,0,0.5296038;
custom,trunk1,rock3,2,3,2,0,1,1,1,1,1,-288.8667,3.051758E-05,1736.731,0,0.5265267,0,0.8501586;
custom,trunk1,rock3,2,3,2,0,1,1,1,1,1,-344.4768,3.051758E-05,1585.405,0,-0.8482451,0,0.5296038;
custom,trunk1,rock3,2,3,2,0,1,1,1,1,1,-399.8842,3.051758E-05,1736.731,0,0.5265267,0,0.8501586;
custom,trunk1,rock3,2,3,2,0,1,1,1,1,1,-455.4917,3.051758E-05,1586.206,0,-0.8482451,0,0.5296038;
custom,trunk1,rock3,2,3,2,0,1,1,1,1,1,-505.5344,3.051758E-05,1736.731,0,0.5265267,0,0.8501586;
custom,trunk1,rock3,2,3,2,0,1,1,1,1,1,-575.2582,0,1804.646,0,0.2409779,0,0.9705307;
custom,trunk1,rock3,2,3,2,0,1,1,1,1,1,-581.663,3.051758E-05,1587.119,0,-0.8482451,0,0.5296038;
custom,trunk1,rock3,2,3,2,0,1,1,1,1,1,-652.9379,1.525879E-05,2221.637,0,0.5265267,0,0.8501586;
custom,trunk1,rock3,2,3,2,0,1,1,1,1,1,-67.53664,3.051758E-05,1281.356,0,0.04196999,0,-0.9991189;
custom,trunk1,rock3,2,3,2,0,1,1,1,1,1,-75,0,-350,0,0,0,1;
custom,trunk1,rock3,2,3,2,0,1,1,1,1,1,-790.9921,1.525879E-05,2221.637,0,0.5265267,0,0.8501586;
custom,trunk1,rock3,2,3,2,0,1,1,1,1,1,145.5822,0,74.58506,0,0.9563758,0,0.2921394;
custom,trunk1,rock3,2,3,2,0,1,1,1,1,1,146.9811,0,1087.896,0,0.2409779,0,0.9705307;
custom,trunk1,rock3,2,3,2,0,1,1,1,1,1,229.765,0,940.3759,0,0.04196999,0,-0.9991189;
custom,trunk1,rock3,2,3,2,0,1,1,1,1,1,349.3063,0,223.1238,0,-0.9996384,0,-0.02689259;
custom,trunk1,rock3,2,3,2,0,1,1,1,1,1,471.3379,0,940.3759,0,0.04196999,0,-0.9991189;
custom,trunk1,rock3,2,3,2,0,1,1,1,1,1,571.883,0,791.713,0,0.2409764,0,0.970531;
custom,trunk1,rock3,2,3,2,0,1,1,1,1,1,572.801,0,369.7925,0,0.9563758,0,0.2921394;
custom,trunk1,rock3,2,3,2,0,1,1,1,1,1,68.43641,3.051758E-05,1143.576,0,0.9981822,0,0.06026898;
custom,trunk1,rock3,2,3,2,0,1,1,1,1,1,68.43641,3.051758E-05,1451.641,0,0.9981822,0,0.06026898;
custom,trunk1,rock3,2,3,2,0,1,1,1,1,1,75,0,-350,0,0,0,1;
custom,trunk1,rock3,2,3,2,0,1,1,1,1,1,875.7949,3.051758E-05,762.4909,0,0.9663323,0,0.2572975;
custom,trunk1,rock3,2,3,2,0,1,1,1,1,1,907.0292,0,436.6398,0,-0.9934955,0,-0.1138716;
custom,trunk1,rock3,7.387095,11.08065,7.387095,0,1,1,1,1,1,909.675,-2.708389,1137.211,0,0.8548151,0,0.5189328;
misc,barrier,1000,1,1000,0,105,0,0,0,0,1;

custom,killplane,transparent0.1,1000,0.9,1000,1,1,0.75,0,1,1,0,110,0,0,0,0,1;
custom,killplane,transparent0.075,1000,0.9,1000,1,1,0.75,0,1,1,0,115,0,0,0,0,1;
custom,killplane,transparent0.075,1000,0.9,1000,1,1,0.75,0,1,1,0,120,0,0,0,0,1;

custom,killcuboid,transparent0.075,1000,0.9,1000,1,1,0,0,1,1,0,5,0,0,0,0,1;
custom,killcuboid,transparent0.1,1000,0.9,1000,1,1,0,0,1,1,0,7.5,0,0,0,0,1;

racing,endCuboid,4,4,1,-720,50,2275,0,0,0,1;
racing,killCuboid,0.5,4,1,-105,50,1637.5,0,-0.7071068,0,-0.7071068;
racing,killCuboid,0.5,4,1,-105,50,1682.5,0,-0.7071068,0,-0.7071068;
racing,killCuboid,0.5,4,1,-22.5,50,-395,0,0,0,1;
racing,killCuboid,0.5,4,1,-22.5,50,1045,0,0,0,-1;
racing,killCuboid,0.5,4,1,-22.5,50,115,0,0,0,1;
racing,killCuboid,0.5,4,1,-22.5,50,1555,0,0,0,-1;
racing,killCuboid,0.5,4,1,-615,50,1637.5,0,-0.7071068,0,-0.7071068;
racing,killCuboid,0.5,4,1,-615,50,1682.5,0,-0.7071068,0,-0.7071068;
racing,killCuboid,0.5,4,1,-697.5,50,1765,0,-1,0,0;
racing,killCuboid,0.5,4,1,-697.5,50,2275,0,-1,0,0;
racing,killCuboid,0.5,4,1,-742.5,50,1765,0,-1,0,0;
racing,killCuboid,0.5,4,1,-742.5,50,2275,0,-1,0,0;
racing,killCuboid,0.5,4,1,105,50,197.5,0,0.7071068,0,0.7071068;
racing,killCuboid,0.5,4,1,105,50,242.5,0,0.7071068,0,0.7071068;
racing,killCuboid,0.5,4,1,105,50,917.5,0,0.7071068,0,-0.7071068;
racing,killCuboid,0.5,4,1,105,50,962.5,0,0.7071068,0,-0.7071068;
racing,killCuboid,0.5,4,1,22.5,50,-395,0,0,0,1;
racing,killCuboid,0.5,4,1,22.5,50,1045,0,0,0,-1;
racing,killCuboid,0.5,4,1,22.5,50,115,0,0,0,1;
racing,killCuboid,0.5,4,1,22.5,50,1555,0,0,0,-1;
racing,killCuboid,0.5,4,1,615,50,197.5,0,0.7071068,0,0.7071068;
racing,killCuboid,0.5,4,1,615,50,242.5,0,0.7071068,0,0.7071068;
racing,killCuboid,0.5,4,1,615,50,917.5,0,0.7071068,0,-0.7071068;
racing,killCuboid,0.5,4,1,615,50,962.5,0,0.7071068,0,-0.7071068;
racing,killCuboid,0.5,4,1,697.5,50,325,0,1,0,0;
racing,killCuboid,0.5,4,1,697.5,50,835,0,1,0,0;
racing,killCuboid,0.5,4,1,742.5,50,325,0,1,0,0;
racing,killCuboid,0.5,4,1,742.5,50,835,0,1,0,0;
racing,killCuboid,20,10,1,-105,50,-500,0,0.7071068,0,0.7071068;
racing,killCuboid,20,10,1,0,50,-605,0,0,0,1;
racing,killCuboid,20,10,1,105,50,-500,0,0.7071068,0,0.7071068;
racing,killCuboid,4,3,1,-105,15,1660,0,-0.7071068,0,-0.7071068;
racing,killCuboid,4,3,1,-105,85,1660,0,-0.7071068,0,-0.7071068;
racing,killCuboid,4,3,1,-615,15,1660,0,-0.7071068,0,-0.7071068;
racing,killCuboid,4,3,1,-615,85,1660,0,-0.7071068,0,-0.7071068;
racing,killCuboid,4,3,1,-720,15,1765,0,-1,0,0;
racing,killCuboid,4,3,1,-720,15,2275,0,-1,0,0;
racing,killCuboid,4,3,1,-720,85,1765,0,-1,0,0;
racing,killCuboid,4,3,1,-720,85,2275,0,-1,0,0;
racing,killCuboid,4,3,1,0,15,-395,0,0,0,1;
racing,killCuboid,4,3,1,0,15,1045,0,0,0,-1;
racing,killCuboid,4,3,1,0,15,115,0,0,0,1;
racing,killCuboid,4,3,1,0,15,1555,0,0,0,-1;
racing,killCuboid,4,3,1,0,85,-395,0,0,0,1;
racing,killCuboid,4,3,1,0,85,1045,0,0,0,-1;
racing,killCuboid,4,3,1,0,85,115,0,0,0,1;
racing,killCuboid,4,3,1,0,85,1555,0,0,0,-1;
racing,killCuboid,4,3,1,105,15,220,0,0.7071068,0,0.7071068;
racing,killCuboid,4,3,1,105,15,940,0,0.7071068,0,-0.7071068;
racing,killCuboid,4,3,1,105,85,220,0,0.7071068,0,0.7071068;
racing,killCuboid,4,3,1,105,85,940,0,0.7071068,0,-0.7071068;
racing,killCuboid,4,3,1,615,15,220,0,0.7071068,0,0.7071068;
racing,killCuboid,4,3,1,615,15,940,0,0.7071068,0,-0.7071068;
racing,killCuboid,4,3,1,615,85,220,0,0.7071068,0,0.7071068;
racing,killCuboid,4,3,1,615,85,940,0,0.7071068,0,-0.7071068;
racing,killCuboid,4,3,1,720,15,325,0,1,0,0;
racing,killCuboid,4,3,1,720,15,835,0,1,0,0;
racing,killCuboid,4,3,1,720,85,325,0,1,0,0;
racing,killCuboid,4,3,1,720,85,835,0,1,0,0;
racing,killCuboid,5,0.5,1,-105,27.5,1660,0,-0.7071068,0,-0.7071068;
racing,killCuboid,5,0.5,1,-105,72.5,1660,0,-0.7071068,0,-0.7071068;
racing,killCuboid,5,0.5,1,-615,27.5,1660,0,-0.7071068,0,-0.7071068;
racing,killCuboid,5,0.5,1,-615,72.5,1660,0,-0.7071068,0,-0.7071068;
racing,killCuboid,5,0.5,1,-720,27.5,1765,0,-1,0,0;
racing,killCuboid,5,0.5,1,-720,27.5,2275,0,-1,0,0;
racing,killCuboid,5,0.5,1,-720,72.5,1765,0,-1,0,0;
racing,killCuboid,5,0.5,1,-720,72.5,2275,0,-1,0,0;
racing,killCuboid,5,0.5,1,0,27.5,-395,0,0,0,1;
racing,killCuboid,5,0.5,1,0,27.5,1045,0,0,0,-1;
racing,killCuboid,5,0.5,1,0,27.5,115,0,0,0,1;
racing,killCuboid,5,0.5,1,0,27.5,1555,0,0,0,-1;
racing,killCuboid,5,0.5,1,0,72.5,-395,0,0,0,1;
racing,killCuboid,5,0.5,1,0,72.5,1045,0,0,0,-1;
racing,killCuboid,5,0.5,1,0,72.5,115,0,0,0,1;
racing,killCuboid,5,0.5,1,0,72.5,1555,0,0,0,-1;
racing,killCuboid,5,0.5,1,105,27.5,220,0,0.7071068,0,0.7071068;
racing,killCuboid,5,0.5,1,105,27.5,940,0,0.7071068,0,-0.7071068;
racing,killCuboid,5,0.5,1,105,72.5,220,0,0.7071068,0,0.7071068;
racing,killCuboid,5,0.5,1,105,72.5,940,0,0.7071068,0,-0.7071068;
racing,killCuboid,5,0.5,1,615,27.5,220,0,0.7071068,0,0.7071068;
racing,killCuboid,5,0.5,1,615,27.5,940,0,0.7071068,0,-0.7071068;
racing,killCuboid,5,0.5,1,615,72.5,220,0,0.7071068,0,0.7071068;
racing,killCuboid,5,0.5,1,615,72.5,940,0,0.7071068,0,-0.7071068;
racing,killCuboid,5,0.5,1,720,27.5,325,0,1,0,0;
racing,killCuboid,5,0.5,1,720,27.5,835,0,1,0,0;
racing,killCuboid,5,0.5,1,720,72.5,325,0,1,0,0;
racing,killCuboid,5,0.5,1,720,72.5,835,0,1,0,0;
racing,killCuboid,50,10,1,-105,50,-140,0,0.7071068,0,0.7071068;
racing,killCuboid,50,10,1,-105,50,1300,0,-0.7071068,0,-0.7071068;
racing,killCuboid,50,10,1,-360,50,1555,0,-1,0,0;
racing,killCuboid,50,10,1,-360,50,1765,0,-1,0,0;
racing,killCuboid,50,10,1,-615,50,2020,0,-0.7071068,0,0.7071068;
racing,killCuboid,50,10,1,-825,50,2020,0,-0.7071068,0,0.7071068;
racing,killCuboid,50,10,1,105,50,-140,0,0.7071068,0,0.7071068;
racing,killCuboid,50,10,1,105,50,1300,0,-0.7071068,0,-0.7071068;
racing,killCuboid,50,10,1,360,50,1045,0,0,0,-1;
racing,killCuboid,50,10,1,360,50,115,0,1,0,0;
racing,killCuboid,50,10,1,360,50,325,0,1,0,0;
racing,killCuboid,50,10,1,360,50,835,0,0,0,-1;
racing,killCuboid,50,10,1,615,50,580,0,0.7071068,0,-0.7071068;
racing,killCuboid,50,10,1,825,50,580,0,0.7071068,0,-0.7071068;
racing,killCuboid,8,10,1,-105,50,1600,0,-0.7071068,0,-0.7071068;
racing,killCuboid,8,10,1,-105,50,1720,0,-0.7071068,0,-0.7071068;
racing,killCuboid,8,10,1,-60,50,-395,0,0,0,1;
racing,killCuboid,8,10,1,-60,50,1045,0,0,0,-1;
racing,killCuboid,8,10,1,-60,50,115,0,0,0,1;
racing,killCuboid,8,10,1,-60,50,1555,0,0,0,-1;
racing,killCuboid,8,10,1,-615,50,1600,0,-0.7071068,0,-0.7071068;
racing,killCuboid,8,10,1,-615,50,1720,0,-0.7071068,0,-0.7071068;
racing,killCuboid,8,10,1,-660,50,1765,0,-1,0,0;
racing,killCuboid,8,10,1,-660,50,2275,0,-1,0,0;
racing,killCuboid,8,10,1,-780,50,1765,0,-1,0,0;
racing,killCuboid,8,10,1,-780,50,2275,0,-1,0,0;
racing,killCuboid,8,10,1,105,50,1000,0,0.7071068,0,-0.7071068;
racing,killCuboid,8,10,1,105,50,160,0,0.7071068,0,0.7071068;
racing,killCuboid,8,10,1,105,50,280,0,0.7071068,0,0.7071068;
racing,killCuboid,8,10,1,105,50,880,0,0.7071068,0,-0.7071068;
racing,killCuboid,8,10,1,60,50,-395,0,0,0,1;
racing,killCuboid,8,10,1,60,50,1045,0,0,0,-1;
racing,killCuboid,8,10,1,60,50,115,0,0,0,1;
racing,killCuboid,8,10,1,60,50,1555,0,0,0,-1;
racing,killCuboid,8,10,1,615,50,1000,0,0.7071068,0,-0.7071068;
racing,killCuboid,8,10,1,615,50,160,0,0.7071068,0,0.7071068;
racing,killCuboid,8,10,1,615,50,280,0,0.7071068,0,0.7071068;
racing,killCuboid,8,10,1,615,50,880,0,0.7071068,0,-0.7071068;
racing,killCuboid,8,10,1,660,50,325,0,1,0,0;
racing,killCuboid,8,10,1,660,50,835,0,1,0,0;
racing,killCuboid,8,10,1,780,50,325,0,1,0,0;
racing,killCuboid,8,10,1,780,50,835,0,1,0,0;
base,levelBottom,default,0.001,1,0.001,0,1,1,1,1,1,-13.93034,35.22233,1282.363,-0.6087186,-0.4121408,-0.5627816,0.3779928;
base,levelBottom,default,0.001,1,0.001,0,1,1,1,1,1,-13.93034,35.22233,1282.363,-0.7777032,-0.525378,-0.2871378,0.1915923;
base,levelBottom,default,0.001,1,0.001,0,1,1,1,1,1,-17.76626,68.87788,1665.315,-0.3430789,0.02363932,0.4190293,0.8403288;
base,levelBottom,default,0.001,1,0.001,0,1,1,1,1,1,-17.76626,68.87788,1665.315,-0.4772681,0.3432837,0.2559238,0.7673816;
base,levelBottom,default,0.001,1,0.001,0,1,1,1,1,1,-200.2152,52.64199,1691.372,-0.596402,-0.0555924,0.5758256,0.5564522;
base,levelBottom,default,0.001,1,0.001,0,1,1,1,1,1,-200.2152,52.64199,1691.372,-0.7713028,0.1614902,0.3038977,0.5354056;
base,levelBottom,default,0.001,1,0.001,0,1,1,1,1,1,-252.3883,25.08258,1624.533,-0.596402,-0.0555924,0.5758256,0.5564522;
base,levelBottom,default,0.001,1,0.001,0,1,1,1,1,1,-252.3883,25.08258,1624.533,-0.7713028,0.1614902,0.3038977,0.5354056;
base,levelBottom,default,0.001,1,0.001,0,1,1,1,1,1,-281.9378,52.642,1621.81,-0.0107391,0.3561477,0.8289476,0.4311489;
base,levelBottom,default,0.001,1,0.001,0,1,1,1,1,1,-281.9378,52.642,1621.81,-0.3270058,0.4939935,0.7617905,0.2621313;
base,levelBottom,default,0.001,1,0.001,0,1,1,1,1,1,-317.4014,52.64199,1691.372,-0.596402,-0.0555924,0.5758256,0.5564522;
base,levelBottom,default,0.001,1,0.001,0,1,1,1,1,1,-317.4014,52.64199,1691.372,-0.7713028,0.1614902,0.3038977,0.5354056;
base,levelBottom,default,0.001,1,0.001,0,1,1,1,1,1,-348.2947,25.08259,1674.593,-0.0107391,0.3561477,0.8289476,0.4311489;
base,levelBottom,default,0.001,1,0.001,0,1,1,1,1,1,-348.2947,25.08259,1674.593,-0.3270058,0.4939935,0.7617905,0.2621313;
base,levelBottom,default,0.001,1,0.001,0,1,1,1,1,1,-369.5746,25.08258,1624.533,-0.596402,-0.0555924,0.5758256,0.5564522;
base,levelBottom,default,0.001,1,0.001,0,1,1,1,1,1,-369.5746,25.08258,1624.533,-0.7713028,0.1614902,0.3038977,0.5354056;
base,levelBottom,default,0.001,1,0.001,0,1,1,1,1,1,-39.5806,13.38686,70.18881,0.3203693,-0.2197227,-0.7450498,-0.542205;
base,levelBottom,default,0.001,1,0.001,0,1,1,1,1,1,-39.5806,13.38686,70.18881,0.5809948,-0.4104156,-0.5658427,-0.4169247;
base,levelBottom,default,0.001,1,0.001,0,1,1,1,1,1,-394.8329,52.64199,1622.544,-0.007634455,0.3577588,0.828983,0.4298111;
base,levelBottom,default,0.001,1,0.001,0,1,1,1,1,1,-394.8329,52.64199,1622.544,-0.3241516,0.494969,0.7630113,0.260279;
base,levelBottom,default,0.001,1,0.001,0,1,1,1,1,1,-438.2252,52.64199,1691.372,-0.596402,-0.0555924,0.5758256,0.5564522;
base,levelBottom,default,0.001,1,0.001,0,1,1,1,1,1,-438.2252,52.64199,1691.372,-0.7713028,0.1614902,0.3038977,0.5354056;
base,levelBottom,default,0.001,1,0.001,0,1,1,1,1,1,-460.7923,25.08258,1675.824,-0.007634455,0.3577588,0.828983,0.4298111;
base,levelBottom,default,0.001,1,0.001,0,1,1,1,1,1,-460.7923,25.08258,1675.824,-0.3241516,0.494969,0.7630113,0.260279;
base,levelBottom,default,0.001,1,0.001,0,1,1,1,1,1,-490.3984,25.08258,1624.533,-0.596402,-0.0555924,0.5758256,0.5564522;
base,levelBottom,default,0.001,1,0.001,0,1,1,1,1,1,-490.3984,25.08258,1624.533,-0.7713028,0.1614902,0.3038977,0.5354056;
base,levelBottom,default,0.001,1,0.001,0,1,1,1,1,1,-497.3281,52.642,1621.81,-0.0107391,0.3561477,0.8289476,0.4311489;
base,levelBottom,default,0.001,1,0.001,0,1,1,1,1,1,-497.3281,52.642,1621.81,-0.3270058,0.4939935,0.7617905,0.2621313;
base,levelBottom,default,0.001,1,0.001,0,1,1,1,1,1,-53.6745,21.51161,1144.362,-0.2908657,0.1890695,0.7763169,0.5262907;
base,levelBottom,default,0.001,1,0.001,0,1,1,1,1,1,-53.6745,21.51161,1144.362,-0.5656955,0.3760109,0.6060121,0.4139491;
base,levelBottom,default,0.001,1,0.001,0,1,1,1,1,1,-537.2656,52.64199,1691.372,-0.596402,-0.0555924,0.5758256,0.5564522;
base,levelBottom,default,0.001,1,0.001,0,1,1,1,1,1,-537.2656,52.64199,1691.372,-0.7713028,0.1614902,0.3038977,0.5354056;
base,levelBottom,default,0.001,1,0.001,0,1,1,1,1,1,-56.91183,21.51161,1451.246,-0.2908657,0.1890695,0.7763169,0.5262907;
base,levelBottom,default,0.001,1,0.001,0,1,1,1,1,1,-56.91183,21.51161,1451.246,-0.5656955,0.3760109,0.6060121,0.4139491;
base,levelBottom,default,0.001,1,0.001,0,1,1,1,1,1,-563.6862,25.08259,1674.593,-0.0107391,0.3561477,0.8289476,0.4311489;
base,levelBottom,default,0.001,1,0.001,0,1,1,1,1,1,-563.6862,25.08259,1674.593,-0.3270058,0.4939935,0.7617905,0.2621313;
base,levelBottom,default,0.001,1,0.001,0,1,1,1,1,1,-589.439,25.08258,1624.533,-0.596402,-0.0555924,0.5758256,0.5564522;
base,levelBottom,default,0.001,1,0.001,0,1,1,1,1,1,-589.439,25.08258,1624.533,-0.7713028,0.1614902,0.3038977,0.5354056;
base,levelBottom,default,0.001,1,0.001,0,1,1,1,1,1,-623.7462,52.64199,1622.544,-0.007634455,0.3577588,0.828983,0.4298111;
base,levelBottom,default,0.001,1,0.001,0,1,1,1,1,1,-623.7462,52.64199,1622.544,-0.3241516,0.494969,0.7630113,0.260279;
base,levelBottom,default,0.001,1,0.001,0,1,1,1,1,1,-623.7462,52.64199,1843.316,-0.007634455,0.3577588,0.828983,0.4298111;
base,levelBottom,default,0.001,1,0.001,0,1,1,1,1,1,-623.7462,52.64199,1843.316,-0.3241516,0.494969,0.7630113,0.260279;
base,levelBottom,default,0.001,1,0.001,0,1,1,1,1,1,-677.5409,52.64199,2168.793,-0.6557755,-0.1160877,0.5071793,0.5470387;
base,levelBottom,default,0.001,1,0.001,0,1,1,1,1,1,-677.5409,52.64199,2168.793,-0.7999003,0.1019942,0.2177599,0.5498521;
base,levelBottom,default,0.001,1,0.001,0,1,1,1,1,1,-689.7057,25.08258,1675.824,-0.007634455,0.3577588,0.828983,0.4298111;
base,levelBottom,default,0.001,1,0.001,0,1,1,1,1,1,-689.7057,25.08258,1675.824,-0.3241516,0.494969,0.7630113,0.260279;
base,levelBottom,default,0.001,1,0.001,0,1,1,1,1,1,-689.7057,25.08258,1896.596,-0.007634455,0.3577588,0.828983,0.4298111;
base,levelBottom,default,0.001,1,0.001,0,1,1,1,1,1,-689.7057,25.08258,1896.596,-0.3241516,0.494969,0.7630113,0.260279;
base,levelBottom,default,0.001,1,0.001,0,1,1,1,1,1,-697.9756,25.08258,2125.81,-0.7846385,-0.2234486,-0.2675799,0.5126541;
base,levelBottom,default,0.001,1,0.001,0,1,1,1,1,1,-697.9756,25.08258,2125.81,-0.8273287,-0.4025439,0.05290883,0.3881833;
base,levelBottom,default,0.001,1,0.001,0,1,1,1,1,1,-713.9415,25.08258,2092.212,-0.6557755,-0.1160877,0.5071793,0.5470387;
base,levelBottom,default,0.001,1,0.001,0,1,1,1,1,1,-713.9415,25.08258,2092.212,-0.7999003,0.1019942,0.2177599,0.5498521;
base,levelBottom,default,0.001,1,0.001,0,1,1,1,1,1,-755.4744,52.64199,2188.126,-0.7846385,-0.2234486,-0.2675799,0.5126541;
base,levelBottom,default,0.001,1,0.001,0,1,1,1,1,1,-755.4744,52.64199,2188.126,-0.8273287,-0.4025439,0.05290883,0.3881833;
base,levelBottom,default,0.001,1,0.001,0,1,1,1,1,1,-76.82027,60.52498,-92.66513,0.6605256,0.4140604,0.1664924,-0.6037716;
base,levelBottom,default,0.001,1,0.001,0,1,1,1,1,1,-76.82027,60.52498,-92.66513,0.6739793,0.6135214,-0.09882709,-0.3994706;
base,levelBottom,default,0.001,1,0.001,0,1,1,1,1,1,0.7598877,67.62589,-157.6223,0.6605256,0.4140604,0.1664924,-0.6037716;
base,levelBottom,default,0.001,1,0.001,0,1,1,1,1,1,0.7598877,67.62589,-157.6223,0.6739793,0.6135214,-0.09882709,-0.3994706;
base,levelBottom,default,0.001,1,0.001,0,1,1,1,1,1,14.23268,53.61465,1451.087,-0.2908657,0.1890695,0.7763169,0.5262907;
base,levelBottom,default,0.001,1,0.001,0,1,1,1,1,1,14.23268,53.61465,1451.087,-0.5656955,0.3760109,0.6060121,0.4139491;
base,levelBottom,default,0.001,1,0.001,0,1,1,1,1,1,17.46986,53.61465,1144.204,-0.2908657,0.1890695,0.7763169,0.5262907;
base,levelBottom,default,0.001,1,0.001,0,1,1,1,1,1,17.46986,53.61465,1144.204,-0.5656955,0.3760109,0.6060121,0.4139491;
base,levelBottom,default,0.001,1,0.001,0,1,1,1,1,1,210.2738,40.72696,288.9099,0.1078488,-0.3292182,-0.7865387,-0.5112152;
base,levelBottom,default,0.001,1,0.001,0,1,1,1,1,1,210.2738,40.72696,288.9099,0.4005077,-0.4997297,-0.6854675,-0.3464076;
base,levelBottom,default,0.001,1,0.001,0,1,1,1,1,1,213.6534,51.14531,155.3247,0.4323469,-0.1143714,-0.5985873,-0.6645966;
base,levelBottom,default,0.001,1,0.001,0,1,1,1,1,1,213.6534,51.14531,155.3247,0.6284323,-0.3598924,-0.3876854,-0.5703074;
base,levelBottom,default,0.001,1,0.001,0,1,1,1,1,1,229.2386,70.28338,885.3857,-0.6339647,-0.300184,0.2835518,0.6538935;
base,levelBottom,default,0.001,1,0.001,0,1,1,1,1,1,229.2386,70.28338,885.3857,-0.6942105,-0.02723091,0.01948717,0.7189928;
base,levelBottom,default,0.001,1,0.001,0,1,1,1,1,1,229.2583,45.02949,886.1084,-0.7544615,-0.238227,0.3435977,0.5059411;
base,levelBottom,default,0.001,1,0.001,0,1,1,1,1,1,229.2583,45.02949,886.1084,-0.8285109,-0.02657875,0.02887324,0.5585961;
base,levelBottom,default,0.001,1,0.001,0,1,1,1,1,1,229.2922,15.87603,887.3307,-0.811072,-0.1959188,0.3724904,0.4062376;
base,levelBottom,default,0.001,1,0.001,0,1,1,1,1,1,229.2922,15.87603,887.3307,-0.8918696,-0.02562603,0.03391478,0.4502908;
base,levelBottom,default,0.001,1,0.001,0,1,1,1,1,1,289.4767,61.46589,253.35,0.1078488,-0.3292182,-0.7865387,-0.5112152;
base,levelBottom,default,0.001,1,0.001,0,1,1,1,1,1,289.4767,61.46589,253.35,0.4005077,-0.4997297,-0.6854675,-0.3464076;
base,levelBottom,default,0.001,1,0.001,0,1,1,1,1,1,295.0004,63.88742,193.2281,0.4323469,-0.1143714,-0.5985873,-0.6645966;
base,levelBottom,default,0.001,1,0.001,0,1,1,1,1,1,295.0004,63.88742,193.2281,0.6284323,-0.3598924,-0.3876854,-0.5703074;
base,levelBottom,default,0.001,1,0.001,0,1,1,1,1,1,3.195004,70.2834,929.4943,-0.4902532,-0.04593011,0.4918994,0.7180371;
base,levelBottom,default,0.001,1,0.001,0,1,1,1,1,1,3.195004,70.2834,929.4943,-0.6411234,0.2322243,0.2669609,0.6810027;
base,levelBottom,default,0.001,1,0.001,0,1,1,1,1,1,40.14368,39.47193,1708.604,-0.3430789,0.02363932,0.4190293,0.8403288;
base,levelBottom,default,0.001,1,0.001,0,1,1,1,1,1,40.14368,39.47193,1708.604,-0.4772681,0.3432837,0.2559238,0.7673816;
base,levelBottom,default,0.001,1,0.001,0,1,1,1,1,1,415.9512,58.215,222.7946,-0.5744353,-0.4524571,-0.547995,0.406212;
base,levelBottom,default,0.001,1,0.001,0,1,1,1,1,1,415.9512,58.215,222.7946,-0.7403661,-0.5734282,-0.2865908,0.2022472;
base,levelBottom,default,0.001,1,0.001,0,1,1,1,1,1,467.014,15.87601,998.4317,0.02156523,0.4498911,0.8922546,0.03185665;
base,levelBottom,default,0.001,1,0.001,0,1,1,1,1,1,467.014,15.87601,998.4317,0.3612272,0.4034867,0.8161506,0.2015231;
base,levelBottom,default,0.001,1,0.001,0,1,1,1,1,1,467.014,45.02946,999.6544,0.01740252,0.558171,0.8288337,0.03430821;
base,levelBottom,default,0.001,1,0.001,0,1,1,1,1,1,467.014,45.02946,999.6544,0.3331212,0.5025946,0.7591459,0.2452072;
base,levelBottom,default,0.001,1,0.001,0,1,1,1,1,1,467.014,70.28336,1000.377,0.00987584,0.7185466,0.694414,0.03718024;
base,levelBottom,default,0.001,1,0.001,0,1,1,1,1,1,467.014,70.28336,1000.377,0.2747491,0.6496758,0.6378286,0.3092071;
base,levelBottom,default,0.001,1,0.001,0,1,1,1,1,1,507.5917,35.29077,222.7946,-0.5744353,-0.4524571,-0.547995,0.406212;
base,levelBottom,default,0.001,1,0.001,0,1,1,1,1,1,507.5917,35.29077,222.7946,-0.7403661,-0.5734282,-0.2865908,0.2022472;
base,levelBottom,default,0.001,1,0.001,0,1,1,1,1,1,57.20885,3.119232,1281.522,-0.6087186,-0.4121408,-0.5627816,0.3779928;
base,levelBottom,default,0.001,1,0.001,0,1,1,1,1,1,57.20885,3.119232,1281.522,-0.7777032,-0.525378,-0.2871378,0.1915923;
base,levelBottom,default,0.001,1,0.001,0,1,1,1,1,1,63.25088,51.64883,70.18881,0.3203693,-0.2197227,-0.7450498,-0.542205;
base,levelBottom,default,0.001,1,0.001,0,1,1,1,1,1,63.25088,51.64883,70.18881,0.5809948,-0.4104156,-0.5658427,-0.4169247;
base,levelBottom,default,0.001,1,0.001,0,1,1,1,1,1,664.2397,55.49639,372.9501,-0.5744353,-0.4524571,-0.547995,0.406212;
base,levelBottom,default,0.001,1,0.001,0,1,1,1,1,1,664.2397,55.49639,372.9501,-0.7403661,-0.5734282,-0.2865908,0.2022472;
base,levelBottom,default,0.001,1,0.001,0,1,1,1,1,1,664.2397,55.49639,794.2676,-0.5744353,-0.4524571,-0.547995,0.406212;
base,levelBottom,default,0.001,1,0.001,0,1,1,1,1,1,664.2397,55.49639,794.2676,-0.7403661,-0.5734282,-0.2865908,0.2022472;
base,levelBottom,default,0.001,1,0.001,0,1,1,1,1,1,700.5041,34.21083,435.842,0.285458,-0.2031233,-0.7408072,-0.5731138;
base,levelBottom,default,0.001,1,0.001,0,1,1,1,1,1,700.5041,34.21083,435.842,0.5471161,-0.4069015,-0.5752769,-0.4518315;
base,levelBottom,default,0.001,1,0.001,0,1,1,1,1,1,700.5041,34.21083,758.7608,0.285458,-0.2031233,-0.7408072,-0.5731138;
base,levelBottom,default,0.001,1,0.001,0,1,1,1,1,1,700.5041,34.21083,758.7608,0.5471161,-0.4069015,-0.5752769,-0.4518315;
base,levelBottom,default,0.001,1,0.001,0,1,1,1,1,1,75.19703,70.2834,1012.38,-0.4902532,-0.04593011,0.4918994,0.7180371;
base,levelBottom,default,0.001,1,0.001,0,1,1,1,1,1,75.19703,70.2834,1012.38,-0.6411234,0.2322243,0.2669609,0.6810027;
base,levelBottom,default,0.001,1,0.001,0,1,1,1,1,1,75.69535,45.02951,1012.904,-0.5812292,-0.04110531,0.5911372,0.5577095;
base,levelBottom,default,0.001,1,0.001,0,1,1,1,1,1,75.69535,45.02951,1012.904,-0.7631408,0.1753557,0.3238493,0.5310256;
base,levelBottom,default,0.001,1,0.001,0,1,1,1,1,1,756.8492,28.68989,377.3781,0.577863,0.4498982,0.5443833,-0.4090389;
base,levelBottom,default,0.001,1,0.001,0,1,1,1,1,1,756.8492,28.68989,377.3781,0.7421518,0.5721453,0.2819427,-0.205837;
base,levelBottom,default,0.001,1,0.001,0,1,1,1,1,1,756.8492,28.68989,796.2184,0.577863,0.4498982,0.5443833,-0.4090389;
base,levelBottom,default,0.001,1,0.001,0,1,1,1,1,1,756.8492,28.68989,796.2184,0.7421518,0.5721453,0.2819427,-0.205837;
base,levelBottom,default,0.001,1,0.001,0,1,1,1,1,1,76.53835,15.87605,1013.79,-0.6237271,-0.03733581,0.6383973,0.4494657;
base,levelBottom,default,0.001,1,0.001,0,1,1,1,1,1,76.53835,15.87605,1013.79,-0.8204857,0.1374346,0.35126,0.4295711;
base,levelBottom,default,0.001,1,0.001,0,1,1,1,1,1,788.2812,55.49636,435.842,0.285458,-0.2031233,-0.7408072,-0.5731138;
base,levelBottom,default,0.001,1,0.001,0,1,1,1,1,1,788.2812,55.49636,435.842,0.5471161,-0.4069015,-0.5752769,-0.4518315;
base,levelBottom,default,0.001,1,0.001,0,1,1,1,1,1,788.2812,55.49636,761.9803,0.285458,-0.2031233,-0.7408072,-0.5731138;
base,levelBottom,default,0.001,1,0.001,0,1,1,1,1,1,788.2812,55.49636,761.9803,0.5471161,-0.4069015,-0.5752769,-0.4518315;
base,levelBottom,default,0.001,1,0.001,0,1,1,1,1,1,83.3441,79.10499,-228.9608,0.6605256,0.4140604,0.1664924,-0.6037716;
base,levelBottom,default,0.001,1,0.001,0,1,1,1,1,1,83.3441,79.10499,-228.9608,0.6739793,0.6135214,-0.09882709,-0.3994706;
base,levelBottom,default,0.001,1,0.001,0,1,1,1,1,1,9.88409,12.60519,937.1157,-0.5812292,-0.04110531,0.5911372,0.5577095;
base,levelBottom,default,0.001,1,0.001,0,1,1,1,1,1,9.88409,12.60519,937.1157,-0.7631408,0.1753557,0.3238493,0.5310256;
racing,killcuboid,1,10,20,-720,50,2485,0,0.7071068,0,0.7071068;
racing,killcuboid,1,6,1,-38.80976,51.96762,-305.0376,0.5910537,0.5285106,0.6072811,-0.05041559;
racing,killcuboid,1,6,1,-38.80976,51.96762,-305.0376,0.7783962,0.5076017,0.3350138,0.1555817;
racing,killcuboid,1,6,1,-7.504711,9.595747,-231.0878,0.03891287,0.4287336,0.8465342,0.3131344;
racing,killcuboid,1,6,1,-7.504711,9.595747,-231.0878,0.3597624,0.2763499,0.7672718,0.4533165;
racing,killcuboid,1,6,1,27.69599,9.595747,-249.3179,0.5910537,0.5285106,0.6072811,-0.05041559;
racing,killcuboid,1,6,1,27.69599,9.595747,-249.3179,0.7783962,0.5076017,0.3350138,0.1555817;
racing,killcuboid,1,6,1,46.53932,51.96762,-303.3127,0.04281642,0.4301726,0.8463467,0.311152;
racing,killcuboid,1,6,1,46.53932,51.96762,-303.3127,0.3632966,0.2784382,0.765604,0.452038;
racing,killcuboid,1.1,10.1,20.1,-105,50,220,0,0,0,1;
racing,killcuboid,1.1,10.1,20.1,-720,50,1555,0,-0.7071068,0,0.7071068;
racing,killcuboid,1.1,10.1,20.1,0,50,1765,0,-0.7071068,0,-0.7071068;
racing,killcuboid,1.1,10.1,20.1,0,50,835,0,0.7071068,0,-0.7071068;
racing,killcuboid,1.1,10.1,20.1,720,50,1045,0,0.7071068,0,0.7071068;
racing,killcuboid,1.1,10.1,20.1,825,50,220,0,1,0,0;
base,levelBottom,default,1,0.2,1,0,1,1,1,1,1,0,-4.5,0,0,0,0,1;
custom,killcuboid,bombtex,1000,1.2,1000,1,1,0,0,1E+10,1E+10,0,-4.5,0,0,0,0,1;
racing,killcuboid,20,10,1,-615,50,2380,0,0.7071068,0,0.7071068;
racing,killcuboid,20,10,1,-825,50,2380,0,0.7071068,0,0.7071068;
racing,killcuboid,20.1,10.1,1.1,-105,50,940,0,0.7071068,0,-0.7071068;
racing,killcuboid,20.1,10.1,1.1,-825,50,1660,0,-0.7071068,0,0.7071068;
racing,killcuboid,20.1,10.1,1.1,0,50,325,0,0,0,1;
racing,killcuboid,20.1,10.1,1.1,105,50,1660,0,-0.7071068,0,-0.7071068;
racing,killcuboid,20.1,10.1,1.1,720,50,115,0,1,0,0;
racing,killcuboid,20.1,10.1,1.1,825,50,940,0,0.7071068,0,0.7071068;
base,levelBottom,default,0.003628947,3.628948,0.003628947,0,1,1,1,1,1,770.8634,136.0603,1045.666,0.5169053,-0.08054819,-0.7633939,-0.3788809;
base,levelBottom,default,0.003628947,3.628948,0.003628947,0,1,1,1,1,1,770.8634,136.0603,1045.666,0.7696015,-0.2193521,-0.5076143,-0.3192584;
base,levelBottom,default,0.003628947,3.628948,0.003628947,0,1,1,1,1,1,830.4261,136.0603,996.5427,0.7613298,0.06436282,-0.5199405,-0.3819638;
base,levelBottom,default,0.003628947,3.628948,0.003628947,0,1,1,1,1,1,830.4261,136.0603,996.5427,0.902313,-0.08663975,-0.1891803,-0.3775391;
racing,startCuboid,4,4,1,0,50,-395,0,0,0,1;
spawnpoint,playerC,10,10,-450,0,0,0,1;
spawnpoint,playerM,-10,10,-450,0,0,0,1;
custom,boulder1,rock3,15,5,3,0,1,1,1,1.5,1.5,0,40,-690,0,0,0,1;
custom,boulder1,rock3,15,5,3,0,1,1,1,1.5,1.5,0,80,-740,0,0,0,1;
custom,boulder4,metal1,2.5,2.5,2.5,1,1,0.75,0,0.1,0.1,0,50,-665,0.5161367,0,0.1776315,0.8378842;
custom,boulder4,bombtex,2.6,2.6,2.6,1,1,0.5,0,1E+10,1E+10,0,50,-665,0.5161367,0,0.1776315,0.8378842;
custom,boulder4,bombtex,2.65,2.65,2.65,1,1,0.5,0,1E+10,1E+10,0,50,-665,0.5161367,0,0.1776315,0.8378842;
custom,boulder1,rock3,15,5,3,0,1,1,1,1.5,1.5,214.9673,40.00003,-642.108,0,-0.193621,0,0.9810764;
custom,boulder1,rock3,15,5,3,0,1,1,1,1.5,1.5,233.9633,80.00003,-688.3595,0,-0.193621,0,0.9810764;
custom,boulder1,rock3,15,5,3,0,1,1,1,1.5,1.5,350.242,40.00003,-475.9363,0,-0.5972245,0,0.8020741;
custom,boulder1,rock3,15,5,3,0,1,1,1,1.5,1.5,398.1444,80.00003,-490.2686,0,-0.5972245,0,0.8020741;
custom,boulder1,rock3,15,5,3,0,1,1,1,1.5,1.5,377.3283,39.99997,-226.3906,0,-0.7011734,0,0.7129908;
custom,boulder1,rock3,15,5,3,0,1,1,1,1.5,1.5,427.322,79.99997,-227.2261,0,-0.7011734,0,0.7129908;
custom,boulder1,rock3,15,5,3,0,1,1,1,1.5,1.5,530.3202,39.99994,-4.761389,0,-0.2053396,0,0.9786908;
custom,boulder1,rock3,15,5,3,0,1,1,1,1.5,1.5,550.4166,79.99994,-50.54548,0,-0.2053396,0,0.9786908;
custom,boulder1,rock3,15,5,3,0,1,1,1,1.5,1.5,777.079,39.99994,48.71268,0,-0.02603367,0,0.9996611;
custom,boulder1,rock3,15,5,3,0,1,1,1,1.5,1.5,779.6807,79.99994,-1.219864,0,-0.02603367,0,0.9996611;
custom,boulder1,rock3,15,5,3,0,1,1,1,1.5,1.5,945.9938,39.99994,122.7684,0,-0.4676539,0,0.8839117;
custom,boulder1,rock3,15,5,3,0,1,1,1,1.5,1.5,987.331,79.99994,94.63815,0,-0.4676539,0,0.8839117;
custom,boulder1,rock3,15,5,3,0,1,1,1,1.5,1.5,999.8586,39.99997,348.2877,0,-0.7467928,0,0.6650568;
custom,boulder1,rock3,15,5,3,0,1,1,1,1.5,1.5,1049.525,79.99997,354.0574,0,-0.7467928,0,0.6650568;
custom,boulder1,rock3,15,5,3,0,1,1,1,1.5,1.5,1001.047,39.99994,647.7963,0,-0.6613724,0,0.7500578;
custom,boulder1,rock3,15,5,3,0,1,1,1,1.5,1.5,1050.655,79.99994,641.5376,0,-0.6613724,0,0.7500578;
custom,boulder1,rock3,15,5,3,0,1,1,1,1.5,1.5,1041.119,39.99994,885.1446,0,-0.6613724,0,0.7500578;
custom,boulder1,rock3,15,5,3,0,1,1,1,1.5,1.5,1090.727,79.99994,878.8859,0,-0.6613724,0,0.7500578;
custom,boulder1,rock3,15,5,3,0,1,1,1,1.5,1.5,1084.785,39.99994,1157.36,0,-0.6613724,0,0.7500578;
custom,boulder1,rock3,15,5,3,0,1,1,1,1.5,1.5,1134.392,79.99994,1151.102,0,-0.6613724,0,0.7500578;
custom,boulder1,rock3,15,5,3,0,1,1,1,1.5,1.5,1011.83,39.99994,1298.443,0,-0.8938959,0,0.4482746;
custom,boulder1,rock3,15,5,3,0,1,1,1,1.5,1.5,1051.902,79.99994,1328.346,0,-0.8938959,0,0.4482746;
custom,boulder1,rock3,15,5,3,0,1,1,1,1.5,1.5,836.8189,40,1370.212,0,-0.9975765,0,-0.06957848;
custom,boulder1,rock3,15,5,3,0,1,1,1,1.5,1.5,829.8795,80,1419.728,0,-0.9975765,0,-0.06957848;
custom,boulder1,rock3,15,5,3,0,1,1,1,1.5,1.5,559.6133,40,1317.635,0,-0.9975765,0,-0.06957848;
custom,boulder1,rock3,15,5,3,0,1,1,1,1.5,1.5,552.6738,80,1367.15,0,-0.9975765,0,-0.06957848;
custom,boulder1,rock3,15,5,3,0,1,1,1,1.5,1.5,330.4439,40,1365.214,0,-0.9653201,0,0.2610694;
custom,boulder1,rock3,15,5,3,0,1,1,1,1.5,1.5,355.6463,80,1408.396,0,-0.9653201,0,0.2610694;
custom,boulder1,rock3,15,5,3,0,1,1,1,1.5,1.5,169.6538,40.00003,1585.355,0,-0.7654336,0,0.6435149;
custom,boulder1,rock3,15,5,3,0,1,1,1,1.5,1.5,218.9092,80.00003,1593.942,0,-0.7654336,0,0.6435149;
custom,boulder1,rock3,15,5,3,0,1,1,1,1.5,1.5,153.5089,40.00003,1850.294,0,-0.7654336,0,0.6435149;
custom,boulder1,rock3,15,5,3,0,1,1,1,1.5,1.5,202.7643,80.00003,1858.88,0,-0.7654336,0,0.6435149;
custom,boulder1,rock3,15,5,3,0,1,1,1,1.5,1.5,8.231741,40,1962.992,0,-0.9884592,0,0.1514876;
custom,boulder1,rock3,15,5,3,0,1,1,1,1.5,1.5,23.2077,80,2010.695,0,-0.9884592,0,0.1514876;
custom,boulder1,rock3,15,5,3,0,1,1,1,1.5,1.5,-254.0571,40.00003,1963.333,0,-0.993368,0,-0.1149782;
custom,boulder1,rock3,15,5,3,0,1,1,1,1.5,1.5,-265.4753,80.00003,2012.01,0,-0.993368,0,-0.1149782;
custom,boulder1,rock3,15,5,3,0,1,1,1,1.5,1.5,-463.3944,40.00003,2081.9,0,-0.8304313,0,0.5571211;
custom,boulder1,rock3,15,5,3,0,1,1,1,1.5,1.5,-417.1291,80.00003,2100.859,0,-0.8304313,0,0.5571211;
custom,boulder1,rock3,15,5,3,0,1,1,1,1.5,1.5,-514.0597,40.00003,2300.087,0,-0.7495848,0,0.6619084;
custom,boulder1,rock3,15,5,3,0,1,1,1,1.5,1.5,-464.4447,80.00003,2306.272,0,-0.7495848,0,0.6619084;
custom,boulder1,rock3,15,5,3,0,1,1,1,1.5,1.5,-544.9394,40.00003,2518.484,0,-0.7495848,0,0.6619084;
custom,boulder1,rock3,15,5,3,0,1,1,1,1.5,1.5,-495.3242,80.00003,2524.669,0,-0.7495848,0,0.6619084;
custom,boulder1,rock3,15,5,3,0,1,1,1,1.5,1.5,-570.6796,40.00006,2780.933,0,-0.7495848,0,0.6619084;
custom,boulder1,rock3,15,5,3,0,1,1,1,1.5,1.5,-521.0644,80.00006,2787.118,0,-0.7495848,0,0.6619084;
custom,boulder1,rock3,15,5,3,0,1,1,1,1.5,1.5,-584.5901,40.00009,3032.392,0,-0.7495848,0,0.6619084;
custom,boulder1,rock3,15,5,3,0,1,1,1,1.5,1.5,-534.975,80.00009,3038.576,0,-0.7495848,0,0.6619084;
custom,boulder1,rock3,15,5,3,0,1,1,1,1.5,1.5,-593.7475,40.00012,3274.161,0,-0.7495848,0,0.6619084;
custom,boulder1,rock3,15,5,3,0,1,1,1,1.5,1.5,-544.1323,80.00012,3280.345,0,-0.7495848,0,0.6619084;
custom,boulder1,rock3,15,5,3,0,1,1,1,1.5,1.5,-607.0981,40.00012,3511.069,0,-0.7495848,0,0.6619084;
custom,boulder1,rock3,15,5,3,0,1,1,1,1.5,1.5,-557.483,80.00012,3517.253,0,-0.7495848,0,0.6619084;
custom,boulder1,rock3,15,5,3,0,1,1,1,1.5,1.5,-622.6205,40.00012,3754.26,0,-0.7495848,0,0.6619084;
custom,boulder1,rock3,15,5,3,0,1,1,1,1.5,1.5,-573.0053,80.00012,3760.445,0,-0.7495848,0,0.6619084;
custom,boulder1,rock3,15,5,3,0,1,1,1,1.5,1.5,-632.221,40.00012,4069.279,0,-0.7495848,0,0.6619084;
custom,boulder1,rock3,15,5,3,0,1,1,1,1.5,1.5,-582.6058,80.00012,4075.464,0,-0.7495848,0,0.6619084;
custom,boulder1,rock3,15,5,3,0,1,1,1,1.5,1.5,-652.745,40.00009,4357.361,0,-0.7495848,0,0.6619084;
custom,boulder1,rock3,15,5,3,0,1,1,1,1.5,1.5,-603.1298,80.00009,4363.545,0,-0.7495848,0,0.6619084;
custom,boulder1,rock3,15,5,3,0,1,1,1,1.5,1.5,-893.88,40.00006,3800.275,0,-0.6940834,0,-0.7198946;
custom,boulder1,rock3,15,5,3,0,1,1,1,1.5,1.5,-943.8459,80.00006,3798.456,0,-0.6940834,0,-0.7198946;
custom,boulder1,rock3,15,5,3,0,1,1,1,1.5,1.5,-902.0132,40.00009,3548.564,0,-0.6940834,0,-0.7198946;
custom,boulder1,rock3,15,5,3,0,1,1,1,1.5,1.5,-951.9801,80.00009,3546.744,0,-0.6940834,0,-0.7198946;
custom,boulder1,rock3,15,5,3,0,1,1,1,1.5,1.5,-914.0328,40.00012,3306.922,0,-0.6940834,0,-0.7198946;
custom,boulder1,rock3,15,5,3,0,1,1,1,1.5,1.5,-963.9987,80.00012,3305.099,0,-0.6940834,0,-0.7198946;
custom,boulder1,rock3,15,5,3,0,1,1,1,1.5,1.5,-921.451,40.00012,3069.754,0,-0.6940834,0,-0.7198946;
custom,boulder1,rock3,15,5,3,0,1,1,1,1.5,1.5,-971.4169,80.00012,3067.931,0,-0.6940834,0,-0.7198946;
custom,boulder1,rock3,15,5,3,0,1,1,1,1.5,1.5,-927.2557,40.00012,2826.136,0,-0.6940834,0,-0.7198946;
custom,boulder1,rock3,15,5,3,0,1,1,1,1.5,1.5,-977.2214,80.00012,2824.314,0,-0.6940834,0,-0.7198946;
custom,boulder1,rock3,15,5,3,0,1,1,1,1.5,1.5,-945.241,40.00012,2511.486,0,-0.6940834,0,-0.7198946;
custom,boulder1,rock3,15,5,3,0,1,1,1,1.5,1.5,-995.2063,80.00012,2509.662,0,-0.6940834,0,-0.7198946;
custom,boulder1,rock3,15,5,3,0,1,1,1,1.5,1.5,-949.9891,40.00009,2222.712,0,-0.6940834,0,-0.7198946;
custom,boulder1,rock3,15,5,3,0,1,1,1,1.5,1.5,-999.9543,80.00009,2220.892,0,-0.6940834,0,-0.7198946;
custom,boulder1,rock3,15,5,3,0,1,1,1,1.5,1.5,-896.5701,40.00003,4063.962,0,-0.6940834,0,-0.7198946;
custom,boulder1,rock3,15,5,3,0,1,1,1,1.5,1.5,-946.5356,80.00003,4062.143,0,-0.6940834,0,-0.7198946;
custom,boulder1,rock3,15,5,3,0,1,1,1,1.5,1.5,-908.2339,40.00003,4284.224,0,-0.6940834,0,-0.7198946;
custom,boulder1,rock3,15,5,3,0,1,1,1,1.5,1.5,-958.1991,80.00003,4282.398,0,-0.6940834,0,-0.7198946;
custom,boulder1,rock3,15,5,3,0,1,1,1,1.5,1.5,-960.8932,40.00009,2004.146,0,-0.6940834,0,-0.7198946;
custom,boulder1,rock3,15,5,3,0,1,1,1,1.5,1.5,-1010.858,80.00009,2002.326,0,-0.6940834,0,-0.7198946;
custom,boulder1,rock3,15,5,3,0,1,1,1,1.5,1.5,-998.941,40.00009,1747.2,0,-0.767184,0,-0.6414272;
custom,boulder1,rock3,15,5,3,0,1,1,1,1.5,1.5,-1048.148,80.00009,1756.062,0,-0.767184,0,-0.6414272;
custom,boulder1,rock3,15,5,3,0,1,1,1,1.5,1.5,-973.8607,40.00021,1461.474,0,-0.5673544,0,-0.8234738;
custom,boulder1,rock3,15,5,3,0,1,1,1,1.5,1.5,-1020.582,80.00021,1443.668,0,-0.5673544,0,-0.8234738;
custom,boulder1,rock3,15,5,3,0,1,1,1,1.5,1.5,-829.163,40.00021,1347.154,0,-0.1437844,0,-0.9896091;
custom,boulder1,rock3,15,5,3,0,1,1,1,1.5,1.5,-843.3963,80.00021,1299.223,0,-0.1437844,0,-0.9896091;
custom,boulder1,rock3,15,5,3,0,1,1,1,1.5,1.5,-575.2856,40.00015,1314.085,0,-0.02464296,0,-0.9996964;
custom,boulder1,rock3,15,5,3,0,1,1,1,1.5,1.5,-577.7536,80.00015,1264.146,0,-0.02464296,0,-0.9996964;
custom,boulder1,rock3,15,5,3,0,1,1,1,1.5,1.5,-343.3047,40.00003,1226.825,0,-0.2742335,0,-0.9616631;
custom,boulder1,rock3,15,5,3,0,1,1,1,1.5,1.5,-369.6807,80.00003,1184.348,0,-0.2742335,0,-0.9616631;
custom,boulder1,rock3,15,5,3,0,1,1,1,1.5,1.5,-198.0692,40.00006,1018.163,0,-0.606622,0,-0.7949904;
custom,boulder1,rock3,15,5,3,0,1,1,1,1.5,1.5,-246.2961,80.00006,1004.966,0,-0.606622,0,-0.7949904;
custom,boulder1,rock3,15,5,3,0,1,1,1,1.5,1.5,-142.5547,40.00006,774.4376,0,-0.606622,0,-0.7949904;
custom,boulder1,rock3,15,5,3,0,1,1,1,1.5,1.5,-190.7815,80.00006,761.2411,0,-0.606622,0,-0.7949904;
custom,boulder1,rock3,15,5,3,0,1,1,1,1.5,1.5,11.36697,40.00006,683.9258,0,-0.1064898,0,-0.9943139;
custom,boulder1,rock3,15,5,3,0,1,1,1,1.5,1.5,0.7749596,80.00006,635.0603,0,-0.1064898,0,-0.9943139;
custom,boulder1,rock3,15,5,3,0,1,1,1,1.5,1.5,247.3334,40.00003,635.908,0,-0.1064898,0,-0.9943139;
custom,boulder1,rock3,15,5,3,0,1,1,1,1.5,1.5,236.7414,80.00003,587.0425,0,-0.1064898,0,-0.9943139;
custom,boulder1,rock3,15,5,3,0,1,1,1,1.5,1.5,6.329605,40.00003,524.0717,0,0.9991072,0,0.04224744;
custom,boulder1,rock3,15,5,3,0,1,1,1,1.5,1.5,2.111877,80.00003,573.8934,0,0.9991072,0,0.04224744;
custom,boulder1,rock3,15,5,3,0,1,1,1,1.5,1.5,245.9966,40.00006,547.4291,0,0.9991072,0,0.04224744;
custom,boulder1,rock3,15,5,3,0,1,1,1,1.5,1.5,241.7788,80.00006,597.251,0,0.9991072,0,0.04224744;
custom,boulder1,rock3,15,5,3,0,1,1,1,1.5,1.5,-168.709,40.00003,426.8688,0,0.9512757,0,0.3083417;
custom,boulder1,rock3,15,5,3,0,1,1,1,1.5,1.5,-198.0379,80.00003,467.3624,0,0.9512757,0,0.3083417;
custom,boulder1,rock3,15,5,3,0,1,1,1,1.5,1.5,-265.8926,40.00003,218.5909,0,0.7620755,0,0.6474882;
custom,boulder1,rock3,15,5,3,0,1,1,1,1.5,1.5,-315.2349,80.00003,226.6699,0,0.7620755,0,0.6474882;
custom,boulder1,rock3,15,5,3,0,1,1,1,1.5,1.5,-324.5282,40.00003,-81.56612,0,0.7620755,0,0.6474882;
custom,boulder1,rock3,15,5,3,0,1,1,1,1.5,1.5,-373.8704,80.00003,-73.48704,0,0.7620755,0,0.6474882;
custom,boulder1,rock3,15,5,3,0,1,1,1,1.5,1.5,-305.8778,40.00009,-324.1954,0,0.5792069,0,0.8151806;
custom,boulder1,rock3,15,5,3,0,1,1,1,1.5,1.5,-353.0941,80.00009,-340.6442,0,0.5792069,0,0.8151806;
custom,boulder1,rock3,15,5,3,0,1,1,1,1.5,1.5,-200.6864,40.00015,-571.7835,0,0.4129932,0,0.9107341;
custom,boulder1,rock3,15,5,3,0,1,1,1,1.5,1.5,-238.3003,80.00015,-604.7249,0,0.4129932,0,0.9107341;
custom,boulder4,metal1,2.5,2.5,2.5,1,1,0.75,0,0.1,0.1,75.33594,91.30729,-704.6252,0.2742383,0.1782354,0.1345413,0.9353738;
custom,boulder4,bombtex,2.6,2.6,2.6,1,1,0.5,0,1E+10,1E+10,75.33594,91.30729,-704.6252,0.2742383,0.1782354,0.1345413,0.9353738;
custom,boulder4,bombtex,2.65,2.65,2.65,1,1,0.5,0,1E+10,1E+10,75.33594,91.30729,-704.6252,0.2742383,0.1782354,0.1345413,0.9353738;
custom,boulder4,metal1,2.5,2.5,2.5,1,1,0.75,0,0.1,0.1,-79.56709,54.67538,-710.5978,0.4731933,-0.5134307,-0.2140062,0.6831386;
custom,boulder4,bombtex,2.6,2.6,2.6,1,1,0.5,0,1E+10,1E+10,-79.56709,54.67538,-710.5978,0.4731933,-0.5134307,-0.2140062,0.6831386;
custom,boulder4,bombtex,2.65,2.65,2.65,1,1,0.5,0,1E+10,1E+10,-79.56709,54.67538,-710.5978,0.4731933,-0.5134307,-0.2140062,0.6831386;
custom,boulder4,metal1,2.5,2.5,2.5,1,1,0.75,0,0.1,0.1,-13.61974,92.71678,-729.5927,0.2863994,0.7078323,0.1416463,0.6299883;
custom,boulder4,bombtex,2.6,2.6,2.6,1,1,0.5,0,1E+10,1E+10,-13.61974,92.71678,-729.5927,0.2863994,0.7078323,0.1416463,0.6299883;
custom,boulder4,bombtex,2.65,2.65,2.65,1,1,0.5,0,1E+10,1E+10,-13.61974,92.71678,-729.5927,0.2863994,0.7078323,0.1416463,0.6299883;
custom,boulder4,metal1,2.5,2.5,2.5,1,1,0.75,0,0.1,0.1,198.2431,50,-618.368,0.4676276,-0.1750751,0.2815567,0.8193894;
custom,boulder4,bombtex,2.6,2.6,2.6,1,1,0.5,0,1E+10,1E+10,198.2431,50,-618.368,0.4676276,-0.1750751,0.2815567,0.8193894;
custom,boulder4,bombtex,2.65,2.65,2.65,1,1,0.5,0,1E+10,1E+10,198.2431,50,-618.368,0.4676276,-0.1750751,0.2815567,0.8193894;
custom,boulder4,metal1,2.5,2.5,2.5,1,1,0.75,0,0.1,0.1,283.1944,91.30729,-623.7457,0.2400727,-0.02114438,0.1888734,0.951969;
custom,boulder4,bombtex,2.6,2.6,2.6,1,1,0.5,0,1E+10,1E+10,283.1944,91.30729,-623.7457,0.2400727,-0.02114438,0.1888734,0.951969;
custom,boulder4,bombtex,2.65,2.65,2.65,1,1,0.5,0,1E+10,1E+10,283.1944,91.30729,-623.7457,0.2400727,-0.02114438,0.1888734,0.951969;
custom,boulder4,metal1,2.5,2.5,2.5,1,1,0.75,0,0.1,0.1,144.2585,54.67538,-692.5013,0.5074649,-0.6448386,-0.110409,0.5607786;
custom,boulder4,bombtex,2.6,2.6,2.6,1,1,0.5,0,1E+10,1E+10,144.2585,54.67538,-692.5013,0.5074649,-0.6448386,-0.110409,0.5607786;
custom,boulder4,bombtex,2.65,2.65,2.65,1,1,0.5,0,1E+10,1E+10,144.2585,54.67538,-692.5013,0.5074649,-0.6448386,-0.110409,0.5607786;
custom,boulder4,metal1,2.5,2.5,2.5,1,1,0.75,0,0.1,0.1,212.2101,92.71678,-682.8871,0.2504806,0.5605724,0.1983625,0.7639833;
custom,boulder4,bombtex,2.6,2.6,2.6,1,1,0.5,0,1E+10,1E+10,212.2101,92.71678,-682.8871,0.2504806,0.5605724,0.1983625,0.7639833;
custom,boulder4,bombtex,2.65,2.65,2.65,1,1,0.5,0,1E+10,1E+10,212.2101,92.71678,-682.8871,0.2504806,0.5605724,0.1983625,0.7639833;
custom,boulder4,metal1,2.5,2.5,2.5,1,1,0.75,0,0.1,0.1,405.0238,108.165,-259.9014,0.1959834,-0.7298166,-0.1368357,-0.6404954;
custom,boulder4,bombtex,2.6,2.6,2.6,1,1,0.5,0,1E+10,1E+10,405.0238,108.165,-259.9014,0.1959834,-0.7298166,-0.1368357,-0.6404954;
custom,boulder4,bombtex,2.65,2.65,2.65,1,1,0.5,0,1E+10,1E+10,405.0238,108.165,-259.9014,0.1959834,-0.7298166,-0.1368357,-0.6404954;
custom,boulder4,metal1,2.5,2.5,2.5,1,1,0.75,0,0.1,0.1,380.087,46.12865,-326.8462,0.4571913,-0.7428678,-0.16495,-0.4603423;
custom,boulder4,bombtex,2.6,2.6,2.6,1,1,0.5,0,1E+10,1E+10,380.087,46.12865,-326.8462,0.4571913,-0.7428678,-0.16495,-0.4603423;
custom,boulder4,bombtex,2.65,2.65,2.65,1,1,0.5,0,1E+10,1E+10,380.087,46.12865,-326.8462,0.4571913,-0.7428678,-0.16495,-0.4603423;
custom,boulder4,metal1,2.5,2.5,2.5,1,1,0.75,0,0.1,0.1,384.599,86.91214,-172.9355,0.1234412,-0.1546607,-0.2406624,-0.9502231;
custom,boulder4,bombtex,2.6,2.6,2.6,1,1,0.5,0,1E+10,1E+10,384.599,86.91214,-172.9355,0.1234412,-0.1546607,-0.2406624,-0.9502231;
custom,boulder4,bombtex,2.65,2.65,2.65,1,1,0.5,0,1E+10,1E+10,384.599,86.91214,-172.9355,0.1234412,-0.1546607,-0.2406624,-0.9502231;
custom,boulder4,metal1,2.5,2.5,2.5,1,1,0.75,0,0.1,0.1,360.8308,47.49325,-236.4814,0.4572661,-0.8408684,0.2839349,-0.05682502;
custom,boulder4,bombtex,2.6,2.6,2.6,1,1,0.5,0,1E+10,1E+10,360.8308,47.49325,-236.4814,0.4572661,-0.8408684,0.2839349,-0.05682502;
custom,boulder4,bombtex,2.65,2.65,2.65,1,1,0.5,0,1E+10,1E+10,360.8308,47.49325,-236.4814,0.4572661,-0.8408684,0.2839349,-0.05682502;
custom,boulder4,metal1,2.5,2.5,2.5,1,1,0.75,0,0.1,0.1,400.5806,112.0383,-428.6308,0.1897414,-0.9106467,-0.07775494,-0.358713;
custom,boulder4,bombtex,2.6,2.6,2.6,1,1,0.5,0,1E+10,1E+10,400.5806,112.0383,-428.6308,0.1897414,-0.9106467,-0.07775494,-0.358713;
custom,boulder4,bombtex,2.65,2.65,2.65,1,1,0.5,0,1E+10,1E+10,400.5806,112.0383,-428.6308,0.1897414,-0.9106467,-0.07775494,-0.358713;
custom,boulder4,metal1,2.5,2.5,2.5,1,1,0.75,0,0.1,0.1,340.7098,42.25544,-450.9431,0.4051456,-0.8805687,-0.1909352,-0.1549178;
custom,boulder4,bombtex,2.6,2.6,2.6,1,1,0.5,0,1E+10,1E+10,340.7098,42.25544,-450.9431,0.4051456,-0.8805687,-0.1909352,-0.1549178;
custom,boulder4,bombtex,2.65,2.65,2.65,1,1,0.5,0,1E+10,1E+10,340.7098,42.25544,-450.9431,0.4051456,-0.8805687,-0.1909352,-0.1549178;
custom,boulder4,metal1,2.5,2.5,2.5,1,1,0.75,0,0.1,0.1,592.6542,88.81567,13.49276,0.132481,-0.9133064,-0.1989532,-0.3297544;
custom,boulder4,bombtex,2.6,2.6,2.6,1,1,0.5,0,1E+10,1E+10,592.6542,88.81567,13.49276,0.132481,-0.9133064,-0.1989532,-0.3297544;
custom,boulder4,bombtex,2.65,2.65,2.65,1,1,0.5,0,1E+10,1E+10,592.6542,88.81567,13.49276,0.132481,-0.9133064,-0.1989532,-0.3297544;
custom,boulder4,metal1,2.5,2.5,2.5,1,1,0.75,0,0.1,0.1,509.0141,46.12869,9.530254,0.3653829,-0.8596694,-0.3205123,-0.1572764;
custom,boulder4,bombtex,2.6,2.6,2.6,1,1,0.5,0,1E+10,1E+10,509.0141,46.12869,9.530254,0.3653829,-0.8596694,-0.3205123,-0.1572764;
custom,boulder4,bombtex,2.65,2.65,2.65,1,1,0.5,0,1E+10,1E+10,509.0141,46.12869,9.530254,0.3653829,-0.8596694,-0.3205123,-0.1572764;
custom,boulder4,metal1,2.5,2.5,2.5,1,1,0.75,0,0.1,0.1,454.8376,94.89268,-79.04189,0.1482446,-0.9787493,-0.1416736,-0.001397716;
custom,boulder4,bombtex,2.6,2.6,2.6,1,1,0.5,0,1E+10,1E+10,454.8376,94.89268,-79.04189,0.1482446,-0.9787493,-0.1416736,-0.001397716;
custom,boulder4,bombtex,2.65,2.65,2.65,1,1,0.5,0,1E+10,1E+10,454.8376,94.89268,-79.04189,0.1482446,-0.9787493,-0.1416736,-0.001397716;
custom,boulder4,metal1,2.5,2.5,2.5,1,1,0.75,0,0.1,0.1,395.7642,42.25546,-54.69692,0.3074425,-0.8763282,-0.325697,0.1773403;
custom,boulder4,bombtex,2.6,2.6,2.6,1,1,0.5,0,1E+10,1E+10,395.7642,42.25546,-54.69692,0.3074425,-0.8763282,-0.325697,0.1773403;
custom,boulder4,bombtex,2.65,2.65,2.65,1,1,0.5,0,1E+10,1E+10,395.7642,42.25546,-54.69692,0.3074425,-0.8763282,-0.325697,0.1773403;
custom,boulder4,metal1,2.5,2.5,2.5,1,1,0.75,0,0.1,0.1,1015.226,108.1651,366.5725,0.1964257,-0.7277414,-0.136201,-0.6428521;
custom,boulder4,bombtex,2.6,2.6,2.6,1,1,0.5,0,1E+10,1E+10,1015.226,108.1651,366.5725,0.1964257,-0.7277414,-0.136201,-0.6428521;
custom,boulder4,bombtex,2.65,2.65,2.65,1,1,0.5,0,1E+10,1E+10,1015.226,108.1651,366.5725,0.1964257,-0.7277414,-0.136201,-0.6428521;
custom,boulder4,metal1,2.5,2.5,2.5,1,1,0.75,0,0.1,0.1,990.723,46.12872,299.4681,0.4577217,-0.7413762,-0.1634713,-0.4627412;
custom,boulder4,bombtex,2.6,2.6,2.6,1,1,0.5,0,1E+10,1E+10,990.723,46.12872,299.4681,0.4577217,-0.7413762,-0.1634713,-0.4627412;
custom,boulder4,bombtex,2.65,2.65,2.65,1,1,0.5,0,1E+10,1E+10,990.723,46.12872,299.4681,0.4577217,-0.7413762,-0.1634713,-0.4627412;
custom,boulder4,metal1,2.5,2.5,2.5,1,1,0.75,0,0.1,0.1,1011.874,95.80453,197.8176,0.1899933,-0.909482,-0.07714118,-0.361655;
custom,boulder4,bombtex,2.6,2.6,2.6,1,1,0.5,0,1E+10,1E+10,1011.874,95.80453,197.8176,0.1899933,-0.909482,-0.07714118,-0.361655;
custom,boulder4,bombtex,2.65,2.65,2.65,1,1,0.5,0,1E+10,1E+10,1011.874,95.80453,197.8176,0.1899933,-0.909482,-0.07714118,-0.361655;
custom,boulder4,metal1,2.5,2.5,2.5,1,1,0.75,0,0.1,0.1,952.1484,42.25549,175.1189,0.4057613,-0.8800632,-0.1896242,-0.1577632;
custom,boulder4,bombtex,2.6,2.6,2.6,1,1,0.5,0,1E+10,1E+10,952.1484,42.25549,175.1189,0.4057613,-0.8800632,-0.1896242,-0.1577632;
custom,boulder4,bombtex,2.65,2.65,2.65,1,1,0.5,0,1E+10,1E+10,952.1484,42.25549,175.1189,0.4057613,-0.8800632,-0.1896242,-0.1577632;
custom,boulder4,metal1,2.5,2.5,2.5,1,1,0.75,0,0.1,0.1,1047.667,87.18444,918.0023,0.1964257,-0.7277414,-0.136201,-0.6428521;
custom,boulder4,bombtex,2.6,2.6,2.6,1,1,0.5,0,1E+10,1E+10,1047.667,87.18444,918.0023,0.1964257,-0.7277414,-0.136201,-0.6428521;
custom,boulder4,bombtex,2.65,2.65,2.65,1,1,0.5,0,1E+10,1E+10,1047.667,87.18444,918.0023,0.1964257,-0.7277414,-0.136201,-0.6428521;
custom,boulder4,metal1,2.5,2.5,2.5,1,1,0.75,0,0.1,0.1,1023.164,46.12869,850.8979,0.4577217,-0.7413762,-0.1634713,-0.4627412;
custom,boulder4,bombtex,2.6,2.6,2.6,1,1,0.5,0,1E+10,1E+10,1023.164,46.12869,850.8979,0.4577217,-0.7413762,-0.1634713,-0.4627412;
custom,boulder4,bombtex,2.65,2.65,2.65,1,1,0.5,0,1E+10,1E+10,1023.164,46.12869,850.8979,0.4577217,-0.7413762,-0.1634713,-0.4627412;
custom,boulder4,metal1,2.5,2.5,2.5,1,1,0.75,0,0.1,0.1,1044.315,94.58733,749.2474,0.1899933,-0.909482,-0.07714118,-0.361655;
custom,boulder4,bombtex,2.6,2.6,2.6,1,1,0.5,0,1E+10,1E+10,1044.315,94.58733,749.2474,0.1899933,-0.909482,-0.07714118,-0.361655;
custom,boulder4,bombtex,2.65,2.65,2.65,1,1,0.5,0,1E+10,1E+10,1044.315,94.58733,749.2474,0.1899933,-0.909482,-0.07714118,-0.361655;
custom,boulder4,metal1,2.5,2.5,2.5,1,1,0.75,0,0.1,0.1,984.5897,42.25546,726.5487,0.4057613,-0.8800632,-0.1896242,-0.1577632;
custom,boulder4,bombtex,2.6,2.6,2.6,1,1,0.5,0,1E+10,1E+10,984.5897,42.25546,726.5487,0.4057613,-0.8800632,-0.1896242,-0.1577632;
custom,boulder4,bombtex,2.65,2.65,2.65,1,1,0.5,0,1E+10,1E+10,984.5897,42.25546,726.5487,0.4057613,-0.8800632,-0.1896242,-0.1577632;
custom,boulder4,metal1,2.5,2.5,2.5,1,1,0.75,0,0.1,0.1,1011.408,62.23074,467.6295,-0.5156372,0.5047671,-0.4865808,-0.4925115;
custom,boulder4,bombtex,2.6,2.6,2.6,1,1,0.5,0,1E+10,1E+10,1011.408,62.23074,467.6295,-0.5156372,0.5047671,-0.4865808,-0.4925115;
custom,boulder4,bombtex,2.65,2.65,2.65,1,1,0.5,0,1E+10,1E+10,1011.408,62.23074,467.6295,-0.5156372,0.5047671,-0.4865808,-0.4925115;
custom,boulder4,metal1,2.5,2.5,2.5,1,1,0.75,0,0.1,0.1,1052.502,99.71504,544.1678,-0.3710682,0.4280703,-0.3662001,-0.7382152;
custom,boulder4,bombtex,2.6,2.6,2.6,1,1,0.5,0,1E+10,1E+10,1052.502,99.71504,544.1678,-0.3710682,0.4280703,-0.3662001,-0.7382152;
custom,boulder4,bombtex,2.65,2.65,2.65,1,1,0.5,0,1E+10,1E+10,1052.502,99.71504,544.1678,-0.3710682,0.4280703,-0.3662001,-0.7382152;
custom,boulder4,metal1,2.5,2.5,2.5,1,1,0.75,0,0.1,0.1,1000.189,33.48611,633.6187,-0.3118297,0.3248728,-0.6581884,-0.6033308;
custom,boulder4,bombtex,2.6,2.6,2.6,1,1,0.5,0,1E+10,1E+10,1000.189,33.48611,633.6187,-0.3118297,0.3248728,-0.6581884,-0.6033308;
custom,boulder4,bombtex,2.65,2.65,2.65,1,1,0.5,0,1E+10,1E+10,1000.189,33.48611,633.6187,-0.3118297,0.3248728,-0.6581884,-0.6033308;
custom,boulder4,metal1,2.5,2.5,2.5,1,1,0.75,0,0.1,0.1,1033.463,113.1547,672.3187,-0.09774251,0.306095,-0.5181284,-0.7926508;
custom,boulder4,bombtex,2.6,2.6,2.6,1,1,0.5,0,1E+10,1E+10,1033.463,113.1547,672.3187,-0.09774251,0.306095,-0.5181284,-0.7926508;
custom,boulder4,bombtex,2.65,2.65,2.65,1,1,0.5,0,1E+10,1E+10,1033.463,113.1547,672.3187,-0.09774251,0.306095,-0.5181284,-0.7926508;
custom,boulder4,metal1,2.5,2.5,2.5,1,1,0.75,0,0.1,0.1,621.5984,108.1651,1373.986,0.232403,-0.00486835,0.055879,-0.9710009;
custom,boulder4,bombtex,2.6,2.6,2.6,1,1,0.5,0,1E+10,1E+10,621.5984,108.1651,1373.986,0.232403,-0.00486835,0.055879,-0.9710009;
custom,boulder4,bombtex,2.65,2.65,2.65,1,1,0.5,0,1E+10,1E+10,621.5984,108.1651,1373.986,0.232403,-0.00486835,0.055879,-0.9710009;
custom,boulder4,metal1,2.5,2.5,2.5,1,1,0.75,0,0.1,0.1,691.0497,46.12871,1357.254,0.4267188,-0.1483335,0.232685,-0.8612584;
custom,boulder4,bombtex,2.6,2.6,2.6,1,1,0.5,0,1E+10,1E+10,691.0497,46.12871,1357.254,0.4267188,-0.1483335,0.232685,-0.8612584;
custom,boulder4,bombtex,2.65,2.65,2.65,1,1,0.5,0,1E+10,1E+10,691.0497,46.12871,1357.254,0.4267188,-0.1483335,0.232685,-0.8612584;
custom,boulder4,metal1,2.5,2.5,2.5,1,1,0.75,0,0.1,0.1,789.6446,112.0383,1389.799,0.1840542,-0.3356817,0.09040131,-0.9193854;
custom,boulder4,bombtex,2.6,2.6,2.6,1,1,0.5,0,1E+10,1E+10,789.6446,112.0383,1389.799,0.1840542,-0.3356817,0.09040131,-0.9193854;
custom,boulder4,bombtex,2.65,2.65,2.65,1,1,0.5,0,1E+10,1E+10,789.6446,112.0383,1389.799,0.1840542,-0.3356817,0.09040131,-0.9193854;
custom,boulder4,metal1,2.5,2.5,2.5,1,1,0.75,0,0.1,0.1,818.9722,42.25547,1333.034,0.4116375,-0.4682258,0.1765036,-0.761686;
custom,boulder4,bombtex,2.6,2.6,2.6,1,1,0.5,0,1E+10,1E+10,818.9722,42.25547,1333.034,0.4116375,-0.4682258,0.1765036,-0.761686;
custom,boulder4,bombtex,2.65,2.65,2.65,1,1,0.5,0,1E+10,1E+10,818.9722,42.25547,1333.034,0.4116375,-0.4682258,0.1765036,-0.761686;
custom,boulder4,metal1,2.5,2.5,2.5,1,1,0.75,0,0.1,0.1,357.7242,103.3545,1388.605,0.3767846,-0.002833399,-0.06404377,-0.92408;
custom,boulder4,bombtex,2.6,2.6,2.6,1,1,0.5,0,1E+10,1E+10,357.7242,103.3545,1388.605,0.3767846,-0.002833399,-0.06404377,-0.92408;
custom,boulder4,bombtex,2.65,2.65,2.65,1,1,0.5,0,1E+10,1E+10,357.7242,103.3545,1388.605,0.3767846,-0.002833399,-0.06404377,-0.92408;
custom,boulder4,metal1,2.5,2.5,2.5,1,1,0.75,0,0.1,0.1,358.2575,27.29859,1324.021,0.3799054,-0.2023103,0.1908713,-0.8822191;
custom,boulder4,bombtex,2.6,2.6,2.6,1,1,0.5,0,1E+10,1E+10,358.2575,27.29859,1324.021,0.3799054,-0.2023103,0.1908713,-0.8822191;
custom,boulder4,bombtex,2.65,2.65,2.65,1,1,0.5,0,1E+10,1E+10,358.2575,27.29859,1324.021,0.3799054,-0.2023103,0.1908713,-0.8822191;
custom,boulder4,metal1,2.5,2.5,2.5,1,1,0.75,0,0.1,0.1,500.045,109.8702,1354.676,0.1290553,-0.38487,0.04794046,-0.9126454;
custom,boulder4,bombtex,2.6,2.6,2.6,1,1,0.5,0,1E+10,1E+10,500.045,109.8702,1354.676,0.1290553,-0.38487,0.04794046,-0.9126454;
custom,boulder4,bombtex,2.65,2.65,2.65,1,1,0.5,0,1E+10,1E+10,500.045,109.8702,1354.676,0.1290553,-0.38487,0.04794046,-0.9126454;
custom,boulder4,metal1,2.5,2.5,2.5,1,1,0.75,0,0.1,0.1,524.4796,49.22061,1286.292,0.3723148,-0.512367,0.1149795,-0.7652722;
custom,boulder4,bombtex,2.6,2.6,2.6,1,1,0.5,0,1E+10,1E+10,524.4796,49.22061,1286.292,0.3723148,-0.512367,0.1149795,-0.7652722;
custom,boulder4,bombtex,2.65,2.65,2.65,1,1,0.5,0,1E+10,1E+10,524.4796,49.22061,1286.292,0.3723148,-0.512367,0.1149795,-0.7652722;
custom,boulder4,metal1,2.5,2.5,2.5,1,1,0.75,0,0.1,0.1,180.9105,79.16704,1571.017,0.3357748,-0.3017703,-0.1825472,-0.8734223;
custom,boulder4,bombtex,2.6,2.6,2.6,1,1,0.5,0,1E+10,1E+10,180.9105,79.16704,1571.017,0.3357748,-0.3017703,-0.1825472,-0.8734223;
custom,boulder4,bombtex,2.65,2.65,2.65,1,1,0.5,0,1E+10,1E+10,180.9105,79.16704,1571.017,0.3357748,-0.3017703,-0.1825472,-0.8734223;
custom,boulder4,metal1,2.5,2.5,2.5,1,1,0.75,0,0.1,0.1,174.0699,21.95511,1493.747,0.4212339,-0.4769609,0.05763635,-0.7692518;
custom,boulder4,bombtex,2.6,2.6,2.6,1,1,0.5,0,1E+10,1E+10,174.0699,21.95511,1493.747,0.4212339,-0.4769609,0.05763635,-0.7692518;
custom,boulder4,bombtex,2.65,2.65,2.65,1,1,0.5,0,1E+10,1E+10,174.0699,21.95511,1493.747,0.4212339,-0.4769609,0.05763635,-0.7692518;
custom,boulder4,metal1,2.5,2.5,2.5,1,1,0.75,0,0.1,0.1,272.6327,85.68282,1457.028,0.1376252,-0.6595419,0.003589678,-0.7389526;
custom,boulder4,bombtex,2.6,2.6,2.6,1,1,0.5,0,1E+10,1E+10,272.6327,85.68282,1457.028,0.1376252,-0.6595419,0.003589678,-0.7389526;
custom,boulder4,bombtex,2.65,2.65,2.65,1,1,0.5,0,1E+10,1E+10,272.6327,85.68282,1457.028,0.1376252,-0.6595419,0.003589678,-0.7389526;
custom,boulder4,metal1,2.5,2.5,2.5,1,1,0.75,0,0.1,0.1,250.0639,25.0331,1388.005,0.3894884,-0.732477,-0.01171359,-0.5582464;
custom,boulder4,bombtex,2.6,2.6,2.6,1,1,0.5,0,1E+10,1E+10,250.0639,25.0331,1388.005,0.3894884,-0.732477,-0.01171359,-0.5582464;
custom,boulder4,bombtex,2.65,2.65,2.65,1,1,0.5,0,1E+10,1E+10,250.0639,25.0331,1388.005,0.3894884,-0.732477,-0.01171359,-0.5582464;
custom,boulder4,metal1,2.5,2.5,2.5,1,1,0.75,0,0.1,0.1,-175.3252,108.1649,2007.953,0.2353166,-0.06265359,0.04194663,-0.9689897;
custom,boulder4,bombtex,2.6,2.6,2.6,1,1,0.5,0,1E+10,1E+10,-175.3252,108.1649,2007.953,0.2353166,-0.06265359,0.04194663,-0.9689897;
custom,boulder4,bombtex,2.65,2.65,2.65,1,1,0.5,0,1E+10,1E+10,-175.3252,108.1649,2007.953,0.2353166,-0.06265359,0.04194663,-0.9689897;
custom,boulder4,metal1,2.5,2.5,2.5,1,1,0.75,0,0.1,0.1,-198.6987,47.49316,1963.735,0.1222896,-0.5540708,0.5241722,-0.6350546;
custom,boulder4,bombtex,2.6,2.6,2.6,1,1,0.5,0,1E+10,1E+10,-198.6987,47.49316,1963.735,0.1222896,-0.5540708,0.5241722,-0.6350546;
custom,boulder4,bombtex,2.65,2.65,2.65,1,1,0.5,0,1E+10,1E+10,-198.6987,47.49316,1963.735,0.1222896,-0.5540708,0.5241722,-0.6350546;
custom,boulder4,metal1,2.5,2.5,2.5,1,1,0.75,0,0.1,0.1,-6.591171,112.0382,2003.687,0.1891071,-0.3898072,0.07928525,-0.8977765;
custom,boulder4,bombtex,2.6,2.6,2.6,1,1,0.5,0,1E+10,1E+10,-6.591171,112.0382,2003.687,0.1891071,-0.3898072,0.07928525,-0.8977765;
custom,boulder4,bombtex,2.65,2.65,2.65,1,1,0.5,0,1E+10,1E+10,-6.591171,112.0382,2003.687,0.1891071,-0.3898072,0.07928525,-0.8977765;
custom,boulder4,metal1,2.5,2.5,2.5,1,1,0.75,0,0.1,0.1,15.78422,42.25535,1943.84,0.4214131,-0.5127301,0.1516897,-0.7324679;
custom,boulder4,bombtex,2.6,2.6,2.6,1,1,0.5,0,1E+10,1E+10,15.78422,42.25535,1943.84,0.4214131,-0.5127301,0.1516897,-0.7324679;
custom,boulder4,bombtex,2.65,2.65,2.65,1,1,0.5,0,1E+10,1E+10,15.78422,42.25535,1943.84,0.4214131,-0.5127301,0.1516897,-0.7324679;
custom,boulder4,metal1,2.5,2.5,2.5,1,1,0.75,0,0.1,0.1,-402.1855,8.131275,1935.708,-0.2169713,0.6479309,-0.55296,-0.4768063;
custom,boulder4,bombtex,2.6,2.6,2.6,1,1,0.5,0,1E+10,1E+10,-402.1855,8.131275,1935.708,-0.2169713,0.6479309,-0.55296,-0.4768063;
custom,boulder4,bombtex,2.65,2.65,2.65,1,1,0.5,0,1E+10,1E+10,-402.1855,8.131275,1935.708,-0.2169713,0.6479309,-0.55296,-0.4768063;
custom,boulder4,metal1,2.5,2.5,2.5,1,1,0.75,0,0.1,0.1,-342.5747,59.32879,1938.506,-0.06346885,0.06049372,-0.3763516,-0.9223187;
custom,boulder4,bombtex,2.6,2.6,2.6,1,1,0.5,0,1E+10,1E+10,-342.5747,59.32879,1938.506,-0.06346885,0.06049372,-0.3763516,-0.9223187;
custom,boulder4,bombtex,2.65,2.65,2.65,1,1,0.5,0,1E+10,1E+10,-342.5747,59.32879,1938.506,-0.06346885,0.06049372,-0.3763516,-0.9223187;
custom,boulder4,metal1,2.5,2.5,2.5,1,1,0.75,0,0.1,0.1,-497.1186,33.21614,2073.05,-0.002289354,0.4517113,-0.6232586,-0.6383576;
custom,boulder4,bombtex,2.6,2.6,2.6,1,1,0.5,0,1E+10,1E+10,-497.1186,33.21614,2073.05,-0.002289354,0.4517113,-0.6232586,-0.6383576;
custom,boulder4,bombtex,2.65,2.65,2.65,1,1,0.5,0,1E+10,1E+10,-497.1186,33.21614,2073.05,-0.002289354,0.4517113,-0.6232586,-0.6383576;
custom,boulder4,metal1,2.5,2.5,2.5,1,1,0.75,0,0.1,0.1,-455.9875,107.183,2115.349,0.1794301,0.4578096,-0.3991588,-0.7738782;
custom,boulder4,bombtex,2.6,2.6,2.6,1,1,0.5,0,1E+10,1E+10,-455.9875,107.183,2115.349,0.1794301,0.4578096,-0.3991588,-0.7738782;
custom,boulder4,bombtex,2.65,2.65,2.65,1,1,0.5,0,1E+10,1E+10,-455.9875,107.183,2115.349,0.1794301,0.4578096,-0.3991588,-0.7738782;
custom,boulder4,metal1,2.5,2.5,2.5,1,1,0.75,0,0.1,0.1,-519.7502,33.65384,2197.05,-0.3149036,0.5492619,-0.5036637,-0.587767;
custom,boulder4,bombtex,2.6,2.6,2.6,1,1,0.5,0,1E+10,1E+10,-519.7502,33.65384,2197.05,-0.3149036,0.5492619,-0.5036637,-0.587767;
custom,boulder4,bombtex,2.65,2.65,2.65,1,1,0.5,0,1E+10,1E+10,-519.7502,33.65384,2197.05,-0.3149036,0.5492619,-0.5036637,-0.587767;
custom,boulder4,metal1,2.5,2.5,2.5,1,1,0.75,0,0.1,0.1,-463.1554,84.85136,2178.121,-0.1315573,-0.1100491,-0.3582765,-0.9177254;
custom,boulder4,bombtex,2.6,2.6,2.6,1,1,0.5,0,1E+10,1E+10,-463.1554,84.85136,2178.121,-0.1315573,-0.1100491,-0.3582765,-0.9177254;
custom,boulder4,bombtex,2.65,2.65,2.65,1,1,0.5,0,1E+10,1E+10,-463.1554,84.85136,2178.121,-0.1315573,-0.1100491,-0.3582765,-0.9177254;
custom,boulder4,metal1,2.5,2.5,2.5,1,1,0.75,0,0.1,0.1,-558.6461,58.7387,2359.415,-0.1167986,0.3266931,-0.6122213,-0.7105032;
custom,boulder4,bombtex,2.6,2.6,2.6,1,1,0.5,0,1E+10,1E+10,-558.6461,58.7387,2359.415,-0.1167986,0.3266931,-0.6122213,-0.7105032;
custom,boulder4,bombtex,2.65,2.65,2.65,1,1,0.5,0,1E+10,1E+10,-558.6461,58.7387,2359.415,-0.1167986,0.3266931,-0.6122213,-0.7105032;
custom,boulder4,metal1,2.5,2.5,2.5,1,1,0.75,0,0.1,0.1,-505.0107,89.48272,2383.993,0.1030127,0.3077804,-0.4253371,-0.8448361;
custom,boulder4,bombtex,2.6,2.6,2.6,1,1,0.5,0,1E+10,1E+10,-505.0107,89.48272,2383.993,0.1030127,0.3077804,-0.4253371,-0.8448361;
custom,boulder4,bombtex,2.65,2.65,2.65,1,1,0.5,0,1E+10,1E+10,-505.0107,89.48272,2383.993,0.1030127,0.3077804,-0.4253371,-0.8448361;
custom,boulder4,metal1,2.5,2.5,2.5,1,1,0.75,0,0.1,0.1,-561.1714,33.21614,2553.141,-0.002289354,0.4517113,-0.6232586,-0.6383576;
custom,boulder4,bombtex,2.6,2.6,2.6,1,1,0.5,0,1E+10,1E+10,-561.1714,33.21614,2553.141,-0.002289354,0.4517113,-0.6232586,-0.6383576;
custom,boulder4,bombtex,2.65,2.65,2.65,1,1,0.5,0,1E+10,1E+10,-561.1714,33.21614,2553.141,-0.002289354,0.4517113,-0.6232586,-0.6383576;
custom,boulder4,metal1,2.5,2.5,2.5,1,1,0.75,0,0.1,0.1,-520.0403,107.183,2595.44,0.1794301,0.4578096,-0.3991588,-0.7738782;
custom,boulder4,bombtex,2.6,2.6,2.6,1,1,0.5,0,1E+10,1E+10,-520.0403,107.183,2595.44,0.1794301,0.4578096,-0.3991588,-0.7738782;
custom,boulder4,bombtex,2.65,2.65,2.65,1,1,0.5,0,1E+10,1E+10,-520.0403,107.183,2595.44,0.1794301,0.4578096,-0.3991588,-0.7738782;
custom,boulder4,metal1,2.5,2.5,2.5,1,1,0.75,0,0.1,0.1,-583.8033,33.65384,2677.14,-0.3149036,0.5492619,-0.5036637,-0.587767;
custom,boulder4,bombtex,2.6,2.6,2.6,1,1,0.5,0,1E+10,1E+10,-583.8033,33.65384,2677.14,-0.3149036,0.5492619,-0.5036637,-0.587767;
custom,boulder4,bombtex,2.65,2.65,2.65,1,1,0.5,0,1E+10,1E+10,-583.8033,33.65384,2677.14,-0.3149036,0.5492619,-0.5036637,-0.587767;
custom,boulder4,metal1,2.5,2.5,2.5,1,1,0.75,0,0.1,0.1,-527.2083,84.85136,2658.212,-0.1315573,-0.1100491,-0.3582765,-0.9177254;
custom,boulder4,bombtex,2.6,2.6,2.6,1,1,0.5,0,1E+10,1E+10,-527.2083,84.85136,2658.212,-0.1315573,-0.1100491,-0.3582765,-0.9177254;
custom,boulder4,bombtex,2.65,2.65,2.65,1,1,0.5,0,1E+10,1E+10,-527.2083,84.85136,2658.212,-0.1315573,-0.1100491,-0.3582765,-0.9177254;
custom,boulder4,metal1,2.499999,2.499999,2.499999,1,1,0.75,0,0.1,0.1,-647.5576,33.21615,2756.551,-0.002289354,0.4517113,-0.6232586,-0.6383576;
custom,boulder4,bombtex,2.599998,2.599998,2.599998,1,1,0.5,0,1E+10,1E+10,-647.5576,33.21615,2756.551,-0.002289354,0.4517113,-0.6232586,-0.6383576;
custom,boulder4,bombtex,2.65,2.65,2.65,1,1,0.5,0,1E+10,1E+10,-647.5576,33.21615,2756.551,-0.002289354,0.4517113,-0.6232586,-0.6383576;
custom,boulder4,metal1,2.499999,2.499999,2.499999,1,1,0.75,0,0.1,0.1,-606.4266,107.1829,2798.852,0.1794301,0.4578096,-0.3991588,-0.7738782;
custom,boulder4,bombtex,2.599998,2.599998,2.599998,1,1,0.5,0,1E+10,1E+10,-606.4266,107.1829,2798.852,0.1794301,0.4578096,-0.3991588,-0.7738782;
custom,boulder4,bombtex,2.65,2.65,2.65,1,1,0.5,0,1E+10,1E+10,-606.4266,107.1829,2798.852,0.1794301,0.4578096,-0.3991588,-0.7738782;
custom,boulder4,metal1,2.499999,2.499999,2.499999,1,1,0.75,0,0.1,0.1,-670.1898,33.65385,2880.552,-0.3149036,0.5492619,-0.5036637,-0.587767;
custom,boulder4,bombtex,2.599998,2.599998,2.599998,1,1,0.5,0,1E+10,1E+10,-670.1898,33.65385,2880.552,-0.3149036,0.5492619,-0.5036637,-0.587767;
custom,boulder4,bombtex,2.65,2.65,2.65,1,1,0.5,0,1E+10,1E+10,-670.1898,33.65385,2880.552,-0.3149036,0.5492619,-0.5036637,-0.587767;
custom,boulder4,metal1,2.499999,2.499999,2.499999,1,1,0.75,0,0.1,0.1,-613.5943,84.85135,2861.622,-0.1315573,-0.1100491,-0.3582765,-0.9177254;
custom,boulder4,bombtex,2.599998,2.599998,2.599998,1,1,0.5,0,1E+10,1E+10,-613.5943,84.85135,2861.622,-0.1315573,-0.1100491,-0.3582765,-0.9177254;
custom,boulder4,bombtex,2.65,2.65,2.65,1,1,0.5,0,1E+10,1E+10,-613.5943,84.85135,2861.622,-0.1315573,-0.1100491,-0.3582765,-0.9177254;
custom,boulder4,metal1,3.503043,3.503043,3.503043,1,1,0.75,0,0.1,0.1,-723.826,20.5738,2903.994,-0.002289354,0.4517113,-0.6232586,-0.6383576;
custom,boulder4,bombtex,3.643166,3.643166,3.643166,1,1,0.5,0,1E+10,1E+10,-723.826,20.5738,2903.994,-0.002289354,0.4517113,-0.6232586,-0.6383576;
custom,boulder4,bombtex,3.713228,3.713228,3.713228,1,1,0.5,0,1E+10,1E+10,-723.826,20.5738,2903.994,-0.002289354,0.4517113,-0.6232586,-0.6383576;
custom,boulder4,metal1,3.503043,3.503043,3.503043,1,1,0.75,0,0.1,0.1,-666.1925,124.2174,2963.268,0.1794301,0.4578096,-0.3991588,-0.7738782;
custom,boulder4,bombtex,3.643166,3.643166,3.643166,1,1,0.5,0,1E+10,1E+10,-666.1925,124.2174,2963.268,0.1794301,0.4578096,-0.3991588,-0.7738782;
custom,boulder4,bombtex,3.713228,3.713228,3.713228,1,1,0.5,0,1E+10,1E+10,-666.1925,124.2174,2963.268,0.1794301,0.4578096,-0.3991588,-0.7738782;
custom,boulder4,metal1,3.503043,3.503043,3.503043,1,1,0.75,0,0.1,0.1,-755.5388,21.18709,3077.745,-0.3149036,0.5492619,-0.5036637,-0.587767;
custom,boulder4,bombtex,3.643166,3.643166,3.643166,1,1,0.5,0,1E+10,1E+10,-755.5388,21.18709,3077.745,-0.3149036,0.5492619,-0.5036637,-0.587767;
custom,boulder4,bombtex,3.713228,3.713228,3.713228,1,1,0.5,0,1E+10,1E+10,-755.5388,21.18709,3077.745,-0.3149036,0.5492619,-0.5036637,-0.587767;
custom,boulder4,metal1,3.503043,3.503043,3.503043,1,1,0.75,0,0.1,0.1,-676.2359,92.926,3051.222,-0.1315573,-0.1100491,-0.3582765,-0.9177254;
custom,boulder4,bombtex,3.643166,3.643166,3.643166,1,1,0.5,0,1E+10,1E+10,-676.2359,92.926,3051.222,-0.1315573,-0.1100491,-0.3582765,-0.9177254;
custom,boulder4,bombtex,3.713228,3.713228,3.713228,1,1,0.5,0,1E+10,1E+10,-676.2359,92.926,3051.222,-0.1315573,-0.1100491,-0.3582765,-0.9177254;
custom,boulder4,metal1,2.5,2.5,2.5,1,1,0.75,0,0.1,0.1,-817.5271,33.21614,2828.093,0.5893016,0.7498369,-0.2029323,0.2220063;
custom,boulder4,bombtex,2.6,2.6,2.6,1,1,0.5,0,1E+10,1E+10,-817.5271,33.21614,2828.093,0.5893016,0.7498369,-0.2029323,0.2220063;
custom,boulder4,bombtex,2.65,2.65,2.65,1,1,0.5,0,1E+10,1E+10,-817.5271,33.21614,2828.093,0.5893016,0.7498369,-0.2029323,0.2220063;
custom,boulder4,metal1,2.5,2.5,2.5,1,1,0.75,0,0.1,0.1,-875.9218,107.183,2819.659,0.4356813,0.8800994,0.04128873,0.1841257;
custom,boulder4,bombtex,2.6,2.6,2.6,1,1,0.5,0,1E+10,1E+10,-875.9218,107.183,2819.659,0.4356813,0.8800994,0.04128873,0.1841257;
custom,boulder4,bombtex,2.65,2.65,2.65,1,1,0.5,0,1E+10,1E+10,-875.9218,107.183,2819.659,0.4356813,0.8800994,0.04128873,0.1841257;
custom,boulder4,metal1,2.5,2.5,2.5,1,1,0.75,0,0.1,0.1,-875.2189,33.65384,2716.023,0.3753805,0.7333676,-0.4603584,0.3306534;
custom,boulder4,bombtex,2.6,2.6,2.6,1,1,0.5,0,1E+10,1E+10,-875.2189,33.65384,2716.023,0.3753805,0.7333676,-0.4603584,0.3306534;
custom,boulder4,bombtex,2.65,2.65,2.65,1,1,0.5,0,1E+10,1E+10,-875.2189,33.65384,2716.023,0.3753805,0.7333676,-0.4603584,0.3306534;
custom,boulder4,metal1,2.5,2.5,2.5,1,1,0.75,0,0.1,0.1,-908.5254,84.85136,2765.544,0.2968036,0.8333599,-0.239954,-0.3998013;
custom,boulder4,bombtex,2.6,2.6,2.6,1,1,0.5,0,1E+10,1E+10,-908.5254,84.85136,2765.544,0.2968036,0.8333599,-0.239954,-0.3998013;
custom,boulder4,bombtex,2.65,2.65,2.65,1,1,0.5,0,1E+10,1E+10,-908.5254,84.85136,2765.544,0.2968036,0.8333599,-0.239954,-0.3998013;
custom,boulder4,metal1,2.499999,2.499999,2.499999,1,1,0.75,0,0.1,0.1,-873.1314,33.21615,2614.209,0.5893016,0.7498369,-0.2029323,0.2220063;
custom,boulder4,bombtex,2.599998,2.599998,2.599998,1,1,0.5,0,1E+10,1E+10,-873.1314,33.21615,2614.209,0.5893016,0.7498369,-0.2029323,0.2220063;
custom,boulder4,bombtex,2.65,2.65,2.65,1,1,0.5,0,1E+10,1E+10,-873.1314,33.21615,2614.209,0.5893016,0.7498369,-0.2029323,0.2220063;
custom,boulder4,metal1,2.499999,2.499999,2.499999,1,1,0.75,0,0.1,0.1,-931.5256,107.1829,2605.771,0.4356813,0.8800994,0.04128873,0.1841257;
custom,boulder4,bombtex,2.599998,2.599998,2.599998,1,1,0.5,0,1E+10,1E+10,-931.5256,107.1829,2605.771,0.4356813,0.8800994,0.04128873,0.1841257;
custom,boulder4,bombtex,2.65,2.65,2.65,1,1,0.5,0,1E+10,1E+10,-931.5256,107.1829,2605.771,0.4356813,0.8800994,0.04128873,0.1841257;
custom,boulder4,metal1,2.499999,2.499999,2.499999,1,1,0.75,0,0.1,0.1,-964.1269,84.85135,2551.655,0.2968036,0.8333599,-0.239954,-0.3998013;
custom,boulder4,bombtex,2.599998,2.599998,2.599998,1,1,0.5,0,1E+10,1E+10,-964.1269,84.85135,2551.655,0.2968036,0.8333599,-0.239954,-0.3998013;
custom,boulder4,bombtex,2.65,2.65,2.65,1,1,0.5,0,1E+10,1E+10,-964.1269,84.85135,2551.655,0.2968036,0.8333599,-0.239954,-0.3998013;
custom,boulder4,metal1,14.79846,14.79846,14.79846,1,1,0.75,0,0.1,0.1,-738.7554,21.18709,3222.435,-0.3149036,0.5492619,-0.5036637,-0.587767;
custom,boulder4,bombtex,15.39042,15.39042,15.39042,1,1,0.5,0,1E+10,1E+10,-738.7554,21.18709,3222.435,-0.3149036,0.5492619,-0.5036637,-0.587767;
custom,boulder4,bombtex,15.68638,15.68638,15.68638,1,1,0.5,0,1E+10,1E+10,-738.7554,21.18709,3222.435,-0.3149036,0.5492619,-0.5036637,-0.587767;
custom,boulder4,metal1,14.79846,14.79846,14.79846,1,1,0.75,0,0.1,0.1,-560.0891,21.18709,3250.029,-0.3149036,0.5492619,-0.5036637,-0.587767;
custom,boulder4,bombtex,15.39042,15.39042,15.39042,1,1,0.5,0,1E+10,1E+10,-560.0891,21.18709,3250.029,-0.3149036,0.5492619,-0.5036637,-0.587767;
custom,boulder4,bombtex,15.68638,15.68638,15.68638,1,1,0.5,0,1E+10,1E+10,-560.0891,21.18709,3250.029,-0.3149036,0.5492619,-0.5036637,-0.587767;
custom,boulder4,metal1,14.79846,14.79846,14.79846,1,1,0.75,0,0.1,0.1,-560.0891,143.5194,3349.497,-0.3149036,0.5492619,-0.5036637,-0.587767;
custom,boulder4,bombtex,15.39042,15.39042,15.39042,1,1,0.5,0,1E+10,1E+10,-560.0891,143.5194,3349.497,-0.3149036,0.5492619,-0.5036637,-0.587767;
custom,boulder4,bombtex,15.68638,15.68638,15.68638,1,1,0.5,0,1E+10,1E+10,-560.0891,143.5194,3349.497,-0.3149036,0.5492619,-0.5036637,-0.587767;
custom,boulder4,metal1,2.5,2.5,2.5,1,1,0.75,0,0.1,0.1,-917.8671,33.21614,2417.227,0.616596,0.6961195,-0.09092025,0.3563153;
custom,boulder4,bombtex,2.6,2.6,2.6,1,1,0.5,0,1E+10,1E+10,-917.8671,33.21614,2417.227,0.616596,0.6961195,-0.09092025,0.3563153;
custom,boulder4,bombtex,2.65,2.65,2.65,1,1,0.5,0,1E+10,1E+10,-917.8671,33.21614,2417.227,0.616596,0.6961195,-0.09092025,0.3563153;
custom,boulder4,metal1,2.5,2.5,2.5,1,1,0.75,0,0.1,0.1,-969.2428,107.183,2388.222,0.4206237,0.8311292,0.1208281,0.3430751;
custom,boulder4,bombtex,2.6,2.6,2.6,1,1,0.5,0,1E+10,1E+10,-969.2428,107.183,2388.222,0.4206237,0.8311292,0.1208281,0.3430751;
custom,boulder4,bombtex,2.65,2.65,2.65,1,1,0.5,0,1E+10,1E+10,-969.2428,107.183,2388.222,0.4206237,0.8311292,0.1208281,0.3430751;
custom,boulder4,metal1,2.5,2.5,2.5,1,1,0.75,0,0.1,0.1,-931.0663,33.65384,2291.871,0.4537483,0.6599209,-0.3833442,0.4600698;
custom,boulder4,bombtex,2.6,2.6,2.6,1,1,0.5,0,1E+10,1E+10,-931.0663,33.65384,2291.871,0.4537483,0.6599209,-0.3833442,0.4600698;
custom,boulder4,bombtex,2.65,2.65,2.65,1,1,0.5,0,1E+10,1E+10,-931.0663,33.65384,2291.871,0.4537483,0.6599209,-0.3833442,0.4600698;
custom,boulder4,metal1,2.5,2.5,2.5,1,1,0.75,0,0.1,0.1,-980.0424,84.85136,2325.97,0.3359208,0.8927396,-0.1811823,-0.239471;
custom,boulder4,bombtex,2.6,2.6,2.6,1,1,0.5,0,1E+10,1E+10,-980.0424,84.85136,2325.97,0.3359208,0.8927396,-0.1811823,-0.239471;
custom,boulder4,bombtex,2.65,2.65,2.65,1,1,0.5,0,1E+10,1E+10,-980.0424,84.85136,2325.97,0.3359208,0.8927396,-0.1811823,-0.239471;
custom,boulder4,metal1,2.5,2.5,2.5,1,1,0.75,0,0.1,0.1,-975.6346,96.38167,2184.81,0.2116392,0.538183,-0.02549875,0.8154249;
custom,boulder4,bombtex,2.6,2.6,2.6,1,1,0.5,0,1E+10,1E+10,-975.6346,96.38167,2184.81,0.2116392,0.538183,-0.02549875,0.8154249;
custom,boulder4,bombtex,2.65,2.65,2.65,1,1,0.5,0,1E+10,1E+10,-975.6346,96.38167,2184.81,0.2116392,0.538183,-0.02549875,0.8154249;
custom,boulder4,metal1,2.5,2.5,2.5,1,1,0.75,0,0.1,0.1,-989.7454,89.15668,2091.532,-0.05352952,0.6859269,0.01233301,0.7255941;
custom,boulder4,bombtex,2.6,2.6,2.6,1,1,0.5,0,1E+10,1E+10,-989.7454,89.15668,2091.532,-0.05352952,0.6859269,0.01233301,0.7255941;
custom,boulder4,bombtex,2.65,2.65,2.65,1,1,0.5,0,1E+10,1E+10,-989.7454,89.15668,2091.532,-0.05352952,0.6859269,0.01233301,0.7255941;
custom,boulder4,metal1,2.5,2.5,2.5,1,1,0.75,0,0.1,0.1,-986.6303,93.33377,1964.275,0.160556,0.3134331,-0.2804011,0.8929483;
custom,boulder4,bombtex,2.6,2.6,2.6,1,1,0.5,0,1E+10,1E+10,-986.6303,93.33377,1964.275,0.160556,0.3134331,-0.2804011,0.8929483;
custom,boulder4,bombtex,2.65,2.65,2.65,1,1,0.5,0,1E+10,1E+10,-986.6303,93.33377,1964.275,0.160556,0.3134331,-0.2804011,0.8929483;
custom,boulder4,metal1,2.5,2.5,2.5,1,1,0.75,0,0.1,0.1,-943.9066,41.49508,2080.693,0.2088855,0.815312,-0.4306011,0.3259078;
custom,boulder4,bombtex,2.6,2.6,2.6,1,1,0.5,0,1E+10,1E+10,-943.9066,41.49508,2080.693,0.2088855,0.815312,-0.4306011,0.3259078;
custom,boulder4,bombtex,2.65,2.65,2.65,1,1,0.5,0,1E+10,1E+10,-943.9066,41.49508,2080.693,0.2088855,0.815312,-0.4306011,0.3259078;
custom,boulder4,metal1,2.5,2.5,2.5,1,1,0.75,0,0.1,0.1,-997.9264,77.35534,1724.171,0.3874581,0.4293119,-0.3107614,0.7543175;
custom,boulder4,bombtex,2.6,2.6,2.6,1,1,0.5,0,1E+10,1E+10,-997.9264,77.35534,1724.171,0.3874581,0.4293119,-0.3107614,0.7543175;
custom,boulder4,bombtex,2.65,2.65,2.65,1,1,0.5,0,1E+10,1E+10,-997.9264,77.35534,1724.171,0.3874581,0.4293119,-0.3107614,0.7543175;
custom,boulder4,metal1,2.5,2.5,2.5,1,1,0.75,0,0.1,0.1,-1038.039,73.99968,1630.893,0.1912239,0.6609051,-0.243742,0.6835406;
custom,boulder4,bombtex,2.6,2.6,2.6,1,1,0.5,0,1E+10,1E+10,-1038.039,73.99968,1630.893,0.1912239,0.6609051,-0.243742,0.6835406;
custom,boulder4,bombtex,2.65,2.65,2.65,1,1,0.5,0,1E+10,1E+10,-1038.039,73.99968,1630.893,0.1912239,0.6609051,-0.243742,0.6835406;
custom,boulder4,metal1,2.5,2.5,2.5,1,1,0.75,0,0.1,0.1,-1008.208,82.30492,1503.635,0.2605666,0.236905,-0.5766414,0.7372013;
custom,boulder4,bombtex,2.6,2.6,2.6,1,1,0.5,0,1E+10,1E+10,-1008.208,82.30492,1503.635,0.2605666,0.236905,-0.5766414,0.7372013;
custom,boulder4,bombtex,2.65,2.65,2.65,1,1,0.5,0,1E+10,1E+10,-1008.208,82.30492,1503.635,0.2605666,0.236905,-0.5766414,0.7372013;
custom,boulder4,metal1,2.5,2.5,2.5,1,1,0.75,0,0.1,0.1,-965.1976,41.49508,1889.534,0.2088855,0.815312,-0.4306011,0.3259078;
custom,boulder4,bombtex,2.6,2.6,2.6,1,1,0.5,0,1E+10,1E+10,-965.1976,41.49508,1889.534,0.2088855,0.815312,-0.4306011,0.3259078;
custom,boulder4,bombtex,2.65,2.65,2.65,1,1,0.5,0,1E+10,1E+10,-965.1976,41.49508,1889.534,0.2088855,0.815312,-0.4306011,0.3259078;
custom,boulder4,metal1,2.5,2.5,2.5,1,1,0.75,0,0.1,0.1,-660.8873,108.1649,1278.495,-0.02623934,0.9626964,0.2375819,-0.1268149;
custom,boulder4,bombtex,2.6,2.6,2.6,1,1,0.5,0,1E+10,1E+10,-660.8873,108.1649,1278.495,-0.02623934,0.9626964,0.2375819,-0.1268149;
custom,boulder4,bombtex,2.65,2.65,2.65,1,1,0.5,0,1E+10,1E+10,-660.8873,108.1649,1278.495,-0.02623934,0.9626964,0.2375819,-0.1268149;
custom,boulder4,metal1,2.5,2.5,2.5,1,1,0.75,0,0.1,0.1,-631.8645,47.49313,1319.226,-0.5149023,0.5968882,0.1568027,-0.59499;
custom,boulder4,bombtex,2.6,2.6,2.6,1,1,0.5,0,1E+10,1E+10,-631.8645,47.49313,1319.226,-0.5149023,0.5968882,0.1568027,-0.59499;
custom,boulder4,bombtex,2.65,2.65,2.65,1,1,0.5,0,1E+10,1E+10,-631.8645,47.49313,1319.226,-0.5149023,0.5968882,0.1568027,-0.59499;
custom,boulder4,metal1,2.5,2.5,2.5,1,1,0.75,0,0.1,0.1,-827.5708,112.0381,1305.066,-0.06656219,0.8699309,0.1939517,-0.4485227;
custom,boulder4,bombtex,2.6,2.6,2.6,1,1,0.5,0,1E+10,1E+10,-827.5708,112.0381,1305.066,-0.06656219,0.8699309,0.1939517,-0.4485227;
custom,boulder4,bombtex,2.65,2.65,2.65,1,1,0.5,0,1E+10,1E+10,-827.5708,112.0381,1305.066,-0.06656219,0.8699309,0.1939517,-0.4485227;
custom,boulder4,metal1,2.5,2.5,2.5,1,1,0.75,0,0.1,0.1,-841.8237,42.25532,1367.35,-0.1233914,0.6968306,0.4305492,-0.5602046;
custom,boulder4,bombtex,2.6,2.6,2.6,1,1,0.5,0,1E+10,1E+10,-841.8237,42.25532,1367.35,-0.1233914,0.6968306,0.4305492,-0.5602046;
custom,boulder4,bombtex,2.65,2.65,2.65,1,1,0.5,0,1E+10,1E+10,-841.8237,42.25532,1367.35,-0.1233914,0.6968306,0.4305492,-0.5602046;
custom,boulder4,metal1,2.5,2.5,2.5,1,1,0.75,0,0.1,0.1,-416.0499,111.0889,1235.22,0.0890145,0.9447153,0.2584624,-0.181071;
custom,boulder4,bombtex,2.6,2.6,2.6,1,1,0.5,0,1E+10,1E+10,-416.0499,111.0889,1235.22,0.0890145,0.9447153,0.2584624,-0.181071;
custom,boulder4,bombtex,2.65,2.65,2.65,1,1,0.5,0,1E+10,1E+10,-416.0499,111.0889,1235.22,0.0890145,0.9447153,0.2584624,-0.181071;
custom,boulder4,metal1,2.5,2.5,2.5,1,1,0.75,0,0.1,0.1,-393.5576,44.56911,1270.597,-0.4427276,0.5930729,0.262538,-0.6191371;
custom,boulder4,bombtex,2.6,2.6,2.6,1,1,0.5,0,1E+10,1E+10,-393.5576,44.56911,1270.597,-0.4427276,0.5930729,0.262538,-0.6191371;
custom,boulder4,bombtex,2.65,2.65,2.65,1,1,0.5,0,1E+10,1E+10,-393.5576,44.56911,1270.597,-0.4427276,0.5930729,0.262538,-0.6191371;
custom,boulder4,metal1,2.5,2.5,2.5,1,1,0.75,0,0.1,0.1,-513.0162,112.0381,1273.345,-0.05026195,0.8297732,0.1988003,-0.5190651;
custom,boulder4,bombtex,2.6,2.6,2.6,1,1,0.5,0,1E+10,1E+10,-513.0162,112.0381,1273.345,-0.05026195,0.8297732,0.1988003,-0.5190651;
custom,boulder4,bombtex,2.65,2.65,2.65,1,1,0.5,0,1E+10,1E+10,-513.0162,112.0381,1273.345,-0.05026195,0.8297732,0.1988003,-0.5190651;
custom,boulder4,metal1,2.5,2.5,2.5,1,1,0.75,0,0.1,0.1,-516.787,42.25532,1337.126,-0.08729047,0.6480151,0.4392921,-0.6160189;
custom,boulder4,bombtex,2.6,2.6,2.6,1,1,0.5,0,1E+10,1E+10,-516.787,42.25532,1337.126,-0.08729047,0.6480151,0.4392921,-0.6160189;
custom,boulder4,bombtex,2.65,2.65,2.65,1,1,0.5,0,1E+10,1E+10,-516.787,42.25532,1337.126,-0.08729047,0.6480151,0.4392921,-0.6160189;
custom,boulder4,metal1,2.5,2.5,2.5,1,1,0.75,0,0.1,0.1,-253.061,111.0889,1075.24,0.1634018,0.8449004,0.2191492,-0.4598008;
custom,boulder4,bombtex,2.6,2.6,2.6,1,1,0.5,0,1E+10,1E+10,-253.061,111.0889,1075.24,0.1634018,0.8449004,0.2191492,-0.4598008;
custom,boulder4,bombtex,2.65,2.65,2.65,1,1,0.5,0,1E+10,1E+10,-253.061,111.0889,1075.24,0.1634018,0.8449004,0.2191492,-0.4598008;
custom,boulder4,metal1,2.5,2.5,2.5,1,1,0.75,0,0.1,0.1,-214.2306,44.56911,1091.041,-0.3419143,0.3766891,0.3847451,-0.7701761;
custom,boulder4,bombtex,2.6,2.6,2.6,1,1,0.5,0,1E+10,1E+10,-214.2306,44.56911,1091.041,-0.3419143,0.3766891,0.3847451,-0.7701761;
custom,boulder4,bombtex,2.65,2.65,2.65,1,1,0.5,0,1E+10,1E+10,-214.2306,44.56911,1091.041,-0.3419143,0.3766891,0.3847451,-0.7701761;
custom,boulder4,metal1,2.5,2.5,2.5,1,1,0.75,0,0.1,0.1,-310.0003,112.0381,1162.498,0.01257778,0.6326122,0.2046692,-0.7468294;
custom,boulder4,bombtex,2.6,2.6,2.6,1,1,0.5,0,1E+10,1E+10,-310.0003,112.0381,1162.498,0.01257778,0.6326122,0.2046692,-0.7468294;
custom,boulder4,bombtex,2.65,2.65,2.65,1,1,0.5,0,1E+10,1E+10,-310.0003,112.0381,1162.498,0.01257778,0.6326122,0.2046692,-0.7468294;
custom,boulder4,metal1,2.5,2.5,2.5,1,1,0.75,0,0.1,0.1,-276.117,42.25533,1216.667,0.0504414,0.4299781,0.4450307,-0.7839146;
custom,boulder4,bombtex,2.6,2.6,2.6,1,1,0.5,0,1E+10,1E+10,-276.117,42.25533,1216.667,0.0504414,0.4299781,0.4450307,-0.7839146;
custom,boulder4,bombtex,2.65,2.65,2.65,1,1,0.5,0,1E+10,1E+10,-276.117,42.25533,1216.667,0.0504414,0.4299781,0.4450307,-0.7839146;
custom,boulder4,metal1,2.5,2.5,2.5,1,1,0.75,0,0.1,0.1,49.64225,111.0889,649.2849,0.04991134,0.9610909,0.2687665,-0.03972183;
custom,boulder4,bombtex,2.6,2.6,2.6,1,1,0.5,0,1E+10,1E+10,49.64225,111.0889,649.2849,0.04991134,0.9610909,0.2687665,-0.03972183;
custom,boulder4,bombtex,2.65,2.65,2.65,1,1,0.5,0,1E+10,1E+10,49.64225,111.0889,649.2849,0.04991134,0.9610909,0.2687665,-0.03972183;
custom,boulder4,metal1,2.5,2.5,2.5,1,1,0.75,0,0.1,0.1,60.83166,44.56911,689.6863,-0.476614,0.6779206,0.1943531,-0.5248711;
custom,boulder4,bombtex,2.6,2.6,2.6,1,1,0.5,0,1E+10,1E+10,60.83166,44.56911,689.6863,-0.476614,0.6779206,0.1943531,-0.5248711;
custom,boulder4,bombtex,2.65,2.65,2.65,1,1,0.5,0,1E+10,1E+10,60.83166,44.56911,689.6863,-0.476614,0.6779206,0.1943531,-0.5248711;
custom,boulder4,metal1,2.5,2.5,2.5,1,1,0.75,0,0.1,0.1,-54.2291,112.0381,657.4538,-0.07903973,0.8972686,0.1892099,-0.3909749;
custom,boulder4,bombtex,2.6,2.6,2.6,1,1,0.5,0,1E+10,1E+10,-54.2291,112.0381,657.4538,-0.07903973,0.8972686,0.1892099,-0.3909749;
custom,boulder4,bombtex,2.65,2.65,2.65,1,1,0.5,0,1E+10,1E+10,-54.2291,112.0381,657.4538,-0.07903973,0.8972686,0.1892099,-0.3909749;
custom,boulder4,metal1,2.5,2.5,2.5,1,1,0.75,0,0.1,0.1,-76.44903,42.25533,717.3589,-0.1511412,0.7318028,0.4216074,-0.5136811;
custom,boulder4,bombtex,2.6,2.6,2.6,1,1,0.5,0,1E+10,1E+10,-76.44903,42.25533,717.3589,-0.1511412,0.7318028,0.4216074,-0.5136811;
custom,boulder4,bombtex,2.65,2.65,2.65,1,1,0.5,0,1E+10,1E+10,-76.44903,42.25533,717.3589,-0.1511412,0.7318028,0.4216074,-0.5136811;
custom,boulder4,metal1,2.5,2.5,2.5,1,1,0.75,0,0.1,0.1,169.159,111.0889,618.1444,0.04991134,0.9610909,0.2687665,-0.03972183;
custom,boulder4,bombtex,2.6,2.6,2.6,1,1,0.5,0,1E+10,1E+10,169.159,111.0889,618.1444,0.04991134,0.9610909,0.2687665,-0.03972183;
custom,boulder4,bombtex,2.65,2.65,2.65,1,1,0.5,0,1E+10,1E+10,169.159,111.0889,618.1444,0.04991134,0.9610909,0.2687665,-0.03972183;
custom,boulder4,metal1,2.5,2.5,2.5,1,1,0.75,0,0.1,0.1,180.3484,44.56911,658.5458,-0.476614,0.6779206,0.1943531,-0.5248711;
custom,boulder4,bombtex,2.6,2.6,2.6,1,1,0.5,0,1E+10,1E+10,180.3484,44.56911,658.5458,-0.476614,0.6779206,0.1943531,-0.5248711;
custom,boulder4,bombtex,2.65,2.65,2.65,1,1,0.5,0,1E+10,1E+10,180.3484,44.56911,658.5458,-0.476614,0.6779206,0.1943531,-0.5248711;
custom,boulder4,metal1,2.5,2.5,2.5,1,1,0.75,0,0.1,0.1,317.6835,112.0381,602.0971,-0.07903973,0.8972686,0.1892099,-0.3909749;
custom,boulder4,bombtex,2.6,2.6,2.6,1,1,0.5,0,1E+10,1E+10,317.6835,112.0381,602.0971,-0.07903973,0.8972686,0.1892099,-0.3909749;
custom,boulder4,bombtex,2.65,2.65,2.65,1,1,0.5,0,1E+10,1E+10,317.6835,112.0381,602.0971,-0.07903973,0.8972686,0.1892099,-0.3909749;
custom,boulder4,metal1,2.5,2.5,2.5,1,1,0.75,0,0.1,0.1,295.4636,42.25533,662.0022,-0.1511412,0.7318028,0.4216074,-0.5136811;
custom,boulder4,bombtex,2.6,2.6,2.6,1,1,0.5,0,1E+10,1E+10,295.4636,42.25533,662.0022,-0.1511412,0.7318028,0.4216074,-0.5136811;
custom,boulder4,bombtex,2.65,2.65,2.65,1,1,0.5,0,1E+10,1E+10,295.4636,42.25533,662.0022,-0.1511412,0.7318028,0.4216074,-0.5136811;
custom,boulder4,metal1,2.5,2.5,2.5,1,1,0.75,0,0.1,0.1,181.755,111.0889,558.9102,0.2729653,0.08495717,-0.01471898,-0.9581522;
custom,boulder4,bombtex,2.6,2.6,2.6,1,1,0.5,0,1E+10,1E+10,181.755,111.0889,558.9102,0.2729653,0.08495717,-0.01471898,-0.9581522;
custom,boulder4,bombtex,2.65,2.65,2.65,1,1,0.5,0,1E+10,1E+10,181.755,111.0889,558.9102,0.2729653,0.08495717,-0.01471898,-0.9581522;
custom,boulder4,metal1,2.5,2.5,2.5,1,1,0.75,0,0.1,0.1,181.3056,44.56911,516.9904,0.1310561,-0.4327509,0.497754,-0.7401296;
custom,boulder4,bombtex,2.6,2.6,2.6,1,1,0.5,0,1E+10,1E+10,181.3056,44.56911,516.9904,0.1310561,-0.4327509,0.497754,-0.7401296;
custom,boulder4,bombtex,2.65,2.65,2.65,1,1,0.5,0,1E+10,1E+10,181.3056,44.56911,516.9904,0.1310561,-0.4327509,0.497754,-0.7401296;
custom,boulder4,metal1,2.5,2.5,2.5,1,1,0.75,0,0.1,0.1,284.245,112.0381,577.665,0.1773936,-0.2716014,0.1028551,-0.9403112;
custom,boulder4,bombtex,2.6,2.6,2.6,1,1,0.5,0,1E+10,1E+10,284.245,112.0381,577.665,0.1773936,-0.2716014,0.1028551,-0.9403112;
custom,boulder4,bombtex,2.65,2.65,2.65,1,1,0.5,0,1E+10,1E+10,284.245,112.0381,577.665,0.1773936,-0.2716014,0.1028551,-0.9403112;
custom,boulder4,metal1,2.5,2.5,2.5,1,1,0.75,0,0.1,0.1,321.0914,42.25533,525.4662,0.398509,-0.4146842,0.2044179,-0.7921117;
custom,boulder4,bombtex,2.6,2.6,2.6,1,1,0.5,0,1E+10,1E+10,321.0914,42.25533,525.4662,0.398509,-0.4146842,0.2044179,-0.7921117;
custom,boulder4,bombtex,2.65,2.65,2.65,1,1,0.5,0,1E+10,1E+10,321.0914,42.25533,525.4662,0.398509,-0.4146842,0.2044179,-0.7921117;
custom,boulder4,metal1,2.5,2.5,2.5,1,1,0.75,0,0.1,0.1,58.24903,111.0889,558.3431,0.2729653,0.08495717,-0.01471898,-0.9581522;
custom,boulder4,bombtex,2.6,2.6,2.6,1,1,0.5,0,1E+10,1E+10,58.24903,111.0889,558.3431,0.2729653,0.08495717,-0.01471898,-0.9581522;
custom,boulder4,bombtex,2.65,2.65,2.65,1,1,0.5,0,1E+10,1E+10,58.24903,111.0889,558.3431,0.2729653,0.08495717,-0.01471898,-0.9581522;
custom,boulder4,metal1,2.5,2.5,2.5,1,1,0.75,0,0.1,0.1,57.80025,44.56911,516.4235,0.1310561,-0.4327509,0.497754,-0.7401296;
custom,boulder4,bombtex,2.6,2.6,2.6,1,1,0.5,0,1E+10,1E+10,57.80025,44.56911,516.4235,0.1310561,-0.4327509,0.497754,-0.7401296;
custom,boulder4,bombtex,2.65,2.65,2.65,1,1,0.5,0,1E+10,1E+10,57.80025,44.56911,516.4235,0.1310561,-0.4327509,0.497754,-0.7401296;
custom,boulder4,metal1,2.5,2.5,2.5,1,1,0.75,0,0.1,0.1,-89.42072,112.0381,535.746,0.1773936,-0.2716014,0.1028551,-0.9403112;
custom,boulder4,bombtex,2.6,2.6,2.6,1,1,0.5,0,1E+10,1E+10,-89.42072,112.0381,535.746,0.1773936,-0.2716014,0.1028551,-0.9403112;
custom,boulder4,bombtex,2.65,2.65,2.65,1,1,0.5,0,1E+10,1E+10,-89.42072,112.0381,535.746,0.1773936,-0.2716014,0.1028551,-0.9403112;
custom,boulder4,metal1,2.5,2.5,2.5,1,1,0.75,0,0.1,0.1,-52.5748,42.25533,483.5474,0.398509,-0.4146842,0.2044179,-0.7921117;
custom,boulder4,bombtex,2.6,2.6,2.6,1,1,0.5,0,1E+10,1E+10,-52.5748,42.25533,483.5474,0.398509,-0.4146842,0.2044179,-0.7921117;
custom,boulder4,bombtex,2.65,2.65,2.65,1,1,0.5,0,1E+10,1E+10,-52.5748,42.25533,483.5474,0.398509,-0.4146842,0.2044179,-0.7921117;
custom,boulder4,metal1,2.5,2.5,2.5,1,1,0.75,0,0.1,0.1,-269.7221,72.4158,310.6577,0.168528,0.505311,0.1695042,-0.8291728;
custom,boulder4,bombtex,2.6,2.6,2.6,1,1,0.5,0,1E+10,1E+10,-269.7221,72.4158,310.6577,0.168528,0.505311,0.1695042,-0.8291728;
custom,boulder4,bombtex,2.65,2.65,2.65,1,1,0.5,0,1E+10,1E+10,-269.7221,72.4158,310.6577,0.168528,0.505311,0.1695042,-0.8291728;
custom,boulder4,metal1,2.5,2.5,2.5,1,1,0.75,0,0.1,0.1,-223.5603,46.12865,365.1787,0.2411852,0.3256001,0.4219742,-0.8110192;
custom,boulder4,bombtex,2.6,2.6,2.6,1,1,0.5,0,1E+10,1E+10,-223.5603,46.12865,365.1787,0.2411852,0.3256001,0.4219742,-0.8110192;
custom,boulder4,bombtex,2.65,2.65,2.65,1,1,0.5,0,1E+10,1E+10,-223.5603,46.12865,365.1787,0.2411852,0.3256001,0.4219742,-0.8110192;
custom,boulder4,metal1,2.5,2.5,2.5,1,1,0.75,0,0.1,0.1,-280.0005,86.91214,221.9186,0.258319,0.909418,0.08017328,-0.3159154;
custom,boulder4,bombtex,2.6,2.6,2.6,1,1,0.5,0,1E+10,1E+10,-280.0005,86.91214,221.9186,0.258319,0.909418,0.08017328,-0.3159154;
custom,boulder4,bombtex,2.65,2.65,2.65,1,1,0.5,0,1E+10,1E+10,-280.0005,86.91214,221.9186,0.258319,0.909418,0.08017328,-0.3159154;
custom,boulder4,metal1,2.5,2.5,2.5,1,1,0.75,0,0.1,0.1,-236.0905,47.49325,273.6385,-0.2009874,-0.08876324,0.4993158,-0.8380984;
custom,boulder4,bombtex,2.6,2.6,2.6,1,1,0.5,0,1E+10,1E+10,-236.0905,47.49325,273.6385,-0.2009874,-0.08876324,0.4993158,-0.8380984;
custom,boulder4,bombtex,2.65,2.65,2.65,1,1,0.5,0,1E+10,1E+10,-236.0905,47.49325,273.6385,-0.2009874,-0.08876324,0.4993158,-0.8380984;
custom,boulder4,metal1,2.5,2.5,2.5,1,1,0.75,0,0.1,0.1,-297.3607,61.87819,-23.23265,0.429431,0.7777797,-0.1960254,0.4149963;
custom,boulder4,bombtex,2.6,2.6,2.6,1,1,0.5,0,1E+10,1E+10,-297.3607,61.87819,-23.23265,0.429431,0.7777797,-0.1960254,0.4149963;
custom,boulder4,bombtex,2.65,2.65,2.65,1,1,0.5,0,1E+10,1E+10,-297.3607,61.87819,-23.23265,0.429431,0.7777797,-0.1960254,0.4149963;
custom,boulder4,metal1,2.5,2.5,2.5,1,1,0.75,0,0.1,0.1,-371.5669,104.6453,-63.43629,0.2359859,0.9146643,-0.001222045,0.3281742;
custom,boulder4,bombtex,2.6,2.6,2.6,1,1,0.5,0,1E+10,1E+10,-371.5669,104.6453,-63.43629,0.2359859,0.9146643,-0.001222045,0.3281742;
custom,boulder4,bombtex,2.65,2.65,2.65,1,1,0.5,0,1E+10,1E+10,-371.5669,104.6453,-63.43629,0.2359859,0.9146643,-0.001222045,0.3281742;
custom,boulder4,metal1,2.5,2.5,2.5,1,1,0.75,0,0.1,0.1,-304.5626,39.41349,65.51109,0.164531,0.3709257,-0.3988956,0.8223296;
custom,boulder4,bombtex,2.6,2.6,2.6,1,1,0.5,0,1E+10,1E+10,-304.5626,39.41349,65.51109,0.164531,0.3709257,-0.3988956,0.8223296;
custom,boulder4,bombtex,2.65,2.65,2.65,1,1,0.5,0,1E+10,1E+10,-304.5626,39.41349,65.51109,0.164531,0.3709257,-0.3988956,0.8223296;
custom,boulder4,metal1,2.5,2.5,2.5,1,1,0.75,0,0.1,0.1,-355.878,82.76144,24.95703,0.1595247,0.9464825,-0.05347864,-0.2754323;
custom,boulder4,bombtex,2.6,2.6,2.6,1,1,0.5,0,1E+10,1E+10,-355.878,82.76144,24.95703,0.1595247,0.9464825,-0.05347864,-0.2754323;
custom,boulder4,bombtex,2.65,2.65,2.65,1,1,0.5,0,1E+10,1E+10,-355.878,82.76144,24.95703,0.1595247,0.9464825,-0.05347864,-0.2754323;
custom,boulder4,metal1,2.5,2.5,2.5,1,1,0.75,0,0.1,0.1,-361.6213,86.91214,-237.2432,0.2279648,0.9605665,0.1455632,-0.06446224;
custom,boulder4,bombtex,2.6,2.6,2.6,1,1,0.5,0,1E+10,1E+10,-361.6213,86.91214,-237.2432,0.2279648,0.9605665,0.1455632,-0.06446224;
custom,boulder4,bombtex,2.65,2.65,2.65,1,1,0.5,0,1E+10,1E+10,-361.6213,86.91214,-237.2432,0.2279648,0.9605665,0.1455632,-0.06446224;
custom,boulder4,metal1,2.5,2.5,2.5,1,1,0.75,0,0.1,0.1,-319.4424,47.49325,-154.3092,-0.3257476,0.1357815,0.4284866,-0.831776;
custom,boulder4,bombtex,2.6,2.6,2.6,1,1,0.5,0,1E+10,1E+10,-319.4424,47.49325,-154.3092,-0.3257476,0.1357815,0.4284866,-0.831776;
custom,boulder4,bombtex,2.65,2.65,2.65,1,1,0.5,0,1E+10,1E+10,-319.4424,47.49325,-154.3092,-0.3257476,0.1357815,0.4284866,-0.831776;
custom,boulder4,metal1,2.5,2.5,2.5,1,1,0.75,0,0.1,0.1,-272.3065,39.41349,-368.2803,0.2640588,0.1405236,-0.341264,0.8911032;
custom,boulder4,bombtex,2.6,2.6,2.6,1,1,0.5,0,1E+10,1E+10,-272.3065,39.41349,-368.2803,0.2640588,0.1405236,-0.341264,0.8911032;
custom,boulder4,bombtex,2.65,2.65,2.65,1,1,0.5,0,1E+10,1E+10,-272.3065,39.41349,-368.2803,0.2640588,0.1405236,-0.341264,0.8911032;
custom,boulder4,metal1,2.5,2.5,2.5,1,1,0.75,0,0.1,0.1,-295.7958,82.76144,-429.3227,0.1679852,0.9856205,-0.009439011,-0.01562615;
custom,boulder4,bombtex,2.6,2.6,2.6,1,1,0.5,0,1E+10,1E+10,-295.7958,82.76144,-429.3227,0.1679852,0.9856205,-0.009439011,-0.01562615;
custom,boulder4,bombtex,2.65,2.65,2.65,1,1,0.5,0,1E+10,1E+10,-295.7958,82.76144,-429.3227,0.1679852,0.9856205,-0.009439011,-0.01562615;
custom,boulder4,metal1,2.5,2.5,2.5,1,1,0.75,0,0.1,0.1,-234.4584,86.91214,-575.9564,0.2279648,0.9605665,0.1455632,-0.06446224;
custom,boulder4,bombtex,2.6,2.6,2.6,1,1,0.5,0,1E+10,1E+10,-234.4584,86.91214,-575.9564,0.2279648,0.9605665,0.1455632,-0.06446224;
custom,boulder4,bombtex,2.65,2.65,2.65,1,1,0.5,0,1E+10,1E+10,-234.4584,86.91214,-575.9564,0.2279648,0.9605665,0.1455632,-0.06446224;
custom,boulder4,metal1,2.5,2.5,2.5,1,1,0.75,0,0.1,0.1,-156.7763,39.41349,-592.5663,0.2640588,0.1405236,-0.341264,0.8911032;
custom,boulder4,bombtex,2.6,2.6,2.6,1,1,0.5,0,1E+10,1E+10,-156.7763,39.41349,-592.5663,0.2640588,0.1405236,-0.341264,0.8911032;
custom,boulder4,bombtex,2.65,2.65,2.65,1,1,0.5,0,1E+10,1E+10,-156.7763,39.41349,-592.5663,0.2640588,0.1405236,-0.341264,0.8911032;
custom,boulder4,metal1,2.5,2.5,2.5,1,1,0.25,1,0.1,0.1,379.7763,71.1031,580.3386,0.1097364,0.3208333,0.4342287,-0.8345474;
custom,boulder4,bombtex,2.6,2.6,2.6,1,1,0,1,1E+10,1E+10,379.7763,71.1031,580.3386,0.1097364,0.3208333,0.4342287,-0.8345474;
custom,boulder4,bombtex,2.65,2.65,2.65,1,1,0,1,1E+10,1E+10,379.7763,71.1031,580.3386,0.1097364,0.3208333,0.4342287,-0.8345474;


custom,boulder4,metal1,0.4209056,0.4209056,0.4209056,1,0.125,1,0.125,0.1,0.1,-96.04675,-0.3468367,-395.5,0.1097364,0.3208333,0.4342287,-0.8345474;
custom,boulder4,bombtex,0.4377418,0.4377418,0.4377418,1,0,1,0,1E+10,1E+10,-96.04675,-0.3468367,-395.5,0.1097364,0.3208333,0.4342287,-0.8345474;
custom,boulder4,bombtex,0.4461599,0.4461599,0.4461599,1,0,1,0,1E+10,1E+10,-96.04675,-0.3468367,-395.5,0.1097364,0.3208333,0.4342287,-0.8345474;
custom,boulder1,rock3,-0.3319264,0.4489436,0.431152,0,1,1,1,1.5,1.5,-99.07719,0.05079746,-394.5422,0,0.5792069,0,0.8151806;

custom,boulder4,metal1,2.088365,2.088366,0.9968328,1,0.125,0.125,1,0.1,0.1,869.4389,193.692,1101.86,0.009115674,0.8996361,-0.1265235,-0.4178081;
custom,boulder4,bombtex,2.171901,2.171901,1.036707,1,0,0,1,1E+10,1E+10,869.4389,193.692,1101.86,0.009115674,0.8996361,-0.1265235,-0.4178081;
custom,boulder4,bombtex,2.213668,2.213669,1.056643,1,0,0,1,1E+10,1E+10,869.4389,193.692,1101.86,0.009115674,0.8996361,-0.1265235,-0.4178081;



