
map,disablebounds;

custom,cuboid,house9mat2,1000,1,1000,1,0.875,0.875,0.875,75.0,75.0,0,-4.5,0,0,0,0,0;


custom,cuboid,house9mat2,20,13,1,0,1,1,1,2.0,1.3,50,65,-100,0,1,0,1;
custom,cuboid,house9mat2,20,13,1,0,1,1,1,2.0,1.3,-50,65,-100,0,1,0,1;

custom,cuboid,brick1,2,14,2,0,1,1,1,0.2,1.4,50,70,0,0,1,0,1;
custom,cuboid,brick1,2,14,2,0,1,1,1,0.2,1.4,-50,70,0,0,1,0,1;
custom,cuboid,brick1,2,14,2,0,1,1,1,0.2,1.4,50,70,-200,0,1,0,1;
custom,cuboid,brick1,2,14,2,0,1,1,1,0.2,1.4,-50,70,-200,0,1,0,1;




custom,cuboid,tower5mat,5,18,2,0,1,1,1,0.01,0,50,65,-100,1,0,0,1;
custom,cuboid,tower5mat,5.1,17.9,1.9,0,1,1,1,0.01,0,50,65,-100,1,0,0,1;
custom,cuboid,tower5mat,4.9,18.1,1.9,0,1,1,1,0,0.01,50,65,-100,1,0,0,1;

custom,cuboid,tower5mat,5,18,2,0,1,1,1,0.01,0,-50,65,-100,1,0,0,1;
custom,cuboid,tower5mat,5.1,17.9,1.9,0,1,1,1,0.01,0,-50,65,-100,1,0,0,1;
custom,cuboid,tower5mat,4.9,18.1,1.9,0,1,1,1,0,0.01,-50,65,-100,1,0,0,1;


custom,cuboid,house9mat2,9,21,1,0,1,1,1,0.8,2.1,0,65,-295,1,0,0,1;
custom,cuboid,house9mat2,9,21,0.9,0,1,1,1,0.8,2.1,-23,65,-495,0.7024207,0.08127282,-0.08127282,0.7024207;
custom,cuboid,house9mat2,9,21,1,0,1,1,1,0.8,2.1,-46,65,-695,1,0,0,1;
custom,cuboid,house9mat2,9,21,0.9,0,1,1,1,0.8,2.1,-69,65,-895,0.7024207,0.08127282,-0.08127282,0.7024207;
custom,cuboid,house9mat2,9,21,1,0,1,1,1,0.8,2.1,-92,65,-1095,1,0,0,1;

custom,cuboid,house9mat2,9.1,21,0.9,0,1,1,1,0,2.1,0,65,-295,1,0,0,1;
custom,cuboid,house9mat2,9.1,21,0.8,0,1,1,1,0,2.1,-23,65,-495,0.7024207,0.08127282,-0.08127282,0.7024207;
custom,cuboid,house9mat2,9.1,21,0.9,0,1,1,1,0,2.1,-46,65,-695,1,0,0,1;
custom,cuboid,house9mat2,9.1,21,0.8,0,1,1,1,0,2.1,-69,65,-895,0.7024207,0.08127282,-0.08127282,0.7024207;
custom,cuboid,house9mat2,9.1,21,0.9,0,1,1,1,0,2.1,-92,65,-1095,1,0,0,1;

custom,cuboid,stone7,7.9,21,1,0,1,1,1,0.8,2.1,0,64.5,-295,1,0,0,1;
custom,cuboid,stone7,7.9,21,0.9,0,1,1,1,0.8,2.1,-23,64.5,-495,0.7024207,0.08127282,-0.08127282,0.7024207;
custom,cuboid,stone7,7.9,21,1,0,1,1,1,0.8,2.1,-46,64.5,-695,1,0,0,1;
custom,cuboid,stone7,7.9,21,0.9,0,1,1,1,0.8,2.1,-69,64.5,-895,0.7024207,0.08127282,-0.08127282,0.7024207;
custom,cuboid,stone7,7.9,21,1,0,1,1,1,0.8,2.1,-92,64.5,-1095,1,0,0,1;

custom,cuboid,house9mat2,110,7,1,0,1,1,1,11.0,0,0,35,-1205,0,0,0,0;
custom,cuboid,house9mat2,110,6.9,1.1,0,1,1,1,11.0,0.7,0,35,-1205,0,0,0,0;


custom,cuboid,house9mat2,10,7,1,0,1,1,1,1.0,0.7,100,35,0,0,0,0,0;
custom,cuboid,house9mat2,10,7,1,0,1,1,1,1.0,0.7,-100,35,0,0,0,0,0;

custom,cuboid,house9mat2,10,7,1,0,1,1,1,1.0,0.7,150,35,50,0,1,0,1;
custom,cuboid,house9mat2,10,7,1,0,1,1,1,1.0,0.7,-150,35,50,0,1,0,1;

custom,cuboid,house9mat2,30,13,20,0,1,1,1,3.0,1.3,0,65,200,0,0,0,0;

custom,cuboid,brick1,2,8,2,0,1,1,1,0.2,0.8,150,40,0,0,1,0,1;
custom,cuboid,brick1,2,8,2,0,1,1,1,0.2,0.8,-150,40,0,0,1,0,1;
custom,cuboid,brick1,2,8,2,0,1,1,1,0.2,0.8,150,40,100,0,1,0,1;
custom,cuboid,brick1,2,8,2,0,1,1,1,0.2,0.8,-150,40,100,0,1,0,1;

custom,cuboid,brick1,1.1,18,1.1,0,1,1,1,0.11,1.8,150,40,0,0,1,0,1;
custom,cuboid,brick1,1.1,18,1.1,0,1,1,1,0.11,1.8,-150,40,0,0,1,0,1;
custom,cuboid,brick1,1.1,18,1.1,0,1,1,1,0.11,1.8,150,40,100,0,1,0,1;
custom,cuboid,brick1,1.1,18,1.1,0,1,1,1,0.11,1.8,-150,40,100,0,1,0,1;



custom,village2,default,1,1,1,0,1,1,1,1.0,1.0,40,12.5,114,0,0.9144412,0,-0.4047188;
custom,village2,default,1,1,1,0,1,1,1,1.0,1.0,-80,12.5,114,0,0.9144412,0,-0.4047188;
custom,house2,bark,1,1,1,0,1,1,1,0.5,0.5,115.5223,0,70,0,0.8306974,0,-0.5567244;

custom,tower5,default,1,1,1,0,1,1,1,1.0,1.0,-125,0,13.36944,0,0.7218103,0,-0.6920909;
custom,tower5,default,1,1,1,0,1,1,1,1.0,1.0,-100,0,13.36944,0,0.7218103,0,-0.6920909;
custom,tower5,default,1,1,1,0,1,1,1,1.0,1.0,-75,0,13.36944,0,0.7218103,0,-0.6920909;

custom,field2,default,0.75,1,0.75,0,1,1,1,1.0,1.0,-138.2485,-4.390359,88.47447,0,0.581367,0,-0.8136415;

custom,field2,default,0.75,1,0.75,0,1,1,1,1.0,1.0,138.2485,-4.390359,18.47447,0,0.581367,0,-0.8136415;






custom,cuboid,house9mat2,10,6,1,0,0,0,0,1.0,0.6,0,30,-400,0,0,0,0;
custom,cuboid,house9mat2,20,6,1,0,0,0,0,2.0,0.6,-50,30,-300,0,1,0,1;
custom,cuboid,house9mat2,10,6,1,0,0,0,0,1.0,0.6,50,30,-250,0,1,0,1;

custom,cuboid,brick1,2,8,2,0,0,0,0,0.2,0.8,-50,40,-400,0,0,0,0;
custom,cuboid,brick1,2,8,2,0,0,0,0,0.2,0.8,50,40,-400,0,0,0,0;

custom,cuboid,brick1,2,8,2,0,0,0,0,0.2,0.8,-90,40,-595,0,0,0,0;
custom,cuboid,brick1,2,8,2,0,0,0,0,0.2,0.8,0,40,-595,0,0,0,0;
custom,cuboid,brick1,2,8,2,0,0,0,0,0.2,0.8,-90,40,-800,0,0,0,0;
custom,cuboid,brick1,2,8,2,0,0,0,0,0.2,0.8,-0,40,-800,0,0,0,0;
custom,cuboid,brick1,2,8,2,0,0,0,0,0.2,0.8,-135,40,-990,0,0,0,0;
custom,cuboid,brick1,2,8,2,0,0,0,0,0.2,0.8,-45,40,-990,0,0,0,0;

custom,cuboid,house9mat2,5,1,0.1,0,0,0,0,0.5,0.1,0,65,-189.5,0,0,0,0;

custom,cuboid,brick1,2,8,2,0,0,0,0,0.2,0.8,50,40,-300,0,0,0,0;



custom,cuboid,castle1tex,3,0.25,3,0,0,0,0,0.5,-0.5,-45,70,-810,0.05,0,0,1;
custom,cuboid,castle1tex,3,0.25,3,0,0,0,0,0.5,-0.5,0,70,-400,0.05,0,0,1;
misc,barrier,3,0.35,3,-45,70,-810,0.05,0,0,1;
misc,barrier,3,0.35,3,0,70,-400,0.05,0,0,1;


custom,cuboid,house9mat2,20,6,1,0,1,1,1,2.0,0.6,150,30,-400,0,0,0,0;
custom,cuboid,house9mat2,30,6,1,0,1,1,1,3.0,0.6,200,30,-300,0,0,0,0;
custom,cuboid,house9mat2,50,6,1,0,1,1,1,5.0,0.6,100,30,-500,0,0,0,0;

custom,cuboid,house9mat2,20,6,1,0,1,1,1,2.0,0.6,350,30,-400,0,1,0,1;


custom,cylinder,wood1,0.5,3,0.5,0,1,1,1,0.1,0.6,-70,30,-25,0,0,0,0;
custom,cylinder,wood1,0.5,3,0.5,0,1,1,1,0.1,0.6,-70,30,-75,0,0,0,0;
custom,cylinder,wood1,0.5,3,0.5,0,1,1,1,0.1,0.6,-70,30,-125,0,0,0,0;
custom,cylinder,wood1,0.5,3,0.5,0,1,1,1,0.1,0.6,-70,30,-175,0,0,0,0;

custom,cylinder,wood1,0.5,3,0.5,0,1,1,1,0.1,0.6,-30,30,-50,0,0,0,0;
custom,cylinder,wood1,0.5,3,0.5,0,1,1,1,0.1,0.6,-30,30,-100,0,0,0,0;
custom,cylinder,wood1,0.5,3,0.5,0,1,1,1,0.1,0.6,-30,30,-150,0,0,0,0;

custom,cylinder,wood1,0.5,3,0.5,0,1,1,1,0.1,0.6,70,30,-25,0,0,0,0;
custom,cylinder,wood1,0.5,3,0.5,0,1,1,1,0.1,0.6,70,30,-75,0,0,0,0;
custom,cylinder,wood1,0.5,3,0.5,0,1,1,1,0.1,0.6,70,30,-125,0,0,0,0;
custom,cylinder,wood1,0.5,3,0.5,0,1,1,1,0.1,0.6,70,30,-175,0,0,0,0;

custom,cylinder,wood1,0.5,3,0.5,0,1,1,1,0.1,0.6,30,30,-50,0,0,0,0;
custom,cylinder,wood1,0.5,3,0.5,0,1,1,1,0.1,0.6,30,30,-100,0,0,0,0;
custom,cylinder,wood1,0.5,3,0.5,0,1,1,1,0.1,0.6,30,30,-150,0,0,0,0;

custom,cuboid,house9mat2,1,6,40,0,1,1,1,4.0,0.6,-150,30,-300,0,0,0,0;

custom,cuboid,house9mat2,30,6,1,0,1,1,1,3.0,0.6,-300,30,-100,0,0,0,0;
custom,cuboid,house9mat2,40,6,5,0,1,1,1,4.0,0.6,-350,30,20,0,0,0,0;

custom,cuboid,house9mat2,20,6,1,0,1,1,1,2.0,0.6,-450,30,-200,0,1,0,1;
custom,cuboid,house9mat2,5,6,1,0,1,1,1,0.5,0.6,-475,30,-300,0,0,0,1;
custom,cuboid,house9mat2,40,6,1,0,1,1,1,4.0,0.6,-450,30,-700,0,1,0,1;
custom,cuboid,house9mat2,5,6,1,0,1,1,1,0.5,0.6,-475,30,-500,0,0,0,1;

custom,cuboid,house9mat2,20,6,1,0,1,1,1,2.0,0.6,-500,30,-400,0,1,0,1;
custom,cuboid,house9mat2,100,6,1,0,1,1,1,10.0,0.6,-550,30,-500,0,1,0,1;



custom,cylinder,stone2,5,45,1.25,0,1,1,1,0.5,9,-225,0,-550,0.7071068,0,0,0.7071068;
custom,cuboid,stone9,3,1.25,89.5,0,1,1,1,0.3,9,-225,0,-550,0,0,0,1;
custom,cuboid,metal2,0.25,1.5,89.75,0,1,1,1,0,0.01,-210,0,-550,0,0,0,1;
custom,cuboid,metal2,0.25,1.5,89.75,0,1,1,1,0,0.01,-240,0,-550,0,0,0,1;
custom,cylinder,stone2,5,45,1.25,0,1,1,1,0.5,9,-300,0,-550,0.7071068,0,0,0.7071068;
custom,cuboid,stone9,3,1.25,89.5,0,1,1,1,0.3,9,-300,0,-550,0,0,0,1;
custom,cuboid,metal2,0.25,1.5,89.75,0,1,1,1,0,0.01,-285,0,-550,0,0,0,1;
custom,cuboid,metal2,0.25,1.5,89.75,0,1,1,1,0,0.01,-315,0,-550,0,0,0,1;
custom,cylinder,stone2,5,45,1.25,0,1,1,1,0.5,9,-375,0,-550,0.7071068,0,0,0.7071068;
custom,cuboid,stone9,3,1.25,89.5,0,1,1,1,0.3,9,-375,0,-550,0,0,0,1;
custom,cuboid,metal2,0.25,1.5,89.75,0,1,1,1,0,0.01,-360,0,-550,0,0,0,1;
custom,cuboid,metal2,0.25,1.5,89.75,0,1,1,1,0,0.01,-390,0,-550,0,0,0,1;

//1stLane;
custom,cylinder,stone6,-1.7,-0.05,-1.7,0,1,1,1,0.01,0.01,-240,16.375,-425,0.5,0.5,-0.5,0.5;
custom,cylinder,stone6,-0.9,-0.0625,-0.9,0,1,1,1,0.01,0.01,-240,16.375,-425,0.5,0.5,-0.5,0.5;
custom,tube,metal2,-1.5,-0.375,-1.5,1,0.75,0.625,0.5,0,0.01,-240,16.125,-424.875,0.5,0.5,-0.5,0.5;
custom,tube,metal2,-1.65,-0.125,-1.65,1,0.75,0.625,0.5,0,0.01,-238.325,16.125,-424.875,0.5,0.5,-0.5,0.5;
custom,cylinder,stone6,-1.7,-0.05,-1.7,0,1,1,1,0.01,0.01,-240,16.375,-275,0.5,0.5,-0.5,0.5;
custom,cylinder,stone6,-0.9,-0.0625,-0.9,0,1,1,1,0.01,0.01,-240,16.375,-275,0.5,0.5,-0.5,0.5;
custom,tube,metal2,-1.5,-0.375,-1.5,1,0.75,0.625,0.5,0,0.01,-240,16.125,-275.125,0.5,0.5,-0.5,0.5;
custom,tube,metal2,-1.65,-0.125,-1.65,1,0.75,0.625,0.5,0,0.01,-238.325,16.125,-275.125,0.5,0.5,-0.5,0.5;
custom,cylinder,stone6,-1.7,-0.05,-1.7,0,1,1,1,0.01,0.01,-210,16.375,-425,0.5,0.5,-0.5,0.5;
custom,cylinder,stone6,-0.9,-0.0625,-0.9,0,1,1,1,0.01,0.01,-210,16.375,-425,0.5,0.5,-0.5,0.5;
custom,tube,metal2,-1.5,-0.375,-1.5,1,0.75,0.625,0.5,0,0.01,-210,16.125,-424.875,0.5,0.5,-0.5,0.5;
custom,tube,metal2,-1.65,-0.125,-1.65,1,0.75,0.625,0.5,0,0.01,-211.675,16.125,-424.875,0.5,0.5,-0.5,0.5;
custom,cylinder,stone6,-1.7,-0.05,-1.7,0,1,1,1,0.01,0.01,-210,16.375,-275,0.5,0.5,-0.5,0.5;
custom,cylinder,stone6,-0.9,-0.0625,-0.9,0,1,1,1,0.01,0.01,-210,16.375,-275,0.5,0.5,-0.5,0.5;
custom,tube,metal2,-1.5,-0.375,-1.5,1,0.75,0.625,0.5,0,0.01,-210,16.125,-275.125,0.5,0.5,-0.5,0.5;
custom,tube,metal2,-1.65,-0.125,-1.65,1,0.75,0.625,0.5,0,0.01,-211.675,16.125,-275.125,0.5,0.5,-0.5,0.5;
custom,cylinder,metal2,-0.125,-1.45,-0.125,1,0.75,0.625,0.5,0,0.01,-225,16.375,-275,0.5,0.5,-0.5,0.5;
custom,cylinder,metal2,-0.125,-1.45,-0.125,1,0.75,0.625,0.5,0,0.01,-225,16.375,-425,0.5,0.5,-0.5,0.5;
custom,cuboid,metal2,-3.5,-3.5,-20,0,1,1,1,0,0.0075,-225,34,-350,0,0,0,1;
custom,cylinder,metal2,-3.5,-9.99,-1,1,0.75,0.625,0.5,0,-0.01,-225,51.5,-350,0,0.7071068,-0.7071068,0;
custom,cuboid,metal2,-3.4,-3.4,-20,0,1,1,1,0,0.05,-225,34,-350.5,0,0,-0.7071068,-0.7071068;
custom,cuboid,metal2,-3.4,-3.4,-20,0,1,1,1,0,0.01,-225,34,-349.5,0,0,-0.7071068,-0.7071068;
custom,cylinder,metal2,-3.4,-10,0.9,0,1,1,1,0,0.005,-225,51.5,-350,0,0.7071068,-0.7071068,0;
custom,cuboid,metal2,-0.1,-3.6,-0.1,1,0.75,0.625,0.5,0,0.01,-242.5,34,-250,0,0,0,1;
custom,cuboid,metal2,-0.1,-3.6,-0.1,1,0.75,0.625,0.5,0,0.01,-242.5,34,-450,0,0,0,1;
custom,cuboid,metal2,-0.1,-3.6,-0.1,1,0.75,0.625,0.5,0,0.01,-207.5,34,-250,0,0,0,1;
custom,cuboid,metal2,-0.1,-3.6,-0.1,1,0.75,0.625,0.5,0,0.01,-207.5,34,-450,0,0,0,1;
custom,cuboid,metal2,-2.45,-0.1,-19.95,1,0.75,0.625,0.5,0,0.01,-225,16.5,-350,0,0,0,1;
custom,cuboid,metal2,-0.1,-20.1,-0.1,1,0.75,0.625,0.5,0,0.01,-242.5,16.5,-350,0,0.7071068,-0.7071068,0;
custom,cuboid,metal2,-0.1,-20.1,-0.1,1,0.75,0.625,0.5,0,0.01,-242.5,51.5,-350,0,0.7071068,-0.7071068,0;
custom,cuboid,metal2,-0.1,-20.1,-0.1,1,0.75,0.625,0.5,0,0.01,-207.5,16.5,-350,0,0.7071068,-0.7071068,0;
custom,cuboid,metal2,-0.1,-20.1,-0.1,1,0.75,0.625,0.5,0,0.01,-207.5,51.5,-350,0,0.7071068,-0.7071068,0;
custom,cuboid,metal2,-0.1,-3.6,-0.1,1,0.75,0.625,0.5,0,0.01,-225,16.5,-450,0,0,-0.7071068,-0.7071068;
custom,cuboid,metal2,-0.1,-3.6,-0.1,1,0.75,0.625,0.5,0,0.01,-225,51.5,-450,0,0,-0.7071068,-0.7071068;
custom,cuboid,metal2,-0.1,-3.6,-0.1,1,0.75,0.625,0.5,0,0.01,-225,16.5,-250,0,0,-0.7071068,-0.7071068;
custom,cuboid,metal2,-0.1,-3.6,-0.1,1,0.75,0.625,0.5,0,0.01,-225,51.5,-250,0,0,-0.7071068,-0.7071068;
custom,cuboid,default,-0.5,-0.1,-19.95,1,0,0,0,0,1.5,-239.5,16.75,-350,0,0,0,1;
custom,cuboid,default,-0.5,-0.1,-19.95,1,0,0,0,0,1.5,-210.5,16.75,-350,0,0,0,1;

custom,cylinder,stone6,1.7,0.05,1.7,0,1,1,1,0.01,0.01,-240,16.375,-500,0.5,0.5,-0.5,0.5;
custom,cylinder,stone6,0.9,0.0625,0.9,0,1,1,1,0.01,0.01,-240,16.375,-500,0.5,0.5,-0.5,0.5;
custom,tube,metal2,1.5,0.375,1.5,1,0.75,0.625,0.5,0,0.01,-240,16.125,-500.125,0.5,0.5,-0.5,0.5;
custom,tube,metal2,1.65,0.125,1.65,1,0.75,0.625,0.5,0,0.01,-238.325,16.125,-500.125,0.5,0.5,-0.5,0.5;
custom,cylinder,stone6,1.7,0.05,1.7,0,1,1,1,0.01,0.01,-240,16.375,-650,0.5,0.5,-0.5,0.5;
custom,cylinder,stone6,0.9,0.0625,0.9,0,1,1,1,0.01,0.01,-240,16.375,-650,0.5,0.5,-0.5,0.5;
custom,tube,metal2,1.5,0.375,1.5,1,0.75,0.625,0.5,0,0.01,-240,16.125,-649.875,0.5,0.5,-0.5,0.5;
custom,tube,metal2,1.65,0.125,1.65,1,0.75,0.625,0.5,0,0.01,-238.325,16.125,-649.875,0.5,0.5,-0.5,0.5;
custom,cylinder,stone6,1.7,0.05,1.7,0,1,1,1,0.01,0.01,-210,16.375,-500,0.5,0.5,-0.5,0.5;
custom,cylinder,stone6,0.9,0.0625,0.9,0,1,1,1,0.01,0.01,-210,16.375,-500,0.5,0.5,-0.5,0.5;
custom,tube,metal2,1.5,0.375,1.5,1,0.75,0.625,0.5,0,0.01,-210,16.125,-500.125,0.5,0.5,-0.5,0.5;
custom,tube,metal2,1.65,0.125,1.65,1,0.75,0.625,0.5,0,0.01,-211.675,16.125,-500.125,0.5,0.5,-0.5,0.5;
custom,cylinder,stone6,1.7,0.05,1.7,0,1,1,1,0.01,0.01,-210,16.375,-650,0.5,0.5,-0.5,0.5;
custom,cylinder,stone6,0.9,0.0625,0.9,0,1,1,1,0.01,0.01,-210,16.375,-650,0.5,0.5,-0.5,0.5;
custom,tube,metal2,1.5,0.375,1.5,1,0.75,0.625,0.5,0,0.01,-210,16.125,-649.875,0.5,0.5,-0.5,0.5;
custom,tube,metal2,1.65,0.125,1.65,1,0.75,0.625,0.5,0,0.01,-211.675,16.125,-649.875,0.5,0.5,-0.5,0.5;
custom,cylinder,metal2,0.125,1.45,0.125,1,0.75,0.625,0.5,0,0.01,-225,16.375,-650,0.5,0.5,-0.5,0.5;
custom,cylinder,metal2,0.125,1.45,0.125,1,0.75,0.625,0.5,0,0.01,-225,16.375,-500,0.5,0.5,-0.5,0.5;
custom,cuboid,metal2,3.5,3.5,20,0,1,1,1,0,0.0075,-225,34,-575,0,0,-1,0;
custom,cylinder,metal2,3.5,9.99,1,1,0.75,0.625,0.5,0,-0.01,-225,51.5,-575,0.7071068,0,0,0.7071068;
custom,cuboid,metal2,3.4,3.4,20,0,1,1,1,0,0.05,-225,34,-574.5,0,0,0.7071068,0.7071068;
custom,cuboid,metal2,3.4,3.4,20,0,1,1,1,0,0.01,-225,34,-575.5,0,0,0.7071068,0.7071068;
custom,cylinder,metal2,3.4,10,-0.9,0,1,1,1,0,0.005,-225,51.5,-575,0.7071068,0,0,0.7071068;
custom,cuboid,metal2,0.1,3.6,0.1,1,0.75,0.625,0.5,0,0.01,-242.5,34,-675,0,0,-1,0;
custom,cuboid,metal2,0.1,3.6,0.1,1,0.75,0.625,0.5,0,0.01,-242.5,34,-475,0,0,-1,0;
custom,cuboid,metal2,0.1,3.6,0.1,1,0.75,0.625,0.5,0,0.01,-207.5,34,-675,0,0,-1,0;
custom,cuboid,metal2,0.1,3.6,0.1,1,0.75,0.625,0.5,0,0.01,-207.5,34,-475,0,0,-1,0;
custom,cuboid,metal2,2.45,0.1,19.95,1,0.75,0.625,0.5,0,0.01,-225,16.5,-575,0,0,-1,0;
custom,cuboid,metal2,0.1,20.1,0.1,1,0.75,0.625,0.5,0,0.01,-242.5,16.5,-575,0.7071068,0,0,0.7071068;
custom,cuboid,metal2,0.1,20.1,0.1,1,0.75,0.625,0.5,0,0.01,-242.5,51.5,-575,0.7071068,0,0,0.7071068;
custom,cuboid,metal2,0.1,20.1,0.1,1,0.75,0.625,0.5,0,0.01,-207.5,16.5,-575,0.7071068,0,0,0.7071068;
custom,cuboid,metal2,0.1,20.1,0.1,1,0.75,0.625,0.5,0,0.01,-207.5,51.5,-575,0.7071068,0,0,0.7071068;
custom,cuboid,metal2,0.1,3.6,0.1,1,0.75,0.625,0.5,0,0.01,-225,16.5,-475,0,0,0.7071068,0.7071068;
custom,cuboid,metal2,0.1,3.6,0.1,1,0.75,0.625,0.5,0,0.01,-225,51.5,-475,0,0,0.7071068,0.7071068;
custom,cuboid,metal2,0.1,3.6,0.1,1,0.75,0.625,0.5,0,0.01,-225,16.5,-675,0,0,0.7071068,0.7071068;
custom,cuboid,metal2,0.1,3.6,0.1,1,0.75,0.625,0.5,0,0.01,-225,51.5,-675,0,0,0.7071068,0.7071068;
custom,cuboid,default,0.5,0.1,19.95,1,0,0,0,0,1.5,-239.5,16.75,-575,0,0,-1,0;
custom,cuboid,default,0.5,0.1,19.95,1,0,0,0,0,1.5,-210.5,16.75,-575,0,0,-1,0;

custom,cylinder,stone6,-1.7,-0.05,-1.7,0,1,1,1,0.01,0.01,-240,16.375,-875,0.5,0.5,-0.5,0.5;
custom,cylinder,stone6,-0.9,-0.0625,-0.9,0,1,1,1,0.01,0.01,-240,16.375,-875,0.5,0.5,-0.5,0.5;
custom,tube,metal2,-1.5,-0.375,-1.5,1,0.75,0.625,0.5,0,0.01,-240,16.125,-874.875,0.5,0.5,-0.5,0.5;
custom,tube,metal2,-1.65,-0.125,-1.65,1,0.75,0.625,0.5,0,0.01,-238.325,16.125,-874.875,0.5,0.5,-0.5,0.5;
custom,cylinder,stone6,-1.7,-0.05,-1.7,0,1,1,1,0.01,0.01,-240,16.375,-725,0.5,0.5,-0.5,0.5;
custom,cylinder,stone6,-0.9,-0.0625,-0.9,0,1,1,1,0.01,0.01,-240,16.375,-725,0.5,0.5,-0.5,0.5;
custom,tube,metal2,-1.5,-0.375,-1.5,1,0.75,0.625,0.5,0,0.01,-240,16.125,-725.125,0.5,0.5,-0.5,0.5;
custom,tube,metal2,-1.65,-0.125,-1.65,1,0.75,0.625,0.5,0,0.01,-238.325,16.125,-725.125,0.5,0.5,-0.5,0.5;
custom,cylinder,stone6,-1.7,-0.05,-1.7,0,1,1,1,0.01,0.01,-210,16.375,-875,0.5,0.5,-0.5,0.5;
custom,cylinder,stone6,-0.9,-0.0625,-0.9,0,1,1,1,0.01,0.01,-210,16.375,-875,0.5,0.5,-0.5,0.5;
custom,tube,metal2,-1.5,-0.375,-1.5,1,0.75,0.625,0.5,0,0.01,-210,16.125,-874.875,0.5,0.5,-0.5,0.5;
custom,tube,metal2,-1.65,-0.125,-1.65,1,0.75,0.625,0.5,0,0.01,-211.675,16.125,-874.875,0.5,0.5,-0.5,0.5;
custom,cylinder,stone6,-1.7,-0.05,-1.7,0,1,1,1,0.01,0.01,-210,16.375,-725,0.5,0.5,-0.5,0.5;
custom,cylinder,stone6,-0.9,-0.0625,-0.9,0,1,1,1,0.01,0.01,-210,16.375,-725,0.5,0.5,-0.5,0.5;
custom,tube,metal2,-1.5,-0.375,-1.5,1,0.75,0.625,0.5,0,0.01,-210,16.125,-725.125,0.5,0.5,-0.5,0.5;
custom,tube,metal2,-1.65,-0.125,-1.65,1,0.75,0.625,0.5,0,0.01,-211.675,16.125,-725.125,0.5,0.5,-0.5,0.5;
custom,cylinder,metal2,-0.125,-1.45,-0.125,1,0.75,0.625,0.5,0,0.01,-225,16.375,-725,0.5,0.5,-0.5,0.5;
custom,cylinder,metal2,-0.125,-1.45,-0.125,1,0.75,0.625,0.5,0,0.01,-225,16.375,-875,0.5,0.5,-0.5,0.5;
custom,cuboid,metal2,-3.5,-3.5,-20,0,1,1,1,0,0.0075,-225,34,-800,0,0,0,1;
custom,cylinder,metal2,-3.5,-9.99,-1,1,0.75,0.625,0.5,0,-0.01,-225,51.5,-800,0,0.7071068,-0.7071068,0;
custom,cuboid,metal2,-3.4,-3.4,-20,0,1,1,1,0,0.05,-225,34,-800.5,0,0,-0.7071068,-0.7071068;
custom,cuboid,metal2,-3.4,-3.4,-20,0,1,1,1,0,0.01,-225,34,-799.5,0,0,-0.7071068,-0.7071068;
custom,cylinder,metal2,-3.4,-10,0.9,0,1,1,1,0,0.005,-225,51.5,-800,0,0.7071068,-0.7071068,0;
custom,cuboid,metal2,-0.1,-3.6,-0.1,1,0.75,0.625,0.5,0,0.01,-242.5,34,-700,0,0,0,1;
custom,cuboid,metal2,-0.1,-3.6,-0.1,1,0.75,0.625,0.5,0,0.01,-242.5,34,-900,0,0,0,1;
custom,cuboid,metal2,-0.1,-3.6,-0.1,1,0.75,0.625,0.5,0,0.01,-207.5,34,-700,0,0,0,1;
custom,cuboid,metal2,-0.1,-3.6,-0.1,1,0.75,0.625,0.5,0,0.01,-207.5,34,-900,0,0,0,1;
custom,cuboid,metal2,-2.45,-0.1,-19.95,1,0.75,0.625,0.5,0,0.01,-225,16.5,-800,0,0,0,1;
custom,cuboid,metal2,-0.1,-20.1,-0.1,1,0.75,0.625,0.5,0,0.01,-242.5,16.5,-800,0,0.7071068,-0.7071068,0;
custom,cuboid,metal2,-0.1,-20.1,-0.1,1,0.75,0.625,0.5,0,0.01,-242.5,51.5,-800,0,0.7071068,-0.7071068,0;
custom,cuboid,metal2,-0.1,-20.1,-0.1,1,0.75,0.625,0.5,0,0.01,-207.5,16.5,-800,0,0.7071068,-0.7071068,0;
custom,cuboid,metal2,-0.1,-20.1,-0.1,1,0.75,0.625,0.5,0,0.01,-207.5,51.5,-800,0,0.7071068,-0.7071068,0;
custom,cuboid,metal2,-0.1,-3.6,-0.1,1,0.75,0.625,0.5,0,0.01,-225,16.5,-900,0,0,-0.7071068,-0.7071068;
custom,cuboid,metal2,-0.1,-3.6,-0.1,1,0.75,0.625,0.5,0,0.01,-225,51.5,-900,0,0,-0.7071068,-0.7071068;
custom,cuboid,metal2,-0.1,-3.6,-0.1,1,0.75,0.625,0.5,0,0.01,-225,16.5,-700,0,0,-0.7071068,-0.7071068;
custom,cuboid,metal2,-0.1,-3.6,-0.1,1,0.75,0.625,0.5,0,0.01,-225,51.5,-700,0,0,-0.7071068,-0.7071068;
custom,cuboid,default,-0.5,-0.1,-19.95,1,0,0,0,0,1.5,-239.5,16.75,-800,0,0,0,1;
custom,cuboid,default,-0.5,-0.1,-19.95,1,0,0,0,0,1.5,-210.5,16.75,-800,0,0,0,1;

//2ndLane;

custom,cylinder,stone6,1.7,0.05,1.7,0,1,1,1,0.01,0.01,-315,16.375,-675,0.5,0.5,-0.5,0.5;
custom,cylinder,stone6,0.9,0.0625,0.9,0,1,1,1,0.01,0.01,-315,16.375,-675,0.5,0.5,-0.5,0.5;
custom,tube,metal2,1.5,0.375,1.5,1,0.75,0.625,0.5,0,0.01,-315,16.125,-675.125,0.5,0.5,-0.5,0.5;
custom,tube,metal2,1.65,0.125,1.65,1,0.75,0.625,0.5,0,0.01,-313.325,16.125,-675.125,0.5,0.5,-0.5,0.5;
custom,cylinder,stone6,1.7,0.05,1.7,0,1,1,1,0.01,0.01,-315,16.375,-825,0.5,0.5,-0.5,0.5;
custom,cylinder,stone6,0.9,0.0625,0.9,0,1,1,1,0.01,0.01,-315,16.375,-825,0.5,0.5,-0.5,0.5;
custom,tube,metal2,1.5,0.375,1.5,1,0.75,0.625,0.5,0,0.01,-315,16.125,-824.875,0.5,0.5,-0.5,0.5;
custom,tube,metal2,1.65,0.125,1.65,1,0.75,0.625,0.5,0,0.01,-313.325,16.125,-824.875,0.5,0.5,-0.5,0.5;
custom,cylinder,stone6,1.7,0.05,1.7,0,1,1,1,0.01,0.01,-285,16.375,-675,0.5,0.5,-0.5,0.5;
custom,cylinder,stone6,0.9,0.0625,0.9,0,1,1,1,0.01,0.01,-285,16.375,-675,0.5,0.5,-0.5,0.5;
custom,tube,metal2,1.5,0.375,1.5,1,0.75,0.625,0.5,0,0.01,-285,16.125,-675.125,0.5,0.5,-0.5,0.5;
custom,tube,metal2,1.65,0.125,1.65,1,0.75,0.625,0.5,0,0.01,-286.675,16.125,-675.125,0.5,0.5,-0.5,0.5;
custom,cylinder,stone6,1.7,0.05,1.7,0,1,1,1,0.01,0.01,-285,16.375,-825,0.5,0.5,-0.5,0.5;
custom,cylinder,stone6,0.9,0.0625,0.9,0,1,1,1,0.01,0.01,-285,16.375,-825,0.5,0.5,-0.5,0.5;
custom,tube,metal2,1.5,0.375,1.5,1,0.75,0.625,0.5,0,0.01,-285,16.125,-824.875,0.5,0.5,-0.5,0.5;
custom,tube,metal2,1.65,0.125,1.65,1,0.75,0.625,0.5,0,0.01,-286.675,16.125,-824.875,0.5,0.5,-0.5,0.5;
custom,cylinder,metal2,0.125,1.45,0.125,1,0.75,0.625,0.5,0,0.01,-300,16.375,-825,0.5,0.5,-0.5,0.5;
custom,cylinder,metal2,0.125,1.45,0.125,1,0.75,0.625,0.5,0,0.01,-300,16.375,-675,0.5,0.5,-0.5,0.5;
custom,cuboid,metal2,3.5,3.5,20,0,1,1,1,0,0.0075,-300,34,-750,0,0,-1,0;
custom,cylinder,metal2,3.5,9.99,1,1,0.75,0.625,0.5,0,-0.01,-300,51.5,-750,0.7071068,0,0,0.7071068;
custom,cuboid,metal2,3.4,3.4,20,0,1,1,1,0,0.05,-300,34,-749.5,0,0,0.7071068,0.7071068;
custom,cuboid,metal2,3.4,3.4,20,0,1,1,1,0,0.01,-300,34,-750.5,0,0,0.7071068,0.7071068;
custom,cylinder,metal2,3.4,10,-0.9,0,1,1,1,0,0.005,-300,51.5,-750,0.7071068,0,0,0.7071068;
custom,cuboid,metal2,0.1,3.6,0.1,1,0.75,0.625,0.5,0,0.01,-317.5,34,-850,0,0,-1,0;
custom,cuboid,metal2,0.1,3.6,0.1,1,0.75,0.625,0.5,0,0.01,-317.5,34,-650,0,0,-1,0;
custom,cuboid,metal2,0.1,3.6,0.1,1,0.75,0.625,0.5,0,0.01,-282.5,34,-850,0,0,-1,0;
custom,cuboid,metal2,0.1,3.6,0.1,1,0.75,0.625,0.5,0,0.01,-282.5,34,-650,0,0,-1,0;
custom,cuboid,metal2,2.45,0.1,19.95,1,0.75,0.625,0.5,0,0.01,-300,16.5,-750,0,0,-1,0;
custom,cuboid,metal2,0.1,20.1,0.1,1,0.75,0.625,0.5,0,0.01,-317.5,16.5,-750,0.7071068,0,0,0.7071068;
custom,cuboid,metal2,0.1,20.1,0.1,1,0.75,0.625,0.5,0,0.01,-317.5,51.5,-750,0.7071068,0,0,0.7071068;
custom,cuboid,metal2,0.1,20.1,0.1,1,0.75,0.625,0.5,0,0.01,-282.5,16.5,-750,0.7071068,0,0,0.7071068;
custom,cuboid,metal2,0.1,20.1,0.1,1,0.75,0.625,0.5,0,0.01,-282.5,51.5,-750,0.7071068,0,0,0.7071068;
custom,cuboid,metal2,0.1,3.6,0.1,1,0.75,0.625,0.5,0,0.01,-300,16.5,-650,0,0,0.7071068,0.7071068;
custom,cuboid,metal2,0.1,3.6,0.1,1,0.75,0.625,0.5,0,0.01,-300,51.5,-650,0,0,0.7071068,0.7071068;
custom,cuboid,metal2,0.1,3.6,0.1,1,0.75,0.625,0.5,0,0.01,-300,16.5,-850,0,0,0.7071068,0.7071068;
custom,cuboid,metal2,0.1,3.6,0.1,1,0.75,0.625,0.5,0,0.01,-300,51.5,-850,0,0,0.7071068,0.7071068;
custom,cuboid,default,0.5,0.1,19.95,1,0,0,0,0,1.5,-314.5,16.75,-750,0,0,-1,0;
custom,cuboid,default,0.5,0.1,19.95,1,0,0,0,0,1.5,-285.5,16.75,-750,0,0,-1,0;

custom,cylinder,stone6,-1.7,-0.05,-1.7,0,1,1,1,0.01,0.01,-315,16.375,-600,0.5,0.5,-0.5,0.5;
custom,cylinder,stone6,-0.9,-0.0625,-0.9,0,1,1,1,0.01,0.01,-315,16.375,-600,0.5,0.5,-0.5,0.5;
custom,tube,metal2,-1.5,-0.375,-1.5,1,0.75,0.625,0.5,0,0.01,-315,16.125,-599.875,0.5,0.5,-0.5,0.5;
custom,tube,metal2,-1.65,-0.125,-1.65,1,0.75,0.625,0.5,0,0.01,-313.325,16.125,-599.875,0.5,0.5,-0.5,0.5;
custom,cylinder,stone6,-1.7,-0.05,-1.7,0,1,1,1,0.01,0.01,-315,16.375,-450,0.5,0.5,-0.5,0.5;
custom,cylinder,stone6,-0.9,-0.0625,-0.9,0,1,1,1,0.01,0.01,-315,16.375,-450,0.5,0.5,-0.5,0.5;
custom,tube,metal2,-1.5,-0.375,-1.5,1,0.75,0.625,0.5,0,0.01,-315,16.125,-450.125,0.5,0.5,-0.5,0.5;
custom,tube,metal2,-1.65,-0.125,-1.65,1,0.75,0.625,0.5,0,0.01,-313.325,16.125,-450.125,0.5,0.5,-0.5,0.5;
custom,cylinder,stone6,-1.7,-0.05,-1.7,0,1,1,1,0.01,0.01,-285,16.375,-600,0.5,0.5,-0.5,0.5;
custom,cylinder,stone6,-0.9,-0.0625,-0.9,0,1,1,1,0.01,0.01,-285,16.375,-600,0.5,0.5,-0.5,0.5;
custom,tube,metal2,-1.5,-0.375,-1.5,1,0.75,0.625,0.5,0,0.01,-285,16.125,-599.875,0.5,0.5,-0.5,0.5;
custom,tube,metal2,-1.65,-0.125,-1.65,1,0.75,0.625,0.5,0,0.01,-286.675,16.125,-599.875,0.5,0.5,-0.5,0.5;
custom,cylinder,stone6,-1.7,-0.05,-1.7,0,1,1,1,0.01,0.01,-285,16.375,-450,0.5,0.5,-0.5,0.5;
custom,cylinder,stone6,-0.9,-0.0625,-0.9,0,1,1,1,0.01,0.01,-285,16.375,-450,0.5,0.5,-0.5,0.5;
custom,tube,metal2,-1.5,-0.375,-1.5,1,0.75,0.625,0.5,0,0.01,-285,16.125,-450.125,0.5,0.5,-0.5,0.5;
custom,tube,metal2,-1.65,-0.125,-1.65,1,0.75,0.625,0.5,0,0.01,-286.675,16.125,-450.125,0.5,0.5,-0.5,0.5;
custom,cylinder,metal2,-0.125,-1.45,-0.125,1,0.75,0.625,0.5,0,0.01,-300,16.375,-450,0.5,0.5,-0.5,0.5;
custom,cylinder,metal2,-0.125,-1.45,-0.125,1,0.75,0.625,0.5,0,0.01,-300,16.375,-600,0.5,0.5,-0.5,0.5;
custom,cuboid,metal2,-3.5,-3.5,-20,0,1,1,1,0,0.0075,-300,34,-525,0,0,0,1;
custom,cylinder,metal2,-3.5,-9.99,-1,1,0.75,0.625,0.5,0,-0.01,-300,51.5,-525,0,0.7071068,-0.7071068,0;
custom,cuboid,metal2,-3.4,-3.4,-20,0,1,1,1,0,0.05,-300,34,-525.5,0,0,-0.7071068,-0.7071068;
custom,cuboid,metal2,-3.4,-3.4,-20,0,1,1,1,0,0.01,-300,34,-524.5,0,0,-0.7071068,-0.7071068;
custom,cylinder,metal2,-3.4,-10,0.9,0,1,1,1,0,0.005,-300,51.5,-525,0,0.7071068,-0.7071068,0;
custom,cuboid,metal2,-0.1,-3.6,-0.1,1,0.75,0.625,0.5,0,0.01,-317.5,34,-425,0,0,0,1;
custom,cuboid,metal2,-0.1,-3.6,-0.1,1,0.75,0.625,0.5,0,0.01,-317.5,34,-625,0,0,0,1;
custom,cuboid,metal2,-0.1,-3.6,-0.1,1,0.75,0.625,0.5,0,0.01,-282.5,34,-425,0,0,0,1;
custom,cuboid,metal2,-0.1,-3.6,-0.1,1,0.75,0.625,0.5,0,0.01,-282.5,34,-625,0,0,0,1;
custom,cuboid,metal2,-2.45,-0.1,-19.95,1,0.75,0.625,0.5,0,0.01,-300,16.5,-525,0,0,0,1;
custom,cuboid,metal2,-0.1,-20.1,-0.1,1,0.75,0.625,0.5,0,0.01,-317.5,16.5,-525,0,0.7071068,-0.7071068,0;
custom,cuboid,metal2,-0.1,-20.1,-0.1,1,0.75,0.625,0.5,0,0.01,-317.5,51.5,-525,0,0.7071068,-0.7071068,0;
custom,cuboid,metal2,-0.1,-20.1,-0.1,1,0.75,0.625,0.5,0,0.01,-282.5,16.5,-525,0,0.7071068,-0.7071068,0;
custom,cuboid,metal2,-0.1,-20.1,-0.1,1,0.75,0.625,0.5,0,0.01,-282.5,51.5,-525,0,0.7071068,-0.7071068,0;
custom,cuboid,metal2,-0.1,-3.6,-0.1,1,0.75,0.625,0.5,0,0.01,-300,16.5,-625,0,0,-0.7071068,-0.7071068;
custom,cuboid,metal2,-0.1,-3.6,-0.1,1,0.75,0.625,0.5,0,0.01,-300,51.5,-625,0,0,-0.7071068,-0.7071068;
custom,cuboid,metal2,-0.1,-3.6,-0.1,1,0.75,0.625,0.5,0,0.01,-300,16.5,-425,0,0,-0.7071068,-0.7071068;
custom,cuboid,metal2,-0.1,-3.6,-0.1,1,0.75,0.625,0.5,0,0.01,-300,51.5,-425,0,0,-0.7071068,-0.7071068;
custom,cuboid,default,-0.5,-0.1,-19.95,1,0,0,0,0,1.5,-314.5,16.75,-525,0,0,0,1;
custom,cuboid,default,-0.5,-0.1,-19.95,1,0,0,0,0,1.5,-285.5,16.75,-525,0,0,0,1;

//Special Carriage;
custom,cylinder,stone6,1.7,0.05,1.7,0,1,1,1,0.01,0.01,-315,16.375,-225,0.5,0.5,-0.5,0.5;
custom,cylinder,stone6,0.9,0.0625,0.9,0,1,1,1,0.01,0.01,-315,16.375,-225,0.5,0.5,-0.5,0.5;
custom,tube,metal2,1.5,0.375,1.5,1,0.75,0.625,0.5,0,0.01,-315,16.125,-225.125,0.5,0.5,-0.5,0.5;
custom,tube,metal2,1.65,0.125,1.65,1,0.75,0.625,0.5,0,0.01,-313.325,16.125,-225.125,0.5,0.5,-0.5,0.5;
custom,cylinder,stone6,1.7,0.05,1.7,0,1,1,1,0.01,0.01,-315,16.375,-375,0.5,0.5,-0.5,0.5;
custom,cylinder,stone6,0.9,0.0625,0.9,0,1,1,1,0.01,0.01,-315,16.375,-375,0.5,0.5,-0.5,0.5;
custom,tube,metal2,1.5,0.375,1.5,1,0.75,0.625,0.5,0,0.01,-315,16.125,-374.875,0.5,0.5,-0.5,0.5;
custom,tube,metal2,1.65,0.125,1.65,1,0.75,0.625,0.5,0,0.01,-313.325,16.125,-374.875,0.5,0.5,-0.5,0.5;
custom,cylinder,stone6,1.7,0.05,1.7,0,1,1,1,0.01,0.01,-285,16.375,-225,0.5,0.5,-0.5,0.5;
custom,cylinder,stone6,0.9,0.0625,0.9,0,1,1,1,0.01,0.01,-285,16.375,-225,0.5,0.5,-0.5,0.5;
custom,tube,metal2,1.5,0.375,1.5,1,0.75,0.625,0.5,0,0.01,-285,16.125,-225.125,0.5,0.5,-0.5,0.5;
custom,tube,metal2,1.65,0.125,1.65,1,0.75,0.625,0.5,0,0.01,-286.675,16.125,-225.125,0.5,0.5,-0.5,0.5;
custom,cylinder,stone6,1.7,0.05,1.7,0,1,1,1,0.01,0.01,-285,16.375,-375,0.5,0.5,-0.5,0.5;
custom,cylinder,stone6,0.9,0.0625,0.9,0,1,1,1,0.01,0.01,-285,16.375,-375,0.5,0.5,-0.5,0.5;
custom,tube,metal2,1.5,0.375,1.5,1,0.75,0.625,0.5,0,0.01,-285,16.125,-374.875,0.5,0.5,-0.5,0.5;
custom,tube,metal2,1.65,0.125,1.65,1,0.75,0.625,0.5,0,0.01,-286.675,16.125,-374.875,0.5,0.5,-0.5,0.5;
custom,cylinder,metal2,0.125,1.45,0.125,1,0.75,0.625,0.5,0,0.01,-300,16.375,-375,0.5,0.5,-0.5,0.5;
custom,cylinder,metal2,0.125,1.45,0.125,1,0.75,0.625,0.5,0,0.01,-300,16.375,-225,0.5,0.5,-0.5,0.5;
custom,cuboid,metal2,0.1,3.5,20,0,1,1,1,0,0.0075,-283,34,-300,0,0,-1,0;
custom,cuboid,metal2,0.1,3.5,20,0,1,1,1,0,0.0075,-317,34,-300,0,0,-1,0;
custom,cylinder,metal2,3.5,9.99,1,1,0.75,0.625,0.5,0,-0.01,-300,51.5,-300,0.7071068,0,0,0.7071068;
custom,killcuboid,metal2,3.4,3.4,0.1,0,1,1,1,0,0.05,-300,34,-200,0,0,0.7071068,0.7071068;
custom,cuboid,metal2,3.4,3.4,0.1,0,1,1,1,0,0.05,-300,34,-350,0,0,0.7071068,0.7071068;
custom,cuboid,metal2,3.4,3.4,5,0,1,1,1,0,0.01,-300,34,-375.5,0,0,0.7071068,0.7071068;
custom,cylinder,metal2,3.4,10,-0.9,0,1,1,1,0,0.005,-300,51.5,-300,0.7071068,0,0,0.7071068;
custom,cuboid,metal2,0.1,3.6,0.1,1,0.75,0.625,0.5,0,0.01,-317.5,34,-400,0,0,-1,0;
custom,cuboid,metal2,0.1,3.6,0.1,1,0.75,0.625,0.5,0,0.01,-317.5,34,-200,0,0,-1,0;
custom,cuboid,metal2,0.1,3.6,0.1,1,0.75,0.625,0.5,0,0.01,-282.5,34,-400,0,0,-1,0;
custom,cuboid,metal2,0.1,3.6,0.1,1,0.75,0.625,0.5,0,0.01,-282.5,34,-200,0,0,-1,0;
custom,cuboid,metal2,2.45,0.1,19.95,1,0.75,0.625,0.5,0,0.01,-300,16.5,-300,0,0,-1,0;
custom,cuboid,metal2,0.1,20.1,0.1,1,0.75,0.625,0.5,0,0.01,-317.5,16.5,-300,0.7071068,0,0,0.7071068;
custom,cuboid,metal2,0.1,20.1,0.1,1,0.75,0.625,0.5,0,0.01,-317.5,51.5,-300,0.7071068,0,0,0.7071068;
custom,cuboid,metal2,0.1,20.1,0.1,1,0.75,0.625,0.5,0,0.01,-282.5,16.5,-300,0.7071068,0,0,0.7071068;
custom,cuboid,metal2,0.1,20.1,0.1,1,0.75,0.625,0.5,0,0.01,-282.5,51.5,-300,0.7071068,0,0,0.7071068;
custom,cuboid,metal2,0.1,3.6,0.1,1,0.75,0.625,0.5,0,0.01,-300,16.5,-200,0,0,0.7071068,0.7071068;
custom,cuboid,metal2,0.1,3.6,0.1,1,0.75,0.625,0.5,0,0.01,-300,51.5,-200,0,0,0.7071068,0.7071068;
custom,cuboid,metal2,0.1,3.6,0.1,1,0.75,0.625,0.5,0,0.01,-300,16.5,-400,0,0,0.7071068,0.7071068;
custom,cuboid,metal2,0.1,3.6,0.1,1,0.75,0.625,0.5,0,0.01,-300,51.5,-400,0,0,0.7071068,0.7071068;
custom,cuboid,default,0.5,0.1,19.95,1,0,0,0,0,1.5,-314.5,16.75,-300,0,0,-1,0;
custom,cuboid,default,0.5,0.1,19.95,1,0,0,0,0,1.5,-285.5,16.75,-300,0,0,-1,0;
custom,cuboid,stone3,3.45,0.1,19.95,1,0.75,0.625,0.5,0,-0.01,-300,17.5,-300,0,0,-1,0;
custom,cylinder,metal2,3.5,0.05,-1,0,1,1,1,0,0.0025,-300,50.5,-349,0.7071068,0,0,0.7071068;
custom,cylinder,metal2,3.5,0.05,-1,0,1,1,1,0,0.0025,-300,50.5,-201,0.7071068,0,0,0.7071068;


custom,cuboid,metal2,0.5,1.0,2,0,1,1,1,0,0.005,-286,22.5,-225,0,0,0,0;
custom,cuboid,metal2,0.5,1.0,2,0,1,1,1,0,0.005,-314,22.5,-225,0,0,0,0;





//3rdLane;

custom,cylinder,stone6,-1.7,-0.05,-1.7,0,1,1,1,0.01,0.01,-390,16.375,-425,0.5,0.5,-0.5,0.5;
custom,cylinder,stone6,-0.9,-0.0625,-0.9,0,1,1,1,0.01,0.01,-390,16.375,-425,0.5,0.5,-0.5,0.5;
custom,tube,metal2,-1.5,-0.375,-1.5,1,0.75,0.625,0.5,0,0.01,-390,16.125,-424.875,0.5,0.5,-0.5,0.5;
custom,tube,metal2,-1.65,-0.125,-1.65,1,0.75,0.625,0.5,0,0.01,-388.325,16.125,-424.875,0.5,0.5,-0.5,0.5;
custom,cylinder,stone6,-1.7,-0.05,-1.7,0,1,1,1,0.01,0.01,-390,16.375,-275,0.5,0.5,-0.5,0.5;
custom,cylinder,stone6,-0.9,-0.0625,-0.9,0,1,1,1,0.01,0.01,-390,16.375,-275,0.5,0.5,-0.5,0.5;
custom,tube,metal2,-1.5,-0.375,-1.5,1,0.75,0.625,0.5,0,0.01,-390,16.125,-275.125,0.5,0.5,-0.5,0.5;
custom,tube,metal2,-1.65,-0.125,-1.65,1,0.75,0.625,0.5,0,0.01,-388.325,16.125,-275.125,0.5,0.5,-0.5,0.5;
custom,cylinder,stone6,-1.7,-0.05,-1.7,0,1,1,1,0.01,0.01,-360,16.375,-425,0.5,0.5,-0.5,0.5;
custom,cylinder,stone6,-0.9,-0.0625,-0.9,0,1,1,1,0.01,0.01,-360,16.375,-425,0.5,0.5,-0.5,0.5;
custom,tube,metal2,-1.5,-0.375,-1.5,1,0.75,0.625,0.5,0,0.01,-360,16.125,-424.875,0.5,0.5,-0.5,0.5;
custom,tube,metal2,-1.65,-0.125,-1.65,1,0.75,0.625,0.5,0,0.01,-361.675,16.125,-424.875,0.5,0.5,-0.5,0.5;
custom,cylinder,stone6,-1.7,-0.05,-1.7,0,1,1,1,0.01,0.01,-360,16.375,-275,0.5,0.5,-0.5,0.5;
custom,cylinder,stone6,-0.9,-0.0625,-0.9,0,1,1,1,0.01,0.01,-360,16.375,-275,0.5,0.5,-0.5,0.5;
custom,tube,metal2,-1.5,-0.375,-1.5,1,0.75,0.625,0.5,0,0.01,-360,16.125,-275.125,0.5,0.5,-0.5,0.5;
custom,tube,metal2,-1.65,-0.125,-1.65,1,0.75,0.625,0.5,0,0.01,-361.675,16.125,-275.125,0.5,0.5,-0.5,0.5;
custom,cylinder,metal2,-0.125,-1.45,-0.125,1,0.75,0.625,0.5,0,0.01,-375,16.375,-275,0.5,0.5,-0.5,0.5;
custom,cylinder,metal2,-0.125,-1.45,-0.125,1,0.75,0.625,0.5,0,0.01,-375,16.375,-425,0.5,0.5,-0.5,0.5;
custom,cuboid,metal2,-3.5,-3.5,-20,0,1,1,1,0,0.0075,-375,34,-350,0,0,0,1;
custom,cylinder,metal2,-3.5,-9.99,-1,1,0.75,0.625,0.5,0,-0.01,-375,51.5,-350,0,0.7071068,-0.7071068,0;
custom,cuboid,metal2,-3.4,-3.4,-20,0,1,1,1,0,0.05,-375,34,-350.5,0,0,-0.7071068,-0.7071068;
custom,cuboid,metal2,-3.4,-3.4,-20,0,1,1,1,0,0.01,-375,34,-349.5,0,0,-0.7071068,-0.7071068;
custom,cylinder,metal2,-3.4,-10,0.9,0,1,1,1,0,0.005,-375,51.5,-350,0,0.7071068,-0.7071068,0;
custom,cuboid,metal2,-0.1,-3.6,-0.1,1,0.75,0.625,0.5,0,0.01,-392.5,34,-250,0,0,0,1;
custom,cuboid,metal2,-0.1,-3.6,-0.1,1,0.75,0.625,0.5,0,0.01,-392.5,34,-450,0,0,0,1;
custom,cuboid,metal2,-0.1,-3.6,-0.1,1,0.75,0.625,0.5,0,0.01,-357.5,34,-250,0,0,0,1;
custom,cuboid,metal2,-0.1,-3.6,-0.1,1,0.75,0.625,0.5,0,0.01,-357.5,34,-450,0,0,0,1;
custom,cuboid,metal2,-2.45,-0.1,-19.95,1,0.75,0.625,0.5,0,0.01,-375,16.5,-350,0,0,0,1;
custom,cuboid,metal2,-0.1,-20.1,-0.1,1,0.75,0.625,0.5,0,0.01,-392.5,16.5,-350,0,0.7071068,-0.7071068,0;
custom,cuboid,metal2,-0.1,-20.1,-0.1,1,0.75,0.625,0.5,0,0.01,-392.5,51.5,-350,0,0.7071068,-0.7071068,0;
custom,cuboid,metal2,-0.1,-20.1,-0.1,1,0.75,0.625,0.5,0,0.01,-357.5,16.5,-350,0,0.7071068,-0.7071068,0;
custom,cuboid,metal2,-0.1,-20.1,-0.1,1,0.75,0.625,0.5,0,0.01,-357.5,51.5,-350,0,0.7071068,-0.7071068,0;
custom,cuboid,metal2,-0.1,-3.6,-0.1,1,0.75,0.625,0.5,0,0.01,-375,16.5,-450,0,0,-0.7071068,-0.7071068;
custom,cuboid,metal2,-0.1,-3.6,-0.1,1,0.75,0.625,0.5,0,0.01,-375,51.5,-450,0,0,-0.7071068,-0.7071068;
custom,cuboid,metal2,-0.1,-3.6,-0.1,1,0.75,0.625,0.5,0,0.01,-375,16.5,-250,0,0,-0.7071068,-0.7071068;
custom,cuboid,metal2,-0.1,-3.6,-0.1,1,0.75,0.625,0.5,0,0.01,-375,51.5,-250,0,0,-0.7071068,-0.7071068;
custom,cuboid,default,-0.5,-0.1,-19.95,1,0,0,0,0,1.5,-389.5,16.75,-350,0,0,0,1;
custom,cuboid,default,-0.5,-0.1,-19.95,1,0,0,0,0,1.5,-360.5,16.75,-350,0,0,0,1;

custom,cylinder,stone6,1.7,0.05,1.7,0,1,1,1,0.01,0.01,-390,16.375,-500,0.5,0.5,-0.5,0.5;
custom,cylinder,stone6,0.9,0.0625,0.9,0,1,1,1,0.01,0.01,-390,16.375,-500,0.5,0.5,-0.5,0.5;
custom,tube,metal2,1.5,0.375,1.5,1,0.75,0.625,0.5,0,0.01,-390,16.125,-500.125,0.5,0.5,-0.5,0.5;
custom,tube,metal2,1.65,0.125,1.65,1,0.75,0.625,0.5,0,0.01,-388.325,16.125,-500.125,0.5,0.5,-0.5,0.5;
custom,cylinder,stone6,1.7,0.05,1.7,0,1,1,1,0.01,0.01,-390,16.375,-650,0.5,0.5,-0.5,0.5;
custom,cylinder,stone6,0.9,0.0625,0.9,0,1,1,1,0.01,0.01,-390,16.375,-650,0.5,0.5,-0.5,0.5;
custom,tube,metal2,1.5,0.375,1.5,1,0.75,0.625,0.5,0,0.01,-390,16.125,-649.875,0.5,0.5,-0.5,0.5;
custom,tube,metal2,1.65,0.125,1.65,1,0.75,0.625,0.5,0,0.01,-388.325,16.125,-649.875,0.5,0.5,-0.5,0.5;
custom,cylinder,stone6,1.7,0.05,1.7,0,1,1,1,0.01,0.01,-360,16.375,-500,0.5,0.5,-0.5,0.5;
custom,cylinder,stone6,0.9,0.0625,0.9,0,1,1,1,0.01,0.01,-360,16.375,-500,0.5,0.5,-0.5,0.5;
custom,tube,metal2,1.5,0.375,1.5,1,0.75,0.625,0.5,0,0.01,-360,16.125,-500.125,0.5,0.5,-0.5,0.5;
custom,tube,metal2,1.65,0.125,1.65,1,0.75,0.625,0.5,0,0.01,-361.675,16.125,-500.125,0.5,0.5,-0.5,0.5;
custom,cylinder,stone6,1.7,0.05,1.7,0,1,1,1,0.01,0.01,-360,16.375,-650,0.5,0.5,-0.5,0.5;
custom,cylinder,stone6,0.9,0.0625,0.9,0,1,1,1,0.01,0.01,-360,16.375,-650,0.5,0.5,-0.5,0.5;
custom,tube,metal2,1.5,0.375,1.5,1,0.75,0.625,0.5,0,0.01,-360,16.125,-649.875,0.5,0.5,-0.5,0.5;
custom,tube,metal2,1.65,0.125,1.65,1,0.75,0.625,0.5,0,0.01,-361.675,16.125,-649.875,0.5,0.5,-0.5,0.5;
custom,cylinder,metal2,0.125,1.45,0.125,1,0.75,0.625,0.5,0,0.01,-375,16.375,-650,0.5,0.5,-0.5,0.5;
custom,cylinder,metal2,0.125,1.45,0.125,1,0.75,0.625,0.5,0,0.01,-375,16.375,-500,0.5,0.5,-0.5,0.5;
custom,cuboid,metal2,3.5,3.5,20,0,1,1,1,0,0.0075,-375,34,-575,0,0,-1,0;
custom,cylinder,metal2,3.5,9.99,1,1,0.75,0.625,0.5,0,-0.01,-375,51.5,-575,0.7071068,0,0,0.7071068;
custom,cuboid,metal2,3.4,3.4,20,0,1,1,1,0,0.05,-375,34,-574.5,0,0,0.7071068,0.7071068;
custom,cuboid,metal2,3.4,3.4,20,0,1,1,1,0,0.01,-375,34,-575.5,0,0,0.7071068,0.7071068;
custom,cylinder,metal2,3.4,10,-0.9,0,1,1,1,0,0.005,-375,51.5,-575,0.7071068,0,0,0.7071068;
custom,cuboid,metal2,0.1,3.6,0.1,1,0.75,0.625,0.5,0,0.01,-392.5,34,-675,0,0,-1,0;
custom,cuboid,metal2,0.1,3.6,0.1,1,0.75,0.625,0.5,0,0.01,-392.5,34,-475,0,0,-1,0;
custom,cuboid,metal2,0.1,3.6,0.1,1,0.75,0.625,0.5,0,0.01,-357.5,34,-675,0,0,-1,0;
custom,cuboid,metal2,0.1,3.6,0.1,1,0.75,0.625,0.5,0,0.01,-357.5,34,-475,0,0,-1,0;
custom,cuboid,metal2,2.45,0.1,19.95,1,0.75,0.625,0.5,0,0.01,-375,16.5,-575,0,0,-1,0;
custom,cuboid,metal2,0.1,20.1,0.1,1,0.75,0.625,0.5,0,0.01,-392.5,16.5,-575,0.7071068,0,0,0.7071068;
custom,cuboid,metal2,0.1,20.1,0.1,1,0.75,0.625,0.5,0,0.01,-392.5,51.5,-575,0.7071068,0,0,0.7071068;
custom,cuboid,metal2,0.1,20.1,0.1,1,0.75,0.625,0.5,0,0.01,-357.5,16.5,-575,0.7071068,0,0,0.7071068;
custom,cuboid,metal2,0.1,20.1,0.1,1,0.75,0.625,0.5,0,0.01,-357.5,51.5,-575,0.7071068,0,0,0.7071068;
custom,cuboid,metal2,0.1,3.6,0.1,1,0.75,0.625,0.5,0,0.01,-375,16.5,-475,0,0,0.7071068,0.7071068;
custom,cuboid,metal2,0.1,3.6,0.1,1,0.75,0.625,0.5,0,0.01,-375,51.5,-475,0,0,0.7071068,0.7071068;
custom,cuboid,metal2,0.1,3.6,0.1,1,0.75,0.625,0.5,0,0.01,-375,16.5,-675,0,0,0.7071068,0.7071068;
custom,cuboid,metal2,0.1,3.6,0.1,1,0.75,0.625,0.5,0,0.01,-375,51.5,-675,0,0,0.7071068,0.7071068;
custom,cuboid,default,0.5,0.1,19.95,1,0,0,0,0,1.5,-389.5,16.75,-575,0,0,-1,0;
custom,cuboid,default,0.5,0.1,19.95,1,0,0,0,0,1.5,-360.5,16.75,-575,0,0,-1,0;

custom,cylinder,stone6,-1.7,-0.05,-1.7,0,1,1,1,0.01,0.01,-390,16.375,-875,0.5,0.5,-0.5,0.5;
custom,cylinder,stone6,-0.9,-0.0625,-0.9,0,1,1,1,0.01,0.01,-390,16.375,-875,0.5,0.5,-0.5,0.5;
custom,tube,metal2,-1.5,-0.375,-1.5,1,0.75,0.625,0.5,0,0.01,-390,16.125,-874.875,0.5,0.5,-0.5,0.5;
custom,tube,metal2,-1.65,-0.125,-1.65,1,0.75,0.625,0.5,0,0.01,-388.325,16.125,-874.875,0.5,0.5,-0.5,0.5;
custom,cylinder,stone6,-1.7,-0.05,-1.7,0,1,1,1,0.01,0.01,-390,16.375,-725,0.5,0.5,-0.5,0.5;
custom,cylinder,stone6,-0.9,-0.0625,-0.9,0,1,1,1,0.01,0.01,-390,16.375,-725,0.5,0.5,-0.5,0.5;
custom,tube,metal2,-1.5,-0.375,-1.5,1,0.75,0.625,0.5,0,0.01,-390,16.125,-725.125,0.5,0.5,-0.5,0.5;
custom,tube,metal2,-1.65,-0.125,-1.65,1,0.75,0.625,0.5,0,0.01,-388.325,16.125,-725.125,0.5,0.5,-0.5,0.5;
custom,cylinder,stone6,-1.7,-0.05,-1.7,0,1,1,1,0.01,0.01,-360,16.375,-875,0.5,0.5,-0.5,0.5;
custom,cylinder,stone6,-0.9,-0.0625,-0.9,0,1,1,1,0.01,0.01,-360,16.375,-875,0.5,0.5,-0.5,0.5;
custom,tube,metal2,-1.5,-0.375,-1.5,1,0.75,0.625,0.5,0,0.01,-360,16.125,-874.875,0.5,0.5,-0.5,0.5;
custom,tube,metal2,-1.65,-0.125,-1.65,1,0.75,0.625,0.5,0,0.01,-361.675,16.125,-874.875,0.5,0.5,-0.5,0.5;
custom,cylinder,stone6,-1.7,-0.05,-1.7,0,1,1,1,0.01,0.01,-360,16.375,-725,0.5,0.5,-0.5,0.5;
custom,cylinder,stone6,-0.9,-0.0625,-0.9,0,1,1,1,0.01,0.01,-360,16.375,-725,0.5,0.5,-0.5,0.5;
custom,tube,metal2,-1.5,-0.375,-1.5,1,0.75,0.625,0.5,0,0.01,-360,16.125,-725.125,0.5,0.5,-0.5,0.5;
custom,tube,metal2,-1.65,-0.125,-1.65,1,0.75,0.625,0.5,0,0.01,-361.675,16.125,-725.125,0.5,0.5,-0.5,0.5;
custom,cylinder,metal2,-0.125,-1.45,-0.125,1,0.75,0.625,0.5,0,0.01,-375,16.375,-725,0.5,0.5,-0.5,0.5;
custom,cylinder,metal2,-0.125,-1.45,-0.125,1,0.75,0.625,0.5,0,0.01,-375,16.375,-875,0.5,0.5,-0.5,0.5;
custom,cuboid,metal2,-3.5,-3.5,-20,0,1,1,1,0,0.0075,-375,34,-800,0,0,0,1;
custom,cylinder,metal2,-3.5,-9.99,-1,1,0.75,0.625,0.5,0,-0.01,-375,51.5,-800,0,0.7071068,-0.7071068,0;
custom,cuboid,metal2,-3.4,-3.4,-20,0,1,1,1,0,0.05,-375,34,-800.5,0,0,-0.7071068,-0.7071068;
custom,cuboid,metal2,-3.4,-3.4,-20,0,1,1,1,0,0.01,-375,34,-799.5,0,0,-0.7071068,-0.7071068;
custom,cylinder,metal2,-3.4,-10,0.9,0,1,1,1,0,0.005,-375,51.5,-800,0,0.7071068,-0.7071068,0;
custom,cuboid,metal2,-0.1,-3.6,-0.1,1,0.75,0.625,0.5,0,0.01,-392.5,34,-700,0,0,0,1;
custom,cuboid,metal2,-0.1,-3.6,-0.1,1,0.75,0.625,0.5,0,0.01,-392.5,34,-900,0,0,0,1;
custom,cuboid,metal2,-0.1,-3.6,-0.1,1,0.75,0.625,0.5,0,0.01,-357.5,34,-700,0,0,0,1;
custom,cuboid,metal2,-0.1,-3.6,-0.1,1,0.75,0.625,0.5,0,0.01,-357.5,34,-900,0,0,0,1;
custom,cuboid,metal2,-2.45,-0.1,-19.95,1,0.75,0.625,0.5,0,0.01,-375,16.5,-800,0,0,0,1;
custom,cuboid,metal2,-0.1,-20.1,-0.1,1,0.75,0.625,0.5,0,0.01,-392.5,16.5,-800,0,0.7071068,-0.7071068,0;
custom,cuboid,metal2,-0.1,-20.1,-0.1,1,0.75,0.625,0.5,0,0.01,-392.5,51.5,-800,0,0.7071068,-0.7071068,0;
custom,cuboid,metal2,-0.1,-20.1,-0.1,1,0.75,0.625,0.5,0,0.01,-357.5,16.5,-800,0,0.7071068,-0.7071068,0;
custom,cuboid,metal2,-0.1,-20.1,-0.1,1,0.75,0.625,0.5,0,0.01,-357.5,51.5,-800,0,0.7071068,-0.7071068,0;
custom,cuboid,metal2,-0.1,-3.6,-0.1,1,0.75,0.625,0.5,0,0.01,-375,16.5,-900,0,0,-0.7071068,-0.7071068;
custom,cuboid,metal2,-0.1,-3.6,-0.1,1,0.75,0.625,0.5,0,0.01,-375,51.5,-900,0,0,-0.7071068,-0.7071068;
custom,cuboid,metal2,-0.1,-3.6,-0.1,1,0.75,0.625,0.5,0,0.01,-375,16.5,-700,0,0,-0.7071068,-0.7071068;
custom,cuboid,metal2,-0.1,-3.6,-0.1,1,0.75,0.625,0.5,0,0.01,-375,51.5,-700,0,0,-0.7071068,-0.7071068;
custom,cuboid,default,-0.5,-0.1,-19.95,1,0,0,0,0,1.5,-389.5,16.75,-800,0,0,0,1;
custom,cuboid,default,-0.5,-0.1,-19.95,1,0,0,0,0,1.5,-360.5,16.75,-800,0,0,0,1;







custom,cuboid,house9mat2,30,6,1,0,1,1,1,3.0,0.6,-300,17.5,-122.5,0.414,0,0,1;

custom,cuboid,house9mat2,40,6,1,0,1,1,1,4.0,0.6,-350,17.5,-977.5,-0.414,0,0,1;
custom,cuboid,house9mat2,110,6,1,0,1,1,1,11.0,0.6,0,30,-1000,0,0,0,0;

custom,cuboid,house9mat2,40,6,1,0,1,1,1,4.0,0.6,-150,30,-800,0,1,0,1;


custom,cuboid,stone9,110,1.1,20,0,1,1,1,11.0,2.0,0,55,-1100,0,0,0,0;
custom,cuboid,brick4,110,1.1,20,0,1,1,1,11.0,2.0,0,54,-1100,0,0,0,0;

custom,cuboid,house9mat2,1,6,20,0,1,1,1,2.0,0.6,-550,30,-1100,0,0,0,0;

custom,cuboid,metal2,0.2,2,0.5,0,1,1,1,0,0.01,-285,13,-158,0.9238796,0,0,0.3826834;
custom,cuboid,metal2,0.2,2,0.5,0,1,1,1,0,0.01,-315,13,-158,0.9238796,0,0,0.3826834;
custom,cuboid,metal2,3,0.2,0.25,0,1,1,1,0,0.01,-300,13,-158,0.3753303,-0.18024,-0.0746578,0.9061275;
custom,cuboid,metal2,3,0.25,0.25,0,1,1,1,0,0.01,-300,13,-158,0.3753303,0.18024,0.0746578,0.9061275;
custom,cuboid,metal2,0.5,2,0.5,0,1,1,1,0,0.01,-285,12,-164,0,0,0,1;
custom,cuboid,metal2,0.5,2,0.5,0,1,1,1,0,0.01,-315,12,-164,0,0,0,1;
custom,cuboid,wood1,4,0.25,0.5,0,1,1,1,0.4,0.05,-300,20,-166.5,0.7071068,0,0,0.7071068;
custom,cuboid,wood1,4,0.25,0.5,0,1,1,1,0.4,0.05,-300,10,-166.5,0.7071068,0,0,0.7071068;

custom,cuboid,metal2,0.2,2,0.5,0,1,1,1,0,0.01,-210,13,-158,0.9238796,0,0,0.3826834;
custom,cuboid,metal2,0.2,2,0.5,0,1,1,1,0,0.01,-240,13,-158,0.9238796,0,0,0.3826834;
custom,cuboid,metal2,3,0.2,0.25,0,1,1,1,0,0.01,-225,13,-158,0.3753303,-0.18024,-0.0746578,0.9061275;
custom,cuboid,metal2,3,0.25,0.25,0,1,1,1,0,0.01,-225,13,-158,0.3753303,0.18024,0.0746578,0.9061275;
custom,cuboid,metal2,0.5,2,0.5,0,1,1,1,0,0.01,-210,12,-164,0,0,0,1;
custom,cuboid,metal2,0.5,2,0.5,0,1,1,1,0,0.01,-240,12,-164,0,0,0,1;
custom,cuboid,wood1,4,0.25,0.5,0,1,1,1,0.4,0.05,-225,20,-166.5,0.7071068,0,0,0.7071068;
custom,cuboid,wood1,4,0.25,0.5,0,1,1,1,0.4,0.05,-225,10,-166.5,0.7071068,0,0,0.7071068;

custom,cuboid,metal2,0.2,2,0.5,0,1,1,1,0,0.01,-360,13,-158,0.9238796,0,0,0.3826834;
custom,cuboid,metal2,0.2,2,0.5,0,1,1,1,0,0.01,-390,13,-158,0.9238796,0,0,0.3826834;
custom,cuboid,metal2,3,0.2,0.25,0,1,1,1,0,0.01,-375,13,-158,0.3753303,-0.18024,-0.0746578,0.9061275;
custom,cuboid,metal2,3,0.25,0.25,0,1,1,1,0,0.01,-375,13,-158,0.3753303,0.18024,0.0746578,0.9061275;
custom,cuboid,metal2,0.5,2,0.5,0,1,1,1,0,0.01,-360,12,-164,0,0,0,1;
custom,cuboid,metal2,0.5,2,0.5,0,1,1,1,0,0.01,-390,12,-164,0,0,0,1;
custom,cuboid,wood1,4,0.25,0.5,0,1,1,1,0.4,0.05,-375,20,-166.5,0.7071068,0,0,0.7071068;
custom,cuboid,wood1,4,0.25,0.5,0,1,1,1,0.4,0.05,-375,10,-166.5,0.7071068,0,0,0.7071068;

custom,cuboid,metal2,0.2,2,0.5,0,1,1,1,0,0.01,-315,13,-942,0,0.3826834,-0.9238796,0;
custom,cuboid,metal2,0.2,2,0.5,0,1,1,1,0,0.01,-285,13,-942,0,0.3826834,-0.9238796,0;
custom,cuboid,metal2,3,0.2,0.25,0,1,1,1,0,0.01,-300,13,-942,-0.0746578,0.9061274,-0.3753303,0.18024;
custom,cuboid,metal2,3,0.25,0.25,0,1,1,1,0,0.01,-300,13,-942,0.0746578,0.9061274,-0.3753303,-0.18024;
custom,cuboid,metal2,0.5,2,0.5,0,1,1,1,0,0.01,-315,12,-936,0,1,0,0;
custom,cuboid,metal2,0.5,2,0.5,0,1,1,1,0,0.01,-285,12,-936,0,1,0,0;
custom,cuboid,wood1,4,0.25,0.5,0,1,1,1,0.4,0.05,-300,20,-933.5,0,0.7071068,-0.7071068,0;
custom,cuboid,wood1,4,0.25,0.5,0,1,1,1,0.4,0.05,-300,10,-933.5,0,0.7071068,-0.7071068,0;

custom,cuboid,metal2,0.2,2,0.5,0,1,1,1,0,0.01,-390,13,-942,0,0.3826834,-0.9238796,0;
custom,cuboid,metal2,0.2,2,0.5,0,1,1,1,0,0.01,-360,13,-942,0,0.3826834,-0.9238796,0;
custom,cuboid,metal2,3,0.2,0.25,0,1,1,1,0,0.01,-375,13,-942,-0.0746578,0.9061274,-0.3753303,0.18024;
custom,cuboid,metal2,3,0.25,0.25,0,1,1,1,0,0.01,-375,13,-942,0.0746578,0.9061274,-0.3753303,-0.18024;
custom,cuboid,metal2,0.5,2,0.5,0,1,1,1,0,0.01,-390,12,-936,0,1,0,0;
custom,cuboid,metal2,0.5,2,0.5,0,1,1,1,0,0.01,-360,12,-936,0,1,0,0;
custom,cuboid,wood1,4,0.25,0.5,0,1,1,1,0.4,0.05,-375,20,-933.5,0,0.7071068,-0.7071068,0;
custom,cuboid,wood1,4,0.25,0.5,0,1,1,1,0.4,0.05,-375,10,-933.5,0,0.7071068,-0.7071068,0;

custom,cuboid,metal2,0.2,2,0.5,0,1,1,1,0,0.01,-240,13,-942,0,0.3826834,-0.9238796,0;
custom,cuboid,metal2,0.2,2,0.5,0,1,1,1,0,0.01,-210,13,-942,0,0.3826834,-0.9238796,0;
custom,cuboid,metal2,3,0.2,0.25,0,1,1,1,0,0.01,-225,13,-942,-0.0746578,0.9061274,-0.3753303,0.18024;
custom,cuboid,metal2,3,0.25,0.25,0,1,1,1,0,0.01,-225,13,-942,0.0746578,0.9061274,-0.3753303,-0.18024;
custom,cuboid,metal2,0.5,2,0.5,0,1,1,1,0,0.01,-240,12,-936,0,1,0,0;
custom,cuboid,metal2,0.5,2,0.5,0,1,1,1,0,0.01,-210,12,-936,0,1,0,0;
custom,cuboid,wood1,4,0.25,0.5,0,1,1,1,0.4,0.05,-225,20,-933.5,0,0.7071068,-0.7071068,0;
custom,cuboid,wood1,4,0.25,0.5,0,1,1,1,0.4,0.05,-225,10,-933.5,0,0.7071068,-0.7071068,0;


custom,boulder1,house9mat2,3,-0.75,1.25,0,0.875,0.875,1,1,0.2,556.263,25,-1203.854,-0.5,0.5,-0.5,0.5;
custom,boulder1,house9mat2,3,-0.75,1.25,0,0.875,0.875,1,1,0.2,556.263,40,-1201.354,-0.2705981,0.6532815,-0.2705981,0.6532815;
custom,boulder1,house9mat2,1,-0.75,1.25,0,0.875,0.875,1,0.5,0.2,556.263,50,-1211.354,-0.2705981,0.6532815,-0.2705981,0.6532815;
custom,boulder1,house9mat2,3,-0.75,1.25,0,0.875,0.875,1,1,0.2,556.263,55,-1178.374,0,0.7071068,0,0.7071068;
custom,boulder1,house9mat2,-3,-0.85,1.25,0,0.875,0.875,1,1,0.2,556.263,55,-1128.374,0,0.7071068,0,0.7071068;
custom,boulder1,house9mat2,3,-0.85,1.25,0,0.875,0.875,1,1,0.2,556.263,55,-1078.374,0,0.7071068,0,0.7071068;
custom,boulder1,house9mat2,-3,-0.75,1.25,0,0.875,0.875,1,1,0.2,556.263,40,-1004.169,0.2705981,0.6532815,0.2705981,0.6532815;
custom,boulder1,house9mat2,-3,-0.75,1.25,0,0.875,0.875,1,1,0.2,556.263,55,-1028.374,0,0.7071068,0,0.7071068;
custom,boulder1,house9mat2,-1,-0.75,1.25,0,0.875,0.875,1,0.5,0.2,556.263,50,-994.17,0.2705981,0.6532815,0.2705981,0.6532815;
custom,boulder1,house9mat2,-3,-0.75,1.25,0,0.875,0.875,1,1,0.2,556.263,25,-1001.67,0.5,0.5,0.5,0.5;

custom,cuboid,stone9,110,1.1,20,1,0,0.3,0.9,11.0,2.0,0,-4.5,-1100,0,0,0,0;
custom,killcuboid,barriereditormat,110,1.2,20,0,0,0.3,0.9,11.0,2.0,0,-4.5,-1100,0,0,0,0;
custom,cuboid,stone9,30,1.1,30,1,0,0.3,0.9,3.0,3.0,700,-4.5,-1050,0,0,0,0;
custom,killcuboid,barriereditormat,30,1.2,30,0,0,0.3,0.9,3.0,3.0,700,-4.5,-1050,0,0,0,0;
custom,cuboid,stone9,10,1.1,70,1,0,0.3,0.9,1.0,7.0,800,-4.5,-550,0,0,0,0;
custom,killcuboid,barriereditormat,10,1.1,70,0,0,0.3,0.9,1.0,5.0,800,-4.5,-550,0,0,0,0;


custom,cuboid,house9mat2,60,6,1,0,1,1,1,6.0,0.6,150,30,-600,0,0,0,1;

custom,cuboid,house9mat2,40,6,1,0,1,1,1,4.0,0.6,450,30,-400,0,1,0,1;

custom,cuboid,house9mat2,30,6,1,0,1,1,1,3.0,0.6,300,30,-200,0,0,0,1;

custom,cuboid,house9mat2,10,6,1,0,1,1,1,1.0,0.6,150,30,-150,0,1,0,1;
custom,cuboid,house9mat2,10,6,1,0,1,1,1,1.0,0.6,250,30,-50,0,1,0,1;
custom,cuboid,house9mat2,10,6,1,0,1,1,1,1.0,0.6,350,30,-150,0,1,0,1;
custom,cuboid,house9mat2,10,6,1,0,1,1,1,1.0,0.6,450,30,-50,0,1,0,1;

custom,cuboid,house9mat2,30,6,1,0,1,1,1,3.0,0.6,300,30,0,0,0,0,1;


custom,cuboid,brick4,30,5,1,0,1,1,1,3.0,0.5,700,25,-1205,0,0,0,0;
custom,cuboid,house9mat2,31,6,1,0,1,1,1,3.0,0.6,700,30,-1215,0,0,0,0;
custom,cuboid,brick4,30,5,1,0,1,1,1,3.0,0.5,850,25,-1055,0,1,0,1;
custom,cuboid,house9mat2,31,6,1,0,1,1,1,3.0,0.6,860,30,-1055,0,1,0,1;

custom,cuboid,brick4,10,5,1,0,1,1,1,1.0,0.5,550,25,-950,0,1,0,1;
custom,cuboid,house9mat2,11,6,1,0,1,1,1,1.1,0.6,540,30,-950,0,1,0,1;

custom,cuboid,brick4,20,5,1,0,1,1,1,2.0,0.5,650,25,-900,0,0,0,1;
custom,cuboid,house9mat2,21,6,1,0,1,1,1,2.1,0.6,650,30,-890,0,0,0,1;

custom,cuboid,brick4,68.5,5,1,0,1,1,1,6.85,0.5,750,25,-542.5,0,1,0,1;
custom,cuboid,house9mat2,69.5,6,1,0,1,1,1,6.95,0.6,740,30,-537.5,0,1,0,1;
custom,cuboid,brick4,70,5,1,0,1,1,1,7.0,0.5,850,25,-550,0,1,0,1;
custom,cuboid,house9mat2,71,6,1,0,1,1,1,7.1,0.6,860,30,-545,0,1,0,1;

custom,cuboid,brick4,10,5,1,0,1,1,1,1.0,0.5,800,25,-195,0,0,0,0;
custom,cuboid,house9mat2,23,6,1,0,1,1,1,2.3,0.6,750,30,-185,0,0,0,0;


custom,cuboid,house9mat2,50,6,1,0,1,1,1,6.95,0.6,640,30,-440,0,1,0,1;


custom,arc180,brick4,1.741785,0.1915965,1.741785,0,1,1,1,2,2,745,113.709,-600,0.5,0.5,0.5,0.5;
custom,arc180,brick4,1.741785,0.1741788,1.741785,0,1,1,1,2,2,736.2906,105,-599.9998,0,0.7071068,0.7071068,0;
custom,arc180,brick4,1.741785,0.1741788,1.741785,0,1,1,1,2,2,753.7095,105,-600.0003,0.7071068,0,0,0.7071068;
custom,arc180,brick4,1.741785,0.1741788,1.741785,0,1,1,1,2,2,745,96.29106,-600,-0.5,0.5,-0.5,0.5;
custom,arc180,brick4,1.741785,0.1915965,1.741785,0,1,1,1,2,2,751.1578,111.1583,-600,0.6532815,0.270598,0.2705981,0.6532815;
custom,arc180,brick4,1.741785,0.1741788,1.741785,0,1,1,1,2,2,738.8423,111.1583,-600,0.270598,0.6532815,0.6532815,0.2705981;
custom,arc180,brick4,1.741785,0.1741788,1.741785,0,1,1,1,2,2,751.1578,98.84184,-600,0.6532815,-0.2705981,-0.270598,0.6532815;
custom,arc180,brick4,1.741785,0.1741788,1.741785,0,1,1,1,2,2,738.8423,98.84184,-600,-0.270598,0.6532815,-0.6532815,0.2705981;
custom,cylinder,brick4,2.612675,0.1741788,2.612676,0,1,1,1,1,1,745,105,-600,0.7071068,0,0,0.7071068;
custom,cylinder,house9mat2,2.177231,0.2177231,2.177231,0,1,1,1,1,1,745,105,-600,0.7071068,0,0,0.7071068;
custom,cylinder,metal1,0.8708926,0.2612677,0.8708925,0,1,1,1,0.01,0.01,745,105,-600,0.7071068,0,0,0.7071068;
custom,cylinder,ice1,0.1741788,0.3048121,0.1741789,0,1,1,1,1,1,745,105,-600,0.7071068,0,0,0.7071068;
custom,killtube,transparent0.6,3.48357,0.0217723,3.48357,1,0,0,1,1,1,745,105,-600,0.7071068,0,0,0.7071068;
custom,killtube,transparent0.6,2.612675,0.0217723,2.612676,1,0,0,1,1,1,745,105,-600,0.7071068,0,0,0.7071068;
custom,arc180,brick4,1.741785,0.1915965,1.741785,0,1,1,1,2,2,748.333,113.0461,-600,0.5879378,0.3928475,0.3928475,0.5879378;
custom,arc180,brick4,1.741785,0.1741788,1.741785,0,1,1,1,2,2,736.954,108.3328,-600,0.1379497,0.6935199,0.6935199,0.1379497;
custom,arc180,brick4,1.741785,0.1741788,1.741785,0,1,1,1,2,2,753.0461,101.6673,-600,0.6935199,-0.1379497,-0.1379497,0.6935199;
custom,arc180,brick4,1.741785,0.1741788,1.741785,0,1,1,1,2,2,741.6671,96.95398,-600,-0.3928475,0.5879378,-0.5879378,0.3928475;
custom,arc180,brick4,1.741785,0.1915965,1.741785,0,1,1,1,2,2,741.6671,113.0461,-600,0.3928475,0.5879378,0.5879378,0.3928475;
custom,arc180,brick4,1.741785,0.2090139,1.741785,0,1,1,1,2,2,736.954,101.6673,-600,-0.1379497,0.6935199,0.6935199,-0.1379497;
custom,arc180,brick4,1.741785,0.2090139,1.741785,0,1,1,1,2,2,753.0461,108.3328,-600,0.6935199,0.1379497,0.1379497,0.6935199;
custom,arc180,brick4,1.741785,0.1741788,1.741785,0,1,1,1,2,2,748.333,96.95398,-600,-0.5879378,0.3928475,-0.3928475,0.5879378;
custom,cuboid,house9mat2,17.5,1,0.25,0,1,1,1,1.5,0.1,845,105,-600,0,0,0,0;
custom,cuboid,house9mat2,17.5,1,0.25,0,1,1,1,1.5,0.1,645,105,-600,0,0,0,0;
custom,sphere,default,1,1,1,1,0,0,0,1,1,931.5294,110.3557,-602.4493,0,0.0339888,0,-0.9994222;
custom,sphere,default,1.1,0.1,1.2,1,0,0,0.7954546,1,1,931.5005,110.1157,-602.0948,0,0.0339888,0,-0.9994222;
custom,sphere,default,1,0.1,1.1,1,0,0,0.7954546,1,1,931.4998,108.1523,-602.2509,0,0.0339849,0,-0.9994224;
custom,sphere,default,1,0.1,1.1,1,0,0,0.7954546,1,1,931.5101,112.8324,-602.2895,0,0.0339849,0,-0.9994224;
custom,killcylinder,transparent0.05,1.5,0.25,1.5,1,0,0,1,1,1,931.5294,109,-602.4493,0,0.0339888,0,-0.9994222;
custom,killcylinder,transparent0.05,1.5,0.375,1.5,1,0,0,1,1,1,931.5294,110.25,-602.4493,0,0.0339888,0,-0.9994222;
custom,killcylinder,transparent0.075,1.5,0.5,1.5,1,0,0,1,1,1,931.5294,111.5,-602.4493,0,0.0339888,0,-0.9994222;
custom,killcylinder,transparent0.075,1.5,0.625,1.5,1,0,0,1,1,1,931.5294,112.75,-602.4493,0,0.0339888,0,-0.9994222;
custom,killcylinder,transparent0.1,1.5,0.75,1.5,1,0,0,1,1,1,931.5294,114,-602.4493,0,0.0339888,0,-0.9994222;
custom,sphere,default,1,1,1,1,0,0,0,1,1,560.5308,110.3557,-598.6286,0,0.0339888,0,-0.9994222;
custom,sphere,default,1.1,0.1,1.2,1,0,0,0.7954546,1,1,560.5018,110.1157,-598.2741,0,0.0339888,0,-0.9994222;
custom,sphere,default,1,0.1,1.1,1,0,0,0.7954546,1,1,560.5012,108.1523,-598.4302,0,0.0339849,0,-0.9994224;
custom,sphere,default,1,0.1,1.1,1,0,0,0.7954546,1,1,560.5114,112.8324,-598.4688,0,0.0339849,0,-0.9994224;
custom,killcylinder,transparent0.05,1.5,0.25,1.5,1,0,0,1,1,1,560.5308,109,-598.6286,0,0.0339888,0,-0.9994222;
custom,killcylinder,transparent0.05,1.5,0.375,1.5,1,0,0,1,1,1,560.5308,110.25,-598.6286,0,0.0339888,0,-0.9994222;
custom,killcylinder,transparent0.075,1.5,0.5,1.5,1,0,0,1,1,1,560.5308,111.5,-598.6286,0,0.0339888,0,-0.9994222;
custom,killcylinder,transparent0.075,1.5,0.625,1.5,1,0,0,1,1,1,560.5308,112.75,-598.6286,0,0.0339888,0,-0.9994222;
custom,killcylinder,transparent0.1,1.5,0.75,1.5,1,0,0,1,1,1,560.5308,114,-598.6286,0,0.0339888,0,-0.9994222;



custom,cuboid,castle1tex,0.7887392,0.7887392,0.7887392,1,0.9,0.85,0.9,0.5,-0.5,666.702,105.9566,-179.7164,0,-0.9999911,0,-0.004232447;
custom,cuboid,castle1tex,0.7887392,0.7887392,0.7887392,1,0.9,0.85,0.9,0.5,-0.5,692.3554,16.52193,-224.6643,0,-0.9999911,0,-0.004232447;
custom,cuboid,castle1tex,0.7887392,0.7887392,0.7887392,1,0.9,0.85,0.9,0.5,-0.5,692.3554,74.40687,-179.9833,0,-0.9999911,0,-0.004232447;
custom,cuboid,castle1tex,0.7887392,0.7887392,0.7887392,1,0.9,0.85,0.9,0.5,-0.5,723.9049,48.07164,-224.3974,0,-0.9999911,0,-0.004232447;
custom,cuboid,castle1tex,0.7887392,0.7887392,0.7887392,1,0.9,0.85,0.9,0.5,-0.5,768.1101,48.07164,-224.6241,0,0,0,1;
custom,cuboid,castle1tex,0.7887392,0.7887392,0.7887392,1,0.9,0.85,0.9,0.5,-0.5,799.6597,16.52193,-224.6241,0,0,0,1;
custom,cuboid,castle1tex,0.7887392,0.7887392,0.7887392,1,0.9,0.85,0.9,0.5,-0.5,799.6597,74.42876,-179.7066,0,0,0,1;
custom,cuboid,castle1tex,0.7887392,0.7887392,0.7887392,1,0.9,0.9,0.7,0.5,-0.5,676.5812,37.68148,-224.7972,0,-0.9999911,0,-0.004232447;
custom,cuboid,castle1tex,0.7887392,0.7887392,0.7887392,1,0.9,0.9,0.7,0.5,-0.5,676.5812,58.58829,-224.7972,0,-0.9999911,0,-0.004232447;
custom,cuboid,castle1tex,0.7887392,0.7887392,0.7887392,1,0.9,0.9,0.7,0.5,-0.5,676.5812,95.56641,-180.1162,0,-0.9999911,0,-0.004232447;
custom,cuboid,castle1tex,0.7887392,0.7887392,0.7887392,1,0.9,0.9,0.7,0.5,-0.5,698.292,116.4733,-180.1162,0,-0.9999911,0,-0.004232447;
custom,cuboid,castle1tex,0.7887392,0.7887392,0.7887392,1,0.9,0.9,0.7,0.5,-0.5,723.9049,16.52193,-224.3974,0,-0.9999911,0,-0.004232447;
custom,cuboid,castle1tex,0.7887392,0.7887392,0.7887392,1,0.9,0.9,0.7,0.5,-0.5,723.9049,74.40687,-179.7164,0,-0.9999911,0,-0.004232447;
custom,cuboid,castle1tex,0.7887392,0.7887392,0.7887392,1,0.9,0.9,0.7,0.5,-0.5,768.1101,16.52193,-224.6241,0,0,0,1;
custom,cuboid,castle1tex,0.7887392,0.7887392,0.7887392,1,0.9,0.9,0.7,0.5,-0.5,768.1101,74.42876,-179.7066,0,0,0,1;
custom,cuboid,castle1tex,0.7887392,0.7887392,0.7887392,1,0.9,0.9,0.7,0.5,-0.5,815.4345,116.4952,-179.7066,0,0,0,1;
custom,cuboid,castle1tex,0.7887392,0.7887392,0.7887392,1,0.9,0.9,0.7,0.5,-0.5,815.4345,16.52193,-224.6241,0,0.9239493,0,0.382515;
custom,cuboid,castle1tex,0.7887392,0.7887392,0.7887392,1,0.9,0.9,0.7,0.5,-0.5,815.4345,27.03845,-224.6241,0,0,0,1;
custom,cuboid,castle1tex,0.7887392,0.7887392,0.7887392,1,0.9,0.9,0.7,0.5,-0.5,815.4345,58.58829,-224.6241,0,0,0,1;
custom,cuboid,castle1tex,0.7887392,0.7887392,0.7887392,1,0.9,0.9,0.7,0.5,-0.5,815.4345,84.94529,-179.7066,0,0,0,1;
custom,cuboid,castle1tex,0.7887392,0.7887392,0.7887392,1,0.9,0.9,0.7,0.5,-0.5,829.2944,74.42876,-179.7066,0,0.9239493,0,0.382515;
custom,cuboid,castle1tex,0.7887392,0.7887392,0.7887392,1,0.9,0.9,0.9,0.5,-0.5,660.8066,116.4733,-180.2497,0,-0.3864222,0,0.922322;
custom,cuboid,castle1tex,0.7887392,0.7887392,0.7887392,1,0.9,0.9,0.9,0.5,-0.5,660.8066,58.58829,-224.9307,0,-0.3864222,0,0.922322;
custom,cuboid,castle1tex,0.7887392,0.7887392,0.7887392,1,0.9,0.9,0.9,0.5,-0.5,666.6721,84.92339,-179.7164,0,-0.3864222,0,0.922322;
custom,cuboid,castle1tex,0.7887392,0.7887392,0.7887392,1,0.9,0.9,0.9,0.5,-0.5,708.1312,105.9566,-179.8498,0,-0.3864222,0,0.922322;
custom,cuboid,castle1tex,0.7887392,0.7887392,0.7887392,1,0.9,0.9,0.9,0.5,-0.5,708.1312,27.03845,-224.5309,0,-0.9999911,0,-0.004232447;
custom,cuboid,castle1tex,0.7887392,0.7887392,0.7887392,1,0.9,0.9,0.9,0.5,-0.5,708.1312,48.07164,-224.5309,0,-0.3864222,0,0.922322;
custom,cuboid,castle1tex,0.7887392,0.7887392,0.7887392,1,0.9,0.9,0.9,0.5,-0.5,708.1312,84.92339,-179.8498,0,-0.9999911,0,-0.004232447;
custom,cuboid,castle1tex,0.7887392,0.7887392,0.7887392,1,0.9,0.9,0.9,0.5,-0.5,723.9049,27.03845,-224.3974,0,-0.3864222,0,0.922322;
custom,cuboid,castle1tex,0.7887392,0.7887392,0.7887392,1,0.9,0.9,0.9,0.5,-0.5,723.9049,84.92339,-179.7164,0,-0.3864222,0,0.922322;
custom,cuboid,castle1tex,0.7887392,0.7887392,0.7887392,1,0.9,0.9,0.9,0.5,-0.5,768.1101,27.03845,-224.6241,0,0.9239493,0,0.382515;
custom,cuboid,castle1tex,0.7887392,0.7887392,0.7887392,1,0.9,0.9,0.9,0.5,-0.5,768.1101,84.94529,-179.7066,0,0.9239493,0,0.382515;
custom,cuboid,castle1tex,0.7887392,0.7887392,0.7887392,1,0.9,0.9,0.9,0.5,-0.5,783.8848,105.9785,-179.7066,0,0.9239493,0,0.382515;
custom,cuboid,castle1tex,0.7887392,0.7887392,0.7887392,1,0.9,0.9,0.9,0.5,-0.5,783.8848,27.03845,-224.6241,0,0,0,1;
custom,cuboid,castle1tex,0.7887392,0.7887392,0.7887392,1,0.9,0.9,0.9,0.5,-0.5,783.8848,48.07164,-224.6241,0,0.9239493,0,0.382515;
custom,cuboid,castle1tex,0.7887392,0.7887392,0.7887392,1,0.9,0.9,0.9,0.5,-0.5,831.2092,116.4952,-179.7066,0,0.9239493,0,0.382515;
custom,cuboid,castle1tex,0.7887392,0.7887392,0.7887392,1,0.9,0.9,0.9,0.5,-0.5,831.2092,58.58829,-224.6241,0,0.9239493,0,0.382515;
custom,cuboid,castle1tex,0.7887392,0.7887392,1.84039,1,0.9,0.85,0.9,0.5,-0.5,775.9975,37.55499,-224.6241,0,0.7071068,0,0.7071068;
custom,cuboid,castle1tex,0.7887392,0.7887392,1.84039,1,0.9,0.85,0.9,0.5,-0.5,801.3232,95.46182,-179.7066,0,0.7071068,0,0.7071068;
custom,cuboid,castle1tex,0.7887392,0.7887392,1.84039,1,0.9,0.9,0.7,0.5,-0.5,700.03,63.89035,-179.7389,0,-0.7100934,0,0.7041075;
custom,cuboid,castle1tex,0.7887392,0.7887392,1.84039,1,0.9,0.9,0.7,0.5,-0.5,721.2758,6.005413,-224.4199,0,-0.7100934,0,0.7041075;
custom,cuboid,castle1tex,0.7887392,0.7887392,1.84039,1,0.9,0.9,0.7,0.5,-0.5,721.2758,69.1049,-224.4199,0,-0.7100934,0,0.7041075;
custom,cuboid,castle1tex,0.7887392,0.7887392,1.84039,1,0.9,0.9,0.7,0.5,-0.5,770.739,127.0118,-179.7066,0,0.7071068,0,0.7071068;
custom,cuboid,castle1tex,0.7887392,0.7887392,1.84039,1,0.9,0.9,0.7,0.5,-0.5,770.739,6.005413,-224.6241,0,0.7071068,0,0.7071068;
custom,cuboid,castle1tex,0.7887392,0.7887392,1.84039,1,0.9,0.9,0.7,0.5,-0.5,770.739,63.91225,-179.7066,0,0.7071068,0,0.7071068;
custom,cuboid,castle1tex,0.7887392,0.7887392,1.84039,1,0.9,0.9,0.7,0.5,-0.5,770.739,69.1049,-224.6241,0,0.7071068,0,0.7071068;
custom,cuboid,castle1tex,0.7887392,0.7887392,1.84039,1,0.9,0.9,0.9,0.5,-0.5,663.437,6.005413,-224.9085,0,-0.7100934,0,0.7041075;
custom,cuboid,castle1tex,0.7887392,0.7887392,1.84039,1,0.9,0.9,0.9,0.5,-0.5,663.437,63.89035,-180.2275,0,-0.7100934,0,0.7041075;
custom,cuboid,castle1tex,0.7887392,0.7887392,1.84039,1,0.9,0.9,0.9,0.5,-0.5,663.437,69.1049,-224.9085,0,-0.7100934,0,0.7041075;
custom,cuboid,castle1tex,0.7887392,0.7887392,1.84039,1,0.9,0.9,0.9,0.5,-0.5,685.1478,126.9898,-180.2275,0,-0.7100934,0,0.7041075;
custom,cuboid,castle1tex,0.7887392,0.7887392,1.84039,1,0.9,0.9,0.9,0.5,-0.5,828.5803,6.005413,-224.6241,0,0.7071068,0,0.7071068;
custom,cuboid,castle1tex,0.7887392,0.7887392,1.84039,1,0.9,0.9,0.9,0.5,-0.5,828.5803,63.91225,-179.7066,0,0.7071068,0,0.7071068;
custom,cuboid,castle1tex,0.7887392,0.7887392,1.84039,1,0.9,0.9,0.9,0.5,-0.5,828.5803,69.1049,-224.6241,0,0.7071068,0,0.7071068;
custom,cuboid,metal1,1.051652,0.02629129,7.887392,0,1,0.4,0.4,0.01,0.01,691.5592,102.0128,-179.9431,0,0.7071068,0,-0.7071068;
custom,cuboid,metal1,1.051652,0.02629129,7.887392,0,1,0.4,0.4,0.01,0.01,691.5592,44.12787,-224.6241,0,0.7071068,0,-0.7071068;
custom,cuboid,metal1,1.051652,0.02629129,7.887392,0,1,0.4,0.4,0.01,0.01,799.6597,102.0347,-179.7066,0,0.7071068,0,-0.7071068;
custom,cuboid,metal1,1.051652,0.02629129,7.887392,0,1,0.4,0.4,0.01,0.01,799.6597,44.12787,-224.6241,0,0.7071068,0,-0.7071068;
custom,cuboid,metal1,1.051652,0.02629129,7.887392,0,1,0.55,0.55,0.01,0.01,691.5592,112.5295,-179.9431,0,0.7071068,0,-0.7071068;
custom,cuboid,metal1,1.051652,0.02629129,7.887392,0,1,0.55,0.55,0.01,0.01,691.5592,33.61128,-224.6241,0,0.7071068,0,-0.7071068;
custom,cuboid,metal1,1.051652,0.02629129,7.887392,0,1,0.55,0.55,0.01,0.01,691.5592,54.64454,-224.6241,0,0.7071068,0,-0.7071068;
custom,cuboid,metal1,1.051652,0.02629129,7.887392,0,1,0.55,0.55,0.01,0.01,691.5592,91.49622,-179.9431,0,0.7071068,0,-0.7071068;
custom,cuboid,metal1,1.051652,0.02629129,7.887392,0,1,0.55,0.55,0.01,0.01,799.6597,112.5514,-179.7066,0,0.7071068,0,-0.7071068;
custom,cuboid,metal1,1.051652,0.02629129,7.887392,0,1,0.55,0.55,0.01,0.01,799.6597,33.61128,-224.6241,0,0.7071068,0,-0.7071068;
custom,cuboid,metal1,1.051652,0.02629129,7.887392,0,1,0.55,0.55,0.01,0.01,799.6597,54.64454,-224.6241,0,0.7071068,0,-0.7071068;
custom,cuboid,metal1,1.051652,0.02629129,7.887392,0,1,0.55,0.55,0.01,0.01,799.6597,91.51811,-179.7066,0,0.7071068,0,-0.7071068;
custom,cuboid,metal1,1.051652,0.02629129,7.887392,0,1,0.7,0.7,0.01,0.01,691.5592,123.046,-179.9431,0,0.7071068,0,-0.7071068;
custom,cuboid,metal1,1.051652,0.02629129,7.887392,0,1,0.7,0.7,0.01,0.01,691.5592,23.09478,-224.6241,0,0.7071068,0,-0.7071068;
custom,cuboid,metal1,1.051652,0.02629129,7.887392,0,1,0.7,0.7,0.01,0.01,691.5592,65.16112,-224.6241,0,0.7071068,0,-0.7071068;
custom,cuboid,metal1,1.051652,0.02629129,7.887392,0,1,0.7,0.7,0.01,0.01,691.5592,80.97971,-179.9431,0,0.7071068,0,-0.7071068;
custom,cuboid,metal1,1.051652,0.02629129,7.887392,0,1,0.7,0.7,0.01,0.01,799.6597,123.068,-179.7066,0,0.7071068,0,-0.7071068;
custom,cuboid,metal1,1.051652,0.02629129,7.887392,0,1,0.7,0.7,0.01,0.01,799.6597,23.09478,-224.6241,0,0.7071068,0,-0.7071068;
custom,cuboid,metal1,1.051652,0.02629129,7.887392,0,1,0.7,0.7,0.01,0.01,799.6597,65.16112,-224.6241,0,0.7071068,0,-0.7071068;
custom,cuboid,metal1,1.051652,0.02629129,7.887392,0,1,0.7,0.7,0.01,0.01,799.6597,81.00162,-179.7066,0,0.7071068,0,-0.7071068;
custom,cuboid,metal1,1.051652,0.02629129,7.887392,0,1,0.85,0.85,0.01,0.01,691.5592,12.57824,-224.6241,0,0.7071068,0,-0.7071068;
custom,cuboid,metal1,1.051652,0.02629129,7.887392,0,1,0.85,0.85,0.01,0.01,691.5592,133.5617,-179.9431,0,0.7071068,0,-0.7071068;
custom,cuboid,metal1,1.051652,0.02629129,7.887392,0,1,0.85,0.85,0.01,0.01,691.5592,70.46318,-179.9431,0,0.7071068,0,-0.7071068;
custom,cuboid,metal1,1.051652,0.02629129,7.887392,0,1,0.85,0.85,0.01,0.01,691.5592,75.67769,-224.6241,0,0.7071068,0,-0.7071068;
custom,cuboid,metal1,1.051652,0.02629129,7.887392,0,1,0.85,0.85,0.01,0.01,799.6597,12.57824,-224.6241,0,0.7071068,0,-0.7071068;
custom,cuboid,metal1,1.051652,0.02629129,7.887392,0,1,0.85,0.85,0.01,0.01,799.6597,133.5845,-179.7066,0,0.7071068,0,-0.7071068;
custom,cuboid,metal1,1.051652,0.02629129,7.887392,0,1,0.85,0.85,0.01,0.01,799.6597,70.48508,-179.7066,0,0.7071068,0,-0.7071068;
custom,cuboid,metal1,1.051652,0.02629129,7.887392,0,1,0.85,0.85,0.01,0.01,799.6597,75.67769,-224.6241,0,0.7071068,0,-0.7071068;

custom,cylinder,house9mat2,0.05258259,0.5258259,0.05258259,0,1,1,1,0.01,0.01,652.1223,102.0128,-179.9431,0.7071068,0,0,0.7071068;
custom,cylinder,house9mat2,0.05258259,0.5258259,0.05258259,0,1,1,1,0.01,0.01,652.1223,112.5295,-179.9431,0.7071068,0,0,0.7071068;
custom,cylinder,house9mat2,0.05258259,0.5258259,0.05258259,0,1,1,1,0.01,0.01,652.1223,12.57824,-224.6241,0.7071068,0,0,0.7071068;
custom,cylinder,house9mat2,0.05258259,0.5258259,0.05258259,0,1,1,1,0.01,0.01,652.1223,23.09478,-224.6241,0.7071068,0,0,0.7071068;
custom,cylinder,house9mat2,0.05258259,0.5258259,0.05258259,0,1,1,1,0.01,0.01,652.1223,33.61128,-224.6241,0.7071068,0,0,0.7071068;
custom,cylinder,house9mat2,0.05258259,0.5258259,0.05258259,0,1,1,1,0.01,0.01,652.1223,44.12787,-224.6241,0.7071068,0,0,0.7071068;
custom,cylinder,house9mat2,0.05258259,0.5258259,0.05258259,0,1,1,1,0.01,0.01,652.1223,54.64454,-224.6241,0.7071068,0,0,0.7071068;
custom,cylinder,house9mat2,0.05258259,0.5258259,0.05258259,0,1,1,1,0.01,0.01,652.1223,70.46318,-179.9431,0.7071068,0,0,0.7071068;
custom,cylinder,house9mat2,0.05258259,0.5258259,0.05258259,0,1,1,1,0.01,0.01,652.1223,80.97971,-179.9431,0.7071068,0,0,0.7071068;
custom,cylinder,house9mat2,0.05258259,0.5258259,0.05258259,0,1,1,1,0.01,0.01,652.1223,91.49622,-179.9431,0.7071068,0,0,0.7071068;
custom,cylinder,house9mat2,0.05258259,0.5258259,0.05258259,0,1,1,1,0.01,0.01,730.9962,102.0128,-179.9431,0.7071068,0,0,0.7071068;
custom,cylinder,house9mat2,0.05258259,0.5258259,0.05258259,0,1,1,1,0.01,0.01,730.9962,112.5295,-179.9431,0.7071068,0,0,0.7071068;
custom,cylinder,house9mat2,0.05258259,0.5258259,0.05258259,0,1,1,1,0.01,0.01,730.9962,12.57824,-224.6241,0.7071068,0,0,0.7071068;
custom,cylinder,house9mat2,0.05258259,0.5258259,0.05258259,0,1,1,1,0.01,0.01,730.9962,23.09478,-224.6241,0.7071068,0,0,0.7071068;
custom,cylinder,house9mat2,0.05258259,0.5258259,0.05258259,0,1,1,1,0.01,0.01,730.9962,33.61128,-224.6241,0.7071068,0,0,0.7071068;
custom,cylinder,house9mat2,0.05258259,0.5258259,0.05258259,0,1,1,1,0.01,0.01,730.9962,44.12787,-224.6241,0.7071068,0,0,0.7071068;
custom,cylinder,house9mat2,0.05258259,0.5258259,0.05258259,0,1,1,1,0.01,0.01,730.9962,54.64454,-224.6241,0.7071068,0,0,0.7071068;
custom,cylinder,house9mat2,0.05258259,0.5258259,0.05258259,0,1,1,1,0.01,0.01,730.9962,70.46318,-179.9431,0.7071068,0,0,0.7071068;
custom,cylinder,house9mat2,0.05258259,0.5258259,0.05258259,0,1,1,1,0.01,0.01,730.9962,80.97971,-179.9431,0.7071068,0,0,0.7071068;
custom,cylinder,house9mat2,0.05258259,0.5258259,0.05258259,0,1,1,1,0.01,0.01,730.9962,91.49622,-179.9431,0.7071068,0,0,0.7071068;
custom,cylinder,house9mat2,0.05258259,0.5258259,0.05258259,0,1,1,1,0.01,0.01,760.2227,102.0347,-179.7066,0.7071068,0,0,0.7071068;
custom,cylinder,house9mat2,0.05258259,0.5258259,0.05258259,0,1,1,1,0.01,0.01,760.2227,112.5514,-179.7066,0.7071068,0,0,0.7071068;
custom,cylinder,house9mat2,0.05258259,0.5258259,0.05258259,0,1,1,1,0.01,0.01,760.2227,12.57824,-224.6241,0.7071068,0,0,0.7071068;
custom,cylinder,house9mat2,0.05258259,0.5258259,0.05258259,0,1,1,1,0.01,0.01,760.2227,23.09478,-224.6241,0.7071068,0,0,0.7071068;
custom,cylinder,house9mat2,0.05258259,0.5258259,0.05258259,0,1,1,1,0.01,0.01,760.2227,33.61128,-224.6241,0.7071068,0,0,0.7071068;
custom,cylinder,house9mat2,0.05258259,0.5258259,0.05258259,0,1,1,1,0.01,0.01,760.2227,44.12787,-224.6241,0.7071068,0,0,0.7071068;
custom,cylinder,house9mat2,0.05258259,0.5258259,0.05258259,0,1,1,1,0.01,0.01,760.2227,54.64454,-224.6241,0.7071068,0,0,0.7071068;
custom,cylinder,house9mat2,0.05258259,0.5258259,0.05258259,0,1,1,1,0.01,0.01,760.2227,70.46318,-179.9431,0.7071068,0,0,0.7071068;
custom,cylinder,house9mat2,0.05258259,0.5258259,0.05258259,0,1,1,1,0.01,0.01,760.2227,70.48508,-179.7066,0.7071068,0,0,0.7071068;
custom,cylinder,house9mat2,0.05258259,0.5258259,0.05258259,0,1,1,1,0.01,0.01,760.2227,80.97971,-179.9431,0.7071068,0,0,0.7071068;
custom,cylinder,house9mat2,0.05258259,0.5258259,0.05258259,0,1,1,1,0.01,0.01,760.2227,81.00162,-179.7066,0.7071068,0,0,0.7071068;
custom,cylinder,house9mat2,0.05258259,0.5258259,0.05258259,0,1,1,1,0.01,0.01,760.2227,91.51811,-179.7066,0.7071068,0,0,0.7071068;
custom,cylinder,house9mat2,0.05258259,0.5258259,0.05258259,0,1,1,1,0.01,0.01,839.0966,102.0347,-179.7066,0.7071068,0,0,0.7071068;
custom,cylinder,house9mat2,0.05258259,0.5258259,0.05258259,0,1,1,1,0.01,0.01,839.0966,112.5514,-179.7066,0.7071068,0,0,0.7071068;
custom,cylinder,house9mat2,0.05258259,0.5258259,0.05258259,0,1,1,1,0.01,0.01,839.0966,12.57824,-224.6241,0.7071068,0,0,0.7071068;
custom,cylinder,house9mat2,0.05258259,0.5258259,0.05258259,0,1,1,1,0.01,0.01,839.0966,23.09478,-224.6241,0.7071068,0,0,0.7071068;
custom,cylinder,house9mat2,0.05258259,0.5258259,0.05258259,0,1,1,1,0.01,0.01,839.0966,33.61128,-224.6241,0.7071068,0,0,0.7071068;
custom,cylinder,house9mat2,0.05258259,0.5258259,0.05258259,0,1,1,1,0.01,0.01,839.0966,44.12787,-224.6241,0.7071068,0,0,0.7071068;
custom,cylinder,house9mat2,0.05258259,0.5258259,0.05258259,0,1,1,1,0.01,0.01,839.0966,54.64454,-224.6241,0.7071068,0,0,0.7071068;
custom,cylinder,house9mat2,0.05258259,0.5258259,0.05258259,0,1,1,1,0.01,0.01,839.0966,70.48508,-179.7066,0.7071068,0,0,0.7071068;
custom,cylinder,house9mat2,0.05258259,0.5258259,0.05258259,0,1,1,1,0.01,0.01,839.0966,81.00162,-179.7066,0.7071068,0,0,0.7071068;
custom,cylinder,house9mat2,0.05258259,0.5258259,0.05258259,0,1,1,1,0.01,0.01,839.0966,91.51811,-179.7066,0.7071068,0,0,0.7071068;
custom,cylinder,house9mat2,0.05258259,3.68078,0.05258259,0,1,1,1,0.01,0.01,652.1223,38.86952,-219.3659,0,0,0,1;
custom,cylinder,house9mat2,0.05258259,3.68078,0.05258259,0,1,1,1,0.01,0.01,652.1223,38.86952,-229.8824,0,0,0,1;
custom,cylinder,house9mat2,0.05258259,3.68078,0.05258259,0,1,1,1,0.01,0.01,652.1223,96.75446,-174.6848,0,0,0,1;
custom,cylinder,house9mat2,0.05258259,3.68078,0.05258259,0,1,1,1,0.01,0.01,652.1223,96.75446,-185.2014,0,0,0,1;
custom,cylinder,house9mat2,0.05258259,3.68078,0.05258259,0,1,1,1,0.01,0.01,730.9962,38.86952,-219.3659,0,0,0,1;
custom,cylinder,house9mat2,0.05258259,3.68078,0.05258259,0,1,1,1,0.01,0.01,730.9962,38.86952,-229.8824,0,0,0,1;
custom,cylinder,house9mat2,0.05258259,3.68078,0.05258259,0,1,1,1,0.01,0.01,730.9962,96.75446,-174.6848,0,0,0,1;
custom,cylinder,house9mat2,0.05258259,3.68078,0.05258259,0,1,1,1,0.01,0.01,730.9962,96.75446,-185.2014,0,0,0,1;
custom,cylinder,house9mat2,0.05258259,3.68078,0.05258259,0,1,1,1,0.01,0.01,760.2227,38.86952,-219.3659,0,0,0,1;
custom,cylinder,house9mat2,0.05258259,3.68078,0.05258259,0,1,1,1,0.01,0.01,760.2227,38.86952,-229.8824,0,0,0,1;
custom,cylinder,house9mat2,0.05258259,3.68078,0.05258259,0,1,1,1,0.01,0.01,760.2227,96.77636,-174.4484,0,0,0,1;
custom,cylinder,house9mat2,0.05258259,3.68078,0.05258259,0,1,1,1,0.01,0.01,760.2227,96.77636,-184.9649,0,0,0,1;
custom,cylinder,house9mat2,0.05258259,3.68078,0.05258259,0,1,1,1,0.01,0.01,839.0966,38.86952,-219.3659,0,0,0,1;
custom,cylinder,house9mat2,0.05258259,3.68078,0.05258259,0,1,1,1,0.01,0.01,839.0966,38.86952,-229.8824,0,0,0,1;
custom,cylinder,house9mat2,0.05258259,3.68078,0.05258259,0,1,1,1,0.01,0.01,839.0966,96.77636,-174.4484,0,0,0,1;
custom,cylinder,house9mat2,0.05258259,3.68078,0.05258259,0,1,1,1,0.01,0.01,839.0966,96.77636,-184.9649,0,0,0,1;
custom,cylinder,house9mat2,0.05258259,3.943696,0.05258259,0,1,1,1,0.01,0.01,691.5592,102.0128,-174.6848,0.5,0.5,-0.5,0.5;
custom,cylinder,house9mat2,0.05258259,3.943696,0.05258259,0,1,1,1,0.01,0.01,691.5592,102.0128,-185.2014,0.5,0.5,-0.5,0.5;
custom,cylinder,house9mat2,0.05258259,3.943696,0.05258259,0,1,1,1,0.01,0.01,691.5592,112.5295,-174.6848,0.5,0.5,-0.5,0.5;
custom,cylinder,house9mat2,0.05258259,3.943696,0.05258259,0,1,1,1,0.01,0.01,691.5592,112.5295,-185.2014,0.5,0.5,-0.5,0.5;
custom,cylinder,house9mat2,0.05258259,3.943696,0.05258259,0,1,1,1,0.01,0.01,691.5592,12.57824,-219.3659,0.5,0.5,-0.5,0.5;
custom,cylinder,house9mat2,0.05258259,3.943696,0.05258259,0,1,1,1,0.01,0.01,691.5592,12.57824,-229.8824,0.5,0.5,-0.5,0.5;
custom,cylinder,house9mat2,0.05258259,3.943696,0.05258259,0,1,1,1,0.01,0.01,691.5592,123.046,-174.6848,0.5,0.5,-0.5,0.5;
custom,cylinder,house9mat2,0.05258259,3.943696,0.05258259,0,1,1,1,0.01,0.01,691.5592,123.046,-185.2014,0.5,0.5,-0.5,0.5;
custom,cylinder,house9mat2,0.05258259,3.943696,0.05258259,0,1,1,1,0.01,0.01,691.5592,133.5617,-174.6848,0.5,0.5,-0.5,0.5;
custom,cylinder,house9mat2,0.05258259,3.943696,0.05258259,0,1,1,1,0.01,0.01,691.5592,133.5617,-185.2014,0.5,0.5,-0.5,0.5;
custom,cylinder,house9mat2,0.05258259,3.943696,0.05258259,0,1,1,1,0.01,0.01,691.5592,23.09478,-219.3659,0.5,0.5,-0.5,0.5;
custom,cylinder,house9mat2,0.05258259,3.943696,0.05258259,0,1,1,1,0.01,0.01,691.5592,23.09478,-229.8824,0.5,0.5,-0.5,0.5;
custom,cylinder,house9mat2,0.05258259,3.943696,0.05258259,0,1,1,1,0.01,0.01,691.5592,33.61128,-219.3659,0.5,0.5,-0.5,0.5;
custom,cylinder,house9mat2,0.05258259,3.943696,0.05258259,0,1,1,1,0.01,0.01,691.5592,33.61128,-229.8824,0.5,0.5,-0.5,0.5;
custom,cylinder,house9mat2,0.05258259,3.943696,0.05258259,0,1,1,1,0.01,0.01,691.5592,44.12787,-219.3659,0.5,0.5,-0.5,0.5;
custom,cylinder,house9mat2,0.05258259,3.943696,0.05258259,0,1,1,1,0.01,0.01,691.5592,44.12787,-229.8824,0.5,0.5,-0.5,0.5;
custom,cylinder,house9mat2,0.05258259,3.943696,0.05258259,0,1,1,1,0.01,0.01,691.5592,54.64454,-219.3659,0.5,0.5,-0.5,0.5;
custom,cylinder,house9mat2,0.05258259,3.943696,0.05258259,0,1,1,1,0.01,0.01,691.5592,54.64454,-229.8824,0.5,0.5,-0.5,0.5;
custom,cylinder,house9mat2,0.05258259,3.943696,0.05258259,0,1,1,1,0.01,0.01,691.5592,65.16112,-219.3659,0.5,0.5,-0.5,0.5;
custom,cylinder,house9mat2,0.05258259,3.943696,0.05258259,0,1,1,1,0.01,0.01,691.5592,65.16112,-229.8824,0.5,0.5,-0.5,0.5;
custom,cylinder,house9mat2,0.05258259,3.943696,0.05258259,0,1,1,1,0.01,0.01,691.5592,70.46318,-174.6848,0.5,0.5,-0.5,0.5;
custom,cylinder,house9mat2,0.05258259,3.943696,0.05258259,0,1,1,1,0.01,0.01,691.5592,70.46318,-185.2014,0.5,0.5,-0.5,0.5;
custom,cylinder,house9mat2,0.05258259,3.943696,0.05258259,0,1,1,1,0.01,0.01,691.5592,75.67769,-219.3659,0.5,0.5,-0.5,0.5;
custom,cylinder,house9mat2,0.05258259,3.943696,0.05258259,0,1,1,1,0.01,0.01,691.5592,75.67769,-229.8824,0.5,0.5,-0.5,0.5;
custom,cylinder,house9mat2,0.05258259,3.943696,0.05258259,0,1,1,1,0.01,0.01,691.5592,80.97971,-174.6848,0.5,0.5,-0.5,0.5;
custom,cylinder,house9mat2,0.05258259,3.943696,0.05258259,0,1,1,1,0.01,0.01,691.5592,80.97971,-185.2014,0.5,0.5,-0.5,0.5;
custom,cylinder,house9mat2,0.05258259,3.943696,0.05258259,0,1,1,1,0.01,0.01,691.5592,91.49622,-174.6848,0.5,0.5,-0.5,0.5;
custom,cylinder,house9mat2,0.05258259,3.943696,0.05258259,0,1,1,1,0.01,0.01,691.5592,91.49622,-185.2014,0.5,0.5,-0.5,0.5;
custom,cylinder,house9mat2,0.05258259,3.943696,0.05258259,0,1,1,1,0.01,0.01,799.6597,102.0347,-174.4484,0.5,0.5,-0.5,0.5;
custom,cylinder,house9mat2,0.05258259,3.943696,0.05258259,0,1,1,1,0.01,0.01,799.6597,102.0347,-184.9649,0.5,0.5,-0.5,0.5;
custom,cylinder,house9mat2,0.05258259,3.943696,0.05258259,0,1,1,1,0.01,0.01,799.6597,112.5514,-174.4484,0.5,0.5,-0.5,0.5;
custom,cylinder,house9mat2,0.05258259,3.943696,0.05258259,0,1,1,1,0.01,0.01,799.6597,112.5514,-184.9649,0.5,0.5,-0.5,0.5;
custom,cylinder,house9mat2,0.05258259,3.943696,0.05258259,0,1,1,1,0.01,0.01,799.6597,12.57824,-219.3659,0.5,0.5,-0.5,0.5;
custom,cylinder,house9mat2,0.05258259,3.943696,0.05258259,0,1,1,1,0.01,0.01,799.6597,12.57824,-229.8824,0.5,0.5,-0.5,0.5;
custom,cylinder,house9mat2,0.05258259,3.943696,0.05258259,0,1,1,1,0.01,0.01,799.6597,123.068,-174.4484,0.5,0.5,-0.5,0.5;
custom,cylinder,house9mat2,0.05258259,3.943696,0.05258259,0,1,1,1,0.01,0.01,799.6597,123.068,-184.9649,0.5,0.5,-0.5,0.5;
custom,cylinder,house9mat2,0.05258259,3.943696,0.05258259,0,1,1,1,0.01,0.01,799.6597,133.5845,-174.4484,0.5,0.5,-0.5,0.5;
custom,cylinder,house9mat2,0.05258259,3.943696,0.05258259,0,1,1,1,0.01,0.01,799.6597,133.5845,-184.9649,0.5,0.5,-0.5,0.5;
custom,cylinder,house9mat2,0.05258259,3.943696,0.05258259,0,1,1,1,0.01,0.01,799.6597,23.09478,-219.3659,0.5,0.5,-0.5,0.5;
custom,cylinder,house9mat2,0.05258259,3.943696,0.05258259,0,1,1,1,0.01,0.01,799.6597,23.09478,-229.8824,0.5,0.5,-0.5,0.5;
custom,cylinder,house9mat2,0.05258259,3.943696,0.05258259,0,1,1,1,0.01,0.01,799.6597,33.61128,-219.3659,0.5,0.5,-0.5,0.5;
custom,cylinder,house9mat2,0.05258259,3.943696,0.05258259,0,1,1,1,0.01,0.01,799.6597,33.61128,-229.8824,0.5,0.5,-0.5,0.5;
custom,cylinder,house9mat2,0.05258259,3.943696,0.05258259,0,1,1,1,0.01,0.01,799.6597,44.12787,-219.3659,0.5,0.5,-0.5,0.5;
custom,cylinder,house9mat2,0.05258259,3.943696,0.05258259,0,1,1,1,0.01,0.01,799.6597,44.12787,-229.8824,0.5,0.5,-0.5,0.5;
custom,cylinder,house9mat2,0.05258259,3.943696,0.05258259,0,1,1,1,0.01,0.01,799.6597,54.64454,-219.3659,0.5,0.5,-0.5,0.5;
custom,cylinder,house9mat2,0.05258259,3.943696,0.05258259,0,1,1,1,0.01,0.01,799.6597,54.64454,-229.8824,0.5,0.5,-0.5,0.5;
custom,cylinder,house9mat2,0.05258259,3.943696,0.05258259,0,1,1,1,0.01,0.01,799.6597,65.16112,-219.3659,0.5,0.5,-0.5,0.5;
custom,cylinder,house9mat2,0.05258259,3.943696,0.05258259,0,1,1,1,0.01,0.01,799.6597,65.16112,-229.8824,0.5,0.5,-0.5,0.5;
custom,cylinder,house9mat2,0.05258259,3.943696,0.05258259,0,1,1,1,0.01,0.01,799.6597,70.48508,-174.4484,0.5,0.5,-0.5,0.5;
custom,cylinder,house9mat2,0.05258259,3.943696,0.05258259,0,1,1,1,0.01,0.01,799.6597,70.48508,-184.9649,0.5,0.5,-0.5,0.5;
custom,cylinder,house9mat2,0.05258259,3.943696,0.05258259,0,1,1,1,0.01,0.01,799.6597,75.67769,-219.3659,0.5,0.5,-0.5,0.5;
custom,cylinder,house9mat2,0.05258259,3.943696,0.05258259,0,1,1,1,0.01,0.01,799.6597,75.67769,-229.8824,0.5,0.5,-0.5,0.5;
custom,cylinder,house9mat2,0.05258259,3.943696,0.05258259,0,1,1,1,0.01,0.01,799.6597,81.00162,-174.4484,0.5,0.5,-0.5,0.5;
custom,cylinder,house9mat2,0.05258259,3.943696,0.05258259,0,1,1,1,0.01,0.01,799.6597,81.00162,-184.9649,0.5,0.5,-0.5,0.5;
custom,cylinder,house9mat2,0.05258259,3.943696,0.05258259,0,1,1,1,0.01,0.01,799.6597,91.51811,-174.4484,0.5,0.5,-0.5,0.5;
custom,cylinder,house9mat2,0.05258259,3.943696,0.05258259,0,1,1,1,0.01,0.01,799.6597,91.51811,-184.9649,0.5,0.5,-0.5,0.5;


custom,cuboid,castle1tex,10,6,1,0,1,1,1,-0.5,0.1,800,30,-175,0,0,0,0;
custom,cuboid,castle1tex,10,6,1,0,1,1,1,-0.5,0.1,700,30,-175,0,0,0,0;

custom,cuboid,castle1tex,10.1,5.9,1.1,0,1,1,1,-0.5,0.5,800,30,-175,0,0,0,0;
custom,cuboid,castle1tex,10.1,5.9,1.1,0,1,1,1,-0.5,0.5,700,30,-175,0,0,0,0;

custom,cuboid,house9mat2,10,6,1,0,1,1,1,1.0,0.6,500,30,-200,0,0,0,0;
custom,cuboid,house9mat2,69,6,1,0,1,1,1,6.9,0.6,550,30,-545,0,1,0,1;

custom,cuboid,house9mat2,20,6,1,0,1,1,1,2.0,0.6,550,30,-100,0,1,0,1;

custom,cuboid,brick1,2,7,2,0,1,1,1,0.2,0.7,550,35,0,0,0,0,0;
custom,cuboid,brick1,2,7,2,0,1,1,1,0.2,0.7,450,35,0,0,0,0,0;

custom,cuboid,house9mat2,1,3,1,0,1,1,1,0.1,0.3,860,75,-535,0,0,0,0;
custom,cuboid,house9mat2,1,6,1,0,1,1,1,0.1,0.6,860,85,-500,1,0,0,1;
custom,cuboid,house9mat2,1,3,1,0,1,1,1,0.1,0.3,860,95,-465,0,0,0,0;
custom,cuboid,house9mat2,1,6,1,0,1,1,1,0.1,0.6,860,105,-430,1,0,0,1;
custom,cuboid,house9mat2,1,3,1,0,1,1,1,0.1,0.3,860,115,-395,0,0,0,0;
custom,cuboid,house9mat2,1,6,1,0,1,1,1,0.1,0.6,860,125,-360,1,0,0,1;
custom,cuboid,house9mat2,1,3,1,0,1,1,1,0.1,0.3,860,135,-325,0,0,0,0;
custom,cuboid,house9mat2,1,15,1,0,1,1,1,0.1,1.5,860,145,-245,1,0,0,1;

custom,cuboid,house9mat2,1,3,1,0,1,1,1,0.1,0.3,640,75,-535,0,0,0,0;
custom,cuboid,house9mat2,1,6,1,0,1,1,1,0.1,0.6,640,85,-500,1,0,0,1;
custom,cuboid,house9mat2,1,3,1,0,1,1,1,0.1,0.3,640,95,-465,0,0,0,0;
custom,cuboid,house9mat2,1,6,1,0,1,1,1,0.1,0.6,640,105,-430,1,0,0,1;
custom,cuboid,house9mat2,1,3,1,0,1,1,1,0.1,0.3,640,115,-395,0,0,0,0;
custom,cuboid,house9mat2,1,6,1,0,1,1,1,0.1,0.6,640,125,-360,1,0,0,1;
custom,cuboid,house9mat2,1,3,1,0,1,1,1,0.1,0.3,640,135,-325,0,0,0,0;
custom,cuboid,house9mat2,1,15,1,0,1,1,1,0.1,1.5,640,145,-245,1,0,0,1;
custom,cuboid,house9mat2,1,21,1,0,1,1,1,0.1,2.1,750,145,-175,0,0,1,1;

custom,cuboid,house9mat2,1.5,14,1,0,1,1,1,0.15,1.4,857.5,70,-175,0,0,0,0;
custom,cuboid,house9mat2,1.5,14,1,0,1,1,1,0.15,1.4,642.5,70,-175,0,0,0,0;







custom,cuboid,house9mat2,30,6,1,0,1,1,1,3.0,0.6,700,30,0,0,0,0,0;

custom,cuboid,house9mat2,6,14,1.5,0,1,1,1,0.6,1.4,857.5,70,-20,0,1,0,1;
custom,cuboid,house9mat2,6,14,1.5,0,1,1,1,0.6,1.4,857.5,70,-140,0,1,0,1;

custom,cuboid,house9mat2,6,8,1.5,0,1,1,1,0.6,0.8,857.5,100,-80,0,1,0,1;

custom,tube,house9mat2,5,2.8,5,0,1,1,1,0.5,0.5,857.5,30,-80,0,0,1,1;
custom,tube,house9mat2,6,2.6,6,0,1,1,1,0.6,0.6,857.5,30,-80,0,0,1,1;
custom,tube,house9mat2,7,2.4,7,0,1,1,1,0.7,0.7,857.5,30,-80,0,0,1,1;
custom,tube,house9mat2,8,2.2,8,0,1,1,1,0.8,0.8,857.5,30,-80,0,0,1,1;


custom,cuboid,house9mat2,6,8,1.1,0,1,1,1,0.6,0.8,500,100,250,0,0,0,0;
custom,cuboid,house9mat2,5,14,1.1,0,1,1,1,0.5,1.4,555,70,250,0,0,0,0;
custom,cuboid,house9mat2,5,14,1.1,0,1,1,1,0.5,1.4,445,70,250,0,0,0,0;

custom,tube,house9mat2,5,2.8,5,0,1,1,1,0.5,0.5,500,30,250,1,0,0,1;
custom,tube,house9mat2,6,2.6,6,0,1,1,1,0.6,0.6,500,30,250,1,0,0,1;
custom,tube,house9mat2,7,2.4,7,0,1,1,1,0.7,0.7,500,30,250,1,0,0,1;
custom,tube,house9mat2,8,2.2,8,0,1,1,1,0.8,0.8,500,30,250,1,0,0,1;

custom,cuboid,house9mat2,5,6,24,0,1,1,1,2.4,0.6,405,30,125,0,0,0,0;
custom,cuboid,house9mat2,1,6,24,0,1,1,1,2.4,0.6,575,30,125,0,0,0,0;

custom,cuboid,house9mat2,24,24,24,0,1,1,1,2.4,2.4,700,120,125,0,0,0,0;


custom,cuboid,house9mat2,3,24,1,0,1,1,1,0.3,2.4,835,120,10,0,0,0,0;

custom,cuboid,house9mat2,40,1,6,0,1,1,1,4.0,0.6,1060,65,-80,0,0,0,0;
custom,cuboid,house9mat2,47.5,6,1,0,1,1,1,4.75,0.6,1097.5,30,-115,0,0,0,0;
custom,cuboid,house9mat2,40,6,1,0,1,1,1,4.0,0.6,1060,30,-45,0,0,0,0;
custom,cuboid,house9mat2,47.5,1,6,0,1,1,1,4.75,0.6,1097.5,54.8219606,-104.5719606,-0.3826834,0,0,0.9238795;
custom,cuboid,house9mat2,47.5,6,1,0,1,1,1,4.75,0.6,1097.5,5.324486,-104.5719606,-0.3826834,0,0,0.9238795;
custom,cuboid,house9mat2,40,6,1,0,1,1,1,4,0.6,1060,54.8219606,-55.074486,-0.3826834,0,0,0.9238795;
custom,cuboid,house9mat2,40,1,6,0,1,1,1,4,0.6,1060,5.6780394,-55.4280394,-0.3826834,0,0,0.9238795;

custom,cuboid,house9mat2,1,6,80,0,1,1,1,8.0,0.6,1265,30,360,0,0,0,0;
custom,cuboid,house9mat2,1,6,95,0,1,1,1,9.5,0.6,1335,30,360,0,0,0,0;
custom,cuboid,house9mat2,6,1,80,0,1,1,1,0.6,8.0,1300,65,360,0,0,0,0;
custom,cuboid,house9mat2,1,6,80,0,1,1,1,8,0.6,1275.074486,54.8219606,360,0,0,-0.3826834,0.9238795;
custom,cuboid,house9mat2,1,6,95,0,1,1,1,9.5,0.6,1324.5719606,5.324486,360,0,0,-0.3826834,0.9238795;
custom,cuboid,house9mat2,6,1,95,0,1,1,1,0.6,9.5,1324.5719606,54.8219606,360,0,0,-0.3826834,0.9238795;
custom,cuboid,house9mat2,6,1,80,0,1,1,1,0.6,8,1275.4280394,5.6780394,360,0,0,-0.3826834,0.9238795;


custom,cuboid,house9mat2,72,6,1,0,1,1,1,7.2,0.6,900,30,765,0,0,0,0;
custom,cuboid,house9mat2,87,6,1,0,1,1,1,8.7,0.6,900,30,835,0,0,0,0;
custom,cuboid,house9mat2,72,1,6,0,1,1,1,7.2,0.6,900,65,800,0,0,0,0;
custom,cuboid,house9mat2,72,6,1,0,1,1,1,7.2,0.6,900,5.324486,775.4280394,-0.3826834,0,0,0.9238795;
custom,cuboid,house9mat2,72,1,6,0,1,1,1,7.2,0.6,900,54.8219606,775.4280394,-0.3826834,0,0,0.9238795;
custom,cuboid,house9mat2,87,6,1,0,1,1,1,8.7,0.6,900,54.8219606,824.925514,-0.3826834,0,0,0.9238795;
custom,cuboid,house9mat2,87,1,6,0,1,1,1,8.7,0.6,900,5.6780394,824.5719606,-0.3826834,0,0,0.9238795;


custom,cuboid,house9mat2,1,6,51,0,1,1,1,5.1,0.6,535,30,505,0,0,0,0;
custom,cuboid,house9mat2,1,6,58.5,0,1,1,1,5.85,0.6,465,30,542.5,0,0,0,0;
custom,cuboid,house9mat2,6,1,51,0,1,1,1,0.6,5.1,500,65,505,0,0,0,0;
custom,cuboid,house9mat2,1,6,51,0,1,1,1,5.1,0.6,524.5719606,5.324486,505,0,0,-0.3826834,0.9238795;
custom,cuboid,house9mat2,6,1,51,0,1,1,1,0.6,5.1,524.5719606,54.8219606,505,0,0,-0.3826834,0.9238795;
custom,cuboid,house9mat2,1,6,58.5,0,1,1,1,5.85,0.6,475.074486,54.8219606,542.5,0,0,-0.3826834,0.9238795;
custom,cuboid,house9mat2,6,1,58.5,0,1,1,1,0.6,5.85,475.4280394,5.6780394,542.5,0,0,-0.3826834,0.9238795;

custom,cuboid,brick1,2,7,2,0,1,1,1,0.2,0.7,1265,35,-45,0,0,0,0;
custom,cuboid,brick1,4.5,1.5,4.5,0,1,1,1,0.45,0.15,1265,7.5,-45,0,0,0,0;
custom,cuboid,brick1,4.5,1.5,4.5,0,1,1,1,0.45,0.15,1265,52.5,-45,0,0,0,0;
custom,cuboid,brick1,4.4,1.6,4.4,0,1,1,1,0.44,0.44,1265,7.5,-45,0,0,0,0;
custom,cuboid,brick1,4.4,1.6,4.4,0,1,1,1,0.44,0.44,1265,52.5,-45,0,0,0,0;

custom,cuboid,brick1,2,7,2,0,1,1,1,0.2,0.7,1265,35,765,0,0,0,0;
custom,cuboid,brick1,4.5,1.5,4.5,0,1,1,1,0.45,0.15,1265,7.5,765,0,0,0,0;
custom,cuboid,brick1,4.5,1.5,4.5,0,1,1,1,0.45,0.15,1265,52.5,765,0,0,0,0;
custom,cuboid,brick1,4.4,1.6,4.4,0,1,1,1,0.44,0.44,1265,7.5,765,0,0,0,0;
custom,cuboid,brick1,4.4,1.6,4.4,0,1,1,1,0.44,0.44,1265,52.5,765,0,0,0,0;

custom,cuboid,brick1,2,7,2,0,1,1,1,0.2,0.7,535,35,765,0,0,0,0;
custom,cuboid,brick1,4.5,1.5,4.5,0,1,1,1,0.45,0.15,535,7.5,765,0,0,0,0;
custom,cuboid,brick1,4.5,1.5,4.5,0,1,1,1,0.45,0.15,535,52.5,765,0,0,0,0;
custom,cuboid,brick1,4.4,1.6,4.4,0,1,1,1,0.44,0.44,535,7.5,765,0,0,0,0;
custom,cuboid,brick1,4.4,1.6,4.4,0,1,1,1,0.44,0.44,535,52.5,765,0,0,0,0;

custom,cuboid,house9mat2,6,1,6,0,1,1,1,0.6,0.6,1290,65,-70,0,0,0,0;
custom,cuboid,house9mat2,6,1,6,0,1,1,1,0.6,0.6,1290,65,790,0,0,0,0;
custom,cuboid,house9mat2,6,1,6,0,1,1,1,0.6,0.6,510,65,790,0,0,0,0;

custom,cuboid,brick1,2,7,2,0,1,1,1,0.2,0.7,450,35,-100,0,0,0,1;
custom,cuboid,brick1,2,7,2,0,1,1,1,0.2,0.7,350,35,-100,0,0,0,1;
custom,cuboid,brick1,2,7,2,0,1,1,1,0.2,0.7,250,35,-100,0,0,0,1;
custom,cuboid,brick1,2,7,2,0,1,1,1,0.2,0.7,150,35,-100,0,0,0,1;
custom,cuboid,brick1,2,7,2,0,1,1,1,0.2,0.7,150,35,-200,0,0,0,1;
custom,cuboid,brick1,2,7,2,0,1,1,1,0.2,0.7,350,35,-300,0,0,0,1;
custom,cuboid,brick1,2,7,2,0,1,1,1,0.2,0.7,350,35,-500,0,0,0,1;
custom,cuboid,brick1,2,7,2,0,1,1,1,0.2,0.7,450,35,-600,0,0,0,1;
custom,cuboid,brick1,2,7,2,0,1,1,1,0.2,0.7,250,35,-400,0,0,0,1;
custom,cuboid,brick1,2,7,2,0,1,1,1,0.2,0.7,-150,35,-500,0,0,0,1;
custom,cuboid,brick1,2,7,2,0,1,1,1,0.2,0.7,-150,35,-600,0,0,0,1;
custom,cuboid,brick1,2,7,2,0,1,1,1,0.2,0.7,-150,35,-100,0,0,0,1;
custom,cuboid,brick1,2,7,2,0,1,1,1,0.2,0.7,-450,35,-100,0,0,0,1;
custom,cuboid,brick1,2,7,2,0,1,1,1,0.2,0.7,-550,35,0,0,0,0,1;
custom,cuboid,brick1,2,7,2,0,1,1,1,0.2,0.7,-450,35,-300,0,0,0,1;
custom,cuboid,brick1,2,7,2,0,1,1,1,0.2,0.7,-450,35,-500,0,0,0,1;
custom,cuboid,brick1,2,7,2,0,1,1,1,0.2,0.7,-500,35,-500,0,0,0,1;
custom,cuboid,brick1,2,7,2,0,1,1,1,0.2,0.7,-500,35,-300,0,0,0,1;
custom,cuboid,brick1,2,7,2,0,1,1,1,0.2,0.7,-450,35,-900,0,0,0,1;
custom,cuboid,brick1,2,7,2,0,1,1,1,0.2,0.7,640,35,-690,0,0,0,1;
custom,cuboid,brick1,2,7,2,0,1,1,1,0.2,0.7,450,35,-200,0,0,0,1;

custom,leaf0,default,1.5,1,1,1,1,0.75,0.75,1,1,557.0438,27.45443,-1041.206,0,0,0.7071068,0.7071068;
custom,leaf0,default,1,1,1,1,1,0.75,0.75,1,1,557.0438,37.45443,-1021.206,0,0,0.7071068,0.7071068;
custom,leaf0,default,1.5,1,1,1,1,0.75,0.75,1,1,557.0438,27.45443,-1081.206,0,0,0.7071068,0.7071068;
custom,leaf0,default,1,1,1,1,1,0.75,0.75,1,1,557.0438,37.45443,-1061.206,0,0,0.7071068,0.7071068;
custom,leaf0,default,1.5,1,1,1,1,0.75,0.75,1,1,557.0438,27.45443,-1121.206,0,0,0.7071068,0.7071068;
custom,leaf0,default,1,1,1,1,1,0.75,0.75,1,1,557.0438,37.45443,-1101.206,0,0,0.7071068,0.7071068;
custom,leaf0,default,1,1,1,1,1,0.75,0.75,1,1,557.0438,37.45443,-1141.206,0,0,0.7071068,0.7071068;
custom,leaf0,default,1.5,-1,1,1,1,0.75,0.75,1,1,557.0438,27.45443,-1041.206,0,0,0.7071068,0.7071068;
custom,leaf0,default,1,-1,1,1,1,0.75,0.75,1,1,557.0438,37.45443,-1021.206,0,0,0.7071068,0.7071068;
custom,leaf0,default,1.5,-1,1,1,1,0.75,0.75,1,1,557.0438,27.45443,-1081.206,0,0,0.7071068,0.7071068;
custom,leaf0,default,1,-1,1,1,1,0.75,0.75,1,1,557.0438,37.45443,-1061.206,0,0,0.7071068,0.7071068;
custom,leaf0,default,1.5,-1,1,1,1,0.75,0.75,1,1,557.0438,27.45443,-1121.206,0,0,0.7071068,0.7071068;
custom,leaf0,default,1,-1,1,1,1,0.75,0.75,1,1,557.0438,37.45443,-1101.206,0,0,0.7071068,0.7071068;
custom,leaf0,default,1,-1,1,1,1,0.75,0.75,1,1,557.0438,37.45443,-1141.206,0,0,0.7071068,0.7071068;
custom,leaf0,default,1.5,1,1,1,1,0.75,0.75,1,1,557.0438,27.45443,-1162.613,0,0,0.7071068,0.7071068;
custom,leaf0,default,1,1,1,1,1,0.75,0.75,1,1,557.0438,37.45443,-1142.613,0,0,0.7071068,0.7071068;
custom,leaf0,default,1,1,1,1,1,0.75,0.75,1,1,557.0438,37.45443,-1182.613,0,0,0.7071068,0.7071068;
custom,leaf0,default,1.5,-1,1,1,1,0.75,0.75,1,1,557.0438,27.45443,-1162.613,0,0,0.7071068,0.7071068;
custom,leaf0,default,1,-1,1,1,1,0.75,0.75,1,1,557.0438,37.45443,-1142.613,0,0,0.7071068,0.7071068;
custom,leaf0,default,1,-1,1,1,1,0.75,0.75,1,1,557.0438,37.45443,-1182.613,0,0,0.7071068,0.7071068;

custom,cuboid,house9mat2,5,6,5,0,1,1,1,0.5,0.6,-520,30,-1030,0,0,0,0;
custom,cuboid,house9mat2,5,6,5,0,1,1,1,0.5,0.6,-520,30,-1175,0,0,0,0;
custom,cylinder,house9mat2,5,3,5,0,1,1,1,0.5,0.6,-520,30,-1055,0,0,0,0;
custom,cylinder,house9mat2,5,3,5,0,1,1,1,0.5,0.6,-520,30,-1150,0,0,0,0;

custom,cuboid,house9mat2,5,6,5,0,1,1,1,0.5,0.6,-320,30,-1030,0,0,0,0;
custom,cuboid,house9mat2,5,6,5,0,1,1,1,0.5,0.6,-320,30,-1175,0,0,0,0;
custom,cylinder,house9mat2,5,3,5,0,1,1,1,0.5,0.6,-320,30,-1055,0,0,0,0;
custom,cylinder,house9mat2,5,3,5,0,1,1,1,0.5,0.6,-320,30,-1150,0,0,0,0;

custom,cuboid,house9mat2,5,6,5,0,1,1,1,0.5,0.6,-120,30,-1030,0,0,0,0;
custom,cuboid,house9mat2,5,6,5,0,1,1,1,0.5,0.6,-120,30,-1175,0,0,0,0;
custom,cylinder,house9mat2,5,3,5,0,1,1,1,0.5,0.6,-120,30,-1055,0,0,0,0;
custom,cylinder,house9mat2,5,3,5,0,1,1,1,0.5,0.6,-120,30,-1150,0,0,0,0;

custom,cuboid,house9mat2,5,6,5,0,1,1,1,0.5,0.6,120,30,-1030,0,0,0,0;
custom,cuboid,house9mat2,5,6,5,0,1,1,1,0.5,0.6,120,30,-1175,0,0,0,0;
custom,cylinder,house9mat2,5,3,5,0,1,1,1,0.5,0.6,120,30,-1055,0,0,0,0;
custom,cylinder,house9mat2,5,3,5,0,1,1,1,0.5,0.6,120,30,-1150,0,0,0,0;

custom,cuboid,house9mat2,5,6,5,0,1,1,1,0.5,0.6,320,30,-1030,0,0,0,0;
custom,cuboid,house9mat2,5,6,5,0,1,1,1,0.5,0.6,320,30,-1175,0,0,0,0;
custom,cylinder,house9mat2,5,3,5,0,1,1,1,0.5,0.6,320,30,-1055,0,0,0,0;
custom,cylinder,house9mat2,5,3,5,0,1,1,1,0.5,0.6,320,30,-1150,0,0,0,0;

custom,cuboid,house9mat2,5,6,5,0,1,1,1,0.5,0.6,520,30,-1030,0,0,0,0;
custom,cuboid,house9mat2,5,6,5,0,1,1,1,0.5,0.6,520,30,-1175,0,0,0,0;
custom,cylinder,house9mat2,5,3,5,0,1,1,1,0.5,0.6,520,30,-1055,0,0,0,0;
custom,cylinder,house9mat2,5,3,5,0,1,1,1,0.5,0.6,520,30,-1150,0,0,0,0;


custom,cuboid,house9mat2,105,2,1,0,1,1,1,10.5,0.2,0,10,-1050,0,0,0,0;
custom,cuboid,house9mat2,105,2,1,0,1,1,1,10.5,0.2,0,50,-1050,0,0,0,0;
custom,cylinder,house9mat2,1,52.5,1,0,1,1,1,0.2,10.5,0,20,-1050,0,0,1,1;
custom,cylinder,house9mat2,1,52.5,1,0,1,1,1,0.2,10.5,0,40,-1050,0,0,1,1;

custom,cuboid,house9mat2,105,2,1,0,1,1,1,10.5,0.2,0,10,-1155,0,0,0,0;
custom,cuboid,house9mat2,105,2,1,0,1,1,1,10.5,0.2,0,50,-1155,0,0,0,0;
custom,cylinder,house9mat2,1,52.5,1,0,1,1,1,0.2,10.5,0,20,-1155,0,0,1,1;
custom,cylinder,house9mat2,1,52.5,1,0,1,1,1,0.2,10.5,0,40,-1155,0,0,1,1;


racing,startCuboid,1,6,19.5,-290,30,-1102.5,0,0,0,0;


custom,cuboid,house9mat2,5,2,9.5,0,1,1,1,0.95,0.2,-520,10,-1102.5,0,0,0,0;
custom,cuboid,house9mat2,4.9,2.1,9.4,0,1,1,1,0.5,0.94,-520,10,-1102.5,0,0,0,0;

spawnpoint,playerC,-540,22.5,-1102.5,0,0,0,0;
spawnpoint,playerM,-540,22.5,-1102.5,0,0,0,0;

custom,cuboid,house9mat2,20.3,1.3,10.3,0,1,1,1,2.0,1.0,655,-4.5,-945,0,0,0,0;





custom,cuboid,castle1tex,1.110034,1.110034,2.590074,1,0.9,0.9,0.9,0.5,-0.5,-187.3123,6.005405,-581.5905,0,-0.3734386,0,0.9276549;
custom,cuboid,castle1tex,1.199635,1.199635,1.199635,1,0.9,0.85,0.9,0.5,-0.5,-169.1975,6.459164,-596.0938,0,-0.9999911,0,-0.004232447;
custom,cuboid,castle1tex,0.7887392,0.7887392,0.7887392,1,0.9,0.85,0.9,0.5,-0.5,-186.0289,15.33305,-584.2198,0,-0.9999911,0,-0.004232447;
custom,cuboid,castle1tex,1.110034,1.110034,2.590074,1,0.9,0.9,0.9,0.5,-0.5,-167.3829,13.43993,-614.9193,0.6492889,-0.2667162,0.2613789,0.6625463;
custom,cuboid,castle1tex,1.829521,1.829521,4.268876,1,0.9,0.9,0.9,0.5,-0.5,-186.2954,21.50607,-627.3413,0.6941013,0.1045778,-0.1159655,0.7027368;
custom,cuboid,castle1tex,1.199635,1.199635,1.199635,1,0.9,0.85,0.9,0.5,-0.5,-166.9702,32.10514,-615.8571,0,-0.9999911,0,-0.004232447;
custom,cuboid,castle1tex,1.199635,1.199635,1.199635,1,0.9,0.85,0.9,0.5,-0.5,-176.5603,18.44061,-593.2285,0.0181663,-0.9760843,-0.08998172,-0.1970605;
custom,cuboid,castle1tex,0.7887392,0.7887392,0.7887392,1,0.9,0.85,0.9,0.5,-0.5,-262.5439,15.33305,-543.2772,0,-0.8136119,0,0.5814084;
custom,cuboid,castle1tex,1.110034,1.110034,2.590074,1,0.9,0.9,0.9,0.5,-0.5,-261.3575,6.005405,-555.5189,0,0.2396225,0,0.9708661;
custom,cuboid,castle1tex,1.069987,1.069987,1.069987,1,0.9,0.85,0.9,0.5,-0.5,-265.4895,6.167356,-534.9108,0,-0.9981425,0,-0.0609234;
custom,cuboid,castle1tex,1.110034,1.110034,2.590074,1,0.9,0.9,0.9,0.5,-0.5,-260.6978,6.005405,-800.3139,0,0.1128542,0,0.9936116;
custom,cuboid,castle1tex,1.199635,1.199635,1.199635,1,0.9,0.85,0.9,0.5,-0.5,-264.5528,18.44061,-815.682,-0.02682935,-0.9522986,-0.08778896,0.291034;
custom,cuboid,castle1tex,1.199635,1.199635,1.199635,1,0.9,0.85,0.9,0.5,-0.5,-262.9208,6.459164,-823.4123,0,-0.8815899,0,0.4720161;
custom,cuboid,castle1tex,1.829521,1.829521,4.268876,1,0.9,0.9,0.9,0.5,-0.5,-260.5881,21.50607,-163.1204,0.6941013,0.1045778,-0.1159655,0.7027368;
custom,cuboid,castle1tex,1.829521,1.829521,4.268876,1,0.9,0.9,0.9,0.5,-0.5,-268.7332,29.06122,-130.5973,0.9242158,-0.002808939,-0.01191634,0.3816743;
custom,cuboid,castle1tex,1.199635,1.199635,1.199635,1,0.9,0.85,0.9,0.5,-0.5,-267.0313,38.88677,-145.0826,0.000874189,-0.9933056,0.1135197,-0.02136908;
custom,cuboid,castle1tex,1.829521,1.829521,4.268876,1,0.9,0.9,0.9,0.5,-0.5,-332.6212,29.06122,-968.9462,0.02239388,-0.3816819,0.9240212,0.001518395;
custom,cuboid,castle1tex,1.829521,1.829521,4.268876,1,0.9,0.9,0.9,0.5,-0.5,-340.0273,21.50607,-936.2471,0.1238271,-0.7015058,0.692742,0.1125385;
custom,cuboid,castle1tex,1.199635,1.199635,1.199635,1,0.9,0.85,0.9,0.5,-0.5,-333.9945,38.88677,-954.4257,-0.1135022,0.01010654,0.002161182,-0.993484;
custom,cuboid,castle1tex,0.7887392,2.292724,0.7887392,1,0.9,0.85,0.9,0.5,-0.5,-202.3345,27.93438,-632.588,-0.06790167,-0.997683,-0.0002873927,-0.004222678;
custom,cuboid,castle1tex,1.199635,1.199635,1.199635,1,0.9,0.85,0.9,0.5,-0.5,-184.6347,48.89598,-626.3296,0,-0.9456866,0,-0.3250798;
custom,cuboid,castle1tex,0.7887392,2.292724,0.7887392,1,0.9,0.85,0.9,0.5,-0.5,-162.697,50.11489,-617.4999,-0.1261446,-0.6964046,-0.1270195,0.6949635;
custom,cuboid,castle1tex,1.110034,1.110034,2.590074,1,0.9,0.9,0.9,0.5,-0.5,-262.4265,6.005398,-515.1776,0,-0.3734386,0,0.9276549;
custom,cuboid,castle1tex,1.829521,1.829521,4.268876,1,0.9,0.9,0.9,0.5,-0.5,-423.3813,21.50607,-169.4372,0.6133205,-0.3413969,0.3376594,0.6271143;
custom,cuboid,castle1tex,1.199635,1.199635,1.199635,1,0.9,0.85,0.9,0.5,-0.5,-425.669,6.695648,-189.817,0,-0.9456866,0,-0.3250798;
custom,cuboid,castle1tex,1.199635,1.199635,1.199635,1,0.9,0.85,0.9,0.5,-0.5,-333.9945,49.50508,-965.6118,-0.5383056,0.01002887,-0.002497168,-0.8426864;
custom,cuboid,castle1tex,0.9128723,0.9128723,2.130032,1,0.9,0.9,0.9,0.5,-0.5,-338.838,47.50664,-933.3098,0,-0.3734386,0,0.9276549;

custom,arch1,stone1,-1,2.5,-2.613387,1,0.875,0.875,1,0.01,0.01,29.52511,96.55573,198.092,0,0,0,1;
custom,arch1,stone1,-1,2.5,-2.613387,1,0.875,0.875,1,0.01,0.01,69.52544,96.55573,198.092,0,0,0,1;
custom,arch1,stone1,-1,2.5,-2.613387,1,0.875,0.875,1,0.01,0.01,48.27511,96.55573,240.1637,0,0.7071068,0,0.7071068;
custom,arch1,stone1,-1,2.5,-2.613387,1,0.875,0.875,1,0.01,0.01,48.27511,96.55573,160.9701,0,0.7071068,0,0.7071068;
custom,arch1,stone1,-1,2.5,-2.613387,1,0.875,0.875,1,0.01,0.01,-71.11817,96.55573,198.092,0,0,0,1;
custom,arch1,stone1,-1,2.5,-2.613387,1,0.875,0.875,1,0.01,0.01,-31.11784,96.55573,198.092,0,0,0,1;
custom,arch1,stone1,-1,2.5,-2.613387,1,0.875,0.875,1,0.01,0.01,-52.36815,96.55573,240.1637,0,0.7071068,0,0.7071068;
custom,arch1,stone1,-1,2.5,-2.613387,1,0.875,0.875,1,0.01,0.01,-52.36815,96.55573,160.9701,0,0.7071068,0,0.7071068;

custom,cuboid,house9mat2,26.43853,26.39853,17.62568,0,1,1,1,2.6,2.6,-0.1499987,105.9138,199.9293,0,0,0,1;
custom,arch1,stone1,-0.8850662,2.212665,-2.313021,1,0.875,0.875,1,0.01,0.01,-63.1073,188.4332,198.2343,0,0,0,1;
custom,arch1,stone1,-0.8850662,2.212665,-2.313021,1,0.875,0.875,1,0.01,0.01,-27.70473,188.4332,198.2343,0,0,0,1;
custom,arch1,stone1,-0.8850662,2.212665,-2.313021,1,0.875,0.875,1,0.01,0.01,25.96832,188.4332,198.2343,0,0,0,1;
custom,arch1,stone1,-0.8850662,2.212665,-2.313021,1,0.875,0.875,1,0.01,0.01,61.37143,188.4332,198.2343,0,0,0,1;
custom,arch1,stone1,-0.8850662,2.212665,-2.313021,1,0.875,0.875,1,0.01,0.01,42.56304,188.4332,165.3788,0,0.7071068,0,0.7071068;
custom,arch1,stone1,-0.8850662,2.212665,-2.313021,1,0.875,0.875,1,0.01,0.01,42.56304,188.4332,235.4704,0,0.7071068,0,0.7071068;
custom,arch1,stone1,-0.8850662,2.212665,-2.313021,1,0.875,0.875,1,0.01,0.01,-46.51287,188.4332,165.3788,0,0.7071068,0,0.7071068;
custom,arch1,stone1,-0.8850662,2.212665,-2.313021,1,0.875,0.875,1,0.01,0.01,-46.51287,188.4332,235.4704,0,0.7071068,0,0.7071068;

custom,cuboid,house9mat2,22.16881,22.13527,14.7792,0,1,1,1,2.6,2.6,373.3886,105.9138,-890.0253,0,0,0,1;
custom,cuboid,house9mat2,13.26164,15.04815,12.77337,0,1,1,1,2.6,2.6,411.5064,-2.575732,-717.0303,0,0,0,1;
custom,arch1,stone1,-0.7478185,1.869546,-1.954339,1,0.875,0.875,1,0.01,0.01,321.5381,188.4332,-891.3167,0,0,0,1;
custom,arch1,stone1,-0.7478185,1.869546,-1.954339,1,0.875,0.875,1,0.01,0.01,351.4509,188.4332,-891.3167,0,0,0,1;
custom,arch1,stone1,-0.7478185,1.869546,-2.905805,1,0.875,0.875,1,0.01,0.01,371.2278,188.4332,-933.4945,0,0.7071068,0,0.7071068;
custom,arch1,stone1,-0.7478185,1.869546,-2.905805,1,0.875,0.875,1,0.01,0.01,371.2278,188.4332,-845.4378,0,0.7071068,0,0.7071068;
custom,arch1,stone1,-0.7478185,1.869546,-1.954339,1,0.875,0.875,1,0.01,0.01,394.2505,188.4332,-891.3167,0,0,0,1;
custom,arch1,stone1,-0.7478185,1.869546,-1.954339,1,0.875,0.875,1,0.01,0.01,424.1633,188.4332,-891.3167,0,0,0,1;
custom,arch1,stone1,-0.7478185,1.869546,-1.954339,1,0.875,0.875,1,0.01,0.01,394.2505,156.323,-891.3167,0,0,0,1;
custom,arch1,stone1,-0.7478185,1.869546,-1.954339,1,0.875,0.875,1,0.01,0.01,424.1633,156.323,-891.3167,0,0,0,1;
custom,arch1,stone1,-0.7478185,1.869546,-1.954339,1,0.875,0.875,1,0.01,0.01,321.5381,156.323,-891.3167,0,0,0,1;
custom,arch1,stone1,-0.7478185,1.869546,-1.954339,1,0.875,0.875,1,0.01,0.01,351.4509,156.323,-891.3167,0,0,0,1;
custom,arch1,stone1,-0.7478185,1.869546,-2.905805,1,0.875,0.875,1,0.01,0.01,371.2278,156.323,-845.4378,0,0.7071068,0,0.7071068;
custom,arch1,stone1,-0.7478185,1.869546,-2.905805,1,0.875,0.875,1,0.01,0.01,371.2278,156.323,-933.4945,0,0.7071068,0,0.7071068;
custom,arch1,stone1,-0.7478185,1.869546,-1.954339,1,0.875,0.875,1,0.01,0.01,394.2505,104.4274,-891.3167,0,0,0,1;
custom,arch1,stone1,-0.7478185,1.869546,-1.954339,1,0.875,0.875,1,0.01,0.01,424.1633,104.4274,-891.3167,0,0,0,1;
custom,arch1,stone1,-0.7478185,1.869546,-1.954339,1,0.875,0.875,1,0.01,0.01,321.5381,104.4274,-891.3167,0,0,0,1;
custom,arch1,stone1,-0.7478185,1.869546,-1.954339,1,0.875,0.875,1,0.01,0.01,351.4509,104.4274,-891.3167,0,0,0,1;
custom,arch1,stone1,-0.7478185,1.869546,-2.905805,1,0.875,0.875,1,0.01,0.01,371.2278,104.4274,-845.4378,0,0.7071068,0,0.7071068;
custom,arch1,stone1,-0.7478185,1.869546,-2.905805,1,0.875,0.875,1,0.01,0.01,371.2278,104.4274,-933.4945,0,0.7071068,0,0.7071068;
custom,arch1,stone1,-0.7478185,1.869546,-1.954339,1,0.875,0.875,1,0.01,0.01,394.2505,69.76228,-891.3167,0,0,0,1;
custom,arch1,stone1,-0.7478185,1.869546,-1.954339,1,0.875,0.875,1,0.01,0.01,424.1633,69.76228,-891.3167,0,0,0,1;
custom,arch1,stone1,-0.7478185,1.869546,-1.954339,1,0.875,0.875,1,0.01,0.01,321.5381,69.76228,-891.3167,0,0,0,1;
custom,arch1,stone1,-0.7478185,1.869546,-1.954339,1,0.875,0.875,1,0.01,0.01,351.4509,69.76228,-891.3167,0,0,0,1;
custom,arch1,stone1,-0.7478185,1.869546,-2.905805,1,0.875,0.875,1,0.01,0.01,371.2278,69.76228,-845.4378,0,0.7071068,0,0.7071068;
custom,arch1,stone1,-0.7478185,1.869546,-2.905805,1,0.875,0.875,1,0.01,0.01,371.2278,69.76228,-933.4945,0,0.7071068,0,0.7071068;
custom,arch1,stone1,-1.298864,1.835128,-1.741486,1,0.875,0.875,1,0.01,0.01,410.1401,27.37739,-683.581,0,0.7071068,0,0.7071068;
custom,arch1,stone1,-1.298864,1.835128,-1.741486,1,0.875,0.875,1,0.01,0.01,410.1401,27.37739,-744.1458,0,0.7071068,0,0.7071068;
custom,arch1,stone1,-1.298864,1.835128,-1.741486,1,0.875,0.875,1,0.01,0.01,410.1401,57.55176,-744.1458,0,0.7071068,0,0.7071068;
custom,arch1,stone1,-1.298864,1.835128,-1.741486,1,0.875,0.875,1,0.01,0.01,410.1401,57.55176,-683.581,0,0.7071068,0,0.7071068;

custom,cuboid,house9mat2,17.2205,19.54032,16.58648,0,1,1,1,2.6,2.6,137.1445,23.43004,-717.0303,0,0,0,1;
custom,arch1,stone1,-0.7340517,1.835128,-2.168445,1,0.875,0.875,1,0.01,0.01,84.3443,69.76228,-719.0506,0,0,0,1;
custom,arch1,stone1,-0.7340517,1.835128,-2.168445,1,0.875,0.875,1,0.01,0.01,113.7065,69.76228,-719.0506,0,0,0,1;
custom,arch1,stone1,-0.7340516,1.835128,-2.246903,1,0.875,0.875,1,0.01,0.01,135.665,69.76228,-709.6284,0,0.7071068,0,0.7071068;
custom,arch1,stone1,-0.7340516,1.835128,-2.246903,1,0.875,0.875,1,0.01,0.01,135.665,69.76228,-727.7708,0,0.7071068,0,0.7071068;
custom,arch1,stone1,-0.7340516,1.835128,-2.246903,1,0.875,0.875,1,0.01,0.01,135.665,69.76228,-784.5593,0,0.7071068,0,0.7071068;
custom,arch1,stone1,-0.7340516,1.835128,-2.246903,1,0.875,0.875,1,0.01,0.01,135.665,69.76228,-652.9979,0,0.7071068,0,0.7071068;
custom,arch1,stone1,-0.7340517,1.835128,-2.168445,1,0.875,0.875,1,0.01,0.01,184.2956,69.76228,-719.0506,0,0,0,1;
custom,arch1,stone1,-0.7340517,1.835128,-2.168445,1,0.875,0.875,1,0.01,0.01,154.9335,69.76228,-719.0506,0,0,0,1;
custom,arch1,stone1,-0.7340517,1.835128,-2.168445,1,0.875,0.875,1,0.01,0.01,184.2956,99.93645,-719.0506,0,0,0,1;
custom,arch1,stone1,-0.7340517,1.835128,-2.168445,1,0.875,0.875,1,0.01,0.01,154.9335,99.93645,-719.0506,0,0,0,1;
custom,arch1,stone1,-0.7340516,1.835128,-2.246903,1,0.875,0.875,1,0.01,0.01,135.665,99.93645,-652.9979,0,0.7071068,0,0.7071068;
custom,arch1,stone1,-0.7340516,1.835128,-2.246903,1,0.875,0.875,1,0.01,0.01,135.665,99.93645,-709.6284,0,0.7071068,0,0.7071068;
custom,arch1,stone1,-0.7340516,1.835128,-2.246903,1,0.875,0.875,1,0.01,0.01,135.665,99.93645,-727.7708,0,0.7071068,0,0.7071068;
custom,arch1,stone1,-0.7340516,1.835128,-2.246903,1,0.875,0.875,1,0.01,0.01,135.665,99.93645,-784.5593,0,0.7071068,0,0.7071068;
custom,arch1,stone1,-0.7340517,1.835128,-2.168445,1,0.875,0.875,1,0.01,0.01,113.7065,99.93645,-719.0506,0,0,0,1;
custom,arch1,stone1,-0.7340517,1.835128,-2.168445,1,0.875,0.875,1,0.01,0.01,84.3443,99.93645,-719.0506,0,0,0,1;

custom,cuboid,ice1,0.3393139,0.83075,0.09935229,1,1,1,1,0.0001,0.0001,-289.1089,39.51768,-349.8124,0,1,0,0;
custom,cuboid,ice1,0.5957811,0.2854836,0.09935229,1,1,1,1,0.0001,0.0001,-290.3915,42.244,-349.8124,0,1,0,0;
custom,cuboid,ice1,0.5957811,0.2550159,0.09935229,1,1,1,1,0.0001,0.0001,-290.3915,39.27198,-349.8124,0,1,0,0;
custom,cuboid,ice1,0.2828725,0.7027805,0.09935229,1,1,1,1,0.0001,0.0001,-295.3611,40.15754,-349.8124,0,1,0,0;
custom,cuboid,ice1,0.2828659,0.7027804,0.09935229,1,1,1,1,0.0001,0.0001,-298.5993,40.15754,-349.8124,0,1,0,0;
custom,cuboid,ice1,0.3582232,0.228308,0.09935229,1,1,1,1,0.0001,0.0001,-296.9801,36.5055,-349.8124,0,1,0,0;
custom,cuboid,ice1,0.1637543,0.1783593,0.09935229,1,1,1,1,0.0001,0.0001,-298.8049,36.57413,-349.8124,-0.3758467,0.9266819,0,0;
custom,cuboid,ice1,0.1637543,0.1783593,0.09935229,1,1,1,1,0.0001,0.0001,-295.1554,36.57413,-349.8124,-1E-07,2E-07,0.3758467,-0.9266819;
custom,cuboid,ice1,0.2775156,0.6300304,0.09935229,1,1,1,1,0.0001,0.0001,-301.9944,39.49722,-349.8124,0,1,0,0;
custom,cuboid,ice1,0.2771038,0.2725069,0.09935229,1,1,1,1,0.0001,0.0001,-305.1712,41.28484,-349.8124,0,1,0,0;
custom,cuboid,ice1,0.2771038,0.2725069,0.09935229,1,1,1,1,0.0001,0.0001,-305.1712,37.70965,-349.8124,0,1,0,0;
custom,cuboid,ice1,0.3814889,0.2362635,0.09935229,1,1,1,1,0.0001,0.0001,-303.5959,42.47155,-349.8124,0,1,0,0;
custom,cuboid,ice1,0.1637584,0.1476721,0.09935229,1,1,1,1,0.0001,0.0001,-301.7055,42.55047,-349.8124,-0.3994572,0.9167519,0,0;
custom,cuboid,ice1,0.3814889,0.2462955,0.09935229,1,1,1,1,0.0001,0.0001,-303.5959,36.57407,-349.8124,0,1,0,0;
custom,cuboid,ice1,0.1456122,0.147672,0.09935229,1,1,1,1,0.0001,0.0001,-305.5201,36.37841,-349.8124,0.3719407,0.9282565,0,0;
custom,cuboid,ice1,0.1456122,0.147672,0.09935229,1,1,1,1,0.0001,0.0001,-305.5201,42.61603,-349.8124,-0.3719408,0.9282565,0,0;
custom,cuboid,ice1,0.322326,0.8314019,0.09935229,1,1,1,1,0.0001,0.0001,-308.751,39.50752,-349.8124,0,1,0,0;
custom,cuboid,ice1,0.3176425,0.5955502,0.09935229,1,1,1,1,0.0001,0.0001,-311.0006,40.40786,-349.8124,-0.3688507,0.9294887,0,0;
custom,cuboid,ice1,0.2312191,0.217822,0.09935229,1,1,1,1,0.0001,0.0001,-313.0425,42.57542,-349.8124,0,1,0,0;
custom,cuboid,ice1,0.2312191,0.217822,0.09935229,1,1,1,1,0.0001,0.0001,-313.0425,36.4396,-349.8124,0,1,0,0;
custom,cuboid,ice1,0.3176425,0.5955502,0.09935229,1,1,1,1,0.0001,0.0001,-311.0006,38.60721,-349.8124,0.3688507,0.9294887,0,0;
custom,cuboid,ice1,0.1637541,0.1476721,0.09935229,1,1,1,1,0.0001,0.0001,-301.7055,36.44497,-349.8124,0.3994572,0.9167519,0,0;

custom,cuboid,sannie,-1.75,-1.75,0.25,0,1,1,1,1.0,1.0,-300,26.25,-350,0,0,0,0;


custom,cylinder,wood1,-0.125,-1.5,-0.125,0,1,1,1,0.0125,0.3,-461.7397,15,-445.032,0,-0.7891461,0,0.6142057;
custom,cylinder,wood1,-0.125,-2,-0.125,0,1,1,1,0.0125,0.4,-492.1123,20,-426.935,0,-0.7891461,0,0.6142057;
custom,cylinder,wood1,-0.125,-2,-0.125,0,1,1,1,0.0125,0.4,-479.8366,20,-475.4051,0,-0.7891461,0,0.6142057;
custom,leaf0,default,-1,-1,-1,0,1,0.75,0.75,1,1,-458.0567,30,-459.5729,-0.7655838,0.1489669,0.5958674,0.191396;
custom,leaf0,default,-1,-1,-1,0,1,0.75,0.75,1,1,-465.4218,30,-430.4914,-0.7655838,0.1489669,0.5958674,0.191396;
custom,leaf0,default,-1,-1,-1,0,1,0.75,0.75,1,1,-473.8571,35,-448.101,-0.7655838,0.1489669,0.5958674,0.191396;
custom,leaf0,default,-1,-1,-1,0,1,0.75,0.75,1,1,-467.7193,35,-472.3361,-0.7655838,0.1489669,0.5958674,0.191396;
custom,leaf0,default,-1,-1,-1,0,1,0.75,0.75,1,1,-479.9949,35,-423.8661,-0.7655838,0.1489669,0.5958674,0.191396;
custom,leaf0,default,-1,-1,-1,0,1,0.75,0.75,1,1,-482.2918,40,-465.7108,-0.7655838,0.1489669,0.5958674,0.191396;
custom,leaf0,default,-1,-1,-1,0,1,0.75,0.75,1,1,-489.6569,40,-436.6291,-0.7655838,0.1489669,0.5958674,0.191396;
custom,leaf0,default,-1,1,-1,0,1,0.75,0.75,1,1,-460.7703,10,-444.7871,0.5580103,0.4343092,-0.4343092,0.5580103;



custom,cylinder,wood1,0.875,8.95,0.875,0,1,1,1,0.0875,1.8,0,65,-100,1,0,0,1;


misc,barrier,16,1,25,500,65,125,0,0,0,0;
misc,barrier,49,1,60,300,65,-300,0,0,0,0;
misc,barrier,21,0.5,20,-50,62.5,-500,0,0,0,0;
misc,barrier,40,1,100,-355,65,-500,0,0,0,0;
misc,barrier,10,1,40,-105,65,-200,0,0,0,0;







custom,cuboid,house9mat2,19.9,30,100.1,0,1,1,1,2.0,3.0,300,0,600,0,0,0,0;
custom,cuboid,house9mat2,20,29.9,100,0,1,1,1,10.0,3.0,300,0,600,0,0,0,0;

custom,cuboid,house9mat2,19.9,30,100.1,0,1,1,1,2.0,3.0,-300,0,600,0,0,0,0;
custom,cuboid,house9mat2,20,29.9,100,0,1,1,1,10.0,3.0,-300,0,600,0,0,0,0;

custom,cuboid,brick4,26,1,17,0,1,1,1,2.6,1.7,0,200,200,0,0,0,0;





custom,cuboid,house9mat2,1,9,70,0,1,1,1,7.0,0.9,-30,30,-1560,0,0,-0.25,1;
custom,cuboid,house9mat2,0.9,9.1,70,0,1,1,1,0.1,7.0,-30,30,-1560,0,0,-0.25,1;
custom,cuboid,house9mat2,1,22,70,0,1,1,1,7.0,2.2,70,30,-1560,0,0,-0.25,1;
custom,cuboid,house9mat2,0.9,22.1,70,0,1,1,1,0.1,7.0,70,30,-1560,0,0,-0.25,1;
custom,cuboid,arena2tex,0.9,9,70.1,0,1,1,1,1.0,10.0,-30,30,-1560,0,0,-0.25,1;
custom,cuboid,arena2tex,0.9,22,70.1,0,1,1,1,1.0,23.0,70,30,-1560,0,0,-0.25,1;

custom,cuboid,house9mat2,1,-9,70,0,1,1,1,7,0.9,-155,30,-1560,0,0,-1,0.25;
custom,cuboid,house9mat2,0.9,-9.1,70,0,1,1,1,0.1,7,-155,30,-1560,0,0,-1,0.25;
custom,cuboid,house9mat2,1,-22,70,0,1,1,1,7,2.2,-255,30,-1560,0,0,-1,0.25;
custom,cuboid,house9mat2,0.9,-22.1,70,0,1,1,1,0.1,7,-255,30,-1560,0,0,-1,0.25;
custom,cuboid,arena2tex,0.9,-9,70.1,0,1,1,1,1,10,-155,30,-1560,0,0,-1,0.25;
custom,cuboid,arena2tex,0.9,-22,70.1,0,1,1,1,1,23,-255,30,-1560,0,0,-1,0.25;


custom,cuboid,house9mat2,22.16881,22.13527,14.7792,0,1,1,1,2.6,2.6,309.8122,105.9138,-1374.318,0,0.4415024,0,0.8972601;
custom,arch1,stone1,-0.7478185,1.869546,-2.905805,1,0.875,0.875,1,0.01,0.01,274.0537,69.76228,-1399.129,0,0.9466479,0,0.3222696;
custom,arch1,stone1,-0.7478185,1.869546,-2.905805,1,0.875,0.875,1,0.01,0.01,343.8199,156.323,-1345.401,0,0.9466479,0,0.3222696;
custom,arch1,stone1,-0.7478185,1.869546,-2.905805,1,0.875,0.875,1,0.01,0.01,343.8199,104.4274,-1345.401,0,0.9466479,0,0.3222696;
custom,arch1,stone1,-0.7478185,1.869546,-2.905805,1,0.875,0.875,1,0.01,0.01,274.0537,104.4274,-1399.129,0,0.9466479,0,0.3222696;
custom,arch1,stone1,-0.7478185,1.869546,-2.905805,1,0.875,0.875,1,0.01,0.01,274.0537,188.4332,-1399.129,0,0.9466479,0,0.3222696;
custom,arch1,stone1,-0.7478185,1.869546,-2.905805,1,0.875,0.875,1,0.01,0.01,343.8199,188.4332,-1345.401,0,0.9466479,0,0.3222696;
custom,arch1,stone1,-0.7478185,1.869546,-2.905805,1,0.875,0.875,1,0.01,0.01,274.0537,156.323,-1399.129,0,0.9466479,0,0.3222696;
custom,arch1,stone1,-0.7478185,1.869546,-2.905805,1,0.875,0.875,1,0.01,0.01,343.8199,69.76228,-1345.401,0,0.9466479,0,0.3222696;
custom,cuboid,house9mat2,22.16881,22.13527,14.7792,0,1,1,1,2.6,2.6,251.223,105.9138,-1576.244,0,0.4415024,0,0.8972601;
custom,arch1,stone1,-0.7478185,1.869546,-2.905805,1,0.875,0.875,1,0.01,0.01,285.2307,188.4332,-1547.327,0,0.9466479,0,0.3222696;
custom,arch1,stone1,-0.7478185,1.869546,-2.905805,1,0.875,0.875,1,0.01,0.01,215.4645,188.4332,-1601.055,0,0.9466479,0,0.3222696;
custom,arch1,stone1,-0.7478185,1.869546,-2.905805,1,0.875,0.875,1,0.01,0.01,215.4645,156.323,-1601.055,0,0.9466479,0,0.3222696;
custom,arch1,stone1,-0.7478185,1.869546,-2.905805,1,0.875,0.875,1,0.01,0.01,285.2307,156.323,-1547.327,0,0.9466479,0,0.3222696;
custom,arch1,stone1,-0.7478185,1.869546,-2.905805,1,0.875,0.875,1,0.01,0.01,285.2307,104.4274,-1547.327,0,0.9466479,0,0.3222696;
custom,arch1,stone1,-0.7478185,1.869546,-2.905805,1,0.875,0.875,1,0.01,0.01,215.4645,104.4274,-1601.055,0,0.9466479,0,0.3222696;
custom,arch1,stone1,-0.7478185,1.869546,-2.905805,1,0.875,0.875,1,0.01,0.01,215.4645,69.76228,-1601.055,0,0.9466479,0,0.3222696;
custom,arch1,stone1,-0.7478185,1.869546,-2.905805,1,0.875,0.875,1,0.01,0.01,285.2307,69.76228,-1547.327,0,0.9466479,0,0.3222696;
custom,cuboid,house9mat2,22.16881,22.13527,14.7792,0,1,1,1,2.6,2.6,253.4882,105.9138,-1828.25,0,0.4415024,0,0.8972601;
custom,arch1,stone1,-0.7478185,1.869546,-2.905805,1,0.875,0.875,1,0.01,0.01,287.4958,188.4332,-1799.332,0,0.9466479,0,0.3222696;
custom,arch1,stone1,-0.7478185,1.869546,-2.905805,1,0.875,0.875,1,0.01,0.01,217.7297,188.4332,-1853.061,0,0.9466479,0,0.3222696;
custom,arch1,stone1,-0.7478185,1.869546,-2.905805,1,0.875,0.875,1,0.01,0.01,217.7297,156.323,-1853.061,0,0.9466479,0,0.3222696;
custom,arch1,stone1,-0.7478185,1.869546,-2.905805,1,0.875,0.875,1,0.01,0.01,287.4958,156.323,-1799.332,0,0.9466479,0,0.3222696;
custom,arch1,stone1,-0.7478185,1.869546,-2.905805,1,0.875,0.875,1,0.01,0.01,287.4958,104.4274,-1799.332,0,0.9466479,0,0.3222696;
custom,arch1,stone1,-0.7478185,1.869546,-2.905805,1,0.875,0.875,1,0.01,0.01,217.7297,104.4274,-1853.061,0,0.9466479,0,0.3222696;
custom,arch1,stone1,-0.7478185,1.869546,-2.905805,1,0.875,0.875,1,0.01,0.01,217.7297,69.76228,-1853.061,0,0.9466479,0,0.3222696;
custom,arch1,stone1,-0.7478185,1.869546,-2.905805,1,0.875,0.875,1,0.01,0.01,287.4958,69.76228,-1799.332,0,0.9466479,0,0.3222696;
custom,cuboid,house9mat2,22.16881,-22.13527,14.7792,0,1,1,1,2.6,2.6,-494.8122,105.9138,-1374.318,0.4415024,0,-0.8972601,0;
custom,arch1,stone1,-0.7478185,-1.869546,-2.905805,1,0.875,0.875,1,0.01,0.01,-459.0537,69.76228,-1399.129,0.9466479,0,-0.3222696,0;
custom,arch1,stone1,-0.7478185,-1.869546,-2.905805,1,0.875,0.875,1,0.01,0.01,-528.8199,156.323,-1345.401,0.9466479,0,-0.3222696,0;
custom,arch1,stone1,-0.7478185,-1.869546,-2.905805,1,0.875,0.875,1,0.01,0.01,-528.8199,104.4274,-1345.401,0.9466479,0,-0.3222696,0;
custom,arch1,stone1,-0.7478185,-1.869546,-2.905805,1,0.875,0.875,1,0.01,0.01,-459.0537,104.4274,-1399.129,0.9466479,0,-0.3222696,0;
custom,arch1,stone1,-0.7478185,-1.869546,-2.905805,1,0.875,0.875,1,0.01,0.01,-459.0537,188.4332,-1399.129,0.9466479,0,-0.3222696,0;
custom,arch1,stone1,-0.7478185,-1.869546,-2.905805,1,0.875,0.875,1,0.01,0.01,-528.8199,188.4332,-1345.401,0.9466479,0,-0.3222696,0;
custom,arch1,stone1,-0.7478185,-1.869546,-2.905805,1,0.875,0.875,1,0.01,0.01,-459.0537,156.323,-1399.129,0.9466479,0,-0.3222696,0;
custom,arch1,stone1,-0.7478185,-1.869546,-2.905805,1,0.875,0.875,1,0.01,0.01,-528.8199,69.76228,-1345.401,0.9466479,0,-0.3222696,0;
custom,cuboid,house9mat2,22.16881,-22.13527,14.7792,0,1,1,1,2.6,2.6,-436.223,105.9138,-1576.244,0.4415024,0,-0.8972601,0;
custom,arch1,stone1,-0.7478185,-1.869546,-2.905805,1,0.875,0.875,1,0.01,0.01,-470.2307,188.4332,-1547.327,0.9466479,0,-0.3222696,0;
custom,arch1,stone1,-0.7478185,-1.869546,-2.905805,1,0.875,0.875,1,0.01,0.01,-400.4645,188.4332,-1601.055,0.9466479,0,-0.3222696,0;
custom,arch1,stone1,-0.7478185,-1.869546,-2.905805,1,0.875,0.875,1,0.01,0.01,-400.4645,156.323,-1601.055,0.9466479,0,-0.3222696,0;
custom,arch1,stone1,-0.7478185,-1.869546,-2.905805,1,0.875,0.875,1,0.01,0.01,-470.2307,156.323,-1547.327,0.9466479,0,-0.3222696,0;
custom,arch1,stone1,-0.7478185,-1.869546,-2.905805,1,0.875,0.875,1,0.01,0.01,-470.2307,104.4274,-1547.327,0.9466479,0,-0.3222696,0;
custom,arch1,stone1,-0.7478185,-1.869546,-2.905805,1,0.875,0.875,1,0.01,0.01,-400.4645,104.4274,-1601.055,0.9466479,0,-0.3222696,0;
custom,arch1,stone1,-0.7478185,-1.869546,-2.905805,1,0.875,0.875,1,0.01,0.01,-400.4645,69.76228,-1601.055,0.9466479,0,-0.3222696,0;
custom,arch1,stone1,-0.7478185,-1.869546,-2.905805,1,0.875,0.875,1,0.01,0.01,-470.2307,69.76228,-1547.327,0.9466479,0,-0.3222696,0;
custom,cuboid,house9mat2,22.16881,-22.13527,14.7792,0,1,1,1,2.6,2.6,-438.4882,105.9138,-1828.25,0.4415024,0,-0.8972601,0;
custom,arch1,stone1,-0.7478185,-1.869546,-2.905805,1,0.875,0.875,1,0.01,0.01,-472.4958,188.4332,-1799.332,0.9466479,0,-0.3222696,0;
custom,arch1,stone1,-0.7478185,-1.869546,-2.905805,1,0.875,0.875,1,0.01,0.01,-402.7297,188.4332,-1853.061,0.9466479,0,-0.3222696,0;
custom,arch1,stone1,-0.7478185,-1.869546,-2.905805,1,0.875,0.875,1,0.01,0.01,-402.7297,156.323,-1853.061,0.9466479,0,-0.3222696,0;
custom,arch1,stone1,-0.7478185,-1.869546,-2.905805,1,0.875,0.875,1,0.01,0.01,-472.4958,156.323,-1799.332,0.9466479,0,-0.3222696,0;
custom,arch1,stone1,-0.7478185,-1.869546,-2.905805,1,0.875,0.875,1,0.01,0.01,-472.4958,104.4274,-1799.332,0.9466479,0,-0.3222696,0;
custom,arch1,stone1,-0.7478185,-1.869546,-2.905805,1,0.875,0.875,1,0.01,0.01,-402.7297,104.4274,-1853.061,0.9466479,0,-0.3222696,0;
custom,arch1,stone1,-0.7478185,-1.869546,-2.905805,1,0.875,0.875,1,0.01,0.01,-402.7297,69.76228,-1853.061,0.9466479,0,-0.3222696,0;
custom,arch1,stone1,-0.7478185,-1.869546,-2.905805,1,0.875,0.875,1,0.01,0.01,-472.4958,69.76228,-1799.332,0.9466479,0,-0.3222696,0;





custom,cuboid,brick2,50,13,1,0,1,1,1,2.5,0.65,-92.5,65,-1915,0,0,0,0;

custom,cuboid,house9mat2,1,50,2,0,1,1,1,0.2,5.0,-92.5,85,-1820,0,0,1,1;
racing,endcuboid,8,50,2,-92.5,40,-1820,0,0,1,1;


custom,cuboid,medievalartilleryassets_texture-psd,6,1,1,0,1,1,1,0.5,-0.1,-375,30,-920,0,0,0.7071068,0.7071068;
custom,cuboid,medievalartilleryassets_texture-psd,6,1,1,0,1,1,1,0.5,-0.1,-225,30,-920,0,0,0.7071068,0.7071068;
custom,cuboid,medievalartilleryassets_texture-psd,6,1,1,0,1,1,1,0.5,-0.1,-300,30,-180,0,0,0.7071068,0.7071068;

custom,cuboid,castle1tex,1.829521,1.829521,4.268876,1,0.9,0.9,0.9,0.5,-0.5,-260.5881,55.42179,-144.4477,0.7058249,-0.6978654,0.1210791,0.01162171;


custom,cuboid,house9mat2,6,2,2,0,1,1,1,0.6,0.2,-492.6414,1.040685,-574.6689,0,0.725475,0,-0.6882485;
custom,cylinder,house9mat2,2,1,2,0,1,1,1,0.2,0.2,-494.2201,1.040685,-544.7105,0,0.725475,0,-0.6882485;
custom,cylinder,house9mat2,2,1,2,0,1,1,1,0.2,0.2,-491.0625,1.040685,-604.6274,0,0.725475,0,-0.6882485;
custom,cuboid,grass4,6,2,1.4,0,1,1,1,0.6,0.14,-492.6414,1.240682,-574.6689,0,0.725475,0,-0.6882485;
custom,cylinder,grass4,1.4,1,1.4,0,1,1,1,0.14,0.14,-494.2201,1.240682,-544.7105,0,0.725475,0,-0.6882485;
custom,cylinder,grass4,1.4,1,1.4,0,1,1,1,0.14,0.14,-491.0625,1.240682,-604.6274,0,0.725475,0,-0.6882485;
custom,tree3,default,0.5,0.5,0.5,0,1,1,1,1,1,-492.6414,31.04088,-574.6689,0,0.725475,0,-0.6882485;
custom,tree5,default,0.3,0.3,0.3,0,1,1,1,1,1,-493.4307,31.04088,-559.6898,0,0.725475,0,-0.6882485;
custom,field2,default,0.5,0.5,0.5,0,1,1,1,1,1,-493.1676,11.04069,-564.6827,0,0.725475,0,-0.6882485;
custom,field2,default,0.5,0.5,0.5,0,1,1,1,1,1,-493.6939,11.04069,-554.6966,0,0.725475,0,-0.6882485;
custom,field2,default,0.5,0.5,0.5,0,1,1,1,1,1,-492.6414,11.04069,-574.6689,0,0.725475,0,-0.6882485;
custom,field2,default,0.5,0.5,0.5,0,1,1,1,1,1,-492.1151,11.04069,-584.6551,0,0.725475,0,-0.6882485;
custom,field2,default,0.5,0.5,0.5,0,1,1,1,1,1,-491.5887,11.04069,-594.6413,0,0.725475,0,-0.6882485;
custom,tree2,default,0.5,0.5,0.5,0,1,1,1,1,1,-491.5887,31.04088,-594.6413,0,0.725475,0,-0.6882485;
custom,cuboid,house9mat2,6,2,2,0,1,1,1,0.6,0.2,-471.7942,1.040685,-650.2395,0,0.725475,0,-0.6882485;
custom,cylinder,house9mat2,2,1,2,0,1,1,1,0.2,0.2,-473.3729,1.040685,-620.2811,0,0.725475,0,-0.6882485;
custom,cylinder,house9mat2,2,1,2,0,1,1,1,0.2,0.2,-470.2153,1.040685,-680.1979,0,0.725475,0,-0.6882485;
custom,cuboid,grass4,6,2,1.4,0,1,1,1,0.6,0.14,-471.7942,1.240682,-650.2395,0,0.725475,0,-0.6882485;
custom,cylinder,grass4,1.4,1,1.4,0,1,1,1,0.14,0.14,-473.3729,1.240682,-620.2811,0,0.725475,0,-0.6882485;
custom,cylinder,grass4,1.4,1,1.4,0,1,1,1,0.14,0.14,-470.2153,1.240682,-680.1979,0,0.725475,0,-0.6882485;
custom,tree3,default,0.5,0.5,0.5,0,1,1,1,1,1,-471.7942,31.04088,-650.2395,0,0.725475,0,-0.6882485;
custom,tree5,default,0.3,0.3,0.3,0,1,1,1,1,1,-472.5835,31.04088,-635.2603,0,0.725475,0,-0.6882485;
custom,field2,default,0.5,0.5,0.5,0,1,1,1,1,1,-472.3204,11.04069,-640.2533,0,0.725475,0,-0.6882485;
custom,field2,default,0.5,0.5,0.5,0,1,1,1,1,1,-472.8467,11.04069,-630.2672,0,0.725475,0,-0.6882485;
custom,field2,default,0.5,0.5,0.5,0,1,1,1,1,1,-471.7942,11.04069,-650.2395,0,0.725475,0,-0.6882485;
custom,field2,default,0.5,0.5,0.5,0,1,1,1,1,1,-471.2679,11.04069,-660.2256,0,0.725475,0,-0.6882485;
custom,field2,default,0.5,0.5,0.5,0,1,1,1,1,1,-470.7415,11.04069,-670.2119,0,0.725475,0,-0.6882485;
custom,tree2,default,0.5,0.5,0.5,0,1,1,1,1,1,-470.7415,31.04088,-670.2119,0,0.725475,0,-0.6882485;
custom,cuboid,house9mat2,6,2,2,0,1,1,1,0.6,0.2,-492.6414,1.040685,-745.3228,0,0.725475,0,-0.6882485;
custom,cylinder,house9mat2,2,1,2,0,1,1,1,0.2,0.2,-494.2201,1.040685,-715.3643,0,0.725475,0,-0.6882485;
custom,cylinder,house9mat2,2,1,2,0,1,1,1,0.2,0.2,-491.0625,1.040685,-775.2812,0,0.725475,0,-0.6882485;
custom,cuboid,grass4,6,2,1.4,0,1,1,1,0.6,0.14,-492.6414,1.240682,-745.3228,0,0.725475,0,-0.6882485;
custom,cylinder,grass4,1.4,1,1.4,0,1,1,1,0.14,0.14,-494.2201,1.240682,-715.3643,0,0.725475,0,-0.6882485;
custom,cylinder,grass4,1.4,1,1.4,0,1,1,1,0.14,0.14,-491.0625,1.240682,-775.2812,0,0.725475,0,-0.6882485;
custom,tree3,default,0.5,0.5,0.5,0,1,1,1,1,1,-492.6414,31.04088,-745.3228,0,0.725475,0,-0.6882485;
custom,tree5,default,0.3,0.3,0.3,0,1,1,1,1,1,-493.4307,31.04088,-730.3436,0,0.725475,0,-0.6882485;
custom,field2,default,0.5,0.5,0.5,0,1,1,1,1,1,-493.1676,11.04069,-735.3365,0,0.725475,0,-0.6882485;
custom,field2,default,0.5,0.5,0.5,0,1,1,1,1,1,-493.6939,11.04069,-725.3504,0,0.725475,0,-0.6882485;
custom,field2,default,0.5,0.5,0.5,0,1,1,1,1,1,-492.6414,11.04069,-745.3228,0,0.725475,0,-0.6882485;
custom,field2,default,0.5,0.5,0.5,0,1,1,1,1,1,-492.1151,11.04069,-755.3089,0,0.725475,0,-0.6882485;
custom,field2,default,0.5,0.5,0.5,0,1,1,1,1,1,-491.5887,11.04069,-765.2951,0,0.725475,0,-0.6882485;
custom,tree2,default,0.5,0.5,0.5,0,1,1,1,1,1,-491.5887,31.04088,-765.2951,0,0.725475,0,-0.6882485;
custom,cuboid,house9mat2,6,2,2,0,1,1,1,0.6,0.2,-471.7942,1.040685,-820.8933,0,0.725475,0,-0.6882485;
custom,cylinder,house9mat2,2,1,2,0,1,1,1,0.2,0.2,-473.3729,1.040685,-790.9349,0,0.725475,0,-0.6882485;
custom,cylinder,house9mat2,2,1,2,0,1,1,1,0.2,0.2,-470.2153,1.040685,-850.8517,0,0.725475,0,-0.6882485;
custom,cuboid,grass4,6,2,1.4,0,1,1,1,0.6,0.14,-471.7942,1.240682,-820.8933,0,0.725475,0,-0.6882485;
custom,cylinder,grass4,1.4,1,1.4,0,1,1,1,0.14,0.14,-473.3729,1.240682,-790.9349,0,0.725475,0,-0.6882485;
custom,cylinder,grass4,1.4,1,1.4,0,1,1,1,0.14,0.14,-470.2153,1.240682,-850.8517,0,0.725475,0,-0.6882485;
custom,tree3,default,0.5,0.5,0.5,0,1,1,1,1,1,-471.7942,31.04088,-820.8933,0,0.725475,0,-0.6882485;
custom,tree5,default,0.3,0.3,0.3,0,1,1,1,1,1,-472.5835,31.04088,-805.9141,0,0.725475,0,-0.6882485;
custom,field2,default,0.5,0.5,0.5,0,1,1,1,1,1,-472.3204,11.04069,-810.9071,0,0.725475,0,-0.6882485;
custom,field2,default,0.5,0.5,0.5,0,1,1,1,1,1,-472.8467,11.04069,-800.921,0,0.725475,0,-0.6882485;
custom,field2,default,0.5,0.5,0.5,0,1,1,1,1,1,-471.7942,11.04069,-820.8933,0,0.725475,0,-0.6882485;
custom,field2,default,0.5,0.5,0.5,0,1,1,1,1,1,-471.2679,11.04069,-830.8795,0,0.725475,0,-0.6882485;
custom,field2,default,0.5,0.5,0.5,0,1,1,1,1,1,-470.7415,11.04069,-840.8657,0,0.725475,0,-0.6882485;
custom,tree2,default,0.5,0.5,0.5,0,1,1,1,1,1,-470.7415,31.04088,-840.8657,0,0.725475,0,-0.6882485;
custom,cuboid,house9mat2,6,2,2,0,1,1,1,0.6,0.2,-531.907,1.040685,-175.0977,0,0.7035111,0,-0.7106843;
custom,cylinder,house9mat2,2,1,2,0,1,1,1,0.2,0.2,-531.6022,1.040685,-145.0993,0,0.7035111,0,-0.7106843;
custom,cylinder,house9mat2,2,1,2,0,1,1,1,0.2,0.2,-532.2114,1.040685,-205.0961,0,0.7035111,0,-0.7106843;
custom,cuboid,grass4,6,2,1.4,0,1,1,1,0.6,0.14,-531.907,1.240682,-175.0977,0,0.7035111,0,-0.7106843;
custom,cylinder,grass4,1.4,1,1.4,0,1,1,1,0.14,0.14,-531.6022,1.240682,-145.0993,0,0.7035111,0,-0.7106843;
custom,cylinder,grass4,1.4,1,1.4,0,1,1,1,0.14,0.14,-532.2114,1.240682,-205.0961,0,0.7035111,0,-0.7106843;
custom,tree3,default,0.5,0.5,0.5,0,1,1,1,1,1,-531.907,31.04088,-175.0977,0,0.7035111,0,-0.7106843;
custom,tree5,default,0.3,0.3,0.3,0,1,1,1,1,1,-531.7545,31.04088,-160.0985,0,0.7035111,0,-0.7106843;
custom,field2,default,0.5,0.5,0.5,0,1,1,1,1,1,-531.8054,11.04069,-165.0982,0,0.7035111,0,-0.7106843;
custom,field2,default,0.5,0.5,0.5,0,1,1,1,1,1,-531.7039,11.04069,-155.0987,0,0.7035111,0,-0.7106843;
custom,field2,default,0.5,0.5,0.5,0,1,1,1,1,1,-531.907,11.04069,-175.0977,0,0.7035111,0,-0.7106843;
custom,field2,default,0.5,0.5,0.5,0,1,1,1,1,1,-532.0087,11.04069,-185.0971,0,0.7035111,0,-0.7106843;
custom,field2,default,0.5,0.5,0.5,0,1,1,1,1,1,-532.11,11.04069,-195.0967,0,0.7035111,0,-0.7106843;
custom,tree2,default,0.5,0.5,0.5,0,1,1,1,1,1,-532.11,31.04088,-195.0967,0,0.7035111,0,-0.7106843;
custom,cuboid,house9mat2,6,2,2,0,1,1,1,0.6,0.2,-469.753,1.040685,-251.8278,0,0.7035111,0,-0.7106843;
custom,cylinder,house9mat2,2,1,2,0,1,1,1,0.2,0.2,-469.448,1.040685,-221.8293,0,0.7035111,0,-0.7106843;
custom,cylinder,house9mat2,2,1,2,0,1,1,1,0.2,0.2,-470.0571,1.040685,-281.8246,0,0.7035111,0,-0.7106843;
custom,cuboid,grass4,6,2,1.4,0,1,1,1,0.6,0.14,-469.753,1.240682,-251.8278,0,0.7035111,0,-0.7106843;
custom,cylinder,grass4,1.4,1,1.4,0,1,1,1,0.14,0.14,-469.448,1.240682,-221.8293,0,0.7035111,0,-0.7106843;
custom,cylinder,grass4,1.4,1,1.4,0,1,1,1,0.14,0.14,-470.0571,1.240682,-281.8246,0,0.7035111,0,-0.7106843;
custom,tree3,default,0.5,0.5,0.5,0,1,1,1,1,1,-469.753,31.04088,-251.8278,0,0.7035111,0,-0.7106843;
custom,tree5,default,0.3,0.3,0.3,0,1,1,1,1,1,-469.6004,31.04088,-236.8283,0,0.7035111,0,-0.7106843;
custom,field2,default,0.5,0.5,0.5,0,1,1,1,1,1,-469.6516,11.04069,-241.8281,0,0.7035111,0,-0.7106843;
custom,field2,default,0.5,0.5,0.5,0,1,1,1,1,1,-469.5495,11.04069,-231.8287,0,0.7035111,0,-0.7106843;
custom,field2,default,0.5,0.5,0.5,0,1,1,1,1,1,-469.753,11.04069,-251.8278,0,0.7035111,0,-0.7106843;
custom,field2,default,0.5,0.5,0.5,0,1,1,1,1,1,-469.8543,11.04069,-261.8257,0,0.7035111,0,-0.7106843;
custom,field2,default,0.5,0.5,0.5,0,1,1,1,1,1,-469.9557,11.04069,-271.8252,0,0.7035111,0,-0.7106843;
custom,tree2,default,0.5,0.5,0.5,0,1,1,1,1,1,-469.9557,31.04088,-271.8252,0,0.7035111,0,-0.7106843;
custom,cuboid,house9mat2,6,2,2,0,1,1,1,0.6,0.2,-523.9749,1.040685,-47.03336,0,0.7035111,0,-0.7106843;
custom,cylinder,house9mat2,2,1,2,0,1,1,1,0.2,0.2,-523.67,1.040685,-17.03492,0,0.7035111,0,-0.7106843;
custom,cylinder,house9mat2,2,1,2,0,1,1,1,0.2,0.2,-524.2793,1.040685,-77.03176,0,0.7035111,0,-0.7106843;
custom,cuboid,grass4,6,2,1.4,0,1,1,1,0.6,0.14,-523.9749,1.240682,-47.03336,0,0.7035111,0,-0.7106843;
custom,cylinder,grass4,1.4,1,1.4,0,1,1,1,0.14,0.14,-523.67,1.240682,-17.03492,0,0.7035111,0,-0.7106843;
custom,cylinder,grass4,1.4,1,1.4,0,1,1,1,0.14,0.14,-524.2793,1.240682,-77.03176,0,0.7035111,0,-0.7106843;
custom,tree3,default,0.5,0.5,0.5,0,1,1,1,1,1,-523.9749,31.04088,-47.03336,0,0.7035111,0,-0.7106843;
custom,tree5,default,0.3,0.3,0.3,0,1,1,1,1,1,-523.8223,31.04088,-32.03419,0,0.7035111,0,-0.7106843;
custom,field2,default,0.5,0.5,0.5,0,1,1,1,1,1,-523.8733,11.04069,-37.03384,0,0.7035111,0,-0.7106843;
custom,field2,default,0.5,0.5,0.5,0,1,1,1,1,1,-523.7717,11.04069,-27.03434,0,0.7035111,0,-0.7106843;
custom,field2,default,0.5,0.5,0.5,0,1,1,1,1,1,-523.9749,11.04069,-47.03336,0,0.7035111,0,-0.7106843;
custom,field2,default,0.5,0.5,0.5,0,1,1,1,1,1,-524.0765,11.04069,-57.03278,0,0.7035111,0,-0.7106843;
custom,field2,default,0.5,0.5,0.5,0,1,1,1,1,1,-524.1779,11.04069,-67.03234,0,0.7035111,0,-0.7106843;
custom,tree2,default,0.5,0.5,0.5,0,1,1,1,1,1,-524.1779,31.04088,-67.03234,0,0.7035111,0,-0.7106843;
custom,cuboid,house9mat2,6,2,2,0,1,1,1,0.6,0.2,-507.912,1.040685,-123.7635,0,0.7035111,0,-0.7106843;
custom,cylinder,house9mat2,2,1,2,0,1,1,1,0.2,0.2,-507.6071,1.040685,-93.76492,0,0.7035111,0,-0.7106843;
custom,cylinder,house9mat2,2,1,2,0,1,1,1,0.2,0.2,-508.2161,1.040685,-153.762,0,0.7035111,0,-0.7106843;
custom,cuboid,grass4,6,2,1.4,0,1,1,1,0.6,0.14,-507.912,1.240682,-123.7635,0,0.7035111,0,-0.7106843;
custom,cylinder,grass4,1.4,1,1.4,0,1,1,1,0.14,0.14,-507.6071,1.240682,-93.76492,0,0.7035111,0,-0.7106843;
custom,cylinder,grass4,1.4,1,1.4,0,1,1,1,0.14,0.14,-508.2161,1.240682,-153.762,0,0.7035111,0,-0.7106843;
custom,tree3,default,0.5,0.5,0.5,0,1,1,1,1,1,-507.912,31.04088,-123.7635,0,0.7035111,0,-0.7106843;
custom,tree5,default,0.3,0.3,0.3,0,1,1,1,1,1,-507.7594,31.04088,-108.764,0,0.7035111,0,-0.7106843;
custom,field2,default,0.5,0.5,0.5,0,1,1,1,1,1,-507.8106,11.04069,-113.7637,0,0.7035111,0,-0.7106843;
custom,field2,default,0.5,0.5,0.5,0,1,1,1,1,1,-507.7085,11.04069,-103.7643,0,0.7035111,0,-0.7106843;
custom,field2,default,0.5,0.5,0.5,0,1,1,1,1,1,-507.912,11.04069,-123.7635,0,0.7035111,0,-0.7106843;
custom,field2,default,0.5,0.5,0.5,0,1,1,1,1,1,-508.0133,11.04069,-133.7631,0,0.7035111,0,-0.7106843;
custom,field2,default,0.5,0.5,0.5,0,1,1,1,1,1,-508.1147,11.04069,-143.7627,0,0.7035111,0,-0.7106843;
custom,tree2,default,0.5,0.5,0.5,0,1,1,1,1,1,-508.1147,31.04088,-143.7627,0,0.7035111,0,-0.7106843;
custom,cylinder,grass4,1.4,1,1.4,0,1,1,1,0.14,0.14,-519.1345,-9.364415,-254.1368,0,0.7035111,0,-0.7106843;
custom,cylinder,grass4,1.4,1,1.4,0,1,1,1,0.14,0.14,-529.0495,-9.364415,-306.0843,0,0.7035111,0,-0.7106843;
custom,cylinder,grass4,1.4,1,1.4,0,1,1,1,0.14,0.14,-532.7704,-9.364415,-368.2802,0,0.7035111,0,-0.7106843;
custom,cylinder,grass4,1.4,1,1.4,0,1,1,1,0.14,0.14,-522.0667,-9.364417,-454.8726,0,0.7035111,0,-0.7106843;
custom,cylinder,grass4,1.4,1,1.4,0,1,1,1,0.14,0.14,-531.5175,-9.364417,-532.4678,0,0.7035111,0,-0.7106843;
custom,cylinder,grass4,1.4,1,1.4,0,1,1,1,0.14,0.14,-517.623,-9.364417,-612.0402,0,0.7035111,0,-0.7106843;
custom,cylinder,grass4,1.4,1,1.4,0,1,1,1,0.14,0.14,-529.538,-9.364417,-691.2502,0,0.7035111,0,-0.7106843;
custom,cylinder,grass4,1.4,1,1.4,0,1,1,1,0.14,0.14,-518.2766,-9.364413,-640.366,0,0.7035111,0,-0.7106843;
custom,cylinder,grass4,1.4,1,1.4,0,1,1,1,0.14,0.14,-513.3758,-9.364413,-753.1841,0,0.7035111,0,-0.7106843;
custom,cylinder,grass4,1.4,1,1.4,0,1,1,1,0.14,0.14,-524.17,-9.364413,-808.923,0,0.7035111,0,-0.7106843;
custom,cylinder,grass4,1.4,1,1.4,0,1,1,1,0.14,0.14,-495.3123,-9.364409,-864.7819,0,0.7035111,0,-0.7106843;
custom,cylinder,grass4,1.4,1,1.4,0,1,1,1,0.14,0.14,-519.2797,-9.364409,-893.5234,0,0.7035111,0,-0.7106843;
custom,cylinder,grass4,1.4,1,1.4,0,1,1,1,0.14,0.14,-524.842,-9.364409,-922.8174,0,0.7035111,0,-0.7106843;
custom,cylinder,grass4,1.4,1,1.4,0,1,1,1,0.14,0.14,-514.3138,-9.364409,-412.6935,0,0.7035111,0,-0.7106843;
custom,cylinder,grass4,1.4,1,1.4,0,1,1,1,0.14,0.14,-495.8295,-9.364419,-228.6867,0,0.7035111,0,-0.7106843;
custom,cylinder,grass4,1.4,1,1.4,0,1,1,1,0.14,0.14,-498.997,-9.364423,-184.5574,0,0.7035111,0,-0.7106843;
custom,cylinder,grass4,1.4,1,1.4,0,1,1,1,0.14,0.14,-465.7032,-9.364423,-117.6548,0,0.7035111,0,-0.7106843;
custom,cylinder,grass4,1.4,1,1.4,0,1,1,1,0.14,0.14,-474.8207,-9.364423,-67.50768,0,0.7035111,0,-0.7106843;
custom,cylinder,grass4,1.4,1,1.4,0,1,1,1,0.14,0.14,-476.5363,-9.364423,-31.23529,0,0.7035111,0,-0.7106843;
custom,cylinder,grass4,1.4,1,1.4,0,1,1,1,0.14,0.14,-454.2815,-9.364423,-12.65579,0,0.7035111,0,-0.7106843;

custom,cylinder,house9mat2,2.5,0.25,2.5,0,1,1,1,0.0,0.1,415,2.5,-235,0,0,0,0;
custom,cylinder,house9mat2,2.5,0.25,2.5,0,1,1,1,0.0,0.1,415,57.5,-235,0,0,0,0;
custom,checkpointcylinder,transparent0.5,2.5,2.5,2.5,1,0.375,0.875,0.375,1,1,415,30,-235,0,0,0,0;
custom,checkpointcylinder,transparent0.2,2,2.25,2,1,0.375,0.875,0.375,1,1,415,30,-235,0,0,0,0;
custom,checkpointcylinder,transparent0.1,1.5,1.75,1.5,1,0.375,0.875,0.375,1,1,415,30,-235,0,0,0,0;
custom,checkpointcylinder,transparent0.2,1,1,1,1,0.375,0.875,0.375,1,1,415,30,-235,0,0,0,0;
base,levelBottom,default,0.00175,1,0.00175,0,1,1,1,1,1,415,30,-235,0,0.414,0,1;
base,levelBottom,default,0.00175,1,0.00175,0,1,1,1,1,1,415,30,-235,0,0.5223431,0,0.8527354;
base,levelBottom,default,0.00175,1,0.00175,0,1,1,1,1,1,415,30,-235,0,0.6493094,0,0.7605244;
base,levelBottom,default,0.00175,1,0.00175,0,1,1,1,1,1,415,30,-235,0,0.7602875,0,0.6495867;
base,levelBottom,default,0.00175,1,0.00175,0,1,1,1,1,1,415,30,-235,0,0.8525449,0,0.5226541;
base,levelBottom,default,0.00175,1,0.00175,0,1,1,1,1,1,415,30,-235,0,0.7069779,0,0.7072357;
base,levelBottom,default,0.00175,1,0.00175,0,1,1,1,1,1,415,30,-235,0,0.8089098,0,0.5879327;
base,levelBottom,default,0.00175,1,0.00175,0,1,1,1,1,1,415,30,-235,0,0.8909237,0,0.454153;
base,levelBottom,default,0.00175,1,0.00175,0,1,1,1,1,1,415,30,-235,0,0.9510001,0,0.3091904;
base,levelBottom,default,0.00175,1,0.00175,0,1,1,1,1,1,415,30,-235,0,0.9876598,0,0.1566146;

custom,cylinder,house9mat2,2.5,0.25,2.5,0,1,1,1,0,0.1,415,2.5,-565,0,0,0,0;
custom,cylinder,house9mat2,2.5,0.25,2.5,0,1,1,1,0,0.1,415,57.5,-565,0,0,0,0;
custom,checkpointcylinder,transparent0.5,2.5,2.5,2.5,1,0.375,0.875,0.375,1,1,415,30,-565,0,0,0,0;
custom,checkpointcylinder,transparent0.2,2,2.25,2,1,0.375,0.875,0.375,1,1,415,30,-565,0,0,0,0;
custom,checkpointcylinder,transparent0.1,1.5,1.75,1.5,1,0.375,0.875,0.375,1,1,415,30,-565,0,0,0,0;
custom,checkpointcylinder,transparent0.2,1,1,1,1,0.375,0.875,0.375,1,1,415,30,-565,0,0,0,0;
base,levelBottom,default,0.00175,1,0.00175,0,1,1,1,1,1,415,30,-565,0,0.414,0,1;
base,levelBottom,default,0.00175,1,0.00175,0,1,1,1,1,1,415,30,-565,0,0.5223431,0,0.8527354;
base,levelBottom,default,0.00175,1,0.00175,0,1,1,1,1,1,415,30,-565,0,0.6493094,0,0.7605244;
base,levelBottom,default,0.00175,1,0.00175,0,1,1,1,1,1,415,30,-565,0,0.7602875,0,0.6495867;
base,levelBottom,default,0.00175,1,0.00175,0,1,1,1,1,1,415,30,-565,0,0.8525449,0,0.5226541;
base,levelBottom,default,0.00175,1,0.00175,0,1,1,1,1,1,415,30,-565,0,0.7069779,0,0.7072357;
base,levelBottom,default,0.00175,1,0.00175,0,1,1,1,1,1,415,30,-565,0,0.8089098,0,0.5879327;
base,levelBottom,default,0.00175,1,0.00175,0,1,1,1,1,1,415,30,-565,0,0.8909237,0,0.454153;
base,levelBottom,default,0.00175,1,0.00175,0,1,1,1,1,1,415,30,-565,0,0.9510001,0,0.3091904;
base,levelBottom,default,0.00175,1,0.00175,0,1,1,1,1,1,415,30,-565,0,0.9876598,0,0.1566146;

custom,canal1,default,0.3312697,0.1656348,0.3312697,1,0.1931818,0.2045455,0.2159091,1,1,566.8385,57.63641,104.657,0,0.9927337,0,0.1203328;
custom,canal1,default,0.3312697,0.1656348,0.3312697,1,0.1931818,0.2045455,0.2159091,1,1,545.0135,57.56341,101.0823,0,0.9996967,0,0.02463;
custom,canal1,default,0.3312697,0.1656348,0.3312697,1,0.1931818,0.2045455,0.2159091,1,1,522.8109,57.56341,99.85633,0,0.9996967,0,0.02463;
custom,canal1,default,0.3312697,0.1656348,0.3312697,1,0.1931818,0.2045455,0.2159091,1,1,500.1943,57.55142,99.30498,0,0.9997757,0,-0.0211803;
custom,canal1,default,0.3312697,0.1656348,0.3312697,1,0.1931818,0.2045455,0.2159091,1,1,478.0442,57.46647,99.3894,0,0.9998733,0,0.01592351;
custom,canal1,default,0.3312697,0.1656348,0.3312697,1,0.1931818,0.2045455,0.2159091,1,1,455.6417,57.20145,99.33279,0,0.9997923,0,-0.02037776;
custom,canal1,default,0.3312697,0.1656348,0.3312697,1,0.1931818,0.2045455,0.2159091,1,1,587.8699,57.67262,62.59497,0,-0.9779319,0,-0.2089243;
custom,canal1,default,0.3312697,0.1656348,0.3312697,1,0.1931818,0.2045455,0.2159091,1,1,566.8385,57.63641,55.41724,0,0.9927337,0,0.1203328;
custom,canal1,default,0.3312697,0.1656348,0.3312697,1,0.1931818,0.2045455,0.2159091,1,1,545.0135,57.56341,51.8426,0,0.9996967,0,0.02463;
custom,canal1,default,0.3312697,0.1656348,0.3312697,1,0.1931818,0.2045455,0.2159091,1,1,522.8109,57.56341,50.61659,0,0.9996967,0,0.02463;
custom,canal1,default,0.3312697,0.1656348,0.3312697,1,0.1931818,0.2045455,0.2159091,1,1,500.1943,57.55142,50.06524,0,0.9997757,0,-0.0211803;
custom,canal1,default,0.3312697,0.1656348,0.3312697,1,0.1931818,0.2045455,0.2159091,1,1,478.0442,57.46647,50.14966,0,0.9998733,0,0.01592351;
custom,canal1,default,0.3312697,0.1656348,0.3312697,1,0.1931818,0.2045455,0.2159091,1,1,455.6417,57.20145,50.09306,0,0.9997923,0,-0.02037776;
custom,canal1,default,0.3312697,0.1656348,0.3312697,1,0.1931818,0.2045455,0.2159091,1,1,433.327,56.9898,52.13757,0,0.9971357,0,-0.07563315;
custom,canal1,default,0.3312697,0.1656348,0.3312697,1,0.1931818,0.2045455,0.2159091,1,1,433.327,56.9898,101.3773,0,0.9971357,0,-0.07563315;
custom,canal1,default,0.3312697,0.1656348,0.3312697,1,0.1931818,0.2045455,0.2159091,1,1,584.9461,86.19714,61.34905,-0.1165636,0.9858666,0.0141291,0.1195004;
custom,canal1,default,0.3312697,0.1656348,0.3312697,1,0.1931818,0.2045455,0.2159091,1,1,563.7401,81.03642,57.77435,-0.1173812,0.9927815,0.002891975,0.02445963;
custom,canal1,default,0.3312697,0.1656348,0.3312697,1,0.1931818,0.2045455,0.2159091,1,1,542.1495,75.85852,56.54835,-0.1173812,0.9927815,0.002891975,0.02445963;
custom,canal1,default,0.3312697,0.1656348,0.3312697,1,0.1931818,0.2045455,0.2159091,1,1,520.1596,70.57249,55.99698,-0.1173905,0.99286,-0.002486924,-0.02103382;
custom,canal1,default,0.3312697,0.1656348,0.3312697,1,0.1931818,0.2045455,0.2159091,1,1,498.6398,65.32426,56.08141,-0.1174018,0.9929568,0.001869686,0.01581336;
custom,canal1,default,0.3312697,0.1656348,0.3312697,1,0.1931818,0.2045455,0.2159091,1,1,476.9168,59.84208,56.0248,-0.1173924,0.9928766,-0.002392693,-0.02023683;
custom,canal1,default,0.3312697,0.1656348,0.3312697,1,0.1931818,0.2045455,0.2159091,1,1,584.9461,86.19714,12.10914,-0.1165636,0.9858666,0.0141291,0.1195004;
custom,canal1,default,0.3312697,0.1656348,0.3312697,1,0.1931818,0.2045455,0.2159091,1,1,563.7401,81.03642,8.534492,-0.1173812,0.9927815,0.002891975,0.02445963;
custom,canal1,default,0.3312697,0.1656348,0.3312697,1,0.1931818,0.2045455,0.2159091,1,1,542.1495,75.85852,7.308487,-0.1173812,0.9927815,0.002891975,0.02445963;
custom,canal1,default,0.3312697,0.1656348,0.3312697,1,0.1931818,0.2045455,0.2159091,1,1,520.1596,70.57249,6.757133,-0.1173905,0.99286,-0.002486924,-0.02103382;
custom,canal1,default,0.3312697,0.1656348,0.3312697,1,0.1931818,0.2045455,0.2159091,1,1,498.6398,65.32426,6.841553,-0.1174018,0.9929568,0.001869686,0.01581336;
custom,canal1,default,0.3312697,0.1656348,0.3312697,1,0.1931818,0.2045455,0.2159091,1,1,476.9168,59.84208,6.78495,-0.1173924,0.9928766,-0.002392693,-0.02023683;
custom,canal1,default,0.3312697,0.1656348,0.3312697,1,0.1931818,0.2045455,0.2159091,1,1,434.3719,49.19668,61.63193,-0.1164877,0.9852247,-0.0147418,-0.1246824;
custom,canal1,default,0.3312697,0.1656348,0.3312697,1,0.1931818,0.2045455,0.2159091,1,1,455.2667,54.43227,7.367798,-0.1174125,0.9930467,-0.001000818,-0.008464746;
custom,canal1,default,0.3312697,0.1656348,0.3312697,1,0.1931818,0.2045455,0.2159091,1,1,455.2667,54.43227,58.06932,-0.1170805,0.9902383,-0.008880603,-0.07511003;
custom,canal1,default,0.3312697,0.1656348,0.3312697,1,0.1931818,0.2045455,0.2159091,1,1,569.3789,33.95369,233.6188,-0.2095524,-0.9552165,0.04476859,-0.2040713;
custom,canal1,default,0.3312697,0.1656348,0.3312697,1,0.1931818,0.2045455,0.2159091,1,1,550.2643,42.72452,226.4411,0.2127243,0.9696744,-0.02578507,0.1175377;
custom,canal1,default,0.3312697,0.1656348,0.3312697,1,0.1931818,0.2045455,0.2159091,1,1,530.4132,51.79451,222.8665,0.2142161,0.9764758,-0.005277751,0.02405792;
custom,canal1,default,0.3312697,0.1656348,0.3312697,1,0.1931818,0.2045455,0.2159091,1,1,510.2492,61.08891,221.6404,0.2142161,0.9764758,-0.005277751,0.02405792;
custom,canal1,default,0.3312697,0.1656348,0.3312697,1,0.1931818,0.2045455,0.2159091,1,1,489.7053,70.54499,221.0891,0.2142333,0.9765529,0.004538556,-0.0206884;
custom,canal1,default,0.3312697,0.1656348,0.3312697,1,0.1931818,0.2045455,0.2159091,1,1,469.5532,79.74054,221.1735,0.2142542,0.9766482,-0.003412109,0.01555363;
custom,canal1,default,0.3312697,0.1656348,0.3312697,1,0.1931818,0.2045455,0.2159091,1,1,449.097,88.87777,221.1169,0.2142367,0.9765692,0.004366581,-0.01990451;
custom,canal1,default,0.3312697,0.1656348,0.3312697,1,0.1931818,0.2045455,0.2159091,1,1,569.3789,33.95369,184.379,-0.2095524,-0.9552165,0.04476859,-0.2040713;
custom,canal1,default,0.3312697,0.1656348,0.3312697,1,0.1931818,0.2045455,0.2159091,1,1,550.2643,42.72452,177.2013,0.2127243,0.9696744,-0.02578507,0.1175377;
custom,canal1,default,0.3312697,0.1656348,0.3312697,1,0.1931818,0.2045455,0.2159091,1,1,530.4132,51.79451,173.6266,0.2142161,0.9764758,-0.005277751,0.02405792;
custom,canal1,default,0.3312697,0.1656348,0.3312697,1,0.1931818,0.2045455,0.2159091,1,1,510.2492,61.08891,172.4006,0.2142161,0.9764758,-0.005277751,0.02405792;
custom,canal1,default,0.3312697,0.1656348,0.3312697,1,0.1931818,0.2045455,0.2159091,1,1,489.7053,70.54499,171.8492,0.2142333,0.9765529,0.004538556,-0.0206884;
custom,canal1,default,0.3312697,0.1656348,0.3312697,1,0.1931818,0.2045455,0.2159091,1,1,469.5532,79.74054,171.9337,0.2142542,0.9766482,-0.003412109,0.01555363;
custom,canal1,default,0.3312697,0.1656348,0.3312697,1,0.1931818,0.2045455,0.2159091,1,1,449.097,88.87777,171.8771,0.2142367,0.9765692,0.004366581,-0.01990451;
custom,canal1,default,0.3312697,0.1656348,0.3312697,1,0.1931818,0.2045455,0.2159091,1,1,409.0901,106.8451,226.724,0.2125857,0.969043,0.02690321,-0.1226347;
custom,canal1,default,0.3312697,0.1656348,0.3312697,1,0.1931818,0.2045455,0.2159091,1,1,409.0901,106.8451,177.4841,0.2125857,0.969043,0.02690321,-0.1226347;
custom,canal1,default,0.3312697,0.1656348,0.3312697,1,0.1931818,0.2045455,0.2159091,1,1,428.7431,98.02671,173.9216,0.2136677,0.9739742,0.01620683,-0.07387656;
custom,canal1,default,0.3312697,0.1656348,0.3312697,1,0.1931818,0.2045455,0.2159091,1,1,428.7431,98.02671,223.1614,0.2136677,0.9739742,0.01620683,-0.07387656;
custom,village2,default,1,1,1,0,1,1,1,1,1,583.3093,12.50001,152.452,0,0.3607709,0,-0.9326544;

custom,spike1,default,1,1,1,0,1,1,1,1,1,-0.3935549,-23.14041,-251.5579,-7.425657E-07,0.8021517,2.215264E-07,0.5971203;
custom,spike1,default,1,1,1,0,1,1,1,1,1,-37.76184,-23.14041,-311.2788,-3.678738E-07,0.7477372,-6.82018E-07,-0.6639948;
custom,spike1,default,1,1,1,0,1,1,1,1,1,12.28304,-23.14041,-361.1692,0,0.9997355,0,-0.02299758;
custom,spike1,default,1,1,1,0,1,1,1,1,1,74.46602,-23.14044,-324.0098,0,-0.1861565,0,0.9825202;
custom,spike1,default,1,1,1,0,1,1,1,1,1,130.2779,-23.14041,-356.3856,0,0.9632619,0,-0.268564;
custom,spike1,default,1,1,1,0,1,1,1,1,1,213.5976,-23.1404,-374.518,0,0.9915866,0,0.1294454;
custom,spike1,default,1,1,1,0,1,1,1,1,1,278.7209,-23.14042,-346.093,0,-0.05954846,0,-0.9982255;
custom,spike1,default,1,1,1,0,1,1,1,1,1,325.4554,-23.14042,-397.6462,0,-0.6611655,0,-0.7502401;
custom,spike1,default,1,1,1,0,1,1,1,1,1,281.2581,-23.14041,-454.4331,0,-0.992978,0,-0.1182989;
custom,spike1,default,1,1,1,0,1,1,1,1,1,215.5143,-23.14041,-421.6432,0,0.1295128,0,0.9915777;
custom,spike1,default,1,1,1,0,1,1,1,1,1,130.4518,-23.1404,-427.5872,0,-0.2684985,0,0.9632801;
custom,spike1,default,1,1,1,0,1,1,1,1,1,70.10638,-23.14041,-456.2074,0,-0.9877392,0,0.1561132;
custom,spike1,default,1,1,1,0,1,1,1,1,1,6.351013,-23.14041,-437.042,0,-0.3109208,0,0.9504358;
custom,spike1,default,1,1,1,0,1,1,1,1,1,-56.71262,-23.1404,-479.949,0,-0.9992627,0,0.03839589;
custom,spike1,default,1,1,1,0,1,1,1,1,1,-98.3623,-23.14039,-422.5811,0,-0.6426498,0,0.7661601;
custom,spike1,default,1,1,1,0,1,1,1,1,1,-74.26012,-23.14039,-357.8606,0,-0.5552598,0,-0.831677;
custom,spike1,default,1,1,1,0,1,1,1,1,1,-116.472,-23.14039,-295.7366,0,-0.7689723,0,0.6392822;
custom,spike1,default,1,1,1,0,1,1,1,1,1,-112.4965,-23.14038,-225.5143,0,-0.6426498,0,0.7661601;
custom,spike1,default,1,1,1,0,1,1,1,1,1,-88.39436,-23.14038,-160.7937,0,-0.5552598,0,-0.831677;
custom,spike1,default,1,1,1,0,1,1,1,1,1,-130.6062,-23.14038,-98.66975,0,-0.7689723,0,0.6392822;
custom,spike1,default,1,1,1,0,1,1,1,1,1,-146.9698,-23.14038,-32.77979,0,0.1899388,0,0.981796;
custom,spike1,default,1,1,1,0,1,1,1,1,1,-224.5496,-23.14038,-49.48637,0,0.9993202,0,0.03686806;
custom,spike1,default,1,1,1,0,1,1,1,1,1,-292.8417,-23.14038,-30.06486,0,-0.1504403,0,0.9886191;
custom,spike1,default,1,1,1,0,1,1,1,1,1,-357.5724,-23.14037,-73.67024,0,0.9956479,0,0.09319471;
custom,spike1,default,1,1,1,0,1,1,1,1,1,-404.7864,-23.14038,-27.28321,0,0.3454724,0,0.9384289;

//Special Coating;

custom,killCuboid,transparent0.35,0.5,2,45,1,1,0,0,1,1,-300,35,-625,0,0,0,0;
custom,killCuboid,transparent0.35,0.5,2,65,1,1,0,0,1,1,-225,35,-575,0,0,0,0;
custom,killCuboid,transparent0.35,0.5,2,65,1,1,0,0,1,1,-375,35,-575,0,0,0,0;
custom,killCuboid,transparent0.35,1,6,20,1,1,0,0,1,1,-450,30,-400,0,0,0,0;
custom,killCuboid,transparent0.35,100,1.5,100,1,1,0,0,1,1,1355,-4.5,-255,0,0,0,0;
custom,killCuboid,transparent0.35,100,1.5,100,1,1,0,0,1,1,945,-4.5,745,0,0,0,0;
custom,killCuboid,transparent0.35,11,1,19,1,1,0,0,1,1,0,135,-95,0,0,0,0;
custom,killCuboid,transparent0.35,17,-6,1,1,1,0,0,1,1,-222.5,100,-1205,0,0,0,0;
custom,killCuboid,transparent0.35,17,6,1,1,1,0,0,1,1,37.5,100,-1205,0,0,0,0;
custom,killCuboid,transparent0.35,2,3,45,1,1,0,0,1,1,-300,35,-625,0,0,0,0;
custom,killCuboid,transparent0.35,2,3,65,1,1,0,0,1,1,-225,35,-575,0,0,0,0;
custom,killCuboid,transparent0.35,2,3,65,1,1,0,0,1,1,-375,35,-575,0,0,0,0;
custom,killCuboid,transparent0.35,20,6,10,1,1,0,0,1,1,655,30,-945,0,0,0,0;
custom,killCuboid,transparent0.35,30.5,1,17.5,1,1,0,0,1,1,697.5,65,-82.5,0,0,0,0;
custom,killCuboid,transparent0.35,32,1,68,1,1,0,0,1,1,705,65,-880,0,0,0,0;
custom,killCuboid,transparent0.35,9,1,37,1,1,0,0,1,1,590,65,-355,0,0,0,0;
custom,killcuboid,transparent0.35,1,2,14,1,1,0,0,1,1,640,130,-250,0,0,0,0;
custom,killcuboid,transparent0.35,1,2,14,1,1,0,0,1,1,860,130,-250,0,0,0,0;
custom,killcuboid,transparent0.35,1,2,21,1,1,0,0,1,1,640,110,-285,0,0,0,0;
custom,killcuboid,transparent0.35,1,2,21,1,1,0,0,1,1,860,110,-285,0,0,0,0;
custom,killcuboid,transparent0.35,1,2,28,1,1,0,0,1,1,640,90,-320,0,0,0,0;
custom,killcuboid,transparent0.35,1,2,28,1,1,0,0,1,1,860,90,-320,0,0,0,0;
custom,killcuboid,transparent0.35,1,2,35,1,1,0,0,1,1,640,70,-355,0,0,0,0;
custom,killcuboid,transparent0.35,1,2,35,1,1,0,0,1,1,860,70,-355,0,0,0,0;
custom,killcuboid,transparent0.35,1,21,7,1,1,0,0,1,1,-119,95,-895,0.7024207,0.0812728,-0.0812728,0.7024207;
custom,killcuboid,transparent0.35,1,21,7,1,1,0,0,1,1,-142,95,-1095,1,0,0,1;
custom,killcuboid,transparent0.35,1,21,7,1,1,0,0,1,1,-19,95,-895,0.7024207,0.0812728,-0.0812728,0.7024207;
custom,killcuboid,transparent0.35,1,21,7,1,1,0,0,1,1,-42,95,-1095,1,0,0,1;
custom,killcuboid,transparent0.35,1,21,7,1,1,0,0,1,1,-50,95,-295,1,0,0,1;
custom,killcuboid,transparent0.35,1,21,7,1,1,0,0,1,1,-73,95,-495,0.7024207,0.0812728,-0.0812728,0.7024207;
custom,killcuboid,transparent0.35,1,21,7,1,1,0,0,1,1,-96,95,-695,1,0,0,1;
custom,killcuboid,transparent0.35,1,21,7,1,1,0,0,1,1,27,95,-495,0.7024207,0.0812728,-0.0812728,0.7024207;
custom,killcuboid,transparent0.35,1,21,7,1,1,0,0,1,1,4,95,-695,1,0,0,1;
custom,killcuboid,transparent0.35,1,21,7,1,1,0,0,1,1,50,95,-295,1,0,0,1;
custom,killcuboid,transparent0.35,1,6,10,1,1,0,0,1,1,-150,100,50,0,0,0,0;
custom,killcuboid,transparent0.35,1,6,10,1,1,0,0,1,1,150,100,50,0,0,0,0;
custom,killcuboid,transparent0.35,10,6,1,1,1,0,0,1,1,-100,100,0,0,0,0,0;
custom,killcuboid,transparent0.35,10,6,1,1,1,0,0,1,1,100,100,0,0,0,0,0;
custom,killcuboid,transparent0.35,11,21,1,1,1,0,0,1,1,-23,135,-495,0.7024207,0.08127282,-0.08127282,0.7024207;
custom,killcuboid,transparent0.35,11,21,1,1,1,0,0,1,1,-46,135,-695,1,0,0,1;
custom,killcuboid,transparent0.35,11,21,1,1,1,0,0,1,1,-69,135,-895,0.7024207,0.08127282,-0.08127282,0.7024207;
custom,killcuboid,transparent0.35,11,21,1,1,1,0,0,1,1,-92,135,-1095,1,0,0,1;
custom,killcuboid,transparent0.35,11,21,1,1,1,0,0,1,1,0,135,-295,1,0,0,1;
custom,killcuboid,transparent0.35,2,1,2,1,1,0,0,1,1,-225,30,-920,0,0.7071068,0,0.7071068;
custom,killcuboid,transparent0.35,2,1,2,1,1,0,0,1,1,-300,30,-180,0,0.7071068,0,0.7071068;
custom,killcuboid,transparent0.35,2,1,2,1,1,0,0,1,1,-375,30,-920,0,0.7071068,0,0.7071068;
custom,killcuboid,transparent0.35,2,6.1,2,1,1,0,0,1,1,-225,30,-920,0,0.7071068,0,0.7071068;
custom,killcuboid,transparent0.35,2,6.1,2,1,1,0,0,1,1,-300,30,-180,0,0.7071068,0,0.7071068;
custom,killcuboid,transparent0.35,2,6.1,2,1,1,0,0,1,1,-375,30,-920,0,0.7071068,0,0.7071068;
custom,killcuboid,transparent0.35,20,8,1,1,1,0,0,1,1,750,100,-175,0,0,0,0;
custom,killcuboid,transparent0.35,21,14,1,1,1,0,0,1,1,750,145,-250,1,0,0,1;
custom,killcuboid,transparent0.35,21,3,1,1,1,0,0,1,1,750,115,-395,0,0,0,0;
custom,killcuboid,transparent0.35,21,3,1,1,1,0,0,1,1,750,135,-325,0,0,0,0;
custom,killcuboid,transparent0.35,21,3,1,1,1,0,0,1,1,750,75,-535,0,0,0,0;
custom,killcuboid,transparent0.35,21,3,1,1,1,0,0,1,1,750,95,-465,0,0,0,0;
custom,killcuboid,transparent0.35,21,6,1,1,1,0,0,1,1,750,105,-430,1,0,0,1;
custom,killcuboid,transparent0.35,21,6,1,1,1,0,0,1,1,750,125,-360,1,0,0,1;
custom,killcuboid,transparent0.35,21,6,1,1,1,0,0,1,1,750,85,-500,1,0,0,1;
custom,killcuboid,transparent0.35,30,1,10,1,1,0,0,1,1,0,135,50,0,0,0,0;
custom,killcuboid,transparent0.35,42.5,1,72,1,1,0,0,1,1,-92.5,135,-1560,0,0,0,1;
custom,killcuboid,transparent0.35,5,18,1,1,1,0,0,1,1,0,65,-100,1,0,0,1;

base,levelBottom,default,0.0005,0.333333333333333,0.045,0,1,1,1,1,1,-300,35,-625,0,0,0,0;
base,levelBottom,default,0.0005,0.333333333333333,0.065,0,1,1,1,1,1,-225,35,-575,0,0,0,0;
base,levelBottom,default,0.0005,0.333333333333333,0.065,0,1,1,1,1,1,-375,35,-575,0,0,0,0;
base,levelBottom,default,0.001,1,0.02,0,1,1,1,1,1,-450,30,-400,0,0,0,0;
base,levelBottom,default,0.1,0.25,0.1,0,1,1,1,1,1,1355,-4.5,-255,0,0,0,0;
base,levelBottom,default,0.1,0.25,0.1,0,1,1,1,1,1,945,-4.5,745,0,0,0,0;
base,levelBottom,default,0.011,0.166666666666666,0.019,0,1,1,1,1,1,0,135,-95,0,0,0,0;
base,levelBottom,default,0.017,1,0.001,0,1,1,1,1,1,-222.5,100,-1205,0,0,0,0;
base,levelBottom,default,0.017,1,0.001,0,1,1,1,1,1,37.5,100,-1205,0,0,0,0;
base,levelBottom,default,0.002,0.5,0.045,0,1,1,1,1,1,-300,35,-625,0,0,0,0;
base,levelBottom,default,0.002,0.5,0.065,0,1,1,1,1,1,-225,35,-575,0,0,0,0;
base,levelBottom,default,0.002,0.5,0.065,0,1,1,1,1,1,-375,35,-575,0,0,0,0;
base,levelBottom,default,0.02,1,0.01,0,1,1,1,1,1,655,30,-945,0,0,0,0;
base,levelBottom,default,0.0305,0.166666666666666,0.0175,0,1,1,1,1,1,697.5,65,-82.5,0,0,0,0;
base,levelBottom,default,0.032,0.166666666666666,0.068,0,1,1,1,1,1,705,65,-880,0,0,0,0;
base,levelBottom,default,0.009,0.166666666666666,0.037,0,1,1,1,1,1,590,65,-355,0,0,0,0;
base,levelBottom,default,0.001,0.333333333333333,0.014,0,1,1,1,1,1,640,130,-250,0,0,0,0;
base,levelBottom,default,0.001,0.333333333333333,0.014,0,1,1,1,1,1,860,130,-250,0,0,0,0;
base,levelBottom,default,0.001,0.333333333333333,0.021,0,1,1,1,1,1,640,110,-285,0,0,0,0;
base,levelBottom,default,0.001,0.333333333333333,0.021,0,1,1,1,1,1,860,110,-285,0,0,0,0;
base,levelBottom,default,0.001,0.333333333333333,0.028,0,1,1,1,1,1,640,90,-320,0,0,0,0;
base,levelBottom,default,0.001,0.333333333333333,0.028,0,1,1,1,1,1,860,90,-320,0,0,0,0;
base,levelBottom,default,0.001,0.333333333333333,0.035,0,1,1,1,1,1,640,70,-355,0,0,0,0;
base,levelBottom,default,0.001,0.333333333333333,0.035,0,1,1,1,1,1,860,70,-355,0,0,0,0;
base,levelBottom,default,0.001,3.5,0.007,0,1,1,1,1,1,-119,95,-895,0.7024207,0.0812728,-0.0812728,0.7024207;
base,levelBottom,default,0.001,3.5,0.007,0,1,1,1,1,1,-142,95,-1095,1,0,0,1;
base,levelBottom,default,0.001,3.5,0.007,0,1,1,1,1,1,-19,95,-895,0.7024207,0.0812728,-0.0812728,0.7024207;
base,levelBottom,default,0.001,3.5,0.007,0,1,1,1,1,1,-42,95,-1095,1,0,0,1;
base,levelBottom,default,0.001,3.5,0.007,0,1,1,1,1,1,-50,95,-295,1,0,0,1;
base,levelBottom,default,0.001,3.5,0.007,0,1,1,1,1,1,-73,95,-495,0.7024207,0.0812728,-0.0812728,0.7024207;
base,levelBottom,default,0.001,3.5,0.007,0,1,1,1,1,1,-96,95,-695,1,0,0,1;
base,levelBottom,default,0.001,3.5,0.007,0,1,1,1,1,1,27,95,-495,0.7024207,0.0812728,-0.0812728,0.7024207;
base,levelBottom,default,0.001,3.5,0.007,0,1,1,1,1,1,4,95,-695,1,0,0,1;
base,levelBottom,default,0.001,3.5,0.007,0,1,1,1,1,1,50,95,-295,1,0,0,1;
base,levelBottom,default,0.001,1,0.01,0,1,1,1,1,1,-150,100,50,0,0,0,0;
base,levelBottom,default,0.001,1,0.01,0,1,1,1,1,1,150,100,50,0,0,0,0;
base,levelBottom,default,0.01,1,0.001,0,1,1,1,1,1,-100,100,0,0,0,0,0;
base,levelBottom,default,0.01,1,0.001,0,1,1,1,1,1,100,100,0,0,0,0,0;
base,levelBottom,default,0.011,3.5,0.001,0,1,1,1,1,1,-23,135,-495,0.7024207,0.08127282,-0.08127282,0.7024207;
base,levelBottom,default,0.011,3.5,0.001,0,1,1,1,1,1,-46,135,-695,1,0,0,1;
base,levelBottom,default,0.011,3.5,0.001,0,1,1,1,1,1,-69,135,-895,0.7024207,0.08127282,-0.08127282,0.7024207;
base,levelBottom,default,0.011,3.5,0.001,0,1,1,1,1,1,-92,135,-1095,1,0,0,1;
base,levelBottom,default,0.011,3.5,0.001,0,1,1,1,1,1,0,135,-295,1,0,0,1;
base,levelBottom,default,0.002,0.166666666666666,0.002,0,1,1,1,1,1,-225,30,-920,0,0.7071068,0,0.7071068;
base,levelBottom,default,0.002,0.166666666666666,0.002,0,1,1,1,1,1,-300,30,-180,0,0.7071068,0,0.7071068;
base,levelBottom,default,0.002,0.166666666666666,0.002,0,1,1,1,1,1,-375,30,-920,0,0.7071068,0,0.7071068;
base,levelBottom,default,0.002,1.01666666666666,0.002,0,1,1,1,1,1,-225,30,-920,0,0.7071068,0,0.7071068;
base,levelBottom,default,0.002,1.01666666666666,0.002,0,1,1,1,1,1,-300,30,-180,0,0.7071068,0,0.7071068;
base,levelBottom,default,0.002,1.01666666666666,0.002,0,1,1,1,1,1,-375,30,-920,0,0.7071068,0,0.7071068;
base,levelBottom,default,0.02,1.33333333333333,0.001,0,1,1,1,1,1,750,100,-175,0,0,0,0;
base,levelBottom,default,0.021,2.33333333333333,0.001,0,1,1,1,1,1,750,145,-250,1,0,0,1;
base,levelBottom,default,0.021,0.5,0.001,0,1,1,1,1,1,750,115,-395,0,0,0,0;
base,levelBottom,default,0.021,0.5,0.001,0,1,1,1,1,1,750,135,-325,0,0,0,0;
base,levelBottom,default,0.021,0.5,0.001,0,1,1,1,1,1,750,75,-535,0,0,0,0;
base,levelBottom,default,0.021,0.5,0.001,0,1,1,1,1,1,750,95,-465,0,0,0,0;
base,levelBottom,default,0.021,1,0.001,0,1,1,1,1,1,750,105,-430,1,0,0,1;
base,levelBottom,default,0.021,1,0.001,0,1,1,1,1,1,750,125,-360,1,0,0,1;
base,levelBottom,default,0.021,1,0.001,0,1,1,1,1,1,750,85,-500,1,0,0,1;
base,levelBottom,default,0.03,0.166666666666666,0.01,0,1,1,1,1,1,0,135,50,0,0,0,0;
base,levelBottom,default,0.0425,0.166666666666666,0.072,0,1,1,1,1,1,-92.5,135,-1560,0,0,0,1;
base,levelBottom,default,0.005,3,0.001,0,1,1,1,1,1,0,65,-100,1,0,0,1;


