
map,disablebounds;
spawnpoint,playerC,1220,890,-120,0,1,0,0;
spawnpoint,playerm,1180,890,-120,0,1,0,0;

custom,log1,default,0.7,1,0.7,1,0.33,0.15,0,1,1,-275,23,180,0,0,0,0;
custom,cone,grass3,1.7,0.7,1.7,1,0,0.30,0,1,1,-272.5,40.5,180,0,0,0,0;
custom,cone,grass3,1.5,0.7,1.5,1,0,0.30,0,1,1,-272.5,48,180,0,0,0,0;
custom,cone,grass3,1.3,0.7,1.3,1,0,0.30,0,1,1,-272.5,55.5,180,0,0,0,0;
custom,cone,grass3,1.1,0.6,1.1,1,0,0.30,0,1,1,-272.5,63,180,0,0,0,0;
custom,cone,grass3,0.7,0.5,0.7,1,0,0.30,0,1,1,-272.5,73,180,0,0,0,0;

custom,log1,default,0.7,1,0.7,1,0.33,0.15,0,1,1,-375,23,180,0,0,0,0;
custom,cone,grass3,1.7,0.7,1.7,1,0,0.30,0,1,1,-372.5,40.5,180,0,0,0,0;
custom,cone,grass3,1.5,0.7,1.5,1,0,0.30,0,1,1,-372.5,48,180,0,0,0,0;
custom,cone,grass3,1.3,0.7,1.3,1,0,0.30,0,1,1,-372.5,55.5,180,0,0,0,0;
custom,cone,grass3,1.1,0.6,1.1,1,0,0.30,0,1,1,-372.5,63,180,0,0,0,0;
custom,cone,grass3,0.7,0.5,0.7,1,0,0.30,0,1,1,-372.5,73,180,0,0,0,0;

custom,log1,default,0.7,1,0.7,1,0.33,0.15,0,1,1,-475,23,180,0,0,0,0;
custom,cone,grass3,1.7,0.7,1.7,1,0,0.30,0,1,1,-472.5,40.5,180,0,0,0,0;
custom,cone,grass3,1.5,0.7,1.5,1,0,0.30,0,1,1,-472.5,48,180,0,0,0,0;
custom,cone,grass3,1.3,0.7,1.3,1,0,0.30,0,1,1,-472.5,55.5,180,0,0,0,0;
custom,cone,grass3,1.1,0.6,1.1,1,0,0.30,0,1,1,-472.5,63,180,0,0,0,0;
custom,cone,grass3,0.7,0.5,0.7,1,0,0.30,0,1,1,-472.5,73,180,0,0,0,0;

custom,log1,default,0.7,1,0.7,1,0.33,0.15,0,1,1,-575,23,180,0,0,0,0;
custom,cone,grass3,1.7,0.7,1.7,1,0,0.30,0,1,1,-572.5,40.5,180,0,0,0,0;
custom,cone,grass3,1.5,0.7,1.5,1,0,0.30,0,1,1,-572.5,48,180,0,0,0,0;
custom,cone,grass3,1.3,0.7,1.3,1,0,0.30,0,1,1,-572.5,55.5,180,0,0,0,0;
custom,cone,grass3,1.1,0.6,1.1,1,0,0.30,0,1,1,-572.5,63,180,0,0,0,0;
custom,cone,grass3,0.7,0.5,0.7,1,0,0.30,0,1,1,-572.5,73,180,0,0,0,0;

custom,log1,default,0.7,1,0.7,1,0.33,0.15,0,1,1,-675,23,180,0,0,0,0;
custom,cone,grass3,1.7,0.7,1.7,1,0,0.30,0,1,1,-672.5,40.5,180,0,0,0,0;
custom,cone,grass3,1.5,0.7,1.5,1,0,0.30,0,1,1,-672.5,48,180,0,0,0,0;
custom,cone,grass3,1.3,0.7,1.3,1,0,0.30,0,1,1,-672.5,55.5,180,0,0,0,0;
custom,cone,grass3,1.1,0.6,1.1,1,0,0.30,0,1,1,-672.5,63,180,0,0,0,0;
custom,cone,grass3,0.7,0.5,0.7,1,0,0.30,0,1,1,-672.5,73,180,0,0,0,0;

custom,log1,default,0.7,1,0.7,1,0.33,0.15,0,1,1,-775,23,180,0,0,0,0;
custom,cone,grass3,1.7,0.7,1.7,1,0,0.30,0,1,1,-772.5,40.5,180,0,0,0,0;
custom,cone,grass3,1.5,0.7,1.5,1,0,0.30,0,1,1,-772.5,48,180,0,0,0,0;
custom,cone,grass3,1.3,0.7,1.3,1,0,0.30,0,1,1,-772.5,55.5,180,0,0,0,0;
custom,cone,grass3,1.1,0.6,1.1,1,0,0.30,0,1,1,-772.5,63,180,0,0,0,0;
custom,cone,grass3,0.7,0.5,0.7,1,0,0.30,0,1,1,-772.5,73,180,0,0,0,0;

custom,log1,default,0.7,1,0.7,1,0.33,0.15,0,1,1,-275,23,-180,0,0,0,0;
custom,cone,grass3,1.7,0.7,1.7,1,0,0.30,0,1,1,-272.5,40.5,-180,0,0,0,0;
custom,cone,grass3,1.5,0.7,1.5,1,0,0.30,0,1,1,-272.5,48,-180,0,0,0,0;
custom,cone,grass3,1.3,0.7,1.3,1,0,0.30,0,1,1,-272.5,55.5,-180,0,0,0,0;
custom,cone,grass3,1.1,0.6,1.1,1,0,0.30,0,1,1,-272.5,63,-180,0,0,0,0;
custom,cone,grass3,0.7,0.5,0.7,1,0,0.30,0,1,1,-272.5,73,-180,0,0,0,0;

custom,log1,default,0.7,1,0.7,1,0.33,0.15,0,1,1,-375,23,-180,0,0,0,0;
custom,cone,grass3,1.7,0.7,1.7,1,0,0.30,0,1,1,-372.5,40.5,-180,0,0,0,0;
custom,cone,grass3,1.5,0.7,1.5,1,0,0.30,0,1,1,-372.5,48,-180,0,0,0,0;
custom,cone,grass3,1.3,0.7,1.3,1,0,0.30,0,1,1,-372.5,55.5,-180,0,0,0,0;
custom,cone,grass3,1.1,0.6,1.1,1,0,0.30,0,1,1,-372.5,63,-180,0,0,0,0;
custom,cone,grass3,0.7,0.5,0.7,1,0,0.30,0,1,1,-372.5,73,-180,0,0,0,0;

custom,log1,default,0.7,1,0.7,1,0.33,0.15,0,1,1,-475,23,-180,0,0,0,0;
custom,cone,grass3,1.7,0.7,1.7,1,0,0.30,0,1,1,-472.5,40.5,-180,0,0,0,0;
custom,cone,grass3,1.5,0.7,1.5,1,0,0.30,0,1,1,-472.5,48,-180,0,0,0,0;
custom,cone,grass3,1.3,0.7,1.3,1,0,0.30,0,1,1,-472.5,55.5,-180,0,0,0,0;
custom,cone,grass3,1.1,0.6,1.1,1,0,0.30,0,1,1,-472.5,63,-180,0,0,0,0;
custom,cone,grass3,0.7,0.5,0.7,1,0,0.30,0,1,1,-472.5,73,-180,0,0,0,0;

custom,log1,default,0.7,1,0.7,1,0.33,0.15,0,1,1,-575,23,-180,0,0,0,0;
custom,cone,grass3,1.7,0.7,1.7,1,0,0.30,0,1,1,-572.5,40.5,-180,0,0,0,0;
custom,cone,grass3,1.5,0.7,1.5,1,0,0.30,0,1,1,-572.5,48,-180,0,0,0,0;
custom,cone,grass3,1.3,0.7,1.3,1,0,0.30,0,1,1,-572.5,55.5,-180,0,0,0,0;
custom,cone,grass3,1.1,0.6,1.1,1,0,0.30,0,1,1,-572.5,63,-180,0,0,0,0;
custom,cone,grass3,0.7,0.5,0.7,1,0,0.30,0,1,1,-572.5,73,-180,0,0,0,0;

custom,log1,default,0.7,1,0.7,1,0.33,0.15,0,1,1,-675,23,-180,0,0,0,0;
custom,cone,grass3,1.7,0.7,1.7,1,0,0.30,0,1,1,-672.5,40.5,-180,0,0,0,0;
custom,cone,grass3,1.5,0.7,1.5,1,0,0.30,0,1,1,-672.5,48,-180,0,0,0,0;
custom,cone,grass3,1.3,0.7,1.3,1,0,0.30,0,1,1,-672.5,55.5,-180,0,0,0,0;
custom,cone,grass3,1.1,0.6,1.1,1,0,0.30,0,1,1,-672.5,63,-180,0,0,0,0;
custom,cone,grass3,0.7,0.5,0.7,1,0,0.30,0,1,1,-672.5,73,-180,0,0,0,0;

custom,log1,default,0.7,1,0.7,1,0.33,0.15,0,1,1,-775,23,-180,0,0,0,0;
custom,cone,grass3,1.7,0.7,1.7,1,0,0.30,0,1,1,-772.5,40.5,-180,0,0,0,0;
custom,cone,grass3,1.5,0.7,1.5,1,0,0.30,0,1,1,-772.5,48,-180,0,0,0,0;
custom,cone,grass3,1.3,0.7,1.3,1,0,0.30,0,1,1,-772.5,55.5,-180,0,0,0,0;
custom,cone,grass3,1.1,0.6,1.1,1,0,0.30,0,1,1,-772.5,63,-180,0,0,0,0;
custom,cone,grass3,0.7,0.5,0.7,1,0,0.30,0,1,1,-772.5,73,-180,0,0,0,0;


custom,sphere,ice1,1,1,1,0,1,1,1,0.1,0.1,-398.5669873,9,116.4820508,0,0.5,0,0.8660254;
custom,sphere,ice1,0.8,0.8,0.8,0,1,1,1,0.08,0.08,-398.5669873,16,116.4820508,0,0.5,0,0.8660254;
custom,sphere,ice1,0.6,0.6,0.6,0,1,1,1,0.06,0.06,-398.5669873,22,116.4820508,0,0.5,0,0.8660254;
custom,sphere,default,0.08,0.08,0.08,1,0,0,0,0.06,0.06,-396.2009619,23.5,114.3839746,0,0.5,0,0.8660254;
custom,sphere,default,0.08,0.08,0.08,1,0,0,0,0.06,0.06,-397.9330127,23.5,113.3839746,0,0.5,0,0.8660254;
custom,cone,default,0.02,0.08,0.02,1,1,0.4,0,0.06,0.06,-396.5669873,22.5,113.0179492,-0.3535534,0.3535534,-0.6123724,0.6123724;
custom,cylinder,default,0.4,0.1,0.4,1,0,0,0,0.06,0.06,-398.7834936,26,116.3570508,0,0.5,0,0.8660254;
custom,cylinder,bark,0.05,0.2,0.05,0,0,0,0,0.06,0.06,-394.2368603,18,118.9820508,-0.7912401,0.5540323,-0.2120122,0.1484525;
custom,cylinder,bark,0.05,0.2,0.05,0,0,0,0,0.06,0.06,-403.7631397,18,113.4820508,-0.5540323,0.7912401,-0.1484525,0.2120122;

custom,sphere,ice1,1,1,1,0,1,1,1,0.1,0.1,-347.5,9,116.5,0,0.7071068,0,0.7071068;
custom,sphere,ice1,0.8,0.8,0.8,0,1,1,1,0.08,0.08,-347.5,16,116.5,0,0.7071068,0,0.7071068;
custom,sphere,ice1,0.6,0.6,0.6,0,1,1,1,0.06,0.06,-347.5,22,116.5,0,0.7071068,0,0.7071068;
custom,sphere,default,0.08,0.08,0.08,1,0,0,0,0.06,0.06,-346.5,23.5,113.5,0,0.7071068,0,0.7071068;
custom,sphere,default,0.08,0.08,0.08,1,0,0,0,0.06,0.06,-348.5,23.5,113.5,0,0.7071068,0,0.7071068;
custom,cone,default,0.02,0.08,0.02,1,1,0.4,0,0.06,0.06,-347.5,22.5,112.5,-0.5,0.5,-0.5,0.5;
custom,cylinder,default,0.4,0.1,0.4,1,0,0,0,0.06,0.06,-347.75,26,116.5,0,0.7071068,0,0.7071068;
custom,cylinder,bark,0.05,0.2,0.05,0,0,0,0,0.06,0.06,-342.5,18,116.5,-0.8191521,0.5735764,0,0;
custom,cylinder,bark,0.05,0.2,0.05,0,0,0,0,0.06,0.06,-353.5,18,116.5,-0.5735764,0.8191521,0,0;

custom,sphere,ice1,1,1,1,0,1,1,1,0.1,0.1,-447.5,9,116.5,0,0.7071068,0,0.7071068;
custom,sphere,ice1,0.8,0.8,0.8,0,1,1,1,0.08,0.08,-447.5,16,116.5,0,0.7071068,0,0.7071068;
custom,sphere,ice1,0.6,0.6,0.6,0,1,1,1,0.06,0.06,-447.5,22,116.5,0,0.7071068,0,0.7071068;
custom,sphere,default,0.08,0.08,0.08,1,0,0,0,0.06,0.06,-446.5,23.5,113.5,0,0.7071068,0,0.7071068;
custom,sphere,default,0.08,0.08,0.08,1,0,0,0,0.06,0.06,-448.5,23.5,113.5,0,0.7071068,0,0.7071068;
custom,cone,default,0.02,0.08,0.02,1,1,0.4,0,0.06,0.06,-447.5,22.5,112.5,-0.5,0.5,-0.5,0.5;
custom,cylinder,default,0.4,0.1,0.4,1,0,0,0,0.06,0.06,-447.75,26,116.5,0,0.7071068,0,0.7071068;
custom,cylinder,bark,0.05,0.2,0.05,0,0,0,0,0.06,0.06,-442.5,18,116.5,-0.8191521,0.5735764,0,0;
custom,cylinder,bark,0.05,0.2,0.05,0,0,0,0,0.06,0.06,-453.5,18,116.5,-0.5735764,0.8191521,0,0;

custom,sphere,ice1,1,1,1,0,1,1,1,0.1,0.1,-498.5669873,9,116.4820508,0,0.5,0,0.8660254;
custom,sphere,ice1,0.8,0.8,0.8,0,1,1,1,0.08,0.08,-498.5669873,16,116.4820508,0,0.5,0,0.8660254;
custom,sphere,ice1,0.6,0.6,0.6,0,1,1,1,0.06,0.06,-498.5669873,22,116.4820508,0,0.5,0,0.8660254;
custom,sphere,default,0.08,0.08,0.08,1,0,0,0,0.06,0.06,-496.2009619,23.5,114.3839746,0,0.5,0,0.8660254;
custom,sphere,default,0.08,0.08,0.08,1,0,0,0,0.06,0.06,-497.9330127,23.5,113.3839746,0,0.5,0,0.8660254;
custom,cone,default,0.02,0.08,0.02,1,1,0.4,0,0.06,0.06,-496.5669873,22.5,113.0179492,-0.3535534,0.3535534,-0.6123724,0.6123724;
custom,cylinder,default,0.4,0.1,0.4,1,0,0,0,0.06,0.06,-498.7834936,26,116.3570508,0,0.5,0,0.8660254;
custom,cylinder,bark,0.05,0.2,0.05,0,0,0,0,0.06,0.06,-494.2368603,18,118.9820508,-0.7912401,0.5540323,-0.2120122,0.1484525;
custom,cylinder,bark,0.05,0.2,0.05,0,0,0,0,0.06,0.06,-503.7631397,18,113.4820508,-0.5540323,0.7912401,-0.1484525,0.2120122;

custom,sphere,ice1,1,1,1,0,1,1,1,0.1,0.1,-547.5,9,116.5,0,0.7071068,0,0.7071068;
custom,sphere,ice1,0.8,0.8,0.8,0,1,1,1,0.08,0.08,-547.5,16,116.5,0,0.7071068,0,0.7071068;
custom,sphere,ice1,0.6,0.6,0.6,0,1,1,1,0.06,0.06,-547.5,22,116.5,0,0.7071068,0,0.7071068;
custom,sphere,default,0.08,0.08,0.08,1,0,0,0,0.06,0.06,-546.5,23.5,113.5,0,0.7071068,0,0.7071068;
custom,sphere,default,0.08,0.08,0.08,1,0,0,0,0.06,0.06,-548.5,23.5,113.5,0,0.7071068,0,0.7071068;
custom,cone,default,0.02,0.08,0.02,1,1,0.4,0,0.06,0.06,-547.5,22.5,112.5,-0.5,0.5,-0.5,0.5;
custom,cylinder,default,0.4,0.1,0.4,1,0,0,0,0.06,0.06,-547.75,26,116.5,0,0.7071068,0,0.7071068;
custom,cylinder,bark,0.05,0.2,0.05,0,0,0,0,0.06,0.06,-542.5,18,116.5,-0.8191521,0.5735764,0,0;
custom,cylinder,bark,0.05,0.2,0.05,0,0,0,0,0.06,0.06,-553.5,18,116.5,-0.5735764,0.8191521,0,0;

custom,sphere,ice1,1,1,1,0,1,1,1,0.1,0.1,-598.5669873,9,116.4820508,0,0.5,0,0.8660254;
custom,sphere,ice1,0.8,0.8,0.8,0,1,1,1,0.08,0.08,-598.5669873,16,116.4820508,0,0.5,0,0.8660254;
custom,sphere,ice1,0.6,0.6,0.6,0,1,1,1,0.06,0.06,-598.5669873,22,116.4820508,0,0.5,0,0.8660254;
custom,sphere,default,0.08,0.08,0.08,1,0,0,0,0.06,0.06,-596.2009619,23.5,114.3839746,0,0.5,0,0.8660254;
custom,sphere,default,0.08,0.08,0.08,1,0,0,0,0.06,0.06,-597.9330127,23.5,113.3839746,0,0.5,0,0.8660254;
custom,cone,default,0.02,0.08,0.02,1,1,0.4,0,0.06,0.06,-596.5669873,22.5,113.0179492,-0.3535534,0.3535534,-0.6123724,0.6123724;
custom,cylinder,default,0.4,0.1,0.4,1,0,0,0,0.06,0.06,-598.7834936,26,116.3570508,0,0.5,0,0.8660254;
custom,cylinder,bark,0.05,0.2,0.05,0,0,0,0,0.06,0.06,-594.2368603,18,118.9820508,-0.7912401,0.5540323,-0.2120122,0.1484525;
custom,cylinder,bark,0.05,0.2,0.05,0,0,0,0,0.06,0.06,-603.7631397,18,113.4820508,-0.5540323,0.7912401,-0.1484525,0.2120122;


custom,sphere,ice1,1,1,1,0,1,1,1,0.1,0.1,-647.5,9,116.5,0,0.7071068,0,0.7071068;
custom,sphere,ice1,0.8,0.8,0.8,0,1,1,1,0.08,0.08,-647.5,16,116.5,0,0.7071068,0,0.7071068;
custom,sphere,ice1,0.6,0.6,0.6,0,1,1,1,0.06,0.06,-647.5,22,116.5,0,0.7071068,0,0.7071068;
custom,sphere,default,0.08,0.08,0.08,1,0,0,0,0.06,0.06,-646.5,23.5,113.5,0,0.7071068,0,0.7071068;
custom,sphere,default,0.08,0.08,0.08,1,0,0,0,0.06,0.06,-648.5,23.5,113.5,0,0.7071068,0,0.7071068;
custom,cone,default,0.02,0.08,0.02,1,1,0.4,0,0.06,0.06,-647.5,22.5,112.5,-0.5,0.5,-0.5,0.5;
custom,cylinder,default,0.4,0.1,0.4,1,0,0,0,0.06,0.06,-647.75,26,116.5,0,0.7071068,0,0.7071068;
custom,cylinder,bark,0.05,0.2,0.05,0,0,0,0,0.06,0.06,-642.5,18,116.5,-0.8191521,0.5735764,0,0;
custom,cylinder,bark,0.05,0.2,0.05,0,0,0,0,0.06,0.06,-653.5,18,116.5,-0.5735764,0.8191521,0,0;

custom,sphere,ice1,1,1,1,0,1,1,1,0.1,0.1,-698.5669873,9,116.4820508,0,0.5,0,0.8660254;
custom,sphere,ice1,0.8,0.8,0.8,0,1,1,1,0.08,0.08,-698.5669873,16,116.4820508,0,0.5,0,0.8660254;
custom,sphere,ice1,0.6,0.6,0.6,0,1,1,1,0.06,0.06,-698.5669873,22,116.4820508,0,0.5,0,0.8660254;
custom,sphere,default,0.08,0.08,0.08,1,0,0,0,0.06,0.06,-696.2009619,23.5,114.3839746,0,0.5,0,0.8660254;
custom,sphere,default,0.08,0.08,0.08,1,0,0,0,0.06,0.06,-697.9330127,23.5,113.3839746,0,0.5,0,0.8660254;
custom,cone,default,0.02,0.08,0.02,1,1,0.4,0,0.06,0.06,-696.5669873,22.5,113.0179492,-0.3535534,0.3535534,-0.6123724,0.6123724;
custom,cylinder,default,0.4,0.1,0.4,1,0,0,0,0.06,0.06,-698.7834936,26,116.3570508,0,0.5,0,0.8660254;
custom,cylinder,bark,0.05,0.2,0.05,0,0,0,0,0.06,0.06,-694.2368603,18,118.9820508,-0.7912401,0.5540323,-0.2120122,0.1484525;
custom,cylinder,bark,0.05,0.2,0.05,0,0,0,0,0.06,0.06,-703.7631397,18,113.4820508,-0.5540323,0.7912401,-0.1484525,0.2120122;


custom,sphere,ice1,-1,-1,-1,0,1,1,1,0.1,0.1,-398.5669873,9,-85,0.5,0,-0.8660254,0;
custom,sphere,ice1,-0.8,-0.8,-0.8,0,1,1,1,0.08,0.08,-398.5669873,16,-85,0.5,0,-0.8660254,0;
custom,sphere,ice1,-0.6,-0.6,-0.6,0,1,1,1,0.06,0.06,-398.5669873,22,-85,0.5,0,-0.8660254,0;
custom,sphere,default,-0.08,-0.08,-0.08,1,0,0,0,0.06,0.06,-396.2009619,23.5,-82.9019238,0.5,0,-0.8660254,0;
custom,sphere,default,-0.08,-0.08,-0.08,1,0,0,0,0.06,0.06,-397.9330127,23.5,-81.9019238,0.5,0,-0.8660254,0;
custom,cone,default,0.02,0.08,0.02,1,1,0.4,0,0.06,0.06,-396.5669873,22.5,-81.5358984,0.3535534,-0.3535534,-0.6123724,0.6123724;
custom,cylinder,default,-0.4,-0.1,-0.4,1,0,0,0,0.06,0.06,-398.7834936,26,-84.875,0.5,0,-0.8660254,0;
custom,cylinder,bark,-0.05,-0.2,-0.05,0,0,0,0,0.06,0.06,-394.2368603,18,-87.5,0.5540323,-0.7912401,-0.1484525,0.2120122;
custom,cylinder,bark,-0.05,-0.2,-0.05,0,0,0,0,0.06,0.06,-403.7631397,18,-82,0.7912401,-0.5540323,-0.2120122,0.1484525;

custom,sphere,ice1,-1,-1,-1,0,1,1,1,0.1,0.1,-347.5,9,-85.0179492,0.7071068,0,-0.7071068,0;
custom,sphere,ice1,-0.8,-0.8,-0.8,0,1,1,1,0.08,0.08,-347.5,16,-85.0179492,0.7071068,0,-0.7071068,0;
custom,sphere,ice1,-0.6,-0.6,-0.6,0,1,1,1,0.06,0.06,-347.5,22,-85.0179492,0.7071068,0,-0.7071068,0;
custom,sphere,default,-0.08,-0.08,-0.08,1,0,0,0,0.06,0.06,-346.5,23.5,-82.0179492,0.7071068,0,-0.7071068,0;
custom,sphere,default,-0.08,-0.08,-0.08,1,0,0,0,0.06,0.06,-348.5,23.5,-82.0179492,0.7071068,0,-0.7071068,0;
custom,cone,default,0.02,0.08,0.02,1,1,0.4,0,0.06,0.06,-347.5,22.5,-81.0179492,0.5,-0.5,-0.5,0.5;
custom,cylinder,default,-0.4,-0.1,-0.4,1,0,0,0,0.06,0.06,-347.75,26,-85.0179492,0.7071068,0,-0.7071068,0;
custom,cylinder,bark,-0.05,-0.2,-0.05,0,0,0,0,0.06,0.06,-342.5,18,-85.0179492,0.5735764,-0.8191521,0,0;
custom,cylinder,bark,-0.05,-0.2,-0.05,0,0,0,0,0.06,0.06,-353.5,18,-85.0179492,0.8191521,-0.5735764,0,0;

custom,sphere,ice1,-1,-1,-1,0,1,1,1,0.1,0.1,-447.5,9,-85.0179492,0.7071068,0,-0.7071068,0;
custom,sphere,ice1,-0.8,-0.8,-0.8,0,1,1,1,0.08,0.08,-447.5,16,-85.0179492,0.7071068,0,-0.7071068,0;
custom,sphere,ice1,-0.6,-0.6,-0.6,0,1,1,1,0.06,0.06,-447.5,22,-85.0179492,0.7071068,0,-0.7071068,0;
custom,sphere,default,-0.08,-0.08,-0.08,1,0,0,0,0.06,0.06,-446.5,23.5,-82.0179492,0.7071068,0,-0.7071068,0;
custom,sphere,default,-0.08,-0.08,-0.08,1,0,0,0,0.06,0.06,-448.5,23.5,-82.0179492,0.7071068,0,-0.7071068,0;
custom,cone,default,0.02,0.08,0.02,1,1,0.4,0,0.06,0.06,-447.5,22.5,-81.0179492,0.5,-0.5,-0.5,0.5;
custom,cylinder,default,-0.4,-0.1,-0.4,1,0,0,0,0.06,0.06,-447.75,26,-85.0179492,0.7071068,0,-0.7071068,0;
custom,cylinder,bark,-0.05,-0.2,-0.05,0,0,0,0,0.06,0.06,-442.5,18,-85.0179492,0.5735764,-0.8191521,0,0;
custom,cylinder,bark,-0.05,-0.2,-0.05,0,0,0,0,0.06,0.06,-453.5,18,-85.0179492,0.8191521,-0.5735764,0,0;

custom,sphere,ice1,-1,-1,-1,0,1,1,1,0.1,0.1,-498.5669873,9,-85,0.5,0,-0.8660254,0;
custom,sphere,ice1,-0.8,-0.8,-0.8,0,1,1,1,0.08,0.08,-498.5669873,16,-85,0.5,0,-0.8660254,0;
custom,sphere,ice1,-0.6,-0.6,-0.6,0,1,1,1,0.06,0.06,-498.5669873,22,-85,0.5,0,-0.8660254,0;
custom,sphere,default,-0.08,-0.08,-0.08,1,0,0,0,0.06,0.06,-496.2009619,23.5,-82.9019238,0.5,0,-0.8660254,0;
custom,sphere,default,-0.08,-0.08,-0.08,1,0,0,0,0.06,0.06,-497.9330127,23.5,-81.9019238,0.5,0,-0.8660254,0;
custom,cone,default,0.02,0.08,0.02,1,1,0.4,0,0.06,0.06,-496.5669873,22.5,-81.5358984,0.3535534,-0.3535534,-0.6123724,0.6123724;
custom,cylinder,default,-0.4,-0.1,-0.4,1,0,0,0,0.06,0.06,-498.7834936,26,-84.875,0.5,0,-0.8660254,0;
custom,cylinder,bark,-0.05,-0.2,-0.05,0,0,0,0,0.06,0.06,-494.2368603,18,-87.5,0.5540323,-0.7912401,-0.1484525,0.2120122;
custom,cylinder,bark,-0.05,-0.2,-0.05,0,0,0,0,0.06,0.06,-503.7631397,18,-82,0.7912401,-0.5540323,-0.2120122,0.1484525;

custom,sphere,ice1,-1,-1,-1,0,1,1,1,0.1,0.1,-547.5,9,-85.0179492,0.7071068,0,-0.7071068,0;
custom,sphere,ice1,-0.8,-0.8,-0.8,0,1,1,1,0.08,0.08,-547.5,16,-85.0179492,0.7071068,0,-0.7071068,0;
custom,sphere,ice1,-0.6,-0.6,-0.6,0,1,1,1,0.06,0.06,-547.5,22,-85.0179492,0.7071068,0,-0.7071068,0;
custom,sphere,default,-0.08,-0.08,-0.08,1,0,0,0,0.06,0.06,-546.5,23.5,-82.0179492,0.7071068,0,-0.7071068,0;
custom,sphere,default,-0.08,-0.08,-0.08,1,0,0,0,0.06,0.06,-548.5,23.5,-82.0179492,0.7071068,0,-0.7071068,0;
custom,cone,default,0.02,0.08,0.02,1,1,0.4,0,0.06,0.06,-547.5,22.5,-81.0179492,0.5,-0.5,-0.5,0.5;
custom,cylinder,default,-0.4,-0.1,-0.4,1,0,0,0,0.06,0.06,-547.75,26,-85.0179492,0.7071068,0,-0.7071068,0;
custom,cylinder,bark,-0.05,-0.2,-0.05,0,0,0,0,0.06,0.06,-542.5,18,-85.0179492,0.5735764,-0.8191521,0,0;
custom,cylinder,bark,-0.05,-0.2,-0.05,0,0,0,0,0.06,0.06,-553.5,18,-85.0179492,0.8191521,-0.5735764,0,0;

custom,sphere,ice1,-1,-1,-1,0,1,1,1,0.1,0.1,-598.5669873,9,-85,0.5,0,-0.8660254,0;
custom,sphere,ice1,-0.8,-0.8,-0.8,0,1,1,1,0.08,0.08,-598.5669873,16,-85,0.5,0,-0.8660254,0;
custom,sphere,ice1,-0.6,-0.6,-0.6,0,1,1,1,0.06,0.06,-598.5669873,22,-85,0.5,0,-0.8660254,0;
custom,sphere,default,-0.08,-0.08,-0.08,1,0,0,0,0.06,0.06,-596.2009619,23.5,-82.9019238,0.5,0,-0.8660254,0;
custom,sphere,default,-0.08,-0.08,-0.08,1,0,0,0,0.06,0.06,-597.9330127,23.5,-81.9019238,0.5,0,-0.8660254,0;
custom,cone,default,0.02,0.08,0.02,1,1,0.4,0,0.06,0.06,-596.5669873,22.5,-81.5358984,0.3535534,-0.3535534,-0.6123724,0.6123724;
custom,cylinder,default,-0.4,-0.1,-0.4,1,0,0,0,0.06,0.06,-598.7834936,26,-84.875,0.5,0,-0.8660254,0;
custom,cylinder,bark,-0.05,-0.2,-0.05,0,0,0,0,0.06,0.06,-594.2368603,18,-87.5,0.5540323,-0.7912401,-0.1484525,0.2120122;
custom,cylinder,bark,-0.05,-0.2,-0.05,0,0,0,0,0.06,0.06,-603.7631397,18,-82,0.7912401,-0.5540323,-0.2120122,0.1484525;


custom,sphere,ice1,-1,-1,-1,0,1,1,1,0.1,0.1,-647.5,9,-85.0179492,0.7071068,0,-0.7071068,0;
custom,sphere,ice1,-0.8,-0.8,-0.8,0,1,1,1,0.08,0.08,-647.5,16,-85.0179492,0.7071068,0,-0.7071068,0;
custom,sphere,ice1,-0.6,-0.6,-0.6,0,1,1,1,0.06,0.06,-647.5,22,-85.0179492,0.7071068,0,-0.7071068,0;
custom,sphere,default,-0.08,-0.08,-0.08,1,0,0,0,0.06,0.06,-646.5,23.5,-82.0179492,0.7071068,0,-0.7071068,0;
custom,sphere,default,-0.08,-0.08,-0.08,1,0,0,0,0.06,0.06,-648.5,23.5,-82.0179492,0.7071068,0,-0.7071068,0;
custom,cone,default,0.02,0.08,0.02,1,1,0.4,0,0.06,0.06,-647.5,22.5,-81.0179492,0.5,-0.5,-0.5,0.5;
custom,cylinder,default,-0.4,-0.1,-0.4,1,0,0,0,0.06,0.06,-647.75,26,-85.0179492,0.7071068,0,-0.7071068,0;
custom,cylinder,bark,-0.05,-0.2,-0.05,0,0,0,0,0.06,0.06,-642.5,18,-85.0179492,0.5735764,-0.8191521,0,0;
custom,cylinder,bark,-0.05,-0.2,-0.05,0,0,0,0,0.06,0.06,-653.5,18,-85.0179492,0.8191521,-0.5735764,0,0;

custom,sphere,ice1,-1,-1,-1,0,1,1,1,0.1,0.1,-698.5669873,9,-85,0.5,0,-0.8660254,0;
custom,sphere,ice1,-0.8,-0.8,-0.8,0,1,1,1,0.08,0.08,-698.5669873,16,-85,0.5,0,-0.8660254,0;
custom,sphere,ice1,-0.6,-0.6,-0.6,0,1,1,1,0.06,0.06,-698.5669873,22,-85,0.5,0,-0.8660254,0;
custom,sphere,default,-0.08,-0.08,-0.08,1,0,0,0,0.06,0.06,-696.2009619,23.5,-82.9019238,0.5,0,-0.8660254,0;
custom,sphere,default,-0.08,-0.08,-0.08,1,0,0,0,0.06,0.06,-697.9330127,23.5,-81.9019238,0.5,0,-0.8660254,0;
custom,cone,default,0.02,0.08,0.02,1,1,0.4,0,0.06,0.06,-696.5669873,22.5,-81.5358984,0.3535534,-0.3535534,-0.6123724,0.6123724;
custom,cylinder,default,-0.4,-0.1,-0.4,1,0,0,0,0.06,0.06,-698.7834936,26,-84.875,0.5,0,-0.8660254,0;
custom,cylinder,bark,-0.05,-0.2,-0.05,0,0,0,0,0.06,0.06,-694.2368603,18,-87.5,0.5540323,-0.7912401,-0.1484525,0.2120122;
custom,cylinder,bark,-0.05,-0.2,-0.05,0,0,0,0,0.06,0.06,-703.7631397,18,-82,0.7912401,-0.5540323,-0.2120122,0.1484525;

custom,cuboid,ice1,145,1,135,1,0.2,0.4,1,14.5,13.5,-290,0,-40,0,0.7071068,0,0.7071068;


custom,cuboid,wood1,55,0.5,5,1,0.4,0.24,0,5.5,0.5,-500,30,0,0,0,0,0;

custom,cylinder,rock3,5,10,5,0,0.4,0.24,0,0.5,1,-230,40,45,0,0,0,0;
custom,cylinder,rock3,5,10,5,0,0.4,0.24,0,0.5,1,-230,40,-45,0,0,0,0;
custom,statue1,default,2,2,2,0,0.4,0.24,0,0.5,1,-230,138,-45,0,0,0,0;
custom,statue1,default,2,2,-2,0,0.4,0.24,0,0.5,1,-230,138,45,0,0,0,0;



custom,cylinder,wood1,0.5,1.5,0.5,1,0.4,0.24,0,0.05,0.15,-500,15,22,0,0,0,0;
custom,cylinder,wood1,0.5,1.5,0.5,1,0.4,0.24,0,0.05,0.15,-500,15,-22,0,0,0,0;
custom,cylinder,wood1,0.5,1.5,0.5,1,0.4,0.24,0,0.05,0.15,-450,15,22,0,0,0,0;
custom,cylinder,wood1,0.5,1.5,0.5,1,0.4,0.24,0,0.05,0.15,-450,15,-22,0,0,0,0;
custom,cylinder,wood1,0.5,1.5,0.5,1,0.4,0.24,0,0.05,0.15,-400,15,22,0,0,0,0;
custom,cylinder,wood1,0.5,1.5,0.5,1,0.4,0.24,0,0.05,0.15,-400,15,-22,0,0,0,0;
custom,cylinder,wood1,0.5,1.5,0.5,1,0.4,0.24,0,0.05,0.15,-350,15,22,0,0,0,0;
custom,cylinder,wood1,0.5,1.5,0.5,1,0.4,0.24,0,0.05,0.15,-350,15,-22,0,0,0,0;
custom,cylinder,wood1,0.5,1.5,0.5,1,0.4,0.24,0,0.05,0.15,-300,15,22,0,0,0,0;
custom,cylinder,wood1,0.5,1.5,0.5,1,0.4,0.24,0,0.05,0.15,-300,15,-22,0,0,0,0;
custom,cylinder,wood1,0.5,1.5,0.5,1,0.4,0.24,0,0.05,0.15,-250,15,22,0,0,0,0;
custom,cylinder,wood1,0.5,1.5,0.5,1,0.4,0.24,0,0.05,0.15,-250,15,-22,0,0,0,0;


custom,cylinder,wood1,0.5,1.5,0.5,1,0.4,0.24,0,0.05,0.15,-550,15,22,0,0,0,0;
custom,cylinder,wood1,0.5,1.5,0.5,1,0.4,0.24,0,0.05,0.15,-550,15,-22,0,0,0,0;
custom,cylinder,wood1,0.5,1.5,0.5,1,0.4,0.24,0,0.05,0.15,-600,15,22,0,0,0,0;
custom,cylinder,wood1,0.5,1.5,0.5,1,0.4,0.24,0,0.05,0.15,-600,15,-22,0,0,0,0;
custom,cylinder,wood1,0.5,1.5,0.5,1,0.4,0.24,0,0.05,0.15,-650,15,22,0,0,0,0;
custom,cylinder,wood1,0.5,1.5,0.5,1,0.4,0.24,0,0.05,0.15,-650,15,-22,0,0,0,0;
custom,cylinder,wood1,0.5,1.5,0.5,1,0.4,0.24,0,0.05,0.15,-700,15,22,0,0,0,0;
custom,cylinder,wood1,0.5,1.5,0.5,1,0.4,0.24,0,0.05,0.15,-700,15,-22,0,0,0,0;
custom,cylinder,wood1,0.5,1.5,0.5,1,0.4,0.24,0,0.05,0.15,-750,15,22,0,0,0,0;
custom,cylinder,wood1,0.5,1.5,0.5,1,0.4,0.24,0,0.05,0.15,-750,15,-22,0,0,0,0;


custom,cylinder,wood1,0.5,3,0.5,1,0.4,0.24,0,0.05,0.3,-735.5,52,22,0,0,-0.258819,0.9659258;
custom,cylinder,wood1,0.5,3,0.5,1,0.4,0.24,0,0.05,0.3,-714.5,52,22,0,0,0.9659258,-0.258819;
custom,cylinder,wood1,0.5,3,0.5,1,0.4,0.24,0,0.05,0.3,-685.5,52,22,0,0,-0.258819,0.9659258;
custom,cylinder,wood1,0.5,3,0.5,1,0.4,0.24,0,0.05,0.3,-664.5,52,22,0,0,0.9659258,-0.258819;
custom,cylinder,wood1,0.5,3,0.5,1,0.4,0.24,0,0.05,0.3,-635.5,52,22,0,0,-0.258819,0.9659258;
custom,cylinder,wood1,0.5,3,0.5,1,0.4,0.24,0,0.05,0.3,-614.5,52,22,0,0,0.9659258,-0.258819;
custom,cylinder,wood1,0.5,3,0.5,1,0.4,0.24,0,0.05,0.3,-585.5,52,22,0,0,-0.258819,0.9659258;
custom,cylinder,wood1,0.5,3,0.5,1,0.4,0.24,0,0.05,0.3,-564.5,52,22,0,0,0.9659258,-0.258819;
custom,cylinder,wood1,0.5,3,0.5,1,0.4,0.24,0,0.05,0.3,-535.5,52,22,0,0,-0.258819,0.9659258;
custom,cylinder,wood1,0.5,3,0.5,1,0.4,0.24,0,0.05,0.3,-514.5,52,22,0,0,0.9659258,-0.258819;
custom,cylinder,wood1,0.5,3,0.5,1,0.4,0.24,0,0.05,0.3,-485.5,52,22,0,0,-0.258819,0.9659258;
custom,cylinder,wood1,0.5,3,0.5,1,0.4,0.24,0,0.05,0.3,-464.5,52,22,0,0,0.9659258,-0.258819;
custom,cylinder,wood1,0.5,3,0.5,1,0.4,0.24,0,0.05,0.3,-435.5,52,22,0,0,-0.258819,0.9659258;
custom,cylinder,wood1,0.5,3,0.5,1,0.4,0.24,0,0.05,0.3,-414.5,52,22,0,0,0.9659258,-0.258819;
custom,cylinder,wood1,0.5,3,0.5,1,0.4,0.24,0,0.05,0.3,-385.5,52,22,0,0,-0.258819,0.9659258;
custom,cylinder,wood1,0.5,3,0.5,1,0.4,0.24,0,0.05,0.3,-364.5,52,22,0,0,0.9659258,-0.258819;
custom,cylinder,wood1,0.5,3,0.5,1,0.4,0.24,0,0.05,0.3,-335.5,52,22,0,0,-0.258819,0.9659258;
custom,cylinder,wood1,0.5,3,0.5,1,0.4,0.24,0,0.05,0.3,-314.5,52,22,0,0,0.9659258,-0.258819;
custom,cylinder,wood1,0.5,3,0.5,1,0.4,0.24,0,0.05,0.3,-285.5,52,22,0,0,-0.258819,0.9659258;
custom,cylinder,wood1,0.5,3,0.5,1,0.4,0.24,0,0.05,0.3,-264.5,52,22,0,0,0.9659258,-0.258819;

custom,cylinder,wood1,0.5,3,0.5,1,0.4,0.24,0,0.05,0.3,-735.5,52,-22,0,0,-0.258819,0.9659258;
custom,cylinder,wood1,0.5,3,0.5,1,0.4,0.24,0,0.05,0.3,-714.5,52,-22,0,0,0.9659258,-0.258819;
custom,cylinder,wood1,0.5,3,0.5,1,0.4,0.24,0,0.05,0.3,-685.5,52,-22,0,0,-0.258819,0.9659258;
custom,cylinder,wood1,0.5,3,0.5,1,0.4,0.24,0,0.05,0.3,-664.5,52,-22,0,0,0.9659258,-0.258819;
custom,cylinder,wood1,0.5,3,0.5,1,0.4,0.24,0,0.05,0.3,-635.5,52,-22,0,0,-0.258819,0.9659258;
custom,cylinder,wood1,0.5,3,0.5,1,0.4,0.24,0,0.05,0.3,-614.5,52,-22,0,0,0.9659258,-0.258819;
custom,cylinder,wood1,0.5,3,0.5,1,0.4,0.24,0,0.05,0.3,-585.5,52,-22,0,0,-0.258819,0.9659258;
custom,cylinder,wood1,0.5,3,0.5,1,0.4,0.24,0,0.05,0.3,-564.5,52,-22,0,0,0.9659258,-0.258819;
custom,cylinder,wood1,0.5,3,0.5,1,0.4,0.24,0,0.05,0.3,-535.5,52,-22,0,0,-0.258819,0.9659258;
custom,cylinder,wood1,0.5,3,0.5,1,0.4,0.24,0,0.05,0.3,-514.5,52,-22,0,0,0.9659258,-0.258819;
custom,cylinder,wood1,0.5,3,0.5,1,0.4,0.24,0,0.05,0.3,-485.5,52,-22,0,0,-0.258819,0.9659258;
custom,cylinder,wood1,0.5,3,0.5,1,0.4,0.24,0,0.05,0.3,-464.5,52,-22,0,0,0.9659258,-0.258819;
custom,cylinder,wood1,0.5,3,0.5,1,0.4,0.24,0,0.05,0.3,-435.5,52,-22,0,0,-0.258819,0.9659258;
custom,cylinder,wood1,0.5,3,0.5,1,0.4,0.24,0,0.05,0.3,-414.5,52,-22,0,0,0.9659258,-0.258819;
custom,cylinder,wood1,0.5,3,0.5,1,0.4,0.24,0,0.05,0.3,-385.5,52,-22,0,0,-0.258819,0.9659258;
custom,cylinder,wood1,0.5,3,0.5,1,0.4,0.24,0,0.05,0.3,-364.5,52,-22,0,0,0.9659258,-0.258819;
custom,cylinder,wood1,0.5,3,0.5,1,0.4,0.24,0,0.05,0.3,-335.5,52,-22,0,0,-0.258819,0.9659258;
custom,cylinder,wood1,0.5,3,0.5,1,0.4,0.24,0,0.05,0.3,-314.5,52,-22,0,0,0.9659258,-0.258819;
custom,cylinder,wood1,0.5,3,0.5,1,0.4,0.24,0,0.05,0.3,-285.5,52,-22,0,0,-0.258819,0.9659258;
custom,cylinder,wood1,0.5,3,0.5,1,0.4,0.24,0,0.05,0.3,-264.5,52,-22,0,0,0.9659258,-0.258819;


custom,cylinder,wood1,0.5,2,0.5,1,0.4,0.24,0,0.05,0.2,-725,72,0,-0.7071068,0,0,0.7071068;
custom,cylinder,wood1,0.5,2,0.5,1,0.4,0.24,0,0.05,0.2,-675,72,0,-0.7071068,0,0,0.7071068;
custom,cylinder,wood1,0.5,2,0.5,1,0.4,0.24,0,0.05,0.2,-625,72,0,-0.7071068,0,0,0.7071068;
custom,cylinder,wood1,0.5,2,0.5,1,0.4,0.24,0,0.05,0.2,-575,72,0,-0.7071068,0,0,0.7071068;
custom,cylinder,wood1,0.5,2,0.5,1,0.4,0.24,0,0.05,0.2,-525,72,0,-0.7071068,0,0,0.7071068;
custom,cylinder,wood1,0.5,2,0.5,1,0.4,0.24,0,0.05,0.2,-475,72,0,-0.7071068,0,0,0.7071068;
custom,cylinder,wood1,0.5,2,0.5,1,0.4,0.24,0,0.05,0.2,-425,72,0,-0.7071068,0,0,0.7071068;
custom,cylinder,wood1,0.5,2,0.5,1,0.4,0.24,0,0.05,0.2,-375,72,0,-0.7071068,0,0,0.7071068;
custom,cylinder,wood1,0.5,2,0.5,1,0.4,0.24,0,0.05,0.2,-325,72,0,-0.7071068,0,0,0.7071068;
custom,cylinder,wood1,0.5,2,0.5,1,0.4,0.24,0,0.05,0.2,-275,72,0,-0.7071068,0,0,0.7071068;

custom,cylinder,wood1,0.5,2,0.5,1,0.4,0.24,0,0.05,0.2,-785,15,22,0,0,0,0;
custom,cylinder,wood1,0.5,2,0.5,1,0.4,0.24,0,0.05,0.2,-785,15,-22,0,0,0,0;

custom,cylinder,wood1,0.5,2,0.5,1,0.4,0.24,0,0.05,0.2,-815,15,45,0,0,0,0;
custom,cylinder,wood1,0.5,2,0.5,1,0.4,0.24,0,0.05,0.2,-815,15,-45,0,0,0,0;

custom,cylinder,wood1,0.5,2,0.5,1,0.4,0.24,0,0.05,0.2,-845,15,45,0,0,0,0;
custom,cylinder,wood1,0.5,2,0.5,1,0.4,0.24,0,0.05,0.2,-845,15,-45,0,0,0,0;

custom,cylinder,wood1,0.5,2,0.5,1,0.4,0.24,0,0.05,0.2,-875,15,22,0,0,0,0;
custom,cylinder,wood1,0.5,2,0.5,1,0.4,0.24,0,0.05,0.2,-875,15,-22,0,0,0,0;

custom,tube,wood1,11,0.2,11,1,0.4,0.24,0,1.1,1.1,-830,32,2,0,0,0,0;
custom,tube,wood1,9.5,0.2,9.5,1,0.4,0.24,0,0.95,0.95,-830,32.5,2,0,0,0,0;

custom,tube,wood1,7,0.19,7,1,0.4,0.24,0,0.7,0.7,-830,32.5,0,0,0,0,0;
custom,tube,wood1,5.5,0.185,5.5,1,0.4,0.24,0,0.55,0.55,-830,32.5,0,0,0,0,0;
custom,tube,wood1,4,0.18,4,1,0.4,0.24,0,0.4,0.4,-830,32.5,0,0,0,0,0;
custom,tube,wood1,3,0.175,3,1,0.4,0.24,0,0.3,0.3,-830,32.5,0,0,0,0,0;
custom,tube,wood1,2.3,0.17,2.3,1,0.4,0.24,0,0.23,0.23,-830,32.5,0,0,0,0,0;


custom,cuboid,wood1,0.1,4,3,1,0.4,0.24,0,0.3,0.4,-800,53,25,0,-0.3826834,0,0.9238795;
custom,cuboid,wood1,0.1,4,3,1,0.4,0.24,0,0.3,0.4,-800,53,-25,0,0.3826834,0,0.9238795;

custom,cuboid,wood1,0.1,4,5,1,0.4,0.24,0,0.5,0.4,-830,53,35.5,0,0.7071068,0,0.7071068;
custom,cuboid,wood1,0.1,4,5,1,0.4,0.24,0,0.5,0.4,-830,53,-35.5,0,0.7071068,0,0.7071068;

custom,cuboid,wood1,0.1,4,3,1,0.4,0.24,0,0.3,0.4,-860,53,-25,0,-0.3826834,0,0.9238795;
custom,cuboid,wood1,0.1,4,3,1,0.4,0.24,0,0.3,0.4,-860,53,25,0,0.3826834,0,0.9238795;

custom,cuboid,wood1,0.1,4,3,1,0.4,0.24,0,0.3,0.4,-870,53,0,0,0,0,0;


custom,cuboid,castle1tex,0.5,0.5,0.5,0,1,1,1,0.5,-0.5,-867,36,0,0,0,0,0;
custom,cuboid,castle1tex,0.5,0.5,0.5,0,1,1,1,0.5,-0.5,-867,36,5,0,0,0,0;
custom,cuboid,castle1tex,0.5,0.5,0.5,0,1,1,1,0.5,-0.5,-867,36,-5,0,0,0,0;

custom,cuboid,castle1tex,0.5,0.5,0.5,0,1,1,1,0.5,-0.5,-862,36,5,0,0,0,0;
custom,cuboid,castle1tex,0.5,0.5,0.5,0,1,1,1,0.5,-0.5,-862,36,-5,0,0,0,0;

custom,cuboid,castle1tex,0.5,0.5,0.5,0,1,1,1,0.5,-0.5,-867,41,0,0,0,0,0;
custom,cuboid,castle1tex,0.5,0.5,0.5,0,1,1,1,0.5,-0.5,-867,41,5,0,0,0,0;
custom,cuboid,castle1tex,0.5,0.5,0.5,0,1,1,1,0.5,-0.5,-867,41,-5,0,0,0,0;

custom,cuboid,castle1tex,0.5,0.5,0.5,0,1,1,1,0.5,-0.5,-867,36,10,0,0,0,0;
custom,cuboid,castle1tex,0.5,0.5,0.5,0,1,1,1,0.5,-0.5,-867,36,-10,0,0,0,0;

custom,cylinder,wood1,8.5,0.2,8.5,1,0.4,0.24,0,0.85,0.85,-830,74,0,0,0,0,0;

custom,cone,grass2,3,1,3,1,0.4,0.24,0,0.3,0.1,-825,85,0,0,0,0,0;
custom,cone,grass2,0.5,-0.5,0.5,1,0.4,0.24,0,0.3,0.1,-831,110,1.5,0,0,0,0;

custom,tube,wood1,1.2,-0.2,1.2,1,0.4,0.24,0,0.3,0.1,-832,108,2,0,0,0,0;

custom,cylinder,wood1,0.5,2,0.5,1,0.4,0.24,0,0.05,0.2,-790,53,15,0,0,0,0;
custom,cylinder,wood1,0.5,2,0.5,1,0.4,0.24,0,0.05,0.2,-790,53,-15,0,0,0,0;

custom,cylinder,wood1,0.4,1.5,0.4,1,0.4,0.24,0,0.04,0.15,-790,60,0,-0.7071068,0,0,0.7071068;

racing,checkpointCuboid,0.5,3,3,-790,47,0,0,0,0,0;
custom,cuboid,wood1,0.1,1.2,3,1,0.4,0.24,0,0.3,0.12,-790,67.5,0,0,0,0,0;

custom,tube,stone6,1.8,0.5,1.8,0,0.4,0.24,0,0.18,0.18,-830,32,0,0,0,0,0;


custom,cylinder,lava1,1.8,0.1,1.8,0,0.4,0.24,0,0.18,0.18,-830,31,0,0,0,0,0;
custom,cylinder,stone1,1.9,0.07,1.9,0,0.4,0.24,0,0.18,0.18,-830,30.5,0,0,0,0,0;


custom,tube,wood1,2.8,0.1,2.8,0,0.5,0.3,0,0.3,0.3,-830,35,0,0,0,0,0;

custom,cylinder,wood1,0.2,0.1,0.2,0,0.5,0.3,0,0.3,0.3,-830,34,14,0,0,0,0;
custom,cylinder,wood1,0.2,0.1,0.2,0,0.5,0.3,0,0.3,0.3,-830,34,-14,0,0,0,0;

custom,cylinder,wood1,0.2,0.1,0.2,0,0.5,0.3,0,0.3,0.3,-844,34,0,0,0,0,0;
custom,cylinder,wood1,0.2,0.1,0.2,0,0.5,0.3,0,0.3,0.3,-816,34,0,0,0,0,0;

custom,cylinder,wood1,0.2,0.1,0.2,0,0.5,0.3,0,0.3,0.3,-838,34,12,0,0,0,0;
custom,cylinder,wood1,0.2,0.1,0.2,0,0.5,0.3,0,0.3,0.3,-838,34,-12,0,0,0,0;

custom,cylinder,wood1,0.2,0.1,0.2,0,0.5,0.3,0,0.3,0.3,-822,34,12,0,0,0,0;
custom,cylinder,wood1,0.2,0.1,0.2,0,0.5,0.3,0,0.3,0.3,-822,34,-12,0,0,0,0;




custom,cuboid,wood1,0.8,0.1,2,1,0.4,0.24,0,0.5,0.4,-830,40,31.5,0,0.7071068,0,0.7071068;
custom,cylinder,default,0.02,0.45,0.02,1,0,0,0,0.5,0.4,-821,42,31.5,0.3535534,0.6123724,0.3535534,0.6123724;
custom,cylinder,default,0.02,0.45,0.02,1,0,0,0,0.5,0.4,-839,42,31.5,0.3535534,0.6123724,0.3535534,0.6123724;
custom,capsule,tower5mat,0.25,0.05,0.5,0,1,1,1,1,0.5,-835,40.5,32,0,0,0,0;
custom,cuboid,tower5mat,1.25,0.025,0.65,0,1,1,1,1,0.5,-830,40.5,31.5,0,0,0,0;

custom,cuboid,wood1,0.8,0.1,2,1,0.4,0.24,0,0.5,0.4,-830,47.5,31.5,0,0.7071068,0,0.7071068;
custom,cylinder,default,0.02,0.45,0.02,1,0,0,0,0.5,0.4,-821,49.5,31.5,0.3535534,0.6123724,0.3535534,0.6123724;
custom,cylinder,default,0.02,0.45,0.02,1,0,0,0,0.5,0.4,-839,49.5,31.5,0.3535534,0.6123724,0.3535534,0.6123724;
custom,capsule,tower5mat,0.25,0.05,0.5,0,1,1,1,1,0.5,-835,48,32,0,0,0,0;
custom,cuboid,tower5mat,1.25,0.025,0.65,0,1,1,1,1,0.5,-830,48,31.5,0,0,0,0;

custom,cuboid,wood1,0.8,0.1,2,1,0.4,0.24,0,0.5,0.4,-830,55,31.5,0,0.7071068,0,0.7071068;
custom,cylinder,default,0.02,0.45,0.02,1,0,0,0,0.5,0.4,-821,57,31.5,0.3535534,0.6123724,0.3535534,0.6123724;
custom,cylinder,default,0.02,0.45,0.02,1,0,0,0,0.5,0.4,-839,57,31.5,0.3535534,0.6123724,0.3535534,0.6123724;
custom,capsule,tower5mat,0.25,0.05,0.5,0,1,1,1,1,0.5,-835,55.5,32,0,0,0,0;
custom,cuboid,tower5mat,1.25,0.025,0.65,0,1,1,1,1,0.5,-830,55.5,31.5,0,0,0,0;

custom,cuboid,wood1,0.8,0.1,2,1,0.4,0.24,0,0.5,0.4,-830,62.5,31.5,0,0.7071068,0,0.7071068;
custom,cylinder,default,0.02,0.45,0.02,1,0,0,0,0.5,0.4,-821,64.5,31.5,0.3535534,0.6123724,0.3535534,0.6123724;
custom,cylinder,default,0.02,0.45,0.02,1,0,0,0,0.5,0.4,-839,64.5,31.5,0.3535534,0.6123724,0.3535534,0.6123724;
custom,capsule,tower5mat,0.25,0.05,0.5,0,1,1,1,1,0.5,-835,63,32,0,0,0,0;
custom,cuboid,tower5mat,1.25,0.025,0.65,0,1,1,1,1,0.5,-830,63,31.5,0,0,0,0;



custom,cuboid,wood1,-0.8,-0.1,-2,1,0.4,0.24,0,0.5,0.4,-830,40,-31.5,-0.7071068,0,-0.7071068,0;
custom,cylinder,default,-0.02,-0.45,-0.02,1,0,0,0,0.5,0.4,-839,42,-31.5,-0.6123724,-0.3535534,-0.6123724,-0.3535534;
custom,cylinder,default,-0.02,-0.45,-0.02,1,0,0,0,0.5,0.4,-821,42,-31.5,-0.6123724,-0.3535534,-0.6123724,-0.3535534;
custom,capsule,tower5mat,-0.25,-0.05,-0.5,0,1,1,1,1,0.5,-835,40.5,-31,0,1,0,0;
custom,cuboid,tower5mat,-1.25,-0.025,-0.65,0,1,1,1,1,0.5,-830,40.5,-31.5,0,1,0,0;

custom,cuboid,wood1,-0.8,-0.1,-2,1,0.4,0.24,0,0.5,0.4,-830,47.5,-31.5,-0.7071068,0,-0.7071068,0;
custom,cylinder,default,-0.02,-0.45,-0.02,1,0,0,0,0.5,0.4,-839,49.5,-31.5,-0.6123724,-0.3535534,-0.6123724,-0.3535534;
custom,cylinder,default,-0.02,-0.45,-0.02,1,0,0,0,0.5,0.4,-821,49.5,-31.5,-0.6123724,-0.3535534,-0.6123724,-0.3535534;
custom,capsule,tower5mat,-0.25,-0.05,-0.5,0,1,1,1,1,0.5,-835,48,-31,0,1,0,0;
custom,cuboid,tower5mat,-1.25,-0.025,-0.65,0,1,1,1,1,0.5,-830,48,-31.5,0,1,0,0;

custom,cuboid,wood1,-0.8,-0.1,-2,1,0.4,0.24,0,0.5,0.4,-830,55,-31.5,-0.7071068,0,-0.7071068,0;
custom,cylinder,default,-0.02,-0.45,-0.02,1,0,0,0,0.5,0.4,-839,57,-31.5,-0.6123724,-0.3535534,-0.6123724,-0.3535534;
custom,cylinder,default,-0.02,-0.45,-0.02,1,0,0,0,0.5,0.4,-821,57,-31.5,-0.6123724,-0.3535534,-0.6123724,-0.3535534;
custom,capsule,tower5mat,-0.25,-0.05,-0.5,0,1,1,1,1,0.5,-835,55.5,-31,0,1,0,0;
custom,cuboid,tower5mat,-1.25,-0.025,-0.65,0,1,1,1,1,0.5,-830,55.5,-31.5,0,1,0,0;

custom,cuboid,wood1,-0.8,-0.1,-2,1,0.4,0.24,0,0.5,0.4,-830,62.5,-31.5,-0.7071068,0,-0.7071068,0;
custom,cylinder,default,-0.02,-0.45,-0.02,1,0,0,0,0.5,0.4,-839,64.5,-31.5,-0.6123724,-0.3535534,-0.6123724,-0.3535534;
custom,cylinder,default,-0.02,-0.45,-0.02,1,0,0,0,0.5,0.4,-821,64.5,-31.5,-0.6123724,-0.3535534,-0.6123724,-0.3535534;
custom,capsule,tower5mat,-0.25,-0.05,-0.5,0,1,1,1,1,0.5,-835,63,-31,0,1,0,0;
custom,cuboid,tower5mat,-1.25,-0.025,-0.65,0,1,1,1,1,0.5,-830,63,-31.5,0,1,0,0;



custom,cylinder,wood1,-0.02,1.7,-0.02,0,0,0,0,0.002,0.1,-817.5,49.9876883,32.1564345,0.0784591,0,0,0.9969173;
custom,cylinder,wood1,-0.02,1.7,-0.02,0,0,0,0,0.002,0.1,-815,49.9876883,32.1564345,0.0784591,0,0,0.9969173;

custom,cylinder,wood1,-0.02,0.12,-0.02,0,0,0,0,0.002,0.1,-816.25,49.9876883,32.1564345,0.055479,0.055479,-0.704927,0.704927;
custom,cylinder,wood1,-0.02,0.12,-0.02,0,0,0,0,0.002,0.1,-816.25,48.0123117,31.8435655,0.055479,0.055479,-0.704927,0.704927;
custom,cylinder,wood1,-0.02,0.12,-0.02,0,0,0,0,0.002,0.1,-816.25,46.036935,31.5306966,0.055479,0.055479,-0.704927,0.704927;
custom,cylinder,wood1,-0.02,0.12,-0.02,0,0,0,0,0.002,0.1,-816.25,44.0615583,31.2178277,0.055479,0.055479,-0.704927,0.704927;
custom,cylinder,wood1,-0.02,0.12,-0.02,0,0,0,0,0.002,0.1,-816.25,42.0861816,30.9049587,0.055479,0.055479,-0.704927,0.704927;
custom,cylinder,wood1,-0.02,0.12,-0.02,0,0,0,0,0.002,0.1,-816.25,40.1108049,30.5920898,0.055479,0.055479,-0.704927,0.704927;
custom,cylinder,wood1,-0.02,0.12,-0.02,0,0,0,0,0.002,0.1,-816.25,38.1354283,30.2792209,0.055479,0.055479,-0.704927,0.704927;
custom,cylinder,wood1,-0.02,0.12,-0.02,0,0,0,0,0.002,0.1,-816.25,36.1600516,29.966352,0.055479,0.055479,-0.704927,0.704927;
custom,cylinder,wood1,-0.02,0.12,-0.02,0,0,0,0,0.002,0.1,-816.25,34.1846749,29.653483,0.055479,0.055479,-0.704927,0.704927;

custom,cylinder,wood1,-0.02,0.12,-0.02,0,0,0,0,0.002,0.1,-816.25,51.963065,32.4693034,0.055479,0.055479,-0.704927,0.704927;
custom,cylinder,wood1,-0.02,0.12,-0.02,0,0,0,0,0.002,0.1,-816.25,53.9384417,32.7821723,0.055479,0.055479,-0.704927,0.704927;
custom,cylinder,wood1,-0.02,0.12,-0.02,0,0,0,0,0.002,0.1,-816.25,55.9138184,33.0950413,0.055479,0.055479,-0.704927,0.704927;
custom,cylinder,wood1,-0.02,0.12,-0.02,0,0,0,0,0.002,0.1,-816.25,57.8891951,33.4079102,0.055479,0.055479,-0.704927,0.704927;
custom,cylinder,wood1,-0.02,0.12,-0.02,0,0,0,0,0.002,0.1,-816.25,59.8645717,33.7207791,0.055479,0.055479,-0.704927,0.704927;
custom,cylinder,wood1,-0.02,0.12,-0.02,0,0,0,0,0.002,0.1,-816.25,61.8399484,34.033648,0.055479,0.055479,-0.704927,0.704927;
custom,cylinder,wood1,-0.02,0.12,-0.02,0,0,0,0,0.002,0.1,-816.25,63.8153251,34.346517,0.055479,0.055479,-0.704927,0.704927;
custom,cylinder,wood1,-0.02,0.12,-0.02,0,0,0,0,0.002,0.1,-816.25,65.7907018,34.6593859,0.055479,0.055479,-0.704927,0.704927;


custom,cylinder,wood1,-0.02,1.7,-0.02,0,0,0,0,0.002,0.1,-817.5,49.9876883,-32.2435655,-0.0784591,0,0,0.9969173;
custom,cylinder,wood1,-0.02,1.7,-0.02,0,0,0,0,0.002,0.1,-815,49.9876883,-32.2435655,-0.0784591,0,0,0.9969173;

custom,cylinder,wood1,-0.02,0.12,-0.02,0,0,0,0,0.002,0.1,-816.25,49.9876883,-32.2435655,-0.0554789,-0.0554789,-0.704927,0.704927;
custom,cylinder,wood1,-0.02,0.12,-0.02,0,0,0,0,0.002,0.1,-816.25,48.0123117,-31.9306966,-0.0554789,-0.0554789,-0.704927,0.704927;
custom,cylinder,wood1,-0.02,0.12,-0.02,0,0,0,0,0.002,0.1,-816.25,46.036935,-31.6178277,-0.0554789,-0.0554789,-0.704927,0.704927;
custom,cylinder,wood1,-0.02,0.12,-0.02,0,0,0,0,0.002,0.1,-816.25,44.0615583,-31.3049587,-0.0554789,-0.0554789,-0.704927,0.704927;
custom,cylinder,wood1,-0.02,0.12,-0.02,0,0,0,0,0.002,0.1,-816.25,42.0861816,-30.9920899,-0.0554789,-0.0554789,-0.704927,0.704927;
custom,cylinder,wood1,-0.02,0.12,-0.02,0,0,0,0,0.002,0.1,-816.25,40.1108049,-30.6792209,-0.0554789,-0.0554789,-0.704927,0.704927;
custom,cylinder,wood1,-0.02,0.12,-0.02,0,0,0,0,0.002,0.1,-816.25,38.1354283,-30.366352,-0.0554789,-0.0554789,-0.704927,0.704927;
custom,cylinder,wood1,-0.02,0.12,-0.02,0,0,0,0,0.002,0.1,-816.25,36.1600516,-30.053483,-0.0554789,-0.0554789,-0.704927,0.704927;
custom,cylinder,wood1,-0.02,0.12,-0.02,0,0,0,0,0.002,0.1,-816.25,34.1846749,-29.7406141,-0.0554789,-0.0554789,-0.704927,0.704927;

custom,cylinder,wood1,-0.02,0.12,-0.02,0,0,0,0,0.002,0.1,-816.25,51.963065,-32.5564345,-0.0554789,-0.0554789,-0.704927,0.704927;
custom,cylinder,wood1,-0.02,0.12,-0.02,0,0,0,0,0.002,0.1,-816.25,53.9384417,-32.8693034,-0.0554789,-0.0554789,-0.704927,0.704927;
custom,cylinder,wood1,-0.02,0.12,-0.02,0,0,0,0,0.002,0.1,-816.25,55.9138184,-33.1821723,-0.0554789,-0.0554789,-0.704927,0.704927;
custom,cylinder,wood1,-0.02,0.12,-0.02,0,0,0,0,0.002,0.1,-816.25,57.8891951,-33.4950412,-0.0554789,-0.0554789,-0.704927,0.704927;
custom,cylinder,wood1,-0.02,0.12,-0.02,0,0,0,0,0.002,0.1,-816.25,59.8645717,-33.8079102,-0.0554789,-0.0554789,-0.704927,0.704927;
custom,cylinder,wood1,-0.02,0.12,-0.02,0,0,0,0,0.002,0.1,-816.25,61.8399484,-34.1207791,-0.0554789,-0.0554789,-0.704927,0.704927;
custom,cylinder,wood1,-0.02,0.12,-0.02,0,0,0,0,0.002,0.1,-816.25,63.8153251,-34.433648,-0.0554789,-0.0554789,-0.704927,0.704927;
custom,cylinder,wood1,-0.02,0.12,-0.02,0,0,0,0,0.002,0.1,-816.25,65.7907018,-34.746517,-0.0554789,-0.0554789,-0.704927,0.704927;


custom,boulder1,rock3,25,10,8,0,1,1,1,2.5,1,-1000,36,0,0,1,0,1;
custom,boulder1,rock3,25,10,8,0,1,1,1,2,2,-1000,36,150,0,1,0,1;
custom,boulder1,rock3,25,10,8,0,1,1,1,2,2,-1000,36,300,0,1,0,1;
custom,boulder1,rock3,25,10,8,0,1,1,1,2,2,-1000,36,450,0,1,0,1;

custom,boulder1,ice1,25,5,8,0,1,1,1,2.5,1,-1000,105,0,0,1,0,1;
custom,boulder1,ice1,25,5,8,0,1,1,1,2,2,-1000,105,150,0,1,0,1;
custom,boulder1,ice1,25,5,8,0,1,1,1,2,2,-1000,105,300,0,1,0,1;
custom,boulder1,ice1,25,5,8,0,1,1,1,2,2,-1000,105,450,0,1,0,1;

custom,boulder1,rock3,25,10,8,0,1,1,1,2,2,-1000,36,-150,0,1,0,1;
custom,boulder1,rock3,25,10,8,0,1,1,1,2,2,-1000,36,-300,0,1,0,1;
custom,boulder1,rock3,25,10,8,0,1,1,1,2,2,-1000,36,-450,0,1,0,1;

custom,boulder1,ice1,25,5,8,0,1,1,1,2,2,-1000,105,-150,0,1,0,1;
custom,boulder1,ice1,25,5,8,0,1,1,1,2,2,-1000,105,-300,0,1,0,1;
custom,boulder1,ice1,25,5,8,0,1,1,1,2,2,-1000,105,-450,0,1,0,1;

custom,boulder1,rock3,25,10,8,0,1,1,1,2,2,-950,36,-700,0,0,0,0;
custom,boulder1,rock3,25,10,8,0,1,1,1,2,2,-750,36,-700,0,0,0,0;
custom,boulder1,rock3,25,10,8,0,1,1,1,2,2,-550,36,-700,0,0,0,0;
custom,boulder1,rock3,25,10,8,0,1,1,1,2,2,-350,36,-700,0,0,0,0;

custom,boulder1,ice1,25,5,8,0,1,1,1,2,2,-950,105,-700,0,0,0,0;
custom,boulder1,ice1,25,5,8,0,1,1,1,2,2,-750,105,-700,0,0,0,0;
custom,boulder1,ice1,25,5,8,0,1,1,1,2,2,-550,105,-700,0,0,0,0;
custom,boulder1,ice1,25,5,8,0,1,1,1,2,2,-350,105,-700,0,0,0,0;

custom,boulder1,rock3,25,10,8,0,1,1,1,2,2,-950,36,700,0,0,0,0;
custom,boulder1,rock3,25,10,8,0,1,1,1,2,2,-750,36,700,0,0,0,0;
custom,boulder1,rock3,25,10,8,0,1,1,1,2,2,-550,36,700,0,0,0,0;
custom,boulder1,rock3,25,10,8,0,1,1,1,2,2,-350,36,700,0,0,0,0;

custom,boulder1,ice1,25,5,8,0,1,1,1,2,2,-950,105,700,0,0,0,0;
custom,boulder1,ice1,25,5,8,0,1,1,1,2,2,-750,105,700,0,0,0,0;
custom,boulder1,ice1,25,5,8,0,1,1,1,2,2,-550,105,700,0,0,0,0;
custom,boulder1,ice1,25,5,8,0,1,1,1,2,2,-350,105,700,0,0,0,0;

custom,boulder1,rock3,25,10,8,0,1,1,1,2,2,-150,36,700,0,0,0,0;
custom,boulder1,ice1,25,5,8,0,1,1,1,2,2,-150,105,700,0,0,0,0;
custom,boulder1,rock3,25,10,8,0,1,1,1,2,2,50,36,700,0,0,0,0;
custom,boulder1,ice1,25,5,8,0,1,1,1,2,2,50,105,700,0,0,0,0;

custom,boulder1,rock3,25,10,8,0,1,1,1,2,2,-150,36,-700,0,0,0,0;
custom,boulder1,ice1,25,5,8,0,1,1,1,2,2,-150,105,-700,0,0,0,0;
custom,boulder1,rock3,25,10,8,0,1,1,1,2,2,50,36,-700,0,0,0,0;
custom,boulder1,ice1,25,5,8,0,1,1,1,2,2,50,105,-700,0,0,0,0;

custom,boulder1,rock3,5,10,2.02,0,1,1,1,0.5,1,-200,36,85,0,-0.3826834,0,0.9238795;
custom,boulder1,ice1,4.55,9.1,1.88,0,1,1,1,0.5,1,-200,55,85,0,-0.3826834,0,0.9238795;

custom,boulder1,rock3,5,10,2.02,0,1,1,1,0.5,1,-150,36,100,0,0,0,0;
custom,boulder1,ice1,4.55,9.1,1.88,0,1,1,1,0.5,1,-150,55,100,0,0,0,0;
custom,boulder1,ice1,4.55,5.1,1.2,0,1,1,1,0.5,1,-100,105,100,0,0,0,0;
custom,boulder1,rock3,5,10,2.02,0,1,1,1,0.5,1,-50,36,100,0,0,0,0;
custom,boulder1,ice1,4.55,9.1,1.88,0,1,1,1,0.5,1,-50,55,100,0,0,0,0;
custom,boulder1,ice1,4.55,5.1,1.2,0,1,1,1,0.5,1,0,105,100,0,0,0,0;

custom,boulder1,rock3,5,10,2.02,0,1,1,1,0.5,1,50,36,100,0,0,0,0;
custom,boulder1,ice1,4.55,9.1,1.88,0,1,1,1,0.5,1,50,55,100,0,0,0,0;
custom,boulder1,ice1,4.55,5.1,1.2,0,1,1,1,0.5,1,100,105,100,0,0,0,0;
custom,boulder1,rock3,5,10,2.02,0,1,1,1,0.5,1,150,36,100,0,0,0,0;
custom,boulder1,ice1,4.55,9.1,1.88,0,1,1,1,0.5,1,150,55,100,0,0,0,0;


custom,boulder1,rock3,5,10,2.02,0,1,1,1,0.5,1,-200,36,-80,0,0.3826834,0,0.9238795;
custom,boulder1,ice1,4.55,9.1,1.88,0,1,1,1,0.5,1,-200,55,-80,0,0.3826834,0,0.9238795;

custom,boulder1,rock3,5,10,2.02,0,1,1,1,0.5,1,-150,36,-100,0,0,0,0;
custom,boulder1,ice1,4.55,9.1,1.88,0,1,1,1,0.5,1,-150,55,-100,0,0,0,0;
custom,boulder1,ice1,4.55,5.1,1.2,0,1,1,1,0.5,1,-100,105,-100,0,0,0,0;
custom,boulder1,rock3,5,10,2.02,0,1,1,1,0.5,1,-50,36,-100,0,0,0,0;
custom,boulder1,ice1,4.55,9.1,1.88,0,1,1,1,0.5,1,-50,55,-100,0,0,0,0;
custom,boulder1,ice1,4.55,5.1,1.2,0,1,1,1,0.5,1,0,105,-100,0,0,0,0;

custom,boulder1,rock3,5,10,2.02,0,1,1,1,0.5,1,50,36,-100,0,0,0,0;
custom,boulder1,ice1,4.55,9.1,1.88,0,1,1,1,0.5,1,50,55,-100,0,0,0,0;
custom,boulder1,ice1,4.55,5.1,1.2,0,1,1,1,0.5,1,100,105,-100,0,0,0,0;
custom,boulder1,rock3,5,10,2.02,0,1,1,1,0.5,1,150,36,-100,0,0,0,0;
custom,boulder1,ice1,4.55,9.1,1.88,0,1,1,1,0.5,1,150,55,-100,0,0,0,0;

custom,boulder1,default,14.25,0.5,14.25,0,1,1,1,1.0,1.0,-450,5,380,0,0,0,0;
custom,boulder1,crystal2,14,0.6,14,0,1,1,1,0.01,0.01,-450,5,380,0,0,0,0;




//2p;

custom,boulder1,rock3,27.75,30,16,0,0,0,0,1,1,1462.0542832,55,977.9998991,0,1,0,-0.1316525;
custom,boulder1,rock3,27.75,30,16,0,0,0,0,1,1,1706.25,55,876.8507213,0,1,0,-0.2679492;
custom,boulder1,rock3,27.75,30,16,0,0,0,0,1,1,1915.945616,55,715.945616,0,1,0,-0.4142136;
custom,boulder1,rock3,27.75,30,16,0,0,0,0,1,1,2076.8507213,55,506.25,0,1,0,-0.5773503;
custom,boulder1,rock3,27.75,30,16,0,0,0,0,1,1,2177.9998991,55,262.0542832,0,1,0,-0.767327;
custom,boulder1,rock3,27.75,30,16,0,0,0,0,1,1,2212.5,55,0,0,1,0,-1;
custom,boulder1,rock3,27.75,30,16,0,0,0,0,1,1,2177.9998991,55,-262.0542832,0,1,0,-1.3032254;
custom,boulder1,rock3,27.75,30,16,0,0,0,0,1,1,2076.8507213,55,-506.25,0,1,0,-1.7320508;
custom,boulder1,rock3,27.75,30,16,0,0,0,0,1,1,1915.945616,55,-715.945616,0,1,0,-2.4142136;
custom,boulder1,rock3,27.75,30,16,0,0,0,0,1,1,1706.25,55,-876.8507213,0,1,0,-3.7320508;
custom,boulder1,rock3,27.75,30,16,0,0,0,0,1,1,1462.0542832,55,-977.9998991,0,1,0,-7.5957541;
custom,boulder1,rock3,27.75,30,16,0,0,0,0,1,1,1187.9457168,55,-977.9998991,0,0,0,0;
custom,boulder1,rock3,27.75,30,16,0,0,0,0,1,1,937.9457168,55,-977.9998991,0,1,0,7.5957541;
custom,boulder1,rock3,27.75,30,16,0,0,0,0,1,1,693.75,55,-876.8507213,0,1,0,3.7320508;
custom,boulder1,rock3,27.75,30,16,0,0,0,0,1,1,484.054384,55,-715.945616,0,1,0,2.4142136;
custom,boulder1,rock3,27.75,30,16,0,0,0,0,1,1,323.1492787,55,-506.25,0,1,0,1.7320508;
custom,boulder1,rock3,27.75,30,16,0,0,0,0,1,1,222.0001009,55,-482.0542832,0,1,0,1.3032254;
custom,boulder1,rock3,27.75,30,16,0,0,0,0,1,1,1187.9457168,55,977.9998991,0,0,0,0;
custom,boulder1,rock3,27.75,30,16,0,0,0,0,1,1,222.0001009,55,452.0542832,0,1,0,0.767327;
custom,boulder1,rock3,27.75,30,16,0,0,0,0,1,1,323.1492787,55,506.25,0,1,0,0.5773503;
custom,boulder1,rock3,27.75,30,16,0,0,0,0,1,1,484.054384,55,715.945616,0,1,0,0.4142136;
custom,boulder1,rock3,27.75,30,16,0,0,0,0,1,1,693.75,55,876.8507213,0,1,0,0.2679492;
custom,boulder1,rock3,27.75,30,16,0,0,0,0,1,1,937.9457168,55,977.9998991,0,1,0,0.1316525;
custom,boulder1,rock3,35.75,10,5,0,0,0,0,1,1,302.5,405,0,0,1,0,-1;
custom,boulder1,rock3,35.75,10,5,0,0,0,0,1,1,202.5,305,0,0,1,0,-1;





custom,boulder1,rock3,15.609375,16.875,9,0,0,0,0,1,1,1354.0617969,905,550.1249432,0,1,0,-0.1316525;
custom,boulder1,rock3,15.609375,16.875,9,0,0,0,0,1,1,1491.4218876,905,493.2285308,0,1,0,-0.2679492;
custom,boulder1,rock3,15.609375,16.875,9,0,0,0,0,1,1,1609.3756716,905,402.719409,0,1,0,-0.4142136;
custom,boulder1,rock3,15.609375,16.875,9,0,0,0,0,1,1,1699.8847933,905,284.765625,0,1,0,-0.5773503;
custom,boulder1,rock3,15.609375,16.875,9,0,0,0,0,1,1,1756.7812058,905,147.4055343,0,1,0,-0.767327;
custom,boulder1,rock3,15.609375,16.875,9,0,0,0,0,1,1,1776.1875126,905,0,0,1,0,-1;
custom,boulder1,rock3,15.609375,16.875,9,0,0,0,0,1,1,1756.7812058,905,-147.4055343,0,1,0,-1.3032254;
custom,boulder1,rock3,15.609375,16.875,9,0,0,0,0,1,1,1699.8847933,905,-284.765625,0,1,0,-1.7320508;
custom,boulder1,rock3,15.609375,16.875,9,0,0,0,0,1,1,1609.3756716,905,-402.719409,0,1,0,-2.4142136;
custom,boulder1,rock3,15.609375,16.875,9,0,0,0,0,1,1,1491.4218876,905,-493.2285308,0,1,0,-3.7320508;
custom,boulder1,rock3,15.609375,16.875,9,0,0,0,0,1,1,1354.0617969,905,-550.1249432,0,1,0,-7.5957541;
custom,boulder1,rock3,15.609375,16.875,9,0,0,0,0,1,1,1199.8757283,905,-550.1249432,0,0,0,0;
custom,boulder1,rock3,15.609375,16.875,9,0,0,0,0,1,1,1059.2507283,905,-550.1249432,0,1,0,7.5957541;
custom,boulder1,rock3,15.609375,16.875,9,0,0,0,0,1,1,921.8906376,905,-493.2285308,0,1,0,3.7320508;
custom,boulder1,rock3,15.609375,16.875,9,0,0,0,0,1,1,803.9368536,905,-402.719409,0,1,0,2.4142136;
custom,boulder1,rock3,15.609375,16.875,9,0,0,0,0,1,1,713.4277318,905,-284.765625,0,1,0,1.7320508;
custom,boulder1,rock3,15.609375,16.875,9,0,0,0,0,1,1,656.5313194,905,-271.1555343,0,1,0,1.3032254;
custom,boulder1,rock3,15.609375,16.875,9,0,0,0,0,1,1,1199.8757283,905,550.1249432,0,0,0,0;
custom,boulder1,rock3,15.609375,16.875,9,0,0,0,0,1,1,656.5313194,905,254.2805343,0,1,0,0.767327;
custom,boulder1,rock3,15.609375,16.875,9,0,0,0,0,1,1,713.4277318,905,284.765625,0,1,0,0.5773503;
custom,boulder1,rock3,15.609375,16.875,9,0,0,0,0,1,1,803.9368536,905,402.719409,0,1,0,0.4142136;
custom,boulder1,rock3,15.609375,16.875,9,0,0,0,0,1,1,921.8906376,905,493.2285308,0,1,0,0.2679492;
custom,boulder1,rock3,15.609375,16.875,9,0,0,0,0,1,1,1059.2507283,905,550.1249432,0,1,0,0.1316525;
custom,boulder1,rock3,15.609375,16.875,9,0,0,0,0,1,1,651.1875126,905,0,0,1,0,-1;


custom,boulder1,rock3,11.7070313,12.65625,6.75,0,0,0,0,1,1,1318.9682258,1155,412.5937074,0,1,0,-0.1316525;
custom,boulder1,rock3,11.7070313,12.65625,6.75,0,0,0,0,1,1,1421.9882938,1155,369.9213981,0,1,0,-0.2679492;
custom,boulder1,rock3,11.7070313,12.65625,6.75,0,0,0,0,1,1,1510.4536318,1155,302.0395567,0,1,0,-0.4142136;
custom,boulder1,rock3,11.7070313,12.65625,6.75,0,0,0,0,1,1,1578.3354731,1155,213.5742188,0,1,0,-0.5773503;
custom,boulder1,rock3,11.7070313,12.65625,6.75,0,0,0,0,1,1,1621.0077825,1155,110.5541507,0,1,0,-0.767327;
custom,boulder1,rock3,11.7070313,12.65625,6.75,0,0,0,0,1,1,1635.5625126,1155,0,0,1,0,-1;
custom,boulder1,rock3,11.7070313,12.65625,6.75,0,0,0,0,1,1,1621.0077825,1155,-110.5541507,0,1,0,-1.3032254;
custom,boulder1,rock3,11.7070313,12.65625,6.75,0,0,0,0,1,1,1578.3354731,1155,-213.5742188,0,1,0,-1.7320508;
custom,boulder1,rock3,11.7070313,12.65625,6.75,0,0,0,0,1,1,1510.4536318,1155,-302.0395567,0,1,0,-2.4142136;
custom,boulder1,rock3,11.7070313,12.65625,6.75,0,0,0,0,1,1,1421.9882938,1155,-369.9213981,0,1,0,-3.7320508;
custom,boulder1,rock3,11.7070313,12.65625,6.75,0,0,0,0,1,1,1318.9682258,1155,-412.5937074,0,1,0,-7.5957541;
custom,boulder1,rock3,11.7070313,12.65625,6.75,0,0,0,0,1,1,1203.3286744,1155,-412.5937074,0,0,0,0;
custom,boulder1,rock3,11.7070313,12.65625,6.75,0,0,0,0,1,1,1097.8599244,1155,-412.5937074,0,1,0,7.5957541;
custom,boulder1,rock3,11.7070313,12.65625,6.75,0,0,0,0,1,1,994.8398563,1155,-369.9213981,0,1,0,3.7320508;
custom,boulder1,rock3,11.7070313,12.65625,6.75,0,0,0,0,1,1,906.3745184,1155,-302.0395567,0,1,0,2.4142136;
custom,boulder1,rock3,11.7070313,12.65625,6.75,0,0,0,0,1,1,838.492677,1155,-213.5742188,0,1,0,1.7320508;
custom,boulder1,rock3,11.7070313,12.65625,6.75,0,0,0,0,1,1,795.8203677,1155,-203.3666507,0,1,0,1.3032254;
custom,boulder1,rock3,11.7070313,12.65625,6.75,0,0,0,0,1,1,1203.3286744,1155,412.5937074,0,0,0,0;
custom,boulder1,rock3,11.7070313,12.65625,6.75,0,0,0,0,1,1,795.8203677,1155,190.7104007,0,1,0,0.767327;
custom,boulder1,rock3,11.7070313,12.65625,6.75,0,0,0,0,1,1,838.492677,1155,213.5742188,0,1,0,0.5773503;
custom,boulder1,rock3,11.7070313,12.65625,6.75,0,0,0,0,1,1,906.3745184,1155,302.0395567,0,1,0,0.4142136;
custom,boulder1,rock3,11.7070313,12.65625,6.75,0,0,0,0,1,1,994.8398563,1155,369.9213981,0,1,0,0.2679492;
custom,boulder1,rock3,11.7070313,12.65625,6.75,0,0,0,0,1,1,1097.8599244,1155,412.5937074,0,1,0,0.1316525;
custom,boulder1,rock3,11.7070313,12.65625,6.75,0,0,0,0,1,1,791.8125126,1155,0,0,1,0,-1;



custom,boulder1,rock3,8.7802735,9.4921875,5.0625,0,0,0,0,1,1,1292.6480475,1355,309.4452806,0,1,0,-0.1316525;
custom,boulder1,rock3,8.7802735,9.4921875,5.0625,0,0,0,0,1,1,1369.9130985,1355,277.4410486,0,1,0,-0.2679492;
custom,boulder1,rock3,8.7802735,9.4921875,5.0625,0,0,0,0,1,1,1436.262102,1355,226.5296675,0,1,0,-0.4142136;
custom,boulder1,rock3,8.7802735,9.4921875,5.0625,0,0,0,0,1,1,1487.173483,1355,160.1806641,0,1,0,-0.5773503;
custom,boulder1,rock3,8.7802735,9.4921875,5.0625,0,0,0,0,1,1,1519.177715,1355,82.915613,0,1,0,-0.767327;
custom,boulder1,rock3,8.7802735,9.4921875,5.0625,0,0,0,0,1,1,1530.0937626,1355,0,0,1,0,-1;
custom,boulder1,rock3,8.7802735,9.4921875,5.0625,0,0,0,0,1,1,1519.177715,1355,-82.915613,0,1,0,-1.3032254;
custom,boulder1,rock3,8.7802735,9.4921875,5.0625,0,0,0,0,1,1,1487.173483,1355,-160.1806641,0,1,0,-1.7320508;
custom,boulder1,rock3,8.7802735,9.4921875,5.0625,0,0,0,0,1,1,1436.262102,1355,-226.5296675,0,1,0,-2.4142136;
custom,boulder1,rock3,8.7802735,9.4921875,5.0625,0,0,0,0,1,1,1369.9130985,1355,-277.4410486,0,1,0,-3.7320508;
custom,boulder1,rock3,8.7802735,9.4921875,5.0625,0,0,0,0,1,1,1292.6480475,1355,-309.4452806,0,1,0,-7.5957541;
custom,boulder1,rock3,8.7802735,9.4921875,5.0625,0,0,0,0,1,1,1205.9183839,1355,-309.4452806,0,0,0,0;
custom,boulder1,rock3,8.7802735,9.4921875,5.0625,0,0,0,0,1,1,1126.8168214,1355,-309.4452806,0,1,0,7.5957541;
custom,boulder1,rock3,8.7802735,9.4921875,5.0625,0,0,0,0,1,1,1049.5517704,1355,-277.4410486,0,1,0,3.7320508;
custom,boulder1,rock3,8.7802735,9.4921875,5.0625,0,0,0,0,1,1,983.202767,1355,-226.5296675,0,1,0,2.4142136;
custom,boulder1,rock3,8.7802735,9.4921875,5.0625,0,0,0,0,1,1,932.2913859,1355,-160.1806641,0,1,0,1.7320508;
custom,boulder1,rock3,8.7802735,9.4921875,5.0625,0,0,0,0,1,1,900.2871539,1355,-152.524988,0,1,0,1.3032254;
custom,boulder1,rock3,8.7802735,9.4921875,5.0625,0,0,0,0,1,1,1205.9183839,1355,309.4452806,0,0,0,0;
custom,boulder1,rock3,8.7802735,9.4921875,5.0625,0,0,0,0,1,1,900.2871539,1355,143.0328005,0,1,0,0.767327;
custom,boulder1,rock3,8.7802735,9.4921875,5.0625,0,0,0,0,1,1,932.2913859,1355,160.1806641,0,1,0,0.5773503;
custom,boulder1,rock3,8.7802735,9.4921875,5.0625,0,0,0,0,1,1,983.202767,1355,226.5296675,0,1,0,0.4142136;
custom,boulder1,rock3,8.7802735,9.4921875,5.0625,0,0,0,0,1,1,1049.5517704,1355,277.4410486,0,1,0,0.2679492;
custom,boulder1,rock3,8.7802735,9.4921875,5.0625,0,0,0,0,1,1,1126.8168214,1355,309.4452806,0,1,0,0.1316525;
custom,boulder1,rock3,8.7802735,9.4921875,5.0625,0,0,0,0,1,1,897.2812626,1355,0,0,1,0,-1;



custom,boulder1,ice1,14.25,8,6,0,0,0,0,1,1,1449.8140716,455,929.0999041,0,1,0,-0.134525;
custom,boulder1,ice1,14.25,8,6,0,0,0,0,1,1,1681.8000025,455,833.0081852,0,1,0,-0.2679492;
custom,boulder1,ice1,14.25,8,6,0,0,0,0,1,1,1881.0108605,455,680.148358,0,1,0,-0.4142136;
custom,boulder1,ice1,14.25,8,6,0,0,0,0,1,1,2033.8706878,455,480.9375,0,1,0,-0.5773503;
custom,boulder1,ice1,14.25,8,6,0,0,0,0,1,1,2129.9624067,455,248.951569,0,1,0,-0.767327;
custom,boulder1,ice1,14.25,8,6,0,0,0,0,1,1,2162.7375025,455,0,0,1,0,-1;
custom,boulder1,ice1,14.25,8,6,0,0,0,0,1,1,2129.9624067,455,-248.951569,0,1,0,-1.532254;
custom,boulder1,ice1,14.25,8,6,0,0,0,0,1,1,2033.8706878,455,-480.9375,0,1,0,-1.7320508;
custom,boulder1,ice1,14.25,8,6,0,0,0,0,1,1,1881.0108605,455,-680.148358,0,1,0,-2.4142136;
custom,boulder1,ice1,14.25,8,6,0,0,0,0,1,1,1681.8000025,455,-833.0081852,0,1,0,-3.7320508;
custom,boulder1,ice1,14.25,8,6,0,0,0,0,1,1,1449.8140716,455,-929.0999041,0,1,0,-7.5957541;
custom,boulder1,ice1,14.25,8,6,0,0,0,0,1,1,1189.4109631,455,-929.0999041,0,0,0,0;
custom,boulder1,ice1,14.25,8,6,0,0,0,0,1,1,951.9109631,455,-929.0999041,0,1,0,7.5957541;
custom,boulder1,ice1,14.25,8,6,0,0,0,0,1,1,719.9250025,455,-833.0081852,0,1,0,3.7320508;
custom,boulder1,ice1,14.25,8,6,0,0,0,0,1,1,520.7141673,455,-680.148358,0,1,0,2.4142136;
custom,boulder1,ice1,14.25,8,6,0,0,0,0,1,1,367.8543173,455,-480.9375,0,1,0,1.7320508;
custom,boulder1,ice1,14.25,8,6,0,0,0,0,1,1,271.7625984,455,-457.951569,0,1,0,1.532254;
custom,boulder1,ice1,14.25,8,6,0,0,0,0,1,1,1189.4109631,455,929.0999041,0,0,0,0;
custom,boulder1,ice1,14.25,8,6,0,0,0,0,1,1,271.7625984,455,429.451569,0,1,0,0.767327;
custom,boulder1,ice1,14.25,8,6,0,0,0,0,1,1,367.8543173,455,480.9375,0,1,0,0.5773503;
custom,boulder1,ice1,14.25,8,6,0,0,0,0,1,1,520.7141673,455,680.148358,0,1,0,0.4142136;
custom,boulder1,ice1,14.25,8,6,0,0,0,0,1,1,719.9250025,455,833.0081852,0,1,0,0.2679492;
custom,boulder1,ice1,14.25,8,6,0,0,0,0,1,1,951.9109631,455,929.0999041,0,1,0,0.134525;
custom,boulder1,ice1,14.25,8,6,0,0,0,0,1,1,252.7375025,455,0,0,1,0,-1;
custom,boulder1,ice1,14.25,8,6,0,0,0,0,1,1,252.7375025,455,200,0,1,0,-1;
custom,boulder1,ice1,14.25,8,6,0,0,0,0,1,1,252.7375025,455,-200,0,1,0,-1;




custom,boulder1,ice1,15.675,8.8,6.6,0,0,0,0,1,1,1388.6874537,805,685.8224293,0,1,0,-0.1316525;
custom,boulder1,ice1,15.675,8.8,6.6,0,0,0,0,1,1,1559.9297001,805,614.8915684,0,1,0,-0.2679492;
custom,boulder1,ice1,15.675,8.8,6.6,0,0,0,0,1,1,1706.9787508,805,502.0568632,0,1,0,-0.4142136;
custom,boulder1,ice1,15.675,8.8,6.6,0,0,0,0,1,1,1819.8134559,805,355.0078125,0,1,0,-0.5773503;
custom,boulder1,ice1,15.675,8.8,6.6,0,0,0,0,1,1,1890.7443169,805,183.7655661,0,1,0,-0.767327;
custom,boulder1,ice1,15.675,8.8,6.6,0,0,0,0,1,1,1914.9375126,805,0,0,1,0,-1;
custom,boulder1,ice1,15.675,8.8,6.6,0,0,0,0,1,1,1890.7443169,805,-183.7655661,0,1,0,-1.3032254;
custom,boulder1,ice1,15.675,8.8,6.6,0,0,0,0,1,1,1819.8134559,805,-355.0078125,0,1,0,-1.7320508;
custom,boulder1,ice1,15.675,8.8,6.6,0,0,0,0,1,1,1706.9787508,805,-502.0568632,0,1,0,-2.4142136;
custom,boulder1,ice1,15.675,8.8,6.6,0,0,0,0,1,1,1559.9297001,805,-614.8915684,0,1,0,-3.7320508;
custom,boulder1,ice1,15.675,8.8,6.6,0,0,0,0,1,1,1388.6874537,805,-685.8224293,0,1,0,-7.5957541;
custom,boulder1,ice1,15.675,8.8,6.6,0,0,0,0,1,1,1196.4688215,805,-685.8224293,0,0,0,0;
custom,boulder1,ice1,15.675,8.8,6.6,0,0,0,0,1,1,1021.1563215,805,-685.8224293,0,1,0,7.5957541;
custom,boulder1,ice1,15.675,8.8,6.6,0,0,0,0,1,1,849.9140751,805,-614.8915684,0,1,0,3.7320508;
custom,boulder1,ice1,15.675,8.8,6.6,0,0,0,0,1,1,702.8650244,805,-502.0568632,0,1,0,2.4142136;
custom,boulder1,ice1,15.675,8.8,6.6,0,0,0,0,1,1,590.0303192,805,-355.0078125,0,1,0,1.7320508;
custom,boulder1,ice1,15.675,8.8,6.6,0,0,0,0,1,1,1196.4688215,805,685.8224293,0,0,0,0;
custom,boulder1,ice1,15.675,8.8,6.6,0,0,0,0,1,1,590.0303192,805,355.0078125,0,1,0,0.5773503;
custom,boulder1,ice1,15.675,8.8,6.6,0,0,0,0,1,1,702.8650244,805,502.0568632,0,1,0,0.4142136;
custom,boulder1,ice1,15.675,8.8,6.6,0,0,0,0,1,1,849.9140751,805,614.8915684,0,1,0,0.2679492;
custom,boulder1,ice1,15.675,8.8,6.6,0,0,0,0,1,1,1021.1563215,805,685.8224293,0,1,0,0.1316525;
custom,boulder1,ice1,15.675,8.8,6.6,0,0,0,0,1,1,512.4375126,805,0,0,1,0,-1;


custom,boulder1,rock3,14.25,8,6,0,0,0,0,1,1,1372.7783681,755,623.4749357,0,1,0,-0.1316525;
custom,boulder1,rock3,14.25,8,6,0,0,0,0,1,1,1528.4531376,755,558.9923349,0,1,0,-0.2679492;
custom,boulder1,rock3,14.25,8,6,0,0,0,0,1,1,1662.1340928,755,456.4153302,0,1,0,-0.4142136;
custom,boulder1,rock3,14.25,8,6,0,0,0,0,1,1,1764.7110974,755,322.734375,0,1,0,-0.5773503;
custom,boulder1,rock3,14.25,8,6,0,0,0,0,1,1,1829.1936983,755,167.0596055,0,1,0,-0.767327;
custom,boulder1,rock3,14.25,8,6,0,0,0,0,1,1,1851.1875126,755,0,0,1,0,-1;
custom,boulder1,rock3,14.25,8,6,0,0,0,0,1,1,1829.1936983,755,-167.0596055,0,1,0,-1.3032254;
custom,boulder1,rock3,14.25,8,6,0,0,0,0,1,1,1764.7110974,755,-322.734375,0,1,0,-1.7320508;
custom,boulder1,rock3,14.25,8,6,0,0,0,0,1,1,1662.1340928,755,-456.4153302,0,1,0,-2.4142136;
custom,boulder1,rock3,14.25,8,6,0,0,0,0,1,1,1528.4531376,755,-558.9923349,0,1,0,-3.7320508;
custom,boulder1,rock3,14.25,8,6,0,0,0,0,1,1,1372.7783681,755,-623.4749357,0,1,0,-7.5957541;
custom,boulder1,rock3,14.25,8,6,0,0,0,0,1,1,1198.0341571,755,-623.4749357,0,0,0,0;
custom,boulder1,rock3,14.25,8,6,0,0,0,0,1,1,1038.6591571,755,-623.4749357,0,1,0,7.5957541;
custom,boulder1,rock3,14.25,8,6,0,0,0,0,1,1,882.9843876,755,-558.9923349,0,1,0,3.7320508;
custom,boulder1,rock3,14.25,8,6,0,0,0,0,1,1,749.3034324,755,-456.4153302,0,1,0,2.4142136;
custom,boulder1,rock3,14.25,8,6,0,0,0,0,1,1,646.7264277,755,-322.734375,0,1,0,1.7320508;
custom,boulder1,rock3,14.25,8,6,0,0,0,0,1,1,582.2438269,755,-307.3096055,0,1,0,1.3032254;
custom,boulder1,rock3,14.25,8,6,0,0,0,0,1,1,1198.0341571,755,623.4749357,0,0,0,0;
custom,boulder1,rock3,14.25,8,6,0,0,0,0,1,1,582.2438269,755,288.1846055,0,1,0,0.767327;
custom,boulder1,rock3,14.25,8,6,0,0,0,0,1,1,646.7264277,755,322.734375,0,1,0,0.5773503;
custom,boulder1,rock3,14.25,8,6,0,0,0,0,1,1,749.3034324,755,456.4153302,0,1,0,0.4142136;
custom,boulder1,rock3,14.25,8,6,0,0,0,0,1,1,882.9843876,755,558.9923349,0,1,0,0.2679492;
custom,boulder1,rock3,14.25,8,6,0,0,0,0,1,1,1038.6591571,755,623.4749357,0,1,0,0.1316525;
custom,boulder1,rock3,14.25,8,6,0,0,0,0,1,1,576.1875126,755,0,0,1,0,-1;



custom,boulder1,rock3,13.2679687,14.34375,7.65,0,0,0,0,1,1,1333.0056543,905,467.6062017,0,1,0,-0.1316525;
custom,boulder1,rock3,13.2679687,14.34375,7.65,0,0,0,0,1,1,1449.7617313,905,419.2442512,0,1,0,-0.2679492;
custom,boulder1,rock3,13.2679687,14.34375,7.65,0,0,0,0,1,1,1550.0224478,905,342.3114976,0,1,0,-0.4142136;
custom,boulder1,rock3,13.2679687,14.34375,7.65,0,0,0,0,1,1,1626.9552012,905,242.0507813,0,1,0,-0.5773503;
custom,boulder1,rock3,13.2679687,14.34375,7.65,0,0,0,0,1,1,1675.3171518,905,125.2947042,0,1,0,-0.767327;
custom,boulder1,rock3,13.2679687,14.34375,7.65,0,0,0,0,1,1,1691.8125126,905,0,0,1,0,-1;
custom,boulder1,rock3,13.2679687,14.34375,7.65,0,0,0,0,1,1,1675.3171518,905,-125.2947042,0,1,0,-1.3032254;
custom,boulder1,rock3,13.2679687,14.34375,7.65,0,0,0,0,1,1,1626.9552012,905,-242.0507813,0,1,0,-1.7320508;
custom,boulder1,rock3,13.2679687,14.34375,7.65,0,0,0,0,1,1,1550.0224478,905,-342.3114976,0,1,0,-2.4142136;
custom,boulder1,rock3,13.2679687,14.34375,7.65,0,0,0,0,1,1,1449.7617313,905,-419.2442512,0,1,0,-3.7320508;
custom,boulder1,rock3,13.2679687,14.34375,7.65,0,0,0,0,1,1,1333.0056543,905,-467.6062017,0,1,0,-7.5957541;
custom,boulder1,rock3,13.2679687,14.34375,7.65,0,0,0,0,1,1,1201.9474959,905,-467.6062017,0,0,0,0;
custom,boulder1,rock3,13.2679687,14.34375,7.65,0,0,0,0,1,1,1082.4162459,905,-467.6062017,0,1,0,7.5957541;
custom,boulder1,rock3,13.2679687,14.34375,7.65,0,0,0,0,1,1,965.6601688,905,-419.2442512,0,1,0,3.7320508;
custom,boulder1,rock3,13.2679687,14.34375,7.65,0,0,0,0,1,1,865.3994524,905,-342.3114976,0,1,0,2.4142136;
custom,boulder1,rock3,13.2679687,14.34375,7.65,0,0,0,0,1,1,788.4666989,905,-242.0507813,0,1,0,1.7320508;
custom,boulder1,rock3,13.2679687,14.34375,7.65,0,0,0,0,1,1,740.1047484,905,-230.4822042,0,1,0,1.3032254;
custom,boulder1,rock3,13.2679687,14.34375,7.65,0,0,0,0,1,1,1201.9474959,905,467.6062017,0,0,0,0;
custom,boulder1,rock3,13.2679687,14.34375,7.65,0,0,0,0,1,1,740.1047484,905,216.1384542,0,1,0,0.767327;
custom,boulder1,rock3,13.2679687,14.34375,7.65,0,0,0,0,1,1,788.4666989,905,242.0507813,0,1,0,0.5773503;
custom,boulder1,rock3,13.2679687,14.34375,7.65,0,0,0,0,1,1,865.3994524,905,342.3114976,0,1,0,0.4142136;
custom,boulder1,rock3,13.2679687,14.34375,7.65,0,0,0,0,1,1,965.6601688,905,419.2442512,0,1,0,0.2679492;
custom,boulder1,rock3,13.2679687,14.34375,7.65,0,0,0,0,1,1,1082.4162459,905,467.6062017,0,1,0,0.1316525;
custom,boulder1,rock3,13.2679687,14.34375,7.65,0,0,0,0,1,1,735.5625126,905,0,0,1,0,-1;


custom,boulder1,ice1,14.0484375,15.1875,8.1,0,0,0,0,1,1,1340.0243685,1005,495.1124489,0,1,0,-0.1316525;
custom,boulder1,ice1,14.0484375,15.1875,8.1,0,0,0,0,1,1,1463.6484501,1005,443.9056777,0,1,0,-0.2679492;
custom,boulder1,ice1,14.0484375,15.1875,8.1,0,0,0,0,1,1,1569.8068557,1005,362.4474681,0,1,0,-0.4142136;
custom,boulder1,ice1,14.0484375,15.1875,8.1,0,0,0,0,1,1,1651.2650652,1005,256.2890625,0,1,0,-0.5773503;
custom,boulder1,ice1,14.0484375,15.1875,8.1,0,0,0,0,1,1,1702.4718365,1005,132.6649809,0,1,0,-0.767327;
custom,boulder1,ice1,14.0484375,15.1875,8.1,0,0,0,0,1,1,1719.9375126,1005,0,0,1,0,-1;
custom,boulder1,ice1,14.0484375,15.1875,8.1,0,0,0,0,1,1,1702.4718365,1005,-132.6649809,0,1,0,-1.3032254;
custom,boulder1,ice1,14.0484375,15.1875,8.1,0,0,0,0,1,1,1651.2650652,1005,-256.2890625,0,1,0,-1.7320508;
custom,boulder1,ice1,14.0484375,15.1875,8.1,0,0,0,0,1,1,1569.8068557,1005,-362.4474681,0,1,0,-2.4142136;
custom,boulder1,ice1,14.0484375,15.1875,8.1,0,0,0,0,1,1,1463.6484501,1005,-443.9056777,0,1,0,-3.7320508;
custom,boulder1,ice1,14.0484375,15.1875,8.1,0,0,0,0,1,1,1340.0243685,1005,-495.1124489,0,1,0,-7.5957541;
custom,boulder1,ice1,14.0484375,15.1875,8.1,0,0,0,0,1,1,1201.2569067,1005,-495.1124489,0,0,0,0;
custom,boulder1,ice1,14.0484375,15.1875,8.1,0,0,0,0,1,1,1074.6944067,1005,-495.1124489,0,1,0,7.5957541;
custom,boulder1,ice1,14.0484375,15.1875,8.1,0,0,0,0,1,1,951.0703251,1005,-443.9056777,0,1,0,3.7320508;
custom,boulder1,ice1,14.0484375,15.1875,8.1,0,0,0,0,1,1,844.9119195,1005,-362.4474681,0,1,0,2.4142136;
custom,boulder1,ice1,14.0484375,15.1875,8.1,0,0,0,0,1,1,763.4537099,1005,-256.2890625,0,1,0,1.7320508;
custom,boulder1,ice1,14.0484375,15.1875,8.1,0,0,0,0,1,1,712.2469387,1005,-244.0399809,0,1,0,1.3032254;
custom,boulder1,ice1,14.0484375,15.1875,8.1,0,0,0,0,1,1,1201.2569067,1005,495.1124489,0,0,0,0;
custom,boulder1,ice1,14.0484375,15.1875,8.1,0,0,0,0,1,1,712.2469387,1005,228.8524809,0,1,0,0.767327;
custom,boulder1,ice1,14.0484375,15.1875,8.1,0,0,0,0,1,1,763.4537099,1005,256.2890625,0,1,0,0.5773503;
custom,boulder1,ice1,14.0484375,15.1875,8.1,0,0,0,0,1,1,844.9119195,1005,362.4474681,0,1,0,0.4142136;
custom,boulder1,ice1,14.0484375,15.1875,8.1,0,0,0,0,1,1,951.0703251,1005,443.9056777,0,1,0,0.2679492;
custom,boulder1,ice1,14.0484375,15.1875,8.1,0,0,0,0,1,1,1074.6944067,1005,495.1124489,0,1,0,0.1316525;
custom,boulder1,ice1,14.0484375,15.1875,8.1,0,0,0,0,1,1,707.4375126,1005,0,0,1,0,-1;

custom,boulder1,ice1,11.1216797,12.0234375,6.4125,0,0,0,0,1,1,1313.7041901,1205,391.964022,0,1,0,-0.1316525;
custom,boulder1,ice1,11.1216797,12.0234375,6.4125,0,0,0,0,1,1,1411.5732547,1205,351.4253282,0,1,0,-0.2679492;
custom,boulder1,ice1,11.1216797,12.0234375,6.4125,0,0,0,0,1,1,1495.6153258,1205,286.9375789,0,1,0,-0.4142136;
custom,boulder1,ice1,11.1216797,12.0234375,6.4125,0,0,0,0,1,1,1560.1030751,1205,202.8955079,0,1,0,-0.5773503;
custom,boulder1,ice1,11.1216797,12.0234375,6.4125,0,0,0,0,1,1,1600.641769,1205,105.0264432,0,1,0,-0.767327;
custom,boulder1,ice1,11.1216797,12.0234375,6.4125,0,0,0,0,1,1,1614.4687626,1205,0,0,1,0,-1;
custom,boulder1,ice1,11.1216797,12.0234375,6.4125,0,0,0,0,1,1,1600.641769,1205,-105.0264432,0,1,0,-1.3032254;
custom,boulder1,ice1,11.1216797,12.0234375,6.4125,0,0,0,0,1,1,1560.1030751,1205,-202.8955079,0,1,0,-1.7320508;
custom,boulder1,ice1,11.1216797,12.0234375,6.4125,0,0,0,0,1,1,1495.6153258,1205,-286.9375789,0,1,0,-2.4142136;
custom,boulder1,ice1,11.1216797,12.0234375,6.4125,0,0,0,0,1,1,1411.5732547,1205,-351.4253282,0,1,0,-3.7320508;
custom,boulder1,ice1,11.1216797,12.0234375,6.4125,0,0,0,0,1,1,1313.7041901,1205,-391.964022,0,1,0,-7.5957541;
custom,boulder1,ice1,11.1216797,12.0234375,6.4125,0,0,0,0,1,1,1203.8466163,1205,-391.964022,0,0,0,0;
custom,boulder1,ice1,11.1216797,12.0234375,6.4125,0,0,0,0,1,1,1103.6513038,1205,-391.964022,0,1,0,7.5957541;
custom,boulder1,ice1,11.1216797,12.0234375,6.4125,0,0,0,0,1,1,1005.7822391,1205,-351.4253282,0,1,0,3.7320508;
custom,boulder1,ice1,11.1216797,12.0234375,6.4125,0,0,0,0,1,1,921.7401681,1205,-286.9375789,0,1,0,2.4142136;
custom,boulder1,ice1,11.1216797,12.0234375,6.4125,0,0,0,0,1,1,857.2524188,1205,-202.8955079,0,1,0,1.7320508;
custom,boulder1,ice1,11.1216797,12.0234375,6.4125,0,0,0,0,1,1,816.7137249,1205,-193.1983182,0,1,0,1.3032254;
custom,boulder1,ice1,11.1216797,12.0234375,6.4125,0,0,0,0,1,1,1203.8466163,1205,391.964022,0,0,0,0;
custom,boulder1,ice1,11.1216797,12.0234375,6.4125,0,0,0,0,1,1,816.7137249,1205,181.1748807,0,1,0,0.767327;
custom,boulder1,ice1,11.1216797,12.0234375,6.4125,0,0,0,0,1,1,857.2524188,1205,202.8955079,0,1,0,0.5773503;
custom,boulder1,ice1,11.1216797,12.0234375,6.4125,0,0,0,0,1,1,921.7401681,1205,286.9375789,0,1,0,0.4142136;
custom,boulder1,ice1,11.1216797,12.0234375,6.4125,0,0,0,0,1,1,1005.7822391,1205,351.4253282,0,1,0,0.2679492;
custom,boulder1,ice1,11.1216797,12.0234375,6.4125,0,0,0,0,1,1,1103.6513038,1205,391.964022,0,1,0,0.1316525;
custom,boulder1,ice1,11.1216797,12.0234375,6.4125,0,0,0,0,1,1,812.9062626,1205,0,0,1,0,-1;





custom,boulder1,ice1,9.2192872,9.9667969,5.315625,0,0,0,0,1,1,1296.5960742,1355,324.9175446,0,1,0,-0.1316525;
custom,boulder1,ice1,9.2192872,9.9667969,5.315625,0,0,0,0,1,1,1377.7243778,1355,291.313101,0,1,0,-0.2679492;
custom,boulder1,ice1,9.2192872,9.9667969,5.315625,0,0,0,0,1,1,1447.3908315,1355,237.8561509,0,1,0,-0.4142136;
custom,boulder1,ice1,9.2192872,9.9667969,5.315625,0,0,0,0,1,1,1500.8477815,1355,168.1896973,0,1,0,-0.5773503;
custom,boulder1,ice1,9.2192872,9.9667969,5.315625,0,0,0,0,1,1,1534.4522251,1355,87.0613936,0,1,0,-0.767327;
custom,boulder1,ice1,9.2192872,9.9667969,5.315625,0,0,0,0,1,1,1545.9140751,1355,0,0,1,0,-1;
custom,boulder1,ice1,9.2192872,9.9667969,5.315625,0,0,0,0,1,1,1534.4522251,1355,-87.0613936,0,1,0,-1.3032254;
custom,boulder1,ice1,9.2192872,9.9667969,5.315625,0,0,0,0,1,1,1500.8477815,1355,-168.1896973,0,1,0,-1.7320508;
custom,boulder1,ice1,9.2192872,9.9667969,5.315625,0,0,0,0,1,1,1447.3908315,1355,-237.8561509,0,1,0,-2.4142136;
custom,boulder1,ice1,9.2192872,9.9667969,5.315625,0,0,0,0,1,1,1377.7243778,1355,-291.313101,0,1,0,-3.7320508;
custom,boulder1,ice1,9.2192872,9.9667969,5.315625,0,0,0,0,1,1,1296.5960742,1355,-324.9175446,0,1,0,-7.5957541;
custom,boulder1,ice1,9.2192872,9.9667969,5.315625,0,0,0,0,1,1,1205.5299275,1355,-324.9175446,0,0,0,0;
custom,boulder1,ice1,9.2192872,9.9667969,5.315625,0,0,0,0,1,1,1122.4732868,1355,-324.9175446,0,1,0,7.5957541;
custom,boulder1,ice1,9.2192872,9.9667969,5.315625,0,0,0,0,1,1,1041.3449833,1355,-291.313101,0,1,0,3.7320508;
custom,boulder1,ice1,9.2192872,9.9667969,5.315625,0,0,0,0,1,1,971.6785297,1355,-237.8561509,0,1,0,2.4142136;
custom,boulder1,ice1,9.2192872,9.9667969,5.315625,0,0,0,0,1,1,918.2215796,1355,-168.1896973,0,1,0,1.7320508;
custom,boulder1,ice1,9.2192872,9.9667969,5.315625,0,0,0,0,1,1,884.617136,1355,-160.1512374,0,1,0,1.3032254;
custom,boulder1,ice1,9.2192872,9.9667969,5.315625,0,0,0,0,1,1,1205.5299275,1355,324.9175446,0,0,0,0;
custom,boulder1,ice1,9.2192872,9.9667969,5.315625,0,0,0,0,1,1,884.617136,1355,150.1844405,0,1,0,0.767327;
custom,boulder1,ice1,9.2192872,9.9667969,5.315625,0,0,0,0,1,1,918.2215796,1355,168.1896973,0,1,0,0.5773503;
custom,boulder1,ice1,9.2192872,9.9667969,5.315625,0,0,0,0,1,1,971.6785297,1355,237.8561509,0,1,0,0.4142136;
custom,boulder1,ice1,9.2192872,9.9667969,5.315625,0,0,0,0,1,1,1041.3449833,1355,291.313101,0,1,0,0.2679492;
custom,boulder1,ice1,9.2192872,9.9667969,5.315625,0,0,0,0,1,1,1122.4732868,1355,324.9175446,0,1,0,0.1316525;
custom,boulder1,ice1,9.2192872,9.9667969,5.315625,0,0,0,0,1,1,881.4609501,1355,0,0,1,0,-1;


custom,boulder1,ice1,8.7583228,9.4684571,5.0498437,0,0,0,0,1,1,1292.4506461,1375,308.6716674,0,1,0,-0.1316525;
custom,boulder1,ice1,8.7583228,9.4684571,5.0498437,0,0,0,0,1,1,1369.5225345,1375,276.7474459,0,1,0,-0.2679492;
custom,boulder1,ice1,8.7583228,9.4684571,5.0498437,0,0,0,0,1,1,1435.7056656,1375,225.9633434,0,1,0,-0.4142136;
custom,boulder1,ice1,8.7583228,9.4684571,5.0498437,0,0,0,0,1,1,1486.4897681,1375,159.7802124,0,1,0,-0.5773503;
custom,boulder1,ice1,8.7583228,9.4684571,5.0498437,0,0,0,0,1,1,1518.4139895,1375,82.7083239,0,1,0,-0.767327;
custom,boulder1,ice1,8.7583228,9.4684571,5.0498437,0,0,0,0,1,1,1529.302747,1375,0,0,1,0,-1;
custom,boulder1,ice1,8.7583228,9.4684571,5.0498437,0,0,0,0,1,1,1518.4139895,1375,-82.7083239,0,1,0,-1.3032254;
custom,boulder1,ice1,8.7583228,9.4684571,5.0498437,0,0,0,0,1,1,1486.4897681,1375,-159.7802124,0,1,0,-1.7320508;
custom,boulder1,ice1,8.7583228,9.4684571,5.0498437,0,0,0,0,1,1,1435.7056656,1375,-225.9633434,0,1,0,-2.4142136;
custom,boulder1,ice1,8.7583228,9.4684571,5.0498437,0,0,0,0,1,1,1369.5225345,1375,-276.7474459,0,1,0,-3.7320508;
custom,boulder1,ice1,8.7583228,9.4684571,5.0498437,0,0,0,0,1,1,1292.4506461,1375,-308.6716674,0,1,0,-7.5957541;
custom,boulder1,ice1,8.7583228,9.4684571,5.0498437,0,0,0,0,1,1,1205.9378068,1375,-308.6716674,0,0,0,0;
custom,boulder1,ice1,8.7583228,9.4684571,5.0498437,0,0,0,0,1,1,1127.0339981,1375,-308.6716674,0,1,0,7.5957541;
custom,boulder1,ice1,8.7583228,9.4684571,5.0498437,0,0,0,0,1,1,1049.9621098,1375,-276.7474459,0,1,0,3.7320508;
custom,boulder1,ice1,8.7583228,9.4684571,5.0498437,0,0,0,0,1,1,983.7789788,1375,-225.9633434,0,1,0,2.4142136;
custom,boulder1,ice1,8.7583228,9.4684571,5.0498437,0,0,0,0,1,1,932.9948763,1375,-159.7802124,0,1,0,1.7320508;
custom,boulder1,ice1,8.7583228,9.4684571,5.0498437,0,0,0,0,1,1,901.0706548,1375,-152.1436755,0,1,0,1.3032254;
custom,boulder1,ice1,8.7583228,9.4684571,5.0498437,0,0,0,0,1,1,1205.9378068,1375,308.6716674,0,0,0,0;
custom,boulder1,ice1,8.7583228,9.4684571,5.0498437,0,0,0,0,1,1,901.0706548,1375,142.6752185,0,1,0,0.767327;
custom,boulder1,ice1,8.7583228,9.4684571,5.0498437,0,0,0,0,1,1,932.9948763,1375,159.7802124,0,1,0,0.5773503;
custom,boulder1,ice1,8.7583228,9.4684571,5.0498437,0,0,0,0,1,1,983.7789788,1375,225.9633434,0,1,0,0.4142136;
custom,boulder1,ice1,8.7583228,9.4684571,5.0498437,0,0,0,0,1,1,1049.9621098,1375,276.7474459,0,1,0,0.2679492;
custom,boulder1,ice1,8.7583228,9.4684571,5.0498437,0,0,0,0,1,1,1127.0339981,1375,308.6716674,0,1,0,0.1316525;
custom,boulder1,ice1,8.7583228,9.4684571,5.0498437,0,0,0,0,1,1,898.0722782,1375,0,0,1,0,-1;


custom,boulder5,ice1,45,15,48,0,0,0,0,1,1,1200,1380,0,0,0,0,0;



custom,boulder1,ice1,25,5,28,0,0,0,0,1,1,1200,1450,0,0,0,0,0;
custom,boulder1,rock3,4,8,4,0,0,0,0,1,1,1031.25,100,0,0,0,0,0;

custom,bridge1,rock3,5,5,2,0,0,0,0,0.5,0.5,180,63,0,0,0.7071068,0,0.7071068;
racing,endcuboid,3,15,15,180,100,0,0,0,0,0;

custom,bridge1,rock3,5.02,-5,1.98,0,0,0,0,0.5,0.5,180,175,0,0,0.7071068,0,0.7071068;

custom,cylinder,rock3,185,3,185,0,0,0,0,18.5,18.5,1100,40,0,0,0,0,0;

custom,pillar1,rock3,3,2,3,0,0,0,0,1,1,180,55,120,0,0,0,0;
custom,pillar1,rock3,3,2,3,0,0,0,0,1,1,190,55,80,0,0,0,0;

custom,pillar1,rock3,3,2,3,0,0,0,0,1,1,180,55,-120,0,0,0,0;
custom,pillar1,rock3,3,2,3,0,0,0,0,1,1,190,55,-80,0,0,0,0;

custom,boulder1,rock3,7,7,1,0,0,0,0,2.4,2,190,100,-150,0,1,0,1;
custom,boulder1,rock3,7,7,1,0,0,0,0,2.4,2,190,70,150,0,1,0,1;

custom,boulder1,rock3,7,6,3.2,0,0,0,0,1,1,290,100,-80,0,0,0,0;
custom,boulder1,rock3,7,6,3.2,0,0,0,0,1,1,390,100,-80,0,0,0,0;
custom,boulder1,rock3,7,6,3.2,0,0,0,0,1,1,490,100,-80,0,0,0,0;
custom,boulder1,rock3,7,6,3.2,0,0,0,0,1,1,590,100,-80,0,0,0,0;
custom,boulder1,rock3,7,6,3.2,0,0,0,0,1,1,690,100,-80,0,0,0,0;
custom,boulder1,rock3,7,6,3.2,0,0,0,0,1,1,790,100,-80,0,0,0,0;


custom,boulder1,rock3,7,6,3.2,0,0,0,0,1,1,290,100,80,0,0,0,0;
custom,boulder1,rock3,7,6,3.2,0,0,0,0,1,1,390,100,80,0,0,0,0;
custom,boulder1,rock3,7,6,3.2,0,0,0,0,1,1,490,100,80,0,0,0,0;
custom,boulder1,rock3,7,6,3.2,0,0,0,0,1,1,590,100,80,0,0,0,0;
custom,boulder1,rock3,7,6,3.2,0,0,0,0,1,1,690,100,80,0,0,0,0;
custom,boulder1,rock3,7,6,3.2,0,0,0,0,1,1,790,100,80,0,0,0,0;
custom,boulder1,rock3,4,6,3.2,0,0,0,0,1,1,880,100,80,0,0,0,0;
custom,boulder1,rock3,7,6,3.2,0,0,0,0,1,1,960,100,40,0,0.3007058,0,0.953717;



custom,boulder1,rock3,5.55,6,3.2,0,0,0,0,1,1,1116.210897,100,195.5999798,0,1,0,-0.1316525;
custom,boulder1,rock3,5.55,6,3.2,0,0,0,0,1,1,1165.0500404,100,175.3701443,0,1,0,-0.2679492;
custom,boulder1,rock3,5.55,6,3.2,0,0,0,0,1,1,1206.9891636,100,143.1891232,0,1,0,-0.4142136;
custom,boulder1,rock3,5.55,6,3.2,0,0,0,0,1,1,1239.1701846,100,101.25,0,1,0,-0.5773503;
custom,boulder1,rock3,5.55,6,3.2,0,0,0,0,1,1,1259.4000202,100,52.4108566,0,1,0,-0.767327;
custom,boulder1,rock3,5.55,6,3.2,0,0,0,0,1,1,1266.3000404,100,0,0,1,0,-1;
custom,boulder1,rock3,5.55,6,3.2,0,0,0,0,1,1,1259.4000202,100,-52.4108566,0,1,0,-1.3032254;
custom,boulder1,rock3,5.55,6,3.2,0,0,0,0,1,1,1239.1701846,100,-101.25,0,1,0,-1.7320508;
custom,boulder1,rock3,5.55,6,3.2,0,0,0,0,1,1,1206.9891636,100,-143.1891232,0,1,0,-2.4142136;
custom,boulder1,rock3,5.55,6,3.2,0,0,0,0,1,1,1165.0500404,100,-175.3701443,0,1,0,-3.7320508;
custom,boulder1,rock3,5.55,6,3.2,0,0,0,0,1,1,1116.210897,100,-195.5999798,0,1,0,-7.5957541;

custom,boulder1,rock3,5.55,6,3.2,0,0,0,0,1,1,1011.3891837,100,-195.5999798,0,1,0,7.5957541;
custom,boulder1,rock3,5.55,6,3.2,0,0,0,0,1,1,962.5500404,100,-175.3701443,0,1,0,3.7320508;
custom,boulder1,rock3,5.55,6,3.2,0,0,0,0,1,1,920.6109172,100,-143.1891232,0,1,0,2.4142136;
custom,boulder1,rock3,5.55,6,3.2,0,0,0,0,1,1,888.4298961,100,-101.25,0,1,0,1.7320508;
custom,boulder1,rock3,5.55,6,3.2,0,0,0,0,1,1,1011.3891837,100,195.5999798,0,1,0,0.1316525;

custom,boulder1,rock3,7,16,3.2,0,0,0,0,1,1,580,180,480,0,1,0,1;
custom,boulder1,rock3,7,16,3.2,0,0,0,0,1,1,580,180,380,0,1,0,1;
custom,boulder1,rock3,7,16,3.2,0,0,0,0,1,1,580,180,280,0,1,0,1;
custom,boulder1,rock3,7,16,3.2,0,0,0,0,1,1,580,180,180,0,1,0,1;
custom,boulder1,rock3,7,16,3.2,0,0,0,0,1,1,770,180,180,0,1,0,1;
custom,boulder1,rock3,5,16,3.2,0,0,0,0,1,1,770,180,280,0,1,0,1;

custom,boulder1,rock3,7,10,3.2,0,0,0,0,1,1,580,265,80,0,1,0,1;
custom,boulder1,rock3,7,10,3.2,0,0,0,0,1,1,770,265,80,0,1,0,1;

custom,boulder1,rock3,7,10,3.2,0,0,0,0,1,1,675,310,310,0,0,0,0;


custom,boulder1,rock3,7,6,3.2,0,0,0,0,1,1,810,100,300,0,0.953717,0,0.3007058;

custom,boulder1,rock3,7,6,3.2,0,0,0,0,1,1,910,100,350,0,0,0,0;
custom,boulder1,rock3,7,6,3.2,0,0,0,0,1,1,1010,100,350,0,0,0,0;
custom,boulder1,rock3,7,6,3.2,0,0,0,0,1,1,1110,100,350,0,0,0,0;
custom,boulder1,rock3,7,6,3.2,0,0,0,0,1,1,1210,100,350,0,0,0,0;
custom,boulder1,rock3,7,6,3.2,0,0,0,0,1,1,1310,100,350,0,0,0,0;
custom,boulder1,rock3,7,6,3.2,0,0,0,0,1,1,1410,100,350,0,0,0,0;

custom,boulder1,rock3,7,6,3.2,0,0,0,0,1,1,1460,100,300,0,1,0,1;
custom,boulder1,rock3,7,6,3.2,0,0,0,0,1,1,1460,100,200,0,1,0,1;
custom,boulder1,rock3,7,6,3.2,0,0,0,0,1,1,1460,100,100,0,1,0,1;
custom,boulder1,rock3,7,6,3.2,0,0,0,0,1,1,1460,100,0,0,1,0,1;
custom,boulder1,rock3,7,6,3.2,0,0,0,0,1,1,1460,100,-300,0,1,0,1;
custom,boulder1,rock3,7,6,3.2,0,0,0,0,1,1,1460,100,-200,0,1,0,1;
custom,boulder1,rock3,7,6,3.2,0,0,0,0,1,1,1460,100,-100,0,1,0,1;
custom,boulder1,rock3,7,6,3.2,0,0,0,0,1,1,1460,100,-400,0,1,0,1;


custom,boulder1,rock3,7,6,3.2,0,0,0,0,1,1,1960,100,300,0,1,0,1;
custom,boulder1,rock3,7,6,3.2,0,0,0,0,1,1,1960,100,200,0,1,0,1;
custom,boulder1,rock3,7,6,3.2,0,0,0,0,1,1,1960,100,100,0,1,0,1;
custom,boulder1,rock3,7,6,3.2,0,0,0,0,1,1,1960,100,0,0,1,0,1;
custom,boulder1,rock3,7,6,3.2,0,0,0,0,1,1,1960,100,-300,0,1,0,1;
custom,boulder1,rock3,7,6,3.2,0,0,0,0,1,1,1960,100,-200,0,1,0,1;
custom,boulder1,rock3,7,6,3.2,0,0,0,0,1,1,1960,100,-100,0,1,0,1;
custom,boulder1,rock3,7,6,3.2,0,0,0,0,1,1,1960,100,-400,0,1,0,1;


custom,boulder1,rock3,7,6,3.2,0,0,0,0,1,1,910,100,-350,0,0,0,0;
custom,boulder1,rock3,7,6,3.2,0,0,0,0,1,1,1010,100,-350,0,0,0,0;
custom,boulder1,rock3,7,6,3.2,0,0,0,0,1,1,1110,100,-350,0,0,0,0;
custom,boulder1,rock3,7,6,3.2,0,0,0,0,1,1,1210,100,-350,0,0,0,0;
custom,boulder1,rock3,7,6,3.2,0,0,0,0,1,1,1310,100,-350,0,0,0,0;
custom,boulder1,rock3,7,6,3.2,0,0,0,0,1,1,1410,100,-350,0,0,0,0;

custom,boulder1,rock3,7,6,3.2,0,0,0,0,1,1,860,100,-400,0,1,0,1;
custom,boulder1,rock3,3.2,7,3.2,0,0,0,0,1,1,860,100,-450,0,1,0,1;

custom,boulder1,rock3,7,6,3.2,0,0,0,0,1,1,860,100,-700,0,1,0,1;
custom,boulder1,rock3,3.2,7,3.2,0,0,0,0,1,1,860,100,-640,0,1,0,1;
custom,boulder1,rock3,7,6,3.2,0,0,0,0,1,1,760,100,-640,0,0,0,0;

custom,boulder1,rock3,5.55,6,3.2,0,0,0,0,1,1,632.5568006,100,-161.1668626,0,0.7933533,0,-0.6087615;
custom,boulder1,rock3,5.55,6,3.2,0,0,0,0,1,1,639.4568207,100,-213.5777192,0,0.7071068,0,-0.7071068;
custom,boulder1,rock3,5.55,6,3.2,0,0,0,0,1,1,632.5568005,100,-265.9885759,0,0.6087614,0,-0.7933533;
custom,boulder1,rock3,5.55,6,3.2,0,0,0,0,1,1,612.326965,100,-314.8277192,0,0.5,0,-0.8660254;
custom,boulder1,rock3,5.55,6,3.2,0,0,0,0,1,1,580.1459439,100,-356.7668423,0,0.3826834,0,-0.9238795;
custom,boulder1,rock3,5.55,6,3.2,0,0,0,0,1,1,538.2068207,100,-388.9478634,0,0.258819,0,-0.9659258;
custom,boulder1,rock3,5.55,6,3.2,0,0,0,0,1,1,489.3676774,100,-409.177699,0,0.1305262,0,-0.9914449;


custom,boulder1,rock3,7,6,3.2,0,0,0,0,1,1,910,100,-450,0,0,0,0;
custom,boulder1,rock3,7,6,3.2,0,0,0,0,1,1,1010,100,-450,0,0,0,0;
custom,boulder1,rock3,7,6,3.2,0,0,0,0,1,1,1110,100,-450,0,0,0,0;
custom,boulder1,rock3,7,6,3.2,0,0,0,0,1,1,1210,100,-450,0,0,0,0;
custom,boulder1,rock3,7,6,3.2,0,0,0,0,1,1,1310,100,-450,0,0,0,0;
custom,boulder1,rock3,7,6,3.2,0,0,0,0,1,1,1410,100,-450,0,0,0,0;

custom,boulder1,rock3,7,6,3.2,0,0,0,0,1,1,910,100,-640,0,0,0,0;
custom,boulder1,rock3,7,6,3.2,0,0,0,0,1,1,1010,100,-640,0,0,0,0;
custom,boulder1,rock3,7,6,3.2,0,0,0,0,1,1,1110,100,-640,0,0,0,0;
custom,boulder1,rock3,7,6,3.2,0,0,0,0,1,1,1210,100,-640,0,0,0,0;
custom,boulder1,rock3,7,6,3.2,0,0,0,0,1,1,1310,100,-640,0,0,0,0;
custom,boulder1,rock3,7,6,3.2,0,0,0,0,1,1,1410,100,-640,0,0,0,0;
custom,boulder1,rock3,7,6,3.2,0,0,0,0,1,1,1510,100,-640,0,0,0,0;
custom,boulder1,rock3,7,6,3.2,0,0,0,0,1,1,1610,100,-640,0,0,0,0;
custom,boulder1,rock3,7,6,3.2,0,0,0,0,1,1,1710,100,-640,0,0,0,0;

custom,boulder1,rock3,6.9375,7.5,4,0,0,0,0,1,1,1549.575304,100,178.986404,0,1,0,-0.4142136;
custom,boulder1,rock3,6.9375,7.5,4,0,0,0,0,1,1,1589.8015803,100,126.5625,0,1,0,-0.5773503;
custom,boulder1,rock3,6.9375,7.5,4,0,0,0,0,1,1,1615.0888748,100,65.5135707,0,1,0,-0.767327;
custom,boulder1,rock3,6.9375,7.5,4,0,0,0,0,1,1,1623.7139,100,0,0,1,0,-1;
custom,boulder1,rock3,6.9375,7.5,4,0,0,0,0,1,1,1615.0888748,100,-65.5135707,0,1,0,-1.3032254;
custom,boulder1,rock3,6.9375,7.5,4,0,0,0,0,1,1,1589.8015803,100,-126.5625,0,1,0,-1.7320508;
custom,boulder1,rock3,6.9375,7.5,4,0,0,0,0,1,1,1549.575304,100,-178.986404,0,1,0,-2.4142136;

custom,boulder1,rock3,6.9375,-7.5,4,0,0,0,0,1,1,1873.7139,100,178.986404,1,0,0.4142136,0;
custom,boulder1,rock3,6.9375,-7.5,4,0,0,0,0,1,1,1833.4876237,100,126.5625,1,0,0.5773503,0;
custom,boulder1,rock3,6.9375,-7.5,4,0,0,0,0,1,1,1808.2003292,100,65.5135707,1,0,0.767327,0;
custom,boulder1,rock3,6.9375,-7.5,4,0,0,0,0,1,1,1799.575304,100,0,1,0,1,0;
custom,boulder1,rock3,6.9375,-7.5,4,0,0,0,0,1,1,1808.2003292,100,-65.5135707,1,0,1.3032254,0;
custom,boulder1,rock3,6.9375,-7.5,4,0,0,0,0,1,1,1833.4876237,100,-126.5625,1,0,1.7320508,0;
custom,boulder1,rock3,6.9375,-7.5,4,0,0,0,0,1,1,1873.7139,100,-178.986404,1,0,2.4142136,0;

custom,boulder1,rock3,6.9375,7.5,4,0,0,0,0,1,1,1886.99515,100,-247.225548,0,0.7071068,0,-0.7071068;
custom,boulder1,rock3,6.9375,7.5,4,0,0,0,0,1,1,1886.99515,100,-347.225548,0,0.7071068,0,-0.7071068;
custom,boulder1,rock3,6.9375,7.5,4,0,0,0,0,1,1,1878.3701248,100,-412.7391188,0,0.6087614,0,-0.7933534;
custom,boulder1,rock3,6.9375,7.5,4,0,0,0,0,1,1,1853.0828303,100,-473.7880481,0,0.5,0,-0.8660254;
custom,boulder1,rock3,6.9375,7.5,4,0,0,0,0,1,1,1812.856554,100,-526.211952,0,0.3826834,0,-0.9238795;
custom,boulder1,rock3,6.9375,7.5,4,0,0,0,0,1,1,1760.4326501,100,-566.4382283,0,0.258819,0,-0.9659258;
custom,boulder1,rock3,6.9375,7.5,4,0,0,0,0,1,1,1699.3837208,100,-591.7255228,0,0.1305262,0,-0.9914449;






custom,boulder1,rock3,5.55,6,3.2,0,0,0,0,1,1,1662.8002897,100,459.7174832,0,0.9990482,0,0.0436194;
custom,boulder1,rock3,5.55,6,3.2,0,0,0,0,1,1,1715.6130836,100,457.4116269,0,0.9961947,0,-0.0871557;
custom,boulder1,rock3,5.55,6,3.2,0,0,0,0,1,1,1766.0295256,100,441.5153837,0,0.976296,0,-0.2164396;
custom,boulder1,rock3,5.55,6,3.2,0,0,0,0,1,1,1810.6138185,100,413.1120566,0,0.9396926,0,-0.3420202;
custom,boulder1,rock3,5.55,6,3.2,0,0,0,0,1,1,1846.3276165,100,374.1372852,0,0.8870108,0,-0.4617486;
custom,boulder1,rock3,5.55,6,3.2,0,0,0,0,1,1,1870.7370833,100,327.2471359,0,0.819152,0,-0.5735764;
custom,boulder1,rock3,5.55,6,3.2,0,0,0,0,1,1,1882.1787539,100,275.6370948,0,0.7372773,0,-0.6755902;
custom,boulder1,rock3,5.55,6,3.2,0,0,0,0,1,1,1879.8728975,100,222.8243008,0,0.6427876,0,-0.7660444;
custom,boulder1,rock3,5.55,6,3.2,0,0,0,0,1,1,1863.9766545,100,172.4078588,0,0.5372996,0,-0.8433914;



custom,boulder1,rock3,7,6,3.2,0,0,0,0,1,1,910,100,700,0,0,0,0;
custom,boulder1,rock3,7,6,3.2,0,0,0,0,1,1,1010,100,700,0,0,0,0;
custom,boulder1,rock3,7,6,3.2,0,0,0,0,1,1,1110,100,700,0,0,0,0;
custom,boulder1,rock3,7,6,3.2,0,0,0,0,1,1,1210,100,700,0,0,0,0;
custom,boulder1,rock3,7,6,3.2,0,0,0,0,1,1,1310,100,700,0,0,0,0;
custom,boulder1,rock3,7,6,3.2,0,0,0,0,1,1,1410,100,700,0,0,0,0;
custom,boulder1,rock3,7,6,3.2,0,0,0,0,1,1,1510,100,700,0,0,0,0;
custom,boulder1,rock3,7,6,3.2,0,0,0,0,1,1,1610,100,700,0,0,0,0;

custom,boulder1,rock3,7,6,3.2,0,0,0,0,1,1,1610,100,700,0,1,0,1;
custom,boulder1,rock3,7,6,3.2,0,0,0,0,1,1,1610,100,600,0,1,0,1;
custom,boulder1,rock3,7,6,3.2,0,0,0,0,1,1,1610,100,500,0,1,0,1;

custom,boulder1,rock3,5,6,3.2,0,0,0,0,1,1,1350,100,480,0,1,0,1;
custom,boulder1,rock3,7,6,3.2,0,0,0,0,1,1,1350,100,400,0,1,0,1;

custom,boulder1,rock3,5,6,3.2,0,0,0,0,1,1,1200,100,540,0,1,0,1;
custom,boulder1,rock3,7,6,3.2,0,0,0,0,1,1,1200,100,620,0,1,0,1;

custom,boulder1,rock3,5,6,3.2,0,0,0,0,1,1,1050,100,480,0,1,0,1;
custom,boulder1,rock3,7,6,3.2,0,0,0,0,1,1,1050,100,400,0,1,0,1;

custom,boulder1,rock3,5,6,3.2,0,0,0,0,1,1,900,100,540,0,1,0,1;
custom,boulder1,rock3,7,6,3.2,0,0,0,0,1,1,900,100,620,0,1,0,1;

custom,boulder1,rock3,5,6,3.2,0,0,0,0,1,1,850,100,580,0,0,0,0;
custom,boulder1,rock3,5,6,3.2,0,0,0,0,1,1,800,100,580,0,0,0,0;
custom,boulder1,rock3,5,6,3.2,0,0,0,0,1,1,750,100,580,0,0,0,0;
custom,boulder1,rock3,5,6,3.2,0,0,0,0,1,1,700,100,580,0,0,0,0;
custom,boulder1,rock3,5,6,3.2,0,0,0,0,1,1,650,100,580,0,0,0,0;
custom,boulder1,rock3,5,6,3.2,0,0,0,0,1,1,600,100,580,0,0,0,0;
custom,boulder1,rock3,5,6,3.2,0,0,0,0,1,1,550,100,580,0,0,0,0;
custom,boulder1,rock3,5,6,3.2,0,0,0,0,1,1,500,100,580,0,0,0,0;




custom,cuboid,rock3,15,1,40,0,0,0,0,1.5,4,680,180,180,0.3007058,0,0,0.953717;
custom,cuboid,rock3,15,1,40,0,0,0,0,1.5,4,680,283,180,0.3007058,0,0,0.953717;
custom,cylinder,rock3,3,8,3,0,0,0,0,0.3,0.8,680,400,20,0,0,-0.7071068,0.7071068;
custom,cylinder,rock3,3,8.01,3,0,0,0,0,0.3,0.8,680,390,40,0,0,-0.7071068,0.7071068;
custom,cylinder,rock3,3,8.5,3,0,0,0,0,0.3,0.8,680,410,50,0,0,-0.7071068,0.7071068;
custom,cylinder,rock3,3,8.02,3,0,0,0,0,0.3,0.8,680,390,60,0,0,-0.7071068,0.7071068;
custom,cylinder,rock3,3,8.51,3,0,0,0,0,0.3,0.8,680,410,70,0,0,-0.7071068,0.7071068;

custom,cuboid,rock3,22,1,120,0,0,0,0,2.2,12,1200,170,-650,0,1,0,1;
custom,cuboid,rock3,22,1,140,0,0,0,0,2.2,14,1200,170,-450,0,1,0,1;

custom,cuboid,rock3,22,1,170,0,0,0,0,2.2,17,1200,170,-230,0,1,0,1;
custom,cuboid,rock3,22,1,205,0,0,0,0,2.2,20.5,1200,170,-30,0,1,0,1;
custom,cuboid,rock3,64,1,120,0,0,0,0,6.4,12,1400,170,400,0,1,0,1;

custom,cuboid,rock3,24,1,30,0,0,0,0,2.4,3,680,170,490,0,0,0,0;

custom,boulder1,rock3,5,6,3.2,0,0,0,0,1,1,821.7157288,100,600.7157288,0,0.9238795,0,0.3826834;
custom,boulder1,rock3,7,6,3.2,0,0,0,0,1,1,778.2842712,100,657.2842712,0,0.9238795,0,0.3826834;
custom,boulder1,rock3,5,6,3.2,0,0,0,0,1,1,721.7157288,100,600.7157288,0,0.9238795,0,0.3826834;
custom,boulder1,rock3,5,6,3.2,0,0,0,0,1,1,671.7157288,100,560.7157288,0,0.9238795,0,0.3826834;


custom,cuboid,rock3,22,1,120,0,0,0,0,2.2,12,1200,294,-700,0,1,0,1;
custom,cuboid,rock3,22,1,140,0,0,0,0,2.2,14,1200,294,-500,0,1,0,1;
custom,cuboid,rock3,22,0.998,170,0,0,0,0,2.2,17,1200,294,-280,0,1,0,1;
custom,cuboid,rock3,22,1,205,0,0,0,0,2.2,20.5,1200,294,-90,0,1,0,1;

custom,cuboid,rock3,6,1,120,0,0,0,0,0.6,12,1400,294,50,0,1,0,1;

custom,cuboid,rock3,64,1,120,0,0,0,0,6.4,12,1400,294,400,0,1,0,1;
custom,cuboid,rock3,24,1,30,0,0,0,0,2.4,3,680,294,480,0,0,0,0;



//2nd plan;

custom,boulder1,rock3,7,6,3.2,0,0,0,0,1,1,550,345,-30,0,1,0,1;
custom,boulder1,rock3,7,6,3.2,0,0,0,0,1,1,550,345,-130,0,1,0,1;
custom,boulder1,rock3,7,6,3.2,0,0,0,0,1,1,650,345,-180,0,0,0,0;
custom,boulder1,rock3,7,6,3.2,0,0,0,0,1,1,750,345,-180,0,0,0,0;


custom,startcuboid,default,7,20,1,0,0,0,0,1,1,1200,500,40,0,0,0,0;
custom,startcuboid,default,7,20,1,0,0,0,0,1,1,1200,500,-40,0,0,0,0;
custom,startcuboid,default,9,20,1,0,0,0,0,1,1,1240,500,0,0,1,0,1;
custom,startcuboid,default,9,20,1,0,0,0,0,1,1,1160,500,0,0,1,0,1;

custom,boulder1,rock3,7,6,3.2,0,0,0,0,1,1,1130,345,-30,0,1,0,1;
custom,boulder1,rock3,7,6,3.2,0,0,0,0,1,1,1130,345,70,0,1,0,1;
custom,boulder1,rock3,7,6,3.2,0,0,0,0,1,1,1130,345,170,0,1,0,1;
custom,boulder1,rock3,7,6,3.2,0,0,0,0,1,1,1130,345,270,0,1,0,1;
custom,boulder1,rock3,7,6,3.2,0,0,0,0,1,1,1130,345,370,0,1,0,1;
custom,boulder1,rock3,7,6,3.2,0,0,0,0,1,1,1130,345,470,0,1,0,1;
custom,boulder1,rock3,7,6,3.2,0,0,0,0,1,1,1130,345,570,0,1,0,1;



custom,boulder1,rock3,7,6,3.2,0,0,0,0,1,1,1180,345,90,0,0,0,0;
custom,boulder1,rock3,7,6,3.2,0,0,0,0,1,1,1280,345,90,0,0,0,0;
custom,boulder1,rock3,7,6,3.2,0,0,0,0,1,1,1180,345,-90,0,0,0,0;
custom,boulder1,rock3,7,6,3.2,0,0,0,0,1,1,1280,345,-90,0,0,0,0;
custom,boulder1,rock3,7,6,3.2,0,0,0,0,1,1,1380,345,-90,0,0,0,0;
custom,boulder1,rock3,4,6,3.2,0,0,0,0,1,1,1480,345,-90,0,0,0,0;

custom,boulder1,rock3,7,6,3.2,0,0,0,0,1,1,1530,345,-90,0,1,0,1;
custom,boulder1,rock3,7,6,3.2,0,0,0,0,1,1,1730,345,-90,0,1,0,1;

custom,boulder1,rock3,7,6,3.2,0,0,0,0,1,1,1530,345,-190,0,1,0,1;
custom,boulder1,rock3,7,6,3.2,0,0,0,0,1,1,1730,345,-190,0,1,0,1;

custom,boulder1,rock3,7,6,3.2,0,0,0,0,1,1,1730,345,-290,0,1,0,1;



custom,boulder1,rock3,7,6,3.2,0,0,0,0,1,1,1530,345,10,0,1,0,1;
custom,boulder1,rock3,7,6,3.2,0,0,0,0,1,1,1730,345,10,0,1,0,1;

custom,boulder1,rock3,7,6,3.2,0,0,0,0,1,1,1530,345,110,0,1,0,1;
custom,boulder1,rock3,7,6,3.2,0,0,0,0,1,1,1730,345,110,0,1,0,1;

custom,boulder1,rock3,7,6,3.2,0,0,0,0,1,1,1730,345,210,0,1,0,1;
custom,boulder1,rock3,7,6,3.2,0,0,0,0,1,1,1730,345,310,0,1,0,1;




custom,killcylinder,transparent0.5,25,7,25,1,0,0,1,1,1,1450,345,300,0,0,0,0;

base,levelBottom,default,0.002,2.33333,0.025,0,1,1,1,1,1,1450,345,300,0,0.414,0,1;
base,levelBottom,default,0.002,2.33333,0.025,0,1,1,1,1,1,1450,345,300,0,0.5223431,0,0.8527354;
base,levelBottom,default,0.002,2.33333,0.025,0,1,1,1,1,1,1450,345,300,0,0.6493094,0,0.7605244;
base,levelBottom,default,0.002,2.33333,0.025,0,1,1,1,1,1,1450,345,300,0,0.7602875,0,0.6495867;
base,levelBottom,default,0.002,2.33333,0.025,0,1,1,1,1,1,1450,345,300,0,0.8525449,0,0.5226541;
base,levelBottom,default,0.002,2.33333,0.025,0,1,1,1,1,1,1450,345,300,0,0.9238097,0,0.3828519;
base,levelBottom,default,0.002,2.33333,0.025,0,1,1,1,1,1,1450,345,300,0,0.9723273,0,0.2336227;
base,levelBottom,default,0.002,2.33333,0.025,0,1,1,1,1,1,1450,345,300,0,0.996903,0,0.0786409;
base,levelBottom,default,0.002,2.33333,0.025,0,1,1,1,1,1,1450,345,300,0,0.9969316,0,-0.0782773;
base,levelBottom,default,0.002,2.33333,0.025,0,1,1,1,1,1,1450,345,300,0,0.9724125,0,-0.233268;



custom,boulder1,rock3,3,6,3,0,0,0,0,1,1,1450,345,300,0,0,0,0;
custom,boulder1,rock3,7,6,3.2,0,0,0,0,1,1,1530,345,175,0,1,0,1;

custom,boulder1,rock3,3,6,3,0,0,0,0,1,1,1200,345,150,0,0.3826834,0,0.9238795;
custom,boulder1,rock3,3,6,3,0,0,0,0,1,1,1140,345,400,0,0.3826834,0,0.9238795;
custom,boulder1,rock3,3,6,3,0,0,0,0,1,1,1190,345,450,0,0.3826834,0,0.9238795;
custom,boulder1,rock3,3,6,3,0,0,0,0,1,1,1240,345,500,0,0.3826834,0,0.9238795;
custom,boulder1,rock3,3,6,3,0,0,0,0,1,1,1290,345,550,0,0.3826834,0,0.9238795;
custom,boulder1,rock3,3,6,3,0,0,0,0,1,1,1340,345,600,0,0.3826834,0,0.9238795;


custom,boulder1,rock3,7,6,3.2,0,0,0,0,1,1,1180,345,-290,0,0,0,0;
custom,boulder1,rock3,7,6,3.2,0,0,0,0,1,1,1280,345,-290,0,0,0,0;
custom,boulder1,rock3,7,6,3.2,0,0,0,0,1,1,1380,345,-290,0,0,0,0;
custom,boulder1,rock3,4,6,3.2,0,0,0,0,1,1,1480,345,-290,0,0,0,0;

custom,cylinder,rock3,8,6,8,0,0,0,0,0.8,0.6,1530,355,-270,0,0,0,0;

custom,boulder1,rock3,7,6,3.2,0,0,0,0,1,1,1080,345,-550,0,0,0,0;
custom,boulder1,rock3,7,6,3.2,0,0,0,0,1,1,1180,345,-550,0,0,0,0;
custom,boulder1,rock3,7,6,3.2,0,0,0,0,1,1,1280,345,-550,0,0,0,0;
custom,boulder1,rock3,7,6,3.2,0,0,0,0,1,1,1380,345,-550,0,0,0,0;
custom,boulder1,rock3,4,6,3.2,0,0,0,0,1,1,1480,345,-550,0,0,0,0;

custom,boulder1,rock3,7,6,3.2,0,0,0,0,1,1,980,345,-500,0,1,0,1;
custom,boulder1,rock3,7,6,3.2,0,0,0,0,1,1,980,345,-400,0,1,0,1;
custom,boulder1,rock3,7,6,3.2,0,0,0,0,1,1,980,345,-300,0,1,0,1;
custom,boulder1,rock3,7,6,3.2,0,0,0,0,1,1,980,345,-200,0,1,0,1;
custom,boulder1,rock3,7,6,3.2,0,0,0,0,1,1,1130,345,-200,0,1,0,1;

custom,boulder1,rock3,7,6,3.2,0,0,0,0,1,1,880,345,-180,0,0,0,0;

custom,boulder1,rock3,7,6,3.2,0,0,0,0,1,1,980,345,-100,0,1,0,1;
custom,boulder1,rock3,7,6,3.2,0,0,0,0,1,1,980,345,0,0,1,0,1;
custom,boulder1,rock3,7,6,3.2,0,0,0,0,1,1,980,345,100,0,1,0,1;
custom,boulder1,rock3,7,6,3.2,0,0,0,0,1,1,980,345,200,0,1,0,1;

custom,boulder1,rock3,7,6,3.2,0,0,0,0,1,1,780,345,100,0,1,0,1;
custom,boulder1,rock3,7,6,3.2,0,0,0,0,1,1,780,345,200,0,1,0,1;
custom,boulder1,rock3,7,6,3.2,0,0,0,0,1,1,780,345,300,0,1,0,1;
custom,boulder1,rock3,7,6,3.2,0,0,0,0,1,1,780,345,400,0,1,0,1;
custom,boulder1,rock3,7,6,3.2,0,0,0,0,1,1,830,345,450,0,0,0,0;
custom,boulder1,rock3,7,6,3.2,0,0,0,0,1,1,930,345,450,0,0,0,0;
custom,boulder1,rock3,7,6,3.2,0,0,0,0,1,1,1030,345,450,0,0,0,0;


custom,cave2,rock3,1,4,1,0,0,0,0,1,1,1730,320,170,0,0,-0.7071068,0.7071068;
custom,cave2,rock3,1,4,1,0,0,0,0,1,1,1530,380,100,-0.7071068,0.7071068,0,0;
custom,cave2,rock3,1,4,1,0,0,0,0,1,1,1730,320,30,0,0,-0.7071068,0.7071068;
custom,cave2,rock3,1,4,1,0,0,0,0,1,1,1530,380,-40,-0.7071068,0.7071068,0,0;
custom,cave2,rock3,1,4,1,0,0,0,0,1,1,1730,320,-110,0,0,-0.7071068,0.7071068;
custom,cave2,rock3,1,4,1,0,0,0,0,1,1,1530,380,-180,-0.7071068,0.7071068,0,0;

racing,checkpointcuboid,9,9,1,1060,345,-220,0,0,0,0;

custom,cuboid,rock3,1,3,20,0,0,0,0,2,0.3,1180,305,-420,0,0,0,0;
custom,cuboid,rock3,1,5,24,0,0,0,0,2.4,0.5,1180,395,-420,0,0,0,0;
custom,cuboid,rock3,1,5,4,0,0,0,0,0.5,0.6,1180,345,-420,0,0,0,0;
custom,cuboid,rock3,1,5,4,0,0,0,0,0.5,0.6,1180,345,-330,0,0,0,0;
custom,cuboid,rock3,1,5,4,0,0,0,0,0.5,0.6,1180,345,-510,0,0,0,0;
custom,cuboid,rock3,0.95,4.5,1.5,0,0,0,0,0.15,0.45,1180,330,-492,-0.3826834,0,0,0.9238795;
custom,cuboid,rock3,0.95,4.5,1.5,0,0,0,0,0.15,0.45,1180,360,-438,-0.3826834,0,0,0.9238795;
custom,cuboid,rock3,0.95,4.5,1.5,0,0,0,0,0.15,0.45,1180,318,-450,-0.9238795,0,0,0.3826834;
custom,cuboid,rock3,0.95,4.5,1.5,0,0,0,0,0.15,0.45,1180,372,-480,-0.9238795,0,0,0.3826834;
custom,cuboid,rock3,0.95,4.5,1.5,0,0,0,0,0.15,0.45,1180,330,-402,-0.3826834,0,0,0.9238795;
custom,cuboid,rock3,0.95,4.5,1.5,0,0,0,0,0.15,0.45,1180,360,-348,-0.3826834,0,0,0.9238795;
custom,cuboid,rock3,0.95,4.5,1.5,0,0,0,0,0.15,0.45,1180,318,-360,-0.9238795,0,0,0.3826834;
custom,cuboid,rock3,0.95,4.5,1.5,0,0,0,0,0.15,0.45,1180,372,-390,-0.9238795,0,0,0.3826834;

custom,killcuboid,transparent0.5,0.92,5,5,1,0,0,1,1,1,1180,345,-375,0,0,0,0;
base,levelBottom,default,0.00092,0.833333,0.005,0,1,1,1,1,1,1180,345,-375,0,0,0,0;

custom,cuboid,rock3,1,3,20,0,0,0,0,2,0.3,1330,305,-420,0,0,0,0;
custom,cuboid,rock3,1,5,28,0,0,0,0,2.2,0.5,1330,395,-420,0,0,0,0;
custom,cuboid,rock3,1,5,4,0,0,0,0,0.5,0.6,1330,345,-420,0,0,0,0;
custom,cuboid,rock3,1,5,4,0,0,0,0,0.5,0.6,1330,345,-330,0,0,0,0;
custom,cuboid,rock3,1,5,4,0,0,0,0,0.5,0.6,1330,345,-510,0,0,0,0;
custom,cuboid,rock3,0.95,4.5,1.5,0,0,0,0,0.15,0.45,1330,330,-492,-0.3826834,0,0,0.9238795;
custom,cuboid,rock3,0.95,4.5,1.5,0,0,0,0,0.15,0.45,1330,360,-438,-0.3826834,0,0,0.9238795;
custom,cuboid,rock3,0.95,4.5,1.5,0,0,0,0,0.15,0.45,1330,318,-450,-0.9238795,0,0,0.3826834;
custom,cuboid,rock3,0.95,4.5,1.5,0,0,0,0,0.15,0.45,1330,372,-480,-0.9238795,0,0,0.3826834;
custom,cuboid,rock3,0.95,4.5,1.5,0,0,0,0,0.15,0.45,1330,330,-402,-0.3826834,0,0,0.9238795;
custom,cuboid,rock3,0.95,4.5,1.5,0,0,0,0,0.15,0.45,1330,360,-348,-0.3826834,0,0,0.9238795;
custom,cuboid,rock3,0.95,4.5,1.5,0,0,0,0,0.15,0.45,1330,318,-360,-0.9238795,0,0,0.3826834;
custom,cuboid,rock3,0.95,4.5,1.5,0,0,0,0,0.15,0.45,1330,372,-390,-0.9238795,0,0,0.3826834;
custom,killcuboid,transparent0.5,0.92,5,5,1,0,0,1,1,1,1330,345,-465,0,0,0,0;
base,levelBottom,default,0.00092,0.833333,0.005,0,1,1,1,1,1,1330,345,-465,0,0,0,0;

custom,cuboid,rock3,1,3,20,0,0,0,0,2,0.3,1480,305,-420,0,0,0,0;
custom,cuboid,rock3,1,5,24,0,0,0,0,2.4,0.5,1480,395,-420,0,0,0,0;
custom,cuboid,rock3,1,5,4,0,0,0,0,0.5,0.6,1480,345,-420,0,0,0,0;
custom,cuboid,rock3,1,5,4,0,0,0,0,0.5,0.6,1480,345,-330,0,0,0,0;
custom,cuboid,rock3,1,5,4,0,0,0,0,0.5,0.6,1480,345,-510,0,0,0,0;
custom,cuboid,rock3,0.95,4.5,1.5,0,0,0,0,0.15,0.45,1480,330,-492,-0.3826834,0,0,0.9238795;
custom,cuboid,rock3,0.95,4.5,1.5,0,0,0,0,0.15,0.45,1480,360,-438,-0.3826834,0,0,0.9238795;
custom,cuboid,rock3,0.95,4.5,1.5,0,0,0,0,0.15,0.45,1480,318,-450,-0.9238795,0,0,0.3826834;
custom,cuboid,rock3,0.95,4.5,1.5,0,0,0,0,0.15,0.45,1480,372,-480,-0.9238795,0,0,0.3826834;
custom,cuboid,rock3,0.95,4.5,1.5,0,0,0,0,0.15,0.45,1480,330,-402,-0.3826834,0,0,0.9238795;
custom,cuboid,rock3,0.95,4.5,1.5,0,0,0,0,0.15,0.45,1480,360,-348,-0.3826834,0,0,0.9238795;
custom,cuboid,rock3,0.95,4.5,1.5,0,0,0,0,0.15,0.45,1480,318,-360,-0.9238795,0,0,0.3826834;
custom,cuboid,rock3,0.95,4.5,1.5,0,0,0,0,0.15,0.45,1480,372,-390,-0.9238795,0,0,0.3826834;
custom,killcuboid,transparent0.5,0.92,5,5,1,0,0,1,1,1,1480,345,-375,0,0,0,0;
base,levelBottom,default,0.00092,0.833333,0.005,0,1,1,1,1,1,1480,345,-375,0,0,0,0;



racing,killCuboid,-6,-1.3,-1.3,1347.75,355,-126.75,-0.5,-0.5,0.5,0.5;
racing,killCuboid,-6,-1.3,-1.3,1347.75,355,-126.75,-0.5,-0.5,0.5,0.5;
racing,killCuboid,-6,-1.3,-1.3,1390.75,355,-126.75,-0.5,-0.5,0.5,0.5;
racing,killCuboid,-6,-1.3,-1.3,1390.75,355,-126.75,-0.5,-0.5,0.5,0.5;
racing,killCuboid,-5,-1.3,-1.3,1409.25,331.5,-126.75,-0.7071068,0,0,0.7071068;
racing,killCuboid,-5,-1.3,-1.3,1409.25,331.5,-126.75,-0.7071068,0,0,0.7071068;
racing,killCuboid,-6,-1.3,-1.3,1289.25,331.5,-126.75,-0.7071068,0,0,0.7071068;
racing,killCuboid,-6,-1.3,-1.3,1289.25,331.5,-126.75,-0.7071068,0,0,0.7071068;
racing,killCuboid,-6,-1.3,-1.3,1289.25,377.5,-126.75,-0.7071068,0,0,0.7071068;
racing,killCuboid,-6,-1.3,-1.3,1289.25,377.5,-126.75,-0.7071068,0,0,0.7071068;
racing,killCuboid,-7,-1.3,-1.3,1288.75,355,-126.75,-0.6532815,-0.2705981,0.2705981,0.6532815;
racing,killCuboid,-7,-1.3,-1.3,1288.75,355,-126.75,-0.6532815,-0.2705981,0.2705981,0.6532815;

custom,cuboid,rock3,22,1,120,0,0,0,0,2.2,12,1200,414,-700,0,1,0,1;
custom,cuboid,rock3,22,1,140,0,0,0,0,2.2,14,1200,414,-500,0,1,0,1;
custom,cuboid,rock3,22,0.998,170,0,0,0,0,2.2,17,1200,414,-280,0,1,0,1;
custom,cuboid,rock3,4,0.98,140,0,0,0,0,0.4,12,1200,414,65,0,1,0,1;
custom,cuboid,rock3,64,1,120,0,0,0,0,6.4,12,1200,414,400,0,1,0,1;
custom,cuboid,rock3,24,1,30,0,0,0,0,2.4,3,680,414,480,0,0,0,0;
custom,cuboid,rock3,13,0.98,140,0,0,0,0,1.3,12,1200,414,-110,0,1,0,1;
custom,cuboid,rock3,9,1,60,0,0,0,0,0.9,6,855,414,0,0,1,0,1;
custom,cuboid,rock3,9,1,60,0,0,0,0,0.9,6,1545,414,0,0,1,0,1;







custom,boulder3,rock3,6,3,5,0,1,1,1,1.0,1.0,635,585,690,0,0.9263488,0,0.3766668;
custom,boulder3,rock3,4,2,8,0,1,1,1,1.0,1.0,630,585,690,0,0.9263488,0,0.3766668;
custom,boulder3,rock3,4,2,8,0,1,1,1,1.0,1.0,630,595,690,0,0.9263488,0,0.3766668;
custom,cylinder,lava1,5,0.05,3,0,1,1,1,1,0.5,625,615.5,695,0,0.4,0,-1;
custom,boulder1,default,0.25,0.35,0.25,0,1,1,1,1,1,608.24383,615.202,677.508,0,0.2133067,0,-0.9769853;
custom,boulder1,default,0.25,0.35,0.25,0,1,1,1,1,1,605.04195,615.346,681.519,0,0.4970968,0,0.8676951;
custom,boulder1,default,0.25,0.35,0.25,0,1,1,1,1,1,604.586416,614.929,684.897,0,0.887472,0,0.4608617;
custom,boulder1,default,0.25,0.35,0.25,0,1,1,1,1,1,606.17364,615.233,688.922,0,0.8632391,0,0.5047954;
custom,boulder1,default,0.25,0.45,0.25,0,1,1,1,1,1,612.51961,613.8,677.129,0,0.0293247,0,0.99957;
custom,boulder1,default,0.25,0.35,0.25,0,1,1,1,1,1,616.93588,614.504,676.197,0,0.1941551,0,-0.9809709;
custom,boulder1,default,0.25,0.35,0.25,0,1,1,1,1,1,621.0657,614.647,676.196,0,0.3267662,0,-0.9451052;
custom,boulder1,default,0.25,0.35,0.25,0,1,1,1,1,1,606.40048,614.723,693.528,0,0.9892067,0,-0.1465272;
custom,boulder1,default,0.25,0.25,0.25,0,1,1,1,1,1,606.99511,615.255,697.511,0,0.8379591,0,0.5457331;
custom,boulder1,default,0.25,0.25,0.25,0,1,1,1,1,1,610.07716,615.454,700.993,0,0.8391477,0,0.5439036;
custom,boulder1,default,0.25,0.25,0.25,0,1,1,1,1,1,614.00729,615.854,704.933,0,0.8391477,0,0.5439036;
custom,boulder1,default,0.25,0.25,0.25,0,1,1,1,1,1,617.4206,615.844,708.495,0,0.875033,0,0.4840634;
custom,boulder1,default,0.25,0.25,0.25,0,1,1,1,1,1,621.65182,615.487,709.112,0,0.9208364,0,0.3899491;
custom,boulder1,default,0.25,0.35,0.25,0,1,1,1,1,1,626.13524,614.365,710.836,0,0.9485904,0,0.3165063;
custom,boulder1,default,0.25,0.35,0.25,0,1,1,1,1,1,629.46303,614.306,713.996,0,0.9323123,0,0.3616543;
custom,boulder1,default,0.25,0.35,0.25,0,1,1,1,1,1,633.21422,614.112,714.343,0,0.9999545,0,-0.0095474;
custom,boulder1,default,0.25,0.35,0.25,0,1,1,1,1,1,637.76664,614.217,714.101,0,0.9969813,0,0.0776423;
custom,boulder1,default,0.25,0.25,0.25,0,1,1,1,1,1,640.92416,616.121,712.831,0,0.9494431,0,-0.3139391;
custom,boulder1,default,0.25,0.25,0.25,0,1,1,1,1,1,643.56675,615.564,709.081,0,0.9651456,0,-0.2617135;
custom,boulder1,default,0.25,0.25,0.25,0,1,1,1,1,1,645.02411,616.477,705.015,0,0.9317119,0,-0.3631982;
custom,boulder1,default,0.25,0.35,0.25,0,1,1,1,1,1,625.9556,614.834,677.718,0,0.0362802,0,-0.9993417;
custom,boulder1,default,0.25,0.35,0.25,0,1,1,1,1,1,630.36234,614.526,679.953,0,0.2114175,0,-0.9773958;
custom,boulder1,default,0.25,0.35,0.25,0,1,1,1,1,1,634.11973,614.477,682.686,0,0.3289616,0,-0.9443433;
custom,boulder1,default,0.25,0.35,0.25,0,1,1,1,1,1,636.69757,614.006,686.034,0,0.3920337,0,-0.9199508;
custom,boulder1,default,0.25,0.25,0.25,0,1,1,1,1,1,639.98594,616.076,689.666,0,0.2263489,0,-0.9740463;
custom,boulder1,default,0.5,0.5,1,0,1,1,1,1,1,639.66256,615.16,699.384,0,-0.1446382,0,-0.9894846;
custom,boulder1,default,-0.5,0.5,1,0,1,1,1,1,1,644.2647,614.936,700.647,0,-0.2908505,0,0.9567685;
custom,boulder1,default,-0.5,0.5,1,0,1,1,1,1,1,641.32268,615.612,692.739,0,0.5539801,0,0.83253;

custom,cuboid,rock3,22,1,100,0,0,0,0,2.2,10,1200,595,-500,0,1,0,1;
custom,cuboid,rock3,22,0.998,160,0,0,0,0,2.2,17,1200,595,-280,0,1,0,1;
custom,cuboid,rock3,4,0.98,140,0,0,0,0,0.4,14,1200,595,65,0,1,0,1;
custom,cuboid,rock3,64,1,110,0,0,0,0,6.4,11,1200,595,400,0,1,0,1;
custom,cuboid,rock3,13,0.98,135,0,0,0,0,1.3,13.5,1200,595,-110,0,1,0,1;
custom,cuboid,rock3,9,1,60,0,0,0,0,0.9,6,855,595,0,0,1,0,1;
custom,cuboid,rock3,9,1,60,0,0,0,0,0.9,6,1545,595,0,0,1,0,1;







custom,cuboid,rock3,10,1,1,0,0,0,0,1,0.1,1200,605,260,0,0,0,0;
custom,cuboid,rock3,10,2,1,0,0,0,0,1,0.2,1200,610,250,0,0,0,0;
custom,cuboid,rock3,10,2,1,0,0,0,0,1,0.2,1200,620,240,0,0,0,0;
custom,cuboid,rock3,10,2,1,0,0,0,0,1,0.2,1200,630,230,0,0,0,0;
custom,cuboid,rock3,10,2,1,0,0,0,0,1,0.2,1200,640,220,0,0,0,0;
custom,cuboid,rock3,10,2,1,0,0,0,0,1,0.2,1200,650,210,0,0,0,0;
custom,cuboid,rock3,10,2,1,0,0,0,0,1,0.2,1200,660,200,0,0,0,0;
custom,cuboid,rock3,10,2,1,0,0,0,0,1,0.2,1200,670,190,0,0,0,0;
custom,cuboid,rock3,10,2,1,0,0,0,0,1,0.2,1200,680,180,0,0,0,0;
custom,cuboid,rock3,10,2,1,0,0,0,0,1,0.2,1200,690,170,0,0,0,0;
custom,cuboid,rock3,10,2,1,0,0,0,0,1,0.2,1200,700,160,0,0,0,0;
custom,cuboid,rock3,10,2,1,0,0,0,0,1,0.2,1200,710,150,0,0,0,0;
custom,cuboid,rock3,10,2,1,0,0,0,0,1,0.2,1200,720,140,0,0,0,0;
custom,cuboid,rock3,10,2,1,0,0,0,0,1,0.2,1200,730,130,0,0,0,0;
custom,cuboid,rock3,10,2,1,0,0,0,0,1,0.2,1200,740,120,0,0,0,0;
custom,cuboid,rock3,10,2,1,0,0,0,0,1,0.2,1200,750,110,0,0,0,0;
custom,cuboid,rock3,10,2,1,0,0,0,0,1,0.2,1200,760,100,0,0,0,0;
custom,cuboid,rock3,10,2,1,0,0,0,0,1,0.2,1200,770,90,0,0,0,0;
custom,cuboid,rock3,10,2,1,0,0,0,0,1,0.2,1200,780,80,0,0,0,0;
custom,cuboid,rock3,10,2,1,0,0,0,0,1,0.2,1200,790,70,0,0,0,0;
custom,cuboid,rock3,10,2,1,0,0,0,0,1,0.2,1200,800,60,0,0,0,0;
custom,cuboid,rock3,10,2,1,0,0,0,0,1,0.2,1200,810,50,0,0,0,0;
custom,cuboid,rock3,10,2,1,0,0,0,0,1,0.2,1200,820,40,0,0,0,0;
custom,cuboid,rock3,10,2,1,0,0,0,0,1,0.2,1200,830,30,0,0,0,0;
custom,cuboid,rock3,10,2,1,0,0,0,0,1,0.2,1200,840,20,0,0,0,0;
custom,cuboid,rock3,10,2,1,0,0,0,0,1,0.2,1200,850,10,0,0,0,0;
custom,cuboid,rock3,10,2,1,0,0,0,0,1,0.2,1200,860,0,0,0,0,0;
custom,cuboid,rock3,10,2,1,0,0,0,0,1,0.2,1200,870,-10,0,0,0,0;


custom,cuboid,rock3,9,8,1,0,0,0,0,0.9,0.8,1255,900,40,0,1,0,1;
custom,cuboid,rock3,9,8,1,0,0,0,0,0.9,0.8,1145,900,40,0,1,0,1;
custom,cylinder,rock3,2,4,2,0,0,0,0,0.2,0.4,1145,900,-10,0,0,0,0;
custom,cylinder,rock3,2,4,2,0,0,0,0,0.2,0.4,1255,900,-10,0,0,0,0;
custom,cuboid,rock3,2,2,2,0,0,0,0,0.2,0.2,1255,950,-10,0,0,0,0;
custom,cuboid,rock3,2,2,2,0,0,0,0,0.2,0.2,1145,950,-10,0,0,0,0;
custom,cylinder,rock3,2,5,2,0,0,0,0,0.2,0.5,1200,950,-10,-0.5,-0.5,-0.5,0.5;
custom,cylinder,rock3,2,4,2,0,0,0,0,0.2,0.4,1255,950,40,-0.7071068,0,0,0.7071068;
custom,cylinder,rock3,2,4,2,0,0,0,0,0.2,0.4,1145,950,40,-0.7071068,0,0,0.7071068;


custom,cylinder,rock3,2,4,2,0,0,0,0,0.2,0.4,1145,900,90,0,0,0,0;
custom,cylinder,rock3,2,4,2,0,0,0,0,0.2,0.4,1255,900,90,0,0,0,0;
custom,cuboid,rock3,2,2,2,0,0,0,0,0.2,0.2,1255,950,90,0,0,0,0;
custom,cuboid,rock3,2,2,2,0,0,0,0,0.2,0.2,1145,950,90,0,0,0,0;

custom,cuboid,rock3,9,1,11,0,0,0,0,0.9,1.1,1200,945,40,0,1,0,1;


custom,cuboid,rock3,3,3,0.99,0,0,0,0,0.3,0.3,1255,890,100,0,1,0,1;
custom,cuboid,rock3,3,3,0.99,0,0,0,0,0.3,0.3,1145,890,100,0,1,0,1;

custom,cuboid,rock3,9,10,1,0,0,0,0,0.9,1,1255,830,130,0,1,0,1;
custom,cuboid,rock3,9,10,1,0,0,0,0,0.9,1,1145,830,130,0,1,0,1;

custom,cuboid,rock3,9,10,0.99,0,0,0,0,0.9,1,1255,830,40,0,1,0,1;
custom,cuboid,rock3,9,10,0.99,0,0,0,0,0.9,1,1145,830,40,0,1,0,1;

racing,startcuboid,1,7,12,1200,915,-10,0,1,0,1;


custom,cuboid,rock3,10,1,35,0,0,0,0,1,3.5,1200,830,165,0.3826834,0,0,0.9238795;

custom,cuboid,rock3,22,1,90,0,0,0,0,2.2,9,1200,875,-500,0,1,0,1;
custom,cuboid,rock3,22,0.998,120,0,0,0,0,2.2,12,1200,875,-280,0,1,0,1;
custom,cuboid,rock3,16,0.98,135,0,0,0,0,1.6,13.5,1200,875,-93,0,1,0,1;
custom,cuboid,rock3,9,1,49.98,0,0,0,0,0.9,5,900,875,30,0,1,0,1;
custom,cuboid,rock3,9,1,49.98,0,0,0,0,0.9,5,1500,875,30,0,1,0,1;
custom,cuboid,rock3,11,1,49.98,0,0,0,0,1.1,5,900,875,130,0,1,0,1;
custom,cuboid,rock3,11,1,49.98,0,0,0,0,1.1,5,1500,875,130,0,1,0,1;
custom,cuboid,rock3,11,1,80,0,0,0,0,1.1,8,1200,875,240,0,1,0,1;
custom,cuboid,rock3,11,1,70,0,0,0,0,1.1,7,1200,875,350,0,1,0,1;
custom,cuboid,rock3,6.5,1,10.05,0,0,0,0,0.65,1,1200,875,152.5,0,1,0,1;


custom,cuboid,grass3,22,1,90,0,0,0,0,2.2,9,1200,877,-502,0,1,0,1;
custom,cuboid,grass3,22,1,120,0,0,0,0,2.2,12,1200,877,-282,0,1,0,1;
custom,cuboid,grass3,16,1,135,0,0,0,0,1.6,13.5,1200,877,-95,0,1,0,1;

custom,cuboid,grass3,9,1,49.98,0,0,0,0,0.9,5,900,877,30,0,1,0,1;
custom,cuboid,grass3,9,1,49.98,0,0,0,0,0.9,5,1500,877,30,0,1,0,1;

custom,cuboid,grass3,11,1,49.98,0,0,0,0,1.1,5,900,877,130,0,1,0,1;
custom,cuboid,grass3,11,1,49.98,0,0,0,0,1.1,5,1500,877,130,0,1,0,1;
custom,cuboid,grass3,11,1,80,0,0,0,0,1.1,8,1200,877,240,0,1,0,1;
custom,cuboid,grass3,11,1,70,0,0,0,0,1.1,7,1200,877,350,0,1,0,1;


custom,cuboid,grass3,6.5,1,10.05,0,0,0,0,0.65,1,1200,877,152.5,0,1,0,1;


//;

custom,boulder3,rock3,5,13,3,0,0,0,0,1,1,1140,725,240,0,-1,0,1;
custom,boulder3,rock3,5,13,3,0,0,0,0,1,1,1260,725,240,0,1,0,1;

custom,boulder3,rock3,5,13,3,0,0,0,0,1,1,1140,725,180,0,-1,0,1;
custom,boulder3,rock3,5,13,3,0,0,0,0,1,1,1260,725,180,0,1,0,1;

custom,boulder3,rock3,5,13,3,0,0,0,0,1,1,1140,725,80,0,-1,0,1;
custom,boulder3,rock3,5,13,3,0,0,0,0,1,1,1260,725,80,0,1,0,1;

custom,boulder3,rock3,7,11,3,0,0,0,0,1,1,1200,705,50,0,0,0,0;

custom,boulder3,rock3,7,4,3,0,0,0,0,1,1,1200,635,190,0,0,0,0;


custom,boulder1,rock3,7,6,3.2,0,0,0,0,1,1,1290,645,340,0,1,0,1;
custom,boulder1,rock3,7,6,3.2,0,0,0,0,1,1,1290,645,440,0,1,0,1;
custom,boulder1,rock3,7,6,3.2,0,0,0,0,1,1,1290,645,540,0,1,0,1;

custom,boulder1,rock3,7,6,3.2,0,0,0,0,1,1,1090,645,200,0,0,0,0;
custom,boulder1,rock3,7,6,3.2,0,0,0,0,1,1,990,645,200,0,0,0,0;
custom,boulder1,rock3,7,6,3.2,0,0,0,0,1,1,890,645,200,0,0,0,0;

custom,boulder1,rock3,7,6,3.2,0,0,0,0,1,1,1090,645,440,0,0,0,0;
custom,boulder1,rock3,7,6,3.2,0,0,0,0,1,1,990,645,440,0,0,0,0;
custom,boulder1,rock3,7,6,3.2,0,0,0,0,1,1,890,645,440,0,0,0,0;
custom,boulder1,rock3,7,6,3.2,0,0,0,0,1,1,790,645,440,0,0,0,0;

custom,boulder1,rock3,7,6,3.2,0,0,0,0,1,1,1290,645,440,0,0,0,0;
custom,boulder1,rock3,7,6,3.2,0,0,0,0,1,1,1390,645,440,0,0,0,0;
custom,boulder1,rock3,7,6,3.2,0,0,0,0,1,1,1490,645,440,0,0,0,0;
custom,boulder1,rock3,7,6,3.2,0,0,0,0,1,1,1590,645,440,0,0,0,0;


custom,boulder1,rock3,7,6,3.2,0,0,0,0,1,1,1090,645,60,0,1,0,0;
custom,boulder1,rock3,7,6,3.2,0,0,0,0,1,1,990,645,60,0,1,0,0;
custom,boulder1,rock3,7,6,3.2,0,0,0,0,1,1,890,645,60,0,1,0,0;
custom,boulder1,rock3,7,6,3.2,0,0,0,0,1,1,790,645,60,0,1,0,0;
custom,boulder1,rock3,7,6,3.2,0,0,0,0,1,1,690,645,60,0,1,0,0;

custom,boulder1,rock3,7,6,3.2,0,0,0,0,1,1,640,645,190,0,1,0,1;
custom,boulder1,rock3,7,6,3.2,0,0,0,0,1,1,640,645,90,0,1,0,1;

custom,boulder1,rock3,7,6,3.2,0,0,0,0,1,1,1110,645,470,0,1,0,1;
custom,boulder1,rock3,7,6,3.2,0,0,0,0,1,1,1110,645,540,0,1,0,1;

custom,boulder1,rock3,7,6,3.2,0,0,0,0,1,1,1340,645,60,0,1,0,0;
custom,boulder1,rock3,3.2,6,3.2,0,0,0,0,1,1,1290,645,260,0,1,0,0;

custom,cylinder,rock3,25,6,25,0,0,0,0,2.5,0.6,1510,645,100,0,1,0,1;
custom,boulder1,rock3,7,6,3.2,0,0,0,0,1,1,1280,645,-10,0,1,0,1;
custom,boulder1,rock3,4,6,4,0,0,0,0,1,1,1350,645,-10,0,1,0,1;


custom,boulder1,rock3,7,6,3.2,0,0,0,0,1,1,1770,645,60,0,1,0,1;
custom,boulder1,rock3,7,6,3.2,0,0,0,0,1,1,1770,645,160,0,1,0,1;
custom,boulder1,rock3,7,6,3.2,0,0,0,0,1,1,1770,645,260,0,1,0,1;
custom,boulder1,rock3,7,6,3.2,0,0,0,0,1,1,1770,645,-40,0,1,0,1;
custom,boulder1,rock3,7,6,3.2,0,0,0,0,1,1,1770,645,-140,0,1,0,1;
custom,boulder1,rock3,7,6,3.2,0,0,0,0,1,1,1770,645,-240,0,1,0,1;

custom,cylinder,rock3,25,6,25,0,0,0,0,2.5,0.6,1510,645,-250,0,1,0,1;
custom,boulder1,rock3,7,6,3.2,0,0,0,0,1,1,1690,645,-250,0,0,0,0;

custom,boulder1,rock3,7,6,3.2,0,0,0,0,1,1,1440,645,-400,0,1,0,1;
custom,boulder1,rock3,7,6,3.2,0,0,0,0,1,1,1440,645,-500,0,1,0,1;


custom,boulder1,rock3,7,6,3.2,0,0,0,0,1,1,1090,645,-80,0,1,0,0;
custom,boulder1,rock3,7,6,3.2,0,0,0,0,1,1,990,645,-80,0,1,0,0;
custom,boulder1,rock3,7,6,3.2,0,0,0,0,1,1,890,645,-80,0,1,0,0;
custom,boulder1,rock3,7,6,3.2,0,0,0,0,1,1,790,645,-80,0,1,0,0;
custom,boulder1,rock3,7,6,3.2,0,0,0,0,1,1,1190,645,-80,0,1,0,0;

custom,boulder1,rock3,7,6,3.2,0,0,0,0,1,1,1110,645,-180,0,1,0,1;
custom,cylinder,rock3,25,6,25,0,0,0,0,2.5,0.6,1110,645,-350,0,1,0,1;


custom,boulder1,rock3,7,6,3.2,0,0,0,0,1,1,960.7106781,645,-350.7106781,0,0.9238795,0,-0.3826834;
custom,boulder1,rock3,7,6,3.2,0,0,0,0,1,1,890,645,-280,0,0.9238795,0,-0.3826834;
custom,boulder1,rock3,7,6,3.2,0,0,0,0,1,1,819.2893219,645,-209.2893219,0,0.9238795,0,-0.3826834;

custom,boulder1,rock3,7,6,3.2,0,0,0,0,1,1,770,645,-150,0,1,0,1;

custom,cuboid,rock3,22,1,100,0,0,0,0,2.2,10,1200,705,-500,0,1,0,1;
custom,cuboid,rock3,22,0.998,160,0,0,0,0,2.2,16,1200,705,-280,0,1,0,1;
custom,cuboid,rock3,4,0.98,140,0,0,0,0,0.4,14,1200,705,65,0,1,0,1;
custom,cuboid,rock3,13,0.98,135,0,0,0,0,1.3,13.5,1200,705,-110,0,1,0,1;
custom,cuboid,rock3,9,1,110,0,0,0,0,0.9,11,1200,705,0,0,1,0,1;
custom,cuboid,rock3,34,1,110,0,0,0,0,3.4,11,1200,705,460,0,1,0,1;

custom,cuboid,rock3,21,1,60,0,0,0,0,2.1,6,850,705,185,0,1,0,1;
custom,cuboid,rock3,21,1,60,0,0,0,0,2.1,6,1550,705,185,0,1,0,1;



custom,killcuboid,transparent0.5,5,5,1.5,1,0,0,1,1,1,1260,690,-67.6,0,0.3066052,0,-0.9518368;

base,levelBottom,default,0.005,0.8333,0.0015,0,1,1,1,1,1,1260,690,-67.6,0,0.3066052,0,-0.9518368;




custom,boulder1,rock3,6,6,6,0,0,0,0,1,1,1200,645,470,0,1,0,1;

custom,endPrism,default,-2.4,-0.2,-3,1,0,1,1,1,1,1200,655,395,0.5,-0.5,-0.5,0.5;
custom,endPrism,default,-2.4,-0.2,-3,1,0,1,1,1,1,688,655,315,0.7071068,-0.7071068,0,0;
custom,endPrism,default,-2.4,-0.2,-3,1,0,1,1,1,1,710,655,95,0.5,-0.5,0.5,-0.5;
custom,endPrism,default,-2.4,-0.2,-3,1,0,1,1,1,1,1390,635,135,0,0,-0.7071068,0.7071068;
custom,endPrism,default,-2.4,-0.2,-3,1,0,1,1,1,1,680,655,10,0.5,-0.5,0.5,-0.5;
custom,endPrism,default,2.4,0.2,3,1,0,1,1,1,1,1720,655,315,0,0,0.7071068,0.7071068;
custom,endPrism,default,2.4,0.2,3,1,0,1,1,1,1,1670,655,-185,0.5,0.5,0.5,0.5;

custom,endPrism,default,2.4,0.2,3,1,0,1,1,1,1,1170,655,-195,0,0,0.7071068,0.7071068;
custom,endPrism,default,2.4,0.2,3,1,0,1,1,1,1,1280,655,-585,0.5,0.5,0.5,0.5;
custom,endPrism,default,2.4,0.2,3,1,0,1,1,1,1,1240,655,0,0.5,0.5,0.5,-0.5;

custom,endPrism,default,2.4,0.2,3,1,0,1,1,1,1,1480,355,0,0.7071068,0.7071068,0,0;
custom,endPrism,default,2.4,0.2,3,1,0,1,1,1,1,1680,355,300,0,0,0.7071068,-0.7071068;
custom,endPrism,default,2.4,0.2,3,1,0,1,1,1,1,1600,355,-440,0.5,-0.5,0.5,-0.5;

custom,endPrism,default,-2.4,0.2,-3,1,0,1,1,1,1,1485,350,-420,0.7071068,-0.7071068,0,0;
custom,endPrism,default,2.4,0.2,3,1,0,1,1,1,1,1335,350,-420,0.7071068,-0.7071068,0,0;
custom,endPrism,default,-2.4,0.2,-3,1,0,1,1,1,1,1185,350,-420,0.7071068,-0.7071068,0,0;

custom,endPrism,default,2.4,0.2,3,1,0,1,1,1,1,1025,350,-420,0.7071068,-0.7071068,0,0;
custom,endPrism,default,2.4,0.2,3,1,0,1,1,1,1,1050,350,410,0.5,-0.5,0.5,-0.5;
custom,endPrism,default,2.4,0.2,3,1,0,1,1,1,1,825,350,360,0,0,0.7071068,-0.7071068;

custom,endPrism,default,2.4,0.2,3,1,0,1,1,1,1,885,350,-130,0.5,-0.5,0.5,-0.5;
custom,endPrism,default,2.4,0.2,3,1,0,1,1,1,1,615,350,-70,0.7010574,-0.7010574,-0.092296,-0.092296;
custom,endPrism,default,2.4,0.2,3,1,0,1,1,1,1,690,120,515,0.5,-0.5,-0.5,0.5;

custom,endPrism,default,2.4,0.2,3,1,0,1,1,1,1,1010,120,455,0.7071068,-0.7071068,0,0;
custom,endPrism,default,2.4,0.2,3,1,0,1,1,1,1,1160,120,585,0,0,-0.7071068,0.7071068;
custom,endPrism,default,2.4,0.2,3,1,0,1,1,1,1,1310,120,455,0.7071068,-0.7071068,0,0;
custom,endPrism,default,2.4,0.2,3,1,0,1,1,1,1,1560,120,585,0,0,-0.7071068,0.7071068;

custom,endPrism,default,2.4,0.2,3,1,0,1,1,1,1,1660,120,-535,-0.5,0.5,-0.5,0.5;
custom,endPrism,default,2.4,0.2,3,1,0,1,1,1,1,660,120,-535,-0.7071068,0.7071068,0,0;
custom,endPrism,default,2.4,0.2,3,1,0,1,1,1,1,760,120,-135,-0.5,0.5,0.5,-0.5;



custom,killcuboid,transparent0.5,5,12,1.5,1,0,0,1,1,1,1060,95,-207,0,0,0,0;
base,levelBottom,default,0.005,2,0.0015,0,1,1,1,1,1,1060,95,-207,0,0,0,0;

custom,killcuboid,transparent0.5,70,12,1.5,1,0,0,1,1,1,540,110,-80,0,0,0,0;
base,levelBottom,default,0.07,2,0.0015,0,1,1,1,1,1,540,110,-80,0,0,0,0;
custom,killcuboid,transparent0.5,70,12,1.5,1,0,0,1,1,1,540,110,80,0,0,0,0;
base,levelBottom,default,0.07,2,0.0015,0,1,1,1,1,1,540,110,80,0,0,0,0;
custom,killcuboid,transparent0.5,18,12,1.5,1,0,0,1,1,1,960,110,40,0,0.3007058,0,0.953717;
base,levelBottom,default,0.018,2,0.0015,0,1,1,1,1,1,960,110,40,0,0.3007058,0,0.953717;
custom,killcuboid,transparent0.5,11,12,1.5,1,0,0,1,1,1,1065,110,200,0,0,0,0;
base,levelBottom,default,0.011,2,0.0015,0,1,1,1,1,1,1065,110,200,0,0,0,0;
custom,killcuboid,transparent0.5,55,12,1.5,1,0,0,1,1,1,1130,110,350,0,0,0,0;
base,levelBottom,default,0.055,2,0.0015,0,1,1,1,1,1,1130,110,350,0,0,0,0;
custom,killcuboid,transparent0.5,70,12,1.5,1,0,0,1,1,1,1455,110,0,0,1,0,1;
base,levelBottom,default,0.070,2,0.0015,0,1,1,1,1,1,1455,110,0,0,1,0,1;
custom,killcuboid,transparent0.5,55,12,1.5,1,0,0,1,1,1,1130,110,-350,0,0,0,0;
base,levelBottom,default,0.055,2,0.0015,0,1,1,1,1,1,1130,110,-350,0,0,0,0;
custom,killcuboid,transparent0.5,55,12,1.5,1,0,0,1,1,1,1130,110,-450,0,0,0,0;
base,levelBottom,default,0.055,2,0.0015,0,1,1,1,1,1,1130,110,-450,0,0,0,0;
custom,killcuboid,transparent0.5,10,12,1.5,1,0,0,1,1,1,860,110,-400,0,1,0,1;
base,levelBottom,default,0.010,2,0.0015,0,1,1,1,1,1,860,110,-400,0,1,0,1;
custom,killcuboid,transparent0.5,85,12,1.5,1,0,0,1,1,1,1180,110,-640,0,0,0,0;
base,levelBottom,default,0.085,2,0.0015,0,1,1,1,1,1,1180,110,-640,0,0,0,0;
custom,killcuboid,transparent0.5,80,12,1.5,1,0,0,1,1,1,1200,110,700,0,0,0,0;
base,levelBottom,default,0.080,2,0.0015,0,1,1,1,1,1,1200,110,700,0,0,0,0;
custom,killcuboid,transparent0.5,20,12,1.5,1,0,0,1,1,1,1610,110,600,0,1,0,1;
base,levelBottom,default,0.020,2,0.0015,0,1,1,1,1,1,1610,110,600,0,1,0,1;
custom,killcuboid,transparent0.5,18,12,1.5,1,0,0,1,1,1,810,110,300,0,0.953717,0,0.3007058;
base,levelBottom,default,0.018,2,0.0015,0,1,1,1,1,1,810,110,300,0,0.953717,0,0.3007058;
custom,killcuboid,transparent0.5,11,12,1.5,1,0,0,1,1,1,1350,110,413,0,1,0,1;
base,levelBottom,default,0.011,2,0.0015,0,1,1,1,1,1,1350,110,413,0,1,0,1;
custom,killcuboid,transparent0.5,11,12,1.5,1,0,0,1,1,1,1050,110,413,0,1,0,1;
base,levelBottom,default,0.011,2,0.0015,0,1,1,1,1,1,1050,110,413,0,1,0,1;
custom,killcuboid,transparent0.5,14,12,1.5,1,0,0,1,1,1,1200,110,615,0,1,0,1;
base,levelBottom,default,0.014,2,0.0015,0,1,1,1,1,1,1200,110,615,0,1,0,1;
custom,killcuboid,transparent0.5,14,12,1.5,1,0,0,1,1,1,900,110,615,0,1,0,1;
base,levelBottom,default,0.014,2,0.0015,0,1,1,1,1,1,900,110,615,0,1,0,1;
custom,killcuboid,transparent0.5,44,12,4,1,0,0,1,1,1,1495,110,0,0,1,0,1;
base,levelBottom,default,0.044,2,0.004,0,1,1,1,1,1,1495,110,0,0,1,0,1;
custom,killcuboid,transparent0.5,14,12,1.5,1,0,0,1,1,1,550,355,-80,0,1,0,1;
base,levelBottom,default,0.014,2,0.0015,0,1,1,1,1,1,550,355,-80,0,1,0,1;
custom,killcuboid,transparent0.5,42,12,1.5,1,0,0,1,1,1,750,355,-180,0,0,0,0;
base,levelBottom,default,0.042,2,0.0015,0,1,1,1,1,1,750,355,-180,0,0,0,0;
custom,killcuboid,transparent0.5,42,12,1.5,1,0,0,1,1,1,775,355,250,0,1,0,1;
base,levelBottom,default,0.042,2,0.0015,0,1,1,1,1,1,775,355,250,0,1,0,1;
custom,killcuboid,transparent0.5,82,12,1.5,1,0,0,1,1,1,980,355,-170,0,1,0,1;
base,levelBottom,default,0.082,2,0.0015,0,1,1,1,1,1,980,355,-170,0,1,0,1;
custom,killcuboid,transparent0.5,90,12,1.5,1,0,0,1,1,1,1130,355,170,0,1,0,1;
base,levelBottom,default,0.090,2,0.0015,0,1,1,1,1,1,1130,355,170,0,1,0,1;
custom,killcuboid,transparent0.5,50,12,1.5,1,0,0,1,1,1,1530,355,0,0,1,0,1;
base,levelBottom,default,0.050,2,0.0015,0,1,1,1,1,1,1530,355,0,0,1,0,1;
custom,killcuboid,transparent0.5,80,12,1.5,1,0,0,1,1,1,1730,355,0,0,1,0,1;
base,levelBottom,default,0.080,2,0.0015,0,1,1,1,1,1,1730,355,0,0,1,0,1;
custom,killcuboid,transparent0.5,35,12,1.5,1,0,0,1,1,1,950,355,450,0,0,0,0;
base,levelBottom,default,0.035,2,0.0015,0,1,1,1,1,1,950,355,450,0,0,0,0;
custom,killcuboid,transparent0.5,35,12,1.5,1,0,0,1,1,1,1350,355,-100,0,0,0,0;
base,levelBottom,default,0.035,2,0.0015,0,1,1,1,1,1,1350,355,-100,0,0,0,0;
custom,killcuboid,transparent0.5,42,12,1.5,1,0,0,1,1,1,1332.5,355,-290,0,0,0,0;
base,levelBottom,default,0.042,2,0.0015,0,1,1,1,1,1,1332.5,355,-290,0,0,0,0;
custom,killcuboid,transparent0.5,54,12,1.5,1,0,0,1,1,1,1250,355,-550,0,0,0,0;
base,levelBottom,default,0.054,2,0.0015,0,1,1,1,1,1,1250,355,-550,0,0,0,0;


custom,killcuboid,transparent0.5,2,1.5,0.3,1,0,0,1,1,1,1242,605,49,0,0,0,0;
base,levelBottom,default,0.002,0.25,0.0003,0,1,1,1,1,1,1242,605,49,0,0,0,0;

custom,killcuboid,transparent0.5,3,1.5,0.3,1,0,0,1,1,1,1242,605,185,0,0,0,0;
base,levelBottom,default,0.003,0.25,0.0003,0,1,1,1,1,1,1242,605,185,0,0,0,0;

custom,boulder1,rock3,5,5.5,0.3,0,1,1,1,1,1,1200,695,100,-0.7071068,0,0,0.7071068;


//verde-fuxia-rosso-arancione-oro-cyano-viola-blu;
custom,sphere,metal1,0.7272727,0.9090909,0.7272727,1,255,0,0,2,1,1710,80.5,590,0,0.3826834,0,0.9238795;
custom,cylinder,stone7,2.5,0.5,2.5,0,1,1,1,0.25,0.25,1710,72.3,590,0,0,0,0;

custom,sphere,metal1,0.7272727,0.9090909,0.7272727,1,1,0.5,0,2,1,480,80.5,200,0,0.3826834,0,0.9238795;
custom,cylinder,stone7,2.5,0.5,2.5,0,1,1,1,0.25,0.25,480,72.3,200,0,0,0,0;

custom,sphere,metal1,0.7272727,0.9090909,0.7272727,1,0.29,255,0,2,1,995,610,-180,0,0.3826834,0,0.9238795;
custom,cylinder,stone7,1.5,0.5,1.5,0,1,1,1,0.15,0.15,995,602,-180,0,0,0,0;

custom,sphere,metal1,0.7272727,0.9090909,0.7272727,1,1,1,0,2,1,-832,125,2,0,0.3826834,0,0.9238795;
custom,cylinder,stone7,1.5,0.5,1.5,0,1,1,1,0.15,0.15,-832,117,1.5,0,0,0,0;

custom,sphere,metal1,0.7272727,0.9090909,0.7272727,1,0,1,1,2,1,1222,610,210,0,0.3826834,0,0.9238795;
custom,cylinder,stone7,1.5,0.5,1.5,0,1,1,1,0.15,0.15,1222,602,210,0,0,0,0;

custom,sphere,metal1,0.7272727,0.9090909,0.7272727,1,1,0,1,2,1,1201,308,551,0,0.3826834,0,0.9238795;
custom,cylinder,stone7,1.5,0.5,1.5,0,1,1,1,0.15,0.15,1201,300,551,0,0,0,0;

custom,sphere,metal1,0.7272727,0.9090909,0.7272727,1,0,0.1,1,2,1,1200,897,-245,0,0.3826834,0,0.9238795;

custom,elevator1,default,1,1,1,0,1,1,1,1,1,1100,-10,0,0,0,0,0;
custom,sphere,metal1,0.7272727,0.9090909,0.7272727,1,0,1,0.35,2,1,1100,-6,0,0,0.3826834,0,0.9238795;

custom,cuboid,rock3,24,1,20,0,0,0,0,2.4,2,480,170,200,0,1,0,1;
custom,cuboid,rock3,18,1,20,0,0,0,0,1.8,2,280,170,180,0,1,0,1;
custom,boulder1,rock3,7,7,1,0,0,0,0,2.4,2,480,130,280,0,0,0,0;





custom,cuboid,default,1.5,2.5,0.6,1,0.0980392,0.0980392,1,1,1,1203.1681026,1881.71,-15.0981026,0,-0.7071068,0,0.7071068;
custom,prism,default,0.8333333,0.6,1.732059,1,0.0980392,0.0980392,1,1,1,1203.0481026,1894.135425,-14.5861151,0,0,0.7071068,0.7071068;
custom,prism,default,0.8333333,0.6,1.732059,1,0.0980392,0.0980392,1,1,1,1203.2881026,1869.135425,-15.6100901,-0.7071068,-0.7071068,0,0;

custom,killcuboid,empty,1.5567951,0.015,0.606,1,0,0,0,1,1,1203.1681026,1893.7933333,-15.0981026,-0.0955014,-0.7006279,0.0955014,0.7006279;
custom,killcuboid,empty,1.5567951,0.015,0.606,1,0,0,0,1,1,1203.1681026,1891.2933333,-15.0981026,-0.0955014,-0.7006279,0.0955014,0.7006279;
custom,killcuboid,empty,1.5567951,0.015,0.606,1,0,0,0,1,1,1203.1681026,1888.7933333,-15.0981026,-0.0955014,-0.7006279,0.0955014,0.7006279;
custom,killcuboid,empty,1.5567951,0.015,0.606,1,0,0,0,1,1,1203.1681026,1886.2933333,-15.0981026,-0.0955014,-0.7006279,0.0955014,0.7006279;
custom,killcuboid,empty,1.5567951,0.015,0.606,1,0,0,0,1,1,1203.1681026,1883.7933333,-15.0981026,-0.0955014,-0.7006279,0.0955014,0.7006279;
custom,killcuboid,empty,1.5567951,0.015,0.606,1,0,0,0,1,1,1203.1681026,1881.2933333,-15.0981026,-0.0955014,-0.7006279,0.0955014,0.7006279;
custom,killcuboid,empty,1.5567951,0.015,0.606,1,0,0,0,1,1,1203.1681026,1878.7933333,-15.0981026,-0.0955014,-0.7006279,0.0955014,0.7006279;
custom,killcuboid,empty,1.5567951,0.015,0.606,1,0,0,0,1,1,1203.1681026,1876.2933333,-15.0981026,-0.0955014,-0.7006279,0.0955014,0.7006279;
custom,killcuboid,empty,1.5567951,0.015,0.606,1,0,0,0,1,1,1203.1681026,1873.7933333,-15.0981026,-0.0955014,-0.7006279,0.0955014,0.7006279;
custom,killcuboid,empty,1.5567951,0.015,0.606,1,0,0,0,1,1,1203.1681026,1871.2933333,-15.0981026,-0.0955014,-0.7006279,0.0955014,0.7006279;
custom,killcuboid,empty,1.5567951,0.015,0.606,1,0,0,0,1,1,1203.1681026,1868.7933333,-15.0981026,-0.0955014,-0.7006279,0.0955014,0.7006279;

custom,killcuboid,empty,0.015,2.9166667,0.606,1,0,0,0,1,1,1203.1681026,1881.0408903,-17.5068974,0,-0.7071068,0,0.7071068;
custom,killcuboid,empty,0.015,2.9166667,0.606,1,0,0,0,1,1,1203.1681026,1882.3791097,-12.6893078,0,-0.7071068,0,0.7071068;


custom,cuboid,default,1.5,2.5,0.588,1,1,1,1,1,1,1203.1681026,1881.71,-30.0981026,0,-0.7071068,0,0.7071068;
custom,prism,default,0.8333333,0.588,1.732059,1,1,1,1,1,1,1203.2857026,1894.135425,-30.6100901,-0.7071068,-0.7071068,0,0;
custom,prism,default,0.8333333,0.588,1.732059,1,1,1,1,1,1,1203.0505026,1869.135425,-29.5861151,0,0,0.7071068,0.7071068;

custom,killcuboid,empty,1.5567951,0.015,0.598,1,0,0,0,1,1,1203.1681026,1893.7933333,-30.0981026,0.0955014,-0.7006279,-0.0955014,0.7006279;
custom,killcuboid,empty,1.5567951,0.015,0.598,1,0,0,0,1,1,1203.1681026,1891.2933333,-30.0981026,0.0955014,-0.7006279,-0.0955014,0.7006279;
custom,killcuboid,empty,1.5567951,0.015,0.598,1,0,0,0,1,1,1203.1681026,1888.7933333,-30.0981026,0.0955014,-0.7006279,-0.0955014,0.7006279;
custom,killcuboid,empty,1.5567951,0.015,0.598,1,0,0,0,1,1,1203.1681026,1886.2933333,-30.0981026,0.0955014,-0.7006279,-0.0955014,0.7006279;
custom,killcuboid,empty,1.5567951,0.015,0.598,1,0,0,0,1,1,1203.1681026,1883.7933333,-30.0981026,0.0955014,-0.7006279,-0.0955014,0.7006279;
custom,killcuboid,empty,1.5567951,0.015,0.598,1,0,0,0,1,1,1203.1681026,1881.2933333,-30.0981026,0.0955014,-0.7006279,-0.0955014,0.7006279;
custom,killcuboid,empty,1.5567951,0.015,0.598,1,0,0,0,1,1,1203.1681026,1878.7933333,-30.0981026,0.0955014,-0.7006279,-0.0955014,0.7006279;
custom,killcuboid,empty,1.5567951,0.015,0.598,1,0,0,0,1,1,1203.1681026,1876.2933333,-30.0981026,0.0955014,-0.7006279,-0.0955014,0.7006279;
custom,killcuboid,empty,1.5567951,0.015,0.598,1,0,0,0,1,1,1203.1681026,1873.7933333,-30.0981026,0.0955014,-0.7006279,-0.0955014,0.7006279;
custom,killcuboid,empty,1.5567951,0.015,0.598,1,0,0,0,1,1,1203.1681026,1871.2933333,-30.0981026,0.0955014,-0.7006279,-0.0955014,0.7006279;
custom,killcuboid,empty,1.5567951,0.015,0.598,1,0,0,0,1,1,1203.1681026,1868.7933333,-30.0981026,0.0955014,-0.7006279,-0.0955014,0.7006279;

custom,killcuboid,empty,0.015,2.9166667,0.598,1,0,0,0,1,1,1203.1681026,1882.3791097,-32.5068974,0,-0.7071068,0,0.7071068;
custom,killcuboid,empty,0.015,2.9166667,0.598,1,0,0,0,1,1,1203.1681026,1881.0408903,-27.6893078,0,-0.7071068,0,0.7071068;


custom,cylinder,bark,1,6,1,1,0.2,0.1,0,0.1,0.6,1203.1681026,1845,9.1568974,0,-0.7071068,0,0.7071068;


custom,killcuboid,transparent0.5,6,4,0.5,1,0,0.4,0.01,1,1,1203.1681026,1881.3791097,-21.5068974,0,-0.7071068,0,0.7071068;



// :v;


map,disablebounds;
custom,log1,default,0.0105,0.015,0.0105,1,0.33,0.15,0,1,1,1203.3,896.4923699,-221.59375,0,0.7071068,0,0.7071068;
custom,cone,grass3,0.0255,0.0105,0.0255,1,0,0.3,0,1,1,1203.3,896.7548699,-221.63125,0,0.7071068,0,0.7071068;
custom,cone,grass3,0.0225,0.0105,0.0225,1,0,0.3,0,1,1,1203.3,896.8673699,-221.63125,0,0.7071068,0,0.7071068;
custom,cone,grass3,0.0195,0.0105,0.0195,1,0,0.3,0,1,1,1203.3,896.9798699,-221.63125,0,0.7071068,0,0.7071068;
custom,cone,grass3,0.0165,0.009,0.0165,1,0,0.3,0,1,1,1203.3,897.0923699,-221.63125,0,0.7071068,0,0.7071068;
custom,cone,grass3,0.0105,0.0075,0.0105,1,0,0.3,0,1,1,1203.3,897.2423699,-221.63125,0,0.7071068,0,0.7071068;

custom,log1,default,0.0105,0.015,0.0105,1,0.33,0.15,0,1,1,1203.3,896.4923699,-220.09375,0,0.7071068,0,0.7071068;
custom,cone,grass3,0.0255,0.0105,0.0255,1,0,0.3,0,1,1,1203.3,896.7548699,-220.13125,0,0.7071068,0,0.7071068;
custom,cone,grass3,0.0225,0.0105,0.0225,1,0,0.3,0,1,1,1203.3,896.8673699,-220.13125,0,0.7071068,0,0.7071068;
custom,cone,grass3,0.0195,0.0105,0.0195,1,0,0.3,0,1,1,1203.3,896.9798699,-220.13125,0,0.7071068,0,0.7071068;
custom,cone,grass3,0.0165,0.009,0.0165,1,0,0.3,0,1,1,1203.3,897.0923699,-220.13125,0,0.7071068,0,0.7071068;
custom,cone,grass3,0.0105,0.0075,0.0105,1,0,0.3,0,1,1,1203.3,897.2423699,-220.13125,0,0.7071068,0,0.7071068;

custom,log1,default,0.0105,0.015,0.0105,1,0.33,0.15,0,1,1,1203.3,896.4923699,-218.59375,0,0.7071068,0,0.7071068;
custom,cone,grass3,0.0255,0.0105,0.0255,1,0,0.3,0,1,1,1203.3,896.7548699,-218.63125,0,0.7071068,0,0.7071068;
custom,cone,grass3,0.0225,0.0105,0.0225,1,0,0.3,0,1,1,1203.3,896.8673699,-218.63125,0,0.7071068,0,0.7071068;
custom,cone,grass3,0.0195,0.0105,0.0195,1,0,0.3,0,1,1,1203.3,896.9798699,-218.63125,0,0.7071068,0,0.7071068;
custom,cone,grass3,0.0165,0.009,0.0165,1,0,0.3,0,1,1,1203.3,897.0923699,-218.63125,0,0.7071068,0,0.7071068;
custom,cone,grass3,0.0105,0.0075,0.0105,1,0,0.3,0,1,1,1203.3,897.2423699,-218.63125,0,0.7071068,0,0.7071068;

custom,log1,default,0.0105,0.015,0.0105,1,0.33,0.15,0,1,1,1203.3,896.4923699,-217.09375,0,0.7071068,0,0.7071068;
custom,cone,grass3,0.0255,0.0105,0.0255,1,0,0.3,0,1,1,1203.3,896.7548699,-217.13125,0,0.7071068,0,0.7071068;
custom,cone,grass3,0.0225,0.0105,0.0225,1,0,0.3,0,1,1,1203.3,896.8673699,-217.13125,0,0.7071068,0,0.7071068;
custom,cone,grass3,0.0195,0.0105,0.0195,1,0,0.3,0,1,1,1203.3,896.9798699,-217.13125,0,0.7071068,0,0.7071068;
custom,cone,grass3,0.0165,0.009,0.0165,1,0,0.3,0,1,1,1203.3,897.0923699,-217.13125,0,0.7071068,0,0.7071068;
custom,cone,grass3,0.0105,0.0075,0.0105,1,0,0.3,0,1,1,1203.3,897.2423699,-217.13125,0,0.7071068,0,0.7071068;

custom,log1,default,0.0105,0.015,0.0105,1,0.33,0.15,0,1,1,1203.3,896.4923699,-215.59375,0,0.7071068,0,0.7071068;
custom,cone,grass3,0.0255,0.0105,0.0255,1,0,0.3,0,1,1,1203.3,896.7548699,-215.63125,0,0.7071068,0,0.7071068;
custom,cone,grass3,0.0225,0.0105,0.0225,1,0,0.3,0,1,1,1203.3,896.8673699,-215.63125,0,0.7071068,0,0.7071068;
custom,cone,grass3,0.0195,0.0105,0.0195,1,0,0.3,0,1,1,1203.3,896.9798699,-215.63125,0,0.7071068,0,0.7071068;
custom,cone,grass3,0.0165,0.009,0.0165,1,0,0.3,0,1,1,1203.3,897.0923699,-215.63125,0,0.7071068,0,0.7071068;
custom,cone,grass3,0.0105,0.0075,0.0105,1,0,0.3,0,1,1,1203.3,897.2423699,-215.63125,0,0.7071068,0,0.7071068;

custom,log1,default,0.0105,0.015,0.0105,1,0.33,0.15,0,1,1,1203.3,896.4923699,-214.09375,0,0.7071068,0,0.7071068;
custom,cone,grass3,0.0255,0.0105,0.0255,1,0,0.3,0,1,1,1203.3,896.7548699,-214.13125,0,0.7071068,0,0.7071068;
custom,cone,grass3,0.0225,0.0105,0.0225,1,0,0.3,0,1,1,1203.3,896.8673699,-214.13125,0,0.7071068,0,0.7071068;
custom,cone,grass3,0.0195,0.0105,0.0195,1,0,0.3,0,1,1,1203.3,896.9798699,-214.13125,0,0.7071068,0,0.7071068;
custom,cone,grass3,0.0165,0.009,0.0165,1,0,0.3,0,1,1,1203.3,897.0923699,-214.13125,0,0.7071068,0,0.7071068;
custom,cone,grass3,0.0105,0.0075,0.0105,1,0,0.3,0,1,1,1203.3,897.2423699,-214.13125,0,0.7071068,0,0.7071068;

custom,log1,default,0.0105,0.015,0.0105,1,0.33,0.15,0,1,1,1197.9,896.4923699,-221.59375,0,0.7071068,0,0.7071068;
custom,cone,grass3,0.0255,0.0105,0.0255,1,0,0.3,0,1,1,1197.9,896.7548699,-221.63125,0,0.7071068,0,0.7071068;
custom,cone,grass3,0.0225,0.0105,0.0225,1,0,0.3,0,1,1,1197.9,896.8673699,-221.63125,0,0.7071068,0,0.7071068;
custom,cone,grass3,0.0195,0.0105,0.0195,1,0,0.3,0,1,1,1197.9,896.9798699,-221.63125,0,0.7071068,0,0.7071068;
custom,cone,grass3,0.0165,0.009,0.0165,1,0,0.3,0,1,1,1197.9,897.0923699,-221.63125,0,0.7071068,0,0.7071068;
custom,cone,grass3,0.0105,0.0075,0.0105,1,0,0.3,0,1,1,1197.9,897.2423699,-221.63125,0,0.7071068,0,0.7071068;

custom,log1,default,0.0105,0.015,0.0105,1,0.33,0.15,0,1,1,1197.9,896.4923699,-220.09375,0,0.7071068,0,0.7071068;
custom,cone,grass3,0.0255,0.0105,0.0255,1,0,0.3,0,1,1,1197.9,896.7548699,-220.13125,0,0.7071068,0,0.7071068;
custom,cone,grass3,0.0225,0.0105,0.0225,1,0,0.3,0,1,1,1197.9,896.8673699,-220.13125,0,0.7071068,0,0.7071068;
custom,cone,grass3,0.0195,0.0105,0.0195,1,0,0.3,0,1,1,1197.9,896.9798699,-220.13125,0,0.7071068,0,0.7071068;
custom,cone,grass3,0.0165,0.009,0.0165,1,0,0.3,0,1,1,1197.9,897.0923699,-220.13125,0,0.7071068,0,0.7071068;
custom,cone,grass3,0.0105,0.0075,0.0105,1,0,0.3,0,1,1,1197.9,897.2423699,-220.13125,0,0.7071068,0,0.7071068;

custom,log1,default,0.0105,0.015,0.0105,1,0.33,0.15,0,1,1,1197.9,896.4923699,-218.59375,0,0.7071068,0,0.7071068;
custom,cone,grass3,0.0255,0.0105,0.0255,1,0,0.3,0,1,1,1197.9,896.7548699,-218.63125,0,0.7071068,0,0.7071068;
custom,cone,grass3,0.0225,0.0105,0.0225,1,0,0.3,0,1,1,1197.9,896.8673699,-218.63125,0,0.7071068,0,0.7071068;
custom,cone,grass3,0.0195,0.0105,0.0195,1,0,0.3,0,1,1,1197.9,896.9798699,-218.63125,0,0.7071068,0,0.7071068;
custom,cone,grass3,0.0165,0.009,0.0165,1,0,0.3,0,1,1,1197.9,897.0923699,-218.63125,0,0.7071068,0,0.7071068;
custom,cone,grass3,0.0105,0.0075,0.0105,1,0,0.3,0,1,1,1197.9,897.2423699,-218.63125,0,0.7071068,0,0.7071068;

custom,log1,default,0.0105,0.015,0.0105,1,0.33,0.15,0,1,1,1197.9,896.4923699,-217.09375,0,0.7071068,0,0.7071068;
custom,cone,grass3,0.0255,0.0105,0.0255,1,0,0.3,0,1,1,1197.9,896.7548699,-217.13125,0,0.7071068,0,0.7071068;
custom,cone,grass3,0.0225,0.0105,0.0225,1,0,0.3,0,1,1,1197.9,896.8673699,-217.13125,0,0.7071068,0,0.7071068;
custom,cone,grass3,0.0195,0.0105,0.0195,1,0,0.3,0,1,1,1197.9,896.9798699,-217.13125,0,0.7071068,0,0.7071068;
custom,cone,grass3,0.0165,0.009,0.0165,1,0,0.3,0,1,1,1197.9,897.0923699,-217.13125,0,0.7071068,0,0.7071068;
custom,cone,grass3,0.0105,0.0075,0.0105,1,0,0.3,0,1,1,1197.9,897.2423699,-217.13125,0,0.7071068,0,0.7071068;

custom,log1,default,0.0105,0.015,0.0105,1,0.33,0.15,0,1,1,1197.9,896.4923699,-215.59375,0,0.7071068,0,0.7071068;
custom,cone,grass3,0.0255,0.0105,0.0255,1,0,0.3,0,1,1,1197.9,896.7548699,-215.63125,0,0.7071068,0,0.7071068;
custom,cone,grass3,0.0225,0.0105,0.0225,1,0,0.3,0,1,1,1197.9,896.8673699,-215.63125,0,0.7071068,0,0.7071068;
custom,cone,grass3,0.0195,0.0105,0.0195,1,0,0.3,0,1,1,1197.9,896.9798699,-215.63125,0,0.7071068,0,0.7071068;
custom,cone,grass3,0.0165,0.009,0.0165,1,0,0.3,0,1,1,1197.9,897.0923699,-215.63125,0,0.7071068,0,0.7071068;
custom,cone,grass3,0.0105,0.0075,0.0105,1,0,0.3,0,1,1,1197.9,897.2423699,-215.63125,0,0.7071068,0,0.7071068;

custom,log1,default,0.0105,0.015,0.0105,1,0.33,0.15,0,1,1,1197.9,896.4923699,-214.09375,0,0.7071068,0,0.7071068;
custom,cone,grass3,0.0255,0.0105,0.0255,1,0,0.3,0,1,1,1197.9,896.7548699,-214.13125,0,0.7071068,0,0.7071068;
custom,cone,grass3,0.0225,0.0105,0.0225,1,0,0.3,0,1,1,1197.9,896.8673699,-214.13125,0,0.7071068,0,0.7071068;
custom,cone,grass3,0.0195,0.0105,0.0195,1,0,0.3,0,1,1,1197.9,896.9798699,-214.13125,0,0.7071068,0,0.7071068;
custom,cone,grass3,0.0165,0.009,0.0165,1,0,0.3,0,1,1,1197.9,897.0923699,-214.13125,0,0.7071068,0,0.7071068;
custom,cone,grass3,0.0105,0.0075,0.0105,1,0,0.3,0,1,1,1197.9,897.2423699,-214.13125,0,0.7071068,0,0.7071068;


custom,sphere,ice1,0.015,0.015,0.015,0,1,1,1,0.1,0.1,1202.3472307,896.2823699,-219.7402452,0,0.9659258,0,0.258819;
custom,sphere,ice1,0.012,0.012,0.012,0,1,1,1,0.08,0.08,1202.3472307,896.3873699,-219.7402452,0,0.9659258,0,0.258819;
custom,sphere,ice1,0.009,0.009,0.009,0,1,1,1,0.06,0.06,1202.3472307,896.4773699,-219.7402452,0,0.9659258,0,0.258819;
custom,sphere,default,0.0012,0.0012,0.0012,1,0,0,0,0.06,0.06,1202.3157596,896.4998699,-219.7757356,0,0.9659258,0,0.258819;
custom,sphere,default,0.0012,0.0012,0.0012,1,0,0,0,0.06,0.06,1202.3007596,896.4998699,-219.7497548,0,0.9659258,0,0.258819;
custom,cone,default,0.0003,0.0012,0.0003,1,1,0.4,0,0.06,0.06,1202.2952692,896.4848699,-219.7702452,-0.6830127,0.6830127,-0.1830127,0.1830127;
custom,cylinder,default,0.006,0.0015,0.006,1,0,0,0,0.06,0.06,1202.3453558,896.5373699,-219.7369976,0,0.9659258,0,0.258819;
custom,cylinder,bark,0.00075,0.003,0.00075,0,0,0,0,0.06,0.06,1202.3847308,896.4173699,-219.8051971,-0.7094065,0.4967318,0.409576,-0.2867882;
custom,cylinder,bark,0.00075,0.003,0.00075,0,0,0,0,0.06,0.06,1202.3022307,896.4173699,-219.6623029,-0.4967318,0.7094065,0.2867882,-0.409576;

custom,sphere,ice1,0.015,0.015,0.015,0,1,1,1,0.1,0.1,1202.3475,896.2823699,-220.50625,0,1,0,0;
custom,sphere,ice1,0.012,0.012,0.012,0,1,1,1,0.08,0.08,1202.3475,896.3873699,-220.50625,0,1,0,0;
custom,sphere,ice1,0.009,0.009,0.009,0,1,1,1,0.06,0.06,1202.3475,896.4773699,-220.50625,0,1,0,0;
custom,sphere,default,0.0012,0.0012,0.0012,1,0,0,0,0.06,0.06,1202.3025,896.4998699,-220.52125,0,1,0,0;
custom,sphere,default,0.0012,0.0012,0.0012,1,0,0,0,0.06,0.06,1202.3025,896.4998699,-220.49125,0,1,0,0;
custom,cone,default,0.0003,0.0012,0.0003,1,1,0.4,0,0.06,0.06,1202.2875,896.4848699,-220.50625,-0.7071068,0.7071068,0,0;
custom,cylinder,default,0.006,0.0015,0.006,1,0,0,0,0.06,0.06,1202.3475,896.5373699,-220.5025,0,1,0,0;
custom,cylinder,bark,0.00075,0.003,0.00075,0,0,0,0,0.06,0.06,1202.3475,896.4173699,-220.58125,-0.579228,0.4055798,0.579228,-0.4055798;
custom,cylinder,bark,0.00075,0.003,0.00075,0,0,0,0,0.06,0.06,1202.3475,896.4173699,-220.41625,-0.4055798,0.579228,0.4055798,-0.579228;

custom,sphere,ice1,0.015,0.015,0.015,0,1,1,1,0.1,0.1,1202.3475,896.2823699,-219.00625,0,1,0,0;
custom,sphere,ice1,0.012,0.012,0.012,0,1,1,1,0.08,0.08,1202.3475,896.3873699,-219.00625,0,1,0,0;
custom,sphere,ice1,0.009,0.009,0.009,0,1,1,1,0.06,0.06,1202.3475,896.4773699,-219.00625,0,1,0,0;
custom,sphere,default,0.0012,0.0012,0.0012,1,0,0,0,0.06,0.06,1202.3025,896.4998699,-219.02125,0,1,0,0;
custom,sphere,default,0.0012,0.0012,0.0012,1,0,0,0,0.06,0.06,1202.3025,896.4998699,-218.99125,0,1,0,0;
custom,cone,default,0.0003,0.0012,0.0003,1,1,0.4,0,0.06,0.06,1202.2875,896.4848699,-219.00625,-0.7071068,0.7071068,0,0;
custom,cylinder,default,0.006,0.0015,0.006,1,0,0,0,0.06,0.06,1202.3475,896.5373699,-219.0025,0,1,0,0;
custom,cylinder,bark,0.00075,0.003,0.00075,0,0,0,0,0.06,0.06,1202.3475,896.4173699,-219.08125,-0.579228,0.4055798,0.579228,-0.4055798;
custom,cylinder,bark,0.00075,0.003,0.00075,0,0,0,0,0.06,0.06,1202.3475,896.4173699,-218.91625,-0.4055798,0.579228,0.4055798,-0.579228;

custom,sphere,ice1,0.015,0.015,0.015,0,1,1,1,0.1,0.1,1202.3472307,896.2823699,-218.2402452,0,0.9659258,0,0.258819;
custom,sphere,ice1,0.012,0.012,0.012,0,1,1,1,0.08,0.08,1202.3472307,896.3873699,-218.2402452,0,0.9659258,0,0.258819;
custom,sphere,ice1,0.009,0.009,0.009,0,1,1,1,0.06,0.06,1202.3472307,896.4773699,-218.2402452,0,0.9659258,0,0.258819;
custom,sphere,default,0.0012,0.0012,0.0012,1,0,0,0,0.06,0.06,1202.3157596,896.4998699,-218.2757356,0,0.9659258,0,0.258819;
custom,sphere,default,0.0012,0.0012,0.0012,1,0,0,0,0.06,0.06,1202.3007596,896.4998699,-218.2497548,0,0.9659258,0,0.258819;
custom,cone,default,0.0003,0.0012,0.0003,1,1,0.4,0,0.06,0.06,1202.2952692,896.4848699,-218.2702452,-0.6830127,0.6830127,-0.1830127,0.1830127;
custom,cylinder,default,0.006,0.0015,0.006,1,0,0,0,0.06,0.06,1202.3453558,896.5373699,-218.2369976,0,0.9659258,0,0.258819;
custom,cylinder,bark,0.00075,0.003,0.00075,0,0,0,0,0.06,0.06,1202.3847308,896.4173699,-218.3051971,-0.7094065,0.4967318,0.409576,-0.2867882;
custom,cylinder,bark,0.00075,0.003,0.00075,0,0,0,0,0.06,0.06,1202.3022307,896.4173699,-218.1623029,-0.4967318,0.7094065,0.2867882,-0.409576;

custom,sphere,ice1,0.015,0.015,0.015,0,1,1,1,0.1,0.1,1202.3475,896.2823699,-217.50625,0,1,0,0;
custom,sphere,ice1,0.012,0.012,0.012,0,1,1,1,0.08,0.08,1202.3475,896.3873699,-217.50625,0,1,0,0;
custom,sphere,ice1,0.009,0.009,0.009,0,1,1,1,0.06,0.06,1202.3475,896.4773699,-217.50625,0,1,0,0;
custom,sphere,default,0.0012,0.0012,0.0012,1,0,0,0,0.06,0.06,1202.3025,896.4998699,-217.52125,0,1,0,0;
custom,sphere,default,0.0012,0.0012,0.0012,1,0,0,0,0.06,0.06,1202.3025,896.4998699,-217.49125,0,1,0,0;
custom,cone,default,0.0003,0.0012,0.0003,1,1,0.4,0,0.06,0.06,1202.2875,896.4848699,-217.50625,-0.7071068,0.7071068,0,0;
custom,cylinder,default,0.006,0.0015,0.006,1,0,0,0,0.06,0.06,1202.3475,896.5373699,-217.5025,0,1,0,0;
custom,cylinder,bark,0.00075,0.003,0.00075,0,0,0,0,0.06,0.06,1202.3475,896.4173699,-217.58125,-0.579228,0.4055798,0.579228,-0.4055798;
custom,cylinder,bark,0.00075,0.003,0.00075,0,0,0,0,0.06,0.06,1202.3475,896.4173699,-217.41625,-0.4055798,0.579228,0.4055798,-0.579228;

custom,sphere,ice1,0.015,0.015,0.015,0,1,1,1,0.1,0.1,1202.3472307,896.2823699,-216.7402452,0,0.9659258,0,0.258819;
custom,sphere,ice1,0.012,0.012,0.012,0,1,1,1,0.08,0.08,1202.3472307,896.3873699,-216.7402452,0,0.9659258,0,0.258819;
custom,sphere,ice1,0.009,0.009,0.009,0,1,1,1,0.06,0.06,1202.3472307,896.4773699,-216.7402452,0,0.9659258,0,0.258819;
custom,sphere,default,0.0012,0.0012,0.0012,1,0,0,0,0.06,0.06,1202.3157596,896.4998699,-216.7757356,0,0.9659258,0,0.258819;
custom,sphere,default,0.0012,0.0012,0.0012,1,0,0,0,0.06,0.06,1202.3007596,896.4998699,-216.7497548,0,0.9659258,0,0.258819;
custom,cone,default,0.0003,0.0012,0.0003,1,1,0.4,0,0.06,0.06,1202.2952692,896.4848699,-216.7702452,-0.6830127,0.6830127,-0.1830127,0.1830127;
custom,cylinder,default,0.006,0.0015,0.006,1,0,0,0,0.06,0.06,1202.3453558,896.5373699,-216.7369976,0,0.9659258,0,0.258819;
custom,cylinder,bark,0.00075,0.003,0.00075,0,0,0,0,0.06,0.06,1202.3847308,896.4173699,-216.8051971,-0.7094065,0.4967318,0.409576,-0.2867882;
custom,cylinder,bark,0.00075,0.003,0.00075,0,0,0,0,0.06,0.06,1202.3022307,896.4173699,-216.6623029,-0.4967318,0.7094065,0.2867882,-0.409576;


custom,sphere,ice1,0.015,0.015,0.015,0,1,1,1,0.1,0.1,1202.3475,896.2823699,-216.00625,0,1,0,0;
custom,sphere,ice1,0.012,0.012,0.012,0,1,1,1,0.08,0.08,1202.3475,896.3873699,-216.00625,0,1,0,0;
custom,sphere,ice1,0.009,0.009,0.009,0,1,1,1,0.06,0.06,1202.3475,896.4773699,-216.00625,0,1,0,0;
custom,sphere,default,0.0012,0.0012,0.0012,1,0,0,0,0.06,0.06,1202.3025,896.4998699,-216.02125,0,1,0,0;
custom,sphere,default,0.0012,0.0012,0.0012,1,0,0,0,0.06,0.06,1202.3025,896.4998699,-215.99125,0,1,0,0;
custom,cone,default,0.0003,0.0012,0.0003,1,1,0.4,0,0.06,0.06,1202.2875,896.4848699,-216.00625,-0.7071068,0.7071068,0,0;
custom,cylinder,default,0.006,0.0015,0.006,1,0,0,0,0.06,0.06,1202.3475,896.5373699,-216.0025,0,1,0,0;
custom,cylinder,bark,0.00075,0.003,0.00075,0,0,0,0,0.06,0.06,1202.3475,896.4173699,-216.08125,-0.579228,0.4055798,0.579228,-0.4055798;
custom,cylinder,bark,0.00075,0.003,0.00075,0,0,0,0,0.06,0.06,1202.3475,896.4173699,-215.91625,-0.4055798,0.579228,0.4055798,-0.579228;

custom,sphere,ice1,0.015,0.015,0.015,0,1,1,1,0.1,0.1,1202.3472307,896.2823699,-215.2402452,0,0.9659258,0,0.258819;
custom,sphere,ice1,0.012,0.012,0.012,0,1,1,1,0.08,0.08,1202.3472307,896.3873699,-215.2402452,0,0.9659258,0,0.258819;
custom,sphere,ice1,0.009,0.009,0.009,0,1,1,1,0.06,0.06,1202.3472307,896.4773699,-215.2402452,0,0.9659258,0,0.258819;
custom,sphere,default,0.0012,0.0012,0.0012,1,0,0,0,0.06,0.06,1202.3157596,896.4998699,-215.2757356,0,0.9659258,0,0.258819;
custom,sphere,default,0.0012,0.0012,0.0012,1,0,0,0,0.06,0.06,1202.3007596,896.4998699,-215.2497548,0,0.9659258,0,0.258819;
custom,cone,default,0.0003,0.0012,0.0003,1,1,0.4,0,0.06,0.06,1202.2952692,896.4848699,-215.2702452,-0.6830127,0.6830127,-0.1830127,0.1830127;
custom,cylinder,default,0.006,0.0015,0.006,1,0,0,0,0.06,0.06,1202.3453558,896.5373699,-215.2369976,0,0.9659258,0,0.258819;
custom,cylinder,bark,0.00075,0.003,0.00075,0,0,0,0,0.06,0.06,1202.3847308,896.4173699,-215.3051971,-0.7094065,0.4967318,0.409576,-0.2867882;
custom,cylinder,bark,0.00075,0.003,0.00075,0,0,0,0,0.06,0.06,1202.3022307,896.4173699,-215.1623029,-0.4967318,0.7094065,0.2867882,-0.409576;


custom,sphere,ice1,-0.015,-0.015,-0.015,0,1,1,1,0.1,0.1,1199.325,896.2823699,-219.7402452,-0.258819,0,-0.9659258,0;
custom,sphere,ice1,-0.012,-0.012,-0.012,0,1,1,1,0.08,0.08,1199.325,896.3873699,-219.7402452,-0.258819,0,-0.9659258,0;
custom,sphere,ice1,-0.009,-0.009,-0.009,0,1,1,1,0.06,0.06,1199.325,896.4773699,-219.7402452,-0.258819,0,-0.9659258,0;
custom,sphere,default,-0.0012,-0.0012,-0.0012,1,0,0,0,0.06,0.06,1199.3564711,896.4998699,-219.7757356,-0.258819,0,-0.9659258,0;
custom,sphere,default,-0.0012,-0.0012,-0.0012,1,0,0,0,0.06,0.06,1199.3714711,896.4998699,-219.7497548,-0.258819,0,-0.9659258,0;
custom,cone,default,0.0003,0.0012,0.0003,1,1,0.4,0,0.06,0.06,1199.3769615,896.4848699,-219.7702452,-0.1830127,0.1830127,-0.6830127,0.6830127;
custom,cylinder,default,-0.006,-0.0015,-0.006,1,0,0,0,0.06,0.06,1199.326875,896.5373699,-219.7369976,-0.258819,0,-0.9659258,0;
custom,cylinder,bark,-0.00075,-0.003,-0.00075,0,0,0,0,0.06,0.06,1199.2875,896.4173699,-219.8051971,0.2867882,-0.409576,-0.4967318,0.7094065;
custom,cylinder,bark,-0.00075,-0.003,-0.00075,0,0,0,0,0.06,0.06,1199.37,896.4173699,-219.6623029,0.409576,-0.2867882,-0.7094065,0.4967318;

custom,sphere,ice1,-0.015,-0.015,-0.015,0,1,1,1,0.1,0.1,1199.3247307,896.2823699,-220.50625,0,0,-1,0;
custom,sphere,ice1,-0.012,-0.012,-0.012,0,1,1,1,0.08,0.08,1199.3247307,896.3873699,-220.50625,0,0,-1,0;
custom,sphere,ice1,-0.009,-0.009,-0.009,0,1,1,1,0.06,0.06,1199.3247307,896.4773699,-220.50625,0,0,-1,0;
custom,sphere,default,-0.0012,-0.0012,-0.0012,1,0,0,0,0.06,0.06,1199.3697308,896.4998699,-220.52125,0,0,-1,0;
custom,sphere,default,-0.0012,-0.0012,-0.0012,1,0,0,0,0.06,0.06,1199.3697308,896.4998699,-220.49125,0,0,-1,0;
custom,cone,default,0.0003,0.0012,0.0003,1,1,0.4,0,0.06,0.06,1199.3847308,896.4848699,-220.50625,0,0,-0.7071068,0.7071068;
custom,cylinder,default,-0.006,-0.0015,-0.006,1,0,0,0,0.06,0.06,1199.3247307,896.5373699,-220.5025,0,0,-1,0;
custom,cylinder,bark,-0.00075,-0.003,-0.00075,0,0,0,0,0.06,0.06,1199.3247307,896.4173699,-220.58125,0.4055798,-0.579228,-0.4055798,0.579228;
custom,cylinder,bark,-0.00075,-0.003,-0.00075,0,0,0,0,0.06,0.06,1199.3247307,896.4173699,-220.41625,0.579228,-0.4055798,-0.579228,0.4055798;

custom,sphere,ice1,-0.015,-0.015,-0.015,0,1,1,1,0.1,0.1,1199.3247307,896.2823699,-219.00625,0,0,-1,0;
custom,sphere,ice1,-0.012,-0.012,-0.012,0,1,1,1,0.08,0.08,1199.3247307,896.3873699,-219.00625,0,0,-1,0;
custom,sphere,ice1,-0.009,-0.009,-0.009,0,1,1,1,0.06,0.06,1199.3247307,896.4773699,-219.00625,0,0,-1,0;
custom,sphere,default,-0.0012,-0.0012,-0.0012,1,0,0,0,0.06,0.06,1199.3697308,896.4998699,-219.02125,0,0,-1,0;
custom,sphere,default,-0.0012,-0.0012,-0.0012,1,0,0,0,0.06,0.06,1199.3697308,896.4998699,-218.99125,0,0,-1,0;
custom,cone,default,0.0003,0.0012,0.0003,1,1,0.4,0,0.06,0.06,1199.3847308,896.4848699,-219.00625,0,0,-0.7071068,0.7071068;
custom,cylinder,default,-0.006,-0.0015,-0.006,1,0,0,0,0.06,0.06,1199.3247307,896.5373699,-219.0025,0,0,-1,0;
custom,cylinder,bark,-0.00075,-0.003,-0.00075,0,0,0,0,0.06,0.06,1199.3247307,896.4173699,-219.08125,0.4055798,-0.579228,-0.4055798,0.579228;
custom,cylinder,bark,-0.00075,-0.003,-0.00075,0,0,0,0,0.06,0.06,1199.3247307,896.4173699,-218.91625,0.579228,-0.4055798,-0.579228,0.4055798;

custom,sphere,ice1,-0.015,-0.015,-0.015,0,1,1,1,0.1,0.1,1199.325,896.2823699,-218.2402452,-0.258819,0,-0.9659258,0;
custom,sphere,ice1,-0.012,-0.012,-0.012,0,1,1,1,0.08,0.08,1199.325,896.3873699,-218.2402452,-0.258819,0,-0.9659258,0;
custom,sphere,ice1,-0.009,-0.009,-0.009,0,1,1,1,0.06,0.06,1199.325,896.4773699,-218.2402452,-0.258819,0,-0.9659258,0;
custom,sphere,default,-0.0012,-0.0012,-0.0012,1,0,0,0,0.06,0.06,1199.3564711,896.4998699,-218.2757356,-0.258819,0,-0.9659258,0;
custom,sphere,default,-0.0012,-0.0012,-0.0012,1,0,0,0,0.06,0.06,1199.3714711,896.4998699,-218.2497548,-0.258819,0,-0.9659258,0;
custom,cone,default,0.0003,0.0012,0.0003,1,1,0.4,0,0.06,0.06,1199.3769615,896.4848699,-218.2702452,-0.1830127,0.1830127,-0.6830127,0.6830127;
custom,cylinder,default,-0.006,-0.0015,-0.006,1,0,0,0,0.06,0.06,1199.326875,896.5373699,-218.2369976,-0.258819,0,-0.9659258,0;
custom,cylinder,bark,-0.00075,-0.003,-0.00075,0,0,0,0,0.06,0.06,1199.2875,896.4173699,-218.3051971,0.2867882,-0.409576,-0.4967318,0.7094065;
custom,cylinder,bark,-0.00075,-0.003,-0.00075,0,0,0,0,0.06,0.06,1199.37,896.4173699,-218.1623029,0.409576,-0.2867882,-0.7094065,0.4967318;

custom,sphere,ice1,-0.015,-0.015,-0.015,0,1,1,1,0.1,0.1,1199.3247307,896.2823699,-217.50625,0,0,-1,0;
custom,sphere,ice1,-0.012,-0.012,-0.012,0,1,1,1,0.08,0.08,1199.3247307,896.3873699,-217.50625,0,0,-1,0;
custom,sphere,ice1,-0.009,-0.009,-0.009,0,1,1,1,0.06,0.06,1199.3247307,896.4773699,-217.50625,0,0,-1,0;
custom,sphere,default,-0.0012,-0.0012,-0.0012,1,0,0,0,0.06,0.06,1199.3697308,896.4998699,-217.52125,0,0,-1,0;
custom,sphere,default,-0.0012,-0.0012,-0.0012,1,0,0,0,0.06,0.06,1199.3697308,896.4998699,-217.49125,0,0,-1,0;
custom,cone,default,0.0003,0.0012,0.0003,1,1,0.4,0,0.06,0.06,1199.3847308,896.4848699,-217.50625,0,0,-0.7071068,0.7071068;
custom,cylinder,default,-0.006,-0.0015,-0.006,1,0,0,0,0.06,0.06,1199.3247307,896.5373699,-217.5025,0,0,-1,0;
custom,cylinder,bark,-0.00075,-0.003,-0.00075,0,0,0,0,0.06,0.06,1199.3247307,896.4173699,-217.58125,0.4055798,-0.579228,-0.4055798,0.579228;
custom,cylinder,bark,-0.00075,-0.003,-0.00075,0,0,0,0,0.06,0.06,1199.3247307,896.4173699,-217.41625,0.579228,-0.4055798,-0.579228,0.4055798;

custom,sphere,ice1,-0.015,-0.015,-0.015,0,1,1,1,0.1,0.1,1199.325,896.2823699,-216.7402452,-0.258819,0,-0.9659258,0;
custom,sphere,ice1,-0.012,-0.012,-0.012,0,1,1,1,0.08,0.08,1199.325,896.3873699,-216.7402452,-0.258819,0,-0.9659258,0;
custom,sphere,ice1,-0.009,-0.009,-0.009,0,1,1,1,0.06,0.06,1199.325,896.4773699,-216.7402452,-0.258819,0,-0.9659258,0;
custom,sphere,default,-0.0012,-0.0012,-0.0012,1,0,0,0,0.06,0.06,1199.3564711,896.4998699,-216.7757356,-0.258819,0,-0.9659258,0;
custom,sphere,default,-0.0012,-0.0012,-0.0012,1,0,0,0,0.06,0.06,1199.3714711,896.4998699,-216.7497548,-0.258819,0,-0.9659258,0;
custom,cone,default,0.0003,0.0012,0.0003,1,1,0.4,0,0.06,0.06,1199.3769615,896.4848699,-216.7702452,-0.1830127,0.1830127,-0.6830127,0.6830127;
custom,cylinder,default,-0.006,-0.0015,-0.006,1,0,0,0,0.06,0.06,1199.326875,896.5373699,-216.7369976,-0.258819,0,-0.9659258,0;
custom,cylinder,bark,-0.00075,-0.003,-0.00075,0,0,0,0,0.06,0.06,1199.2875,896.4173699,-216.8051971,0.2867882,-0.409576,-0.4967318,0.7094065;
custom,cylinder,bark,-0.00075,-0.003,-0.00075,0,0,0,0,0.06,0.06,1199.37,896.4173699,-216.6623029,0.409576,-0.2867882,-0.7094065,0.4967318;


custom,sphere,ice1,-0.015,-0.015,-0.015,0,1,1,1,0.1,0.1,1199.3247307,896.2823699,-216.00625,0,0,-1,0;
custom,sphere,ice1,-0.012,-0.012,-0.012,0,1,1,1,0.08,0.08,1199.3247307,896.3873699,-216.00625,0,0,-1,0;
custom,sphere,ice1,-0.009,-0.009,-0.009,0,1,1,1,0.06,0.06,1199.3247307,896.4773699,-216.00625,0,0,-1,0;
custom,sphere,default,-0.0012,-0.0012,-0.0012,1,0,0,0,0.06,0.06,1199.3697308,896.4998699,-216.02125,0,0,-1,0;
custom,sphere,default,-0.0012,-0.0012,-0.0012,1,0,0,0,0.06,0.06,1199.3697308,896.4998699,-215.99125,0,0,-1,0;
custom,cone,default,0.0003,0.0012,0.0003,1,1,0.4,0,0.06,0.06,1199.3847308,896.4848699,-216.00625,0,0,-0.7071068,0.7071068;
custom,cylinder,default,-0.006,-0.0015,-0.006,1,0,0,0,0.06,0.06,1199.3247307,896.5373699,-216.0025,0,0,-1,0;
custom,cylinder,bark,-0.00075,-0.003,-0.00075,0,0,0,0,0.06,0.06,1199.3247307,896.4173699,-216.08125,0.4055798,-0.579228,-0.4055798,0.579228;
custom,cylinder,bark,-0.00075,-0.003,-0.00075,0,0,0,0,0.06,0.06,1199.3247307,896.4173699,-215.91625,0.579228,-0.4055798,-0.579228,0.4055798;

custom,sphere,ice1,-0.015,-0.015,-0.015,0,1,1,1,0.1,0.1,1199.325,896.2823699,-215.2402452,-0.258819,0,-0.9659258,0;
custom,sphere,ice1,-0.012,-0.012,-0.012,0,1,1,1,0.08,0.08,1199.325,896.3873699,-215.2402452,-0.258819,0,-0.9659258,0;
custom,sphere,ice1,-0.009,-0.009,-0.009,0,1,1,1,0.06,0.06,1199.325,896.4773699,-215.2402452,-0.258819,0,-0.9659258,0;
custom,sphere,default,-0.0012,-0.0012,-0.0012,1,0,0,0,0.06,0.06,1199.3564711,896.4998699,-215.2757356,-0.258819,0,-0.9659258,0;
custom,sphere,default,-0.0012,-0.0012,-0.0012,1,0,0,0,0.06,0.06,1199.3714711,896.4998699,-215.2497548,-0.258819,0,-0.9659258,0;
custom,cone,default,0.0003,0.0012,0.0003,1,1,0.4,0,0.06,0.06,1199.3769615,896.4848699,-215.2702452,-0.1830127,0.1830127,-0.6830127,0.6830127;
custom,cylinder,default,-0.006,-0.0015,-0.006,1,0,0,0,0.06,0.06,1199.326875,896.5373699,-215.2369976,-0.258819,0,-0.9659258,0;
custom,cylinder,bark,-0.00075,-0.003,-0.00075,0,0,0,0,0.06,0.06,1199.2875,896.4173699,-215.3051971,0.2867882,-0.409576,-0.4967318,0.7094065;
custom,cylinder,bark,-0.00075,-0.003,-0.00075,0,0,0,0,0.06,0.06,1199.37,896.4173699,-215.1623029,0.409576,-0.2867882,-0.7094065,0.4967318;

custom,cuboid,ice1,2.175,0.015,2.025,1,0.2,0.4,1,14.5,13.5,1200,896.1473699,-221.36875,0,1,0,0;


custom,cuboid,wood1,0.825,0.0075,0.075,1,0.4,0.24,0,5.5,0.5,1200.6,896.5973699,-218.21875,0,0.7071068,0,0.7071068;

custom,cylinder,rock3,0.075,0.15,0.075,0,0.4,0.24,0,0.5,1,1201.275,896.7473699,-222.26875,0,0.7071068,0,0.7071068;
custom,cylinder,rock3,0.075,0.15,0.075,0,0.4,0.24,0,0.5,1,1199.925,896.7473699,-222.26875,0,0.7071068,0,0.7071068;
custom,statue1,default,0.03,0.03,0.03,0,0.4,0.24,0,0.5,1,1199.925,898.2173699,-222.26875,0,0.7071068,0,0.7071068;
custom,statue1,default,0.03,0.03,-0.03,0,0.4,0.24,0,0.5,1,1201.275,898.2173699,-222.26875,0,0.7071068,0,0.7071068;



custom,cylinder,wood1,0.0075,0.0225,0.0075,1,0.4,0.24,0,0.05,0.15,1200.93,896.3723699,-218.21875,0,0.7071068,0,0.7071068;
custom,cylinder,wood1,0.0075,0.0225,0.0075,1,0.4,0.24,0,0.05,0.15,1200.27,896.3723699,-218.21875,0,0.7071068,0,0.7071068;
custom,cylinder,wood1,0.0075,0.0225,0.0075,1,0.4,0.24,0,0.05,0.15,1200.93,896.3723699,-218.96875,0,0.7071068,0,0.7071068;
custom,cylinder,wood1,0.0075,0.0225,0.0075,1,0.4,0.24,0,0.05,0.15,1200.27,896.3723699,-218.96875,0,0.7071068,0,0.7071068;
custom,cylinder,wood1,0.0075,0.0225,0.0075,1,0.4,0.24,0,0.05,0.15,1200.93,896.3723699,-219.71875,0,0.7071068,0,0.7071068;
custom,cylinder,wood1,0.0075,0.0225,0.0075,1,0.4,0.24,0,0.05,0.15,1200.27,896.3723699,-219.71875,0,0.7071068,0,0.7071068;
custom,cylinder,wood1,0.0075,0.0225,0.0075,1,0.4,0.24,0,0.05,0.15,1200.93,896.3723699,-220.46875,0,0.7071068,0,0.7071068;
custom,cylinder,wood1,0.0075,0.0225,0.0075,1,0.4,0.24,0,0.05,0.15,1200.27,896.3723699,-220.46875,0,0.7071068,0,0.7071068;
custom,cylinder,wood1,0.0075,0.0225,0.0075,1,0.4,0.24,0,0.05,0.15,1200.93,896.3723699,-221.21875,0,0.7071068,0,0.7071068;
custom,cylinder,wood1,0.0075,0.0225,0.0075,1,0.4,0.24,0,0.05,0.15,1200.27,896.3723699,-221.21875,0,0.7071068,0,0.7071068;
custom,cylinder,wood1,0.0075,0.0225,0.0075,1,0.4,0.24,0,0.05,0.15,1200.93,896.3723699,-221.96875,0,0.7071068,0,0.7071068;
custom,cylinder,wood1,0.0075,0.0225,0.0075,1,0.4,0.24,0,0.05,0.15,1200.27,896.3723699,-221.96875,0,0.7071068,0,0.7071068;


custom,cylinder,wood1,0.0075,0.0225,0.0075,1,0.4,0.24,0,0.05,0.15,1200.93,896.3723699,-217.46875,0,0.7071068,0,0.7071068;
custom,cylinder,wood1,0.0075,0.0225,0.0075,1,0.4,0.24,0,0.05,0.15,1200.27,896.3723699,-217.46875,0,0.7071068,0,0.7071068;
custom,cylinder,wood1,0.0075,0.0225,0.0075,1,0.4,0.24,0,0.05,0.15,1200.93,896.3723699,-216.71875,0,0.7071068,0,0.7071068;
custom,cylinder,wood1,0.0075,0.0225,0.0075,1,0.4,0.24,0,0.05,0.15,1200.27,896.3723699,-216.71875,0,0.7071068,0,0.7071068;
custom,cylinder,wood1,0.0075,0.0225,0.0075,1,0.4,0.24,0,0.05,0.15,1200.93,896.3723699,-215.96875,0,0.7071068,0,0.7071068;
custom,cylinder,wood1,0.0075,0.0225,0.0075,1,0.4,0.24,0,0.05,0.15,1200.27,896.3723699,-215.96875,0,0.7071068,0,0.7071068;
custom,cylinder,wood1,0.0075,0.0225,0.0075,1,0.4,0.24,0,0.05,0.15,1200.93,896.3723699,-215.21875,0,0.7071068,0,0.7071068;
custom,cylinder,wood1,0.0075,0.0225,0.0075,1,0.4,0.24,0,0.05,0.15,1200.27,896.3723699,-215.21875,0,0.7071068,0,0.7071068;
custom,cylinder,wood1,0.0075,0.0225,0.0075,1,0.4,0.24,0,0.05,0.15,1200.93,896.3723699,-214.46875,0,0.7071068,0,0.7071068;
custom,cylinder,wood1,0.0075,0.0225,0.0075,1,0.4,0.24,0,0.05,0.15,1200.27,896.3723699,-214.46875,0,0.7071068,0,0.7071068;


custom,cylinder,wood1,0.0075,0.045,0.0075,1,0.4,0.24,0,0.05,0.3,1200.93,896.9273699,-214.68625,-0.1830127,0.6830127,-0.1830127,0.6830127;
custom,cylinder,wood1,0.0075,0.045,0.0075,1,0.4,0.24,0,0.05,0.3,1200.93,896.9273699,-215.00125,0.6830127,-0.1830127,0.6830127,-0.1830127;
custom,cylinder,wood1,0.0075,0.045,0.0075,1,0.4,0.24,0,0.05,0.3,1200.93,896.9273699,-215.43625,-0.1830127,0.6830127,-0.1830127,0.6830127;
custom,cylinder,wood1,0.0075,0.045,0.0075,1,0.4,0.24,0,0.05,0.3,1200.93,896.9273699,-215.75125,0.6830127,-0.1830127,0.6830127,-0.1830127;
custom,cylinder,wood1,0.0075,0.045,0.0075,1,0.4,0.24,0,0.05,0.3,1200.93,896.9273699,-216.18625,-0.1830127,0.6830127,-0.1830127,0.6830127;
custom,cylinder,wood1,0.0075,0.045,0.0075,1,0.4,0.24,0,0.05,0.3,1200.93,896.9273699,-216.50125,0.6830127,-0.1830127,0.6830127,-0.1830127;
custom,cylinder,wood1,0.0075,0.045,0.0075,1,0.4,0.24,0,0.05,0.3,1200.93,896.9273699,-216.93625,-0.1830127,0.6830127,-0.1830127,0.6830127;
custom,cylinder,wood1,0.0075,0.045,0.0075,1,0.4,0.24,0,0.05,0.3,1200.93,896.9273699,-217.25125,0.6830127,-0.1830127,0.6830127,-0.1830127;
custom,cylinder,wood1,0.0075,0.045,0.0075,1,0.4,0.24,0,0.05,0.3,1200.93,896.9273699,-217.68625,-0.1830127,0.6830127,-0.1830127,0.6830127;
custom,cylinder,wood1,0.0075,0.045,0.0075,1,0.4,0.24,0,0.05,0.3,1200.93,896.9273699,-218.00125,0.6830127,-0.1830127,0.6830127,-0.1830127;
custom,cylinder,wood1,0.0075,0.045,0.0075,1,0.4,0.24,0,0.05,0.3,1200.93,896.9273699,-218.43625,-0.1830127,0.6830127,-0.1830127,0.6830127;
custom,cylinder,wood1,0.0075,0.045,0.0075,1,0.4,0.24,0,0.05,0.3,1200.93,896.9273699,-218.75125,0.6830127,-0.1830127,0.6830127,-0.1830127;
custom,cylinder,wood1,0.0075,0.045,0.0075,1,0.4,0.24,0,0.05,0.3,1200.93,896.9273699,-219.18625,-0.1830127,0.6830127,-0.1830127,0.6830127;
custom,cylinder,wood1,0.0075,0.045,0.0075,1,0.4,0.24,0,0.05,0.3,1200.93,896.9273699,-219.50125,0.6830127,-0.1830127,0.6830127,-0.1830127;
custom,cylinder,wood1,0.0075,0.045,0.0075,1,0.4,0.24,0,0.05,0.3,1200.93,896.9273699,-219.93625,-0.1830127,0.6830127,-0.1830127,0.6830127;
custom,cylinder,wood1,0.0075,0.045,0.0075,1,0.4,0.24,0,0.05,0.3,1200.93,896.9273699,-220.25125,0.6830127,-0.1830127,0.6830127,-0.1830127;
custom,cylinder,wood1,0.0075,0.045,0.0075,1,0.4,0.24,0,0.05,0.3,1200.93,896.9273699,-220.68625,-0.1830127,0.6830127,-0.1830127,0.6830127;
custom,cylinder,wood1,0.0075,0.045,0.0075,1,0.4,0.24,0,0.05,0.3,1200.93,896.9273699,-221.00125,0.6830127,-0.1830127,0.6830127,-0.1830127;
custom,cylinder,wood1,0.0075,0.045,0.0075,1,0.4,0.24,0,0.05,0.3,1200.93,896.9273699,-221.43625,-0.1830127,0.6830127,-0.1830127,0.6830127;
custom,cylinder,wood1,0.0075,0.045,0.0075,1,0.4,0.24,0,0.05,0.3,1200.93,896.9273699,-221.75125,0.6830127,-0.1830127,0.6830127,-0.1830127;

custom,cylinder,wood1,0.0075,0.045,0.0075,1,0.4,0.24,0,0.05,0.3,1200.27,896.9273699,-214.68625,-0.1830127,0.6830127,-0.1830127,0.6830127;
custom,cylinder,wood1,0.0075,0.045,0.0075,1,0.4,0.24,0,0.05,0.3,1200.27,896.9273699,-215.00125,0.6830127,-0.1830127,0.6830127,-0.1830127;
custom,cylinder,wood1,0.0075,0.045,0.0075,1,0.4,0.24,0,0.05,0.3,1200.27,896.9273699,-215.43625,-0.1830127,0.6830127,-0.1830127,0.6830127;
custom,cylinder,wood1,0.0075,0.045,0.0075,1,0.4,0.24,0,0.05,0.3,1200.27,896.9273699,-215.75125,0.6830127,-0.1830127,0.6830127,-0.1830127;
custom,cylinder,wood1,0.0075,0.045,0.0075,1,0.4,0.24,0,0.05,0.3,1200.27,896.9273699,-216.18625,-0.1830127,0.6830127,-0.1830127,0.6830127;
custom,cylinder,wood1,0.0075,0.045,0.0075,1,0.4,0.24,0,0.05,0.3,1200.27,896.9273699,-216.50125,0.6830127,-0.1830127,0.6830127,-0.1830127;
custom,cylinder,wood1,0.0075,0.045,0.0075,1,0.4,0.24,0,0.05,0.3,1200.27,896.9273699,-216.93625,-0.1830127,0.6830127,-0.1830127,0.6830127;
custom,cylinder,wood1,0.0075,0.045,0.0075,1,0.4,0.24,0,0.05,0.3,1200.27,896.9273699,-217.25125,0.6830127,-0.1830127,0.6830127,-0.1830127;
custom,cylinder,wood1,0.0075,0.045,0.0075,1,0.4,0.24,0,0.05,0.3,1200.27,896.9273699,-217.68625,-0.1830127,0.6830127,-0.1830127,0.6830127;
custom,cylinder,wood1,0.0075,0.045,0.0075,1,0.4,0.24,0,0.05,0.3,1200.27,896.9273699,-218.00125,0.6830127,-0.1830127,0.6830127,-0.1830127;
custom,cylinder,wood1,0.0075,0.045,0.0075,1,0.4,0.24,0,0.05,0.3,1200.27,896.9273699,-218.43625,-0.1830127,0.6830127,-0.1830127,0.6830127;
custom,cylinder,wood1,0.0075,0.045,0.0075,1,0.4,0.24,0,0.05,0.3,1200.27,896.9273699,-218.75125,0.6830127,-0.1830127,0.6830127,-0.1830127;
custom,cylinder,wood1,0.0075,0.045,0.0075,1,0.4,0.24,0,0.05,0.3,1200.27,896.9273699,-219.18625,-0.1830127,0.6830127,-0.1830127,0.6830127;
custom,cylinder,wood1,0.0075,0.045,0.0075,1,0.4,0.24,0,0.05,0.3,1200.27,896.9273699,-219.50125,0.6830127,-0.1830127,0.6830127,-0.1830127;
custom,cylinder,wood1,0.0075,0.045,0.0075,1,0.4,0.24,0,0.05,0.3,1200.27,896.9273699,-219.93625,-0.1830127,0.6830127,-0.1830127,0.6830127;
custom,cylinder,wood1,0.0075,0.045,0.0075,1,0.4,0.24,0,0.05,0.3,1200.27,896.9273699,-220.25125,0.6830127,-0.1830127,0.6830127,-0.1830127;
custom,cylinder,wood1,0.0075,0.045,0.0075,1,0.4,0.24,0,0.05,0.3,1200.27,896.9273699,-220.68625,-0.1830127,0.6830127,-0.1830127,0.6830127;
custom,cylinder,wood1,0.0075,0.045,0.0075,1,0.4,0.24,0,0.05,0.3,1200.27,896.9273699,-221.00125,0.6830127,-0.1830127,0.6830127,-0.1830127;
custom,cylinder,wood1,0.0075,0.045,0.0075,1,0.4,0.24,0,0.05,0.3,1200.27,896.9273699,-221.43625,-0.1830127,0.6830127,-0.1830127,0.6830127;
custom,cylinder,wood1,0.0075,0.045,0.0075,1,0.4,0.24,0,0.05,0.3,1200.27,896.9273699,-221.75125,0.6830127,-0.1830127,0.6830127,-0.1830127;


custom,cylinder,wood1,0.0075,0.03,0.0075,1,0.4,0.24,0,0.05,0.2,1200.6,897.2273699,-214.84375,-0.5,0.5,0.5,0.5;
custom,cylinder,wood1,0.0075,0.03,0.0075,1,0.4,0.24,0,0.05,0.2,1200.6,897.2273699,-215.59375,-0.5,0.5,0.5,0.5;
custom,cylinder,wood1,0.0075,0.03,0.0075,1,0.4,0.24,0,0.05,0.2,1200.6,897.2273699,-216.34375,-0.5,0.5,0.5,0.5;
custom,cylinder,wood1,0.0075,0.03,0.0075,1,0.4,0.24,0,0.05,0.2,1200.6,897.2273699,-217.09375,-0.5,0.5,0.5,0.5;
custom,cylinder,wood1,0.0075,0.03,0.0075,1,0.4,0.24,0,0.05,0.2,1200.6,897.2273699,-217.84375,-0.5,0.5,0.5,0.5;
custom,cylinder,wood1,0.0075,0.03,0.0075,1,0.4,0.24,0,0.05,0.2,1200.6,897.2273699,-218.59375,-0.5,0.5,0.5,0.5;
custom,cylinder,wood1,0.0075,0.03,0.0075,1,0.4,0.24,0,0.05,0.2,1200.6,897.2273699,-219.34375,-0.5,0.5,0.5,0.5;
custom,cylinder,wood1,0.0075,0.03,0.0075,1,0.4,0.24,0,0.05,0.2,1200.6,897.2273699,-220.09375,-0.5,0.5,0.5,0.5;
custom,cylinder,wood1,0.0075,0.03,0.0075,1,0.4,0.24,0,0.05,0.2,1200.6,897.2273699,-220.84375,-0.5,0.5,0.5,0.5;
custom,cylinder,wood1,0.0075,0.03,0.0075,1,0.4,0.24,0,0.05,0.2,1200.6,897.2273699,-221.59375,-0.5,0.5,0.5,0.5;

custom,cylinder,wood1,0.0075,0.03,0.0075,1,0.4,0.24,0,0.05,0.2,1200.93,896.3723699,-213.94375,0,0.7071068,0,0.7071068;
custom,cylinder,wood1,0.0075,0.03,0.0075,1,0.4,0.24,0,0.05,0.2,1200.27,896.3723699,-213.94375,0,0.7071068,0,0.7071068;

custom,cylinder,wood1,0.0075,0.03,0.0075,1,0.4,0.24,0,0.05,0.2,1201.275,896.3723699,-213.49375,0,0.7071068,0,0.7071068;
custom,cylinder,wood1,0.0075,0.03,0.0075,1,0.4,0.24,0,0.05,0.2,1199.925,896.3723699,-213.49375,0,0.7071068,0,0.7071068;

custom,cylinder,wood1,0.0075,0.03,0.0075,1,0.4,0.24,0,0.05,0.2,1201.275,896.3723699,-213.04375,0,0.7071068,0,0.7071068;
custom,cylinder,wood1,0.0075,0.03,0.0075,1,0.4,0.24,0,0.05,0.2,1199.925,896.3723699,-213.04375,0,0.7071068,0,0.7071068;

custom,cylinder,wood1,0.0075,0.03,0.0075,1,0.4,0.24,0,0.05,0.2,1200.93,896.3723699,-212.59375,0,0.7071068,0,0.7071068;
custom,cylinder,wood1,0.0075,0.03,0.0075,1,0.4,0.24,0,0.05,0.2,1200.27,896.3723699,-212.59375,0,0.7071068,0,0.7071068;

custom,tube,wood1,0.165,0.003,0.165,1,0.4,0.24,0,1.1,1.1,1200.63,896.6273699,-213.26875,0,0.7071068,0,0.7071068;
custom,tube,wood1,0.1425,0.003,0.1425,1,0.4,0.24,0,0.95,0.95,1200.63,896.6348699,-213.26875,0,0.7071068,0,0.7071068;

custom,tube,wood1,0.105,0.00285,0.105,1,0.4,0.24,0,0.7,0.7,1200.6,896.6348699,-213.26875,0,0.7071068,0,0.7071068;
custom,tube,wood1,0.0825,0.002775,0.0825,1,0.4,0.24,0,0.55,0.55,1200.6,896.6348699,-213.26875,0,0.7071068,0,0.7071068;
custom,tube,wood1,0.06,0.0027,0.06,1,0.4,0.24,0,0.4,0.4,1200.6,896.6348699,-213.26875,0,0.7071068,0,0.7071068;
custom,tube,wood1,0.045,0.002625,0.045,1,0.4,0.24,0,0.3,0.3,1200.6,896.6348699,-213.26875,0,0.7071068,0,0.7071068;
custom,tube,wood1,0.0345,0.00255,0.0345,1,0.4,0.24,0,0.23,0.23,1200.6,896.6348699,-213.26875,0,0.7071068,0,0.7071068;


custom,cuboid,wood1,0.0015,0.06,0.045,1,0.4,0.24,0,0.3,0.4,1200.975,896.9423699,-213.71875,0,0.3826834,0,0.9238795;
custom,cuboid,wood1,0.0015,0.06,0.045,1,0.4,0.24,0,0.3,0.4,1200.225,896.9423699,-213.71875,0,0.9238795,0,0.3826834;

custom,cuboid,wood1,0.0015,0.06,0.075,1,0.4,0.24,0,0.5,0.4,1201.1325,896.9423699,-213.26875,0,1,0,0;
custom,cuboid,wood1,0.0015,0.06,0.075,1,0.4,0.24,0,0.5,0.4,1200.0675,896.9423699,-213.26875,0,1,0,0;

custom,cuboid,wood1,0.0015,0.06,0.045,1,0.4,0.24,0,0.3,0.4,1200.225,896.9423699,-212.81875,0,0.3826834,0,0.9238795;
custom,cuboid,wood1,0.0015,0.06,0.045,1,0.4,0.24,0,0.3,0.4,1200.975,896.9423699,-212.81875,0,0.9238795,0,0.3826834;

custom,cuboid,wood1,0.0015,0.06,0.045,1,0.4,0.24,0,0.3,0.4,1200.6,896.9423699,-212.66875,0,0.7071068,0,0.7071068;


custom,cuboid,castle1tex,0.0075,0.0075,0.0075,0,1,1,1,0.5,-0.5,1200.6,896.6873699,-212.71375,0,0.7071068,0,0.7071068;
custom,cuboid,castle1tex,0.0075,0.0075,0.0075,0,1,1,1,0.5,-0.5,1200.675,896.6873699,-212.71375,0,0.7071068,0,0.7071068;
custom,cuboid,castle1tex,0.0075,0.0075,0.0075,0,1,1,1,0.5,-0.5,1200.525,896.6873699,-212.71375,0,0.7071068,0,0.7071068;

custom,cuboid,castle1tex,0.0075,0.0075,0.0075,0,1,1,1,0.5,-0.5,1200.675,896.6873699,-212.78875,0,0.7071068,0,0.7071068;
custom,cuboid,castle1tex,0.0075,0.0075,0.0075,0,1,1,1,0.5,-0.5,1200.525,896.6873699,-212.78875,0,0.7071068,0,0.7071068;

custom,cuboid,castle1tex,0.0075,0.0075,0.0075,0,1,1,1,0.5,-0.5,1200.6,896.7623699,-212.71375,0,0.7071068,0,0.7071068;
custom,cuboid,castle1tex,0.0075,0.0075,0.0075,0,1,1,1,0.5,-0.5,1200.675,896.7623699,-212.71375,0,0.7071068,0,0.7071068;
custom,cuboid,castle1tex,0.0075,0.0075,0.0075,0,1,1,1,0.5,-0.5,1200.525,896.7623699,-212.71375,0,0.7071068,0,0.7071068;

custom,cuboid,castle1tex,0.0075,0.0075,0.0075,0,1,1,1,0.5,-0.5,1200.75,896.6873699,-212.71375,0,0.7071068,0,0.7071068;
custom,cuboid,castle1tex,0.0075,0.0075,0.0075,0,1,1,1,0.5,-0.5,1200.45,896.6873699,-212.71375,0,0.7071068,0,0.7071068;

custom,cylinder,wood1,0.1275,0.003,0.1275,1,0.4,0.24,0,0.85,0.85,1200.6,897.2573699,-213.26875,0,0.7071068,0,0.7071068;

custom,cone,grass2,0.045,0.015,0.045,1,0.4,0.24,0,0.3,0.1,1200.6,897.4223699,-213.34375,0,0.7071068,0,0.7071068;
custom,cone,grass2,0.0075,-0.0075,0.0075,1,0.4,0.24,0,0.3,0.1,1200.6225,897.7973699,-213.25375,0,0.7071068,0,0.7071068;

custom,tube,wood1,0.018,-0.003,0.018,1,0.4,0.24,0,0.3,0.1,1200.63,897.7673699,-213.23875,0,0.7071068,0,0.7071068;

custom,cylinder,wood1,0.0075,0.03,0.0075,1,0.4,0.24,0,0.05,0.2,1200.825,896.9423699,-213.86875,0,0.7071068,0,0.7071068;
custom,cylinder,wood1,0.0075,0.03,0.0075,1,0.4,0.24,0,0.05,0.2,1200.375,896.9423699,-213.86875,0,0.7071068,0,0.7071068;

custom,cylinder,wood1,0.006,0.0225,0.006,1,0.4,0.24,0,0.04,0.15,1200.6,897.0473699,-213.86875,-0.5,0.5,0.5,0.5;


custom,cuboid,wood1,0.0015,0.018,0.045,1,0.4,0.24,0,0.3,0.12,1200.6,897.1598699,-213.86875,0,0.7071068,0,0.7071068;

custom,tube,stone6,0.027,0.0075,0.027,0,0.4,0.24,0,0.18,0.18,1200.6,896.6273699,-213.26875,0,0.7071068,0,0.7071068;


custom,cylinder,lava1,0.027,0.0015,0.027,0,0.4,0.24,0,0.18,0.18,1200.6,896.6123699,-213.26875,0,0.7071068,0,0.7071068;
custom,cylinder,stone1,0.0285,0.00105,0.0285,0,0.4,0.24,0,0.18,0.18,1200.6,896.6048699,-213.26875,0,0.7071068,0,0.7071068;


custom,tube,wood1,0.042,0.0015,0.042,0,0.5,0.3,0,0.3,0.3,1200.6,896.6723699,-213.26875,0,0.7071068,0,0.7071068;

custom,cylinder,wood1,0.003,0.0015,0.003,0,0.5,0.3,0,0.3,0.3,1200.81,896.6573699,-213.26875,0,0.7071068,0,0.7071068;
custom,cylinder,wood1,0.003,0.0015,0.003,0,0.5,0.3,0,0.3,0.3,1200.39,896.6573699,-213.26875,0,0.7071068,0,0.7071068;

custom,cylinder,wood1,0.003,0.0015,0.003,0,0.5,0.3,0,0.3,0.3,1200.6,896.6573699,-213.05875,0,0.7071068,0,0.7071068;
custom,cylinder,wood1,0.003,0.0015,0.003,0,0.5,0.3,0,0.3,0.3,1200.6,896.6573699,-213.47875,0,0.7071068,0,0.7071068;

custom,cylinder,wood1,0.003,0.0015,0.003,0,0.5,0.3,0,0.3,0.3,1200.78,896.6573699,-213.14875,0,0.7071068,0,0.7071068;
custom,cylinder,wood1,0.003,0.0015,0.003,0,0.5,0.3,0,0.3,0.3,1200.42,896.6573699,-213.14875,0,0.7071068,0,0.7071068;

custom,cylinder,wood1,0.003,0.0015,0.003,0,0.5,0.3,0,0.3,0.3,1200.78,896.6573699,-213.38875,0,0.7071068,0,0.7071068;
custom,cylinder,wood1,0.003,0.0015,0.003,0,0.5,0.3,0,0.3,0.3,1200.42,896.6573699,-213.38875,0,0.7071068,0,0.7071068;





custom,cuboid,wood1,0.012,0.0015,0.03,1,0.4,0.24,0,0.5,0.4,1201.0725,896.7473699,-213.26875,0,1,0,0;
custom,cylinder,default,0.0003,0.00675,0.0003,1,0,0,0,0.5,0.4,1201.0725,896.7773699,-213.40375,0.5,0.8660254,0,0;
custom,cylinder,default,0.0003,0.00675,0.0003,1,0,0,0,0.5,0.4,1201.0725,896.7773699,-213.13375,0.5,0.8660254,0,0;
custom,capsule,tower5mat,0.00375,0.00075,0.0075,0,1,1,1,1,0.5,1201.08,896.7548699,-213.19375,0,0.7071068,0,0.7071068;
custom,cuboid,tower5mat,0.01875,0.000375,0.00975,0,1,1,1,1,0.5,1201.0725,896.7548699,-213.26875,0,0.7071068,0,0.7071068;

custom,cuboid,wood1,0.012,0.0015,0.03,1,0.4,0.24,0,0.5,0.4,1201.0725,896.8598699,-213.26875,0,1,0,0;
custom,cylinder,default,0.0003,0.00675,0.0003,1,0,0,0,0.5,0.4,1201.0725,896.8898699,-213.40375,0.5,0.8660254,0,0;
custom,cylinder,default,0.0003,0.00675,0.0003,1,0,0,0,0.5,0.4,1201.0725,896.8898699,-213.13375,0.5,0.8660254,0,0;
custom,capsule,tower5mat,0.00375,0.00075,0.0075,0,1,1,1,1,0.5,1201.08,896.8673699,-213.19375,0,0.7071068,0,0.7071068;
custom,cuboid,tower5mat,0.01875,0.000375,0.00975,0,1,1,1,1,0.5,1201.0725,896.8673699,-213.26875,0,0.7071068,0,0.7071068;

custom,cuboid,wood1,0.012,0.0015,0.03,1,0.4,0.24,0,0.5,0.4,1201.0725,896.9723699,-213.26875,0,1,0,0;
custom,cylinder,default,0.0003,0.00675,0.0003,1,0,0,0,0.5,0.4,1201.0725,897.0023699,-213.40375,0.5,0.8660254,0,0;
custom,cylinder,default,0.0003,0.00675,0.0003,1,0,0,0,0.5,0.4,1201.0725,897.0023699,-213.13375,0.5,0.8660254,0,0;
custom,capsule,tower5mat,0.00375,0.00075,0.0075,0,1,1,1,1,0.5,1201.08,896.9798699,-213.19375,0,0.7071068,0,0.7071068;
custom,cuboid,tower5mat,0.01875,0.000375,0.00975,0,1,1,1,1,0.5,1201.0725,896.9798699,-213.26875,0,0.7071068,0,0.7071068;

custom,cuboid,wood1,0.012,0.0015,0.03,1,0.4,0.24,0,0.5,0.4,1201.0725,897.0848699,-213.26875,0,1,0,0;
custom,cylinder,default,0.0003,0.00675,0.0003,1,0,0,0,0.5,0.4,1201.0725,897.1148699,-213.40375,0.5,0.8660254,0,0;
custom,cylinder,default,0.0003,0.00675,0.0003,1,0,0,0,0.5,0.4,1201.0725,897.1148699,-213.13375,0.5,0.8660254,0,0;
custom,capsule,tower5mat,0.00375,0.00075,0.0075,0,1,1,1,1,0.5,1201.08,897.0923699,-213.19375,0,0.7071068,0,0.7071068;
custom,cuboid,tower5mat,0.01875,0.000375,0.00975,0,1,1,1,1,0.5,1201.0725,897.0923699,-213.26875,0,0.7071068,0,0.7071068;



custom,cuboid,wood1,-0.012,-0.0015,-0.03,1,0.4,0.24,0,0.5,0.4,1200.1275,896.7473699,-213.26875,-1,0,0,0;
custom,cylinder,default,-0.0003,-0.00675,-0.0003,1,0,0,0,0.5,0.4,1200.1275,896.7773699,-213.13375,-0.8660254,-0.5,0,0;
custom,cylinder,default,-0.0003,-0.00675,-0.0003,1,0,0,0,0.5,0.4,1200.1275,896.7773699,-213.40375,-0.8660254,-0.5,0,0;
custom,capsule,tower5mat,-0.00375,-0.00075,-0.0075,0,1,1,1,1,0.5,1200.135,896.7548699,-213.19375,0,0.7071068,0,-0.7071068;
custom,cuboid,tower5mat,-0.01875,-0.000375,-0.00975,0,1,1,1,1,0.5,1200.1275,896.7548699,-213.26875,0,0.7071068,0,-0.7071068;

custom,cuboid,wood1,-0.012,-0.0015,-0.03,1,0.4,0.24,0,0.5,0.4,1200.1275,896.8598699,-213.26875,-1,0,0,0;
custom,cylinder,default,-0.0003,-0.00675,-0.0003,1,0,0,0,0.5,0.4,1200.1275,896.8898699,-213.13375,-0.8660254,-0.5,0,0;
custom,cylinder,default,-0.0003,-0.00675,-0.0003,1,0,0,0,0.5,0.4,1200.1275,896.8898699,-213.40375,-0.8660254,-0.5,0,0;
custom,capsule,tower5mat,-0.00375,-0.00075,-0.0075,0,1,1,1,1,0.5,1200.135,896.8673699,-213.19375,0,0.7071068,0,-0.7071068;
custom,cuboid,tower5mat,-0.01875,-0.000375,-0.00975,0,1,1,1,1,0.5,1200.1275,896.8673699,-213.26875,0,0.7071068,0,-0.7071068;

custom,cuboid,wood1,-0.012,-0.0015,-0.03,1,0.4,0.24,0,0.5,0.4,1200.1275,896.9723699,-213.26875,-1,0,0,0;
custom,cylinder,default,-0.0003,-0.00675,-0.0003,1,0,0,0,0.5,0.4,1200.1275,897.0023699,-213.13375,-0.8660254,-0.5,0,0;
custom,cylinder,default,-0.0003,-0.00675,-0.0003,1,0,0,0,0.5,0.4,1200.1275,897.0023699,-213.40375,-0.8660254,-0.5,0,0;
custom,capsule,tower5mat,-0.00375,-0.00075,-0.0075,0,1,1,1,1,0.5,1200.135,896.9798699,-213.19375,0,0.7071068,0,-0.7071068;
custom,cuboid,tower5mat,-0.01875,-0.000375,-0.00975,0,1,1,1,1,0.5,1200.1275,896.9798699,-213.26875,0,0.7071068,0,-0.7071068;

custom,cuboid,wood1,-0.012,-0.0015,-0.03,1,0.4,0.24,0,0.5,0.4,1200.1275,897.0848699,-213.26875,-1,0,0,0;
custom,cylinder,default,-0.0003,-0.00675,-0.0003,1,0,0,0,0.5,0.4,1200.1275,897.1148699,-213.13375,-0.8660254,-0.5,0,0;
custom,cylinder,default,-0.0003,-0.00675,-0.0003,1,0,0,0,0.5,0.4,1200.1275,897.1148699,-213.40375,-0.8660254,-0.5,0,0;
custom,capsule,tower5mat,-0.00375,-0.00075,-0.0075,0,1,1,1,1,0.5,1200.135,897.0923699,-213.19375,0,0.7071068,0,-0.7071068;
custom,cuboid,tower5mat,-0.01875,-0.000375,-0.00975,0,1,1,1,1,0.5,1200.1275,897.0923699,-213.26875,0,0.7071068,0,-0.7071068;



custom,cylinder,wood1,-0.0003,0.0255,-0.0003,0,0,0,0,0.002,0.1,1201.0823465,896.8971852,-213.45625,0.055479,0.704927,-0.055479,0.704927;
custom,cylinder,wood1,-0.0003,0.0255,-0.0003,0,0,0,0,0.002,0.1,1201.0823465,896.8971852,-213.49375,0.055479,0.704927,-0.055479,0.704927;

custom,cylinder,wood1,-0.0003,0.0018,-0.0003,0,0,0,0,0.002,0.1,1201.0823465,896.8971852,-213.475,-0.4592291,0.5376882,-0.5376882,0.4592291;
custom,cylinder,wood1,-0.0003,0.0018,-0.0003,0,0,0,0,0.002,0.1,1201.0776535,896.8675546,-213.475,-0.4592291,0.5376882,-0.5376882,0.4592291;
custom,cylinder,wood1,-0.0003,0.0018,-0.0003,0,0,0,0,0.002,0.1,1201.0729604,896.8379239,-213.475,-0.4592291,0.5376882,-0.5376882,0.4592291;
custom,cylinder,wood1,-0.0003,0.0018,-0.0003,0,0,0,0,0.002,0.1,1201.0682674,896.8082933,-213.475,-0.4592291,0.5376882,-0.5376882,0.4592291;
custom,cylinder,wood1,-0.0003,0.0018,-0.0003,0,0,0,0,0.002,0.1,1201.0635744,896.7786627,-213.475,-0.4592291,0.5376882,-0.5376882,0.4592291;
custom,cylinder,wood1,-0.0003,0.0018,-0.0003,0,0,0,0,0.002,0.1,1201.0588813,896.749032,-213.475,-0.4592291,0.5376882,-0.5376882,0.4592291;
custom,cylinder,wood1,-0.0003,0.0018,-0.0003,0,0,0,0,0.002,0.1,1201.0541883,896.7194013,-213.475,-0.4592291,0.5376882,-0.5376882,0.4592291;
custom,cylinder,wood1,-0.0003,0.0018,-0.0003,0,0,0,0,0.002,0.1,1201.0494953,896.6897707,-213.475,-0.4592291,0.5376882,-0.5376882,0.4592291;
custom,cylinder,wood1,-0.0003,0.0018,-0.0003,0,0,0,0,0.002,0.1,1201.0448023,896.66014,-213.475,-0.4592291,0.5376882,-0.5376882,0.4592291;

custom,cylinder,wood1,-0.0003,0.0018,-0.0003,0,0,0,0,0.002,0.1,1201.0870396,896.9268159,-213.475,-0.4592291,0.5376882,-0.5376882,0.4592291;
custom,cylinder,wood1,-0.0003,0.0018,-0.0003,0,0,0,0,0.002,0.1,1201.0917326,896.9564466,-213.475,-0.4592291,0.5376882,-0.5376882,0.4592291;
custom,cylinder,wood1,-0.0003,0.0018,-0.0003,0,0,0,0,0.002,0.1,1201.0964256,896.9860772,-213.475,-0.4592291,0.5376882,-0.5376882,0.4592291;
custom,cylinder,wood1,-0.0003,0.0018,-0.0003,0,0,0,0,0.002,0.1,1201.1011187,897.0157078,-213.475,-0.4592291,0.5376882,-0.5376882,0.4592291;
custom,cylinder,wood1,-0.0003,0.0018,-0.0003,0,0,0,0,0.002,0.1,1201.1058117,897.0453385,-213.475,-0.4592291,0.5376882,-0.5376882,0.4592291;
custom,cylinder,wood1,-0.0003,0.0018,-0.0003,0,0,0,0,0.002,0.1,1201.1105047,897.0749691,-213.475,-0.4592291,0.5376882,-0.5376882,0.4592291;
custom,cylinder,wood1,-0.0003,0.0018,-0.0003,0,0,0,0,0.002,0.1,1201.1151977,897.1045998,-213.475,-0.4592291,0.5376882,-0.5376882,0.4592291;
custom,cylinder,wood1,-0.0003,0.0018,-0.0003,0,0,0,0,0.002,0.1,1201.1198908,897.1342305,-213.475,-0.4592291,0.5376882,-0.5376882,0.4592291;


custom,cylinder,wood1,-0.0003,0.0255,-0.0003,0,0,0,0,0.002,0.1,1200.1163465,896.8971852,-213.45625,-0.055479,0.704927,0.055479,0.704927;
custom,cylinder,wood1,-0.0003,0.0255,-0.0003,0,0,0,0,0.002,0.1,1200.1163465,896.8971852,-213.49375,-0.055479,0.704927,0.055479,0.704927;

custom,cylinder,wood1,-0.0003,0.0018,-0.0003,0,0,0,0,0.002,0.1,1200.1163465,896.8971852,-213.475,-0.5376882,0.4592292,-0.4592292,0.5376882;
custom,cylinder,wood1,-0.0003,0.0018,-0.0003,0,0,0,0,0.002,0.1,1200.1210396,896.8675546,-213.475,-0.5376882,0.4592292,-0.4592292,0.5376882;
custom,cylinder,wood1,-0.0003,0.0018,-0.0003,0,0,0,0,0.002,0.1,1200.1257326,896.8379239,-213.475,-0.5376882,0.4592292,-0.4592292,0.5376882;
custom,cylinder,wood1,-0.0003,0.0018,-0.0003,0,0,0,0,0.002,0.1,1200.1304256,896.8082933,-213.475,-0.5376882,0.4592292,-0.4592292,0.5376882;
custom,cylinder,wood1,-0.0003,0.0018,-0.0003,0,0,0,0,0.002,0.1,1200.1351186,896.7786627,-213.475,-0.5376882,0.4592292,-0.4592292,0.5376882;
custom,cylinder,wood1,-0.0003,0.0018,-0.0003,0,0,0,0,0.002,0.1,1200.1398117,896.749032,-213.475,-0.5376882,0.4592292,-0.4592292,0.5376882;
custom,cylinder,wood1,-0.0003,0.0018,-0.0003,0,0,0,0,0.002,0.1,1200.1445047,896.7194013,-213.475,-0.5376882,0.4592292,-0.4592292,0.5376882;
custom,cylinder,wood1,-0.0003,0.0018,-0.0003,0,0,0,0,0.002,0.1,1200.1491977,896.6897707,-213.475,-0.5376882,0.4592292,-0.4592292,0.5376882;
custom,cylinder,wood1,-0.0003,0.0018,-0.0003,0,0,0,0,0.002,0.1,1200.1538908,896.66014,-213.475,-0.5376882,0.4592292,-0.4592292,0.5376882;

custom,cylinder,wood1,-0.0003,0.0018,-0.0003,0,0,0,0,0.002,0.1,1200.1116535,896.9268159,-213.475,-0.5376882,0.4592292,-0.4592292,0.5376882;
custom,cylinder,wood1,-0.0003,0.0018,-0.0003,0,0,0,0,0.002,0.1,1200.1069604,896.9564466,-213.475,-0.5376882,0.4592292,-0.4592292,0.5376882;
custom,cylinder,wood1,-0.0003,0.0018,-0.0003,0,0,0,0,0.002,0.1,1200.1022674,896.9860772,-213.475,-0.5376882,0.4592292,-0.4592292,0.5376882;
custom,cylinder,wood1,-0.0003,0.0018,-0.0003,0,0,0,0,0.002,0.1,1200.0975744,897.0157078,-213.475,-0.5376882,0.4592292,-0.4592292,0.5376882;
custom,cylinder,wood1,-0.0003,0.0018,-0.0003,0,0,0,0,0.002,0.1,1200.0928814,897.0453385,-213.475,-0.5376882,0.4592292,-0.4592292,0.5376882;
custom,cylinder,wood1,-0.0003,0.0018,-0.0003,0,0,0,0,0.002,0.1,1200.0881883,897.0749691,-213.475,-0.5376882,0.4592292,-0.4592292,0.5376882;
custom,cylinder,wood1,-0.0003,0.0018,-0.0003,0,0,0,0,0.002,0.1,1200.0834953,897.1045998,-213.475,-0.5376882,0.4592292,-0.4592292,0.5376882;
custom,cylinder,wood1,-0.0003,0.0018,-0.0003,0,0,0,0,0.002,0.1,1200.0788023,897.1342305,-213.475,-0.5376882,0.4592292,-0.4592292,0.5376882;


custom,boulder1,rock3,0.375,0.15,0.12,0,1,1,1,2.5,1,1200.6,896.6873699,-210.71875,0,1,0,0;
custom,boulder1,rock3,0.375,0.15,0.12,0,1,1,1,2,2,1202.85,896.6873699,-210.71875,0,1,0,0;
custom,boulder1,rock3,0.375,0.15,0.12,0,1,1,1,2,2,1205.1,896.6873699,-210.71875,0,1,0,0;
custom,boulder1,rock3,0.375,0.15,0.12,0,1,1,1,2,2,1207.35,896.6873699,-210.71875,0,1,0,0;

custom,boulder1,ice1,0.375,0.075,0.12,0,1,1,1,2.5,1,1200.6,897.7223699,-210.71875,0,1,0,0;
custom,boulder1,ice1,0.375,0.075,0.12,0,1,1,1,2,2,1202.85,897.7223699,-210.71875,0,1,0,0;
custom,boulder1,ice1,0.375,0.075,0.12,0,1,1,1,2,2,1205.1,897.7223699,-210.71875,0,1,0,0;
custom,boulder1,ice1,0.375,0.075,0.12,0,1,1,1,2,2,1207.35,897.7223699,-210.71875,0,1,0,0;

custom,boulder1,rock3,0.375,0.15,0.12,0,1,1,1,2,2,1198.35,896.6873699,-210.71875,0,1,0,0;
custom,boulder1,rock3,0.375,0.15,0.12,0,1,1,1,2,2,1196.1,896.6873699,-210.71875,0,1,0,0;
custom,boulder1,rock3,0.375,0.15,0.12,0,1,1,1,2,2,1193.85,896.6873699,-210.71875,0,1,0,0;

custom,boulder1,ice1,0.375,0.075,0.12,0,1,1,1,2,2,1198.35,897.7223699,-210.71875,0,1,0,0;
custom,boulder1,ice1,0.375,0.075,0.12,0,1,1,1,2,2,1196.1,897.7223699,-210.71875,0,1,0,0;
custom,boulder1,ice1,0.375,0.075,0.12,0,1,1,1,2,2,1193.85,897.7223699,-210.71875,0,1,0,0;

custom,boulder1,rock3,0.375,0.15,0.12,0,1,1,1,2,2,1190.1,896.6873699,-211.46875,0,0.7071068,0,0.7071068;
custom,boulder1,rock3,0.375,0.15,0.12,0,1,1,1,2,2,1190.1,896.6873699,-214.46875,0,0.7071068,0,0.7071068;
custom,boulder1,rock3,0.375,0.15,0.12,0,1,1,1,2,2,1190.1,896.6873699,-217.46875,0,0.7071068,0,0.7071068;
custom,boulder1,rock3,0.375,0.15,0.12,0,1,1,1,2,2,1190.1,896.6873699,-220.46875,0,0.7071068,0,0.7071068;

custom,boulder1,ice1,0.375,0.075,0.12,0,1,1,1,2,2,1190.1,897.7223699,-211.46875,0,0.7071068,0,0.7071068;
custom,boulder1,ice1,0.375,0.075,0.12,0,1,1,1,2,2,1190.1,897.7223699,-214.46875,0,0.7071068,0,0.7071068;
custom,boulder1,ice1,0.375,0.075,0.12,0,1,1,1,2,2,1190.1,897.7223699,-217.46875,0,0.7071068,0,0.7071068;
custom,boulder1,ice1,0.375,0.075,0.12,0,1,1,1,2,2,1190.1,897.7223699,-220.46875,0,0.7071068,0,0.7071068;

custom,boulder1,rock3,0.375,0.15,0.12,0,1,1,1,2,2,1211.1,896.6873699,-211.46875,0,0.7071068,0,0.7071068;
custom,boulder1,rock3,0.375,0.15,0.12,0,1,1,1,2,2,1211.1,896.6873699,-214.46875,0,0.7071068,0,0.7071068;
custom,boulder1,rock3,0.375,0.15,0.12,0,1,1,1,2,2,1211.1,896.6873699,-217.46875,0,0.7071068,0,0.7071068;
custom,boulder1,rock3,0.375,0.15,0.12,0,1,1,1,2,2,1211.1,896.6873699,-220.46875,0,0.7071068,0,0.7071068;

custom,boulder1,ice1,0.375,0.075,0.12,0,1,1,1,2,2,1211.1,897.7223699,-211.46875,0,0.7071068,0,0.7071068;
custom,boulder1,ice1,0.375,0.075,0.12,0,1,1,1,2,2,1211.1,897.7223699,-214.46875,0,0.7071068,0,0.7071068;
custom,boulder1,ice1,0.375,0.075,0.12,0,1,1,1,2,2,1211.1,897.7223699,-217.46875,0,0.7071068,0,0.7071068;
custom,boulder1,ice1,0.375,0.075,0.12,0,1,1,1,2,2,1211.1,897.7223699,-220.46875,0,0.7071068,0,0.7071068;

custom,boulder1,rock3,0.375,0.15,0.12,0,1,1,1,2,2,1211.1,896.6873699,-223.46875,0,0.7071068,0,0.7071068;
custom,boulder1,ice1,0.375,0.075,0.12,0,1,1,1,2,2,1211.1,897.7223699,-223.46875,0,0.7071068,0,0.7071068;
custom,boulder1,rock3,0.375,0.15,0.12,0,1,1,1,2,2,1211.1,896.6873699,-226.46875,0,0.7071068,0,0.7071068;
custom,boulder1,ice1,0.375,0.075,0.12,0,1,1,1,2,2,1211.1,897.7223699,-226.46875,0,0.7071068,0,0.7071068;

custom,boulder1,rock3,0.375,0.15,0.12,0,1,1,1,2,2,1190.1,896.6873699,-223.46875,0,0.7071068,0,0.7071068;
custom,boulder1,ice1,0.375,0.075,0.12,0,1,1,1,2,2,1190.1,897.7223699,-223.46875,0,0.7071068,0,0.7071068;
custom,boulder1,rock3,0.375,0.15,0.12,0,1,1,1,2,2,1190.1,896.6873699,-226.46875,0,0.7071068,0,0.7071068;
custom,boulder1,ice1,0.375,0.075,0.12,0,1,1,1,2,2,1190.1,897.7223699,-226.46875,0,0.7071068,0,0.7071068;

custom,boulder1,rock3,0.075,0.15,0.0303,0,1,1,1,0.5,1,1201.875,896.6873699,-222.71875,0,0.3826834,0,0.9238795;
custom,boulder1,ice1,0.06825,0.1365,0.0282,0,1,1,1,0.5,1,1201.875,896.9723699,-222.71875,0,0.3826834,0,0.9238795;

custom,boulder1,rock3,0.075,0.15,0.0303,0,1,1,1,0.5,1,1202.1,896.6873699,-223.46875,0,0.7071068,0,0.7071068;
custom,boulder1,ice1,0.06825,0.1365,0.0282,0,1,1,1,0.5,1,1202.1,896.9723699,-223.46875,0,0.7071068,0,0.7071068;
custom,boulder1,ice1,0.06825,0.0765,0.018,0,1,1,1,0.5,1,1202.1,897.7223699,-224.21875,0,0.7071068,0,0.7071068;
custom,boulder1,rock3,0.075,0.15,0.0303,0,1,1,1,0.5,1,1202.1,896.6873699,-224.96875,0,0.7071068,0,0.7071068;
custom,boulder1,ice1,0.06825,0.1365,0.0282,0,1,1,1,0.5,1,1202.1,896.9723699,-224.96875,0,0.7071068,0,0.7071068;
custom,boulder1,ice1,0.06825,0.0765,0.018,0,1,1,1,0.5,1,1202.1,897.7223699,-225.71875,0,0.7071068,0,0.7071068;

custom,boulder1,rock3,0.075,0.15,0.0303,0,1,1,1,0.5,1,1202.1,896.6873699,-226.46875,0,0.7071068,0,0.7071068;
custom,boulder1,ice1,0.06825,0.1365,0.0282,0,1,1,1,0.5,1,1202.1,896.9723699,-226.46875,0,0.7071068,0,0.7071068;
custom,boulder1,ice1,0.06825,0.0765,0.018,0,1,1,1,0.5,1,1202.1,897.7223699,-227.21875,0,0.7071068,0,0.7071068;
custom,boulder1,rock3,0.075,0.15,0.0303,0,1,1,1,0.5,1,1202.1,896.6873699,-227.96875,0,0.7071068,0,0.7071068;
custom,boulder1,ice1,0.06825,0.1365,0.0282,0,1,1,1,0.5,1,1202.1,896.9723699,-227.96875,0,0.7071068,0,0.7071068;


custom,boulder1,rock3,0.075,0.15,0.0303,0,1,1,1,0.5,1,1199.4,896.6873699,-222.71875,0,0.9238795,0,0.3826834;
custom,boulder1,ice1,0.06825,0.1365,0.0282,0,1,1,1,0.5,1,1199.4,896.9723699,-222.71875,0,0.9238795,0,0.3826834;

custom,boulder1,rock3,0.075,0.15,0.0303,0,1,1,1,0.5,1,1199.1,896.6873699,-223.46875,0,0.7071068,0,0.7071068;
custom,boulder1,ice1,0.06825,0.1365,0.0282,0,1,1,1,0.5,1,1199.1,896.9723699,-223.46875,0,0.7071068,0,0.7071068;
custom,boulder1,ice1,0.06825,0.0765,0.018,0,1,1,1,0.5,1,1199.1,897.7223699,-224.21875,0,0.7071068,0,0.7071068;
custom,boulder1,rock3,0.075,0.15,0.0303,0,1,1,1,0.5,1,1199.1,896.6873699,-224.96875,0,0.7071068,0,0.7071068;
custom,boulder1,ice1,0.06825,0.1365,0.0282,0,1,1,1,0.5,1,1199.1,896.9723699,-224.96875,0,0.7071068,0,0.7071068;
custom,boulder1,ice1,0.06825,0.0765,0.018,0,1,1,1,0.5,1,1199.1,897.7223699,-225.71875,0,0.7071068,0,0.7071068;

custom,boulder1,rock3,0.075,0.15,0.0303,0,1,1,1,0.5,1,1199.1,896.6873699,-226.46875,0,0.7071068,0,0.7071068;
custom,boulder1,ice1,0.06825,0.1365,0.0282,0,1,1,1,0.5,1,1199.1,896.9723699,-226.46875,0,0.7071068,0,0.7071068;
custom,boulder1,ice1,0.06825,0.0765,0.018,0,1,1,1,0.5,1,1199.1,897.7223699,-227.21875,0,0.7071068,0,0.7071068;
custom,boulder1,rock3,0.075,0.15,0.0303,0,1,1,1,0.5,1,1199.1,896.6873699,-227.96875,0,0.7071068,0,0.7071068;
custom,boulder1,ice1,0.06825,0.1365,0.0282,0,1,1,1,0.5,1,1199.1,896.9723699,-227.96875,0,0.7071068,0,0.7071068;

custom,boulder1,default,0.21375,0.0075,0.21375,0,1,1,1,1,1,1206.3,896.2223699,-218.96875,0,0.7071068,0,0.7071068;
custom,boulder1,crystal2,0.21,0.009,0.21,0,1,1,1,0.01,0.01,1206.3,896.2223699,-218.96875,0,0.7071068,0,0.7071068;

//2p;

custom,boulder1,rock3,0.41625,0.45,0.24,0,0,0,0,1,1,1215.2699985,896.9723699,-247.6495643,0,0.6087614,0,-0.7933533;
custom,boulder1,rock3,0.41625,0.45,0.24,0,0,0,0,1,1,1213.7527608,896.9723699,-251.3125,0,0.5,0,-0.8660254;
custom,boulder1,rock3,0.41625,0.45,0.24,0,0,0,0,1,1,1211.3391842,896.9723699,-254.4579342,0,0.3826834,0,-0.9238795;
custom,boulder1,rock3,0.41625,0.45,0.24,0,0,0,0,1,1,1208.19375,896.9723699,-256.8715108,0,0.258819,0,-0.9659258;
custom,boulder1,rock3,0.41625,0.45,0.24,0,0,0,0,1,1,1204.5308143,896.9723699,-258.3887485,0,0.1305262,0,-0.9914449;
custom,boulder1,rock3,0.41625,0.45,0.24,0,0,0,0,1,1,1200.6,896.9723699,-258.90625,0,0,0,-1;
custom,boulder1,rock3,0.41625,0.45,0.24,0,0,0,0,1,1,1196.6691857,896.9723699,-258.3887485,0,-0.1305262,0,-0.9914449;
custom,boulder1,rock3,0.41625,0.45,0.24,0,0,0,0,1,1,1193.00625,896.9723699,-256.8715108,0,-0.258819,0,-0.9659258;
custom,boulder1,rock3,0.41625,0.45,0.24,0,0,0,0,1,1,1189.8608158,896.9723699,-254.4579342,0,-0.3826834,0,-0.9238795;
custom,boulder1,rock3,0.41625,0.45,0.24,0,0,0,0,1,1,1187.4472392,896.9723699,-251.3125,0,-0.5,0,-0.8660254;
custom,boulder1,rock3,0.41625,0.45,0.24,0,0,0,0,1,1,1185.9300015,896.9723699,-247.6495643,0,-0.6087614,0,-0.7933533;
custom,boulder1,rock3,0.41625,0.45,0.24,0,0,0,0,1,1,1185.9300015,896.9723699,-243.5379357,0,0.7071068,0,0.7071068;
custom,boulder1,rock3,0.41625,0.45,0.24,0,0,0,0,1,1,1185.9300015,896.9723699,-239.7879357,0,0.7933533,0,0.6087614;
custom,boulder1,rock3,0.41625,0.45,0.24,0,0,0,0,1,1,1187.4472392,896.9723699,-236.125,0,0.8660254,0,0.5;
custom,boulder1,rock3,0.41625,0.45,0.24,0,0,0,0,1,1,1189.8608158,896.9723699,-232.9795658,0,0.9238795,0,0.3826834;
custom,boulder1,rock3,0.41625,0.45,0.24,0,0,0,0,1,1,1193.00625,896.9723699,-230.5659892,0,0.9659258,0,0.258819;
custom,boulder1,rock3,0.41625,0.45,0.24,0,0,0,0,1,1,1193.3691857,896.9723699,-229.0487515,0,0.9914449,0,0.1305262;
custom,boulder1,rock3,0.41625,0.45,0.24,0,0,0,0,1,1,1215.2699985,896.9723699,-243.5379357,0,0.7071068,0,0.7071068;
custom,boulder1,rock3,0.41625,0.45,0.24,0,0,0,0,1,1,1207.3808143,896.9723699,-229.0487515,0,0.9914449,0,-0.1305262;
custom,boulder1,rock3,0.41625,0.45,0.24,0,0,0,0,1,1,1208.19375,896.9723699,-230.5659892,0,0.9659258,0,-0.258819;
custom,boulder1,rock3,0.41625,0.45,0.24,0,0,0,0,1,1,1211.3391842,896.9723699,-232.9795658,0,0.9238795,0,-0.3826834;
custom,boulder1,rock3,0.41625,0.45,0.24,0,0,0,0,1,1,1213.7527608,896.9723699,-236.125,0,0.8660254,0,-0.5;
custom,boulder1,rock3,0.41625,0.45,0.24,0,0,0,0,1,1,1215.2699985,896.9723699,-239.7879357,0,0.7933533,0,-0.6087614;
custom,boulder1,rock3,0.53625,0.15,0.075,0,0,0,0,1,1,1200.6,902.2223699,-230.25625,0,0,0,-1;
custom,boulder1,rock3,0.53625,0.15,0.075,0,0,0,0,1,1,1200.6,900.7223699,-228.75625,0,0,0,-1;

custom,boulder1,rock3,0.3121875,0.3375,0.18,0,0,0,0,1,1,1211.6024989,904.4723699,-246.7315484,0,0.6087614,0,-0.7933533;
custom,boulder1,rock3,0.3121875,0.3375,0.18,0,0,0,0,1,1,1210.4645706,904.4723699,-249.4787502,0,0.5,0,-0.8660254;
custom,boulder1,rock3,0.3121875,0.3375,0.18,0,0,0,0,1,1,1208.6543882,904.4723699,-251.8378259,0,0.3826834,0,-0.9238795;
custom,boulder1,rock3,0.3121875,0.3375,0.18,0,0,0,0,1,1,1206.2953125,904.4723699,-253.6480083,0,0.258819,0,-0.9659258;
custom,boulder1,rock3,0.3121875,0.3375,0.18,0,0,0,0,1,1,1203.5481107,904.4723699,-254.7859365,0,0.1305262,0,-0.9914449;
custom,boulder1,rock3,0.3121875,0.3375,0.18,0,0,0,0,1,1,1200.6,904.4723699,-255.1740627,0,0,0,-1;
custom,boulder1,rock3,0.3121875,0.3375,0.18,0,0,0,0,1,1,1197.6518893,904.4723699,-254.7859365,0,-0.1305262,0,-0.9914449;
custom,boulder1,rock3,0.3121875,0.3375,0.18,0,0,0,0,1,1,1194.9046875,904.4723699,-253.6480083,0,-0.258819,0,-0.9659258;
custom,boulder1,rock3,0.3121875,0.3375,0.18,0,0,0,0,1,1,1192.5456118,904.4723699,-251.8378259,0,-0.3826834,0,-0.9238795;
custom,boulder1,rock3,0.3121875,0.3375,0.18,0,0,0,0,1,1,1190.7354294,904.4723699,-249.4787502,0,-0.5,0,-0.8660254;
custom,boulder1,rock3,0.3121875,0.3375,0.18,0,0,0,0,1,1,1189.5975011,904.4723699,-246.7315484,0,-0.6087614,0,-0.7933533;
custom,boulder1,rock3,0.3121875,0.3375,0.18,0,0,0,0,1,1,1189.5975011,904.4723699,-243.647827,0,0.7071068,0,0.7071068;
custom,boulder1,rock3,0.3121875,0.3375,0.18,0,0,0,0,1,1,1189.5975011,904.4723699,-240.835327,0,0.7933533,0,0.6087614;
custom,boulder1,rock3,0.3121875,0.3375,0.18,0,0,0,0,1,1,1190.7354294,904.4723699,-238.0881252,0,0.8660254,0,0.5;
custom,boulder1,rock3,0.3121875,0.3375,0.18,0,0,0,0,1,1,1192.5456118,904.4723699,-235.7290495,0,0.9238795,0,0.3826834;
custom,boulder1,rock3,0.3121875,0.3375,0.18,0,0,0,0,1,1,1194.9046875,904.4723699,-233.9188671,0,0.9659258,0,0.258819;
custom,boulder1,rock3,0.3121875,0.3375,0.18,0,0,0,0,1,1,1195.1768893,904.4723699,-232.7809388,0,0.9914449,0,0.1305262;
custom,boulder1,rock3,0.3121875,0.3375,0.18,0,0,0,0,1,1,1211.6024989,904.4723699,-243.647827,0,0.7071068,0,0.7071068;
custom,boulder1,rock3,0.3121875,0.3375,0.18,0,0,0,0,1,1,1205.6856107,904.4723699,-232.7809388,0,0.9914449,0,-0.1305262;
custom,boulder1,rock3,0.3121875,0.3375,0.18,0,0,0,0,1,1,1206.2953125,904.4723699,-233.9188671,0,0.9659258,0,-0.258819;
custom,boulder1,rock3,0.3121875,0.3375,0.18,0,0,0,0,1,1,1208.6543882,904.4723699,-235.7290495,0,0.9238795,0,-0.3826834;
custom,boulder1,rock3,0.3121875,0.3375,0.18,0,0,0,0,1,1,1210.4645706,904.4723699,-238.0881252,0,0.8660254,0,-0.5;
custom,boulder1,rock3,0.3121875,0.3375,0.18,0,0,0,0,1,1,1211.6024989,904.4723699,-240.835327,0,0.7933533,0,-0.6087614;
custom,boulder1,rock3,0.3121875,0.3375,0.18,0,0,0,0,1,1,1200.6,904.4723699,-232.6740627,0,0,0,-1;


custom,boulder1,rock3,0.3121875,0.3375,0.18,0,0,0,0,1,1,1211.6024989,903.7223699,-246.7315484,0,0.6087614,0,-0.7933533;
custom,boulder1,rock3,0.3121875,0.3375,0.18,0,0,0,0,1,1,1210.4645706,903.7223699,-249.4787502,0,0.5,0,-0.8660254;
custom,boulder1,rock3,0.3121875,0.3375,0.18,0,0,0,0,1,1,1208.6543882,903.7223699,-251.8378259,0,0.3826834,0,-0.9238795;
custom,boulder1,rock3,0.3121875,0.3375,0.18,0,0,0,0,1,1,1206.2953125,903.7223699,-253.6480083,0,0.258819,0,-0.9659258;
custom,boulder1,rock3,0.3121875,0.3375,0.18,0,0,0,0,1,1,1203.5481107,903.7223699,-254.7859365,0,0.1305262,0,-0.9914449;
custom,boulder1,rock3,0.3121875,0.3375,0.18,0,0,0,0,1,1,1200.6,903.7223699,-255.1740627,0,0,0,-1;
custom,boulder1,rock3,0.3121875,0.3375,0.18,0,0,0,0,1,1,1197.6518893,903.7223699,-254.7859365,0,-0.1305262,0,-0.9914449;
custom,boulder1,rock3,0.3121875,0.3375,0.18,0,0,0,0,1,1,1194.9046875,903.7223699,-253.6480083,0,-0.258819,0,-0.9659258;
custom,boulder1,rock3,0.3121875,0.3375,0.18,0,0,0,0,1,1,1192.5456118,903.7223699,-251.8378259,0,-0.3826834,0,-0.9238795;
custom,boulder1,rock3,0.3121875,0.3375,0.18,0,0,0,0,1,1,1190.7354294,903.7223699,-249.4787502,0,-0.5,0,-0.8660254;
custom,boulder1,rock3,0.3121875,0.3375,0.18,0,0,0,0,1,1,1189.5975011,903.7223699,-246.7315484,0,-0.6087614,0,-0.7933533;
custom,boulder1,rock3,0.3121875,0.3375,0.18,0,0,0,0,1,1,1189.5975011,903.7223699,-243.647827,0,0.7071068,0,0.7071068;
custom,boulder1,rock3,0.3121875,0.3375,0.18,0,0,0,0,1,1,1189.5975011,903.7223699,-240.835327,0,0.7933533,0,0.6087614;
custom,boulder1,rock3,0.3121875,0.3375,0.18,0,0,0,0,1,1,1190.7354294,903.7223699,-238.0881252,0,0.8660254,0,0.5;
custom,boulder1,rock3,0.3121875,0.3375,0.18,0,0,0,0,1,1,1192.5456118,903.7223699,-235.7290495,0,0.9238795,0,0.3826834;
custom,boulder1,rock3,0.3121875,0.3375,0.18,0,0,0,0,1,1,1194.9046875,903.7223699,-233.9188671,0,0.9659258,0,0.258819;
custom,boulder1,rock3,0.3121875,0.3375,0.18,0,0,0,0,1,1,1195.1768893,903.7223699,-232.7809388,0,0.9914449,0,0.1305262;
custom,boulder1,rock3,0.3121875,0.3375,0.18,0,0,0,0,1,1,1211.6024989,903.7223699,-243.647827,0,0.7071068,0,0.7071068;
custom,boulder1,rock3,0.3121875,0.3375,0.18,0,0,0,0,1,1,1205.6856107,903.7223699,-232.7809388,0,0.9914449,0,-0.1305262;
custom,boulder1,rock3,0.3121875,0.3375,0.18,0,0,0,0,1,1,1206.2953125,903.7223699,-233.9188671,0,0.9659258,0,-0.258819;
custom,boulder1,rock3,0.3121875,0.3375,0.18,0,0,0,0,1,1,1208.6543882,903.7223699,-235.7290495,0,0.9238795,0,-0.3826834;
custom,boulder1,rock3,0.3121875,0.3375,0.18,0,0,0,0,1,1,1210.4645706,903.7223699,-238.0881252,0,0.8660254,0,-0.5;
custom,boulder1,rock3,0.3121875,0.3375,0.18,0,0,0,0,1,1,1211.6024989,903.7223699,-240.835327,0,0.7933533,0,-0.6087614;
custom,boulder1,rock3,0.3121875,0.3375,0.18,0,0,0,0,1,1,1200.6,903.7223699,-232.6740627,0,0,0,-1;

custom,boulder1,rock3,0.2341406,0.253125,0.135,0,0,0,0,1,1,1208.8518742,909.7223699,-246.0296769,0,0.6087614,0,-0.7933533;
custom,boulder1,rock3,0.2341406,0.253125,0.135,0,0,0,0,1,1,1207.998428,909.7223699,-248.0900783,0,0.5,0,-0.8660254;
custom,boulder1,rock3,0.2341406,0.253125,0.135,0,0,0,0,1,1,1206.6407911,909.7223699,-249.8593851,0,0.3826834,0,-0.9238795;
custom,boulder1,rock3,0.2341406,0.253125,0.135,0,0,0,0,1,1,1204.8714844,909.7223699,-251.2170219,0,0.258819,0,-0.9659258;
custom,boulder1,rock3,0.2341406,0.253125,0.135,0,0,0,0,1,1,1202.811083,909.7223699,-252.0704681,0,0.1305262,0,-0.9914449;
custom,boulder1,rock3,0.2341406,0.253125,0.135,0,0,0,0,1,1,1200.6,909.7223699,-252.3615627,0,0,0,-1;
custom,boulder1,rock3,0.2341406,0.253125,0.135,0,0,0,0,1,1,1198.388917,909.7223699,-252.0704681,0,-0.1305262,0,-0.9914449;
custom,boulder1,rock3,0.2341406,0.253125,0.135,0,0,0,0,1,1,1196.3285156,909.7223699,-251.2170219,0,-0.258819,0,-0.9659258;
custom,boulder1,rock3,0.2341406,0.253125,0.135,0,0,0,0,1,1,1194.5592089,909.7223699,-249.8593851,0,-0.3826834,0,-0.9238795;
custom,boulder1,rock3,0.2341406,0.253125,0.135,0,0,0,0,1,1,1193.201572,909.7223699,-248.0900783,0,-0.5,0,-0.8660254;
custom,boulder1,rock3,0.2341406,0.253125,0.135,0,0,0,0,1,1,1192.3481258,909.7223699,-246.0296769,0,-0.6087614,0,-0.7933533;
custom,boulder1,rock3,0.2341406,0.253125,0.135,0,0,0,0,1,1,1192.3481258,909.7223699,-243.7168859,0,0.7071068,0,0.7071068;
custom,boulder1,rock3,0.2341406,0.253125,0.135,0,0,0,0,1,1,1192.3481258,909.7223699,-241.6075109,0,0.7933533,0,0.6087614;
custom,boulder1,rock3,0.2341406,0.253125,0.135,0,0,0,0,1,1,1193.201572,909.7223699,-239.5471096,0,0.8660254,0,0.5;
custom,boulder1,rock3,0.2341406,0.253125,0.135,0,0,0,0,1,1,1194.5592089,909.7223699,-237.7778028,0,0.9238795,0,0.3826834;
custom,boulder1,rock3,0.2341406,0.253125,0.135,0,0,0,0,1,1,1196.3285156,909.7223699,-236.420166,0,0.9659258,0,0.258819;
custom,boulder1,rock3,0.2341406,0.253125,0.135,0,0,0,0,1,1,1196.532667,909.7223699,-235.5667198,0,0.9914449,0,0.1305262;
custom,boulder1,rock3,0.2341406,0.253125,0.135,0,0,0,0,1,1,1208.8518742,909.7223699,-243.7168859,0,0.7071068,0,0.7071068;
custom,boulder1,rock3,0.2341406,0.253125,0.135,0,0,0,0,1,1,1204.414208,909.7223699,-235.5667198,0,0.9914449,0,-0.1305262;
custom,boulder1,rock3,0.2341406,0.253125,0.135,0,0,0,0,1,1,1204.8714844,909.7223699,-236.420166,0,0.9659258,0,-0.258819;
custom,boulder1,rock3,0.2341406,0.253125,0.135,0,0,0,0,1,1,1206.6407911,909.7223699,-237.7778028,0,0.9238795,0,-0.3826834;
custom,boulder1,rock3,0.2341406,0.253125,0.135,0,0,0,0,1,1,1207.998428,909.7223699,-239.5471096,0,0.8660254,0,-0.5;
custom,boulder1,rock3,0.2341406,0.253125,0.135,0,0,0,0,1,1,1208.8518742,909.7223699,-241.6075109,0,0.7933533,0,-0.6087614;
custom,boulder1,rock3,0.2341406,0.253125,0.135,0,0,0,0,1,1,1200.6,909.7223699,-235.4865627,0,0,0,-1;


custom,boulder1,rock3,0.1756055,0.1898438,0.10125,0,0,0,0,1,1,1206.7889056,913.4723699,-245.5032734,0,0.6087614,0,-0.7933533;
custom,boulder1,rock3,0.1756055,0.1898438,0.10125,0,0,0,0,1,1,1206.148821,913.4723699,-247.0485744,0,0.5,0,-0.8660254;
custom,boulder1,rock3,0.1756055,0.1898438,0.10125,0,0,0,0,1,1,1205.1305933,913.4723699,-248.3755545,0,0.3826834,0,-0.9238795;
custom,boulder1,rock3,0.1756055,0.1898438,0.10125,0,0,0,0,1,1,1203.8036133,913.4723699,-249.3937821,0,0.258819,0,-0.9659258;
custom,boulder1,rock3,0.1756055,0.1898438,0.10125,0,0,0,0,1,1,1202.2583122,913.4723699,-250.0338667,0,0.1305262,0,-0.9914449;
custom,boulder1,rock3,0.1756055,0.1898438,0.10125,0,0,0,0,1,1,1200.6,913.4723699,-250.2521877,0,0,0,-1;
custom,boulder1,rock3,0.1756055,0.1898438,0.10125,0,0,0,0,1,1,1198.9416878,913.4723699,-250.0338667,0,-0.1305262,0,-0.9914449;
custom,boulder1,rock3,0.1756055,0.1898438,0.10125,0,0,0,0,1,1,1197.3963867,913.4723699,-249.3937821,0,-0.258819,0,-0.9659258;
custom,boulder1,rock3,0.1756055,0.1898438,0.10125,0,0,0,0,1,1,1196.0694067,913.4723699,-248.3755545,0,-0.3826834,0,-0.9238795;
custom,boulder1,rock3,0.1756055,0.1898438,0.10125,0,0,0,0,1,1,1195.051179,913.4723699,-247.0485744,0,-0.5,0,-0.8660254;
custom,boulder1,rock3,0.1756055,0.1898438,0.10125,0,0,0,0,1,1,1194.4110944,913.4723699,-245.5032734,0,-0.6087614,0,-0.7933533;
custom,boulder1,rock3,0.1756055,0.1898438,0.10125,0,0,0,0,1,1,1194.4110944,913.4723699,-243.7686801,0,0.7071068,0,0.7071068;
custom,boulder1,rock3,0.1756055,0.1898438,0.10125,0,0,0,0,1,1,1194.4110944,913.4723699,-242.1866489,0,0.7933533,0,0.6087614;
custom,boulder1,rock3,0.1756055,0.1898438,0.10125,0,0,0,0,1,1,1195.051179,913.4723699,-240.6413478,0,0.8660254,0,0.5;
custom,boulder1,rock3,0.1756055,0.1898438,0.10125,0,0,0,0,1,1,1196.0694067,913.4723699,-239.3143678,0,0.9238795,0,0.3826834;
custom,boulder1,rock3,0.1756055,0.1898438,0.10125,0,0,0,0,1,1,1197.3963867,913.4723699,-238.2961401,0,0.9659258,0,0.258819;
custom,boulder1,rock3,0.1756055,0.1898438,0.10125,0,0,0,0,1,1,1197.5495003,913.4723699,-237.6560555,0,0.9914449,0,0.1305262;
custom,boulder1,rock3,0.1756055,0.1898438,0.10125,0,0,0,0,1,1,1206.7889056,913.4723699,-243.7686801,0,0.7071068,0,0.7071068;
custom,boulder1,rock3,0.1756055,0.1898438,0.10125,0,0,0,0,1,1,1203.460656,913.4723699,-237.6560555,0,0.9914449,0,-0.1305262;
custom,boulder1,rock3,0.1756055,0.1898438,0.10125,0,0,0,0,1,1,1203.8036133,913.4723699,-238.2961401,0,0.9659258,0,-0.258819;
custom,boulder1,rock3,0.1756055,0.1898438,0.10125,0,0,0,0,1,1,1205.1305933,913.4723699,-239.3143678,0,0.9238795,0,-0.3826834;
custom,boulder1,rock3,0.1756055,0.1898438,0.10125,0,0,0,0,1,1,1206.148821,913.4723699,-240.6413478,0,0.8660254,0,-0.5;
custom,boulder1,rock3,0.1756055,0.1898438,0.10125,0,0,0,0,1,1,1206.7889056,913.4723699,-242.1866489,0,0.7933533,0,-0.6087614;
custom,boulder1,rock3,0.1756055,0.1898438,0.10125,0,0,0,0,1,1,1200.6,913.4723699,-237.5959377,0,0,0,-1;



custom,boulder1,rock3,0.1317041,0.1423828,0.0759375,0,0,0,0,1,1,1205.2416792,916.4723699,-245.1084707,0,0.6087614,0,-0.7933533;
custom,boulder1,rock3,0.1317041,0.1423828,0.0759375,0,0,0,0,1,1,1204.7616157,916.4723699,-246.2674465,0,0.5,0,-0.8660254;
custom,boulder1,rock3,0.1317041,0.1423828,0.0759375,0,0,0,0,1,1,1203.997945,916.4723699,-247.2626815,0,0.3826834,0,-0.9238795;
custom,boulder1,rock3,0.1317041,0.1423828,0.0759375,0,0,0,0,1,1,1203.00271,916.4723699,-248.0263522,0,0.258819,0,-0.9659258;
custom,boulder1,rock3,0.1317041,0.1423828,0.0759375,0,0,0,0,1,1,1201.8437342,916.4723699,-248.5064157,0,0.1305262,0,-0.9914449;
custom,boulder1,rock3,0.1317041,0.1423828,0.0759375,0,0,0,0,1,1,1200.6,916.4723699,-248.6701564,0,0,0,-1;
custom,boulder1,rock3,0.1317041,0.1423828,0.0759375,0,0,0,0,1,1,1199.3562658,916.4723699,-248.5064157,0,-0.1305262,0,-0.9914449;
custom,boulder1,rock3,0.1317041,0.1423828,0.0759375,0,0,0,0,1,1,1198.19729,916.4723699,-248.0263522,0,-0.258819,0,-0.9659258;
custom,boulder1,rock3,0.1317041,0.1423828,0.0759375,0,0,0,0,1,1,1197.202055,916.4723699,-247.2626815,0,-0.3826834,0,-0.9238795;
custom,boulder1,rock3,0.1317041,0.1423828,0.0759375,0,0,0,0,1,1,1196.4383843,916.4723699,-246.2674465,0,-0.5,0,-0.8660254;
custom,boulder1,rock3,0.1317041,0.1423828,0.0759375,0,0,0,0,1,1,1195.9583208,916.4723699,-245.1084707,0,-0.6087614,0,-0.7933533;
custom,boulder1,rock3,0.1317041,0.1423828,0.0759375,0,0,0,0,1,1,1195.9583208,916.4723699,-243.8075258,0,0.7071068,0,0.7071068;
custom,boulder1,rock3,0.1317041,0.1423828,0.0759375,0,0,0,0,1,1,1195.9583208,916.4723699,-242.6210023,0,0.7933533,0,0.6087614;
custom,boulder1,rock3,0.1317041,0.1423828,0.0759375,0,0,0,0,1,1,1196.4383843,916.4723699,-241.4620266,0,0.8660254,0,0.5;
custom,boulder1,rock3,0.1317041,0.1423828,0.0759375,0,0,0,0,1,1,1197.202055,916.4723699,-240.4667915,0,0.9238795,0,0.3826834;
custom,boulder1,rock3,0.1317041,0.1423828,0.0759375,0,0,0,0,1,1,1198.19729,916.4723699,-239.7031208,0,0.9659258,0,0.258819;
custom,boulder1,rock3,0.1317041,0.1423828,0.0759375,0,0,0,0,1,1,1198.3121252,916.4723699,-239.2230573,0,0.9914449,0,0.1305262;
custom,boulder1,rock3,0.1317041,0.1423828,0.0759375,0,0,0,0,1,1,1205.2416792,916.4723699,-243.8075258,0,0.7071068,0,0.7071068;
custom,boulder1,rock3,0.1317041,0.1423828,0.0759375,0,0,0,0,1,1,1202.745492,916.4723699,-239.2230573,0,0.9914449,0,-0.1305262;
custom,boulder1,rock3,0.1317041,0.1423828,0.0759375,0,0,0,0,1,1,1203.00271,916.4723699,-239.7031208,0,0.9659258,0,-0.258819;
custom,boulder1,rock3,0.1317041,0.1423828,0.0759375,0,0,0,0,1,1,1203.997945,916.4723699,-240.4667915,0,0.9238795,0,-0.3826834;
custom,boulder1,rock3,0.1317041,0.1423828,0.0759375,0,0,0,0,1,1,1204.7616157,916.4723699,-241.4620266,0,0.8660254,0,-0.5;
custom,boulder1,rock3,0.1317041,0.1423828,0.0759375,0,0,0,0,1,1,1205.2416792,916.4723699,-242.6210023,0,0.7933533,0,-0.6087614;
custom,boulder1,rock3,0.1317041,0.1423828,0.0759375,0,0,0,0,1,1,1200.6,916.4723699,-239.1779689,0,0,0,-1;



custom,boulder1,ice1,0.21375,0.12,0.09,0,0,0,0,1,1,1214.5364986,902.9723699,-247.4659611,0,0.6065198,0,-0.7950684;
custom,boulder1,ice1,0.21375,0.12,0.09,0,0,0,0,1,1,1213.0951228,902.9723699,-250.94575,0,0.5,0,-0.8660254;
custom,boulder1,ice1,0.21375,0.12,0.09,0,0,0,0,1,1,1210.8022254,902.9723699,-253.9339129,0,0.3826834,0,-0.9238795;
custom,boulder1,ice1,0.21375,0.12,0.09,0,0,0,0,1,1,1207.8140625,902.9723699,-256.2268103,0,0.258819,0,-0.9659258;
custom,boulder1,ice1,0.21375,0.12,0.09,0,0,0,0,1,1,1204.3342735,902.9723699,-257.6681861,0,0.1305262,0,-0.9914449;
custom,boulder1,ice1,0.21375,0.12,0.09,0,0,0,0,1,1,1200.6,902.9723699,-258.1598125,0,0,0,-1;
custom,boulder1,ice1,0.21375,0.12,0.09,0,0,0,0,1,1,1196.8657265,902.9723699,-257.6681861,0,-0.2056951,0,-0.9786161;
custom,boulder1,ice1,0.21375,0.12,0.09,0,0,0,0,1,1,1193.3859375,902.9723699,-256.2268103,0,-0.258819,0,-0.9659258;
custom,boulder1,ice1,0.21375,0.12,0.09,0,0,0,0,1,1,1190.3977746,902.9723699,-253.9339129,0,-0.3826834,0,-0.9238795;
custom,boulder1,ice1,0.21375,0.12,0.09,0,0,0,0,1,1,1188.1048772,902.9723699,-250.94575,0,-0.5,0,-0.8660254;
custom,boulder1,ice1,0.21375,0.12,0.09,0,0,0,0,1,1,1186.6635014,902.9723699,-247.4659611,0,-0.6087614,0,-0.7933533;
custom,boulder1,ice1,0.21375,0.12,0.09,0,0,0,0,1,1,1186.6635014,902.9723699,-243.5599145,0,0.7071068,0,0.7071068;
custom,boulder1,ice1,0.21375,0.12,0.09,0,0,0,0,1,1,1186.6635014,902.9723699,-239.9974145,0,0.7933533,0,0.6087614;
custom,boulder1,ice1,0.21375,0.12,0.09,0,0,0,0,1,1,1188.1048772,902.9723699,-236.517625,0,0.8660254,0,0.5;
custom,boulder1,ice1,0.21375,0.12,0.09,0,0,0,0,1,1,1190.3977746,902.9723699,-233.5294625,0,0.9238795,0,0.3826834;
custom,boulder1,ice1,0.21375,0.12,0.09,0,0,0,0,1,1,1193.3859375,902.9723699,-231.2365648,0,0.9659258,0,0.258819;
custom,boulder1,ice1,0.21375,0.12,0.09,0,0,0,0,1,1,1193.7307265,902.9723699,-229.795189,0,0.9786161,0,0.2056951;
custom,boulder1,ice1,0.21375,0.12,0.09,0,0,0,0,1,1,1214.5364986,902.9723699,-243.5599145,0,0.7071068,0,0.7071068;
custom,boulder1,ice1,0.21375,0.12,0.09,0,0,0,0,1,1,1207.0417736,902.9723699,-229.795189,0,0.9914449,0,-0.1305262;
custom,boulder1,ice1,0.21375,0.12,0.09,0,0,0,0,1,1,1207.8140625,902.9723699,-231.2365648,0,0.9659258,0,-0.258819;
custom,boulder1,ice1,0.21375,0.12,0.09,0,0,0,0,1,1,1210.8022254,902.9723699,-233.5294625,0,0.9238795,0,-0.3826834;
custom,boulder1,ice1,0.21375,0.12,0.09,0,0,0,0,1,1,1213.0951228,902.9723699,-236.517625,0,0.8660254,0,-0.5;
custom,boulder1,ice1,0.21375,0.12,0.09,0,0,0,0,1,1,1214.5364986,902.9723699,-239.9974145,0,0.7950684,0,-0.6065198;
custom,boulder1,ice1,0.21375,0.12,0.09,0,0,0,0,1,1,1200.6,902.9723699,-229.5098125,0,0,0,-1;
custom,boulder1,ice1,0.21375,0.12,0.09,0,0,0,0,1,1,1203.6,902.9723699,-229.5098125,0,0,0,-1;
custom,boulder1,ice1,0.21375,0.12,0.09,0,0,0,0,1,1,1197.6,902.9723699,-229.5098125,0,0,0,-1;




custom,boulder1,ice1,0.235125,0.132,0.099,0,0,0,0,1,1,1210.8873364,908.2223699,-246.5490618,0,0.6087614,0,-0.7933533;
custom,boulder1,ice1,0.235125,0.132,0.099,0,0,0,0,1,1,1209.8233735,908.2223699,-249.1176955,0,0.5,0,-0.8660254;
custom,boulder1,ice1,0.235125,0.132,0.099,0,0,0,0,1,1,1208.130853,908.2223699,-251.3234312,0,0.3826834,0,-0.9238795;
custom,boulder1,ice1,0.235125,0.132,0.099,0,0,0,0,1,1,1205.9251172,908.2223699,-253.0159518,0,0.258819,0,-0.9659258;
custom,boulder1,ice1,0.235125,0.132,0.099,0,0,0,0,1,1,1203.3564835,908.2223699,-254.0799147,0,0.1305262,0,-0.9914449;
custom,boulder1,ice1,0.235125,0.132,0.099,0,0,0,0,1,1,1200.6,908.2223699,-254.4428127,0,0,0,-1;
custom,boulder1,ice1,0.235125,0.132,0.099,0,0,0,0,1,1,1197.8435165,908.2223699,-254.0799147,0,-0.1305262,0,-0.9914449;
custom,boulder1,ice1,0.235125,0.132,0.099,0,0,0,0,1,1,1195.2748828,908.2223699,-253.0159518,0,-0.258819,0,-0.9659258;
custom,boulder1,ice1,0.235125,0.132,0.099,0,0,0,0,1,1,1193.069147,908.2223699,-251.3234312,0,-0.3826834,0,-0.9238795;
custom,boulder1,ice1,0.235125,0.132,0.099,0,0,0,0,1,1,1191.3766265,908.2223699,-249.1176955,0,-0.5,0,-0.8660254;
custom,boulder1,ice1,0.235125,0.132,0.099,0,0,0,0,1,1,1190.3126636,908.2223699,-246.5490618,0,-0.6087614,0,-0.7933533;
custom,boulder1,ice1,0.235125,0.132,0.099,0,0,0,0,1,1,1190.3126636,908.2223699,-243.6657823,0,0.7071068,0,0.7071068;
custom,boulder1,ice1,0.235125,0.132,0.099,0,0,0,0,1,1,1190.3126636,908.2223699,-241.0360948,0,0.7933533,0,0.6087614;
custom,boulder1,ice1,0.235125,0.132,0.099,0,0,0,0,1,1,1191.3766265,908.2223699,-238.4674611,0,0.8660254,0,0.5;
custom,boulder1,ice1,0.235125,0.132,0.099,0,0,0,0,1,1,1193.069147,908.2223699,-236.2617254,0,0.9238795,0,0.3826834;
custom,boulder1,ice1,0.235125,0.132,0.099,0,0,0,0,1,1,1195.2748828,908.2223699,-234.5692048,0,0.9659258,0,0.258819;
custom,boulder1,ice1,0.235125,0.132,0.099,0,0,0,0,1,1,1210.8873364,908.2223699,-243.6657823,0,0.7071068,0,0.7071068;
custom,boulder1,ice1,0.235125,0.132,0.099,0,0,0,0,1,1,1205.9251172,908.2223699,-234.5692048,0,0.9659258,0,-0.258819;
custom,boulder1,ice1,0.235125,0.132,0.099,0,0,0,0,1,1,1208.130853,908.2223699,-236.2617254,0,0.9238795,0,-0.3826834;
custom,boulder1,ice1,0.235125,0.132,0.099,0,0,0,0,1,1,1209.8233735,908.2223699,-238.4674611,0,0.8660254,0,-0.5;
custom,boulder1,ice1,0.235125,0.132,0.099,0,0,0,0,1,1,1210.8873364,908.2223699,-241.0360948,0,0.7933533,0,-0.6087614;
custom,boulder1,ice1,0.235125,0.132,0.099,0,0,0,0,1,1,1200.6,908.2223699,-233.4053127,0,0,0,-1;


custom,boulder1,rock3,0.21375,0.12,0.09,0,0,0,0,1,1,1209.952124,907.4723699,-246.3104255,0,0.6087614,0,-0.7933533;
custom,boulder1,rock3,0.21375,0.12,0.09,0,0,0,0,1,1,1208.984885,907.4723699,-248.6455471,0,0.5,0,-0.8660254;
custom,boulder1,rock3,0.21375,0.12,0.09,0,0,0,0,1,1,1207.4462299,907.4723699,-250.6507614,0,0.3826834,0,-0.9238795;
custom,boulder1,rock3,0.21375,0.12,0.09,0,0,0,0,1,1,1205.4410156,907.4723699,-252.1894165,0,0.258819,0,-0.9659258;
custom,boulder1,rock3,0.21375,0.12,0.09,0,0,0,0,1,1,1203.1058941,907.4723699,-253.1566555,0,0.1305262,0,-0.9914449;
custom,boulder1,rock3,0.21375,0.12,0.09,0,0,0,0,1,1,1200.6,907.4723699,-253.4865627,0,0,0,-1;
custom,boulder1,rock3,0.21375,0.12,0.09,0,0,0,0,1,1,1198.0941059,907.4723699,-253.1566555,0,-0.1305262,0,-0.9914449;
custom,boulder1,rock3,0.21375,0.12,0.09,0,0,0,0,1,1,1195.7589844,907.4723699,-252.1894165,0,-0.258819,0,-0.9659258;
custom,boulder1,rock3,0.21375,0.12,0.09,0,0,0,0,1,1,1193.7537701,907.4723699,-250.6507614,0,-0.3826834,0,-0.9238795;
custom,boulder1,rock3,0.21375,0.12,0.09,0,0,0,0,1,1,1192.215115,907.4723699,-248.6455471,0,-0.5,0,-0.8660254;
custom,boulder1,rock3,0.21375,0.12,0.09,0,0,0,0,1,1,1191.247876,907.4723699,-246.3104255,0,-0.6087614,0,-0.7933533;
custom,boulder1,rock3,0.21375,0.12,0.09,0,0,0,0,1,1,1191.247876,907.4723699,-243.6892624,0,0.7071068,0,0.7071068;
custom,boulder1,rock3,0.21375,0.12,0.09,0,0,0,0,1,1,1191.247876,907.4723699,-241.2986374,0,0.7933533,0,0.6087614;
custom,boulder1,rock3,0.21375,0.12,0.09,0,0,0,0,1,1,1192.215115,907.4723699,-238.9635158,0,0.8660254,0,0.5;
custom,boulder1,rock3,0.21375,0.12,0.09,0,0,0,0,1,1,1193.7537701,907.4723699,-236.9583015,0,0.9238795,0,0.3826834;
custom,boulder1,rock3,0.21375,0.12,0.09,0,0,0,0,1,1,1195.7589844,907.4723699,-235.4196464,0,0.9659258,0,0.258819;
custom,boulder1,rock3,0.21375,0.12,0.09,0,0,0,0,1,1,1195.9903559,907.4723699,-234.4524074,0,0.9914449,0,0.1305262;
custom,boulder1,rock3,0.21375,0.12,0.09,0,0,0,0,1,1,1209.952124,907.4723699,-243.6892624,0,0.7071068,0,0.7071068;
custom,boulder1,rock3,0.21375,0.12,0.09,0,0,0,0,1,1,1204.9227691,907.4723699,-234.4524074,0,0.9914449,0,-0.1305262;
custom,boulder1,rock3,0.21375,0.12,0.09,0,0,0,0,1,1,1205.4410156,907.4723699,-235.4196464,0,0.9659258,0,-0.258819;
custom,boulder1,rock3,0.21375,0.12,0.09,0,0,0,0,1,1,1207.4462299,907.4723699,-236.9583015,0,0.9238795,0,-0.3826834;
custom,boulder1,rock3,0.21375,0.12,0.09,0,0,0,0,1,1,1208.984885,907.4723699,-238.9635158,0,0.8660254,0,-0.5;
custom,boulder1,rock3,0.21375,0.12,0.09,0,0,0,0,1,1,1209.952124,907.4723699,-241.2986374,0,0.7933533,0,-0.6087614;
custom,boulder1,rock3,0.21375,0.12,0.09,0,0,0,0,1,1,1200.6,907.4723699,-234.3615627,0,0,0,-1;



custom,boulder1,rock3,0.1990195,0.2151562,0.11475,0,0,0,0,1,1,1207.614093,909.7223699,-245.7138348,0,0.6087614,0,-0.7933533;
custom,boulder1,rock3,0.1990195,0.2151562,0.11475,0,0,0,0,1,1,1206.8886638,909.7223699,-247.465176,0,0.5,0,-0.8660254;
custom,boulder1,rock3,0.1990195,0.2151562,0.11475,0,0,0,0,1,1,1205.7346725,909.7223699,-248.9690867,0,0.3826834,0,-0.9238795;
custom,boulder1,rock3,0.1990195,0.2151562,0.11475,0,0,0,0,1,1,1204.2307617,909.7223699,-250.123078,0,0.258819,0,-0.9659258;
custom,boulder1,rock3,0.1990195,0.2151562,0.11475,0,0,0,0,1,1,1202.4794206,909.7223699,-250.8485073,0,0.1305262,0,-0.9914449;
custom,boulder1,rock3,0.1990195,0.2151562,0.11475,0,0,0,0,1,1,1200.6,909.7223699,-251.0959377,0,0,0,-1;
custom,boulder1,rock3,0.1990195,0.2151562,0.11475,0,0,0,0,1,1,1198.7205794,909.7223699,-250.8485073,0,-0.1305262,0,-0.9914449;
custom,boulder1,rock3,0.1990195,0.2151562,0.11475,0,0,0,0,1,1,1196.9692383,909.7223699,-250.123078,0,-0.258819,0,-0.9659258;
custom,boulder1,rock3,0.1990195,0.2151562,0.11475,0,0,0,0,1,1,1195.4653275,909.7223699,-248.9690867,0,-0.3826834,0,-0.9238795;
custom,boulder1,rock3,0.1990195,0.2151562,0.11475,0,0,0,0,1,1,1194.3113362,909.7223699,-247.465176,0,-0.5,0,-0.8660254;
custom,boulder1,rock3,0.1990195,0.2151562,0.11475,0,0,0,0,1,1,1193.585907,909.7223699,-245.7138348,0,-0.6087614,0,-0.7933533;
custom,boulder1,rock3,0.1990195,0.2151562,0.11475,0,0,0,0,1,1,1193.585907,909.7223699,-243.7479624,0,0.7071068,0,0.7071068;
custom,boulder1,rock3,0.1990195,0.2151562,0.11475,0,0,0,0,1,1,1193.585907,909.7223699,-241.9549937,0,0.7933533,0,0.6087614;
custom,boulder1,rock3,0.1990195,0.2151562,0.11475,0,0,0,0,1,1,1194.3113362,909.7223699,-240.2036525,0,0.8660254,0,0.5;
custom,boulder1,rock3,0.1990195,0.2151562,0.11475,0,0,0,0,1,1,1195.4653275,909.7223699,-238.6997418,0,0.9238795,0,0.3826834;
custom,boulder1,rock3,0.1990195,0.2151562,0.11475,0,0,0,0,1,1,1196.9692383,909.7223699,-237.5457505,0,0.9659258,0,0.258819;
custom,boulder1,rock3,0.1990195,0.2151562,0.11475,0,0,0,0,1,1,1197.1427669,909.7223699,-236.8203212,0,0.9914449,0,0.1305262;
custom,boulder1,rock3,0.1990195,0.2151562,0.11475,0,0,0,0,1,1,1207.614093,909.7223699,-243.7479624,0,0.7071068,0,0.7071068;
custom,boulder1,rock3,0.1990195,0.2151562,0.11475,0,0,0,0,1,1,1203.8420768,909.7223699,-236.8203212,0,0.9914449,0,-0.1305262;
custom,boulder1,rock3,0.1990195,0.2151562,0.11475,0,0,0,0,1,1,1204.2307617,909.7223699,-237.5457505,0,0.9659258,0,-0.258819;
custom,boulder1,rock3,0.1990195,0.2151562,0.11475,0,0,0,0,1,1,1205.7346725,909.7223699,-238.6997418,0,0.9238795,0,-0.3826834;
custom,boulder1,rock3,0.1990195,0.2151562,0.11475,0,0,0,0,1,1,1206.8886638,909.7223699,-240.2036525,0,0.8660254,0,-0.5;
custom,boulder1,rock3,0.1990195,0.2151562,0.11475,0,0,0,0,1,1,1207.614093,909.7223699,-241.9549937,0,0.7933533,0,-0.6087614;
custom,boulder1,rock3,0.1990195,0.2151562,0.11475,0,0,0,0,1,1,1200.6,909.7223699,-236.7521877,0,0,0,-1;


custom,boulder1,ice1,0.2107266,0.2278125,0.1215,0,0,0,0,1,1,1208.0266867,911.2223699,-245.8191155,0,0.6087614,0,-0.7933533;
custom,boulder1,ice1,0.2107266,0.2278125,0.1215,0,0,0,0,1,1,1207.2585852,911.2223699,-247.6734767,0,0.5,0,-0.8660254;
custom,boulder1,ice1,0.2107266,0.2278125,0.1215,0,0,0,0,1,1,1206.036712,911.2223699,-249.2658528,0,0.3826834,0,-0.9238795;
custom,boulder1,ice1,0.2107266,0.2278125,0.1215,0,0,0,0,1,1,1204.4443359,911.2223699,-250.487726,0,0.258819,0,-0.9659258;
custom,boulder1,ice1,0.2107266,0.2278125,0.1215,0,0,0,0,1,1,1202.5899747,911.2223699,-251.2558275,0,0.1305262,0,-0.9914449;
custom,boulder1,ice1,0.2107266,0.2278125,0.1215,0,0,0,0,1,1,1200.6,911.2223699,-251.5178127,0,0,0,-1;
custom,boulder1,ice1,0.2107266,0.2278125,0.1215,0,0,0,0,1,1,1198.6100253,911.2223699,-251.2558275,0,-0.1305262,0,-0.9914449;
custom,boulder1,ice1,0.2107266,0.2278125,0.1215,0,0,0,0,1,1,1196.7556641,911.2223699,-250.487726,0,-0.258819,0,-0.9659258;
custom,boulder1,ice1,0.2107266,0.2278125,0.1215,0,0,0,0,1,1,1195.163288,911.2223699,-249.2658528,0,-0.3826834,0,-0.9238795;
custom,boulder1,ice1,0.2107266,0.2278125,0.1215,0,0,0,0,1,1,1193.9414148,911.2223699,-247.6734767,0,-0.5,0,-0.8660254;
custom,boulder1,ice1,0.2107266,0.2278125,0.1215,0,0,0,0,1,1,1193.1733133,911.2223699,-245.8191155,0,-0.6087614,0,-0.7933533;
custom,boulder1,ice1,0.2107266,0.2278125,0.1215,0,0,0,0,1,1,1193.1733133,911.2223699,-243.7376036,0,0.7071068,0,0.7071068;
custom,boulder1,ice1,0.2107266,0.2278125,0.1215,0,0,0,0,1,1,1193.1733133,911.2223699,-241.8391661,0,0.7933533,0,0.6087614;
custom,boulder1,ice1,0.2107266,0.2278125,0.1215,0,0,0,0,1,1,1193.9414148,911.2223699,-239.9848049,0,0.8660254,0,0.5;
custom,boulder1,ice1,0.2107266,0.2278125,0.1215,0,0,0,0,1,1,1195.163288,911.2223699,-238.3924288,0,0.9238795,0,0.3826834;
custom,boulder1,ice1,0.2107266,0.2278125,0.1215,0,0,0,0,1,1,1196.7556641,911.2223699,-237.1705556,0,0.9659258,0,0.258819;
custom,boulder1,ice1,0.2107266,0.2278125,0.1215,0,0,0,0,1,1,1196.9394003,911.2223699,-236.4024541,0,0.9914449,0,0.1305262;
custom,boulder1,ice1,0.2107266,0.2278125,0.1215,0,0,0,0,1,1,1208.0266867,911.2223699,-243.7376036,0,0.7071068,0,0.7071068;
custom,boulder1,ice1,0.2107266,0.2278125,0.1215,0,0,0,0,1,1,1204.0327872,911.2223699,-236.4024541,0,0.9914449,0,-0.1305262;
custom,boulder1,ice1,0.2107266,0.2278125,0.1215,0,0,0,0,1,1,1204.4443359,911.2223699,-237.1705556,0,0.9659258,0,-0.258819;
custom,boulder1,ice1,0.2107266,0.2278125,0.1215,0,0,0,0,1,1,1206.036712,911.2223699,-238.3924288,0,0.9238795,0,-0.3826834;
custom,boulder1,ice1,0.2107266,0.2278125,0.1215,0,0,0,0,1,1,1207.2585852,911.2223699,-239.9848049,0,0.8660254,0,-0.5;
custom,boulder1,ice1,0.2107266,0.2278125,0.1215,0,0,0,0,1,1,1208.0266867,911.2223699,-241.8391661,0,0.7933533,0,-0.6087614;
custom,boulder1,ice1,0.2107266,0.2278125,0.1215,0,0,0,0,1,1,1200.6,911.2223699,-236.3303127,0,0,0,-1;

custom,boulder1,ice1,0.1668252,0.1803516,0.0961875,0,0,0,0,1,1,1206.4794603,914.2223699,-245.4243128,0,0.6087614,0,-0.7933533;
custom,boulder1,ice1,0.1668252,0.1803516,0.0961875,0,0,0,0,1,1,1205.8713799,914.2223699,-246.8923488,0,0.5,0,-0.8660254;
custom,boulder1,ice1,0.1668252,0.1803516,0.0961875,0,0,0,0,1,1,1204.9040637,914.2223699,-248.1529799,0,0.3826834,0,-0.9238795;
custom,boulder1,ice1,0.1668252,0.1803516,0.0961875,0,0,0,0,1,1,1203.6434326,914.2223699,-249.1202961,0,0.258819,0,-0.9659258;
custom,boulder1,ice1,0.1668252,0.1803516,0.0961875,0,0,0,0,1,1,1202.1753967,914.2223699,-249.7283765,0,0.1305262,0,-0.9914449;
custom,boulder1,ice1,0.1668252,0.1803516,0.0961875,0,0,0,0,1,1,1200.6,914.2223699,-249.9357814,0,0,0,-1;
custom,boulder1,ice1,0.1668252,0.1803516,0.0961875,0,0,0,0,1,1,1199.0246033,914.2223699,-249.7283765,0,-0.1305262,0,-0.9914449;
custom,boulder1,ice1,0.1668252,0.1803516,0.0961875,0,0,0,0,1,1,1197.5565674,914.2223699,-249.1202961,0,-0.258819,0,-0.9659258;
custom,boulder1,ice1,0.1668252,0.1803516,0.0961875,0,0,0,0,1,1,1196.2959363,914.2223699,-248.1529799,0,-0.3826834,0,-0.9238795;
custom,boulder1,ice1,0.1668252,0.1803516,0.0961875,0,0,0,0,1,1,1195.3286201,914.2223699,-246.8923488,0,-0.5,0,-0.8660254;
custom,boulder1,ice1,0.1668252,0.1803516,0.0961875,0,0,0,0,1,1,1194.7205397,914.2223699,-245.4243128,0,-0.6087614,0,-0.7933533;
custom,boulder1,ice1,0.1668252,0.1803516,0.0961875,0,0,0,0,1,1,1194.7205397,914.2223699,-243.7764492,0,0.7071068,0,0.7071068;
custom,boulder1,ice1,0.1668252,0.1803516,0.0961875,0,0,0,0,1,1,1194.7205397,914.2223699,-242.2735196,0,0.7933533,0,0.6087614;
custom,boulder1,ice1,0.1668252,0.1803516,0.0961875,0,0,0,0,1,1,1195.3286201,914.2223699,-240.8054836,0,0.8660254,0,0.5;
custom,boulder1,ice1,0.1668252,0.1803516,0.0961875,0,0,0,0,1,1,1196.2959363,914.2223699,-239.5448525,0,0.9238795,0,0.3826834;
custom,boulder1,ice1,0.1668252,0.1803516,0.0961875,0,0,0,0,1,1,1197.5565674,914.2223699,-238.5775363,0,0.9659258,0,0.258819;
custom,boulder1,ice1,0.1668252,0.1803516,0.0961875,0,0,0,0,1,1,1197.7020252,914.2223699,-237.9694559,0,0.9914449,0,0.1305262;
custom,boulder1,ice1,0.1668252,0.1803516,0.0961875,0,0,0,0,1,1,1206.4794603,914.2223699,-243.7764492,0,0.7071068,0,0.7071068;
custom,boulder1,ice1,0.1668252,0.1803516,0.0961875,0,0,0,0,1,1,1203.3176232,914.2223699,-237.9694559,0,0.9914449,0,-0.1305262;
custom,boulder1,ice1,0.1668252,0.1803516,0.0961875,0,0,0,0,1,1,1203.6434326,914.2223699,-238.5775363,0,0.9659258,0,-0.258819;
custom,boulder1,ice1,0.1668252,0.1803516,0.0961875,0,0,0,0,1,1,1204.9040637,914.2223699,-239.5448525,0,0.9238795,0,-0.3826834;
custom,boulder1,ice1,0.1668252,0.1803516,0.0961875,0,0,0,0,1,1,1205.8713799,914.2223699,-240.8054836,0,0.8660254,0,-0.5;
custom,boulder1,ice1,0.1668252,0.1803516,0.0961875,0,0,0,0,1,1,1206.4794603,914.2223699,-242.2735196,0,0.7933533,0,-0.6087614;
custom,boulder1,ice1,0.1668252,0.1803516,0.0961875,0,0,0,0,1,1,1200.6,914.2223699,-237.9123439,0,0,0,-1;





custom,boulder1,ice1,0.1382893,0.1495019,0.0797344,0,0,0,0,1,1,1205.4737632,916.4723699,-245.1676911,0,0.6087614,0,-0.7933533;
custom,boulder1,ice1,0.1382893,0.1495019,0.0797344,0,0,0,0,1,1,1204.9696965,916.4723699,-246.3846157,0,0.5,0,-0.8660254;
custom,boulder1,ice1,0.1382893,0.1495019,0.0797344,0,0,0,0,1,1,1204.1678423,916.4723699,-247.4296125,0,0.3826834,0,-0.9238795;
custom,boulder1,ice1,0.1382893,0.1495019,0.0797344,0,0,0,0,1,1,1203.1228455,916.4723699,-248.2314667,0,0.258819,0,-0.9659258;
custom,boulder1,ice1,0.1382893,0.1495019,0.0797344,0,0,0,0,1,1,1201.9059209,916.4723699,-248.7355334,0,0.1305262,0,-0.9914449;
custom,boulder1,ice1,0.1382893,0.1495019,0.0797344,0,0,0,0,1,1,1200.6,916.4723699,-248.9074611,0,0,0,-1;
custom,boulder1,ice1,0.1382893,0.1495019,0.0797344,0,0,0,0,1,1,1199.2940791,916.4723699,-248.7355334,0,-0.1305262,0,-0.9914449;
custom,boulder1,ice1,0.1382893,0.1495019,0.0797344,0,0,0,0,1,1,1198.0771545,916.4723699,-248.2314667,0,-0.258819,0,-0.9659258;
custom,boulder1,ice1,0.1382893,0.1495019,0.0797344,0,0,0,0,1,1,1197.0321577,916.4723699,-247.4296125,0,-0.3826834,0,-0.9238795;
custom,boulder1,ice1,0.1382893,0.1495019,0.0797344,0,0,0,0,1,1,1196.2303035,916.4723699,-246.3846157,0,-0.5,0,-0.8660254;
custom,boulder1,ice1,0.1382893,0.1495019,0.0797344,0,0,0,0,1,1,1195.7262368,916.4723699,-245.1676911,0,-0.6087614,0,-0.7933533;
custom,boulder1,ice1,0.1382893,0.1495019,0.0797344,0,0,0,0,1,1,1195.7262368,916.4723699,-243.8016989,0,0.7071068,0,0.7071068;
custom,boulder1,ice1,0.1382893,0.1495019,0.0797344,0,0,0,0,1,1,1195.7262368,916.4723699,-242.5558493,0,0.7933533,0,0.6087614;
custom,boulder1,ice1,0.1382893,0.1495019,0.0797344,0,0,0,0,1,1,1196.2303035,916.4723699,-241.3389248,0,0.8660254,0,0.5;
custom,boulder1,ice1,0.1382893,0.1495019,0.0797344,0,0,0,0,1,1,1197.0321577,916.4723699,-240.293928,0,0.9238795,0,0.3826834;
custom,boulder1,ice1,0.1382893,0.1495019,0.0797344,0,0,0,0,1,1,1198.0771545,916.4723699,-239.4920737,0,0.9659258,0,0.258819;
custom,boulder1,ice1,0.1382893,0.1495019,0.0797344,0,0,0,0,1,1,1198.1977314,916.4723699,-238.988007,0,0.9914449,0,0.1305262;
custom,boulder1,ice1,0.1382893,0.1495019,0.0797344,0,0,0,0,1,1,1205.4737632,916.4723699,-243.8016989,0,0.7071068,0,0.7071068;
custom,boulder1,ice1,0.1382893,0.1495019,0.0797344,0,0,0,0,1,1,1202.8527666,916.4723699,-238.988007,0,0.9914449,0,-0.1305262;
custom,boulder1,ice1,0.1382893,0.1495019,0.0797344,0,0,0,0,1,1,1203.1228455,916.4723699,-239.4920737,0,0.9659258,0,-0.258819;
custom,boulder1,ice1,0.1382893,0.1495019,0.0797344,0,0,0,0,1,1,1204.1678423,916.4723699,-240.293928,0,0.9238795,0,-0.3826834;
custom,boulder1,ice1,0.1382893,0.1495019,0.0797344,0,0,0,0,1,1,1204.9696965,916.4723699,-241.3389248,0,0.8660254,0,-0.5;
custom,boulder1,ice1,0.1382893,0.1495019,0.0797344,0,0,0,0,1,1,1205.4737632,916.4723699,-242.5558493,0,0.7933533,0,-0.6087614;
custom,boulder1,ice1,0.1382893,0.1495019,0.0797344,0,0,0,0,1,1,1200.6,916.4723699,-238.9406642,0,0,0,-1;


custom,boulder1,ice1,0.1313748,0.1420269,0.0757477,0,0,0,0,1,1,1205.230075,916.7723699,-245.1055097,0,0.6087614,0,-0.7933533;
custom,boulder1,ice1,0.1313748,0.1420269,0.0757477,0,0,0,0,1,1,1204.7512117,916.7723699,-246.261588,0,0.5,0,-0.8660254;
custom,boulder1,ice1,0.1313748,0.1420269,0.0757477,0,0,0,0,1,1,1203.9894502,916.7723699,-247.254335,0,0.3826834,0,-0.9238795;
custom,boulder1,ice1,0.1313748,0.1420269,0.0757477,0,0,0,0,1,1,1202.9967032,916.7723699,-248.0160965,0,0.258819,0,-0.9659258;
custom,boulder1,ice1,0.1313748,0.1420269,0.0757477,0,0,0,0,1,1,1201.8406249,916.7723699,-248.4949598,0,0.1305262,0,-0.9914449;
custom,boulder1,ice1,0.1313748,0.1420269,0.0757477,0,0,0,0,1,1,1200.6,916.7723699,-248.6582912,0,0,0,-1;
custom,boulder1,ice1,0.1313748,0.1420269,0.0757477,0,0,0,0,1,1,1199.3593751,916.7723699,-248.4949598,0,-0.1305262,0,-0.9914449;
custom,boulder1,ice1,0.1313748,0.1420269,0.0757477,0,0,0,0,1,1,1198.2032968,916.7723699,-248.0160965,0,-0.258819,0,-0.9659258;
custom,boulder1,ice1,0.1313748,0.1420269,0.0757477,0,0,0,0,1,1,1197.2105498,916.7723699,-247.254335,0,-0.3826834,0,-0.9238795;
custom,boulder1,ice1,0.1313748,0.1420269,0.0757477,0,0,0,0,1,1,1196.4487883,916.7723699,-246.261588,0,-0.5,0,-0.8660254;
custom,boulder1,ice1,0.1313748,0.1420269,0.0757477,0,0,0,0,1,1,1195.969925,916.7723699,-245.1055097,0,-0.6087614,0,-0.7933533;
custom,boulder1,ice1,0.1313748,0.1420269,0.0757477,0,0,0,0,1,1,1195.969925,916.7723699,-243.8078171,0,0.7071068,0,0.7071068;
custom,boulder1,ice1,0.1313748,0.1420269,0.0757477,0,0,0,0,1,1,1195.969925,916.7723699,-242.62426,0,0.7933533,0,0.6087614;
custom,boulder1,ice1,0.1313748,0.1420269,0.0757477,0,0,0,0,1,1,1196.4487883,916.7723699,-241.4681817,0,0.8660254,0,0.5;
custom,boulder1,ice1,0.1313748,0.1420269,0.0757477,0,0,0,0,1,1,1197.2105498,916.7723699,-240.4754347,0,0.9238795,0,0.3826834;
custom,boulder1,ice1,0.1313748,0.1420269,0.0757477,0,0,0,0,1,1,1198.2032968,916.7723699,-239.7136731,0,0.9659258,0,0.258819;
custom,boulder1,ice1,0.1313748,0.1420269,0.0757477,0,0,0,0,1,1,1198.3178449,916.7723699,-239.2348098,0,0.9914449,0,0.1305262;
custom,boulder1,ice1,0.1313748,0.1420269,0.0757477,0,0,0,0,1,1,1205.230075,916.7723699,-243.8078171,0,0.7071068,0,0.7071068;
custom,boulder1,ice1,0.1313748,0.1420269,0.0757477,0,0,0,0,1,1,1202.7401283,916.7723699,-239.2348098,0,0.9914449,0,-0.1305262;
custom,boulder1,ice1,0.1313748,0.1420269,0.0757477,0,0,0,0,1,1,1202.9967032,916.7723699,-239.7136731,0,0.9659258,0,-0.258819;
custom,boulder1,ice1,0.1313748,0.1420269,0.0757477,0,0,0,0,1,1,1203.9894502,916.7723699,-240.4754347,0,0.9238795,0,-0.3826834;
custom,boulder1,ice1,0.1313748,0.1420269,0.0757477,0,0,0,0,1,1,1204.7512117,916.7723699,-241.4681817,0,0.8660254,0,-0.5;
custom,boulder1,ice1,0.1313748,0.1420269,0.0757477,0,0,0,0,1,1,1205.230075,916.7723699,-242.62426,0,0.7933533,0,-0.6087614;
custom,boulder1,ice1,0.1313748,0.1420269,0.0757477,0,0,0,0,1,1,1200.6,916.7723699,-239.1898342,0,0,0,-1;


custom,boulder5,ice1,0.675,0.225,0.72,0,0,0,0,1,1,1200.6,916.8473699,-243.71875,0,0.7071068,0,0.7071068;


custom,boulder1,ice1,0.375,0.075,0.42,0,0,0,0,1,1,1200.6,917.8973699,-243.71875,0,0.7071068,0,0.7071068;

custom,bridge1,rock3,0.075,0.075,0.03,0,0,0,0,0.5,0.5,1200.6,897.0923699,-228.41875,0,1,0,0;
custom,endcuboid,default,0.0165,0.225,0.225,1,1,1,1,1,1,1200.6,897.6473699,-228.41875,0,0.7071068,0,0.7071068;
custom,bridge1,rock3,0.0753,-0.075,0.0297,0,0,0,0,0.5,0.5,1200.6,898.7723699,-228.41875,0,1,0,0;

custom,pillar1,rock3,0.045,0.03,0.045,0,0,0,0,1,1,1202.4,896.9723699,-228.41875,0,0.7071068,0,0.7071068;
custom,pillar1,rock3,0.045,0.03,0.045,0,0,0,0,1,1,1201.8,896.9723699,-228.56875,0,0.7071068,0,0.7071068;

custom,pillar1,rock3,0.045,0.03,0.045,0,0,0,0,1,1,1198.8,896.9723699,-228.41875,0,0.7071068,0,0.7071068;
custom,pillar1,rock3,0.045,0.03,0.045,0,0,0,0,1,1,1199.4,896.9723699,-228.56875,0,0.7071068,0,0.7071068;

custom,boulder1,rock3,0.105,0.105,0.015,0,0,0,0,2.4,2,1198.35,897.6473699,-228.56875,0,1,0,0;
custom,boulder1,rock3,0.105,0.105,0.015,0,0,0,0,2.4,2,1202.85,897.1973699,-228.56875,0,1,0,0;

custom,cuboid,default,0.0225,0.0375,0.009,1,0.0980392,0.0980392,1,1,1,1200.3735285,924.3730199,-243.7662715,0,0,0,1;
custom,prism,default,0.0125,0.009,0.0259809,1,0.0980392,0.0980392,1,1,1,1200.3812083,924.5594013,-243.7644715,0.5,0.5,0.5,0.5;
custom,prism,default,0.0125,0.009,0.0259809,1,0.0980392,0.0980392,1,1,1,1200.3658486,924.1844013,-243.7680715,-0.5,-0.5,0.5,0.5;

custom,killcuboid,empty,0.0233519,0.000225,0.00909,1,0,0,0,1,1,1200.3735285,924.5542699,-243.7662715,0,0,0.1350594,0.9908375;
custom,killcuboid,empty,0.0233519,0.000225,0.00909,1,0,0,0,1,1,1200.3735285,924.5167699,-243.7662715,0,0,0.1350594,0.9908375;
custom,killcuboid,empty,0.0233519,0.000225,0.00909,1,0,0,0,1,1,1200.3735285,924.4792699,-243.7662715,0,0,0.1350594,0.9908375;
custom,killcuboid,empty,0.0233519,0.000225,0.00909,1,0,0,0,1,1,1200.3735285,924.4417699,-243.7662715,0,0,0.1350594,0.9908375;
custom,killcuboid,empty,0.0233519,0.000225,0.00909,1,0,0,0,1,1,1200.3735285,924.4042699,-243.7662715,0,0,0.1350594,0.9908375;
custom,killcuboid,empty,0.0233519,0.000225,0.00909,1,0,0,0,1,1,1200.3735285,924.3667699,-243.7662715,0,0,0.1350594,0.9908375;
custom,killcuboid,empty,0.0233519,0.000225,0.00909,1,0,0,0,1,1,1200.3735285,924.3292699,-243.7662715,0,0,0.1350594,0.9908375;
custom,killcuboid,empty,0.0233519,0.000225,0.00909,1,0,0,0,1,1,1200.3735285,924.2917699,-243.7662715,0,0,0.1350594,0.9908375;
custom,killcuboid,empty,0.0233519,0.000225,0.00909,1,0,0,0,1,1,1200.3735285,924.2542699,-243.7662715,0,0,0.1350594,0.9908375;
custom,killcuboid,empty,0.0233519,0.000225,0.00909,1,0,0,0,1,1,1200.3735285,924.2167699,-243.7662715,0,0,0.1350594,0.9908375;
custom,killcuboid,empty,0.0233519,0.000225,0.00909,1,0,0,0,1,1,1200.3735285,924.1792699,-243.7662715,0,0,0.1350594,0.9908375;

custom,killcuboid,empty,0.000225,0.04375,0.00909,1,0,0,0,1,1,1200.3373965,924.3629833,-243.7662715,0,0,0,1;
custom,killcuboid,empty,0.000225,0.04375,0.00909,1,0,0,0,1,1,1200.4096604,924.3830566,-243.7662715,0,0,0,1;


custom,cuboid,default,0.0225,0.0375,0.00882,1,1,1,1,1,1,1200.1485285,924.3730199,-243.7662715,0,0,0,1;
custom,prism,default,0.0125,0.00882,0.0259809,1,1,1,1,1,1,1200.1408487,924.5594013,-243.7680355,-0.5,-0.5,0.5,0.5;
custom,prism,default,0.0125,0.00882,0.0259809,1,1,1,1,1,1,1200.1562083,924.1844013,-243.7645075,0.5,0.5,0.5,0.5;

custom,killcuboid,empty,0.0233519,0.000225,0.00897,1,0,0,0,1,1,1200.1485285,924.5542699,-243.7662715,0,0,-0.1350594,0.9908375;
custom,killcuboid,empty,0.0233519,0.000225,0.00897,1,0,0,0,1,1,1200.1485285,924.5167699,-243.7662715,0,0,-0.1350594,0.9908375;
custom,killcuboid,empty,0.0233519,0.000225,0.00897,1,0,0,0,1,1,1200.1485285,924.4792699,-243.7662715,0,0,-0.1350594,0.9908375;
custom,killcuboid,empty,0.0233519,0.000225,0.00897,1,0,0,0,1,1,1200.1485285,924.4417699,-243.7662715,0,0,-0.1350594,0.9908375;
custom,killcuboid,empty,0.0233519,0.000225,0.00897,1,0,0,0,1,1,1200.1485285,924.4042699,-243.7662715,0,0,-0.1350594,0.9908375;
custom,killcuboid,empty,0.0233519,0.000225,0.00897,1,0,0,0,1,1,1200.1485285,924.3667699,-243.7662715,0,0,-0.1350594,0.9908375;
custom,killcuboid,empty,0.0233519,0.000225,0.00897,1,0,0,0,1,1,1200.1485285,924.3292699,-243.7662715,0,0,-0.1350594,0.9908375;
custom,killcuboid,empty,0.0233519,0.000225,0.00897,1,0,0,0,1,1,1200.1485285,924.2917699,-243.7662715,0,0,-0.1350594,0.9908375;
custom,killcuboid,empty,0.0233519,0.000225,0.00897,1,0,0,0,1,1,1200.1485285,924.2542699,-243.7662715,0,0,-0.1350594,0.9908375;
custom,killcuboid,empty,0.0233519,0.000225,0.00897,1,0,0,0,1,1,1200.1485285,924.2167699,-243.7662715,0,0,-0.1350594,0.9908375;
custom,killcuboid,empty,0.0233519,0.000225,0.00897,1,0,0,0,1,1,1200.1485285,924.1792699,-243.7662715,0,0,-0.1350594,0.9908375;

custom,killcuboid,empty,0.000225,0.04375,0.00897,1,0,0,0,1,1,1200.1123965,924.3830566,-243.7662715,0,0,0,1;
custom,killcuboid,empty,0.000225,0.04375,0.00897,1,0,0,0,1,1,1200.1846604,924.3629833,-243.7662715,0,0,0,1;


custom,cylinder,bark,0.015,0.09,0.015,1,0.2,0.1,0,0.1,0.6,1200.7373535,923.8223699,-243.7662715,0,0,0,1;


custom,killcuboid,transparent0.5,0.09,0.06,0.006,1,0,0.4,0.01,1,1,1200.2773965,924.3680566,-243.7662715,0,0,0,1;

custom,cuboid,wood1,5,0.5,7,0,1,1,1,0.5,0.7,1200,891,-235,0,0,0,0;
custom,cuboid,wood1,5.01,0.49,7.01,0,1,1,1,0.5,0.049,1200,891,-235,0,0,0,0;
custom,cylinder,wood1,0.4,0.5,0.4,0,1,1,1,0.05,0.05,1220,886,-265,0,0,0,0;
custom,cylinder,wood1,0.4,0.5,0.4,0,1,1,1,0.05,0.05,1180,886,-265,0,0,0,0;
custom,cylinder,wood1,0.4,0.5,0.4,0,1,1,1,0.05,0.05,1220,886,-205,0,0,0,0;
custom,cylinder,wood1,0.4,0.5,0.4,0,1,1,1,0.05,0.05,1180,886,-205,0,0,0,0;

custom,cylinder,wood1,0.8,0.1,0.8,0,1,1,1,0.01,0.08,1207.5,890,-194,0,0,0,0;

custom,cylinder,wood1,0.1,0.4,0.1,0,1,1,1,0.01,0.08,1209.5,886,-191.5,0,0,0,0;
custom,cylinder,wood1,0.1,0.4,0.1,0,1,1,1,0.01,0.08,1205.5,886,-191.5,0,0,0,0;
custom,cylinder,wood1,0.1,0.4,0.1,0,1,1,1,0.01,0.08,1209.5,886,-196.5,0,0,0,0;
custom,cylinder,wood1,0.1,0.4,0.1,0,1,1,1,0.01,0.08,1205.5,886,-196.5,0,0,0,0;

custom,cylinder,wood1,0.8,0.1,0.8,0,1,1,1,0.01,0.08,1192.5,890,-194,0,0,0,0;

custom,cylinder,wood1,0.1,0.4,0.1,0,1,1,1,0.01,0.08,1194.5,886,-191.5,0,0,0,0;
custom,cylinder,wood1,0.1,0.4,0.1,0,1,1,1,0.01,0.08,1190.5,886,-191.5,0,0,0,0;
custom,cylinder,wood1,0.1,0.4,0.1,0,1,1,1,0.01,0.08,1194.5,886,-196.5,0,0,0,0;
custom,cylinder,wood1,0.1,0.4,0.1,0,1,1,1,0.01,0.08,1190.5,886,-196.5,0,0,0,0;

custom,cylinder,wood1,0.8,0.1,0.8,0,1,1,1,0.01,0.08,1207.5,890,-276,0,0,0,0;

custom,cylinder,wood1,0.1,0.4,0.1,0,1,1,1,0.01,0.08,1209.5,886,-273.5,0,0,0,0;
custom,cylinder,wood1,0.1,0.4,0.1,0,1,1,1,0.01,0.08,1205.5,886,-273.5,0,0,0,0;
custom,cylinder,wood1,0.1,0.4,0.1,0,1,1,1,0.01,0.08,1209.5,886,-278.5,0,0,0,0;
custom,cylinder,wood1,0.1,0.4,0.1,0,1,1,1,0.01,0.08,1205.5,886,-278.5,0,0,0,0;

custom,cylinder,wood1,0.8,0.1,0.8,0,1,1,1,0.01,0.08,1192.5,890,-276,0,0,0,0;

custom,cylinder,wood1,0.1,0.4,0.1,0,1,1,1,0.01,0.08,1194.5,886,-273.5,0,0,0,0;
custom,cylinder,wood1,0.1,0.4,0.1,0,1,1,1,0.01,0.08,1190.5,886,-273.5,0,0,0,0;
custom,cylinder,wood1,0.1,0.4,0.1,0,1,1,1,0.01,0.08,1194.5,886,-278.5,0,0,0,0;
custom,cylinder,wood1,0.1,0.4,0.1,0,1,1,1,0.01,0.08,1190.5,886,-278.5,0,0,0,0;

custom,cylinder,wood1,0.8,0.1,0.8,0,1,1,1,0.01,0.08,1231.5,890,-256,0,0,0,0;

custom,cylinder,wood1,0.1,0.4,0.1,0,1,1,1,0.01,0.08,1233.5,886,-253.5,0,0,0,0;
custom,cylinder,wood1,0.1,0.4,0.1,0,1,1,1,0.01,0.08,1229.5,886,-253.5,0,0,0,0;
custom,cylinder,wood1,0.1,0.4,0.1,0,1,1,1,0.01,0.08,1233.5,886,-258.5,0,0,0,0;
custom,cylinder,wood1,0.1,0.4,0.1,0,1,1,1,0.01,0.08,1229.5,886,-258.5,0,0,0,0;

custom,cylinder,wood1,0.8,0.1,0.8,0,1,1,1,0.01,0.08,1231.5,890,-241,0,0,0,0;

custom,cylinder,wood1,0.1,0.4,0.1,0,1,1,1,0.01,0.08,1233.5,886,-238.5,0,0,0,0;
custom,cylinder,wood1,0.1,0.4,0.1,0,1,1,1,0.01,0.08,1229.5,886,-238.5,0,0,0,0;
custom,cylinder,wood1,0.1,0.4,0.1,0,1,1,1,0.01,0.08,1233.5,886,-243.5,0,0,0,0;
custom,cylinder,wood1,0.1,0.4,0.1,0,1,1,1,0.01,0.08,1229.5,886,-243.5,0,0,0,0;

custom,cylinder,wood1,0.8,0.1,0.8,0,1,1,1,0.01,0.08,1231.5,890,-226,0,0,0,0;

custom,cylinder,wood1,0.1,0.4,0.1,0,1,1,1,0.01,0.08,1233.5,886,-223.5,0,0,0,0;
custom,cylinder,wood1,0.1,0.4,0.1,0,1,1,1,0.01,0.08,1229.5,886,-223.5,0,0,0,0;
custom,cylinder,wood1,0.1,0.4,0.1,0,1,1,1,0.01,0.08,1233.5,886,-228.5,0,0,0,0;
custom,cylinder,wood1,0.1,0.4,0.1,0,1,1,1,0.01,0.08,1229.5,886,-228.5,0,0,0,0;

custom,cylinder,wood1,0.8,0.1,0.8,0,1,1,1,0.01,0.08,1231.5,890,-211,0,0,0,0;

custom,cylinder,wood1,0.1,0.4,0.1,0,1,1,1,0.01,0.08,1233.5,886,-208.5,0,0,0,0;
custom,cylinder,wood1,0.1,0.4,0.1,0,1,1,1,0.01,0.08,1229.5,886,-208.5,0,0,0,0;
custom,cylinder,wood1,0.1,0.4,0.1,0,1,1,1,0.01,0.08,1233.5,886,-213.5,0,0,0,0;
custom,cylinder,wood1,0.1,0.4,0.1,0,1,1,1,0.01,0.08,1229.5,886,-213.5,0,0,0,0;

custom,cylinder,wood1,0.8,0.1,0.8,0,1,1,1,0.01,0.08,1168.5,890,-256,0,0,0,0;

custom,cylinder,wood1,0.1,0.4,0.1,0,1,1,1,0.01,0.08,1170.5,886,-253.5,0,0,0,0;
custom,cylinder,wood1,0.1,0.4,0.1,0,1,1,1,0.01,0.08,1166.5,886,-253.5,0,0,0,0;
custom,cylinder,wood1,0.1,0.4,0.1,0,1,1,1,0.01,0.08,1170.5,886,-258.5,0,0,0,0;
custom,cylinder,wood1,0.1,0.4,0.1,0,1,1,1,0.01,0.08,1166.5,886,-258.5,0,0,0,0;

custom,cylinder,wood1,0.8,0.1,0.8,0,1,1,1,0.01,0.08,1168.5,890,-241,0,0,0,0;

custom,cylinder,wood1,0.1,0.4,0.1,0,1,1,1,0.01,0.08,1170.5,886,-238.5,0,0,0,0;
custom,cylinder,wood1,0.1,0.4,0.1,0,1,1,1,0.01,0.08,1166.5,886,-238.5,0,0,0,0;
custom,cylinder,wood1,0.1,0.4,0.1,0,1,1,1,0.01,0.08,1170.5,886,-243.5,0,0,0,0;
custom,cylinder,wood1,0.1,0.4,0.1,0,1,1,1,0.01,0.08,1166.5,886,-243.5,0,0,0,0;

custom,cylinder,wood1,0.8,0.1,0.8,0,1,1,1,0.01,0.08,1168.5,890,-226,0,0,0,0;

custom,cylinder,wood1,0.1,0.4,0.1,0,1,1,1,0.01,0.08,1170.5,886,-223.5,0,0,0,0;
custom,cylinder,wood1,0.1,0.4,0.1,0,1,1,1,0.01,0.08,1166.5,886,-223.5,0,0,0,0;
custom,cylinder,wood1,0.1,0.4,0.1,0,1,1,1,0.01,0.08,1170.5,886,-228.5,0,0,0,0;
custom,cylinder,wood1,0.1,0.4,0.1,0,1,1,1,0.01,0.08,1166.5,886,-228.5,0,0,0,0;

custom,cylinder,wood1,0.8,0.1,0.8,0,1,1,1,0.01,0.08,1168.5,890,-211,0,0,0,0;

custom,cylinder,wood1,0.1,0.4,0.1,0,1,1,1,0.01,0.08,1170.5,886,-208.5,0,0,0,0;
custom,cylinder,wood1,0.1,0.4,0.1,0,1,1,1,0.01,0.08,1166.5,886,-208.5,0,0,0,0;
custom,cylinder,wood1,0.1,0.4,0.1,0,1,1,1,0.01,0.08,1170.5,886,-213.5,0,0,0,0;
custom,cylinder,wood1,0.1,0.4,0.1,0,1,1,1,0.01,0.08,1166.5,886,-213.5,0,0,0,0;

//holo egg;


custom,cuboid,ice1,22,1,120,0,0,0,0,2.2,12,1200,424,-700,0,1,0,1;
custom,cuboid,ice1,22,1,140,0,0,0,0,2.2,14,1200,424,-500,0,1,0,1;
custom,cuboid,ice1,22,0.998,170,0,0,0,0,2.2,17,1200,424,-280,0,1,0,1;
custom,cuboid,ice1,4,0.98,140,0,0,0,0,0.4,12,1200,424,65,0,1,0,1;
custom,cuboid,ice1,64,1,120,0,0,0,0,6.4,12,1200,424,400,0,1,0,1;
custom,cuboid,ice1,24,1,30,0,0,0,0,2.4,3,680,424,480,0,0,0,0;
custom,cuboid,ice1,13,0.98,140,0,0,0,0,1.3,12,1200,424,-110,0,1,0,1;
custom,cuboid,ice1,9,1,60,0,0,0,0,0.9,6,855,424,0,0,1,0,1;
custom,cuboid,ice1,9,1,60,0,0,0,0,0.9,6,1545,424,0,0,1,0,1;


custom,cuboid,ice1,22,1,100,0,0,0,0,2.2,10,1200,585,-500,0,1,0,1;
custom,cuboid,ice1,22,0.998,160,0,0,0,0,2.2,17,1200,585,-280,0,1,0,1;
custom,cuboid,ice1,4,0.98,140,0,0,0,0,0.4,14,1200,585,65,0,1,0,1;
custom,cuboid,ice1,64,1,110,0,0,0,0,6.4,11,1200,585,400,0,1,0,1;
custom,cuboid,ice1,13,0.98,135,0,0,0,0,1.3,13.5,1200,585,-110,0,1,0,1;
custom,cuboid,ice1,9,1,60,0,0,0,0,0.9,6,855,585,0,0,1,0,1;
custom,cuboid,ice1,9,1,60,0,0,0,0,0.9,6,1545,585,0,0,1,0,1;


custom,cuboid,crystal2,16.65,18,9.6,0,0,0,0,1,1,1363.4200825,505,586.7999394,0,1,0,-0.1316525;
custom,cuboid,crystal2,16.65,18,9.6,0,0,0,0,1,1,1509.9375126,505,526.1104328,0,1,0,-0.2679492;
custom,cuboid,crystal2,16.65,18,9.6,0,0,0,0,1,1,1635.7548822,505,429.5673696,0,1,0,-0.4142136;
custom,cuboid,crystal2,16.65,18,9.6,0,0,0,0,1,1,1732.2979454,505,303.75,0,1,0,-0.5773503;
custom,cuboid,crystal2,16.65,18,9.6,0,0,0,0,1,1,1792.987452,505,157.2325699,0,1,0,-0.767327;
custom,cuboid,crystal2,16.65,18,9.6,0,0,0,0,1,1,1813.6875126,505,0,0,1,0,-1;
custom,cuboid,crystal2,16.65,18,9.6,0,0,0,0,1,1,1792.987452,505,-157.2325699,0,1,0,-1.3032254;
custom,cuboid,crystal2,16.65,18,9.6,0,0,0,0,1,1,1732.2979454,505,-303.75,0,1,0,-1.7320508;
custom,cuboid,crystal2,16.65,18,9.6,0,0,0,0,1,1,1635.7548822,505,-429.5673696,0,1,0,-2.4142136;
custom,cuboid,crystal2,16.65,18,9.6,0,0,0,0,1,1,1509.9375126,505,-526.1104328,0,1,0,-3.7320508;
custom,cuboid,crystal2,16.65,18,9.6,0,0,0,0,1,1,1363.4200825,505,-586.7999394,0,1,0,-7.5957541;
custom,cuboid,crystal2,16.65,18,9.6,0,0,0,0,1,1,1198.9549427,505,-586.7999394,0,0,0,0;
custom,cuboid,crystal2,16.65,18,9.6,0,0,0,0,1,1,1048.9549427,505,-586.7999394,0,1,0,7.5957541;
custom,cuboid,crystal2,16.65,18,9.6,0,0,0,0,1,1,902.4375126,505,-526.1104328,0,1,0,3.7320508;
custom,cuboid,crystal2,16.65,18,9.6,0,0,0,0,1,1,776.620143,505,-429.5673696,0,1,0,2.4142136;
custom,cuboid,crystal2,16.65,18,9.6,0,0,0,0,1,1,680.0770798,505,-303.75,0,1,0,1.7320508;
custom,cuboid,crystal2,16.65,18,9.6,0,0,0,0,1,1,1198.9549427,505,586.7999394,0,0,0,0;
custom,cuboid,crystal2,16.65,18,9.6,0,0,0,0,1,1,680.0770798,505,303.75,0,1,0,0.5773503;
custom,cuboid,crystal2,16.65,18,9.6,0,0,0,0,1,1,776.620143,505,429.5673696,0,1,0,0.4142136;
custom,cuboid,crystal2,16.65,18,9.6,0,0,0,0,1,1,902.4375126,505,526.1104328,0,1,0,0.2679492;
custom,cuboid,crystal2,16.65,18,9.6,0,0,0,0,1,1,1048.9549427,505,586.7999394,0,1,0,0.1316525;
custom,cuboid,crystal2,12.25,18,9.6,0,0,0,0,1,1,613.6875126,505,60,0,1,0,-1;
custom,cuboid,crystal2,12.25,18,9.6,0,0,0,0,1,1,613.6875126,505,-70,0,1,0,-1;
custom,cuboid,crystal2,12.25,16,9.5,0,0,0,0,1,1,613.6875126,495,10,0,1,0,-1;

custom,cuboid,crystal2,16.65,18,9.6,0,0,0,0,1,1,635.3875732,505,-217.2325699,0,1,0,1.3032254;
custom,cuboid,crystal2,16.65,18,9.6,0,0,0,0,1,1,635.3875732,505,199.2325699,0,1,0,0.767327;


custom,boulder1,rock3,20.8125,22.5,12,0,0,0,0,1,1,1400.853225,505,733.4999243,0,1,0,-0.1316525;
custom,boulder1,rock3,20.8125,22.5,12,0,0,0,0,1,1,1584.0000126,505,657.638041,0,1,0,-0.2679492;
custom,boulder1,rock3,20.8125,22.5,12,0,0,0,0,1,1,1741.2717246,505,536.959212,0,1,0,-0.4142136;
custom,boulder1,rock3,20.8125,22.5,12,0,0,0,0,1,1,1861.9505536,505,379.6875,0,1,0,-0.5773503;
custom,boulder1,rock3,20.8125,22.5,12,0,0,0,0,1,1,1937.8124369,505,196.5407124,0,1,0,-0.767327;
custom,boulder1,rock3,20.8125,22.5,12,0,0,0,0,1,1,1963.6875126,505,0,0,1,0,-1;
custom,boulder1,rock3,20.8125,22.5,12,0,0,0,0,1,1,1937.8124369,505,-196.5407124,0,1,0,-1.3032254;
custom,boulder1,rock3,20.8125,22.5,12,0,0,0,0,1,1,1861.9505536,505,-379.6875,0,1,0,-1.7320508;
custom,boulder1,rock3,20.8125,22.5,12,0,0,0,0,1,1,1741.2717246,505,-536.959212,0,1,0,-2.4142136;
custom,boulder1,rock3,20.8125,22.5,12,0,0,0,0,1,1,1584.0000126,505,-657.638041,0,1,0,-3.7320508;
custom,boulder1,rock3,20.8125,22.5,12,0,0,0,0,1,1,1400.853225,505,-733.4999243,0,1,0,-7.5957541;
custom,boulder1,rock3,20.8125,22.5,12,0,0,0,0,1,1,1195.2718002,505,-733.4999243,0,0,0,0;
custom,boulder1,rock3,20.8125,22.5,12,0,0,0,0,1,1,1007.7718002,505,-733.4999243,0,1,0,7.5957541;
custom,boulder1,rock3,20.8125,22.5,12,0,0,0,0,1,1,824.6250126,505,-657.638041,0,1,0,3.7320508;
custom,boulder1,rock3,20.8125,22.5,12,0,0,0,0,1,1,667.3533006,505,-536.959212,0,1,0,2.4142136;
custom,boulder1,rock3,20.8125,22.5,12,0,0,0,0,1,1,546.6744716,505,-379.6875,0,1,0,1.7320508;
custom,boulder1,rock3,20.8125,22.5,12,0,0,0,0,1,1,470.8125883,505,-361.5407124,0,1,0,1.3032254;
custom,boulder1,rock3,20.8125,22.5,12,0,0,0,0,1,1,1195.2718002,505,733.4999243,0,0,0,0;
custom,boulder1,rock3,20.8125,22.5,12,0,0,0,0,1,1,470.8125883,505,339.0407124,0,1,0,0.767327;
custom,boulder1,rock3,20.8125,22.5,12,0,0,0,0,1,1,546.6744716,505,379.6875,0,1,0,0.5773503;
custom,boulder1,rock3,20.8125,22.5,12,0,0,0,0,1,1,667.3533006,505,536.959212,0,1,0,0.4142136;
custom,boulder1,rock3,20.8125,22.5,12,0,0,0,0,1,1,824.6250126,505,657.638041,0,1,0,0.2679492;
custom,boulder1,rock3,20.8125,22.5,12,0,0,0,0,1,1,1007.7718002,505,733.4999243,0,1,0,0.1316525;
custom,boulder1,rock3,15.8125,22.5,12,0,0,0,0,1,1,463.6875126,505,200,0,1,0,-1;
custom,boulder1,rock3,15.8125,22.5,12,0,0,0,0,1,1,463.6875126,505,-200,0,1,0,-1;
custom,boulder1,rock3,15.8125,12.5,12,0,0,0,0,1,1,463.6875126,415,0,0,1,0,-1;
custom,boulder1,rock3,20.8125,8.5,12,0,0,0,0,1,1,463.6875126,665,0,0,1,0,-1;


custom,killcylinder,transparent0.5,0.3,22,0.3,1,1,0.9,0,1,1,630,577,-5,0.5,0.5,0.5,-0.5;

custom,killcylinder,barriereditormat,2,0.2,2,0,1,1,1,1,1,850,577,-5,0,0,-0.7071068,0.7071068;

custom,killsphere,transparent0.5,0.6,0.6,0.6,1,1,0.9,0,1,1,850,577,-5,0,0,0,0;


custom,torus,default,2.7,2.5,2.7,1,0,0,0,1,1,850,577,-3.5,0,0,-0.7071068,0.7071068;



custom,cuboid,crystal2,2.5,10,2.5,0,0,0,0,0.25,1.0,1050,465,250,0,0,0,0;
custom,pyramid,crystal2,3.5,7,3.5,0,0,0,0,0.35,0.7,1050,472.3,250,0,0,0,0;
custom,cuboid,arena2tex,2.5,2.5,2.5,0,0.5,1,0.85,1,1,1050,527.5,250,0,0,0,0;

custom,cuboid,crystal2,2.5,10,2.5,0,0,0,0,0.25,1.0,1050,465,-250,0,0,0,0;
custom,pyramid,crystal2,3.5,7,3.5,0,0,0,0,0.35,0.7,1050,472.3,-250,0,0,0,0;
custom,cuboid,arena2tex,2.5,2.5,2.5,0,0.5,1,0.85,1,1,1050,527.5,-250,0,0,0,0;


custom,killcylinder,transparent0.5,0.3,16,0.3,1,1,0.9,0,1,1,945.1427,553.7981,-130.0519,0.7175788,0.2170581,0.2400225,-0.6167299;

custom,killcylinder,transparent0.5,0.3,16.5,0.3,1,1,0.9,0,1,1,945.1427,553.7981,126.0519,0.2089667,-0.7206591,0.6195182,0.2306091;


custom,cuboid,crystal2,2.5,10,2.5,0,0,0,0,0.25,1.0,1400,465,100,0,0,0,0;
custom,pyramid,crystal2,3.5,7,3.5,0,0,0,0,0.35,0.7,1400,472.3,100,0,0,0,0;
custom,cuboid,arena2tex,2.5,2.5,2.5,1,1,0.5,0,1,1,1400,527.5,100,0,0,0,0;
custom,killsphere,transparent0.5,1.7272727,1.9090909,1.7272727,1,1,0.5,0,2,1,1400,547.5,101,0,0.3826834,0,0.9238795;

custom,cuboid,crystal2,2.5,10,2.5,0,0,0,0,0.25,1.0,1400,465,200,0,0,0,0;
custom,pyramid,crystal2,3.5,7,3.5,0,0,0,0,0.35,0.7,1400,472.3,200,0,0,0,0;
custom,cuboid,arena2tex,2.5,2.5,2.5,1,255,0,0,1,1,1400,527.5,200,0,0,0,0;
custom,killsphere,transparent0.5,1.7272727,1.9090909,1.7272727,1,255,0,0,2,1,1400,547.5,201,0,0.3826834,0,0.9238795;

custom,cuboid,crystal2,2.5,10,2.5,0,0,0,0,0.25,1.0,1400,465,300,0,0,0,0;
custom,pyramid,crystal2,3.5,7,3.5,0,0,0,0,0.35,0.7,1400,472.3,300,0,0,0,0;
custom,cuboid,arena2tex,2.5,2.5,2.5,1,0.29,255,0,1,1,1400,527.5,300,0,0,0,0;
custom,killsphere,transparent0.5,1.7272727,1.9090909,1.7272727,1,0.29,255,0,2,1,1400,547.5,301,0,0.3826834,0,0.9238795;

custom,cuboid,crystal2,2.5,10,2.5,0,0,0,0,0.25,1.0,1400,465,400,0,0,0,0;
custom,pyramid,crystal2,3.5,7,3.5,0,0,0,0,0.35,0.7,1400,472.3,400,0,0,0,0;
custom,cuboid,arena2tex,2.5,2.5,2.5,1,1,1,0,1,1,1400,527.5,400,0,0,0,0;
custom,killsphere,transparent0.5,1.7272727,1.9090909,1.7272727,1,1,1,0,2,1,1400,547.5,401,0,0.3826834,0,0.9238795;



custom,cuboid,crystal2,2.5,10,2.5,0,0,0,0,0.25,1,1400,465,-100,0,0,0,0;
custom,pyramid,crystal2,3.5,7,3.5,0,0,0,0,0.35,0.7,1400,472.3,-100,0,0,0,0;
custom,cuboid,arena2tex,2.5,2.5,2.5,1,0,1,0.35,1,1,1400,527.5,-100,0,0,0,0;
custom,killsphere,transparent0.5,1.7272727,1.9090909,1.7272727,1,0,1,0.35,2,1,1400,547.5,-99,0,0.3826834,0,0.9238795;

custom,cuboid,crystal2,2.5,10,2.5,0,0,0,0,0.25,1,1400,465,-200,0,0,0,0;
custom,pyramid,crystal2,3.5,7,3.5,0,0,0,0,0.35,0.7,1400,472.3,-200,0,0,0,0;
custom,cuboid,arena2tex,2.5,2.5,2.5,1,0,1,1,1,1,1400,527.5,-200,0,0,0,0;
custom,killsphere,transparent0.5,1.7272727,1.9090909,1.7272727,1,0,1,1,2,1,1400,547.5,-199,0,0.3826834,0,0.9238795;

custom,cuboid,crystal2,2.5,10,2.5,0,0,0,0,0.25,1,1400,465,-300,0,0,0,0;
custom,pyramid,crystal2,3.5,7,3.5,0,0,0,0,0.35,0.7,1400,472.3,-300,0,0,0,0;
custom,cuboid,arena2tex,2.5,2.5,2.5,1,1,0,1,1,1,1400,527.5,-300,0,0,0,0;
custom,killsphere,transparent0.5,1.7272727,1.9090909,1.7272727,1,1,0,1,2,1,1400,547.5,-299,0,0.3826834,0,0.9238795;

custom,cuboid,crystal2,2.5,10,2.5,0,0,0,0,0.25,1,1400,465,-400,0,0,0,0;
custom,pyramid,crystal2,3.5,7,3.5,0,0,0,0,0.35,0.7,1400,472.3,-400,0,0,0,0;
custom,cuboid,arena2tex,2.5,2.5,2.5,1,0,0.1,1,1,1,1400,527.5,-400,0,0,0,0;
custom,killsphere,transparent0.5,1.7272727,1.9090909,1.7272727,1,0,0.1,1,2,1,1400,547.5,-401,0,0.3826834,0,0.9238795;




custom,killcylinder,transparent0.5,0.3,18,0.3,1,1,1,0,1,1,1225,527.5,325,0.3799282,0.5963678,0.5963678,-0.3799282;
custom,killcylinder,transparent0.5,0.3,16.5,0.3,1,0.29,255,0,1,1,1226.968,527.5,274.832,0.4587596,0.5380889,0.5380889,-0.4587596;
custom,killcylinder,transparent0.5,0.3,16.5,0.3,1,255,0,0,1,1,1224.376,527.5,225.2517,0.5348732,0.4625049,0.4625049,-0.5348732;
custom,killcylinder,transparent0.5,0.3,18,0.3,1,1,0.5,0,1,1,1225.511,527.5,172.655,0.5963678,0.3799282,0.3799282,-0.5963678;



custom,killcylinder,transparent0.5,0.3,18,0.3,1,0,1,0.35,1,1,1225,527.5,-175,0.3799282,0.5963678,0.5963678,-0.3799282;
custom,killcylinder,transparent0.5,0.3,16.5,0.3,1,0,1,1,1,1,1226.968,527.5,-225.168,0.4587596,0.5380889,0.5380889,-0.4587596;
custom,killcylinder,transparent0.5,0.3,16.5,0.3,1,1,0,1,1,1,1224.376,527.5,-274.7483,0.5348732,0.4625049,0.4625049,-0.5348732;
custom,killcylinder,transparent0.5,0.3,18,0.3,1,0,0.1,1,1,1,1225.511,527.5,-327.345,0.5963678,0.3799282,0.3799282,-0.5963678;





custom,cylinder,default,0.15,5,0.15,1,0,0,0,1,1,1336,1375,67,0,0,0,0;
custom,elevator1,default,1,2,1,0,1,1,1,1,1,1336,1294,67,0,0.0200836,0,0.9997983;
custom,sphere,default,1.25,2,1.25,1,1,1,0,1,1,1336,1304,67,0,0.0200836,0,0.9997983;
custom,sphere,bombtex,1.26,2.1,1.26,1,1,1,0,99999999999,99999999999,1336,1304,67,0,0.0200836,0,0.9997983;

custom,cylinder,default,0.15,5,0.15,1,0,0,0,1,1,1336,1375,-8,0,0,0,0;
custom,elevator1,default,1,2,1,0,1,1,1,1,1,1336,1294,-8,0,0.3826834,0,0.9238795;
custom,sphere,default,1.25,2,1.25,1,1,1,0,1,1,1336,1304,-8,0,0.0200836,0,0.9997983;
custom,sphere,bombtex,1.26,2.1,1.26,1,1,1,0,99999999999,99999999999,1336,1304,-8,0,0.0200836,0,0.9997983;

custom,cylinder,default,0.15,5,0.15,1,0,0,0,1,1,1336,1375,-83,0,0,0,0;
custom,elevator1,default,1,2,1,0,1,1,1,1,1,1336,1294,-83,0,0.0200836,0,0.9997983;
custom,sphere,default,1.25,2,1.25,1,1,1,0,1,1,1336,1304,-83,0,0.0200836,0,0.9997983;
custom,sphere,bombtex,1.26,2.1,1.26,1,1,1,0,99999999999,99999999999,1336,1304,-83,0,0.0200836,0,0.9997983;

custom,cylinder,default,0.15,5,0.15,1,0,0,0,1,1,1336,1375,142,0,0,0,0;
custom,elevator1,default,1,2,1,0,1,1,1,1,1,1336,1294,142,0,0.3826834,0,0.9238795;
custom,sphere,default,1.25,2,1.25,1,1,1,0,1,1,1336,1304,142,0,0.0200836,0,0.9997983;
custom,sphere,bombtex,1.26,2.1,1.26,1,1,1,0,99999999999,99999999999,1336,1304,142,0,0.0200836,0,0.9997983;

custom,cylinder,default,0.15,5,0.15,1,0,0,0,1,1,1336,1375,-158,0,0,0,0;
custom,elevator1,default,1,2,1,0,1,1,1,1,1,1336,1294,-158,0,0.3826834,0,0.9238795;
custom,sphere,default,1.25,2,1.25,1,1,1,0,1,1,1336,1304,-158,0,0.0200836,0,0.9997983;
custom,sphere,bombtex,1.26,2.1,1.26,1,1,1,0,99999999999,99999999999,1336,1304,-158,0,0.0200836,0,0.9997983;


custom,cylinder,default,0.15,5,0.15,1,0,0,0,1,1,1236,1375,67,0,0,0,0;
custom,elevator1,default,1,2,1,0,1,1,1,1,1,1236,1294,67,0,0.0200836,0,0.9997983;
custom,sphere,default,1.25,2,1.25,1,1,1,0,1,1,1236,1304,67,0,0.0200836,0,0.9997983;
custom,sphere,bombtex,1.26,2.1,1.26,1,1,1,0,99999999999,99999999999,1236,1304,67,0,0.0200836,0,0.9997983;

custom,cylinder,default,0.15,5,0.15,1,0,0,0,1,1,1236,1375,-8,0,0,0,0;
custom,elevator1,default,1,2,1,0,1,1,1,1,1,1236,1294,-8,0,0.3826834,0,0.9238795;
custom,sphere,default,1.25,2,1.25,1,1,1,0,1,1,1236,1304,-8,0,0.0200836,0,0.9997983;
custom,sphere,bombtex,1.26,2.1,1.26,1,1,1,0,99999999999,99999999999,1236,1304,-8,0,0.0200836,0,0.9997983;

custom,cylinder,default,0.15,5,0.15,1,0,0,0,1,1,1236,1375,-83,0,0,0,0;
custom,elevator1,default,1,2,1,0,1,1,1,1,1,1236,1294,-83,0,0.0200836,0,0.9997983;
custom,sphere,default,1.25,2,1.25,1,1,1,0,1,1,1236,1304,-83,0,0.0200836,0,0.9997983;
custom,sphere,bombtex,1.26,2.1,1.26,1,1,1,0,99999999999,99999999999,1236,1304,-83,0,0.0200836,0,0.9997983;

custom,cylinder,default,0.15,5,0.15,1,0,0,0,1,1,1236,1375,142,0,0,0,0;
custom,elevator1,default,1,2,1,0,1,1,1,1,1,1236,1294,142,0,0.3826834,0,0.9238795;
custom,sphere,default,1.25,2,1.25,1,1,1,0,1,1,1236,1304,142,0,0.0200836,0,0.9997983;
custom,sphere,bombtex,1.26,2.1,1.26,1,1,1,0,99999999999,99999999999,1236,1304,142,0,0.0200836,0,0.9997983;

custom,cylinder,default,0.15,5,0.15,1,0,0,0,1,1,1236,1375,-158,0,0,0,0;
custom,elevator1,default,1,2,1,0,1,1,1,1,1,1236,1294,-158,0,0.3826834,0,0.9238795;
custom,sphere,default,1.25,2,1.25,1,1,1,0,1,1,1236,1304,-158,0,0.0200836,0,0.9997983;
custom,sphere,bombtex,1.26,2.1,1.26,1,1,1,0,99999999999,99999999999,1236,1304,-158,0,0.0200836,0,0.9997983;

custom,cylinder,default,0.15,5,0.15,1,0,0,0,1,1,1236,1375,217,0,0,0,0;
custom,elevator1,default,1,2,1,0,1,1,1,1,1,1236,1294,217,0,0.0200836,0,0.9997983;
custom,sphere,default,1.25,2,1.25,1,1,1,0,1,1,1236,1304,217,0,0.0200836,0,0.9997983;
custom,sphere,bombtex,1.26,2.1,1.26,1,1,1,0,99999999999,99999999999,1236,1304,217,0,0.0200836,0,0.9997983;

custom,cylinder,default,0.15,5,0.15,1,0,0,0,1,1,1236,1375,-233,0,0,0,0;
custom,elevator1,default,1,2,1,0,1,1,1,1,1,1236,1294,-233,0,0.0200836,0,0.9997983;
custom,sphere,default,1.25,2,1.25,1,1,1,0,1,1,1236,1304,-233,0,0.0200836,0,0.9997983;
custom,sphere,bombtex,1.26,2.1,1.26,1,1,1,0,99999999999,99999999999,1236,1304,-233,0,0.0200836,0,0.9997983;


custom,cylinder,default,0.15,5,0.15,1,0,0,0,1,1,1136,1375,67,0,0,0,0;
custom,elevator1,default,1,2,1,0,1,1,1,1,1,1136,1294,67,0,0.0200836,0,0.9997983;
custom,sphere,default,1.25,2,1.25,1,1,1,0,1,1,1136,1304,67,0,0.0200836,0,0.9997983;
custom,sphere,bombtex,1.26,2.1,1.26,1,1,1,0,99999999999,99999999999,1136,1304,67,0,0.0200836,0,0.9997983;

custom,cylinder,default,0.15,5,0.15,1,0,0,0,1,1,1136,1375,-8,0,0,0,0;
custom,elevator1,default,1,2,1,0,1,1,1,1,1,1136,1294,-8,0,0.3826834,0,0.9238795;
custom,sphere,default,1.25,2,1.25,1,1,1,0,1,1,1136,1304,-8,0,0.0200836,0,0.9997983;
custom,sphere,bombtex,1.26,2.1,1.26,1,1,1,0,99999999999,99999999999,1136,1304,-8,0,0.0200836,0,0.9997983;

custom,cylinder,default,0.15,5,0.15,1,0,0,0,1,1,1136,1375,-83,0,0,0,0;
custom,elevator1,default,1,2,1,0,1,1,1,1,1,1136,1294,-83,0,0.0200836,0,0.9997983;
custom,sphere,default,1.25,2,1.25,1,1,1,0,1,1,1136,1304,-83,0,0.0200836,0,0.9997983;
custom,sphere,bombtex,1.26,2.1,1.26,1,1,1,0,99999999999,99999999999,1136,1304,-83,0,0.0200836,0,0.9997983;

custom,cylinder,default,0.15,5,0.15,1,0,0,0,1,1,1136,1375,142,0,0,0,0;
custom,elevator1,default,1,2,1,0,1,1,1,1,1,1136,1294,142,0,0.3826834,0,0.9238795;
custom,sphere,default,1.25,2,1.25,1,1,1,0,1,1,1136,1304,142,0,0.0200836,0,0.9997983;
custom,sphere,bombtex,1.26,2.1,1.26,1,1,1,0,99999999999,99999999999,1136,1304,142,0,0.0200836,0,0.9997983;

custom,cylinder,default,0.15,5,0.15,1,0,0,0,1,1,1136,1375,-158,0,0,0,0;
custom,elevator1,default,1,2,1,0,1,1,1,1,1,1136,1294,-158,0,0.3826834,0,0.9238795;
custom,sphere,default,1.25,2,1.25,1,1,1,0,1,1,1136,1304,-158,0,0.0200836,0,0.9997983;
custom,sphere,bombtex,1.26,2.1,1.26,1,1,1,0,99999999999,99999999999,1136,1304,-158,0,0.0200836,0,0.9997983;

custom,cylinder,default,0.15,5,0.15,1,0,0,0,1,1,1136,1375,217,0,0,0,0;
custom,elevator1,default,1,2,1,0,1,1,1,1,1,1136,1294,217,0,0.0200836,0,0.9997983;
custom,sphere,default,1.25,2,1.25,1,1,1,0,1,1,1136,1304,217,0,0.0200836,0,0.9997983;
custom,sphere,bombtex,1.26,2.1,1.26,1,1,1,0,99999999999,99999999999,1136,1304,217,0,0.0200836,0,0.9997983;

custom,cylinder,default,0.15,5,0.15,1,0,0,0,1,1,1136,1375,-233,0,0,0,0;
custom,elevator1,default,1,2,1,0,1,1,1,1,1,1136,1294,-233,0,0.0200836,0,0.9997983;
custom,sphere,default,1.25,2,1.25,1,1,1,0,1,1,1136,1304,-233,0,0.0200836,0,0.9997983;
custom,sphere,bombtex,1.26,2.1,1.26,1,1,1,0,99999999999,99999999999,1136,1304,-233,0,0.0200836,0,0.9997983;




custom,cylinder,default,0.15,5,0.15,1,0,0,0,1,1,1036,1375,67,0,0,0,0;
custom,elevator1,default,1,2,1,0,1,1,1,1,1,1036,1294,67,0,0.0200836,0,0.9997983;
custom,sphere,default,1.25,2,1.25,1,1,1,0,1,1,1036,1304,67,0,0.0200836,0,0.9997983;
custom,sphere,bombtex,1.26,2.1,1.26,1,1,1,0,99999999999,99999999999,1036,1304,67,0,0.0200836,0,0.9997983;

custom,cylinder,default,0.15,5,0.15,1,0,0,0,1,1,1036,1375,-8,0,0,0,0;
custom,elevator1,default,1,2,1,0,1,1,1,1,1,1036,1294,-8,0,0.3826834,0,0.9238795;
custom,sphere,default,1.25,2,1.25,1,1,1,0,1,1,1036,1304,-8,0,0.0200836,0,0.9997983;
custom,sphere,bombtex,1.26,2.1,1.26,1,1,1,0,99999999999,99999999999,1036,1304,-8,0,0.0200836,0,0.9997983;

custom,cylinder,default,0.15,5,0.15,1,0,0,0,1,1,1036,1375,-83,0,0,0,0;
custom,elevator1,default,1,2,1,0,1,1,1,1,1,1036,1294,-83,0,0.0200836,0,0.9997983;
custom,sphere,default,1.25,2,1.25,1,1,1,0,1,1,1036,1304,-83,0,0.0200836,0,0.9997983;
custom,sphere,bombtex,1.26,2.1,1.26,1,1,1,0,99999999999,99999999999,1036,1304,-83,0,0.0200836,0,0.9997983;

custom,cylinder,default,0.15,5,0.15,1,0,0,0,1,1,1036,1375,142,0,0,0,0;
custom,elevator1,default,1,2,1,0,1,1,1,1,1,1036,1294,142,0,0.3826834,0,0.9238795;
custom,sphere,default,1.25,2,1.25,1,1,1,0,1,1,1036,1304,142,0,0.0200836,0,0.9997983;
custom,sphere,bombtex,1.26,2.1,1.26,1,1,1,0,99999999999,99999999999,1036,1304,142,0,0.0200836,0,0.9997983;

custom,cylinder,default,0.15,5,0.15,1,0,0,0,1,1,1036,1375,-158,0,0,0,0;
custom,elevator1,default,1,2,1,0,1,1,1,1,1,1036,1294,-158,0,0.3826834,0,0.9238795;
custom,sphere,default,1.25,2,1.25,1,1,1,0,1,1,1036,1304,-158,0,0.0200836,0,0.9997983;
custom,sphere,bombtex,1.26,2.1,1.26,1,1,1,0,99999999999,99999999999,1036,1304,-158,0,0.0200836,0,0.9997983;

custom,cylinder,house9mat2,10.1,0.25,10.1,1,1,1,1,1,1,1300,885,-100,0,-0.7071068,0,0.7071068;
custom,cylinder,house9mat2,8,0.5,8,1,1,1,1,0.8,0.8,1300,885,-100,0,-0.7071068,0,0.7071068;
custom,cylinder,crystal2,6,0.6,6,1,1,1,1,0.01,0.01,1300,885,-100,0,-0.7071068,0,0.7071068;
custom,cylinder,house9mat2,4,0.75,4,1,1,1,1,0.4,0.4,1300,885,-100,0,-0.7071068,0,0.7071068;
custom,statue1,house9mat2,-2,2,2,1,1,1,1,1,1,1300,885,-100,0,-0.7071068,0,0.7071068;


custom,cylinder,house9mat2,10.1,0.25,10.1,1,1,1,1,1,1,1100,885,-100,0,0.7071068,0,0.7071068;
custom,cylinder,house9mat2,8,0.5,8,1,1,1,1,0.8,0.8,1100,885,-100,0,0.7071068,0,0.7071068;
custom,cylinder,crystal2,6,0.6,6,1,1,1,1,0.01,0.01,1100,885,-100,0,0.7071068,0,0.7071068;
custom,cylinder,house9mat2,4,0.75,4,1,1,1,1,0.4,0.4,1100,885,-100,0,0.7071068,0,0.7071068;
custom,statue1,house9mat2,2,2,2,1,1,1,1,1,1,1100,885,-100,0,0.7071068,0,0.7071068;

custom,boulder3,rock3,2,1,1,0,1,1,1,1.0,1.0,797.9385,178.2335,332.0383,0.2760905,0.5599449,0.7411306,-0.2469036;