
map,disablebounds;
//barrier;

misc,barrier,1,8,105,710,45,0,0,0,0,0;
misc,barrier,1,8,105,310,45,0,0,0,0,0;
misc,barrier,1,8,115,140,45,200,0,0,0,0;
misc,barrier,1,8,55,60,45,450,0,0,0,0;
misc,barrier,1,8,25,-140,45,400,0,0,0,0;
misc,barrier,1,8,45,-140,45,-250,0,0,0,0;
misc,barrier,1,8,25,-390,45,200,0,0,0,0;
misc,barrier,1,8,85,-540,45,100,0,0,0,0;

misc,barrier,35,8,1,-340,45,550,0,0,0,0;
misc,barrier,10,8,1,-200,45,300,0,0,0,0;
misc,barrier,35,8,1,-150,45,150,0,0,0,0;
misc,barrier,35,8,1,-550,45,-350,0,0,0,0;
misc,barrier,30,8,1,-300,45,-500,0,0,0,0;
misc,barrier,84,8,1,0,45,-600,0,0,0,0;

misc,barrier,150,1.5,70,0,85,-450,0,0,0,0;
misc,barrier,150,1.5,70,0,85,450,0,0,0,0;

misc,barrier,70,1.5,20,450,85,00,0,0,0,0;
misc,barrier,70,1.5,20,-450,85,00,0,0,0,0;

custom,cuboid,house9mat2,20,1,10,1,1,1,1,2,1,-645,14,-290,0,0,0,0;
custom,cuboid,stone10,20.1,0.99,10.1,1,0.2,0.3,0.4,2,0.099,-645,14,-290,0,0,0,0;
custom,cuboid,house9mat2,20,1,2,1,1,1,1,2,0.2,-645,24,-310,0,0,0,0;
custom,cuboid,stone10,20.1,0.99,2.1,1,0.2,0.3,0.4,2,0.099,-645,24,-310,0,0,0,0;


custom,cuboid,house9mat2,2,1,6,1,1,1,1,0.2,0.6,-715,24,-270,0,0,0,0;
custom,cuboid,stone10,2.1,0.99,6.1,1,0.2,0.3,0.4,0.61,0.099,-715,24,-270,0,0,0,0;


custom,cuboid,house9mat2,2,1,6,1,1,1,1,0.2,0.6,-575,24,-270,0,0,0,0;
custom,cuboid,stone10,2.1,0.99,6.1,1,0.2,0.3,0.4,0.61,0.099,-575,24,-270,0,0,0,0;


spawnpoint,playerM,-630,24,-280,0,0,0,0;
spawnpoint,playerC,-670,24,-280,0,0,0,0;
racing,startcuboid,17,9,1,-645,34,-200,0,0,0,0;

custom,cuboid,stone3,150,1.5,150,0,1,1,1,15,15,0,5,0,0,0,0,0;
custom,cuboid,house9mat2,150,20,1.5,0,1,1,1,15,2,0,100,755,0,0,0,0;
custom,cuboid,house9mat2,150,20,1.5,0,1,1,1,15,2,0,100,-755,0,0,0,0;
custom,cuboid,house9mat2,1.5,20,150,0,1,1,1,15,2,755,100,0,0,0,0,0;
custom,cuboid,house9mat2,1.5,20,150,0,1,1,1,15,2,-755,100,0,0,0,0,0;

custom,house12,default,2,2,2,0,1,1,1,1,1,750,0,-700,0,1,0,1;
custom,house3,house9mat2,2.25,1,2.2,0,1,1,1,1,1,750,60,-700,0,0,0,0;
custom,house12,default,2,2,2,0,1,1,1,1,1,750,0,-600,0,1,0,1;
custom,house3,house9mat2,2.25,1,2.2,0,1,1,1,1,1,750,60,-600,0,0,0,0;
custom,house12,default,2,2,2,0,1,1,1,1,1,750,0,-500,0,1,0,1;
custom,house3,house9mat2,2.25,1,2.2,0,1,1,1,1,1,750,60,-500,0,0,0,0;
custom,house12,default,2,2,2,0,1,1,1,1,1,750,0,-400,0,1,0,1;
custom,house3,house9mat2,2.25,1,2.2,0,1,1,1,1,1,750,60,-400,0,0,0,0;
custom,house12,default,2,2,2,0,1,1,1,1,1,750,0,-300,0,1,0,1;
custom,house3,house9mat2,2.25,1,2.2,0,1,1,1,1,1,750,60,-300,0,0,0,0;
custom,house12,default,2,2,2,0,1,1,1,1,1,750,0,-200,0,1,0,1;
custom,house3,house9mat2,2.25,1,2.2,0,1,1,1,1,1,750,60,-200,0,0,0,0;
custom,house12,default,2,2,2,0,1,1,1,1,1,750,0,-100,0,1,0,1;
custom,house3,house9mat2,2.25,1,2.2,0,1,1,1,1,1,750,60,-100,0,0,0,0;
custom,house12,default,2,2,2,0,1,1,1,1,1,750,0,0,0,1,0,1;
custom,house3,house9mat2,2.25,1,2.2,0,1,1,1,1,1,750,60,0,0,0,0,0;
custom,house12,default,2,2,2,0,1,1,1,1,1,750,0,100,0,1,0,1;
custom,house3,house9mat2,2.25,1,2.2,0,1,1,1,1,1,750,60,100,0,0,0,0;
custom,house12,default,2,2,2,0,1,1,1,1,1,750,0,200,0,1,0,1;
custom,house3,house9mat2,2.25,1,2.2,0,1,1,1,1,1,750,60,200,0,0,0,0;
custom,house12,default,2,2,2,0,1,1,1,1,1,750,0,300,0,1,0,1;
custom,house3,house9mat2,2.25,1,2.2,0,1,1,1,1,1,750,60,300,0,0,0,0;
custom,house12,default,2,2,2,0,1,1,1,1,1,750,0,400,0,1,0,1;
custom,house3,house9mat2,2.25,1,2.2,0,1,1,1,1,1,750,60,400,0,0,0,0;
custom,house12,default,2,2,2,0,1,1,1,1,1,750,0,500,0,1,0,1;
custom,house3,house9mat2,2.25,1,2.2,0,1,1,1,1,1,750,60,500,0,0,0,0;
custom,house12,default,2,2,2,0,1,1,1,1,1,750,0,600,0,1,0,1;
custom,house3,house9mat2,2.25,1,2.2,0,1,1,1,1,1,750,60,600,0,0,0,0;
custom,house12,default,2,2,2,0,1,1,1,1,1,750,0,700,0,1,0,1;
custom,house3,house9mat2,2.25,1,2.2,0,1,1,1,1,1,750,60,700,0,0,0,0;

custom,house12,default,2,2,2,0,1,1,1,1,1,-750,0,-700,0,1,0,1;
custom,house3,house9mat2,2.25,1,2.2,0,1,1,1,1,1,-750,60,-700,0,0,0,0;
custom,house12,default,2,2,2,0,1,1,1,1,1,-750,0,-600,0,1,0,1;
custom,house3,house9mat2,2.25,1,2.2,0,1,1,1,1,1,-750,60,-600,0,0,0,0;
custom,house12,default,2,2,2,0,1,1,1,1,1,-750,0,-500,0,1,0,1;
custom,house3,house9mat2,2.25,1,2.2,0,1,1,1,1,1,-750,60,-500,0,0,0,0;
custom,house12,default,2,2,2,0,1,1,1,1,1,-750,0,-400,0,1,0,1;
custom,house3,house9mat2,2.25,1,2.2,0,1,1,1,1,1,-750,60,-400,0,0,0,0;
custom,house12,default,2,2,2,0,1,1,1,1,1,-750,0,-300,0,1,0,1;
custom,house3,house9mat2,2.25,1,2.2,0,1,1,1,1,1,-750,60,-300,0,0,0,0;
custom,house12,default,2,2,2,0,1,1,1,1,1,-750,0,-200,0,1,0,1;
custom,house3,house9mat2,2.25,1,2.2,0,1,1,1,1,1,-750,60,-200,0,0,0,0;
custom,house12,default,2,2,2,0,1,1,1,1,1,-750,0,-100,0,1,0,1;
custom,house3,house9mat2,2.25,1,2.2,0,1,1,1,1,1,-750,60,-100,0,0,0,0;
custom,house12,default,2,2,2,0,1,1,1,1,1,-750,0,0,0,1,0,1;
custom,house3,house9mat2,2.25,1,2.2,0,1,1,1,1,1,-750,60,0,0,0,0,0;
custom,house12,default,2,2,2,0,1,1,1,1,1,-750,0,100,0,1,0,1;
custom,house3,house9mat2,2.25,1,2.2,0,1,1,1,1,1,-750,60,100,0,0,0,0;
custom,house12,default,2,2,2,0,1,1,1,1,1,-750,0,200,0,1,0,1;
custom,house3,house9mat2,2.25,1,2.2,0,1,1,1,1,1,-750,60,200,0,0,0,0;
custom,house12,default,2,2,2,0,1,1,1,1,1,-750,0,300,0,1,0,1;
custom,house3,house9mat2,2.25,1,2.2,0,1,1,1,1,1,-750,60,300,0,0,0,0;
custom,house12,default,2,2,2,0,1,1,1,1,1,-750,0,400,0,1,0,1;
custom,house3,house9mat2,2.25,1,2.2,0,1,1,1,1,1,-750,60,400,0,0,0,0;
custom,house12,default,2,2,2,0,1,1,1,1,1,-750,0,500,0,1,0,1;
custom,house3,house9mat2,2.25,1,2.2,0,1,1,1,1,1,-750,60,500,0,0,0,0;
custom,house12,default,2,2,2,0,1,1,1,1,1,-750,0,600,0,1,0,1;
custom,house3,house9mat2,2.25,1,2.2,0,1,1,1,1,1,-750,60,600,0,0,0,0;
custom,house12,default,2,2,2,0,1,1,1,1,1,-750,0,700,0,1,0,1;
custom,house3,house9mat2,2.25,1,2.2,0,1,1,1,1,1,-750,60,700,0,0,0,0;

custom,house12,default,2,2,2,0,1,1,1,1,1,700,0,-750,0,1,0,0;
custom,house3,house9mat2,2.25,1,2.2,0,1,1,1,1,1,700,60,-750,0,0.7071068,0,0.7071068;
custom,house12,default,2,2,2,0,1,1,1,1,1,600,0,-750,0,1,0,0;
custom,house3,house9mat2,2.25,1,2.2,0,1,1,1,1,1,600,60,-750,0,0.7071068,0,0.7071068;
custom,house12,default,2,2,2,0,1,1,1,1,1,500,0,-750,0,1,0,0;
custom,house3,house9mat2,2.25,1,2.2,0,1,1,1,1,1,500,60,-750,0,0.7071068,0,0.7071068;
custom,house12,default,2,2,2,0,1,1,1,1,1,400,0,-750,0,1,0,0;
custom,house3,house9mat2,2.25,1,2.2,0,1,1,1,1,1,400,60,-750,0,0.7071068,0,0.7071068;
custom,house12,default,2,2,2,0,1,1,1,1,1,300,0,-750,0,1,0,0;
custom,house3,house9mat2,2.25,1,2.2,0,1,1,1,1,1,300,60,-750,0,0.7071068,0,0.7071068;
custom,house12,default,2,2,2,0,1,1,1,1,1,200,0,-750,0,1,0,0;
custom,house3,house9mat2,2.25,1,2.2,0,1,1,1,1,1,200,60,-750,0,0.7071068,0,0.7071068;
custom,house12,default,2,2,2,0,1,1,1,1,1,100,0,-750,0,1,0,0;
custom,house3,house9mat2,2.25,1,2.2,0,1,1,1,1,1,100,60,-750,0,0.7071068,0,0.7071068;
custom,house12,default,2,2,2,0,1,1,1,1,1,0,0,-750,0,1,0,0;
custom,house3,house9mat2,2.25,1,2.2,0,1,1,1,1,1,0,60,-750,0,0.7071068,0,0.7071068;
custom,house12,default,2,2,2,0,1,1,1,1,1,-100,0,-750,0,1,0,0;
custom,house3,house9mat2,2.25,1,2.2,0,1,1,1,1,1,-100,60,-750,0,0.7071068,0,0.7071068;
custom,house12,default,2,2,2,0,1,1,1,1,1,-200,0,-750,0,1,0,0;
custom,house3,house9mat2,2.25,1,2.2,0,1,1,1,1,1,-200,60,-750,0,0.7071068,0,0.7071068;
custom,house12,default,2,2,2,0,1,1,1,1,1,-300,0,-750,0,1,0,0;
custom,house3,house9mat2,2.25,1,2.2,0,1,1,1,1,1,-300,60,-750,0,0.7071068,0,0.7071068;
custom,house12,default,2,2,2,0,1,1,1,1,1,-400,0,-750,0,1,0,0;
custom,house3,house9mat2,2.25,1,2.2,0,1,1,1,1,1,-400,60,-750,0,0.7071068,0,0.7071068;
custom,house12,default,2,2,2,0,1,1,1,1,1,-500,0,-750,0,1,0,0;
custom,house3,house9mat2,2.25,1,2.2,0,1,1,1,1,1,-500,60,-750,0,0.7071068,0,0.7071068;
custom,house12,default,2,2,2,0,1,1,1,1,1,-600,0,-750,0,1,0,0;
custom,house3,house9mat2,2.25,1,2.2,0,1,1,1,1,1,-600,60,-750,0,0.7071068,0,0.7071068;
custom,house12,default,2,2,2,0,1,1,1,1,1,-700,0,-750,0,1,0,0;
custom,house3,house9mat2,2.25,1,2.2,0,1,1,1,1,1,-700,60,-750,0,0.7071068,0,0.7071068;

custom,house12,default,2,2,2,0,1,1,1,1,1,700,0,750,0,1,0,0;
custom,house3,house9mat2,2.25,1,2.2,0,1,1,1,1,1,700,60,750,0,0.7071068,0,0.7071068;
custom,house12,default,2,2,2,0,1,1,1,1,1,600,0,750,0,1,0,0;
custom,house3,house9mat2,2.25,1,2.2,0,1,1,1,1,1,600,60,750,0,0.7071068,0,0.7071068;
custom,house12,default,2,2,2,0,1,1,1,1,1,500,0,750,0,1,0,0;
custom,house3,house9mat2,2.25,1,2.2,0,1,1,1,1,1,500,60,750,0,0.7071068,0,0.7071068;
custom,house12,default,2,2,2,0,1,1,1,1,1,400,0,750,0,1,0,0;
custom,house3,house9mat2,2.25,1,2.2,0,1,1,1,1,1,400,60,750,0,0.7071068,0,0.7071068;
custom,house12,default,2,2,2,0,1,1,1,1,1,300,0,750,0,1,0,0;
custom,house3,house9mat2,2.25,1,2.2,0,1,1,1,1,1,300,60,750,0,0.7071068,0,0.7071068;
custom,house12,default,2,2,2,0,1,1,1,1,1,200,0,750,0,1,0,0;
custom,house3,house9mat2,2.25,1,2.2,0,1,1,1,1,1,200,60,750,0,0.7071068,0,0.7071068;
custom,house12,default,2,2,2,0,1,1,1,1,1,100,0,750,0,1,0,0;
custom,house3,house9mat2,2.25,1,2.2,0,1,1,1,1,1,100,60,750,0,0.7071068,0,0.7071068;
custom,house12,default,2,2,2,0,1,1,1,1,1,0,0,750,0,1,0,0;
custom,house3,house9mat2,2.25,1,2.2,0,1,1,1,1,1,0,60,750,0,0.7071068,0,0.7071068;
custom,house12,default,2,2,2,0,1,1,1,1,1,-100,0,750,0,1,0,0;
custom,house3,house9mat2,2.25,1,2.2,0,1,1,1,1,1,-100,60,750,0,0.7071068,0,0.7071068;
custom,house12,default,2,2,2,0,1,1,1,1,1,-200,0,750,0,1,0,0;
custom,house3,house9mat2,2.25,1,2.2,0,1,1,1,1,1,-200,60,750,0,0.7071068,0,0.7071068;
custom,house12,default,2,2,2,0,1,1,1,1,1,-300,0,750,0,1,0,0;
custom,house3,house9mat2,2.25,1,2.2,0,1,1,1,1,1,-300,60,750,0,0.7071068,0,0.7071068;
custom,house12,default,2,2,2,0,1,1,1,1,1,-400,0,750,0,1,0,0;
custom,house3,house9mat2,2.25,1,2.2,0,1,1,1,1,1,-400,60,750,0,0.7071068,0,0.7071068;
custom,house12,default,2,2,2,0,1,1,1,1,1,-500,0,750,0,1,0,0;
custom,house3,house9mat2,2.25,1,2.2,0,1,1,1,1,1,-500,60,750,0,0.7071068,0,0.7071068;
custom,house12,default,2,2,2,0,1,1,1,1,1,-600,0,750,0,1,0,0;
custom,house3,house9mat2,2.25,1,2.2,0,1,1,1,1,1,-600,60,750,0,0.7071068,0,0.7071068;
custom,house12,default,2,2,2,0,1,1,1,1,1,-700,0,750,0,1,0,0;
custom,house3,house9mat2,2.25,1,2.2,0,1,1,1,1,1,-700,60,750,0,0.7071068,0,0.7071068;


custom,house12,default,2,2,2,0,1,1,1,1,1,-540,0,-250,0,1,0,1;
custom,house3,house9mat2,2.25,1,2.2,0,1,1,1,1,1,-540,60,-250,0,0,0,0;
custom,house12,default,2,2,2,0,1,1,1,1,1,-540,0,-150,0,1,0,1;
custom,house3,house9mat2,2.25,1,2.2,0,1,1,1,1,1,-540,60,-150,0,0,0,0;
custom,house12,default,2,2,2,0,1,1,1,1,1,-540,0,-50,0,1,0,1;
custom,house3,house9mat2,2.25,1,2.2,0,1,1,1,1,1,-540,60,-50,0,0,0,0;
custom,house12,default,2,2,2,0,1,1,1,1,1,-540,0,50,0,1,0,1;
custom,house3,house9mat2,2.25,1,2.2,0,1,1,1,1,1,-540,60,50,0,0,0,0;
custom,house12,default,2,2,2,0,1,1,1,1,1,-540,0,150,0,1,0,1;
custom,house3,house9mat2,2.25,1,2.2,0,1,1,1,1,1,-540,60,150,0,0,0,0;
custom,house12,default,2,2,2,0,1,1,1,1,1,-540,0,250,0,1,0,1;
custom,house3,house9mat2,2.25,1,2.2,0,1,1,1,1,1,-540,60,250,0,0,0,0;
custom,house12,default,2,2,2,0,1,1,1,1,1,-540,0,350,0,1,0,1;
custom,house3,house9mat2,2.25,1,2.2,0,1,1,1,1,1,-540,60,350,0,0,0,0;
custom,house12,default,2,2,2,0,1,1,1,1,1,-540,0,450,0,1,0,1;
custom,house3,house9mat2,2.25,1,2.2,0,1,1,1,1,1,-540,60,450,0,0,0,0;
custom,house12,default,2,2,2,0,1,1,1,1,1,-540,0,550,0,1,0,1;
custom,house3,house9mat2,2.25,1,2.2,0,1,1,1,1,1,-540,60,550,0,0,0,0;

custom,house12,default,1,2,1,0,1,1,1,1,1,-645,0,-100,0,1,0,0;
custom,house3,house9mat2,1.15,1,1.15,0,1,1,1,1,1,-645,60,-100,0,0.7071068,0,0.7071068;

custom,house12,default,2,2,0.5,0,1,1,1,1,1,-645,0,-50,0,1,0,1;
custom,house3,house9mat2,0.575,1,2.2,0,1,1,1,1,1,-645,60,-50,0,0,0,0;
custom,house12,default,2,2,0.5,0,1,1,1,1,1,-645,0,150,0,1,0,1;
custom,house3,house9mat2,0.575,1,2.2,0,1,1,1,1,1,-645,60,150,0,0,0,0;
custom,house12,default,2,2,0.5,0,1,1,1,1,1,-645,0,250,0,1,0,1;
custom,house3,house9mat2,0.575,1,2.2,0,1,1,1,1,1,-645,60,250,0,0,0,0;
custom,house12,default,2,2,0.5,0,1,1,1,1,1,-645,0,50,0,1,0,1;
custom,house3,house9mat2,0.575,1,2.2,0,1,1,1,1,1,-645,60,50,0,0,0,0;
custom,house12,default,2,2,0.5,0,1,1,1,1,1,-645,0,350,0,1,0,1;
custom,house3,house9mat2,0.575,1,2.2,0,1,1,1,1,1,-645,60,350,0,0,0,0;

custom,house12,default,1.5,2,2,0,1,1,1,1,1,-540,0,-338,0,1,0,1;
custom,house3,house9mat2,2.25,1,1.7,0,1,1,1,1,1,-540,60,-338,0,0,0,0;

custom,house12,default,2,2,2,0,1,1,1,1,1,-540,0,-350,0,1,0,0;
custom,house3,house9mat2,2.25,1,2.2,0,1,1,1,1,1,-540,60,-350,0,0.7071068,0,0.7071068;
custom,house12,default,2,2,2,0,1,1,1,1,1,-640,0,-350,0,1,0,0;
custom,house3,house9mat2,2.25,1,2.2,0,1,1,1,1,1,-640,60,-350,0,0.7071068,0,0.7071068;
custom,house12,default,2,2,2,0,1,1,1,1,1,-740,0,-350,0,1,0,0;
custom,house3,house9mat2,2.25,1,2.2,0,1,1,1,1,1,-740,60,-350,0,0.7071068,0,0.7071068;



custom,house12,default,2,2,2,0,1,1,1,1,1,-540,0,550,0,1,0,0;
custom,house3,house9mat2,2.25,1,2.2,0,1,1,1,1,1,-540,60,550,0,0.7071068,0,0.7071068;
custom,house12,default,2,2,2,0,1,1,1,1,1,-440,0,550,0,1,0,0;
custom,house3,house9mat2,2.25,1,2.2,0,1,1,1,1,1,-440,60,550,0,0.7071068,0,0.7071068;
custom,house12,default,2,2,2,0,1,1,1,1,1,-340,0,550,0,1,0,0;
custom,house3,house9mat2,2.25,1,2.2,0,1,1,1,1,1,-340,60,550,0,0.7071068,0,0.7071068;
custom,house12,default,2,2,2,0,1,1,1,1,1,-240,0,550,0,1,0,0;
custom,house3,house9mat2,2.25,1,2.2,0,1,1,1,1,1,-240,60,550,0,0.7071068,0,0.7071068;
custom,house12,default,2,2,2,0,1,1,1,1,1,-140,0,550,0,1,0,0;
custom,house3,house9mat2,2.25,1,2.2,0,1,1,1,1,1,-140,60,550,0,0.7071068,0,0.7071068;
custom,house12,default,2,2,2,0,1,1,1,1,1,-140,0,550,0,1,0,1;
custom,house3,house9mat2,2.25,1,2.2,0,1,1,1,1,1,-140,60,550,0,0,0,0;

custom,house12,default,2,2,2,0,1,1,1,1,1,60,0,750,0,1,0,1;
custom,house3,house9mat2,2.25,1,2.2,0,1,1,1,1,1,60,60,750,0,0,0,0;
custom,house12,default,2,2,2,0,1,1,1,1,1,60,0,650,0,1,0,1;
custom,house3,house9mat2,2.25,1,2.2,0,1,1,1,1,1,60,60,650,0,0,0,0;
custom,house12,default,2,2,2,0,1,1,1,1,1,60,0,550,0,1,0,1;
custom,house3,house9mat2,2.25,1,2.2,0,1,1,1,1,1,60,60,550,0,0,0,0;
custom,house12,default,2,2,2,0,1,1,1,1,1,60,0,450,0,1,0,1;
custom,house3,house9mat2,2.25,1,2.2,0,1,1,1,1,1,60,60,450,0,0,0,0;
custom,house12,default,2,2,2,0,1,1,1,1,1,60,0,350,0,1,0,1;
custom,house3,house9mat2,2.25,1,2.2,0,1,1,1,1,1,60,60,350,0,0,0,0;
custom,house12,default,2,2,2,0,1,1,1,1,1,60,0,250,0,1,0,1;
custom,house3,house9mat2,2.25,1,2.2,0,1,1,1,1,1,60,60,250,0,0,0,0;
custom,house12,default,2,2,2,0,1,1,1,1,1,60,0,150,0,1,0,1;
custom,house3,house9mat2,2.25,1,2.2,0,1,1,1,1,1,60,60,150,0,0,0,0;

custom,house12,default,2,2,2,0,1,1,1,1,1,-140,0,450,0,1,0,1;
custom,house3,house9mat2,2.25,1,2.2,0,1,1,1,1,1,-140,60,450,0,0,0,0;
custom,house12,default,2,2,2,0,1,1,1,1,1,-140,0,350,0,1,0,1;
custom,house3,house9mat2,2.25,1,2.2,0,1,1,1,1,1,-140,60,350,0,0,0,0;

custom,house12,default,2,2,2,0,1,1,1,1,1,-140,0,150,0,1,0,1;
custom,house3,house9mat2,2.25,1,2.2,0,1,1,1,1,1,-140,60,150,0,0,0,0;

custom,house12,default,2,2,2,0,1,1,1,1,1,-140,0,150,0,0,0,1;
custom,house3,house9mat2,2.25,1,2.2,0,1,1,1,1,1,-140,60,150,0,0.7071068,0,0.7071068;
custom,house12,default,2,2,2,0,1,1,1,1,1,-240,0,150,0,0,0,1;
custom,house3,house9mat2,2.25,1,2.2,0,1,1,1,1,1,-240,60,150,0,0.7071068,0,0.7071068;
custom,house12,default,2,2,2,0,1,1,1,1,1,-340,0,150,0,0,0,1;
custom,house3,house9mat2,2.25,1,2.2,0,1,1,1,1,1,-340,60,150,0,0.7071068,0,0.7071068;

custom,house12,default,2,2,2,0,1,1,1,1,1,-390,0,150,0,1,0,1;
custom,house3,house9mat2,2.25,1,2.2,0,1,1,1,1,1,-390,60,150,0,0,0,0;
custom,house12,default,2,2,2,0,1,1,1,1,1,-390,0,250,0,1,0,1;
custom,house3,house9mat2,2.25,1,2.2,0,1,1,1,1,1,-390,60,250,0,0,0,0;
custom,house12,default,2,2,2,0,1,1,1,1,1,-390,0,350,0,1,0,1;
custom,house3,house9mat2,2.25,1,2.2,0,1,1,1,1,1,-390,60,350,0,0,0,0;

custom,house12,default,2,2,2,0,1,1,1,1,1,-140,0,300,0,0,0,1;
custom,house3,house9mat2,2.25,1,2.2,0,1,1,1,1,1,-140,60,300,0,0.7071068,0,0.7071068;
custom,house12,default,2,2,2,0,1,1,1,1,1,-240,0,300,0,0,0,1;
custom,house3,house9mat2,2.25,1,2.2,0,1,1,1,1,1,-240,60,300,0,0.7071068,0,0.7071068;
custom,house12,default,2,2,2,0,1,1,1,1,1,-240,0,350,0,1,0,1;
custom,house3,house9mat2,2.25,1,2.2,0,1,1,1,1,1,-240,60,350,0,0,0,0;
custom,tree2,default,1,1,1,0,1,1,1,1,1,-240,80,430,0,0,0,0;
custom,tree2,default,1,1,1,0,1,1,1,1,1,-240,80,480,0,0,0,0;

custom,cuboid,grass2,5,1,15,0,1,1,1,0.5,1.5,-235,10,460,0,0,0,0;
custom,cuboid,brick1,5.1,0.99,15.1,0,0.2,0.3,0.4,1.51,0.099,-235,10,460,0,0,0,0;


custom,house12,default,2,2,2,0,1,1,1,1,1,-40,0,150,0,0,0,1;
custom,house3,house9mat2,2.25,1,2.2,0,1,1,1,1,1,-40,60,150,0,0.7071068,0,0.7071068;
custom,house12,default,2,2,2,0,1,1,1,1,1,60,0,150,0,0,0,1;
custom,house3,house9mat2,2.25,1,2.2,0,1,1,1,1,1,60,60,150,0,0.7071068,0,0.7071068;

custom,house12,default,2,2,2,0,1,1,1,1,1,-140,0,50,0,1,0,1;
custom,house3,house9mat2,2.25,1,2.2,0,1,1,1,1,1,-140,60,50,0,0,0,0;
custom,house12,default,2,2,2,0,1,1,1,1,1,-140,0,-50,0,1,0,1;
custom,house3,house9mat2,2.25,1,2.2,0,1,1,1,1,1,-140,60,-50,0,0,0,0;
custom,house12,default,2,2,2,0,1,1,1,1,1,-140,0,-150,0,1,0,1;
custom,house3,house9mat2,2.25,1,2.2,0,1,1,1,1,1,-140,60,-150,0,0,0,0;
custom,house12,default,2,2,2,0,1,1,1,1,1,-140,0,-250,0,1,0,1;
custom,house3,house9mat2,2.25,1,2.2,0,1,1,1,1,1,-140,60,-250,0,0,0,0;
custom,house12,default,2,2,2,0,1,1,1,1,1,-140,0,-350,0,1,0,1;
custom,house3,house9mat2,2.25,1,2.2,0,1,1,1,1,1,-140,60,-350,0,0,0,0;
custom,house12,default,2,2,2,0,1,1,1,1,1,-140,0,-450,0,1,0,1;
custom,house3,house9mat2,2.25,1,2.2,0,1,1,1,1,1,-140,60,-450,0,0,0,0;
custom,house12,default,2,2,2,0,1,1,1,1,1,-140,0,-550,0,1,0,1;
custom,house3,house9mat2,2.25,1,2.2,0,1,1,1,1,1,-140,60,-550,0,0,0,0;

custom,house12,default,2,2,2,0,1,1,1,1,1,-340,0,-350,0,0,0,1;
custom,house3,house9mat2,2.25,1,2.2,0,1,1,1,1,1,-340,60,-350,0,0.7071068,0,0.7071068;
custom,house12,default,2,2,2,0,1,1,1,1,1,-440,0,-350,0,0,0,1;
custom,house3,house9mat2,2.25,1,2.2,0,1,1,1,1,1,-440,60,-350,0,0.7071068,0,0.7071068;

custom,house12,default,1.5,2,2,0,1,1,1,1,1,-152,0,-500,0,0,0,1;
custom,house3,house9mat2,2.25,1,1.7,0,1,1,1,1,1,-152,60,-500,0,0.7071068,0,0.7071068;
custom,house12,default,2,2,2,0,1,1,1,1,1,-140,0,-600,0,0,0,1;
custom,house3,house9mat2,2.25,1,2.2,0,1,1,1,1,1,-140,60,-600,0,0.7071068,0,0.7071068;
custom,house12,default,2,2,2,0,1,1,1,1,1,-240,0,-500,0,0,0,1;
custom,house3,house9mat2,2.25,1,2.2,0,1,1,1,1,1,-240,60,-500,0,0.7071068,0,0.7071068;
custom,house12,default,2,2,2,0,1,1,1,1,1,-240,0,-600,0,0,0,1;
custom,house3,house9mat2,2.25,1,2.2,0,1,1,1,1,1,-240,60,-600,0,0.7071068,0,0.7071068;
custom,house12,default,2,2,2,0,1,1,1,1,1,-340,0,-500,0,0,0,1;
custom,house3,house9mat2,2.25,1,2.2,0,1,1,1,1,1,-340,60,-500,0,0.7071068,0,0.7071068;
custom,house12,default,2,2,2,0,1,1,1,1,1,-340,0,-600,0,0,0,1;
custom,house3,house9mat2,2.25,1,2.2,0,1,1,1,1,1,-340,60,-600,0,0.7071068,0,0.7071068;
custom,house12,default,2,2,2,0,1,1,1,1,1,-440,0,-500,0,0,0,1;
custom,house3,house9mat2,2.25,1,2.2,0,1,1,1,1,1,-440,60,-500,0,0.7071068,0,0.7071068;
custom,house12,default,2,2,2,0,1,1,1,1,1,-440,0,-600,0,0,0,1;
custom,house3,house9mat2,2.25,1,2.2,0,1,1,1,1,1,-440,60,-600,0,0.7071068,0,0.7071068;

custom,house12,default,2,2,2,0,1,1,1,1,1,-449.5,0,-550,0,1,0,1;
custom,house3,house9mat2,2.25,1,2.2,0,1,1,1,1,1,-449.5,60,-550,0,0,0,0;

custom,house12,default,2,2,2,0,1,1,1,1,1,-290,0,50,0,1,0,1;
custom,house3,house9mat2,2.25,1,2.2,0,1,1,1,1,1,-290,60,50,0,0,0,0;
custom,house12,default,2,2,2,0,1,1,1,1,1,-290,0,50,0,0,0,1;
custom,house3,house9mat2,2.25,1,2.2,0,1,1,1,1,1,-290,60,50,0,0.7071068,0,0.7071068;

custom,house12,default,2,2,2,0,1,1,1,1,1,-190,0,50,0,1,0,1;
custom,house3,house9mat2,2.25,1,2.2,0,1,1,1,1,1,-190,60,50,0,0,0,0;
custom,house12,default,2,2,2,0,1,1,1,1,1,-190,0,50,0,0,0,1;
custom,house3,house9mat2,2.25,1,2.2,0,1,1,1,1,1,-190,60,50,0,0.7071068,0,0.7071068;

custom,house12,default,2,2,2,0,1,1,1,1,1,-290,0,-50,0,1,0,1;
custom,house3,house9mat2,2.25,1,2.2,0,1,1,1,1,1,-290,60,-50,0,0,0,0;
custom,house12,default,2,2,2,0,1,1,1,1,1,-290,0,-50,0,0,0,1;
custom,house3,house9mat2,2.25,1,2.2,0,1,1,1,1,1,-290,60,-50,0,0.7071068,0,0.7071068;

custom,house12,default,2,2,2,0,1,1,1,1,1,-190,0,-50,0,1,0,1;
custom,house3,house9mat2,2.25,1,2.2,0,1,1,1,1,1,-190,60,-50,0,0,0,0;
custom,house12,default,2,2,2,0,1,1,1,1,1,-190,0,-50,0,0,0,1;
custom,house3,house9mat2,2.25,1,2.2,0,1,1,1,1,1,-190,60,-50,0,0.7071068,0,0.7071068;

custom,house12,default,2,2,2,0,1,1,1,1,1,-190,0,-150,0,1,0,1;
custom,house3,house9mat2,2.25,1,2.2,0,1,1,1,1,1,-190,60,-150,0,0,0,0;
custom,house12,default,2,2,2,0,1,1,1,1,1,-190,0,-150,0,0,0,1;
custom,house3,house9mat2,2.25,1,2.2,0,1,1,1,1,1,-190,60,-150,0,0.7071068,0,0.7071068;

custom,house12,default,2,2,2,0,1,1,1,1,1,-490,0,-150,0,1,0,1;
custom,house3,house9mat2,2.25,1,2.2,0,1,1,1,1,1,-490,60,-150,0,0,0,0;
custom,house12,default,2,2,2,0,1,1,1,1,1,-490,0,-150,0,0,0,1;
custom,house3,house9mat2,2.25,1,2.2,0,1,1,1,1,1,-490,60,-150,0,0.7071068,0,0.7071068;

custom,house12,default,2,2,2,0,1,1,1,1,1,-490,0,-250,0,1,0,1;
custom,house3,house9mat2,2.25,1,2.2,0,1,1,1,1,1,-490,60,-250,0,0,0,0;
custom,house12,default,2,2,2,0,1,1,1,1,1,-490,0,-250,0,0,0,1;
custom,house3,house9mat2,2.25,1,2.2,0,1,1,1,1,1,-490,60,-250,0,0.7071068,0,0.7071068;

custom,house12,default,2,2,2,0,1,1,1,1,1,-390,0,-250,0,1,0,1;
custom,house3,house9mat2,2.25,1,2.2,0,1,1,1,1,1,-390,60,-250,0,0,0,0;
custom,house12,default,2,2,2,0,1,1,1,1,1,-390,0,-250,0,0,0,1;
custom,house3,house9mat2,2.25,1,2.2,0,1,1,1,1,1,-390,60,-250,0,0.7071068,0,0.7071068;

custom,house12,default,2,2,2,0,1,1,1,1,1,-340,0,-300,0,1,0,1;
custom,house3,house9mat2,2.25,1,2.2,0,1,1,1,1,1,-340,60,-300,0,0,0,0;
custom,house12,default,2.01,2.01,2.01,0,1,1,1,1,1,-340,0,-300,0,0,0,1;
custom,house3,house9mat2,2.26,1.01,2.21,0,1,1,1,1,1,-340,60,-300,0,0.7071068,0,0.7071068;

custom,house12,default,2,2,2,0,1,1,1,1,1,-440,0,-200,0,1,0,1;
custom,house3,house9mat2,2.25,1,2.2,0,1,1,1,1,1,-440,60,-200,0,0,0,0;
custom,house12,default,2,2,2,0,1,1,1,1,1,-440,0,-200,0,0,0,1;
custom,house3,house9mat2,2.25,1,2.2,0,1,1,1,1,1,-440,60,-200,0,0.7071068,0,0.7071068;

custom,house12,default,2,2,2,0,1,1,1,1,1,-240,0,-100,0,1,0,1;
custom,house3,house9mat2,2.25,1,2.2,0,1,1,1,1,1,-240,60,-100,0,0,0,0;
custom,house12,default,2,2,2,0,1,1,1,1,1,-240,0,-100,0,0,0,1;
custom,house3,house9mat2,2.25,1,2.2,0,1,1,1,1,1,-240,60,-100,0,0.7071068,0,0.7071068;

custom,house12,default,2,2,2,0,1,1,1,1,1,-340,0,-0,0,1,0,1;
custom,house3,house9mat2,2.25,1,2.2,0,1,1,1,1,1,-340,60,-0,0,0,0,0;
custom,house12,default,2,2,2,0,1,1,1,1,1,-340,0,-0,0,0,0,1;
custom,house3,house9mat2,2.25,1,2.2,0,1,1,1,1,1,-340,60,-0,0,0.7071068,0,0.7071068;

custom,house12,default,2,2,2,0,1,1,1,1,1,-390,0,50,0,1,0,1;
custom,house3,house9mat2,2.25,1,2.2,0,1,1,1,1,1,-390,60,50,0,0,0,0;

racing,killcylinder,11,4,11,-580,40,-550,0,1,0,1;
racing,killcuboid,1,8,10,-520,40,-600,0,1,0,1;
racing,killcuboid,1,8,10,-520,40,-500,0,1,0,1;

custom,cylinder,house9mat2,3.5,3.9,3.5,0,1,1,1,0.35,0.39,-580,40,-550,0,0,0,0;
custom,cuboid,house9mat2,1,8,1,0,1,1,1,0.1,0.8,-390,40,465,0,0,0,0;
racing,killcuboid,1,8,6,-390,40,500,0,0,0,0;
racing,killcuboid,0.8,2,2,-390,45,492.5,-0.3826834,0,0,0.9238795;


custom,house12,default,2,2,2,0,1,1,1,1,1,140,0,750,0,1,0,1;
custom,house3,house9mat2,2.25,1,2.2,0,1,1,1,1,1,140,60,750,0,0,0,0;
custom,house12,default,2,2,2,0,1,1,1,1,1,140,0,650,0,1,0,1;
custom,house3,house9mat2,2.25,1,2.2,0,1,1,1,1,1,140,60,650,0,0,0,0;
custom,house12,default,2,2,2,0,1,1,1,1,1,140,0,550,0,1,0,1;
custom,house3,house9mat2,2.25,1,2.2,0,1,1,1,1,1,140,60,550,0,0,0,0;
custom,house12,default,2,2,2,0,1,1,1,1,1,140,0,450,0,1,0,1;
custom,house3,house9mat2,2.25,1,2.2,0,1,1,1,1,1,140,60,450,0,0,0,0;
custom,house12,default,2,2,2,0,1,1,1,1,1,140,0,350,0,1,0,1;
custom,house3,house9mat2,2.25,1,2.2,0,1,1,1,1,1,140,60,350,0,0,0,0;
custom,house12,default,2,2,2,0,1,1,1,1,1,140,0,250,0,1,0,1;
custom,house3,house9mat2,2.25,1,2.2,0,1,1,1,1,1,140,60,250,0,0,0,0;
custom,house12,default,2,2,2,0,1,1,1,1,1,140,0,150,0,1,0,1;
custom,house3,house9mat2,2.25,1,2.2,0,1,1,1,1,1,140,60,150,0,0,0,0;
custom,house12,default,2,2,2,0,1,1,1,1,1,140,0,50,0,1,0,1;
custom,house3,house9mat2,2.25,1,2.2,0,1,1,1,1,1,140,60,50,0,0,0,0;
custom,house12,default,2,2,2,0,1,1,1,1,1,140,0,-50,0,1,0,1;
custom,house3,house9mat2,2.25,1,2.2,0,1,1,1,1,1,140,60,-50,0,0,0,0;
custom,house12,default,2,2,2,0,1,1,1,1,1,140,0,-150,0,1,0,1;
custom,house3,house9mat2,2.25,1,2.2,0,1,1,1,1,1,140,60,-150,0,0,0,0;
custom,house12,default,2,2,2,0,1,1,1,1,1,140,0,-250,0,1,0,1;
custom,house3,house9mat2,2.25,1,2.2,0,1,1,1,1,1,140,60,-250,0,0,0,0;
custom,house12,default,2,2,2,0,1,1,1,1,1,140,0,-350,0,1,0,1;
custom,house3,house9mat2,2.25,1,2.2,0,1,1,1,1,1,140,60,-350,0,0,0,0;
custom,house12,default,2,2,2,0,1,1,1,1,1,140,0,-550,0,1,0,1;
custom,house3,house9mat2,2.25,1,2.2,0,1,1,1,1,1,140,60,-550,0,0,0,0;

custom,house12,default,2,2,2,0,1,1,1,1,1,760,0,-600,0,0,0,1;
custom,house3,house9mat2,2.25,1,2.2,0,1,1,1,1,1,760,60,-600,-0,0.7071068,0,0.7071068;
custom,house12,default,2,2,2,0,1,1,1,1,1,660,0,-600,0,0,0,1;
custom,house3,house9mat2,2.25,1,2.2,0,1,1,1,1,1,660,60,-600,-0,0.7071068,0,0.7071068;

custom,house12,default,1.25,2,2,0,1,1,1,1,1,578,0,-600,0,0,0,1;
custom,house3,house9mat2,2.25,1,1.45,0,1,1,1,1,1,578,60,-600,-0,0.7071068,0,0.7071068;
custom,house12,default,1.25,2,2,0,1,1,1,1,1,442,0,-600,0,0,0,1;
custom,house3,house9mat2,2.25,1,1.45,0,1,1,1,1,1,442,60,-600,-0,0.7071068,0,0.7071068;

custom,house12,default,2,2,2,0,1,1,1,1,1,360,0,-600,0,0,0,1;
custom,house3,house9mat2,2.25,1,2.2,0,1,1,1,1,1,360,60,-600,-0,0.7071068,0,0.7071068;
custom,house12,default,2,2,2,0,1,1,1,1,1,260,0,-600,0,0,0,1;
custom,house3,house9mat2,2.25,1,2.2,0,1,1,1,1,1,260,60,-600,-0,0.7071068,0,0.7071068;
custom,house12,default,2,2,2,0,1,1,1,1,1,160,0,-600,0,0,0,1;
custom,house3,house9mat2,2.25,1,2.2,0,1,1,1,1,1,160,60,-600,-0,0.7071068,0,0.7071068;
custom,house12,default,2,2,2,0,1,1,1,1,1,60,0,-600,0,0,0,1;
custom,house3,house9mat2,2.25,1,2.2,0,1,1,1,1,1,60,60,-600,-0,0.7071068,0,0.7071068;
custom,house12,default,2,2,2,0,1,1,1,1,1,-40,0,-600,0,0,0,1;
custom,house3,house9mat2,2.25,1,2.2,0,1,1,1,1,1,-40,60,-600,-0,0.7071068,0,0.7071068;


custom,house12,default,2,2,2,0,1,1,1,1,1,310,0,-550,0,1,0,1;
custom,house3,house9mat2,2.25,1,2.2,0,1,1,1,1,1,310,60,-550,0,0,0,0;

custom,house12,default,2,2,2,0,1,1,1,1,1,710,0,-550,0,1,0,1;
custom,house3,house9mat2,2.25,1,2.2,0,1,1,1,1,1,710,60,-550,0,0,0,0;

custom,cuboid,house9mat2,14.4,7.245,14.4,0,1,1,1,1.6,0.8,510,40.55,-300,0,0,0,1;
custom,cuboid,house9mat2,14.4,7.236,14.4,0,1,1,1,1.6,0.8,510,40.55,-300,0,0.3826834,0,0.9238795;
custom,cylinder,house9mat2,18.9,3.591,18.9,0,1,1,1,2.1,0.4,510,40.55,-300,0,0,0,1;

racing,killcuboid,14.49,0.9,14.49,510,17,-300,0,0,0,1;
racing,killcuboid,14.49,0.9,14.49,510,17,-300,0,0.3826834,0,0.9238795;
racing,killcuboid,14.49,1.8,14.49,510,45.05,-300,0,0,0,1;
racing,killcuboid,14.49,1.8,14.49,510,45.05,-300,0,0.3826834,0,0.9238795;
racing,killcuboid,14.49,0.9,14.49,510,72.05,-300,0,0,0,1;
racing,killcuboid,14.49,0.9,14.49,510,72.05,-300,0,0.3826834,0,0.9238795;

racing,killcylinder,18.99,0.45,18.99,510,17,-300,0,0,0,1;
racing,killcylinder,18.99,0.45,18.99,510,72.05,-300,0,0,0,1;
racing,killcylinder,18.99,0.9,18.99,510,45.05,-300,0,0,0,1;


custom,house12,default,2,2,2,0,1,1,1,1,1,310,0,-450,0,1,0,1;
custom,house3,house9mat2,2.25,1,2.2,0,1,1,1,1,1,310,60,-450,0,0,0,0;
custom,house12,default,2,2,2,0,1,1,1,1,1,710,0,-450,0,1,0,1;
custom,house3,house9mat2,2.25,1,2.2,0,1,1,1,1,1,710,60,-450,0,0,0,0;

custom,house12,default,2,2,2,0,1,1,1,1,1,310,0,-350,0,1,0,1;
custom,house3,house9mat2,2.25,1,2.2,0,1,1,1,1,1,310,60,-350,0,0,0,0;
custom,house12,default,2,2,2,0,1,1,1,1,1,710,0,-350,0,1,0,1;
custom,house3,house9mat2,2.25,1,2.2,0,1,1,1,1,1,710,60,-350,0,0,0,0;

custom,house12,default,2,2,2,0,1,1,1,1,1,310,0,-250,0,1,0,1;
custom,house3,house9mat2,2.25,1,2.2,0,1,1,1,1,1,310,60,-250,0,0,0,0;
custom,house12,default,2,2,2,0,1,1,1,1,1,710,0,-250,0,1,0,1;
custom,house3,house9mat2,2.25,1,2.2,0,1,1,1,1,1,710,60,-250,0,0,0,0;

custom,house12,default,2,2,2,0,1,1,1,1,1,310,0,-150,0,1,0,1;
custom,house3,house9mat2,2.25,1,2.2,0,1,1,1,1,1,310,60,-150,0,0,0,0;
custom,house12,default,2,2,2,0,1,1,1,1,1,710,0,-150,0,1,0,1;
custom,house3,house9mat2,2.25,1,2.2,0,1,1,1,1,1,710,60,-150,0,0,0,0;

custom,cuboid,house9mat2,14.4,7.245,14.4,0,1,1,1,1.6,0.8,510,40.55,300,0,0,0,1;
custom,cuboid,house9mat2,14.4,7.236,14.4,0,1,1,1,1.6,0.8,510,40.55,300,0,0.3826834,0,0.9238795;
custom,cylinder,house9mat2,18.9,3.591,18.9,0,1,1,1,2.1,0.4,510,40.55,300,0,0,0,1;

racing,killcylinder,18.99,0.75,18.99,510,29,300,0,0,0,1;
racing,killcylinder,18.99,0.75,18.99,510,60.05,300,0,0,0,1;

racing,killcuboid,14.49,1.5,14.49,510,29,300,0,0,0,1;
racing,killcuboid,14.49,1.5,14.49,510,29,300,0,0.3826834,0,0.9238795;

racing,killcuboid,14.49,1.5,14.49,510,60.05,300,0,0,0,1;
racing,killcuboid,14.49,1.5,14.49,510,60.05,300,0,0.3826834,0,0.9238795;

custom,house12,default,2,2,2,0,1,1,1,1,1,310,0,-50,0,1,0,1;
custom,house3,house9mat2,2.25,1,2.2,0,1,1,1,1,1,310,60,-50,0,0,0,0;
custom,house12,default,2,2,2,0,1,1,1,1,1,710,0,-50,0,1,0,1;
custom,house3,house9mat2,2.25,1,2.2,0,1,1,1,1,1,710,60,-50,0,0,0,0;

custom,house12,default,2,2,2,0,1,1,1,1,1,310,0,50,0,1,0,1;
custom,house3,house9mat2,2.25,1,2.2,0,1,1,1,1,1,310,60,50,0,0,0,0;
custom,house12,default,2,2,2,0,1,1,1,1,1,710,0,50,0,1,0,1;
custom,house3,house9mat2,2.25,1,2.2,0,1,1,1,1,1,710,60,50,0,0,0,0;

custom,house12,default,2,2,2,0,1,1,1,1,1,310,0,150,0,1,0,1;
custom,house3,house9mat2,2.25,1,2.2,0,1,1,1,1,1,310,60,150,0,0,0,0;
custom,house12,default,2,2,2,0,1,1,1,1,1,710,0,150,0,1,0,1;
custom,house3,house9mat2,2.25,1,2.2,0,1,1,1,1,1,710,60,150,0,0,0,0;

custom,house12,default,2,2,2,0,1,1,1,1,1,310,0,250,0,1,0,1;
custom,house3,house9mat2,2.25,1,2.2,0,1,1,1,1,1,310,60,250,0,0,0,0;
custom,house12,default,2,2,2,0,1,1,1,1,1,710,0,250,0,1,0,1;
custom,house3,house9mat2,2.25,1,2.2,0,1,1,1,1,1,710,60,250,0,0,0,0;

custom,house12,default,2,2,2,0,1,1,1,1,1,310,0,350,0,1,0,1;
custom,house3,house9mat2,2.25,1,2.2,0,1,1,1,1,1,310,60,350,0,0,0,0;
custom,house12,default,2,2,2,0,1,1,1,1,1,710,0,350,0,1,0,1;
custom,house3,house9mat2,2.25,1,2.2,0,1,1,1,1,1,710,60,350,0,0,0,0;

custom,house12,default,2,2,2,0,1,1,1,1,1,310,0,450,0,1,0,1;
custom,house3,house9mat2,2.25,1,2.2,0,1,1,1,1,1,310,60,450,0,0,0,0;
custom,house12,default,2,2,2,0,1,1,1,1,1,710,0,450,0,1,0,1;
custom,house3,house9mat2,2.25,1,2.2,0,1,1,1,1,1,710,60,450,0,0,0,0;

custom,house12,default,2,2,2,0,1,1,1,1,1,310,0,550,0,1,0,1;
custom,house3,house9mat2,2.25,1,2.2,0,1,1,1,1,1,310,60,550,0,0,0,0;
custom,house12,default,2,2,2,0,1,1,1,1,1,710,0,550,0,1,0,1;
custom,house3,house9mat2,2.25,1,2.2,0,1,1,1,1,1,710,60,550,0,0,0,0;

custom,house12,default,2,2,2,0,1,1,1,1,1,710,0,650,0,1,0,1;
custom,house3,house9mat2,2.25,1,2.2,0,1,1,1,1,1,710,60,650,0,0,0,0;

custom,house12,default,2,2,2,0,1,1,1,1,1,310,0,750,0,1,0,1;
custom,house3,house9mat2,2.25,1,2.2,0,1,1,1,1,1,310,60,750,0,0,0,0;
custom,house12,default,2,2,2,0,1,1,1,1,1,710,0,750,0,1,0,1;
custom,house3,house9mat2,2.25,1,2.2,0,1,1,1,1,1,710,60,750,0,0,0,0;


custom,house12,default,2,2,2,0,1,1,1,1,1,340,0,0,0,0,0,1;
custom,house3,house9mat2,2.25,1,2.2,0,1,1,1,1,1,340,60,0,-0,0.7071068,0,0.7071068;
custom,house12,default,2,2,2,0,1,1,1,1,1,680,0,0,0,0,0,1;
custom,house3,house9mat2,2.25,1,2.2,0,1,1,1,1,1,680,60,0,-0,0.7071068,0,0.7071068;

racing,killcuboid,30,6,1,180,40,115,0,0.6427876,0,0.7660444;
racing,killcuboid,30,6,1,270,40,115,0,0.7660444,0,0.6427876;

racing,killcuboid,32,6,1,180,40,57.5,0,0.6427876,0,0.7660444;
racing,killcuboid,32,6,1,270,40,57.5,0,0.7660444,0,0.6427876;

racing,killcuboid,34,6,1,180,40,0,0,0.6427876,0,0.7660444;
racing,killcuboid,34,6,1,270,40,0,0,0.7660444,0,0.6427876;

racing,killcuboid,36,6,1,180,40,-57.5,0,0.6427876,0,0.7660444;
racing,killcuboid,36,6,1,270,40,-57.5,0,0.7660444,0,0.6427876;

racing,killcuboid,5.5,6,1,180,40,-230.5,0,0,0,0;
racing,killcuboid,5.5,6,1,270,40,-230.5,0,0,0,0;


custom,house12,default,1.75,2,2,0,1,1,1,1,1,432.5,0,0,0,0,0,1;
custom,house3,house9mat2,2.25,1,1.95,0,1,1,1,1,1,432.5,60,0,-0,0.7071068,0,0.7071068;

custom,house12,default,1.75,2,2,0,1,1,1,1,1,587.5,0,0,0,0,0,1;
custom,house3,house9mat2,2.25,1,1.95,0,1,1,1,1,1,587.5,60,0,-0,0.7071068,0,0.7071068;


custom,house12,default,2,2,2,0,1,1,1,1,1,660,0,700,0,1,0,1;
custom,house3,house9mat2,2.25,1,2.2,0,1,1,1,1,1,660,60,700,0,0,0,0;
custom,house12,default,2,2,2,0,1,1,1,1,1,660,0,700,0,0,0,1;
custom,house3,house9mat2,2.25,1,2.2,0,1,1,1,1,1,660,60,700,-0,0.7071068,0,0.7071068;

custom,house12,default,2,2,2,0,1,1,1,1,1,660,0,650,0,1,0,1;
custom,house3,house9mat2,2.25,1,2.2,0,1,1,1,1,1,660,60,650,0,0,0,0;
custom,house12,default,2,2,2,0,1,1,1,1,1,660,0,650,0,0,0,1;
custom,house3,house9mat2,2.25,1,2.2,0,1,1,1,1,1,660,60,650,-0,0.7071068,0,0.7071068;

custom,house12,default,2,2,2,0,1,1,1,1,1,610,0,700,0,1,0,1;
custom,house3,house9mat2,2.25,1,2.2,0,1,1,1,1,1,610,60,700,0,0,0,0;
custom,house12,default,2,2,2,0,1,1,1,1,1,610,0,700,0,0,0,1;
custom,house3,house9mat2,2.25,1,2.2,0,1,1,1,1,1,610,60,700,-0,0.7071068,0,0.7071068;

custom,house12,default,2,2,2,0,1,1,1,1,1,660,0,600,0,1,0,1;
custom,house3,house9mat2,2.25,1,2.2,0,1,1,1,1,1,660,60,600,0,0,0,0;
custom,house12,default,2,2,2,0,1,1,1,1,1,660,0,600,0,0,0,1;
custom,house3,house9mat2,2.25,1,2.2,0,1,1,1,1,1,660,60,600,-0,0.7071068,0,0.7071068;

custom,house12,default,2,2,2,0,1,1,1,1,1,610,0,650,0,1,0,1;
custom,house3,house9mat2,2.25,1,2.2,0,1,1,1,1,1,610,60,650,0,0,0,0;
custom,house12,default,2,2,2,0,1,1,1,1,1,610,0,650,0,0,0,1;
custom,house3,house9mat2,2.25,1,2.2,0,1,1,1,1,1,610,60,650,-0,0.7071068,0,0.7071068;

custom,house12,default,2,2,2,0,1,1,1,1,1,560,0,700,0,1,0,1;
custom,house3,house9mat2,2.25,1,2.2,0,1,1,1,1,1,560,60,700,0,0,0,0;
custom,house12,default,2,2,2,0,1,1,1,1,1,560,0,700,0,0,0,1;
custom,house3,house9mat2,2.25,1,2.2,0,1,1,1,1,1,560,60,700,-0,0.7071068,0,0.7071068;



custom,house12,default,2,2,2,0,1,1,1,1,1,660,0,50,0,1,0,1;
custom,house3,house9mat2,2.25,1,2.2,0,1,1,1,1,1,660,60,50,0,0,0,0;
custom,house12,default,2,2,2,0,1,1,1,1,1,660,0,50,0,0,0,1;
custom,house3,house9mat2,2.25,1,2.2,0,1,1,1,1,1,660,60,50,-0,0.7071068,0,0.7071068;

custom,house12,default,2,2,2,0,1,1,1,1,1,360,0,50,0,1,0,1;
custom,house3,house9mat2,2.25,1,2.2,0,1,1,1,1,1,360,60,50,0,0,0,0;
custom,house12,default,2,2,2,0,1,1,1,1,1,360,0,50,0,0,0,1;
custom,house3,house9mat2,2.25,1,2.2,0,1,1,1,1,1,360,60,50,0,0.7071068,0,0.7071068;

custom,house12,default,2,2,2,0,1,1,1,1,1,660,0,-50,0,1,0,1;
custom,house3,house9mat2,2.25,1,2.2,0,1,1,1,1,1,660,60,-50,0,0,0,0;
custom,house12,default,2,2,2,0,1,1,1,1,1,660,0,-50,0,0,0,1;
custom,house3,house9mat2,2.25,1,2.2,0,1,1,1,1,1,660,60,-50,-0,0.7071068,0,0.7071068;

custom,house12,default,2,2,2,0,1,1,1,1,1,360,0,-50,0,1,0,1;
custom,house3,house9mat2,2.25,1,2.2,0,1,1,1,1,1,360,60,-50,0,0,0,0;
custom,house12,default,2,2,2,0,1,1,1,1,1,360,0,-50,0,0,0,1;
custom,house3,house9mat2,2.25,1,2.2,0,1,1,1,1,1,360,60,-50,0,0.7071068,0,0.7071068;

custom,house12,default,2,2,2,0,1,1,1,1,1,660,0,-550,0,1,0,1;
custom,house3,house9mat2,2.25,1,2.2,0,1,1,1,1,1,660,60,-550,0,0,0,0;
custom,house12,default,2,2,2,0,1,1,1,1,1,660,0,-550,0,0,0,1;
custom,house3,house9mat2,2.25,1,2.2,0,1,1,1,1,1,660,60,-550,-0,0.7071068,0,0.7071068;

custom,house12,default,2,2,2,0,1,1,1,1,1,360,0,-550,0,1,0,1;
custom,house3,house9mat2,2.25,1,2.2,0,1,1,1,1,1,360,60,-550,0,0,0,0;
custom,house12,default,2,2,2,0,1,1,1,1,1,360,0,-550,0,0,0,1;
custom,house3,house9mat2,2.25,1,2.2,0,1,1,1,1,1,360,60,-550,0,0.7071068,0,0.7071068;


racing,checkpointcuboid,1,8,12,510,35.5,-600,0,1,0,1;


racing,killcuboid,12,8,1,610,35,-675,0,1,0,1;

racing,killcuboid,1,1,1,610,44,-655,0,1,0,1;
racing,killcuboid,1,1,1,610,30,-655,0,1,0,1;

racing,killcuboid,1,3.2,1,610,40,-682,-0.1227878,0.6963642,-0.1227878,0.6963642;
racing,killcuboid,1,3.2,1,610,40,-672,0.1227878,0.6963642,0.1227878,0.6963642;


racing,killcuboid,10,6,3,0,40,-550,0,0,0,0;

racing,killcuboid,6,6,5,80,40,-540,0,0,0,0;
racing,killcuboid,6,6,5,-80,40,-540,0,0,0,0;



custom,cylinder,house9mat2,9.5,25,9.5,0,1,1,1,0.95,2.5,0,210,0,0,0,0,0;

custom,cuboid,house9mat2,7,40,2,0,1,1,1,0.7,4,65,200,-100,0,0,0,0;
custom,cuboid,house9mat2,7,40,2,0,1,1,1,0.7,4,-65,200,-100,0,0,0,0;
custom,cuboid,house9mat2,6,33,2,0,1,1,1,0.6,3.3,0,235,-100,0,0,0,0;

custom,cuboid,house9mat2,20,40,2,0,1,1,1,2,4,0,200,100,0,0,0,0;
custom,cuboid,house9mat2,2,40,20,0,1,1,1,2,4,100,200,0,0,0,0,0;
custom,cuboid,house9mat2,2,40,20,0,1,1,1,2,4,-100,200,0,0,0,0,0;

custom,cuboid,house9mat2,9,50,2,0,1,1,1,0.9,2.5,65,210,65,0,0.3826834,0,0.9238795;
custom,cuboid,house9mat2,9,50,2,0,1,1,1,0.9,2.5,-65,210,-65,0,0.3826834,0,0.9238795;

custom,cuboid,house9mat2,9,50,2,0,1,1,1,0.9,2.5,65,210,-65,0,-0.3826834,0,0.9238795;
custom,cuboid,house9mat2,9,50,2,0,1,1,1,0.9,2.5,-65,210,65,0,-0.3826834,0,0.9238795;

custom,house12,default,2,2,2,0,1,1,1,1,1,-80,0,-150,0,1,0,1;
custom,house3,house9mat2,2.25,1,2.2,0,1,1,1,1,1,-80,60,-150,0,0,0,0;
custom,house12,default,2,2,2,0,1,1,1,1,1,80,0,-150,0,1,0,1;
custom,house3,house9mat2,2.25,1,2.2,0,1,1,1,1,1,80,60,-150,0,0,0,0;

custom,house12,default,2,2,2,0,1,1,1,1,1,-90,0,-248,0,1,0,1;
custom,house3,house9mat2,2.25,1,2.2,0,1,1,1,1,1,-90,60,-248,0,0,0,0;
custom,house12,default,2,2,2,0,1,1,1,1,1,90,0,-248,0,1,0,1;
custom,house3,house9mat2,2.25,1,2.2,0,1,1,1,1,1,90,60,-248,0,0,0,0;



custom,arch1,default,1,1,1,0,1,1,1,1.2,0.1,510,78,-602,0,1,0,1;
custom,house3,house9mat2,0.5,0.25,1.75,0,1,1,1,1,1,510,81.5,-599.5,0,1,0,1;

//stairs;


custom,cylinder,stone2,5,2.5,5,0,1,1,1,1,1,1.800863,193.0102125,-68.170625,0,0.7091957,0,0.7050117;
custom,cylinder,stone2,5,2.5,5,0,1,1,1,1,1,1.3106485,94.5346625,-67.667975,0,0.7091957,0,0.7050117;
custom,cylinder,stone2,5,2.5,5,0,1,1,1,1,1,3.1474195,240.6083625,67.479825,0,0.7091247,0,0.7050832;
custom,cylinder,stone2,5,2.5,5,0,1,1,1,1,1,23.9582,40.3360175,64.279925,0,0.7680274,0,-0.640417;
custom,cylinder,stone2,5,2.5,5,0,1,1,1,1,1,2.6738895,141.8755125,67.381425,0,0.7091247,0,0.7050832;
custom,cylinder,stone2,5,2.5,5,0,1,1,1,1,1,2.2795355,291.6332125,-68.173125,0,0.7091957,0,0.7050117;
custom,cylinder,stone2,5,2.5,5,0,1,1,1,1,1,67.69133,216.7371625,-0.501175,0,0.0040328,0,-0.9999919;
custom,cylinder,stone2,5,2.5,5,0,1,1,1,1,1,2.9363275,389.4081125,-68.676875,0,0.7091957,0,0.7050117;
custom,cylinder,stone2,5,2.5,5,0,1,1,1,1,1,1.9044195,43.7207625,67.210325,0,0.7273614,0,0.6862546;

custom,cylinder,stone2,5,2.5,5,0,1,1,1,1,1,67.96833,118.2246125,-1.206325,0,0.00185,0,-0.9999983;
custom,cylinder,stone2,5,2.5,5,0,1,1,1,1,1,4.1682085,339.7852125,68.217775,0,0.6840832,0,0.729404;
custom,cylinder,stone2,5,2.5,5,0,1,1,1,1,1,-68.24412,266.4824625,-3.842475,0,0.9999977,0,-0.0021614;
custom,cylinder,stone2,5,1.25,5,0,1,1,1,1,1,68.44578,36.6912375,-1.390675,0,0.7052154,0,-0.7089931;
custom,cylinder,stone2,5,2.5,5,0,1,1,1,1,1,-68.14537,167.8655125,-4.049675,0,0.9999977,0,-0.0021614;
custom,cylinder,stone2,5,2.5,5,0,1,1,1,1,1,67.79488,314.5849625,-0.267325,0,0.0090339,0,0.9999592;
custom,cylinder,stone2,5,2.5,5,0,1,1,1,1,1,51.142955,32.6009975,49.139125,0,0.6333632,0,-0.7738547;
custom,cylinder,stone2,5,3.75,5,0,1,1,1,1,1,-67.83267,56.7379575,-3.713875,0,0.689979,0,0.7238294;
custom,cylinder,stone2,5,2.5,5,0,1,1,1,1,1,-13.591355,47.2240875,65.402875,0,0.8905377,0,-0.4549096;
custom,cylinder,stone2,5,2.5,5,0,1,1,1,1,1,-68.14337,364.7095125,-3.818125,0,0.9999977,0,-0.0021614;
custom,cylinder,stone2,5,2.5,5,0,1,1,1,1,1,58.31308,29.9977225,33.952225,0,0.4740392,0,-0.8805037;
custom,cylinder,stone2,5,2.5,5,0,1,1,1,1,1,66.39248,27.1359875,18.078125,0,0.2256749,0,-0.9742027;
custom,cylinder,stone2,5,2.5,5,0,1,1,1,1,1,40.54134,36.3163525,59.007925,0,0.6937204,0,-0.7202444;
custom,cylinder,stone2,5,2.5,5,0,1,1,1,1,1,-26.45221,51.2784225,60.634575,0,0.8934983,0,-0.4490665;
custom,cylinder,stone2,5,2.5,5,0,1,1,1,1,1,-40.736995,55.6382775,55.042925,0,0.9838577,0,-0.1789527;
custom,cylinder,stone2,5,2.5,5,0,1,1,1,1,1,-53.02917,59.4105725,45.091575,0,0.9946423,0,-0.1033763;
custom,cylinder,stone2,5,2.5,5,0,1,1,1,1,1,-61.11247,62.5708275,33.025825,0,0.999355,0,-0.0359102;
custom,cylinder,stone2,5,2.5,5,0,1,1,1,1,1,-65.55587,66.1131525,15.497725,0,0.9999269,0,0.0120964;
custom,cylinder,stone2,5,2.5,5,0,1,1,1,1,1,-66.44622,72.6905625,-18.221075,0,0.9796723,0,0.2006048;
custom,cylinder,stone2,5,2.5,5,0,1,1,1,1,1,-59.88652,75.9817125,-32.744125,0,0.977425,0,0.211283;
custom,cylinder,stone2,5,2.5,5,0,1,1,1,1,1,-47.56537,79.7546625,-44.777175,0,0.9513369,0,0.3081529;
custom,cylinder,stone2,5,2.5,5,0,1,1,1,1,1,-37.05931,83.5601125,-53.855275,0,0.869724,0,0.4935383;
custom,cylinder,stone2,5,2.5,5,0,1,1,1,1,1,-27.36967,87.7043625,-60.813025,0,0.8233978,0,0.5674647;
custom,cylinder,stone2,5,2.5,5,0,1,1,1,1,1,-17.14656,91.2521125,-67.665225,0,0.7638091,0,0.6454422;
custom,cylinder,stone2,5,2.5,5,0,1,1,1,1,1,16.212115,98.0393125,-65.968925,0,0.5490331,0,0.8358006;
custom,cylinder,stone2,5,2.5,5,0,1,1,1,1,1,26.640685,101.4963125,-64.271625,0,0.5599256,0,0.8285429;
custom,cylinder,stone2,5,2.5,5,0,1,1,1,1,1,37.043125,104.2183125,-60.663725,0,0.5508546,0,0.8346012;
custom,cylinder,stone2,5,2.5,5,0,1,1,1,1,1,45.489035,107.3339625,-54.977175,0,0.4702512,0,0.8825327;
custom,cylinder,stone2,5,2.5,5,0,1,1,1,1,1,53.26965,110.2176625,-46.447925,0,0.2617776,0,0.9651282;
custom,cylinder,stone2,5,2.5,5,0,1,1,1,1,1,60.97238,113.1690625,-35.576775,0,0.2343023,0,0.9721638;
custom,cylinder,stone2,5,2.5,5,0,1,1,1,1,1,65.34588,115.5896625,-18.376025,0,0.1551495,0,0.987891;
custom,cylinder,stone2,5,2.5,5,0,1,1,1,1,1,66.62308,121.2305625,15.873275,0,0.1536151,0,-0.9881308;
custom,cylinder,stone2,5,2.5,5,0,1,1,1,1,1,63.48648,124.8152125,26.578975,0,0.2095629,0,-0.9777952;
custom,cylinder,stone2,5,2.5,5,0,1,1,1,1,1,58.97888,128.6256125,38.971675,0,0.2074771,0,-0.9782399;
custom,cylinder,stone2,5,2.5,5,0,1,1,1,1,1,53.34923,132.2074625,48.014475,0,0.2415135,0,-0.9703975;
custom,cylinder,stone2,5,2.5,5,0,1,1,1,1,1,41.49216,135.2173625,57.356075,0,0.2961669,0,-0.9551362;
custom,cylinder,stone2,5,2.5,5,0,1,1,1,1,1,20.89962,138.5301125,63.093925,0,0.5534427,0,-0.8328873;
custom,cylinder,stone2,5,2.5,5,0,1,1,1,1,1,-10.66368,144.4933625,64.543975,0,0.8301606,0,-0.5575245;
custom,cylinder,stone2,5,2.5,5,0,1,1,1,1,1,-23.628055,147.5781625,62.477975,0,0.857085,0,-0.515175;
custom,cylinder,stone2,5,2.5,5,0,1,1,1,1,1,-34.51274,150.4578125,57.122025,0,0.8681275,0,-0.4963414;
custom,cylinder,stone2,5,2.5,5,0,1,1,1,1,1,-43.02511,153.6805125,53.750875,0,0.8615571,0,-0.5076609;
custom,cylinder,stone2,5,2.5,5,0,1,1,1,1,1,-51.62007,156.5515625,47.349325,0,0.8938971,0,-0.4482722;
custom,cylinder,stone2,5,2.5,5,0,1,1,1,1,1,-59.53937,159.3179125,38.130775,0,0.8899525,0,-0.4560532;
custom,cylinder,stone2,5,2.5,5,0,1,1,1,1,1,-67.29012,161.9511125,25.185575,0,0.9530184,0,-0.3029123;
custom,cylinder,stone2,5,2.5,5,0,1,1,1,1,1,-69.48682,164.6365125,11.153925,0,0.9556261,0,-0.2945826;
custom,cylinder,stone2,5,2.5,5,0,1,1,1,1,1,-65.75872,171.1561625,-15.171775,0,0.9728789,0,0.2313153;
custom,cylinder,stone2,5,2.5,5,0,1,1,1,1,1,-61.69177,173.8424625,-26.642625,0,0.9790448,0,0.2036451;
custom,cylinder,stone2,5,2.5,5,0,1,1,1,1,1,-56.95807,176.9190625,-37.040325,0,0.979924,0,0.1993716;
custom,cylinder,stone2,5,2.5,5,0,1,1,1,1,1,-52.34402,179.3710625,-45.598175,0,0.9296037,0,0.3685606;
custom,cylinder,stone2,5,2.5,5,0,1,1,1,1,1,-43.511425,182.5848125,-51.723975,0,0.9523819,0,0.3049076;
custom,cylinder,stone2,5,2.5,5,0,1,1,1,1,1,-36.355355,185.8631625,-57.910975,0,0.9246919,0,0.3807164;
custom,cylinder,stone2,5,2.5,5,0,1,1,1,1,1,-27.22517,188.2968625,-63.695475,0,0.863807,0,0.5038229;
custom,cylinder,stone2,5,2.5,5,0,1,1,1,1,1,-12.234425,190.5115125,-66.681125,0,0.8302218,0,0.5574331;
custom,cylinder,stone2,5,2.5,5,0,1,1,1,1,1,13.900735,196.2704625,-67.134475,0,0.6308802,0,0.7758803;
custom,cylinder,stone2,5,2.5,5,0,1,1,1,1,1,24.819665,199.1149625,-64.268375,0,0.5204879,0,0.8538691;
custom,cylinder,stone2,5,2.5,5,0,1,1,1,1,1,35.68975,201.8797125,-59.131175,0,0.4960645,0,0.8682857;
custom,cylinder,stone2,5,2.5,5,0,1,1,1,1,1,45.6978,204.9379125,-54.369675,0,0.4998465,0,0.866114;
custom,cylinder,stone2,5,2.5,5,0,1,1,1,1,1,54.92302,207.6839625,-47.609225,0,0.4125445,0,0.9109374;
custom,cylinder,stone2,5,2.5,5,0,1,1,1,1,1,62.81603,210.8375625,-36.108625,0,0.4184973,0,0.9082181;
custom,cylinder,stone2,5,2.5,5,0,1,1,1,1,1,67.61728,214.0164625,-21.025125,0,0.1670217,0,0.9859532;
custom,cylinder,stone2,5,2.5,5,0,1,1,1,1,1,67.06413,220.1036625,12.363475,0,0.1461103,0,-0.9892683;
custom,cylinder,stone2,5,2.5,5,0,1,1,1,1,1,63.03388,222.8620625,21.385075,0,0.1677001,0,-0.9858381;
custom,cylinder,stone2,5,2.5,5,0,1,1,1,1,1,58.87588,226.0076125,32.519575,0,0.1741498,0,-0.9847192;
custom,cylinder,stone2,5,2.5,5,0,1,1,1,1,1,54.346105,229.3728125,41.227425,0,0.1805937,0,-0.9835578;
custom,cylinder,stone2,5,2.5,5,0,1,1,1,1,1,48.894615,231.6999125,48.679625,0,0.2126866,0,-0.9771205;
custom,cylinder,stone2,5,2.5,5,0,1,1,1,1,1,43.45993,233.7882125,57.853425,0,0.28036,0,-0.959895;
custom,cylinder,stone2,5,2.5,5,0,1,1,1,1,1,19.74061,237.8444625,66.138025,0,0.5136542,0,-0.8579973;
custom,cylinder,stone2,5,2.5,5,0,1,1,1,1,1,33.18832,235.8661125,61.743275,0,0.6856579,0,-0.7279239;
custom,cylinder,stone2,5,2.5,5,0,1,1,1,1,1,-11.54964,242.8653125,63.798025,0,0.8391416,0,-0.543913;
custom,cylinder,stone2,5,2.5,5,0,1,1,1,1,1,-22.631845,245.5534125,59.808425,0,0.8246252,0,-0.5656795;
custom,cylinder,stone2,5,2.5,5,0,1,1,1,1,1,-32.07502,248.1941625,56.839175,0,0.8258573,0,-0.5638792;
custom,cylinder,stone2,5,2.5,5,0,1,1,1,1,1,-40.1632,250.9831125,53.279325,0,0.8295305,0,-0.5584615;
custom,cylinder,stone2,5,2.5,5,0,1,1,1,1,1,-47.88862,253.4729125,49.384475,0,0.8697181,0,-0.4935488;
custom,cylinder,stone2,5,2.5,5,0,1,1,1,1,1,-54.05502,255.8998125,44.188375,0,0.8718632,0,-0.4897495;
custom,cylinder,stone2,5,2.5,5,0,1,1,1,1,1,-59.78537,258.3443625,36.737275,0,0.9465146,0,-0.3226609;
custom,cylinder,stone2,5,2.5,5,0,1,1,1,1,1,-67.28747,264.1737125,10.523175,0,0.971554,0,-0.2368181;
custom,cylinder,stone2,5,2.5,5,0,1,1,1,1,1,-64.07447,261.0249125,24.502825,0,0.8172056,0,-0.5763463;
custom,cylinder,stone2,5,2.5,5,0,1,1,1,1,1,-66.37237,268.7699625,-15.808625,0,0.982248,0,0.187587;
custom,cylinder,stone2,5,2.5,5,0,1,1,1,1,1,-62.77782,271.9755625,-28.007925,0,0.9656422,0,0.2598755;
custom,cylinder,stone2,5,2.5,5,0,1,1,1,1,1,-58.06782,274.8745125,-37.752475,0,0.9639186,0,0.2661975;
custom,cylinder,stone2,5,2.5,5,0,1,1,1,1,1,-49.81442,277.7588125,-46.656275,0,0.9533817,0,0.3017673;
custom,cylinder,stone2,5,2.5,5,0,1,1,1,1,1,-43.082175,280.7689125,-54.343275,0,0.9479654,0,0.3183733;
custom,cylinder,stone2,5,2.5,5,0,1,1,1,1,1,-34.8478,283.8843125,-61.094725,0,0.9578726,0,0.2871934;
custom,cylinder,stone2,5,2.5,5,0,1,1,1,1,1,-24.623165,286.3403625,-64.853525,0,0.8740656,0,0.4858079;
custom,cylinder,stone2,5,2.5,5,0,1,1,1,1,1,-12.87768,288.6136125,-68.392175,0,0.8708661,0,0.4915204;
custom,cylinder,stone2,5,2.5,5,0,1,1,1,1,1,15.18658,294.7804125,-63.876025,0,0.5886157,0,0.808413;
custom,cylinder,stone2,5,2.5,5,0,1,1,1,1,1,24.809675,298.0741125,-59.927575,0,0.5270852,0,0.8498124;
custom,cylinder,stone2,5,2.5,5,0,1,1,1,1,1,33.792825,300.5752125,-57.406025,0,0.5140446,0,0.8577635;
custom,cylinder,stone2,5,2.5,5,0,1,1,1,1,1,42.45719,303.6851625,-52.067375,0,0.5177823,0,0.8555124;
custom,cylinder,stone2,5,2.5,5,0,1,1,1,1,1,49.35447,305.8854625,-45.027375,0,0.5215093,0,0.8532456;
custom,cylinder,stone2,5,2.5,5,0,1,1,1,1,1,62.72133,310.1671625,-25.865675,0,0.5008839,0,0.8655145;
custom,cylinder,stone2,5,2.5,5,0,1,1,1,1,1,67.11878,312.2456125,-14.236675,0,0.314132,0,0.9493793;
custom,cylinder,stone2,5,2.5,5,0,1,1,1,1,1,57.48188,308.2463125,-37.004125,0,0.1530998,0,0.9882107;
custom,cylinder,stone2,5,2.5,5,0,1,1,1,1,1,66.36613,317.3677125,9.585725,0,0.1298396,0,-0.991535;
custom,cylinder,stone2,5,2.5,5,0,1,1,1,1,1,62.80938,320.0697125,17.537775,0,0.1255664,0,-0.9920852;
custom,cylinder,stone2,5,2.5,5,0,1,1,1,1,1,55.96993,324.9565625,34.649475,0,0.1558457,0,-0.9877814;
custom,cylinder,stone2,5,2.5,5,0,1,1,1,1,1,50.99362,327.5913125,44.758225,0,0.1838341,0,-0.9829573;
custom,cylinder,stone2,5,2.5,5,0,1,1,1,1,1,42.25194,330.0947125,52.312025,0,0.2329172,0,-0.9724966;
custom,cylinder,stone2,5,2.5,5,0,1,1,1,1,1,33.34124,332.5513125,58.782325,0,0.2667458,0,-0.9637669;
custom,cylinder,stone2,5,2.5,5,0,1,1,1,1,1,25.29078,335.0836125,63.617975,0,0.4881938,0,-0.8727353;
custom,cylinder,stone2,5,2.5,5,0,1,1,1,1,1,14.667405,337.6060625,67.077375,0,0.5569879,0,-0.8305206;
custom,cylinder,stone2,5,2.5,5,0,1,1,1,1,1,58.44818,322.2857625,26.025875,0,0.0932957,0,-0.9956384;
custom,cylinder,stone2,5,2.5,5,0,1,1,1,1,1,-8.58959,342.1518125,66.551225,0,0.7997544,0,-0.6003274;
custom,cylinder,stone2,5,2.5,5,0,1,1,1,1,1,-20.260775,344.8234625,64.030775,0,0.811395,0,-0.5844982;
custom,cylinder,stone2,5,2.5,5,0,1,1,1,1,1,-31.466185,347.7311125,58.893775,0,0.8288742,0,-0.5594352;
custom,cylinder,stone2,5,2.5,5,0,1,1,1,1,1,-42.106265,350.7525125,49.484025,0,0.8658837,0,-0.5002453;
custom,cylinder,stone2,5,2.5,5,0,1,1,1,1,1,-50.86162,353.5459125,42.667775,0,0.8349363,0,-0.5503467;
custom,cylinder,stone2,5,2.5,5,0,1,1,1,1,1,-58.18652,356.1565625,33.523425,0,0.8948125,0,-0.4464422;
custom,cylinder,stone2,5,2.5,5,0,1,1,1,1,1,-63.82077,359.3643625,22.442975,0,0.9396,0,-0.3422745;
custom,cylinder,stone2,5,2.5,5,0,1,1,1,1,1,-66.85207,361.8463625,9.850675,0,0.9908295,0,-0.1351185;
custom,cylinder,stone2,5,2.5,5,0,1,1,1,1,1,-65.77397,367.3384125,-16.473925,0,0.98368,0,0.1799267;
custom,cylinder,stone2,5,2.5,5,0,1,1,1,1,1,-60.73037,369.8432125,-28.378475,0,0.9659663,0,0.2586679;
custom,cylinder,stone2,5,2.5,5,0,1,1,1,1,1,-56.16192,372.5255125,-37.786175,0,0.9531017,0,0.3026504;
custom,cylinder,stone2,5,2.5,5,0,1,1,1,1,1,-49.92352,375.2302625,-46.454375,0,0.951769,0,0.3068157;
custom,cylinder,stone2,5,2.5,5,0,1,1,1,1,1,-43.95687,377.7794625,-53.705325,0,0.9524326,0,0.3047494;
custom,cylinder,stone2,5,2.5,5,0,1,1,1,1,1,-34.47842,380.1340125,-60.345675,0,0.9304593,0,0.3663952;
custom,cylinder,stone2,5,2.5,5,0,1,1,1,1,1,-24.70861,383.3285625,-64.165575,0,0.8583378,0,0.5130851;
custom,cylinder,stone2,5,2.5,5,0,1,1,1,1,1,-12.73905,386.6071625,-68.094775,0,0.7907447,0,0.6121461;
custom,cylinder,stone2,5,2.5,5,0,1,1,1,1,1,66.68408,21.3372665,-15.775925,0,0.2046843,0,-0.9788281;
custom,cylinder,stone2,5,2.5,5,0,1,1,1,1,1,62.25763,18.760909,-26.474175,0,0.1811466,0,-0.9834561;
custom,cylinder,stone2,5,2.5,5,0,1,1,1,1,1,54.93632,16.1719215,-36.899225,0,0.2281374,0,-0.9736289;
custom,cylinder,stone2,5,2.5,5,0,1,1,1,1,1,1.2422345,-2.8610125,-102.684175,0,0.0032953,0,-0.9999946;
custom,cylinder,stone2,5,2.5,5,0,1,1,1,1,1,0.623663,-1.5858425,-93.158125,0,0.9741158,0,0.2260497;
custom,cylinder,stone2,5,2.5,5,0,1,1,1,1,1,2.536424,-0.3551075,-84.799875,0,0.8953744,0,0.4453141;
custom,cylinder,stone2,5,2.5,5,0,1,1,1,1,1,3.508047,1.5803775,-76.523825,0,0.7481556,0,0.6635234;
custom,cylinder,stone2,5,2.5,5,0,1,1,1,1,1,7.0988065,3.4185975,-69.877725,0,0.7349809,0,0.6780878;
custom,cylinder,stone2,5,2.5,5,0,1,1,1,1,1,14.63896,5.0319425,-65.461525,0,0.7139285,0,0.7002187;
custom,cylinder,stone2,5,2.5,5,0,1,1,1,1,1,21.128305,6.7668325,-62.479975,0,0.682704,0,0.7306951;
custom,cylinder,stone2,5,2.5,5,0,1,1,1,1,1,27.288365,8.5825075,-60.349525,0,0.6953512,0,0.7186701;
custom,cylinder,stone2,5,2.5,5,0,1,1,1,1,1,34.589945,10.4516675,-59.340275,0,0.6858397,0,0.7277527;
custom,cylinder,stone2,5,2.5,5,0,1,1,1,1,1,42.018365,11.8579225,-55.322675,0,0.7184495,0,0.6955791;
custom,cylinder,stone2,5,2.5,5,0,1,1,1,1,1,48.8119,13.8848325,-47.987775,0,0.6198004,0,0.7847595;

custom,cuboid,house9mat2,0.5,2,6.25,0,1,1,1,0.6,0.2,22,420,-68.676875,0,0,0,0;
custom,cuboid,house9mat2,0.5,2,6.25,0,1,1,1,0.6,0.2,22,450,-68.676875,0,0,0,0;
custom,cuboid,house9mat2,0.5,1,3.5,0,1,1,1,0.35,0.1,22,435,-82.4,0,0,0,0;

custom,endprism,default,1,0.5,1,0,1,1,1,1,1,22,435,-92.4,0,0,-0.7071068,0.7071068;
custom,endprism,default,1,0.5,1,0,1,1,1,1,1,22,435,-82.4,0,0,-0.7071068,0.7071068;
custom,endprism,default,1,0.5,1,0,1,1,1,1,1,22,435,-72.4,0,0,-0.7071068,0.7071068;


//2nd plan;


map,disablebounds;

custom,cuboid,stone3,200,1.5,100,1,1,1,1,20,10,0,406,-590.5,0,0,0,0;
custom,cuboid,stone3,200,1.5,100,1,1,1,1,20,10,0,406,590.5,0,0,0,0;

custom,cuboid,stone3,90,1.5,18.1,1,1,1,1,9,1.81,550,406,0,0,0,0,0;
custom,cuboid,stone3,90,1.5,18.1,1,1,1,1,9,1.81,-550,406,0,0,0,0,0;

custom,cuboid,house9mat2,1,8,20,1,1,1,1,2,0.8,95,440,0,0,0,0,0;
custom,cuboid,house9mat2,1,8,20,1,1,1,1,2,0.8,-95,440,0,0,0,0,0;
custom,cuboid,house9mat2,20,8,1,1,1,1,1,2,0.8,0,440,95,0,0,0,0;

custom,cuboid,house9mat2,7,8,1,1,1,1,1,0.7,0.8,55,440,-95,0,0,0,0;
custom,cuboid,house9mat2,7,8,1,1,1,1,1,0.7,0.8,-55,440,-95,0,0,0,0;
custom,cuboid,house9mat2,19.9,1,19.9,1,1,1,1,2,2,0,465,0,0,0,0,0;
racing,killCuboid,19.9,1,19.9,0,475,0,0,0,0,0;


custom,cuboid,house9mat2,200,20,1.5,0,1,1,1,20,2,0,505,1085,0,0,0,0;
custom,cuboid,house9mat2,200,20,1.5,0,1,1,1,20,2,0,505,-1085,0,0,0,0;
custom,cuboid,house9mat2,1.5,20,220,0,1,1,1,22,2,995,505,0,0,0,0,0;
custom,cuboid,house9mat2,1.5,20,220,0,1,1,1,22,2,-995,505,0,0,0,0,0;

custom,house12,default,2,2,2,0,1,1,1,1,1,-940,406,-1085,0,1,0,0;
custom,house3,stone10,2.25,1,2.2,1,0.1,0.2,0.3,1,1,-940,466,-1085,0,0.7071068,0,0.7071068;
custom,house12,default,2,2,2,0,1,1,1,1,1,-840,406,-1085,0,1,0,0;
custom,house3,stone10,2.25,1,2.2,1,0.1,0.2,0.3,1,1,-840,466,-1085,0,0.7071068,0,0.7071068;
custom,house12,default,2,2,2,0,1,1,1,1,1,-740,406,-1085,0,1,0,0;
custom,house3,stone10,2.25,1,2.2,1,0.1,0.2,0.3,1,1,-740,466,-1085,0,0.7071068,0,0.7071068;
custom,house12,default,2,2,2,0,1,1,1,1,1,-640,406,-1085,0,1,0,0;
custom,house3,stone10,2.25,1,2.2,1,0.1,0.2,0.3,1,1,-640,466,-1085,0,0.7071068,0,0.7071068;
custom,house12,default,2,2,2,0,1,1,1,1,1,-540,406,-1085,0,1,0,0;
custom,house3,stone10,2.25,1,2.2,1,0.1,0.2,0.3,1,1,-540,466,-1085,0,0.7071068,0,0.7071068;
custom,house12,default,2,2,2,0,1,1,1,1,1,-440,406,-1085,0,1,0,0;
custom,house3,stone10,2.25,1,2.2,1,0.1,0.2,0.3,1,1,-440,466,-1085,0,0.7071068,0,0.7071068;
custom,house12,default,2,2,2,0,1,1,1,1,1,-340,406,-1085,0,1,0,0;
custom,house3,stone10,2.25,1,2.2,1,0.1,0.2,0.3,1,1,-340,466,-1085,0,0.7071068,0,0.7071068;
custom,house12,default,2,2,2,0,1,1,1,1,1,-240,406,-1085,0,1,0,0;
custom,house3,stone10,2.25,1,2.2,1,0.1,0.2,0.3,1,1,-240,466,-1085,0,0.7071068,0,0.7071068;
custom,house12,default,2,2,2,0,1,1,1,1,1,-140,406,-1085,0,1,0,0;
custom,house3,stone10,2.25,1,2.2,1,0.1,0.2,0.3,1,1,-140,466,-1085,0,0.7071068,0,0.7071068;
custom,house12,default,2,2,2,0,1,1,1,1,1,-40,406,-1085,0,1,0,0;
custom,house3,stone10,2.25,1,2.2,1,0.1,0.2,0.3,1,1,-40,466,-1085,0,0.7071068,0,0.7071068;
custom,house12,default,2,2,2,0,1,1,1,1,1,60,406,-1085,0,1,0,0;
custom,house3,stone10,2.25,1,2.2,1,0.1,0.2,0.3,1,1,60,466,-1085,0,0.7071068,0,0.7071068;
custom,house12,default,2,2,2,0,1,1,1,1,1,160,406,-1085,0,1,0,0;
custom,house3,stone10,2.25,1,2.2,1,0.1,0.2,0.3,1,1,160,466,-1085,0,0.7071068,0,0.7071068;
custom,house12,default,2,2,2,0,1,1,1,1,1,260,406,-1085,0,1,0,0;
custom,house3,stone10,2.25,1,2.2,1,0.1,0.2,0.3,1,1,260,466,-1085,0,0.7071068,0,0.7071068;
custom,house12,default,2,2,2,0,1,1,1,1,1,360,406,-1085,0,1,0,0;
custom,house3,stone10,2.25,1,2.2,1,0.1,0.2,0.3,1,1,360,466,-1085,0,0.7071068,0,0.7071068;
custom,house12,default,2,2,2,0,1,1,1,1,1,460,406,-1085,0,1,0,0;
custom,house3,stone10,2.25,1,2.2,1,0.1,0.2,0.3,1,1,460,466,-1085,0,0.7071068,0,0.7071068;
custom,house12,default,2,2,2,0,1,1,1,1,1,560,406,-1085,0,1,0,0;
custom,house3,stone10,2.25,1,2.2,1,0.1,0.2,0.3,1,1,560,466,-1085,0,0.7071068,0,0.7071068;
custom,house12,default,2,2,2,0,1,1,1,1,1,660,406,-1085,0,1,0,0;
custom,house3,stone10,2.25,1,2.2,1,0.1,0.2,0.3,1,1,660,466,-1085,0,0.7071068,0,0.7071068;
custom,house12,default,2,2,2,0,1,1,1,1,1,760,406,-1085,0,1,0,0;
custom,house3,stone10,2.25,1,2.2,1,0.1,0.2,0.3,1,1,760,466,-1085,0,0.7071068,0,0.7071068;
custom,house12,default,2,2,2,0,1,1,1,1,1,860,406,-1085,0,1,0,0;
custom,house3,stone10,2.25,1,2.2,1,0.1,0.2,0.3,1,1,860,466,-1085,0,0.7071068,0,0.7071068;
custom,house12,default,2,2,2,0,1,1,1,1,1,960,406,-1085,0,1,0,0;
custom,house3,stone10,2.25,1,2.2,1,0.1,0.2,0.3,1,1,960,466,-1085,0,0.7071068,0,0.7071068;

custom,house12,default,2,2,2,0,1,1,1,1,1,-940,406,1085,0,1,0,0;
custom,house3,stone10,2.25,1,2.2,1,0.1,0.2,0.3,1,1,-940,466,1085,0,0.7071068,0,0.7071068;
custom,house12,default,2,2,2,0,1,1,1,1,1,-840,406,1085,0,1,0,0;
custom,house3,stone10,2.25,1,2.2,1,0.1,0.2,0.3,1,1,-840,466,1085,0,0.7071068,0,0.7071068;
custom,house12,default,2,2,2,0,1,1,1,1,1,-740,406,1085,0,1,0,0;
custom,house3,stone10,2.25,1,2.2,1,0.1,0.2,0.3,1,1,-740,466,1085,0,0.7071068,0,0.7071068;
custom,house12,default,2,2,2,0,1,1,1,1,1,-640,406,1085,0,1,0,0;
custom,house3,stone10,2.25,1,2.2,1,0.1,0.2,0.3,1,1,-640,466,1085,0,0.7071068,0,0.7071068;
custom,house12,default,2,2,2,0,1,1,1,1,1,-540,406,1085,0,1,0,0;
custom,house3,stone10,2.25,1,2.2,1,0.1,0.2,0.3,1,1,-540,466,1085,0,0.7071068,0,0.7071068;
custom,house12,default,2,2,2,0,1,1,1,1,1,-440,406,1085,0,1,0,0;
custom,house3,stone10,2.25,1,2.2,1,0.1,0.2,0.3,1,1,-440,466,1085,0,0.7071068,0,0.7071068;
custom,house12,default,2,2,2,0,1,1,1,1,1,-340,406,1085,0,1,0,0;
custom,house3,stone10,2.25,1,2.2,1,0.1,0.2,0.3,1,1,-340,466,1085,0,0.7071068,0,0.7071068;
custom,house12,default,2,2,2,0,1,1,1,1,1,-240,406,1085,0,1,0,0;
custom,house3,stone10,2.25,1,2.2,1,0.1,0.2,0.3,1,1,-240,466,1085,0,0.7071068,0,0.7071068;
custom,house12,default,2,2,2,0,1,1,1,1,1,-140,406,1085,0,1,0,0;
custom,house3,stone10,2.25,1,2.2,1,0.1,0.2,0.3,1,1,-140,466,1085,0,0.7071068,0,0.7071068;
custom,house12,default,2,2,2,0,1,1,1,1,1,-40,406,1085,0,1,0,0;
custom,house3,stone10,2.25,1,2.2,1,0.1,0.2,0.3,1,1,-40,466,1085,0,0.7071068,0,0.7071068;
custom,house12,default,2,2,2,0,1,1,1,1,1,60,406,1085,0,1,0,0;
custom,house3,stone10,2.25,1,2.2,1,0.1,0.2,0.3,1,1,60,466,1085,0,0.7071068,0,0.7071068;
custom,house12,default,2,2,2,0,1,1,1,1,1,160,406,1085,0,1,0,0;
custom,house3,stone10,2.25,1,2.2,1,0.1,0.2,0.3,1,1,160,466,1085,0,0.7071068,0,0.7071068;
custom,house12,default,2,2,2,0,1,1,1,1,1,260,406,1085,0,1,0,0;
custom,house3,stone10,2.25,1,2.2,1,0.1,0.2,0.3,1,1,260,466,1085,0,0.7071068,0,0.7071068;
custom,house12,default,2,2,2,0,1,1,1,1,1,360,406,1085,0,1,0,0;
custom,house3,stone10,2.25,1,2.2,1,0.1,0.2,0.3,1,1,360,466,1085,0,0.7071068,0,0.7071068;
custom,house12,default,2,2,2,0,1,1,1,1,1,460,406,1085,0,1,0,0;
custom,house3,stone10,2.25,1,2.2,1,0.1,0.2,0.3,1,1,460,466,1085,0,0.7071068,0,0.7071068;
custom,house12,default,2,2,2,0,1,1,1,1,1,560,406,1085,0,1,0,0;
custom,house3,stone10,2.25,1,2.2,1,0.1,0.2,0.3,1,1,560,466,1085,0,0.7071068,0,0.7071068;
custom,house12,default,2,2,2,0,1,1,1,1,1,660,406,1085,0,1,0,0;
custom,house3,stone10,2.25,1,2.2,1,0.1,0.2,0.3,1,1,660,466,1085,0,0.7071068,0,0.7071068;
custom,house12,default,2,2,2,0,1,1,1,1,1,760,406,1085,0,1,0,0;
custom,house3,stone10,2.25,1,2.2,1,0.1,0.2,0.3,1,1,760,466,1085,0,0.7071068,0,0.7071068;
custom,house12,default,2,2,2,0,1,1,1,1,1,860,406,1085,0,1,0,0;
custom,house3,stone10,2.25,1,2.2,1,0.1,0.2,0.3,1,1,860,466,1085,0,0.7071068,0,0.7071068;
custom,house12,default,2,2,2,0,1,1,1,1,1,960,406,1085,0,1,0,0;
custom,house3,stone10,2.25,1,2.2,1,0.1,0.2,0.3,1,1,960,466,1085,0,0.7071068,0,0.7071068;

custom,house12,default,2,2,2,0,1,1,1,1,1,995,406,-400,0,1,0,1;
custom,house3,stone10,2.25,1,2.2,1,0.1,0.2,0.3,1,1,995,466,-400,0,0,0,0;
custom,house12,default,2,2,2,0,1,1,1,1,1,995,406,-300,0,1,0,1;
custom,house3,stone10,2.25,1,2.2,1,0.1,0.2,0.3,1,1,995,466,-300,0,0,0,0;
custom,house12,default,2,2,2,0,1,1,1,1,1,995,406,-200,0,1,0,1;
custom,house3,stone10,2.25,1,2.2,1,0.1,0.2,0.3,1,1,995,466,-200,0,0,0,0;
custom,house12,default,2,2,2,0,1,1,1,1,1,995,406,-100,0,1,0,1;
custom,house3,stone10,2.25,1,2.2,1,0.1,0.2,0.3,1,1,995,466,-100,0,0,0,0;
custom,house12,default,2,2,2,0,1,1,1,1,1,995,406,-800,0,1,0,1;
custom,house3,stone10,2.25,1,2.2,1,0.1,0.2,0.3,1,1,995,466,-800,0,0,0,0;
custom,house12,default,2,2,2,0,1,1,1,1,1,995,406,-700,0,1,0,1;
custom,house3,stone10,2.25,1,2.2,1,0.1,0.2,0.3,1,1,995,466,-700,0,0,0,0;
custom,house12,default,2,2,2,0,1,1,1,1,1,995,406,-600,0,1,0,1;
custom,house3,stone10,2.25,1,2.2,1,0.1,0.2,0.3,1,1,995,466,-600,0,0,0,0;
custom,house12,default,2,2,2,0,1,1,1,1,1,995,406,-500,0,1,0,1;
custom,house3,stone10,2.25,1,2.2,1,0.1,0.2,0.3,1,1,995,466,-500,0,0,0,0;
custom,house12,default,2,2,2,0,1,1,1,1,1,995,406,-900,0,1,0,1;
custom,house3,stone10,2.25,1,2.2,1,0.1,0.2,0.3,1,1,995,466,-900,0,0,0,0;
custom,house12,default,2,2,2,0,1,1,1,1,1,995,406,-1200,0,1,0,1;
custom,house3,stone10,2.25,1,2.2,1,0.1,0.2,0.3,1,1,995,466,-1200,0,0,0,0;
custom,house12,default,2,2,2,0,1,1,1,1,1,995,406,-1100,0,1,0,1;
custom,house3,stone10,2.25,1,2.2,1,0.1,0.2,0.3,1,1,995,466,-1100,0,0,0,0;
custom,house12,default,2,2,2,0,1,1,1,1,1,995,406,-1000,0,1,0,1;
custom,house3,stone10,2.25,1,2.2,1,0.1,0.2,0.3,1,1,995,466,-1000,0,0,0,0;
custom,house12,default,2,2,2,0,1,1,1,1,1,995,406,0,0,1,0,1;
custom,house3,stone10,2.25,1,2.2,1,0.1,0.2,0.3,1,1,995,466,0,0,0,0,0;
custom,house12,default,2,2,2,0,1,1,1,1,1,995,406,100,0,1,0,1;
custom,house3,stone10,2.25,1,2.2,1,0.1,0.2,0.3,1,1,995,466,100,0,0,0,0;
custom,house12,default,2,2,2,0,1,1,1,1,1,995,406,200,0,1,0,1;
custom,house3,stone10,2.25,1,2.2,1,0.1,0.2,0.3,1,1,995,466,200,0,0,0,0;
custom,house12,default,2,2,2,0,1,1,1,1,1,995,406,300,0,1,0,1;
custom,house3,stone10,2.25,1,2.2,1,0.1,0.2,0.3,1,1,995,466,300,0,0,0,0;
custom,house12,default,2,2,2,0,1,1,1,1,1,995,406,400,0,1,0,1;
custom,house3,stone10,2.25,1,2.2,1,0.1,0.2,0.3,1,1,995,466,400,0,0,0,0;
custom,house12,default,2,2,2,0,1,1,1,1,1,995,406,500,0,1,0,1;
custom,house3,stone10,2.25,1,2.2,1,0.1,0.2,0.3,1,1,995,466,500,0,0,0,0;
custom,house12,default,2,2,2,0,1,1,1,1,1,995,406,600,0,1,0,1;
custom,house3,stone10,2.25,1,2.2,1,0.1,0.2,0.3,1,1,995,466,600,0,0,0,0;
custom,house12,default,2,2,2,0,1,1,1,1,1,995,406,700,0,1,0,1;
custom,house3,stone10,2.25,1,2.2,1,0.1,0.2,0.3,1,1,995,466,700,0,0,0,0;
custom,house12,default,2,2,2,0,1,1,1,1,1,995,406,800,0,1,0,1;
custom,house3,stone10,2.25,1,2.2,1,0.1,0.2,0.3,1,1,995,466,800,0,0,0,0;
custom,house12,default,2,2,2,0,1,1,1,1,1,995,406,900,0,1,0,1;
custom,house3,stone10,2.25,1,2.2,1,0.1,0.2,0.3,1,1,995,466,900,0,0,0,0;
custom,house12,default,2,2,2,0,1,1,1,1,1,995,406,1000,0,1,0,1;
custom,house3,stone10,2.25,1,2.2,1,0.1,0.2,0.3,1,1,995,466,1000,0,0,0,0;
custom,house12,default,2,2,2,0,1,1,1,1,1,995,406,1100,0,1,0,1;
custom,house3,stone10,2.25,1,2.2,1,0.1,0.2,0.3,1,1,995,466,1100,0,0,0,0;


custom,house12,default,2,2,2,0,1,1,1,1,1,-995,406,-400,0,1,0,1;
custom,house3,stone10,2.25,1,2.2,1,0.1,0.2,0.3,1,1,-995,466,-400,0,0,0,0;
custom,house12,default,2,2,2,0,1,1,1,1,1,-995,406,-300,0,1,0,1;
custom,house3,stone10,2.25,1,2.2,1,0.1,0.2,0.3,1,1,-995,466,-300,0,0,0,0;
custom,house12,default,2,2,2,0,1,1,1,1,1,-995,406,-200,0,1,0,1;
custom,house3,stone10,2.25,1,2.2,1,0.1,0.2,0.3,1,1,-995,466,-200,0,0,0,0;
custom,house12,default,2,2,2,0,1,1,1,1,1,-995,406,-100,0,1,0,1;
custom,house3,stone10,2.25,1,2.2,1,0.1,0.2,0.3,1,1,-995,466,-100,0,0,0,0;
custom,house12,default,2,2,2,0,1,1,1,1,1,-995,406,-800,0,1,0,1;
custom,house3,stone10,2.25,1,2.2,1,0.1,0.2,0.3,1,1,-995,466,-800,0,0,0,0;
custom,house12,default,2,2,2,0,1,1,1,1,1,-995,406,-700,0,1,0,1;
custom,house3,stone10,2.25,1,2.2,1,0.1,0.2,0.3,1,1,-995,466,-700,0,0,0,0;
custom,house12,default,2,2,2,0,1,1,1,1,1,-995,406,-600,0,1,0,1;
custom,house3,stone10,2.25,1,2.2,1,0.1,0.2,0.3,1,1,-995,466,-600,0,0,0,0;
custom,house12,default,2,2,2,0,1,1,1,1,1,-995,406,-500,0,1,0,1;
custom,house3,stone10,2.25,1,2.2,1,0.1,0.2,0.3,1,1,-995,466,-500,0,0,0,0;
custom,house12,default,2,2,2,0,1,1,1,1,1,-995,406,-900,0,1,0,1;
custom,house3,stone10,2.25,1,2.2,1,0.1,0.2,0.3,1,1,-995,466,-900,0,0,0,0;
custom,house12,default,2,2,2,0,1,1,1,1,1,-995,406,-1200,0,1,0,1;
custom,house3,stone10,2.25,1,2.2,1,0.1,0.2,0.3,1,1,-995,466,-1200,0,0,0,0;
custom,house12,default,2,2,2,0,1,1,1,1,1,-995,406,-1100,0,1,0,1;
custom,house3,stone10,2.25,1,2.2,1,0.1,0.2,0.3,1,1,-995,466,-1100,0,0,0,0;
custom,house12,default,2,2,2,0,1,1,1,1,1,-995,406,-1000,0,1,0,1;
custom,house3,stone10,2.25,1,2.2,1,0.1,0.2,0.3,1,1,-995,466,-1000,0,0,0,0;
custom,house12,default,2,2,2,0,1,1,1,1,1,-995,406,0,0,1,0,1;
custom,house3,stone10,2.25,1,2.2,1,0.1,0.2,0.3,1,1,-995,466,0,0,0,0,0;
custom,house12,default,2,2,2,0,1,1,1,1,1,-995,406,100,0,1,0,1;
custom,house3,stone10,2.25,1,2.2,1,0.1,0.2,0.3,1,1,-995,466,100,0,0,0,0;
custom,house12,default,2,2,2,0,1,1,1,1,1,-995,406,200,0,1,0,1;
custom,house3,stone10,2.25,1,2.2,1,0.1,0.2,0.3,1,1,-995,466,200,0,0,0,0;
custom,house12,default,2,2,2,0,1,1,1,1,1,-995,406,300,0,1,0,1;
custom,house3,stone10,2.25,1,2.2,1,0.1,0.2,0.3,1,1,-995,466,300,0,0,0,0;
custom,house12,default,2,2,2,0,1,1,1,1,1,-995,406,400,0,1,0,1;
custom,house3,stone10,2.25,1,2.2,1,0.1,0.2,0.3,1,1,-995,466,400,0,0,0,0;
custom,house12,default,2,2,2,0,1,1,1,1,1,-995,406,500,0,1,0,1;
custom,house3,stone10,2.25,1,2.2,1,0.1,0.2,0.3,1,1,-995,466,500,0,0,0,0;
custom,house12,default,2,2,2,0,1,1,1,1,1,-995,406,600,0,1,0,1;
custom,house3,stone10,2.25,1,2.2,1,0.1,0.2,0.3,1,1,-995,466,600,0,0,0,0;
custom,house12,default,2,2,2,0,1,1,1,1,1,-995,406,700,0,1,0,1;
custom,house3,stone10,2.25,1,2.2,1,0.1,0.2,0.3,1,1,-995,466,700,0,0,0,0;
custom,house12,default,2,2,2,0,1,1,1,1,1,-995,406,800,0,1,0,1;
custom,house3,stone10,2.25,1,2.2,1,0.1,0.2,0.3,1,1,-995,466,800,0,0,0,0;
custom,house12,default,2,2,2,0,1,1,1,1,1,-995,406,900,0,1,0,1;
custom,house3,stone10,2.25,1,2.2,1,0.1,0.2,0.3,1,1,-995,466,900,0,0,0,0;
custom,house12,default,2,2,2,0,1,1,1,1,1,-995,406,1000,0,1,0,1;
custom,house3,stone10,2.25,1,2.2,1,0.1,0.2,0.3,1,1,-995,466,1000,0,0,0,0;
custom,house12,default,2,2,2,0,1,1,1,1,1,-995,406,1100,0,1,0,1;
custom,house3,stone10,2.25,1,2.2,1,0.1,0.2,0.3,1,1,-995,466,1100,0,0,0,0;

custom,house12,default,2,2,2,0,1,1,1,1,1,60,406,-145,0,1,0,1;
custom,house3,stone10,2.25,1,2.2,1,0.1,0.2,0.3,1,1,60,466,-145,0,0,0,0;
custom,house12,default,2,2,2,0,1,1,1,1,1,-60,406,-145,0,1,0,1;
custom,house3,stone10,2.25,1,2.2,1,0.1,0.2,0.3,1,1,-60,466,-145,0,0,0,0;

custom,house12,default,2,2,2,0,1,1,1,1,1,60,406,-245,0,1,0,1;
custom,house3,stone10,2.25,1,2.2,1,0.1,0.2,0.3,1,1,60,466,-245,0,0,0,0;
custom,house12,default,2,2,2,0,1,1,1,1,1,-60,406,-245,0,1,0,1;
custom,house3,stone10,2.25,1,2.2,1,0.1,0.2,0.3,1,1,-60,466,-245,0,0,0,0;

custom,house12,default,2,2,2,0,1,1,1,1,1,60,406,-345,0,1,0,1;
custom,house3,stone10,2.25,1,2.2,1,0.1,0.2,0.3,1,1,60,466,-345,0,0,0,0;
custom,house12,default,2,2,2,0,1,1,1,1,1,-60,406,-345,0,1,0,1;
custom,house3,stone10,2.25,1,2.2,1,0.1,0.2,0.3,1,1,-60,466,-345,0,0,0,0;

custom,house12,default,2,2,2,0,1,1,1,1,1,60,406,-545,0,1,0,1;
custom,house3,stone10,2.25,1,2.2,1,0.1,0.2,0.3,1,1,60,466,-545,0,0,0,0;
custom,house12,default,2,2,2,0,1,1,1,1,1,-60,406,-545,0,1,0,1;
custom,house3,stone10,2.25,1,2.2,1,0.1,0.2,0.3,1,1,-60,466,-545,0,0,0,0;

custom,house12,default,2,2,2,0,1,1,1,1,1,60,406,-645,0,1,0,1;
custom,house3,stone10,2.25,1,2.2,1,0.1,0.2,0.3,1,1,60,466,-645,0,0,0,0;
custom,house12,default,2,2,2,0,1,1,1,1,1,-60,406,-645,0,1,0,1;
custom,house3,stone10,2.25,1,2.2,1,0.1,0.2,0.3,1,1,-60,466,-645,0,0,0,0;

custom,house12,default,2,2,2,0,1,1,1,1,1,0,406,-595,0,1,0,0;
custom,house3,stone10,2.25,1,2.2,1,0.1,0.2,0.3,1,1,0,466,-595,0,0.7071068,0,0.7071068;

racing,killcuboid,10,8,2,0,440,-525,0,1,0,0;

custom,killprism,default,2,0.5,2,0,1,1,1,1,1,14,444,-525,0.5,-0.5,-0.5,0.5;
custom,killprism,default,2,0.5,2,0,1,1,1,1,1,-14,444,-525,-0.5,0.5,-0.5,0.5;

custom,cuboid,grass2,7,1,50,0,1,1,1,0.7,5.0,0,415,-840,0,0,0,0;
custom,cuboid,brick1,7.1,0.99,50.1,0,0.2,0.3,0.4,5.1,0.099,-0,415,-840,0,0,0,0;

custom,tree2,default,1,1,1,0,1,1,1,1,1,0,488,-1000,0,0,0,0;
custom,tree2,default,1,1,1,0,1,1,1,1,1,0,488,-900,0,0,0,0;
custom,tree2,default,1,1,1,0,1,1,1,1,1,0,488,-950,0,0,0,0;
custom,tree2,default,1,1,1,0,1,1,1,1,1,0,488,-800,0,0,0,0;
custom,tree2,default,1,1,1,0,1,1,1,1,1,0,488,-850,0,0,0,0;
custom,tree2,default,1,1,1,0,1,1,1,1,1,0,488,-700,0,0,0,0;
custom,tree2,default,1,1,1,0,1,1,1,1,1,0,488,-750,0,0,0,0;

custom,endprism,default,2,0.5,2,0,1,1,1,1,1,-155,440,-1050,-0.5,0.5,-0.5,0.5;
custom,endprism,default,2,0.5,2,0,1,1,1,1,1,-175,440,-1050,-0.5,0.5,-0.5,0.5;
custom,endprism,default,2,0.5,2,0,1,1,1,1,1,-195,440,-1050,-0.5,0.5,-0.5,0.5;
custom,endprism,default,2,0.5,2,0,1,1,1,1,1,145,440,-1050,0.5,-0.5,-0.5,0.5;
custom,endprism,default,2,0.5,2,0,1,1,1,1,1,165,440,-1050,0.5,-0.5,-0.5,0.5;
custom,endprism,default,2,0.5,2,0,1,1,1,1,1,185,440,-1050,0.5,-0.5,-0.5,0.5;


custom,house12,default,2,2,2,0,1,1,1,1,1,60,406,-745,0,1,0,1;
custom,house3,stone10,2.25,1,2.2,1,0.1,0.2,0.3,1,1,60,466,-745,0,0,0,0;
custom,house12,default,2,2,2,0,1,1,1,1,1,-60,406,-745,0,1,0,1;
custom,house3,stone10,2.25,1,2.2,1,0.1,0.2,0.3,1,1,-60,466,-745,0,0,0,0;

custom,house12,default,2,2,2,0,1,1,1,1,1,60,406,-845,0,1,0,1;
custom,house3,stone10,2.25,1,2.2,1,0.1,0.2,0.3,1,1,60,466,-845,0,0,0,0;
custom,house12,default,2,2,2,0,1,1,1,1,1,-60,406,-845,0,1,0,1;
custom,house3,stone10,2.25,1,2.2,1,0.1,0.2,0.3,1,1,-60,466,-845,0,0,0,0;

custom,house12,default,2,2,2,0,1,1,1,1,1,60,406,-945,0,1,0,1;
custom,house3,stone10,2.25,1,2.2,1,0.1,0.2,0.3,1,1,60,466,-945,0,0,0,0;
custom,house12,default,2,2,2,0,1,1,1,1,1,60,406,-1045,0,1,0,1;
custom,house3,stone10,2.25,1,2.2,1,0.1,0.2,0.3,1,1,60,466,-1045,0,0,0,0;


custom,house12,default,2,2,2,0,1,1,1,1,1,-60,406,-945,0,1,0,1;
custom,house3,stone10,2.25,1,2.2,1,0.1,0.2,0.3,1,1,-60,466,-945,0,0,0,0;
custom,house12,default,2,2,2,0,1,1,1,1,1,-60,406,-1045,0,1,0,1;
custom,house3,stone10,2.25,1,2.2,1,0.1,0.2,0.3,1,1,-60,466,-1045,0,0,0,0;



custom,house12,default,2,2,2,0,1,1,1,1,1,75,406,-354.4,0,1,0,0;
custom,house3,stone10,2.25,1,2.2,1,0.1,0.2,0.3,1,1,75,466,-354.4,0,0.7071068,0,0.7071068;
custom,house12,default,2,2,2,0,1,1,1,1,1,175,406,-354.4,0,1,0,0;
custom,house3,stone10,2.25,1,2.2,1,0.1,0.2,0.3,1,1,175,466,-354.4,0,0.7071068,0,0.7071068;

custom,house12,default,2,2,2,0,1,1,1,1,1,275,406,-354.4,0,1,0,0;
custom,house3,stone10,2.25,1,2.2,1,0.1,0.2,0.3,1,1,275,466,-354.4,0,0.7071068,0,0.7071068;
custom,house12,default,2,2,2,0,1,1,1,1,1,375,406,-354.4,0,1,0,0;
custom,house3,stone10,2.25,1,2.2,1,0.1,0.2,0.3,1,1,375,466,-354.4,0,0.7071068,0,0.7071068;

custom,house12,default,2,2,2,0,1,1,1,1,1,475,406,-354.4,0,1,0,0;
custom,house3,stone10,2.25,1,2.2,1,0.1,0.2,0.3,1,1,475,466,-354.4,0,0.7071068,0,0.7071068;
custom,house12,default,2,2,2,0,1,1,1,1,1,575,406,-354.4,0,1,0,0;
custom,house3,stone10,2.25,1,2.2,1,0.1,0.2,0.3,1,1,575,466,-354.4,0,0.7071068,0,0.7071068;

custom,house12,default,2,2,2,0,1,1,1,1,1,675,406,-354.4,0,1,0,0;
custom,house3,stone10,2.25,1,2.2,1,0.1,0.2,0.3,1,1,675,466,-354.4,0,0.7071068,0,0.7071068;



custom,house12,default,2,2,2,0,1,1,1,1,1,775,406,-354.4,0,1,0,0;
custom,house3,stone10,2.25,1,2.2,1,0.1,0.2,0.3,1,1,775,466,-354.4,0,0.7071068,0,0.7071068;

custom,house12,default,2,2,2,0,1,1,1,1,1,765,406,-388.4,0,0.9238795,0,-0.3826834;
custom,house3,stone10,2.25,1,2.2,1,0.1,0.2,0.3,1,1,765,466,-388.4,0,0.9238795,0,0.3826834;

custom,house12,default,1.5,2,2,0,1,1,1,1,1,805,406,-366.4,0,1,0,1;
custom,house3,stone10,2.25,1,1.7,1,0.1,0.2,0.3,1,1,805,466,-366.4,0,0,0,0;

custom,house12,default,2,2,2,0,1,1,1,1,1,765,406,-918.4,0,0.3826834,0,-0.9238795;
custom,house3,stone10,2.25,1,2.2,1,0.1,0.2,0.3,1,1,765,466,-918.4,0,0.9238795,0,-0.3826834;



custom,house12,default,2,2,2,0,1,1,1,1,1,-765,406,-388.4,0,0.3826834,0,-0.9238795;
custom,house3,stone10,2.25,1,2.2,1,0.1,0.2,0.3,1,1,-765,466,-388.4,0,0.9238795,0,-0.3826834;

custom,house12,default,2,2,2,0,1,1,1,1,1,-765,406,-918.4,0,0.9238795,0,-0.3826834;
custom,house3,stone10,2.25,1,2.2,1,0.1,0.2,0.3,1,1,-765,466,-918.4,0,0.9238795,0,0.3826834;


custom,house12,default,2,2,2,0,1,1,1,1,1,805,406,-454.4,0,1,0,1;
custom,house3,stone10,2.25,1,2.2,1,0.1,0.2,0.3,1,1,805,466,-454.4,0,0,0,0;

custom,house12,default,2,2,2,0,1,1,1,1,1,805,406,-554.4,0,1,0,1;
custom,house3,stone10,2.25,1,2.2,1,0.1,0.2,0.3,1,1,805,466,-554.4,0,0,0,0;
custom,house12,default,2,2,2,0,1,1,1,1,1,805,406,-654.4,0,1,0,1;
custom,house3,stone10,2.25,1,2.2,1,0.1,0.2,0.3,1,1,805,466,-654.4,0,0,0,0;

custom,house12,default,2,2,2,0,1,1,1,1,1,805,406,-754.4,0,1,0,1;
custom,house3,stone10,2.25,1,2.2,1,0.1,0.2,0.3,1,1,805,466,-754.4,0,0,0,0;
custom,house12,default,2,2,2,0,1,1,1,1,1,805,406,-854.4,0,1,0,1;
custom,house3,stone10,2.25,1,2.2,1,0.1,0.2,0.3,1,1,805,466,-854.4,0,0,0,0;

custom,house12,default,2,2,2,0,1,1,1,1,1,805,406,-954.4,0,1,0,1;
custom,house3,stone10,2.25,1,2.2,1,0.1,0.2,0.3,1,1,805,466,-954.4,0,0,0,0;

custom,house12,default,2,2,2,0,1,1,1,1,1,775,406,-954.4,0,1,0,0;
custom,house3,stone10,2.25,1,2.2,1,0.1,0.2,0.3,1,1,775,466,-954.4,0,0.7071068,0,0.7071068;
custom,house12,default,2,2,2,0,1,1,1,1,1,75,406,-954.4,0,1,0,0;
custom,house3,stone10,2.25,1,2.2,1,0.1,0.2,0.3,1,1,75,466,-954.4,0,0.7071068,0,0.7071068;

custom,house12,default,2,2,2,0,1,1,1,1,1,275,406,-954.4,0,1,0,0;
custom,house3,stone10,2.25,1,2.2,1,0.1,0.2,0.3,1,1,275,466,-954.4,0,0.7071068,0,0.7071068;
custom,house12,default,2,2,2,0,1,1,1,1,1,375,406,-954.4,0,1,0,0;
custom,house3,stone10,2.25,1,2.2,1,0.1,0.2,0.3,1,1,375,466,-954.4,0,0.7071068,0,0.7071068;

custom,house12,default,2,2,2,0,1,1,1,1,1,475,406,-954.4,0,1,0,0;
custom,house3,stone10,2.25,1,2.2,1,0.1,0.2,0.3,1,1,475,466,-954.4,0,0.7071068,0,0.7071068;
custom,house12,default,2,2,2,0,1,1,1,1,1,575,406,-954.4,0,1,0,0;
custom,house3,stone10,2.25,1,2.2,1,0.1,0.2,0.3,1,1,575,466,-954.4,0,0.7071068,0,0.7071068;

custom,house12,default,2,2,2,0,1,1,1,1,1,675,406,-954.4,0,1,0,0;
custom,house3,stone10,2.25,1,2.2,1,0.1,0.2,0.3,1,1,675,466,-954.4,0,0.7071068,0,0.7071068;


custom,house12,default,2,2,2,0,1,1,1,1,1,605,406,-654.4,0,1,0,1;
custom,house3,stone10,2.25,1,2.2,1,0.1,0.2,0.3,1,1,605,466,-654.4,0,0,0,0;

custom,house12,default,2,2,2,0,1,1,1,1,1,576.5,406,-714.4,0,0.9238795,0,0.3826834;
custom,house3,stone10,2.25,1,2.2,1,0.1,0.2,0.3,1,1,576.5,466,-714.4,0,0.3826834,0,0.9238795;

custom,house12,default,2,2,2,0,1,1,1,1,1,576.5,406,-594.4,0,0.3826834,0,0.9238795;
custom,house3,stone10,2.25,1,2.2,1,0.1,0.2,0.3,1,1,576.5,466,-594.4,0,-0.3826834,0,0.9238795;

custom,house12,default,2,2,2,0,1,1,1,1,1,510,406,-564.4,0,1,0,0;
custom,house3,stone10,2.25,1,2.2,1,0.1,0.2,0.3,1,1,510,466,-564.4,0,0.7071068,0,0.7071068;

custom,house12,default,2,2,2,0,1,1,1,1,1,510,406,-744.4,0,1,0,0;
custom,house3,stone10,2.25,1,2.2,1,0.1,0.2,0.3,1,1,510,466,-744.4,0,0.7071068,0,0.7071068;

custom,house12,default,2,-2,2,0,1,1,1,1,1,411.5,406,-654.4,1,0,-1,0;
custom,house3,stone10,2.25,1,2.2,1,0.1,0.2,0.3,1,1,411.5,466,-654.4,0,0,0,0;

custom,house12,default,2,-2,2,0,1,1,1,1,1,440,406,-714.4,0.9238795,0,-0.3826834,0;
custom,house3,stone10,2.25,-1,2.2,1,0.1,0.2,0.3,1,1,440,466,-714.4,0.3826834,0,-0.9238795,0;

custom,house12,default,2,-2,2,0,1,1,1,1,1,440,406,-594.4,0.3826834,0,-0.9238795,0;
custom,house3,stone10,2.25,-1,2.2,1,0.1,0.2,0.3,1,1,440,466,-594.4,-0.3826834,0,-0.9238795,0;




custom,house12,default,3,3,3,0,1,1,1,1,1,511.5,391,-654.4,0,1,0,1;
custom,house3,stone10,3.375,1.5,3.3,1,0.1,0.2,0.3,1,1,511.5,481,-654.4,0,0,0,0;
custom,house12,default,3,3,3,0,1,1,1,1,1,511.5,391,-654.4,0,1,0,0;
custom,house3,stone10,3.375,1.5,3.3,1,0.1,0.2,0.3,1,1,511.5,481,-654.4,0,0.7071068,0,0.7071068;
custom,house12,default,3,3,3,0,1,1,1,1,1,511.5,391,-654.4,0,0.3826834,0,0.9238795;
custom,house3,stone10,3.375,1.5,3.3,1,0.1,0.2,0.3,1,1,511.5,481,-654.4,0,-0.3826834,0,0.9238795;
custom,house12,default,3,3,3,0,1,1,1,1,1,511.5,391,-654.4,0,0.9238795,0,0.3826834;
custom,house3,stone10,3.375,1.5,3.3,1,0.1,0.2,0.3,1,1,511.5,481,-654.4,0,0.3826834,0,0.9238795;


custom,house12,default,2,2,2,0,1,1,1,1,1,330,406,-654.4,0,1,0,0;
custom,house3,stone10,2.25,1,2.2,1,0.1,0.2,0.3,1,1,330,466,-654.4,0,0.7071068,0,0.7071068;
custom,house12,default,2,2,2,0,1,1,1,1,1,230,406,-654.4,0,1,0,0;
custom,house3,stone10,2.25,1,2.2,1,0.1,0.2,0.3,1,1,230,466,-654.4,0,0.7071068,0,0.7071068;
custom,house12,default,2,2,2,0,1,1,1,1,1,130,406,-654.4,0,1,0,0;
custom,house3,stone10,2.25,1,2.2,1,0.1,0.2,0.3,1,1,130,466,-654.4,0,0.7071068,0,0.7071068;

custom,house12,default,2,2,1,0,1,1,1,1,1,260,406,-414.4,0,1,0,1;
custom,house3,stone10,1.15,1,2.25,1,0.1,0.2,0.3,1,1,260,466,-414.4,0,0,0,0;
custom,house12,default,2,2,1,0,1,1,1,1,1,260,406,-514.4,0,1,0,1;
custom,house3,stone10,1.15,1,2.25,1,0.1,0.2,0.3,1,1,260,466,-514.4,0,0,0,0;

custom,house12,default,2,2,1,0,1,1,1,1,1,260,406,-894.4,0,1,0,1;
custom,house3,stone10,1.15,1,2.25,1,0.1,0.2,0.3,1,1,260,466,-894.4,0,0,0,0;
custom,house12,default,2,2,1,0,1,1,1,1,1,260,406,-794.4,0,1,0,1;
custom,house3,stone10,1.15,1,2.25,1,0.1,0.2,0.3,1,1,260,466,-794.4,0,0,0,0;






custom,house12,default,-2,2,-2,0,1,1,1,1,1,-75,406,-954.4,0,1,0,0;
custom,house3,stone10,-2.25,1,-2.2,1,0.1,0.2,0.3,1,1,-75,466,-954.4,0,0.7071068,0,0.7071068;

custom,house12,default,-2,2,-2,0,1,1,1,1,1,-275,406,-954.4,0,1,0,0;
custom,house3,stone10,-2.25,1,-2.2,1,0.1,0.2,0.3,1,1,-275,466,-954.4,0,0.7071068,0,0.7071068;
custom,house12,default,-2,2,-2,0,1,1,1,1,1,-375,406,-954.4,0,1,0,0;
custom,house3,stone10,-2.25,1,-2.2,1,0.1,0.2,0.3,1,1,-375,466,-954.4,0,0.7071068,0,0.7071068;

custom,house12,default,-2,2,-2,0,1,1,1,1,1,-475,406,-954.4,0,1,0,0;
custom,house3,stone10,-2.25,1,-2.2,1,0.1,0.2,0.3,1,1,-475,466,-954.4,0,0.7071068,0,0.7071068;
custom,house12,default,-2,2,-2,0,1,1,1,1,1,-575,406,-954.4,0,1,0,0;
custom,house3,stone10,-2.25,1,-2.2,1,0.1,0.2,0.3,1,1,-575,466,-954.4,0,0.7071068,0,0.7071068;

custom,house12,default,-2,2,-2,0,1,1,1,1,1,-675,406,-954.4,0,1,0,0;
custom,house3,stone10,-2.25,1,-2.2,1,0.1,0.2,0.3,1,1,-675,466,-954.4,0,0.7071068,0,0.7071068;
custom,house12,default,-2,2,-2,0,1,1,1,1,1,-775,406,-954.4,0,1,0,0;
custom,house3,stone10,-2.25,1,-2.2,1,0.1,0.2,0.3,1,1,-775,466,-954.4,0,0.7071068,0,0.7071068;

custom,house12,default,-2,2,-2,0,1,1,1,1,1,-805,406,-954.4,0,1,0,1;
custom,house3,stone10,-2.25,1,-2.2,1,0.1,0.2,0.3,1,1,-805,466,-954.4,0,0,0,0;
custom,house12,default,-2,2,-2,0,1,1,1,1,1,-805,406,-854.4,0,1,0,1;
custom,house3,stone10,-2.25,1,-2.2,1,0.1,0.2,0.3,1,1,-805,466,-854.4,0,0,0,0;

custom,house12,default,-2,2,-2,0,1,1,1,1,1,-805,406,-754.4,0,1,0,1;
custom,house3,stone10,-2.25,1,-2.2,1,0.1,0.2,0.3,1,1,-805,466,-754.4,0,0,0,0;
custom,house12,default,-2,2,-2,0,1,1,1,1,1,-805,406,-654.4,0,1,0,1;
custom,house3,stone10,-2.25,1,-2.2,1,0.1,0.2,0.3,1,1,-805,466,-654.4,0,0,0,0;

custom,house12,default,-2,2,-2,0,1,1,1,1,1,-805,406,-554.4,0,1,0,1;
custom,house3,stone10,-2.25,1,-2.2,1,0.1,0.2,0.3,1,1,-805,466,-554.4,0,0,0,0;
custom,house12,default,-2,2,-2,0,1,1,1,1,1,-805,406,-454.4,0,1,0,1;
custom,house3,stone10,-2.25,1,-2.2,1,0.1,0.2,0.3,1,1,-805,466,-454.4,0,0,0,0;

custom,house12,default,-1.5,2,-2,0,1,1,1,1,1,-805,406,-366.4,0,1,0,1;
custom,house3,stone10,-2.25,1,-1.7,1,0.1,0.2,0.3,1,1,-805,466,-366.4,0,0,0,0;

custom,house12,default,-2,2,-2,0,1,1,1,1,1,-775,406,-354.4,0,1,0,0;
custom,house3,stone10,-2.25,1,-2.2,1,0.1,0.2,0.3,1,1,-775,466,-354.4,0,0.7071068,0,0.7071068;
custom,house12,default,-2,2,-2,0,1,1,1,1,1,-75,406,-354.4,0,1,0,0;
custom,house3,stone10,-2.25,1,-2.2,1,0.1,0.2,0.3,1,1,-75,466,-354.4,0,0.7071068,0,0.7071068;

custom,house12,default,-2,2,-2,0,1,1,1,1,1,-275,406,-354.4,0,1,0,0;
custom,house3,stone10,-2.25,1,-2.2,1,0.1,0.2,0.3,1,1,-275,466,-354.4,0,0.7071068,0,0.7071068;
custom,house12,default,-2,2,-2,0,1,1,1,1,1,-375,406,-354.4,0,1,0,0;
custom,house3,stone10,-2.25,1,-2.2,1,0.1,0.2,0.3,1,1,-375,466,-354.4,0,0.7071068,0,0.7071068;

custom,house12,default,-2,2,-2,0,1,1,1,1,1,-475,406,-354.4,0,1,0,0;
custom,house3,stone10,-2.25,1,-2.2,1,0.1,0.2,0.3,1,1,-475,466,-354.4,0,0.7071068,0,0.7071068;
custom,house12,default,-2,2,-2,0,1,1,1,1,1,-575,406,-354.4,0,1,0,0;
custom,house3,stone10,-2.25,1,-2.2,1,0.1,0.2,0.3,1,1,-575,466,-354.4,0,0.7071068,0,0.7071068;

custom,house12,default,-2,2,-2,0,1,1,1,1,1,-675,406,-354.4,0,1,0,0;
custom,house3,stone10,-2.25,1,-2.2,1,0.1,0.2,0.3,1,1,-675,466,-354.4,0,0.7071068,0,0.7071068;
custom,house12,default,-2,2,-2,0,1,1,1,1,1,-175,406,-354.4,0,1,0,0;
custom,house3,stone10,-2.25,1,-2.2,1,0.1,0.2,0.3,1,1,-175,466,-354.4,0,0.7071068,0,0.7071068;

custom,house12,default,-2,2,-2,0,1,1,1,1,1,-605,406,-654.4,0,1,0,1;
custom,house3,stone10,-2.25,1,-2.2,1,0.1,0.2,0.3,1,1,-605,466,-654.4,0,0,0,0;

custom,house12,default,-2,2,-2,0,1,1,1,1,1,-576.5,406,-594.4,0,0.9238795,0,0.3826834;
custom,house3,stone10,-2.25,1,-2.2,1,0.1,0.2,0.3,1,1,-576.5,466,-594.4,0,0.3826834,0,0.9238795;

custom,house12,default,-2,2,-2,0,1,1,1,1,1,-576.5,406,-714.4,0,0.3826834,0,0.9238795;
custom,house3,stone10,-2.25,1,-2.2,1,0.1,0.2,0.3,1,1,-576.5,466,-714.4,0,-0.3826834,0,0.9238795;

custom,house12,default,-2,2,-2,0,1,1,1,1,1,-510,406,-744.4,0,1,0,0;
custom,house3,stone10,-2.25,1,-2.2,1,0.1,0.2,0.3,1,1,-510,466,-744.4,0,0.7071068,0,0.7071068;

custom,house12,default,-2,2,-2,0,1,1,1,1,1,-510,406,-564.4,0,1,0,0;
custom,house3,stone10,-2.25,1,-2.2,1,0.1,0.2,0.3,1,1,-510,466,-564.4,0,0.7071068,0,0.7071068;

custom,house12,default,-2,-2,-2,0,1,1,1,1,1,-411.5,406,-654.4,1,0,-1,0;
custom,house3,stone10,-2.25,1,-2.2,1,0.1,0.2,0.3,1,1,-411.5,466,-654.4,0,0,0,0;

custom,house12,default,-2,-2,-2,0,1,1,1,1,1,-440,406,-594.4,0.9238795,0,-0.3826834,0;
custom,house3,stone10,-2.25,-1,-2.2,1,0.1,0.2,0.3,1,1,-440,466,-594.4,0.3826834,0,-0.9238795,0;

custom,house12,default,-2,-2,-2,0,1,1,1,1,1,-440,406,-714.4,0.3826834,0,-0.9238795,0;
custom,house3,stone10,-2.25,-1,-2.2,1,0.1,0.2,0.3,1,1,-440,466,-714.4,-0.3826834,0,-0.9238795,0;




custom,house12,default,-3,3,-3,0,1,1,1,1,1,-511.5,391,-654.4,0,1,0,1;
custom,house3,stone10,-3.375,1.5,-3.3,1,0.1,0.2,0.3,1,1,-511.5,481,-654.4,0,0,0,0;
custom,house12,default,-3,3,-3,0,1,1,1,1,1,-511.5,391,-654.4,0,1,0,0;
custom,house3,stone10,-3.375,1.5,-3.3,1,0.1,0.2,0.3,1,1,-511.5,481,-654.4,0,0.7071068,0,0.7071068;
custom,house12,default,-3,3,-3,0,1,1,1,1,1,-511.5,391,-654.4,0,0.3826834,0,0.9238795;
custom,house3,stone10,-3.375,1.5,-3.3,1,0.1,0.2,0.3,1,1,-511.5,481,-654.4,0,-0.3826834,0,0.9238795;
custom,house12,default,-3,3,-3,0,1,1,1,1,1,-511.5,391,-654.4,0,0.9238795,0,0.3826834;
custom,house3,stone10,-3.375,1.5,-3.3,1,0.1,0.2,0.3,1,1,-511.5,481,-654.4,0,0.3826834,0,0.9238795;


custom,house12,default,-2,2,-2,0,1,1,1,1,1,-330,406,-654.4,0,1,0,0;
custom,house3,stone10,-2.25,1,-2.2,1,0.1,0.2,0.3,1,1,-330,466,-654.4,0,0.7071068,0,0.7071068;
custom,house12,default,-2,2,-2,0,1,1,1,1,1,-230,406,-654.4,0,1,0,0;
custom,house3,stone10,-2.25,1,-2.2,1,0.1,0.2,0.3,1,1,-230,466,-654.4,0,0.7071068,0,0.7071068;
custom,house12,default,-2,2,-2,0,1,1,1,1,1,-130,406,-654.4,0,1,0,0;
custom,house3,stone10,-2.25,1,-2.2,1,0.1,0.2,0.3,1,1,-130,466,-654.4,0,0.7071068,0,0.7071068;

custom,house12,default,-2,2,-1,0,1,1,1,1,1,-260,406,-894.4,0,1,0,1;
custom,house3,stone10,-1.15,1,-2.25,1,0.1,0.2,0.3,1,1,-260,466,-894.4,0,0,0,0;
custom,house12,default,-2,2,-1,0,1,1,1,1,1,-260,406,-794.4,0,1,0,1;
custom,house3,stone10,-1.15,1,-2.25,1,0.1,0.2,0.3,1,1,-260,466,-794.4,0,0,0,0;


custom,house12,default,-2,2,-1,0,1,1,1,1,1,-260,406,-414.4,0,1,0,1;
custom,house3,stone10,-1.15,1,-2.25,1,0.1,0.2,0.3,1,1,-260,466,-414.4,0,0,0,0;
custom,house12,default,-2,2,-1,0,1,1,1,1,1,-260,406,-514.4,0,1,0,1;
custom,house3,stone10,-1.15,1,-2.25,1,0.1,0.2,0.3,1,1,-260,466,-514.4,0,0,0,0;


custom,arch1,default,1,1,1,0,1,1,1,1.2,0.1,925,473,-254.4,0,1,0,1;
custom,house3,stone10,0.41,0.25,1.76,1,0.1,0.2,0.3,1,1,925,476,-252.5,0,1,0,1;
custom,arch1,default,1,1,1,0,1,1,1,1.2,0.1,847.5,473,-254.4,0,1,0,1;
custom,house3,stone10,0.41,0.25,1.76,1,0.1,0.2,0.3,1,1,847,476,-252.5,0,1,0,1;

custom,arch1,default,1,1,1,0,1,1,1,1.2,0.1,770,473,-254.4,0,1,0,1;
custom,house3,stone10,0.41,0.25,1.76,1,0.1,0.2,0.3,1,1,770,476,-252.5,0,1,0,1;
custom,arch1,default,1,1,1,0,1,1,1,1.2,0.1,692.5,473,-254.4,0,1,0,1;
custom,house3,stone10,0.41,0.25,1.76,1,0.1,0.2,0.3,1,1,692,476,-252.5,0,1,0,1;

custom,arch1,default,1,1,1,0,1,1,1,1.2,0.1,615,473,-254.4,0,1,0,1;
custom,house3,stone10,0.41,0.25,1.76,1,0.1,0.2,0.3,1,1,615,476,-252.5,0,1,0,1;
custom,arch1,default,1,1,1,0,1,1,1,1.2,0.1,537.5,473,-254.4,0,1,0,1;
custom,house3,stone10,0.41,0.25,1.76,1,0.1,0.2,0.3,1,1,537,476,-252.5,0,1,0,1;

custom,arch1,default,1,1,1,0,1,1,1,1.2,0.1,460,473,-254.4,0,1,0,1;
custom,house3,stone10,0.41,0.25,1.76,1,0.1,0.2,0.3,1,1,460,476,-252.5,0,1,0,1;
custom,arch1,default,1,1,1,0,1,1,1,1.2,0.1,382.5,473,-254.4,0,1,0,1;
custom,house3,stone10,0.41,0.25,1.76,1,0.1,0.2,0.3,1,1,382,476,-252.5,0,1,0,1;

custom,arch1,default,1,1,1,0,1,1,1,1.2,0.1,305,473,-254.4,0,1,0,1;
custom,house3,stone10,0.41,0.25,1.76,1,0.1,0.2,0.3,1,1,305,476,-252.5,0,1,0,1;
custom,arch1,default,1,1,1,0,1,1,1,1.2,0.1,227.5,473,-254.4,0,1,0,1;
custom,house3,stone10,0.41,0.25,1.76,1,0.1,0.2,0.3,1,1,227,476,-252.5,0,1,0,1;

custom,arch1,default,1,1,1,0,1,1,1,1.2,0.1,72.5,473,-254.4,0,1,0,1;
custom,house3,stone10,0.41,0.25,1.76,1,0.1,0.2,0.3,1,1,72,476,-252.5,0,1,0,1;

racing,killcuboid,0.9,7,80,588,440,-253,0,1,0,1;
racing,killcuboid,0.9,7,3,95,440,-253,0,1,0,1;

custom,tower1,default,2.2,0.7,2.2,0,1,1,1,0.2,0.07,106,445,-252.72,0,1,0,1;
custom,tower1,default,2.2,0.7,2.2,0,1,1,1,0.2,0.07,190,445,-252.72,0,1,0,1;
custom,tower1,default,2.2,0.7,2.2,0,1,1,1,0.2,0.07,340,445,-252.72,0,1,0,1;
custom,tower1,default,2.2,0.7,2.2,0,1,1,1,0.2,0.07,490,445,-252.72,0,1,0,1;
custom,tower1,default,2.2,0.7,2.2,0,1,1,1,0.2,0.07,640,445,-252.72,0,1,0,1;
custom,tower1,default,2.2,0.7,2.2,0,1,1,1,0.2,0.07,790,445,-252.72,0,1,0,1;
custom,tower1,default,2.2,0.7,2.2,0,1,1,1,0.2,0.07,940,445,-252.72,0,1,0,1;


custom,arch1,default,1,-1,1,0,1,1,1,1.2,0.1,127,473,-154.4,1,0,-1,0;
custom,house3,stone10,0.41,-0.25,1.76,1,0.1,0.2,0.3,1,1,127,476,-152.5,1,0,-1,0;
custom,arch1,default,1,-1,1,0,1,1,1,1.2,0.1,204.5,473,-154.4,1,0,-1,0;
custom,house3,stone10,0.41,-0.25,1.76,1,0.1,0.2,0.3,1,1,205,476,-152.5,1,0,-1,0;

custom,arch1,default,1,-1,1,0,1,1,1,1.2,0.1,282,473,-154.4,1,0,-1,0;
custom,house3,stone10,0.41,-0.25,1.76,1,0.1,0.2,0.3,1,1,282,476,-152.5,1,0,-1,0;
custom,arch1,default,1,-1,1,0,1,1,1,1.2,0.1,359.5,473,-154.4,1,0,-1,0;
custom,house3,stone10,0.41,-0.25,1.76,1,0.1,0.2,0.3,1,1,360,476,-152.5,1,0,-1,0;

custom,arch1,default,1,-1,1,0,1,1,1,1.2,0.1,437,473,-154.4,1,0,-1,0;
custom,house3,stone10,0.41,-0.25,1.76,1,0.1,0.2,0.3,1,1,437,476,-152.5,1,0,-1,0;
custom,arch1,default,1,-1,1,0,1,1,1,1.2,0.1,514.5,473,-154.4,1,0,-1,0;
custom,house3,stone10,0.41,-0.25,1.76,1,0.1,0.2,0.3,1,1,515,476,-152.5,1,0,-1,0;

custom,arch1,default,1,-1,1,0,1,1,1,1.2,0.1,592,473,-154.4,1,0,-1,0;
custom,house3,stone10,0.41,-0.25,1.76,1,0.1,0.2,0.3,1,1,592,476,-152.5,1,0,-1,0;
custom,arch1,default,1,-1,1,0,1,1,1,1.2,0.1,669.5,473,-154.4,1,0,-1,0;
custom,house3,stone10,0.41,-0.25,1.76,1,0.1,0.2,0.3,1,1,670,476,-152.5,1,0,-1,0;

custom,arch1,default,1,-1,1,0,1,1,1,1.2,0.1,747,473,-154.4,1,0,-1,0;
custom,house3,stone10,0.41,-0.25,1.76,1,0.1,0.2,0.3,1,1,747,476,-152.5,1,0,-1,0;
custom,arch1,default,1,-1,1,0,1,1,1,1.2,0.1,824.5,473,-154.4,1,0,-1,0;
custom,house3,stone10,0.41,-0.25,1.76,1,0.1,0.2,0.3,1,1,825,476,-152.5,1,0,-1,0;

custom,arch1,default,1,-1,1,0,1,1,1,1.2,0.1,979.5,473,-154.4,1,0,-1,0;
custom,house3,stone10,0.41,-0.25,1.76,1,0.1,0.2,0.3,1,1,980,476,-152.5,1,0,-1,0;

racing,killcuboid,0.9,-7,80,464,440,-153,1,0,-1,0;
racing,killcuboid,0.9,-7,3,957,440,-153,1,0,-1,0;

custom,tower1,default,2.2,-0.7,2.2,0,1,1,1,0.2,0.07,946,445,-152.72,1,0,-1,0;
custom,tower1,default,2.2,-0.7,2.2,0,1,1,1,0.2,0.07,862,445,-152.72,1,0,-1,0;
custom,tower1,default,2.2,-0.7,2.2,0,1,1,1,0.2,0.07,712,445,-152.72,1,0,-1,0;
custom,tower1,default,2.2,-0.7,2.2,0,1,1,1,0.2,0.07,562,445,-152.72,1,0,-1,0;
custom,tower1,default,2.2,-0.7,2.2,0,1,1,1,0.2,0.07,412,445,-152.72,1,0,-1,0;
custom,tower1,default,2.2,-0.7,2.2,0,1,1,1,0.2,0.07,262,445,-152.72,1,0,-1,0;
custom,tower1,default,2.2,-0.7,2.2,0,1,1,1,0.2,0.07,112,445,-152.72,1,0,-1,0;




custom,arch1,default,1,1,1,0,1,1,1,1.2,0.1,925,473,-54.4,0,1,0,1;
custom,house3,stone10,0.41,0.25,1.76,1,0.1,0.2,0.3,1,1,925,476,-52.5,0,1,0,1;
custom,arch1,default,1,1,1,0,1,1,1,1.2,0.1,847.5,473,-54.4,0,1,0,1;
custom,house3,stone10,0.41,0.25,1.76,1,0.1,0.2,0.3,1,1,847,476,-52.5,0,1,0,1;

custom,arch1,default,1,1,1,0,1,1,1,1.2,0.1,770,473,-54.4,0,1,0,1;
custom,house3,stone10,0.41,0.25,1.76,1,0.1,0.2,0.3,1,1,770,476,-52.5,0,1,0,1;
custom,arch1,default,1,1,1,0,1,1,1,1.2,0.1,692.5,473,-54.4,0,1,0,1;
custom,house3,stone10,0.41,0.25,1.76,1,0.1,0.2,0.3,1,1,692,476,-52.5,0,1,0,1;

custom,arch1,default,1,1,1,0,1,1,1,1.2,0.1,615,473,-54.4,0,1,0,1;
custom,house3,stone10,0.41,0.25,1.76,1,0.1,0.2,0.3,1,1,615,476,-52.5,0,1,0,1;
custom,arch1,default,1,1,1,0,1,1,1,1.2,0.1,537.5,473,-54.4,0,1,0,1;
custom,house3,stone10,0.41,0.25,1.76,1,0.1,0.2,0.3,1,1,537,476,-52.5,0,1,0,1;

custom,arch1,default,1,1,1,0,1,1,1,1.2,0.1,460,473,-54.4,0,1,0,1;
custom,house3,stone10,0.41,0.25,1.76,1,0.1,0.2,0.3,1,1,460,476,-52.5,0,1,0,1;
custom,arch1,default,1,1,1,0,1,1,1,1.2,0.1,382.5,473,-54.4,0,1,0,1;
custom,house3,stone10,0.41,0.25,1.76,1,0.1,0.2,0.3,1,1,382,476,-52.5,0,1,0,1;

custom,arch1,default,1,1,1,0,1,1,1,1.2,0.1,305,473,-54.4,0,1,0,1;
custom,house3,stone10,0.41,0.25,1.76,1,0.1,0.2,0.3,1,1,305,476,-52.5,0,1,0,1;
custom,arch1,default,1,1,1,0,1,1,1,1.2,0.1,227.5,473,-54.4,0,1,0,1;
custom,house3,stone10,0.41,0.25,1.76,1,0.1,0.2,0.3,1,1,227,476,-52.5,0,1,0,1;

racing,killcuboid,0.9,7,80,588,440,-53,0,1,0,1;
racing,killcuboid,0.9,7,1,100,445,-52.72,0,1,0,1;

custom,tower1,default,2.2,0.7,2.2,0,1,1,1,0.2,0.07,106,445,-52.72,0,1,0,1;
custom,tower1,default,2.2,0.7,2.2,0,1,1,1,0.2,0.07,190,445,-52.72,0,1,0,1;
custom,tower1,default,2.2,0.7,2.2,0,1,1,1,0.2,0.07,340,445,-52.72,0,1,0,1;
custom,tower1,default,2.2,0.7,2.2,0,1,1,1,0.2,0.07,490,445,-52.72,0,1,0,1;
custom,tower1,default,2.2,0.7,2.2,0,1,1,1,0.2,0.07,640,445,-52.72,0,1,0,1;
custom,tower1,default,2.2,0.7,2.2,0,1,1,1,0.2,0.07,790,445,-52.72,0,1,0,1;
custom,tower1,default,2.2,0.7,2.2,0,1,1,1,0.2,0.07,940,445,-52.72,0,1,0,1;



custom,arch1,default,1,-1,1,0,1,1,1,1.2,0.1,-925.5,473,-254.4,1,0,-1,0;
custom,house3,stone10,0.41,-0.25,1.76,1,0.1,0.2,0.3,1,1,-925.5,476,-252.5,1,0,-1,0;
custom,arch1,default,1,-1,1,0,1,1,1,1.2,0.1,-848,473,-254.4,1,0,-1,0;
custom,house3,stone10,0.41,-0.25,1.76,1,0.1,0.2,0.3,1,1,-847.5,476,-252.5,1,0,-1,0;

custom,arch1,default,1,-1,1,0,1,1,1,1.2,0.1,-770.5,473,-254.4,1,0,-1,0;
custom,house3,stone10,0.41,-0.25,1.76,1,0.1,0.2,0.3,1,1,-770.5,476,-252.5,1,0,-1,0;
custom,arch1,default,1,-1,1,0,1,1,1,1.2,0.1,-693,473,-254.4,1,0,-1,0;
custom,house3,stone10,0.41,-0.25,1.76,1,0.1,0.2,0.3,1,1,-692.5,476,-252.5,1,0,-1,0;

custom,arch1,default,1,-1,1,0,1,1,1,1.2,0.1,-615.5,473,-254.4,1,0,-1,0;
custom,house3,stone10,0.41,-0.25,1.76,1,0.1,0.2,0.3,1,1,-615.5,476,-252.5,1,0,-1,0;
custom,arch1,default,1,-1,1,0,1,1,1,1.2,0.1,-538,473,-254.4,1,0,-1,0;
custom,house3,stone10,0.41,-0.25,1.76,1,0.1,0.2,0.3,1,1,-537.5,476,-252.5,1,0,-1,0;

custom,arch1,default,1,-1,1,0,1,1,1,1.2,0.1,-460.5,473,-254.4,1,0,-1,0;
custom,house3,stone10,0.41,-0.25,1.76,1,0.1,0.2,0.3,1,1,-460.5,476,-252.5,1,0,-1,0;
custom,arch1,default,1,-1,1,0,1,1,1,1.2,0.1,-383,473,-254.4,1,0,-1,0;
custom,house3,stone10,0.41,-0.25,1.76,1,0.1,0.2,0.3,1,1,-382.5,476,-252.5,1,0,-1,0;

custom,arch1,default,1,-1,1,0,1,1,1,1.2,0.1,-305.5,473,-254.4,1,0,-1,0;
custom,house3,stone10,0.41,-0.25,1.76,1,0.1,0.2,0.3,1,1,-305.5,476,-252.5,1,0,-1,0;
custom,arch1,default,1,-1,1,0,1,1,1,1.2,0.1,-228,473,-254.4,1,0,-1,0;
custom,house3,stone10,0.41,-0.25,1.76,1,0.1,0.2,0.3,1,1,-227.5,476,-252.5,1,0,-1,0;

custom,arch1,default,1,-1,1,0,1,1,1,1.2,0.1,-73,473,-254.4,1,0,-1,0;
custom,house3,stone10,0.41,-0.25,1.76,1,0.1,0.2,0.3,1,1,-72.5,476,-252.5,1,0,-1,0;

racing,killcuboid,0.9,-7,80,-588.5,440,-253,1,0,-1,0;
racing,killcuboid,0.9,-7,3,-95.5,440,-253,1,0,-1,0;

custom,tower1,default,2.2,-0.7,2.2,0,1,1,1,0.2,0.07,-106.5,445,-252.72,1,0,-1,0;
custom,tower1,default,2.2,-0.7,2.2,0,1,1,1,0.2,0.07,-190.5,445,-252.72,1,0,-1,0;
custom,tower1,default,2.2,-0.7,2.2,0,1,1,1,0.2,0.07,-340.5,445,-252.72,1,0,-1,0;
custom,tower1,default,2.2,-0.7,2.2,0,1,1,1,0.2,0.07,-490.5,445,-252.72,1,0,-1,0;
custom,tower1,default,2.2,-0.7,2.2,0,1,1,1,0.2,0.07,-640.5,445,-252.72,1,0,-1,0;
custom,tower1,default,2.2,-0.7,2.2,0,1,1,1,0.2,0.07,-790.5,445,-252.72,1,0,-1,0;
custom,tower1,default,2.2,-0.7,2.2,0,1,1,1,0.2,0.07,-940.5,445,-252.72,1,0,-1,0;


custom,arch1,default,1,1,1,0,1,1,1,1.2,0.1,-127.5,473,-154.4,0,1,0,1;
custom,house3,stone10,0.41,0.25,1.76,1,0.1,0.2,0.3,1,1,-127.5,476,-152.5,0,1,0,1;
custom,arch1,default,1,1,1,0,1,1,1,1.2,0.1,-205,473,-154.4,0,1,0,1;
custom,house3,stone10,0.41,0.25,1.76,1,0.1,0.2,0.3,1,1,-205.5,476,-152.5,0,1,0,1;

custom,arch1,default,1,1,1,0,1,1,1,1.2,0.1,-282.5,473,-154.4,0,1,0,1;
custom,house3,stone10,0.41,0.25,1.76,1,0.1,0.2,0.3,1,1,-282.5,476,-152.5,0,1,0,1;
custom,arch1,default,1,1,1,0,1,1,1,1.2,0.1,-360,473,-154.4,0,1,0,1;
custom,house3,stone10,0.41,0.25,1.76,1,0.1,0.2,0.3,1,1,-360.5,476,-152.5,0,1,0,1;

custom,arch1,default,1,1,1,0,1,1,1,1.2,0.1,-437.5,473,-154.4,0,1,0,1;
custom,house3,stone10,0.41,0.25,1.76,1,0.1,0.2,0.3,1,1,-437.5,476,-152.5,0,1,0,1;
custom,arch1,default,1,1,1,0,1,1,1,1.2,0.1,-515,473,-154.4,0,1,0,1;
custom,house3,stone10,0.41,0.25,1.76,1,0.1,0.2,0.3,1,1,-515.5,476,-152.5,0,1,0,1;

custom,arch1,default,1,1,1,0,1,1,1,1.2,0.1,-592.5,473,-154.4,0,1,0,1;
custom,house3,stone10,0.41,0.25,1.76,1,0.1,0.2,0.3,1,1,-592.5,476,-152.5,0,1,0,1;
custom,arch1,default,1,1,1,0,1,1,1,1.2,0.1,-670,473,-154.4,0,1,0,1;
custom,house3,stone10,0.41,0.25,1.76,1,0.1,0.2,0.3,1,1,-670.5,476,-152.5,0,1,0,1;

custom,arch1,default,1,1,1,0,1,1,1,1.2,0.1,-747.5,473,-154.4,0,1,0,1;
custom,house3,stone10,0.41,0.25,1.76,1,0.1,0.2,0.3,1,1,-747.5,476,-152.5,0,1,0,1;
custom,arch1,default,1,1,1,0,1,1,1,1.2,0.1,-825,473,-154.4,0,1,0,1;
custom,house3,stone10,0.41,0.25,1.76,1,0.1,0.2,0.3,1,1,-825.5,476,-152.5,0,1,0,1;

custom,arch1,default,1,1,1,0,1,1,1,1.2,0.1,-980,473,-154.4,0,1,0,1;
custom,house3,stone10,0.41,0.25,1.76,1,0.1,0.2,0.3,1,1,-980.5,476,-152.5,0,1,0,1;

racing,killcuboid,0.9,7,80,-464.5,440,-153,0,1,0,1;
racing,killcuboid,0.9,7,3,-957.5,440,-153,0,1,0,1;

custom,tower1,default,2.2,0.7,2.2,0,1,1,1,0.2,0.07,-946.5,445,-152.72,0,1,0,1;
custom,tower1,default,2.2,0.7,2.2,0,1,1,1,0.2,0.07,-862.5,445,-152.72,0,1,0,1;
custom,tower1,default,2.2,0.7,2.2,0,1,1,1,0.2,0.07,-712.5,445,-152.72,0,1,0,1;
custom,tower1,default,2.2,0.7,2.2,0,1,1,1,0.2,0.07,-562.5,445,-152.72,0,1,0,1;
custom,tower1,default,2.2,0.7,2.2,0,1,1,1,0.2,0.07,-412.5,445,-152.72,0,1,0,1;
custom,tower1,default,2.2,0.7,2.2,0,1,1,1,0.2,0.07,-262.5,445,-152.72,0,1,0,1;
custom,tower1,default,2.2,0.7,2.2,0,1,1,1,0.2,0.07,-112.5,445,-152.72,0,1,0,1;




custom,arch1,default,1,-1,1,0,1,1,1,1.2,0.1,-925.5,473,-54.4,1,0,-1,0;
custom,house3,stone10,0.41,-0.25,1.76,1,0.1,0.2,0.3,1,1,-925.5,476,-52.5,1,0,-1,0;
custom,arch1,default,1,-1,1,0,1,1,1,1.2,0.1,-848,473,-54.4,1,0,-1,0;
custom,house3,stone10,0.41,-0.25,1.76,1,0.1,0.2,0.3,1,1,-847.5,476,-52.5,1,0,-1,0;

custom,arch1,default,1,-1,1,0,1,1,1,1.2,0.1,-770.5,473,-54.4,1,0,-1,0;
custom,house3,stone10,0.41,-0.25,1.76,1,0.1,0.2,0.3,1,1,-770.5,476,-52.5,1,0,-1,0;
custom,arch1,default,1,-1,1,0,1,1,1,1.2,0.1,-693,473,-54.4,1,0,-1,0;
custom,house3,stone10,0.41,-0.25,1.76,1,0.1,0.2,0.3,1,1,-692.5,476,-52.5,1,0,-1,0;

custom,arch1,default,1,-1,1,0,1,1,1,1.2,0.1,-615.5,473,-54.4,1,0,-1,0;
custom,house3,stone10,0.41,-0.25,1.76,1,0.1,0.2,0.3,1,1,-615.5,476,-52.5,1,0,-1,0;
custom,arch1,default,1,-1,1,0,1,1,1,1.2,0.1,-538,473,-54.4,1,0,-1,0;
custom,house3,stone10,0.41,-0.25,1.76,1,0.1,0.2,0.3,1,1,-537.5,476,-52.5,1,0,-1,0;

custom,arch1,default,1,-1,1,0,1,1,1,1.2,0.1,-460.5,473,-54.4,1,0,-1,0;
custom,house3,stone10,0.41,-0.25,1.76,1,0.1,0.2,0.3,1,1,-460.5,476,-52.5,1,0,-1,0;
custom,arch1,default,1,-1,1,0,1,1,1,1.2,0.1,-383,473,-54.4,1,0,-1,0;
custom,house3,stone10,0.41,-0.25,1.76,1,0.1,0.2,0.3,1,1,-382.5,476,-52.5,1,0,-1,0;

custom,arch1,default,1,-1,1,0,1,1,1,1.2,0.1,-305.5,473,-54.4,1,0,-1,0;
custom,house3,stone10,0.41,-0.25,1.76,1,0.1,0.2,0.3,1,1,-305.5,476,-52.5,1,0,-1,0;
custom,arch1,default,1,-1,1,0,1,1,1,1.2,0.1,-228,473,-54.4,1,0,-1,0;
custom,house3,stone10,0.41,-0.25,1.76,1,0.1,0.2,0.3,1,1,-227.5,476,-52.5,1,0,-1,0;

racing,killcuboid,0.9,-7,80,-588.5,440,-53,1,0,-1,0;
racing,killcuboid,0.9,-7,1,-100.5,445,-52.72,1,0,-1,0;

custom,tower1,default,2.2,-0.7,2.2,0,1,1,1,0.2,0.07,-106.5,445,-52.72,1,0,-1,0;
custom,tower1,default,2.2,-0.7,2.2,0,1,1,1,0.2,0.07,-190.5,445,-52.72,1,0,-1,0;
custom,tower1,default,2.2,-0.7,2.2,0,1,1,1,0.2,0.07,-340.5,445,-52.72,1,0,-1,0;
custom,tower1,default,2.2,-0.7,2.2,0,1,1,1,0.2,0.07,-490.5,445,-52.72,1,0,-1,0;
custom,tower1,default,2.2,-0.7,2.2,0,1,1,1,0.2,0.07,-640.5,445,-52.72,1,0,-1,0;
custom,tower1,default,2.2,-0.7,2.2,0,1,1,1,0.2,0.07,-790.5,445,-52.72,1,0,-1,0;
custom,tower1,default,2.2,-0.7,2.2,0,1,1,1,0.2,0.07,-940.5,445,-52.72,1,0,-1,0;

//1*;

custom,house12,default,2,2,1,0,1,1,1,1,1,110,406,10,0,1,0,1;
custom,house3,stone10,1.15,1,2.25,1,0.1,0.2,0.3,1,1,110,466,10,0,0,0,0;
custom,house12,default,2,2,1,0,1,1,1,1,1,110,406,111,0,1,0,1;
custom,house3,stone10,1.15,1,2.25,1,0.1,0.2,0.3,1,1,110,466,111,0,0,0,0;
custom,house12,default,2,2,1,0,1,1,1,1,1,110,406,212,0,1,0,1;
custom,house3,stone10,1.15,1,2.25,1,0.1,0.2,0.3,1,1,110,466,212,0,0,0,0;
custom,house12,default,2,2,1,0,1,1,1,1,1,110,406,313,0,1,0,1;
custom,house3,stone10,1.15,1,2.25,1,0.1,0.2,0.3,1,1,110,466,313,0,0,0,0;
custom,house12,default,2,2,1,0,1,1,1,1,1,110,406,414,0,1,0,1;
custom,house3,stone10,1.15,1,2.25,1,0.1,0.2,0.3,1,1,110,466,414,0,0,0,0;
custom,house12,default,2,2,1,0,1,1,1,1,1,110,406,515,0,1,0,1;
custom,house3,stone10,1.15,1,2.25,1,0.1,0.2,0.3,1,1,110,466,515,0,0,0,0;
custom,house12,default,2,2,1,0,1,1,1,1,1,110,406,616,0,1,0,1;
custom,house3,stone10,1.15,1,2.25,1,0.1,0.2,0.3,1,1,110,466,616,0,0,0,0;
custom,house12,default,2,2,1,0,1,1,1,1,1,110,406,717,0,1,0,1;
custom,house3,stone10,1.15,1,2.25,1,0.1,0.2,0.3,1,1,110,466,717,0,0,0,0;
custom,house12,default,2,2,1,0,1,1,1,1,1,110,406,818,0,1,0,1;
custom,house3,stone10,1.15,1,2.25,1,0.1,0.2,0.3,1,1,110,466,818,0,0,0,0;
custom,house12,default,2,2,1,0,1,1,1,1,1,110,406,919,0,1,0,1;
custom,house3,stone10,1.15,1,2.25,1,0.1,0.2,0.3,1,1,110,466,919,0,0,0,0;
custom,house12,default,2,2,1,0,1,1,1,1,1,110,406,1020,0,1,0,1;
custom,house3,stone10,1.15,1,2.25,1,0.1,0.2,0.3,1,1,110,466,1020,0,0,0,0;


custom,house12,default,2,2,1,0,1,1,1,1,1,150,406,60.5,0,0,0,1;
custom,house3,stone10,1.15,1,2.25,1,0.1,0.2,0.3,1,1,150,466,60.5,0,0.7071068,0,0.7071068;
custom,house12,default,2,2,1,0,1,1,1,1,1,251,406,60.5,0,0,0,1;
custom,house3,stone10,1.15,1,2.25,1,0.1,0.2,0.3,1,1,251,466,60.5,0,0.7071068,0,0.7071068;
custom,house12,default,2,2,1,0,1,1,1,1,1,352,406,60.5,0,0,0,1;
custom,house3,stone10,1.15,1,2.25,1,0.1,0.2,0.3,1,1,352,466,60.5,0,0.7071068,0,0.7071068;
custom,house12,default,2,2,1,0,1,1,1,1,1,453,406,60.5,0,0,0,1;
custom,house3,stone10,1.15,1,2.25,1,0.1,0.2,0.3,1,1,453,466,60.5,0,0.7071068,0,0.7071068;
custom,house12,default,2,2,1,0,1,1,1,1,1,554,406,60.5,0,0,0,1;
custom,house3,stone10,1.15,1,2.25,1,0.1,0.2,0.3,1,1,554,466,60.5,0,0.7071068,0,0.7071068;
custom,house12,default,2,2,1,0,1,1,1,1,1,655,406,60.5,0,0,0,1;
custom,house3,stone10,1.15,1,2.25,1,0.1,0.2,0.3,1,1,655,466,60.5,0,0.7071068,0,0.7071068;
custom,house12,default,2,2,1,0,1,1,1,1,1,756,406,60.5,0,0,0,1;
custom,house3,stone10,1.15,1,2.25,1,0.1,0.2,0.3,1,1,756,466,60.5,0,0.7071068,0,0.7071068;
custom,house12,default,1.25,2,1,0,1,1,1,1,1,838,406,60.5,0,0,0,1;
custom,house3,stone10,1.15,1,1.45,1,0.1,0.2,0.3,1,1,838,466,60.5,0,0.7071068,0,0.7071068;


custom,house12,default,2,2,1,0,1,1,1,1,1,858,406,100,0,1,0,1;
custom,house3,stone10,1.15,1,2.25,1,0.1,0.2,0.3,1,1,858,466,100,0,0,0,0;
custom,house12,default,2,2,1,0,1,1,1,1,1,858,406,201,0,1,0,1;
custom,house3,stone10,1.15,1,2.25,1,0.1,0.2,0.3,1,1,858,466,201,0,0,0,0;
custom,house12,default,2,2,1,0,1,1,1,1,1,858,406,302,0,1,0,1;
custom,house3,stone10,1.15,1,2.25,1,0.1,0.2,0.3,1,1,858,466,302,0,0,0,0;
custom,house12,default,2,2,1,0,1,1,1,1,1,858,406,403,0,1,0,1;
custom,house3,stone10,1.15,1,2.25,1,0.1,0.2,0.3,1,1,858,466,403,0,0,0,0;
custom,house12,default,2,2,1,0,1,1,1,1,1,858,406,504,0,1,0,1;
custom,house3,stone10,1.15,1,2.25,1,0.1,0.2,0.3,1,1,858,466,504,0,0,0,0;
custom,house12,default,2,2,1,0,1,1,1,1,1,858,406,605,0,1,0,1;
custom,house3,stone10,1.15,1,2.25,1,0.1,0.2,0.3,1,1,858,466,605,0,0,0,0;
custom,house12,default,2,2,1,0,1,1,1,1,1,858,406,706,0,1,0,1;
custom,house3,stone10,1.15,1,2.25,1,0.1,0.2,0.3,1,1,858,466,706,0,0,0,0;
custom,house12,default,2,2,1,0,1,1,1,1,1,858,406,807,0,1,0,1;
custom,house3,stone10,1.15,1,2.25,1,0.1,0.2,0.3,1,1,858,466,807,0,0,0,0;
custom,house12,default,2,2,1,0,1,1,1,1,1,858,406,908,0,1,0,1;
custom,house3,stone10,1.15,1,2.25,1,0.1,0.2,0.3,1,1,858,466,908,0,0,0,0;


custom,house12,default,2,2,1,0,1,1,1,1,1,818,406,948,0,0,0,1;
custom,house3,stone10,1.15,1,2.25,1,0.1,0.2,0.3,1,1,818,466,948,0,0.7071068,0,0.7071068;
custom,house12,default,2,2,1,0,1,1,1,1,1,717,406,948,0,0,0,1;
custom,house3,stone10,1.15,1,2.25,1,0.1,0.2,0.3,1,1,717,466,948,0,0.7071068,0,0.7071068;
custom,house12,default,2,2,1,0,1,1,1,1,1,616,406,948,0,0,0,1;
custom,house3,stone10,1.15,1,2.25,1,0.1,0.2,0.3,1,1,616,466,948,0,0.7071068,0,0.7071068;
custom,house12,default,2,2,1,0,1,1,1,1,1,515,406,948,0,0,0,1;
custom,house3,stone10,1.15,1,2.25,1,0.1,0.2,0.3,1,1,515,466,948,0,0.7071068,0,0.7071068;
custom,house12,default,2,2,1,0,1,1,1,1,1,414,406,948,0,0,0,1;
custom,house3,stone10,1.15,1,2.25,1,0.1,0.2,0.3,1,1,414,466,948,0,0.7071068,0,0.7071068;
custom,house12,default,2,2,1,0,1,1,1,1,1,313,406,948,0,0,0,1;
custom,house3,stone10,1.15,1,2.25,1,0.1,0.2,0.3,1,1,313,466,948,0,0.7071068,0,0.7071068;
custom,house12,default,1,2,1,0,1,1,1,1,1,237,406,948,0,0,0,1;
custom,house3,stone10,1.15,1,1.15,1,0.1,0.2,0.3,1,1,237,466,948,0,0.7071068,0,0.7071068;


custom,house12,default,2,2,1,0,1,1,1,1,1,217,406,201,0,1,0,1;
custom,house3,stone10,1.15,1,2.25,1,0.1,0.2,0.3,1,1,217,466,201,0,0,0,0;
custom,house12,default,2,2,1,0,1,1,1,1,1,217,406,302,0,1,0,1;
custom,house3,stone10,1.15,1,2.25,1,0.1,0.2,0.3,1,1,217,466,302,0,0,0,0;
custom,house12,default,2,2,1,0,1,1,1,1,1,217,406,403,0,1,0,1;
custom,house3,stone10,1.15,1,2.25,1,0.1,0.2,0.3,1,1,217,466,403,0,0,0,0;
custom,house12,default,2,2,1,0,1,1,1,1,1,217,406,504,0,1,0,1;
custom,house3,stone10,1.15,1,2.25,1,0.1,0.2,0.3,1,1,217,466,504,0,0,0,0;
custom,house12,default,2,2,1,0,1,1,1,1,1,217,406,605,0,1,0,1;
custom,house3,stone10,1.15,1,2.25,1,0.1,0.2,0.3,1,1,217,466,605,0,0,0,0;
custom,house12,default,2,2,1,0,1,1,1,1,1,217,406,706,0,1,0,1;
custom,house3,stone10,1.15,1,2.25,1,0.1,0.2,0.3,1,1,217,466,706,0,0,0,0;
custom,house12,default,2,2,1,0,1,1,1,1,1,217,406,807,0,1,0,1;
custom,house3,stone10,1.15,1,2.25,1,0.1,0.2,0.3,1,1,217,466,807,0,0,0,0;
custom,house12,default,2,2,1,0,1,1,1,1,1,217,406,908,0,1,0,1;
custom,house3,stone10,1.15,1,2.25,1,0.1,0.2,0.3,1,1,217,466,908,0,0,0,0;


custom,house12,default,2,2,1,0,1,1,1,1,1,251,406,160.5,0,0,0,1;
custom,house3,stone10,1.15,1,2.25,1,0.1,0.2,0.3,1,1,251,466,160.5,0,0.7071068,0,0.7071068;
custom,house12,default,2,2,1,0,1,1,1,1,1,352,406,160.5,0,0,0,1;
custom,house3,stone10,1.15,1,2.25,1,0.1,0.2,0.3,1,1,352,466,160.5,0,0.7071068,0,0.7071068;
custom,house12,default,2,2,1,0,1,1,1,1,1,453,406,160.5,0,0,0,1;
custom,house3,stone10,1.15,1,2.25,1,0.1,0.2,0.3,1,1,453,466,160.5,0,0.7071068,0,0.7071068;
custom,house12,default,2,2,1,0,1,1,1,1,1,554,406,160.5,0,0,0,1;
custom,house3,stone10,1.15,1,2.25,1,0.1,0.2,0.3,1,1,554,466,160.5,0,0.7071068,0,0.7071068;
custom,house12,default,2,2,1,0,1,1,1,1,1,655,406,160.5,0,0,0,1;
custom,house3,stone10,1.15,1,2.25,1,0.1,0.2,0.3,1,1,655,466,160.5,0,0.7071068,0,0.7071068;
custom,house12,default,1,2,1,0,1,1,1,1,1,731.5,406,160.5,0,0,0,1;
custom,house3,stone10,1.15,1,1.15,1,0.1,0.2,0.3,1,1,731.5,466,160.5,0,0.7071068,0,0.7071068;


custom,house12,default,2,2,1,0,1,1,1,1,1,758,406,201,0,1,0,1;
custom,house3,stone10,1.15,1,2.25,1,0.1,0.2,0.3,1,1,758,466,201,0,0,0,0;
custom,house12,default,2,2,1,0,1,1,1,1,1,758,406,302,0,1,0,1;
custom,house3,stone10,1.15,1,2.25,1,0.1,0.2,0.3,1,1,758,466,302,0,0,0,0;
custom,house12,default,2,2,1,0,1,1,1,1,1,758,406,403,0,1,0,1;
custom,house3,stone10,1.15,1,2.25,1,0.1,0.2,0.3,1,1,758,466,403,0,0,0,0;
custom,house12,default,2,2,1,0,1,1,1,1,1,758,406,504,0,1,0,1;
custom,house3,stone10,1.15,1,2.25,1,0.1,0.2,0.3,1,1,758,466,504,0,0,0,0;
custom,house12,default,2,2,1,0,1,1,1,1,1,758,406,605,0,1,0,1;
custom,house3,stone10,1.15,1,2.25,1,0.1,0.2,0.3,1,1,758,466,605,0,0,0,0;
custom,house12,default,2,2,1,0,1,1,1,1,1,758,406,706,0,1,0,1;
custom,house3,stone10,1.15,1,2.25,1,0.1,0.2,0.3,1,1,758,466,706,0,0,0,0;
custom,house12,default,2,2,1,0,1,1,1,1,1,758,406,807,0,1,0,1;
custom,house3,stone10,1.15,1,2.25,1,0.1,0.2,0.3,1,1,758,466,807,0,0,0,0;



custom,house12,default,2,2,1,0,1,1,1,1,1,717,406,848,0,0,0,1;
custom,house3,stone10,1.15,1,2.25,1,0.1,0.2,0.3,1,1,717,466,848,0,0.7071068,0,0.7071068;
custom,house12,default,2,2,1,0,1,1,1,1,1,616,406,848,0,0,0,1;
custom,house3,stone10,1.15,1,2.25,1,0.1,0.2,0.3,1,1,616,466,848,0,0.7071068,0,0.7071068;
custom,house12,default,2,2,1,0,1,1,1,1,1,515,406,848,0,0,0,1;
custom,house3,stone10,1.15,1,2.25,1,0.1,0.2,0.3,1,1,515,466,848,0,0.7071068,0,0.7071068;
custom,house12,default,2,2,1,0,1,1,1,1,1,414,406,848,0,0,0,1;
custom,house3,stone10,1.15,1,2.25,1,0.1,0.2,0.3,1,1,414,466,848,0,0.7071068,0,0.7071068;
custom,house12,default,1,2,1,0,1,1,1,1,1,337.5,406,848,0,0,0,1;
custom,house3,stone10,1.15,1,1.15,1,0.1,0.2,0.3,1,1,337.5,466,848,0,0.7071068,0,0.7071068;


custom,arch1,default,1,1,1,0,1,1,1,1.2,0.1,635,473,745.6,0,1,0,1;
custom,house3,stone10,0.41,0.25,1.76,1,0.1,0.2,0.3,1,1,635,476,747.5,0,1,0,1;
custom,arch1,default,1,1,1,0,1,1,1,1.2,0.1,557.5,473,745.6,0,1,0,1;
custom,house3,stone10,0.41,0.25,1.76,1,0.1,0.2,0.3,1,1,557,476,747.5,0,1,0,1;
custom,arch1,default,1,1,1,0,1,1,1,1.2,0.1,480,473,745.6,0,1,0,1;
custom,house3,stone10,0.41,0.25,1.76,1,0.1,0.2,0.3,1,1,480,476,747.5,0,1,0,1;
custom,arch1,default,1,1,1,0,1,1,1,1.2,0.1,402.5,473,745.6,0,1,0,1;
custom,house3,stone10,0.41,0.25,1.76,1,0.1,0.2,0.3,1,1,402,476,747.5,0,1,0,1;
custom,arch1,default,1,1,1,0,1,1,1,1.2,0.1,325,473,745.6,0,1,0,1;
custom,house3,stone10,0.41,0.25,1.76,1,0.1,0.2,0.3,1,1,325,476,747.5,0,1,0,1;
custom,arch1,default,1,1,1,0,1,1,1,1.2,0.1,247.5,473,745.6,0,1,0,1;
custom,house3,stone10,0.41,0.25,1.76,1,0.1,0.2,0.3,1,1,247,476,747.5,0,1,0,1;

racing,killcuboid,0.9,7,44,452,440,747,0,1,0,1;


custom,arch1,default,1,1,1,0,1,1,1,1.2,0.1,635,473,670.6,0,1,0,1;
custom,house3,stone10,0.41,0.25,1.76,1,0.1,0.2,0.3,1,1,635,476,672.5,0,1,0,1;
custom,arch1,default,1,1,1,0,1,1,1,1.2,0.1,557.5,473,670.6,0,1,0,1;
custom,house3,stone10,0.41,0.25,1.76,1,0.1,0.2,0.3,1,1,557,476,672.5,0,1,0,1;
custom,arch1,default,1,1,1,0,1,1,1,1.2,0.1,480,473,670.6,0,1,0,1;
custom,house3,stone10,0.41,0.25,1.76,1,0.1,0.2,0.3,1,1,480,476,672.5,0,1,0,1;
custom,arch1,default,1,1,1,0,1,1,1,1.2,0.1,402.5,473,670.6,0,1,0,1;
custom,house3,stone10,0.41,0.25,1.76,1,0.1,0.2,0.3,1,1,402,476,672.5,0,1,0,1;
custom,arch1,default,1,1,1,0,1,1,1,1.2,0.1,325,473,670.6,0,1,0,1;
custom,house3,stone10,0.41,0.25,1.76,1,0.1,0.2,0.3,1,1,325,476,672.5,0,1,0,1;
custom,arch1,default,1,1,1,0,1,1,1,1.2,0.1,247.5,473,670.6,0,1,0,1;
custom,house3,stone10,0.41,0.25,1.76,1,0.1,0.2,0.3,1,1,247,476,672.5,0,1,0,1;

racing,killcuboid,0.9,7,44,452,440,672,0,1,0,1;

custom,arch1,default,1,1,1,0,1,1,1,1.2,0.1,665,473,710,0,0,0,0;
custom,house3,stone10,0.41,0.25,1.76,1,0.1,0.2,0.3,1,1,664,476,710,0,0,0,0;
racing,killcuboid,0.9,7,6.7,665,440,710,0,0,0,0;
custom,tower1,default,4.2,-0.7,4.2,0,1,1,1,0.4,0.07,645,440,710,1,0,-1,0;

custom,arch1,default,1,1,1,0,1,1,1,1.2,0.1,725,473,545.6,0,1,0,1;
custom,house3,stone10,0.41,0.25,1.76,1,0.1,0.2,0.3,1,1,725,476,547.5,0,1,0,1;
custom,arch1,default,1,1,1,0,1,1,1,1.2,0.1,647.5,473,545.6,0,1,0,1;
custom,house3,stone10,0.41,0.25,1.76,1,0.1,0.2,0.3,1,1,647,476,547.5,0,1,0,1;
custom,arch1,default,1,1,1,0,1,1,1,1.2,0.1,570,473,545.6,0,1,0,1;
custom,house3,stone10,0.41,0.25,1.76,1,0.1,0.2,0.3,1,1,570,476,547.5,0,1,0,1;
custom,arch1,default,1,1,1,0,1,1,1,1.2,0.1,492.5,473,545.6,0,1,0,1;
custom,house3,stone10,0.41,0.25,1.76,1,0.1,0.2,0.3,1,1,492,476,547.5,0,1,0,1;
custom,arch1,default,1,1,1,0,1,1,1,1.2,0.1,415,473,545.6,0,1,0,1;
custom,house3,stone10,0.41,0.25,1.76,1,0.1,0.2,0.3,1,1,415,476,547.5,0,1,0,1;
custom,arch1,default,1,1,1,0,1,1,1,1.2,0.1,337.5,473,545.6,0,1,0,1;
custom,house3,stone10,0.41,0.25,1.76,1,0.1,0.2,0.3,1,1,337,476,547.5,0,1,0,1;

racing,killcuboid,0.9,7,45,524,440,547,0,1,0,1;

custom,arch1,default,1,1,1,0,1,1,1,1.2,0.1,307,473,510.1,0,0,0,0;
custom,house3,stone10,0.41,0.25,1.76,1,0.1,0.2,0.3,1,1,306,476,510.1,0,0,0,0;
racing,killcuboid,0.9,7,6.7,307,440,510.1,0,0,0,0;
custom,tower1,default,4.2,-0.7,4.2,0,1,1,1,0.4,0.07,345,440,510,1,0,-1,0;


custom,arch1,default,1,1,1,0,1,1,1,1.2,0.1,725,473,470.6,0,1,0,1;
custom,house3,stone10,0.41,0.25,1.76,1,0.1,0.2,0.3,1,1,725,476,472.5,0,1,0,1;
custom,arch1,default,1,1,1,0,1,1,1,1.2,0.1,647.5,473,470.6,0,1,0,1;
custom,house3,stone10,0.41,0.25,1.76,1,0.1,0.2,0.3,1,1,647,476,472.5,0,1,0,1;
custom,arch1,default,1,1,1,0,1,1,1,1.2,0.1,570,473,470.6,0,1,0,1;
custom,house3,stone10,0.41,0.25,1.76,1,0.1,0.2,0.3,1,1,570,476,472.5,0,1,0,1;
custom,arch1,default,1,1,1,0,1,1,1,1.2,0.1,492.5,473,470.6,0,1,0,1;
custom,house3,stone10,0.41,0.25,1.76,1,0.1,0.2,0.3,1,1,492,476,472.5,0,1,0,1;
custom,arch1,default,1,1,1,0,1,1,1,1.2,0.1,415,473,470.6,0,1,0,1;
custom,house3,stone10,0.41,0.25,1.76,1,0.1,0.2,0.3,1,1,415,476,472.5,0,1,0,1;
custom,arch1,default,1,1,1,0,1,1,1,1.2,0.1,337.5,473,470.6,0,1,0,1;
custom,house3,stone10,0.41,0.25,1.76,1,0.1,0.2,0.3,1,1,337,476,472.5,0,1,0,1;

racing,killcuboid,0.9,7,45,524,440,472,0,1,0,1;



custom,arch1,default,1,1,1,0,1,1,1,1.2,0.1,635,473,370.6,0,1,0,1;
custom,house3,stone10,0.41,0.25,1.76,1,0.1,0.2,0.3,1,1,635,476,372.5,0,1,0,1;
custom,arch1,default,1,1,1,0,1,1,1,1.2,0.1,557.5,473,370.6,0,1,0,1;
custom,house3,stone10,0.41,0.25,1.76,1,0.1,0.2,0.3,1,1,557,476,372.5,0,1,0,1;
custom,arch1,default,1,1,1,0,1,1,1,1.2,0.1,480,473,370.6,0,1,0,1;
custom,house3,stone10,0.41,0.25,1.76,1,0.1,0.2,0.3,1,1,480,476,372.5,0,1,0,1;
custom,arch1,default,1,1,1,0,1,1,1,1.2,0.1,402.5,473,370.6,0,1,0,1;
custom,house3,stone10,0.41,0.25,1.76,1,0.1,0.2,0.3,1,1,402,476,372.5,0,1,0,1;
custom,arch1,default,1,1,1,0,1,1,1,1.2,0.1,325,473,370.6,0,1,0,1;
custom,house3,stone10,0.41,0.25,1.76,1,0.1,0.2,0.3,1,1,325,476,372.5,0,1,0,1;
custom,arch1,default,1,1,1,0,1,1,1,1.2,0.1,247.5,473,370.6,0,1,0,1;
custom,house3,stone10,0.41,0.25,1.76,1,0.1,0.2,0.3,1,1,247,476,372.5,0,1,0,1;

racing,killcuboid,0.9,7,44,452,440,372,0,1,0,1;



custom,arch1,default,1,1,1,0,1,1,1,1.2,0.1,635,473,295.6,0,1,0,1;
custom,house3,stone10,0.41,0.25,1.76,1,0.1,0.2,0.3,1,1,635,476,297.5,0,1,0,1;
custom,arch1,default,1,1,1,0,1,1,1,1.2,0.1,557.5,473,295.6,0,1,0,1;
custom,house3,stone10,0.41,0.25,1.76,1,0.1,0.2,0.3,1,1,557,476,297.5,0,1,0,1;
custom,arch1,default,1,1,1,0,1,1,1,1.2,0.1,480,473,295.6,0,1,0,1;
custom,house3,stone10,0.41,0.25,1.76,1,0.1,0.2,0.3,1,1,480,476,297.5,0,1,0,1;
custom,arch1,default,1,1,1,0,1,1,1,1.2,0.1,402.5,473,295.6,0,1,0,1;
custom,house3,stone10,0.41,0.25,1.76,1,0.1,0.2,0.3,1,1,402,476,297.5,0,1,0,1;
custom,arch1,default,1,1,1,0,1,1,1,1.2,0.1,325,473,295.6,0,1,0,1;
custom,house3,stone10,0.41,0.25,1.76,1,0.1,0.2,0.3,1,1,325,476,297.5,0,1,0,1;
custom,arch1,default,1,1,1,0,1,1,1,1.2,0.1,247.5,473,295.6,0,1,0,1;
custom,house3,stone10,0.41,0.25,1.76,1,0.1,0.2,0.3,1,1,247,476,297.5,0,1,0,1;

racing,killcuboid,0.9,7,44,452,440,297,0,1,0,1;

custom,arch1,default,1,1,1,0,1,1,1,1.2,0.1,665,473,333,0,0,0,0;
custom,house3,stone10,0.41,0.25,1.76,1,0.1,0.2,0.3,1,1,664,476,333,0,0,0,0;
racing,killcuboid,0.9,7,6.7,665,440,334,0,0,0,0;
custom,tower1,default,4.2,-0.7,4.2,0,1,1,1,0.4,0.07,645,440,334,1,0,-1,0;


//2*;



custom,house12,default,2,2,1,0,1,1,1,1,1,-110,406,10,0,1,0,1;
custom,house3,stone10,1.15,1,2.25,1,0.1,0.2,0.3,1,1,-110,466,10,0,0,0,0;
custom,house12,default,2,2,1,0,1,1,1,1,1,-110,406,111,0,1,0,1;
custom,house3,stone10,1.15,1,2.25,1,0.1,0.2,0.3,1,1,-110,466,111,0,0,0,0;
custom,house12,default,2,2,1,0,1,1,1,1,1,-110,406,212,0,1,0,1;
custom,house3,stone10,1.15,1,2.25,1,0.1,0.2,0.3,1,1,-110,466,212,0,0,0,0;
custom,house12,default,2,2,1,0,1,1,1,1,1,-110,406,313,0,1,0,1;
custom,house3,stone10,1.15,1,2.25,1,0.1,0.2,0.3,1,1,-110,466,313,0,0,0,0;
custom,house12,default,2,2,1,0,1,1,1,1,1,-110,406,414,0,1,0,1;
custom,house3,stone10,1.15,1,2.25,1,0.1,0.2,0.3,1,1,-110,466,414,0,0,0,0;
custom,house12,default,2,2,1,0,1,1,1,1,1,-110,406,515,0,1,0,1;
custom,house3,stone10,1.15,1,2.25,1,0.1,0.2,0.3,1,1,-110,466,515,0,0,0,0;
custom,house12,default,2,2,1,0,1,1,1,1,1,-110,406,616,0,1,0,1;
custom,house3,stone10,1.15,1,2.25,1,0.1,0.2,0.3,1,1,-110,466,616,0,0,0,0;
custom,house12,default,2,2,1,0,1,1,1,1,1,-110,406,717,0,1,0,1;
custom,house3,stone10,1.15,1,2.25,1,0.1,0.2,0.3,1,1,-110,466,717,0,0,0,0;
custom,house12,default,2,2,1,0,1,1,1,1,1,-110,406,818,0,1,0,1;
custom,house3,stone10,1.15,1,2.25,1,0.1,0.2,0.3,1,1,-110,466,818,0,0,0,0;
custom,house12,default,2,2,1,0,1,1,1,1,1,-110,406,919,0,1,0,1;
custom,house3,stone10,1.15,1,2.25,1,0.1,0.2,0.3,1,1,-110,466,919,0,0,0,0;
custom,house12,default,2,2,1,0,1,1,1,1,1,-110,406,1020,0,1,0,1;
custom,house3,stone10,1.15,1,2.25,1,0.1,0.2,0.3,1,1,-110,466,1020,0,0,0,0;


custom,house12,default,2,2,1,0,1,1,1,1,1,-820,406,60.5,0,0,0,1;
custom,house3,stone10,1.15,1,2.25,1,0.1,0.2,0.3,1,1,-820,466,60.5,0,0.7071068,0,0.7071068;
custom,house12,default,2,2,1,0,1,1,1,1,1,-719,406,60.5,0,0,0,1;
custom,house3,stone10,1.15,1,2.25,1,0.1,0.2,0.3,1,1,-719,466,60.5,0,0.7071068,0,0.7071068;
custom,house12,default,2,2,1,0,1,1,1,1,1,-618,406,60.5,0,0,0,1;
custom,house3,stone10,1.15,1,2.25,1,0.1,0.2,0.3,1,1,-618,466,60.5,0,0.7071068,0,0.7071068;
custom,house12,default,2,2,1,0,1,1,1,1,1,-517,406,60.5,0,0,0,1;
custom,house3,stone10,1.15,1,2.25,1,0.1,0.2,0.3,1,1,-517,466,60.5,0,0.7071068,0,0.7071068;
custom,house12,default,2,2,1,0,1,1,1,1,1,-416,406,60.5,0,0,0,1;
custom,house3,stone10,1.15,1,2.25,1,0.1,0.2,0.3,1,1,-416,466,60.5,0,0.7071068,0,0.7071068;
custom,house12,default,2,2,1,0,1,1,1,1,1,-315,406,60.5,0,0,0,1;
custom,house3,stone10,1.15,1,2.25,1,0.1,0.2,0.3,1,1,-315,466,60.5,0,0.7071068,0,0.7071068;
custom,house12,default,2,2,1,0,1,1,1,1,1,-214,406,60.5,0,0,0,1;
custom,house3,stone10,1.15,1,2.25,1,0.1,0.2,0.3,1,1,-214,466,60.5,0,0.7071068,0,0.7071068;
custom,house12,default,1.25,2,1,0,1,1,1,1,1,-132,406,60.5,0,0,0,1;
custom,house3,stone10,1.15,1,1.45,1,0.1,0.2,0.3,1,1,-132,466,60.5,0,0.7071068,0,0.7071068;


custom,house12,default,2,2,1,0,1,1,1,1,1,-859.5,406,100,0,1,0,1;
custom,house3,stone10,1.15,1,2.25,1,0.1,0.2,0.3,1,1,-859.5,466,100,0,0,0,0;
custom,house12,default,2,2,1,0,1,1,1,1,1,-859.5,406,201,0,1,0,1;
custom,house3,stone10,1.15,1,2.25,1,0.1,0.2,0.3,1,1,-859.5,466,201,0,0,0,0;
custom,house12,default,2,2,1,0,1,1,1,1,1,-859.5,406,302,0,1,0,1;
custom,house3,stone10,1.15,1,2.25,1,0.1,0.2,0.3,1,1,-859.5,466,302,0,0,0,0;
custom,house12,default,2,2,1,0,1,1,1,1,1,-859.5,406,403,0,1,0,1;
custom,house3,stone10,1.15,1,2.25,1,0.1,0.2,0.3,1,1,-859.5,466,403,0,0,0,0;
custom,house12,default,2,2,1,0,1,1,1,1,1,-859.5,406,504,0,1,0,1;
custom,house3,stone10,1.15,1,2.25,1,0.1,0.2,0.3,1,1,-859.5,466,504,0,0,0,0;
custom,house12,default,2,2,1,0,1,1,1,1,1,-859.5,406,605,0,1,0,1;
custom,house3,stone10,1.15,1,2.25,1,0.1,0.2,0.3,1,1,-859.5,466,605,0,0,0,0;
custom,house12,default,2,2,1,0,1,1,1,1,1,-859.5,406,706,0,1,0,1;
custom,house3,stone10,1.15,1,2.25,1,0.1,0.2,0.3,1,1,-859.5,466,706,0,0,0,0;
custom,house12,default,2,2,1,0,1,1,1,1,1,-859.5,406,807,0,1,0,1;
custom,house3,stone10,1.15,1,2.25,1,0.1,0.2,0.3,1,1,-859.5,466,807,0,0,0,0;
custom,house12,default,2,2,1,0,1,1,1,1,1,-859.5,406,908,0,1,0,1;
custom,house3,stone10,1.15,1,2.25,1,0.1,0.2,0.3,1,1,-859.5,466,908,0,0,0,0;


custom,house12,default,-2,2,-1,0,1,1,1,1,1,-819.5,406,948,0,0,0,1;
custom,house3,stone10,-1.15,1,-2.25,1,0.1,0.2,0.3,1,1,-819.5,466,948,0,0.7071068,0,0.7071068;
custom,house12,default,-2,2,-1,0,1,1,1,1,1,-718.5,406,948,0,0,0,1;
custom,house3,stone10,-1.15,1,-2.25,1,0.1,0.2,0.3,1,1,-718.5,466,948,0,0.7071068,0,0.7071068;
custom,house12,default,-2,2,-1,0,1,1,1,1,1,-617.5,406,948,0,0,0,1;
custom,house3,stone10,-1.15,1,-2.25,1,0.1,0.2,0.3,1,1,-617.5,466,948,0,0.7071068,0,0.7071068;
custom,house12,default,-2,2,-1,0,1,1,1,1,1,-516.5,406,948,0,0,0,1;
custom,house3,stone10,-1.15,1,-2.25,1,0.1,0.2,0.3,1,1,-516.5,466,948,0,0.7071068,0,0.7071068;
custom,house12,default,-2,2,-1,0,1,1,1,1,1,-415.5,406,948,0,0,0,1;
custom,house3,stone10,-1.15,1,-2.25,1,0.1,0.2,0.3,1,1,-415.5,466,948,0,0.7071068,0,0.7071068;
custom,house12,default,-2,2,-1,0,1,1,1,1,1,-314.5,406,948,0,0,0,1;
custom,house3,stone10,-1.15,1,-2.25,1,0.1,0.2,0.3,1,1,-314.5,466,948,0,0.7071068,0,0.7071068;
custom,house12,default,-1,2,-1,0,1,1,1,1,1,-238.5,406,948,0,0,0,1;
custom,house3,stone10,-1.15,1,-1.15,1,0.1,0.2,0.3,1,1,-238.5,466,948,0,0.7071068,0,0.7071068;


custom,house12,default,2,2,1,0,1,1,1,1,1,-223,406,201,0,1,0,1;
custom,house3,stone10,1.15,1,2.25,1,0.1,0.2,0.3,1,1,-223,466,201,0,0,0,0;
custom,house12,default,2,2,1,0,1,1,1,1,1,-223,406,302,0,1,0,1;
custom,house3,stone10,1.15,1,2.25,1,0.1,0.2,0.3,1,1,-223,466,302,0,0,0,0;
custom,house12,default,2,2,1,0,1,1,1,1,1,-223,406,403,0,1,0,1;
custom,house3,stone10,1.15,1,2.25,1,0.1,0.2,0.3,1,1,-223,466,403,0,0,0,0;
custom,house12,default,2,2,1,0,1,1,1,1,1,-223,406,504,0,1,0,1;
custom,house3,stone10,1.15,1,2.25,1,0.1,0.2,0.3,1,1,-223,466,504,0,0,0,0;
custom,house12,default,2,2,1,0,1,1,1,1,1,-223,406,605,0,1,0,1;
custom,house3,stone10,1.15,1,2.25,1,0.1,0.2,0.3,1,1,-223,466,605,0,0,0,0;
custom,house12,default,2,2,1,0,1,1,1,1,1,-223,406,706,0,1,0,1;
custom,house3,stone10,1.15,1,2.25,1,0.1,0.2,0.3,1,1,-223,466,706,0,0,0,0;
custom,house12,default,2,2,1,0,1,1,1,1,1,-223,406,807,0,1,0,1;
custom,house3,stone10,1.15,1,2.25,1,0.1,0.2,0.3,1,1,-223,466,807,0,0,0,0;
custom,house12,default,2,2,1,0,1,1,1,1,1,-223,406,908,0,1,0,1;
custom,house3,stone10,1.15,1,2.25,1,0.1,0.2,0.3,1,1,-223,466,908,0,0,0,0;

custom,house12,default,2,2,1,0,1,1,1,1,1,-719.5,406,160.5,0,0,0,1;
custom,house3,stone10,1.15,1,2.25,1,0.1,0.2,0.3,1,1,-719.5,466,160.5,0,0.7071068,0,0.7071068;
custom,house12,default,2,2,1,0,1,1,1,1,1,-618.5,406,160.5,0,0,0,1;
custom,house3,stone10,1.15,1,2.25,1,0.1,0.2,0.3,1,1,-618.5,466,160.5,0,0.7071068,0,0.7071068;
custom,house12,default,2,2,1,0,1,1,1,1,1,-517.5,406,160.5,0,0,0,1;
custom,house3,stone10,1.15,1,2.25,1,0.1,0.2,0.3,1,1,-517.5,466,160.5,0,0.7071068,0,0.7071068;
custom,house12,default,2,2,1,0,1,1,1,1,1,-416.5,406,160.5,0,0,0,1;
custom,house3,stone10,1.15,1,2.25,1,0.1,0.2,0.3,1,1,-416.5,466,160.5,0,0.7071068,0,0.7071068;
custom,house12,default,2,2,1,0,1,1,1,1,1,-315.5,406,160.5,0,0,0,1;
custom,house3,stone10,1.15,1,2.25,1,0.1,0.2,0.3,1,1,-315.5,466,160.5,0,0.7071068,0,0.7071068;
custom,house12,default,1,2,1,0,1,1,1,1,1,-239,406,160.5,0,0,0,1;
custom,house3,stone10,1.15,1,1.15,1,0.1,0.2,0.3,1,1,-239,466,160.5,0,0.7071068,0,0.7071068;

custom,house12,default,2,2,1,0,1,1,1,1,1,-760,406,201,0,1,0,1;
custom,house3,stone10,1.15,1,2.25,1,0.1,0.2,0.3,1,1,-760,466,201,0,0,0,0;
custom,house12,default,2,2,1,0,1,1,1,1,1,-760,406,302,0,1,0,1;
custom,house3,stone10,1.15,1,2.25,1,0.1,0.2,0.3,1,1,-760,466,302,0,0,0,0;
custom,house12,default,2,2,1,0,1,1,1,1,1,-760,406,403,0,1,0,1;
custom,house3,stone10,1.15,1,2.25,1,0.1,0.2,0.3,1,1,-760,466,403,0,0,0,0;
custom,house12,default,2,2,1,0,1,1,1,1,1,-760,406,504,0,1,0,1;
custom,house3,stone10,1.15,1,2.25,1,0.1,0.2,0.3,1,1,-760,466,504,0,0,0,0;
custom,house12,default,2,2,1,0,1,1,1,1,1,-760,406,605,0,1,0,1;
custom,house3,stone10,1.15,1,2.25,1,0.1,0.2,0.3,1,1,-760,466,605,0,0,0,0;
custom,house12,default,2,2,1,0,1,1,1,1,1,-760,406,706,0,1,0,1;
custom,house3,stone10,1.15,1,2.25,1,0.1,0.2,0.3,1,1,-760,466,706,0,0,0,0;
custom,house12,default,2,2,1,0,1,1,1,1,1,-760,406,807,0,1,0,1;
custom,house3,stone10,1.15,1,2.25,1,0.1,0.2,0.3,1,1,-760,466,807,0,0,0,0;

custom,house12,default,-2,2,-1,0,1,1,1,1,1,-719,406,848,0,0,0,1;
custom,house3,stone10,-1.15,1,-2.25,1,0.1,0.2,0.3,1,1,-719,466,848,0,0.7071068,0,0.7071068;
custom,house12,default,-2,2,-1,0,1,1,1,1,1,-618,406,848,0,0,0,1;
custom,house3,stone10,-1.15,1,-2.25,1,0.1,0.2,0.3,1,1,-618,466,848,0,0.7071068,0,0.7071068;
custom,house12,default,-2,2,-1,0,1,1,1,1,1,-517,406,848,0,0,0,1;
custom,house3,stone10,-1.15,1,-2.25,1,0.1,0.2,0.3,1,1,-517,466,848,0,0.7071068,0,0.7071068;
custom,house12,default,-2,2,-1,0,1,1,1,1,1,-416,406,848,0,0,0,1;
custom,house3,stone10,-1.15,1,-2.25,1,0.1,0.2,0.3,1,1,-416,466,848,0,0.7071068,0,0.7071068;
custom,house12,default,-1,2,-1,0,1,1,1,1,1,-339.5,406,848,0,0,0,1;
custom,house3,stone10,-1.15,1,-1.15,1,0.1,0.2,0.3,1,1,-339.5,466,848,0,0.7071068,0,0.7071068;




custom,arch1,default,-1,1,-1,0,1,1,1,1.2,0.1,-639.5,473,297.5,0,1,0,1;
custom,house3,stone10,-0.41,0.25,-1.76,1,0.1,0.2,0.3,1,1,-639.5,476,295.6,0,1,0,1;
custom,arch1,default,-1,1,-1,0,1,1,1,1.2,0.1,-562,473,297.5,0,1,0,1;
custom,house3,stone10,-0.41,0.25,-1.76,1,0.1,0.2,0.3,1,1,-561.5,476,295.6,0,1,0,1;
custom,arch1,default,-1,1,-1,0,1,1,1,1.2,0.1,-484.5,473,297.5,0,1,0,1;
custom,house3,stone10,-0.41,0.25,-1.76,1,0.1,0.2,0.3,1,1,-484.5,476,295.6,0,1,0,1;
custom,arch1,default,-1,1,-1,0,1,1,1,1.2,0.1,-407,473,297.5,0,1,0,1;
custom,house3,stone10,-0.41,0.25,-1.76,1,0.1,0.2,0.3,1,1,-406.5,476,295.6,0,1,0,1;
custom,arch1,default,-1,1,-1,0,1,1,1,1.2,0.1,-329.5,473,297.5,0,1,0,1;
custom,house3,stone10,-0.41,0.25,-1.76,1,0.1,0.2,0.3,1,1,-329.5,476,295.6,0,1,0,1;
custom,arch1,default,-1,1,-1,0,1,1,1,1.2,0.1,-252,473,297.5,0,1,0,1;
custom,house3,stone10,-0.41,0.25,-1.76,1,0.1,0.2,0.3,1,1,-251.5,476,295.6,0,1,0,1;

racing,killcuboid,-0.9,7,-44,-456.5,440,296.1,0,1,0,1;


custom,arch1,default,-1,1,-1,0,1,1,1,1.2,0.1,-639.5,473,372.5,0,1,0,1;
custom,house3,stone10,-0.41,0.25,-1.76,1,0.1,0.2,0.3,1,1,-639.5,476,370.6,0,1,0,1;
custom,arch1,default,-1,1,-1,0,1,1,1,1.2,0.1,-562,473,372.5,0,1,0,1;
custom,house3,stone10,-0.41,0.25,-1.76,1,0.1,0.2,0.3,1,1,-561.5,476,370.6,0,1,0,1;
custom,arch1,default,-1,1,-1,0,1,1,1,1.2,0.1,-484.5,473,372.5,0,1,0,1;
custom,house3,stone10,-0.41,0.25,-1.76,1,0.1,0.2,0.3,1,1,-484.5,476,370.6,0,1,0,1;
custom,arch1,default,-1,1,-1,0,1,1,1,1.2,0.1,-407,473,372.5,0,1,0,1;
custom,house3,stone10,-0.41,0.25,-1.76,1,0.1,0.2,0.3,1,1,-406.5,476,370.6,0,1,0,1;
custom,arch1,default,-1,1,-1,0,1,1,1,1.2,0.1,-329.5,473,372.5,0,1,0,1;
custom,house3,stone10,-0.41,0.25,-1.76,1,0.1,0.2,0.3,1,1,-329.5,476,370.6,0,1,0,1;
custom,arch1,default,-1,1,-1,0,1,1,1,1.2,0.1,-252,473,372.5,0,1,0,1;
custom,house3,stone10,-0.41,0.25,-1.76,1,0.1,0.2,0.3,1,1,-251.5,476,370.6,0,1,0,1;

racing,killcuboid,-0.9,7,-44,-456.5,440,371.1,0,1,0,1;

custom,arch1,default,-1,1,-1,0,1,1,1,1.2,0.1,-669.5,473,333.1,0,0,0,0;
custom,house3,stone10,-0.41,0.25,-1.76,1,0.1,0.2,0.3,1,1,-668.5,476,333.1,0,0,0,0;
racing,killcuboid,-0.9,7,-6.7,-669.5,440,333.1,0,0,0,0;
custom,tower1,default,-4.2,-0.7,-4.2,0,1,1,1,0.4,0.07,-649.5,440,333.1,1,0,-1,0;

custom,arch1,default,-1,1,-1,0,1,1,1,1.2,0.1,-729.5,473,497.5,0,1,0,1;
custom,house3,stone10,-0.41,0.25,-1.76,1,0.1,0.2,0.3,1,1,-729.5,476,495.6,0,1,0,1;
custom,arch1,default,-1,1,-1,0,1,1,1,1.2,0.1,-652,473,497.5,0,1,0,1;
custom,house3,stone10,-0.41,0.25,-1.76,1,0.1,0.2,0.3,1,1,-651.5,476,495.6,0,1,0,1;
custom,arch1,default,-1,1,-1,0,1,1,1,1.2,0.1,-574.5,473,497.5,0,1,0,1;
custom,house3,stone10,-0.41,0.25,-1.76,1,0.1,0.2,0.3,1,1,-574.5,476,495.6,0,1,0,1;
custom,arch1,default,-1,1,-1,0,1,1,1,1.2,0.1,-497,473,497.5,0,1,0,1;
custom,house3,stone10,-0.41,0.25,-1.76,1,0.1,0.2,0.3,1,1,-496.5,476,495.6,0,1,0,1;
custom,arch1,default,-1,1,-1,0,1,1,1,1.2,0.1,-419.5,473,497.5,0,1,0,1;
custom,house3,stone10,-0.41,0.25,-1.76,1,0.1,0.2,0.3,1,1,-419.5,476,495.6,0,1,0,1;
custom,arch1,default,-1,1,-1,0,1,1,1,1.2,0.1,-342,473,497.5,0,1,0,1;
custom,house3,stone10,-0.41,0.25,-1.76,1,0.1,0.2,0.3,1,1,-341.5,476,495.6,0,1,0,1;

racing,killcuboid,-0.9,7,-45,-528.5,440,496.1,0,1,0,1;

custom,arch1,default,-1,1,-1,0,1,1,1,1.2,0.1,-311.5,473,533,0,0,0,0;
custom,house3,stone10,-0.41,0.25,-1.76,1,0.1,0.2,0.3,1,1,-310.5,476,533,0,0,0,0;
racing,killcuboid,-0.9,7,-6.7,-311.5,440,533,0,0,0,0;
custom,tower1,default,-4.2,-0.7,-4.2,0,1,1,1,0.4,0.07,-349.5,440,533.1,1,0,-1,0;


custom,arch1,default,-1,1,-1,0,1,1,1,1.2,0.1,-729.5,473,572.5,0,1,0,1;
custom,house3,stone10,-0.41,0.25,-1.76,1,0.1,0.2,0.3,1,1,-729.5,476,570.6,0,1,0,1;
custom,arch1,default,-1,1,-1,0,1,1,1,1.2,0.1,-652,473,572.5,0,1,0,1;
custom,house3,stone10,-0.41,0.25,-1.76,1,0.1,0.2,0.3,1,1,-651.5,476,570.6,0,1,0,1;
custom,arch1,default,-1,1,-1,0,1,1,1,1.2,0.1,-574.5,473,572.5,0,1,0,1;
custom,house3,stone10,-0.41,0.25,-1.76,1,0.1,0.2,0.3,1,1,-574.5,476,570.6,0,1,0,1;
custom,arch1,default,-1,1,-1,0,1,1,1,1.2,0.1,-497,473,572.5,0,1,0,1;
custom,house3,stone10,-0.41,0.25,-1.76,1,0.1,0.2,0.3,1,1,-496.5,476,570.6,0,1,0,1;
custom,arch1,default,-1,1,-1,0,1,1,1,1.2,0.1,-419.5,473,572.5,0,1,0,1;
custom,house3,stone10,-0.41,0.25,-1.76,1,0.1,0.2,0.3,1,1,-419.5,476,570.6,0,1,0,1;
custom,arch1,default,-1,1,-1,0,1,1,1,1.2,0.1,-342,473,572.5,0,1,0,1;
custom,house3,stone10,-0.41,0.25,-1.76,1,0.1,0.2,0.3,1,1,-341.5,476,570.6,0,1,0,1;

racing,killcuboid,-0.9,7,-45,-528.5,440,571.1,0,1,0,1;



custom,arch1,default,-1,1,-1,0,1,1,1,1.2,0.1,-639.5,473,672.5,0,1,0,1;
custom,house3,stone10,-0.41,0.25,-1.76,1,0.1,0.2,0.3,1,1,-639.5,476,670.6,0,1,0,1;
custom,arch1,default,-1,1,-1,0,1,1,1,1.2,0.1,-562,473,672.5,0,1,0,1;
custom,house3,stone10,-0.41,0.25,-1.76,1,0.1,0.2,0.3,1,1,-561.5,476,670.6,0,1,0,1;
custom,arch1,default,-1,1,-1,0,1,1,1,1.2,0.1,-484.5,473,672.5,0,1,0,1;
custom,house3,stone10,-0.41,0.25,-1.76,1,0.1,0.2,0.3,1,1,-484.5,476,670.6,0,1,0,1;
custom,arch1,default,-1,1,-1,0,1,1,1,1.2,0.1,-407,473,672.5,0,1,0,1;
custom,house3,stone10,-0.41,0.25,-1.76,1,0.1,0.2,0.3,1,1,-406.5,476,670.6,0,1,0,1;
custom,arch1,default,-1,1,-1,0,1,1,1,1.2,0.1,-329.5,473,672.5,0,1,0,1;
custom,house3,stone10,-0.41,0.25,-1.76,1,0.1,0.2,0.3,1,1,-329.5,476,670.6,0,1,0,1;
custom,arch1,default,-1,1,-1,0,1,1,1,1.2,0.1,-252,473,672.5,0,1,0,1;
custom,house3,stone10,-0.41,0.25,-1.76,1,0.1,0.2,0.3,1,1,-251.5,476,670.6,0,1,0,1;

racing,killcuboid,-0.9,7,-44,-456.5,440,671.1,0,1,0,1;



custom,arch1,default,-1,1,-1,0,1,1,1,1.2,0.1,-639.5,473,747.5,0,1,0,1;
custom,house3,stone10,-0.41,0.25,-1.76,1,0.1,0.2,0.3,1,1,-639.5,476,745.6,0,1,0,1;
custom,arch1,default,-1,1,-1,0,1,1,1,1.2,0.1,-562,473,747.5,0,1,0,1;
custom,house3,stone10,-0.41,0.25,-1.76,1,0.1,0.2,0.3,1,1,-561.5,476,745.6,0,1,0,1;
custom,arch1,default,-1,1,-1,0,1,1,1,1.2,0.1,-484.5,473,747.5,0,1,0,1;
custom,house3,stone10,-0.41,0.25,-1.76,1,0.1,0.2,0.3,1,1,-484.5,476,745.6,0,1,0,1;
custom,arch1,default,-1,1,-1,0,1,1,1,1.2,0.1,-407,473,747.5,0,1,0,1;
custom,house3,stone10,-0.41,0.25,-1.76,1,0.1,0.2,0.3,1,1,-406.5,476,745.6,0,1,0,1;
custom,arch1,default,-1,1,-1,0,1,1,1,1.2,0.1,-329.5,473,747.5,0,1,0,1;
custom,house3,stone10,-0.41,0.25,-1.76,1,0.1,0.2,0.3,1,1,-329.5,476,745.6,0,1,0,1;
custom,arch1,default,-1,1,-1,0,1,1,1,1.2,0.1,-252,473,747.5,0,1,0,1;
custom,house3,stone10,-0.41,0.25,-1.76,1,0.1,0.2,0.3,1,1,-251.5,476,745.6,0,1,0,1;

racing,killcuboid,-0.9,7,-44,-456.5,440,746.1,0,1,0,1;

custom,arch1,default,-1,1,-1,0,1,1,1,1.2,0.1,-669.5,473,710.1,0,0,0,0;
custom,house3,stone10,-0.41,0.25,-1.76,1,0.1,0.2,0.3,1,1,-668.5,476,710.1,0,0,0,0;
racing,killcuboid,-0.9,7,-6.7,-669.5,440,709.1,0,0,0,0;
custom,tower1,default,-4.2,-0.7,-4.2,0,1,1,1,0.4,0.07,-649.5,440,709.1,1,0,-1,0;

racing,killcuboid,1,8,20,-60,450,-245,0,0,0,0;
racing,killcuboid,1,8,45,-60,450,-815,0,0,0,0;
racing,killcuboid,1,8,20,60,450,-245,0,0,0,0;
racing,killcuboid,1,8,45,60,450,-815,0,0,0,0;
racing,killcuboid,1,8,70,-440,450,-355,0,1,0,1;
racing,killcuboid,1,8,70,440,450,-355,0,1,0,1;
racing,killcuboid,1,8,50,-540,450,-955,0,1,0,1;
racing,killcuboid,1,8,50,540,450,-955,0,1,0,1;
racing,killcuboid,1,8,55,805,450,-655,0,0,0,0;
racing,killcuboid,1,8,55,-805,450,-655,0,0,0,0;
racing,killcuboid,1,8,30,-240,450,-655,0,1,0,1;
racing,killcuboid,1,8,30,240,450,-655,0,1,0,1;
racing,killcuboid,1,8,20,-260,450,-455,0,0,0,0;
racing,killcuboid,1,8,20,260,450,-455,0,0,0,0;
racing,killcuboid,1,8,20,-260,450,-855,0,0,0,0;
racing,killcuboid,1,8,20,260,450,-855,0,0,0,0;
racing,killcuboid,1,8,70,-442,450,60,0,1,0,1;
racing,killcuboid,1,8,70,464,450,60,0,1,0,1;
racing,killcuboid,1,8,50,-468,450,160,0,1,0,1;
racing,killcuboid,1,8,50,468,450,160,0,1,0,1;
racing,killcuboid,1,8,60,-542,450,948.5,0,1,0,1;
racing,killcuboid,1,8,60,542,450,947.5,0,1,0,1;
racing,killcuboid,1,8,40,-542,450,848.5,0,1,0,1;
racing,killcuboid,1,8,40,542,450,847.5,0,1,0,1;


racing,killcuboid,1,8,90,-110,450,560,0,0,0,0;
racing,killcuboid,1,8,90,110,450,560,0,0,0,0;

racing,killcuboid,1,8,70,-222.5,450,560,0,0,0,0;
racing,killcuboid,1,8,70,217,450,560,0,0,0,0;

racing,killcuboid,1,8,75,-859,450,520,0,0,0,0;
racing,killcuboid,1,8,75,858,450,520,0,0,0,0;

racing,killcuboid,1,8,55,-760,450,520,0,0,0,0;
racing,killcuboid,1,8,55,758,450,520,0,0,0,0;

racing,killcuboid,205,1.5,125,0,490,-475,0,0,0,0;
racing,killcuboid,205,1.5,85,0,490,710,0,0,0,0;

custom,cuboid,stone10,12.5,1.8,14,1,0.2,0.3,0.4,1.25,1.5,157,490,217,0,0,0,0;
custom,cuboid,stone10,12.5,1.8,14,1,0.2,0.3,0.4,1.25,1.5,-171,490,217,0,0,0,0;

custom,cuboid,stone10,12.52,1.78,14.02,1,0.2,0.3,0.4,1.25,0.178,157,490,217,0,0,0,0;
custom,cuboid,stone10,12.52,1.78,14.02,1,0.2,0.3,0.4,1.25,0.178,-171,490,217,0,0,0,0;

racing,killcuboid,65,1.5,13.5,657,490,217.5,0,0,0,0;
racing,killcuboid,65,1.5,13.5,-673,490,217.5,0,0,0,0;

racing,killcuboid,1,15,13.5,337,572.5,217.5,0,0,0,0;
racing,killcuboid,1,15,13.5,-353,572.5,217.5,0,0,0,0;
racing,killcuboid,72,1.5,14.5,-5,654,217.5,0,0,0,0;

racing,killcuboid,72,15,1,-5,570,290,0,0,0,0;
racing,killcuboid,72,15,1,-5,570,145,0,0,0,0;


racing,endcuboid,20,2.5,13.9,-5,485,217,0,0,0,0;

custom,cylinder,stone10,2,6.5,2,1,0.2,0.3,0.4,0.2,0.65,334,490,230,-0.7071068,0,0,0.7071068;
custom,cylinder,stone10,2,6.5,2,1,0.2,0.3,0.4,0.2,0.65,-350,490,230,-0.7071068,0,0,0.7071068;

custom,killcylinder,cannonregionmat,2.1,6.6,2.1,1,0.2,0.3,0.4,0.1,0.4,334,490,230,-0.7071068,0,0,0.7071068;
custom,killcylinder,cannonregionmat,2.1,6.6,2.1,1,0.2,0.3,0.4,0.1,0.4,-350,490,230,-0.7071068,0,0,0.7071068;

racing,checkpointcuboid,14.5,7,0.8,-900,444,-605,0,0,0,0;
racing,checkpointcuboid,14.5,7,0.8,900,444,-605,0,0,0,0;

custom,arch1,default,1,1,1,0,1,1,1,1.2,0.1,-937.5,476,-605,0,1,0,1;
custom,house3,stone10,0.35,0.25,1.75,1,0.2,0.3,0.4,1,1,-937.5,479,-603.5,0,1,0,1;
custom,arch1,default,1,1,1,0,1,1,1,1.2,0.1,-860,476,-605,0,1,0,1;
custom,house3,stone10,0.35,0.25,1.75,1,0.2,0.3,0.4,1,1,-860,479,-603.5,0,1,0,1;

custom,arch1,default,1,1,1,0,1,1,1,1.2,0.1,937.5,476,-605,0,1,0,1;
custom,house3,stone10,0.35,0.25,1.75,1,0.2,0.3,0.4,1,1,937.5,479,-603.5,0,1,0,1;
custom,arch1,default,1,1,1,0,1,1,1,1.2,0.1,860,476,-605,0,1,0,1;
custom,house3,stone10,0.35,0.25,1.75,1,0.2,0.3,0.4,1,1,860,479,-603.5,0,1,0,1;

custom,killcuboid,barriereditormat,-4.5,-0.975,-0.975,1,0,0.2,1,4,30,3.0625,446.875,1003.25,-0.5,-0.5,0.5,0.5;
custom,killCuboid,barriereditormat,-4.5,-0.975,-0.975,1,0,0.2,1,40,30,3.0625,446.875,1003.25,-0.5,-0.5,0.5,0.5;
custom,killCuboid,barriereditormat,-4.5,-0.975,-0.975,1,0,0.2,1,40,30,35.3125,446.875,1003.25,-0.5,-0.5,0.5,0.5;
custom,killCuboid,barriereditormat,-4.5,-0.975,-0.975,1,0,0.2,1,40,30,35.3125,446.875,1003.25,-0.5,-0.5,0.5,0.5;
custom,killCuboid,barriereditormat,-3.75,-0.975,-0.975,1,0,0.2,1,40,30,49.1875,429.25,1003.25,-0.7071068,0,0,0.7071068;
custom,killCuboid,barriereditormat,-3.75,-0.975,-0.975,1,0,0.2,1,40,30,49.1875,429.25,1003.25,-0.7071068,0,0,0.7071068;
custom,killCuboid,barriereditormat,-4.5,-0.975,-0.975,1,0,0.2,1,40,30,-40.8125,429.25,1003.25,-0.7071068,0,0,0.7071068;
custom,killCuboid,barriereditormat,-4.5,-0.975,-0.975,1,0,0.2,1,40,30,-40.8125,429.25,1003.25,-0.7071068,0,0,0.7071068;
custom,killCuboid,barriereditormat,-4.5,-0.975,-0.975,1,0,0.2,1,40,30,-40.8125,463.75,1003.25,-0.7071068,0,0,0.7071068;
custom,killCuboid,barriereditormat,-4.5,-0.975,-0.975,1,0,0.2,1,40,30,-40.8125,463.75,1003.25,-0.7071068,0,0,0.7071068;
custom,killCuboid,barriereditormat,-5.25,-0.975,-0.975,1,0,0.2,1,40,30,-41.1875,446.875,1003.25,-0.6532815,-0.2705981,0.2705981,0.6532815;
custom,killCuboid,barriereditormat,-5.25,-0.975,-0.975,1,0,0.2,1,40,30,-41.1875,446.875,1003.25,-0.6532815,-0.2705981,0.2705981,0.6532815;


 

custom,cuboid,stone10,20,8,1,1,0.2,0.3,0.4,2,0.8,2,445,1008.25,0,0,0,0;
custom,cuboid,stone10,20,8,1,1,0.2,0.3,0.4,2,0.8,2,445,108.25,0,0,0,0;

custom,cuboid,house9mat2,1,3,1,0,0.1477273,0.1704545,0.1590909,0.1,0.3,-46.5,425,922,0,1,0,0;
custom,cuboid,house9mat2,1,3,1,0,0.1477273,0.1704545,0.1590909,0.1,0.3,-46.5,425,922,0,0.9238795,0,-0.3826834;
custom,cylinder,house9mat2,1,1.5,1,0,0.1477273,0.1704545,0.1590909,0.1,0.3,-46.5,425,922,0,1,0,0;
custom,cylinder,metal1,1.1,0.05,1.1,1,0.2,0.3,0.5,0.11,0.1,-46.5,440,922,0,1,0,0;
custom,cuboid,metal1,1.1,0.05,1.1,1,0.2,0.3,0.5,0.11,0.1,-46.5,440,922,0,1,0,0;
custom,cuboid,metal1,1.1,0.04,1.1,1,0.2,0.3,0.5,0.11,0.1,-46.5,440,922,0,0.9238795,0,-0.3826834;

custom,cuboid,house9mat2,1,3,1,0,0.1477273,0.1704545,0.1590909,0.1,0.3,53.5,415,922,0,1,0,0;
custom,cuboid,house9mat2,1,3,1,0,0.1477273,0.1704545,0.1590909,0.1,0.3,53.5,415,922,0,0.9238795,0,-0.3826834;
custom,cylinder,house9mat2,1,1.5,1,0,0.1477273,0.1704545,0.1590909,0.1,0.3,53.5,415,922,0,1,0,0;
custom,cylinder,metal1,1.1,0.05,1.1,1,0.75,0.35,0.2,0.11,0.11,53.5,430,922,0,1,0,0;
custom,cuboid,metal1,1.1,0.05,1.1,1,0.75,0.35,0.2,0.11,0.1,53.5,430,922,0,1,0,0;
custom,cuboid,metal1,1.1,0.04,1.1,1,0.75,0.35,0.2,0.11,0.1,53.5,430,922,0,0.9238795,0,-0.3826834;

custom,cuboid,house9mat2,1,4,1,0,0.1477273,0.1704545,0.1590909,0.1,0.5,3.5,433,922,0,1,0,0;
custom,cuboid,house9mat2,1,4,1,0,0.1477273,0.1704545,0.1590909,0.1,0.5,3.5,433,922,0,0.9238795,0,-0.3826834;
custom,cylinder,house9mat2,1,2,1,0,0.1477273,0.1704545,0.1590909,0.1,0.2,3.5,433,922,0,1,0,0;
custom,cylinder,metal1,1.1,0.05,1.1,1,246,255,0,0.11,0.1,3.5,453,922,0,1,0,0;
custom,cuboid,metal1,1.1,0.05,1.1,1,246,255,0,0.11,0.1,3.5,453,922,0,1,0,0;
custom,cuboid,metal1,1.1,0.04,1.1,1,246,255,0,0.11,0.1,3.5,453,922,0,0.9238795,0,-0.3826834;

custom,cuboid,house9mat2,1,1,20,0,0,0,0,2,0.1,93,415,208.25,0,0,0,0;
custom,cuboid,house9mat2,1,1,20,0,0,0,0,2,0.1,-93,415,208.25,0,0,0,0;
custom,cuboid,stone10,0.99,1.1,20,1,0.2,0.3,0.4,0.099,2,93,415,208.25,0,0,0,0;
custom,cuboid,stone10,0.99,1.1,20,1,0.2,0.3,0.4,0.099,2,-93,415,208.25,0,0,0,0;

custom,cuboid,house9mat2,1,1,8,0,0,0,0,0.8,0.1,60,415,313,0,0.7071068,0,0.7071068;
custom,cuboid,stone10,0.99,1.1,7.99,1,0.2,0.3,0.4,0.099,0.8,60,415,313,0,0.7071068,0,0.7071068;

custom,cuboid,house9mat2,1,1,8,0,0,0,0,0.8,0.1,-60,415,313,0,0.7071068,0,0.7071068;
custom,cuboid,stone10,0.99,1.1,7.99,1,0.2,0.3,0.4,0.099,0.8,-60,415,313,0,0.7071068,0,0.7071068;


custom,cuboid,house9mat2,1.02,1,50,0,0,0,0,5,0.1,25,415,558.25,0,0,0,0;
custom,cuboid,house9mat2,1.02,1,50,0,0,0,0,5,0.1,-25,415,558.25,0,0,0,0;
custom,cuboid,stone10,0.99,1.11,50,1,0.2,0.3,0.4,0.099,5,25,415,558.25,0,0,0,0;
custom,cuboid,stone10,0.99,1.11,50,1,0.2,0.3,0.4,0.099,5,-25,415,558.25,0,0,0,0;


custom,cuboid,house9mat2,1.02,1,8,0,0,0,0,0.8,0.1,60,415,803.5,0,0.7071068,0,0.7071068;
custom,cuboid,stone10,0.99,1.1,7.99,1,0.2,0.3,0.4,0.099,0.8,60,415,803.5,0,0.7071068,0,0.7071068;

custom,cuboid,house9mat2,1.02,1,8,0,0,0,0,0.8,0.1,-60,415,803.5,0,0.7071068,0,0.7071068;
custom,cuboid,stone10,0.99,1.1,7.99,1,0.2,0.3,0.4,0.099,0.8,-60,415,803.5,0,0.7071068,0,0.7071068;

custom,cuboid,arena2tex,7,0.98,7,1,0,0.5,1,1,1,62.5,415,768,0,0,0,0;
custom,cuboid,arena2tex,7,0.98,7,1,0,0.5,1,1,1,62.5,415,698,0,0,0,0;
custom,cuboid,arena2tex,7,0.98,7,1,0,0.5,1,1,1,62.5,415,628,0,0,0,0;
custom,cuboid,arena2tex,7,0.98,7,1,0,0.5,1,1,1,62.5,415,558,0,0,0,0;
custom,cuboid,arena2tex,7,0.98,7,1,0,0.5,1,1,1,62.5,415,488,0,0,0,0;
custom,cuboid,arena2tex,7,0.98,7,1,0,0.5,1,1,1,62.5,415,418,0,0,0,0;
custom,cuboid,arena2tex,7,0.98,7,1,0,0.5,1,1,1,62.5,415,348,0,0,0,0;
custom,killcylinder,cannonregionmat,5,3,5,1,0.15,0.15,0.15,1,1,62.5,445,768,0,0,0,0;
custom,killcylinder,cannonregionmat,5,3,5,1,0.15,0.15,0.15,1,1,62.5,445,698,0,0,0,0;
custom,killcylinder,cannonregionmat,5,3,5,1,0.15,0.15,0.15,1,1,62.5,445,628,0,0,0,0;
custom,killcylinder,cannonregionmat,5,3,5,1,0.15,0.15,0.15,1,1,62.5,445,558,0,0,0,0;
custom,killcylinder,cannonregionmat,5,3,5,1,0.15,0.15,0.15,1,1,62.5,445,488,0,0,0,0;
custom,killcylinder,cannonregionmat,5,3,5,1,0.15,0.15,0.15,1,1,62.5,445,418,0,0,0,0;
custom,killcylinder,cannonregionmat,5,3,5,1,0.15,0.15,0.15,1,1,62.5,445,348,0,0,0,0;

custom,statue1,default,-1.5,1.5,1.5,1,0.2,0.3,0.4,1,1,62.5,419,768,0,-0.7071068,0,0.7071068;
custom,statue1,default,-1.5,1.5,1.5,1,0.2,0.3,0.4,1,1,62.5,419,628,0,-0.7071068,0,0.7071068;
custom,statue1,default,-1.5,1.5,1.5,1,0.2,0.3,0.4,1,1,62.5,419,488,0,-0.7071068,0,0.7071068;
custom,statue1,default,-1.5,1.5,1.5,1,0.2,0.3,0.4,1,1,62.5,419,348,0,-0.7071068,0,0.7071068;
custom,statue2,default,-1.5,1.5,1.5,1,0.2,0.3,0.4,1,1,62.5,419,698,0,-0.7071068,0,0.7071068;
custom,statue2,default,-1.5,1.5,1.5,1,0.2,0.3,0.4,1,1,62.5,419,558,0,-0.7071068,0,0.7071068;
custom,statue2,default,-1.5,1.5,1.5,1,0.2,0.3,0.4,1,1,62.5,419,418,0,-0.7071068,0,0.7071068;


custom,cuboid,arena2tex,7,0.98,7,1,0,0.5,1,1,1,-62.5,415,768,0,0,0,0;
custom,cuboid,arena2tex,7,0.98,7,1,0,0.5,1,1,1,-62.5,415,698,0,0,0,0;
custom,cuboid,arena2tex,7,0.98,7,1,0,0.5,1,1,1,-62.5,415,628,0,0,0,0;
custom,cuboid,arena2tex,7,0.98,7,1,0,0.5,1,1,1,-62.5,415,558,0,0,0,0;
custom,cuboid,arena2tex,7,0.98,7,1,0,0.5,1,1,1,-62.5,415,488,0,0,0,0;
custom,cuboid,arena2tex,7,0.98,7,1,0,0.5,1,1,1,-62.5,415,418,0,0,0,0;
custom,cuboid,arena2tex,7,0.98,7,1,0,0.5,1,1,1,-62.5,415,348,0,0,0,0;
custom,killcylinder,cannonregionmat,5,3,5,1,0.15,0.15,0.15,1,1,-62.5,445,768,0,0,0,0;
custom,killcylinder,cannonregionmat,5,3,5,1,0.15,0.15,0.15,1,1,-62.5,445,698,0,0,0,0;
custom,killcylinder,cannonregionmat,5,3,5,1,0.15,0.15,0.15,1,1,-62.5,445,628,0,0,0,0;
custom,killcylinder,cannonregionmat,5,3,5,1,0.15,0.15,0.15,1,1,-62.5,445,558,0,0,0,0;
custom,killcylinder,cannonregionmat,5,3,5,1,0.15,0.15,0.15,1,1,-62.5,445,488,0,0,0,0;
custom,killcylinder,cannonregionmat,5,3,5,1,0.15,0.15,0.15,1,1,-62.5,445,418,0,0,0,0;
custom,killcylinder,cannonregionmat,5,3,5,1,0.15,0.15,0.15,1,1,-62.5,445,348,0,0,0,0;


custom,statue1,default,1.5,1.5,1.5,1,0.2,0.3,0.4,1,1,-62.5,419,348,0,-0.7071068,0,-0.7071068;
custom,statue1,default,1.5,1.5,1.5,1,0.2,0.3,0.4,1,1,-62.5,419,488,0,-0.7071068,0,-0.7071068;
custom,statue1,default,1.5,1.5,1.5,1,0.2,0.3,0.4,1,1,-62.5,419,628,0,-0.7071068,0,-0.7071068;
custom,statue1,default,1.5,1.5,1.5,1,0.2,0.3,0.4,1,1,-62.5,419,768,0,-0.7071068,0,-0.7071068;
custom,statue2,default,1.5,1.5,1.5,1,0.2,0.3,0.4,1,1,-62.5,419,418,0,-0.7071068,0,-0.7071068;
custom,statue2,default,1.5,1.5,1.5,1,0.2,0.3,0.4,1,1,-62.5,419,558,0,-0.7071068,0,-0.7071068;
custom,statue2,default,1.5,1.5,1.5,1,0.2,0.3,0.4,1,1,-62.5,419,698,0,-0.7071068,0,-0.7071068;

custom,cuboid,stone10,4,0.65,50,1,0.2,0.3,0.4,0.4,5,0,415,558,0,0,0,0;
custom,cuboid,stone10,18,0.65,20,1,0.2,0.3,0.4,1.8,2,0,415,208,0,0,0,0;

custom,cuboid,stone10,4,0.65,1,1,0.2,0.3,0.4,0.4,0.1,0,413,808,0,0,0,0;
custom,cuboid,house9mat2,4.01,0.60,1.01,0,0.2,0.3,0.4,0.4,0.1,0,413,808,0,0,0,0;

custom,cuboid,house9mat2,4.01,0.60,1.01,0,0.2,0.3,0.4,0.4,0.1,0,415,803,0,0,0,0;

custom,cuboid,stone10,4,0.65,1,1,0.2,0.3,0.4,0.4,0.1,0,411,813,0,0,0,0;
custom,cuboid,house9mat2,4.01,0.60,1.01,0,0.2,0.3,0.4,0.4,0.1,0,411,813,0,0,0,0;


