map,disablebounds;
custom,cuboid,stone1,119.5553,3,14.49727,0,1,1,1,1,1,-4161.84,-3474.777,2206.23,0,0.006746415,0,0.9999773;
racing,killCuboid,17.56276,0.6308277,14.9363,-4688.412,-3305.226,2212.671,0,0.005947249,0,0.9999824;
custom,cuboid,ice1,5.187027,0.4559757,7.68101,0,1,1,1,1,1,-4714.736,-3359.657,2219.837,0,0.7223389,0,0.6915393;
spawnpoint,playerC,-4716.618,-3355.999,2217.791,0,0,0,1;
spawnpoint,playerM,-4716.461,-3356.798,2217.786,0,0,0,1;
custom,capsule,ice1,1.3103,2,3.83675,0,1,1,1,1,1,-4584.481,-3320.533,2263.429,0,0.7313099,0,0.6820454;
custom,cuboid,default,8.169815,5.100127,0.6611989,1,1,1,1,1,1,-4712.661,-3332.608,2240.755,0,-0.01440837,0,-0.9998962;
custom,cuboid,default,8.169815,5.100127,0.6611989,1,1,1,1,1,1,-4712.661,-3332.608,2196.54,0,-0.01440837,0,-0.9998962;
custom,cuboid,default,5.796416,5.100127,0.6611989,1,1,1,1,1,1,-4751.143,-3332.608,2221.6,0,0.7073047,0,0.7069089;
custom,cuboid,default,0.8857124,5.331513,0.7728069,1,0.3636364,0.4204546,1,1,1,-4675.571,-3331.99,2239.752,0,0.01925153,0,0.9998147;
custom,cuboid,default,1.320987,7.489708,1.137329,1,0.3636364,0.4204546,1,1,1,-4674.523,-3332.271,2193.58,0,0.01925153,0,0.9998147;
custom,cuboid,default,1,1,0.4708141,1,0,0,0,1,1,-4732.459,-3312.113,2198.417,0,0.9999588,0,-0.009077087;
custom,cuboid,default,1.087136,1.030951,0.5050605,1,0,0,0,1,1,-4743.333,-3322.036,2196.996,0,0.9999588,0,-0.009077087;
custom,cuboid,default,1,1,0.4708141,1,0,0,0,1,1,-4732.459,-3332.208,2198.417,0,0.9999588,0,-0.009077087;
custom,cuboid,default,1.087136,1.030951,0.5050605,1,0,0,0,1,1,-4743.274,-3342.442,2196.996,0,0.9999588,0,-0.009077087;
custom,cuboid,default,1,1,0.4708141,1,0,0,0,1,1,-4712.17,-3312.113,2198.417,0,0.9999588,0,-0.009077087;
custom,cuboid,default,1,1,0.4708141,1,0,0,0,1,1,-4712.17,-3332.208,2198.417,0,0.9999588,0,-0.009077087;
custom,cuboid,default,1,1,0.4708141,1,0,0,0,1,1,-4722.354,-3322.339,2198.417,0,0.9999588,0,-0.009077087;
custom,cuboid,default,1,1,0.4708141,1,0,0,0,1,1,-4722.3,-3342.136,2198.417,0,0.9999588,0,-0.009077087;
custom,cuboid,default,1,1,0.4708141,1,0,0,0,1,1,-4702.455,-3322.339,2198.417,0,0.9999588,0,-0.009077087;
custom,cuboid,default,1,1,0.4708141,1,0,0,0,1,1,-4702.4,-3342.136,2198.417,0,0.9999588,0,-0.009077087;
custom,cuboid,default,1,1,0.4708141,1,0,0,0,1,1,-4692.269,-3312.113,2198.417,0,0.9999588,0,-0.009077087;
custom,cuboid,default,1,1,0.4708141,1,0,0,0,1,1,-4692.269,-3332.208,2198.417,0,0.9999588,0,-0.009077087;
custom,cuboid,default,0.799953,1,0.4708141,1,0,0,0,1,1,-4683.477,-3322.339,2198.417,0,0.9999588,0,-0.009077087;
custom,cuboid,default,0.799953,1,0.4708141,1,0,0,0,1,1,-4683.431,-3342.136,2198.417,0,0.9999588,0,-0.009077087;
custom,cuboid,default,1,1,0.4708141,1,0,0,0,1,1,-4742.693,-3322.339,2238.911,0,0.9999588,0,-0.009077087;
custom,cuboid,default,1,1,0.4708141,1,0,0,0,1,1,-4742.638,-3342.136,2238.911,0,0.9999588,0,-0.009077087;
custom,cuboid,default,1,1,0.4708141,1,0,0,0,1,1,-4732.459,-3332.208,2238.911,0,0.9999588,0,-0.009077087;
custom,cuboid,default,1,1,0.4708141,1,0,0,0,1,1,-4732.459,-3312.113,2238.911,0,0.9999588,0,-0.009077087;
custom,cuboid,default,1,1,0.4708141,1,0,0,0,1,1,-4722.354,-3322.339,2238.911,0,0.9999588,0,-0.009077087;
custom,cuboid,default,1,1,0.4708141,1,0,0,0,1,1,-4722.3,-3342.136,2238.911,0,0.9999588,0,-0.009077087;
custom,cuboid,default,1,1,0.4708141,1,0,0,0,1,1,-4712.17,-3332.208,2238.911,0,0.9999588,0,-0.009077087;
custom,cuboid,default,1,1,0.4708141,1,0,0,0,1,1,-4712.17,-3312.113,2238.911,0,0.9999588,0,-0.009077087;
custom,cuboid,default,1,1,0.4708141,1,0,0,0,1,1,-4702.455,-3322.339,2238.911,0,0.9999588,0,-0.009077087;
custom,cuboid,default,1,1,0.4708141,1,0,0,0,1,1,-4702.4,-3342.136,2238.911,0,0.9999588,0,-0.009077087;
custom,cuboid,default,1,1,0.4708141,1,0,0,0,1,1,-4692.269,-3332.208,2238.911,0,0.9999588,0,-0.009077087;
custom,cuboid,default,1,1,0.4708141,1,0,0,0,1,1,-4692.269,-3312.113,2238.911,0,0.9999588,0,-0.009077087;
custom,cuboid,default,0.869658,1.030951,0.5050605,1,0,0,0,1,1,-4683.247,-3322.036,2238.12,0,0.9999588,0,-0.009077087;
custom,cuboid,default,0.869658,1.030951,0.5050605,1,0,0,0,1,1,-4678.91,-3342.442,2240.436,0,0.9999588,0,-0.009077087;
custom,cuboid,default,1,1,0.4708141,1,0,0,0,1,1,-4692.269,-3352.012,2198.417,0,0.9999588,0,-0.009077087;
custom,cuboid,default,1,1,0.4708141,1,0,0,0,1,1,-4712.563,-3352.012,2198.417,0,0.9999588,0,-0.009077087;
custom,cuboid,default,1,1,0.4708141,1,0,0,0,1,1,-4732.431,-3352.012,2198.417,0,0.9999588,0,-0.009077087;
custom,cuboid,default,1,1,0.4708141,1,0,0,0,1,1,-4732.459,-3352.047,2238.911,0,0.9999588,0,-0.009077087;
custom,cuboid,default,1,1,0.4708141,1,0,0,0,1,1,-4712.17,-3352.165,2238.911,0,0.9999588,0,-0.009077087;
custom,cuboid,default,1,1,0.4708141,1,0,0,0,1,1,-4692.269,-3351.923,2238.911,0,0.9999588,0,-0.009077087;
racing,killCuboid,1.230315,12.6972,13.48207,-4607.614,-3240.024,2210.973,0,0.00290584,0,0.9999958;
custom,killcuboid,cannonregionmat,13.44466,0.3659091,0.8088538,0,1,1,1,1,1,-4606.063,-3303.91,2211.369,0.7147433,0,0.699387,0;
racing,killCuboid,5.704533,23.91558,13.48207,-4544.09,-3357.221,2210.973,0,0.01412467,0,0.9999003;
racing,killCuboid,187.0841,12.28088,-51.03082,-3911.167,-3424.341,2214.594,0,0.003856629,0,0.9999926;
racing,killCuboid,73.18978,0.6915641,15.61799,-4252.212,-3183.221,2210.633,0,0.001785052,0,0.9999985;
custom,capsule,ice1,1.3103,2,3.83675,0,1,1,1,1,1,-4496.547,-3321.7,2154.868,0,0.7313099,0,0.6820454;
custom,killcuboid,cannonregionmat,6.76703,0.3659091,0.8088538,0,1,1,1,1,1,-4568.241,-3238.089,2180.25,0.7147433,0,0.699387,0;
custom,killcuboid,cannonregionmat,13.44466,0.3659091,0.8088538,0,1,1,1,1,1,-4605.45,-3187.779,2211.369,0.7147433,0,0.699387,0;
racing,killCuboid,5.704533,23.91558,13.48207,-4452.303,-3357.221,2210.973,0,0.01412467,0,0.9999003;
racing,killCuboid,5.680808,5.995701,6.718814,-4542.399,-3211.795,2248.445,0,0.01486257,0,0.9998896;
custom,killcuboid,cannonregionmat,6.76703,0.3659091,0.8088538,0,1,1,1,1,1,-4476.256,-3238.089,2243.864,0.7147433,0,0.699387,0;
racing,killCuboid,5.680808,5.995701,6.718814,-4452.686,-3211.795,2173.687,0,0.01486257,0,0.9998896;
racing,killCuboid,5.704533,23.91558,13.48207,-4362.138,-3357.221,2210.973,0,0.01412467,0,0.9999003;
custom,capsule,ice1,1.3103,2,3.83675,0,1,1,1,1,1,-4314.592,-3321.7,2154.868,0,0.7313099,0,0.6820454;
custom,killcuboid,cannonregionmat,6.76703,0.3659091,0.8088538,0,1,1,1,1,1,-4386.29,-3238.089,2180.25,0.7147433,0,0.699387,0;
custom,killcuboid,cannonregionmat,6.76703,0.3659091,0.8088538,0,1,1,1,1,1,-4294.302,-3238.089,2243.864,0.7147433,0,0.699387,0;
racing,killCuboid,5.704533,23.91558,13.48207,-4270.35,-3357.221,2210.973,0,0.01412467,0,0.9999003;
custom,capsule,ice1,1.3103,2,3.83675,0,1,1,1,1,1,-4402.532,-3320.533,2263.429,0,0.7313099,0,0.6820454;
racing,killCuboid,5.680808,5.995701,6.718814,-4360.449,-3211.795,2248.445,0,0.01486257,0,0.9998896;
racing,killCuboid,5.680808,5.995701,6.718814,-4270.73,-3211.795,2173.687,0,0.01486257,0,0.9998896;
racing,killCuboid,5.704533,23.91558,13.48207,-4182.085,-3357.221,2210.973,0,0.01412467,0,0.9999003;
custom,capsule,ice1,1.3103,2,3.83675,0,1,1,1,1,1,-4134.541,-3321.7,2154.868,0,0.7313099,0,0.6820454;
custom,killcuboid,cannonregionmat,6.76703,0.3659091,0.8088538,0,1,1,1,1,1,-4206.237,-3238.089,2180.25,0.7147433,0,0.699387,0;
custom,killcuboid,cannonregionmat,6.76703,0.3659091,0.8088538,0,1,1,1,1,1,-4114.249,-3238.089,2243.864,0.7147433,0,0.699387,0;
racing,killCuboid,5.704533,23.91558,13.48207,-4090.296,-3357.221,2210.973,0,0.01412467,0,0.9999003;
custom,capsule,ice1,1.3103,2,3.83675,0,1,1,1,1,1,-4222.477,-3320.533,2263.429,0,0.7313099,0,0.6820454;
racing,killCuboid,5.680808,5.995701,6.718814,-4180.395,-3211.795,2248.445,0,0.01486257,0,0.9998896;
racing,killCuboid,5.680808,5.995701,6.718814,-4090.677,-3211.795,2173.687,0,0.01486257,0,0.9998896;
racing,checkpointCuboid,3,3,3,-4007.596,-3339.344,2205.017,0,0.006568174,0,0.9999785;
custom,cuboid,default,3,1.069799,5.451758,1,0.3636364,0.4204546,1,1,1,-4006.399,-3358.81,2207.588,0,0.001993567,0,0.999998;
racing,killCuboid,17.47762,20.91096,1.2,-3976.809,-3287.077,2283.498,-3.811393E-05,0.9999571,0.004820124,0.007910316;
custom,cylinder,default,2,2.589105,2,1,0,1,0.5,1,1,-3895.364,-3332.038,2251.401,0,0,0,1;
racing,killCylinder,7.5,2.623626,7.5,-3895.364,-3331.691,2251.401,0,0,0,1;
racing,killCylinder,7.5,0.345214,7.5,-3895.364,-3302.003,2251.401,0,0,0,1;
racing,killCuboid,3.877903,5.247252,1.2,-3913.667,-3331.691,2135.842,0,0.9969174,0,-0.0784591;
racing,killCuboid,3.877903,5.247252,1.2,-3877.061,-3331.691,2135.842,0,0.9969174,0,0.0784591;
racing,killCuboid,3.877903,5.247252,1.2,-3842.247,-3331.691,2147.154,0,0.9723699,0,0.2334454;
racing,killCuboid,3.877903,5.247252,1.2,-3812.635,-3331.691,2168.67,0,0.9238796,0,0.3826835;
racing,killCuboid,3.877903,5.247252,1.2,-3791.118,-3331.691,2198.284,0,0.8526402,0,0.5224985;
racing,killCuboid,3.877903,5.247252,1.2,-3779.808,-3331.691,2233.098,0,0.760406,0,0.649448;
racing,killCuboid,3.877903,0.690428,9.9,-3906.861,-3302.003,2178.806,0,0.9969174,0,-0.0784591;
racing,killCuboid,3.877903,0.690428,9.9,-3883.865,-3302.003,2178.806,0,0.9969174,0,0.0784591;
racing,killCuboid,3.877903,0.690428,9.9,-3861.996,-3302.003,2185.912,0,0.9723699,0,0.2334454;
racing,killCuboid,3.877903,0.690428,9.9,-3843.391,-3302.003,2199.429,0,0.9238796,0,0.3826835;
racing,killCuboid,3.877903,0.690428,9.9,-3829.875,-3302.003,2218.033,0,0.8526402,0,0.5224985;
racing,killCuboid,3.877903,0.690428,9.9,-3822.769,-3302.003,2239.903,0,0.760406,0,0.649448;
custom,cylinder,default,2,2.589105,2,1,0,1,0.5,1,1,-3745.365,-3332.038,2251.401,0,0,0,1;
racing,killCylinder,7.5,2.623626,7.5,-3745.365,-3331.691,2251.401,0,0,0,1;
racing,killCylinder,7.5,0.345214,7.5,-3745.365,-3302.003,2251.401,0,0,0,1;
racing,killCuboid,3.877903,5.247252,1.2,-3860.924,-3331.691,2269.704,0,0.760406,0,0.649448;
racing,killCuboid,3.877903,5.247252,1.2,-3849.612,-3331.691,2304.518,0,0.8526402,0,0.5224985;
racing,killCuboid,3.877903,5.247252,1.2,-3828.097,-3331.691,2334.132,0,0.9238796,0,0.3826835;
racing,killCuboid,3.877903,5.247252,1.2,-3798.481,-3331.691,2355.648,0,0.9723699,0,0.2334454;
racing,killCuboid,3.877903,5.247252,1.2,-3763.67,-3331.691,2366.96,0,0.9969174,0,0.0784591;
racing,killCuboid,3.877903,5.247252,1.2,-3727.064,-3331.691,2366.96,0,0.9969174,0,-0.0784591;
racing,killCuboid,3.877903,5.247252,1.2,-3692.251,-3331.691,2355.648,0,0.9723699,0,-0.2334454;
racing,killCuboid,3.877903,5.247252,1.2,-3662.637,-3331.691,2334.132,0,0.9238796,0,-0.3826835;
racing,killCuboid,3.877903,5.247252,1.2,-3641.122,-3331.691,2304.518,0,0.8526402,0,-0.5224985;
racing,killCuboid,3.877903,5.247252,1.2,-3629.812,-3331.691,2269.704,0,0.760406,0,-0.649448;
racing,killCuboid,3.877903,0.690428,9.9,-3817.961,-3302.003,2262.898,0,0.760406,0,0.649448;
racing,killCuboid,3.877903,0.690428,9.9,-3810.854,-3302.003,2284.769,0,0.8526402,0,0.5224985;
racing,killCuboid,3.877903,0.690428,9.9,-3797.339,-3302.003,2303.373,0,0.9238796,0,0.3826835;
racing,killCuboid,3.877903,0.690428,9.9,-3778.735,-3302.003,2316.89,0,0.9723699,0,0.2334454;
racing,killCuboid,3.877903,0.690428,9.9,-3756.865,-3302.003,2323.996,0,0.9969174,0,0.0784591;
racing,killCuboid,3.877903,0.690428,9.9,-3733.869,-3302.003,2323.996,0,0.9969174,0,-0.0784591;
racing,killCuboid,3.877903,0.690428,9.9,-3711.999,-3302.003,2316.89,0,0.9723699,0,-0.2334454;
racing,killCuboid,3.877903,0.690428,9.9,-3693.395,-3302.003,2303.373,0,0.9238796,0,-0.3826835;
racing,killCuboid,3.877903,0.690428,9.9,-3679.879,-3302.003,2284.769,0,0.8526402,0,-0.5224985;
racing,killCuboid,3.877903,0.690428,9.9,-3672.773,-3302.003,2262.898,0,0.760406,0,-0.649448;
custom,cylinder,default,2,2.589105,2,1,0,1,0.5,1,1,-3595.37,-3332.038,2251.401,0,0,0,1;
racing,killCuboid,3.877903,5.247252,1.2,-3710.927,-3331.691,2233.098,0,0.760406,0,-0.649448;
racing,killCuboid,3.877903,5.247252,1.2,-3699.615,-3331.691,2198.284,0,0.8526402,0,-0.5224985;
racing,killCuboid,3.877903,5.247252,1.2,-3678.101,-3331.691,2168.67,0,0.9238796,0,-0.3826835;
racing,killCuboid,3.877903,5.247252,1.2,-3648.485,-3331.691,2147.154,0,0.9723699,0,-0.2334454;
racing,killCuboid,3.877903,5.247252,1.2,-3613.673,-3331.691,2135.842,0,0.9969174,0,-0.0784591;
racing,killCuboid,3.877903,0.690428,9.9,-3667.963,-3302.003,2239.903,0,0.760406,0,-0.649448;
racing,killCuboid,3.877903,0.690428,9.9,-3660.857,-3302.003,2218.033,0,0.8526402,0,-0.5224985;
racing,killCuboid,3.877903,0.690428,9.9,-3647.343,-3302.003,2199.429,0,0.9238796,0,-0.3826835;
racing,killCuboid,3.877903,0.690428,9.9,-3628.739,-3302.003,2185.912,0,0.9723699,0,-0.2334454;
racing,killCuboid,3.877903,0.690428,9.9,-3606.868,-3302.003,2178.806,0,0.9969174,0,-0.0784591;
custom,cylinder,default,2,2.589105,2,1,0,1,0.5,1,1,-3596.723,-3332.038,2250.145,0,0,0,1;
racing,killCylinder,7.5,2.623626,7.5,-3596.723,-3331.691,2250.145,0,0,0,1;
racing,killCylinder,7.5,0.345214,7.5,-3596.723,-3302.003,2250.145,0,0,0,1;
racing,killCuboid,3.877903,5.247252,1.2,-3615.025,-3331.691,2134.586,0,0.9969174,0,-0.0784591;
racing,killCuboid,3.877903,5.247252,1.2,-3578.42,-3331.691,2134.586,0,0.9969174,0,0.0784591;
racing,killCuboid,3.877903,5.247252,1.2,-3543.606,-3331.691,2145.897,0,0.9723699,0,0.2334454;
racing,killCuboid,3.877903,5.247252,1.2,-3513.99,-3331.691,2167.414,0,0.9238796,0,0.3826835;
racing,killCuboid,3.877903,5.247252,1.2,-3492.472,-3331.691,2197.028,0,0.8526402,0,0.5224985;
racing,killCuboid,3.877903,5.247252,1.2,-3481.16,-3331.691,2231.842,0,0.760406,0,0.649448;
racing,killCuboid,3.877903,0.690428,9.9,-3608.221,-3302.003,2177.55,0,0.9969174,0,-0.0784591;
racing,killCuboid,3.877903,0.690428,9.9,-3585.225,-3302.003,2177.55,0,0.9969174,0,0.0784591;
racing,killCuboid,3.877903,0.690428,9.9,-3563.355,-3302.003,2184.656,0,0.9723699,0,0.2334454;
racing,killCuboid,3.877903,0.690428,9.9,-3544.751,-3302.003,2198.172,0,0.9238796,0,0.3826835;
racing,killCuboid,3.877903,0.690428,9.9,-3531.232,-3302.003,2216.776,0,0.8526402,0,0.5224985;
racing,killCuboid,3.877903,0.690428,9.9,-3524.127,-3302.003,2238.647,0,0.760406,0,0.649448;
custom,cylinder,default,2,2.589105,2,1,0,1,0.5,1,1,-3446.721,-3332.038,2250.145,0,0,0,1;
racing,killCylinder,7.5,2.623626,7.5,-3446.721,-3331.691,2250.145,0,0,0,1;
racing,killCylinder,7.5,0.345214,7.5,-3446.721,-3302.003,2250.145,0,0,0,1;
racing,killCuboid,3.877903,5.247252,1.2,-3562.282,-3331.691,2268.447,0,0.760406,0,0.649448;
racing,killCuboid,3.877903,5.247252,1.2,-3550.97,-3331.691,2303.262,0,0.8526402,0,0.5224985;
racing,killCuboid,3.877903,5.247252,1.2,-3529.453,-3331.691,2332.876,0,0.9238796,0,0.3826835;
racing,killCuboid,3.877903,5.247252,1.2,-3499.838,-3331.691,2354.392,0,0.9723699,0,0.2334454;
racing,killCuboid,3.877903,5.247252,1.2,-3465.023,-3331.691,2365.704,0,0.9969174,0,0.0784591;
racing,killCuboid,3.877903,5.247252,1.2,-3428.417,-3331.691,2365.704,0,0.9969174,0,-0.0784591;
racing,killCuboid,3.877903,5.247252,1.2,-3393.603,-3331.691,2354.392,0,0.9723699,0,-0.2334454;
racing,killCuboid,3.877903,5.247252,1.2,-3363.988,-3331.691,2332.876,0,0.9238796,0,-0.3826835;
racing,killCuboid,3.877903,5.247252,1.2,-3342.472,-3331.691,2303.262,0,0.8526402,0,-0.5224985;
racing,killCuboid,3.877903,5.247252,1.2,-3331.16,-3331.691,2268.447,0,0.760406,0,-0.649448;
racing,killCuboid,3.877903,0.690428,9.9,-3519.316,-3302.003,2261.643,0,0.760406,0,0.649448;
racing,killCuboid,3.877903,0.690428,9.9,-3512.211,-3302.003,2283.513,0,0.8526402,0,0.5224985;
racing,killCuboid,3.877903,0.690428,9.9,-3498.691,-3302.003,2302.117,0,0.9238796,0,0.3826835;
racing,killCuboid,3.877903,0.690428,9.9,-3480.09,-3302.003,2315.634,0,0.9723699,0,0.2334454;
racing,killCuboid,3.877903,0.690428,9.9,-3458.219,-3302.003,2322.74,0,0.9969174,0,0.0784591;
racing,killCuboid,3.877903,0.690428,9.9,-3435.222,-3302.003,2322.74,0,0.9969174,0,-0.0784591;
racing,killCuboid,3.877903,0.690428,9.9,-3413.351,-3302.003,2315.634,0,0.9723699,0,-0.2334454;
racing,killCuboid,3.877903,0.690428,9.9,-3394.747,-3302.003,2302.117,0,0.9238796,0,-0.3826835;
racing,killCuboid,3.877903,0.690428,9.9,-3381.231,-3302.003,2283.513,0,0.8526402,0,-0.5224985;
racing,killCuboid,3.877903,0.690428,9.9,-3374.125,-3302.003,2261.643,0,0.760406,0,-0.649448;
custom,cylinder,default,2,2.589105,2,1,0,1,0.5,1,1,-3296.719,-3332.038,2250.145,0,0,0,1;
racing,killCuboid,3.877903,5.247252,1.2,-3412.28,-3331.691,2231.842,0,0.760406,0,-0.649448;
racing,killCuboid,3.877903,5.247252,1.2,-3400.968,-3331.691,2197.028,0,0.8526402,0,-0.5224985;
racing,killCuboid,3.877903,5.247252,1.2,-3379.451,-3331.691,2167.414,0,0.9238796,0,-0.3826835;
racing,killCuboid,3.877903,5.247252,1.2,-3349.837,-3331.691,2145.897,0,0.9723699,0,-0.2334454;
racing,killCuboid,3.877903,5.247252,1.2,-3315.022,-3331.691,2134.586,0,0.9969174,0,-0.0784591;
racing,killCuboid,3.877903,0.690428,9.9,-3369.315,-3302.003,2238.647,0,0.760406,0,-0.649448;
racing,killCuboid,3.877903,0.690428,9.9,-3362.209,-3302.003,2216.776,0,0.8526402,0,-0.5224985;
racing,killCuboid,3.877903,0.690428,9.9,-3348.692,-3302.003,2198.172,0,0.9238796,0,-0.3826835;
racing,killCuboid,3.877903,0.690428,9.9,-3330.088,-3302.003,2184.656,0,0.9723699,0,-0.2334454;
racing,killCuboid,3.877903,0.690428,9.9,-3308.218,-3302.003,2177.55,0,0.9969174,0,-0.0784591;
racing,killCylinder,7.5,2.623626,7.5,-3300.75,-3331.691,2250.145,0,0,0,1;
racing,killCuboid,3.877903,0.690428,9.9,-3282.555,-3302.003,2178.18,0,0.9984921,0,0.05489673;
racing,killCuboid,3.877903,5.247252,1.2,-3277.786,-3331.691,2134.942,0,0.9984921,0,0.05489673;
racing,killCuboid,3.877903,5.247252,1.2,-3242.477,-3331.691,2144.598,0,0.9776111,0,0.2104197;
racing,killCuboid,3.877903,0.690428,9.9,-3260.374,-3302.003,2184.246,0,0.9776111,0,0.2104197;
racing,killCuboid,3.877903,0.690428,9.9,-3230.433,-3302.003,2199.77,0,0.9660434,0,0.2583798;
racing,killCuboid,3.877903,5.247252,1.2,-3208.718,-3331.691,2162.078,0,0.9660434,0,0.2583798;
racing,killCuboid,3.877903,5.247252,1.2,-3190.867,-3331.691,2185.089,0,0.8397506,0,0.5429724;
racing,killCuboid,3.877903,0.690428,9.9,-3219.343,-3302.003,2214.226,0,0.8793012,0,0.4762662;
racing,killCuboid,3.877903,0.690428,9.9,-3223.716,-3302.003,2238.046,0,-0.7521035,0,-0.6590451;
racing,killCuboid,3.877903,5.247252,1.2,-3185.754,-3331.691,2222.394,0,-0.7248741,0,-0.6888814;
racing,killCuboid,22.89547,5.247252,1.2,-3180.84,-3331.691,2371.624,0,-0.7158663,0,-0.6982374;
custom,capsule,ice1,0.7591337,2,3.83675,0,1,1,1,1,1,-3207.758,-3299.781,2534.84,0,0.7313099,0,0.6820454;
custom,capsule,ice1,0.7591337,2,3.83675,0,1,1,1,1,1,-3207.758,-3369.13,2472.091,-0.4878958,0.5100797,-0.4911866,0.5104039;
racing,killCuboid,26.33695,5.247252,1.2,-3287.063,-3331.691,2411.294,0,-0.7248741,0,-0.6888814;
racing,killCuboid,3.877903,5.247252,1.2,-3185.754,-3331.691,2256.501,0,-0.7248741,0,-0.6888814;
racing,killCuboid,23.54398,13.80134,3,-3189.584,-3347.104,2545.799,0,0.001785052,0,0.9999985;
racing,killCuboid,11.34546,27.39187,1.2,-3185.754,-3406.133,2495.718,0.4895902,-0.5099441,-0.5151692,-0.4846228;
racing,killCuboid,11.21041,5.98185,1.2,-3286.443,-3386.902,2494.715,0,0.7228518,0,0.6910033;
racing,killCuboid,3.877903,0.690428,9.9,-3223.716,-3302.003,2260.637,0,-0.7057934,0,-0.7084178;
racing,killCuboid,32.96252,0.690428,12.29958,-3235.448,-3302.003,2424.879,0,-0.7246445,0,-0.6891229;
racing,killCuboid,7.523783,5.98185,1.2,-3141.113,-3386.902,2494.715,0,0.7228518,0,0.6910033;
racing,killCuboid,93.05563,24.72028,1.2,-2846.099,-3299.422,2259.448,0,-0.3691413,0,-0.9293733;
racing,killCuboid,93.05563,24.72028,1.2,-2846.099,-3299.422,2110.686,0,-0.3691413,0,-0.9293733;
racing,killCuboid,99.82991,12.28088,-80.25714,-2483.948,-3419.536,2053.907,0,0.003856629,0,0.9999926;
racing,killCone,2.817247,1.989294,22.29073,-2837.858,-3340.895,2171.893,0,0.9214637,0,0.3884647;
racing,killCone,2.817247,1.989294,22.29073,-2811.541,-3340.895,2174.75,0,0.9214637,0,0.3884647;
racing,killCone,2.817247,1.989294,22.29073,-2811.541,-3340.895,2113.635,0,0.9214637,0,0.3884647;
custom,cylinder,default,2.514616,12.48454,2.514616,1,0,1,0.5,1,1,-2465.926,-3329.289,1938.451,0,0,0,1;
racing,killCylinder,9.429811,16.06678,9.429811,-2465.926,-3327.636,1938.451,0,0,0,1;
racing,killCuboid,4.875719,16.27688,1.508771,-2488.939,-3282.854,1793.157,0,0.9969174,0,-0.0784591;
racing,killCuboid,4.875719,13.07061,1.508771,-2442.912,-3299.604,1793.157,0,0.9969174,0,0.0784591;
racing,killCuboid,4.875719,11.58428,1.508771,-2399.14,-3308.803,1807.38,0,0.9723699,0,0.2334454;
racing,killCuboid,4.875719,6.597412,1.508771,-2361.904,-3328.247,1834.432,0,0.9238796,0,0.3826835;
racing,killCuboid,4.875719,6.597412,1.508771,-2334.852,-3328.247,1871.667,0,0.8526402,0,0.5224985;
racing,killCuboid,4.875719,6.597412,1.508771,-2320.63,-3328.247,1915.438,0,0.760406,0,0.649448;
racing,killCuboid,4.875719,2.68906,12.44735,-2400.614,-3282.197,1873.164,0,0.9249133,0,0.3801783;
racing,killCuboid,4.875719,0.868081,12.44735,-2383.585,-3290.918,1896.497,0,0.8526402,0,0.5224985;
racing,killCuboid,4.875719,0.868081,12.44735,-2374.649,-3290.918,1923.994,0,0.760406,0,0.649448;
custom,cylinder,default,2.514616,3.255303,2.514616,1,0,1,0.5,1,1,-2277.326,-3328.679,1938.451,0,0,0,1;
racing,killCylinder,9.429811,3.298706,9.429811,-2277.326,-3328.247,1938.451,0,0,0,1;
racing,killCylinder,9.429811,0.4340405,9.429811,-2277.326,-3290.918,1938.451,0,0,0,1;
racing,killCuboid,4.875719,6.597412,1.508771,-2422.622,-3328.247,1961.463,0,0.760406,0,0.649448;
racing,killCuboid,4.875719,6.597412,1.508771,-2408.4,-3328.247,2005.235,0,0.8526402,0,0.5224985;
racing,killCuboid,4.875719,6.597412,1.508771,-2381.347,-3328.247,2042.469,0,0.9238796,0,0.3826835;
racing,killCuboid,4.875719,6.597412,1.508771,-2344.112,-3328.247,2069.522,0,0.9723699,0,0.2334454;
racing,killCuboid,4.875719,6.597412,1.508771,-2300.34,-3328.247,2083.744,0,0.9969174,0,0.0784591;
racing,killCuboid,4.875719,6.597412,1.508771,-2254.315,-3328.247,2083.744,0,0.9969174,0,-0.0784591;
racing,killCuboid,4.875719,6.597412,1.508771,-2210.543,-3328.247,2069.522,0,0.9723699,0,-0.2334454;
racing,killCuboid,4.875719,6.597412,1.508771,-2173.307,-3328.247,2042.469,0,0.9238796,0,-0.3826835;
racing,killCuboid,4.875719,6.597412,1.508771,-2146.256,-3328.247,2005.235,0,0.8526402,0,-0.5224985;
racing,killCuboid,4.875719,6.597412,1.508771,-2132.033,-3328.247,1961.463,0,0.760406,0,-0.649448;
racing,killCuboid,4.875719,0.868081,12.44735,-2368.603,-3290.918,1952.907,0,0.760406,0,0.649448;
racing,killCuboid,4.875719,0.868081,12.44735,-2359.668,-3290.918,1980.405,0,0.8526402,0,0.5224985;
racing,killCuboid,4.875719,0.868081,12.44735,-2342.672,-3290.918,2003.796,0,0.9238796,0,0.3826835;
racing,killCuboid,4.875719,0.868081,12.44735,-2319.281,-3290.918,2020.791,0,0.9723699,0,0.2334454;
racing,killCuboid,4.875719,0.868081,12.44735,-2291.783,-3290.918,2029.725,0,0.9969174,0,0.0784591;
racing,killCuboid,4.875719,0.868081,12.44735,-2262.871,-3290.918,2029.725,0,0.9969174,0,-0.0784591;
racing,killCuboid,4.875719,0.868081,12.44735,-2235.372,-3290.918,2020.791,0,0.9723699,0,-0.2334454;
racing,killCuboid,4.875719,0.868081,12.44735,-2211.982,-3290.918,2003.796,0,0.9238796,0,-0.3826835;
racing,killCuboid,4.875719,0.868081,12.44735,-2194.988,-3290.918,1980.405,0,0.8526402,0,-0.5224985;
racing,killCuboid,4.875719,0.868081,12.44735,-2186.053,-3290.918,1952.907,0,0.760406,0,-0.649448;
custom,cylinder,default,2.514616,3.255303,2.514616,1,0,1,0.5,1,1,-2088.73,-3328.679,1938.451,0,0,0,1;
racing,killCuboid,4.875719,6.597412,1.508771,-2234.024,-3328.247,1915.438,0,0.760406,0,-0.649448;
racing,killCuboid,4.875719,6.597412,1.508771,-2219.802,-3328.247,1871.667,0,0.8526402,0,-0.5224985;
racing,killCuboid,4.875719,6.597412,1.508771,-2192.75,-3328.247,1834.432,0,0.9238796,0,-0.3826835;
racing,killCuboid,4.875719,6.597412,1.508771,-2155.515,-3328.247,1807.38,0,0.9723699,0,-0.2334454;
racing,killCuboid,4.875719,6.597412,1.508771,-2111.742,-3328.247,1793.157,0,0.9969174,0,-0.0784591;
racing,killCuboid,4.875719,0.868081,12.44735,-2180.005,-3290.918,1923.994,0,0.760406,0,-0.649448;
racing,killCuboid,4.875719,0.868081,12.44735,-2171.071,-3290.918,1896.497,0,0.8526402,0,-0.5224985;
racing,killCuboid,4.875719,0.868081,12.44735,-2154.075,-3290.918,1873.105,0,0.9238796,0,-0.3826835;
racing,killCuboid,4.875719,0.868081,12.44735,-2130.684,-3290.918,1856.111,0,0.9723699,0,-0.2334454;
racing,killCuboid,4.875719,0.868081,12.44735,-2103.186,-3290.918,1847.176,0,0.9969174,0,-0.0784591;
custom,cylinder,default,2.514616,3.255303,2.514616,1,0,1,0.5,1,1,-2090.43,-3328.679,1936.872,0,0,0,1;
racing,killCylinder,9.429811,3.298706,9.429811,-2090.43,-3328.247,1936.872,0,0,0,1;
racing,killCylinder,9.429811,0.4340405,9.429811,-2090.43,-3290.918,1936.872,0,0,0,1;
racing,killCuboid,4.875719,6.597412,1.508771,-2113.445,-3328.247,1791.578,0,0.9969174,0,-0.0784591;
racing,killCuboid,4.875719,6.597412,1.508771,-2067.42,-3328.247,1791.578,0,0.9969174,0,0.0784591;
racing,killCuboid,4.875719,6.597412,1.508771,-2023.648,-3328.247,1805.8,0,0.9723699,0,0.2334454;
racing,killCuboid,4.875719,6.597412,1.508771,-1986.412,-3328.247,1832.853,0,0.9238796,0,0.3826835;
racing,killCuboid,4.875719,6.597412,1.508771,-1959.358,-3328.247,1870.087,0,0.8526402,0,0.5224985;
racing,killCuboid,4.875719,6.597412,1.508771,-1945.135,-3328.247,1913.859,0,0.760406,0,0.649448;
racing,killCuboid,4.875719,0.868081,12.44735,-2104.887,-3290.918,1845.597,0,0.9969174,0,-0.0784591;
racing,killCuboid,4.875719,0.868081,12.44735,-2075.975,-3290.918,1845.597,0,0.9969174,0,0.0784591;
racing,killCuboid,4.875719,0.868081,12.44735,-2048.476,-3290.918,1854.532,0,0.9723699,0,0.2334454;
racing,killCuboid,4.875719,0.868081,12.44735,-2025.086,-3290.918,1871.526,0,0.9238796,0,0.3826835;
racing,killCuboid,4.875719,0.868081,12.44735,-2008.091,-3290.918,1894.917,0,0.8526402,0,0.5224985;
racing,killCuboid,4.875719,0.868081,12.44735,-1999.156,-3290.918,1922.415,0,0.760406,0,0.649448;
custom,cylinder,default,2.514616,3.255303,2.514616,1,0,1,0.5,1,1,-1901.833,-3328.679,1936.872,0,0,0,1;
racing,killCylinder,9.429811,3.298706,9.429811,-1901.833,-3328.247,1936.872,0,0,0,1;
racing,killCylinder,9.429811,0.4340405,9.429811,-1901.833,-3290.918,1936.872,0,0,0,1;
racing,killCuboid,4.875719,6.597412,1.508771,-2047.13,-3328.247,1959.884,0,0.760406,0,0.649448;
racing,killCuboid,4.875719,6.597412,1.508771,-2032.906,-3328.247,2003.656,0,0.8526402,0,0.5224985;
racing,killCuboid,4.875719,6.597412,1.508771,-2005.853,-3328.247,2040.89,0,0.9238796,0,0.3826835;
racing,killCuboid,4.875719,6.597412,1.508771,-1968.618,-3328.247,2067.942,0,0.9723699,0,0.2334454;
racing,killCuboid,4.875719,6.597412,1.508771,-1924.844,-3328.247,2082.165,0,0.9969174,0,0.0784591;
racing,killCuboid,4.875719,6.597412,1.508771,-1878.821,-3328.247,2082.165,0,0.9969174,0,-0.0784591;
racing,killCuboid,4.875719,6.597412,1.508771,-1835.049,-3328.247,2067.942,0,0.9723699,0,-0.2334454;
racing,killCuboid,4.875719,6.597412,1.508771,-1797.814,-3328.247,2040.89,0,0.9238796,0,-0.3826835;
racing,killCuboid,4.875719,6.597412,1.508771,-1770.761,-3328.247,2003.656,0,0.8526402,0,-0.5224985;
racing,killCuboid,4.875719,6.597412,1.508771,-1756.54,-3328.247,1959.884,0,0.760406,0,-0.649448;
racing,killCuboid,4.875719,0.868081,12.44735,-1993.109,-3290.918,1951.328,0,0.760406,0,0.649448;
racing,killCuboid,4.875719,0.868081,12.44735,-1984.174,-3290.918,1978.826,0,0.8526402,0,0.5224985;
racing,killCuboid,4.875719,0.868081,12.44735,-1967.178,-3290.918,2002.217,0,0.9238796,0,0.3826835;
racing,killCuboid,4.875719,0.868081,12.44735,-1943.788,-3290.918,2019.211,0,0.9723699,0,0.2334454;
racing,killCuboid,4.875719,0.868081,12.44735,-1916.29,-3290.918,2028.146,0,0.9969174,0,0.0784591;
racing,killCuboid,4.875719,0.868081,12.44735,-1887.377,-3290.918,2028.146,0,0.9969174,0,-0.0784591;
racing,killCuboid,4.875719,0.868081,12.44735,-1859.879,-3290.918,2019.211,0,0.9723699,0,-0.2334454;
racing,killCuboid,4.875719,0.868081,12.44735,-1836.488,-3290.918,2002.217,0,0.9238796,0,-0.3826835;
racing,killCuboid,4.875719,0.868081,12.44735,-1819.494,-3290.918,1978.826,0,0.8526402,0,-0.5224985;
racing,killCuboid,4.875719,0.868081,12.44735,-1810.559,-3290.918,1951.328,0,0.760406,0,-0.649448;
custom,cylinder,default,2.514616,3.255303,2.514616,1,0,1,0.5,1,1,-1713.236,-3328.679,1936.872,0,0,0,1;
racing,killCuboid,4.875719,6.597412,1.508771,-1858.53,-3328.247,1913.859,0,0.760406,0,-0.649448;
racing,killCuboid,4.875719,6.597412,1.508771,-1844.308,-3328.247,1870.087,0,0.8526402,0,-0.5224985;
racing,killCuboid,4.875719,6.597412,1.508771,-1817.256,-3328.247,1832.853,0,0.9238796,0,-0.3826835;
racing,killCuboid,4.875719,6.597412,1.508771,-1780.022,-3328.247,1805.8,0,0.9723699,0,-0.2334454;
racing,killCuboid,4.875719,6.597412,1.508771,-1736.248,-3328.247,1791.578,0,0.9969174,0,-0.0784591;
racing,killCuboid,4.875719,0.868081,12.44735,-1804.511,-3290.918,1922.415,0,0.760406,0,-0.649448;
racing,killCuboid,4.875719,0.868081,12.44735,-1795.576,-3290.918,1894.917,0,0.8526402,0,-0.5224985;
racing,killCuboid,4.875719,0.868081,12.44735,-1778.583,-3290.918,1871.526,0,0.9238796,0,-0.3826835;
racing,killCuboid,4.875719,0.868081,12.44735,-1755.191,-3290.918,1854.532,0,0.9723699,0,-0.2334454;
racing,killCuboid,4.875719,0.868081,12.44735,-1727.693,-3290.918,1845.597,0,0.9969174,0,-0.0784591;
racing,killCylinder,9.429811,3.298706,9.429811,-1718.303,-3328.247,1936.872,0,0,0,1;
racing,killCuboid,4.875719,0.868081,12.44735,-1695.428,-3290.918,1846.389,0,0.9984921,0,0.05489673;
racing,killCuboid,4.875719,6.597412,1.508771,-1689.432,-3328.247,1792.026,0,0.9984921,0,0.05489673;
racing,killCuboid,4.875719,6.597412,1.508771,-1645.036,-3328.247,1804.166,0,0.9776111,0,0.2104197;
racing,killCuboid,4.875719,0.868081,12.44735,-1667.54,-3290.918,1854.016,0,0.9776111,0,0.2104197;
racing,killCuboid,4.875719,0.868081,12.44735,-1629.896,-3290.918,1873.535,0,0.9660434,0,0.2583798;
racing,killCuboid,4.875719,6.597412,1.508771,-1602.593,-3328.247,1826.144,0,0.9660434,0,0.2583798;
racing,killCuboid,4.875719,6.597412,1.508771,-1580.15,-3328.247,1855.076,0,0.8397506,0,0.5429724;
racing,killCuboid,4.875719,0.868081,12.44735,-1615.953,-3290.918,1891.71,0,0.8793012,0,0.4762662;
racing,killCuboid,4.875719,0.868081,12.44735,-1621.45,-3290.918,1921.66,0,-0.7521035,0,-0.6590451;
racing,killCuboid,4.875719,6.597412,1.508771,-1573.72,-3328.247,1901.98,0,-0.7248741,0,-0.6888814;
racing,killCuboid,28.78666,6.597412,1.508771,-1567.544,-3328.247,2089.607,0,-0.7158663,0,-0.6982374;
custom,capsule,ice1,0.954465,2.514616,4.823978,0,1,1,1,1,1,-1601.386,-3288.124,2294.82,0,0.7313099,0,0.6820454;
custom,capsule,ice1,0.954465,2.514616,4.823978,0,1,1,1,1,1,-1601.386,-3375.316,2215.926,-0.4878958,0.5100797,-0.4911866,0.5104039;
racing,killCuboid,33.11366,6.597412,1.508771,-1701.094,-3328.247,2139.487,0,-0.7248741,0,-0.6888814;
racing,killCuboid,4.875719,6.597412,1.508771,-1573.72,-3328.247,1944.864,0,-0.7248741,0,-0.6888814;
racing,killCuboid,29.60204,17.35254,3.771924,-1578.536,-3347.625,2308.6,0,0.001785052,0,0.9999985;
racing,killCuboid,14.26474,34.44002,1.508771,-1573.72,-3421.841,2245.633,0.4895902,-0.5099441,-0.5151692,-0.4846228;
racing,killCuboid,11.34684,7.521029,1.508771,-1700.316,-3397.663,2244.372,0,0.7228518,0,0.6910033;
racing,killCuboid,4.875719,0.868081,12.44735,-1621.45,-3290.918,1950.063,0,-0.7057934,0,-0.7084178;
racing,killCuboid,41.44406,0.868081,15.46436,-1636.202,-3290.918,2156.567,0,-0.7246445,0,-0.6891229;
racing,killCuboid,9.459717,7.521029,1.508771,-1517.595,-3397.663,2244.372,0,0.7228518,0,0.6910033;
racing,killCuboid,14.13903,12.39169,1.2,-3183.422,-3235.708,2503.824,0,0.7228518,0,0.6910033;
racing,killCuboid,12.39359,0.868081,102.3067,-2841.749,-3172.042,2185.322,0,0.9174165,0,0.3979284;
racing,killCuboid,7.163279,1.639614,15.68456,-2524.509,-3174.71,1868.514,0.3194985,0.9362499,0.0114363,-0.145692;
racing,killCuboid,7.163279,1.639614,15.68456,-2490.709,-3208.836,1862.102,0.3173536,0.9475144,-0.03868511,0.002563819;
racing,killCuboid,7.163279,1.639614,15.68456,-2457.17,-3241.67,1867.067,0.3074749,0.9355851,-0.08757332,0.1499022;
racing,killCuboid,7.163279,1.639614,15.68456,-2413.077,-3263.69,1867.067,0.3074749,0.9355851,-0.08757332,0.1499022;
racing,killCuboid,84.36171,12.28088,-51.03082,-1563.537,-3419.536,1942.299,0,0.003856629,0,0.9999926;
racing,killCuboid,14.13903,12.39169,1.2,-1572.353,-3235.708,2271.45,0,0.7228518,0,0.6910033;
racing,killCuboid,12.39359,0.868081,102.3067,-1230.678,-3172.042,1952.948,0,0.9174165,0,0.3979284;
racing,killCuboid,93.05563,24.72028,1.2,-1235.029,-3299.422,1878.311,0,-0.3691413,0,-0.9293733;
racing,killCuboid,93.05563,24.72028,1.2,-1235.029,-3299.422,2027.075,0,-0.3691413,0,-0.9293733;
racing,killCone,2.817247,1.989294,22.29073,-1206.055,-3340.895,1898.746,0,0.9214637,0,0.3884647;
racing,killCone,2.817247,1.989294,22.29073,-1179.739,-3340.895,1840.487,0,0.9214637,0,0.3884647;
racing,killCone,2.817247,1.989294,22.29073,-1179.739,-3340.895,1901.604,0,0.9214637,0,0.3884647;
racing,killCuboid,99.82991,12.28088,-80.25714,-639.4342,-3419.536,1661.612,0,0.003856629,0,0.9999926;
racing,killCuboid,16.8249,12.39169,1.2,-905.4451,-3235.708,1631.323,0,0.7228518,0,0.6910033;
racing,killCuboid,16.8249,12.39169,1.2,-905.4451,-3380.922,1631.323,0,0.7228518,0,0.6910033;
custom,killcuboid,cannonregionmat,13.85999,0.3659091,0.8088538,0,1,1,1,1,1,-905.719,-3296.082,1625.679,0.7147433,0,0.699387,0;
custom,killcuboid,cannonregionmat,13.85999,0.3659091,0.8088538,0,1,1,1,1,1,-905.719,-3321.101,1625.679,0.7147433,0,0.699387,0;
custom,cuboid,default,1.5,8.81425,1.5,1,0,0.25,0.5,1,1,2559.157,-3313.449,1927.448,0,0.6219044,0,0.7830932;
racing,killCuboid,1.7,9.000475,1.7,2559.157,-3313.451,1927.448,0,0.6219044,0,0.7830932;
custom,cuboid,default,1,8.793564,21,0,1,1,1,1,1,2656.557,-3313.449,1950.096,0,0.6219044,0,0.7830932;
custom,cuboid,default,1.104585,8.81425,1.1,1,0,0.25,0.5,1,1,2758.451,-3313.449,1973.875,0,0.6219044,0,0.7830932;
racing,killCuboid,1.2,9.000475,21.7,2658.992,-3313.449,1950.663,0,0.6219044,0,0.7830932;
custom,cuboid,default,1.5,8.81425,1.5,1,0,0.25,0.5,1,1,2568.731,-3313.449,2075.351,0,0.7382905,0,0.6744829;
racing,killCuboid,1.7,9.000475,1.7,2568.731,-3313.451,2075.351,0,0.7382905,0,0.6744829;
custom,cuboid,default,1,8.793564,21,0,1,1,1,1,1,2668.324,-3313.449,2066.337,0,0.7382905,0,0.6744829;
custom,cuboid,default,1.1,8.81425,1.1,1,0,0.25,0.5,1,1,2772.895,-3313.449,2056.873,0,0.7382905,0,0.6744829;
racing,killCuboid,1.2,9.000475,21.7,2670.811,-3313.449,2066.113,0,0.7382905,0,0.6744829;
custom,cuboid,default,1.004168,8.793564,21,0,1,1,1,1,1,2866.447,-3313.449,1965.633,0,0.7382905,0,0.6744829;
custom,cuboid,default,1.004168,8.793564,21,0,1,1,1,1,1,2875.155,-3313.449,2047.922,0,0.7382905,0,0.6744829;
racing,killCuboid,1.205,9.000475,21.7,2877.653,-3313.449,2047.698,0,0.7382905,0,0.6744829;
racing,killCuboid,1.205,9.000475,21.7,2868.949,-3313.449,1965.409,0,0.7382905,0,0.6744829;
racing,killCuboid,4.875719,6.597412,1.508771,-62.20421,-3326.098,1827.192,0,0.9238796,0,0.3826835;
racing,killCuboid,4.875719,6.597412,1.508771,-89.25916,-3326.098,1789.957,0,0.8526402,0,0.5224985;
racing,killCuboid,4.875719,6.597412,1.508771,-103.4816,-3326.098,1746.185,0,0.760406,0,0.649448;
racing,killCuboid,4.875719,6.597412,1.508771,113.0565,-3326.098,1860.92,0,0.9969174,0,-0.0784591;
racing,killCuboid,14.13903,12.39169,1.2,162.6414,-3236.236,1379.707,0,0.7136511,0,-0.7005014;
racing,killCuboid,7.163279,1.639614,15.68456,-848.316,-3261.542,1653.369,0.3074749,0.9355851,-0.08757332,0.1499022;
racing,killCuboid,7.163279,1.639614,15.68456,-892.4092,-3239.522,1653.369,0.3074749,0.9355851,-0.08757332,0.1499022;
racing,killCuboid,7.163279,1.639614,15.68456,-925.9487,-3206.688,1648.404,0.3173536,0.9475144,-0.03868511,0.002563819;
racing,killCuboid,7.163279,1.639614,15.68456,-959.7489,-3172.562,1654.816,0.3194985,0.9362499,0.0114363,-0.145692;
racing,killCuboid,41.44406,0.868081,16.76158,89.0614,-3288.77,1539.163,0,-0.7118288,0,0.7023531;
racing,killCuboid,9.459717,7.521029,1.508771,226.4278,-3395.514,1414.871,0,0.7136511,0,-0.7005014;
racing,killCuboid,14.26474,34.44002,1.508771,186.5515,-3419.692,1405.561,-0.4993323,-0.500601,-0.5057322,0.494268;
racing,killCuboid,29.60204,17.35254,3.771924,97.74873,-3345.477,1343.026,0,0.999549,0,0.03003074;
custom,capsule,ice1,0.954465,2.514616,4.823978,0,1,1,1,1,1,143.433,-3373.167,1436.964,-0.5064601,0.5263732,0.4720219,-0.4935836;
custom,capsule,ice1,0.954465,2.514616,4.823978,0,1,1,1,1,1,148.1324,-3285.977,1358.23,0,0.704967,0,-0.7092401;
racing,killCuboid,4.875719,0.868081,12.44735,-162.9348,-3288.77,1631.899,0,0.9969174,0,-0.0784591;
racing,killCuboid,4.875719,0.868081,12.44735,-190.4321,-3288.77,1640.834,0,0.9723699,0,-0.2334454;
racing,killCuboid,4.875719,0.868081,12.44735,-213.8247,-3288.77,1657.828,0,0.9238796,0,-0.3826835;
racing,killCuboid,4.875719,0.868081,12.44735,-230.8187,-3288.77,1681.219,0,0.8526402,0,-0.5224985;
racing,killCuboid,4.875719,0.868081,12.44735,-239.7536,-3288.77,1708.717,0,0.760406,0,-0.649448;
racing,killCuboid,4.875719,6.597412,1.508771,-171.4897,-3326.098,1577.88,0,0.9969174,0,-0.0784591;
racing,killCuboid,4.875719,6.597412,1.508771,-215.2632,-3326.098,1592.103,0,0.9723699,0,-0.2334454;
racing,killCuboid,4.875719,6.597412,1.508771,-252.4986,-3326.098,1619.155,0,0.9238796,0,-0.3826835;
racing,killCuboid,4.875719,6.597412,1.508771,-279.5518,-3326.098,1656.389,0,0.8526402,0,-0.5224985;
racing,killCuboid,4.875719,6.597412,1.508771,-293.7734,-3326.098,1700.161,0,0.760406,0,-0.649448;
racing,killCuboid,4.875719,0.868081,12.44735,-245.8013,-3288.77,1737.63,0,0.760406,0,-0.649448;
racing,killCuboid,4.875719,0.868081,12.44735,-254.737,-3288.77,1765.127,0,0.8526402,0,-0.5224985;
racing,killCuboid,4.875719,0.868081,12.44735,-271.7313,-3288.77,1788.518,0,0.9238796,0,-0.3826835;
racing,killCuboid,4.875719,0.868081,12.44735,-295.1219,-3288.77,1805.513,0,0.9723699,0,-0.2334454;
racing,killCuboid,4.875719,0.868081,12.44735,-322.6193,-3288.77,1814.447,0,0.9969174,0,-0.0784591;
racing,killCuboid,4.875719,0.868081,12.44735,-351.5322,-3288.77,1814.447,0,0.9969174,0,0.0784591;
racing,killCuboid,4.875719,0.868081,12.44735,-379.0305,-3288.77,1805.513,0,0.9723699,0,0.2334454;
racing,killCuboid,4.875719,0.868081,12.44735,-402.4203,-3288.77,1788.518,0,0.9238796,0,0.3826835;
racing,killCuboid,4.875719,0.868081,12.44735,-419.4152,-3288.77,1765.127,0,0.8526402,0,0.5224985;
racing,killCuboid,4.875719,0.868081,12.44735,-428.3513,-3288.77,1737.63,0,0.760406,0,0.649448;
racing,killCuboid,4.875719,6.597412,1.508771,-206.0033,-3326.098,1789.957,0,0.8526402,0,-0.5224985;
racing,killCuboid,4.875719,6.597412,1.508771,-233.0571,-3326.098,1827.192,0,0.9238796,0,-0.3826835;
racing,killCuboid,4.875719,6.597412,1.508771,-270.2917,-3326.098,1854.244,0,0.9723699,0,-0.2334454;
racing,killCuboid,4.875719,6.597412,1.508771,-314.0632,-3326.098,1868.466,0,0.9969174,0,-0.0784591;
racing,killCuboid,4.875719,6.597412,1.508771,-360.0881,-3326.098,1868.466,0,0.9969174,0,0.0784591;
racing,killCuboid,4.875719,6.597412,1.508771,-403.8602,-3326.098,1854.244,0,0.9723699,0,0.2334454;
racing,killCuboid,4.875719,6.597412,1.508771,-441.0941,-3326.098,1827.192,0,0.9238796,0,0.3826835;
racing,killCuboid,4.875719,6.597412,1.508771,-468.1483,-3326.098,1789.957,0,0.8526402,0,0.5224985;
racing,killCuboid,4.875719,6.597412,1.508771,-482.3712,-3326.098,1746.185,0,0.760406,0,0.649448;
racing,killCylinder,9.429811,0.4340405,9.429811,-337.0753,-3288.77,1723.173,0,0,0,1;
racing,killCylinder,9.429811,3.298706,9.429811,-337.0753,-3326.098,1723.173,0,0,0,1;
custom,cylinder,default,2.514616,3.255303,2.514616,1,0,1,0.5,1,1,-337.0753,-3326.53,1723.173,0,0,0,1;
racing,killCuboid,4.875719,0.868081,12.44735,-434.397,-3288.77,1708.717,0,0.760406,0,0.649448;
racing,killCuboid,4.875719,0.868081,12.44735,-443.3318,-3288.77,1681.219,0,0.8526402,0,0.5224985;
racing,killCuboid,4.875719,0.868081,12.44735,-460.327,-3288.77,1657.828,0,0.9238796,0,0.3826835;
racing,killCuboid,4.875719,0.868081,12.44735,-483.7183,-3288.77,1640.834,0,0.9723699,0,0.2334454;
racing,killCuboid,4.875719,0.868081,12.44735,-511.217,-3288.77,1631.899,0,0.9969174,0,0.0784591;
racing,killCuboid,4.875719,0.868081,12.44735,-540.1292,-3288.77,1631.899,0,0.9969174,0,-0.0784591;
racing,killCuboid,4.875719,6.597412,1.508771,-380.3774,-3326.098,1700.161,0,0.760406,0,0.649448;
racing,killCuboid,4.875719,6.597412,1.508771,-394.6016,-3326.098,1656.389,0,0.8526402,0,0.5224985;
racing,killCuboid,4.875719,6.597412,1.508771,-421.6532,-3326.098,1619.155,0,0.9238796,0,0.3826835;
racing,killCuboid,4.875719,6.597412,1.508771,-458.889,-3326.098,1592.103,0,0.9723699,0,0.2334454;
racing,killCuboid,4.875719,6.597412,1.508771,-502.661,-3326.098,1577.88,0,0.9969174,0,0.0784591;
racing,killCuboid,4.875719,6.597412,1.508771,-548.6863,-3326.098,1577.88,0,0.9969174,0,-0.0784591;
racing,killCylinder,9.429811,0.4340405,9.429811,-525.6732,-3288.77,1723.173,0,0,0,1;
racing,killCylinder,9.429811,3.298706,9.429811,-525.6732,-3326.098,1723.173,0,0,0,1;
custom,cylinder,default,2.514616,3.255303,2.514616,1,0,1,0.5,1,1,-525.6732,-3326.53,1723.173,0,0,0,1;
racing,killCuboid,4.875719,0.868081,12.44735,-538.4282,-3288.77,1633.479,0,0.9969174,0,-0.0784591;
racing,killCuboid,4.875719,0.868081,12.44735,-565.9263,-3288.77,1642.413,0,0.9723699,0,-0.2334454;
racing,killCuboid,4.875719,0.868081,12.44735,-589.3169,-3288.77,1659.407,0,0.9238796,0,-0.3826835;
racing,killCuboid,4.875719,0.868081,12.44735,-606.3123,-3288.77,1682.799,0,0.8526402,0,-0.5224985;
racing,killCuboid,4.875719,0.868081,12.44735,-615.2461,-3288.77,1710.296,0,0.760406,0,-0.649448;
racing,killCuboid,4.875719,6.597412,1.508771,-546.9841,-3326.098,1579.459,0,0.9969174,0,-0.0784591;
racing,killCuboid,4.875719,6.597412,1.508771,-590.7568,-3326.098,1593.682,0,0.9723699,0,-0.2334454;
racing,killCuboid,4.875719,6.597412,1.508771,-627.9912,-3326.098,1620.734,0,0.9238796,0,-0.3826835;
racing,killCuboid,4.875719,6.597412,1.508771,-655.0443,-3326.098,1657.968,0,0.8526402,0,-0.5224985;
racing,killCuboid,4.875719,6.597412,1.508771,-669.265,-3326.098,1701.74,0,0.760406,0,-0.649448;
custom,cylinder,default,2.514616,3.255303,2.514616,1,0,1,0.5,1,1,-523.9723,-3326.53,1724.753,0,0,0,1;
racing,killCuboid,4.875719,0.868081,12.44735,-621.2952,-3288.77,1739.209,0,0.760406,0,-0.649448;
racing,killCuboid,4.875719,0.868081,12.44735,-630.2292,-3288.77,1766.707,0,0.8526402,0,-0.5224985;
racing,killCuboid,4.875719,0.868081,12.44735,-647.2233,-3288.77,1790.098,0,0.9238796,0,-0.3826835;
racing,killCuboid,4.875719,0.868081,12.44735,-670.6141,-3288.77,1807.092,0,0.9723699,0,-0.2334454;
racing,killCuboid,4.875719,0.868081,12.44735,-698.1122,-3288.77,1816.026,0,0.9969174,0,-0.0784591;
racing,killCuboid,4.875719,0.868081,12.44735,-727.0247,-3288.77,1816.026,0,0.9969174,0,0.0784591;
racing,killCuboid,4.875719,0.868081,12.44735,-754.5227,-3288.77,1807.092,0,0.9723699,0,0.2334454;
racing,killCuboid,4.875719,0.868081,12.44735,-777.9127,-3288.77,1790.098,0,0.9238796,0,0.3826835;
racing,killCuboid,4.875719,0.868081,12.44735,-794.908,-3288.77,1766.707,0,0.8526402,0,0.5224985;
racing,killCuboid,4.875719,0.868081,12.44735,-803.8431,-3288.77,1739.209,0,0.760406,0,0.649448;
racing,killCuboid,4.875719,6.597412,1.508771,-567.2751,-3326.098,1747.765,0,0.760406,0,-0.649448;
racing,killCuboid,4.875719,6.597412,1.508771,-581.4973,-3326.098,1791.537,0,0.8526402,0,-0.5224985;
racing,killCuboid,4.875719,6.597412,1.508771,-608.5493,-3326.098,1828.771,0,0.9238796,0,-0.3826835;
racing,killCuboid,4.875719,6.597412,1.508771,-645.7843,-3326.098,1855.823,0,0.9723699,0,-0.2334454;
racing,killCuboid,4.875719,6.597412,1.508771,-689.5559,-3326.098,1870.046,0,0.9969174,0,-0.0784591;
racing,killCuboid,4.875719,6.597412,1.508771,-735.5808,-3326.098,1870.046,0,0.9969174,0,0.0784591;
racing,killCuboid,4.875719,6.597412,1.508771,-779.3529,-3326.098,1855.823,0,0.9723699,0,0.2334454;
racing,killCuboid,4.875719,6.597412,1.508771,-816.5869,-3326.098,1828.771,0,0.9238796,0,0.3826835;
racing,killCuboid,4.875719,6.597412,1.508771,-843.64,-3326.098,1791.537,0,0.8526402,0,0.5224985;
racing,killCuboid,4.875719,6.597412,1.508771,-857.8621,-3326.098,1747.765,0,0.760406,0,0.649448;
racing,killCylinder,9.429811,0.4340405,9.429811,-712.5677,-3288.77,1724.753,0,0,0,1;
racing,killCylinder,9.429811,3.298706,9.429811,-712.5677,-3326.098,1724.753,0,0,0,1;
custom,cylinder,default,2.514616,3.255303,2.514616,1,0,1,0.5,1,1,-712.5677,-3326.53,1724.753,0,0,0,1;
racing,killCuboid,4.875719,0.868081,12.44735,-809.8899,-3288.77,1710.296,0,0.760406,0,0.649448;
racing,killCuboid,4.875719,0.868081,12.44735,-818.825,-3288.77,1682.799,0,0.8526402,0,0.5224985;
racing,killCuboid,4.875719,2.68906,12.44735,-835.853,-3280.047,1659.466,0,0.9249133,0,0.3801783;
racing,killCuboid,4.875719,6.597412,1.508771,-755.8706,-3326.098,1701.74,0,0.760406,0,0.649448;
racing,killCuboid,4.875719,6.597412,1.508771,-770.0928,-3326.098,1657.968,0,0.8526402,0,0.5224985;
racing,killCuboid,4.875719,6.597412,1.508771,-797.145,-3326.098,1620.734,0,0.9238796,0,0.3826835;
racing,killCuboid,4.875719,11.58428,1.508771,-834.3809,-3306.654,1593.682,0,0.9723699,0,0.2334454;
racing,killCuboid,4.875719,13.07061,1.508771,-878.152,-3297.456,1579.459,0,0.9969174,0,0.0784591;
racing,killCuboid,4.875719,16.27688,1.508771,-924.1787,-3280.706,1579.459,0,0.9969174,0,-0.0784591;
racing,killCylinder,9.429811,16.06678,9.429811,-901.1652,-3325.486,1724.753,0,0,0,1;
custom,cylinder,default,2.514616,12.48454,2.514616,1,0,1,0.5,1,1,-901.1652,-3327.141,1724.753,0,0,0,1;
racing,killCuboid,4.875719,6.597412,1.508771,64.82512,-3326.098,1868.466,0,0.9969174,0,-0.0784591;
racing,killCuboid,4.875719,6.597412,1.508771,18.80124,-3326.098,1868.466,0,0.9969174,0,0.0784591;
racing,killCuboid,4.875719,0.868081,12.44735,-23.53076,-3288.77,1788.518,0,0.9238796,0,0.3826835;
racing,killCuboid,4.875719,6.597412,1.508771,-24.97131,-3326.098,1854.244,0,0.9723699,0,0.2334454;
racing,killCuboid,19.25575,0.868081,12.44735,132.1926,-3288.77,1798.839,0,0.9969174,0,-0.0784591;
racing,killCuboid,4.875719,0.868081,12.44735,-40.52594,-3288.77,1765.127,0,0.8526402,0,0.5224985;
racing,killCuboid,4.875719,0.868081,12.44735,-0.1411591,-3288.77,1805.513,0,0.9723699,0,0.2334454;
racing,killCuboid,4.875719,0.868081,12.44735,-49.46151,-3288.77,1737.63,0,0.760406,0,0.649448;
racing,killCuboid,4.875719,0.868081,12.44735,27.35684,-3288.77,1814.447,0,0.9969174,0,0.0784591;
racing,killCylinder,9.429811,3.298706,9.429811,41.81357,-3326.098,1723.173,0,0,0,1;
racing,killCuboid,4.875719,0.868081,12.44735,-55.50777,-3288.77,1708.717,0,0.760406,0,0.649448;
racing,killCuboid,4.875719,0.868081,12.44735,-64.44249,-3288.77,1681.219,0,0.8526402,0,0.5224985;
racing,killCuboid,4.875719,0.868081,12.44735,-81.43777,-3288.77,1657.828,0,0.9238796,0,0.3826835;
racing,killCuboid,4.875719,0.868081,12.44735,-104.8283,-3288.77,1640.834,0,0.9723699,0,0.2334454;
racing,killCuboid,4.875719,0.868081,12.44735,-132.3283,-3288.77,1631.899,0,0.9969174,0,0.0784591;
racing,killCuboid,4.875719,6.597412,1.508771,-1.487961,-3326.098,1700.161,0,0.760406,0,0.649448;
racing,killCuboid,4.875719,6.597412,1.508771,-15.71124,-3326.098,1656.389,0,0.8526402,0,0.5224985;
racing,killCuboid,4.875719,6.597412,1.508771,-42.76433,-3326.098,1619.155,0,0.9238796,0,0.3826835;
racing,killCuboid,4.875719,6.597412,1.508771,-80.00027,-3326.098,1592.103,0,0.9723699,0,0.2334454;
racing,killCuboid,4.875719,6.597412,1.508771,-123.7719,-3326.098,1577.88,0,0.9969174,0,0.0784591;
racing,killCylinder,9.429811,0.4340405,9.429811,-146.7845,-3288.77,1723.173,0,0,0,1;
racing,killCylinder,9.429811,3.298706,9.429811,-146.7845,-3326.098,1723.173,0,0,0,1;
custom,cylinder,default,2.514616,3.255303,2.514616,1,0,1,0.5,1,1,-146.7845,-3326.53,1723.173,0,0,0,1;
custom,cylinder,default,2.514616,3.255303,2.514616,1,0,1,0.5,1,1,-145.0823,-3326.53,1724.753,0,0,0,1;
racing,killCuboid,4.875719,6.597412,1.508771,-188.3862,-3326.098,1747.765,0,0.760406,0,-0.649448;
racing,killCuboid,35.7624,6.597412,1.508771,63.89934,-3326.098,1518.049,0,0.707176,0,-0.7070376;
racing,killCuboid,44.77112,6.597412,1.508771,167.5306,-3326.098,1650.42,0,0.707176,0,-0.7070376;
racing,killCuboid,4.875719,6.597412,1.508771,152.5206,-3326.098,1851.292,0,0.9969174,0,-0.0784591;
custom,cylinder,default,2.514616,3.255303,2.514616,1,0,1,0.5,1,1,46.27738,-3326.53,1723.173,0,0,0,1;
racing,killCuboid,14.28388,7.521029,1.508771,64.55241,-3395.514,1414.871,0,0.7136511,0,-0.7005014;
racing,killCuboid,84.36171,12.28088,-51.03082,280.5258,-3419.536,1714.046,0,0.003856629,0,0.9999926;
racing,killCuboid,93.05563,24.72028,1.2,516.217,-3299.422,1576.014,0,0.3028359,0,-0.9530428;
racing,killCuboid,93.05563,24.72028,1.2,548.631,-3299.422,1714.729,0,0.3028359,0,-0.9530428;
racing,killCone,2.817247,1.989294,22.29073,629.975,-3340.895,1690.642,0,0.883639,0,-0.4681689;
racing,killCone,2.817247,1.989294,22.29073,632.443,-3340.895,1716.998,0,0.883639,0,-0.4681689;
racing,killCone,2.817247,1.989294,22.29073,570.0958,-3340.895,1702.877,0,0.883639,0,-0.4681689;
racing,killCuboid,12.39359,0.868081,102.3067,520.7849,-3172.042,1643.466,0,0.4548676,0,0.8905591;
racing,killCuboid,56.10347,12.28088,-80.25714,947.9479,-3419.536,1791.891,0,0.003856629,0,0.9999926;
racing,killCuboid,16.8249,12.39169,1.2,913.4799,-3226.024,1916.944,-0.000771261,0.771804,0.001210702,0.6358589;
racing,killCuboid,6.827969,3.425885,1.2,921.4655,-3303.344,1959.386,-0.000771261,0.771804,0.001210702,0.6358589;
custom,killcuboid,cannonregionmat,3.096179,0.3659091,0.8088538,0,1,1,1,1,1,912.5438,-3286.399,1911.348,0.7643353,0.0007570593,0.6448174,-0.00121959;
racing,killCuboid,16.8249,12.39169,1.2,913.4799,-3374.975,1916.944,-0.000771261,0.771804,0.001210702,0.6358589;
racing,killCuboid,6.827969,3.425885,1.2,905.5905,-3303.344,1863.483,-0.000771261,0.771804,0.001210702,0.6358589;
custom,killcuboid,cannonregionmat,3.096179,0.3659091,0.8088538,0,1,1,1,1,1,912.5438,-3315.301,1911.348,0.7643353,0.0007570593,0.6448174,-0.00121959;
custom,killcuboid,cannonregionmat,3.096179,0.3659091,0.8088538,0,1,1,1,1,1,916.1678,-3300.192,1928.403,0.5332564,0.5475575,0.4501882,0.4616807;
custom,killcuboid,cannonregionmat,3.096179,0.3659091,0.8088538,0,1,1,1,1,1,907.8116,-3300.192,1897.286,0.5332564,0.5475575,0.4501882,0.4616807;
racing,killCuboid,4.875719,0.868081,12.44735,1220.364,-3288.896,1831.121,0,0.760406,0,0.649448;
custom,killcuboid,cannonregionmat,3.096179,0.3659091,0.8088538,0,1,1,1,1,1,2556.521,-3300.319,1990.777,0.5332564,0.5475575,0.4501882,0.4616807;
custom,killcuboid,cannonregionmat,3.096179,0.3659091,0.8088538,0,1,1,1,1,1,2564.877,-3300.319,2021.894,0.5332564,0.5475575,0.4501882,0.4616807;
custom,killcuboid,cannonregionmat,3.096179,0.3659091,0.8088538,0,1,1,1,1,1,2561.253,-3315.428,2004.839,0.7643353,0.0007570593,0.6448174,-0.00121959;
racing,killCuboid,6.827969,3.425885,1.2,2554.3,-3303.471,1956.974,-0.000771261,0.771804,0.001210702,0.6358589;
custom,killcuboid,cannonregionmat,3.096179,0.3659091,0.8088538,0,1,1,1,1,1,2561.253,-3286.525,2004.839,0.7643353,0.0007570593,0.6448174,-0.00121959;
racing,killCuboid,6.827969,3.425885,1.2,2570.175,-3303.471,2052.877,-0.000771261,0.771804,0.001210702,0.6358589;
racing,killCuboid,16.8249,12.39169,1.2,2562.189,-3226.151,2010.436,-0.000771261,0.771804,0.001210702,0.6358589;
racing,killCuboid,16.8249,12.39169,1.2,2562.189,-3375.102,2010.436,-0.000771261,0.771804,0.001210702,0.6358589;
racing,killCuboid,93.05563,24.72028,1.2,2164.929,-3299.55,1669.505,0,0.3028359,0,-0.9530428;
racing,killCuboid,93.05563,24.72028,1.2,2197.343,-3299.55,1808.22,0,0.3028359,0,-0.9530428;
racing,killCone,2.817247,1.989294,22.29073,2278.687,-3341.021,1784.133,0,0.883639,0,-0.4681689;
racing,killCone,2.817247,1.989294,22.29073,2281.154,-3341.021,1810.489,0,0.883639,0,-0.4681689;
racing,killCone,2.817247,1.989294,22.29073,2218.809,-3341.021,1796.369,0,0.883639,0,-0.4681689;
racing,killCuboid,12.39359,0.868081,102.3067,2169.497,-3172.169,1736.958,0,0.4548676,0,0.8905591;
racing,killCuboid,14.26474,34.44002,1.508771,1835.263,-3419.819,1499.051,-0.4993323,-0.500601,-0.5057322,0.494268;
racing,killCuboid,9.459717,7.521029,1.508771,1875.14,-3395.641,1508.362,0,0.7136511,0,-0.7005014;
custom,capsule,ice1,0.954465,2.514616,4.823978,0,1,1,1,1,1,1793.768,-3373.294,1530.455,-0.5064601,0.5263732,0.4720219,-0.4935836;
racing,killCuboid,29.60204,17.35254,3.771924,1746.46,-3345.603,1436.516,0,0.999549,0,0.03003074;
racing,killCuboid,41.44406,0.868081,16.76158,1742.273,-3288.896,1632.654,0,-0.7118288,0,0.7023531;
racing,killCuboid,12.02105,7.521029,1.508771,1713.264,-3395.641,1502.966,0,0.7136511,0,-0.7005014;
racing,killCuboid,14.13903,12.39169,1.2,1816.428,-3236.363,1473.197,0,0.7136511,0,-0.7005014;
racing,killCuboid,4.875719,6.597412,1.508771,1761.768,-3326.224,1954.411,0,0.9969174,0,-0.0784591;
racing,killCuboid,4.875719,6.597412,1.508771,1545.233,-3326.224,1839.676,0,0.760406,0,0.649448;
racing,killCuboid,4.875719,6.597412,1.508771,1559.456,-3326.224,1883.448,0,0.8526402,0,0.5224985;
racing,killCuboid,4.875719,0.868081,12.44735,1229.3,-3288.896,1858.618,0,0.8526402,0,0.5224985;
racing,killCuboid,4.875719,0.868081,12.44735,1246.295,-3288.896,1882.009,0,0.9238796,0,0.3826835;
racing,killCuboid,4.875719,0.868081,12.44735,1269.684,-3288.896,1899.004,0,0.9723699,0,0.2334454;
racing,killCuboid,4.875719,0.868081,12.44735,1297.182,-3288.896,1907.938,0,0.9969174,0,0.0784591;
racing,killCuboid,4.875719,0.868081,12.44735,1326.095,-3288.896,1907.938,0,0.9969174,0,-0.0784591;
racing,killCuboid,4.875719,0.868081,12.44735,1353.593,-3288.896,1899.004,0,0.9723699,0,-0.2334454;
racing,killCuboid,4.875719,0.868081,12.44735,1376.984,-3288.896,1882.009,0,0.9238796,0,-0.3826835;
racing,killCuboid,4.875719,0.868081,12.44735,1393.978,-3288.896,1858.618,0,0.8526402,0,-0.5224985;
racing,killCuboid,4.875719,0.868081,12.44735,1402.914,-3288.896,1831.121,0,0.760406,0,-0.649448;
racing,killCuboid,4.875719,6.597412,1.508771,1354.942,-3326.224,1793.652,0,0.760406,0,-0.649448;
racing,killCuboid,4.875719,6.597412,1.508771,1369.163,-3326.224,1749.88,0,0.8526402,0,-0.5224985;
racing,killCuboid,4.875719,6.597412,1.508771,1396.216,-3326.224,1712.646,0,0.9238796,0,-0.3826835;
racing,killCuboid,4.875719,6.597412,1.508771,1433.452,-3326.224,1685.594,0,0.9723699,0,-0.2334454;
racing,killCuboid,4.875719,6.597412,1.508771,1477.224,-3326.224,1671.371,0,0.9969174,0,-0.0784591;
racing,killCuboid,4.875719,0.868081,12.44735,1408.961,-3288.896,1802.208,0,0.760406,0,-0.649448;
racing,killCuboid,4.875719,0.868081,12.44735,1417.896,-3288.896,1774.71,0,0.8526402,0,-0.5224985;
racing,killCuboid,4.875719,0.868081,12.44735,1434.89,-3288.896,1751.319,0,0.9238796,0,-0.3826835;
racing,killCuboid,4.875719,0.868081,12.44735,1458.282,-3288.896,1734.325,0,0.9723699,0,-0.2334454;
racing,killCuboid,4.875719,0.868081,12.44735,1485.78,-3288.896,1725.39,0,0.9969174,0,-0.0784591;
custom,capsule,ice1,0.954465,2.514616,4.823978,0,1,1,1,1,1,1795.033,-3286.102,1451.721,0,0.704967,0,-0.7092401;
racing,killCuboid,4.875719,6.597412,1.508771,1586.511,-3326.224,1920.683,0,0.9238796,0,0.3826835;
racing,killCuboid,4.875719,6.597412,1.508771,1442.71,-3326.224,1883.448,0,0.8526402,0,-0.5224985;
racing,killCuboid,4.875719,6.597412,1.508771,1415.658,-3326.224,1920.683,0,0.9238796,0,-0.3826835;
racing,killCuboid,4.875719,6.597412,1.508771,1378.423,-3326.224,1947.735,0,0.9723699,0,-0.2334454;
racing,killCuboid,4.875719,6.597412,1.508771,1334.651,-3326.224,1961.957,0,0.9969174,0,-0.0784591;
racing,killCuboid,4.875719,6.597412,1.508771,1288.626,-3326.224,1961.957,0,0.9969174,0,0.0784591;
racing,killCuboid,4.875719,6.597412,1.508771,1244.854,-3326.224,1947.735,0,0.9723699,0,0.2334454;
racing,killCuboid,4.875719,6.597412,1.508771,1207.62,-3326.224,1920.683,0,0.9238796,0,0.3826835;
racing,killCuboid,4.875719,6.597412,1.508771,1180.567,-3326.224,1883.448,0,0.8526402,0,0.5224985;
racing,killCuboid,4.875719,6.597412,1.508771,1166.344,-3326.224,1839.676,0,0.760406,0,0.649448;
racing,killCylinder,9.429811,0.4340405,9.429811,1311.639,-3288.896,1816.664,0,0,0,1;
racing,killCylinder,9.429811,3.298706,9.429811,1311.639,-3326.224,1816.664,0,0,0,1;
custom,cylinder,default,2.514616,3.255303,2.514616,1,0,1,0.5,1,1,1311.639,-3326.657,1816.664,0,0,0,1;
racing,killCuboid,4.875719,0.868081,12.44735,1214.318,-3288.896,1802.208,0,0.760406,0,0.649448;
racing,killCuboid,4.875719,0.868081,12.44735,1205.383,-3288.896,1774.71,0,0.8526402,0,0.5224985;
racing,killCuboid,4.875719,0.868081,12.44735,1188.387,-3288.896,1751.319,0,0.9238796,0,0.3826835;
racing,killCuboid,4.875719,0.868081,12.44735,1164.995,-3288.896,1734.325,0,0.9723699,0,0.2334454;
racing,killCuboid,4.875719,0.868081,12.44735,1137.496,-3288.896,1725.39,0,0.9969174,0,0.0784591;
racing,killCuboid,4.875719,0.868081,12.44735,1108.585,-3288.896,1725.39,0,0.9969174,0,-0.0784591;
racing,killCuboid,4.875719,6.597412,1.508771,1268.337,-3326.224,1793.652,0,0.760406,0,0.649448;
racing,killCuboid,4.875719,6.597412,1.508771,1254.113,-3326.224,1749.88,0,0.8526402,0,0.5224985;
racing,killCuboid,4.875719,6.597412,1.508771,1227.062,-3326.224,1712.646,0,0.9238796,0,0.3826835;
racing,killCuboid,4.875719,6.597412,1.508771,1189.825,-3326.224,1685.594,0,0.9723699,0,0.2334454;
racing,killCuboid,4.875719,6.597412,1.508771,1146.053,-3326.224,1671.371,0,0.9969174,0,0.0784591;
racing,killCuboid,4.875719,6.597412,1.508771,1100.028,-3326.224,1671.371,0,0.9969174,0,-0.0784591;
racing,killCylinder,9.429811,0.4340405,9.429811,1123.041,-3288.896,1816.664,0,0,0,1;
racing,killCylinder,9.429811,3.298706,9.429811,1123.041,-3326.224,1816.664,0,0,0,1;
custom,cylinder,default,2.514616,3.255303,2.514616,1,0,1,0.5,1,1,1123.041,-3326.657,1816.664,0,0,0,1;
racing,killCuboid,4.875719,0.868081,12.44735,1110.286,-3288.896,1726.97,0,0.9969174,0,-0.0784591;
racing,killCuboid,4.875719,0.868081,12.44735,1082.788,-3288.896,1735.904,0,0.9723699,0,-0.2334454;
racing,killCuboid,4.875719,0.868081,12.44735,1059.397,-3288.896,1752.899,0,0.9238796,0,-0.3826835;
racing,killCuboid,4.875719,0.868081,12.44735,1042.403,-3288.896,1776.29,0,0.8526402,0,-0.5224985;
racing,killCuboid,4.875719,0.868081,12.44735,1033.468,-3288.896,1803.787,0,0.760406,0,-0.649448;
racing,killCuboid,4.875719,6.597412,1.508771,1101.73,-3326.224,1672.951,0,0.9969174,0,-0.0784591;
racing,killCuboid,4.875719,6.597412,1.508771,1057.957,-3326.224,1687.173,0,0.9723699,0,-0.2334454;
racing,killCuboid,4.875719,6.597412,1.508771,1020.724,-3326.224,1714.225,0,0.9238796,0,-0.3826835;
racing,killCuboid,4.875719,6.597412,1.508771,993.6704,-3326.224,1751.46,0,0.8526402,0,-0.5224985;
racing,killCuboid,4.875719,6.597412,1.508771,979.4485,-3326.224,1795.231,0,0.760406,0,-0.649448;
custom,cylinder,default,2.514616,3.255303,2.514616,1,0,1,0.5,1,1,1124.742,-3326.657,1818.244,0,0,0,1;
racing,killCuboid,4.875719,0.868081,12.44735,1027.42,-3288.896,1832.7,0,0.760406,0,-0.649448;
racing,killCuboid,4.875719,0.868081,12.44735,1018.486,-3288.896,1860.198,0,0.8526402,0,-0.5224985;
racing,killCuboid,4.875719,0.868081,12.44735,1001.492,-3288.896,1883.589,0,0.9238796,0,-0.3826835;
racing,killCuboid,4.875719,0.868081,12.44735,978.1003,-3288.896,1900.583,0,0.9723699,0,-0.2334454;
racing,killCuboid,6.879324,0.868081,12.44735,943.8907,-3283.935,1909.518,0,0.9969174,0,-0.0784591;
racing,killCuboid,4.875719,6.597412,1.508771,1081.439,-3326.224,1841.256,0,0.760406,0,-0.649448;
racing,killCuboid,4.875719,6.597412,1.508771,1067.217,-3326.224,1885.028,0,0.8526402,0,-0.5224985;
racing,killCuboid,4.875719,6.597412,1.508771,1040.165,-3326.224,1922.262,0,0.9238796,0,-0.3826835;
racing,killCuboid,4.875719,7.587021,1.508771,1002.931,-3326.224,1949.314,0,0.9723699,0,-0.2334454;
racing,killCuboid,6.879324,9.038241,1.508771,955.9629,-3321.035,1963.537,0,0.9969174,0,-0.0784591;
racing,killCylinder,9.429811,6.300927,9.429811,936.1467,-3294.625,1818.244,0,0,0,1;
custom,cylinder,default,2.514616,6.218023,2.514616,1,0,1,0.5,1,1,936.1467,-3295.457,1818.244,0,0,0,1;
racing,killCuboid,4.875719,6.597412,1.508771,1713.537,-3326.224,1961.957,0,0.9969174,0,-0.0784591;
racing,killCuboid,4.875719,6.597412,1.508771,1667.514,-3326.224,1961.957,0,0.9969174,0,0.0784591;
racing,killCuboid,4.875719,0.868081,12.44735,1625.184,-3288.896,1882.009,0,0.9238796,0,0.3826835;
racing,killCuboid,4.875719,6.597412,1.508771,1623.744,-3326.224,1947.735,0,0.9723699,0,0.2334454;
racing,killCuboid,19.25575,0.868081,12.44735,1780.903,-3288.896,1892.33,0,0.9969174,0,-0.0784591;
racing,killCuboid,4.875719,0.868081,12.44735,1608.189,-3288.896,1858.618,0,0.8526402,0,0.5224985;
racing,killCuboid,4.875719,0.868081,12.44735,1648.572,-3288.896,1899.004,0,0.9723699,0,0.2334454;
racing,killCuboid,4.875719,0.868081,12.44735,1599.253,-3288.896,1831.121,0,0.760406,0,0.649448;
racing,killCuboid,4.875719,0.868081,12.44735,1676.069,-3288.896,1907.938,0,0.9969174,0,0.0784591;
racing,killCylinder,9.429811,3.298706,9.429811,1690.526,-3326.224,1816.664,0,0,0,1;
racing,killCuboid,4.875719,0.868081,12.44735,1593.207,-3288.896,1802.208,0,0.760406,0,0.649448;
racing,killCuboid,4.875719,0.868081,12.44735,1584.273,-3288.896,1774.71,0,0.8526402,0,0.5224985;
racing,killCuboid,4.875719,0.868081,12.44735,1567.277,-3288.896,1751.319,0,0.9238796,0,0.3826835;
racing,killCuboid,4.875719,0.868081,12.44735,1543.887,-3288.896,1734.325,0,0.9723699,0,0.2334454;
racing,killCuboid,4.875719,0.868081,12.44735,1516.386,-3288.896,1725.39,0,0.9969174,0,0.0784591;
racing,killCuboid,4.875719,6.597412,1.508771,1647.225,-3326.224,1793.652,0,0.760406,0,0.649448;
racing,killCuboid,4.875719,6.597412,1.508771,1633.003,-3326.224,1749.88,0,0.8526402,0,0.5224985;
racing,killCuboid,4.875719,6.597412,1.508771,1605.951,-3326.224,1712.646,0,0.9238796,0,0.3826835;
racing,killCuboid,4.875719,6.597412,1.508771,1568.715,-3326.224,1685.594,0,0.9723699,0,0.2334454;
racing,killCuboid,4.875719,6.597412,1.508771,1524.943,-3326.224,1671.371,0,0.9969174,0,0.0784591;
racing,killCylinder,9.429811,0.4340405,9.429811,1501.93,-3288.896,1816.664,0,0,0,1;
racing,killCylinder,9.429811,3.298706,9.429811,1501.93,-3326.224,1816.664,0,0,0,1;
custom,cylinder,default,2.514616,3.255303,2.514616,1,0,1,0.5,1,1,1501.93,-3326.657,1816.664,0,0,0,1;
custom,cylinder,default,2.514616,3.255303,2.514616,1,0,1,0.5,1,1,1503.632,-3326.657,1818.244,0,0,0,1;
racing,killCuboid,4.875719,6.597412,1.508771,1460.328,-3326.224,1841.256,0,0.760406,0,-0.649448;
racing,killCuboid,35.4265,6.597412,1.508771,1712.61,-3326.224,1616.329,0,0.707176,0,-0.7070376;
racing,killCuboid,48.35005,6.597412,1.508771,1824.887,-3326.224,1764.941,0,0.707176,0,-0.7070376;
racing,killCuboid,4.875719,6.597412,1.508771,1801.232,-3326.224,1944.783,0,0.9969174,0,-0.0784591;
custom,cylinder,default,2.514616,3.255303,2.514616,1,0,1,0.5,1,1,1694.989,-3326.657,1816.664,0,0,0,1;
racing,killCuboid,84.36171,12.28088,-51.03082,1648.672,-3419.536,1811.34,0,0.003856629,0,0.9999926;
racing,checkpointCuboid,3,3,3,2661.576,-3323.616,2017.96,0,0.006568174,0,0.9999785;
custom,cuboid,default,3,1.069799,5.451758,1,0.3636364,0.4204546,1,1,1,2662.774,-3343.081,2020.531,0,0.001993567,0,0.999998;
custom,cuboid,default,1,20.25639,53.42582,0,1,1,1,1,1,2839.26,-3363.358,2007.918,-0.5232517,0.5208461,-0.4780285,0.4758317;
custom,cylinder,default,5.466317,45.30967,5.466317,1,0,1,0.5,1,1,3163.81,-3014.938,1980.245,0,0,0,1;
racing,killCylinder,7.021197,45.86213,7.021197,3164.324,-3014.506,1980.116,0,0,0,1;
custom,cylinder,default,5.466317,45.30967,5.466317,1,0,1,0.5,1,1,3585.252,-3014.938,1941.71,0,0,0,1;
racing,killCylinder,6.936997,45.70313,6.936997,3585.766,-3014.506,1941.581,0,0,0,1;
racing,killCuboid,130.3033,2.722049,-51.03082,3734.706,-3372.825,1917.675,0,0.05396643,0,0.9985428;
racing,killCuboid,42.00227,2.722049,-91.19932,3382.301,-3018.723,1958.056,-0.7104836,0.03810243,0.03821377,0.7016417;
racing,killCuboid,1.295582,83.64004,66.1969,3376.519,-2978.322,1869.791,0,0.7382905,0,0.6744829;
racing,killCuboid,1.2,76.83378,32.5966,3690.114,-3023.676,1947.844,0,0.04048663,0,0.9991801;
racing,killCuboid,58.13051,1.051485,-23.21667,3342.508,-3278.508,1967.74,-0.002036237,0.05396372,-0.0001490787,0.9985408;
racing,killCuboid,1.295582,83.64004,64.94176,3387.952,-2978.322,2059.779,0,0.7382905,0,0.6744829;
racing,killCuboid,58.13051,1.051485,-23.21667,3424.068,-3199.468,1967.74,-0.002036237,0.05396372,-0.0001490787,0.9985408;
custom,killcuboid,cannonregionmat,25.62561,0.8718659,0.8088538,0,1,1,1,1,1,3625.077,-3278.902,1935.722,0.7384062,0.00104634,0.6743527,0.001920367;
custom,killcuboid,cannonregionmat,23.55962,0.8718659,0.986367,0,1,1,1,1,1,3140.892,-3199.034,1996.992,0.7384062,0.001046339,0.6743527,0.001920366;
racing,killCuboid,58.13051,1.051485,-23.21667,3342.508,-3115.885,1967.74,-0.002036237,0.05396372,-0.0001490787,0.9985408;
custom,killcuboid,cannonregionmat,25.62561,0.8718659,0.8088538,0,1,1,1,1,1,3625.077,-3116.28,1935.722,0.7384062,0.001046339,0.6743527,0.001920366;
racing,killCuboid,58.13051,1.051485,-23.21667,3424.068,-3029.79,1967.74,-0.002036237,0.05396372,-0.0001490787,0.9985408;
custom,killcuboid,cannonregionmat,23.55962,0.8718659,0.986367,0,1,1,1,1,1,3140.892,-3029.358,1996.992,0.7384062,0.001046339,0.6743527,0.001920366;
racing,killCuboid,58.13051,1.051485,-23.21667,3342.508,-2943.205,1967.74,-0.002036237,0.05396372,-0.0001490787,0.9985408;
custom,killcuboid,cannonregionmat,25.62561,0.8718659,0.8088538,0,1,1,1,1,1,3625.077,-2943.601,1935.722,0.7384062,0.001046339,0.6743527,0.001920366;
custom,killcuboid,cannonregionmat,25.62561,0.8718659,0.8088538,0,1,1,1,1,1,3625.077,-2753.29,1935.722,0.7384062,0.001046339,0.6743527,0.001920365;
racing,killCuboid,58.13051,1.051485,-23.21667,3342.508,-2752.895,1967.74,-0.002036237,0.05396372,-0.0001490787,0.9985408;
custom,killcuboid,cannonregionmat,23.55962,0.8718659,0.986367,0,1,1,1,1,1,3140.892,-2839.049,1996.992,0.7384062,0.001046339,0.6743527,0.001920365;
racing,killCuboid,58.13051,1.051485,-23.21667,3424.068,-2839.481,1967.74,-0.002036237,0.05396372,-0.0001490787,0.9985408;
racing,killCuboid,58.13051,1.051485,-23.21667,3420.703,-2646.404,1967.74,-0.002036237,0.05396372,-0.0001490787,0.9985408;
custom,killcuboid,cannonregionmat,23.55962,0.8718659,0.986367,0,1,1,1,1,1,3137.528,-2645.973,1996.992,0.7384062,0.001046339,0.6743527,0.001920365;
racing,killCuboid,19.57568,20.91096,1.2,-3979.797,-3287.077,2136.696,-7.592348E-05,0.9999884,0.004819677,6.60649E-05;
racing,killCuboid,12.91687,0.690428,20.53114,-3885.844,-3240.739,2195.64,-0.7099724,0.7042274,-0.001241638,0.001231588;
racing,killCuboid,1.2,76.83378,32.5966,3058.282,-2903.124,1990.31,0,0.04048663,0,0.9991801;
racing,killCuboid,143.1034,1.051485,-28.98927,3707.086,-2564.213,1926.375,-0.002036237,0.05396372,-0.0001490787,0.9985408;
custom,cylinder,default,5.466317,45.30967,5.466317,1,0,1,0.5,1,1,4229.845,-3016.474,1900.693,0,-0.9999493,0,-0.01006974;
racing,killCylinder,7.021197,45.86213,7.021197,4229.328,-3016.04,1900.813,0,-0.9999493,0,-0.01006974;
custom,cylinder,default,5.466317,45.30967,5.466317,1,0,1,0.5,1,1,3807.696,-3016.474,1930.727,0,-0.9999493,0,-0.01006974;
racing,killCylinder,6.936997,45.70313,6.936997,3807.176,-3016.04,1930.843,0,-0.9999493,0,-0.01006974;
racing,killCuboid,42.00227,2.722049,-91.19932,4010.937,-3020.256,1918.471,-0.03105792,-0.7019902,-0.7108319,0.03103515;
racing,killCuboid,1.295582,83.64004,66.1969,4014.938,-2979.857,2006.838,0,-0.6818827,0,0.7314615;
custom,killcuboid,cannonregionmat,23.55962,0.8718659,0.986367,0,1,1,1,1,1,4256.456,-2647.506,1884.479,-0.6817536,-0.001930804,0.7315786,0.00102695;
racing,killCuboid,58.13051,1.051485,-23.21667,3972.735,-2647.939,1908.017,0.0001695768,-0.9990336,-0.002034644,0.04390639;
racing,killCuboid,58.13051,1.051485,-23.21667,3969.372,-2841.016,1907.949,0.0001695768,-0.9990336,-0.002034644,0.04390639;
custom,killcuboid,cannonregionmat,23.55962,0.8718659,0.986367,0,1,1,1,1,1,4253.096,-2840.583,1884.412,-0.6817536,-0.001930804,0.7315786,0.00102695;
racing,killCuboid,58.13051,1.051485,-23.21667,4050.921,-2754.429,1909.59,0.0001695768,-0.9990336,-0.002034644,0.04390639;
custom,killcuboid,cannonregionmat,25.62561,0.8718659,0.8088538,0,1,1,1,1,1,3767.762,-2754.825,1935.91,-0.6817536,-0.001930804,0.7315786,0.00102695;
custom,killcuboid,cannonregionmat,25.62561,0.8718659,0.8088538,0,1,1,1,1,1,3767.762,-2945.135,1935.91,-0.6817536,-0.001930805,0.7315786,0.00102695;
racing,killCuboid,58.13051,1.051485,-23.21667,4050.921,-2944.74,1909.59,0.0001695768,-0.9990336,-0.002034644,0.04390639;
custom,killcuboid,cannonregionmat,23.55962,0.8718659,0.986367,0,1,1,1,1,1,4253.096,-3030.894,1884.412,-0.6817536,-0.001930805,0.7315786,0.00102695;
racing,killCuboid,58.13051,1.051485,-23.21667,3969.372,-3031.325,1907.949,0.0001695768,-0.9990336,-0.002034644,0.04390639;
custom,killcuboid,cannonregionmat,25.62561,0.8718659,0.8088538,0,1,1,1,1,1,3767.762,-3117.815,1935.91,-0.6817536,-0.001930806,0.7315786,0.001026951;
racing,killCuboid,58.13051,1.051485,-23.21667,4050.921,-3117.419,1909.59,0.0001695768,-0.9990336,-0.002034644,0.04390639;
custom,killcuboid,cannonregionmat,23.55962,0.8718659,0.986367,0,1,1,1,1,1,4253.096,-3200.569,1884.412,-0.6817536,-0.001930806,0.7315786,0.001026951;
custom,killcuboid,cannonregionmat,25.62561,0.8718659,0.8088538,0,1,1,1,1,1,3767.762,-3280.437,1935.91,-0.6817536,-0.001930806,0.7315786,0.001026951;
racing,killCuboid,58.13051,1.051485,-23.21667,3969.372,-3201.001,1907.949,0.0001695768,-0.9990336,-0.002034644,0.04390639;
racing,killCuboid,58.13051,1.051485,-23.21667,4050.921,-3280.042,1909.59,0.0001695768,-0.9990336,-0.002034644,0.04390639;
racing,killCuboid,1.295582,83.64004,64.94176,4007.34,-2979.857,1816.657,0,-0.6818827,0,0.7314615;
racing,killCuboid,1.2,76.83378,32.5966,4336.688,-2894.727,1902.508,0,0.04048663,0,0.9991801;
misc,barrier,49.60973,1.605279,30.27949,2807.424,-3263.739,1977.155,0,0.0696101,0,0.9975743;
misc,barrier,10.95962,10,1.899679,3014.567,-3317.667,2066.471,0,-0.2443553,0,0.9696858;
misc,barrier,10.95962,10,1.899679,3007.298,-3317.667,1919.019,0,0.2935094,0,0.9559562;
misc,barrier,64.93164,19.02477,1,-4345.455,-3276.729,2283.948,0,0,0,1;
custom,killcuboid,barriereditormat,64.93164,19.02477,1,0,1,1,1,1,5,-4345.455,-3276.729,2283.948,0,0,0,1;
misc,barrier,64.93164,19.02477,1,-4345.455,-3276.729,2138.198,0,0,0,1;
custom,killcuboid,barriereditormat,64.93164,19.02477,1,0,1,1,1,1,5,-4345.455,-3276.729,2138.198,0,0,0,1;
racing,killCuboid,6.099551,0.6308277,5.562764,-4672.383,-3337.448,2165.117,0.004177898,0.004232605,0.7024799,0.7116788;
racing,killCuboid,6.099551,0.6308277,5.562764,-4672.383,-3337.448,2266.46,0.004177898,0.004232605,0.7024799,0.7116788;
racing,checkpointCuboid,2.962242,7.382291,913.9438,3810.251,-3322.039,-2559.531,0,0.05842615,0,0.9982917;
custom,cuboid,default,4.824412,1.069799,18.39541,1,0.3636364,0.4204546,1,1,1,4340.211,-3357.97,1885.467,0,0.05209041,0,0.9986424;
custom,cuboid,ice1,16.52928,3.093582,2.760627,0,1,1,1,1,1,-4408.652,-4013.722,-2848.933,0,0.7452272,0,0.6668107;
racing,killCuboid,56.10347,12.28088,-80.25714,2296.933,-3419.536,1791.891,0,0.003856629,0,0.9999926;
custom,killcuboid,earth2,427.2487,578.9066,12.44248,0,1,1,1,1,4,-3703.732,-4293.586,-2846.662,0.5000418,0.4999583,-0.5000418,0.4999582;
custom,cuboid,default,4.824412,1.069799,18.39541,1,0.3636364,0.4204546,1,1,1,4340.296,-3284.64,1885.467,0,0.05209041,0,0.9986424;
custom,cuboid,default,4.824412,1.069799,7.806414,1,0.3636364,0.4204546,1,1,1,4349.208,-3323.962,1971.535,0.7061456,0.03683355,-0.03683344,0.706148;
custom,cuboid,default,4.824412,1.069799,7.806414,1,0.3636364,0.4204546,1,1,1,4330.54,-3323.962,1795.291,0.7061456,0.03683355,-0.03683344,0.706148;
racing,killCuboid,295.3962,2.722049,-51.03082,-2984.616,-4020.833,-3037.612,0,0.05396643,0,0.9985428;
racing,startCuboid,6.033127,7.524071,0.1677738,-4700.224,-3330.166,2220.302,0,0.7161463,0,0.6979503;
custom,cuboid,default,0.9803095,0.6427609,5.355158,1,0.3636364,0.4204546,1,1,1,-4677.02,-3360.755,2217.51,0,0.0197529,0,0.9998049;
custom,cuboid,ice1,16.52928,3.093582,2.946959,0,1,1,1,1,1,-3898.242,-4013.722,-2912.104,0,0.7413968,0,0.6710669;
custom,cuboid,ice1,16.52928,3.093582,2.946959,0,1,1,1,1,1,-3336.991,-4013.722,-2963.598,0,0.7413968,0,0.6710669;
custom,cuboid,stone6,3.264646,2.300108,18.69461,0,1,1,1,1,1,-4157.416,-4009.388,-2899.122,0,0.05223871,0,0.9986347;
custom,cuboid,stone6,3.264646,2.300108,18.69461,0,1,1,1,1,1,-3618.877,-4009.388,-2942.327,0,0.05223871,0,0.9986347;
racing,killCuboid,1.205,9.000475,23.16465,-4300.786,-4002.203,-2882.072,0,0.06740589,0,0.9977257;
racing,killCuboid,1.205,9.000475,23.16465,-4026.72,-4002.203,-2879.484,0,0.06740589,0,0.9977257;
racing,killCuboid,1.205,9.000475,23.16465,-3747.171,-3983.25,-2916.348,0,0.06740589,0,0.9977257;
racing,killCuboid,1.205,9.000475,23.16465,-3484.004,-3974.175,-2942.261,0,0.06740589,0,0.9977257;
custom,cuboid,ice1,16.52928,3.093582,2.946959,0,1,1,1,1,1,-2763.464,-4013.722,-3007.985,0,0.7413968,0,0.6710669;
custom,cuboid,stone6,3.264646,2.300108,18.69461,0,1,1,1,1,1,-3045.351,-4009.388,-2973.885,0,0.05223871,0,0.9986347;
racing,killCuboid,1.205,16.12917,23.16465,-2910.478,-3974.175,-2993.56,0,0.06740589,0,0.9977257;
racing,killCuboid,1.205,12.30304,23.16465,-3192.457,-3974.175,-2959.341,0,0.06740589,0,0.9977257;
custom,cuboid,ice1,16.52928,3.093582,2.946959,0,1,1,1,1,1,-2142.319,-4013.722,-3075.082,0,0.7413968,0,0.6710669;
custom,cuboid,stone6,3.264646,2.300108,18.69461,0,1,1,1,1,1,-2424.207,-4009.388,-3045.94,0,0.05223871,0,0.9986347;
racing,killCuboid,1.205,34.51599,23.16465,-2289.333,-3943.644,-3054.552,0,0.06740589,0,0.9977257;
racing,killCuboid,1.205,24.57796,23.16465,-2571.313,-3972.18,-3026.997,0,0.06740589,0,0.9977257;
racing,killCuboid,1.205,25.43478,23.16465,-1959.863,-3820.411,-3087.835,0,0.06740589,0,0.9977257;
racing,killCuboid,1.205,51.49663,283.7985,-3033.849,-3975.424,-2876.753,0,-0.6711459,0,0.7413254;
racing,killCuboid,1.205,51.49663,283.7985,-3047.762,-3978.399,-3084.356,0,-0.6711459,0,0.7413254;
custom,killcuboid,cannonregionmat,25.62561,0.8718659,0.8088538,0,1,1,1,1,1,-4298.841,-3962.761,-2873.637,-0.6531613,-0.001968795,0.7572156,0.0009520509;
custom,killcuboid,cannonregionmat,25.62561,0.8718659,0.8088538,0,1,1,1,1,1,-4025.941,-3962.761,-2883.388,-0.6531613,-0.001968795,0.7572156,0.0009520509;
custom,killcuboid,cannonregionmat,25.62561,0.8718659,0.8088538,0,1,1,1,1,1,-3745.457,-3943.063,-2909.479,-0.6586108,-0.001961871,0.7524806,0.000966239;
custom,killcuboid,cannonregionmat,25.62561,0.8718659,0.8088538,0,1,1,1,1,1,-3483.849,-3934.609,-2943.531,-0.6539843,-0.001967755,0.756505,0.0009541899;
custom,killcuboid,cannonregionmat,25.62561,0.8718659,0.8088538,0,1,1,1,1,1,-3192.384,-3918.04,-2959.626,-0.6531613,-0.001968795,0.7572156,0.0009520509;
custom,killcuboid,cannonregionmat,25.62561,0.8718659,0.8088538,0,1,1,1,1,1,-2908.615,-3899.092,-2989.62,-0.6531613,-0.001968795,0.7572156,0.0009520509;
custom,killcuboid,cannonregionmat,25.62561,0.8718659,0.8088538,0,1,1,1,1,1,-2571.76,-3853.663,-3026.648,-0.6601783,-0.001959852,0.7511058,0.0009703279;
custom,killcuboid,cannonregionmat,25.62561,0.8718659,0.8088538,0,1,1,1,1,1,-2288.969,-3776.912,-3055.883,-0.6531613,-0.001968795,0.7572156,0.0009520509;
custom,killcuboid,cannonregionmat,25.62561,0.8718659,0.8088538,0,1,1,1,1,1,-1958.289,-3943.415,-3089.837,-0.6531613,-0.001968795,0.7572156,0.0009520509;
misc,barrier,30.87572,28.77017,1,-4585.742,-3862.317,-2733.113,0,0,0,1;
custom,killcuboid,barriereditormat,30.87572,28.77017,1,0,1,1,1,1,5,-4585.742,-3862.317,-2733.113,0,0,0,1;
custom,killcuboid,barriereditormat,18.52542,23.01611,0.5,0,1,1,1,1,5,-4585.742,-3862.317,-2733.113,0,0,0,1;
racing,killCuboid,281.7968,2.722049,-51.03082,-3051.05,-3719.856,-3033.361,0,0.04814577,0,0.9988403;
racing,checkpointCuboid,3,7.382291,16.57461,-1665.476,-3977.238,-3111.421,0,0.05842615,0,0.9982917;
custom,cuboid,default,4.824412,1.069799,18.39541,1,0.3636364,0.4204546,1,1,1,-1669.875,-4007.096,-3110.297,0,0.05209041,0,0.9986424;
misc,barrier,37.39687,25.04782,1.160123,-1649.16,-3824.052,-3118.962,0,-0.6678072,0,0.7443343;
custom,killcuboid,barriereditormat,37.39687,25.04782,1.160123,0,1,1,1,1,5,-1649.16,-3824.052,-3118.962,0,-0.6678072,0,0.7443343;
custom,cuboid,stone6,3.264646,2.300108,18.69461,0,1,1,1,1,1,-1607.43,-4013.363,-3122.938,0,0.05223871,0,0.9986347;
custom,cuboid,ice1,18.59302,2.629241,2.946959,0,1,1,1,1,1,-1636.874,-4015.414,-3119.677,0,0.7413968,0,0.6710669;
custom,cuboid,ice1,18.59302,2.629241,2.946959,0,1,1,1,1,1,-1576.199,-4015.414,-3126.249,0,0.7413968,0,0.6710669;
custom,cuboid,stone6,3.264646,2.300108,18.69461,0,1,1,1,1,1,-1546.758,-4013.363,-3129.51,0,0.05223871,0,0.9986347;
custom,cuboid,ice1,18.59302,2.629241,2.946959,0,1,1,1,1,1,-1517.965,-4015.414,-3131.366,0,0.7413968,0,0.6710669;
custom,cuboid,stone6,3.264646,2.300108,18.69461,0,1,1,1,1,1,-1488.521,-4013.363,-3134.628,0,0.05223871,0,0.9986347;
custom,cuboid,ice1,18.59302,2.629241,2.946959,0,1,1,1,1,1,-1457.29,-4015.414,-3137.939,0,0.7413968,0,0.6710669;
custom,cuboid,stone6,3.264646,2.300108,18.69461,0,1,1,1,1,1,-1427.846,-4013.363,-3141.2,0,0.05223871,0,0.9986347;
custom,cuboid,ice1,18.59302,2.629241,2.946959,0,1,1,1,1,1,-1277.426,-4015.414,-3154.758,0,0.7413968,0,0.6710669;
custom,cuboid,stone6,3.264646,2.300108,18.69461,0,1,1,1,1,1,-1247.986,-4013.363,-3158.02,0,0.05223871,0,0.9986347;
custom,cuboid,ice1,18.59302,2.629241,2.946959,0,1,1,1,1,1,-1216.756,-4015.414,-3161.331,0,0.7413968,0,0.6710669;
custom,cuboid,stone6,3.264646,2.300108,18.69461,0,1,1,1,1,1,-1187.311,-4013.363,-3164.591,0,0.05223871,0,0.9986347;
custom,cuboid,stone6,3.264646,2.300108,18.69461,0,1,1,1,1,1,-1306.222,-4013.363,-3152.902,0,0.05223871,0,0.9986347;
custom,cuboid,ice1,18.59302,2.629241,2.946959,0,1,1,1,1,1,-1335.664,-4015.414,-3149.641,0,0.7413968,0,0.6710669;
custom,cuboid,stone6,3.264646,2.300108,18.69461,0,1,1,1,1,1,-1366.896,-4013.363,-3146.329,0,0.05223871,0,0.9986347;
custom,cuboid,ice1,18.59302,2.629241,2.946959,0,1,1,1,1,1,-1396.339,-4015.414,-3143.067,0,0.7413968,0,0.6710669;
custom,cuboid,ice1,18.59302,2.629241,2.946959,0,1,1,1,1,1,-1040.748,-4015.414,-3180.613,0,0.7413968,0,0.6710669;
custom,cuboid,stone6,3.264646,2.300108,18.69461,0,1,1,1,1,1,-1011.304,-4013.363,-3183.874,0,0.05223871,0,0.9986347;
custom,cuboid,ice1,18.59302,2.629241,2.946959,0,1,1,1,1,1,-980.0735,-4015.414,-3187.186,0,0.7413968,0,0.6710669;
custom,cuboid,stone6,3.264646,2.300108,18.69461,0,1,1,1,1,1,-950.6338,-4013.363,-3190.447,0,0.05223871,0,0.9986347;
custom,cuboid,stone6,3.264646,2.300108,18.69461,0,1,1,1,1,1,-1069.542,-4013.363,-3178.756,0,0.05223871,0,0.9986347;
custom,cuboid,ice1,18.59302,2.629241,2.946959,0,1,1,1,1,1,-1098.983,-4015.414,-3175.495,0,0.7413968,0,0.6710669;
custom,cuboid,stone6,3.264646,2.300108,18.69461,0,1,1,1,1,1,-1130.216,-4013.363,-3172.184,0,0.05223871,0,0.9986347;
custom,cuboid,ice1,18.59302,2.629241,2.946959,0,1,1,1,1,1,-1159.66,-4015.414,-3168.923,0,0.7413968,0,0.6710669;
custom,cuboid,stone6,3.264646,2.300108,18.69461,0,1,1,1,1,1,-1606.202,-3982.658,-3025.237,-0.6997519,0.06921584,-0.00523541,0.7110057;
custom,cuboid,ice1,18.59302,2.629241,2.946959,0,1,1,1,1,1,-1574.92,-3986.016,-3026.056,-0.4923468,0.5505596,-0.4972656,0.4551984;
custom,cuboid,stone6,3.264646,2.300108,18.69461,0,1,1,1,1,1,-1545.785,-3989.231,-3030.798,-0.6997519,0.06921584,-0.00523541,0.7110057;
custom,cuboid,ice1,18.59302,2.629241,2.946959,0,1,1,1,1,1,-1516.927,-3991.132,-3031.369,-0.4923468,0.5505596,-0.4972656,0.4551984;
custom,cuboid,stone6,3.264646,2.300108,18.69461,0,1,1,1,1,1,-1487.794,-3994.344,-3036.115,-0.6997519,0.06921584,-0.00523541,0.7110057;
custom,cuboid,ice1,18.59302,2.629241,2.946959,0,1,1,1,1,1,-1456.509,-3997.702,-3036.931,-0.4923468,0.5505596,-0.4972656,0.4551984;
custom,cuboid,stone6,3.264646,2.300108,18.69461,0,1,1,1,1,1,-1427.373,-4000.92,-3041.676,-0.6997519,0.06921584,-0.00523541,0.7110057;
custom,cuboid,ice1,18.59302,2.629241,2.946959,0,1,1,1,1,1,-1277.396,-4014.52,-3053.363,-0.4923468,0.5505596,-0.4972656,0.4551984;
custom,cuboid,stone6,3.264646,2.300108,18.69461,0,1,1,1,1,1,-1248.265,-4017.735,-3058.11,-0.6997519,0.06921584,-0.00523541,0.7110057;
custom,cuboid,ice1,18.59302,2.629241,2.946959,0,1,1,1,1,1,-1216.982,-4021.088,-3058.926,-0.4923468,0.5505596,-0.4972656,0.4551984;
custom,cuboid,stone6,3.264646,2.300108,18.69461,0,1,1,1,1,1,-1187.846,-4024.306,-3063.67,-0.6997519,0.06921584,-0.00523541,0.7110057;
custom,cuboid,stone6,3.264646,2.300108,18.69461,0,1,1,1,1,1,-1306.259,-4012.619,-3052.793,-0.6997519,0.06921584,-0.00523541,0.7110057;
custom,cuboid,ice1,18.59302,2.629241,2.946959,0,1,1,1,1,1,-1335.393,-4009.399,-3048.054,-0.4923468,0.5505596,-0.4972656,0.4551984;
custom,cuboid,stone6,3.264646,2.300108,18.69461,0,1,1,1,1,1,-1366.677,-4006.048,-3047.231,-0.6997519,0.06921584,-0.00523541,0.7110057;
custom,cuboid,ice1,18.59302,2.629241,2.946959,0,1,1,1,1,1,-1395.814,-4002.829,-3042.488,-0.4923468,0.5505596,-0.4972656,0.4551984;
custom,cuboid,ice1,18.59302,2.629241,2.946959,0,1,1,1,1,1,-1041.716,-4040.368,-3075.064,-0.4923468,0.5505596,-0.4972656,0.4551984;
custom,cuboid,stone6,3.264646,2.300108,18.69461,0,1,1,1,1,1,-1014.004,-4043.586,-3088.02,-0.6997519,0.06921584,-0.00523541,0.7110057;
custom,cuboid,ice1,18.59302,2.629241,2.946959,0,1,1,1,1,1,-988.8505,-4046.936,-3105.103,-0.4923468,0.5505596,-0.4972656,0.4551984;
custom,cuboid,stone6,3.264646,2.300108,18.69461,0,1,1,1,1,1,-963.2129,-4050.156,-3121.32,-0.6997519,0.06921584,-0.00523541,0.7110057;
custom,cuboid,stone6,3.264646,2.300108,18.69461,0,1,1,1,1,1,-1070.573,-4038.467,-3074.495,-0.6997519,0.06921584,-0.00523541,0.7110057;
custom,cuboid,ice1,18.59302,2.629241,2.946959,0,1,1,1,1,1,-1099.706,-4035.25,-3069.75,-0.4923468,0.5505596,-0.4972656,0.4551984;
custom,cuboid,stone6,3.264646,2.300108,18.69461,0,1,1,1,1,1,-1130.991,-4031.899,-3068.93,-0.6997519,0.06921584,-0.00523541,0.7110057;
custom,cuboid,ice1,18.59302,2.629241,2.946959,0,1,1,1,1,1,-1160.129,-4028.68,-3064.189,-0.4923468,0.5505596,-0.4972656,0.4551984;
custom,cuboid,ice1,18.59302,2.629241,2.946959,0,1,1,1,1,1,-1635.339,-3979.444,-3020.493,-0.4923468,0.5505596,-0.4972656,0.4551984;
custom,cuboid,stone6,3.264646,2.300108,18.69461,0,1,1,1,1,1,-1606.202,-3982.658,-3219.418,-0.6997519,0.06921584,-0.00523541,0.7110057;
custom,cuboid,ice1,18.59302,2.629241,2.946959,0,1,1,1,1,1,-1574.92,-3986.016,-3220.236,-0.4923468,0.5505596,-0.4972656,0.4551984;
custom,cuboid,stone6,3.264646,2.300108,18.69461,0,1,1,1,1,1,-1545.785,-3989.231,-3224.979,-0.6997519,0.06921584,-0.00523541,0.7110057;
custom,cuboid,ice1,18.59302,2.629241,2.946959,0,1,1,1,1,1,-1516.927,-3991.132,-3225.55,-0.4923468,0.5505596,-0.4972656,0.4551984;
custom,cuboid,stone6,3.264646,2.300108,18.69461,0,1,1,1,1,1,-1487.794,-3994.344,-3230.295,-0.6997519,0.06921584,-0.00523541,0.7110057;
custom,cuboid,ice1,18.59302,2.629241,2.946959,0,1,1,1,1,1,-1456.509,-3997.702,-3231.111,-0.4923468,0.5505596,-0.4972656,0.4551984;
custom,cuboid,stone6,3.264646,2.300108,18.69461,0,1,1,1,1,1,-1427.373,-4000.92,-3235.855,-0.6997519,0.06921584,-0.00523541,0.7110057;
custom,cuboid,ice1,18.59302,2.629241,2.946959,0,1,1,1,1,1,-1277.396,-4014.52,-3247.543,-0.4923468,0.5505596,-0.4972656,0.4551984;
custom,cuboid,stone6,3.264646,2.300108,18.69461,0,1,1,1,1,1,-1248.265,-4017.735,-3252.29,-0.6997519,0.06921584,-0.00523541,0.7110057;
custom,cuboid,ice1,18.59302,2.629241,2.946959,0,1,1,1,1,1,-1216.982,-4021.088,-3253.105,-0.4923468,0.5505596,-0.4972656,0.4551984;
custom,cuboid,stone6,3.264646,2.300108,18.69461,0,1,1,1,1,1,-1187.846,-4024.306,-3257.852,-0.6997519,0.06921584,-0.00523541,0.7110057;
custom,cuboid,stone6,3.264646,2.300108,18.69461,0,1,1,1,1,1,-1306.259,-4012.619,-3246.972,-0.6997519,0.06921584,-0.00523541,0.7110057;
custom,cuboid,ice1,18.59302,2.629241,2.946959,0,1,1,1,1,1,-1335.393,-4009.399,-3242.234,-0.4923468,0.5505596,-0.4972656,0.4551984;
custom,cuboid,stone6,3.264646,2.300108,18.69461,0,1,1,1,1,1,-1366.677,-4006.048,-3241.411,-0.6997519,0.06921584,-0.00523541,0.7110057;
custom,cuboid,ice1,18.59302,2.629241,2.946959,0,1,1,1,1,1,-1395.814,-4002.829,-3236.668,-0.4923468,0.5505596,-0.4972656,0.4551984;
custom,cuboid,ice1,18.59302,2.629241,2.946959,0,1,1,1,1,1,-1041.716,-4040.368,-3269.245,-0.4923468,0.5505596,-0.4972656,0.4551984;
custom,cuboid,stone6,3.264646,2.300108,18.69461,0,1,1,1,1,1,-1018.331,-4043.586,-3258.361,-0.6997519,0.06921584,-0.00523541,0.7110057;
custom,cuboid,ice1,18.59302,2.629241,2.946959,0,1,1,1,1,1,-990.3552,-4046.936,-3246.574,-0.4923468,0.5505596,-0.4972656,0.4551984;
custom,cuboid,stone6,3.264646,2.300108,18.69461,0,1,1,1,1,1,-962.5886,-4050.156,-3234.17,-0.6997519,0.06921584,-0.00523541,0.7110057;
custom,cuboid,stone6,3.264646,2.300108,18.69461,0,1,1,1,1,1,-1070.573,-4038.467,-3268.677,-0.6997519,0.06921584,-0.00523541,0.7110057;
custom,cuboid,ice1,18.59302,2.629241,2.946959,0,1,1,1,1,1,-1099.706,-4035.25,-3263.931,-0.4923468,0.5505596,-0.4972656,0.4551984;
custom,cuboid,stone6,3.264646,2.300108,18.69461,0,1,1,1,1,1,-1130.991,-4031.899,-3263.11,-0.6997519,0.06921584,-0.00523541,0.7110057;
custom,cuboid,ice1,18.59302,2.629241,2.946959,0,1,1,1,1,1,-1160.129,-4028.68,-3258.369,-0.4923468,0.5505596,-0.4972656,0.4551984;
custom,cuboid,ice1,18.59302,2.629241,2.946959,0,1,1,1,1,1,-1635.339,-3979.444,-3214.674,-0.4923468,0.5505596,-0.4972656,0.4551984;
custom,cuboid,cannonballtrail,17.16984,2,21.79192,0,1,1,1,2,2,-1564.631,-3888.788,-3119.321,-0.002850053,0.04547651,-0.0624833,0.9970053;
custom,cuboid,cannonballtrail,17.16984,2,21.79192,0,1,1,1,2,2,-1401.333,-3909.556,-3136.268,-0.002850053,0.04547651,-0.0624833,0.9970053;
custom,cuboid,cannonballtrail,24.07509,2,21.79192,0,1,1,1,2,2,-1061.841,-3939.23,-3167.96,-0.00244825,0.04549995,-0.05367434,0.9975184;
custom,cuboid,cannonballtrail,17.16984,2,21.79192,0,1,1,1,2,2,-1237.127,-3925.648,-3151.014,-0.002850053,0.04547651,-0.0624833,0.9970053;
misc,barrier,30.63109,73.37929,1.131791,-1294.233,-4007.088,-3158.165,0.5282767,-0.4695751,0.4701279,0.5285856;
custom,killcuboid,barriereditormat,30.63109,73.37929,1.131791,0,1,1,1,1,5,-1294.233,-4007.088,-3158.165,0.5282767,-0.4695751,0.4701279,0.5285856;
custom,cuboid,cannonwallmat,2,2,2,0,1,1,1,2,2,686.9583,-9169.806,2381.799,0,0,0,1;
custom,cuboid,default,38.76619,2.139043,11.52098,1,0.3636364,0.4204546,1,1,1,3739.163,-3366.785,-2570.877,0.9997353,3.739718E-05,-0.02300512,0.0003103322;
custom,cuboid,default,10.04833,1.069799,18.39541,1,0.3636364,0.4204546,1,1,1,4363.418,-3326.155,1885.467,0.03686946,0.03679749,0.7068366,0.7054564;
custom,cuboid,default,0.869658,1.030951,0.5050605,1,0,0,0,1,1,-4683.247,-3342.094,2238.12,0,0.9999588,0,-0.009077087;
custom,cuboid,default,1,1,0.4708141,1,0,0,0,1,1,-4742.185,-3322.339,2199.571,0,0.9999588,0,-0.009077087;
custom,cuboid,default,1,1,0.4708141,1,0,0,0,1,1,-4742.185,-3342.352,2200.327,0,0.9999588,0,-0.009077087;
custom,cuboid,default,1,1,0.4708141,1,0,0,0,1,1,-4742.185,-3322.339,2199.571,0,0.9999588,0,-0.009077087;
custom,cuboid,default,1.074939,1.029245,0.4573022,1,0,0,0,1,1,-4748.099,-3312.592,2207.37,0,0.7110143,0,0.7031776;
custom,cuboid,default,1.074939,1.029245,0.4573022,1,0,0,0,1,1,-4748.099,-3332.668,2207.598,0,0.7110143,0,0.7031776;
custom,cuboid,default,1.247005,1.029245,0.4573022,1,0,0,0,1,1,-4748.099,-3352.215,2207.06,0,0.7110143,0,0.7031776;
custom,cuboid,default,1.267955,1.029245,0.4573022,1,0,0,0,1,1,-4748.099,-3352.215,2230.828,0,0.7110143,0,0.7031776;
custom,cuboid,default,1.246936,1.029245,0.4573022,1,0,0,0,1,1,-4748.099,-3332.239,2230.828,0,0.7110143,0,0.7031776;
custom,cuboid,default,1.279826,1.029245,0.4573022,1,0,0,0,1,1,-4748.099,-3311.93,2230.828,0,0.7110143,0,0.7031776;
custom,cuboid,default,1.164512,0.9943789,0.5222395,1,0,0,0,1,1,-4748.099,-3322.345,2218.592,0,0.7110143,0,0.7031776;
custom,cuboid,default,1.164512,0.9943789,0.5222395,1,0,0,0,1,1,-4748.099,-3342.467,2218.592,0,0.7110143,0,0.7031776;
racing,killCuboid,1.205,9.000475,21.7,4360.202,-3313.449,1879.786,0,0.05544367,0,0.9984618;
base,UI/greenFlareHint,default,42.1557,42.1557,42.1557,0,1,1,1,1,1,4274.618,-3324.285,1812.839,0,0.9428765,0,0.3331424;
base,UI/greenFlareHint,default,42.1557,42.1557,42.1557,0,1,1,1,1,1,4274.618,-3324.285,1812.839,0,0.9428765,0,0.3331424;
base,UI/greenFlareHint,default,42.1557,42.1557,42.1557,0,1,1,1,1,1,4306.612,-3324.285,1984.453,0,0.8771974,0,-0.4801298;
base,UI/greenFlareHint,default,42.1557,42.1557,42.1557,0,1,1,1,1,1,4306.612,-3324.285,1984.453,0,0.8771974,0,-0.4801298;
custom,cuboid,default,39.53432,2.139043,11.52098,1,0.3636364,0.4204546,1,1,1,3741.893,-3320.813,-2513.928,0.6976565,-0.0201548,-0.01247249,-0.7160403;
custom,cuboid,default,11.16782,2.139043,11.52098,1,0.3636364,0.4204546,1,1,1,3861.923,-3320.813,-2579.186,0.4981692,0.4888333,0.5074089,-0.5053768;
racing,checkpointCuboid,9.242193,7.382291,1702.901,-4807.847,-3321.891,-1946.305,0,-0.6804889,0,0.7327584;
base,UI/greenFlareHint,default,42.1557,42.1557,42.1557,0,1,1,1,1,1,3685.053,-3324.285,-2479.708,0,-0.4065792,0,0.9136156;
base,UI/greenFlareHint,default,42.1557,42.1557,42.1557,0,1,1,1,1,1,3685.053,-3324.285,-2479.708,0,-0.4065792,0,0.9136156;
base,UI/greenFlareHint,default,42.1557,42.1557,42.1557,0,1,1,1,1,1,3680.485,-3324.285,-2654.219,0,0.4093398,0,0.912382;
base,UI/greenFlareHint,default,42.1557,42.1557,42.1557,0,1,1,1,1,1,3680.485,-3324.285,-2654.219,0,0.4093398,0,0.912382;
custom,cuboid,default,39.53432,2.139043,11.52098,1,0.3636364,0.4204546,1,1,1,3741.893,-3320.813,-2628.296,0.6976565,-0.0201548,-0.01247249,-0.7160403;
custom,cuboid,default,11.16782,2.139043,11.52098,1,0.3636364,0.4204546,1,1,1,3649.166,-3320.813,-2563.826,0.4981692,0.4888333,0.5074089,-0.5053768;
custom,cuboid,default,38.76619,2.139043,11.52098,1,0.3636364,0.4204546,1,1,1,3739.163,-3267.006,-2570.877,0.9997353,3.739718E-05,-0.02300512,0.0003103322;
base,UI/greenFlareHint,default,42.1557,42.1557,42.1557,0,1,1,1,1,1,3723.854,-3324.285,-2479.708,0,-0.4065792,0,0.9136156;
base,UI/greenFlareHint,default,42.1557,42.1557,42.1557,0,1,1,1,1,1,3723.854,-3324.285,-2479.708,0,-0.4065792,0,0.9136156;
base,UI/greenFlareHint,default,42.1557,42.1557,42.1557,0,1,1,1,1,1,3719.286,-3324.285,-2654.219,0,0.4093398,0,0.912382;
base,UI/greenFlareHint,default,42.1557,42.1557,42.1557,0,1,1,1,1,1,3719.286,-3324.285,-2654.219,0,0.4093398,0,0.912382;
base,UI/greenFlareHint,default,42.1557,42.1557,42.1557,0,1,1,1,1,1,3754.606,-3324.285,-2479.708,0,-0.4065792,0,0.9136156;
base,UI/greenFlareHint,default,42.1557,42.1557,42.1557,0,1,1,1,1,1,3754.606,-3324.285,-2479.708,0,-0.4065792,0,0.9136156;
base,UI/greenFlareHint,default,42.1557,42.1557,42.1557,0,1,1,1,1,1,3750.038,-3324.285,-2654.219,0,0.4093398,0,0.912382;
base,UI/greenFlareHint,default,42.1557,42.1557,42.1557,0,1,1,1,1,1,3750.038,-3324.285,-2654.219,0,0.4093398,0,0.912382;
racing,killCuboid,7.069118,7.020371,3.870721,3659.822,-3322.343,-2570.854,0,0.7382905,0,0.6744829;
custom,cuboid,default,38.76619,2.139043,11.52098,1,0.3636364,0.4204546,1,1,1,-4763.277,-3371.384,-1961.13,0.9997353,3.739718E-05,-0.02300512,0.0003103322;
custom,cuboid,default,39.53432,2.139043,11.52098,1,0.3636364,0.4204546,1,1,1,-4760.547,-3325.412,-1904.181,0.6976565,-0.0201548,-0.01247249,-0.7160403;
custom,cuboid,default,11.16782,2.139043,11.52098,1,0.3636364,0.4204546,1,1,1,-4746.454,-3325.412,-1969.439,0.4981692,0.4888333,0.5074089,-0.5053768;
custom,cuboid,default,11.16782,2.139043,11.52098,1,0.3636364,0.4204546,1,1,1,-4853.274,-3325.412,-1954.079,0.4981692,0.4888333,0.5074089,-0.5053768;
custom,cuboid,default,38.76619,2.139043,11.52098,1,0.3636364,0.4204546,1,1,1,-4763.277,-3289.877,-1961.13,0.9997353,3.739718E-05,-0.02300512,0.0003103322;
base,UI/greenFlareHint,default,36.20749,42.1557,42.1557,0,1,1,1,1,1,-4874.765,-3328.884,-1960.065,0,-0.9277859,0,0.3731131;
base,UI/greenFlareHint,default,36.20749,42.1557,42.1557,0,1,1,1,1,1,-4874.765,-3328.884,-1960.065,0,-0.9277859,0,0.3731131;
base,UI/greenFlareHint,default,36.20749,42.1557,42.1557,0,1,1,1,1,1,-4725.071,-3328.884,-1970.097,0,-0.3410157,0,0.9400576;
base,UI/greenFlareHint,default,36.20749,42.1557,42.1557,0,1,1,1,1,1,-4725.071,-3328.884,-1970.097,0,-0.3410157,0,0.9400576;
custom,cuboid,stone6,3.264646,2.300108,17.51258,0,1,1,1,1,1,-4808.359,-3369.094,-1957.48,0,-0.7138018,0,0.7003478;
custom,cuboid,ice1,17.58156,2.573387,2.733057,0,1,1,1,1,1,-4809.271,-3370.489,-1927.112,0,-0.008690551,0,0.9999623;
custom,cuboid,ice1,17.58156,2.573387,2.733057,0,1,1,1,1,1,-4808.217,-3370.489,-1986.65,0,-0.008690551,0,0.9999623;
custom,cuboid,stone6,3.264646,2.300108,17.51258,0,1,1,1,1,1,-4807.304,-3369.094,-2017.018,0,-0.7138018,0,0.7003478;
custom,cuboid,ice1,17.58156,2.573387,2.733057,0,1,1,1,1,1,-4805.481,-3370.489,-2104.447,0,-0.008690551,0,0.9999623;
custom,cuboid,stone6,3.264646,2.300108,17.51258,0,1,1,1,1,1,-4804.569,-3369.094,-2134.816,0,-0.7138018,0,0.7003478;
custom,cuboid,ice1,17.58156,2.573387,2.733057,0,1,1,1,1,1,-4806.536,-3370.489,-2044.91,0,-0.008690551,0,0.9999623;
custom,cuboid,stone6,3.264646,2.300108,17.51258,0,1,1,1,1,1,-4805.624,-3369.094,-2075.279,0,-0.7138018,0,0.7003478;
custom,cuboid,ice1,17.58156,2.573387,2.733057,0,1,1,1,1,1,-4803.222,-3370.489,-2223.43,0,-0.008690551,0,0.9999623;
custom,cuboid,stone6,3.264646,2.300108,17.51258,0,1,1,1,1,1,-4802.309,-3369.094,-2253.8,0,-0.7138018,0,0.7003478;
custom,cuboid,ice1,17.58156,2.573387,2.733057,0,1,1,1,1,1,-4804.276,-3370.489,-2163.894,0,-0.008690551,0,0.9999623;
custom,cuboid,stone6,3.264646,2.300108,17.51258,0,1,1,1,1,1,-4803.364,-3369.094,-2194.262,0,-0.7138018,0,0.7003478;
custom,cuboid,ice1,17.58156,2.573387,2.733057,0,1,1,1,1,1,-4797.708,-3370.489,-2461.336,0,-0.008690551,0,0.9999623;
custom,cuboid,stone6,3.264646,2.300108,17.51258,0,1,1,1,1,1,-4796.795,-3369.094,-2491.705,0,-0.7138018,0,0.7003478;
custom,cuboid,ice1,17.58156,2.573387,2.733057,0,1,1,1,1,1,-4798.763,-3370.489,-2401.799,0,-0.008690551,0,0.9999623;
custom,cuboid,stone6,3.264646,2.300108,17.51258,0,1,1,1,1,1,-4797.85,-3369.094,-2432.168,0,-0.7138018,0,0.7003478;
custom,cuboid,ice1,17.58156,2.573387,2.733057,0,1,1,1,1,1,-4801.022,-3370.489,-2282.816,0,-0.008690551,0,0.9999623;
custom,cuboid,stone6,3.264646,2.300108,17.51258,0,1,1,1,1,1,-4800.11,-3369.094,-2313.184,0,-0.7138018,0,0.7003478;
custom,cuboid,ice1,17.58156,2.573387,2.733057,0,1,1,1,1,1,-4799.968,-3370.489,-2342.353,0,-0.008690551,0,0.9999623;
custom,cuboid,stone6,3.264646,2.300108,17.51258,0,1,1,1,1,1,-4799.055,-3369.094,-2372.722,0,-0.7138018,0,0.7003478;
custom,cuboid,ice1,17.58156,2.573387,2.733057,0,1,1,1,1,1,-4791.986,-3370.489,-2695.164,0,-0.008690551,0,0.9999623;
custom,cuboid,stone6,3.264646,2.300108,17.51258,0,1,1,1,1,1,-4791.074,-3369.094,-2725.533,0,-0.7138018,0,0.7003478;
custom,cuboid,ice1,17.58156,2.573387,2.733057,0,1,1,1,1,1,-4793.041,-3370.489,-2635.627,0,-0.008690551,0,0.9999623;
custom,cuboid,stone6,3.264646,2.300108,17.51258,0,1,1,1,1,1,-4792.128,-3369.094,-2665.996,0,-0.7138018,0,0.7003478;
custom,cuboid,ice1,17.58156,2.573387,2.733057,0,1,1,1,1,1,-4795.301,-3370.489,-2516.644,0,-0.008690551,0,0.9999623;
custom,cuboid,stone6,3.264646,2.300108,17.51258,0,1,1,1,1,1,-4794.388,-3369.094,-2547.013,0,-0.7138018,0,0.7003478;
custom,cuboid,ice1,17.58156,2.573387,2.733057,0,1,1,1,1,1,-4794.246,-3370.489,-2576.181,0,-0.008690551,0,0.9999623;
custom,cuboid,stone6,3.264646,2.300108,17.51258,0,1,1,1,1,1,-4793.333,-3369.094,-2606.55,0,-0.7138018,0,0.7003478;
custom,cuboid,stone6,5.094013,7.612102,85.07626,0,1,1,1,1,1,-4719.901,-3321.896,-2403.806,0,-0.9999864,0,-0.005233144;
custom,cuboid,ice1,85.59173,7.143594,4.673096,0,1,1,1,1,1,-4861.273,-3322.685,-2405.233,0,-0.7193083,0,0.6946911;
custom,cuboid,ice1,6.877314,9.334794,7.754088,0,1,1,1,1,1,-262.9404,-39.12594,222.4882,0,0.9999995,0,-0.001033194;
custom,cuboid,stone6,6.877314,11.45383,7.754088,0,1,1,1,1,1,-193.4456,-49.49866,223.6416,0,0.9999835,0,-0.005740137;
custom,cuboid,ice1,6.877314,9.334794,7.754088,0,1,1,1,1,1,-262.9404,-38.76785,68.55518,0,0.9999995,0,-0.001033194;
custom,cuboid,stone6,6.877314,11.45383,7.754088,0,1,1,1,1,1,-193.4456,-49.27076,69.7083,0,0.9999835,0,-0.005740137;
custom,cuboid,ice1,6.877314,9.334794,7.754088,0,1,1,1,1,1,-263.6782,-38.251,-82.12079,0,0.9999995,0,-0.001033194;
custom,cuboid,stone6,6.877314,11.45383,7.754088,0,1,1,1,1,1,-194.1823,-49.24903,-80.96779,0,0.9999835,0,-0.005740137;
custom,cuboid,ice1,6.877314,9.334794,8.178091,0,1,1,1,1,1,-263.6782,-38.8948,-238.9335,0,0.9999995,0,-0.001033194;
custom,cuboid,stone6,6.877314,11.45383,8.178091,0,1,1,1,1,1,-194.1823,-49.07569,-237.8119,0,0.9999835,0,-0.005740137;
custom,cuboid,ice1,6.877314,9.334794,12.78101,0,1,1,1,1,1,-195.0759,-38.94674,-164.4732,0,-0.0007221442,0,-0.9999998;
custom,cuboid,stone6,6.877314,11.45383,7.754088,0,1,1,1,1,1,-264.5726,-49.59229,144.6939,0,-0.005429145,0,-0.9999853;
custom,cuboid,ice1,6.877314,9.334794,7.754088,0,1,1,1,1,1,-195.0759,-38.74435,145.8954,0,-0.0007221442,0,-0.9999998;
custom,cuboid,stone6,6.877314,11.45383,12.78101,0,1,1,1,1,1,-264.5726,-49.69409,-165.3381,0,-0.005429145,0,-0.9999853;
custom,cuboid,ice1,6.877314,9.334794,7.754088,0,1,1,1,1,1,-195.0759,-38.92794,-6.360777,0,-0.0007221442,0,-0.9999998;
custom,cuboid,stone6,6.877314,11.45383,7.754088,0,1,1,1,1,1,-264.5726,-49.49866,-7.562206,0,-0.005429145,0,-0.9999853;
custom,cuboid,ice1,6.877314,9.334794,8.296319,0,1,1,1,1,1,-195.0759,-38.21603,-311.3096,0,-0.0007221442,0,-0.9999998;
custom,cuboid,stone6,6.877314,11.45383,8.296319,0,1,1,1,1,1,-264.5726,-48.95863,-312.4746,0,-0.005429145,0,-0.9999853;
custom,sphere,default,1,1,0.9931378,0,1,1,1,1,1,-264.4877,34.50725,-236.982,0,0.9776834,0,0.2100838;
custom,cone,default,0.5,0.5,0.4965689,0,1,1,1,1,1,-263.7937,14.99324,-237.674,0,0.2732375,0,0.9619466;
custom,cuboid,ice1,6.877314,9.334794,7.754088,0,1,1,1,1,1,-126.6994,-39.12594,222.4882,0,0.9999995,0,-0.001033194;
custom,cuboid,stone6,6.877314,11.45383,7.754088,0,1,1,1,1,1,-57.20471,-49.49866,221.9209,0,0.9999835,0,-0.005740137;
custom,cuboid,ice1,6.877314,9.334794,7.754088,0,1,1,1,1,1,-126.6994,-38.76785,68.55518,0,0.9999995,0,-0.001033194;
custom,cuboid,stone6,6.877314,11.45383,7.754088,0,1,1,1,1,1,-57.20471,-49.27076,67.98758,0,0.9999835,0,-0.005740137;
custom,cuboid,ice1,6.877314,9.334794,7.754088,0,1,1,1,1,1,-127.437,-38.251,-82.12079,0,0.9999995,0,-0.001033194;
custom,cuboid,stone6,6.877314,11.45383,7.754088,0,1,1,1,1,1,-57.94159,-49.24903,-82.68848,0,0.9999835,0,-0.005740137;
custom,cuboid,ice1,6.877314,9.334794,8.178091,0,1,1,1,1,1,-127.437,-38.8948,-238.9335,0,0.9999995,0,-0.001033194;
custom,cuboid,stone6,6.877314,11.45383,8.178091,0,1,1,1,1,1,-57.94159,-49.07569,-239.5326,0,0.9999835,0,-0.005740137;
custom,cuboid,ice1,6.877314,9.334794,12.78101,0,1,1,1,1,1,-58.83508,-38.94674,-166.1939,0,-0.0007221442,0,-0.9999998;
custom,cuboid,stone6,6.877314,11.45383,7.754088,0,1,1,1,1,1,-128.3316,-49.59229,144.6939,0,-0.005429145,0,-0.9999853;
custom,cuboid,ice1,6.877314,9.334794,7.754088,0,1,1,1,1,1,-58.83508,-38.74435,144.1747,0,-0.0007221442,0,-0.9999998;
custom,cuboid,stone6,6.877314,11.45383,12.78101,0,1,1,1,1,1,-128.3316,-49.69409,-165.3381,0,-0.005429145,0,-0.9999853;
custom,cuboid,ice1,6.877314,9.334794,7.754088,0,1,1,1,1,1,-58.83508,-38.92794,-8.08148,0,-0.0007221442,0,-0.9999998;
custom,cuboid,stone6,6.877314,11.45383,7.754088,0,1,1,1,1,1,-128.3316,-49.49866,-7.562206,0,-0.005429145,0,-0.9999853;
custom,cuboid,ice1,6.877314,9.334794,8.296319,0,1,1,1,1,1,-58.83508,-38.21603,-313.0303,0,-0.0007221442,0,-0.9999998;
custom,cuboid,stone6,6.877314,11.45383,8.296319,0,1,1,1,1,1,-128.3316,-48.95863,-312.4746,0,-0.005429145,0,-0.9999853;
custom,cuboid,ice1,6.877314,9.334794,7.754088,0,1,1,1,1,1,9.772827,-39.12594,222.4882,0,0.9999995,0,-0.001033194;
custom,cuboid,stone6,6.877314,11.45383,7.754088,0,1,1,1,1,1,79.26709,-49.49866,221.9209,0,0.9999835,0,-0.005740137;
custom,cuboid,ice1,6.877314,9.334794,7.754088,0,1,1,1,1,1,9.772827,-38.76785,68.55518,0,0.9999995,0,-0.001033194;
custom,cuboid,stone6,6.877314,11.45383,7.754088,0,1,1,1,1,1,79.26709,-49.27076,67.98758,0,0.9999835,0,-0.005740137;
custom,cuboid,ice1,6.877314,9.334794,7.754088,0,1,1,1,1,1,9.035034,-38.251,-82.12079,0,0.9999995,0,-0.001033194;
custom,cuboid,stone6,6.877314,11.45383,7.754088,0,1,1,1,1,1,78.53021,-49.24903,-82.68848,0,0.9999835,0,-0.005740137;
custom,cuboid,ice1,6.877314,9.334794,8.178091,0,1,1,1,1,1,9.035034,-38.8948,-238.9335,0,0.9999995,0,-0.001033194;
custom,cuboid,stone6,6.877314,11.45383,8.178091,0,1,1,1,1,1,78.53021,-49.07569,-239.5326,0,0.9999835,0,-0.005740137;
custom,cuboid,ice1,6.877314,9.334794,12.78101,0,1,1,1,1,1,77.63672,-38.94674,-166.1939,0,-0.0007221442,0,-0.9999998;
custom,cuboid,stone6,6.877314,11.45383,7.754088,0,1,1,1,1,1,8.140564,-49.59229,144.6939,0,-0.005429145,0,-0.9999853;
custom,cuboid,ice1,6.877314,9.334794,7.754088,0,1,1,1,1,1,77.63672,-38.74435,144.1747,0,-0.0007221442,0,-0.9999998;
custom,cuboid,stone6,6.877314,11.45383,12.78101,0,1,1,1,1,1,8.140564,-49.69409,-165.3381,0,-0.005429145,0,-0.9999853;
custom,cuboid,ice1,6.877314,9.334794,7.754088,0,1,1,1,1,1,77.63672,-38.92794,-8.08148,0,-0.0007221442,0,-0.9999998;
custom,cuboid,stone6,6.877314,11.45383,7.754088,0,1,1,1,1,1,8.140564,-49.49866,-7.562206,0,-0.005429145,0,-0.9999853;
custom,cuboid,ice1,6.877314,9.334794,8.296319,0,1,1,1,1,1,77.63672,-38.21603,-313.0303,0,-0.0007221442,0,-0.9999998;
custom,cuboid,stone6,6.877314,11.45383,8.296319,0,1,1,1,1,1,8.140564,-48.95863,-312.4746,0,-0.005429145,0,-0.9999853;
custom,cuboid,ice1,6.877314,9.334794,7.754088,0,1,1,1,1,1,146.0125,-39.12594,222.4882,0,0.9999995,0,-0.001033194;
custom,cuboid,stone6,6.877314,11.45383,7.754088,0,1,1,1,1,1,215.5068,-49.49866,221.9209,0,0.9999835,0,-0.005740137;
custom,cuboid,ice1,6.877314,9.334794,7.754088,0,1,1,1,1,1,146.0125,-38.76785,68.55518,0,0.9999995,0,-0.001033194;
custom,cuboid,stone6,6.877314,11.45383,7.754088,0,1,1,1,1,1,215.5068,-49.27076,67.98758,0,0.9999835,0,-0.005740137;
custom,cuboid,ice1,6.877314,9.334794,7.754088,0,1,1,1,1,1,145.2747,-38.251,-82.12079,0,0.9999995,0,-0.001033194;
custom,cuboid,stone6,6.877314,11.45383,7.754088,0,1,1,1,1,1,214.7699,-49.24903,-82.68848,0,0.9999835,0,-0.005740137;
custom,cuboid,ice1,6.877314,9.334794,8.178091,0,1,1,1,1,1,145.2747,-38.8948,-238.9335,0,0.9999995,0,-0.001033194;
custom,cuboid,stone6,6.877314,11.45383,8.178091,0,1,1,1,1,1,214.7699,-49.07569,-239.5326,0,0.9999835,0,-0.005740137;
custom,cuboid,ice1,6.877314,9.334794,12.78101,0,1,1,1,1,1,213.8764,-38.94674,-166.1939,0,-0.0007221442,0,-0.9999998;
custom,cuboid,stone6,6.877314,11.45383,7.754088,0,1,1,1,1,1,144.3802,-49.59229,144.6939,0,-0.005429145,0,-0.9999853;
custom,cuboid,ice1,6.877314,9.334794,7.754088,0,1,1,1,1,1,213.8764,-38.74435,144.1747,0,-0.0007221442,0,-0.9999998;
custom,cuboid,stone6,6.877314,11.45383,12.78101,0,1,1,1,1,1,144.3802,-49.69409,-165.3381,0,-0.005429145,0,-0.9999853;
custom,cuboid,ice1,6.877314,9.334794,7.754088,0,1,1,1,1,1,213.8764,-38.92794,-8.08148,0,-0.0007221442,0,-0.9999998;
custom,cuboid,stone6,6.877314,11.45383,7.754088,0,1,1,1,1,1,144.3802,-49.49866,-7.562206,0,-0.005429145,0,-0.9999853;
custom,cuboid,ice1,6.877314,9.334794,8.296319,0,1,1,1,1,1,213.8764,-38.21603,-313.0303,0,-0.0007221442,0,-0.9999998;
custom,cuboid,stone6,6.877314,11.45383,8.296319,0,1,1,1,1,1,144.3802,-48.95863,-312.4746,0,-0.005429145,0,-0.9999853;
racing,startCuboid,1,1,1,-248.1047,-2.852254,-346.0119,0,0.8291063,0,-0.559091;
custom,cylinder,default,0.5,0.5,0.4965689,0,1,1,1,1,1,-264.7783,26.30325,-236.8078,0,0.4402773,0,0.8978618;
custom,cylinder,stone6,2.879628,0.1786803,2.86491,0,1,1,1,1,1,143.3768,17.51814,219.2055,0,0.7418047,0,-0.670616;
custom,cone,stone6,0.5441179,0.5,0.4700608,0,1,1,1,1,1,143.5272,25.76542,220.2783,0.009979858,0.7547141,0.005431313,-0.6559555;
custom,tube,stone6,2.434894,0.5110126,2.289096,0,1,1,1,1,1,142.9672,10.3726,219.5687,0,0.6676496,0,-0.7444757;
custom,tube,stone6,1.76246,0.5110126,1.656716,0,1,1,1,1,1,142.9672,13.95337,219.5687,0,0.6676496,0,-0.7444757;
custom,capsule,stone6,1.523802,1.360836,0.86736,0,1,1,1,1,1,146.8888,31.45344,218.7967,0,0.7418047,0,-0.670616;
custom,pyramid,stone6,0.6393086,1.095624,0.4156286,0,1,1,1,1,1,138.2391,36.10385,219.0343,-0.6041996,0.3933083,-0.5897734,-0.363894;
custom,capsule,stone6,0.5,0.8711753,0.5673419,0,1,1,1,1,1,137.1088,39.65366,219.9397,0.3282,0.6468974,0.3630402,-0.5848166;
custom,tube,stone6,2.434894,0.5110126,2.289096,0,1,1,1,1,1,79.24603,9.841083,213.4283,0,-0.8504773,0,-0.5260118;
custom,tube,stone6,1.76246,0.5110126,1.656716,0,1,1,1,1,1,79.24603,13.42188,213.4283,0,-0.8504773,0,-0.5260118;
custom,cylinder,stone6,2.879628,0.1786803,2.86491,0,1,1,1,1,1,78.98785,16.98671,213.9111,0,-0.7908414,0,-0.6120212;
custom,cone,stone6,0.6336192,0.5822443,0.512507,0,1,1,1,1,1,77.90363,25.81016,213.3983,0,-0.8606422,0,-0.5092102;
custom,cylinder,stone6,1.135157,0.06965936,1.145348,0,1,1,1,1,1,78.98785,34.4608,213.9111,0,-0.7908414,0,-0.6120212;
custom,cylinder,stone6,1.656479,0.08769012,1.478111,0,1,1,1,1,1,78.98785,31.34882,213.9111,0,-0.7908414,0,-0.6120212;
custom,sphere,stone6,1.192024,1.191255,1.111467,0,1,1,1,1,1,79.96204,40.63217,214.8457,0,-0.8167837,0,-0.5769441;
custom,cuboid,lava1,0.09960219,0.07907342,0.3748289,0,1,1,1,1,1,82.93396,41.4606,220.3112,0.172928,-0.7787785,-0.2442801,-0.551296;
custom,cuboid,lava1,0.09960219,0.07907342,0.3748289,0,1,1,1,1,1,80.31366,41.33176,221.0415,0.5493065,-0.2530681,-0.7759678,-0.179145;
custom,cuboid,stone6,0.4745263,0.3116064,0.3700653,0,1,1,1,1,1,79.30255,47.58299,214.7895,0,-0.7956813,0,-0.6057156;
custom,tube,stone6,2.434894,0.4142244,2.289096,0,1,1,1,1,1,-265.2234,9.803729,223.0901,0,0.9954405,0,-0.09538472;
custom,tube,stone6,1.76246,0.4142244,1.656716,0,1,1,1,1,1,-265.2234,12.70642,223.0901,0,0.9954405,0,-0.09538472;
custom,cylinder,stone6,2.879628,0.1448375,2.86491,0,1,1,1,1,1,-264.8275,15.5959,223.4686,0,0.9999579,0,0.009180016;
custom,cone,stone6,0.6885424,0.3579627,0.6239031,0,1,1,1,1,1,-265.8474,20.2444,224.8501,0,0.9933756,0,-0.1149129;
custom,cylinder,stone6,2.106855,0.940362,2.419006,0,1,1,1,1,1,-264.4379,28.82884,223.9303,0,0.7120765,0,-0.7021019;
custom,torus,stone6,1,1,1,0,1,1,1,1,1,-260.1759,35.23477,224.2706,0,0.6332031,0,-0.7739857;
custom,torus,lava1,2.248895,2.248895,2.508523,0,1,1,1,1,1,-265.7567,39.36819,223.5361,0,0.7522816,0,-0.6588417;
custom,tube,stone6,1.76246,0.2357415,1.656716,0,1,1,1,1,1,8.456726,9.968837,213.4592,0,0.9954405,0,-0.09538472;
custom,tube,stone6,2.434894,0.2357415,2.289096,0,1,1,1,1,1,8.456726,8.317009,213.4592,0,0.9954405,0,-0.09538472;
custom,cylinder,stone6,2.879628,0.0824293,2.86491,0,1,1,1,1,1,8.852722,11.61351,213.8377,0,0.9999579,0,0.009180016;
custom,cone,stone6,0.4427553,0.4068561,0.4068561,0,1,1,1,1,1,8.464111,17.20009,214.3119,0,0.9933756,0,-0.1149129;
custom,cylinder,stone6,0.6996489,0.9595712,0.8033089,0,1,1,1,1,1,9.407104,26.39285,213.7996,0,0.7120765,0,-0.7021019;
custom,cylinder,stone6,1.605994,0.04597153,1.597785,0,1,1,1,1,1,9.203308,32.98071,213.9886,0,0.9999579,0,0.009180016;
custom,cylinder,stone6,1.337721,0.03829223,1.330883,0,1,1,1,1,1,8.852722,35.54507,213.8377,0,0.9999579,0,0.009180016;
custom,cone,stone6,0.4427553,0.4068561,0.4068561,0,1,1,1,1,1,8.464111,37.48759,213.8624,0.1148989,-0.01551737,0.9932544,0.001795058;
custom,cuboid,lava1,0.4151066,0.2807663,0.4960384,0,1,1,1,1,1,9.376709,49.00089,213.7968,0,0.6775346,0,-0.7354909;
custom,cone,stone6,0.4427553,0.1871186,0.4068561,0,1,1,1,1,1,8.464111,44.43182,214.34,-0.001171954,-0.9933239,-0.01013097,0.114907;
custom,cuboid,wood1,1,1,59.1512,0,1,1,1,1,1,-12.38428,7.60472,263.1788,0.0148675,-0.7120044,0.01291417,-0.7018988;
custom,cuboid,wood1,1,1,59.1512,0,1,1,1,1,1,-12.38428,5.834708,-357.4648,0.0148675,-0.7120044,0.01291417,-0.7018988;
custom,cuboid,wood1,1,1,68.49775,0,1,1,1,1,1,253.0844,4.871509,-62.08097,0.002358298,-0.9999932,0.002792454,0.0005369318;
custom,cuboid,wood1,1,1,68.49775,0,1,1,1,1,1,-298.7373,4.871509,-62.08097,0.002358298,-0.9999932,0.002792454,0.0005369318;
custom,tube,stone6,1.76246,0.2357415,1.656716,0,1,1,1,1,1,-53.97809,9.968837,217.897,0,0.7241567,0,0.6896355;
custom,tube,stone6,2.434894,0.2357415,2.289096,0,1,1,1,1,1,-53.97809,8.317009,217.897,0,0.7241567,0,0.6896355;
custom,cylinder,stone6,2.879628,0.0824293,2.86491,0,1,1,1,1,1,-54.40863,11.61351,218.2355,0,0.6481106,0,0.7615463;
custom,cone,stone6,0.4427553,0.4068561,0.4068561,0,1,1,1,1,1,-54.823,17.20009,217.7833,0,0.7375592,0,0.6752825;
custom,cylinder,stone6,0.6996489,0.9595712,0.8033089,0,1,1,1,1,1,-54.44952,26.39285,218.7894,0,0.9969463,0,0.07808997;
custom,cylinder,stone6,1.605994,0.04597153,1.597785,0,1,1,1,1,1,-54.60773,32.98071,218.5605,0,0.6481106,0,0.7615463;
custom,cylinder,stone6,1.337721,0.03829223,1.330883,0,1,1,1,1,1,-54.40863,35.54507,218.2355,0,0.6481106,0,0.7615463;
custom,cone,stone6,0.4427553,0.4068561,0.4068561,0,1,1,1,1,1,-54.37811,37.48759,217.8468,-0.6752003,-0.01152118,0.7374691,-0.01054839;
custom,cuboid,lava1,1.832094,0.2422804,0.2063988,0,1,1,1,1,1,-54.4389,51.12595,218.7355,-0.711341,0.6945565,-0.0770124,0.07519514;
custom,cone,stone6,0.4427553,0.1871186,0.4068561,0,1,1,1,1,1,-54.85083,44.43182,217.7793,0.00688684,-0.7375207,-0.007521979,-0.6752476;
custom,cylinder,stone6,1.346344,0.03853909,1.339463,0,1,1,1,1,1,-54.40863,19.71054,218.2355,0,0.6481106,0,0.7615463;
base,aot_supply,metal2,-0.029334,0.009871855,0.0830498,0,1,1,1,1,1,-50.01849,19.7529,219.5332,0,0.9912716,0,0.1318354;
base,aot_supply,metal2,-0.029334,0.009871855,0.0830498,0,1,1,1,1,1,-55.18439,19.73331,223.8219,0,0.9912716,0,0.1318354;
base,aot_supply,metal2,-0.029334,0.009871855,0.0830498,0,1,1,1,1,1,-60.38928,19.73331,216.9707,0,0.9912716,0,0.1318354;
base,aot_supply,metal2,-0.029334,0.009871855,0.0830498,0,1,1,1,1,1,-59.08636,16.30959,217.1572,0,0.9912716,0,0.1318354;
base,aot_supply,metal2,-0.029334,0.009871855,0.0830498,0,1,1,1,1,1,-53.42743,19.91262,212.8678,0,0.9912716,0,0.1318354;
custom,cuboid,lava1,1.358207,0.1977693,0.1684798,0,1,1,1,1,1,-54.4389,52.53006,218.7355,0,0.9941906,0,0.1076336;
custom,cylinder,stone6,1.210257,0.03464358,1.204071,0,1,1,1,1,1,-54.58313,46.4818,218.5202,0,0.6481106,0,0.7615463;
custom,cylinder,stone6,1.00809,0.02885655,1.002937,0,1,1,1,1,1,-54.43311,48.41418,218.2757,0,0.6481106,0,0.7615463;
base,aot_supply,metal2,-0.029334,0.009871855,0.0830498,0,1,1,1,1,1,-55.40869,16.50301,213.5488,0,0.9912716,0,0.1318354;
base,aot_supply,metal2,-0.029334,0.009871855,0.0830498,0,1,1,1,1,1,-55.47992,60.29811,218.608,0,0.9912716,0,0.1318354;
custom,cone,default,0.5,0.5,0.4965689,0,1,1,1,1,1,-193.3141,14.99324,-237.674,0,0.2732375,0,0.9619466;
custom,sphere,default,1,1,0.9931378,0,1,1,1,1,1,-194.0082,34.50725,-236.982,0,0.9776834,0,0.2100838;
custom,cylinder,default,0.5,0.5,0.4965689,0,1,1,1,1,1,-194.2988,26.30325,-236.8078,0,0.4402773,0,0.8978618;
custom,cone,default,0.5,0.5,0.4965689,0,1,1,1,1,1,-122.9245,14.99324,-237.674,0,0.2732375,0,0.9619466;
custom,sphere,default,1,1,0.9931378,0,1,1,1,1,1,-123.6185,34.50725,-236.982,0,0.9776834,0,0.2100838;
custom,cylinder,default,0.5,0.5,0.4965689,0,1,1,1,1,1,-123.909,26.30325,-236.8078,0,0.4402773,0,0.8978618;
custom,cone,default,0.5,0.5,0.4965689,0,1,1,1,1,1,-54.72699,14.99324,-237.674,0,0.2732375,0,0.9619466;
custom,sphere,default,1,1,0.9931378,0,1,1,1,1,1,-55.42102,34.50725,-236.982,0,0.9776834,0,0.2100838;
custom,cylinder,default,0.5,0.5,0.4965689,0,1,1,1,1,1,-55.71161,26.30325,-236.8078,0,0.4402773,0,0.8978618;
custom,cone,default,0.5,0.5,0.4965689,0,1,1,1,1,1,7.887024,14.99324,-237.674,0,0.2732375,0,0.9619466;
custom,cylinder,default,0.5,0.5,0.4965689,0,1,1,1,1,1,6.902405,26.30325,-236.8078,0,0.4402773,0,0.8978618;
custom,sphere,default,1,1,0.9931378,0,1,1,1,1,1,7.193054,34.50725,-236.982,0,0.9776834,0,0.2100838;
custom,cone,default,0.5,0.5,0.4965689,0,1,1,1,1,1,80.11139,14.99324,-237.674,0,0.2732375,0,0.9619466;
custom,cylinder,default,0.5,0.5,0.4965689,0,1,1,1,1,1,79.12683,26.30325,-236.8078,0,0.4402773,0,0.8978618;
custom,sphere,default,1,1,0.9931378,0,1,1,1,1,1,79.41742,34.50725,-236.982,0,0.9776834,0,0.2100838;
custom,cone,default,0.5,0.5,0.4965689,0,1,1,1,1,1,150.6954,14.99324,-237.674,0,0.2732375,0,0.9619466;
custom,cylinder,default,0.5,0.5,0.4965689,0,1,1,1,1,1,149.7108,26.30325,-236.8078,0,0.4402773,0,0.8978618;
custom,sphere,default,1,1,0.9931378,0,1,1,1,1,1,150.0013,34.50725,-236.982,0,0.9776834,0,0.2100838;
custom,cone,default,0.5,0.5,0.4965689,0,1,1,1,1,1,217.5856,14.99324,-237.674,0,0.2732375,0,0.9619466;
custom,cylinder,default,0.5,0.5,0.4965689,0,1,1,1,1,1,216.6011,26.30325,-236.8078,0,0.4402773,0,0.8978618;
custom,sphere,default,1,1,0.9931378,0,1,1,1,1,1,216.8916,34.50725,-236.982,0,0.9776834,0,0.2100838;
custom,tube,stone6,2.434894,0.4142244,2.289096,0,1,1,1,1,1,212.7939,9.803729,213.8831,0,0.9954405,0,-0.09538472;
custom,tube,stone6,1.76246,0.4142244,1.656716,0,1,1,1,1,1,212.7939,12.70642,213.8831,0,0.9954405,0,-0.09538472;
custom,cylinder,stone6,2.879628,0.1448375,2.86491,0,1,1,1,1,1,213.1898,15.5959,214.2616,0,0.9999579,0,0.009180016;
custom,cone,stone6,0.6885424,0.3579627,0.6239031,0,1,1,1,1,1,212.1697,20.2444,215.6431,0,0.9933756,0,-0.1149129;
custom,cylinder,stone6,2.106855,0.940362,2.419006,0,1,1,1,1,1,213.5793,28.82884,214.7233,0,0.7120765,0,-0.7021019;
custom,torus,stone6,1,1,1,0,1,1,1,1,1,217.8414,35.23477,215.0636,0,0.6332031,0,-0.7739857;
custom,torus,lava1,2.248895,2.248895,2.508523,0,1,1,1,1,1,212.2606,39.36819,214.3291,0,0.7522816,0,-0.6588417;
custom,tube,stone6,2.434894,0.5110126,2.289096,0,1,1,1,1,1,-120.31,9.841083,217.8356,0,-0.8504773,0,-0.5260118;
custom,tube,stone6,1.76246,0.5110126,1.656716,0,1,1,1,1,1,-120.31,13.42188,217.8356,0,-0.8504773,0,-0.5260118;
custom,cylinder,stone6,2.879628,0.1786803,2.86491,0,1,1,1,1,1,-120.5682,16.98671,218.3183,0,-0.7908414,0,-0.6120212;
custom,cone,stone6,0.6336192,0.5822443,0.512507,0,1,1,1,1,1,-121.6524,25.81016,217.8056,0,-0.8606422,0,-0.5092102;
custom,cylinder,stone6,1.135157,0.06965936,1.145348,0,1,1,1,1,1,-120.5682,34.4608,218.3183,0,-0.7908414,0,-0.6120212;
custom,cylinder,stone6,1.656479,0.08769012,1.478111,0,1,1,1,1,1,-120.5682,31.34882,218.3183,0,-0.7908414,0,-0.6120212;
custom,sphere,stone6,1.192024,1.191255,1.111467,0,1,1,1,1,1,-119.594,40.63217,219.2529,0,-0.8167837,0,-0.5769441;
custom,cuboid,lava1,0.09960219,0.07907342,0.3748289,0,1,1,1,1,1,-116.6221,41.4606,224.7186,0.172928,-0.7787785,-0.2442801,-0.551296;
custom,cuboid,lava1,0.09960219,0.07907342,0.3748289,0,1,1,1,1,1,-119.2424,41.33176,225.4487,0.5493065,-0.2530681,-0.7759678,-0.179145;
custom,cuboid,stone6,0.4745263,0.3116064,0.3700653,0,1,1,1,1,1,-120.2535,47.58299,219.1967,0,-0.7956813,0,-0.6057156;
custom,cylinder,stone6,2.879628,0.1786803,2.86491,0,1,1,1,1,1,-194.6937,17.51814,220.2976,0,0.7418047,0,-0.670616;
custom,cone,stone6,0.5441179,0.5,0.4700608,0,1,1,1,1,1,-194.5432,25.76542,221.3703,0.009979858,0.7547141,0.005431313,-0.6559555;
custom,tube,stone6,2.434894,0.5110126,2.289096,0,1,1,1,1,1,-195.1032,10.3726,220.6608,0,0.6676496,0,-0.7444757;
custom,tube,stone6,1.76246,0.5110126,1.656716,0,1,1,1,1,1,-195.1032,13.95337,220.6608,0,0.6676496,0,-0.7444757;
custom,capsule,stone6,1.523802,1.360836,0.86736,0,1,1,1,1,1,-191.1818,31.45344,219.8887,0,0.7418047,0,-0.670616;
custom,pyramid,stone6,0.6393086,1.095624,0.4156286,0,1,1,1,1,1,-199.8314,36.10385,220.1264,-0.6041996,0.3933083,-0.5897734,-0.363894;
custom,capsule,stone6,0.5,0.8711753,0.5673419,0,1,1,1,1,1,-200.9617,39.65366,221.0316,0.3282,0.6468974,0.3630402,-0.5848166;
custom,cone,stone6,0.5820908,0.5348946,0.527445,0,1,1,1,1,1,11.03595,13.88202,142.4736,0,0.9933756,0,-0.1149129;
custom,cylinder,stone6,0.6996489,0.9595712,0.8033089,0,1,1,1,1,1,12.44543,22.37534,141.8013,0,0.7120765,0,-0.7021019;
custom,sphere,stone6,1.433381,1.43858,1.342226,0,1,1,1,1,1,12.98254,32.17346,141.0663,0,0.9994066,0,-0.03444638;
custom,cone,stone6,0.5820908,0.5348946,0.527445,0,1,1,1,1,1,11.03595,13.88202,142.4736,0,0.9933756,0,-0.1149129;
custom,cylinder,stone6,0.6996489,0.9595712,0.8033089,0,1,1,1,1,1,12.44543,22.37534,141.8013,0,0.7120765,0,-0.7021019;
custom,sphere,stone6,1.433381,1.43858,1.342226,0,1,1,1,1,1,12.98254,32.17346,141.0663,0,0.9994066,0,-0.03444638;
custom,cone,stone6,0.5820908,0.5348946,0.527445,0,1,1,1,1,1,-62.12958,13.88202,142.4736,0,0.9933756,0,-0.1149129;
custom,cylinder,stone6,0.6996489,0.9595712,0.8033089,0,1,1,1,1,1,-60.71997,22.37534,141.8013,0,0.7120765,0,-0.7021019;
custom,sphere,stone6,1.433381,1.43858,1.342226,0,1,1,1,1,1,-60.18298,32.17346,141.0663,0,0.9994066,0,-0.03444638;
custom,cone,stone6,0.5820908,0.5348946,0.527445,0,1,1,1,1,1,-62.12958,13.88202,142.4736,0,0.9933756,0,-0.1149129;
custom,cylinder,stone6,0.6996489,0.9595712,0.8033089,0,1,1,1,1,1,-60.71997,22.37534,141.8013,0,0.7120765,0,-0.7021019;
custom,sphere,stone6,1.433381,1.43858,1.342226,0,1,1,1,1,1,-60.18298,32.17346,141.0663,0,0.9994066,0,-0.03444638;
custom,cone,stone6,0.5820908,0.5348946,0.527445,0,1,1,1,1,1,-130.1844,13.88202,146.7391,0,0.9933756,0,-0.1149129;
custom,cylinder,stone6,0.6996489,0.9595712,0.8033089,0,1,1,1,1,1,-128.7748,22.37534,146.0667,0,0.7120765,0,-0.7021019;
custom,sphere,stone6,1.433381,1.43858,1.342226,0,1,1,1,1,1,-128.2379,32.17346,145.3316,0,0.9994066,0,-0.03444638;
custom,cone,stone6,0.5820908,0.5348946,0.527445,0,1,1,1,1,1,-130.1844,13.88202,146.7391,0,0.9933756,0,-0.1149129;
custom,cylinder,stone6,0.6996489,0.9595712,0.8033089,0,1,1,1,1,1,-128.7748,22.37534,146.0667,0,0.7120765,0,-0.7021019;
custom,sphere,stone6,1.433381,1.43858,1.342226,0,1,1,1,1,1,-128.2379,32.17346,145.3316,0,0.9994066,0,-0.03444638;
custom,cone,stone6,0.5820908,0.5348946,0.527445,0,1,1,1,1,1,-199.0897,13.88202,146.7391,0,0.9933756,0,-0.1149129;
custom,cylinder,stone6,0.6996489,0.9595712,0.8033089,0,1,1,1,1,1,-197.6802,22.37534,146.0667,0,0.7120765,0,-0.7021019;
custom,sphere,stone6,1.433381,1.43858,1.342226,0,1,1,1,1,1,-197.1431,32.17346,145.3316,0,0.9994066,0,-0.03444638;
custom,cone,stone6,0.5820908,0.5348946,0.527445,0,1,1,1,1,1,-199.0897,13.88202,146.7391,0,0.9933756,0,-0.1149129;
custom,cylinder,stone6,0.6996489,0.9595712,0.8033089,0,1,1,1,1,1,-197.6802,22.37534,146.0667,0,0.7120765,0,-0.7021019;
custom,sphere,stone6,1.433381,1.43858,1.342226,0,1,1,1,1,1,-197.1431,32.17346,145.3316,0,0.9994066,0,-0.03444638;
custom,cone,stone6,0.5820908,0.5348946,0.527445,0,1,1,1,1,1,-268.5085,13.88202,146.7391,0,0.9933756,0,-0.1149129;
custom,cylinder,stone6,0.6996489,0.9595712,0.8033089,0,1,1,1,1,1,-267.099,22.37534,146.0667,0,0.7120765,0,-0.7021019;
custom,sphere,stone6,1.433381,1.43858,1.342226,0,1,1,1,1,1,-266.5619,32.17346,145.3316,0,0.9994066,0,-0.03444638;
custom,cone,stone6,0.5820908,0.5348946,0.527445,0,1,1,1,1,1,-268.5085,13.88202,146.7391,0,0.9933756,0,-0.1149129;
custom,cylinder,stone6,0.6996489,0.9595712,0.8033089,0,1,1,1,1,1,-267.099,22.37534,146.0667,0,0.7120765,0,-0.7021019;
custom,sphere,stone6,1.433381,1.43858,1.342226,0,1,1,1,1,1,-266.5619,32.17346,145.3316,0,0.9994066,0,-0.03444638;
custom,cone,stone6,0.5820908,0.5348946,0.527445,0,1,1,1,1,1,140.8129,13.88202,142.4736,0,0.9933756,0,-0.1149129;
custom,cylinder,stone6,0.6996489,0.9595712,0.8033089,0,1,1,1,1,1,142.2225,22.37534,141.8013,0,0.7120765,0,-0.7021019;
custom,sphere,stone6,1.433381,1.43858,1.342226,0,1,1,1,1,1,142.7595,32.17346,141.0663,0,0.9994066,0,-0.03444638;
custom,cone,stone6,0.5820908,0.5348946,0.527445,0,1,1,1,1,1,140.8129,13.88202,142.4736,0,0.9933756,0,-0.1149129;
custom,cylinder,stone6,0.6996489,0.9595712,0.8033089,0,1,1,1,1,1,142.2225,22.37534,141.8013,0,0.7120765,0,-0.7021019;
custom,sphere,stone6,1.433381,1.43858,1.342226,0,1,1,1,1,1,142.7595,32.17346,141.0663,0,0.9994066,0,-0.03444638;
custom,cone,stone6,0.5820908,0.5348946,0.527445,0,1,1,1,1,1,212.7511,13.88202,142.4736,0,0.9933756,0,-0.1149129;
custom,cylinder,stone6,0.6996489,0.9595712,0.8033089,0,1,1,1,1,1,214.1606,22.37534,141.8013,0,0.7120765,0,-0.7021019;
custom,sphere,stone6,1.433381,1.43858,1.342226,0,1,1,1,1,1,214.6977,32.17346,141.0663,0,0.9994066,0,-0.03444638;
custom,cone,stone6,0.5820908,0.5348946,0.527445,0,1,1,1,1,1,212.7511,13.88202,142.4736,0,0.9933756,0,-0.1149129;
custom,cylinder,stone6,0.6996489,0.9595712,0.8033089,0,1,1,1,1,1,214.1606,22.37534,141.8013,0,0.7120765,0,-0.7021019;
custom,sphere,stone6,1.433381,1.43858,1.342226,0,1,1,1,1,1,214.6977,32.17346,141.0663,0,0.9994066,0,-0.03444638;
custom,cone,stone6,0.5820908,0.5348946,0.527445,0,1,1,1,1,1,72.64764,13.88202,142.4736,0,0.9933756,0,-0.1149129;
custom,cylinder,stone6,0.6996489,0.9595712,0.8033089,0,1,1,1,1,1,74.05713,22.37534,141.8013,0,0.7120765,0,-0.7021019;
custom,sphere,stone6,1.433381,1.43858,1.342226,0,1,1,1,1,1,74.59418,32.17346,141.0663,0,0.9994066,0,-0.03444638;
custom,cone,stone6,0.5820908,0.5348946,0.527445,0,1,1,1,1,1,72.64764,13.88202,142.4736,0,0.9933756,0,-0.1149129;
custom,cylinder,stone6,0.6996489,0.9595712,0.8033089,0,1,1,1,1,1,74.05713,22.37534,141.8013,0,0.7120765,0,-0.7021019;
custom,sphere,stone6,1.433381,1.43858,1.342226,0,1,1,1,1,1,74.59418,32.17346,141.0663,0,0.9994066,0,-0.03444638;
custom,cuboid,stone6,0.5,0.5,0.5,0,1,1,1,1,1,-730.0204,153.572,-91.98953,0,0.9745501,0,-0.2241697;
custom,sphere,stone6,0.5,0.5,0.5,0,1,1,1,1,1,-736.3362,153.0087,-92.1823,0,0.999083,0,-0.04281548;
custom,cylinder,stone6,2.879628,0.1786803,2.86491,0,1,1,1,1,1,-806.2232,150.9076,-9.66404,0,0.9999997,0,0.0008047628;
custom,capsule,stone6,0.5,0.5,0.5,0,1,1,1,1,1,-750.7382,155.5206,-85.58113,0,0.9999997,0,0.0008047628;
custom,pyramid,stone6,0.5,0.5,0.5,0,1,1,1,1,1,-755.9459,157.533,-65.81171,0,0.9941444,0,-0.1080595;
custom,cone,stone6,0.5441179,0.5,0.4700608,0,1,1,1,1,1,-807.2759,159.1549,-9.408325,0.003752108,0.9997286,0.01072455,0.0203373;
custom,prism,stone6,0.5,0.5,0.5,0,1,1,1,1,1,-779.142,156.3859,-46.51674,0,0.9821941,0,-0.1878694;
custom,arc90,stone6,0.5,0.5,0.5,0,1,1,1,1,1,-784.9567,159.2094,-37.98135,0,0.9147595,0,-0.403999;
custom,arc180,stone6,0.5,0.5,0.5,0,1,1,1,1,1,-791.559,156.7612,-39.01965,0,0.9998616,0,-0.01663802;
custom,torus,stone6,0.5,0.5,0.5,0,1,1,1,1,1,-799.1335,159.5147,-36.18176,0,0.9946067,0,-0.1037185;
custom,tube,stone6,2.434894,0.5110126,2.289096,0,1,1,1,1,1,-806.6254,143.7621,-10.03578,0,0.9946067,0,-0.1037185;
custom,tube,stone6,1.76246,0.5110126,1.656716,0,1,1,1,1,1,-806.6254,147.3429,-10.03578,0,0.9946067,0,-0.1037185;
custom,capsule,stone6,1.523802,1.360836,0.86736,0,1,1,1,1,1,-805.4689,164.8429,-6.209846,0,0.9999997,0,0.0008047628;
custom,pyramid,stone6,0.6393086,1.095624,0.4156286,0,1,1,1,1,1,-806.5613,169.4933,-14.79373,-0.05200902,0.5357952,-0.8427251,-0.00574829;
custom,capsule,stone6,0.5,0.8711753,0.5673419,0,1,1,1,1,1,-807.5739,173.0431,-15.82881,-0.0003938487,0.8720584,0.4894012,0.0007018643;
custom,capsule,stone6,0.5,0.5,0.5,0,1,1,1,1,1,-750.7382,155.5206,-85.58113,0,0.9999997,0,0.0008047628;
custom,capsule,stone6,0.5,0.5,0.5,0,1,1,1,1,1,-809.5519,169.7319,21.99971,-0.0003563351,0.896621,0.4427981,0.0007216046;
custom,tube,ice1,1.905839,0.2560191,1.822277,0,1,1,1,1,1,-749.0433,141.7461,-1.336601,0,0.9939162,0,-0.1101394;
custom,torus,ice1,0.5,0.5,0.5,0,1,1,1,1,1,-729.4509,145.2211,-66.95909,0,0.9377483,0,-0.3473158;
custom,arc180,ice1,0.5,0.5,0.5,0,1,1,1,1,1,-738.553,144.4211,-64.97343,0,0.9377483,0,-0.3473158;
custom,arc90,ice1,0.5,0.5,0.5,0,1,1,1,1,1,-741.7704,146.421,-54.59784,0,0.9377483,0,-0.3473158;
custom,capsule,ice1,0.5,0.5,0.5,0,1,1,1,1,1,-751.9444,149.3862,-55.9425,0,0.9552883,0,-0.295676;
custom,pyramid,ice1,0.5,0.5,0.5,0,1,1,1,1,1,-760.4833,148.1817,-47.63153,0,0.9225524,0,-0.3858718;
custom,cone,ice1,0.4124199,0.5,0.3901643,0,1,1,1,1,1,-749.7837,152.4272,-0.3019714,0,0.9121362,0,-0.4098874;
custom,prism,ice1,0.5,0.5,0.642762,0,1,1,1,1,1,-766.4282,148.6189,-36.36003,0,0.9121362,0,-0.4098874;
custom,sphere,ice1,1.099171,1.058515,1.015244,0,1,1,1,1,1,-747.9648,166.4827,43.88922,0,0.8343905,0,-0.5511737;
custom,cylinder,ice1,0.5,0.5,0.5,0,1,1,1,1,1,-744.7148,147.5877,-44.66941,0,0.7123637,0,-0.7018105;
custom,tube,ice1,1.432794,0.2662908,1.324458,0,1,1,1,1,1,-749.0433,143.6465,-1.336601,0,0.9939162,0,-0.1101394;
custom,tube,ice1,1.905839,0.2560191,1.822277,0,1,1,1,1,1,-749.0433,145.6101,-1.336601,0,0.9939162,0,-0.1101394;
custom,pyramid,ice1,0.5,0.9460986,0.5,0,1,1,1,1,1,-750.3538,160.8764,-6.975777,-0.07675491,0.5844646,-0.8048576,-0.0686591;
custom,capsule,ice1,1.060382,1.115282,0.7419831,0,1,1,1,1,1,-748.8726,156.8164,0.686882,-0.007271728,0.9999124,-0.01068669,-0.002844525;
custom,capsule,ice1,0.6979337,0.7699107,0.4457404,0,1,1,1,1,1,-749.8087,163.9826,-7.37886,0.09031601,0.8476173,0.518876,-0.06446412;
custom,cylinder,stone6,2.879628,0.1786803,2.86491,0,1,1,1,1,1,-805.7911,150.9076,16.12541,0,0.9999997,0,0.0008047628;
custom,cone,stone6,0.5441179,0.5,0.4700608,0,1,1,1,1,1,-806.8439,159.1549,16.38114,0.003752108,0.9997286,0.01072455,0.0203373;
custom,tube,stone6,2.434894,0.5110126,2.289096,0,1,1,1,1,1,-806.1934,143.7621,15.75368,0,0.9946067,0,-0.1037185;
custom,tube,stone6,1.76246,0.5110126,1.656716,0,1,1,1,1,1,-806.1934,147.3429,15.75368,0,0.9946067,0,-0.1037185;
custom,capsule,stone6,1.523802,1.360836,0.86736,0,1,1,1,1,1,-805.0369,164.8429,19.57962,0,0.9999997,0,0.0008047628;
custom,pyramid,stone6,0.6393086,1.095624,0.4156286,0,1,1,1,1,1,-806.1293,169.4933,10.99573,-0.05200902,0.5357952,-0.8427251,-0.00574829;
custom,capsule,stone6,0.5,0.8711753,0.5673419,0,1,1,1,1,1,-807.142,173.0431,9.96064,-0.0003938487,0.8720584,0.4894012,0.0007018643;
custom,tube,stone6,2.434894,0.5110126,2.289096,0,1,1,1,1,1,-796.0639,143.7621,67.72485,0,0.9946067,0,-0.1037185;
custom,tube,stone6,1.76246,0.5110126,1.656716,0,1,1,1,1,1,-796.0639,147.3429,67.72485,0,0.9946067,0,-0.1037185;
custom,cylinder,stone6,2.879628,0.1786803,2.86491,0,1,1,1,1,1,-795.6619,150.9076,68.09662,0,0.9999997,0,0.0008047628;
custom,tube,ice1,1.905839,0.2560191,1.822277,0,1,1,1,1,1,-748.2819,141.7461,44.11713,0,0.9939162,0,-0.1101394;
custom,tube,ice1,1.432794,0.2662908,1.324458,0,1,1,1,1,1,-748.2819,143.6465,44.11713,0,0.9939162,0,-0.1101394;
custom,cylinder,ice1,2.046706,0.1423855,2.174713,0,1,1,1,1,1,-747.9229,145.9662,44.50978,0,0.7123637,0,-0.7018105;
custom,cone,ice1,0.4124199,0.5,0.3901643,0,1,1,1,1,1,-747.7188,152.4272,45.4552,0,0.9121362,0,-0.4098874;
custom,sphere,ice1,0.5,0.5,0.5,0,1,1,1,1,1,-736.2639,147.2671,-38.2429,0,0.8343905,0,-0.5511737;
custom,cylinder,ice1,0.7864881,0.06130401,0.7623312,0,1,1,1,1,1,-747.9229,161.5419,44.50978,0,0.7123637,0,-0.7018105;
custom,cylinder,ice1,1.134831,0.06130401,0.9669957,0,1,1,1,1,1,-747.9229,159.0597,44.50978,0,0.7123637,0,-0.7018105;
custom,cuboid,ice1,0.5645528,0.2632133,0.3322746,0,1,1,1,1,1,-747.6298,172.4737,44.11663,0,0.9995587,0,0.02970541;
custom,cuboid,crystal2,0.1601904,0.05954287,0.09100723,0,1,1,1,1,1,-735.7816,149.8977,76.65098,0,0.7304162,0,-0.6830024;
custom,cuboid,lava1,1,1,1,0,1,1,1,1,1,-769.2903,147.7411,88.41212,0,0.6713509,0,-0.7411397;
custom,cuboid,crystal2,0.4661005,0.05954287,0.09100723,0,1,1,1,1,1,-742.5628,166.9964,42.28119,-0.2803734,0.6405556,0.2319985,-0.6762071;
custom,cuboid,crystal2,0.4661005,0.05954287,0.09100723,0,1,1,1,1,1,-742.5113,166.9964,45.35295,-0.6532759,0.2493032,0.6447684,-0.3087917;
custom,cone,stone6,0.6336192,0.5822443,0.512507,0,1,1,1,1,1,-796.4318,159.731,69.01599,0,0.9923783,0,-0.1232287;
custom,cylinder,stone6,1.135157,0.06965936,1.145348,0,1,1,1,1,1,-795.6619,168.3817,68.09662,0,0.9999997,0,0.0008047628;
custom,cylinder,stone6,1.656479,0.08769012,1.478111,0,1,1,1,1,1,-795.6619,165.2697,68.09662,0,0.9999997,0,0.0008047628;
custom,sphere,stone6,1.192024,1.191255,1.111467,0,1,1,1,1,1,-794.5121,174.5531,67.38954,0,0.999083,0,-0.04281548;
custom,cuboid,lava1,0.09960219,0.0904243,0.4772788,0,1,1,1,1,1,-769.2903,163.1624,88.41212,0,0.6713509,0,-0.7411397;
custom,cuboid,lava1,0.09960219,0.07907342,0.3748289,0,1,1,1,1,1,-788.4729,175.3815,65.89376,0.01250575,0.9533276,0.299032,-0.03987437;
custom,cuboid,lava1,0.09960219,0.07907342,0.3748289,0,1,1,1,1,1,-788.4274,175.2527,68.61358,0.03972958,0.3097867,0.9498873,-0.01295873;
custom,cuboid,stone6,0.4745263,0.3116064,0.3700653,0,1,1,1,1,1,-794.7324,181.5039,68.01377,0,0.9999745,0,-0.00714491;
custom,cone,stone6,0.5820908,0.5348946,0.527445,0,1,1,1,1,1,-795.6098,142.4995,118.0814,0,0.9923783,0,-0.1232287;
custom,cylinder,stone6,0.6996489,0.9595712,0.8033089,0,1,1,1,1,1,-794.2119,155.7928,117.3855,0,0.7061713,0,-0.7080411;
custom,sphere,stone6,1.433381,1.43858,1.342226,0,1,1,1,1,1,-793.6871,165.5909,116.6416,0,0.999083,0,-0.04281548;
custom,tube,stone6,2.434894,0.4142244,2.289096,0,1,1,1,1,1,-714.2922,142.3758,114.9798,0,0.9946067,0,-0.1037185;
custom,tube,stone6,1.76246,0.4142244,1.656716,0,1,1,1,1,1,-714.2922,145.2784,114.9798,0,0.9946067,0,-0.1037185;
custom,cylinder,stone6,2.879628,0.1448375,2.86491,0,1,1,1,1,1,-713.89,148.1679,115.3515,0,0.9999997,0,0.0008047628;
custom,tube,stone6,2.434894,0.4142244,2.289096,0,1,1,1,1,1,-794.8981,142.0407,160.5572,0,0.9946067,0,-0.1037185;
custom,tube,stone6,1.76246,0.4142244,1.656716,0,1,1,1,1,1,-794.8981,144.9433,160.5572,0,0.9946067,0,-0.1037185;
custom,cylinder,stone6,2.879628,0.1448375,2.86491,0,1,1,1,1,1,-794.4959,147.8328,160.9289,0,0.9999997,0,0.0008047628;
custom,cone,stone6,0.6885424,0.3579627,0.6239031,0,1,1,1,1,1,-795.4929,152.4812,162.3274,0,0.9923783,0,-0.1232287;
custom,cylinder,stone6,2.106855,0.940362,2.419006,0,1,1,1,1,1,-794.0989,161.0656,161.3842,0,0.7061713,0,-0.7080411;
custom,torus,stone6,1,1,1,0,1,1,1,1,1,-789.8318,167.4716,161.653,0,0.6266985,0,-0.7792618;
custom,torus,lava1,2.248895,2.248895,2.508523,0,1,1,1,1,1,-795.4241,171.6049,161.0121,0,0.7467373,0,-0.6651192;
custom,tube,stone6,1.76246,0.4142244,1.656716,0,1,1,1,1,1,-794.8981,144.9433,160.5572,0,0.9946067,0,-0.1037185;
custom,tube,stone6,2.434894,0.4142244,2.289096,0,1,1,1,1,1,-794.8981,142.0407,160.5572,0,0.9946067,0,-0.1037185;
custom,cylinder,stone6,2.879628,0.1448375,2.86491,0,1,1,1,1,1,-794.4959,147.8328,160.9289,0,0.9999997,0,0.0008047628;
custom,tube,stone6,1.76246,0.2357415,1.656716,0,1,1,1,1,1,-794.2087,142.809,201.7099,0,0.9946067,0,-0.1037185;
custom,tube,stone6,2.434894,0.2357415,2.289096,0,1,1,1,1,1,-794.2087,141.1571,201.7099,0,0.9946067,0,-0.1037185;
custom,cylinder,stone6,2.879628,0.0824293,2.86491,0,1,1,1,1,1,-793.8065,144.4535,202.0815,0,0.9999997,0,0.0008047628;
custom,cone,stone6,0.4427553,0.4068561,0.4068561,0,1,1,1,1,1,-794.1873,150.0402,202.5623,0,0.9923783,0,-0.1232287;
custom,cylinder,stone6,0.6996489,0.9595712,0.8033089,0,1,1,1,1,1,-793.253,159.2328,202.0343,0,0.7061713,0,-0.7080411;
custom,cylinder,stone6,1.605994,0.04597153,1.597785,0,1,1,1,1,1,-793.4537,165.8208,202.2267,0,0.9999997,0,0.0008047628;
custom,cylinder,stone6,1.337721,0.03829223,1.330883,0,1,1,1,1,1,-793.8065,168.3849,202.0815,0,0.9999997,0,0.0008047628;
custom,cone,stone6,0.4427553,0.4068561,0.4068561,0,1,1,1,1,1,-794.1948,170.3275,202.1129,0.1232137,-0.0155018,0.9922572,0.001924958;
custom,cuboid,lava1,0.4151066,0.2807663,0.4960384,0,1,1,1,1,1,-793.2833,181.8408,202.032,0,0.6713509,0,-0.7411397;
custom,cone,stone6,0.4427553,0.1871186,0.4068561,0,1,1,1,1,1,-794.1866,177.2718,202.5903,-0.001256763,-0.9923267,-0.0101208,0.1232224;
base,aot_supply,metal2,1,1,1,0,1,1,1,1,1,-798.6084,149.343,183.9523,0,0.7433915,0,-0.6688566;
custom,tube,stone6,1.76246,0.2357415,1.656716,0,1,1,1,1,1,-793.0644,142.809,270.0218,0,0.9946067,0,-0.1037185;
custom,tube,stone6,2.434894,0.2357415,2.289096,0,1,1,1,1,1,-793.0644,141.1571,270.0218,0,0.9946067,0,-0.1037185;
custom,cylinder,stone6,2.879628,0.0824293,2.86491,0,1,1,1,1,1,-792.6621,144.4535,270.3933,0,0.9999997,0,0.0008047628;
custom,cone,stone6,0.4427553,0.4068561,0.4068561,0,1,1,1,1,1,-793.0428,150.0402,270.8741,0,0.9923783,0,-0.1232287;
custom,cylinder,stone6,0.6996489,0.9595712,0.8033089,0,1,1,1,1,1,-792.1086,159.2328,270.3459,0,0.7061713,0,-0.7080411;
custom,cylinder,stone6,1.605994,0.04597153,1.597785,0,1,1,1,1,1,-792.3093,165.8208,270.5385,0,0.9999997,0,0.0008047628;
custom,cylinder,stone6,1.337721,0.03829223,1.330883,0,1,1,1,1,1,-792.6621,168.3849,270.3933,0,0.9999997,0,0.0008047628;
custom,cone,stone6,0.4427553,0.4068561,0.4068561,0,1,1,1,1,1,-793.0503,170.3275,270.4247,0.1232137,-0.0155018,0.9922572,0.001924958;
custom,cone,stone6,0.4427553,0.1871186,0.4068561,0,1,1,1,1,1,-793.0424,177.2718,270.9021,-0.001256763,-0.9923267,-0.0101208,0.1232224;
base,aot_supply,metal2,-0.029334,0.009871855,0.0830498,0,1,1,1,1,1,-797.9561,149.343,222.892,0,0.7433915,0,-0.6688566;
base,aot_supply,metal2,-0.9041559,0.3042782,2.559828,0,1,1,1,1,1,-797.9381,169.8421,223.9637,0,0.7433915,0,-0.6688566;
custom,cylinder,stone6,1.346344,0.03853909,1.339463,0,1,1,1,1,1,-792.6621,152.5505,270.3933,0,0.9999997,0,0.0008047628;
base,aot_supply,metal2,-0.029334,0.009871855,0.0830498,0,1,1,1,1,1,-792.0758,152.593,265.853,0,0.7433915,0,-0.6688566;
base,aot_supply,metal2,-0.029334,0.009871855,0.0830498,0,1,1,1,1,1,-787.0232,152.5733,270.275,0,0.7433915,0,-0.6688566;
base,aot_supply,metal2,-0.029334,0.009871855,0.0830498,0,1,1,1,1,1,-792.964,152.5733,276.4988,0,0.7433915,0,-0.6688566;
base,aot_supply,metal2,-0.029334,0.009871855,0.0830498,0,1,1,1,1,1,-792.986,149.1496,275.1828,0,0.7433915,0,-0.6688566;
base,aot_supply,metal2,-0.029334,0.009871855,0.0830498,0,1,1,1,1,1,-798.1172,152.7527,270.2742,0,0.7433915,0,-0.6688566;
custom,cuboid,lava1,0.4151066,0.2807663,0.8754546,0,1,1,1,1,1,-778.3419,147.7411,226.0288,0,0.6713509,0,-0.7411397;
custom,cuboid,lava1,1.358207,0.1977693,0.1684798,0,1,1,1,1,1,-792.1634,185.3701,270.3442,0,0.7268666,0,-0.6867787;
custom,cuboid,lava1,1.832094,0.2422804,0.2063988,0,1,1,1,1,1,-792.1634,183.966,270.3442,-0.5200715,0.5078005,0.4913882,-0.4797936;
custom,cylinder,stone6,1.210257,0.03464358,1.204071,0,1,1,1,1,1,-792.3528,179.3218,270.5207,0,0.9999997,0,0.0008047628;
custom,cylinder,stone6,1.00809,0.02885655,1.002937,0,1,1,1,1,1,-792.6184,181.2541,270.4111,0,0.9999997,0,0.0008047628;
base,aot_supply,metal2,-0.029334,0.009871855,0.0830498,0,1,1,1,1,1,-797.1313,149.343,272.1229,0,0.7433915,0,-0.6688566;
base,aot_supply,metal2,-0.03630299,0.01221715,0.1027803,0,1,1,1,1,1,-883.123,162.1916,357.2211,0,0.7433915,0,-0.6688566;
custom,cylinder,ice1,2.046706,0.1423855,2.174713,0,1,1,1,1,1,-746.7971,145.9662,111.7117,0,0.7123637,0,-0.7018105;
custom,tube,ice1,1.432794,0.2662908,1.324458,0,1,1,1,1,1,-747.1559,143.6465,111.319,0,0.9939162,0,-0.1101394;
custom,tube,ice1,1.905839,0.2560191,1.822277,0,1,1,1,1,1,-747.1559,141.7461,111.319,0,0.9939162,0,-0.1101394;
custom,cone,ice1,0.5146254,0.1799051,0.5043017,0,1,1,1,1,1,-747.6548,149.4185,112.9408,0,0.9121362,0,-0.4098874;
custom,cylinder,ice1,1.619829,0.9981671,1.60383,0,1,1,1,1,1,-746.3898,155.0901,111.8606,0,0.7123637,0,-0.7018105;
custom,torus,crystal2,1.796746,1.806297,1.806297,0,1,1,1,1,1,-746.5726,167.948,112.0567,0,0.7301185,0,-0.6833206;
custom,cylinder,ice1,2.046706,0.1423855,2.174713,0,1,1,1,1,1,-269.103,13.60286,-306.7818,0,0.7182165,0,-0.6958197;
custom,tube,ice1,1.432794,0.2662908,1.324458,0,1,1,1,1,1,-269.4554,11.28314,-307.1804,0,0.9948038,0,-0.1018112;
custom,tube,ice1,1.905839,0.2560191,1.822277,0,1,1,1,1,1,-269.4554,9.382739,-307.1804,0,0.9948038,0,-0.1018112;
custom,cone,ice1,0.5146254,0.1799051,0.5043017,0,1,1,1,1,1,-269.9814,17.05522,-305.5672,0,0.9155371,0,-0.4022335;
custom,cylinder,ice1,1.619829,0.9981671,1.60383,0,1,1,1,1,1,-268.6984,22.72684,-306.626,0,0.7182165,0,-0.6958197;
custom,torus,crystal2,1.796746,1.806297,1.806297,0,1,1,1,1,1,-268.8843,35.58469,-306.433,0,0.7358158,0,-0.6771817;
custom,cylinder,ice1,2.046706,0.1423855,2.174713,0,1,1,1,1,1,214.4196,13.60286,-306.7818,0,0.7182165,0,-0.6958197;
custom,tube,ice1,1.432794,0.2662908,1.324458,0,1,1,1,1,1,214.0673,11.28314,-307.1804,0,0.9948038,0,-0.1018112;
custom,tube,ice1,1.905839,0.2560191,1.822277,0,1,1,1,1,1,214.0673,9.382739,-307.1804,0,0.9948038,0,-0.1018112;
custom,cone,ice1,0.5146254,0.1799051,0.5043017,0,1,1,1,1,1,213.5412,17.05522,-305.5672,0,0.9155371,0,-0.4022335;
custom,cylinder,ice1,1.619829,0.9981671,1.60383,0,1,1,1,1,1,214.8243,22.72684,-306.626,0,0.7182165,0,-0.6958197;
custom,torus,crystal2,1.796746,1.806297,1.806297,0,1,1,1,1,1,214.6384,35.58469,-306.433,0,0.7358158,0,-0.6771817;
custom,arc180,ice1,0.6986614,0.6986614,0.6986614,0,1,1,1,1,1,-703.1912,61.42797,-378.3965,0.4779916,0.5520892,0.5048586,-0.4602602;
custom,arc180,ice1,0.6986614,0.6986614,0.6986614,0,1,1,1,1,1,-703.5068,64.5792,-377.0227,0.1700896,0.2565314,0.6741127,-0.6714412;
custom,arc180,ice1,0.6986614,0.6986614,0.6986614,0,1,1,1,1,1,-703.3069,58.93937,-377.2743,-0.6370721,-0.6878999,-0.2783831,0.2084125;
custom,cuboid,ice1,0.1625247,0.1878918,-0.3852248,0,1,1,1,1,1,-703.5531,62.45713,-365.5511,-0.0004243392,0.9995749,-0.02122478,0.01998414;
custom,cuboid,ice1,0.1625247,0.1878918,-1.021246,0,1,1,1,1,1,-703.5531,62.32975,-367.3896,-0.01445913,0.720401,0.6932697,0.01380141;
custom,arc180,ice1,0.5,0.6083388,0.5,0,1,1,1,1,1,-736.1161,57.15398,-300.2841,0.4681131,0.5412468,0.5164654,-0.4703037;
custom,arc180,ice1,0.5,0.6083388,0.5,0,1,1,1,1,1,-736.342,59.8469,-299.2062,0.1557972,0.2421629,0.6794066,-0.6749008;
custom,arc180,ice1,0.5,0.6083388,0.5,0,1,1,1,1,1,-736.1982,54.94913,-299.5574,-0.632504,-0.6818352,-0.2929238,0.22189;
custom,cuboid,ice1,0.1625247,0.140242,-1.286629,0,1,1,1,1,1,-736.437,57.77846,-292.4137,-0.01416288,0.7055213,0.7084068,0.01410525;
custom,cuboid,ice1,0.1625247,0.140242,-0.7880379,0,1,1,1,1,1,-736.437,60.60719,-289.0992,0.005870386,0.9557109,-0.2936277,0.0191072;
custom,cuboid,ice1,0.1625247,0.140242,-1.225337,0,1,1,1,1,1,-736.437,57.77846,-283.1879,-0.01416288,0.7055213,0.7084068,0.01410525;
custom,cuboid,ice1,0.1625247,0.140242,-0.9013338,0,1,1,1,1,1,-736.437,59.41784,-281.5316,-0.0117714,0.808041,0.5887871,0.016155;
custom,cuboid,ice1,0.1625247,0.140242,-0.9013338,0,1,1,1,1,1,-736.437,59.41784,-279.0479,-0.01623126,0.5835105,0.8118596,0.01166601;
custom,cuboid,ice1,0.1625247,0.140242,-1.225337,0,1,1,1,1,1,-736.437,57.77846,-277.4429,-0.01416288,0.7055213,0.7084068,0.01410525;
custom,cuboid,ice1,0.1625247,0.140242,-1.225337,0,1,1,1,1,1,-736.437,57.77846,-273.4116,-0.0157893,0.6130923,0.7897584,0.01225732;
custom,cuboid,ice1,0.1625247,0.140242,-1.225337,0,1,1,1,1,1,-736.437,57.77846,-270.4063,-0.01213051,0.7946401,0.6067517,0.01588693;
custom,cuboid,ice1,0.1625247,0.140242,-0.3852248,0,1,1,1,1,1,-736.437,57.77846,-272.0333,0,0.9998002,0,0.01998864;
custom,cuboid,ice1,0.1625247,0.140242,-0.7755636,0,1,1,1,1,1,-736.437,63.16494,-264.5196,0,0.9998002,0,0.01998864;
custom,cuboid,ice1,0.1625247,0.140242,-1.021246,0,1,1,1,1,1,-736.437,56.41207,-264.8972,-0.01416288,0.7055213,0.7084068,0.01410525;
custom,cuboid,ice1,0.1625247,0.140242,-1.021246,0,1,1,1,1,1,-736.437,57.77846,-258.9513,-0.01416288,0.7055213,0.7084068,0.01410525;
custom,cuboid,ice1,0.1625247,0.140242,-0.6009584,0,1,1,1,1,1,-736.437,57.77846,-255.9406,0,0.9998002,0,0.01998864;
custom,cuboid,ice1,0.1625247,0.140242,-0.6009584,0,1,1,1,1,1,-736.437,63.16494,-255.9406,0,0.9998002,0,0.01998864;
custom,cuboid,ice1,0.1625247,0.140242,-0.6009584,0,1,1,1,1,1,-736.437,52.08004,-255.9406,0,0.9998002,0,0.01998864;
custom,cone,default,0.5,0.5,0.4965689,0,1,1,1,1,1,-193.3141,14.99324,-237.674,0,0.2732375,0,0.9619466;
custom,sphere,default,1,1,0.9931378,0,1,1,1,1,1,-194.0082,34.50725,-236.982,0,0.9776834,0,0.2100838;
custom,cylinder,default,0.5,0.5,0.4965689,0,1,1,1,1,1,-194.2988,26.30325,-236.8078,0,0.4402773,0,0.8978618;
custom,cuboid,default,1.618365,9.710166,1.618365,1,0.8,0.3,0.55,1,1,24.37278,332.1082,339.4958,0,0,0.1305262,0.9914449;
custom,cuboid,default,1.618365,1.618365,1.618365,1,0.8,0.3,0.55,1,1,37.21595,291.2117,339.4958,0,0,-0.7071068,0.7071068;
custom,cuboid,default,1.618365,6.473459,1.618365,1,0.8,0.3,0.55,1,1,144.1626,331.3478,339.4958,0,0,0,1;
custom,cuboid,default,1.618365,3.236729,1.618365,1,0.8,0.3,0.55,1,1,144.1626,371.807,339.4958,0,0,-0.7071068,0.7071068;
custom,cuboid,default,1.618365,9.710166,1.618365,1,0.8,0.3,0.55,1,1,187.8392,331.3478,339.4958,0,0,0,1;
custom,cuboid,default,1.618365,8.091823,1.618365,1,0.8,0.3,0.55,1,1,47.96574,324.2898,339.4958,0,0,-0.1305262,0.9914449;
custom,cuboid,default,1.618365,1.618365,1.618365,1,0.8,0.3,0.55,1,1,58.70956,357.3721,339.4958,0,0,-0.7071068,0.7071068;
custom,cuboid,default,1.618365,8.091823,1.618365,1,0.8,0.3,0.55,1,1,69.45794,324.2898,339.4958,0,0,0.1305262,0.9914449;
custom,cuboid,default,1.618365,1.618365,1.618365,1,0.8,0.3,0.55,1,1,80.20143,291.2117,339.4958,0,0,-0.7071068,0.7071068;
custom,cuboid,default,1.618365,9.710166,1.618365,1,0.8,0.3,0.55,1,1,93.04555,332.1082,339.4958,0,0,-0.1305262,0.9914449;
custom,cuboid,default,1.618365,3.236729,1.618365,1,0.8,0.3,0.55,1,1,144.1626,291.2117,339.4958,0,0,-0.7071068,0.7071068;
custom,cuboid,default,1.618365,1.618365,1.618365,1,0.8,0.3,0.55,1,1,297.8981,290.8091,339.4958,0,0,-0.7071068,0.7071068;
custom,cuboid,default,1.618365,10.51935,1.618365,1,0.8,0.3,0.55,1,1,217.7922,331.3786,339.4958,0,0,0.2840154,0.9588197;
custom,cuboid,default,1.618365,9.710166,1.618365,1,0.8,0.3,0.55,1,1,247.7453,331.4091,339.4958,0,0,0,1;
custom,cuboid,default,1.618365,6.473459,1.618365,1,0.8,0.3,0.55,1,1,297.8981,347.4502,339.4958,0,0,0,1;
custom,cuboid,default,1.618365,6.473459,1.618365,1,1,1,1,1,1,-188.6628,331.3478,339.4958,0,0,0,1;
custom,cuboid,default,1.618365,4.855083,1.618365,1,1,1,1,1,1,-164.3628,371.807,339.4958,0,0,-0.7071068,0.7071068;
custom,cuboid,default,1.618365,4.855083,1.618365,1,1,1,1,1,1,-164.3628,290.8882,339.4958,0,0,-0.7071068,0.7071068;
custom,cuboid,default,1.618365,6.473459,1.618365,1,1,1,1,1,1,-139.5393,331.3478,339.4958,0,0,0,1;
custom,cuboid,default,1.618365,8.091823,1.618365,1,1,1,1,1,1,-104.374,339.4419,339.4958,0,0,0,1;
custom,cuboid,default,1.618365,4.855083,1.618365,1,1,1,1,1,1,-79.80318,290.8882,339.4958,0,0,-0.7071068,0.7071068;
custom,cuboid,default,1.618365,8.091823,1.618365,1,1,1,1,1,1,-56.28532,339.4419,339.4958,0,0,0,1;
custom,cuboid,default,1.618365,6.473459,1.618365,1,1,1,1,1,1,-273.8333,353.5652,339.4958,0,0,0.3826835,0.9238795;
custom,cuboid,default,1.618365,6.473459,1.618365,1,1,1,1,1,1,-256.0459,315.4859,339.4958,0,0,0,1;
custom,cuboid,default,1.618365,4.855083,1.618365,1,1,1,1,1,1,-233.7845,359.2971,339.4958,0,0,-0.3826835,0.9238795;
racing,endCuboid,8.652775,5.233776,7.558452,52.9975,532.7292,-239.3489,0,0.9940772,0,0.1086768;
custom,cuboid,bombexplosiontex,1.564278,83.50286,79.13155,0,1,1,1,99999,99999,-24.5244,78.47685,-37.30682,0.4997352,-0.4989583,-0.4996232,0.5016792;
misc,barrier,76.869,83.29688,6.679636,-19.997,66.38691,-40.27565,-0.703921,-0.0008638821,0.001418242,-0.7102764;
misc,barrier,5.050514,87.00491,52.32741,-391.7365,246.4858,-40.27565,-0.703921,-0.0008638821,0.001418242,-0.7102764;
misc,barrier,5.050514,87.00491,52.32741,371.0627,246.4858,-40.27565,-0.703921,-0.0008638821,0.001418242,-0.7102764;
misc,barrier,4.646738,87.00491,52.32741,12.06094,246.4858,349.1627,-0.4960462,0.499443,-0.5035676,-0.5009137;
custom,leaf0,bombexplosiontex,18.56618,1,18.10625,1,1,1,1,1,1,-15.3047,6.204175,-48.00283,0,0,0,1;
custom,cuboid,tower5mat,79.52029,2,-103.4272,0,1,1,1,2,2,-16.01116,-9.107488,-130.6809,0,0,0,1;
custom,cuboid,default,1.747516,10.48507,1.747516,1,0.8,0.3,0.55,1,1,-28.54965,314.6029,-457.8275,-0.1305221,-0.9914137,0.001034597,0.007858736;
custom,cuboid,default,1.747516,1.747516,1.747516,1,0.8,0.3,0.55,1,1,-42.41627,270.4427,-457.6079,0.7070846,-0.7070846,-0.005604132,0.005604132;
custom,cuboid,default,1.747516,6.990065,1.747516,1,0.8,0.3,0.55,1,1,-157.8828,313.7818,-455.778,0,-0.9999686,0,0.00792616;
custom,cuboid,default,1.747516,3.495032,1.747516,1,0.8,0.3,0.55,1,1,-157.8828,357.4699,-455.778,0.7070846,-0.7070846,-0.005604132,0.005604132;
custom,cuboid,default,1.747516,10.48507,1.747516,1,0.8,0.3,0.55,1,1,-205.0392,313.7818,-455.0305,0,-0.9999686,0,0.00792616;
custom,cuboid,default,1.747516,8.737575,1.747516,1,0.8,0.3,0.55,1,1,-54.02206,306.1608,-457.424,0.1305221,-0.9914137,-0.001034597,0.007858736;
custom,cuboid,default,1.747516,1.747516,1.747516,1,0.8,0.3,0.55,1,1,-65.62209,341.8832,-457.2399,0.7070846,-0.7070846,-0.005604132,0.005604132;
custom,cuboid,default,1.747516,8.737575,1.747516,1,0.8,0.3,0.55,1,1,-77.22658,306.1608,-457.0564,-0.1305221,-0.9914137,0.001034597,0.007858736;
custom,cuboid,default,1.747516,1.747516,1.747516,1,0.8,0.3,0.55,1,1,-88.82576,270.4427,-456.8726,0.7070846,-0.7070846,-0.005604132,0.005604132;
custom,cuboid,default,1.747516,10.48507,1.747516,1,0.8,0.3,0.55,1,1,-102.6932,314.6029,-456.6527,0.1305221,-0.9914137,-0.001034597,0.007858736;
custom,cuboid,default,1.747516,3.495032,1.747516,1,0.8,0.3,0.55,1,1,-157.8828,270.4427,-455.778,0.7070846,-0.7070846,-0.005604132,0.005604132;
custom,cuboid,default,1.747516,1.747516,1.747516,1,0.8,0.3,0.55,1,1,-323.8667,270.0081,-453.1475,0.7070846,-0.7070846,-0.005604132,0.005604132;
custom,cuboid,default,1.747516,11.35883,1.747516,1,0.8,0.3,0.55,1,1,-237.3786,313.8152,-454.5184,-0.2840078,-0.9587893,0.002250939,0.007599764;
custom,cuboid,default,1.747516,10.48507,1.747516,1,0.8,0.3,0.55,1,1,-269.7178,313.848,-454.0056,0,-0.9999686,0,0.00792616;
custom,cuboid,default,1.747516,6.990065,1.747516,1,0.8,0.3,0.55,1,1,-323.8667,331.1693,-453.1475,0,-0.9999686,0,0.00792616;
custom,cuboid,default,1.747516,6.990065,1.747516,1,1,1,1,1,1,201.458,313.7818,-461.473,0,-0.9999686,0,0.00792616;
custom,cuboid,default,1.747516,5.242537,1.747516,1,1,1,1,1,1,175.2214,357.4699,-461.0573,0.7070846,-0.7070846,-0.005604132,0.005604132;
custom,cuboid,default,1.747516,5.242537,1.747516,1,1,1,1,1,1,175.2214,270.0934,-461.0573,0.7070846,-0.7070846,-0.005604132,0.005604132;
custom,cuboid,default,1.747516,6.990065,1.747516,1,1,1,1,1,1,148.4203,313.7818,-460.6328,0,-0.9999686,0,0.00792616;
custom,cuboid,default,1.747516,8.737575,1.747516,1,1,1,1,1,1,110.4544,322.522,-460.0305,0,-0.9999686,0,0.00792616;
custom,cuboid,default,1.747516,5.242537,1.747516,1,1,1,1,1,1,83.92586,270.0934,-459.61,0.7070846,-0.7070846,-0.005604132,0.005604132;
custom,cuboid,default,1.747516,8.737575,1.747516,1,1,1,1,1,1,58.53393,322.522,-459.2081,0,-0.9999686,0,0.00792616;
custom,cuboid,default,1.747516,6.990065,1.747516,1,1,1,1,1,1,293.4132,337.7724,-462.9299,-0.3826726,-0.9238501,0.003033163,0.007322581;
custom,cuboid,default,1.747516,6.990065,1.747516,1,1,1,1,1,1,274.2089,296.6544,-462.6261,0,-0.9999686,0,0.00792616;
custom,cuboid,default,1.747516,5.242537,1.747516,1,1,1,1,1,1,250.1738,343.9616,-462.2447,0.3826726,-0.9238501,-0.003033163,0.007322581;
custom,cuboid,ice1,0.1625247,0.1878918,-0.5807253,0,1,1,1,1,1,-703.5531,58.84692,-363.5728,-0.01445913,0.720401,0.6932697,0.01380141;
custom,cuboid,ice1,0.1625247,0.1878918,-0.3852248,0,1,1,1,1,1,-703.5531,62.89531,-359.2245,-0.0004243392,0.9995749,-0.02122478,0.01998414;
custom,cuboid,ice1,0.1625247,0.1878918,-0.5807253,0,1,1,1,1,1,-703.5531,59.28508,-357.2462,-0.01445913,0.720401,0.6932697,0.01380141;
custom,cuboid,ice1,0.1625247,0.1878918,-0.3852248,0,1,1,1,1,1,-703.5531,54.86543,-358.5781,0.01998575,0.01725465,0.9996514,0.000344975;
custom,cuboid,ice1,0.1625247,0.1878918,-0.5807253,0,1,1,1,1,1,-703.5531,58.50142,-360.5389,0.01385872,-0.6961259,0.7176415,0.01440417;
custom,arc180,ice1,-0.3002262,1.030706,0.3917514,0,1,1,1,1,1,-704.0236,58.34159,-355.4567,-0.2985664,-0.2719836,0.6647086,-0.6285266;
custom,cuboid,ice1,0.1625247,0.1878918,-0.719729,0,1,1,1,1,1,-703.5531,59.16395,-350.9724,0.01385872,-0.6961259,0.7176415,0.01440417;
custom,arc180,ice1,0.5,0.6083388,0.5,0,1,1,1,1,1,-736.342,59.8469,-299.2062,0.1557972,0.2421629,0.6794066,-0.6749008;
custom,arc180,ice1,0.3310595,0.6516022,0.3384514,0,1,1,1,1,1,-703.4581,65.07741,-348.2372,0.1214916,0.07804543,0.6141466,-0.775869;
custom,cuboid,ice1,0.2109724,0.2439012,-1.299607,0,1,1,1,1,1,-703.5531,63.98217,-342.2334,0.01385872,-0.6961259,0.7176415,0.01440417;
custom,cuboid,ice1,0.1625247,0.1152664,-0.3852248,0,1,1,1,1,1,-703.5531,61.91299,-336.7172,-0.0004243392,0.9995749,-0.02122478,0.01998414;
custom,cuboid,ice1,0.1625247,0.1878918,-0.5807253,0,1,1,1,1,1,-703.5531,58.50142,-338.0316,0.01385872,-0.6961259,0.7176415,0.01440417;
custom,cuboid,ice1,0.1625247,0.1152664,-0.3852248,0,1,1,1,1,1,-703.5531,56.98691,-336.0708,0.01998575,0.01725465,0.9996514,0.000344975;
custom,cuboid,ice1,0.1625247,0.1152664,-0.5807253,0,1,1,1,1,1,-703.5531,59.45533,-334.7682,0.01385872,-0.6961259,0.7176415,0.01440417;
custom,cuboid,ice1,0.1625247,0.1152664,-0.719729,0,1,1,1,1,1,-703.5531,59.62393,-330.2613,0.01385872,-0.6961259,0.7176415,0.01440417;
custom,cuboid,ice1,0.1625247,0.1152664,-0.3852248,0,1,1,1,1,1,-703.5531,61.39114,-330.2464,-0.0004243392,0.9995749,-0.02122478,0.01998414;
custom,arc180,ice1,0.2679197,0.3048539,0.171593,0,1,1,1,1,1,-703.7761,56.59072,-329.5331,-0.6370721,-0.6878999,-0.2783831,0.2084125;
custom,cuboid,ice1,0.1625247,0.1152664,-0.719729,0,1,1,1,1,1,-703.5531,59.62393,-324.4404,0.01385872,-0.6961259,0.7176415,0.01440417;
custom,cuboid,ice1,0.1625247,0.1152664,-0.3852248,0,1,1,1,1,1,-703.5531,61.39114,-324.4254,-0.0004243392,0.9995749,-0.02122478,0.01998414;
custom,arc180,ice1,0.2679197,0.3048539,0.171593,0,1,1,1,1,1,-703.7761,56.59072,-323.7122,-0.6370721,-0.6878999,-0.2783831,0.2084125;
custom,arc180,ice1,0.3310595,0.3997398,0.3623709,0,1,1,1,1,1,-703.4581,62.28785,-317.8004,0.04992305,0.02963687,0.7062289,-0.7055991;
custom,cuboid,ice1,0.1625247,0.07413805,-0.6802422,0,1,1,1,1,1,-703.5531,60.42733,-317.4503,-0.0004243392,0.9995749,-0.02122478,0.01998414;
custom,arc180,ice1,0.3310595,0.3997398,0.3623709,0,1,1,1,1,1,-703.4581,57.64538,-318.4294,0.7038713,0.679652,0.1339082,-0.1571845;
custom,cuboid,ice1,0.1625247,0.07413805,-0.6802422,0,1,1,1,1,1,-703.5531,60.42733,-317.9451,-0.0004243392,0.9995749,-0.02122478,0.01998414;
custom,cuboid,ice1,0.1625247,0.1152664,-0.2929113,0,1,1,1,1,1,-703.5531,59.9879,-320.8753,0.01385872,-0.6961259,0.7176415,0.01440417;
custom,arc180,ice1,7.68881,7.68881,7.68881,0,1,1,1,1,1,-397.5867,230.2066,-392.138,0.4848179,0.5457745,0.4983069,-0.4677308;
custom,arc180,ice1,7.68881,7.68881,7.68881,0,1,1,1,1,1,-400.5771,264.8853,-374.4335,0.1792477,0.24737,0.6717356,-0.6748701;
custom,arc180,ice1,7.68881,7.68881,7.68881,0,1,1,1,1,1,-398.4539,202.8192,-377.2615,-0.6408015,-0.685,-0.2696875,0.2177547;
custom,cuboid,ice1,1.788593,1.268513,-4.239418,0,1,1,1,1,1,-397.6506,232.5858,-248.2221,-0.0007131459,0.9997543,-0.02121705,0.00637919;
custom,cuboid,ice1,1.788593,1.268513,-11.23887,0,1,1,1,1,1,-398.2012,231.7258,-268.4467,-0.005023161,0.7205223,0.6934021,0.003996274;
custom,cuboid,ice1,1.788593,1.268513,-6.390912,0,1,1,1,1,1,-397.0581,208.2128,-226.4585,-0.005023161,0.7205223,0.6934021,0.003996274;
custom,cuboid,ice1,1.788593,1.268513,-4.239418,0,1,1,1,1,1,-389.0147,235.5459,68.9781,-0.0007131459,0.9997543,-0.02121705,0.00637919;
custom,cuboid,ice1,1.788593,1.268513,-6.390912,0,1,1,1,1,1,-395.1632,211.1716,-156.8593,-0.005023161,0.7205223,0.6934021,0.003996274;
custom,cuboid,ice1,2.321764,1.646649,-14.30225,0,1,1,1,1,1,-390.6668,242.8832,8.294518,0.02362373,-0.6958655,0.7173863,0.02387633;
custom,cuboid,ice1,1.788593,1.268513,-4.239418,0,1,1,1,1,1,-395.7557,235.5459,-178.6232,-0.0007131459,0.9997543,-0.02121705,0.00637919;
custom,arc180,ice1,-3.304003,6.9586,4.311245,0,1,1,1,1,1,-399.8015,204.8015,-137.032,-0.2894929,-0.2805119,0.6687102,-0.6247669;
custom,cuboid,ice1,1.788593,1.268513,-4.239418,0,1,1,1,1,1,-395.5621,181.3328,-171.512,0.03358803,0.01725775,0.9992868,0.0001101265;
custom,cuboid,ice1,1.788593,1.268513,-6.390912,0,1,1,1,1,1,-396.1494,205.8811,-193.0827,0.02362373,-0.6958655,0.7173863,0.02387633;
custom,cuboid,ice1,1.788593,1.268513,-7.920649,0,1,1,1,1,1,-393.2842,210.3539,-87.84235,0.02362373,-0.6958655,0.7173863,0.02387633;
custom,arc180,ice1,3.643327,4.399153,3.724678,0,1,1,1,1,1,-391.4196,250.277,-57.7804,0.1298382,0.06747947,0.6124361,-0.7768594;
custom,cuboid,ice1,1.788593,1.268513,-6.390912,0,1,1,1,1,1,-389.4084,205.8811,54.5186,0.02362373,-0.6958655,0.7173863,0.02387633;
custom,cuboid,ice1,1.788593,1.268513,-4.239418,0,1,1,1,1,1,-388.8211,181.3328,76.08949,0.03358803,0.01725775,0.9992868,0.0001101265;
custom,cuboid,ice1,1.788593,1.268513,-6.390912,0,1,1,1,1,1,-388.431,208.4974,90.41921,0.02362373,-0.6958655,0.7173863,0.02387633;
custom,cuboid,ice1,1.788593,1.268513,-7.920649,0,1,1,1,1,1,-387.0811,210.3539,139.9997,0.02362373,-0.6958655,0.7173863,0.02387633;
custom,cuboid,ice1,1.788593,1.268513,-4.239418,0,1,1,1,1,1,-387.0767,229.802,140.1636,-0.0007131459,0.9997543,-0.02121705,0.00637919;
custom,arc180,ice1,2.948467,3.354933,1.888391,0,1,1,1,1,1,-389.316,176.973,148.0773,-0.6408015,-0.685,-0.2696875,0.2177547;
custom,cuboid,ice1,1.788593,1.268513,-7.920649,0,1,1,1,1,1,-385.3377,210.3539,204.0352,0.02362373,-0.6958655,0.7173863,0.02387633;
custom,cuboid,ice1,1.788593,1.268513,-4.239418,0,1,1,1,1,1,-385.3332,229.802,204.1995,-0.0007131459,0.9997543,-0.02121705,0.00637919;
custom,arc180,ice1,2.948467,3.354933,1.888391,0,1,1,1,1,1,-387.5726,176.973,212.1132,-0.6408015,-0.685,-0.2696875,0.2177547;
custom,arc180,ice1,3.643327,4.399153,3.98791,0,1,1,1,1,1,-382.3037,239.6719,277.0529,0.05952941,0.02003171,0.7054841,-0.7059371;
custom,cuboid,ice1,1.788593,0.8158935,-7.486104,0,1,1,1,1,1,-383.2441,219.195,280.933,-0.0007131459,0.9997543,-0.02121705,0.00637919;
custom,arc180,ice1,3.643327,4.399153,3.98791,0,1,1,1,1,1,-382.4921,188.5799,270.1333,0.7056285,0.67745,0.1243169,-0.1664192;
custom,cuboid,ice1,1.788593,0.8158935,-7.486104,0,1,1,1,1,1,-383.3924,219.195,275.4897,-0.0007131459,0.9997543,-0.02121705,0.00637919;
custom,cuboid,ice1,1.788593,1.268513,-3.223506,0,1,1,1,1,1,-384.27,214.3589,243.2542,0.02362373,-0.6958655,0.7173863,0.02387633;
custom,arc180,ice1,7.599111,7.673344,7.599111,0,1,1,1,1,1,376.8793,239.6083,288.3501,-0.4972631,0.4689033,0.485888,0.5447679;
custom,arc180,ice1,7.599111,7.673344,7.599111,0,1,1,1,1,1,379.8376,274.2173,273.3071,-0.6713486,0.6754004,0.1806918,0.2459183;
custom,arc180,ice1,7.599111,7.673344,7.599111,0,1,1,1,1,1,377.7513,212.2761,276.1107,0.2683094,-0.2192268,-0.6413803,-0.6845298;
custom,cuboid,ice1,1.767727,1.265962,-4.189962,0,1,1,1,1,1,376.4086,241.9828,148.5813,0.02121555,-0.004229777,-0.0007587645,0.9997657;
custom,cuboid,ice1,1.767727,1.265962,-11.10775,0,1,1,1,1,1,377.0388,241.1245,168.5679,-0.6934112,-0.002447032,-0.003532033,0.7205293;
custom,cuboid,ice1,1.767727,1.265962,-6.316354,0,1,1,1,1,1,375.7305,217.6589,127.0741,-0.6934112,-0.002447032,-0.003532033,0.7205293;
custom,cuboid,ice1,1.767727,1.265962,-4.189962,0,1,1,1,1,1,366.5246,244.9369,-164.8782,0.02121555,-0.004229777,-0.0007587645,0.9997657;
custom,cuboid,ice1,1.767727,1.265962,-6.316354,0,1,1,1,1,1,373.5615,220.6117,58.2961,-0.6934112,-0.002447032,-0.003532033,0.7205293;
custom,cuboid,ice1,2.294678,1.643338,-14.13539,0,1,1,1,1,1,368.4155,252.2596,-104.9104,-0.717334,-0.02537263,0.02516609,-0.6958124;
custom,cuboid,ice1,1.767727,1.265962,-4.189962,0,1,1,1,1,1,374.2402,244.9369,79.80293,0.02121555,-0.004229777,-0.0007587645,0.9997657;
custom,arc180,ice1,-3.265457,6.944602,4.26095,0,1,1,1,1,1,378.0612,214.2547,38.68089,-0.6693309,0.6241626,-0.2880539,-0.2818549;
custom,cuboid,ice1,1.767727,1.265962,-4.189962,0,1,1,1,1,1,374.0182,190.833,72.7758,-0.9992123,-7.301688E-05,0.03573676,0.01725797;
custom,cuboid,ice1,1.767727,1.265962,-6.316354,0,1,1,1,1,1,374.6903,215.3318,94.09219,-0.717334,-0.02537263,0.02516609,-0.6958124;
custom,cuboid,ice1,1.767727,1.265962,-7.828247,0,1,1,1,1,1,371.4115,219.7956,-9.906563,-0.717334,-0.02537263,0.02516609,-0.6958124;
custom,arc180,ice1,3.600822,4.390306,3.681224,0,1,1,1,1,1,369.4407,259.6384,-39.61007,-0.6121565,0.777002,0.1311547,0.0658088;
custom,cuboid,ice1,1.767727,1.265962,-6.316354,0,1,1,1,1,1,366.9756,215.3318,-150.5891,-0.717334,-0.02537263,0.02516609,-0.6958124;
custom,cuboid,ice1,1.767727,1.265962,-4.189962,0,1,1,1,1,1,366.3032,190.833,-171.9052,-0.9992123,-7.301688E-05,0.03573676,0.01725797;
custom,cuboid,ice1,1.767727,1.265962,-6.316354,0,1,1,1,1,1,365.8569,217.9428,-186.0656,-0.717334,-0.02537263,0.02516609,-0.6958124;
custom,cuboid,ice1,1.767727,1.265962,-7.828247,0,1,1,1,1,1,364.3116,219.7956,-235.062,-0.717334,-0.02537263,0.02516609,-0.6958124;
custom,cuboid,ice1,1.767727,1.265962,-4.189962,0,1,1,1,1,1,364.3065,239.2048,-235.2242,0.02121555,-0.004229777,-0.0007587645,0.9997657;
custom,arc180,ice1,2.914071,3.348186,1.86636,0,1,1,1,1,1,366.4862,186.4819,-243.0551,0.2683094,-0.2192268,-0.6413803,-0.6845298;
custom,cuboid,ice1,1.767727,1.265962,-7.828247,0,1,1,1,1,1,362.3163,219.7956,-298.3432,-0.717334,-0.02537263,0.02516609,-0.6958124;
custom,cuboid,ice1,1.767727,1.265962,-4.189962,0,1,1,1,1,1,362.3114,239.2048,-298.5054,0.02121555,-0.004229777,-0.0007587645,0.9997657;
custom,arc180,ice1,2.914071,3.348186,1.86636,0,1,1,1,1,1,364.4907,186.4819,-306.3361,0.2683094,-0.2192268,-0.6413803,-0.6845298;
custom,arc180,ice1,3.600822,4.390306,3.941385,0,1,1,1,1,1,359.0069,249.0547,-370.495,-0.705355,0.705978,0.06104625,0.01851372;
custom,cuboid,ice1,1.767727,0.8142524,-7.398769,0,1,1,1,1,1,359.9203,228.619,-374.3339,0.02121555,-0.004229777,-0.0007587645,0.9997657;
custom,arc180,ice1,3.600822,4.390306,3.941385,0,1,1,1,1,1,359.2226,198.0655,-363.6569,-0.1227995,0.1678759,0.7058942,0.6770904;
custom,cuboid,ice1,1.767727,0.8142524,-7.398769,0,1,1,1,1,1,360.0897,228.619,-368.9547,0.02121555,-0.004229777,-0.0007587645,0.9997657;
custom,cuboid,ice1,1.767727,1.265962,-3.1859,0,1,1,1,1,1,361.0947,223.7926,-337.0995,-0.717334,-0.02537263,0.02516609,-0.6958124;
custom,cuboid,default,1.747516,11.66501,1.747516,1,0.8,0.3,0.55,1,1,-407.6599,420.2052,-152.696,0,-0.9999686,0,0.00792616;
custom,cuboid,default,1.747516,5.24926,1.747516,1,0.8,0.3,0.55,1,1,-407.6599,390.0822,-101.1212,0,-0.9999686,0,0.00792616;
custom,cuboid,default,1.747516,5.24926,1.747516,1,0.8,0.3,0.55,1,1,-407.6599,411.6957,-126.6005,0.005628688,-0.7040372,0.7101189,0.005580488;
custom,cuboid,default,1.747516,5.24926,1.747516,1,0.8,0.3,0.55,1,1,-407.6599,363.251,-126.6005,0.005628688,-0.7040372,0.7101189,0.005580488;
custom,cuboid,default,1.747516,7.43118,1.741597,1,0.8,0.3,0.55,1,1,-407.6599,384.3965,-64.0364,0.001425263,-0.9836691,0.179812,0.007796967;
custom,cuboid,default,1.747516,12.93473,1.747516,1,0.8,0.3,0.55,1,1,-407.6599,360.9757,-46.07114,-0.001862462,-0.9719705,-0.2349693,0.007704245;
custom,cuboid,default,1.747516,11.66501,1.747516,1,0.8,0.3,0.55,1,1,366.8173,420.2052,23.93967,0,0.006235022,0,-0.9999806;
custom,cuboid,default,1.747516,5.24926,1.747516,1,0.8,0.3,0.55,1,1,368.2781,390.0822,-27.6145,0,0.006235022,0,-0.9999806;
custom,cuboid,default,1.747516,5.24926,1.747516,1,0.8,0.3,0.55,1,1,367.5565,411.6957,-2.14529,-0.710127,0.004389921,-0.004427849,-0.704046;
custom,cuboid,default,1.747516,5.24926,1.747516,1,0.8,0.3,0.55,1,1,367.5565,363.251,-2.14529,-0.710127,0.004389921,-0.004427849,-0.704046;
custom,cuboid,default,1.747516,7.43118,1.741597,1,0.8,0.3,0.55,1,1,369.3286,384.3965,-64.68442,-0.1798147,0.006133262,-0.0011212,-0.9836808;
custom,cuboid,default,1.747516,12.93473,1.747516,1,0.8,0.3,0.55,1,1,369.8374,360.9757,-82.64233,0.2349719,0.006060839,0.001465008,-0.9719822;
base,aot_supply,metal2,-0.029334,0.009871855,0.0830498,0,1,1,1,1,1,-4754.979,-3315.919,-2138.21,0,0.9958619,0,0.09087974;
custom,cuboid,bombexplosiontex,3.623802,18.27564,142.3263,0,1,1,1,99999,99999,-4805.784,-3270.527,-2136.117,0.004517,-0.00534318,-0.702849,0.7113047;
base,aot_supply,metal2,-0.029334,0.009871855,0.0830498,0,1,1,1,1,1,-4754.979,-3315.919,-2089.619,0,0.9958619,0,0.09087974;
base,aot_supply,metal2,-0.029334,0.009871855,0.0830498,0,1,1,1,1,1,-4754.979,-3315.919,-2191.888,0,0.9958619,0,0.09087974;
base,aot_supply,metal2,-0.029334,0.009871855,0.0830498,0,1,1,1,1,1,-4754.979,-3315.919,-2240.479,0,0.9958619,0,0.09087974;
base,aot_supply,metal2,-0.029334,0.009871855,0.0830498,0,1,1,1,1,1,-4754.979,-3315.919,-2470.879,0,0.9958619,0,0.09087974;
base,aot_supply,metal2,-0.029334,0.009871855,0.0830498,0,1,1,1,1,1,-4754.979,-3315.919,-2422.288,0,0.9958619,0,0.09087974;
base,aot_supply,metal2,-0.029334,0.009871855,0.0830498,0,1,1,1,1,1,-4754.979,-3315.919,-2320.019,0,0.9958619,0,0.09087974;
base,aot_supply,metal2,-0.029334,0.009871855,0.0830498,0,1,1,1,1,1,-4754.979,-3315.919,-2368.61,0,0.9958619,0,0.09087974;
base,aot_supply,metal2,-0.029334,0.009871855,0.0830498,0,1,1,1,1,1,-4831.317,-3315.919,-2368.532,0,0.9937389,0,0.1117268;
base,aot_supply,metal2,-0.029334,0.009871855,0.0830498,0,1,1,1,1,1,-4833.355,-3315.919,-2319.984,0,0.9937389,0,0.1117268;
base,aot_supply,metal2,-0.029334,0.009871855,0.0830498,0,1,1,1,1,1,-4829.069,-3315.919,-2422.163,0,0.9937389,0,0.1117268;
base,aot_supply,metal2,-0.029334,0.009871855,0.0830498,0,1,1,1,1,1,-4827.033,-3315.919,-2470.712,0,0.9937389,0,0.1117268;
base,aot_supply,metal2,-0.029334,0.009871855,0.0830498,0,1,1,1,1,1,-4836.684,-3315.919,-2240.514,0,0.9937389,0,0.1117268;
base,aot_supply,metal2,-0.029334,0.009871855,0.0830498,0,1,1,1,1,1,-4838.722,-3315.919,-2191.966,0,0.9937389,0,0.1117268;
base,aot_supply,metal2,-0.029334,0.009871855,0.0830498,0,1,1,1,1,1,-4843.006,-3315.919,-2089.787,0,0.9937389,0,0.1117268;
base,aot_supply,metal2,-0.029334,0.009871855,0.0830498,0,1,1,1,1,1,-4840.97,-3315.919,-2138.335,0,0.9937389,0,0.1117268;
custom,cone,stone6,0.5820908,0.5348946,0.527445,0,1,1,1,1,1,-4819.349,-3259.551,-2663.874,0.9566371,0.2676577,0.1106629,-0.03096239;
custom,cylinder,stone6,0.6996489,0.9595712,0.8033089,0,1,1,1,1,1,-4816.142,-3267.535,-2664.547,0.6857412,0.1918635,0.6761361,-0.1891757;
custom,sphere,stone6,1.433381,1.43858,1.342226,0,1,1,1,1,1,-4811.52,-3276.192,-2665.281,0.9624448,0.2692833,0.03317253,-0.009281361;
custom,cone,stone6,0.5820908,0.5348946,0.527445,0,1,1,1,1,1,-4819.349,-3259.551,-2663.874,0.9566371,0.2676577,0.1106629,-0.03096239;
custom,cylinder,stone6,0.6996489,0.9595712,0.8033089,0,1,1,1,1,1,-4816.142,-3267.535,-2664.547,0.6857412,0.1918635,0.6761361,-0.1891757;
custom,sphere,stone6,1.433381,1.43858,1.342226,0,1,1,1,1,1,-4811.52,-3276.192,-2665.281,0.9624448,0.2692833,0.03317253,-0.009281361;
custom,cylinder,default,0.5,0.5,0.4965689,0,1,1,1,1,1,-4778.211,-3266.068,-2585.784,-0.4228583,0.1226137,0.8623415,0.2500479;
custom,sphere,default,1,1,0.9931378,0,1,1,1,1,1,-4782.84,-3272.843,-2585.959,-0.9390042,0.272279,0.2017728,0.05850663;
custom,cone,default,0.5,0.5,0.4965689,0,1,1,1,1,1,-4772.989,-3255.982,-2586.65,-0.2624286,0.07609543,0.9238897,0.2678966;
custom,cylinder,default,0.5,0.5,0.4965689,0,1,1,1,1,1,-4778.211,-3266.068,-2585.784,-0.4228583,0.1226137,0.8623415,0.2500479;
custom,sphere,default,1,1,0.9931378,0,1,1,1,1,1,-4782.84,-3272.843,-2585.959,-0.9390042,0.272279,0.2017728,0.05850663;
custom,cone,default,0.5,0.5,0.4965689,0,1,1,1,1,1,-4772.989,-3255.982,-2586.65,-0.2624286,0.07609543,0.9238897,0.2678966;
custom,leaf0,bombexplosiontex,2.456352,1,26.91455,1,1,1,1,1,1,-4792.794,-3354.71,-2229.115,0,0,0,1;
custom,cuboid,stone6,6.877314,11.45383,8.296319,0,1,1,1,1,1,-4725.889,-3198.826,-2588.467,-0.6692151,0.2095681,-0.6811424,-0.2104219;
custom,cuboid,ice1,6.877314,9.334794,8.296319,0,1,1,1,1,1,-4731.503,-3208.328,-2518.997,-0.6724152,0.2105561,-0.6779839,-0.2094323;
custom,cuboid,stone6,6.877314,11.45383,8.296319,0,1,1,1,1,1,-4726.815,-3198.825,-2452.229,-0.6692151,0.2095681,-0.6811424,-0.2104219;
custom,cuboid,ice1,6.877314,9.334794,8.296319,0,1,1,1,1,1,-4733.837,-3207.356,-2382.77,-0.6724152,0.2105561,-0.6779839,-0.2094323;
custom,cuboid,stone6,6.877314,11.45383,8.296319,0,1,1,1,1,1,-4727.743,-3198.827,-2315.76,-0.6692151,0.2095681,-0.6811424,-0.2104219;
custom,cuboid,ice1,6.877314,9.334794,8.296319,0,1,1,1,1,1,-4734.765,-3207.355,-2246.301,-0.6724152,0.2105561,-0.6779839,-0.2094323;
custom,cuboid,stone6,6.877314,11.45383,8.296319,0,1,1,1,1,1,-4728.671,-3198.826,-2179.524,-0.6692151,0.2095681,-0.6811424,-0.2104219;
custom,cuboid,ice1,6.877314,9.334794,8.296319,0,1,1,1,1,1,-4735.695,-3207.353,-2110.063,-0.6724152,0.2105561,-0.6779839,-0.2094323;
custom,cuboid,ice1,6.877314,9.334794,8.296319,0,1,1,1,1,1,-4731.503,-3208.328,-2654.59,-0.6724152,0.2105561,-0.6779839,-0.2094323;
custom,cuboid,stone6,6.877314,11.45383,8.296319,0,1,1,1,1,1,-4725.889,-3198.826,-2724.06,-0.6692151,0.2095681,-0.6811424,-0.2104219;
custom,cuboid,stone6,6.877314,11.45383,8.296319,0,1,1,1,1,1,-4862.021,-3198.946,-2732.787,-0.6765376,-0.2077266,-0.6762418,0.2045571;
custom,cuboid,ice1,6.877314,9.334794,8.296319,0,1,1,1,1,1,-4854.508,-3206.491,-2663.255,-0.6797139,-0.2086878,-0.673049,0.203577;
custom,cuboid,stone6,6.877314,11.45383,8.296319,0,1,1,1,1,1,-4860.582,-3196.668,-2597.22,-0.6765376,-0.2077266,-0.6762418,0.2045571;
custom,cuboid,ice1,6.877314,9.334794,8.296319,0,1,1,1,1,1,-4853.069,-3204.214,-2527.69,-0.6797139,-0.2086878,-0.673049,0.203577;
custom,cuboid,stone6,6.877314,11.45383,8.296319,0,1,1,1,1,1,-4859.475,-3195.245,-2460.991,-0.6765376,-0.2077266,-0.6762418,0.2045571;
custom,cuboid,ice1,6.877314,9.334794,8.296319,0,1,1,1,1,1,-4853.388,-3203.74,-2391.441,-0.6797139,-0.2086878,-0.673049,0.203577;
custom,cuboid,stone6,6.877314,11.45383,8.296319,0,1,1,1,1,1,-4858.37,-3193.814,-2324.531,-0.6765376,-0.2077266,-0.6762418,0.2045571;
custom,cuboid,ice1,6.877314,9.334794,8.296319,0,1,1,1,1,1,-4852.281,-3202.31,-2254.979,-0.6797139,-0.2086878,-0.673049,0.203577;
custom,cuboid,stone6,6.877314,11.45383,8.296319,0,1,1,1,1,1,-4857.266,-3192.39,-2188.303,-0.6765376,-0.2077266,-0.6762418,0.2045571;
custom,cuboid,ice1,6.877314,9.334794,8.296319,0,1,1,1,1,1,-4851.181,-3200.887,-2118.75,-0.6797139,-0.2086878,-0.673049,0.203577;
custom,cone,stone6,0.5820908,0.5348946,0.527445,0,1,1,1,1,1,-4819.349,-3259.551,-2402.288,0.9566371,0.2676577,0.1106629,-0.03096239;
custom,cylinder,stone6,0.6996489,0.9595712,0.8033089,0,1,1,1,1,1,-4816.142,-3267.535,-2402.961,0.6857412,0.1918635,0.6761361,-0.1891757;
custom,sphere,stone6,1.433381,1.43858,1.342226,0,1,1,1,1,1,-4811.52,-3276.192,-2403.695,0.9624448,0.2692833,0.03317253,-0.009281361;
custom,cone,stone6,0.5820908,0.5348946,0.527445,0,1,1,1,1,1,-4819.349,-3259.551,-2402.288,0.9566371,0.2676577,0.1106629,-0.03096239;
custom,cylinder,stone6,0.6996489,0.9595712,0.8033089,0,1,1,1,1,1,-4816.142,-3267.535,-2402.961,0.6857412,0.1918635,0.6761361,-0.1891757;
custom,sphere,stone6,1.433381,1.43858,1.342226,0,1,1,1,1,1,-4811.52,-3276.192,-2403.695,0.9624448,0.2692833,0.03317253,-0.009281361;
custom,cone,stone6,0.5820908,0.5348946,0.527445,0,1,1,1,1,1,-4808.458,-3260.209,-2127.588,0.9566371,0.2676577,0.1106629,-0.03096239;
custom,cylinder,stone6,0.6996489,0.9595712,0.8033089,0,1,1,1,1,1,-4805.25,-3268.194,-2128.261,0.6857412,0.1918635,0.6761361,-0.1891757;
custom,sphere,stone6,1.433381,1.43858,1.342226,0,1,1,1,1,1,-4800.628,-3276.85,-2128.995,0.9624448,0.2692833,0.03317253,-0.009281361;
custom,cone,stone6,0.5820908,0.5348946,0.527445,0,1,1,1,1,1,-4808.458,-3260.209,-2127.588,0.9566371,0.2676577,0.1106629,-0.03096239;
custom,cylinder,stone6,0.6996489,0.9595712,0.8033089,0,1,1,1,1,1,-4805.25,-3268.194,-2128.261,0.6857412,0.1918635,0.6761361,-0.1891757;
custom,cylinder,default,0.5,0.5,0.4965689,0,1,1,1,1,1,-4778.211,-3266.068,-2315.052,-0.4228583,0.1226137,0.8623415,0.2500479;
custom,sphere,default,1,1,0.9931378,0,1,1,1,1,1,-4782.84,-3272.843,-2315.227,-0.9390042,0.272279,0.2017728,0.05850663;
custom,cone,default,0.5,0.5,0.4965689,0,1,1,1,1,1,-4772.989,-3255.982,-2315.918,-0.2624286,0.07609543,0.9238897,0.2678966;
custom,cylinder,default,0.5,0.5,0.4965689,0,1,1,1,1,1,-4778.211,-3266.068,-2315.052,-0.4228583,0.1226137,0.8623415,0.2500479;
custom,sphere,default,1,1,0.9931378,0,1,1,1,1,1,-4782.84,-3272.843,-2315.227,-0.9390042,0.272279,0.2017728,0.05850663;
custom,cone,default,0.5,0.5,0.4965689,0,1,1,1,1,1,-4772.989,-3255.982,-2315.918,-0.2624286,0.07609543,0.9238897,0.2678966;
custom,cylinder,default,0.5,0.5,0.4965689,0,1,1,1,1,1,-4778.211,-3266.068,-2093.758,-0.4228583,0.1226137,0.8623415,0.2500479;
custom,sphere,default,1,1,0.9931378,0,1,1,1,1,1,-4782.84,-3272.843,-2093.933,-0.9390042,0.272279,0.2017728,0.05850663;
custom,cone,default,0.5,0.5,0.4965689,0,1,1,1,1,1,-4772.989,-3255.982,-2094.624,-0.2624286,0.07609543,0.9238897,0.2678966;
custom,cylinder,default,0.5,0.5,0.4965689,0,1,1,1,1,1,-4778.211,-3266.068,-2093.758,-0.4228583,0.1226137,0.8623415,0.2500479;
custom,sphere,default,1,1,0.9931378,0,1,1,1,1,1,-4782.84,-3272.843,-2093.933,-0.9390042,0.272279,0.2017728,0.05850663;
custom,cone,default,0.5,0.5,0.4965689,0,1,1,1,1,1,-4772.989,-3255.982,-2094.624,-0.2624286,0.07609543,0.9238897,0.2678966;
custom,leaf0,bombexplosiontex,2.456352,1,26.91455,1,1,1,1,1,1,-4798.768,-3282.01,-2214.184,0,0,0,1;
custom,cuboid,tower5mat,22.50981,2,-24.23082,0,1,1,1,2,2,-4775.406,-3324.682,-2823.895,-0.7056041,0,0,0.7086062;
custom,killcuboid,stone4,10,64.32251,1,0,1,1,1,1,4,-4784.164,-3680.506,-2732.798,0,0,0,1;
custom,killcuboid,stone4,10,64.32251,1,0,1,1,1,1,4,-4784.164,-3680.506,-2832.798,0,0,0,1;
custom,killcuboid,stone4,10,59.1957,1,0,1,1,1,1,4,-4734.163,-3635.97,-2782.798,0,0.7071068,0,0.7071068;
custom,killcuboid,stone4,10,64.32251,1,0,1,1,1,1,4,-4834.164,-3680.506,-2782.798,0,0.7071068,0,0.7071068;
custom,killcylinder,stone4,1,29.59785,1,0,1,1,1,0.2,4,-4734.163,-3635.97,-2732.798,0,0,0,1;
custom,killcylinder,stone4,1,32.16125,1,0,1,1,1,0.2,4,-4834.164,-3680.506,-2732.798,0,0,0,1;
custom,killcylinder,stone4,1,29.59785,1,0,1,1,1,0.2,4,-4734.163,-3635.97,-2832.798,0,0,0,1;
custom,killcylinder,stone4,1,32.16125,1,0,1,1,1,0.2,4,-4834.164,-3680.506,-2832.798,0,0,0,1;
misc,barrier,10,64.32251,1,-4784.164,-3680.506,-2732.798,0,0,0,1;
misc,barrier,10,64.32251,1,-4784.164,-3680.506,-2832.798,0,0,0,1;
misc,barrier,10,59.1957,1,-4734.163,-3635.97,-2782.798,0,0.7071068,0,0.7071068;
misc,barrier,10,64.32251,1,-4834.164,-3680.506,-2782.798,0,0.7071068,0,0.7071068;
base,UI/greenFlareHint,default,36.20749,42.1557,42.1557,0,1,1,1,1,1,-4744.111,-3313.367,-2803.158,-0.09252376,0.03685345,-0.2323373,0.9675229;
base,UI/greenFlareHint,default,36.20749,42.1557,42.1557,0,1,1,1,1,1,-4744.111,-3313.367,-2803.158,-0.09252376,0.03685345,-0.2323373,0.9675229;
base,UI/greenFlareHint,default,36.20749,42.1557,42.1557,0,1,1,1,1,1,-4744.111,-3338.552,-2803.158,-0.09252376,0.03685345,-0.2323373,0.9675229;
base,UI/greenFlareHint,default,36.20749,42.1557,42.1557,0,1,1,1,1,1,-4744.111,-3338.552,-2803.158,-0.09252376,0.03685345,-0.2323373,0.9675229;
base,UI/greenFlareHint,default,36.20749,42.1557,42.1557,0,1,1,1,1,1,-4744.111,-3364.975,-2803.158,-0.09252376,0.03685345,-0.2323373,0.9675229;
base,UI/greenFlareHint,default,36.20749,42.1557,42.1557,0,1,1,1,1,1,-4744.111,-3364.975,-2803.158,-0.09252376,0.03685345,-0.2323373,0.9675229;
custom,cuboid,default,45.65752,2.139043,25.44473,1,0.3636364,0.4204546,1,1,1,-4638.03,-4011.453,-2804.744,0.9980134,2.494588E-05,-0.06300206,0.0003115804;
misc,barrier,14.46561,17.67311,0.6999695,519.8252,-1162.389,-3326.106,-0.7054762,0.02777863,0.0276934,0.7076473;
custom,killcuboid,barriereditormat,14.46561,17.67311,0.6999695,0,1,1,1,1,5,519.8252,-1162.389,-3326.106,-0.7054762,0.02777863,0.0276934,0.7076473;
custom,killcuboid,barriereditormat,8.679353,14.13848,0.3499848,0,1,1,1,1,5,519.8252,-1162.389,-3326.106,-0.7054762,0.02777863,0.0276934,0.7076473;
misc,barrier,30.87572,28.77017,1,-4585.742,-3862.317,-2930.899,0,0.0652157,0,0.9978712;
custom,killcuboid,barriereditormat,30.87572,28.77017,1,0,1,1,1,1,5,-4585.742,-3862.317,-2930.899,0,0.0652157,0,0.9978712;
custom,killcuboid,barriereditormat,18.52542,23.01611,0.5,0,1,1,1,1,5,-4585.742,-3862.317,-2930.899,0,0.0652157,0,0.9978712;
misc,barrier,9.123215,28.77017,1,-4733.319,-3862.317,-2876.534,0,-0.7567248,0,0.6537336;
custom,killcuboid,barriereditormat,9.123215,28.77017,1,0,1,1,1,1,5,-4733.319,-3862.317,-2876.534,0,-0.7567248,0,0.6537336;
custom,killcuboid,barriereditormat,5.47392,23.01611,0.5,0,1,1,1,1,5,-4733.319,-3862.317,-2876.534,0,-0.7567248,0,0.6537336;
custom,killcuboid,stone6,19.18831,25.56796,1.892679,0,1,1,1,1,5,-4608.057,-3820.423,-2833.732,-0.470336,0.5289768,0.5176653,0.4806145;
base,UI/greenFlareHint,default,36.20749,42.1557,42.1557,0,1,1,1,1,1,-4591.925,-3962.128,-2918.705,-0.2440883,0.02594581,0.9678385,-0.0551029;
base,UI/greenFlareHint,default,36.20749,42.1557,42.1557,0,1,1,1,1,1,-4591.925,-3962.128,-2918.705,-0.2440883,0.02594581,0.9678385,-0.0551029;
base,UI/greenFlareHint,default,36.20749,42.1557,42.1557,0,1,1,1,1,1,-4613.147,-3963.063,-2927.721,-0.2440883,0.02594581,0.9678385,-0.0551029;
base,UI/greenFlareHint,default,36.20749,42.1557,42.1557,0,1,1,1,1,1,-4613.147,-3963.063,-2927.721,-0.2440883,0.02594581,0.9678385,-0.0551029;
base,UI/greenFlareHint,default,36.20749,42.1557,42.1557,0,1,1,1,1,1,-4570.813,-3961.195,-2909.74,-0.2440883,0.02594581,0.9678385,-0.0551029;
base,UI/greenFlareHint,default,36.20749,42.1557,42.1557,0,1,1,1,1,1,-4570.813,-3961.195,-2909.74,-0.2440883,0.02594581,0.9678385,-0.0551029;
base,UI/greenFlareHint,default,36.20749,42.1557,42.1557,0,1,1,1,1,1,-4571.988,-3962.128,-2767.186,0.1985848,-0.04026162,0.9788667,-0.02762359;
base,UI/greenFlareHint,default,36.20749,42.1557,42.1557,0,1,1,1,1,1,-4571.988,-3962.128,-2767.186,0.1985848,-0.04026162,0.9788667,-0.02762359;
base,UI/greenFlareHint,default,36.20749,42.1557,42.1557,0,1,1,1,1,1,-4592.286,-3962.128,-2756.208,0.1985848,-0.04026162,0.9788667,-0.02762359;
base,UI/greenFlareHint,default,36.20749,42.1557,42.1557,0,1,1,1,1,1,-4592.286,-3962.128,-2756.208,0.1985848,-0.04026162,0.9788667,-0.02762359;
base,UI/greenFlareHint,default,36.20749,42.1557,42.1557,0,1,1,1,1,1,-4551.795,-3962.128,-2778.102,0.1985848,-0.04026162,0.9788667,-0.02762359;
base,UI/greenFlareHint,default,36.20749,42.1557,42.1557,0,1,1,1,1,1,-4551.795,-3962.128,-2778.102,0.1985848,-0.04026162,0.9788667,-0.02762359;
custom,killcuboid,stone6,24.25872,20.78488,1.892679,0,1,1,1,1,5,-4604.838,-3917.105,-2753.561,0,0.04458073,0,0.9990058;
custom,killcuboid,stone6,25.594,20.78488,1.892679,0,1,1,1,1,5,-4615.847,-3917.105,-2915.91,0,0.04458073,0,0.9990058;
custom,killcuboid,arena2tex,3.288387,15.9605,1,0,1,1,1,1,4,-4485.528,-3904.372,-2844.43,-0.4780755,-0.4781822,0.5174322,0.5244517;
racing,checkpointCuboid,0.3625588,2.258759,12.54524,-4494.996,-3989.847,-2836.357,0,0.05842615,0,0.9982917;
custom,killcuboid,arena2tex,3.288387,15.9605,1,0,1,1,1,1,4,-4485.528,-3873.052,-2844.43,-0.4780755,-0.4781822,0.5174322,0.5244517;
custom,killcuboid,arena2tex,3.288387,15.9605,1,0,1,1,1,1,4,-4485.528,-3842.823,-2844.43,-0.4780755,-0.4781822,0.5174322,0.5244517;
custom,killcuboid,arena2tex,3.288387,15.9605,1,0,1,1,1,1,4,-4485.528,-3935.611,-2844.43,-0.4780755,-0.4781822,0.5174322,0.5244517;
custom,killcuboid,arena2tex,3.288387,15.9605,1,0,1,1,1,1,4,-4485.528,-3965.84,-2844.43,-0.4780755,-0.4781822,0.5174322,0.5244517;
misc,barrier,30.87572,28.77017,1,-4574.761,-3721.734,-2852.653,0.7116538,0,0,0.7025303;
custom,killcuboid,barriereditormat,30.87572,28.77017,1,0,1,1,1,1,5,-4574.761,-3721.734,-2852.653,0.7116538,0,0,0.7025303;
custom,killcuboid,barriereditormat,18.52542,23.01611,0.5,0,1,1,1,1,5,-4574.761,-3721.734,-2852.653,0.7116538,0,0,0.7025303;
custom,sphere,ice1,1.099171,1.058515,1.015244,0,1,1,1,1,1,-768.2969,58.88476,-305.9955,0,0.8343905,0,-0.5511737;
custom,arc180,ice1,-2.439314,3.932086,3.231824,0,1,1,1,1,1,-4720.847,-3919.177,-2789.707,-0.7195542,-0.6914499,-0.001618135,0.06431357;
custom,sphere,ice1,2.161986,2.082019,1.996909,0,1,1,1,1,1,-4713.41,-3893.724,-2763.632,0.02394679,-0.2740106,-0.0150806,0.9613102;
custom,sphere,lava1,1,1,1,1,0.4204545,0,0,1,1,-4705.822,-3892.786,-2765.535,0,0.624377,0,-0.7811232;
racing,killCuboid,83.21964,0.6915641,41.08647,-3558.54,-3360.982,2210.633,0,0.001785052,0,0.9999985;
custom,cuboid,ice1,24.50281,3.093582,0.5864017,0,1,1,1,1,1,-4616.302,-3988.029,-2865.957,0,0.9921083,0,-0.1253837;
custom,cuboid,ice1,24.50281,3.093582,0.5864017,0,1,1,1,1,1,-4607.762,-3988.029,-2761.878,-0.004925243,0.9988618,0.0005617214,-0.04744073;
racing,checkpointCuboid,1.47002,1.354595,1.349612,-4412.211,-3991.293,-2848.208,0,0.05842615,0,0.9982917;
custom,cuboid,bombexplosiontex,0.8200684,1.684171,13.01301,0,1,1,1,99999,99999,-4551.735,-3975.047,-2824.865,-0.05961818,0.05803321,-0.7004691,0.7088166;
custom,cuboid,bombexplosiontex,0.8200684,1.684171,13.01301,0,1,1,1,99999,99999,-4611.413,-3971.868,-2817.694,-0.05961818,0.05803321,-0.7004691,0.7088166;
custom,cuboid,bombexplosiontex,0.8200684,2.47516,13.01301,0,1,1,1,99999,99999,-4728.589,-3971.868,-2789.413,-0.05606467,0.05452156,-0.7007516,0.7091061;
custom,tube,ice1,1.905839,0.2560191,1.822277,0,1,1,1,1,1,-198.8961,9.18902,-307.1699,0,0.3756081,0,0.9267786;
custom,cone,ice1,0.4124199,0.5,0.3901643,0,1,1,1,1,1,-198.8049,19.87013,-308.4389,0,0.6419361,0,0.7667582;
custom,tube,ice1,1.432794,0.2662908,1.324458,0,1,1,1,1,1,-198.8961,11.08943,-307.1699,0,0.3756081,0,0.9267786;
custom,tube,ice1,1.905839,0.2560191,1.822277,0,1,1,1,1,1,-198.8961,13.05304,-307.1699,0,0.3756081,0,0.9267786;
custom,pyramid,ice1,0.5,0.9460986,0.5,0,1,1,1,1,1,-194.8339,28.31933,-303.0447,0.7538627,0.2246202,-0.2921937,0.5439299;
custom,capsule,ice1,1.060382,1.115282,0.7419831,0,1,1,1,1,1,-200.0983,24.25933,-308.8067,0.008313605,0.2739621,-0.009897871,0.9616536;
custom,capsule,ice1,0.6979337,0.7699107,0.4457404,0,1,1,1,1,1,-195.0883,31.42558,-302.4167,-0.4749247,0.2919624,0.227674,0.798354;
custom,tube,ice1,1.905839,0.2560191,1.822277,0,1,1,1,1,1,147.6703,9.18902,-310.2325,0,-0.3946283,0,0.9188409;
custom,cone,ice1,0.4124199,0.5,0.3901643,0,1,1,1,1,1,148.9382,19.87013,-310.1276,0,-0.09355832,0,0.9956138;
custom,tube,ice1,1.432794,0.2662908,1.324458,0,1,1,1,1,1,147.6703,11.08943,-310.2325,0,-0.3946283,0,0.9188409;
custom,tube,ice1,1.905839,0.2560191,1.822277,0,1,1,1,1,1,147.6703,13.05304,-310.2325,0,-0.3946283,0,0.9188409;
custom,pyramid,ice1,0.5,0.9460986,0.5,0,1,1,1,1,1,143.5022,28.31933,-306.2142,0.7379263,-0.2286733,0.3303781,0.5422395;
custom,capsule,ice1,1.060382,1.115282,0.7419831,0,1,1,1,1,1,149.3198,24.25933,-311.4171,0.01288325,-0.4909112,-0.001051746,0.8711137;
custom,capsule,ice1,0.6979337,0.7699107,0.4457404,0,1,1,1,1,1,142.8768,31.42558,-306.4753,-0.4958757,-0.362168,-0.1774725,0.7690547;
racing,killCylinder,6.436275,8.072419,6.471414,-371.4107,-4025.746,-4741.859,0,-0.9999493,0,-0.01006974;
custom,cylinder,default,5.07175,8.002931,5.099443,1,0,1,0.5,1,1,-370.94,-4025.819,-4741.967,0,-0.9999493,0,-0.01006974;
racing,killCuboid,161.7039,2.722049,-30.43393,-194.9461,-4022.002,-3271.825,0,0.05396643,0,0.9985428;
racing,killCuboid,1.205,9.000475,21.7,-858.9179,-3967.762,-3131.812,-0.001619183,0.7365386,0.001486872,0.676392;
custom,cuboid,default,1.004168,8.793564,21,0,1,1,1,1,1,-861.4206,-3967.773,-3131.601,-0.001619183,0.7365386,0.001486872,0.676392;
custom,cuboid,default,0.8230406,8.992487,18.88209,0,1,1,1,1,1,-861.1954,-3967.773,-3238.804,-0.001619183,0.7365386,0.001486872,0.676392;
racing,killCuboid,0.9876479,9.204078,19.51149,-859.1431,-3967.762,-3238.993,-0.001619183,0.7365386,0.001486872,0.676392;
custom,cylinder,default,1.606615,4.309739,1.615385,1,0,1,0.5,1,1,-765.7048,-3927.452,-3193.805,0.00707575,-0.7114758,0.7026384,-0.007164749;
racing,killCylinder,1.694917,4.335389,1.704169,-765.854,-3927.407,-3193.846,0.00707575,-0.7114758,0.7026384,-0.007164749;
racing,killCuboid,1.295857,11.11543,19.51149,-859.1431,-3927.455,-3185.478,-0.5351933,0.5052673,-0.4530961,0.5029683;
racing,killCuboid,1.150619,3.442344,13.73655,-756.9246,-3940.445,-3191.14,0,0.03602913,0,0.9993508;
custom,killcuboid,cannonregionmat,13.4148,0.8718659,0.8088538,0,1,1,1,1,1,-759.2521,-3952.292,-3192.351,-0.68021,-0.001993369,0.7330141,0.0008994635;
racing,killCuboid,1.150619,4.096355,13.73655,-756.9246,-3993.048,-3191.14,0,0.03602913,0,0.9993508;
custom,killcuboid,cannonregionmat,13.4148,1.037511,0.8088538,0,1,1,1,1,1,-759.2521,-3978.044,-3192.351,-0.68021,-0.001993369,0.7330141,0.0008994635;
racing,killCuboid,1.205,514.7364,138.1044,-82.31544,-3731.406,-3196.439,0,-0.6711459,0,0.7413254;
racing,killCuboid,1.205,497.9208,138.1044,-82.31544,-3649.3,-3323.034,0,-0.6711459,0,0.7413254;
custom,cylinder,default,2.437566,3.846339,2.450875,1,0,1,0.5,1,1,488.0275,-3193.24,-3386.812,0,-0.9999493,0,-0.01006974;
base,UI/greenFlareHint,default,36.20749,42.1557,42.1557,0,1,1,1,1,1,555.2462,-3364.52,-3287.483,-0.7436027,-0.1107408,-0.6149848,-0.2378764;
base,UI/greenFlareHint,default,36.20749,42.1557,42.1557,0,1,1,1,1,1,555.2462,-3364.52,-3287.483,-0.7436027,-0.1107408,-0.6149848,-0.2378764;
base,UI/greenFlareHint,default,36.20749,42.1557,42.1557,0,1,1,1,1,1,556.6381,-3339.376,-3287.834,-0.7436027,-0.1107408,-0.6149848,-0.2378764;
base,UI/greenFlareHint,default,36.20749,42.1557,42.1557,0,1,1,1,1,1,556.6381,-3339.376,-3287.834,-0.7436027,-0.1107408,-0.6149848,-0.2378764;
base,UI/greenFlareHint,default,36.20749,42.1557,42.1557,0,1,1,1,1,1,558.0975,-3312.997,-3288.214,-0.7436027,-0.1107408,-0.6149848,-0.2378764;
base,UI/greenFlareHint,default,36.20749,42.1557,42.1557,0,1,1,1,1,1,558.0975,-3312.997,-3288.214,-0.7436027,-0.1107408,-0.6149848,-0.2378764;
base,UI/greenFlareHint,default,36.20749,42.1557,42.1557,0,1,1,1,1,1,555.2462,-3565.447,-3287.483,-0.7436027,-0.1107408,-0.6149848,-0.2378764;
base,UI/greenFlareHint,default,36.20749,42.1557,42.1557,0,1,1,1,1,1,555.2462,-3565.447,-3287.483,-0.7436027,-0.1107408,-0.6149848,-0.2378764;
base,UI/greenFlareHint,default,36.20749,42.1557,42.1557,0,1,1,1,1,1,556.6381,-3540.303,-3287.834,-0.7436027,-0.1107408,-0.6149848,-0.2378764;
base,UI/greenFlareHint,default,36.20749,42.1557,42.1557,0,1,1,1,1,1,556.6381,-3540.303,-3287.834,-0.7436027,-0.1107408,-0.6149848,-0.2378764;
base,UI/greenFlareHint,default,36.20749,42.1557,42.1557,0,1,1,1,1,1,558.0975,-3513.923,-3288.214,-0.7436027,-0.1107408,-0.6149848,-0.2378764;
base,UI/greenFlareHint,default,36.20749,42.1557,42.1557,0,1,1,1,1,1,558.0975,-3513.923,-3288.214,-0.7436027,-0.1107408,-0.6149848,-0.2378764;
base,UI/greenFlareHint,default,36.20749,42.1557,42.1557,0,1,1,1,1,1,555.2462,-3774.464,-3287.483,-0.7436027,-0.1107408,-0.6149848,-0.2378764;
base,UI/greenFlareHint,default,36.20749,42.1557,42.1557,0,1,1,1,1,1,555.2462,-3774.464,-3287.483,-0.7436027,-0.1107408,-0.6149848,-0.2378764;
base,UI/greenFlareHint,default,36.20749,42.1557,42.1557,0,1,1,1,1,1,556.6381,-3749.321,-3287.834,-0.7436027,-0.1107408,-0.6149848,-0.2378764;
base,UI/greenFlareHint,default,36.20749,42.1557,42.1557,0,1,1,1,1,1,556.6381,-3749.321,-3287.834,-0.7436027,-0.1107408,-0.6149848,-0.2378764;
base,UI/greenFlareHint,default,36.20749,42.1557,42.1557,0,1,1,1,1,1,558.0975,-3722.941,-3288.214,-0.7436027,-0.1107408,-0.6149848,-0.2378764;
base,UI/greenFlareHint,default,36.20749,42.1557,42.1557,0,1,1,1,1,1,558.0975,-3722.941,-3288.214,-0.7436027,-0.1107408,-0.6149848,-0.2378764;
racing,killCuboid,1.205,80.46844,18.06274,-765.4936,-3524.137,-3201.032,0,0.06740589,0,0.9977257;
racing,killCuboid,1.205,438.0525,18.06274,574.7021,-3226.15,-3320.686,0,0.06740589,0,0.9977257;
custom,cylinder,default,2.437566,3.846339,2.450875,1,0,1,0.5,1,1,508.5667,-3195.639,-3250.13,0,-0.9999493,0,-0.01006974;
racing,killCuboid,131.0643,2.722049,-30.43393,-194.9461,-3132.958,-3271.825,0,0.05396643,0,0.9985428;
racing,killCuboid,11.84372,0.7201342,-4.072245,509.9817,-3132.958,-3359.601,0,0.05396643,0,0.9985428;
racing,killCuboid,11.84372,0.7201342,-4.323195,521.2278,-3132.958,-3282.997,0,0.05396643,0,0.9985428;
racing,killCuboid,4.060927,0.7201342,-4.752186,478.6756,-3132.958,-3318.403,0,-0.6568651,0,0.7540081;
racing,killCuboid,4.060927,0.7201342,-4.752186,552.4688,-3132.958,-3324.873,0,-0.6568651,0,0.7540081;
custom,killcuboid,cannonregionmat,5.543115,0.6401341,0.8088538,0,1,1,1,1,1,533.1755,-3134.295,-3321.026,-0.6570211,-0.002020446,0.7538691,0.0008368632;
custom,killcuboid,cannonregionmat,5.543115,0.6401341,0.8088538,0,1,1,1,1,1,497.6978,-3133.858,-3320.495,-0.6570211,-0.002020446,0.7538691,0.0008368632;
custom,killcuboid,cannonregionmat,4.175747,0.6401341,0.8088538,0,1,1,1,1,1,518.2342,-3134.295,-3300.534,-0.9989238,-0.0007918957,0.04633098,0.002038531;
custom,killcuboid,cannonregionmat,4.175747,0.6401341,0.8088538,0,1,1,1,1,1,512.1312,-3134.295,-3342.97,-0.9989238,-0.0007918957,0.04633098,0.002038531;
racing,killCuboid,11.84372,0.7201342,-4.323195,521.2278,-2961.737,-3282.546,0,0.05396643,0,0.9985428;
racing,killCuboid,11.84372,0.7201342,-6.212455,509.9817,-2961.737,-3365.57,0,0.05396643,0,0.9985428;
custom,killcuboid,cannonregionmat,3.954262,0.6401341,0.8088538,0,1,1,1,1,1,461.6341,-2962.204,-3316.234,-0.6570211,-0.002020446,0.7538691,0.0008368632;
custom,killcuboid,cannonregionmat,4.175747,0.6401341,0.8088538,0,1,1,1,1,1,482.1705,-2962.641,-3296.273,-0.9989238,-0.0007918957,0.04633098,0.002038531;
custom,killcuboid,cannonregionmat,4.215818,0.6401341,0.8088538,0,1,1,1,1,1,497.1125,-2962.641,-3319.276,-0.6570211,-0.002020446,0.7538691,0.0008368632;
custom,killcuboid,cannonregionmat,4.175747,0.6401341,0.8088538,0,1,1,1,1,1,476.0675,-2962.641,-3334.307,-0.9989238,-0.0007918957,0.04633098,0.002038531;
racing,killCuboid,4.060927,0.7201342,-4.752186,517.6556,-2962.29,-3317.515,0,-0.6568651,0,0.7540081;
racing,killCuboid,4.060927,0.7201342,-4.752186,553.8268,-2962.29,-3319.128,0,-0.6568651,0,0.7540081;
custom,cylinder,default,2.437566,3.846339,2.450875,1,0,1,0.5,1,1,488.0275,-2810.615,-3386.315,0,-0.9999493,0,-0.01006974;
racing,killCuboid,1.205,203.5765,18.06274,458.0425,-2119.618,-3320.686,0,0.05526488,0,0.9984717;
racing,killCuboid,11.84372,0.7201342,-5.180454,521.2278,-3049.893,-3287.791,0,0.05396643,0,0.9985428;
racing,killCuboid,4.060927,0.7201342,-5.984932,478.6756,-3050.446,-3317.515,0,-0.6568651,0,0.7540081;
racing,killCuboid,11.84372,0.7201342,-6.212455,509.9817,-3049.893,-3362.067,0,0.05396643,0,0.9985428;
racing,killCuboid,4.060927,0.7201342,-4.752186,552.2274,-3050.446,-3324.606,0,-0.6575856,0,0.7533799;
custom,killcuboid,cannonregionmat,3.414068,0.6401341,0.6495264,0,1,1,1,1,1,519.6701,-3050.18,-3309.527,-0.9979971,-0.0008262671,0.06322258,0.002024843;
custom,killcuboid,cannonregionmat,3.686708,0.6401341,0.6495264,0,1,1,1,1,1,516.2646,-3050.18,-3335.184,-0.9982769,-0.0008169602,0.05863865,0.002028621;
custom,killcuboid,cannonregionmat,2.175166,0.5953497,0.6397868,0,1,1,1,1,1,503.8583,-3049.759,-3321.413,-0.6570211,-0.002020446,0.7538691,0.0008368632;
custom,killcuboid,cannonregionmat,2.344188,0.5953497,0.6397868,0,1,1,1,1,1,531.9918,-3050.164,-3322.09,-0.6570211,-0.002020446,0.7538691,0.0008368632;
racing,killCuboid,11.84372,0.7201342,-5.180454,521.2278,-2817.476,-3278.828,0,0.05396643,0,0.9985428;
racing,killCuboid,4.060927,0.7201342,-5.984932,485.7164,-2818.029,-3308.552,0,-0.6568651,0,0.7540081;
racing,killCuboid,11.84372,0.7201342,-6.212455,509.9817,-2817.476,-3353.104,0,0.05396643,0,0.9985428;
racing,killCuboid,4.060927,0.7201342,-4.752186,552.2274,-2818.029,-3315.644,0,-0.6575856,0,0.7533799;
custom,killcuboid,cannonregionmat,2.175166,0.5953497,0.6397868,0,1,1,1,1,1,511.8491,-2817.342,-3312.45,-0.6570211,-0.002020446,0.7538691,0.0008368632;
custom,killcuboid,cannonregionmat,2.634218,0.6401341,0.6495264,0,1,1,1,1,1,519.9579,-2817.763,-3326.221,-0.9982769,-0.0008169602,0.05863865,0.002028621;
custom,killcuboid,cannonregionmat,2.564306,0.6401341,0.6495264,0,1,1,1,1,1,523.0592,-2817.763,-3301.813,-0.9979971,-0.0008262671,0.06322258,0.002024843;
custom,killcuboid,cannonregionmat,2.344188,0.5953497,0.6397868,0,1,1,1,1,1,531.9918,-2817.747,-3313.127,-0.6570211,-0.002020446,0.7538691,0.0008368632;
racing,killCuboid,11.84372,0.7201342,-5.180454,521.2278,-2745.879,-3278.828,0,0.05396643,0,0.9985428;
racing,killCuboid,4.060927,0.7201342,-3.747842,467.5681,-2746.432,-3305.292,0,-0.6568651,0,0.7540081;
racing,killCuboid,11.84372,0.7201342,-6.212455,509.9817,-2745.879,-3353.104,0,0.05396643,0,0.9985428;
racing,killCuboid,4.060927,0.7201342,-7.481148,537.3171,-2746.432,-3312.383,0,-0.6575856,0,0.7533799;
custom,killcuboid,cannonregionmat,2.175166,0.5953497,0.6397868,0,1,1,1,1,1,482.9133,-2745.745,-3309.189,-0.6570211,-0.002020446,0.7538691,0.0008368632;
custom,killcuboid,cannonregionmat,2.634218,0.6401341,0.6495264,0,1,1,1,1,1,491.0221,-2746.166,-3322.96,-0.9982769,-0.0008169602,0.05863865,0.002028621;
custom,killcuboid,cannonregionmat,2.564306,0.6401341,0.6495264,0,1,1,1,1,1,494.1228,-2746.166,-3298.552,-0.9979971,-0.0008262671,0.06322258,0.002024843;
custom,killcuboid,cannonregionmat,2.344188,0.5953497,0.6397868,0,1,1,1,1,1,503.0546,-2746.149,-3309.866,-0.6570211,-0.002020446,0.7538691,0.0008368632;
racing,killCuboid,11.84372,0.7201342,-5.180454,521.2278,-2594.284,-3278.828,0,0.05396643,0,0.9985428;
racing,killCuboid,4.060927,0.7201342,-9.917203,503.9971,-2594.836,-3313.003,0,-0.6568651,0,0.7540081;
racing,killCuboid,11.84372,0.7201342,-6.212455,509.9817,-2594.284,-3353.104,0,0.05396643,0,0.9985428;
racing,killCuboid,4.060927,0.7201342,-7.481148,605.1154,-2594.836,-3320.094,0,-0.6575856,0,0.7533799;
custom,killcuboid,cannonregionmat,2.175166,0.5953497,0.6397868,0,1,1,1,1,1,550.7114,-2594.15,-3316.9,-0.6570211,-0.002020446,0.7538691,0.0008368632;
custom,killcuboid,cannonregionmat,2.634218,0.6401341,0.6495264,0,1,1,1,1,1,558.8203,-2594.57,-3330.671,-0.9982769,-0.0008169602,0.05863865,0.002028621;
custom,killcuboid,cannonregionmat,2.564306,0.6401341,0.6495264,0,1,1,1,1,1,561.921,-2594.57,-3306.264,-0.9979971,-0.0008262671,0.06322258,0.002024843;
custom,killcuboid,cannonregionmat,2.344188,0.5953497,0.6397868,0,1,1,1,1,1,570.8529,-2594.554,-3317.577,-0.6570211,-0.002020446,0.7538691,0.0008368632;
custom,cylinder,default,2.437566,5.424253,2.450875,1,0,1,0.5,1,1,502.5224,-2588.201,-3389.518,0,-0.9999493,0,-0.01006974;
racing,killCuboid,11.84372,0.7201342,-5.180454,521.2278,-2482.263,-3285.709,0,0.05396643,0,0.9985428;
racing,killCuboid,4.060927,0.7201342,-5.984932,478.6756,-2482.815,-3315.434,0,-0.6568651,0,0.7540081;
racing,killCuboid,11.84372,0.7201342,-6.212455,509.9817,-2482.263,-3359.985,0,0.05396643,0,0.9985428;
racing,killCuboid,4.060927,0.7201342,-4.752186,552.2274,-2482.815,-3322.525,0,-0.6575856,0,0.7533799;
custom,killcuboid,cannonregionmat,2.175166,0.5953497,0.6397868,0,1,1,1,1,1,503.8583,-2482.129,-3319.331,-0.6570211,-0.002020446,0.7538691,0.0008368632;
custom,killcuboid,cannonregionmat,3.686708,0.6401341,0.6495264,0,1,1,1,1,1,516.2646,-2482.55,-3333.102,-0.9982769,-0.0008169602,0.05863865,0.002028621;
custom,killcuboid,cannonregionmat,3.414068,0.6401341,0.6495264,0,1,1,1,1,1,519.6701,-2482.55,-3307.445,-0.9979971,-0.0008262671,0.06322258,0.002024843;
custom,killcuboid,cannonregionmat,2.344188,0.5953497,0.6397868,0,1,1,1,1,1,531.9918,-2482.533,-3320.008,-0.6570211,-0.002020446,0.7538691,0.0008368632;
base,UI/greenFlareHint,default,36.20749,42.1557,42.1557,0,1,1,1,1,1,541.273,-2588.443,-3389.607,-0.9621713,-0.2496201,0.08990146,-0.06191916;
base,UI/greenFlareHint,default,36.20749,42.1557,42.1557,0,1,1,1,1,1,541.273,-2588.443,-3389.607,-0.9621713,-0.2496201,0.08990146,-0.06191916;
base,UI/greenFlareHint,default,36.20749,42.1557,42.1557,0,1,1,1,1,1,540.9037,-2563.259,-3389.61,-0.9621713,-0.2496201,0.08990146,-0.06191916;
base,UI/greenFlareHint,default,36.20749,42.1557,42.1557,0,1,1,1,1,1,540.9037,-2563.259,-3389.61,-0.9621713,-0.2496201,0.08990146,-0.06191916;
base,UI/greenFlareHint,default,36.20749,42.1557,42.1557,0,1,1,1,1,1,540.5078,-2536.838,-3389.606,-0.9621713,-0.2496201,0.08990146,-0.06191916;
base,UI/greenFlareHint,default,36.20749,42.1557,42.1557,0,1,1,1,1,1,540.5078,-2536.838,-3389.606,-0.9621713,-0.2496201,0.08990146,-0.06191916;
racing,checkpointCuboid,2.493711,4.544699,2.300861,516.4382,-2456.178,-3322.613,0,0.05842615,0,0.9982917;
base,UI/greenFlareHint,default,23.74972,27.65134,27.65134,0,1,1,1,1,1,-4744.111,-3985.802,-2803.158,0.1637375,-0.3687084,-0.4600034,0.7909748;
base,UI/greenFlareHint,default,23.74972,27.65134,27.65134,0,1,1,1,1,1,-4744.111,-3985.802,-2803.158,0.1637375,-0.3687084,-0.4600034,0.7909748;
base,UI/greenFlareHint,default,23.74972,27.65134,27.65134,0,1,1,1,1,1,-4758.366,-3985.802,-2803.158,0.1637375,-0.3687084,-0.4600034,0.7909748;
base,UI/greenFlareHint,default,23.74972,27.65134,27.65134,0,1,1,1,1,1,-4758.366,-3985.802,-2803.158,0.1637375,-0.3687084,-0.4600034,0.7909748;
base,UI/greenFlareHint,default,23.74972,27.65134,27.65134,0,1,1,1,1,1,-4769.698,-3985.802,-2803.158,0.1637375,-0.3687084,-0.4600034,0.7909748;
base,UI/greenFlareHint,default,23.74972,27.65134,27.65134,0,1,1,1,1,1,-4769.698,-3985.802,-2803.158,0.1637375,-0.3687084,-0.4600034,0.7909748;
base,UI/greenFlareHint,default,23.74972,27.65134,27.65134,0,1,1,1,1,1,-4744.111,-3985.802,-2764.122,-0.265285,0.4030988,-0.409923,0.7740145;
base,UI/greenFlareHint,default,23.74972,27.65134,27.65134,0,1,1,1,1,1,-4744.111,-3985.802,-2764.122,-0.265285,0.4030988,-0.409923,0.7740145;
base,UI/greenFlareHint,default,23.74972,27.65134,27.65134,0,1,1,1,1,1,-4758.764,-3985.802,-2761.74,-0.265285,0.4030988,-0.409923,0.7740145;
base,UI/greenFlareHint,default,23.74972,27.65134,27.65134,0,1,1,1,1,1,-4758.764,-3985.802,-2761.74,-0.265285,0.4030988,-0.409923,0.7740145;
base,UI/greenFlareHint,default,23.74972,27.65134,27.65134,0,1,1,1,1,1,-4772.586,-3985.802,-2761.132,-0.265285,0.4030988,-0.409923,0.7740145;
base,UI/greenFlareHint,default,23.74972,27.65134,27.65134,0,1,1,1,1,1,-4772.586,-3985.802,-2761.132,-0.265285,0.4030988,-0.409923,0.7740145;
racing,killCuboid,11.84372,0.7201342,-11.45852,509.9817,-2362.635,-3336.856,0,0.05396643,0,0.9985428;
custom,killcuboid,cannonregionmat,2.175166,0.5953497,0.6397868,0,1,1,1,1,1,511.9702,-2362.531,-3270.499,-0.6737629,-0.0001912199,0.7389463,-0.001449647;
custom,killcuboid,cannonregionmat,2.634218,0.6401341,0.6495264,0,1,1,1,1,1,520.6889,-2363.02,-3283.89,-0.9993422,-0.001169011,0.03623678,-0.0008783219;
custom,killcuboid,cannonregionmat,2.564306,0.6401341,0.6495264,0,1,1,1,1,1,522.6923,-2362.88,-3259.368,-0.9991652,-0.001164955,0.04082583,-0.0008836447;
custom,killcuboid,cannonregionmat,2.344188,0.5953497,0.6397868,0,1,1,1,1,1,532.1234,-2362.917,-3270.268,-0.6737629,-0.0001912199,0.7389463,-0.001449647;
custom,cylinder,default,2.437566,3.146017,2.450875,1,0,1,0.5,1,1,514.8342,-2331.763,-3389.03,0.0004931793,-0.9995874,0.002862136,-0.02857541;
racing,killCuboid,4.060927,0.7201342,-4.752186,552.6201,-2363.188,-3273.187,0,-0.6758108,0,0.7370753;
racing,killCuboid,4.060927,0.7201342,-5.984932,485.7164,-2363.188,-3263.689,0,-0.6783492,0,0.7347397;
custom,cylinder,default,2.437566,2.949672,2.450875,1,0,1,0.5,1,1,452.2052,-1767.618,-3314.168,0.0004931793,-0.9995874,0.002862136,-0.02857541;
racing,killCuboid,11.84372,0.7201342,-5.180454,521.2278,-2242.896,-3285.709,0,0.05396643,0,0.9985428;
racing,killCuboid,4.060927,0.7201342,-5.984932,478.6756,-2243.448,-3315.434,0,-0.6568651,0,0.7540081;
racing,killCuboid,11.84372,0.7201342,-6.212455,509.9817,-2242.896,-3359.985,0,0.05396643,0,0.9985428;
racing,killCuboid,4.060927,0.7201342,-4.752186,552.2274,-2243.448,-3322.525,0,-0.6575856,0,0.7533799;
custom,killcuboid,cannonregionmat,2.175166,0.5953497,0.6397868,0,1,1,1,1,1,503.8583,-2242.762,-3319.331,-0.6570211,-0.002020446,0.7538691,0.0008368632;
custom,killcuboid,cannonregionmat,3.686708,0.6401341,0.6495264,0,1,1,1,1,1,516.2646,-2243.183,-3333.102,-0.9982769,-0.0008169602,0.05863865,0.002028621;
custom,killcuboid,cannonregionmat,3.414068,0.6401341,0.6495264,0,1,1,1,1,1,519.6701,-2243.183,-3307.445,-0.9979971,-0.0008262671,0.06322258,0.002024843;
custom,killcuboid,cannonregionmat,2.344188,0.5953497,0.6397868,0,1,1,1,1,1,531.9918,-2243.166,-3320.008,-0.6570211,-0.002020446,0.7538691,0.0008368632;
racing,killCuboid,11.84372,0.7201342,-5.180454,521.2278,-2181.874,-3285.709,0,0.05396643,0,0.9985428;
racing,killCuboid,4.060927,0.7201342,-5.984932,478.6756,-2182.426,-3315.434,0,-0.6568651,0,0.7540081;
racing,killCuboid,11.84372,0.7201342,-6.212455,509.9817,-2181.874,-3359.985,0,0.05396643,0,0.9985428;
racing,killCuboid,4.060927,0.7201342,-4.752186,552.2274,-2182.426,-3322.525,0,-0.6575856,0,0.7533799;
custom,killcuboid,cannonregionmat,2.175166,0.5953497,0.6397868,0,1,1,1,1,1,503.8583,-2181.74,-3319.331,-0.6570211,-0.002020446,0.7538691,0.0008368632;
custom,killcuboid,cannonregionmat,3.686708,0.6401341,0.6495264,0,1,1,1,1,1,516.2646,-2182.161,-3333.102,-0.9982769,-0.0008169602,0.05863865,0.002028621;
custom,killcuboid,cannonregionmat,3.414068,0.6401341,0.6495264,0,1,1,1,1,1,519.6701,-2182.161,-3307.445,-0.9979971,-0.0008262671,0.06322258,0.002024843;
custom,killcuboid,cannonregionmat,2.344188,0.5953497,0.6397868,0,1,1,1,1,1,531.9918,-2182.144,-3320.008,-0.6570211,-0.002020446,0.7538691,0.0008368632;
custom,cylinder,default,2.437566,3.376832,2.450875,1,0,1,0.5,1,1,583.7565,-2053.414,-3326.52,0.0004931793,-0.9995874,0.002862136,-0.02857541;
racing,killCuboid,1.935032,0.7201342,-5.984932,508.1879,-2085.3,-3318.615,0,0.7393952,0,0.6732718;
racing,killCuboid,1.900248,0.7201342,-4.910865,561.6923,-2085.3,-3325.009,0,-0.6575856,0,0.7533799;
custom,killcuboid,cannonregionmat,2.175166,0.5953497,0.6397868,0,1,1,1,1,1,481.8382,-2084.613,-3315.797,0.7392527,0.0007922821,0.6734246,0.002038365;
custom,killcuboid,cannonregionmat,2.634218,0.6401341,0.6495264,0,1,1,1,1,1,473.1324,-2085.034,-3302.397,0.03669283,0.002010191,0.9993242,0.0008613334;
custom,killcuboid,cannonregionmat,2.344188,0.5953497,0.6397868,0,1,1,1,1,1,461.6861,-2085.018,-3316.005,0.7392527,0.0007922821,0.6734246,0.002038365;
custom,killcuboid,cannonregionmat,2.564306,0.6401341,0.6495264,0,1,1,1,1,1,471.1058,-2085.034,-3326.914,0.04128154,0.002006216,0.9991452,0.0008705584;
racing,killCuboid,11.84372,0.7201342,-6.212455,509.9817,-2084.707,-3359.528,0,0.05396643,0,0.9985428;
racing,killCuboid,11.84372,0.7201342,-5.180454,521.2278,-2085.445,-3284.922,0,0.05396643,0,0.9985428;
racing,killCuboid,4.060927,0.7201342,-5.984932,478.6756,-1941.894,-3315.434,0,-0.6568651,0,0.7540081;
racing,killCuboid,11.84372,0.7201342,-5.180454,521.2278,-1941.342,-3285.709,0,0.05396643,0,0.9985428;
racing,killCuboid,11.84372,0.7201342,-6.212455,509.9817,-1941.342,-3359.985,0,0.05396643,0,0.9985428;
racing,killCuboid,4.060927,0.7201342,-4.752186,552.2274,-1941.894,-3322.525,0,-0.6575856,0,0.7533799;
custom,killcuboid,cannonregionmat,2.175166,0.5953497,0.6397868,0,1,1,1,1,1,503.8583,-1941.208,-3319.331,-0.6570211,-0.002020446,0.7538691,0.0008368632;
custom,killcuboid,cannonregionmat,3.686708,0.6401341,0.6495264,0,1,1,1,1,1,516.2646,-1941.629,-3333.102,-0.9982769,-0.0008169602,0.05863865,0.002028621;
custom,killcuboid,cannonregionmat,3.414068,0.6401341,0.6495264,0,1,1,1,1,1,519.6701,-1941.629,-3307.445,-0.9979971,-0.0008262671,0.06322258,0.002024843;
custom,killcuboid,cannonregionmat,2.344188,0.5953497,0.6397868,0,1,1,1,1,1,531.9918,-1941.612,-3320.008,-0.6570211,-0.002020446,0.7538691,0.0008368632;
racing,killCuboid,11.84372,0.7201342,-5.180454,521.2278,-1880.319,-3285.709,0,0.05396643,0,0.9985428;
racing,killCuboid,4.060927,0.7201342,-5.984932,478.6756,-1880.871,-3315.434,0,-0.6568651,0,0.7540081;
racing,killCuboid,11.84372,0.7201342,-6.212455,509.9817,-1880.319,-3359.985,0,0.05396643,0,0.9985428;
racing,killCuboid,4.060927,0.7201342,-4.752186,552.2274,-1880.871,-3322.525,0,-0.6575856,0,0.7533799;
custom,killcuboid,cannonregionmat,2.175166,0.5953497,0.6397868,0,1,1,1,1,1,503.8583,-1880.185,-3319.331,-0.6570211,-0.002020446,0.7538691,0.0008368632;
custom,killcuboid,cannonregionmat,3.686708,0.6401341,0.6495264,0,1,1,1,1,1,516.2646,-1880.607,-3333.102,-0.9982769,-0.0008169602,0.05863865,0.002028621;
custom,killcuboid,cannonregionmat,3.414068,0.6401341,0.6495264,0,1,1,1,1,1,519.6701,-1880.607,-3307.445,-0.9979971,-0.0008262671,0.06322258,0.002024843;
custom,killcuboid,cannonregionmat,2.344188,0.5953497,0.6397868,0,1,1,1,1,1,531.9918,-1880.589,-3320.008,-0.6570211,-0.002020446,0.7538691,0.0008368632;
racing,killCuboid,1.935032,0.7201342,-5.984932,523.7773,-1799.714,-3324.956,-0.000605964,-0.6683909,0.0005444363,0.7438098;
racing,killCuboid,1.900248,0.7201342,-4.910865,470.7524,-1799.705,-3317.859,0.0005315755,-0.7576903,0.0006170002,-0.6526139;
custom,killcuboid,cannonregionmat,2.175166,0.5953497,0.6397868,0,1,1,1,1,1,550.4783,-1799.032,-3328.122,-0.6685454,-0.001427589,0.7436699,0.0002613603;
custom,killcuboid,cannonregionmat,2.634218,0.6401341,0.6495264,0,1,1,1,1,1,559.0073,-1799.475,-3341.636,-0.9990625,-0.0008129425,0.04326775,0.001203072;
custom,killcuboid,cannonregionmat,2.344188,0.5953497,0.6397868,0,1,1,1,1,1,570.6318,-1799.438,-3328.178,-0.6685454,-0.001427589,0.7436699,0.0002613603;
custom,killcuboid,cannonregionmat,2.564306,0.6401341,0.6495264,0,1,1,1,1,1,561.3556,-1799.437,-3317.146,-0.9988533,-0.0008184284,0.04785491,0.001199321;
racing,killCuboid,11.84372,0.7201342,-5.180454,510.6861,-1799.914,-3358.475,-4.938207E-05,-0.9981657,0.0008132927,0.06053548;
racing,killCuboid,11.84372,0.7201342,-6.212455,522.9138,-1799.054,-3284.025,-4.938207E-05,-0.9981657,0.0008132927,0.06053548;
racing,killCuboid,4.060927,0.7201342,-5.984932,478.6756,-1678.504,-3315.434,0,-0.6568651,0,0.7540081;
racing,killCuboid,11.84372,0.7201342,-5.180454,521.2278,-1677.952,-3285.709,0,0.05396643,0,0.9985428;
racing,killCuboid,11.84372,0.7201342,-6.212455,509.9817,-1677.952,-3359.985,0,0.05396643,0,0.9985428;
racing,killCuboid,4.060927,0.7201342,-4.752186,552.2274,-1678.504,-3322.525,0,-0.6575856,0,0.7533799;
custom,killcuboid,cannonregionmat,2.175166,0.5953497,0.6397868,0,1,1,1,1,1,503.8583,-1677.818,-3319.331,-0.6570211,-0.002020446,0.7538691,0.0008368632;
custom,killcuboid,cannonregionmat,3.686708,0.6401341,0.6495264,0,1,1,1,1,1,516.2646,-1678.239,-3333.102,-0.9982769,-0.0008169602,0.05863865,0.002028621;
custom,killcuboid,cannonregionmat,3.414068,0.6401341,0.6495264,0,1,1,1,1,1,519.6701,-1678.239,-3307.445,-0.9979971,-0.0008262671,0.06322258,0.002024843;
custom,killcuboid,cannonregionmat,2.344188,0.5953497,0.6397868,0,1,1,1,1,1,531.9918,-1678.222,-3320.008,-0.6570211,-0.002020446,0.7538691,0.0008368632;
racing,killCuboid,11.84372,0.7201342,-5.180454,521.2278,-1616.93,-3285.709,0,0.05396643,0,0.9985428;
racing,killCuboid,4.060927,0.7201342,-5.984932,478.6756,-1617.482,-3315.434,0,-0.6568651,0,0.7540081;
racing,killCuboid,11.84372,0.7201342,-6.212455,509.9817,-1616.93,-3359.985,0,0.05396643,0,0.9985428;
racing,killCuboid,4.060927,0.7201342,-4.752186,552.2274,-1617.482,-3322.525,0,-0.6575856,0,0.7533799;
custom,killcuboid,cannonregionmat,2.175166,0.5953497,0.6397868,0,1,1,1,1,1,503.8583,-1616.796,-3319.331,-0.6570211,-0.002020446,0.7538691,0.0008368632;
custom,killcuboid,cannonregionmat,3.686708,0.6401341,0.6495264,0,1,1,1,1,1,516.2646,-1617.217,-3333.102,-0.9982769,-0.0008169602,0.05863865,0.002028621;
custom,killcuboid,cannonregionmat,3.414068,0.6401341,0.6495264,0,1,1,1,1,1,519.6701,-1617.217,-3307.445,-0.9979971,-0.0008262671,0.06322258,0.002024843;
custom,killcuboid,cannonregionmat,2.344188,0.5953497,0.6397868,0,1,1,1,1,1,531.9918,-1617.2,-3320.008,-0.6570211,-0.002020446,0.7538691,0.0008368632;
custom,cylinder,default,2.437566,3.981018,2.450875,1,0,1,0.5,1,1,525.5172,-1483.147,-3250.812,0,-0.9999493,0,-0.01006974;
custom,house2,default,1,0.3963083,1.101781,0,1,1,1,1,1,507.2459,-2376.622,-3363.859,0,-0.04595897,0,-0.9989433;
custom,village2,default,0.1,0.08603532,0.1,0,1,1,1,1,1,492.733,-2374.855,-3365.256,0,-0.9128152,0,-0.4083729;
custom,village2,default,0.1,0.08603532,0.1,0,1,1,1,1,1,517.8561,-2375.256,-3363.731,0,0.3509617,0,-0.9363899;
custom,village2,default,0.1,9.214459E-05,0.1,0,1,1,1,1,1,508.178,-2375.65,-3358.793,0,-0.4576769,0,-0.8891186;
custom,village2,default,0.1,0.08603532,0.1,0,1,1,1,1,1,507.793,-2374.855,-3369.764,0,-0.5195677,0,-0.8544293;
custom,cuboid,wood1,4.650472,0.08603532,2.363634,0,1,1,1,1,1,507.0992,-2376.812,-3364.426,0,0.9990036,0,-0.04463083;
racing,killCuboid,1.935032,0.7201342,-5.984932,506.3848,-1507.054,-3331.472,-5.067539E-05,0.04452474,0.0008130423,0.9990079;
racing,killCuboid,1.900248,0.7201342,-4.910865,512.5474,-1507.045,-3278.329,0.0008115941,-0.9978518,6.75607E-05,0.06550702;
custom,killcuboid,cannonregionmat,2.175166,0.5953497,0.6397868,0,1,1,1,1,1,503.6897,-1506.372,-3358.226,0.04431664,-0.0008351635,0.9990165,0.001186996;
custom,killcuboid,cannonregionmat,2.634218,0.6401341,0.6495264,0,1,1,1,1,1,490.3288,-1506.815,-3366.99,-0.682319,0.0002632905,0.7310532,0.001427929;
custom,killcuboid,cannonregionmat,2.344188,0.5953497,0.6971865,0,1,1,1,1,1,503.9891,-1506.778,-3378.376,0.04431664,-0.0008351635,0.9990165,0.001186996;
custom,killcuboid,cannonregionmat,2.564306,0.6401341,0.6495264,0,1,1,1,1,1,514.8565,-1506.777,-3368.907,-0.6789548,0.0002567474,0.7341787,0.001429093;
racing,killCuboid,11.84372,0.7201342,-5.180454,472.6412,-1507.254,-3318.973,0.0005347704,-0.6695774,0.0006147428,0.7427419;
racing,killCuboid,11.84372,0.7201342,-6.212455,547.2943,-1506.394,-3329.887,0.0005347704,-0.6695774,0.0006147428,0.7427419;
racing,killCuboid,11.84372,0.7201342,-5.180454,521.2278,-1344.812,-3285.709,0,0.05396643,0,0.9985428;
racing,killCuboid,4.060927,0.7201342,-5.984932,478.6756,-1345.364,-3315.434,0,-0.6568651,0,0.7540081;
racing,killCuboid,11.84372,0.7201342,-6.212455,509.9817,-1344.812,-3359.985,0,0.05396643,0,0.9985428;
racing,killCuboid,4.060927,0.7201342,-4.752186,552.2274,-1345.364,-3322.525,0,-0.6575856,0,0.7533799;
custom,killcuboid,cannonregionmat,2.175166,0.5953497,0.6397868,0,1,1,1,1,1,503.8583,-1344.678,-3319.331,-0.6570211,-0.002020446,0.7538691,0.0008368632;
custom,killcuboid,cannonregionmat,3.686708,0.6401341,0.6495264,0,1,1,1,1,1,516.2646,-1345.099,-3333.102,-0.9982769,-0.0008169602,0.05863865,0.002028621;
custom,killcuboid,cannonregionmat,3.414068,0.6401341,0.6495264,0,1,1,1,1,1,519.6701,-1345.099,-3307.445,-0.9979971,-0.0008262671,0.06322258,0.002024843;
custom,killcuboid,cannonregionmat,2.344188,0.5953497,0.6397868,0,1,1,1,1,1,531.9918,-1345.082,-3320.008,-0.6570211,-0.002020446,0.7538691,0.0008368632;
custom,cuboid,default,1.004168,8.793564,21,0,1,1,1,1,1,693.9034,-3313.449,-3535.558,0,0.7382905,0,0.6744829;
racing,killCuboid,1.205,9.000475,21.7,696.4053,-3313.449,-3535.782,0,0.7382905,0,0.6744829;
racing,checkpointCuboid,0.6027995,538.5137,-0.3162231,516.4382,1448.191,-3322.613,0,0.05842615,0,0.9982917;
custom,killcuboid,stone6,8.14507,10.84616,1.892679,0,1,1,1,1,5,-4725.376,-3882.644,-2793.677,-0.003767359,-0.7337607,0.004463918,-0.679383;
custom,cuboid,bombexplosiontex,0.8200684,4.702567,13.01301,0,1,1,1,99999,99999,-4728.589,-3936.046,-2789.413,-0.0664187,0.06475342,-0.6998795,0.7082121;
custom,killcuboid,stone6,7.407064,20.46185,1.892679,0,1,1,1,1,5,-4727.949,-3910.041,-2873.568,-0.003139752,-0.6368164,0.004925593,-0.7709934;
custom,killcuboid,ice1,0.1954056,2.396023,0.4190652,0,1,1,1,1,1,-4480.751,-3902.903,-2880.317,0.0001155233,0.9908094,9.028602E-06,-0.1352659;
custom,killcuboid,ice1,0.1954056,2.396023,0.4190652,0,1,1,1,1,1,-4480.472,-3902.903,-2875.464,-0.02730847,0.9702383,-0.2008502,-0.1324808;
custom,killcuboid,ice1,0.1954056,2.396023,0.4190652,0,1,1,1,1,1,-4480.201,-3902.903,-2870.758,0.0001155233,0.9908094,9.028602E-06,-0.1352659;
custom,killcuboid,ice1,0.1954056,2.396023,0.4190652,0,1,1,1,1,1,-4479.774,-3902.903,-2863.337,0.0001155233,0.9908094,9.028602E-06,-0.1352659;
custom,killcuboid,ice1,0.1954056,2.396023,0.4190652,0,1,1,1,1,1,-4478.577,-3902.896,-2852.631,0.0001155233,0.9908094,9.028602E-06,-0.1352659;
custom,killcuboid,ice1,0.1954056,1.245933,0.4190652,0,1,1,1,1,1,-4479.47,-3892.965,-2858.131,-0.09485572,0.7057701,-0.6954077,-0.09643235;
custom,killcuboid,ice1,0.1954056,1.245933,0.4190652,0,1,1,1,1,1,-4479.474,-3912.752,-2858.13,-0.1038081,0.6831245,-0.715967,-0.09978054;
custom,killcuboid,ice1,0.1954056,2.396023,0.4190652,0,1,1,1,1,1,-4477.406,-3902.896,-2832.338,0.0001155233,0.9908094,9.028602E-06,-0.1352659;
custom,killcuboid,ice1,0.1954056,1.245933,0.4190652,0,1,1,1,1,1,-4478.299,-3892.965,-2837.838,-0.09485572,0.7057701,-0.6954077,-0.09643235;
custom,killcuboid,ice1,0.1954056,2.396023,0.4190652,0,1,1,1,1,1,-4478.604,-3902.903,-2843.044,0.0001155233,0.9908094,9.028602E-06,-0.1352659;
custom,killcuboid,ice1,0.1954056,1.245933,0.4190652,0,1,1,1,1,1,-4478.303,-3912.752,-2837.838,-0.1038081,0.6831245,-0.715967,-0.09978054;
custom,killcuboid,ice1,0.1954056,1.245933,0.4190652,0,1,1,1,1,1,-4477.252,-3892.965,-2819.677,-0.09485572,0.7057701,-0.6954077,-0.09643235;
custom,killcuboid,ice1,0.1954056,2.396023,0.4190652,0,1,1,1,1,1,-4477.556,-3902.903,-2824.884,0.0001155233,0.9908094,9.028602E-06,-0.1352659;
custom,killcuboid,ice1,0.1954056,1.662337,0.4190652,0,1,1,1,1,1,-4476.676,-3912.751,-2817.313,-0.05872526,0.7046221,-0.7046425,-0.05948034;
custom,killcuboid,ice1,0.1954056,1.245933,0.4190652,0,1,1,1,1,1,-4477.128,-3902.921,-2817.538,-0.02977418,0.7114941,-0.7013179,-0.03229336;
custom,killcuboid,ice1,0.1954056,1.032016,0.4190652,0,1,1,1,1,1,-4476.915,-3896.674,-2813.846,0.0001155233,0.9908094,9.028602E-06,-0.1352659;
custom,killcuboid,ice1,0.1954056,1.032016,0.4190652,0,1,1,1,1,1,-4476.067,-3908.015,-2811.284,0.0001155233,0.9908094,9.028602E-06,-0.1352659;
custom,sphere,lava1,2.3,2.3,2.3,1,0.4204545,0,0,1,1,-4710.532,-3893.063,-2811.491,0,0.5825912,0,-0.8127654;
custom,cuboid,lava1,0.1140103,0.8535007,0.3,1,0.4204545,0,0,1,1,-4712.639,-3912.394,-2805.986,0.08347412,0.6887112,-0.1782521,-0.6978074;
custom,cuboid,lava1,0.1140103,0.8535007,0.3,1,0.4204545,0,0,1,1,-4712.782,-3915.349,-2810.644,0.08347412,0.6887112,-0.1782521,-0.6978074;
custom,cuboid,lava1,0.1140103,0.8535007,0.3,1,0.4204545,0,0,1,1,-4712.782,-3920.284,-2815.93,0.08347412,0.6887112,-0.1782521,-0.6978074;
custom,cuboid,lava1,0.1140103,0.8535007,0.3,1,0.4204545,0,0,1,1,-4710.989,-3910.293,-2789.767,-0.1537423,0.6765016,0.06758817,-0.7170361;
custom,cuboid,lava1,0.1140103,0.8535007,0.3,1,0.4204545,0,0,1,1,-4709.135,-3915.024,-2776.068,-0.1537423,0.6765016,0.06758817,-0.7170361;
custom,cuboid,lava1,0.1140103,0.8535007,0.3,1,0.4204545,0,0,1,1,-4709.822,-3910.782,-2782.673,-0.1537423,0.6765016,0.06758817,-0.7170361;
custom,cuboid,lava1,0.1140103,0.8535007,0.3,1,0.4204545,0,0,1,1,-4711.513,-3910.782,-2798.589,0.05586237,0.6914986,-0.1502005,-0.7043784;
custom,cuboid,lava1,0.1140103,0.8535007,0.3,1,0.4204545,0,0,1,1,-4709.57,-3917.51,-2770.338,-0.1537423,0.6765016,0.06758817,-0.7170361;
custom,cuboid,lava1,0.1140103,0.8535007,0.3,1,0.4204545,0,0,1,1,-4709.57,-3926.754,-2764.073,-0.2685302,0.6159458,0.3335667,-0.661238;
custom,cuboid,lava1,0.1140103,0.8535007,0.3,1,0.4204545,0,0,1,1,-4708.921,-3922.068,-2767.054,-0.2685302,0.6159458,0.3335667,-0.661238;
custom,sphere,ice1,1.040918,1.002417,0.9614393,0,1,1,1,1,1,-4705.749,-3882.933,-2809.781,0.02394679,-0.2740106,-0.0150806,0.9613102;
base,UI/redFlareHint,default,180.4343,210.0762,210.0762,0,1,1,1,1,1,-4492.876,-4131.019,-2841.34,-0.4772741,0.4717342,0.5288169,-0.5196431;
base,UI/redFlareHint,default,180.4343,210.0762,210.0762,0,1,1,1,1,1,-4492.876,-4131.019,-2841.34,-0.4772741,0.4717342,0.5288169,-0.5196431;
custom,killcuboid,ice1,0.3227033,3.956922,0.6920669,0,1,1,1,1,1,-4490.39,-3888.344,-2836.305,0.0001155233,0.9908094,9.028602E-06,-0.1352659;
custom,killcuboid,ice1,0.3227033,3.956922,0.6920669,0,1,1,1,1,1,-4490.39,-3888.344,-2840.436,-0.006453007,0.989641,-0.04810384,-0.1351119;
custom,killcuboid,ice1,0.3227033,3.956922,0.6920669,0,1,1,1,1,1,-4490.39,-3888.344,-2834.383,0.007345028,0.9893926,0.05296572,-0.1350667;
custom,killcuboid,ice1,0.3227033,1.17724,0.6920669,0,1,1,1,1,1,-4490.39,-3923.668,-2837.772,-0.002152625,0.9906701,-0.01660456,-0.1352491;
custom,cylinder,default,2.437566,5.424253,2.450875,1,0,1,0.5,1,1,228.4936,-1443.863,-3287.704,0,0.657594,0,-0.7533726;
base,UI/greenFlareHint,default,36.20749,42.1557,42.1557,0,1,1,1,1,1,222.3978,-1444.105,-3325.972,0.557065,0.2093024,-0.789642,-0.1494547;
base,UI/greenFlareHint,default,36.20749,42.1557,42.1557,0,1,1,1,1,1,222.3978,-1444.105,-3325.972,0.557065,0.2093024,-0.789642,-0.1494547;
base,UI/greenFlareHint,default,36.20749,42.1557,42.1557,0,1,1,1,1,1,222.4513,-1418.921,-3325.605,0.557065,0.2093024,-0.789642,-0.1494547;
base,UI/greenFlareHint,default,36.20749,42.1557,42.1557,0,1,1,1,1,1,222.4513,-1418.921,-3325.605,0.557065,0.2093024,-0.789642,-0.1494547;
base,UI/greenFlareHint,default,36.20749,42.1557,42.1557,0,1,1,1,1,1,222.5167,-1392.5,-3325.217,0.557065,0.2093024,-0.789642,-0.1494547;
base,UI/greenFlareHint,default,36.20749,42.1557,42.1557,0,1,1,1,1,1,222.5167,-1392.5,-3325.217,0.557065,0.2093024,-0.789642,-0.1494547;
custom,cylinder,default,2.437566,5.424253,2.450875,1,0,1,0.5,1,1,209.4681,-1443.863,-3387.311,0,0.657594,0,-0.7533726;
base,UI/greenFlareHint,default,36.20749,42.1557,42.1557,0,1,1,1,1,1,203.3723,-1444.105,-3425.58,0.557065,0.2093024,-0.789642,-0.1494547;
base,UI/greenFlareHint,default,36.20749,42.1557,42.1557,0,1,1,1,1,1,203.3723,-1444.105,-3425.58,0.557065,0.2093024,-0.789642,-0.1494547;
base,UI/greenFlareHint,default,36.20749,42.1557,42.1557,0,1,1,1,1,1,203.4573,-1418.921,-3425.018,0.557065,0.2093024,-0.789642,-0.1494547;
base,UI/greenFlareHint,default,36.20749,42.1557,42.1557,0,1,1,1,1,1,203.4573,-1418.921,-3425.018,0.557065,0.2093024,-0.789642,-0.1494547;
base,UI/greenFlareHint,default,36.20749,42.1557,42.1557,0,1,1,1,1,1,203.4925,-1392.5,-3424.824,0.557065,0.2093024,-0.789642,-0.1494547;
base,UI/greenFlareHint,default,36.20749,42.1557,42.1557,0,1,1,1,1,1,203.4925,-1392.5,-3424.824,0.557065,0.2093024,-0.789642,-0.1494547;
custom,cylinder,default,2.437566,5.424253,2.450875,1,0,1,0.5,1,1,209.4681,-1443.863,-3387.311,0,0.657594,0,-0.7533726;
base,UI/greenFlareHint,default,36.20749,42.1557,42.1557,0,1,1,1,1,1,203.3723,-1444.105,-3425.58,0.557065,0.2093024,-0.789642,-0.1494547;
base,UI/greenFlareHint,default,36.20749,42.1557,42.1557,0,1,1,1,1,1,203.3723,-1444.105,-3425.58,0.557065,0.2093024,-0.789642,-0.1494547;
base,UI/greenFlareHint,default,36.20749,42.1557,42.1557,0,1,1,1,1,1,203.4573,-1418.921,-3425.018,0.557065,0.2093024,-0.789642,-0.1494547;
base,UI/greenFlareHint,default,36.20749,42.1557,42.1557,0,1,1,1,1,1,203.4573,-1418.921,-3425.018,0.557065,0.2093024,-0.789642,-0.1494547;
base,UI/greenFlareHint,default,36.20749,42.1557,42.1557,0,1,1,1,1,1,203.4925,-1392.5,-3424.824,0.557065,0.2093024,-0.789642,-0.1494547;
base,UI/greenFlareHint,default,36.20749,42.1557,42.1557,0,1,1,1,1,1,203.4925,-1392.5,-3424.824,0.557065,0.2093024,-0.789642,-0.1494547;
custom,cylinder,default,2.437566,5.424253,2.450875,1,0,1,0.5,1,1,235.894,-1443.863,-3218.955,0,0.657594,0,-0.7533726;
base,UI/greenFlareHint,default,36.20749,42.1557,42.1557,0,1,1,1,1,1,229.7982,-1444.105,-3257.224,0.557065,0.2093024,-0.789642,-0.1494547;
base,UI/greenFlareHint,default,36.20749,42.1557,42.1557,0,1,1,1,1,1,229.7982,-1444.105,-3257.224,0.557065,0.2093024,-0.789642,-0.1494547;
base,UI/greenFlareHint,default,36.20749,42.1557,42.1557,0,1,1,1,1,1,230.0209,-1418.921,-3255.788,0.557065,0.2093024,-0.789642,-0.1494547;
base,UI/greenFlareHint,default,36.20749,42.1557,42.1557,0,1,1,1,1,1,230.0209,-1418.921,-3255.788,0.557065,0.2093024,-0.789642,-0.1494547;
base,UI/greenFlareHint,default,36.20749,42.1557,42.1557,0,1,1,1,1,1,229.9189,-1392.5,-3256.467,0.557065,0.2093024,-0.789642,-0.1494547;
base,UI/greenFlareHint,default,36.20749,42.1557,42.1557,0,1,1,1,1,1,229.9189,-1392.5,-3256.467,0.557065,0.2093024,-0.789642,-0.1494547;
custom,cylinder,default,2.437566,5.424253,2.450875,1,0,1,0.5,1,1,235.894,-1443.863,-3218.955,0,0.657594,0,-0.7533726;
base,UI/greenFlareHint,default,36.20749,42.1557,42.1557,0,1,1,1,1,1,229.7982,-1444.105,-3257.224,0.557065,0.2093024,-0.789642,-0.1494547;
base,UI/greenFlareHint,default,36.20749,42.1557,42.1557,0,1,1,1,1,1,229.7982,-1444.105,-3257.224,0.557065,0.2093024,-0.789642,-0.1494547;
base,UI/greenFlareHint,default,36.20749,42.1557,42.1557,0,1,1,1,1,1,230.0209,-1418.921,-3255.788,0.557065,0.2093024,-0.789642,-0.1494547;
base,UI/greenFlareHint,default,36.20749,42.1557,42.1557,0,1,1,1,1,1,230.0209,-1418.921,-3255.788,0.557065,0.2093024,-0.789642,-0.1494547;
base,UI/greenFlareHint,default,36.20749,42.1557,42.1557,0,1,1,1,1,1,229.9189,-1392.5,-3256.467,0.557065,0.2093024,-0.789642,-0.1494547;
base,UI/greenFlareHint,default,36.20749,42.1557,42.1557,0,1,1,1,1,1,229.9189,-1392.5,-3256.467,0.557065,0.2093024,-0.789642,-0.1494547;
base,UI/greenFlareHint,default,36.20749,42.1557,42.1557,0,1,1,1,1,1,599.0074,-1313.371,-3290.724,-0.7095629,-0.1206448,-0.6560308,-0.2271321;
base,UI/greenFlareHint,default,36.20749,42.1557,42.1557,0,1,1,1,1,1,599.0074,-1313.371,-3290.724,-0.7095629,-0.1206448,-0.6560308,-0.2271321;
base,UI/greenFlareHint,default,36.20749,42.1557,42.1557,0,1,1,1,1,1,599.0504,-1288.187,-3291.094,-0.7095629,-0.1206448,-0.6560308,-0.2271321;
base,UI/greenFlareHint,default,36.20749,42.1557,42.1557,0,1,1,1,1,1,599.0504,-1288.187,-3291.094,-0.7095629,-0.1206448,-0.6560308,-0.2271321;
base,UI/greenFlareHint,default,36.20749,42.1557,42.1557,0,1,1,1,1,1,599.0908,-1261.766,-3291.488,-0.7095629,-0.1206448,-0.6560308,-0.2271321;
base,UI/greenFlareHint,default,36.20749,42.1557,42.1557,0,1,1,1,1,1,599.0908,-1261.766,-3291.488,-0.7095629,-0.1206448,-0.6560308,-0.2271321;
base,UI/greenFlareHint,default,36.20749,42.1557,42.1557,0,1,1,1,1,1,402.795,-1324.512,-3290.917,-0.7273294,-0.1440819,-0.6396701,-0.2026193;
base,UI/greenFlareHint,default,36.20749,42.1557,42.1557,0,1,1,1,1,1,402.795,-1324.512,-3290.917,-0.7273294,-0.1440819,-0.6396701,-0.2026193;
base,UI/greenFlareHint,default,36.20749,42.1557,42.1557,0,1,1,1,1,1,401.4698,-1299.361,-3291.041,-0.7273294,-0.1440819,-0.6396701,-0.2026193;
base,UI/greenFlareHint,default,36.20749,42.1557,42.1557,0,1,1,1,1,1,401.4698,-1299.361,-3291.041,-0.7273294,-0.1440819,-0.6396701,-0.2026193;
base,UI/greenFlareHint,default,36.20749,42.1557,42.1557,0,1,1,1,1,1,400.0744,-1272.973,-3291.177,-0.7273294,-0.1440819,-0.6396701,-0.2026193;
base,UI/greenFlareHint,default,36.20749,42.1557,42.1557,0,1,1,1,1,1,400.0744,-1272.973,-3291.177,-0.7273294,-0.1440819,-0.6396701,-0.2026193;
base,UI/greenFlareHint,default,36.20749,42.1557,42.1557,0,1,1,1,1,1,406.313,-1324.871,-3235.411,-0.7273294,-0.1440819,-0.6396701,-0.2026193;
base,UI/greenFlareHint,default,36.20749,42.1557,42.1557,0,1,1,1,1,1,406.313,-1324.871,-3235.411,-0.7273294,-0.1440819,-0.6396701,-0.2026193;
base,UI/greenFlareHint,default,36.20749,42.1557,42.1557,0,1,1,1,1,1,404.9878,-1299.72,-3235.534,-0.7273294,-0.1440819,-0.6396701,-0.2026193;
base,UI/greenFlareHint,default,36.20749,42.1557,42.1557,0,1,1,1,1,1,404.9878,-1299.72,-3235.534,-0.7273294,-0.1440819,-0.6396701,-0.2026193;
base,UI/greenFlareHint,default,36.20749,42.1557,42.1557,0,1,1,1,1,1,403.5925,-1273.333,-3235.669,-0.7273294,-0.1440819,-0.6396701,-0.2026193;
base,UI/greenFlareHint,default,36.20749,42.1557,42.1557,0,1,1,1,1,1,403.5925,-1273.333,-3235.669,-0.7273294,-0.1440819,-0.6396701,-0.2026193;
base,UI/greenFlareHint,default,36.20749,42.1557,42.1557,0,1,1,1,1,1,599.0074,-1313.371,-3250.746,-0.7095629,-0.1206448,-0.6560308,-0.2271321;
base,UI/greenFlareHint,default,36.20749,42.1557,42.1557,0,1,1,1,1,1,599.0074,-1313.371,-3250.746,-0.7095629,-0.1206448,-0.6560308,-0.2271321;
base,UI/greenFlareHint,default,36.20749,42.1557,42.1557,0,1,1,1,1,1,599.0504,-1288.187,-3251.115,-0.7095629,-0.1206448,-0.6560308,-0.2271321;
base,UI/greenFlareHint,default,36.20749,42.1557,42.1557,0,1,1,1,1,1,599.0504,-1288.187,-3251.115,-0.7095629,-0.1206448,-0.6560308,-0.2271321;
base,UI/greenFlareHint,default,36.20749,42.1557,42.1557,0,1,1,1,1,1,599.0908,-1261.766,-3251.509,-0.7095629,-0.1206448,-0.6560308,-0.2271321;
base,UI/greenFlareHint,default,36.20749,42.1557,42.1557,0,1,1,1,1,1,599.0908,-1261.766,-3251.509,-0.7095629,-0.1206448,-0.6560308,-0.2271321;
custom,house1,default,5.574145,0.04701515,1.801004,1,0.3,0.7,1,0.5,0.15,534.1658,-1245.192,-3323.26,0.0004749743,0.03979862,-0.0001161892,0.9992076;
racing,killCuboid,-0.221369,4.338988,-0.414133,516.2275,-1219.526,-3322.505,0,-0.6741701,0,0.7385761;
base,UI/greenFlareHint,default,36.20749,42.1557,42.1557,0,1,1,1,1,1,554.9988,-1193.48,-3284.675,-0.1539633,-0.6662365,-0.4214983,0.5956202;
base,UI/greenFlareHint,default,36.20749,42.1557,42.1557,0,1,1,1,1,1,554.9988,-1193.48,-3284.675,-0.1539633,-0.6662365,-0.4214983,0.5956202;
base,UI/greenFlareHint,default,36.20749,42.1557,42.1557,0,1,1,1,1,1,487.1533,-1192.212,-3272.908,0.1978182,-0.8909984,-0.4027821,-0.06896678;
base,UI/greenFlareHint,default,36.20749,42.1557,42.1557,0,1,1,1,1,1,487.1533,-1192.212,-3272.908,0.1978182,-0.8909984,-0.4027821,-0.06896678;
base,UI/greenFlareHint,default,36.20749,42.1557,42.1557,0,1,1,1,1,1,547.6497,-1193.266,-3376.835,0.4229865,-0.03471449,0.1498265,-0.892989;
base,UI/greenFlareHint,default,36.20749,42.1557,42.1557,0,1,1,1,1,1,547.6497,-1193.266,-3376.835,0.4229865,-0.03471449,0.1498265,-0.892989;
base,UI/greenFlareHint,default,36.20749,42.1557,42.1557,0,1,1,1,1,1,483.7277,-1192.908,-3363.366,0.4261781,-0.5741491,-0.1404919,-0.6848263;
base,UI/greenFlareHint,default,36.20749,42.1557,42.1557,0,1,1,1,1,1,483.7277,-1192.908,-3363.366,0.4261781,-0.5741491,-0.1404919,-0.6848263;
custom,house1,default,5.574145,0.04701515,1.801004,1,0.3,0.7,1,0.5,0.15,534.1658,-2468.971,-3323.26,0.0004749743,0.03979862,-0.0001161892,0.9992076;
custom,cuboid,bombexplosiontex,-0.4777448,239.7184,9.484882,0,1,1,1,99999,99999,400.1989,1191.586,-2524.329,0.5990058,-0.4621584,-0.516353,0.4012247;
misc,barrier,1.290581,244.6207,7.895836,400.128,1192.45,-2524.852,-0.5975724,0.4635053,0.5174858,-0.4003481;
custom,tower4,stone6,0.7806034,1.10509,2.638058,1,0,0.03409091,0,1,1,488.1762,1454.31,-3360.039,-0.07580926,-0.6509194,-0.08407015,-0.7506592;
custom,tower4,ice1,0.7806034,1.10509,2.90747,0,1,1,1,1,1,539.545,1454.14,-3351.624,-0.07128571,-0.6583668,-0.08066165,-0.7449599;
custom,cuboid,stone6,3.277297,13.54068,212.3184,0,1,1,1,1,1,428.2128,1186.097,-2347.371,-0.1255428,0.07231994,-0.006996715,-0.989424;
custom,cuboid,ice1,3.188658,13.89132,215.9708,0,1,1,1,1,1,329.9016,1196.923,-2391.32,-0.1239853,0.07154804,-0.007986926,-0.989669;
custom,cuboid,ice1,6.877314,1.679647,8.296319,0,1,1,1,1,1,233.5834,870.998,-1372.018,-0.1162553,-0.2833196,-0.0440475,-0.9509336;
custom,cuboid,stone6,6.877314,2.060933,8.296319,0,1,1,1,1,1,175.7973,858.6362,-1335.387,-0.1160465,-0.2877916,-0.04459409,-0.9495897;
custom,cuboid,ice1,6.877314,1.679647,8.178091,0,1,1,1,1,1,216.804,846.0828,-1275.611,-0.0440836,0.9508454,0.1162416,-0.2836151;
custom,cuboid,stone6,6.877314,2.060933,8.178091,0,1,1,1,1,1,274.6323,854.8054,-1313.202,-0.04463036,0.9495001,0.1160331,-0.288087;
custom,cuboid,ice1,6.877314,1.679647,12.78101,0,1,1,1,1,1,314.0314,842.0379,-1252.642,-0.1162553,-0.2833196,-0.0440475,-0.9509336;
custom,cuboid,stone6,6.877314,2.060933,12.78101,0,1,1,1,1,1,256.4104,829.6161,-1215.769,-0.1160465,-0.2877916,-0.04459409,-0.9495897;
custom,cuboid,ice1,6.877314,1.679647,7.754088,0,1,1,1,1,1,302.7143,815.4042,-1148.063,-0.0440836,0.9508454,0.1162416,-0.2836151;
custom,cuboid,stone6,6.877314,2.060933,7.754088,0,1,1,1,1,1,360.5627,823.9771,-1185.664,-0.04463036,0.9495001,0.1160331,-0.288087;
custom,cuboid,ice1,6.877314,1.679647,7.754088,0,1,1,1,1,1,400.6563,810.9955,-1124.066,-0.1162553,-0.2833196,-0.0440475,-0.9509336;
custom,cuboid,stone6,6.877314,2.060933,7.754088,0,1,1,1,1,1,342.8499,798.6702,-1087.458,-0.1160465,-0.2877916,-0.04459409,-0.9495897;
custom,cuboid,stone6,6.877314,2.060933,7.754088,0,1,1,1,1,1,443.7306,794.4975,-1063.525,-0.04463036,0.9495001,0.1160331,-0.288087;
custom,cuboid,ice1,6.877314,1.679647,7.754088,0,1,1,1,1,1,385.8823,785.8383,-1025.944,-0.0440836,0.9508454,0.1162416,-0.2836151;
custom,cuboid,stone6,6.877314,2.060933,7.754088,0,1,1,1,1,1,426.2657,768.7559,-963.647,-0.1160465,-0.2877916,-0.04459409,-0.9495897;
custom,cuboid,ice1,6.877314,1.679647,7.754088,0,1,1,1,1,1,484.0744,781.1308,-1000.241,-0.1162553,-0.2833196,-0.0440475,-0.9509336;
custom,cuboid,stone6,6.877314,2.060933,7.754088,0,1,1,1,1,1,528.0676,764.2325,-938.3543,-0.04463036,0.9495001,0.1160331,-0.288087;
custom,cuboid,ice1,6.877314,1.679647,7.754088,0,1,1,1,1,1,470.2219,755.5488,-900.7819,-0.0440836,0.9508454,0.1162416,-0.2836151;
custom,cuboid,stone6,6.877314,2.060933,7.754088,0,1,1,1,1,1,414.1193,743.8834,-866.4996,-0.04463036,0.9495001,0.1160331,-0.288087;
custom,cuboid,ice1,6.877314,1.679647,7.754088,0,1,1,1,1,1,370.1237,760.7811,-928.3887,-0.1162553,-0.2833196,-0.0440475,-0.9509336;
custom,cuboid,stone6,6.877314,2.060933,7.754088,0,1,1,1,1,1,312.3186,748.4069,-891.7933,-0.1160465,-0.2877916,-0.04459409,-0.9495897;
custom,cuboid,ice1,6.877314,1.679647,7.754088,0,1,1,1,1,1,356.2714,735.2005,-828.9277,-0.0440836,0.9508454,0.1162416,-0.2836151;
custom,cuboid,stone6,6.877314,2.060933,7.754088,0,1,1,1,1,1,198.176,728.0229,-819.8158,-0.1160465,-0.2877916,-0.04459409,-0.9495897;
custom,cuboid,ice1,6.877314,1.679647,7.754088,0,1,1,1,1,1,242.1282,714.8159,-756.9508,-0.0440836,0.9508454,0.1162416,-0.2836151;
custom,cuboid,stone6,6.877314,2.060933,7.754088,0,1,1,1,1,1,299.9745,723.4993,-794.5246,-0.04463036,0.9495001,0.1160331,-0.288087;
custom,cuboid,ice1,6.877314,1.679647,7.754088,0,1,1,1,1,1,255.9823,740.397,-856.4109,-0.1162553,-0.2833196,-0.0440475,-0.9509336;
custom,cuboid,ice1,6.877314,1.679647,7.754088,0,1,1,1,1,1,128.1797,694.4667,-685.0956,-0.0440836,0.9508454,0.1162416,-0.2836151;
custom,cuboid,stone6,6.877314,2.060933,7.754088,0,1,1,1,1,1,84.22737,707.6738,-747.9601,-0.1160465,-0.2877916,-0.04459409,-0.9495897;
custom,cuboid,ice1,6.877314,1.679647,7.754088,0,1,1,1,1,1,142.9762,719.7109,-783.1566,-0.1162553,-0.2833196,-0.0440475,-0.9509336;
custom,cuboid,stone6,6.877314,2.060933,7.754088,0,1,1,1,1,1,186.9686,702.8122,-721.2704,-0.04463036,0.9495001,0.1160331,-0.288087;
custom,cuboid,ice1,6.877314,1.679647,7.754088,0,1,1,1,1,1,43.84401,724.7557,-810.2579,-0.0440836,0.9508454,0.1162416,-0.2836151;
custom,cuboid,stone6,6.877314,2.060933,7.754088,0,1,1,1,1,1,0.811203,737.5876,-871.7701,-0.1160465,-0.2877916,-0.04459409,-0.9495897;
custom,cuboid,ice1,6.877314,1.679647,7.754088,0,1,1,1,1,1,59.56129,749.5756,-906.9786,-0.1162553,-0.2833196,-0.0440475,-0.9509336;
custom,cuboid,stone6,6.877314,2.060933,7.754088,0,1,1,1,1,1,102.6335,733.0768,-846.4379,-0.04463036,0.9495001,0.1160331,-0.288087;
custom,cuboid,ice1,6.877314,1.679647,7.754088,0,1,1,1,1,1,157.793,745.106,-882.1126,-0.0440836,0.9508454,0.1162416,-0.2836151;
custom,cuboid,stone6,6.877314,2.060933,7.754088,0,1,1,1,1,1,114.7604,757.9368,-943.6254,-0.1160465,-0.2877916,-0.04459409,-0.9495897;
custom,cuboid,stone6,6.877314,2.060933,7.754088,0,1,1,1,1,1,215.6393,753.7646,-919.6921,-0.04463036,0.9495001,0.1160331,-0.288087;
custom,cuboid,ice1,6.877314,1.679647,7.754088,0,1,1,1,1,1,271.9351,765.4898,-954.0905,-0.0440836,0.9508454,0.1162416,-0.2836151;
custom,cuboid,stone6,6.877314,2.060933,7.754088,0,1,1,1,1,1,228.902,778.3211,-1015.603,-0.1160465,-0.2877916,-0.04459409,-0.9495897;
custom,cuboid,ice1,6.877314,1.679647,7.754088,0,1,1,1,1,1,172.5667,770.2626,-980.2329,-0.1162553,-0.2833196,-0.0440475,-0.9509336;
custom,cuboid,stone6,6.877314,2.060933,7.754088,0,1,1,1,1,1,329.7808,774.1481,-991.6688,-0.04463036,0.9495001,0.1160331,-0.288087;
custom,cuboid,ice1,6.877314,1.679647,7.754088,0,1,1,1,1,1,286.7089,790.6467,-1052.211,-0.1162553,-0.2833196,-0.0440475,-0.9509336;
custom,cuboid,ice1,6.877314,1.679647,8.296319,0,1,1,1,1,1,119.6361,850.6492,-1300.162,-0.1162553,-0.2833196,-0.0440475,-0.9509336;
custom,cuboid,stone6,6.877314,2.060933,8.178091,0,1,1,1,1,1,160.6848,834.4559,-1241.346,-0.04463036,0.9495001,0.1160331,-0.288087;
custom,cuboid,ice1,6.877314,1.679647,12.78101,0,1,1,1,1,1,200.0846,821.6893,-1180.789,-0.1162553,-0.2833196,-0.0440475,-0.9509336;
custom,cuboid,stone6,6.877314,2.060933,7.754088,0,1,1,1,1,1,246.6149,803.6288,-1113.81,-0.04463036,0.9495001,0.1160331,-0.288087;
custom,cuboid,ice1,6.877314,1.679647,7.754088,0,1,1,1,1,1,188.766,795.0549,-1076.207,-0.0440836,0.9508454,0.1162416,-0.2836151;
custom,cuboid,stone6,6.877314,2.060933,12.78101,0,1,1,1,1,1,142.4627,809.2679,-1143.915,-0.1160465,-0.2877916,-0.04459409,-0.9495897;
custom,cuboid,ice1,6.877314,1.679647,8.178091,0,1,1,1,1,1,102.8565,825.7335,-1203.757,-0.0440836,0.9508454,0.1162416,-0.2836151;
custom,cuboid,stone6,6.877314,2.060933,8.296319,0,1,1,1,1,1,61.84945,838.2867,-1263.533,-0.1160465,-0.2877916,-0.04459409,-0.9495897;
custom,cuboid,ice1,6.877314,1.679647,8.296319,0,1,1,1,1,1,5.493942,830.2654,-1228.185,-0.1162553,-0.2833196,-0.0440475,-0.9509336;
custom,cuboid,stone6,6.877314,2.060933,8.296319,0,1,1,1,1,1,-52.29236,817.9026,-1191.555,-0.1160465,-0.2877916,-0.04459409,-0.9495897;
custom,cuboid,ice1,6.877314,1.679647,8.178091,0,1,1,1,1,1,-11.28601,805.3501,-1131.778,-0.0440836,0.9508454,0.1162416,-0.2836151;
custom,cuboid,stone6,6.877314,2.060933,8.178091,0,1,1,1,1,1,46.54295,814.0724,-1169.37,-0.04463036,0.9495001,0.1160331,-0.288087;
custom,cuboid,ice1,6.877314,1.679647,12.78101,0,1,1,1,1,1,85.94254,801.3049,-1108.812,-0.1162553,-0.2833196,-0.0440475,-0.9509336;
custom,cuboid,stone6,6.877314,2.060933,12.78101,0,1,1,1,1,1,28.32059,788.8839,-1071.938,-0.1160465,-0.2877916,-0.04459409,-0.9495897;
custom,cuboid,ice1,6.877314,1.679647,7.754088,0,1,1,1,1,1,74.62415,774.6712,-1004.23,-0.0440836,0.9508454,0.1162416,-0.2836151;
custom,cuboid,stone6,6.877314,2.060933,7.754088,0,1,1,1,1,1,132.4727,783.2446,-1041.831,-0.04463036,0.9495001,0.1160331,-0.288087;
custom,cuboid,stone6,6.877314,2.060933,8.296319,0,1,1,1,1,1,-166.241,797.554,-1119.7,-0.1160465,-0.2877916,-0.04459409,-0.9495897;
custom,cuboid,ice1,6.877314,1.679647,8.296319,0,1,1,1,1,1,-107.5118,809.5785,-1154.931,-0.1162553,-0.2833196,-0.0440475,-0.9509336;
custom,cuboid,stone6,6.877314,2.060933,8.178091,0,1,1,1,1,1,-66.46274,793.3853,-1096.115,-0.04463036,0.9495001,0.1160331,-0.288087;
custom,cuboid,ice1,6.877314,1.679647,8.178091,0,1,1,1,1,1,-125.235,785.0009,-1059.923,-0.0440836,0.9508454,0.1162416,-0.2836151;
custom,cuboid,stone6,6.877314,2.060933,12.78101,0,1,1,1,1,1,-85.62813,768.5347,-1000.082,-0.1160465,-0.2877916,-0.04459409,-0.9495897;
custom,cuboid,ice1,6.877314,1.679647,12.78101,0,1,1,1,1,1,-27.06311,780.618,-1035.556,-0.1162553,-0.2833196,-0.0440475,-0.9509336;
custom,cuboid,stone6,6.877314,2.060933,7.754088,0,1,1,1,1,1,19.46748,762.5575,-968.577,-0.04463036,0.9495001,0.1160331,-0.288087;
custom,cuboid,ice1,6.877314,1.679647,7.754088,0,1,1,1,1,1,-39.3252,754.3221,-932.3745,-0.0440836,0.9508454,0.1162416,-0.2836151;
custom,cuboid,bombexplosiontex,-0.4777448,253.4229,12.80475,0,1,1,1,99999,99999,400.1989,1300.161,-2524.329,0.5959824,-0.4644919,-0.5198398,0.3985209;
custom,sphere,default,1,1,0.9931378,0,1,1,1,1,1,-123.6185,1355.908,-1280.644,0,0.9776834,0,0.2100838;
custom,cylinder,default,0.5,0.5,0.4965689,0,1,1,1,1,1,-123.909,1347.704,-1280.47,0,0.4402773,0,0.8978618;
custom,cone,default,0.5,0.5,0.4965689,0,1,1,1,1,1,-122.9245,1336.394,-1281.336,0,0.2732375,0,0.9619466;
misc,barrier,66.27156,5.059722,59.35317,177.9708,770.4398,-1025.723,-0.1136293,0.4690227,0.05080619,-0.8743711;
base,UI/greenFlareHint,default,19.88145,19.88145,19.88145,0,1,1,1,1,1,540.4969,1428.556,-3200.945,0.04036222,0.521787,0.04652677,0.8508493;
base,UI/greenFlareHint,default,19.88145,19.88145,19.88145,0,1,1,1,1,1,545.7128,1431.144,-3243.805,0.007643739,0.5935059,-0.009613938,0.804736;
base,UI/greenFlareHint,default,19.88145,19.88145,19.88145,0,1,1,1,1,1,550.1233,1432.987,-3274.266,-0.00299647,0.6132369,-0.02089018,0.7896171;
base,UI/greenFlareHint,default,19.88145,19.88145,19.88145,0,1,1,1,1,1,540.4969,1428.556,-3200.945,0.04036222,0.521787,0.04652677,0.8508493;
base,UI/greenFlareHint,default,19.88145,19.88145,19.88145,0,1,1,1,1,1,545.7128,1431.144,-3243.805,0.007643739,0.5935059,-0.009613938,0.804736;
base,UI/greenFlareHint,default,19.88145,19.88145,19.88145,0,1,1,1,1,1,550.1233,1432.987,-3274.266,-0.00299647,0.6132369,-0.02089018,0.7896171;
base,UI/greenFlareHint,default,19.88145,19.88145,19.88145,0,1,1,1,1,1,461.1039,1428.556,-3200.697,0.05210891,0.7458749,0.03284092,0.6632321;
base,UI/greenFlareHint,default,19.88145,19.88145,19.88145,0,1,1,1,1,1,466.4629,1431.144,-3243.783,0.005705138,0.7338942,-0.01087688,0.6791527;
base,UI/greenFlareHint,default,19.88145,19.88145,19.88145,0,1,1,1,1,1,469.2354,1432.987,-3274.536,-0.006615594,0.7422771,-0.02004026,0.6697606;
base,UI/greenFlareHint,default,19.88145,19.88145,19.88145,0,1,1,1,1,1,461.1039,1428.556,-3200.697,0.05210891,0.7458749,0.03284092,0.6632321;
base,UI/greenFlareHint,default,19.88145,19.88145,19.88145,0,1,1,1,1,1,466.4629,1431.144,-3243.783,0.005705138,0.7338942,-0.01087688,0.6791527;
base,UI/greenFlareHint,default,19.88145,19.88145,19.88145,0,1,1,1,1,1,469.2354,1432.987,-3274.536,-0.006615594,0.7422771,-0.02004026,0.6697606;
custom,tube,stone6,4.090342,0.5471121,3.844927,0,1,1,1,1,1,127.5813,707.9259,-681.0643,0.07351872,0.7200301,0.07719889,0.6857055;
custom,tube,stone6,5.650933,0.5471121,5.312563,0,1,1,1,1,1,127.5813,704.1788,-681.8776,0.07351872,0.7200301,0.07719889,0.6857055;
custom,cylinder,stone6,6.68308,0.1913029,6.648917,0,1,1,1,1,1,126.5823,711.4893,-679.4873,0.08118494,0.6444175,0.06909207,0.7572063;
custom,cone,stone6,1.027552,0.9442372,0.9442372,0,1,1,1,1,1,125.6208,724.3819,-677.765,0.07198858,0.7333567,0.07862768,0.6714339;
custom,cylinder,stone6,1.623754,2.226986,1.864329,0,1,1,1,1,1,126.4875,744.7373,-670.9606,0.008324817,0.9912651,0.1062799,0.0776451;
custom,cylinder,stone6,3.727213,0.1066913,3.708159,0,1,1,1,1,1,126.12,759.7914,-668.2386,0.08118494,0.6444175,0.06909207,0.7572063;
custom,cylinder,stone6,3.1046,0.08886906,3.088731,0,1,1,1,1,1,126.5823,765.7664,-667.7128,0.08118494,0.6444175,0.06909207,0.7572063;
custom,cone,stone6,1.027552,0.9442372,0.9442372,0,1,1,1,1,1,126.6531,770.3639,-667.6399,-0.6724765,-0.09007366,0.7320389,0.06149158;
custom,cuboid,lava1,4.251948,0.5622876,0.4790128,0,1,1,1,1,1,126.512,800.8593,-658.9136,-0.6992714,0.6988084,-0.002530045,0.1505992;
custom,cone,stone6,1.027552,0.4342672,0.9442372,0,1,1,1,1,1,125.556,786.1475,-664.376,-0.0651373,-0.7325166,-0.08610272,-0.6721331;
custom,cylinder,stone6,3.124613,0.08944201,3.108644,0,1,1,1,1,1,126.5823,729.8538,-675.5048,0.08118494,0.6444175,0.06909207,0.7572063;
base,aot_supply,metal2,-0.06807873,0.02291073,0.192743,0,1,1,1,1,1,136.771,729.3112,-672.5397,0.01405437,0.9856228,0.1056749,0.1310843;
base,aot_supply,metal2,-0.06807873,0.02291073,0.192743,0,1,1,1,1,1,124.7818,727.1567,-662.8223,0.01405437,0.9856228,0.1056749,0.1310843;
base,aot_supply,metal2,-0.06807873,0.02291073,0.192743,0,1,1,1,1,1,112.7023,730.5276,-678.3621,0.01405437,0.9856228,0.1056749,0.1310843;
base,aot_supply,metal2,-0.06807873,0.02291073,0.192743,0,1,1,1,1,1,115.7262,722.6707,-679.6234,0.01405437,0.9856228,0.1056749,0.1310843;
base,aot_supply,metal2,-0.06807873,0.02291073,0.192743,0,1,1,1,1,1,128.8592,732.9526,-687.5792,0.01405437,0.9856228,0.1056749,0.1310843;
custom,cuboid,lava1,3.152147,0.4589856,0.39101,0,1,1,1,1,1,126.512,804.0436,-658.2226,0.01147434,0.9885252,0.1059862,0.1070203;
custom,cylinder,stone6,2.80878,0.08040124,2.794422,0,1,1,1,1,1,126.1772,790.4326,-661.6868,0.08118494,0.6444175,0.06909207,0.7572063;
custom,cylinder,stone6,2.339588,0.06697065,2.32763,0,1,1,1,1,1,126.5255,794.9357,-661.2904,0.08118494,0.6444175,0.06909207,0.7572063;
base,aot_supply,metal2,-0.06807873,0.02291073,0.192743,0,1,1,1,1,1,124.2614,724.884,-687.712,0.01405437,0.9856228,0.1056749,0.1310843;
base,aot_supply,metal2,-0.06807873,0.02291073,0.192743,0,1,1,1,1,1,125.2128,821.4012,-654.2593,0.01405437,0.9856228,0.1056749,0.1310843;
custom,tube,ice1,2.940914,0.3950649,2.811969,0,1,1,1,1,1,159.5886,755.3014,-885.8987,-0.07769989,-0.7807502,-0.09912159,-0.6120186;
custom,cone,ice1,0.6364084,0.7715536,0.6020656,0,1,1,1,1,1,157.9688,771.538,-882.854,-0.04352578,-0.9309129,-0.1181857,-0.3428395;
custom,tube,ice1,2.210955,0.4109153,2.043781,0,1,1,1,1,1,159.5886,758.1414,-885.1663,-0.07769989,-0.7807502,-0.09912159,-0.6120186;
custom,tube,ice1,2.940914,0.3950649,2.811969,0,1,1,1,1,1,159.5886,761.0748,-884.4084,-0.07769989,-0.7807502,-0.09912159,-0.6120186;
custom,pyramid,ice1,0.7715536,1.459932,0.7715536,0,1,1,1,1,1,168.2479,784.4341,-880.6516,-0.5497524,-0.5409893,0.5649751,-0.2930974;
custom,capsule,ice1,1.636283,1.720999,1.144959,0,1,1,1,1,1,156.4717,777.7368,-879.7706,-0.09014759,-0.7121079,-0.0775822,-0.6919225;
custom,capsule,ice1,1.076987,1.188055,0.6878255,0,1,1,1,1,1,168.8862,788.8688,-878.6522,0.2273378,-0.5907339,-0.512311,-0.580421;
custom,cylinder,ice1,2.798035,0.1946541,2.973033,0,1,1,1,1,1,371.6497,775.0198,-929.8965,-0.09359193,0.7116901,0.09660445,-0.6894964;
custom,tube,ice1,1.958761,0.3640442,1.810656,0,1,1,1,1,1,371.1682,772.1083,-931.2673,-0.01369423,0.9857638,0.133807,-0.1008861;
custom,tube,ice1,2.605457,0.3500017,2.49122,0,1,1,1,1,1,371.1682,769.6038,-931.9597,-0.01369423,0.9857638,0.133807,-0.1008861;
custom,cone,ice1,0.7035402,0.2459469,0.6894268,0,1,1,1,1,1,370.449,779.126,-927.0378,-0.05410289,0.9072174,0.1231454,-0.3985783;
custom,cylinder,ice1,2.214455,1.364586,2.192583,0,1,1,1,1,1,372.2031,786.9848,-926.3667,-0.09359193,0.7116901,0.09660445,-0.6894964;
custom,torus,crystal2,2.456317,2.469374,2.469374,0,1,1,1,1,1,371.9489,803.8561,-921.4262,-0.091085,0.7291294,0.09897167,-0.671028;
custom,cylinder,ice1,2.798035,0.1946541,2.973033,0,1,1,1,1,1,-22.52013,793.8658,-1029.504,-0.09359193,0.7116901,0.09660445,-0.6894964;
custom,tube,ice1,1.958761,0.3640442,1.810656,0,1,1,1,1,1,-23.00167,790.9543,-1030.874,-0.01369423,0.9857638,0.133807,-0.1008861;
custom,tube,ice1,2.605457,0.3500017,2.49122,0,1,1,1,1,1,-23.00167,788.4498,-1031.567,-0.01369423,0.9857638,0.133807,-0.1008861;
custom,cone,ice1,0.7035402,0.2459469,0.6894268,0,1,1,1,1,1,-23.72085,797.972,-1026.645,-0.05410289,0.9072174,0.1231454,-0.3985783;
custom,cylinder,ice1,2.214455,1.364586,2.192583,0,1,1,1,1,1,-21.96679,805.8308,-1025.974,-0.09359193,0.7116901,0.09660445,-0.6894964;
custom,torus,crystal2,2.456317,2.469374,2.469374,0,1,1,1,1,1,-22.221,822.7021,-1021.033,-0.091085,0.7291294,0.09897167,-0.671028;
custom,cuboid,wood1,1.604188,1.604188,56.75832,0,1,1,1,1,1,12.50847,848.2816,-1281.844,-0.08536927,-0.8687888,-0.1321252,-0.4695327;
custom,cuboid,wood1,1.911274,1.911274,64.42599,0,1,1,1,1,1,416.2156,829.5971,-1183.316,-0.1137036,-0.2800567,-0.04086421,-0.9523497;
custom,cuboid,wood1,1.911274,1.911274,55.96173,0,1,1,1,1,1,343.9518,725.1076,-778.9478,-0.8717135,0.02706266,-0.478781,0.1007565;
custom,cuboid,wood1,1.604188,1.604188,64.37695,0,1,1,1,1,1,-49.23006,745.8489,-880.9991,-0.2806988,0.1169689,-0.951622,0.04406861;
custom,arc180,ice1,1.468362,1.468362,1.468362,0,1,1,1,1,1,26.30271,886.0228,-742.3383,-0.6922992,-0.09839107,-0.08116464,0.7102488;
custom,arc180,ice1,1.468362,1.468362,1.468362,0,1,1,1,1,1,29.35151,892.5161,-741.254,-0.5642056,0.2614667,-0.409315,0.667659;
custom,arc180,ice1,1.468362,1.468362,1.468362,0,1,1,1,1,1,28.38604,880.6967,-741.8097,0.6691083,0.367675,-0.1953449,-0.6155888;
custom,cuboid,ice1,0.4772902,0.3385055,-1.131299,0,1,1,1,1,1,56.51703,885.1709,-737.2743,0,-0.7662761,0,0.6425115;
custom,cuboid,ice1,0.4772902,0.3385055,-2.999118,0,1,1,1,1,1,51.16227,885.1709,-738.0035,-0.4552514,-0.5407313,-0.5429431,0.4533969;
custom,cuboid,ice1,0.4772902,0.3385055,-2.999118,0,1,1,1,1,1,63.33782,885.1709,-736.3446,-0.4552514,-0.5407313,-0.5429431,0.4533969;
custom,cuboid,ice1,0.4772902,0.3385055,-2.999118,0,1,1,1,1,1,74.24763,885.1709,-734.8611,-0.4552514,-0.5407313,-0.5429431,0.4533969;
custom,cuboid,ice1,0.4772902,0.3385055,-1.76485,0,1,1,1,1,1,83.00842,885.1709,-733.6689,0,-0.7662761,0,0.6425115;
custom,cuboid,ice1,0.4772902,0.3385055,-1.76485,0,1,1,1,1,1,83.00842,898.1384,-733.6689,0,-0.7662761,0,0.6425115;
custom,cuboid,ice1,0.4772902,0.3385055,-1.76485,0,1,1,1,1,1,83.00842,871.3729,-733.6689,0,-0.7662761,0,0.6425115;
custom,arc180,ice1,1.468362,1.468362,1.468362,0,1,1,1,1,1,101.9199,883.6573,-732.0461,-0.6922992,-0.09839107,-0.08116464,0.7102488;
custom,arc180,ice1,1.468362,1.468362,1.468362,0,1,1,1,1,1,104.9672,890.1517,-730.9608,-0.5642056,0.2614667,-0.409315,0.667659;
custom,arc180,ice1,1.468362,1.468362,1.468362,0,1,1,1,1,1,104.0032,878.3322,-731.5198,0.6691083,0.367675,-0.1953449,-0.6155888;
custom,cuboid,ice1,0.4772902,0.3385055,-3.778476,0,1,1,1,1,1,124.6957,885.1709,-727.9963,-0.4552514,-0.5407313,-0.5429431,0.4533969;
custom,cuboid,ice1,0.4772902,0.3385055,-2.31425,0,1,1,1,1,1,134.3397,891.9647,-726.6835,0.1886973,-0.7324843,0.2250451,0.6141782;
custom,cuboid,ice1,0.4772902,0.3385055,-2.646969,0,1,1,1,1,1,135.2936,877.3301,-726.5529,-0.2649217,-0.6981063,-0.3159517,0.5853535;
custom,cuboid,ice1,0.4772902,0.3385055,-3.598478,0,1,1,1,1,1,151.5411,885.1709,-724.3406,-0.4552514,-0.5407313,-0.5429431,0.4533969;
custom,cuboid,ice1,0.4772902,0.3385055,-2.646969,0,1,1,1,1,1,156.3615,889.0988,-723.6851,-0.3783778,-0.6193061,-0.4512625,0.5192807;
custom,cuboid,ice1,0.4772902,0.3385055,-2.646969,0,1,1,1,1,1,163.588,889.0988,-722.7006,-0.5217336,-0.4472194,-0.6222326,0.3749873;
custom,cuboid,ice1,0.4772902,0.3385055,-3.598478,0,1,1,1,1,1,168.2591,885.1709,-722.0662,-0.4552514,-0.5407313,-0.5429431,0.4533969;
custom,cuboid,ice1,0.4772902,0.3385055,-3.598478,0,1,1,1,1,1,179.9888,885.1709,-720.4714,-0.5075314,-0.469891,-0.6052932,0.3939981;
custom,cuboid,ice1,0.4772902,0.3385055,-3.598478,0,1,1,1,1,1,188.7344,885.1709,-719.2792,-0.389923,-0.609035,-0.4650315,0.5106683;
custom,cuboid,ice1,0.4772902,0.3385055,-1.131299,0,1,1,1,1,1,184.0003,885.1709,-719.9241,0,-0.7662761,0,0.6425115;
custom,cuboid,ice1,0.4772902,0.3385055,-2.277617,0,1,1,1,1,1,205.8649,898.1384,-716.9494,0,-0.7662761,0,0.6425115;
custom,cuboid,ice1,0.4772902,0.3385055,-2.999118,0,1,1,1,1,1,204.7648,881.8644,-717.0975,-0.4552514,-0.5407313,-0.5429431,0.4533969;
custom,cuboid,ice1,0.4772902,0.3385055,-2.999118,0,1,1,1,1,1,222.0661,885.1709,-714.7424,-0.4552514,-0.5407313,-0.5429431,0.4533969;
custom,cuboid,ice1,0.4772902,0.3385055,-1.76485,0,1,1,1,1,1,230.828,885.1709,-713.5522,0,-0.7662761,0,0.6425115;
custom,cuboid,ice1,0.4772902,0.3385055,-1.76485,0,1,1,1,1,1,230.828,898.1384,-713.5522,0,-0.7662761,0,0.6425115;
custom,cuboid,ice1,0.4772902,0.3385055,-1.76485,0,1,1,1,1,1,230.828,871.3729,-713.5522,0,-0.7662761,0,0.6425115;
custom,cuboid,default,1,55.4967,134.9535,0,1,1,1,1,1,-216.0468,870.5814,-1107.633,0,0.994945,0,0.1004208;
custom,cuboid,default,1,55.4967,117.4358,0,1,1,1,1,1,587.5001,870.5814,-940.1047,-0.01706418,0.993131,0.01066329,0.1152652;
custom,cuboid,default,1,55.4967,36.35067,0,1,1,1,1,1,19.0431,862.8428,-1534.978,0,0.6814417,0,0.7318724;
custom,cuboid,default,1,55.4967,45.31633,0,1,1,1,1,1,544.5362,870.5814,-1534.978,-0.007103016,0.6814097,0.006613595,0.7318379;
custom,cuboid,tower5mat,94.62787,2,-146.5945,0,1,1,1,2,2,215.1477,669.8975,-1347.172,0,-0.1217924,0,0.9925556;
custom,cuboid,default,1,34.13689,15.63825,0,1,1,1,1,1,267.2779,744.1705,-1534.978,0.001944971,-0.6343247,0.01238397,0.7729652;
custom,cuboid,default,1,12.46283,15.63825,0,1,1,1,1,1,267.2779,1103.409,-1534.978,0.005705331,-0.6439915,0.007851223,0.7649712;
custom,cuboid,bombexplosiontex,-0.4777448,76.94508,50.97764,0,1,1,1,99999,99999,-45.32172,977.7968,-1225.316,0.07325288,-0.4873157,-0.02637492,0.8697482;
custom,cuboid,bombexplosiontex,-0.4777448,76.94508,61.68733,0,1,1,1,99999,99999,433.6823,977.7968,-1115.135,0.07459845,-0.9564443,-0.08123683,0.2702778;
custom,cuboid,tower5mat,94.62787,2,-146.5945,0,1,1,1,2,2,185.3384,1018.705,-953.1253,0.09595007,-0.1212221,0.01177364,0.987907;
custom,cuboid,bombexplosiontex,-0.7020329,9.94885,24.3115,0,1,1,1,99999,99999,249.2809,1044.678,-1353.551,0.1078143,-0.6459016,-0.08121284,0.7513932;
custom,cuboid,default,1.52706,12.21698,23.36874,1,0,0,0,1,1,131.6683,912.8149,-717.0668,0,0.7560646,0,-0.654497;
custom,cuboid,bombexplosiontex,-0.4777448,76.94508,61.68733,0,1,1,1,99999,99999,408.2548,977.7968,-791.7336,-0.004461566,-0.8684447,-0.1102017,-0.4833626;
custom,cuboid,bombexplosiontex,-0.4777448,47.3562,82.443,0,1,1,1,99999,99999,-158.1203,977.7968,-1001.582,0.03378205,-0.95711,-0.07014563,0.2790679;
misc,barrier,4.646738,87.00491,52.32741,12.06094,246.4858,-460.9272,-0.4960462,0.499443,-0.5035676,-0.5009137;
custom,cuboid,stone6,1.254984,16.35795,51.89366,0,1,1,1,1,1,136.548,680.8474,-422.2121,-0.1632418,0.09625267,-0.01655897,-0.98174;
custom,cuboid,ice1,1.221041,15.97579,52.78634,0,1,1,1,1,1,33.32803,689.0691,-443.531,-0.1576499,0.05179469,-0.02840417,-0.9857267;
custom,cuboid,bombexplosiontex,-2.218039,14.47446,17.32436,0,1,1,1,99999,99999,113.0744,889.4147,-643.5876,0.06174527,-0.7756683,-0.07604471,0.623493;
custom,cuboid,ice1,1.221041,14.56092,41.73281,0,1,1,1,1,1,89.24018,626.1205,-470.6679,-0.1633012,-0.06105369,0.6882141,-0.704249;
custom,cuboid,stone6,1.254984,12.5316,51.89366,0,1,1,1,1,1,69.35246,735.6665,-422.2121,0.04786026,-0.1833615,0.704071,0.6843771;
misc,barrier,1.819821,0.7664496,12.72799,173.5121,757.3453,-664.6808,0.5754929,0.2332204,0.2399845,-0.7462062;
misc,barrier,1.819821,0.7664496,12.72799,54.92535,757.3453,-695.8772,0.5677133,0.2097891,0.2578512,-0.7531288;
custom,killcylinder,cannonregionmat,5,3,5,1,0.15,0.15,0.15,1,1,-196.862,27.86384,-308.2871,0,0,0,1;
custom,killcylinder,cannonregionmat,5,3,5,1,0.15,0.15,0.15,1,1,145.6005,27.86384,-309.3554,0,0,0,1;
custom,house1,default,36.82631,-0.6349572,12.81206,1,0.3,0.7,1,0.5,0.15,89.62785,522.2336,-62.24796,0.0004690146,-0.007038904,-0.0001383064,0.9999751;
custom,cuboid,stone6,12.72059,1.170668,13.14313,0,1,1,1,1,1,42.30776,599.4701,-202.7164,-0.721776,0.06726071,-0.07377641,-0.6848887;
custom,cuboid,default,61.40928,2.186674,112.9958,1,0.867,0.741,0.753,1,0.6,22.71229,218.7011,-477.9593,0.5002478,-0.5049229,-0.495077,0.4997037;
custom,cuboid,default,57.15184,1.953224,94.31828,1,0.741,0.867,0.8,1.2,0.6,-35.84419,238.2833,354.0623,0.5001538,-0.5001538,-0.4998462,0.4998462;
custom,cuboid,default,57.28618,97.02109,2.746248,1,0.729,0.8,0.878,1.2,0.6,391.5006,239.9285,-2.28601,0.4974511,-0.506631,-0.4930729,0.5027391;
custom,cuboid,default,55.4524,102.1417,1.846979,1,0.796,0.741,0.871,1,0.6,-416.9321,250.2023,-19.48471,0.4987464,-0.4987464,-0.5012505,0.5012505;
