map,disablebounds;
base,levelBottom,default,0.0005,0.0416667,0.002,0,1,1,1,1,1,-112.6112,3490,2775,-0.2705981,0.2705981,0.6532815,0.6532815;
base,levelBottom,default,0.0005,0.0416667,0.002,0,1,1,1,1,1,-139.9137,3498.435,2794.328,-0.6534936,-0.6530687,-0.2700751,0.2711216;
base,levelBottom,default,0.0005,0.0416667,0.002,0,1,1,1,1,1,-167.8936,3499.135,2652.499,0.6551034,0.6514297,0.2661515,-0.2750315;
base,levelBottom,default,0.0005,0.0416667,0.002,0,1,1,1,1,1,-199.9904,3498.435,2794.328,-0.6534936,-0.6530687,-0.2700751,0.2711216;
base,levelBottom,default,0.0005,0.0416667,0.002,0,1,1,1,1,1,-199.9904,3524.029,2772.982,0.6517885,0.6547554,0.2741638,-0.2670234;
base,levelBottom,default,0.0005,0.0416667,0.002,0,1,1,1,1,1,-199.9904,3524.029,2789.556,0.27007,-0.2711257,-0.6534958,-0.6530669;
base,levelBottom,default,0.0005,0.0416667,0.002,0,1,1,1,1,1,-204.1231,3501.813,2634.628,0.2610521,-0.2800867,-0.6571511,-0.6492732;
base,levelBottom,default,0.0005,0.0416667,0.002,0,1,1,1,1,1,-221.5924,3487.182,2761.705,0.2643048,-0.2768674,-0.655848,-0.6506543;
base,levelBottom,default,0.0005,0.0416667,0.002,0,1,1,1,1,1,-223.5683,3523.437,2669.601,0.6551034,0.6514297,0.2661515,-0.2750315;
base,levelBottom,default,0.0005,0.0416667,0.002,0,1,1,1,1,1,-231.8593,3488.077,2714.196,0.6511616,0.26553,-0.2756484,-0.6553628;
base,levelBottom,default,0.0005,0.0416667,0.002,0,1,1,1,1,1,-242.7423,3501.813,2667.183,0.2610521,-0.2800867,-0.6571511,-0.6492732;
base,levelBottom,default,0.0005,0.0416667,0.002,0,1,1,1,1,1,-259.6875,3489.682,2777.534,0.5584258,-0.5718836,-0.4239589,-0.4258739;
base,levelBottom,default,0.0005,0.0416667,0.002,0,1,1,1,1,1,-268.4151,3504.999,2738.545,0.6511616,0.26553,-0.2756484,-0.6553628;
base,levelBottom,default,0.0005,0.0416667,0.002,0,1,1,1,1,1,-32.33256,3487.85,2635.937,0.2610521,-0.2800867,-0.6571511,-0.6492732;
base,levelBottom,default,0.0005,0.0416667,0.002,0,1,1,1,1,1,-64.62763,3516.125,2640.408,0.07979365,-0.09049815,-0.7061179,-0.6977397;
base,levelBottom,default,0.0005,0.0416667,0.002,0,1,1,1,1,1,122.7337,3499.365,2652.869,0.6551034,0.6514297,0.2661515,-0.2750315;
base,levelBottom,default,0.0005,0.0416667,0.002,0,1,1,1,1,1,207.6155,3489.682,2672.12,0.5584258,-0.5718836,-0.4239589,-0.4258739;
base,levelBottom,default,0.0005,0.0416667,0.002,0,1,1,1,1,1,82.70493,3518.862,2664.834,0.6739042,-0.6857843,-0.1910303,-0.1976374;
base,levelBottom,default,0.0005,3.333333,0.013,0,1,1,1,1,1,5,3675,2740,0,0,0,1;
base,levelBottom,default,0.0005,4.166667,0.013,0,1,1,1,1,1,-95,3675,2670,0,0,0,1;
base,levelBottom,default,0.0005,4.166667,0.013,0,1,1,1,1,1,105,3675,2670,0,0,0,1;
base,levelBottom,default,0.001,1,0.006,0,1,1,1,1,1,-45,3675,2635,0,0,0,1;
base,levelBottom,default,0.001,1,0.006,0,1,1,1,1,1,-45,3675,2775,0,0,0,1;
base,levelBottom,default,0.001,1,0.006,0,1,1,1,1,1,55,3675,2635,0,0,0,1;
base,levelBottom,default,0.001,1,0.006,0,1,1,1,1,1,55,3675,2775,0,0,0,1;
base,levelBottom,default,0.001,1,0.013,0,1,1,1,1,1,-45,3605,2670,0,0,0,1;
base,levelBottom,default,0.001,1,0.013,0,1,1,1,1,1,-45,3745,2740,0,0,0,1;
base,levelBottom,default,0.001,1,0.013,0,1,1,1,1,1,55,3605,2670,0,0,0,1;
base,levelBottom,default,0.001,1,0.013,0,1,1,1,1,1,55,3745,2740,0,0,0,1;
base,levelBottom,default,0.00125,0.0416667,0.00125,0,1,1,1,1,1,-112.6112,3490,2775,-0.2705981,0.2705981,0.6532815,0.6532815;
base,levelBottom,default,0.00125,0.0416667,0.00125,0,1,1,1,1,1,-167.8936,3499.135,2652.499,0.6551034,0.6514297,0.2661515,-0.2750315;
base,levelBottom,default,0.00125,0.0416667,0.00125,0,1,1,1,1,1,-199.9904,3498.435,2794.328,-0.6534936,-0.6530687,-0.2700751,0.2711216;
base,levelBottom,default,0.00125,0.0416667,0.00125,0,1,1,1,1,1,-199.9904,3524.029,2772.982,0.6517885,0.6547554,0.2741638,-0.2670234;
base,levelBottom,default,0.00125,0.0416667,0.00125,0,1,1,1,1,1,-199.9904,3524.029,2789.556,0.27007,-0.2711257,-0.6534958,-0.6530669;
base,levelBottom,default,0.00125,0.0416667,0.00125,0,1,1,1,1,1,-204.1231,3501.813,2634.628,0.2610521,-0.2800867,-0.6571511,-0.6492732;
base,levelBottom,default,0.00125,0.0416667,0.00125,0,1,1,1,1,1,-221.5924,3487.182,2761.705,0.2643048,-0.2768674,-0.655848,-0.6506543;
base,levelBottom,default,0.00125,0.0416667,0.00125,0,1,1,1,1,1,-223.5683,3523.437,2669.601,0.6551034,0.6514297,0.2661515,-0.2750315;
base,levelBottom,default,0.00125,0.0416667,0.00125,0,1,1,1,1,1,-231.8593,3488.077,2714.196,0.6511616,0.26553,-0.2756484,-0.6553628;
base,levelBottom,default,0.00125,0.0416667,0.00125,0,1,1,1,1,1,-242.7423,3501.813,2667.183,0.2610521,-0.2800867,-0.6571511,-0.6492732;
base,levelBottom,default,0.00125,0.0416667,0.00125,0,1,1,1,1,1,-259.6875,3489.682,2777.534,0.5584258,-0.5718836,-0.4239589,-0.4258739;
base,levelBottom,default,0.00125,0.0416667,0.00125,0,1,1,1,1,1,-268.4151,3504.999,2738.545,0.6511616,0.26553,-0.2756484,-0.6553628;
base,levelBottom,default,0.00125,0.0416667,0.00125,0,1,1,1,1,1,-32.33256,3487.85,2635.937,0.2610521,-0.2800867,-0.6571511,-0.6492732;
base,levelBottom,default,0.00125,0.0416667,0.00125,0,1,1,1,1,1,-64.62763,3516.125,2640.408,0.07979365,-0.09049815,-0.7061179,-0.6977397;
base,levelBottom,default,0.00125,0.0416667,0.00125,0,1,1,1,1,1,122.7337,3499.365,2652.869,0.6551034,0.6514297,0.2661515,-0.2750315;
base,levelBottom,default,0.00125,0.0416667,0.00125,0,1,1,1,1,1,207.6155,3489.682,2672.12,0.5584258,-0.5718836,-0.4239589,-0.4258739;
base,levelBottom,default,0.00125,0.0416667,0.00125,0,1,1,1,1,1,82.70493,3518.862,2664.834,0.6739042,-0.6857843,-0.1910303,-0.1976374;
base,levelBottom,default,0.009,0.1666667,0.006,0,1,1,1,1,1,5,3710,2635,0,0,0,1;
base,levelBottom,default,0.009,3.333333,0.001,0,1,1,1,1,1,5,3675,2670,0,0,0,1;
base,levelBottom,default,0.011,0.125,0.049,0,1,1,1,1,1,-230,3365,2850,0,0,0,1;
base,levelBottom,default,0.012,4.166667,0.001,0,1,1,1,1,1,-110,3675,2740,0,0,0,1;
base,levelBottom,default,0.014,4.166667,0.001,0,1,1,1,1,1,130,3675,2740,0,0,0,1;
base,levelBottom,default,1,166.6667,0.001,0,1,1,1,1,1,-1750,3400,2900,-0.5,0.5,-0.5,0.5;
base,levelBottom,default,1,166.6667,0.001,0,1,1,1,1,1,-250,1900,2900,-0.7071068,0,0,0.7071068;
base,levelBottom,default,1,166.6667,0.001,0,1,1,1,1,1,-250,3400,1400,0,0,0,1;
base,levelBottom,default,1,166.6667,0.001,0,1,1,1,1,1,-250,3400,4400,0,0,0,1;
base,levelBottom,default,1,166.6667,0.001,0,1,1,1,1,1,-250,4900,2900,-0.7071068,0,0,0.7071068;
base,levelBottom,default,1,166.6667,0.001,0,1,1,1,1,1,1250,3400,2900,-0.5,0.5,-0.5,0.5;
custom,Cylinder,cannonregionmat,0.2,0.7,0.2,1,0.1,0.1,0.1,0.02,0.14,-230,3385,2655,-0.5,-0.5,-0.5,0.5;
custom,Cylinder,cannonregionmat,0.2,1.865,0.2,1,0.1,0.1,0.1,0.02,0.373,-230,3405,2643.4,-0.5,-0.5,-0.5,0.5;
custom,Cylinder,cannonregionmat,0.2,22,0.2,1,0.1,0.1,0.1,0.02,4.4,-223,3385,2875,-0.7071068,0,0,0.7071068;
custom,Cylinder,cannonregionmat,0.2,22,0.2,1,0.1,0.1,0.1,0.02,4.4,-237,3385,2875,-0.7071068,0,0,0.7071068;
custom,Cylinder,cannonregionmat,0.2,22.66,0.2,1,0.1,0.1,0.1,0.02,4.532,-211.35,3405,2870,-0.7071068,0,0,0.7071068;
custom,Cylinder,cannonregionmat,0.2,22.66,0.2,1,0.1,0.1,0.1,0.02,4.532,-248.65,3405,2870,-0.7071068,0,0,0.7071068;
custom,Cylinder,cannonregionmat,0.2,24.5,0.2,1,0.1,0.1,0.1,0.02,4.9,-177,3385,2850,-0.7071068,0,0,0.7071068;
custom,Cylinder,cannonregionmat,0.2,24.5,0.2,1,0.1,0.1,0.1,0.02,4.9,-188.65,3405,2850,-0.7071068,0,0,0.7071068;
custom,Cylinder,cannonregionmat,0.2,24.5,0.2,1,0.1,0.1,0.1,0.02,4.9,-271.35,3405,2850,-0.7071068,0,0,0.7071068;
custom,Cylinder,cannonregionmat,0.2,24.5,0.2,1,0.1,0.1,0.1,0.02,4.9,-283,3385,2850,-0.7071068,0,0,0.7071068;
custom,Cylinder,cannonregionmat,0.2,5.5,0.2,1,0.1,0.1,0.1,0.02,1.1,-230,3385,2611.665,-0.5,-0.5,-0.5,0.5;
custom,Cylinder,cannonregionmat,0.2,5.5,0.2,1,0.1,0.1,0.1,0.02,1.1,-230,3405,2623.315,-0.5,-0.5,-0.5,0.5;
custom,Cylinder,castle1tex,0.1,5,0.1,1,0.5,0.75,1,0.01,1,-1370,4150,3500,-0.3535534,-0.6123725,-0.6123725,0.3535534;
custom,Cylinder,castle1tex,0.1,5,0.1,1,0.5,0.75,1,0.01,1,-1370,4150,3500,-0.6123725,-0.3535534,-0.3535534,0.6123724;
custom,Cylinder,castle1tex,0.1,5,0.1,1,0.5,0.75,1,0.01,1,-1370,4150,3500,-0.7071068,0,0,0.7071068;
custom,Cylinder,metal1,0.5,-4,0.5,1,0.9,0.8,0.3,0.01,0.01,67.0834,3650,2990,0,0,-1,0;
custom,Cylinder,metal1,0.5,-4,0.5,1,0.9,0.8,0.3,0.01,0.01,80.4167,3636.667,2990,0,0,-0.7071068,0.7071068;
custom,Cylinder,metal1,0.5,-4,0.5,1,0.9,0.8,0.3,0.01,0.01,80.4167,3663.333,2990,0,0,-0.7071068,0.7071068;
custom,Cylinder,metal1,0.5,-4,0.5,1,0.9,0.8,0.3,0.01,0.01,93.75,3650,2990,0,0,-1,0;
custom,Cylinder,metal1,0.5,3.5,0.5,1,0.9,0.8,0.3,0.01,0.01,165,3628.787,2838.787,-0.270598,0.6532815,-0.270598,0.6532815;
custom,Cylinder,metal1,0.5,3.5,0.5,1,0.9,0.8,0.3,0.01,0.01,165,3628.787,2881.213,-0.6532815,0.2705981,-0.6532815,0.2705981;
custom,Cylinder,metal1,0.5,3.5,0.5,1,0.9,0.8,0.3,0.01,0.01,165,3671.213,2838.787,-0.6532815,0.2705981,-0.6532815,0.2705981;
custom,Cylinder,metal1,0.5,3.5,0.5,1,0.9,0.8,0.3,0.01,0.01,165,3671.213,2881.213,-0.270598,0.6532815,-0.270598,0.6532815;
custom,Cylinder,metal1,0.5,4,0.5,1,0.9,0.8,0.3,0.01,0.01,146.6667,3740,3077.5,0,0,-1,0;
custom,Cylinder,metal1,0.5,4,0.5,1,0.9,0.8,0.3,0.01,0.01,160,3726.667,3077.5,0,0,-0.7071068,0.7071068;
custom,Cylinder,metal1,0.5,4,0.5,1,0.9,0.8,0.3,0.01,0.01,160,3753.333,3077.5,0,0,-0.7071068,0.7071068;
custom,Cylinder,metal1,0.5,4,0.5,1,0.9,0.8,0.3,0.01,0.01,173.3333,3740,3077.5,0,0,-1,0;
custom,Cylinder,metal1,0.5,4,0.5,1,0.9,0.8,0.3,0.01,0.01,236.6667,3697.5,2860,-0.7071068,0,0,0.7071068;
custom,Cylinder,metal1,0.5,4,0.5,1,0.9,0.8,0.3,0.01,0.01,236.6667,3740,3077.5,0,0,-1,0;
custom,Cylinder,metal1,0.5,4,0.5,1,0.9,0.8,0.3,0.01,0.01,250,3726.667,3077.5,0,0,-0.7071068,0.7071068;
custom,Cylinder,metal1,0.5,4,0.5,1,0.9,0.8,0.3,0.01,0.01,250,3753.333,3077.5,0,0,-0.7071068,0.7071068;
custom,Cylinder,metal1,0.5,4,0.5,1,0.9,0.8,0.3,0.01,0.01,263.3333,3697.5,2860,-0.7071068,0,0,0.7071068;
custom,Cylinder,metal1,0.5,4,0.5,1,0.9,0.8,0.3,0.01,0.01,263.3333,3740,3077.5,0,0,-1,0;
custom,Cylinder,metal1,0.5,4,0.5,1,0.9,0.8,0.3,0.01,0.01,66.6667,3650,2902.5,0,0,0,1;
custom,Cylinder,metal1,0.5,4,0.5,1,0.9,0.8,0.3,0.01,0.01,66.6667,3650,3077.5,0,0,0,1;
custom,Cylinder,metal1,0.5,4,0.5,1,0.9,0.8,0.3,0.01,0.01,80,3636.667,2902.5,0,0,-0.7071068,0.7071068;
custom,Cylinder,metal1,0.5,4,0.5,1,0.9,0.8,0.3,0.01,0.01,80,3636.667,3077.5,0,0,-0.7071068,0.7071068;
custom,Cylinder,metal1,0.5,4,0.5,1,0.9,0.8,0.3,0.01,0.01,80,3663.333,2902.5,0,0,-0.7071068,0.7071068;
custom,Cylinder,metal1,0.5,4,0.5,1,0.9,0.8,0.3,0.01,0.01,80,3663.333,3077.5,0,0,-0.7071068,0.7071068;
custom,Cylinder,metal1,0.5,4,0.5,1,0.9,0.8,0.3,0.01,0.01,93.3333,3650,2902.5,0,0,0,1;
custom,Cylinder,metal1,0.5,4,0.5,1,0.9,0.8,0.3,0.01,0.01,93.3333,3650,3077.5,0,0,0,1;
custom,Cylinder,metal1,0.5000001,4.000001,0.5000001,1,0.9,0.8,0.3,0.01,0.01,250,3697.5,2846.667,-0.5000001,-0.4999999,-0.5000001,0.5000001;
custom,Cylinder,metal1,0.5000001,4.000001,0.5000001,1,0.9,0.8,0.3,0.01,0.01,250,3697.5,2873.333,-0.5000001,-0.4999999,-0.5000001,0.5000001;
custom,Cylinder,metal3,2,28,2,1,0.2,0.2,0.2,0.01,0.01,-240,3640,3140,0,0,0,1;
custom,cuboid,pillar_col,0.05,0.25,0.05,1,1,1,1,0.1,0.1,-112.5002,3466.25,2778.496,0,-1,0,1E-07;
custom,cuboid,pillar_col,0.05,0.25,0.05,1,1,1,1,0.1,0.1,-113.5247,3464.35,2778.496,0.8660254,-0.5,-1E-07,0;
custom,cuboid,pillar_col,0.05,0.25,0.05,1,1,1,1,0.1,0.1,-111.4289,3464.399,2778.496,-0.8660254,-0.5,1E-07,0;
custom,cuboid,pillar_col,0.05,0.25,0.05,1,1,1,1,0.1,0.1,-67.47018,3475.75,2641.496,1E-07,-0.7071068,0.7071067,1E-07;
custom,cuboid,pillar_col,0.05,0.25,0.05,1,1,1,1,0.1,0.1,-68.49471,3475.75,2643.396,0.6123726,-0.3535533,0.3535533,0.6123725;
custom,cuboid,pillar_col,0.05,0.25,0.05,1,1,1,1,0.1,0.1,-66.39896,3475.75,2643.347,-0.6123725,-0.3535534,0.3535534,-0.6123724;
custom,Cylinder,pillar_col,1,6.000001,1,1,1,1,1,0.1,0.1,-120.0002,3465,2752.746,0.7071068,-0.7071068,-1E-07,1E-07;
custom,Cylinder,pillar_col,1,0.7500001,1,1,1,1,1,0.1,0.1,-125.0001,3465,2760.246,-1E-07,-0.7071068,-0.7071068,1E-07;
custom,Cylinder,pillar_col,1,3.5,1,1,1,1,1,0.1,0.1,-87.5002,3500,2752.746,0,-1,0,1E-07;
custom,Cylinder,pillar_col,1,0.5,1,1,1,1,1,0.1,0.1,-125.0002,3460,2767.746,0,-1,0,1E-07;
custom,Cylinder,pillar_col,1,0.7500001,1,1,1,1,1,0.1,0.1,-112.5002,3477.5,2760.246,-1E-07,-0.7071068,-0.7071068,1E-07;
custom,Cylinder,pillar_col,1,6.7625,1,1,1,1,1,0.1,0.1,-155.125,3477.5,2752.746,0.7071068,-0.7071068,-1E-07,1E-07;
custom,Cylinder,pillar_col,1,1.125,1,1,1,1,1,0.1,0.1,-112.5002,3466.25,2767.746,0,-1,0,1E-07;
custom,Cylinder,pillar_col,1,1.25,1,1,1,1,1,0.1,0.1,-75.00018,3512.5,2755.246,-1E-07,-0.7071068,-0.7071068,1E-07;
custom,Cylinder,pillar_col,1,2.5,1,1,1,1,1,0.1,0.1,-100.0002,3512.5,2767.746,0.7071068,-0.7071068,-1E-07,1E-07;
custom,Cylinder,pillar_col,1,1.125,1,1,1,1,1,0.1,0.1,-125.0002,3523.75,2767.746,0,-1,0,1E-07;
custom,Cylinder,pillar_col,1,0.3750001,1,1,1,1,1,0.1,0.1,-112.5002,3465,2771.496,-1E-07,-0.7071068,-0.7071068,1E-07;
custom,Cylinder,pillar_col,0.7500002,0.1,0.7500001,1,1,1,1,0.1,0.1,-112.5002,3465,2776.246,-1E-07,-0.7071068,-0.7071068,1E-07;
custom,Cylinder,pillar_col,0.1,0.075,0.1,1,1,1,1,0.1,0.1,-112.5002,3465,2777.996,-1E-07,-0.7071068,-0.7071068,1E-07;
custom,Cylinder,pillar_col,1,1.725,1,1,1,1,1,0.1,0.1,-167.5002,3465,2800.246,-1E-07,-0.7071068,-0.7071068,1E-07;
custom,Cylinder,pillar_col,1,1.125,1,1,1,1,1,0.1,0.1,-167.5002,3466.25,2782.746,0,-1,0,1E-07;
custom,Cylinder,pillar_col,1,1.5,1,1,1,1,1,0.1,0.1,-167.5002,3477.5,2767.746,-1E-07,-0.7071068,-0.7071068,1E-07;
custom,Cylinder,pillar_col,1,1.125,1,1,1,1,1,0.1,0.1,-167.5002,3523.75,2752.746,0,-1,0,1E-07;
custom,Cylinder,pillar_col,1,2.7625,1,1,1,1,1,0.1,0.1,-195.1252,3512.5,2752.746,0.7071068,-0.7071068,-1E-07,1E-07;
custom,Cylinder,pillar_col,1,3.775,1,1,1,1,1,0.1,0.1,-222.7502,3512.5,2714.996,-1E-07,-0.7071068,-0.7071068,1E-07;
custom,Cylinder,pillar_col,1,5,1,1,1,1,1,0.1,0.1,-172.7202,3512.5,2677.246,0.7071068,-0.7071068,-1E-07,1E-07;
custom,Cylinder,pillar_col,1,3.775,1,1,1,1,1,0.1,0.1,-222.75,3477.5,2714.996,-1E-07,-0.7071068,-0.7071068,1E-07;
custom,Cylinder,pillar_col,1,6.1375,1,1,1,1,1,0.1,0.1,-161.3802,3477.5,2677.246,0.7071068,-0.7071068,-1E-07,1E-07;
custom,Cylinder,pillar_col,1,10,1,1,1,1,1,0.1,0.1,-160.0002,3465,2817.246,0.7071068,-0.7071068,-1E-07,1E-07;
custom,Cylinder,pillar_col,1,4,1,1,1,1,1,0.1,0.1,-100.0002,3465,2802.246,0.7071068,-0.7071068,-1E-07,1E-07;
custom,Cylinder,pillar_col,1,3,1,1,1,1,1,0.1,0.1,-170.0002,3488.75,2802.246,0.7071068,-0.7071068,-1E-07,1E-07;
custom,Cylinder,pillar_col,1,1.1875,1,1,1,1,1,0.1,0.1,-200.0002,3476.875,2802.246,0,-1,0,1E-07;
custom,Cylinder,pillar_col,1,1.25,1,1,1,1,1,0.1,0.1,-167.5002,3488.75,2814.746,-1E-07,-0.7071068,-0.7071068,1E-07;
custom,Cylinder,pillar_col,1,4.3625,1,1,1,1,1,0.1,0.1,-243.6252,3465,2802.246,0.7071068,-0.7071068,-1E-07,1E-07;
custom,Cylinder,pillar_col,1,4.625,1,1,1,1,1,0.1,0.1,-213.7502,3465,2782.746,0.7071068,-0.7071068,-1E-07,1E-07;
custom,Cylinder,pillar_col,1,1.5,1,1,1,1,1,0.1,0.1,-260.0001,3462.5,2817.246,0,-1,0,1E-07;
custom,Cylinder,pillar_col,1,2.225,1,1,1,1,1,0.1,0.1,-260.0001,3477.5,2804.996,-1E-07,-0.7071068,-0.7071068,1E-07;
custom,Cylinder,pillar_col,1,1.125,1,1,1,1,1,0.1,0.1,-260.0001,3466.25,2782.746,0,-1,0,1E-07;
custom,Cylinder,pillar_col,1,7,1,1,1,1,1,0.1,0.1,-260.0002,3465,2712.746,-1E-07,-0.7071068,-0.7071068,1E-07;
custom,Cylinder,pillar_col,1,3.225,1,1,1,1,1,0.1,0.1,-200.0002,3512.5,2784.996,-1E-07,-0.7071068,-0.7071068,1E-07;
custom,Cylinder,pillar_col,1,0.625,1,1,1,1,1,0.1,0.1,-100.0002,3471.25,2802.246,0,-1,0,1E-07;
custom,Cylinder,pillar_col,1,1.25,1,1,1,1,1,0.1,0.1,-100.0002,3477.5,2814.746,-1E-07,-0.7071068,-0.7071068,1E-07;
custom,Cylinder,pillar_col,1,1.875,1,1,1,1,1,0.1,0.1,-125.0002,3483.75,2817.246,0,-1,0,1E-07;
custom,Cylinder,pillar_col,1,3.25,1,1,1,1,1,0.1,0.1,-92.50001,3502.5,2817.246,0.7071068,-0.7071068,-1E-07,1E-07;
custom,Cylinder,pillar_col,1,4.5,1,1,1,1,1,0.1,0.1,-197.5002,3512.5,2817.246,0.7071068,-0.7071068,-1E-07,1E-07;
custom,Cylinder,pillar_col,1,0.5,1,1,1,1,1,0.1,0.1,-152.5002,3512.5,2822.246,-1E-07,-0.7071068,-0.7071068,1E-07;
custom,Cylinder,pillar_col,1,2.375,1,1,1,1,1,0.1,0.1,-242.5002,3488.75,2817.246,0,-1,0,1E-07;
custom,Cylinder,pillar_col,1,1.125,1,1,1,1,1,0.1,0.1,-182.5002,3523.75,2817.246,0,-1,0,1E-07;
custom,Cylinder,pillar_col,1,4,1,1,1,1,1,0.1,0.1,-242.5002,3495,2767.746,0,-1,0,1E-07;
custom,Cylinder,pillar_col,1,4,1,1,1,1,1,0.1,0.1,-155.0002,3495,2782.746,0,-1,0,1E-07;
custom,Cylinder,pillar_col,1,0.975,1,1,1,1,1,0.1,0.1,-155.0002,3488.75,2792.496,-1E-07,-0.7071068,-0.7071068,1E-07;
custom,Cylinder,pillar_col,1,2.25,1,1,1,1,1,0.1,0.1,-177.5002,3512.5,2782.746,0.7071068,-0.7071068,-1E-07,1E-07;
custom,Cylinder,pillar_col,1,2,1,1,1,1,1,0.1,0.1,-94.74316,3522.5,2817.246,0,-1,0,1E-07;
custom,Cylinder,pillar_col,1,0.5,1,1,1,1,1,0.1,0.1,-180.0002,3460,2752.746,0,-1,0,1E-07;
custom,Cylinder,pillar_col,1,4,1,1,1,1,1,0.1,0.1,-122.7202,3495,2677.246,0,-1,0,1E-07;
custom,Cylinder,pillar_col,1,3.25,1,1,1,1,1,0.1,0.1,-122.7202,3512.5,2644.746,-1E-07,-0.7071068,-0.7071068,1E-07;
custom,Cylinder,pillar_col,1,3,1,1,1,1,1,0.1,0.1,-122.7202,3482.5,2612.246,0,-1,0,1E-07;
custom,Cylinder,pillar_col,1,29.5,1,1,1,1,1,0.1,0.1,7.7498,3465,2612.246,0.7071068,-0.7071068,-1E-07,1E-07;
custom,Cylinder,pillar_col,1,0.5,1,1,1,1,1,0.1,0.1,-260.0002,3460,2642.746,0,-1,0,1E-07;
custom,Cylinder,pillar_col,1,1.75,1,1,1,1,1,0.1,0.1,-222.7502,3495,2737.746,0,-1,0,1E-07;
custom,Cylinder,pillar_col,1,1.75,1,1,1,1,1,0.1,0.1,-222.7502,3495,2692.746,0,-1,0,1E-07;
custom,Cylinder,pillar_col,1,0.625,1,1,1,1,1,0.1,0.1,-260.0002,3471.25,2692.746,0,-1,0,1E-07;
custom,Cylinder,pillar_col,1,1.875,1,1,1,1,1,0.1,0.1,-241.2502,3477.5,2692.746,0.7071068,-0.7071068,-1E-07,1E-07;
custom,Cylinder,pillar_col,1,2,1,1,1,1,1,0.1,0.1,-260.0002,3475,2737.746,0,-1,0,1E-07;
custom,Cylinder,pillar_col,1,28,1,1,1,1,1,0.1,0.1,20,3465,2642.746,0.7071068,-0.7071068,-1E-07,1E-07;
custom,Cylinder,pillar_col,1,3.25,1,1,1,1,1,0.1,0.1,-122.7202,3477.5,2644.746,-1E-07,-0.7071068,-0.7071068,1E-07;
custom,Cylinder,pillar_col,1,4,1,1,1,1,1,0.1,0.1,-242.5002,3495,2627.496,0,-1,0,1E-07;
custom,Cylinder,pillar_col,1,1.75,1,1,1,1,1,0.1,0.1,-242.5002,3472.5,2657.996,0,-1,0,1E-07;
custom,Cylinder,pillar_col,1,1.525,1,1,1,1,1,0.1,0.1,-242.5002,3490,2642.746,-1E-07,-0.7071068,-0.7071068,1E-07;
custom,Cylinder,pillar_col,1,1.525,1,1,1,1,1,0.1,0.1,-187.4702,3465,2627.496,-1E-07,-0.7071068,-0.7071068,1E-07;
custom,Cylinder,pillar_col,1,2.5,1,1,1,1,1,0.1,0.1,-67.47018,3465,2637.246,-1E-07,-0.7071068,-0.7071068,1E-07;
custom,Cylinder,pillar_col,1,4,1,1,1,1,1,0.1,0.1,12.52982,3465,2652.246,-1E-07,-0.7071068,-0.7071068,1E-07;
custom,Cylinder,pillar_col,1,0.5,1,1,1,1,1,0.1,0.1,-187.4702,3460,2642.746,0,-1,0,1E-07;
custom,Cylinder,pillar_col,1,0.5,1,1,1,1,1,0.1,0.1,-67.47018,3460,2642.746,0,-1,0,1E-07;
custom,Cylinder,pillar_col,1,0.5,1,1,1,1,1,0.1,0.1,112.5298,3460,2642.746,0,-1,0,1E-07;
custom,Cylinder,pillar_col,1,10.75,1,1,1,1,1,0.1,0.1,-287.2502,3465,2719.746,-1E-07,-0.7071068,-0.7071068,1E-07;
custom,Cylinder,pillar_col,1,4,1,1,1,1,1,0.1,0.1,12.52982,3495,2642.746,0,-1,0,1E-07;
custom,Cylinder,pillar_col,1,11,1,1,1,1,1,0.1,0.1,-287.2502,3477.5,2715,-1E-07,-0.7071068,-0.7071068,1E-07;
custom,Cylinder,pillar_col,1,9,1,1,1,1,1,0.1,0.1,-287.2502,3490,2725,-1E-07,-0.7071068,-0.7071068,1E-07;
custom,Cylinder,pillar_col,1,11,1,1,1,1,1,0.1,0.1,-287.2502,3512.5,2715,-1E-07,-0.7071068,-0.7071068,1E-07;
custom,Cylinder,pillar_col,1,1.125,1,1,1,1,1,0.1,0.1,-287.2502,3501.25,2795,0,-1,0,1E-07;
custom,Cylinder,pillar_col,1,1.125,1,1,1,1,1,0.1,0.1,-287.2502,3501.25,2635,0,-1,0,1E-07;
custom,Cylinder,pillar_col,1,1.75,1,1,1,1,1,0.1,0.1,-287.2502,3495,2815,0,-1,0,1E-07;
custom,Cylinder,pillar_col,1,1.3625,1,1,1,1,1,0.1,0.1,-273.6252,3465,2737.746,0.7071068,-0.7071068,-1E-07,1E-07;
custom,Cylinder,pillar_col,1,1.5,1,1,1,1,1,0.1,0.1,-275.0002,3462.5,2752.746,0,-1,0,1E-07;
custom,Cylinder,pillar_col,1,1.5,1,1,1,1,1,0.1,0.1,-275.0002,3462.5,2712.746,0,-1,0,1E-07;
custom,Cylinder,pillar_col,1,2,1,1,1,1,1,0.1,0.1,-275.0002,3477.5,2732.746,-1E-07,-0.7071068,-0.7071068,1E-07;
custom,Cylinder,pillar_col,1,1.875,1,1,1,1,1,0.1,0.1,-241.2502,3495,2737.746,0.7071068,-0.7071068,-1E-07,1E-07;
custom,Cylinder,pillar_col,1,1.125,1,1,1,1,1,0.1,0.1,-287.2502,3523.75,2702.746,0,-1,0,1E-07;
custom,Cylinder,pillar_col,1,1.125,1,1,1,1,1,0.1,0.1,-287.2502,3523.75,2782.746,0,-1,0,1E-07;
custom,Cylinder,pillar_col,1,3,1,1,1,1,1,0.1,0.1,-192.7202,3482.5,2677.246,0,-1,0,1E-07;
custom,Cylinder,pillar_col,1,1.125,1,1,1,1,1,0.1,0.1,-222.7502,3523.75,2712.746,0,-1,0,1E-07;
custom,Cylinder,pillar_col,1,0.5,1,1,1,1,1,0.1,0.1,-207.7202,3460,2662.246,0,-1,0,1E-07;
custom,Cylinder,pillar_col,1,3.5,1,1,1,1,1,0.1,0.1,-157.7202,3465,2677.246,0.7071068,-0.7071068,-1E-07,1E-07;
custom,Cylinder,pillar_col,1,0.5,1,1,1,1,1,0.1,0.1,-67.47018,3460,2662.246,0,-1,0,1E-07;
custom,Cylinder,pillar_col,1,0.375,1,1,1,1,1,0.1,0.1,-67.47018,3468.75,2642.746,0,-1,-1E-07,1E-07;
custom,Cylinder,pillar_col,0.75,0.1,0.75,1,1,1,1,0.1,0.1,-67.47018,3473.5,2642.746,0,-1,-1E-07,1E-07;
custom,Cylinder,pillar_col,0.1,0.075,0.1,1,1,1,1,0.1,0.1,-67.47018,3475.25,2642.746,0,-1,-1E-07,1E-07;
custom,Cylinder,pillar_col,1,2,1,1,1,1,1,0.1,0.1,-187.7202,3465,2662.246,0.7071068,-0.7071068,-1E-07,1E-07;
custom,Cylinder,pillar_col,1,1.75,1,1,1,1,1,0.1,0.1,-167.7202,3472.5,2662.246,0,-1,0,1E-07;
custom,Cylinder,pillar_col,1,1.525,1,1,1,1,1,0.1,0.1,-167.7202,3490,2677.496,-1E-07,-0.7071068,-0.7071068,1E-07;
custom,Cylinder,pillar_col,1,1.25,1,1,1,1,1,0.1,0.1,-100.0052,3465,2677.246,0,-1,0,1E-07;
custom,Cylinder,pillar_col,1,2.75,1,1,1,1,1,0.1,0.1,-82.47018,3477.5,2677.246,0,-1,0,1E-07;
custom,Cylinder,pillar_col,1,2.75,1,1,1,1,1,0.1,0.1,-42.47018,3477.5,2677.246,0,-1,0,1E-07;
custom,Cylinder,pillar_col,1,4.76249,1,1,1,1,1,0.1,0.1,-75.0952,3505,2677.246,0.7071068,-0.7071068,-1E-07,1E-07;
custom,Cylinder,pillar_col,1,2.5,1,1,1,1,1,0.1,0.1,-27.4702,3515,2677.246,0,-1,0,1E-07;
custom,Cylinder,pillar_col,1,4,1,1,1,1,1,0.1,0.1,12.52982,3490,2677.246,0.7071068,-0.7071068,-1E-07,1E-07;
custom,Cylinder,pillar_col,1,1.725,1,1,1,1,1,0.1,0.1,52.52982,3490,2659.996,-1E-07,-0.7071068,-0.7071068,1E-07;
custom,Cylinder,pillar_col,1,2.5,1,1,1,1,1,0.1,0.1,32.52982,3515,2677.246,0,-1,0,1E-07;
custom,Cylinder,pillar_col,1,1.25,1,1,1,1,1,0.1,0.1,52.52982,3477.5,2642.746,0,-1,0,1E-07;
custom,Cylinder,pillar_col,1,1.25,1,1,1,1,1,0.1,0.1,-32.47019,3465,2627.496,0,-1,0,1E-07;
custom,Cylinder,pillar_col,1,1.5,1,1,1,1,1,0.1,0.1,-32.4702,3477.5,2612.496,-1E-07,-0.7071068,-0.7071068,1E-07;
custom,Cylinder,pillar_col,1,2,1,1,1,1,1,0.1,0.1,-32.4702,3517.5,2627.496,0,-1,0,1E-07;
custom,Cylinder,pillar_col,1,5.25,1,1,1,1,1,0.1,0.1,-84.9702,3512.5,2627.496,0.7071068,-0.7071068,-1E-07,1E-07;
custom,Cylinder,pillar_col,1,1.5,1,1,1,1,1,0.1,0.1,-32.4702,3497.5,2612.496,-1E-07,-0.7071068,-0.7071068,1E-07;
custom,Cylinder,pillar_col,1,1,1,1,1,1,1,0.1,0.1,-32.4702,3487.5,2612.246,0,-1,0,1E-07;
custom,Cylinder,pillar_col,1,0.5,1,1,1,1,1,0.1,0.1,52.52982,3460,2612.246,0,-1,0,1E-07;
custom,Cylinder,pillar_col,1,1.5,1,1,1,1,1,0.1,0.1,-242.5002,3512.5,2612.496,-1E-07,-0.7071068,-0.7071068,1E-07;
custom,Cylinder,pillar_col,1,7,1,1,1,1,1,0.1,0.1,-225.0002,3490,2612.246,0.7071068,-0.7071068,-1E-07,1E-07;
custom,Cylinder,pillar_col,1,2.25,1,1,1,1,1,0.1,0.1,-155.0002,3512.5,2612.246,0,-1,0,1E-07;
custom,Cylinder,pillar_col,1,1.25,1,1,1,1,1,0.1,0.1,-169.7597,3477.5,2612.246,0,-1,0,1E-07;
custom,Cylinder,pillar_col,1,1.25,1,1,1,1,1,0.1,0.1,-267.4702,3477.5,2612.246,0,-1,0,1E-07;
custom,Cylinder,pillar_col,1,2.4875,1,1,1,1,1,0.1,0.1,-202.5002,3512.5,2652.371,-1E-07,-0.7071068,-0.7071068,1E-07;
custom,Cylinder,pillar_col,1,3,1,1,1,1,1,0.1,0.1,-212.5002,3512.5,2627.496,0.7071068,-0.7071068,-1E-07,1E-07;
custom,Cylinder,pillar_col,1,1.5,1,1,1,1,1,0.1,0.1,-182.5002,3512.5,2612.496,-1E-07,-0.7071068,-0.7071068,1E-07;
custom,Cylinder,pillar_col,1,2,1,1,1,1,1,0.1,0.1,-204.7592,3470,2627.496,0,-1,0,1E-07;
custom,Cylinder,pillar_col,1,0.7625,1,1,1,1,1,0.1,0.1,-204.7592,3490,2619.871,-1E-07,-0.7071068,-0.7071068,1E-07;
custom,Cylinder,pillar_col,1,4,1,1,1,1,1,0.1,0.1,-137.47,3495,2627.496,0,-1,0,1E-07;
custom,Cylinder,pillar_col,1,4,1,1,1,1,1,0.1,0.1,132.53,3495,2612.246,0,-1,0,1E-07;
custom,Cylinder,pillar_col,1,1.25,1,1,1,1,1,0.1,0.1,145.0297,3512.5,2614.746,-1E-07,-0.7071068,-0.7071068,1E-07;
custom,Cylinder,pillar_col,1,2.5,1,1,1,1,1,0.1,0.1,120.0297,3512.5,2627.246,0.7071068,-0.7071068,-1E-07,1E-07;
custom,Cylinder,pillar_col,1,1.125,1,1,1,1,1,0.1,0.1,95.02975,3523.75,2627.246,0,-1,0,1E-07;
custom,Cylinder,pillar_col,1,4,1,1,1,1,1,0.1,0.1,177.53,3495,2627.496,0,-1,0,1E-07;
custom,Cylinder,pillar_col,1,3,1,1,1,1,1,0.1,0.1,177.53,3512.5,2657.496,-1E-07,-0.7071068,-0.7071068,1E-07;
custom,Cylinder,pillar_col,1,1.75,1,1,1,1,1,0.1,0.1,2.529593,3482.5,2612.246,0,-1,0,1E-07;
custom,Cylinder,pillar_col,1,2,1,1,1,1,1,0.1,0.1,32.78662,3520,2612.246,0,-1,0,1E-07;
custom,Cylinder,pillar_col,1,7.75,1,1,1,1,1,0.1,0.1,130.03,3477.5,2677.246,0.7071068,-0.7071068,-1E-07,1E-07;
custom,Cylinder,pillar_col,1,4,1,1,1,1,1,0.1,0.1,152.5648,3495,2677.246,0,-1,0,1E-07;
custom,Cylinder,pillar_col,1,3,1,1,1,1,1,0.1,0.1,82.56482,3482.5,2677.246,0,-1,0,1E-07;
custom,Cylinder,pillar_col,1,3.5,1,1,1,1,1,0.1,0.1,117.5648,3465,2677.246,0.7071068,-0.7071068,-1E-07,1E-07;
custom,Cylinder,pillar_col,1,1.75,1,1,1,1,1,0.1,0.1,122.5648,3472.5,2662.246,0,-1,0,1E-07;
custom,Cylinder,pillar_col,1,1.525,1,1,1,1,1,0.1,0.1,122.5648,3490,2677.496,-1E-07,-0.7071068,-0.7071068,1E-07;
custom,Cylinder,pillar_col,1,0.625,1,1,1,1,1,0.1,0.1,52.52982,3483.75,2677.246,0,-1,0,1E-07;
custom,Cylinder,pillar_col,1,0.625,1,1,1,1,1,0.1,0.1,82.56482,3512.5,2683.496,-1E-07,-0.7071068,-0.7071068,1E-07;
custom,sphere,pillar_col,0.91,0.91,0.91,1,1,1,1,0.1,0.1,-112.2202,3476.6,2767.246,0,-1,0,1E-07;
custom,sphere,pillar_col,0.91,0.91,0.91,1,1,1,1,0.1,0.1,-124.7202,3464.1,2767.246,0,-1,0,1E-07;
custom,sphere,pillar_col,0.91,0.91,0.91,1,1,1,1,0.1,0.1,-124.7202,3511.6,2767.246,0,-1,0,1E-07;
custom,sphere,pillar_col,0.91,0.91,0.91,1,1,1,1,0.1,0.1,-74.72016,3511.6,2767.246,0,-1,0,1E-07;
custom,sphere,pillar_col,0.91,0.91,0.91,1,1,1,1,0.1,0.1,-99.72002,3476.6,2801.746,0,-1,0,1E-07;
custom,sphere,pillar_col,0.91,0.91,0.91,1,1,1,1,0.1,0.1,-124.72,3501.6,2816.746,0,-1,0,1E-07;
custom,sphere,pillar_col,0.91,0.91,0.91,1,1,1,1,0.1,0.1,-152.2202,3511.6,2816.746,0,-1,0,1E-07;
custom,sphere,pillar_col,0.91,0.91,0.91,1,1,1,1,0.1,0.1,-167.2202,3511.6,2752.246,0,-1,0,1E-07;
custom,sphere,pillar_col,0.91,0.91,0.91,1,1,1,1,0.1,0.1,-139.7202,3487.85,2801.746,0,-1,0,1E-07;
custom,sphere,pillar_col,0.91,0.91,0.91,1,1,1,1,0.1,0.1,-199.7202,3487.85,2801.746,0,-1,0,1E-07;
custom,sphere,pillar_col,0.91,0.91,0.91,1,1,1,1,0.1,0.1,-242.2202,3511.6,2816.746,0,-1,0,1E-07;
custom,sphere,pillar_col,0.91,0.91,0.91,1,1,1,1,0.1,0.1,-259.7201,3476.6,2782.246,0,-1,0,1E-07;
custom,sphere,pillar_col,0.91,0.91,0.91,1,1,1,1,0.1,0.1,-167.2202,3476.6,2782.246,0,-1,0,1E-07;
custom,sphere,pillar_col,0.91,0.91,0.91,1,1,1,1,0.1,0.1,-179.7202,3464.1,2752.246,0,-1,0,1E-07;
custom,sphere,pillar_col,0.91,0.91,0.91,1,1,1,1,0.1,0.1,-222.4752,3476.6,2752.246,0,-1,0,1E-07;
custom,sphere,pillar_col,0.91,0.91,0.91,1,1,1,1,0.1,0.1,-222.4752,3511.6,2752.246,0,-1,0,1E-07;
custom,sphere,pillar_col,0.91,0.91,0.91,1,1,1,1,0.1,0.1,-222.4752,3511.6,2676.746,0,-1,0,1E-07;
custom,sphere,pillar_col,0.91,0.91,0.91,1,1,1,1,0.1,0.1,-222.4752,3476.6,2676.746,0,-1,0,1E-07;
custom,sphere,pillar_col,0.91,0.91,0.91,1,1,1,1,0.1,0.1,-286.9702,3489.1,2634.5,0,-1,0,1E-07;
custom,sphere,pillar_col,0.91,0.91,0.91,1,1,1,1,0.1,0.1,-286.9702,3464.1,2611.746,0,-1,0,1E-07;
custom,sphere,pillar_col,0.91,0.91,0.91,1,1,1,1,0.1,0.1,-259.7202,3464.1,2642.246,0,-1,0,1E-07;
custom,sphere,pillar_col,0.91,0.91,0.91,1,1,1,1,0.1,0.1,-274.7202,3476.6,2712.246,0,-1,0,1E-07;
custom,sphere,pillar_col,0.91,0.91,0.91,1,1,1,1,0.1,0.1,-274.7202,3476.6,2752.246,0,-1,0,1E-07;
custom,sphere,pillar_col,0.91,0.91,0.91,1,1,1,1,0.1,0.1,-259.7202,3494.1,2737.246,0,-1,0,1E-07;
custom,sphere,pillar_col,0.91,0.91,0.91,1,1,1,1,0.1,0.1,-259.7202,3476.6,2692.246,0,-1,0,1E-07;
custom,sphere,pillar_col,0.91,0.91,0.91,1,1,1,1,0.1,0.1,-242.2202,3489.1,2657.496,0,-1,0,1E-07;
custom,sphere,pillar_col,0.91,0.91,0.91,1,1,1,1,0.1,0.1,-207.4402,3464.1,2661.746,0,-1,0,1E-07;
custom,sphere,pillar_col,0.91,0.91,0.91,1,1,1,1,0.1,0.1,-204.4792,3489.1,2626.996,0,-1,0,1E-07;
custom,sphere,pillar_col,0.91,0.91,0.91,1,1,1,1,0.1,0.1,-167.4402,3489.1,2661.746,0,-1,0,1E-07;
custom,sphere,pillar_col,0.91,0.91,0.91,1,1,1,1,0.1,0.1,-182.2202,3511.6,2626.996,0,-1,0,1E-07;
custom,sphere,pillar_col,0.91,0.91,0.91,1,1,1,1,0.1,0.1,-154.7202,3489.1,2611.746,0,-1,0,1E-07;
custom,sphere,pillar_col,0.91,0.91,0.91,1,1,1,1,0.1,0.1,-122.4402,3511.6,2611.746,0,-1,0,1E-07;
custom,sphere,pillar_col,0.91,0.91,0.91,1,1,1,1,0.1,0.1,2.809745,3499.1,2611.746,0,-1,0,1E-07;
custom,sphere,pillar_col,0.91,0.91,0.91,1,1,1,1,0.1,0.1,-99.72519,3476.6,2676.746,0,-1,0,1E-07;
custom,sphere,pillar_col,0.91,0.91,0.91,1,1,1,1,0.1,0.1,-27.19018,3489.1,2676.746,0,-1,0,1E-07;
custom,sphere,pillar_col,0.91,0.91,0.91,1,1,1,1,0.1,0.1,-67.19019,3464.1,2661.746,0,-1,0,1E-07;
custom,sphere,pillar_col,0.91,0.91,0.91,1,1,1,1,0.1,0.1,-32.19019,3476.6,2626.996,0,-1,0,1E-07;
custom,sphere,pillar_col,0.91,0.91,0.91,1,1,1,1,0.1,0.1,52.80982,3489.1,2642.246,0,-1,0,1E-07;
custom,sphere,pillar_col,0.91,0.91,0.91,1,1,1,1,0.1,0.1,52.80982,3489.1,2676.746,0,-1,0,1E-07;
custom,sphere,pillar_col,0.91,0.91,0.91,1,1,1,1,0.1,0.1,82.84482,3511.6,2676.746,0,-1,0,1E-07;
custom,sphere,pillar_col,0.91,0.91,0.91,1,1,1,1,0.1,0.1,122.8448,3489.1,2661.746,0,-1,0,1E-07;
custom,sphere,pillar_col,0.91,0.91,0.91,1,1,1,1,0.1,0.1,52.80982,3476.6,2676.746,0,-1,0,1E-07;
custom,sphere,pillar_col,0.91,0.91,0.91,1,1,1,1,0.1,0.1,-32.19019,3496.6,2626.996,0,-1,0,1E-07;
custom,sphere,pillar_col,0.91,0.91,0.91,1,1,1,1,0.1,0.1,95.30975,3511.6,2626.746,0,-1,0,1E-07;
custom,sphere,pillar_col,0.91,0.91,0.91,1,1,1,1,0.1,0.1,145.3097,3511.6,2626.746,0,-1,0,1E-07;
custom,torus,pillar_col,0.4550001,0.455,0.4550001,1,0.2,0.2,0.2,0.1,0.1,-112.5002,3465,2778.496,-1E-07,-0.7071068,-0.7071068,1E-07;
custom,torus,pillar_col,0.455,0.4549999,0.455,1,0.2,0.2,0.2,0.1,0.1,-67.47018,3475.75,2642.746,0,-1,-1E-07,1E-07;
custom,Cylinder,pillar_col,1,1.25,1,1,1,1,1,0.1,0.1,207.53,3465,2677.246,0,-1,0,1E-07;
custom,sphere,pillar_col,0.91,0.91,0.91,1,1,1,1,0.1,0.1,207.81,3476.6,2676.746,0,-1,0,1E-07;
custom,Cylinder,pillar_col,1,4,1,1,1,1,1,0.1,0.1,250,3495,2702.746,0,-1,0,1E-07;
custom,Cylinder,pillar_col,1,4,1,1,1,1,1,0.1,0.1,280,3495,2662.246,0,-1,0,1E-07;
custom,Cylinder,pillar_col,1,4,1,1,1,1,1,0.1,0.1,250,3495,2627.496,0,-1,0,1E-07;
custom,Cylinder,pillar_col,1,4,1,1,1,1,1,0.1,0.1,230,3495,2662.246,0,-1,0,1E-07;
custom,Cylinder,pillar_col,1,4,1,1,1,1,1,0.1,0.1,230,3495,2712.746,0,-1,0,1E-07;
custom,Cylinder,pillar_col,1,7,1,1,1,1,1,0.1,0.1,250,3490,2670,-1E-07,-0.7071068,-0.7071068,1E-07;
custom,Cylinder,pillar_col,1,1.5,1,1,1,1,1,0.1,0.1,265,3490,2662.246,0,0,-0.7071068,0.7071068;
custom,Cylinder,pillar_col,1,2.5,1,1,1,1,1,0.1,0.1,230,3480,2682.496,0,-1,0,1E-07;
custom,Cylinder,pillar_col,1,1.5,1,1,1,1,1,0.1,0.1,230,3505,2697.496,-1E-07,-0.7071068,-0.7071068,1E-07;
custom,sphere,pillar_col,0.91,0.91,0.91,1,1,1,1,0.1,0.1,230.28,3504.1,2681.996,0,-1,0,1E-07;
custom,Cylinder,pillar_col,1,2,1,1,1,1,1,0.1,0.1,210,3505,2712.746,0,0,-0.7071068,0.7071068;
custom,Cylinder,pillar_col,1,0.5,1,1,1,1,1,0.1,0.1,210,3460,2662.246,0,-1,0,1E-07;
custom,Cylinder,pillar_col,1,1,1,1,1,1,1,0.1,0.1,220,3465,2662.246,0.7071068,-0.7071068,-1E-07,1E-07;
custom,sphere,pillar_col,0.91,0.91,0.91,1,1,1,1,0.1,0.1,210.28,3464.1,2661.746,0,-1,0,1E-07;
custom,Cylinder,pillar_col,1,4,1,1,1,1,1,0.1,0.1,280,3495,2722.746,0,-1,0,1E-07;
custom,Cylinder,pillar_col,1,4,1,1,1,1,1,0.1,0.1,280,3477.5,2702.246,-1E-07,-0.7071068,-0.7071068,1E-07;
custom,Cylinder,pillar_col,1,4.8735,1,1,1,1,1,0.1,0.1,226.265,3502.5,2627.496,0.7071068,-0.7071068,-1E-07,1E-07;
custom,Cylinder,pillar_col,1,1.5,1,1,1,1,1,0.1,0.1,275,3502.5,2612.496,-1E-07,-0.7071068,-0.7071068,1E-07;
custom,sphere,pillar_col,0.91,0.91,0.91,1,1,1,1,0.1,0.1,275.28,3501.6,2626.996,0,-1,0,1E-07;
custom,Cylinder,pillar_col,1,2.5,1,1,1,1,1,0.1,0.1,275,3477.5,2627.496,0,-1,0,1E-07;
custom,Cylinder,pillar_col,1,3.25,1,1,1,1,1,0.1,0.1,207.53,3477.5,2709.746,-1E-07,-0.7071068,-0.7071068,1E-07;
custom,Cylinder,pillar_col,1,2.4875,1,1,1,1,1,0.1,0.1,177.53,3477.5,2652.371,-1E-07,-0.7071068,-0.7071068,1E-07;
custom,Cylinder,pillar_col,1,1.5,1,1,1,1,1,0.1,0.1,177.53,3520,2612.496,-1E-07,-0.7071068,-0.7071068,1E-07;
custom,sphere,pillar_col,0.91,0.91,0.91,1,1,1,1,0.1,0.1,-139.7202,3464.1,2801.746,0,-1,0,1E-07;
custom,sphere,pillar_col,0.91,0.91,0.91,1,1,1,1,0.1,0.1,-199.7202,3464.1,2801.746,0,-1,0,1E-07;
custom,Cylinder,pillar_col,1,1.1875,1,1,1,1,1,0.1,0.1,-140,3476.875,2802.246,0,-1,0,1E-07;
custom,Cylinder,pillar_col,1,6.5,1,1,1,1,1,0.1,0.1,67.5297,3500,2612.246,0.7071068,-0.7071068,-1E-07,1E-07;
custom,Cylinder,wagontex,0.1,10.5,0.1,0,1,1,1,-0.5,0.5,195,3385.5,3088,0,0,-0.7071067,0.7071068;
custom,Cylinder,wagontex,0.1,10.5,0.1,0,1,1,1,-0.5,0.5,195,3387,3088,0,0,-0.7071067,0.7071068;
custom,Cylinder,wagontex,0.1,10.5,0.1,0,1,1,1,-0.5,0.5,195,3388.5,3088,0,0,-0.7071067,0.7071068;
custom,Cylinder,wagontex,0.1,10.5,0.1,0,1,1,1,-0.5,0.5,195,3391.75,3184,0,0,0.7071068,0.7071068;
custom,Cylinder,wagontex,0.1,10.5,0.1,0,1,1,1,-0.5,0.5,195,3393.25,3182.5,0,0,0.7071068,0.7071068;
custom,Cylinder,wagontex,0.1,10.5,0.1,0,1,1,1,-0.5,0.5,195,3394.75,3181,0,0,0.7071068,0.7071068;
custom,Cylinder,wagontex,0.1,9.500002,0.1,0,1,1,1,-0.5,0.5,285,3426.5,3100,-0.7071068,0,0,0.7071068;
custom,Cylinder,wagontex,0.1,9.500002,0.1,0,1,1,1,-0.5,0.5,285,3428,3100,-0.7071068,0,0,0.7071068;
custom,Cylinder,wagontex,0.1,9.500002,0.1,0,1,1,1,-0.5,0.5,285,3429.5,3100,-0.7071068,0,0,0.7071068;
custom,Cylinder,wagontex,0.15,4.5,0.15,0,1,1,1,-0.5,0.5,245,3400,3115,-0.0868241,0.0075961,-0.0868241,0.9924039;
custom,Cylinder,wagontex,0.15,4.5,0.15,0,1,1,1,-0.5,0.5,246.4095,3400,3095,0,0,-0.1736482,0.9848078;
custom,Cylinder,wagontex,0.15,4.5,0.15,0,1,1,1,-0.5,0.5,285,3400,3080,0,0,0.1305262,0.9914449;
custom,Cylinder,wagontex,0.2,10.5,0.2,0,1,1,1,-0.5,0.5,195,3420,3038,0,0,-0.7071068,0.7071068;
custom,Cylinder,wagontex,0.2,10.5,0.2,0,1,1,1,-0.5,0.5,195,3420,3041,0,0,-0.7071068,0.7071068;
custom,Cylinder,wagontex,0.2,10.5,0.2,0,1,1,1,-0.5,0.5,195,3420,3044,0,0,-0.7071068,0.7071068;
custom,Cylinder,wagontex,0.2,4,0.2,0,1,1,1,-0.5,0.5,165,3400,3125,0,0,0,1;
custom,Cylinder,wagontex,0.2,4,0.2,0,1,1,1,-0.5,0.5,195,3400,3115,0,0,0,1;
custom,Cylinder,wagontex,0.2,4,0.2,0,1,1,1,-0.5,0.5,205,3400,3135,0,0,0,1;
custom,Cylinder,wagontex,0.2,6,0.2,0,1,1,1,-0.5,0.5,115,3400,3136,-0.3420202,0,0,0.9396927;
custom,Cylinder,wagontex,0.2,6,0.2,0,1,1,1,-0.5,0.5,115,3400,3140,-0.3420202,0,0,0.9396927;

custom,boulder1,rock1,1.4,1.7,1.55,1,0.5,1,0.7,-0.1,-0.1,-1347.336,4092.631,3546.47,0.0246839,0.4465051,-0.8034375,-0.3930803;
custom,boulder1,rock1,1.65,1.8,1.700001,1,0.5,1,0.6,-0.1,-0.1,-1269.057,4057.772,3346.759,-0.2662074,-0.9460151,-0.1061675,-0.1513856;
custom,boulder1,rock1,1.8,1.7,2,1,0.5,0.9,0.7,-0.1,-0.1,-440.6734,3569.392,2079.27,-0.1361519,-0.1327969,-0.1711029,0.966722;
custom,boulder1,rock1,1.95,1.85,1.6,1,0.5,1,0.7,-0.1,-0.1,-69.00243,3420,2109.913,-0.06601724,0.0484567,0.05817273,0.994942;
custom,boulder1,rock2,1.45,1.5,1.7,1,0.5,1,0.7,-0.1,-0.1,-1422.709,4067.047,3487.384,0.0051415,-0.6727342,-0.527564,-0.5187277;
custom,boulder1,rock2,1.7,1.8,1.85,1,0.6,0.9,0.6,-0.1,-0.1,-747.1312,3732.545,2344.846,-0.6537943,-0.2926948,0.0933104,0.6915027;
custom,boulder1,rock2,1.8,1.6,1.6,1,0.5,0.9,0.7,-0.1,-0.1,-166.4478,3534.661,2215.007,-0.0612861,-0.1174138,-0.2124326,0.9681583;
custom,boulder1,rock2,1.8,1.85,1.6,1,0.6,1,0.7,-0.1,-0.1,-379.2972,3498.123,2230.128,0.3538534,0.5827414,0.7308466,-0.0326117;
custom,boulder1,rock2,2,1.7,1.65,1,0.6,1,0.7,-0.1,-0.1,-491.4897,3559.334,2279.944,0.3538534,0.5827414,0.7308466,-0.0326117;
custom,boulder2,rock1,1.6,1.6,1.65,1,0.6,0.9,0.7,-0.1,-0.1,-694.2208,3685.441,2472.2,-0.6537943,-0.2926948,0.0933104,0.6915027;
custom,boulder2,rock1,1.6,1.800001,1.850001,1,0.6,1,0.6,-0.1,-0.1,-944.1597,3774.953,2627.743,0.9482376,0.1700023,-0.0159607,0.2677499;
custom,boulder2,rock1,1.85,1.85,1.65,1,0.5,0.9,0.7,-0.1,-0.1,-1093.505,3959.804,3087.807,0.190052,0.6720172,0.2205666,0.6808991;
custom,boulder2,rock1,1.95,1.8,1.75,1,0.6,1,0.6,-0.1,-0.1,-1174.817,3881.442,2983.635,-0.6630277,-0.7248931,-0.1012899,-0.1570498;
custom,boulder2,rock2,1.65,1.600001,1.800001,1,0.6,1,0.7,-0.1,-0.1,-596.4746,3701.053,2333.385,-0.5974451,-0.3345307,-0.7284538,-0.0224418;
custom,boulder2,rock2,1.7,1.85,1.7,1,0.5,1,0.6,-0.1,-0.1,-984.3369,3829.653,2932.741,0.5229282,-0.2393525,-0.2530839,0.7779492;
custom,boulder2,rock2,1.7,1.8,1.6,1,0.6,1,0.7,-0.1,-0.1,-819.046,3745.26,2690.091,0.5381922,-0.3124986,0.7417456,0.2500146;
custom,boulder2,rock2,1.7,1.650001,1.800001,1,0.6,0.9,0.6,-0.1,-0.1,-1024.619,3777.301,2763.836,0.5360416,-0.0194445,0.8178443,-0.2083558;
custom,boulder2,rock2,1.9,1.75,1.75,1,0.6,1,0.6,-0.1,-0.1,15.81959,3458.34,2196.964,-0.0917041,-0.1762157,-0.3188737,0.926746;
custom,boulder2,rock2,2,1.85,1.9,1,0.5,0.9,0.6,-0.1,-0.1,-848.4311,3761.095,2488.186,-0.021873,0.8927205,0.223863,0.3904576;
custom,boulder2,rock2,2,1.85,1.8,1,0.5,1,0.7,-0.1,-0.1,-1186.448,3968.007,3190.802,0.0823924,0.5279807,-0.8089948,0.2448987;
custom,boulder3,cannonregionmat,1.31,4.01,1.81,0,1,1,1,-0.1,-0.1,-1370.521,4155.969,3498.891,0,0.7806331,0,-0.6249896;
custom,boulder3,cannonregionmat,1.41,5.01,2.01,0,1,1,1,-0.1,-0.1,-1369.428,4150.474,3498.362,0,0.989165,0,0.1468081;
custom,boulder3,crystal1,1.3,4,1.8,0,1,1,1,-0.1,-0.1,-1370.521,4155.969,3498.891,0,0.7806331,0,-0.6249896;
custom,boulder3,crystal1,1.4,5,2,0,1,1,1,-0.1,-0.1,-1369.428,4150.474,3498.362,0,0.989165,0,0.1468081;
custom,boulder3,rock1,1.6,1.850001,2,1,0.5,1,0.7,-0.1,-0.1,-607.9875,3581.156,2205.304,-0.5974451,-0.3345307,-0.7284538,-0.0224418;
custom,boulder3,rock1,1.65,2,1.7,1,0.5,1,0.6,-0.1,-0.1,-915.7098,3904.132,2816.345,0.5470489,0.2244188,-0.1936493,0.7828625;
custom,boulder3,rock1,1.9,1.75,1.65,1,0.6,0.9,0.6,-0.1,-0.1,-281.3838,3471.511,2102.798,0.2914975,-0.0020607,0.0713486,0.9539048;
custom,boulder3,rock1,1.95,1.65,1.95,1,0.5,1,0.7,-0.1,-0.1,-1390.079,4092.447,3345.474,-0.3679535,-0.470783,-0.1208601,0.7926958;
custom,boulder3,rock2,1.5,1.55,1.6,1,0.5,1,0.7,-0.1,-0.1,-1318.295,4066.794,3462.498,0.0051415,-0.6727342,-0.527564,-0.5187277;
custom,boulder3,rock2,1.6,1.9,2,1,0.6,0.9,0.6,-0.1,-0.1,-563.8938,3694.715,2177.377,0.1915522,0.1767067,-0.2224265,0.9394727;
custom,boulder3,rock2,1.8,2.000001,1.800001,1,0.6,1,0.6,-0.1,-0.1,-844.2719,3871.734,2588.892,0.9482376,0.1700023,-0.0159607,0.2677499;
custom,boulder3,rock2,1.950001,1.9,1.650001,1,0.6,1,0.7,-0.1,-0.1,-1330.68,4016.182,3181.132,-0.2662074,-0.9460151,-0.1061675,-0.1513856;


custom,checkpointarc180,cannonregionmat,-1,0.1,6.5,0,1,1,1,1,1,-127.5,3320,3090,1,0,0,0;
custom,checkpointarc180,cannonregionmat,-1,0.1,6.5,0,1,1,1,1,1,-127.5,3340,3090,1,0,0,0;
custom,checkpointarc180,cannonregionmat,-1,0.1,8,0,1,1,1,1,1,-5.000005,3320,3112.5,-0.7071068,-1E-07,-0.7071068,1E-07;
custom,checkpointarc180,cannonregionmat,-1,0.1,8,0,1,1,1,1,1,-5.000005,3340,3112.5,-0.7071068,-1E-07,-0.7071068,1E-07;
custom,checkpointarc180,cannonregionmat,-2,0.1,11,0,1,1,1,1,1,115,3320,2697.5,-0.7071068,-1E-07,-0.7071068,1E-07;
custom,checkpointarc180,cannonregionmat,-2,0.1,11,0,1,1,1,1,1,115,3340,2697.5,-0.7071068,-1E-07,-0.7071068,1E-07;
custom,checkpointarc180,cannonregionmat,-2,0.1,11,0,1,1,1,1,1,195,3320,2777.5,-0.7071068,-1E-07,-0.7071068,1E-07;
custom,checkpointarc180,cannonregionmat,-2,0.1,11,0,1,1,1,1,1,195,3340,2777.5,-0.7071068,-1E-07,-0.7071068,1E-07;
custom,checkpointarc180,cannonregionmat,-2,0.1,13,0,1,1,1,1,1,-122.5,3320,2895,1,0,0,0;
custom,checkpointarc180,cannonregionmat,-2,0.1,13,0,1,1,1,1,1,-122.5,3340,2895,1,0,0,0;
custom,checkpointarc180,cannonregionmat,-2,0.1,13,0,1,1,1,1,1,237.5,3320,2975,1,0,0,0;
custom,checkpointarc180,cannonregionmat,-2,0.1,13,0,1,1,1,1,1,237.5,3340,2975,1,0,0,0;
custom,checkpointarc180,cannonregionmat,-2,0.1,14,0,1,1,1,1,1,5,3320,3037.5,-0.7071068,-1E-07,-0.7071068,1E-07;
custom,checkpointarc180,cannonregionmat,-2,0.1,14,0,1,1,1,1,1,5,3340,3037.5,-0.7071068,-1E-07,-0.7071068,1E-07;
custom,checkpointarc180,cannonregionmat,-2,0.1,14,0,1,1,1,1,1,84.99999,3320,2957.5,-0.7071068,-1E-07,-0.7071068,1E-07;
custom,checkpointarc180,cannonregionmat,-2,0.1,14,0,1,1,1,1,1,84.99999,3340,2957.5,-0.7071068,-1E-07,-0.7071068,1E-07;
custom,checkpointarc180,cannonregionmat,-2,0.1,21,0,1,1,1,1,1,-202.5,3320,2895,1,0,0,0;
custom,checkpointarc180,cannonregionmat,-2,0.1,21,0,1,1,1,1,1,-202.5,3340,2895,1,0,0,0;
custom,checkpointarc180,cannonregionmat,-2,0.1,30,0,1,1,1,1,1,-3.81E-05,3320,2617.5,-0.7071068,-1E-07,-0.7071068,1E-07;
custom,checkpointarc180,cannonregionmat,-2,0.1,30,0,1,1,1,1,1,-3.81E-05,3340,2617.5,-0.7071068,-1E-07,-0.7071068,1E-07;
custom,checkpointarc180,cannonregionmat,-2,0.1,30,0,1,1,1,1,1,-282.5,3320,2900,0,0,0,1;
custom,checkpointarc180,cannonregionmat,-2,0.1,30,0,1,1,1,1,1,-282.5,3340,2900,0,0,0,1;
custom,checkpointarc180,cannonregionmat,-2,0.1,8,0,1,1,1,1,1,-135,3320,2697.5,-0.7071068,-1E-07,-0.7071068,1E-07;
custom,checkpointarc180,cannonregionmat,-2,0.1,8,0,1,1,1,1,1,-135,3340,2697.5,-0.7071068,-1E-07,-0.7071068,1E-07;
custom,checkpointarc180,cannonregionmat,-2,0.1,8,0,1,1,1,1,1,17.5,3320,2765,1,0,0,0;
custom,checkpointarc180,cannonregionmat,-2,0.1,8,0,1,1,1,1,1,17.5,3340,2765,1,0,0,0;
custom,checkpointarc180,cannonregionmat,1,0.1,10.5,0,1,1,1,1,1,-30.00001,3320,3147.5,-0.7071068,-1E-07,-0.7071068,1E-07;
custom,checkpointarc180,cannonregionmat,1,0.1,10.5,0,1,1,1,1,1,-30.00001,3340,3147.5,-0.7071068,-1E-07,-0.7071068,1E-07;
custom,checkpointarc180,cannonregionmat,1,0.1,2.5,0,1,1,1,1,1,70,3320,3132.5,0,0,0,1;
custom,checkpointarc180,cannonregionmat,1,0.1,2.5,0,1,1,1,1,1,70,3340,3132.5,0,0,0,1;
custom,checkpointarc180,cannonregionmat,2,0.1,11,0,1,1,1,1,1,115,3320,2832.5,-0.7071068,-1E-07,-0.7071068,1E-07;
custom,checkpointarc180,cannonregionmat,2,0.1,11,0,1,1,1,1,1,115,3340,2832.5,-0.7071068,-1E-07,-0.7071068,1E-07;
custom,checkpointarc180,cannonregionmat,2,0.1,11,0,1,1,1,1,1,195,3320,2752.5,-0.7071068,-1E-07,-0.7071068,1E-07;
custom,checkpointarc180,cannonregionmat,2,0.1,11,0,1,1,1,1,1,195,3340,2752.5,-0.7071068,-1E-07,-0.7071068,1E-07;
custom,checkpointarc180,cannonregionmat,2,0.1,13,0,1,1,1,1,1,-67.5,3320,2815,1,0,0,0;
custom,checkpointarc180,cannonregionmat,2,0.1,13,0,1,1,1,1,1,-67.5,3340,2815,1,0,0,0;
custom,checkpointarc180,cannonregionmat,2,0.1,14,0,1,1,1,1,1,5,3320,3012.5,-0.7071068,-1E-07,-0.7071068,1E-07;
custom,checkpointarc180,cannonregionmat,2,0.1,14,0,1,1,1,1,1,5,3340,3012.5,-0.7071068,-1E-07,-0.7071068,1E-07;
custom,checkpointarc180,cannonregionmat,2,0.1,15.5,0,1,1,1,1,1,70.00002,3320,3092.5,-0.7071068,-1E-07,-0.7071068,1E-07;
custom,checkpointarc180,cannonregionmat,2,0.1,15.5,0,1,1,1,1,1,70.00002,3340,3092.5,-0.7071068,-1E-07,-0.7071068,1E-07;
custom,checkpointarc180,cannonregionmat,2,0.1,16.75,0,1,1,1,1,1,282.5,3320,2935,0,0,0,1;
custom,checkpointarc180,cannonregionmat,2,0.1,16.75,0,1,1,1,1,1,282.5,3340,2935,0,0,0,1;
custom,checkpointarc180,cannonregionmat,2,0.1,21,0,1,1,1,1,1,-227.5,3320,2895,1,0,0,0;
custom,checkpointarc180,cannonregionmat,2,0.1,21,0,1,1,1,1,1,-227.5,3340,2895,1,0,0,0;
custom,checkpointarc180,cannonregionmat,2,0.1,21.1,0,1,1,1,1,1,-147.5,3320,2976,1,0,0,0;
custom,checkpointarc180,cannonregionmat,2,0.1,21.1,0,1,1,1,1,1,-147.5,3340,2976,1,0,0,0;
custom,checkpointarc180,cannonregionmat,2,0.1,22,0,1,1,1,1,1,5.000038,3320,2672.5,-0.7071068,-1E-07,-0.7071068,1E-07;
custom,checkpointarc180,cannonregionmat,2,0.1,22,0,1,1,1,1,1,5.000038,3340,2672.5,-0.7071068,-1E-07,-0.7071068,1E-07;
custom,checkpointarc180,cannonregionmat,2,0.1,8,0,1,1,1,1,1,212.5,3320,3025,1,0,0,0;
custom,checkpointarc180,cannonregionmat,2,0.1,8,0,1,1,1,1,1,212.5,3340,3025,1,0,0,0;
custom,checkpointarc180,cannonregionmat,2,0.1,8,0,1,1,1,1,1,282.5,3320,2682.5,0,0,0,1;
custom,checkpointarc180,cannonregionmat,2,0.1,8,0,1,1,1,1,1,282.5,3340,2682.5,0,0,0,1;
custom,checkpointarc180,cannonregionmat,2,0.1,8.5,0,1,1,1,1,1,-217.5,3320,3172.5,-0.7071068,-1E-07,-0.7071068,1E-07;
custom,checkpointarc180,cannonregionmat,2,0.1,8.5,0,1,1,1,1,1,-217.5,3340,3172.5,-0.7071068,-1E-07,-0.7071068,1E-07;
custom,cuboid,WoodPlanksBeamed0010_S,0.8,0.8000001,0.8,1,1,0.875,0.875,-0.1,-0.1,123.4189,3411.312,2779.965,0.2986017,-0.083624,-0.9343912,0.1753772;
custom,cuboid,WoodPlanksBeamed0010_S,1,1,1,1,1,0.875,0.875,-0.1,-0.1,129.9842,3345.813,2437.271,-0.0479778,0.5828023,0.0990956,0.8051209;
custom,cuboid,WoodPlanksBeamed0010_S,1,1,1,1,1,0.875,0.875,-0.1,-0.1,145.4869,3367.66,2667.031,-0.3571009,0.0791401,-0.1524671,0.9181338;
custom,cuboid,WoodPlanksBeamed0010_S,1,1,1,1,1,0.875,0.875,-0.1,-0.1,164.2525,3371.063,2809.782,-0.7186378,0.4860967,-0.4937491,-0.0590054;
custom,cuboid,WoodPlanksBeamed0010_S,1.2,1.2,1,1,1,0.875,0.875,-0.1,-0.1,143.4045,3412.314,2890.849,0.4018667,-0.8570088,-0.2515437,0.2019031;
custom,cuboid,WoodPlanksBeamed0010_S,1.5,1,1,1,1,0.875,0.875,-0.1,-0.1,252.6421,3366.857,2615.499,0.1716954,-0.6482754,-0.0642961,0.7390032;
custom,cuboid,WoodPlanksBeamed0010_S,1.5,1.5,1.5,1,1,0.875,0.875,-0.1,-0.1,140.8486,3406.949,2775.094,-0.5324124,-0.1491166,-0.8056221,0.2127775;
custom,cuboid,WoodPlanksBeamed0010_S,1.5,1.5,1.5,1,1,0.875,0.875,-0.1,-0.1,195.3584,3382.346,2634.45,-0.0828202,0.2881319,-0.5349512,0.7899039;
custom,cuboid,WoodPlanksBeamed0010_S,1.5,1.5,1.5,1,1,0.875,0.875,-0.1,-0.1,255.2057,3372.39,2787.961,-0.3571009,0.0791401,-0.1524671,0.9181338;
custom,cuboid,WoodPlanksBeamed0010_S,1.5,1.5,1.500001,1,1,0.875,0.875,-0.1,-0.1,147.5029,3403.24,2653.76,-0.7627742,-0.5725279,-0.0992105,0.2838039;
custom,cuboid,WoodPlanksBeamed0010_S,1.5,1.5,2,1,1,0.875,0.875,-0.1,-0.1,162.293,3385.335,2546.427,-0.5994706,0.6023344,-0.3065317,0.4287968;
custom,cuboid,WoodPlanksBeamed0010_S,1.5,1.5,2,1,1,0.875,0.875,-0.1,-0.1,180.1437,3415.122,2819.25,-0.4799649,-0.2732947,0.6235284,0.5533137;
custom,cuboid,WoodPlanksBeamed0010_S,1.5,1.5,2,1,1,0.875,0.875,-0.1,-0.1,194.3149,3386.665,2682.391,0.2060368,0.2177798,-0.9521649,-0.0591848;
custom,cuboid,WoodPlanksBeamed0010_S,1.5,1.5,2,1,1,0.875,0.875,-0.1,-0.1,210.6264,3395.934,2754.528,0.5423104,-0.4790642,-0.5464628,0.4216343;
custom,cuboid,WoodPlanksBeamed0010_S,1.5,1.5,2,1,1,0.875,0.875,-0.1,-0.1,246.549,3379.51,2572.714,-0.7006067,0.1176756,0.5253224,0.4683367;
custom,cuboid,WoodPlanksBeamed0010_S,1.5,1.5,2,1,1,0.875,0.875,-0.1,-0.1,250.813,3411.008,2862.311,-0.4799649,-0.2732947,0.6235284,0.5533137;
custom,cuboid,WoodPlanksBeamed0010_S,2,1.5,2,1,1,0.875,0.875,-0.1,-0.1,193.6457,3415.723,2662.359,0.1027519,0.2797358,-0.5038141,0.8107782;
custom,cuboid,WoodPlanksBeamed0010_S,2,1.5,2,1,1,0.875,0.875,-0.1,-0.1,204.2525,3375.71,2828.663,0.2839749,-0.9005723,-0.2886686,-0.1581083;
custom,cuboid,WoodPlanksBeamed0010_S,2,1.5,2,1,1,0.875,0.875,-0.1,-0.1,204.2525,3401.063,2859.782,0.2839749,-0.9005723,-0.2886686,-0.1581083;
custom,cuboid,WoodPlanksBeamed0010_S,2,1.5,2,1,1,0.875,0.875,-0.1,-0.1,217.5018,3376.928,2963.788,0.0566503,-0.9881256,-0.1315959,-0.0555072;
custom,cuboid,WoodPlanksBeamed0010_S,2,1.5,2,1,1,0.875,0.875,-0.1,-0.1,222.764,3361.909,2492.617,-0.2439624,-0.4870803,0.272166,0.7931966;
custom,cuboid,WoodPlanksBeamed0010_S,2,1.5,2,1,1,0.875,0.875,-0.1,-0.1,238.2667,3383.755,2736.259,-0.336417,-0.5656034,-0.2235279,0.7189935;
custom,cuboid,WoodPlanksBeamed0010_S,2,1.5,2,1,1,0.875,0.875,-0.1,-0.1,250.3814,3404.356,2913.905,-0.7600262,-0.4801492,0.3295669,0.2884486;
custom,cuboid,WoodPlanksBeamed0010_S,2,1.5,2.000001,1,1,0.875,0.875,-0.1,-0.1,135.8174,3416.526,2956.997,-0.8128785,0.3746746,-0.3916165,0.2132702;
custom,cuboid,WoodPlanksBeamed0010_S,2,1.500001,2,1,1,0.875,0.875,-0.1,-0.1,137.1491,3376.716,2822.998,-0.458996,0.1315963,-0.7019482,0.5284637;
custom,cuboid,WoodPlanksBeamed0010_S,2,2,2,1,1,0.875,0.875,-0.1,-0.1,126.7984,3381.86,2787.43,-0.1319752,0.9813305,0.1240323,0.0647223;
custom,cuboid,WoodPlanksBeamed0010_S,2,2,2,1,1,0.875,0.875,-0.1,-0.1,260.4105,3373.665,2707.86,-0.8089612,0.531396,-0.182202,0.1732125;
custom,cuboid,WoodPlanksBeamed0010_S,3,1.5,3,1,1,0.875,0.875,-0.1,-0.1,146.0783,3381.508,2885.705,-0.5615879,0.380048,-0.6945428,0.2404014;
custom,cuboid,bombtex,0.2,1.4,0.2,1,0.375,0.875,0.375,1,7,-230,3385,2655,-0.5,-0.5,-0.5,0.5;
custom,cuboid,bombtex,0.2,11,0.2,1,0.375,0.875,0.375,1,55,-230,3385,2611.665,-0.5,-0.5,-0.5,0.5;
custom,cuboid,bombtex,0.2,11,0.2,1,0.375,0.875,0.375,1,55,-230,3405,2623.315,0.6532322,-0.6532322,-0.2707171,-0.2707171;
custom,cuboid,bombtex,0.2,3.6,0.2,1,0.375,0.875,0.375,1,18,-230,3405,2643.4,0.6532322,-0.6532322,-0.2707171,-0.2707171;
custom,cuboid,bombtex,0.2,44,0.2,1,0.375,0.875,0.375,1,220,-223,3385,2875,-0.7071068,0,0,0.7071068;
custom,cuboid,bombtex,0.2,44,0.2,1,0.375,0.875,0.375,1,220,-237,3385,2875,-0.7071068,0,0,0.7071068;
custom,cuboid,bombtex,0.2,45,0.2,1,0.375,0.875,0.375,1,220,-211.35,3405,2870,0.6533308,0.270479,0.270479,0.6533308;
custom,cuboid,bombtex,0.2,45,0.2,1,0.375,0.875,0.375,1,220,-248.65,3405,2870,0.6533308,0.270479,0.270479,0.6533308;
custom,cuboid,bombtex,0.2,49,0.2,1,0.375,0.875,0.375,1,245,-177,3385,2850,-0.7071068,0,0,0.7071068;
custom,cuboid,bombtex,0.2,49,0.2,1,0.375,0.875,0.375,1,245,-188.65,3405,2850,0.6533308,0.270479,0.270479,0.6533308;
custom,cuboid,bombtex,0.2,49,0.2,1,0.375,0.875,0.375,1,245,-271.35,3405,2850,0.6533308,0.270479,0.270479,0.6533308;
custom,cuboid,bombtex,0.2,49,0.2,1,0.375,0.875,0.375,1,245,-283,3385,2850,-0.7071068,0,0,0.7071068;
custom,cuboid,bombtex,0.1,19,0.4,0,1,1,1,0,0,285,3428,3100,-0.7071068,0,0,0.7071068;
custom,cuboid,bombtex,0.2,12,0.5,0,1,1,1,0,0,115,3400,3138,-0.3420202,0,0,0.9396927;
custom,cuboid,bombtex,0.2,21,0.8,0,1,1,1,0,0,195,3420,3041,0,0,-0.7071068,0.7071068;
custom,cuboid,bombtex,0.4,21,0.1,0,1,1,1,0,0,195,3387,3088,0,0,-0.7071067,0.7071068;
custom,cuboid,bombtex,21,0.5,0.1,0,1,1,1,0,0,195,3393.25,3182.5,-0.382515,0,0,0.9239493;
custom,cuboid,cannonregionmat,0.6,4,0.6,1,1,0.5,0.31,0.06,0.06,-135,3330,2765,0,0,0,1;
custom,cuboid,cannonregionmat,0.6,4,0.6,1,1,0.5,0.31,0.06,0.06,-135,3330,2895,0,0,0,1;
custom,cuboid,cannonregionmat,0.6,4,0.6,1,1,0.5,0.31,0.06,0.06,-135,3330,3025,0,0,0,1;
custom,cuboid,cannonregionmat,0.6,4,0.6,1,1,0.5,0.31,0.06,0.06,-135,3330,3155,0,0,0,1;
custom,cuboid,cannonregionmat,0.6,4,0.6,1,1,0.5,0.31,0.06,0.06,-215,3330,2685,0,0,0,1;
custom,cuboid,cannonregionmat,0.6,4,0.6,1,1,0.5,0.31,0.06,0.06,-215,3330,2825,0,0,0,1;
custom,cuboid,cannonregionmat,0.6,4,0.6,1,1,0.5,0.31,0.06,0.06,-215,3330,2965,0,0,0,1;
custom,cuboid,cannonregionmat,0.6,4,0.6,1,1,0.5,0.31,0.06,0.06,-215,3330,3105,0,0,0,1;
custom,cuboid,cannonregionmat,0.6,4,0.6,1,1,0.5,0.31,0.06,0.06,-55,3330,2685,0,0,0,1;
custom,cuboid,cannonregionmat,0.6,4,0.6,1,1,0.5,0.31,0.06,0.06,-55,3330,2815,0,0,0,1;
custom,cuboid,cannonregionmat,0.6,4,0.6,1,1,0.5,0.31,0.06,0.06,-55,3330,2945,0,0,0,1;
custom,cuboid,cannonregionmat,0.6,4,0.6,1,1,0.5,0.31,0.06,0.06,-85,3330,3105,0,0,0,1;
custom,cuboid,cannonregionmat,0.6,4,0.6,1,1,0.5,0.31,0.06,0.06,145,3330,3025,0,0,0,1;
custom,cuboid,cannonregionmat,0.6,4,0.6,1,1,0.5,0.31,0.06,0.06,225,3330,2685,0,0,0,1;
custom,cuboid,cannonregionmat,0.6,4,0.6,1,1,0.5,0.31,0.06,0.06,225,3330,2845,0,0,0,1;
custom,cuboid,cannonregionmat,0.6,4,0.6,1,1,0.5,0.31,0.06,0.06,225,3330,2945,0,0,0,1;
custom,cuboid,cannonregionmat,0.6,4,0.6,1,1,0.5,0.31,0.06,0.06,225,3330,3105,0,0,0,1;
custom,cuboid,cannonregionmat,0.6,4,0.6,1,1,0.5,0.31,0.06,0.06,5,3330,2685,0,0,0,1;
custom,cuboid,cannonregionmat,0.6,4,0.6,1,1,0.5,0.31,0.06,0.06,5,3330,2845,0,0,0,1;
custom,cuboid,cannonregionmat,0.6,4,0.6,1,1,0.5,0.31,0.06,0.06,5,3330,3025,0,0,0,1;
custom,cuboid,cannonregionmat,0.6,4,0.6,1,1,0.5,0.31,0.06,0.06,5,3330,3155,0,0,0,1;
custom,cuboid,cannonregionmat,0.6,4,0.6,1,1,0.5,0.31,0.06,0.06,55,3330,3105,0,0,0,1;
custom,cuboid,cannonregionmat,0.6,4,0.6,1,1,0.5,0.31,0.06,0.06,85,3330,2765,0,0,0,1;
custom,cuboid,cannonregionmat,15,0.3,6.8,1,1,1,1,1.5,0.68,195,3324,2579,-0.7071068,0,0,0.7071068;
custom,cuboid,cannonregionmat,16.5,0.3,64,1,1,1,1,1.65,6.4,321,3372.5,2900,0,0,-0.7071068,0.7071068;
custom,cuboid,cannonregionmat,17,0.3,51.5,1,1,1,1,1.7,5.15,321,3540,2962.5,0,0,-0.7071068,0.7071068;
custom,cuboid,cannonregionmat,17.5,0.3,12,1,1,1,1,1.75,1.2,-112.5,3931,3160,0,0,0,1;
custom,cuboid,cannonregionmat,2,6,2,1,1,0.5,0.31,0.05,0.05,-40,3390,2730,0,0,0,1;
custom,cuboid,cannonregionmat,2,6,2,1,1,0.5,0.31,0.05,0.05,-40,3390,2730,0,0.3826834,0,0.9238796;
custom,cuboid,cannonregionmat,20,0.3,49,1,1,1,1,2,4.9,220,3685,2579,-0.7071068,0,0,0.7071068;
custom,cuboid,cannonregionmat,25.5,0.3,51.5,1,1,1,1,2.55,5.15,321,3802.5,2962.5,0,0,-0.7071068,0.7071068;
custom,cuboid,cannonregionmat,29.5,0.3,52,1,1,1,1,2.95,5.2,-172.5,3931,2840,0,0,0,1;
custom,cuboid,cannonregionmat,29.5,0.3,64,1,1,1,1,2.95,6.4,-172.5,3289,2900,0,0,0,1;
custom,cuboid,cannonregionmat,29.5,0.3,64,1,1,1,1,2.95,6.4,172.5,3289,2900,0,0,0,1;
custom,cuboid,cannonregionmat,29.5,0.3,64,1,1,1,1,2.95,6.4,172.5,3931,2900,0,0,0,1;
custom,cuboid,cannonregionmat,4,0.3,12,1,1,1,1,0.4,1.2,-300,3931,3160,0,0,0,1;
custom,cuboid,cannonregionmat,42.5,0.3,5,1,1,1,1,4.25,0.5,321,3717.5,2680,0,0,-0.7071068,0.7071068;
custom,cuboid,cannonregionmat,44,0.3,64,1,1,1,1,4.4,6.4,-100,3610,2579,-0.7071068,0,0,0.7071068;
custom,cuboid,cannonregionmat,47.5,0.3,7.5,1,1,1,1,4.75,0.75,321,3692.5,2617.5,0,0,-0.7071068,0.7071068;
custom,cuboid,cannonregionmat,5,0.3,15,1,1,1,1,0.5,1.5,295,3365,2579,-0.7071068,0,0,0.7071068;
custom,cuboid,cannonregionmat,5,0.3,29.5,1,1,1,1,0.5,2.95,0,3289,2727.5,0,0,0,1;
custom,cuboid,cannonregionmat,5,0.3,29.5,1,1,1,1,0.5,2.95,0,3289,3072.5,0,0,0,1;
custom,cuboid,cannonregionmat,5,0.3,29.5,1,1,1,1,0.5,2.95,0,3931,2727.5,0,0,0,1;
custom,cuboid,cannonregionmat,5,0.3,29.5,1,1,1,1,0.5,2.95,0,3931,3072.5,0,0,0,1;
custom,cuboid,cannonregionmat,5,0.3,39,1,1,1,1,0.5,3.9,321,3650,2900,0,0,-0.7071068,0.7071068;
custom,cuboid,cannonregionmat,5,0.3,7.5,1,1,1,1,0.5,0.75,321,3650,3182.5,0,0,-0.7071068,0.7071068;
custom,cuboid,cannonregionmat,63.99999,0.3,64,1,1,1,1,6.399999,6.4,-321,3610,2900,0,0,-0.7071068,0.7071068;
custom,cuboid,cannonregionmat,63.99999,0.3,64,1,1,1,1,6.399999,6.4,0,3610,3221,0.5,-0.5,-0.5,0.5;
custom,cuboid,cannonregionmat,8,0.3,4,1,1,1,1,0.8,0.4,-240,3931,3200,0,0,0,1;
custom,cuboid,castle1tex,0.6999999,0.7,0.7,1,1,1,1,0.1,-0.1,-50,3720,3080,-0.1942583,0.6538892,-0.7009488,0.2082388;
custom,cuboid,castle1tex,0.6999999,0.7,0.7,1,1,1,1,0.1,-0.1,192.3239,3830.947,3080,0.322567,0.6010478,-0.6443037,-0.3457816;
custom,cuboid,castle1tex,0.8000001,0.8,0.8,1,1,1,1,0.1,-0.1,-7.913784,3859.317,3040,-0.8691596,0.189194,0.1489809,-0.4319396;
custom,cuboid,castle1tex,0.8000001,0.8,0.8,1,1,1,1,0.1,-0.1,-80,3520,3040,-0.7503183,-0.4777611,-0.1984098,-0.4115827;
custom,cuboid,castle1tex,0.8000001,0.8,0.8000001,1,1,1,1,0.1,-0.1,-60,3600,3070,0.0906249,0.229421,-0.9671285,-0.0617712;
custom,cuboid,castle1tex,0.8000001,0.8,0.8000001,1,1,1,1,0.1,-0.1,72.24626,3839.97,3070,0.2259058,0.0990631,-0.6431376,-0.7249326;
custom,cuboid,castle1tex,0.9000001,0.9,0.9,1,1,1,1,0.1,-0.1,-48.87269,3675.847,3046.562,0.8624213,0.3954744,0.2547668,0.186878;
custom,cuboid,castle1tex,0.9000001,0.9,0.9,1,1,1,1,0.1,-0.1,-80,3700,3050,0.3751087,0.6278604,-0.6701003,0.1266906;
custom,cuboid,castle1tex,0.9000001,0.9,0.9,1,1,1,1,0.1,-0.1,148.1813,3829.46,3046.562,0.8908019,-0.3265615,0.0492741,0.3120925;
custom,cuboid,castle1tex,0.9000001,0.9,0.9,1,1,1,1,0.1,-0.1,172.08,3860.783,3050,0.7084737,0.1816048,-0.564974,-0.3819543;
custom,cuboid,castle1tex,0.9999999,1,1,1,0.875,0.875,1,0.1,-0.1,150.8147,3387.591,2743.06,0.2986017,-0.083624,-0.9343912,0.1753772;
custom,cuboid,castle1tex,1,1,1,1,1,1,1,0.1,-0.1,-200,3860,2860,0.4359347,0.483424,0.6295865,0.4241263;
custom,cuboid,castle1tex,1,1,1,1,1,1,1,0.1,-0.1,63.81562,3871.443,2644.609,0.7503248,0.6424873,0.15307,-0.0281482;
custom,cuboid,castle1tex,1,1,1,1,1,1,1,0.1,-0.1,77.5,3850,2740,0.2231654,-0.1424057,0.3155493,0.9112335;
custom,cuboid,castle1tex,1.5,1.2,1.2,1,0.875,0.875,1,0.1,-0.1,140.7484,3403.541,2740.424,-0.4412197,-0.2716852,-0.4928392,-0.6990149;
custom,cuboid,castle1tex,1.5,1.2,1.2,1,1,0.875,0.875,0.1,-0.1,215.2151,3371.682,2778.042,-0.5794364,-0.4105882,-0.6490956,0.2726642;
custom,cuboid,castle1tex,1.5,1.5,1.5,1,0.875,0.875,1,0.1,-0.1,104.6465,3367.591,2764.553,0.0958386,-0.1109894,-0.9886181,0.0336254;
custom,cuboid,castle1tex,1.5,1.5,1.5,1,1,0.875,0.875,0.1,-0.1,184.2525,3381.063,2929.782,0.7159464,-0.5549418,-0.376426,0.1943289;
custom,cuboid,castle1tex,1.5,1.5,1.5,1,1,1,1,0.1,-0.1,-17.18436,3833.168,2666.152,0.2580442,0.845769,0.3958107,0.2478347;
custom,cuboid,castle1tex,1.5,1.5,1.5,1,1,1,1,0.1,-0.1,-225,3830,2780,-0.08747113,0.4393016,0.4643297,0.7640424;
custom,cuboid,castle1tex,1.5,1.5,1.5,1,1,1,1,0.1,-0.1,142.5,3850,2900,0.3952644,0.408572,-0.5637463,0.599187;
custom,cuboid,castle1tex,1.5,1.5,1.5,1,1,1,1,0.1,-0.1,207.5,3850,2750,0.0589539,-0.7485687,-0.4160147,0.5129338;
custom,cuboid,castle1tex,1.5,1.5,1.500001,1,1,0.875,0.875,0.1,-0.1,266.476,3373.887,2921.713,-0.777832,-0.4873376,0.0061913,0.3967886;
custom,cuboid,castle1tex,1.5,1.5,2,1,0.875,0.875,1,0.1,-0.1,187.9991,3401.407,2720.278,-0.3001567,0.4789398,0.6942269,0.4456138;
custom,cuboid,castle1tex,1.5,1.5,2,1,1,0.875,0.875,0.1,-0.1,237.9192,3387.165,2812.418,-0.4850762,0.0223125,-0.3756732,0.7893497;
custom,cuboid,castle1tex,1.5,1.5,2,1,1,0.875,0.875,0.1,-0.1,262.0517,3401.356,2816.356,-0.5144581,-0.03910439,0.6351351,0.5748106;
custom,cuboid,castle1tex,1.5,1.500001,2.000001,1,0.875,0.875,1,0.1,-0.1,177.7958,3379.047,2790.069,-0.8793097,0.3702879,-0.1738744,0.2438629;
custom,cuboid,castle1tex,2,1.5,2,1,0.875,0.875,1,0.1,-0.1,183.6872,3417.019,2449.76,-0.391309,0.1341789,-0.005346,0.9104091;
custom,cuboid,castle1tex,2,2,2,1,0.875,0.875,1,0.1,-0.1,266.9372,3360.271,2455.243,-0.368454,0.7313175,-0.0244313,0.5734279;
custom,cuboid,castle1tex,2,2,2,1,0.875,0.875,1,0.1,-0.1,272.6421,3376.857,2845.499,-0.4961703,0.1896771,-0.2875065,0.7969804;
custom,cuboid,castle1tex,2,2,2,1,1,0.875,0.875,0.1,-0.1,111.2957,3360.013,2543.789,0.1126938,0.7389135,-0.1590244,0.6449947;
custom,cuboid,castle1tex,2.000001,1.5,2.000001,1,1,0.875,0.875,0.1,-0.1,183.3979,3427.651,2940.93,0.1504037,-0.9761474,-0.1518107,-0.0383219;
custom,cuboid,metal1,0.25,0.45,0.55,1,0.9,0.8,0.3,0.01,0.01,-49.99999,3842.5,2990,0,-0.7071068,0,0.7071068;
custom,cuboid,metal1,0.25,0.45,0.55,1,0.9,0.8,0.3,0.01,0.01,-49.99999,3857.5,2990,0,-0.7071068,0,0.7071068;
custom,cuboid,metal1,0.35,0.35,5,1,0.8,0.6,0,0.01,0.01,0,3242.5,2900,0,0,-0.3826835,0.9238795;
custom,cuboid,metal1,0.35,5,0.35,1,0.8,0.6,0,0.01,0.01,-25,3267.5,2875,0,0.382515,0,0.9239493;
custom,cuboid,metal1,0.35,5,0.35,1,0.8,0.6,0,0.01,0.01,-25,3267.5,2925,0,0.382515,0,0.9239493;
custom,cuboid,metal1,0.35,5,0.35,1,0.8,0.6,0,0.01,0.01,25,3267.5,2875,0,0.382515,0,0.9239493;
custom,cuboid,metal1,0.35,5,0.35,1,0.8,0.6,0,0.01,0.01,25,3267.5,2925,0,0.382515,0,0.9239493;
custom,cuboid,metal1,0.4,3.7,0.4,1,0.9,0.8,0.3,0.01,0.01,-213.5,3468,2936.5,0,0,0,1;
custom,cuboid,metal1,0.4,3.7,0.4,1,0.9,0.8,0.3,0.01,0.01,-213.5,3472,2983.5,0,0,0,1;
custom,cuboid,metal1,0.45,0.25,0.55,1,0.9,0.8,0.3,0.01,0.01,-49.99999,3850,2982.5,0,-0.7071068,0,0.7071068;
custom,cuboid,metal1,0.45,0.25,0.55,1,0.9,0.8,0.3,0.01,0.01,-49.99999,3850,2997.5,0,-0.7071068,0,0.7071068;




custom,cuboid,metal1,1,1,10.9,1,0.8,0.6,0,0.01,0.01,389.92,3522,2811.015,0.2705981,-0.6532815,-0.2705981,0.6532815;
custom,cuboid,metal1,1,1,10.9,1,0.8,0.6,0,0.01,0.01,389.92,3522,3077.995,0.2705981,-0.6532815,-0.2705981,0.6532815;
custom,cuboid,metal1,1,1,10.9,1,0.8,0.6,0,0.01,0.01,389.92,3699.08,3077.995,0.2705981,-0.6532815,-0.2705981,0.6532815;
custom,cuboid,metal1,1,1,12.9,1,0.8,0.6,0,0.01,0.01,379.92,3433,2632.892,0.2705981,-0.6532815,-0.2705981,0.6532815;
custom,cuboid,metal1,1,1,12.9,1,0.8,0.6,0,0.01,0.01,379.92,3433,2811.015,0.2705981,-0.6532815,-0.2705981,0.6532815;
custom,cuboid,metal1,1,1,12.9,1,0.8,0.6,0,0.01,0.01,379.92,3433,3166.98,0.2705981,-0.6532815,-0.2705981,0.6532815;
custom,cuboid,metal1,1,1,12.9,1,0.8,0.6,0,0.01,0.01,379.92,3522,2632.892,0.2705981,-0.6532815,-0.2705981,0.6532815;
custom,cuboid,metal1,1,1,12.9,1,0.8,0.6,0,0.01,0.01,379.92,3699.08,3166.98,0.2705981,-0.6532815,-0.2705981,0.6532815;
custom,cuboid,metal1,1,1,17.8,1,0.8,0.6,0,0.01,0.01,444.42,3611,3077.995,0.6532815,0.2705981,-0.2705981,0.6532815;
custom,cuboid,metal1,1,1,26.7,1,0.8,0.6,0,0.01,0.01,444.42,3566.5,3166.98,0.6532815,0.2705981,-0.2705981,0.6532815;
custom,cuboid,metal1,1,1,44.5,1,0.8,0.6,0,0.01,0.01,444.42,3522,2855.392,0,0,-0.3826835,0.9238795;
custom,cuboid,metal1,1,1,53.4,1,0.8,0.6,0,0.01,0.01,444.42,3433,2899.156,0,0,-0.3826835,0.9238795;
custom,cuboid,metal1,1,1,8.9,1,0.8,0.6,0,0.01,0.01,444.42,3477.5,2632.156,0.6532815,0.2705981,-0.2705981,0.6532815;
custom,cuboid,metal1,1,1,8.9,1,0.8,0.6,0,0.01,0.01,444.42,3477.5,2811.014,0.6532815,0.2705981,-0.2705981,0.6532815;
custom,cuboid,metal1,1,1,8.9,1,0.8,0.6,0,0.01,0.01,444.42,3699.08,3122.48,0,0,-0.3826835,0.9238795;





custom,cuboid,metal1,0.5,0.6000001,1.5,1,0.9,0.8,0.3,0.01,0.01,190,3385,3000,-0.7071068,0,0,0.7071068;
custom,cuboid,metal1,0.5,2.2,5,1,0.9,0.8,0.3,0.01,0.01,-2.5,3300,2925,0,0.7071068,0,0.7071068;
custom,cuboid,metal1,0.5,2.2,5,1,0.9,0.8,0.3,0.01,0.01,-2.5,3920,2925,0,0.7071068,0,0.7071068;
custom,cuboid,metal1,0.5,2.2,5,1,0.9,0.8,0.3,0.01,0.01,-25,3300,2897.5,0,0,0,1;
custom,cuboid,metal1,0.5,2.2,5,1,0.9,0.8,0.3,0.01,0.01,-25,3920,2897.5,0,0,0,1;
custom,cuboid,metal1,0.5,2.2,5,1,0.9,0.8,0.3,0.01,0.01,2.5,3300,2875,0,0.7071068,0,0.7071068;
custom,cuboid,metal1,0.5,2.2,5,1,0.9,0.8,0.3,0.01,0.01,2.5,3920,2875,0,0.7071068,0,0.7071068;
custom,cuboid,metal1,0.5,2.2,5,1,0.9,0.8,0.3,0.01,0.01,25,3300,2902.5,0,0,0,1;
custom,cuboid,metal1,0.5,2.2,5,1,0.9,0.8,0.3,0.01,0.01,25,3920,2902.5,0,0,0,1;
custom,cuboid,metal1,0.5,2.2,5,1,0.9,0.8,0.3,0.01,0.01,310,3455,2677.5,0,0,-0.7071068,0.7071068;
custom,cuboid,metal1,0.5,2.2,5,1,0.9,0.8,0.3,0.01,0.01,310,3505,2682.5,0,0,-0.7071068,0.7071068;
custom,cuboid,metal1,0.5,2.2,5,1,0.9,0.8,0.3,0.01,0.01,310,3625,3117.5,0,0,-0.7071068,0.7071068;
custom,cuboid,metal1,0.5,2.2,5,1,0.9,0.8,0.3,0.01,0.01,310,3675,3122.5,0,0,-0.7071068,0.7071068;
custom,cuboid,metal1,0.5,2.2,8,1,0.9,0.8,0.3,0.01,0.01,-200,3920,3142.5,0,0,0,1;
custom,cuboid,metal1,0.5,2.2,8,1,0.9,0.8,0.3,0.01,0.01,-237.5,3920,3100,0,-0.7071068,0,0.7071068;
custom,cuboid,metal1,0.5,2.2,8,1,0.9,0.8,0.3,0.01,0.01,-242.5,3920,3180,0,-0.7071068,0,0.7071068;
custom,cuboid,metal1,0.5,2.2,8,1,0.9,0.8,0.3,0.01,0.01,-280,3920,3137.5,0,0,0,1;
custom,cuboid,metal1,0.5,4.3,0.5,1,0.9,0.8,0.3,0.01,0.01,-58.5,3476,2785,0.7071068,0,0,0.7071068;
custom,cuboid,metal1,0.5,4.3,0.5,1,0.9,0.8,0.3,0.01,0.01,-58.5,3514,2785,0.7071068,0,0,0.7071068;
custom,cuboid,metal1,0.5,5,0.5,1,0.8,0.6,0,0.01,0.01,-2.5,3242.5,2925,0,0,0.7071068,0.7071068;
custom,cuboid,metal1,0.5,5,0.5,1,0.8,0.6,0,0.01,0.01,-25,3242.5,2897.5,0.7071068,0,0,0.7071068;
custom,cuboid,metal1,0.5,5,0.5,1,0.8,0.6,0,0.01,0.01,2.5,3242.5,2875,0,0,0.7071068,0.7071068;
custom,cuboid,metal1,0.5,5,0.5,1,0.8,0.6,0,0.01,0.01,25,3242.5,2902.5,0.7071068,0,0,0.7071068;
custom,cuboid,metal1,0.5000001,0.5,12.6865,1,0.8,0.6,0,0.01,0.01,444.42,3477.146,3122.849,-0.3535534,-0.8535534,-0.3535534,0.1464467;
custom,cuboid,metal1,0.58,0.4999999,1.5,1,0.9,0.8,0.3,0.01,0.01,90,3377.255,3138.415,0.8660254,0,0,0.5;
custom,cuboid,metal1,0.58,0.5,1.5,1,0.9,0.8,0.3,0.01,0.01,90,3377.255,3121.585,-0.8660254,0,0,0.5;
custom,cuboid,metal1,0.7,0.59,0.5,1,0.9,0.8,0.3,0.01,0.01,188.2574,3376.793,3000,-0.6532815,-0.2705981,0.2705981,0.6532815;
custom,cuboid,metal1,0.7,0.59,0.5,1,0.9,0.8,0.3,0.01,0.01,188.2574,3393.207,3000,-0.6532815,0.2705981,-0.2705981,0.6532815;
custom,cuboid,metal1,0.7,0.59,0.5,1,0.9,0.8,0.3,0.01,0.01,203.7427,3372.707,3000,-0.6532815,-0.2705981,0.2705981,0.6532815;
custom,cuboid,metal1,0.7,0.59,0.5,1,0.9,0.8,0.3,0.01,0.01,203.7427,3397.293,3000,-0.6532815,0.2705981,-0.2705981,0.6532815;
custom,cuboid,metal1,0.7,1,0.3,1,0.9,0.8,0.3,0.01,0.01,-191.4677,3478.505,2989.724,0,0,-0.9999999,-0.0003114;
custom,cuboid,metal1,0.7,1,0.3,1,0.9,0.8,0.3,0.01,0.01,-191.4705,3485.004,2993.224,-0.0002267,-0.7071068,-0.7071068,-0.0002267;
custom,cuboid,metal1,0.7,1,0.3,1,0.9,0.8,0.3,0.01,0.01,-191.4718,3475.005,2996.224,-0.0002267,-0.7071068,-0.7071068,-0.0002267;
custom,cuboid,metal1,0.7,1,0.3,1,0.9,0.8,0.3,0.01,0.01,-191.4745,3481.504,2999.724,0,0,-0.9999999,-0.0003114;
custom,cuboid,metal1,0.7,1,0.3,1,0.9,0.8,0.3,0.01,0.01,-195,3407.5,2996.253,0.5,-0.5,-0.5,0.5;
custom,cuboid,metal1,0.7,1,0.3,1,0.9,0.8,0.3,0.01,0.01,-198.5,3407.5,2989.753,0,0,-0.7071068,0.7071068;
custom,cuboid,metal1,0.7,1,0.3,1,0.9,0.8,0.3,0.01,0.01,-201.5,3407.5,2999.753,0,0,-0.7071068,0.7071068;
custom,cuboid,metal1,0.7,1,0.3,1,0.9,0.8,0.3,0.01,0.01,-205,3407.5,2993.253,0.5,-0.5,-0.5,0.5;
custom,cuboid,metal1,0.7,1,0.3,1,0.9,0.8,0.3,0.01,0.01,77.12584,3481.504,2999.724,0,0,-0.9999999,-0.0003114;
custom,cuboid,metal1,0.7,1,0.3,1,0.9,0.8,0.3,0.01,0.01,77.12854,3475.005,2996.224,-0.0002267,-0.7071068,-0.7071068,-0.0002267;
custom,cuboid,metal1,0.7,1,0.3,1,0.9,0.8,0.3,0.01,0.01,77.12984,3485.004,2993.224,-0.0002267,-0.7071068,-0.7071068,-0.0002267;
custom,cuboid,metal1,0.7,1,0.3,1,0.9,0.8,0.3,0.01,0.01,77.13264,3478.505,2989.724,0,0,-0.9999999,-0.0003114;
custom,cuboid,metal1,0.75,4.25,0.75,1,0.9,0.8,0.3,0.01,0.01,-177.5,3832.5,2990,0.5,0.5,0.5,0.5;
custom,cuboid,metal1,0.75,4.25,0.75,1,0.9,0.8,0.3,0.01,0.01,-177.5,3867.5,2990,0.5,0.5,0.5,0.5;
custom,cuboid,metal1,0.75,4.25,0.75,1,0.9,0.8,0.3,0.01,0.01,-50,3832.5,2990,0.5,0.5,0.5,0.5;
custom,cuboid,metal1,0.75,4.25,0.75,1,0.9,0.8,0.3,0.01,0.01,-50,3867.5,2990,0.5,0.5,0.5,0.5;
custom,cuboid,metal1,0.75,4.25,0.75,1,0.9,0.8,0.3,0.01,0.01,77.5,3832.5,2990,0.5,0.5,0.5,0.5;
custom,cuboid,metal1,0.75,4.25,0.75,1,0.9,0.8,0.3,0.01,0.01,77.5,3867.5,2990,0.5,0.5,0.5,0.5;
custom,cuboid,metal1,0.8,4.25,0.8,1,0.9,0.8,0.3,0.01,0.01,-177.5,3850,2972.5,0,-0.7071068,0,0.7071068;
custom,cuboid,metal1,0.8,4.25,0.8,1,0.9,0.8,0.3,0.01,0.01,-177.5,3850,3007.5,0,-0.7071068,0,0.7071068;
custom,cuboid,metal1,0.8,4.25,0.8,1,0.9,0.8,0.3,0.01,0.01,-50,3850,2972.5,0,-0.7071068,0,0.7071068;
custom,cuboid,metal1,0.8,4.25,0.8,1,0.9,0.8,0.3,0.01,0.01,-50,3850,3007.5,0,-0.7071068,0,0.7071068;
custom,cuboid,metal1,0.8,4.25,0.8,1,0.9,0.8,0.3,0.01,0.01,77.5,3850,2972.5,0,-0.7071068,0,0.7071068;
custom,cuboid,metal1,0.8,4.25,0.8,1,0.9,0.8,0.3,0.01,0.01,77.5,3850,3007.5,0,-0.7071068,0,0.7071068;
custom,cuboid,metal1,1,0.25,1,1,0.9,0.8,0.3,0.01,0.01,255,3320,3105,-0.6532815,0.2705981,-0.2705981,0.6532815;
custom,cuboid,metal1,1,0.25,1,1,0.9,0.8,0.3,0.01,0.01,255,3340,3105,-0.6532815,0.2705981,-0.2705981,0.6532815;
custom,cuboid,metal1,1,0.25,1,1,0.9,0.8,0.3,0.01,0.01,275,3320,3105,-0.6532815,0.2705981,-0.2705981,0.6532815;
custom,cuboid,metal1,1,0.25,1,1,0.9,0.8,0.3,0.01,0.01,275,3340,3105,-0.6532815,0.2705981,-0.2705981,0.6532815;
custom,cuboid,metal1,1,0.5999999,1,1,0.9,0.8,0.3,0.01,0.01,90,3380,3115,-0.5,-0.5,-0.5000001,0.5;
custom,cuboid,metal1,1,0.5999999,1,1,0.9,0.8,0.3,0.01,0.01,90,3380,3145,-0.5,-0.5,-0.5000001,0.5;
custom,cuboid,metal1,1,1,10,1,1,0.8,0,0.01,0.01,-30,3950,3120,-0.0704282,-0.1648484,-0.1005819,0.9786461;
custom,cuboid,metal1,1,1,10,1,1,0.8,0,0.01,0.01,90,3950,3120,0.1022921,0.0562732,-0.0108338,0.9931024;
custom,cuboid,metal1,1,1,12,1,1,0.8,0,0.01,0.01,-110,3950,3110,0.1427316,0.0182597,-0.6924722,0.7069487;
custom,cuboid,metal1,1,1,30,1,1,0.8,0,0.01,0.01,100,3935,3000,0,-0.7071068,0,0.7071068;
custom,cuboid,metal1,1,1,30,1,1,0.8,0,0.01,0.01,100,3955,2960,0,-0.7071068,0,0.7071068;
custom,cuboid,metal1,1,1,30,1,1,0.8,0,0.01,0.01,100,3955,3040,0,-0.7071068,0,0.7071068;
custom,cuboid,metal1,1,1,30,1,1,0.8,0,0.01,0.01,130,3965,3000,0,0,0,1;
custom,cuboid,metal1,1,1,6.5,1,1,0.8,0,0.01,0.01,60,3945,3120,-0.2549035,0.0767094,-0.3700755,0.8900472;
custom,cuboid,metal1,1,20,1,1,0.9,0.8,0.3,0.01,0.01,-45,3640,2705,0.7071068,0,0,0.7071068;
custom,cuboid,metal1,1,20,1,1,0.9,0.8,0.3,0.01,0.01,-45,3710,2705,0.7071068,0,0,0.7071068;
custom,cuboid,metal1,1,20,1,1,0.9,0.8,0.3,0.01,0.01,55,3640,2705,0.7071068,0,0,0.7071068;
custom,cuboid,metal1,1,20,1,1,0.9,0.8,0.3,0.01,0.01,55,3710,2705,0.7071068,0,0,0.7071068;
custom,cuboid,metal1,1,20,1.05,1,0.9,0.8,0.3,0.01,0.01,5,3675,2670,0,0,0,1;
custom,cuboid,metal1,1,25,1.05,1,0.9,0.8,0.3,0.01,0.01,-95,3675,2740,0,0,0,1;
custom,cuboid,metal1,1,25,1.05,1,0.9,0.8,0.3,0.01,0.01,105,3675,2740,0,0,0,1;
custom,cuboid,metal1,1,7.5,1,1,0.9,0.8,0.3,0.01,0.01,-177.5,3817.5,2660,0,0.7071068,0.7071068,0;
custom,cuboid,metal1,1,7.5,1,1,0.9,0.8,0.3,0.01,0.01,-177.5,3817.5,3045,-0.7071068,0,0,0.7071068;
custom,cuboid,metal1,1,7.5,1,1,0.9,0.8,0.3,0.01,0.01,-177.5,3882.5,2660,0,0.7071068,0.7071068,0;
custom,cuboid,metal1,1,7.5,1,1,0.9,0.8,0.3,0.01,0.01,-210,3817.5,2692.5,-0.7071068,0.7071068,0,0;
custom,cuboid,metal1,1,7.5,1,1,0.9,0.8,0.3,0.01,0.01,-210,3882.5,2692.5,-0.7071068,0.7071068,0,0;
custom,cuboid,metal1,1,7.5,1,1,0.9,0.8,0.3,0.01,0.01,-242.5,3817.5,3045,-0.7071068,0,0,0.7071068;
custom,cuboid,metal1,1,7.5,1,1,0.9,0.8,0.3,0.01,0.01,-32.5,3817.5,3060,-0.7071068,0,0,0.7071068;
custom,cuboid,metal1,1,7.5,1,1,0.9,0.8,0.3,0.01,0.01,-32.5,3882.5,3060,-0.7071068,0,0,0.7071068;
custom,cuboid,metal1,1,7.5,1,1,0.9,0.8,0.3,0.01,0.01,-65,3817.5,3027.5,0,0,-0.7071068,0.7071068;
custom,cuboid,metal1,1,7.5,1,1,0.9,0.8,0.3,0.01,0.01,-65,3817.5,3092.5,0,0,-0.7071068,0.7071068;
custom,cuboid,metal1,1,7.5,1,1,0.9,0.8,0.3,0.01,0.01,207.5,3817.5,3060,-0.7071068,0,0,0.7071068;
custom,cuboid,metal1,1,7.5,1,1,0.9,0.8,0.3,0.01,0.01,207.5,3882.5,3060,-0.7071068,0,0,0.7071068;
custom,cuboid,metal1,1,7.5,1,1,0.9,0.8,0.3,0.01,0.01,240,3817.5,3027.5,0,0,-0.7071068,0.7071068;
custom,cuboid,metal1,1,7.5,1,1,0.9,0.8,0.3,0.01,0.01,240,3882.5,3027.5,0,0,-0.7071068,0.7071068;
custom,cuboid,metal1,1.05,20,1.05,1,0.9,0.8,0.3,0.01,0.01,-45,3675,2670,0,0,0,1;
custom,cuboid,metal1,1.05,20,1.05,1,0.9,0.8,0.3,0.01,0.01,-45,3675,2740,0,0,0,1;
custom,cuboid,metal1,1.05,20,1.05,1,0.9,0.8,0.3,0.01,0.01,55,3675,2670,0,0,0,1;
custom,cuboid,metal1,1.05,20,1.05,1,0.9,0.8,0.3,0.01,0.01,55,3675,2740,0,0,0,1;
custom,cuboid,metal1,1.05,7.5,1.05,1,0.9,0.8,0.3,0.01,0.01,-177.5,3850,2627.5,0,1,0,0;
custom,cuboid,metal1,1.05,7.5,1.05,1,0.9,0.8,0.3,0.01,0.01,-177.5,3850,2692.5,0,1,0,0;
custom,cuboid,metal1,1.05,7.5,1.05,1,0.9,0.8,0.3,0.01,0.01,-210,3817.5,3012.5,0,0,-0.7071068,0.7071068;
custom,cuboid,metal1,1.05,7.5,1.05,1,0.9,0.8,0.3,0.01,0.01,-242.5,3850,2692.5,0,1,0,0;
custom,cuboid,metal1,1.05,7.5,1.05,1,0.9,0.8,0.3,0.01,0.01,-32.5,3850,3027.5,0,0,0,1;
custom,cuboid,metal1,1.05,7.5,1.05,1,0.9,0.8,0.3,0.01,0.01,-32.5,3850,3092.5,0,0,0,1;
custom,cuboid,metal1,1.05,7.5,1.05,1,0.9,0.8,0.3,0.01,0.01,-97.50006,3817.5,3060,-0.7071068,0,0,0.7071068;
custom,cuboid,metal1,1.05,7.5,1.05,1,0.9,0.8,0.3,0.01,0.01,207.5,3850,3027.5,0,0,0,1;
custom,cuboid,metal1,1.05,7.5,1.05,1,0.9,0.8,0.3,0.01,0.01,207.5,3850,3092.5,0,0,0,1;
custom,cuboid,metal1,1.05,7.5,1.05,1,0.9,0.8,0.3,0.01,0.01,272.5,3850,3027.5,0,0,0,1;
custom,cuboid,metal1,1.346,0.3,0.7,1,0.9,0.8,0.3,0.01,0.01,-251.201,3379.92,3097.5,0,0,-0.8660254,0.5;
custom,cuboid,metal1,1.346,0.3,0.7,1,0.9,0.8,0.3,0.01,0.01,-268.799,3379.92,3097.5,0,0,-0.5,0.8660254;
custom,cuboid,metal1,1.346,0.3,0.7000001,1,0.9,0.8,0.3,0.01,0.01,-260,3395.16,3097.5,0,0,0,1;
custom,cuboid,metal1,1.346,0.3,0.7027711,1,0.9,0.8,0.3,0.01,0.01,-251.201,3390.08,3097.5,0,0,-0.5,0.8660254;
custom,cuboid,metal1,1.346,0.3,0.7033484,1,0.9,0.8,0.3,0.01,0.01,-260,3374.84,3097.5,0,0,0,1;
custom,cuboid,metal1,1.346,0.3,0.705559,1,0.9,0.8,0.3,0.01,0.01,-268.799,3390.08,3097.5,0,0,-0.8660254,0.5;
custom,cuboid,metal1,1.5,0.6000001,2.6,1,0.9,0.8,0.3,0.01,0.01,211.9498,3385,3000,-0.7071068,0,0,0.7071068;
custom,cuboid,metal1,1.5,0.6000001,5,1,0.9,0.8,0.3,0.01,0.01,180,3385,3000,-0.7071068,0,0,0.7071068;
custom,cuboid,metal1,1.5,6,1.5,1,0.9,0.8,0.3,0.01,0.01,-100,3475,3060,-0.7071068,0,0,0.7071068;
custom,cuboid,metal1,1.5,6,1.5,1,0.9,0.8,0.3,0.01,0.01,-30,3475,3060,-0.7071068,0,0,0.7071068;
custom,cuboid,metal1,1.6,8.6,1.5,1,0.9,0.8,0.3,0.01,0.01,-65,3475,3025,0,0,-0.7071068,0.7071068;
custom,cuboid,metal1,1.6,8.6,1.5,1,0.9,0.8,0.3,0.01,0.01,-65,3475,3095,0,0,-0.7071068,0.7071068;
custom,cuboid,metal1,15,2.5,20,1,0.9,0.8,0.3,0.01,0.01,5,3562.5,2705,0,0,0,1;
custom,cuboid,metal1,15,2.5,20,1,0.9,0.8,0.3,0.01,0.01,5,3787.5,2705,0,0,0,1;
custom,cuboid,metal1,2,0.6000001,1.2,1,0.9,0.8,0.3,0.01,0.01,209.5,3366,3000,-0.7071068,0,0,0.7071068;
custom,cuboid,metal1,2,0.6000001,1.2,1,0.9,0.8,0.3,0.01,0.01,209.5,3404,3000,-0.7071068,0,0,0.7071068;
custom,cuboid,metal1,2,1.5,40,1,1,0.8,0,0.01,0.01,-109.5,3570,3237,-0.7071068,0,0,0.7071068;
custom,cuboid,metal1,2,1.5,40,1,1,0.8,0,0.01,0.01,-229.5,3690,3237,-0.7071068,0,0,0.7071068;
custom,cuboid,metal1,2,1.5,40,1,1,0.8,0,0.01,0.01,-269.5,3690,3237,-0.7071068,0,0,0.7071068;
custom,cuboid,metal1,2,1.5,40,1,1,0.8,0,0.01,0.01,-69.50001,3570,3237,-0.7071068,0,0,0.7071068;
custom,cuboid,metal1,2,1.5,40,1,1,0.8,0,0.01,0.01,-99.50001,3350,3237,-0.5,0.5,-0.5,0.5;
custom,cuboid,metal1,2,1.5,40,1,1,0.8,0,0.01,0.01,-99.50001,3390,3237,-0.5,0.5,-0.5,0.5;
custom,cuboid,metal1,2,1.5,40,1,1,0.8,0,0.01,0.01,0.4999924,3510,3237,-0.5,0.5,-0.5,0.5;
custom,cuboid,metal1,2,1.5,40,1,1,0.8,0,0.01,0.01,0.4999924,3550,3237,-0.5,0.5,-0.5,0.5;
custom,cuboid,metal1,2,1.5,40,1,1,0.8,0,0.01,0.01,230.5,3600,3237,-0.7071068,0,0,0.7071068;
custom,cuboid,metal1,2,1.5,40,1,1,0.8,0,0.01,0.01,270.5,3600,3237,-0.7071068,0,0,0.7071068;
custom,cuboid,metal1,2,1.5,40,1,1,0.8,0,0.01,0.01,60.49999,3680,3237,-0.5,0.5,-0.5,0.5;
custom,cuboid,metal1,2,1.5,40,1,1,0.8,0,0.01,0.01,60.49999,3720,3237,-0.5,0.5,-0.5,0.5;
custom,cuboid,metal1,2,1.5,40,1,1,0.8,0,0.01,0.01,-327.5,3670,2905,0,0,-0.7071068,0.7071068;
custom,cuboid,metal1,2,1.5,40,1,1,0.8,0,0.01,0.01,-327.5,3710,2905,0,0,-0.7071068,0.7071068;
custom,cuboid,metal1,2,1.5,8,1,1,0.8,0,0.01,0.01,-327.5,3500,2905,0,0,-0.7071068,0.7071068;
custom,cuboid,metal1,2,1.5,8,1,1,0.8,0,0.01,0.01,-327.5,3540,2905,0,0,-0.7071068,0.7071068;
custom,cuboid,metal1,2.1,0.1,1.9,1,0.9,0.8,0.3,0.01,0.01,-210,3635,2770,0.5,-0.5,-0.5,0.5;
custom,cuboid,metal1,2.1,0.1,1.9,1,0.9,0.8,0.3,0.01,0.01,-210,3675,2770,0.5,-0.5,-0.5,0.5;
custom,cuboid,metal1,3,0.7,0.3,1,0.9,0.8,0.3,0.01,0.01,-125,3581.5,2807.5,-0.5,0.5,-0.5,0.5;
custom,cuboid,metal1,3,0.7,0.3,1,0.9,0.8,0.3,0.01,0.01,-138.5,3565,2807.5,-0.7071068,0,0,0.7071068;
custom,cuboid,metal1,3,0.7,0.3,1,0.9,0.8,0.3,0.01,0.01,-141.5,3595,2807.5,-0.7071068,0,0,0.7071068;
custom,cuboid,metal1,3,0.7,0.3,1,0.9,0.8,0.3,0.01,0.01,-155,3578.5,2807.5,-0.5,0.5,-0.5,0.5;
custom,cuboid,metal1,3,0.7,0.5,1,0.9,0.8,0.3,0.01,0.01,260,3465,3107.5,-0.7071068,0,0,0.7071068;
custom,cuboid,metal1,3,0.7,0.5,1,0.9,0.8,0.3,0.01,0.01,260,3495,3107.5,-0.7071068,0,0,0.7071068;
custom,cuboid,metal1,3.5,0.75,0.5,1,0.9,0.8,0.3,0.01,0.01,245,3480,3107.5,-0.5,0.5,-0.5,0.5;
custom,cuboid,metal1,3.5,0.75,0.5,1,0.9,0.8,0.3,0.01,0.01,275,3480,3107.5,-0.5,0.5,-0.5,0.5;
custom,cuboid,metal1,30,1.5,2,1,1,0.8,0,0.01,0.01,-227.5,3530,2565,0.5,-0.5,-0.5,0.5;
custom,cuboid,metal1,30,1.5,2,1,1,0.8,0,0.01,0.01,-267.5,3530,2565,0.5,-0.5,-0.5,0.5;
custom,cuboid,metal1,30,1.5,2,1,1,0.8,0,0.01,0.01,-57.50004,3540,2565,1E-07,-0.7071068,-0.7071068,1E-07;
custom,cuboid,metal1,30,1.5,2,1,1,0.8,0,0.01,0.01,-57.50004,3690,2565,0.5,-0.5,-0.5,0.5;
custom,cuboid,metal1,30,1.5,2,1,1,0.8,0,0.01,0.01,-97.50004,3690,2565,0.5,-0.5,-0.5,0.5;
custom,cuboid,metal1,30,1.5,2,1,1,0.8,0,0.01,0.01,102.5,3690,2565,0.5,-0.5,-0.5,0.5;
custom,cuboid,metal1,30,1.5,2,1,1,0.8,0,0.01,0.01,-327.5,3540,2645,0,0,-0.7071068,0.7071068;
custom,cuboid,metal1,30,1.5,2,1,1,0.8,0,0.01,0.01,-327.5,3540,2685,0,0,-0.7071068,0.7071068;
custom,cuboid,metal1,30,1.5,2,1,1,0.8,0,0.01,0.01,-327.5,3680,2965,0,0,-0.7071068,0.7071068;
custom,cuboid,metal1,30,1.5,2,1,1,0.8,0,0.01,0.01,-327.5,3680,3005,0,0,-0.7071068,0.7071068;
custom,cuboid,metal1,30,1.5,2,1,1,0.8,0,0.01,0.01,332.5,3580,2955,0,0,-0.7071068,0.7071068;
custom,cuboid,metal1,30,1.5,2,1,1,0.8,0,0.01,0.01,332.5,3580,2995,0,0,-0.7071068,0.7071068;
custom,cuboid,metal1,30,1.5,2,1,1,0.8,0,0.01,0.01,332.5,3720,2795,0,0,-0.7071068,0.7071068;
custom,cuboid,metal1,30,1.5,2,1,1,0.8,0,0.01,0.01,332.5,3720,2835,0,0,-0.7071068,0.7071068;
custom,cuboid,metal1,30.00001,1.5,2,1,1,0.8,0,0.01,0.01,-57.50004,3500,2565,1E-07,-0.7071068,-0.7071068,1E-07;
custom,cuboid,metal1,40,1.5,2,1,1,0.8,0,0.01,0.01,-87.50004,3275,3125,0,0,0,1;
custom,cuboid,metal1,40,1.5,2,1,1,0.8,0,0.01,0.01,-87.50004,3275,3165,0,0,0,1;
custom,cuboid,metal1,40,1.5,2,1,1,0.8,0,0.01,0.01,132.5,3275,2785,0,0,0,1;
custom,cuboid,metal1,40,1.5,2,1,1,0.8,0,0.01,0.01,132.5,3275,2825,0,0,0,1;
custom,cuboid,metal1,40,1.5,2,1,1,0.8,0,0.01,0.01,222.5,3270,2865,-1E-07,-0.7071067,-1E-07,0.7071068;
custom,cuboid,metal1,40,1.5,2,1,1,0.8,0,0.01,0.01,262.5,3270,2865,-1E-07,-0.7071067,-1E-07,0.7071068;
custom,cuboid,metal1,40,1.5,2,1,1,0.8,0,0.01,0.01,62.49996,3275,2955,-1E-07,-0.7071067,-1E-07,0.7071068;
custom,cuboid,metal1,40,1.5,2,1,1,0.8,0,0.01,0.01,62.49996,3275,2995,0,0,0,1;
custom,cuboid,metal1,4,0.6,1.5,1,0.9,0.8,0.3,0.01,0.01,90,3392.5,3130,-0.5,-0.5,-0.5000001,0.5;
custom,cuboid,metal1,4.3,0.5,0.5,1,0.9,0.8,0.3,0.01,0.01,-58.50002,3495,2761,0.7071068,-0.7071068,-1E-07,1E-07;
custom,cuboid,metal1,4.3,0.5,0.5,1,0.9,0.8,0.3,0.01,0.01,-58.50002,3495,2809,0.7071068,-0.7071068,-1E-07,1E-07;
custom,cuboid,metal1,4.5,0.5999999,1.5,1,0.9,0.8,0.3,0.01,0.01,90,3367.5,3130,-0.5,-0.5,-0.5000001,0.5;
custom,cuboid,metal1,4.7,0.4,0.4,1,0.9,0.8,0.3,0.01,0.01,-213.5,3451.5,2962,0.5,-0.5,0.5,0.5;
custom,cuboid,metal1,4.7,0.4,0.4,1,0.9,0.8,0.3,0.01,0.01,-213.5,3488.5,2958,0.5,-0.5,0.5,0.5;
custom,cuboid,metal1,40,1.5,2,1,1,0.8,0,0.01,0.01,332.5,3530,2905,-0.4999999,-0.4999999,-0.5000001,0.5000001;
custom,cuboid,metal1,40,1.5,2,1,1,0.8,0,0.01,0.01,332.5,3570,2905,-0.4999999,-0.4999999,-0.5000001,0.5000001;
custom,cuboid,metal1,40,1.5,2,1,1,0.8,0,0.01,0.01,332.5,3820,2905,-0.4999999,-0.4999999,-0.5000001,0.5000001;
custom,cuboid,metal1,40,1.5,2,1,1,0.8,0,0.01,0.01,332.5,3860,2905,-0.4999999,-0.4999999,-0.5000001,0.5000001;
custom,cuboid,metal1,40,1.5,2,1,1,0.8,0,0.01,0.01,-327.5,3610,2805,0,0,-0.7071068,0.7071068;
custom,cuboid,metal1,40,1.5,2,1,1,0.8,0,0.01,0.01,-327.5,3610,2845,0,0,-0.7071068,0.7071068;
custom,cuboid,metal1,5,0.7,0.3,1,0.9,0.8,0.3,0.01,0.01,135,3738.5,2807.5,-0.5,0.5,-0.5,0.5;
custom,cuboid,metal1,5,0.7,0.3,1,0.9,0.8,0.3,0.01,0.01,158.5,3765,2807.5,-0.7071068,0,0,0.7071068;
custom,cuboid,metal1,5,0.7,0.3,1,0.9,0.8,0.3,0.01,0.01,161.5,3715,2807.5,-0.7071068,0,0,0.7071068;
custom,cuboid,metal1,5,0.7,0.3,1,0.9,0.8,0.3,0.01,0.01,185,3741.5,2807.5,-0.5,0.5,-0.5,0.5;
custom,cuboid,metal1,5,2.2,0.5,1,0.9,0.8,0.3,0.01,0.01,310,3477.5,2705,0,0,-0.7071068,0.7071068;
custom,cuboid,metal1,5,2.2,0.5,1,0.9,0.8,0.3,0.01,0.01,310,3482.5,2655,0,0,-0.7071068,0.7071068;
custom,cuboid,metal1,5,2.2,0.5,1,0.9,0.8,0.3,0.01,0.01,310,3647.5,3145,0,0,-0.7071068,0.7071068;
custom,cuboid,metal1,5,2.2,0.5,1,0.9,0.8,0.3,0.01,0.01,310,3652.5,3095,0,0,-0.7071068,0.7071068;
custom,cuboid,metal1,50,1.5,2,1,1,0.8,0,0.01,0.01,62.49996,3590,2565,0.5,-0.5,-0.5,0.5;
custom,cuboid,metal1,6,0.1,2.1,1,0.9,0.8,0.3,0.01,0.01,-190,3655,2770,0.5,-0.5,-0.5,0.5;
custom,cuboid,metal1,6,0.1,2.1,1,0.9,0.8,0.3,0.01,0.01,-230,3655,2770,0.5,-0.5,-0.5,0.5;
custom,cuboid,metal1,6,1,20,1,0.9,0.8,0.3,0.01,0.01,-94,3556.5,2705,0,0,0.2425356,0.9701425;
custom,cuboid,metal1,6,1,20,1,0.9,0.8,0.3,0.01,0.01,-94,3793.5,2705,0,0,-0.2425356,0.9701425;
custom,cuboid,metal1,6,1,20,1,0.9,0.8,0.3,0.01,0.01,104,3556.5,2705,0,0,-0.2425356,0.9701425;
custom,cuboid,metal1,6,1,20,1,0.9,0.8,0.3,0.01,0.01,104,3793.5,2705,0,0,0.2425356,0.9701425;
custom,cuboid,metal2,1,0.5,6,1,0.875,0.875,1,0.01,0.6,280,3480,3107.5,-0.7071068,0,0,0.7071068;
custom,cuboid,metal2,1.5,0.5009996,5,1,0.875,0.875,1,0.01,0.5,-202.5,3462.5,3014.753,0,0,0,1;
custom,cuboid,metal2,1.5,0.5014699,2,1,0.875,0.875,1,0.01,0.2,-200,3417.5,3002.253,0.5,-0.5,-0.5,0.5;
custom,cuboid,metal2,1.5,0.5039811,5,1,0.875,0.875,1,0.01,0.5,-202.5,3437.5,3014.753,0,0,0,1;
custom,cuboid,metal2,10,0.5,6,1,0.875,0.875,1,0.01,0.6,-167.5,3500,3135,0,0,-0.7071068,0.7071068;
custom,cuboid,metal2,11,0.5,11,1,1,1,1,0.01,1.1,-243.4808,3603.039,2921.962,0.5,-0.5,0.5,0.5;
custom,cuboid,metal2,11,0.5,11,1,1,1,1,0.01,1.1,-268.4808,3603.039,2921.962,0.5,-0.5,0.5,0.5;
custom,cuboid,metal2,2,0.5,11,1,1,1,1,0.01,1.1,-255.9808,3655.539,2921.962,0,0,0,1;
custom,cuboid,metal2,2,0.5,24,1,1,1,1,0.01,2.4,-255.9808,3627.5,2750,0,0,0,1;
custom,cuboid,metal2,2,0.5,25,1,1,1,1,0.01,2.5,-255.9808,3652.5,2755,0,0,0,1;
custom,cuboid,metal2,2,0.5,6,1,1,1,1,0.01,0.6,-255.9808,3572.769,2934.796,0.5,0,0,0.8660254;
custom,cuboid,metal2,2,0.5,6,1,1,1,1,0.01,0.6,-255.9808,3612.835,2894.731,0.2588191,0,0,0.9659259;
custom,cuboid,metal2,2,0.5,8,1,1,1,1,0.01,0.8,-255.9808,3585.269,2956.447,0.5,0,0,0.8660254;
custom,cuboid,metal2,2,0.5,8,1,1,1,1,0.01,0.8,-255.9808,3634.486,2907.231,0.2588191,0,0,0.9659259;
custom,cuboid,metal2,2,0.5000001,9.500001,1,1,1,1,0.01,0.9500001,-255.9808,3605.539,2974.462,-0.7071068,0,0,0.7071068;
custom,cuboid,metal2,2,27.24735,0.5,1,0.875,0.875,1,0.01,2.8,-58.04543,3472.363,2994.753,0.4999999,-0.5,0.5000001,0.5;
custom,cuboid,metal2,2,27.24735,0.5,1,0.875,0.875,1,0.01,2.8,-58.04543,3479.911,2987.186,-0.0009551,0.0009588995,0.7071081,0.7071043;
custom,cuboid,metal2,2,27.24735,0.5,1,0.875,0.875,1,0.01,2.8,-58.04543,3479.952,3002.32,-0.0009551,0.0009588995,0.7071081,0.7071043;
custom,cuboid,metal2,2,28.54735,0.5,1,0.875,0.875,1,0.01,2.8,-63.64745,3487.5,2994.753,0.4999999,-0.5,0.5000001,0.5;
custom,cuboid,metal2,2,3.5,0.5000001,1,0.875,0.875,1,0.01,0.35,-199.9938,3492.452,2987.294,2.1E-06,0.9999913,0,0.0041725;
custom,cuboid,metal2,2,3.5,0.5000001,1,0.875,0.875,1,0.01,0.35,-199.9938,3492.452,3002.08,2.1E-06,0.9999913,0,0.0041725;
custom,cuboid,metal2,2,4,16,1,1,1,1,0.01,0.4,-200,3635,2690,0,0,-0.7071068,0.7071068;
custom,cuboid,metal2,2,4,16,1,1,1,1,0.01,0.4,-200,3675,2690,0,0,-0.7071068,0.7071068;
custom,cuboid,metal2,2,6,16,1,1,1,1,0.01,0.6,-190,3655,2690,0,0,0,1;
custom,cuboid,metal2,2.45,5.95,12.05,1,1,1,1,0.01,0.6,-232.5,3655,2710,0,0,0,1;
custom,cuboid,metal2,2.5,6,12,1,1,1,1,0.01,0.6,-232.5,3655,2710,0,0,0,1;
custom,cuboid,metal2,2.95,0.55,6,1,1,1,1,0.01,0.6,-255.9808,3518.005,2949.461,0.7071068,0,0,0.7071068;
custom,cuboid,metal2,2.95,0.55,7,1,1,1,1,0.01,0.7,-255.9808,3523.072,2974.462,0.7071068,0,0,0.7071068;
custom,cuboid,metal2,3,0.5,1.5,1,0.875,0.875,1,0.01,0.15,260,3457.5,3107.5,-0.7071068,0,0,0.7071068;
custom,cuboid,metal2,3,0.5,1.5,1,0.875,0.875,1,0.01,0.15,260,3502.5,3107.5,-0.7071068,0,0,0.7071068;
custom,cuboid,metal2,3,0.5,6,1,1,1,1,0.01,0.6,-243.4808,3518.039,2961.962,0.5,-0.5,0.5,0.5;
custom,cuboid,metal2,3,0.5,6,1,1,1,1,0.01,0.6,-268.4808,3518.039,2961.962,0.5,-0.5,0.5,0.5;
custom,cuboid,metal2,3,0.5000001,22,1,1,1,1,0.01,2.2,-243.4808,3640,2760,0,0,-0.7071068,0.7071068;
custom,cuboid,metal2,3,0.5000001,26,1,1,1,1,0.01,2.6,-268.4808,3640,2740,0,0,-0.7071068,0.7071068;
custom,cuboid,metal2,3,0.5014961,4.5,1,0.875,0.875,1,0.01,0.45,-195,3422.5,3022.253,0,0,0,1;
custom,cuboid,metal2,3,0.5020142,2,1,0.875,0.875,1,0.01,0.2,-197.5,3450,3034.485,0,0,-0.7071068,0.7071068;
custom,cuboid,metal2,3,0.510987,4.5,1,0.875,0.875,1,0.01,0.45,-195,3477.5,3023.685,0,0,0,1;
custom,cuboid,metal2,3,1,3,1,1,0.875,0.875,0.01,0.3,162.5376,3480,2777.786,0.5,-0.5,-0.5,0.5;
custom,cuboid,metal2,3,1,3,1,1,0.875,0.875,0.01,0.3,182.4869,3480,2994.753,0,0,-0.7071068,0.7071068;
custom,cuboid,metal2,3,1,3,1,1,0.875,0.875,0.01,0.3,279.9504,3480,2797.786,0,0,-0.7071068,0.7071068;
custom,cuboid,metal2,3,10,1,1,1,0.875,0.875,0.01,1,127.2375,3465.05,2994.753,-0.4744751,0.5242838,-0.474475,-0.5242838;
custom,cuboid,metal2,3,10,1,1,1,0.875,0.875,0.01,1,127.2375,3480,3009.703,0.0352201,0.0352201,-0.706229,-0.7062293;
custom,cuboid,metal2,3,10,1,1,1,0.875,0.875,0.01,1,127.2375,3494.95,2994.753,-0.5242836,0.4744752,-0.5242836,-0.4744752;
custom,cuboid,metal2,3,10,1,1,1,0.875,0.875,0.01,1,147.537,3480,2932.539,0.5242837,0.5242836,0.4744751,0.4744752;
custom,cuboid,metal2,3,10,1,1,1,0.875,0.875,0.01,1,162.4869,3494.95,2833.035,-1E-07,0.6710092,0.7414491,1E-07;
custom,cuboid,metal2,3,10,1,1,1,0.875,0.875,0.01,1,162.4869,3494.95,2932.539,-1E-07,0.6710092,0.7414491,1E-07;
custom,cuboid,metal2,3,10,1,1,1,0.875,0.875,0.01,1,177.4368,3480,2932.539,0.4744752,0.4744751,0.5242836,0.5242837;
custom,cuboid,metal2,3,10,1,1,1,0.875,0.875,0.01,1,224.701,3465.05,2797.786,-0.4744751,0.5242836,0.4744751,0.5242838;
custom,cuboid,metal2,3,10,1,1,1,0.875,0.875,0.01,1,224.701,3480,2782.836,-0.7062292,0.7062291,0.03522,-0.03522;
custom,cuboid,metal2,3,10,1,1,1,0.875,0.875,0.01,1,224.701,3494.95,2797.786,-0.5242836,0.4744751,0.5242836,0.4744751;
custom,cuboid,metal2,3,10,1,1,1,0.875,0.875,0.01,1,245.05,3480,2860,-0.4744751,0.4744751,-0.5242836,0.5242838;
custom,cuboid,metal2,3,10,1,1,1,0.875,0.875,0.01,1,245.0501,3480,2959.5,-0.4744751,0.4744751,-0.5242836,0.5242838;
custom,cuboid,metal2,3,10,1,1,1,0.875,0.875,0.01,1,245.0501,3480,3060,-0.4744751,0.4744751,-0.5242836,0.5242838;
custom,cuboid,metal2,3,10,1,1,1,0.875,0.875,0.01,1,260,3465.05,2860,-0.6710092,0,0,0.7414491;
custom,cuboid,metal2,3,10,1,1,1,0.875,0.875,0.01,1,260,3465.05,2959.5,-0.6710092,0,0,0.7414491;
custom,cuboid,metal2,3,10,1,1,1,0.875,0.875,0.01,1,260,3465.05,3060,-0.6710092,0,0,0.7414491;
custom,cuboid,metal2,3,10,1,1,1,0.875,0.875,0.01,1,260,3494.95,2860,-0.7414491,0,0,0.6710092;
custom,cuboid,metal2,3,10,1,1,1,0.875,0.875,0.01,1,260,3494.95,2959.5,-0.7414491,0,0,0.6710092;
custom,cuboid,metal2,3,10,1,1,1,0.875,0.875,0.01,1,260,3494.95,3060,-0.7414491,0,0,0.6710092;
custom,cuboid,metal2,3,10,1,1,1,0.875,0.875,0.01,1,274.9499,3480,2860,-0.5242836,0.5242836,-0.4744751,0.4744751;
custom,cuboid,metal2,3,10,1,1,1,0.875,0.875,0.01,1,274.9499,3480,2959.5,-0.5242836,0.5242836,-0.4744751,0.4744751;
custom,cuboid,metal2,3,10,1,1,1,0.875,0.875,0.01,1,274.9499,3480,3060,-0.5242836,0.5242836,-0.4744751,0.4744751;
custom,cuboid,metal2,3,2,2,1,1,1,1,0.01,0.2,-227.9904,3628.84,2640,0,0,0.2588191,0.9659259;
custom,cuboid,metal2,3,7,1,1,1,0.875,0.875,0.01,0.7,175.9445,3480,2847.961,-0.5242837,0.5242837,0.4744751,-0.4744751;
custom,cuboid,metal2,3,7.000001,1,1,1,0.875,0.875,0.01,0.7,112.312,3480,2981.296,-0.03522,-0.03522,-0.7062291,-0.7062292;
custom,cuboid,metal2,3,7.000001,1,1,1,0.875,0.875,0.01,0.7,209.7754,3480,2811.244,-0.7062292,0.7062291,-0.03522,0.03522;
custom,cuboid,metal2,3.000001,10,1,1,1,0.875,0.875,0.01,1,147.537,3480,2833.035,-0.4744751,0.4744751,0.5242837,-0.5242837;
custom,cuboid,metal2,3.000001,10,1,1,1,0.875,0.875,0.01,1,162.4869,3465.05,2833.035,-1E-07,0.7414491,0.6710092,1E-07;
custom,cuboid,metal2,3.000001,10,1,1,1,0.875,0.875,0.01,1,162.4869,3465.05,2932.539,-1E-07,0.7414491,0.6710092,1E-07;
custom,cuboid,metal2,36,0.5,6,1,0.875,0.875,1,0.01,0.6,65,3480,3107.5,-0.7071068,0,0,0.7071068;
custom,cuboid,metal2,4,2,2,1,1,1,1,0.01,0.2,-233.6603,3668.66,2640,0,0,0.2588191,0.9659259;
custom,cuboid,metal2,4.5,0.5085184,6,1,0.875,0.875,1,0.01,0.6,-112.5,3527.5,3135,0,0,-0.7071068,0.7071068;
custom,cuboid,metal2,40,0.5,6,1,0.875,0.875,1,0.01,0.6,85,3480,3162.5,-0.7071068,0,0,0.7071068;
custom,cuboid,metal2,40,0.5065468,5,1,0.875,0.875,1,0.01,0.5,85,3507.5,3135,0,0,0,1;
custom,cuboid,metal2,45,0.5,5,1,0.875,0.875,1,0.01,0.5,60,3452.5,3135,0,0,0,1;
custom,cuboid,metal2,5,0.5,16,1,0.875,0.875,1,0.01,1.6,-140,3530,3162.5,-0.7071068,0,0,0.7071068;
custom,cuboid,metal2,5,0.5,35,1,0.875,0.875,1,0.01,3.5,-140,3607.5,2985,0,0,0,1;
custom,cuboid,metal2,5,0.5020489,30,1,0.875,0.875,1,0.01,3,-140,3552.5,2960,0,0,0,1;
custom,cuboid,metal2,5,0.5048255,10.5,1,0.875,0.875,1,0.01,1.05,-140,3502.5,3107.5,-0.7071068,0,0,0.7071068;
custom,cuboid,metal2,6,0.5,3,1,0.875,0.875,1,0.01,0.3,-195,3450,3042.253,0.5,-0.5,-0.5,0.5;
custom,cuboid,metal2,6,0.5,35.5,1,0.875,0.875,1,0.01,3.55,-112.5,3580,2987.5,0,0,-0.7071068,0.7071068;
custom,cuboid,metal2,6,0.5,35.5,1,0.875,0.875,1,0.01,3.55,-167.5,3580,2987.5,0,0,-0.7071068,0.7071068;
custom,cuboid,metal2,6,0.5,6,1,0.875,0.875,1,0.01,0.6,287.5,3480,3135,0,0,-0.7071068,0.7071068;
custom,cuboid,metal2,6,0.5028797,1.5,1,0.875,0.875,1,0.01,0.15,-187.5,3450,3027.253,0.5,-0.5,-0.5,0.5;
custom,cuboid,metal2,6.000001,0.5000001,2,1,0.875,0.875,1,0.01,0.2,-182.5,3450,3034.753,0,0,-0.7071068,0.7071068;
custom,cuboid,metal2,6.5,0.5,2,1,0.875,0.875,1,0.01,0.2,-200,3442.5,2987.253,0.5,-0.5,-0.5,0.5;
custom,cuboid,metal2,6.500001,0.5025426,4.5,1,0.875,0.875,1,0.01,0.45,-192.5,3442.5,3007.253,0,0,-0.7071068,0.7071068;
custom,cuboid,metal2,7,2,6.000001,1,1,1,1,0.01,0.6000001,-235,3655,2620,-0.7071068,0,0,0.7071068;
custom,cuboid,metal2,8.000001,0.5000001,6,1,0.875,0.875,1,0.01,0.6,-207.5,3450,3014.753,0,0,-0.7071068,0.7071068;
custom,cuboid,metal3,0.1,6,0.1,1,0.1,0.1,0.1,0.01,0.01,-25.85786,3390,2730,0,0.3826834,0,0.9238796;
custom,cuboid,metal3,0.1,6,0.1,1,0.1,0.1,0.1,0.01,0.01,-30,3390,2720,0,0,0,1;
custom,cuboid,metal3,0.1,6,0.1,1,0.1,0.1,0.1,0.01,0.01,-30,3390,2740,0,0,0,1;
custom,cuboid,metal3,0.1,6,0.1,1,0.1,0.1,0.1,0.01,0.01,-40,3390,2715.858,0,0.3826834,0,0.9238796;
custom,cuboid,metal3,0.1,6,0.1,1,0.1,0.1,0.1,0.01,0.01,-40,3390,2744.142,0,0.3826834,0,0.9238796;
custom,cuboid,metal3,0.1,6,0.1,1,0.1,0.1,0.1,0.01,0.01,-50,3390,2720,0,0,0,1;
custom,cuboid,metal3,0.1,6,0.1,1,0.1,0.1,0.1,0.01,0.01,-50,3390,2740,0,0,0,1;
custom,cuboid,metal3,0.1,6,0.1,1,0.1,0.1,0.1,0.01,0.01,-54.14214,3390,2730,0,0.3826834,0,0.9238796;
custom,cuboid,metal3,0.5,0.5,1.75,1,0.875,1,0.875,0.01,0.01,-243.709,3377.5,3097.186,0,-0.7071068,0,0.7071068;
custom,cuboid,metal3,0.5,0.5,1.75,1,0.875,1,0.875,0.01,0.01,-243.709,3392.5,3097.186,0,-0.7071068,0,0.7071068;
custom,cuboid,metal3,0.5,0.5,1.75,1,0.875,1,0.875,0.01,0.01,-276.25,3377.5,3097.186,0,-0.7071068,0,0.7071068;
custom,cuboid,metal3,0.5,0.5,1.75,1,0.875,1,0.875,0.01,0.01,-276.25,3392.5,3097.186,0,-0.7071068,0,0.7071068;
custom,cuboid,metal3,0.5,0.5,1.75,1,0.9,0.9,0.3,0.01,0.01,-276.25,3377.5,3097.5,0,-0.7071068,0,0.7071068;
custom,cuboid,metal3,0.5,0.5,1.75,1,0.9,0.9,0.3,0.01,0.01,-276.25,3392.5,3097.5,0,-0.7071068,0,0.7071068;
custom,cuboid,metal3,0.5,0.5,5.75,1,0.9,0.9,0.3,0.01,0.01,-223.75,3377.5,3097.5,0,-0.7071068,0,0.7071068;
custom,cuboid,metal3,0.5,0.5,5.75,1,0.9,0.9,0.3,0.01,0.01,-223.75,3392.5,3097.5,0,-0.7071068,0,0.7071068;
custom,cuboid,metal3,0.5,1,1.5,1,0.9,0.9,0.3,0.01,0.01,-277.5,3385,3097.5,0,-0.7071068,0,0.7071068;
custom,cuboid,metal3,0.5,1,5.5,1,0.9,0.9,0.3,0.01,0.01,-222.5,3385,3097.5,0,-0.7071068,0,0.7071068;
custom,cuboid,metal3,0.5,1.5,9,1,0.9,0.9,0.3,0.01,0.01,-240,3367.5,3097.5,0,-0.7071068,0,0.7071068;
custom,cuboid,metal3,0.5,25,20,1,0.9,0.8,0.8,0.01,0.01,202.5,3675,2705,0,0,0,1;
custom,cuboid,metal3,0.5,4,6,1,0.9,0.8,0.8,0.01,0.01,0,3330,2867.5,0,0.7071068,0,0.7071068;
custom,cuboid,metal3,0.5,4,6,1,0.9,0.8,0.8,0.01,0.01,0,3330,2932.5,0,0.7071068,0,0.7071068;
custom,cuboid,metal3,0.5,4,7,1,0.9,0.8,0.8,0.01,0.01,-32.5,3330,2900,0,0,0,1;
custom,cuboid,metal3,0.5,4,7,1,0.9,0.8,0.8,0.01,0.01,32.5,3330,2900,0,0,0,1;
custom,cuboid,metal3,0.5,51.5,9,1,0.9,0.9,0.3,0.01,0.01,-240,3652.5,3097.5,0,-0.7071068,0,0.7071068;
custom,cuboid,metal3,0.5,55,9,1,0.9,0.9,0.3,0.01,0.01,-240,3635,3182.5,0,-0.7071068,0,0.7071068;
custom,cuboid,metal3,0.5,7,6,1,0.9,0.8,0.8,0.01,0.01,0,3850,2867.5,0,0.7071068,0,0.7071068;
custom,cuboid,metal3,0.5,7,6,1,0.9,0.8,0.8,0.01,0.01,0,3850,2932.5,0,0.7071068,0,0.7071068;
custom,cuboid,metal3,0.5,7,7,1,0.9,0.8,0.8,0.01,0.01,-32.5,3850,2900,0,0,0,1;
custom,cuboid,metal3,0.5,7,7,1,0.9,0.8,0.8,0.01,0.01,32.5,3850,2900,0,0,0,1;
custom,cuboid,metal3,0.5025,0.7,3.4,1,0.875,1,0.875,0.01,0.01,-259.9556,3371.5,3097.186,0,-0.7071068,0,0.7071068;
custom,cuboid,metal3,0.5025,1.1,3.4,1,0.875,1,0.875,0.01,0.01,-259.9556,3400.622,3097.186,0,-0.7071068,0,0.7071068;
custom,cuboid,metal3,0.505,1.4,3.4,1,0.875,1,0.875,0.01,0.01,-242.8177,3385.104,3097.186,-0.4982405,-0.5017534,-0.4982405,0.5017534;
custom,cuboid,metal3,0.505,1.4,3.4,1,0.875,1,0.875,0.01,0.01,-277.3372,3384.912,3097.186,-0.4982405,-0.5017534,-0.4982405,0.5017534;
custom,cuboid,metal3,1,0.01,8,1,0.75,0.5,0.85,0.01,0.01,205,3740,3080.05,-0.7071068,0,0,0.7071067;
custom,cuboid,metal3,1,0.5,38.5,1,0.875,1,0.875,0.01,0.01,-200,3407.5,2797.5,0,0,0,1;
custom,cuboid,metal3,1,0.5,9.5,1,0.875,1,0.875,0.01,0.01,-200,3407.5,3047.5,0,0,0,1;
custom,cuboid,metal3,1,1,1,1,0.1,0.1,0.1,0.01,0.01,-135,3315,2765,0,0,0,1;
custom,cuboid,metal3,1,1,1,1,0.1,0.1,0.1,0.01,0.01,-135,3315,2895,0,0,0,1;
custom,cuboid,metal3,1,1,1,1,0.1,0.1,0.1,0.01,0.01,-135,3315,3025,0,0,0,1;
custom,cuboid,metal3,1,1,1,1,0.1,0.1,0.1,0.01,0.01,-135,3315,3155,0,0,0,1;
custom,cuboid,metal3,1,1,1,1,0.1,0.1,0.1,0.01,0.01,-135,3345,2765,0,0,0,1;
custom,cuboid,metal3,1,1,1,1,0.1,0.1,0.1,0.01,0.01,-135,3345,2895,0,0,0,1;
custom,cuboid,metal3,1,1,1,1,0.1,0.1,0.1,0.01,0.01,-135,3345,3025,0,0,0,1;
custom,cuboid,metal3,1,1,1,1,0.1,0.1,0.1,0.01,0.01,-135,3345,3155,0,0,0,1;
custom,cuboid,metal3,1,1,1,1,0.1,0.1,0.1,0.01,0.01,-215,3315,2685,0,0,0,1;
custom,cuboid,metal3,1,1,1,1,0.1,0.1,0.1,0.01,0.01,-215,3315,2825,0,0,0,1;
custom,cuboid,metal3,1,1,1,1,0.1,0.1,0.1,0.01,0.01,-215,3315,2965,0,0,0,1;
custom,cuboid,metal3,1,1,1,1,0.1,0.1,0.1,0.01,0.01,-215,3315,3105,0,0,0,1;
custom,cuboid,metal3,1,1,1,1,0.1,0.1,0.1,0.01,0.01,-215,3345,2685,0,0,0,1;
custom,cuboid,metal3,1,1,1,1,0.1,0.1,0.1,0.01,0.01,-215,3345,2825,0,0,0,1;
custom,cuboid,metal3,1,1,1,1,0.1,0.1,0.1,0.01,0.01,-215,3345,2965,0,0,0,1;
custom,cuboid,metal3,1,1,1,1,0.1,0.1,0.1,0.01,0.01,-215,3345,3105,0,0,0,1;
custom,cuboid,metal3,1,1,1,1,0.1,0.1,0.1,0.01,0.01,-55,3315,2685,0,0,0,1;
custom,cuboid,metal3,1,1,1,1,0.1,0.1,0.1,0.01,0.01,-55,3315,2815,0,0,0,1;
custom,cuboid,metal3,1,1,1,1,0.1,0.1,0.1,0.01,0.01,-55,3315,2945,0,0,0,1;
custom,cuboid,metal3,1,1,1,1,0.1,0.1,0.1,0.01,0.01,-55,3345,2685,0,0,0,1;
custom,cuboid,metal3,1,1,1,1,0.1,0.1,0.1,0.01,0.01,-55,3345,2815,0,0,0,1;
custom,cuboid,metal3,1,1,1,1,0.1,0.1,0.1,0.01,0.01,-55,3345,2945,0,0,0,1;
custom,cuboid,metal3,1,1,1,1,0.1,0.1,0.1,0.01,0.01,-85,3315,3105,0,0,0,1;
custom,cuboid,metal3,1,1,1,1,0.1,0.1,0.1,0.01,0.01,-85,3345,3105,0,0,0,1;
custom,cuboid,metal3,1,1,1,1,0.1,0.1,0.1,0.01,0.01,145,3315,3025,0,0,0,1;
custom,cuboid,metal3,1,1,1,1,0.1,0.1,0.1,0.01,0.01,145,3345,3025,0,0,0,1;
custom,cuboid,metal3,1,1,1,1,0.1,0.1,0.1,0.01,0.01,225,3315,2685,0,0,0,1;
custom,cuboid,metal3,1,1,1,1,0.1,0.1,0.1,0.01,0.01,225,3315,2845,0,0,0,1;
custom,cuboid,metal3,1,1,1,1,0.1,0.1,0.1,0.01,0.01,225,3315,2945,0,0,0,1;
custom,cuboid,metal3,1,1,1,1,0.1,0.1,0.1,0.01,0.01,225,3315,3105,0,0,0,1;
custom,cuboid,metal3,1,1,1,1,0.1,0.1,0.1,0.01,0.01,225,3345,2685,0,0,0,1;
custom,cuboid,metal3,1,1,1,1,0.1,0.1,0.1,0.01,0.01,225,3345,2845,0,0,0,1;
custom,cuboid,metal3,1,1,1,1,0.1,0.1,0.1,0.01,0.01,225,3345,2945,0,0,0,1;
custom,cuboid,metal3,1,1,1,1,0.1,0.1,0.1,0.01,0.01,225,3345,3105,0,0,0,1;
custom,cuboid,metal3,1,1,1,1,0.1,0.1,0.1,0.01,0.01,5,3315,2685,0,0,0,1;
custom,cuboid,metal3,1,1,1,1,0.1,0.1,0.1,0.01,0.01,5,3315,2845,0,0,0,1;
custom,cuboid,metal3,1,1,1,1,0.1,0.1,0.1,0.01,0.01,5,3315,3025,0,0,0,1;
custom,cuboid,metal3,1,1,1,1,0.1,0.1,0.1,0.01,0.01,5,3315,3155,0,0,0,1;
custom,cuboid,metal3,1,1,1,1,0.1,0.1,0.1,0.01,0.01,5,3345,2685,0,0,0,1;
custom,cuboid,metal3,1,1,1,1,0.1,0.1,0.1,0.01,0.01,5,3345,2845,0,0,0,1;
custom,cuboid,metal3,1,1,1,1,0.1,0.1,0.1,0.01,0.01,5,3345,3025,0,0,0,1;
custom,cuboid,metal3,1,1,1,1,0.1,0.1,0.1,0.01,0.01,5,3345,3155,0,0,0,1;
custom,cuboid,metal3,1,1,1,1,0.1,0.1,0.1,0.01,0.01,55,3315,3105,0,0,0,1;
custom,cuboid,metal3,1,1,1,1,0.1,0.1,0.1,0.01,0.01,55,3345,3105,0,0,0,1;
custom,cuboid,metal3,1,1,1,1,0.1,0.1,0.1,0.01,0.01,85,3315,2765,0,0,0,1;
custom,cuboid,metal3,1,1,1,1,0.1,0.1,0.1,0.01,0.01,85,3345,2765,0,0,0,1;
custom,cuboid,metal3,1,17.99,8.000001,1,0.75,0.5,0.85,0.01,0.01,125,3650,2990,-0.7071068,0,0,0.7071068;
custom,cuboid,metal3,1,6,6,1,0.9,0.8,0.8,0.01,0.01,-100,3450,3060,0,0,0,1;
custom,cuboid,metal3,1,6,8.000001,1,0.9,0.8,0.8,0.01,0.01,-65,3450,3025,0,-0.7071068,0,0.7071068;
custom,cuboid,metal3,1,6,8.000001,1,0.9,0.8,0.8,0.01,0.01,-65,3450,3095,0,-0.7071068,0,0.7071068;
custom,cuboid,metal3,1.1,5.9,6,1,0.9,0.8,0.8,0.01,0.01,-30,3450.5,3060,0,0,0,1;
custom,cuboid,metal3,1.25,0.5,4.5,1,0.5,0.5,0.5,0.01,0.01,-51.25,3475,2785,0,0,0,1;
custom,cuboid,metal3,1.25,0.5,5,1,0.5,0.5,0.5,0.01,0.01,-51.25,3515,2785,0,0,0,1;
custom,cuboid,metal3,10,1,10,1,0.75,0.5,0.85,0.01,0.01,295,3650,2860,-0.5,-0.5,-0.5,0.5;
custom,cuboid,metal3,11,0.5,49,1,0.875,1,0.875,0.01,0.01,-230,3362.5,2850,0,0,0,1;
custom,cuboid,metal3,11,0.5,6,1,0.9,0.8,0.8,0.01,0.01,-297.5,3470,2960,0.5,-0.5,0.5,0.5;
custom,cuboid,metal3,11.5,0.5,25,1,0.9,0.8,0.8,0.01,0.01,242.5,3675,2807.5,-0.7071068,0,0,0.7071068;
custom,cuboid,metal3,13,0.5,6,1,0.9,0.8,0.8,0.01,0.01,-210,3750,2627.5,0.5,-0.5,-0.5,0.5;
custom,cuboid,metal3,15,0.5,5.5,1,0.5,0.5,0.5,0.01,0.01,-109.0735,3502.986,2960,0,0,0.0871557,0.9961947;
custom,cuboid,metal3,15,0.5,5.5,1,0.5,0.5,0.5,0.01,0.01,-118.4265,3462.014,2960,0,0,0.0871557,0.9961947;
custom,cuboid,metal3,15,3,1,1,0.5,0.5,0.5,0.01,0.01,195,3360,2590,0,0,0,1;
custom,cuboid,metal3,15,3,1,1,0.5,0.5,0.5,0.01,0.01,195,3440,2590,0,0,0,1;
custom,cuboid,metal3,16.7,0.5000001,7.000001,1,0.5,0.5,0.5,0.01,0.01,-129,3482.5,2935,-0.7071068,0,0,0.7071068;
custom,cuboid,metal3,17,1,9,1,0.75,0.5,0.85,0.01,0.01,125,3645,2815,-0.7071068,0,0,0.7071068;
custom,cuboid,metal3,17.99,1,9.01,1,0.75,0.5,0.85,0.01,0.01,120,3695,2855,0,0,0,1;
custom,cuboid,metal3,17.99,1,9.99,1,0.75,0.5,0.85,0.01,0.01,210,3650,2905,-0.7071068,0,0,0.7071068;
custom,cuboid,metal3,18.49,1,8,1,0.75,0.5,0.85,0.01,0.01,212.5,3650,3075,-0.7071068,0,0,0.7071068;
custom,cuboid,metal3,2,0.5,1,1,0.9,0.8,0.8,0.01,0.01,265,3315,3105,-0.7071068,0,0,0.7071068;
custom,cuboid,metal3,2,0.5,1,1,0.9,0.8,0.8,0.01,0.01,265,3345,3105,-0.7071068,0,0,0.7071068;
custom,cuboid,metal3,2,0.5,25,1,0.9,0.8,0.8,0.01,0.01,-165,3675,2807.5,-0.7071068,0,0,0.7071068;
custom,cuboid,metal3,2,0.5,49,1,0.875,1,0.875,0.01,0.01,-185,3407.5,2850,0,0,0,1;
custom,cuboid,metal3,2,0.5000001,5,1,0.9,0.8,0.8,0.01,0.01,-57.50002,3465,2785,0.7071068,-0.7071068,-1E-07,1E-07;
custom,cuboid,metal3,2,0.5000001,5,1,0.9,0.8,0.8,0.01,0.01,-57.50002,3525,2785,0.7071068,-0.7071068,-1E-07,1E-07;
custom,cuboid,metal3,2.5,0.3,2.5,1,0.1,0.1,0.1,0.01,0.01,-40,3360,2730,0,0,0,1;
custom,cuboid,metal3,2.5,0.3,2.5,1,0.1,0.1,0.1,0.01,0.01,-40,3360,2730,0,0.3826834,0,0.9238796;
custom,cuboid,metal3,2.5,0.3,2.5,1,0.1,0.1,0.1,0.01,0.01,-40,3420,2730,0,0,0,1;
custom,cuboid,metal3,2.5,0.3,2.5,1,0.1,0.1,0.1,0.01,0.01,-40,3420,2730,0,0.3826834,0,0.9238796;
custom,cuboid,metal3,2.5,0.5,13,1,0.9,0.8,0.8,0.01,0.01,-242.5,3750,2637.5,0.5,-0.5,0.5,0.5;
custom,cuboid,metal3,2.5,0.5,6,1,0.9,0.8,0.8,0.01,0.01,-212.5,3470,2922.5,0.5,-0.5,0.5,0.5;
custom,cuboid,metal3,2.5,0.5,6,1,0.9,0.8,0.8,0.01,0.01,-212.5,3470,2997.5,0.5,-0.5,0.5,0.5;
custom,cuboid,metal3,2.5,0.75,2.5,1,0.1,0.1,0.1,0.01,0.01,-40,3377.5,2730,0,0,0,1;
custom,cuboid,metal3,2.5,0.75,2.5,1,0.1,0.1,0.1,0.01,0.01,-40,3377.5,2730,0,0.3826834,0,0.9238796;
custom,cuboid,metal3,2.5,0.75,2.5,1,0.1,0.1,0.1,0.01,0.01,-40,3402.5,2730,0,0,0,1;
custom,cuboid,metal3,2.5,0.75,2.5,1,0.1,0.1,0.1,0.01,0.01,-40,3402.5,2730,0,0.3826834,0,0.9238796;
custom,cuboid,metal3,20,0.5,25,1,0.9,0.8,0.8,0.01,0.01,-172.5,3675,2705,-0.5,-0.5,-0.5,0.5;
custom,cuboid,metal3,21,1,8.000001,1,0.9,0.8,0.8,0.01,0.01,195,3400,3200,-0.7071068,0,0,0.7071068;
custom,cuboid,metal3,22,0.5,8,1,0.9,0.8,0.8,0.01,0.01,-297.5002,3495,2715,0.5,-0.5,-0.5000001,-0.5;
custom,cuboid,metal3,22,0.5000001,7.000001,1,0.5,0.5,0.5,0.01,0.01,-102.5,3482.5,2985,-0.7071068,0,0,0.7071068;
custom,cuboid,metal3,25,0.5000001,10,1,0.9,0.8,0.8,0.01,0.01,-174.9999,3495,2827.5,-1E-07,-0.7071068,-0.7071068,1E-07;
custom,cuboid,metal3,25,6,0.5,1,0.9,0.8,0.8,0.01,0.01,-40,3390,2602.5,0,0,0,1;
custom,cuboid,metal3,26,0.5,25,1,0.9,0.8,0.8,0.01,0.01,5,3675,2807.5,-0.7071068,0,0,0.7071068;
custom,cuboid,metal3,26,1,26.49,1,0.75,0.5,0.85,0.01,0.01,170,3695,3032.5,0,0,0,1;
custom,cuboid,metal3,26,1,34,1,0.75,0.5,0.85,0.01,0.01,170,3605,2990,0,0,0,1;
custom,cuboid,metal3,26,1,18,1,0.75,0.5,0.85,0.01,0.01,170,3690,3165,-0.7071068,0,0,0.7071068;
custom,cuboid,metal3,26.5,0.5,7,1,0.9,0.8,0.8,0.01,0.01,-210,3752.5,3077.5,0.5,-0.5,-0.5,0.5;
custom,cuboid,metal3,27,0.5,36,1,0.75,0.5,0.85,0.01,0.01,165,3782.5,2990,0,0,0,1;
custom,cuboid,metal3,27,0.9999999,9.49,1,0.75,0.5,0.85,0.01,0.01,205,3737.5,2945,-0.5,-0.5,-0.5000001,0.4999999;
custom,cuboid,metal3,3,0.5,1.5,1,0.9,0.8,0.8,0.01,0.01,-140,3557.5,2807.5,-0.7071068,0,0,0.7071068;
custom,cuboid,metal3,3,0.5,11,1,0.875,1,0.875,0.01,0.01,-230,3395,2614.665,0.6123725,-0.3535534,-0.6123725,0.3535534;
custom,cuboid,metal3,3,0.5,20.5,1,0.9,0.8,0.8,0.01,0.01,-140,3697.5,2807.5,-0.7071068,0,0,0.7071068;
custom,cuboid,metal3,3,0.5,4,1,0.9,0.8,0.8,0.01,0.01,240,3330,3105,-0.7071068,0,0,0.7071068;
custom,cuboid,metal3,3,0.5,4,1,0.9,0.8,0.8,0.01,0.01,290,3330,3105,-0.7071068,0,0,0.7071068;
custom,cuboid,metal3,3,0.5,44,1,0.875,1,0.875,0.01,0.01,-220,3375,2875,0,0,-0.5,0.8660254;
custom,cuboid,metal3,3,0.5,44,1,0.875,1,0.875,0.01,0.01,-240,3395,2875,0,0,-0.5,0.8660254;
custom,cuboid,metal3,3,0.5,49,1,0.875,1,0.875,0.01,0.01,-180,3395,2850,0,0,-0.5,0.8660254;
custom,cuboid,metal3,3,0.5,49,1,0.875,1,0.875,0.01,0.01,-280,3375,2850,0,0,-0.5,0.8660254;
custom,cuboid,metal3,3,0.5,5.5,1,0.5,0.5,0.5,0.01,0.01,-197.5,3450,2960,0,0,0,1;
custom,cuboid,metal3,3,0.5,5.5,1,0.5,0.5,0.5,0.01,0.01,-197.5,3490,2960,0,0,0,1;
custom,cuboid,metal3,3,0.5000001,44,1,0.875,1,0.875,0.01,0.01,-220,3395,2875,0,0,-0.8660254,0.5;
custom,cuboid,metal3,3,0.5000001,44,1,0.875,1,0.875,0.01,0.01,-240,3375,2875,0,0,-0.8660254,0.5;
custom,cuboid,metal3,3,0.5000001,49,1,0.875,1,0.875,0.01,0.01,-180,3375,2850,0,0,-0.8660254,0.5;
custom,cuboid,metal3,3,0.5000001,49,1,0.875,1,0.875,0.01,0.01,-280,3395,2850,0,0,-0.8660254,0.5;
custom,cuboid,metal3,3,8,0.1,1,0.9,0.8,0.8,0.01,0.01,105,3400,2600.5,0,0,0,1;
custom,cuboid,metal3,3,8,0.1,1,0.9,0.8,0.8,0.01,0.01,285,3400,2600.5,0,0,0,1;
custom,cuboid,metal3,3.000001,0.5000001,11,1,0.875,1,0.875,0.01,0.01,-230,3375,2614.665,0.3535534,-0.6123725,-0.3535534,0.6123725;
custom,cuboid,metal3,3.8,0.75,1.5,1,0.9,1,1,0.01,0.01,-221,3495,3140,0,0.9961947,-0.0871557,0;
custom,cuboid,metal3,3.8,0.75,1.5,1,0.9,1,1,0.01,0.01,-221,3675,3140,0,0.9961947,-0.0871557,0;
custom,cuboid,metal3,3.8,0.75,1.5,1,0.9,1,1,0.01,0.01,-221,3855,3140,0,0.9961947,-0.0871557,0;
custom,cuboid,metal3,3.8,0.75,1.5,1,0.9,1,1,0.01,0.01,-222.1458,3485,3146.498,0.0151344,0.9810603,-0.0858316,0.1729874;
custom,cuboid,metal3,3.8,0.75,1.5,1,0.9,1,1,0.01,0.01,-222.1458,3505,3133.502,-0.0151344,0.9810603,-0.0858316,-0.1729874;
custom,cuboid,metal3,3.8,0.75,1.5,1,0.9,1,1,0.01,0.01,-222.1458,3665,3146.498,0.0151344,0.9810603,-0.0858316,0.1729874;
custom,cuboid,metal3,3.8,0.75,1.5,1,0.9,1,1,0.01,0.01,-222.1458,3685,3133.502,-0.0151344,0.9810603,-0.0858316,-0.1729874;
custom,cuboid,metal3,3.8,0.75,1.5,1,0.9,1,1,0.01,0.01,-222.1458,3845,3146.498,0.0151344,0.9810603,-0.0858316,0.1729874;
custom,cuboid,metal3,3.8,0.75,1.5,1,0.9,1,1,0.01,0.01,-222.1458,3865,3133.502,-0.0151344,0.9810603,-0.0858316,-0.1729874;
custom,cuboid,metal3,3.8,0.75,1.5,1,0.9,1,1,0.01,0.01,-225.4452,3475,3152.213,0.029809,0.9361168,-0.0818996,0.3407187;
custom,cuboid,metal3,3.8,0.75,1.5,1,0.9,1,1,0.01,0.01,-225.4452,3515,3127.787,-0.029809,0.9361168,-0.0818996,-0.3407186;
custom,cuboid,metal3,3.8,0.75,1.5,1,0.9,1,1,0.01,0.01,-225.4452,3655,3152.213,0.029809,0.9361168,-0.0818996,0.3407187;
custom,cuboid,metal3,3.8,0.75,1.5,1,0.9,1,1,0.01,0.01,-225.4452,3695,3127.787,-0.029809,0.9361168,-0.0818996,-0.3407186;
custom,cuboid,metal3,3.8,0.75,1.5,1,0.9,1,1,0.01,0.01,-225.4452,3835,3152.213,0.029809,0.9361168,-0.0818996,0.3407187;
custom,cuboid,metal3,3.8,0.75,1.5,1,0.9,1,1,0.01,0.01,-225.4452,3875,3127.787,-0.029809,0.9361168,-0.0818996,-0.3407186;
custom,cuboid,metal3,3.8,0.75,1.5,1,0.9,1,1,0.01,0.01,-230.5,3525,3123.545,-0.0435779,0.8627299,-0.0754791,-0.4980974;
custom,cuboid,metal3,3.8,0.75,1.5,1,0.9,1,1,0.01,0.01,-230.5,3705,3123.545,-0.0435779,0.8627299,-0.0754791,-0.4980974;
custom,cuboid,metal3,3.8,0.75,1.5,1,0.9,1,1,0.01,0.01,-230.5,3885,3123.545,-0.0435779,0.8627299,-0.0754791,-0.4980974;
custom,cuboid,metal3,3.8,0.75,1.5,1,0.9,1,1,0.01,0.01,-236.7007,3455,3158.711,0.0560226,0.7631294,-0.0667652,0.6403416;
custom,cuboid,metal3,3.8,0.75,1.5,1,0.9,1,1,0.01,0.01,-236.7007,3535,3121.289,-0.0560226,0.7631294,-0.0667652,-0.6403416;
custom,cuboid,metal3,3.8,0.75,1.5,1,0.9,1,1,0.01,0.01,-236.7007,3635,3158.711,0.0560226,0.7631294,-0.0667652,0.6403416;
custom,cuboid,metal3,3.8,0.75,1.5,1,0.9,1,1,0.01,0.01,-236.7007,3715,3121.289,-0.0560226,0.7631294,-0.0667652,-0.6403416;
custom,cuboid,metal3,3.8,0.75,1.5,1,0.9,1,1,0.01,0.01,-236.7007,3815,3158.711,0.0560226,0.7631294,-0.0667652,0.6403416;
custom,cuboid,metal3,3.8,0.75,1.5,1,0.9,1,1,0.01,0.01,-236.7007,3895,3121.289,-0.0560226,0.7631294,-0.0667652,-0.6403416;
custom,cuboid,metal3,3.8,0.75,1.5,1,0.9,1,1,0.01,0.01,-243.2993,3445,3158.711,0.0667652,0.6403416,-0.0560226,0.7631294;
custom,cuboid,metal3,3.8,0.75,1.5,1,0.9,1,1,0.01,0.01,-243.2993,3545,3121.289,-0.0667652,0.6403416,-0.0560226,-0.7631294;
custom,cuboid,metal3,3.8,0.75,1.5,1,0.9,1,1,0.01,0.01,-243.2993,3625,3158.711,0.0667652,0.6403416,-0.0560226,0.7631294;
custom,cuboid,metal3,3.8,0.75,1.5,1,0.9,1,1,0.01,0.01,-243.2993,3725,3121.289,-0.0667652,0.6403416,-0.0560226,-0.7631294;
custom,cuboid,metal3,3.8,0.75,1.5,1,0.9,1,1,0.01,0.01,-243.2993,3805,3158.711,0.0667652,0.6403416,-0.0560226,0.7631294;
custom,cuboid,metal3,3.8,0.75,1.5,1,0.9,1,1,0.01,0.01,-243.2993,3905,3121.289,-0.0667652,0.6403416,-0.0560226,-0.7631294;
custom,cuboid,metal3,3.8,0.75,1.5,1,0.9,1,1,0.01,0.01,-249.5,3435,3156.455,0.0754791,0.4980974,-0.0435779,0.86273;
custom,cuboid,metal3,3.8,0.75,1.5,1,0.9,1,1,0.01,0.01,-249.5,3555,3123.545,-0.0754791,0.4980974,-0.0435779,-0.8627299;
custom,cuboid,metal3,3.8,0.75,1.5,1,0.9,1,1,0.01,0.01,-249.5,3615,3156.455,0.0754791,0.4980974,-0.0435779,0.86273;
custom,cuboid,metal3,3.8,0.75,1.5,1,0.9,1,1,0.01,0.01,-249.5,3735,3123.545,-0.0754791,0.4980974,-0.0435779,-0.8627299;
custom,cuboid,metal3,3.8,0.75,1.5,1,0.9,1,1,0.01,0.01,-249.5,3795,3156.455,0.0754791,0.4980974,-0.0435779,0.86273;
custom,cuboid,metal3,3.8,0.75,1.5,1,0.9,1,1,0.01,0.01,-249.5,3915,3123.545,-0.0754791,0.4980974,-0.0435779,-0.8627299;
custom,cuboid,metal3,3.8,0.75,1.5,1,0.9,1,1,0.01,0.01,-254.5548,3425,3152.213,0.0818996,0.3407187,-0.029809,0.9361168;
custom,cuboid,metal3,3.8,0.75,1.5,1,0.9,1,1,0.01,0.01,-254.5548,3565,3127.787,-0.0818996,0.3407187,-0.029809,-0.9361168;
custom,cuboid,metal3,3.8,0.75,1.5,1,0.9,1,1,0.01,0.01,-254.5548,3605,3152.213,0.0818996,0.3407187,-0.029809,0.9361168;
custom,cuboid,metal3,3.8,0.75,1.5,1,0.9,1,1,0.01,0.01,-254.5548,3745,3127.787,-0.0818996,0.3407187,-0.029809,-0.9361168;
custom,cuboid,metal3,3.8,0.75,1.5,1,0.9,1,1,0.01,0.01,-254.5548,3785,3152.213,0.0818996,0.3407187,-0.029809,0.9361168;
custom,cuboid,metal3,3.8,0.75,1.5,1,0.9,1,1,0.01,0.01,-257.8542,3415,3146.498,0.0858316,0.1729874,-0.0151344,0.9810603;
custom,cuboid,metal3,3.8,0.75,1.5,1,0.9,1,1,0.01,0.01,-257.8542,3575,3133.502,-0.0858316,0.1729875,-0.0151345,-0.9810603;
custom,cuboid,metal3,3.8,0.75,1.5,1,0.9,1,1,0.01,0.01,-257.8542,3595,3146.498,0.0858316,0.1729874,-0.0151344,0.9810603;
custom,cuboid,metal3,3.8,0.75,1.5,1,0.9,1,1,0.01,0.01,-257.8542,3755,3133.502,-0.0858316,0.1729875,-0.0151345,-0.9810603;
custom,cuboid,metal3,3.8,0.75,1.5,1,0.9,1,1,0.01,0.01,-257.8542,3775,3146.498,0.0858316,0.1729874,-0.0151344,0.9810603;
custom,cuboid,metal3,3.8,0.75,1.5,1,0.9,1,1,0.01,0.01,-259,3405,3140,0.0871557,0,0,0.9961947;
custom,cuboid,metal3,3.8,0.75,1.5,1,0.9,1,1,0.01,0.01,-259,3585,3140,0.0871557,0,0,0.9961947;
custom,cuboid,metal3,3.8,0.75,1.5,1,0.9,1,1,0.01,0.01,-259,3765,3140,0.0871557,0,0,0.9961947;
custom,cuboid,metal3,3.800001,0.75,1.5,1,0.9,1,1,0.01,0.01,-230.5,3465,3156.455,0.0435779,0.86273,-0.0754791,0.4980974;
custom,cuboid,metal3,3.800001,0.75,1.5,1,0.9,1,1,0.01,0.01,-230.5,3645,3156.455,0.0435779,0.86273,-0.0754791,0.4980974;
custom,cuboid,metal3,3.800001,0.75,1.5,1,0.9,1,1,0.01,0.01,-230.5,3825,3156.455,0.0435779,0.86273,-0.0754791,0.4980974;
custom,cuboid,metal3,3.99,0.4,4,1,0.9,1,1,0.01,0.01,-258,3405.852,3117.06,0,0,0,1;
custom,cuboid,metal3,35,1,8,1,0.75,0.5,0.85,0.01,0.01,295,3740,2985,-0.5,-0.5,-0.5,0.5;
custom,cuboid,metal3,35.5,1,8,1,0.75,0.5,0.85,0.01,0.01,115,3740,2987.5,-0.5,-0.5,-0.5000001,0.5;
custom,cuboid,metal3,36,1,18,1,0.75,0.5,0.85,0.01,0.01,35.00004,3690,2990,-0.5,-0.5,-0.5,0.5;
custom,cuboid,metal3,4.4,1,3.5,1,0.9,0.8,0.8,0.01,0.01,89.99998,3422.5,3130,-0.5,-0.5,-0.5,0.5;
custom,cuboid,metal3,4.5,0.5,1.15,1,0.5,0.5,0.5,0.01,0.01,-51.25,3495,2810,0.5,-0.5,-0.5,0.5;
custom,cuboid,metal3,4.5,0.5,22.5,1,0.5,0.5,0.5,0.01,0.01,-22.5,3475,2875,0,0,0,1;
custom,cuboid,metal3,4.5,0.5,22.5,1,0.5,0.5,0.5,0.01,0.01,-22.5,3515,2875,0,0,0,1;
custom,cuboid,metal3,4.5,0.5,6.25,1,0.5,0.5,0.5,0.01,0.01,-26.25,3495,2760,0.5,-0.5,-0.5,0.5;
custom,cuboid,metal3,4.5,0.5000001,12.9,1,0.5,0.5,0.5,0.01,0.01,-47.5,3495,2872.5,0,0,-0.7071068,0.7071068;
custom,cuboid,metal3,4.5,0.5000001,22.5,1,0.5,0.5,0.5,0.01,0.01,2.499999,3495,2875,0,0,-0.7071068,0.7071068;
custom,cuboid,metal3,4.79,0.4,4,1,0.9,1,1,0.01,0.01,-240,3383.852,3117.06,0,0,-0.7071068,0.7071068;
custom,cuboid,metal3,4.8,1,8,1,0.9,0.8,0.8,0.01,0.01,89.99998,3400,3176,-0.5,-0.5,-0.5,0.5;
custom,cuboid,metal3,40.90001,0.5000001,8.000001,1,0.9,0.8,0.8,0.01,0.01,-10.00003,3495,2687.5,-1E-07,-0.7071068,-0.7071068,1E-07;
custom,cuboid,metal3,42.5,0.5,19.5,1,0.9,0.8,0.8,0.01,0.01,-242.5,3717.5,2862.5,0.5,-0.5,0.5,0.5;
custom,cuboid,metal3,45,0.5,19.5,1,0.9,0.8,0.8,0.01,0.01,-177.5,3717.5,2850,0.5,-0.5,0.5,0.5;
custom,cuboid,metal3,47.5,0.5,25,1,0.9,0.8,0.8,0.01,0.01,62.50004,3675,2602.5,-0.7071068,0,0,0.7071068;
custom,cuboid,metal3,5,0.5,1,1,0.9,0.8,0.8,0.01,0.01,-212.5,3445,2960,0.5,-0.5,0.5,0.5;
custom,cuboid,metal3,5,0.5,1,1,0.9,0.8,0.8,0.01,0.01,-212.5,3495,2960,0.5,-0.5,0.5,0.5;
custom,cuboid,metal3,5,0.5,16.5,1,0.9,0.8,0.8,0.01,0.01,160,3632.5,2807.5,-0.7071068,0,0,0.7071068;
custom,cuboid,metal3,5,0.5,3.5,1,0.9,0.8,0.8,0.01,0.01,160,3782.5,2807.5,-0.7071068,0,0,0.7071068;
custom,cuboid,metal3,5,1,2,1,0.9,0.8,0.8,0.01,0.01,195,3430,3000,-0.7071068,0,0,0.7071068;
custom,cuboid,metal3,5,1,4,1,0.875,1,0.875,0.01,0.01,-200,3385,3047.5,-0.7071068,0,0,0.7071068;
custom,cuboid,metal3,5.9,0.5,8,1,0.9,0.8,0.8,0.01,0.01,-212.5,3495,2715,0.5,-0.5,-0.5000001,-0.5;
custom,cuboid,metal3,5.9,0.5,8,1,0.9,0.8,0.8,0.01,0.01,192.5001,3495,2715,0.5,-0.5,-0.5000001,-0.5;
custom,cuboid,metal3,50.8,1,8,1,0.9,0.8,0.8,0.01,0.01,89.99998,3400,2854,-0.5,-0.5,-0.5,0.5;
custom,cuboid,metal3,51.4,0.5000001,9.9,1,0.9,0.8,0.8,0.01,0.01,42.50004,3495,2742.5,-1E-07,-0.7071068,-0.7071068,1E-07;
custom,cuboid,metal3,6,1,12,1,0.9,0.8,0.8,0.01,0.01,25.00001,3390,2845,0.5,-0.5,-0.5,0.5;
custom,cuboid,metal3,6,1,12,1,0.9,0.8,0.8,0.01,0.01,25.00001,3390,2940,0.5,-0.5,-0.5,0.5;
custom,cuboid,metal3,6,1,19,1,0.9,0.8,0.8,0.01,0.01,-10,3390,3095,0.5,-0.5,-0.5,0.5;
custom,cuboid,metal3,6,1,26,1,0.9,0.8,0.8,0.01,0.01,-45,3390,3165,0.5,-0.5,-0.5,0.5;
custom,cuboid,metal3,6,2.5,12,1,0.9,0.8,0.8,0.01,0.01,-35,3390,3017.5,0.5,-0.5,-0.5,0.5;
custom,cuboid,metal3,6.000001,0.5000001,10.5,1,0.9,0.8,0.8,0.01,0.01,-32.49999,3390,2892.5,0,0,-0.7071068,0.7071068;
custom,cuboid,metal3,6.000001,1,1,1,0.1,0.1,0.1,0.01,0.01,-101,3390,3096,0,0,-0.7071068,0.7071068;
custom,cuboid,metal3,6.000001,1,26,1,0.9,0.8,0.8,0.01,0.01,-100,3390,2970,0,0,-0.7071068,0.7071068;
custom,cuboid,metal3,6.000001,1,56,1,0.9,0.8,0.8,0.01,0.01,-170,3390,2885,0,0,-0.7071068,0.7071068;
custom,cuboid,metal3,6.000001,1.1,2.6,1,0.1,0.1,0.1,0.01,0.01,20,3390,3017.5,0,0,-0.7071068,0.7071068;
custom,cuboid,metal3,6.000001,1.2,1.2,1,0.1,0.1,0.1,0.01,0.01,-100,3390,2840,0,0,-0.7071068,0.7071068;
custom,cuboid,metal3,6.000001,1.2,1.2,1,0.1,0.1,0.1,0.01,0.01,-29.99999,3390,2845,0,0,-0.7071068,0.7071068;
custom,cuboid,metal3,6.000001,1.2,1.2,1,0.1,0.1,0.1,0.01,0.01,-29.99999,3390,2940,0,0,-0.7071068,0.7071068;
custom,cuboid,metal3,60,0.5000001,10,1,0.9,0.8,0.8,0.01,0.01,2.86E-05,3495,2602.5,-1E-07,-0.7071068,-0.7071068,1E-07;
custom,cuboid,metal3,60,1,8,1,0.9,0.8,0.8,0.01,0.01,300,3400,2900,-0.5,-0.5,-0.5,0.5;
custom,cuboid,metal3,7.5,4,0.1,1,0.9,0.8,0.8,0.01,0.01,262.5,3330,3199.5,0,0,0,1;
custom,cuboid,metal3,8,0.5,49,1,0.875,1,0.875,0.01,0.01,-245,3407.5,2850,0,0,0,1;
custom,cuboid,metal3,8,1,8.000001,1,0.9,0.8,0.8,0.01,0.01,130,3400,3000,-0.7071068,0,0,0.7071068;
custom,cuboid,metal3,8,1,8.000001,1,0.9,0.8,0.8,0.01,0.01,260,3400,3000,-0.7071068,0,0,0.7071068;
custom,cuboid,metal3,8,1,18,1,0.75,0.5,0.85,0.01,0.01,250,3690,2815,-0.7071068,0,0,0.7071068;
custom,cuboid,metal3,8.000001,0.5000001,1.5,1,0.9,0.8,0.8,0.01,0.01,-57.50001,3495,2817.5,0.7071068,-0.7071068,-1E-07,1E-07;
custom,cuboid,metal3,8.000001,0.5000001,1.5,1,0.9,0.8,0.8,0.01,0.01,-57.50002,3495,2752.5,0.7071068,-0.7071068,-1E-07,1E-07;
custom,cuboid,metal3,9,0.5000001,6.000001,1,0.9,0.8,0.8,0.01,0.01,-255,3470,2907.5,0.7071068,0,0,0.7071068;
custom,cuboid,metal3,9,0.5000001,6.000001,1,0.9,0.8,0.8,0.01,0.01,-255,3470,3012.5,0.7071068,0,0,0.7071068;
custom,cuboid,metal3,9,55,0.5,1,0.9,0.9,0.3,0.01,0.01,-197.5,3635,3140,0,-0.7071068,0,0.7071068;
custom,cuboid,metal3,9,55,0.5,1,0.9,0.9,0.3,0.01,0.01,-282.5,3635,3140,0,-0.7071068,0,0.7071068;
custom,cuboid,metal3,9.5,4,0.1,1,0.9,0.8,0.8,0.01,0.01,299.5,3330,3152.5,0,0.7071068,0,0.7071068;
custom,cuboid,metal3,9.7,0.5,4,1,0.9,0.8,0.8,0.01,0.01,225,3330,3154,-0.5,-0.5,-0.5,0.5;
custom,cuboid,pillar_col,0.05,0.25,0.05,1,1,1,1,0.005,0.025,-111.4289,3464.399,2778.496,-0.8660254,-0.5,1E-07,0;
custom,cuboid,pillar_col,0.05,0.25,0.05,1,1,1,1,0.005,0.025,-112.5002,3466.25,2778.496,0,-1,0,1E-07;
custom,cuboid,pillar_col,0.05,0.25,0.05,1,1,1,1,0.005,0.025,-113.5247,3464.35,2778.496,0.8660254,-0.5,-1E-07,0;
custom,cuboid,pillar_col,0.05,0.25,0.05,1,1,1,1,0.005,0.025,-66.39896,3475.75,2643.347,-0.6123725,-0.3535534,0.3535534,-0.6123724;
custom,cuboid,pillar_col,0.05,0.25,0.05,1,1,1,1,0.005,0.025,-67.47018,3475.75,2641.496,1E-07,-0.7071068,0.7071067,1E-07;
custom,cuboid,pillar_col,0.05,0.25,0.05,1,1,1,1,0.005,0.025,-68.49471,3475.75,2643.396,0.6123725,-0.3535534,0.3535533,0.6123725;
custom,cuboid,stone4,1,1.05,1,1,0.4,0.4,0.4,0.01,0.01,20,3355,3115,0,0.3826834,0,0.9238796;
custom,cuboid,stone4,1,1.05,1,1,0.4,0.4,0.4,0.01,0.01,20,3355,3145,0,0.3826834,0,0.9238796;
custom,cuboid,stone4,1,1.05,1,1,0.4,0.4,0.4,0.01,0.01,250,3355,3140,0,-0.3826835,0,0.9238795;
custom,cuboid,stone4,1,1.05,1,1,0.4,0.4,0.4,0.01,0.01,250,3355,3180,0,-0.3826835,0,0.9238795;
custom,cuboid,stone4,1,1.05,1,1,0.4,0.4,0.4,0.01,0.01,280,3355,3140,0,-0.3826835,0,0.9238795;
custom,cuboid,stone4,1,1.05,1,1,0.4,0.4,0.4,0.01,0.01,280,3355,3180,0,-0.3826835,0,0.9238795;
custom,cuboid,stone4,1,1.05,1,1,0.4,0.4,0.4,0.01,0.01,60,3355,3115,0,0.3826834,0,0.9238796;
custom,cuboid,stone4,1,1.05,1,1,0.4,0.4,0.4,0.01,0.01,60,3355,3145,0,0.3826834,0,0.9238796;
custom,cuboid,stone4,1,1.1,4,1,0.4,0.4,0.4,0.01,0.01,245,3355,3160,0,0,0,1;
custom,cuboid,stone4,1,1.1,4,1,0.4,0.4,0.4,0.01,0.01,285,3355,3160,0,0,0,1;
custom,cuboid,stone4,1,1.1,4,1,0.4,0.4,0.4,0.01,0.01,39.99999,3355,3150,0,0.7071068,0,0.7071068;
custom,cuboid,stone4,1,1.1,4,1,0.4,0.4,0.4,0.01,0.01,40,3355,3110,0,0.7071068,0,0.7071068;
custom,cuboid,stone4,1.19,4.5,1,1,0.4,0.4,0.4,0.01,0.01,90,3405,3130,-0.7071068,0,0,0.7071068;
custom,cuboid,stone4,1.2,5,1,1,0.4,0.4,0.4,0.01,0.01,170,3385,3000,0,-0.7071068,0,0.7071068;
custom,cuboid,stone4,1.2,5,1,1,0.4,0.4,0.4,0.01,0.01,220,3385,3000,0,-0.7071068,0,0.7071068;
custom,cuboid,stone4,1.2,5.5,1,1,0.4,0.4,0.4,0.01,0.01,90,3382.05,3107.649,0.0871557,0,0,0.9961947;
custom,cuboid,stone4,1.2,5.5,1,1,0.4,0.4,0.4,0.01,0.01,90,3382.05,3152.351,-0.0871557,0,0,0.9961947;
custom,cuboid,stone4,1.2,6,1,1,0.4,0.4,0.4,0.01,0.01,195,3415,3000,-0.5,-0.5,-0.5,0.5;
custom,cuboid,stone4,1.5,1,5,1,1,1,1,0.01,0.01,292.5,3355,3160,0,0,0,1;
custom,cuboid,stone4,12,1,16.5,1,0.6,0.6,0.6,0.01,0.01,25,3425,3017.5,0,0,0,1;
custom,cuboid,stone4,15,0.4,1.05,1,1,1,0,0.01,0.01,195,3375,2590,0,0,0,1;
custom,cuboid,stone4,15,0.4,1.05,1,1,1,0,0.01,0.01,195,3425,2590,0,0,0,1;
custom,cuboid,stone4,15,2,6.79,1,1,1,1,1.5,0.01,195,3324.05,2590,-0.7071068,0,0,0.7071068;
custom,cuboid,stone4,15.5,1,5,1,1,1,1,0.01,0.01,167.5,3355,3160,0,0,0,1;
custom,cuboid,stone4,16.49,2,63.98,1,1,1,1,1.649,0.01,310,3372.55,2900,0,0,-0.7071068,0.7071068;
custom,cuboid,stone4,17,1,7,1,0.6,0.6,0.6,0.01,0.01,-69.99999,3425,2940,0,-0.7071068,0,0.7071068;
custom,cuboid,stone4,17,2,51.49,1,1,1,1,1.7,0.01,310,3540,2962.45,0,0,-0.7071068,0.7071068;
custom,cuboid,stone4,17.5,2,11.99,1,1,1,1,1.75,0.01,-112.5,3920,3159.95,0,0,0,1;
custom,cuboid,stone4,19.99,2,48.99,1,1,1,1,1.999,0.01,219.95,3685,2590,-0.7071068,0,0,0.7071068;
custom,cuboid,stone4,2.5,0.5,4,1,0.6,0.6,0.6,0.01,0.01,-257.5,3502.5,2995,0,0,0,1;
custom,cuboid,stone4,2.5,0.5,4.5,1,0.6,0.6,0.6,0.01,0.01,-257.5,3502.5,2927.5,0,0,0,1;
custom,cuboid,stone4,2.5,1,28,1,1,1,1,0.01,0.01,77.5,3355,3010,0,0,0,1;
custom,cuboid,stone4,21,1,1.5,1,1,1,1,0.01,0.01,195,3355,3192.5,0,0,0,1;
custom,cuboid,stone4,21,1,54,1,1,1,1,0.01,0.01,195,3355,2865,0,0,0,1;
custom,cuboid,stone4,24.5,1,7,1,0.6,0.6,0.6,0.01,0.01,-140,3425,2977.5,0,-0.7071068,0,0.7071068;
custom,cuboid,stone4,25,1,8.5,1,0.6,0.6,0.6,0.01,0.01,-174.9999,3540,2782.5,0,-1,0,1E-07;
custom,cuboid,stone4,25,1,8.5,1,1,1,1,0.01,0.01,-175.0002,3450,2782.5,0,-1,0,1E-07;
custom,cuboid,stone4,25.49,2,51.49,1,1,1,1,2.549,0.01,310,3802.45,2962.45,0,0,-0.7071068,0.7071068;
custom,cuboid,stone4,26,1,25,1,0.6,0.6,0.6,0.01,0.01,-45,3425,2730,0,0,0,1;
custom,cuboid,stone4,26,1,7,1,0.6,0.6,0.6,0.01,0.01,-45,3425,3135,0,0,0,1;
custom,cuboid,stone4,27.5,0.1,60,1,1,1,1,0.01,0.01,-162.5,3310,2900,0,0,0,1;
custom,cuboid,stone4,27.5,0.1,60,1,1,1,1,0.01,0.01,162.5,3310,2900,0,0,0,1;
custom,cuboid,stone4,29.49,2,51.99,1,1,1,1,2.949,0.01,-172.45,3920,2840.05,0,0,0,1;
custom,cuboid,stone4,29.49,2,63.98,1,1,1,1,2.949,0.01,-172.45,3300,2900,0,0,0,1;
custom,cuboid,stone4,29.49,2,63.98,1,1,1,1,2.949,0.01,172.45,3300,2900,0,0,0,1;
custom,cuboid,stone4,29.49,2,63.98,1,1,1,1,2.949,0.01,172.45,3920,2900,0,0,0,1;
custom,cuboid,stone4,3,0.5,11,1,0.6,0.6,0.6,0.01,0.01,-285,3502.5,2960,0,0,0,1;
custom,cuboid,stone4,3.5,0.5,11,1,0.6,0.6,0.6,0.01,0.01,-227.5,3502.5,2960,0,0,0,1;
custom,cuboid,stone4,3.99,2,11.99,1,1,1,1,0.399,0.01,-299.95,3920,3159.95,0,0,0,1;
custom,cuboid,stone4,31.5,1,4,1,1,1,1,0.01,0.01,-142.5,3355,3130,0,0,0,1;
custom,cuboid,stone4,36.5,1,18,1,1,1,1,0.01,0.01,-117.5,3355,3020,0,0,0,1;
custom,cuboid,stone4,38.5,0.5,6,1,1,1,1,0.01,0.01,-210,3687.5,2822.5,0,-0.7071068,0,0.7071068;
custom,cuboid,stone4,38.5,0.5,6,1,1,1,1,0.01,0.01,-210,3752.5,2882.5,0,-0.7071068,0,0.7071068;
custom,cuboid,stone4,39,1,27,1,1,1,1,0.01,0.01,-105,3355,2735,0,0,0,1;
custom,cuboid,stone4,39,1,5,1,1,1,1,0.01,0.01,-105,3355,3175,0,0,0,1;
custom,cuboid,stone4,4.99,2,14.99,1,1,1,1,0.499,0.01,294.95,3365.1,2590,-0.7071068,0,0,0.7071068;
custom,cuboid,stone4,42.48,2,5,1,1,1,1,4.248,0.01,310,3717.5,2680,0,0,-0.7071068,0.7071068;
custom,cuboid,stone4,43,0.5,6,1,1,1,1,0.01,0.01,-210,3622.5,2865,0,-0.7071068,0,0.7071068;
custom,cuboid,stone4,43.99,2,63.98,1,1,1,1,4.399,0.01,-99.95001,3610,2590,-0.7071068,0,0,0.7071068;
custom,cuboid,stone4,47.49,2,7.49,1,1,1,1,4.749,0.01,310,3692.45,2617.55,0,0,-0.7071068,0.7071068;
custom,cuboid,stone4,47.5,0.5,21,1,0.6,0.6,0.6,0.01,0.01,62.50004,3802.5,2705,0,0,0,1;
custom,cuboid,stone4,47.5,0.5,21,1,1,1,1,0.01,0.01,62.50004,3547.5,2705,0,0,0,1;
custom,cuboid,stone4,5,0.1,27.5,1,1,1,1,0.01,0.01,0,3310,2737.5,0,0,0,1;
custom,cuboid,stone4,5,0.1,27.5,1,1,1,1,0.01,0.01,0,3310,3062.5,0,0,0,1;
custom,cuboid,stone4,5,1.1,1,1,0.4,0.4,0.4,0.01,0.01,15,3355,3130,0,0.7071068,0,0.7071068;
custom,cuboid,stone4,5,1.1,1,1,0.4,0.4,0.4,0.01,0.01,265,3355,3135,0,0,0,1;
custom,cuboid,stone4,5,1.1,1,1,0.4,0.4,0.4,0.01,0.01,265,3355,3185,0,0,0,1;
custom,cuboid,stone4,5,1.1,1,1,0.4,0.4,0.4,0.01,0.01,64.99999,3355,3130,0,0.7071068,0,0.7071068;
custom,cuboid,stone4,5,2,29.49,1,1,1,1,0.5,0.01,0,3300,2727.55,0,0,0,1;
custom,cuboid,stone4,5,2,29.49,1,1,1,1,0.5,0.01,0,3300,3072.45,0,0,0,1;
custom,cuboid,stone4,5,2,29.49,1,1,1,1,0.5,0.01,0,3920,2727.55,0,0,0,1;
custom,cuboid,stone4,5,2,29.49,1,1,1,1,0.5,0.01,0,3920,3072.45,0,0,0,1;
custom,cuboid,stone4,5,2,7.48,1,1,1,1,0.5,0.01,310,3650,3182.5,0,0,-0.7071068,0.7071068;
custom,cuboid,stone4,5,2,39,1,1,1,1,0.5,0.01,310,3650,2900,0,0,-0.7071068,0.7071068;
custom,cuboid,stone4,6,1,27,1,1,1,1,0.01,0.01,-165,3355,2900,0,-0.7071068,0,0.7071068;
custom,cuboid,stone4,6,1,3.5,1,1,1,1,0.01,0.01,47.5,3355,2900,0,-0.7071068,0,0.7071068;
custom,cuboid,stone4,60,1,13.5,1,0.6,0.6,0.6,0.01,0.01,5.72E-05,3540,2672.5,0,-1,0,1E-07;
custom,cuboid,stone4,60,1,13.5,1,1,1,1,0.01,0.01,5.72E-05,3450,2672.5,0,-1,0,1E-07;
custom,cuboid,stone4,63.98,2,63.98,1,1,1,1,6.398,0.01,-310,3610,2900,0,0,-0.7071068,0.7071068;
custom,cuboid,stone4,63.98,2,63.98,1,1,1,1,6.398,0.01,0,3610,3210,-0.7071068,0,0,0.7071068;
custom,cuboid,stone4,8,2,3.99,1,1,1,1,0.8,0.01,-240,3920,3199.95,0,0,0,1;
custom,cuboid,stone4,9,0.5,11,1,1,1,1,0.01,0.01,-255,3437.5,2960,0,0,0,1;
custom,cuboid,stone7,0.9,0.99,2.4,1,0.6,0.6,0.6,0.24,0.005,281.8577,3360,2650,0.3535534,0.6123724,0.6123725,0.3535534;
custom,cuboid,stone7,0.9,0.99,2.4,1,0.6,0.6,0.6,0.24,0.005,281.8577,3360,2700,0.3535534,0.6123724,0.6123725,0.3535534;
custom,cuboid,stone7,0.9,0.99,2.4,1,0.6,0.6,0.6,0.24,0.005,281.8577,3360,2750,0.3535534,0.6123724,0.6123725,0.3535534;
custom,cuboid,stone7,0.9,0.99,2.4,1,0.6,0.6,0.6,0.24,0.005,281.8577,3360,2800,0.3535534,0.6123724,0.6123725,0.3535534;
custom,cuboid,stone7,0.9,0.99,2.4,1,0.6,0.6,0.6,0.24,0.005,281.8577,3360,2850,0.3535534,0.6123724,0.6123725,0.3535534;
custom,cuboid,stone7,0.9,0.99,2.4,1,0.6,0.6,0.6,0.24,0.005,281.8577,3360,2900,0.3535534,0.6123724,0.6123725,0.3535534;
custom,cuboid,stone7,0.9,0.99,2.4,1,0.6,0.6,0.6,0.24,0.005,281.8577,3360,2950,0.3535534,0.6123724,0.6123725,0.3535534;
custom,cuboid,stone7,0.9,0.99,2.400001,1,0.6,0.6,0.6,0.2400001,0.005,108.1423,3360,2650,-0.6123725,-0.3535534,0.3535534,0.6123724;
custom,cuboid,stone7,0.9,0.99,2.400001,1,0.6,0.6,0.6,0.2400001,0.005,108.1423,3360,2700,-0.6123725,-0.3535534,0.3535534,0.6123724;
custom,cuboid,stone7,0.9,0.99,2.400001,1,0.6,0.6,0.6,0.2400001,0.005,108.1423,3360,2750,-0.6123725,-0.3535534,0.3535534,0.6123724;
custom,cuboid,stone7,0.9,0.99,2.400001,1,0.6,0.6,0.6,0.2400001,0.005,108.1423,3360,2800,-0.6123725,-0.3535534,0.3535534,0.6123724;
custom,cuboid,stone7,0.9,0.99,2.400001,1,0.6,0.6,0.6,0.2400001,0.005,108.1423,3360,2850,-0.6123725,-0.3535534,0.3535534,0.6123724;
custom,cuboid,stone7,0.9,0.99,2.400001,1,0.6,0.6,0.6,0.2400001,0.005,108.1423,3360,2900,-0.6123725,-0.3535534,0.3535534,0.6123724;
custom,cuboid,stone7,0.9,0.99,2.400001,1,0.6,0.6,0.6,0.2400001,0.005,108.1423,3360,2950,-0.6123725,-0.3535534,0.3535534,0.6123724;
custom,cuboid,stone7,0.9999999,0.98,3,1,0.6,0.6,0.6,0.3,0.005,100,3370,2650,-0.6963643,-0.1227878,0.1227878,0.6963642;
custom,cuboid,stone7,0.9999999,0.98,3,1,0.6,0.6,0.6,0.3,0.005,100,3370,2700,-0.6963643,-0.1227878,0.1227878,0.6963642;
custom,cuboid,stone7,0.9999999,0.98,3,1,0.6,0.6,0.6,0.3,0.005,100,3370,2750,-0.6963643,-0.1227878,0.1227878,0.6963642;
custom,cuboid,stone7,0.9999999,0.98,3,1,0.6,0.6,0.6,0.3,0.005,100,3370,2800,-0.6963643,-0.1227878,0.1227878,0.6963642;
custom,cuboid,stone7,0.9999999,0.98,3,1,0.6,0.6,0.6,0.3,0.005,100,3370,2850,-0.6963643,-0.1227878,0.1227878,0.6963642;
custom,cuboid,stone7,0.9999999,0.98,3,1,0.6,0.6,0.6,0.3,0.005,100,3370,2900,-0.6963643,-0.1227878,0.1227878,0.6963642;
custom,cuboid,stone7,0.9999999,0.98,3,1,0.6,0.6,0.6,0.3,0.005,100,3370,2950,-0.6963643,-0.1227878,0.1227878,0.6963642;
custom,cuboid,stone7,1,0.98,3,1,0.6,0.6,0.6,0.3,0.005,290,3370,2650,0.1227877,0.6963642,0.6963643,0.1227878;
custom,cuboid,stone7,1,0.98,3,1,0.6,0.6,0.6,0.3,0.005,290,3370,2700,0.1227877,0.6963642,0.6963643,0.1227878;
custom,cuboid,stone7,1,0.98,3,1,0.6,0.6,0.6,0.3,0.005,290,3370,2750,0.1227877,0.6963642,0.6963643,0.1227878;
custom,cuboid,stone7,1,0.98,3,1,0.6,0.6,0.6,0.3,0.005,290,3370,2800,0.1227877,0.6963642,0.6963643,0.1227878;
custom,cuboid,stone7,1,0.98,3,1,0.6,0.6,0.6,0.3,0.005,290,3370,2850,0.1227877,0.6963642,0.6963643,0.1227878;
custom,cuboid,stone7,1,0.98,3,1,0.6,0.6,0.6,0.3,0.005,290,3370,2900,0.1227877,0.6963642,0.6963643,0.1227878;
custom,cuboid,stone7,1,0.98,3,1,0.6,0.6,0.6,0.3,0.005,290,3370,2950,0.1227877,0.6963642,0.6963643,0.1227878;
custom,cuboid,stone7,1,1,8.000001,1,0.6,0.6,0.6,0.8000001,0.005,295,3400,2650,-1E-07,0.7071068,0.7071068,1E-07;
custom,cuboid,stone7,1,1,8.000001,1,0.6,0.6,0.6,0.8000001,0.005,295,3400,2700,-1E-07,0.7071068,0.7071068,1E-07;
custom,cuboid,stone7,1,1,8.000001,1,0.6,0.6,0.6,0.8000001,0.005,295,3400,2750,-1E-07,0.7071068,0.7071068,1E-07;
custom,cuboid,stone7,1,1,8.000001,1,0.6,0.6,0.6,0.8000001,0.005,295,3400,2800,-1E-07,0.7071068,0.7071068,1E-07;
custom,cuboid,stone7,1,1,8.000001,1,0.6,0.6,0.6,0.8000001,0.005,295,3400,2850,-1E-07,0.7071068,0.7071068,1E-07;
custom,cuboid,stone7,1,1,8.000001,1,0.6,0.6,0.6,0.8000001,0.005,295,3400,2900,-1E-07,0.7071068,0.7071068,1E-07;
custom,cuboid,stone7,1,1,8.000001,1,0.6,0.6,0.6,0.8000001,0.005,295,3400,2950,-1E-07,0.7071068,0.7071068,1E-07;
custom,cuboid,stone7,1,1,8.000001,1,0.6,0.6,0.6,0.8000001,0.005,94.99999,3400,2650,-0.7071068,0,0,0.7071068;
custom,cuboid,stone7,1,1,8.000001,1,0.6,0.6,0.6,0.8000001,0.005,94.99999,3400,2700,-0.7071068,0,0,0.7071068;
custom,cuboid,stone7,1,1,8.000001,1,0.6,0.6,0.6,0.8000001,0.005,94.99999,3400,2750,-0.7071068,0,0,0.7071068;
custom,cuboid,stone7,1,1,8.000001,1,0.6,0.6,0.6,0.8000001,0.005,94.99999,3400,2800,-0.7071068,0,0,0.7071068;
custom,cuboid,stone7,1,1,8.000001,1,0.6,0.6,0.6,0.8000001,0.005,94.99999,3400,2850,-0.7071068,0,0,0.7071068;
custom,cuboid,stone7,1,1,8.000001,1,0.6,0.6,0.6,0.8000001,0.005,94.99999,3400,2900,-0.7071068,0,0,0.7071068;
custom,cuboid,stone7,1,1,8.000001,1,0.6,0.6,0.6,0.8000001,0.005,94.99999,3400,2950,-0.7071068,0,0,0.7071068;
custom,cuboid,stone7,21,1,60,0,1,1,1,4.2,0.005,195,3445,2900,0,0,0,1;
custom,cuboid,stone7,24,9.19,9.19,1,1,1,1,2.4,0.005,-242.5,3752.5,2840,0.270598,-0.6532816,0.2705981,0.6532815;
custom,cuboid,stone7,3,8,1,0,1,1,1,0.6,0.005,100,3400,3010,0,0.382515,0,0.9239493;
custom,cuboid,stone7,3,8,1,0,1,1,1,0.6,0.005,100,3400,3190,0,-0.382515,0,0.9239493;
custom,cuboid,stone7,3,8,1,0,1,1,1,0.6,0.005,290,3400,3010,0,-0.382515,0,0.9239493;
custom,cuboid,stone7,3,8,1,0,1,1,1,0.6,0.005,290,3400,3190,0,0.382515,0,0.9239493;
custom,cuboid,stone7,9.09,24.2,9.089999,1,1,1,1,0.909,0.005,-242.5,3752.5,2840,-0.6532815,0.2705981,-0.2705981,0.6532815;
custom,cuboid,transparent0.3,0.5,2,1,1,1,1,1,0.05,0.1,90,3380,3130,-0.7071068,0,0,0.7071068;
custom,cylinder,brick1,5,1,5,0,1,1,1,0.01,0.01,-129.608,3560,2661.941,1,0,0,0;
custom,cylinder,brick1,5,1,5,0,1,1,1,0.01,0.01,155,3560,2670,0,0,0,1;
custom,cylinder,cannonregionmat,1.75,0.25,1.75,0,1,1,1,1.5,10.5,-127.5,3815,2742.5,0,0,0,1;
custom,cylinder,cannonregionmat,1.75,0.25,1.75,0,1,1,1,1.5,10.5,-127.5,3885,2742.5,0,0,0,1;
custom,cylinder,cannonwallmat,1.5,5.25,1.5,0,1,1,1,0.5,-0.5,-127.5,3857.5,2742.5,0,0,0,1;
custom,cylinder,metal1,0.5,3,0.5,1,0.9,0.8,0.3,0.01,0.01,-210,3687.5,3015,0,0,0.7071068,0.7071068;
custom,cylinder,metal1,0.5,3,0.5,1,0.9,0.8,0.3,0.01,0.01,-210,3752.5,2690,0,0,0.7071068,0.7071068;
custom,cylinder,metal2,1,2.5,1,1,0.875,0.875,1,0.01,0.5,-125,3510,3135,0.5,0.5,0.5,0.5;
custom,cylinder,metal2,1,2.5,1,1,0.875,0.875,1,0.01,0.5,-125,3550,3135,0.5,0.5,0.5,0.5;
custom,cylinder,metal2,1,2.5,1,1,0.875,0.875,1,0.01,0.5,-129.3934,3510,3124.393,0.6532815,0.6532815,0.2705981,0.2705981;
custom,cylinder,metal2,1,2.5,1,1,0.875,0.875,1,0.01,0.5,-129.3934,3510,3145.607,0.2705981,0.2705981,0.6532815,0.6532815;
custom,cylinder,metal2,1,2.5,1,1,0.875,0.875,1,0.01,0.5,-129.3934,3550,3124.393,0.6532815,0.6532815,0.2705981,0.2705981;
custom,cylinder,metal2,1,2.5,1,1,0.875,0.875,1,0.01,0.5,-129.3934,3550,3145.607,0.2705981,0.2705981,0.6532815,0.6532815;
custom,cylinder,metal2,1,2.5,1,1,0.875,0.875,1,0.01,0.5,-140,3510,3120,0,0,0.7071068,0.7071068;
custom,cylinder,metal2,1,2.5,1,1,0.875,0.875,1,0.01,0.5,-140,3510,3150,0,0,0.7071068,0.7071068;
custom,cylinder,metal2,1,2.5,1,1,0.875,0.875,1,0.01,0.5,-140,3550,3120,0,0,0.7071068,0.7071068;
custom,cylinder,metal2,1,2.5,1,1,0.875,0.875,1,0.01,0.5,-140,3550,3150,0,0,0.7071068,0.7071068;
custom,cylinder,metal2,1,2.5,1,1,0.875,0.875,1,0.01,0.5,-150.6066,3510,3124.393,0.2705981,0.2705981,0.6532815,0.6532815;
custom,cylinder,metal2,1,2.5,1,1,0.875,0.875,1,0.01,0.5,-150.6066,3510,3145.607,0.6532815,0.6532815,0.2705981,0.2705981;
custom,cylinder,metal2,1,2.5,1,1,0.875,0.875,1,0.01,0.5,-150.6066,3550,3124.393,0.2705981,0.2705981,0.6532815,0.6532815;
custom,cylinder,metal2,1,2.5,1,1,0.875,0.875,1,0.01,0.5,-150.6066,3550,3145.607,0.6532815,0.6532815,0.2705981,0.2705981;
custom,cylinder,metal2,1,2.5,1,1,0.875,0.875,1,0.01,0.5,-155,3510,3135,0.5,0.5,0.5,0.5;
custom,cylinder,metal2,1,2.5,1,1,0.875,0.875,1,0.01,0.5,-155,3550,3135,0.5,0.5,0.5,0.5;
custom,cylinder,metal2,1,2.5,1,1,0.875,0.875,1,0.01,0.5,-35,3480,3115,0,0,0,1;
custom,cylinder,metal2,1,2.5,1,1,0.875,0.875,1,0.01,0.5,-35,3480,3155,0,0,0,1;
custom,cylinder,metal2,1,2.5,1,1,0.875,0.875,1,0.01,0.5,-55,3480,3135,0,0,0,1;
custom,cylinder,metal2,1,2.5,1,1,0.875,0.875,1,0.01,0.5,165,3480,3115,0,0,0,1;
custom,cylinder,metal2,1,2.5,1,1,0.875,0.875,1,0.01,0.5,165,3480,3155,0,0,0,1;
custom,cylinder,metal2,1,2.5,1,1,0.875,0.875,1,0.01,0.5,185,3480,3135,0,0,0,1;
custom,cylinder,metal2,1,2.5,1,1,0.875,0.875,1,0.01,0.5,45,3480,3125,0,0.7071068,0,0.7071068;
custom,cylinder,metal2,1,2.5,1,1,0.875,0.875,1,0.01,0.5,45,3480,3145,0,0.7071068,0,0.7071068;
custom,cylinder,metal2,1,2.5,1,1,0.875,0.875,1,0.01,0.5,85,3480,3125,0,0.7071068,0,0.7071068;
custom,cylinder,metal2,1,2.5,1,1,0.875,0.875,1,0.01,0.5,85,3480,3145,0,0.7071068,0,0.7071068;
custom,cylinder,rock2tex,4.9,1.05,4.9,0,1,1,1,1,1,-129.608,3560,2661.941,1,0,0,0;
custom,cylinder,rock2tex,4.9,1.05,4.9,0,1,1,1,1,1,155,3560,2670,0,0,0,1;
custom,killcuboid,cannonregionmat,11,0.55,49,1,0.05,0.05,0.05,2.2,9.8,-230,3365,2850,0,0,0,1;
custom,killcuboid,cannonregionmat,11,0.8,49,1,0.05,0.05,0.05,2.2,9.8,-230,3365,2850,0,0,0,1;
custom,killcuboid,cannonregionmat,11,1.05,49,1,0.05,0.05,0.05,2.2,9.8,-230,3365,2850,0,0,0,1;
custom,killcuboid,empty,14.5,1,42.5,1,0.25,0.25,0.25,4.75,4.25,-102.5,3810,2812.5,0,0,0,1;
custom,killcuboid,empty,27,1,42.5,1,0.25,0.25,0.25,4.75,4.25,165,3810,2812.5,0,0,0,1;
custom,killcuboid,empty,27,1,6,1,0.25,0.25,0.25,6,4.95,-165,3890,2900,0,0,0,1;
custom,killcuboid,empty,27,1,6,1,0.25,0.25,0.25,6,4.95,165,3890,2900,0,0,0,1;
custom,killcuboid,empty,30.5,1,7,1,0.25,0.25,0.25,3.05,0.7,122.5,3810,3060,0,0,0,1;
custom,killcuboid,empty,33.5,1,7,1,0.25,0.25,0.25,3.35,0.7,-105,3647.5,3060,0,0,-0.7071068,0.7071068;
custom,killcuboid,empty,33.5,1,7,1,0.25,0.25,0.25,3.35,0.7,-25,3647.5,3060,0,0,-0.7071068,0.7071068;
custom,killcuboid,empty,33.5,1,7,1,0.25,0.25,0.25,3.35,0.7,-65,3647.5,3020,0.5,-0.5,-0.5,0.5;
custom,killcuboid,empty,33.5,1,7,1,0.25,0.25,0.25,3.35,0.7,-65,3647.5,3100,0.5,-0.5,-0.5,0.5;
custom,killcuboid,empty,37.5,1,7,1,0.25,0.25,0.25,3.75,0.7,87.5,3850,3100,1E-07,-0.7071068,-0.7071068,0;
custom,killcuboid,empty,52,1,7,1,0.25,0.25,0.25,5.2,0.7,15,3850,2620,1E-07,-0.7071068,-0.7071068,0;
custom,killcuboid,empty,6,1,27,1,0.25,0.25,0.25,4.75,4.25,0,3810,2735,0,0,0,1;
custom,killcuboid,empty,6,1,9.5,1,0.25,0.25,0.25,4.75,4.25,0,3810,2977.5,0,0,0,1;
custom,killcuboid,empty,6.5,1,7,1,0.25,0.25,0.25,0.65,0.7,-142.5,3810,3060,0,0,0,1;
custom,killcuboid,empty,60,1,16.5,1,0.25,0.25,0.25,6,4.95,0,3890,3012.5,0,0,0,1;
custom,killcuboid,empty,60,1,27,1,0.25,0.25,0.25,6,4.95,0,3890,2735,0,0,0,1;
custom,killcuboid,empty,7,1,2.5,1,0.25,0.25,0.25,0.7,0.25,-180,3850,3092.5,0,0,-0.7071068,0.7071068;
custom,killcuboid,empty,7,1,45,1,0.25,0.25,0.25,0.7,4.5,-250,3850,2850,0,0,-0.7071068,0.7071068;
custom,killcuboid,empty,7,1,47,1,0.25,0.25,0.25,0.7,4.7,280,3850,2860,0,0,-0.7071068,0.7071068;
custom,killcuboid,empty,7,7.5,1,1,0.25,0.25,0.25,0.7,0.75,-137.5,3850,3100,0,0,-0.7071068,0.7071068;
custom,killcuboid,grass,11,0.5,49,1,0.625,1,0.625,0.01,-0.05,-230,3365,2850,0,0,0,1;
custom,killcuboid,grass,11,0.75,49,1,0.625,1,0.625,-0.01,0.05,-230,3365,2850,0,0,0,1;
custom,killcuboid,grass,11,1,49,1,0.625,1,0.625,0.01,-0.05,-230,3365,2850,0,0,0,1;
custom,killcuboid,metal1,0.1,1.4,0.1,1,0.9,0.8,0.3,0.01,0.01,-200.9467,3779.848,3044.848,0.1913416,0.4619398,0.7325378,0.4619398;
custom,killcuboid,metal1,0.1,1.4,0.1,1,0.9,0.8,0.3,0.01,0.01,-202.5,3777.197,3034.697,-0.7325378,0.1913417,0.4619398,0.4619398;
custom,killcuboid,metal1,0.1,1.4,0.1,1,0.9,0.8,0.3,0.01,0.01,-208.4467,3792.652,3042.652,0.1913416,0.4619398,0.7325378,0.4619398;
custom,killcuboid,metal1,0.1,1.4,0.1,1,0.9,0.8,0.3,0.01,0.01,-210,3775,3047.5,-0.7325378,0.1913417,0.4619398,0.4619398;
custom,killcuboid,metal1,0.1,1.4,0.1,1,0.9,0.8,0.3,0.01,0.01,-210,3790,3032.5,-0.7325378,0.1913417,0.4619398,0.4619398;
custom,killcuboid,metal1,0.1,1.4,0.1,1,0.9,0.8,0.3,0.01,0.01,-211.5533,3772.348,3037.348,0.1913416,0.4619398,0.7325378,0.4619398;
custom,killcuboid,metal1,0.1,1.4,0.1,1,0.9,0.8,0.3,0.01,0.01,-217.5,3787.803,3045.303,-0.7325378,0.1913417,0.4619398,0.4619398;
custom,killcuboid,metal1,0.1,1.4,0.1,1,0.9,0.8,0.3,0.01,0.01,-219.0533,3785.152,3035.152,0.1913416,0.4619398,0.7325378,0.4619398;
custom,killcuboid,metal1,0.1,1.4,0.1,1,0.9,0.8,0.3,0.01,0.01,-54.88436,3391.979,2887.849,-0.256203,0.4293721,0.8080234,-0.3116052;
custom,killcuboid,metal1,0.1,1.4,0.1,1,0.9,0.8,0.3,0.01,0.01,-57.87017,3392.708,2898.001,-0.590997,-0.4732294,0.6463989,-0.0945781;
custom,killcuboid,metal1,0.1,1.4,0.1,1,0.9,0.8,0.3,0.01,0.01,-62.12372,3399.264,2885.198,-0.590997,-0.4732294,0.6463989,-0.0945781;
custom,killcuboid,metal1,0.1,1.4,0.1,1,0.9,0.8,0.3,0.01,0.01,-65.00269,3381.125,2885.653,-0.256203,0.4293721,0.8080234,-0.3116052;
custom,killcuboid,metal1,0.1,1.4,0.1,1,0.9,0.8,0.3,0.01,0.01,-65.10856,3399.992,2895.349,-0.256203,0.4293721,0.8080234,-0.3116052;
custom,killcuboid,metal1,0.1,1.4,0.1,1,0.9,0.8,0.3,0.01,0.01,-67.98754,3381.854,2895.804,-0.590997,-0.4732294,0.6463989,-0.0945781;
custom,killcuboid,metal1,0.1,1.4,0.1,1,0.9,0.8,0.3,0.01,0.01,-72.24097,3388.41,2883.001,-0.590997,-0.4732294,0.6463989,-0.0945781;
custom,killcuboid,metal1,0.1,1.4,0.1,1,0.9,0.8,0.3,0.01,0.01,-75.22697,3389.138,2893.153,-0.256203,0.4293721,0.8080234,-0.3116052;
custom,killcuboid,metal1,0.1,1.4,0.1,1,0.9,0.8,0.3,0.01,0.01,200.9467,3482.652,3130.152,0.1913416,0.4619398,0.7325378,0.4619398;
custom,killcuboid,metal1,0.1,1.4,0.1,1,0.9,0.8,0.3,0.01,0.01,202.5,3485.303,3140.303,-0.7325378,0.1913417,0.4619398,0.4619398;
custom,killcuboid,metal1,0.1,1.4,0.1,1,0.9,0.8,0.3,0.01,0.01,208.4467,3469.848,3132.348,0.1913416,0.4619398,0.7325378,0.4619398;
custom,killcuboid,metal1,0.1,1.4,0.1,1,0.9,0.8,0.3,0.01,0.01,210,3472.5,3142.5,-0.7325378,0.1913417,0.4619398,0.4619398;
custom,killcuboid,metal1,0.1,1.4,0.1,1,0.9,0.8,0.3,0.01,0.01,210,3487.5,3127.5,-0.7325378,0.1913417,0.4619398,0.4619398;
custom,killcuboid,metal1,0.1,1.4,0.1,1,0.9,0.8,0.3,0.01,0.01,211.5533,3490.152,3137.652,0.1913416,0.4619398,0.7325378,0.4619398;
custom,killcuboid,metal1,0.1,1.4,0.1,1,0.9,0.8,0.3,0.01,0.01,217.5,3474.697,3129.697,-0.7325378,0.1913417,0.4619398,0.4619398;
custom,killcuboid,metal1,0.1,1.4,0.1,1,0.9,0.8,0.3,0.01,0.01,219.0533,3477.348,3139.848,0.1913416,0.4619398,0.7325378,0.4619398;
custom,killcuboid,metal1,0.1,1.4,0.1,1,0.9,0.8,0.3,0.01,0.01,250.9467,3652.652,3115.152,0.1913416,0.4619398,0.7325378,0.4619398;
custom,killcuboid,metal1,0.1,1.4,0.1,1,0.9,0.8,0.3,0.01,0.01,252.5,3655.303,3125.303,-0.7325378,0.1913417,0.4619398,0.4619398;
custom,killcuboid,metal1,0.1,1.4,0.1,1,0.9,0.8,0.3,0.01,0.01,255.947,3332.652,3155.152,0.1913416,0.4619398,0.7325378,0.4619398;
custom,killcuboid,metal1,0.1,1.4,0.1,1,0.9,0.8,0.3,0.01,0.01,257.5,3335.303,3165.303,-0.7325378,0.1913417,0.4619398,0.4619398;
custom,killcuboid,metal1,0.1,1.4,0.1,1,0.9,0.8,0.3,0.01,0.01,258.4467,3639.848,3117.348,0.1913416,0.4619398,0.7325378,0.4619398;
custom,killcuboid,metal1,0.1,1.4,0.1,1,0.9,0.8,0.3,0.01,0.01,260,3642.5,3127.5,-0.7325378,0.1913417,0.4619398,0.4619398;
custom,killcuboid,metal1,0.1,1.4,0.1,1,0.9,0.8,0.3,0.01,0.01,260,3657.5,3112.5,-0.7325378,0.1913417,0.4619398,0.4619398;
custom,killcuboid,metal1,0.1,1.4,0.1,1,0.9,0.8,0.3,0.01,0.01,261.5533,3660.152,3122.652,0.1913416,0.4619398,0.7325378,0.4619398;
custom,killcuboid,metal1,0.1,1.4,0.1,1,0.9,0.8,0.3,0.01,0.01,263.447,3319.848,3157.348,0.1913416,0.4619398,0.7325378,0.4619398;
custom,killcuboid,metal1,0.1,1.4,0.1,1,0.9,0.8,0.3,0.01,0.01,265,3322.5,3167.5,-0.7325378,0.1913417,0.4619398,0.4619398;
custom,killcuboid,metal1,0.1,1.4,0.1,1,0.9,0.8,0.3,0.01,0.01,265,3337.5,3152.5,-0.7325378,0.1913417,0.4619398,0.4619398;
custom,killcuboid,metal1,0.1,1.4,0.1,1,0.9,0.8,0.3,0.01,0.01,266.553,3340.152,3162.652,0.1913416,0.4619398,0.7325378,0.4619398;
custom,killcuboid,metal1,0.1,1.4,0.1,1,0.9,0.8,0.3,0.01,0.01,267.5,3644.697,3114.697,-0.7325378,0.1913417,0.4619398,0.4619398;
custom,killcuboid,metal1,0.1,1.4,0.1,1,0.9,0.8,0.3,0.01,0.01,269.0533,3647.348,3124.848,0.1913416,0.4619398,0.7325378,0.4619398;
custom,killcuboid,metal1,0.1,1.4,0.1,1,0.9,0.8,0.3,0.01,0.01,272.5,3324.697,3154.697,-0.7325378,0.1913417,0.4619398,0.4619398;
custom,killcuboid,metal1,0.1,1.4,0.1,1,0.9,0.8,0.3,0.01,0.01,274.053,3327.348,3164.848,0.1913416,0.4619398,0.7325378,0.4619398;
custom,killcuboid,metal1,0.1,1.6,0.1,1,0.9,0.8,0.3,0.01,0.01,-200.9467,3787.348,3037.348,0.4619397,0.1913416,0.8446232,-0.1913419;
custom,killcuboid,metal1,0.1,1.6,0.1,1,0.9,0.8,0.3,0.01,0.01,-208.4467,3785.152,3050.152,0.4619397,0.1913416,0.8446232,-0.1913419;
custom,killcuboid,metal1,0.1,1.6,0.1,1,0.9,0.8,0.3,0.01,0.01,-211.5533,3779.848,3029.848,0.4619397,0.1913416,0.8446232,-0.1913419;
custom,killcuboid,metal1,0.1,1.6,0.1,1,0.9,0.8,0.3,0.01,0.01,-219.0533,3777.652,3042.652,0.4619397,0.1913416,0.8446232,-0.1913419;
custom,killcuboid,metal1,0.1,1.6,0.1,1,0.9,0.8,0.3,0.01,0.01,-57.81723,3383.274,2893.153,0.1224494,0.4847741,0.3510218,-0.7916969;
custom,killcuboid,metal1,0.1,1.6,0.1,1,0.9,0.8,0.3,0.01,0.01,-62.06992,3389.831,2880.349,0.1224494,0.4847741,0.3510218,-0.7916969;
custom,killcuboid,metal1,0.1,1.6,0.1,1,0.9,0.8,0.3,0.01,0.01,-68.04133,3391.287,2900.653,0.1224494,0.4847741,0.3510218,-0.7916969;
custom,killcuboid,metal1,0.1,1.6,0.1,1,0.9,0.8,0.3,0.01,0.01,-72.29401,3397.844,2887.849,0.1224494,0.4847741,0.3510218,-0.7916969;
custom,killcuboid,metal1,0.1,1.6,0.1,1,0.9,0.8,0.3,0.01,0.01,200.9467,3475.152,3137.652,0.4619397,0.1913416,0.8446232,-0.1913419;
custom,killcuboid,metal1,0.1,1.6,0.1,1,0.9,0.8,0.3,0.01,0.01,208.4467,3477.348,3124.848,0.4619397,0.1913416,0.8446232,-0.1913419;
custom,killcuboid,metal1,0.1,1.6,0.1,1,0.9,0.8,0.3,0.01,0.01,211.5533,3482.652,3145.152,0.4619397,0.1913416,0.8446232,-0.1913419;
custom,killcuboid,metal1,0.1,1.6,0.1,1,0.9,0.8,0.3,0.01,0.01,219.0533,3484.848,3132.348,0.4619397,0.1913416,0.8446232,-0.1913419;
custom,killcuboid,metal1,0.1,1.6,0.1,1,0.9,0.8,0.3,0.01,0.01,250.9467,3645.152,3122.652,0.4619397,0.1913416,0.8446232,-0.1913419;
custom,killcuboid,metal1,0.1,1.6,0.1,1,0.9,0.8,0.3,0.01,0.01,255.947,3325.152,3162.652,0.4619397,0.1913416,0.8446232,-0.1913419;
custom,killcuboid,metal1,0.1,1.6,0.1,1,0.9,0.8,0.3,0.01,0.01,258.4467,3647.348,3109.848,0.4619397,0.1913416,0.8446232,-0.1913419;
custom,killcuboid,metal1,0.1,1.6,0.1,1,0.9,0.8,0.3,0.01,0.01,261.5533,3652.652,3130.152,0.4619397,0.1913416,0.8446232,-0.1913419;
custom,killcuboid,metal1,0.1,1.6,0.1,1,0.9,0.8,0.3,0.01,0.01,263.447,3327.348,3149.848,0.4619397,0.1913416,0.8446232,-0.1913419;
custom,killcuboid,metal1,0.1,1.6,0.1,1,0.9,0.8,0.3,0.01,0.01,266.553,3332.652,3170.152,0.4619397,0.1913416,0.8446232,-0.1913419;
custom,killcuboid,metal1,0.1,1.6,0.1,1,0.9,0.8,0.3,0.01,0.01,269.0533,3654.848,3117.348,0.4619397,0.1913416,0.8446232,-0.1913419;
custom,killcuboid,metal1,0.1,1.6,0.1,1,0.9,0.8,0.3,0.01,0.01,274.053,3334.848,3157.348,0.4619397,0.1913416,0.8446232,-0.1913419;
custom,killcuboid,transparent0.5,0.5,-25,13,1,0.375,0.875,0.375,1,1,-95,3675,2670,0,0,0,1;
custom,killcuboid,transparent0.5,0.5,20,13,1,0.375,0.875,0.375,1,1,5,3675,2740,0,0,0,1;
custom,killcuboid,transparent0.5,0.5,25,13,1,0.375,0.875,0.375,1,1,105,3675,2670,0,0,0,1;
custom,killcuboid,transparent0.5,1,-6,13,1,0.375,0.875,0.375,1,1,-45,3605,2670,0,0,0,1;
custom,killcuboid,transparent0.5,1,-6,13,1,0.375,0.875,0.375,1,1,-45,3745,2740,0,0,0,1;
custom,killcuboid,transparent0.5,1,-6,6,1,0.375,0.875,0.375,1,1,-45,3675,2635,0,0,0,1;
custom,killcuboid,transparent0.5,1,-6,6,1,0.375,0.875,0.375,1,1,-45,3675,2775,0,0,0,1;
custom,killcuboid,transparent0.5,1,6,13,1,0.375,0.875,0.375,1,1,55,3605,2670,0,0,0,1;
custom,killcuboid,transparent0.5,1,6,13,1,0.375,0.875,0.375,1,1,55,3745,2740,0,0,0,1;
custom,killcuboid,transparent0.5,1,6,6,1,0.375,0.875,0.375,1,1,55,3675,2635,0,0,0,1;
custom,killcuboid,transparent0.5,1,6,6,1,0.375,0.875,0.375,1,1,55,3675,2775,0,0,0,1;
custom,killcuboid,transparent0.5,12,-25,1,1,0.375,0.875,0.375,1,1,-110,3675,2740,0,0,0,1;
custom,killcuboid,transparent0.5,14,25,1,1,0.375,0.875,0.375,1,1,130,3675,2740,0,0,0,1;
custom,killcuboid,transparent0.5,9,1,6,1,0.375,0.875,0.375,1,1,5,3710,2635,0,0,0,1;
custom,killcuboid,transparent0.5,9,20,1,1,0.375,0.875,0.375,1,1,5,3675,2670,0,0,0,1;
custom,killcylinder,cannonballtrail,1,0.25,1,0,1,1,1,1,1,-112.6112,3485,2770,0,0,0.7071068,0.7071068;
custom,killcylinder,cannonballtrail,1,0.25,1,0,1,1,1,1,1,-112.6112,3485,2775,0,0,0.7071068,0.7071068;
custom,killcylinder,cannonballtrail,1,0.25,1,0,1,1,1,1,1,-112.6112,3490,2770,0,0,0.7071068,0.7071068;
custom,killcylinder,cannonballtrail,1,0.25,1,0,1,1,1,1,1,-112.6112,3490,2775,-0.2705981,0.2705981,0.6532815,0.6532815;
custom,killcylinder,cannonballtrail,1,0.25,1,0,1,1,1,1,1,-112.6112,3490,2780,0,0,0.7071068,0.7071068;
custom,killcylinder,cannonballtrail,1,0.25,1,0,1,1,1,1,1,-112.6112,3495,2775,0,0,0.7071068,0.7071068;
custom,killcylinder,cannonballtrail,1,0.25,1,0,1,1,1,1,1,-112.6112,3495,2780,0,0,0.7071068,0.7071068;
custom,killcylinder,cannonballtrail,1,0.25,1,0,1,1,1,1,1,-139.9052,3493.435,2799.328,-0.7071041,-0.7071091,0.0005646,0.0005647;
custom,killcylinder,cannonballtrail,1,0.25,1,0,1,1,1,1,1,-139.9057,3498.435,2799.328,-0.7071041,-0.7071091,0.0005646,0.0005647;
custom,killcylinder,cannonballtrail,1,0.25,1,0,1,1,1,1,1,-139.9134,3503.435,2794.328,-0.7071041,-0.7071091,0.0005646,0.0005647;
custom,killcylinder,cannonballtrail,1,0.25,1,0,1,1,1,1,1,-139.9137,3498.435,2794.328,-0.6534936,-0.6530687,-0.2700751,0.2711216;
custom,killcylinder,cannonballtrail,1,0.25,1,0,1,1,1,1,1,-139.9141,3493.435,2794.328,-0.7071041,-0.7071091,0.0005646,0.0005647;
custom,killcylinder,cannonballtrail,1,0.25,1,0,1,1,1,1,1,-139.9219,3498.435,2789.328,-0.7071041,-0.7071091,0.0005646,0.0005647;
custom,killcylinder,cannonballtrail,1,0.25,1,0,1,1,1,1,1,-139.9222,3503.435,2789.328,-0.7071041,-0.7071091,0.0005646,0.0005647;
custom,killcylinder,cannonballtrail,1,0.25,1,0,1,1,1,1,1,-167.8253,3494.135,2657.498,0.7070901,0.7070909,-0.0048047,-0.0048046;
custom,killcylinder,cannonballtrail,1,0.25,1,0,1,1,1,1,1,-167.8257,3499.135,2657.498,0.7070901,0.7070909,-0.0048047,-0.0048046;
custom,killcylinder,cannonballtrail,1,0.25,1,0,1,1,1,1,1,-167.8933,3504.135,2652.499,0.7070901,0.7070909,-0.0048047,-0.0048046;
custom,killcylinder,cannonballtrail,1,0.25,1,0,1,1,1,1,1,-167.8936,3499.135,2652.499,0.6551034,0.6514297,0.2661515,-0.2750315;
custom,killcylinder,cannonballtrail,1,0.25,1,0,1,1,1,1,1,-167.8938,3494.135,2652.499,0.7070901,0.7070909,-0.0048047,-0.0048046;
custom,killcylinder,cannonballtrail,1,0.25,1,0,1,1,1,1,1,-167.9616,3499.135,2647.5,0.7070901,0.7070909,-0.0048047,-0.0048046;
custom,killcylinder,cannonballtrail,1,0.25,1,0,1,1,1,1,1,-167.962,3504.135,2647.5,0.7070901,0.7070909,-0.0048047,-0.0048046;
custom,killcylinder,cannonballtrail,1,0.25,1,0,1,1,1,1,1,-199.9352,3524.029,2767.982,0.7070956,0.7070969,0.0038662,0.0038657;
custom,killcylinder,cannonballtrail,1,0.25,1,0,1,1,1,1,1,-199.9354,3529.029,2767.982,0.7070956,0.7070969,0.0038662,0.0038657;
custom,killcylinder,cannonballtrail,1,0.25,1,0,1,1,1,1,1,-199.9819,3493.435,2799.328,-0.7071041,-0.7071091,0.0005646,0.0005647;
custom,killcylinder,cannonballtrail,1,0.25,1,0,1,1,1,1,1,-199.9824,3498.435,2799.328,-0.7071041,-0.7071091,0.0005646,0.0005647;
custom,killcylinder,cannonballtrail,1,0.25,1,0,1,1,1,1,1,-199.9824,3529.029,2794.556,-0.0005694,-0.0005697,-0.7071052,-0.707108;
custom,killcylinder,cannonballtrail,1,0.25,1,0,1,1,1,1,1,-199.9827,3524.029,2794.556,-0.0005694,-0.0005697,-0.7071052,-0.707108;
custom,killcylinder,cannonballtrail,1,0.25,1,0,1,1,1,1,1,-199.9901,3503.435,2794.328,-0.7071041,-0.7071091,0.0005646,0.0005647;
custom,killcylinder,cannonballtrail,1,0.25,1,0,1,1,1,1,1,-199.9904,3498.435,2794.328,-0.6534936,-0.6530687,-0.2700751,0.2711216;
custom,killcylinder,cannonballtrail,1,0.25,1,0,1,1,1,1,1,-199.9904,3524.029,2772.982,0.6517885,0.6547554,0.2741638,-0.2670234;
custom,killcylinder,cannonballtrail,1,0.25,1,0,1,1,1,1,1,-199.9904,3524.029,2789.556,0.27007,-0.2711257,-0.6534958,-0.6530669;
custom,killcylinder,cannonballtrail,1,0.25,1,0,1,1,1,1,1,-199.9905,3519.029,2772.982,0.7070956,0.7070969,0.0038662,0.0038657;
custom,killcylinder,cannonballtrail,1,0.25,1,0,1,1,1,1,1,-199.9905,3519.029,2789.555,-0.0005694,-0.0005697,-0.7071052,-0.707108;
custom,killcylinder,cannonballtrail,1,0.25,1,0,1,1,1,1,1,-199.9907,3529.029,2789.556,-0.0005694,-0.0005697,-0.7071052,-0.707108;
custom,killcylinder,cannonballtrail,1,0.25,1,0,1,1,1,1,1,-199.9908,3493.435,2794.328,-0.7071041,-0.7071091,0.0005646,0.0005647;
custom,killcylinder,cannonballtrail,1,0.25,1,0,1,1,1,1,1,-199.9908,3529.029,2772.983,0.7070956,0.7070969,0.0038662,0.0038657;
custom,killcylinder,cannonballtrail,1,0.25,1,0,1,1,1,1,1,-199.9982,3524.029,2784.556,-0.0005694,-0.0005697,-0.7071052,-0.707108;
custom,killcylinder,cannonballtrail,1,0.25,1,0,1,1,1,1,1,-199.9986,3498.435,2789.328,-0.7071041,-0.7071091,0.0005646,0.0005647;
custom,killcylinder,cannonballtrail,1,0.25,1,0,1,1,1,1,1,-199.9986,3519.029,2784.556,-0.0005694,-0.0005697,-0.7071052,-0.707108;
custom,killcylinder,cannonballtrail,1,0.25,1,0,1,1,1,1,1,-199.9989,3503.435,2789.328,-0.7071041,-0.7071091,0.0005646,0.0005647;
custom,killcylinder,cannonballtrail,1,0.25,1,0,1,1,1,1,1,-200.0456,3519.029,2777.982,0.7070956,0.7070969,0.0038662,0.0038657;
custom,killcylinder,cannonballtrail,1,0.25,1,0,1,1,1,1,1,-200.046,3524.029,2777.982,0.7070956,0.7070969,0.0038662,0.0038657;
custom,killcylinder,cannonballtrail,1,0.25,1,0,1,1,1,1,1,-203.9771,3506.813,2639.626,-0.0102996,-0.0102997,-0.7070308,-0.7070328;
custom,killcylinder,cannonballtrail,1,0.25,1,0,1,1,1,1,1,-203.9775,3501.813,2639.626,-0.0102996,-0.0102997,-0.7070308,-0.7070328;
custom,killcylinder,cannonballtrail,1,0.25,1,0,1,1,1,1,1,-204.1231,3501.813,2634.628,0.2610521,-0.2800867,-0.6571511,-0.6492732;
custom,killcylinder,cannonballtrail,1,0.25,1,0,1,1,1,1,1,-204.1231,3506.813,2634.628,-0.0102996,-0.0102997,-0.7070308,-0.7070328;
custom,killcylinder,cannonballtrail,1,0.25,1,0,1,1,1,1,1,-204.1232,3496.813,2634.629,-0.0102996,-0.0102997,-0.7070308,-0.7070328;
custom,killcylinder,cannonballtrail,1,0.25,1,0,1,1,1,1,1,-204.2688,3501.813,2629.631,-0.0102996,-0.0102997,-0.7070308,-0.7070328;
custom,killcylinder,cannonballtrail,1,0.25,1,0,1,1,1,1,1,-204.2692,3496.813,2629.631,-0.0102996,-0.0102997,-0.7070308,-0.7070328;
custom,killcylinder,cannonballtrail,1,0.25,1,0,1,1,1,1,1,-221.4962,3492.182,2766.704,-0.0067966,-0.0067967,-0.7070723,-0.707076;
custom,killcylinder,cannonballtrail,1,0.25,1,0,1,1,1,1,1,-221.4966,3487.182,2766.704,-0.0067966,-0.0067967,-0.7070723,-0.707076;
custom,killcylinder,cannonballtrail,1,0.25,1,0,1,1,1,1,1,-221.592,3492.182,2761.705,-0.0067966,-0.0067967,-0.7070723,-0.707076;
custom,killcylinder,cannonballtrail,1,0.25,1,0,1,1,1,1,1,-221.5924,3487.182,2761.705,0.2643048,-0.2768674,-0.655848,-0.6506543;
custom,killcylinder,cannonballtrail,1,0.25,1,0,1,1,1,1,1,-221.5927,3482.182,2761.705,-0.0067966,-0.0067967,-0.7070723,-0.707076;
custom,killcylinder,cannonballtrail,1,0.25,1,0,1,1,1,1,1,-221.6881,3487.182,2756.706,-0.0067966,-0.0067967,-0.7070723,-0.707076;
custom,killcylinder,cannonballtrail,1,0.25,1,0,1,1,1,1,1,-221.6886,3482.182,2756.706,-0.0067966,-0.0067967,-0.7070723,-0.707076;
custom,killcylinder,cannonballtrail,1,0.25,1,0,1,1,1,1,1,-223.4999,3518.437,2674.601,0.7070901,0.7070909,-0.0048047,-0.0048046;
custom,killcylinder,cannonballtrail,1,0.25,1,0,1,1,1,1,1,-223.5003,3523.437,2674.601,0.7070901,0.7070909,-0.0048047,-0.0048046;
custom,killcylinder,cannonballtrail,1,0.25,1,0,1,1,1,1,1,-223.568,3528.437,2669.601,0.7070901,0.7070909,-0.0048047,-0.0048046;
custom,killcylinder,cannonballtrail,1,0.25,1,0,1,1,1,1,1,-223.5683,3523.437,2669.601,0.6551034,0.6514297,0.2661515,-0.2750315;
custom,killcylinder,cannonballtrail,1,0.25,1,0,1,1,1,1,1,-223.5685,3518.437,2669.602,0.7070901,0.7070909,-0.0048047,-0.0048046;
custom,killcylinder,cannonballtrail,1,0.25,1,0,1,1,1,1,1,-223.6363,3523.437,2664.602,0.7070901,0.7070909,-0.0048047,-0.0048046;
custom,killcylinder,cannonballtrail,1,0.25,1,0,1,1,1,1,1,-223.6367,3528.437,2664.602,0.7070901,0.7070909,-0.0048047,-0.0048046;
custom,killcylinder,cannonballtrail,1,0.25,1,0,1,1,1,1,1,-226.8597,3488.077,2714.119,0.4961103,0.4961126,-0.5038574,-0.5038598;
custom,killcylinder,cannonballtrail,1,0.25,1,0,1,1,1,1,1,-226.8599,3483.077,2714.118,0.4961103,0.4961126,-0.5038574,-0.5038598;
custom,killcylinder,cannonballtrail,1,0.25,1,0,1,1,1,1,1,-231.8589,3493.077,2714.196,0.4961103,0.4961126,-0.5038574,-0.5038598;
custom,killcylinder,cannonballtrail,1,0.25,1,0,1,1,1,1,1,-231.8593,3488.077,2714.196,0.6511616,0.26553,-0.2756484,-0.6553628;
custom,killcylinder,cannonballtrail,1,0.25,1,0,1,1,1,1,1,-231.8596,3483.077,2714.196,0.4961103,0.4961126,-0.5038574,-0.5038598;
custom,killcylinder,cannonballtrail,1,0.25,1,0,1,1,1,1,1,-236.8587,3493.077,2714.274,0.4961103,0.4961126,-0.5038574,-0.5038598;
custom,killcylinder,cannonballtrail,1,0.25,1,0,1,1,1,1,1,-236.8588,3488.077,2714.273,0.4961103,0.4961126,-0.5038574,-0.5038598;
custom,killcylinder,cannonballtrail,1,0.25,1,0,1,1,1,1,1,-242.5963,3506.813,2672.18,-0.0102996,-0.0102997,-0.7070308,-0.7070328;
custom,killcylinder,cannonballtrail,1,0.25,1,0,1,1,1,1,1,-242.5967,3501.813,2672.181,-0.0102996,-0.0102997,-0.7070308,-0.7070328;
custom,killcylinder,cannonballtrail,1,0.25,1,0,1,1,1,1,1,-242.7423,3501.813,2667.183,0.2610521,-0.2800867,-0.6571511,-0.6492732;
custom,killcylinder,cannonballtrail,1,0.25,1,0,1,1,1,1,1,-242.7423,3506.813,2667.182,-0.0102996,-0.0102997,-0.7070308,-0.7070328;
custom,killcylinder,cannonballtrail,1,0.25,1,0,1,1,1,1,1,-242.7424,3496.813,2667.183,-0.0102996,-0.0102997,-0.7070308,-0.7070328;
custom,killcylinder,cannonballtrail,1,0.25,1,0,1,1,1,1,1,-242.888,3501.813,2662.185,-0.0102996,-0.0102997,-0.7070308,-0.7070328;
custom,killcylinder,cannonballtrail,1,0.25,1,0,1,1,1,1,1,-242.8884,3496.813,2662.185,-0.0102996,-0.0102997,-0.7070308,-0.7070328;
custom,killcylinder,cannonballtrail,1,0.25,1,0,1,1,1,1,1,-259.591,3496.475,2775.57,0.3536742,-0.3653773,-0.6053905,-0.6123042;
custom,killcylinder,cannonballtrail,1,0.25,1,0,1,1,1,1,1,-259.5917,3494.06,2779.948,0.3536742,-0.3653773,-0.6053905,-0.6123042;
custom,killcylinder,cannonballtrail,1,0.25,1,0,1,1,1,1,1,-259.6868,3492.097,2773.156,0.3536742,-0.3653773,-0.6053905,-0.6123042;
custom,killcylinder,cannonballtrail,1,0.25,1,0,1,1,1,1,1,-259.6875,3489.682,2777.534,0.5584258,-0.5718836,-0.4239589,-0.4258739;
custom,killcylinder,cannonballtrail,1,0.25,1,0,1,1,1,1,1,-259.6882,3487.268,2781.913,0.3536742,-0.3653773,-0.6053905,-0.6123042;
custom,killcylinder,cannonballtrail,1,0.25,1,0,1,1,1,1,1,-259.7833,3485.305,2775.12,0.3536742,-0.3653773,-0.6053905,-0.6123042;
custom,killcylinder,cannonballtrail,1,0.25,1,0,1,1,1,1,1,-259.7841,3482.89,2779.499,0.3536742,-0.3653773,-0.6053905,-0.6123042;
custom,killcylinder,cannonballtrail,1,0.25,1,0,1,1,1,1,1,-263.4156,3504.999,2738.468,0.4961103,0.4961126,-0.5038574,-0.5038598;
custom,killcylinder,cannonballtrail,1,0.25,1,0,1,1,1,1,1,-263.4158,3499.999,2738.467,0.4961103,0.4961126,-0.5038574,-0.5038598;
custom,killcylinder,cannonballtrail,1,0.25,1,0,1,1,1,1,1,-268.4147,3509.999,2738.545,0.4961103,0.4961126,-0.5038574,-0.5038598;
custom,killcylinder,cannonballtrail,1,0.25,1,0,1,1,1,1,1,-268.4151,3504.999,2738.545,0.6511616,0.26553,-0.2756484,-0.6553628;
custom,killcylinder,cannonballtrail,1,0.25,1,0,1,1,1,1,1,-268.4154,3499.999,2738.545,0.4961103,0.4961126,-0.5038574,-0.5038598;
custom,killcylinder,cannonballtrail,1,0.25,1,0,1,1,1,1,1,-273.4145,3509.999,2738.623,0.4961103,0.4961126,-0.5038574,-0.5038598;
custom,killcylinder,cannonballtrail,1,0.25,1,0,1,1,1,1,1,-273.4146,3504.999,2738.622,0.4961103,0.4961126,-0.5038574,-0.5038598;
custom,killcylinder,cannonballtrail,1,0.25,1,0,1,1,1,1,1,-32.18657,3492.85,2640.935,-0.0102996,-0.0102997,-0.7070308,-0.7070328;
custom,killcylinder,cannonballtrail,1,0.25,1,0,1,1,1,1,1,-32.18698,3487.85,2640.935,-0.0102996,-0.0102997,-0.7070308,-0.7070328;
custom,killcylinder,cannonballtrail,1,0.25,1,0,1,1,1,1,1,-32.33255,3492.85,2635.937,-0.0102996,-0.0102997,-0.7070308,-0.7070328;
custom,killcylinder,cannonballtrail,1,0.25,1,0,1,1,1,1,1,-32.33256,3487.85,2635.937,0.2610521,-0.2800867,-0.6571511,-0.6492732;
custom,killcylinder,cannonballtrail,1,0.25,1,0,1,1,1,1,1,-32.33261,3482.85,2635.937,-0.0102996,-0.0102997,-0.7070308,-0.7070328;
custom,killcylinder,cannonballtrail,1,0.25,1,0,1,1,1,1,1,-32.47824,3487.85,2630.939,-0.0102996,-0.0102997,-0.7070308,-0.7070328;
custom,killcylinder,cannonballtrail,1,0.25,1,0,1,1,1,1,1,-32.47863,3482.85,2630.939,-0.0102996,-0.0102997,-0.7070308,-0.7070328;
custom,killcylinder,cannonballtrail,1,0.25,1,0,1,1,1,1,1,-64.53111,3517.816,2647.273,-0.1965,0.1834057,-0.6829059,-0.6792567;
custom,killcylinder,cannonballtrail,1,0.25,1,0,1,1,1,1,1,-64.53184,3513.539,2644.685,-0.1965,0.1834057,-0.6829059,-0.6792567;
custom,killcylinder,cannonballtrail,1,0.25,1,0,1,1,1,1,1,-64.6269,3520.403,2642.996,-0.1965,0.1834057,-0.6829059,-0.6792567;
custom,killcylinder,cannonballtrail,1,0.25,1,0,1,1,1,1,1,-64.62763,3516.125,2640.408,0.07979365,-0.09049815,-0.7061179,-0.6977397;
custom,killcylinder,cannonballtrail,1,0.25,1,0,1,1,1,1,1,-64.62833,3511.846,2637.82,-0.1965,0.1834057,-0.6829059,-0.6792567;
custom,killcylinder,cannonballtrail,1,0.25,1,0,1,1,1,1,1,-64.7234,3518.71,2636.13,-0.1965,0.1834057,-0.6829059,-0.6792567;
custom,killcylinder,cannonballtrail,1,0.25,1,0,1,1,1,1,1,-64.72425,3514.433,2633.542,-0.1965,0.1834057,-0.6829059,-0.6792567;
custom,killcylinder,cannonballtrail,1,0.25,1,0,1,1,1,1,1,122.6653,3504.365,2647.87,0.7070901,0.7070909,-0.0048047,-0.0048046;
custom,killcylinder,cannonballtrail,1,0.25,1,0,1,1,1,1,1,122.6656,3499.365,2647.87,0.7070901,0.7070909,-0.0048047,-0.0048046;
custom,killcylinder,cannonballtrail,1,0.25,1,0,1,1,1,1,1,122.7335,3494.365,2652.87,0.7070901,0.7070909,-0.0048047,-0.0048046;
custom,killcylinder,cannonballtrail,1,0.25,1,0,1,1,1,1,1,122.7337,3499.365,2652.869,0.6551034,0.6514297,0.2661515,-0.2750315;
custom,killcylinder,cannonballtrail,1,0.25,1,0,1,1,1,1,1,122.734,3504.365,2652.869,0.7070901,0.7070909,-0.0048047,-0.0048046;
custom,killcylinder,cannonballtrail,1,0.25,1,0,1,1,1,1,1,122.8016,3499.365,2657.869,0.7070901,0.7070909,-0.0048047,-0.0048046;
custom,killcylinder,cannonballtrail,1,0.25,1,0,1,1,1,1,1,122.8021,3494.365,2657.869,0.7070901,0.7070909,-0.0048047,-0.0048046;
custom,killcylinder,cannonballtrail,1,0.25,1,0,1,1,1,1,1,207.5189,3482.89,2674.084,0.3536742,-0.3653773,-0.6053905,-0.6123042;
custom,killcylinder,cannonballtrail,1,0.25,1,0,1,1,1,1,1,207.5197,3485.305,2669.706,0.3536742,-0.3653773,-0.6053905,-0.6123042;
custom,killcylinder,cannonballtrail,1,0.25,1,0,1,1,1,1,1,207.6148,3487.268,2676.498,0.3536742,-0.3653773,-0.6053905,-0.6123042;
custom,killcylinder,cannonballtrail,1,0.25,1,0,1,1,1,1,1,207.6155,3489.682,2672.12,0.5584258,-0.5718836,-0.4239589,-0.4258739;
custom,killcylinder,cannonballtrail,1,0.25,1,0,1,1,1,1,1,207.6162,3492.097,2667.741,0.3536742,-0.3653773,-0.6053905,-0.6123042;
custom,killcylinder,cannonballtrail,1,0.25,1,0,1,1,1,1,1,207.7113,3494.06,2674.533,0.3536742,-0.3653773,-0.6053905,-0.6123042;
custom,killcylinder,cannonballtrail,1,0.25,1,0,1,1,1,1,1,207.712,3496.475,2670.155,0.3536742,-0.3653773,-0.6053905,-0.6123042;
custom,killcylinder,cannonballtrail,1,0.25,1,0,1,1,1,1,1,82.60831,3515.126,2670.838,0.5494988,-0.557951,-0.4343836,-0.4450311;
custom,killcylinder,cannonballtrail,1,0.25,1,0,1,1,1,1,1,82.60916,3513.993,2665.969,0.5494988,-0.557951,-0.4343836,-0.4450311;
custom,killcylinder,cannonballtrail,1,0.25,1,0,1,1,1,1,1,82.70423,3519.994,2669.704,0.5494988,-0.557951,-0.4343836,-0.4450311;
custom,killcylinder,cannonballtrail,1,0.25,1,0,1,1,1,1,1,82.70493,3518.862,2664.834,0.6739042,-0.6857843,-0.1910303,-0.1976374;
custom,killcylinder,cannonballtrail,1,0.25,1,0,1,1,1,1,1,82.70567,3517.729,2659.965,0.5494988,-0.557951,-0.4343836,-0.4450311;
custom,killcylinder,cannonballtrail,1,0.25,1,0,1,1,1,1,1,82.80073,3523.73,2663.7,0.5494988,-0.557951,-0.4343836,-0.4450311;
custom,killcylinder,cannonballtrail,1,0.25,1,0,1,1,1,1,1,82.80146,3522.597,2658.831,0.5494988,-0.557951,-0.4343836,-0.4450311;
custom,killcylinder,metal2,0.1,2,0.1,1,0.875,0.875,1,0.01,1,-131.5,3581.5,2807.5,0,0,-0.2425356,0.9701425;
custom,killcylinder,metal2,0.1,2,0.1,1,0.875,0.875,1,0.01,1,-131.5,3581.5,2807.5,0,0,0.2425356,0.9701425;
custom,killcylinder,metal2,0.1,2,0.1,1,0.875,0.875,1,0.01,1,-141.5,3581.5,2807.5,0,0,-0.2425356,0.9701425;
custom,killcylinder,metal2,0.1,2,0.1,1,0.875,0.875,1,0.01,1,-141.5,3581.5,2807.5,0,0,0.2425356,0.9701425;
custom,killcylinder,metal2,0.1,2,0.1,1,0.875,0.875,1,0.01,1,-151.5,3581.5,2807.5,0,0,-0.2425356,0.9701425;
custom,killcylinder,metal2,0.1,2,0.1,1,0.875,0.875,1,0.01,1,-151.5,3581.5,2807.5,0,0,0.2425356,0.9701425;
custom,killcylinder,metal2,0.1,2,0.1,1,0.875,0.875,1,0.01,1,250,3480,3107.5,0,0,-0.2425356,0.9701425;
custom,killcylinder,metal2,0.1,2,0.1,1,0.875,0.875,1,0.01,1,250,3480,3107.5,0,0,0.2425356,0.9701425;
custom,killcylinder,metal2,0.1,2,0.1,1,0.875,0.875,1,0.01,1,260,3480,3107.5,0,0,-0.2425356,0.9701425;
custom,killcylinder,metal2,0.1,2,0.1,1,0.875,0.875,1,0.01,1,260,3480,3107.5,0,0,0.2425356,0.9701425;
custom,killcylinder,metal2,0.1,2,0.1,1,0.875,0.875,1,0.01,1,270,3480,3107.5,0,0,-0.2425356,0.9701425;
custom,killcylinder,metal2,0.1,2,0.1,1,0.875,0.875,1,0.01,1,270,3480,3107.5,0,0,0.2425356,0.9701425;
custom,killcylinder,metal2,0.1,3,0.1,1,0.875,0.875,1,0.01,1,-213.5,3470,2940,-0.2425356,0,0,0.9701425;
custom,killcylinder,metal2,0.1,3,0.1,1,0.875,0.875,1,0.01,1,-213.5,3470,2940,0.2425356,0,0,0.9701425;
custom,killcylinder,metal2,0.1,3,0.1,1,0.875,0.875,1,0.01,1,-213.5,3470,2950,-0.2425356,0,0,0.9701425;
custom,killcylinder,metal2,0.1,3,0.1,1,0.875,0.875,1,0.01,1,-213.5,3470,2950,0.2425356,0,0,0.9701425;
custom,killcylinder,metal2,0.1,3,0.1,1,0.875,0.875,1,0.01,1,-213.5,3470,2960,-0.2425356,0,0,0.9701425;
custom,killcylinder,metal2,0.1,3,0.1,1,0.875,0.875,1,0.01,1,-213.5,3470,2960,0.2425356,0,0,0.9701425;
custom,killcylinder,metal2,0.1,3,0.1,1,0.875,0.875,1,0.01,1,-213.5,3470,2970,-0.2425356,0,0,0.9701425;
custom,killcylinder,metal2,0.1,3,0.1,1,0.875,0.875,1,0.01,1,-213.5,3470,2970,0.2425356,0,0,0.9701425;
custom,killcylinder,metal2,0.1,3,0.1,1,0.875,0.875,1,0.01,1,-213.5,3470,2980,-0.2425356,0,0,0.9701425;
custom,killcylinder,metal2,0.1,3,0.1,1,0.875,0.875,1,0.01,1,-213.5,3470,2980,0.2425356,0,0,0.9701425;
custom,killcylinder,metal2,0.1,3,0.1,1,0.875,0.875,1,0.01,1,-58.5,3495,2765,-0.2425356,0,0,0.9701425;
custom,killcylinder,metal2,0.1,3,0.1,1,0.875,0.875,1,0.01,1,-58.5,3495,2765,0.2425356,0,0,0.9701425;
custom,killcylinder,metal2,0.1,3,0.1,1,0.875,0.875,1,0.01,1,-58.5,3495,2775,-0.2425356,0,0,0.9701425;
custom,killcylinder,metal2,0.1,3,0.1,1,0.875,0.875,1,0.01,1,-58.5,3495,2775,0.2425356,0,0,0.9701425;
custom,killcylinder,metal2,0.1,3,0.1,1,0.875,0.875,1,0.01,1,-58.5,3495,2785,-0.2425356,0,0,0.9701425;
custom,killcylinder,metal2,0.1,3,0.1,1,0.875,0.875,1,0.01,1,-58.5,3495,2785,0.2425356,0,0,0.9701425;
custom,killcylinder,metal2,0.1,3,0.1,1,0.875,0.875,1,0.01,1,-58.5,3495,2795,-0.2425356,0,0,0.9701425;
custom,killcylinder,metal2,0.1,3,0.1,1,0.875,0.875,1,0.01,1,-58.5,3495,2795,0.2425356,0,0,0.9701425;
custom,killcylinder,metal2,0.1,3,0.1,1,0.875,0.875,1,0.01,1,-58.5,3495,2805,-0.2425356,0,0,0.9701425;
custom,killcylinder,metal2,0.1,3,0.1,1,0.875,0.875,1,0.01,1,-58.5,3495,2805,0.2425356,0,0,0.9701425;
custom,killcylinder,metal2,0.1,3,0.1,1,0.875,0.875,1,0.01,1,138.5,3741.5,2807.5,0,0,-0.2425356,0.9701425;
custom,killcylinder,metal2,0.1,3,0.1,1,0.875,0.875,1,0.01,1,138.5,3741.5,2807.5,0,0,0.2425356,0.9701425;
custom,killcylinder,metal2,0.1,3,0.1,1,0.875,0.875,1,0.01,1,148.5,3741.5,2807.5,0,0,-0.2425356,0.9701425;
custom,killcylinder,metal2,0.1,3,0.1,1,0.875,0.875,1,0.01,1,148.5,3741.5,2807.5,0,0,0.2425356,0.9701425;
custom,killcylinder,metal2,0.1,3,0.1,1,0.875,0.875,1,0.01,1,158.5,3741.5,2807.5,0,0,-0.2425356,0.9701425;
custom,killcylinder,metal2,0.1,3,0.1,1,0.875,0.875,1,0.01,1,158.5,3741.5,2807.5,0,0,0.2425356,0.9701425;
custom,killcylinder,metal2,0.1,3,0.1,1,0.875,0.875,1,0.01,1,168.5,3741.5,2807.5,0,0,-0.2425356,0.9701425;
custom,killcylinder,metal2,0.1,3,0.1,1,0.875,0.875,1,0.01,1,168.5,3741.5,2807.5,0,0,0.2425356,0.9701425;
custom,killcylinder,metal2,0.1,3,0.1,1,0.875,0.875,1,0.01,1,178.5,3741.5,2807.5,0,0,-0.2425356,0.9701425;
custom,killcylinder,metal2,0.1,3,0.1,1,0.875,0.875,1,0.01,1,178.5,3741.5,2807.5,0,0,0.2425356,0.9701425;
custom,killcylinder,metal2,0.1,3,0.1,1,0.875,0.875,1,0.01,1,310,3482.5,2660,-0.2425356,0,0,0.9701425;
custom,killcylinder,metal2,0.1,3,0.1,1,0.875,0.875,1,0.01,1,310,3482.5,2660,0.2425356,0,0,0.9701425;
custom,killcylinder,metal2,0.1,3,0.1,1,0.875,0.875,1,0.01,1,310,3482.5,2670,-0.2425356,0,0,0.9701425;
custom,killcylinder,metal2,0.1,3,0.1,1,0.875,0.875,1,0.01,1,310,3482.5,2670,0.2425356,0,0,0.9701425;
custom,killcylinder,metal2,0.1,3,0.1,1,0.875,0.875,1,0.01,1,310,3482.5,2680,-0.2425356,0,0,0.9701425;
custom,killcylinder,metal2,0.1,3,0.1,1,0.875,0.875,1,0.01,1,310,3482.5,2680,0.2425356,0,0,0.9701425;
custom,killcylinder,metal2,0.1,3,0.1,1,0.875,0.875,1,0.01,1,310,3482.5,2690,-0.2425356,0,0,0.9701425;
custom,killcylinder,metal2,0.1,3,0.1,1,0.875,0.875,1,0.01,1,310,3482.5,2690,0.2425356,0,0,0.9701425;
custom,killcylinder,metal2,0.1,3,0.1,1,0.875,0.875,1,0.01,1,310,3482.5,2700,-0.2425356,0,0,0.9701425;
custom,killcylinder,metal2,0.1,3,0.1,1,0.875,0.875,1,0.01,1,310,3482.5,2700,0.2425356,0,0,0.9701425;
custom,killcylinder,metal2,0.1,3,0.1,1,0.875,0.875,1,0.01,1,310,3652.5,3100,-0.2425356,0,0,0.9701425;
custom,killcylinder,metal2,0.1,3,0.1,1,0.875,0.875,1,0.01,1,310,3652.5,3100,0.2425356,0,0,0.9701425;
custom,killcylinder,metal2,0.1,3,0.1,1,0.875,0.875,1,0.01,1,310,3652.5,3110,-0.2425356,0,0,0.9701425;
custom,killcylinder,metal2,0.1,3,0.1,1,0.875,0.875,1,0.01,1,310,3652.5,3110,0.2425356,0,0,0.9701425;
custom,killcylinder,metal2,0.1,3,0.1,1,0.875,0.875,1,0.01,1,310,3652.5,3120,-0.2425356,0,0,0.9701425;
custom,killcylinder,metal2,0.1,3,0.1,1,0.875,0.875,1,0.01,1,310,3652.5,3120,0.2425356,0,0,0.9701425;
custom,killcylinder,metal2,0.1,3,0.1,1,0.875,0.875,1,0.01,1,310,3652.5,3130,-0.2425356,0,0,0.9701425;
custom,killcylinder,metal2,0.1,3,0.1,1,0.875,0.875,1,0.01,1,310,3652.5,3130,0.2425356,0,0,0.9701425;
custom,killcylinder,metal2,0.1,3,0.1,1,0.875,0.875,1,0.01,1,310,3652.5,3140,-0.2425356,0,0,0.9701425;
custom,killcylinder,metal2,0.1,3,0.1,1,0.875,0.875,1,0.01,1,310,3652.5,3140,0.2425356,0,0,0.9701425;
custom,killcylinder,metal2,0.2,1.5,0.2,1,0.4,0.4,0.4,0.01,1,265,3355,3150,0,0,0.7071068,0.7071068;
custom,killcylinder,metal2,0.2,1.5,0.2,1,0.4,0.4,0.4,0.01,1,265,3355,3160,0,0,0.7071068,0.7071068;
custom,killcylinder,metal2,0.2,1.5,0.2,1,0.4,0.4,0.4,0.01,1,265,3355,3170,0,0,0.7071068,0.7071068;
custom,killcylinder,metal2,0.2,1.5,0.2,1,0.4,0.4,0.4,0.01,1,30,3355,3130,0.7071068,0,0,0.7071068;
custom,killcylinder,metal2,0.2,1.5,0.2,1,0.4,0.4,0.4,0.01,1,40,3355,3130,0.7071068,0,0,0.7071068;
custom,killcylinder,metal2,0.2,1.5,0.2,1,0.4,0.4,0.4,0.01,1,50,3355,3130,0.7071068,0,0,0.7071068;
custom,killcylinder,metal2,0.2,2,0.2,1,0.4,0.4,0.4,0.01,1,255,3355,3160,0.7071068,0,0,0.7071068;
custom,killcylinder,metal2,0.2,2,0.2,1,0.4,0.4,0.4,0.01,1,265,3355,3160,0.7071068,0,0,0.7071068;
custom,killcylinder,metal2,0.2,2,0.2,1,0.4,0.4,0.4,0.01,1,275,3355,3160,0.7071068,0,0,0.7071068;
custom,killcylinder,metal2,0.2,2,0.2,1,0.4,0.4,0.4,0.01,1,40,3355,3120,0,0,0.7071068,0.7071068;
custom,killcylinder,metal2,0.2,2,0.2,1,0.4,0.4,0.4,0.01,1,40,3355,3130,0,0,0.7071068,0.7071068;
custom,killcylinder,metal2,0.2,2,0.2,1,0.4,0.4,0.4,0.01,1,40,3355,3140,0,0,0.7071068,0.7071068;
custom,killtube,cannonregionmat,10,0.1,10,0,1,1,1,1,1,-39,3370,2731,0,0,0,1;
custom,killtube,cannonregionmat,10,0.1,10,0,1,1,1,1,1,-39,3390,2731,0,0,0,1;
custom,killtube,cannonregionmat,10,0.1,10,0,1,1,1,1,1,-39,3410,2731,0,0,0,1;
custom,leaf1,default,1.000001,-0.127382,8.268085,1,0,1,0,4.75,2.5,134.4945,3701.226,2804.194,0.0022489,0.7071032,-0.7071032,0.0022489;
custom,leaf1,default,1.000001,-0.127382,8.268085,1,0,1,0,4.75,2.5,170.8866,3701.226,2804.425,0.0022489,0.7071032,-0.7071032,0.0022489;
custom,leaf1,default,1.000001,-1.056239,8.268083,1,0,1,0,4.75,2.5,-122.8373,3701.226,2802.558,0.0022489,0.7071032,-0.7071032,0.0022489;
custom,leaf1,default,1.000001,-1.056239,8.268083,1,0,1,0,4.75,2.5,-159.2294,3701.226,2802.326,0.0022489,0.7071032,-0.7071032,0.0022489;
custom,leaf1,default,1.000001,0.9999982,8.268083,1,0,1,0,4.75,2.5,-10.9502,3701.226,2606.463,0.7071068,0,0,0.7071068;
custom,leaf1,default,1.000001,0.9999982,8.268083,1,0,1,0,4.75,2.5,-11.57692,3701.226,2803.265,0.0022489,0.7071032,-0.7071032,0.0022489;
custom,leaf1,default,1.000001,0.9999982,8.268083,1,0,1,0,4.75,2.5,-120.6313,3701.226,2606.463,0.7071068,0,0,0.7071068;
custom,leaf1,default,1.000001,0.9999982,8.268083,1,0,1,0,4.75,2.5,-122.8373,3701.226,2802.558,0.0022489,0.7071032,-0.7071032,0.0022489;
custom,leaf1,default,1.000001,0.9999982,8.268083,1,0,1,0,4.75,2.5,-157.0245,3701.226,2606.463,0.7071068,0,0,0.7071068;
custom,leaf1,default,1.000001,0.9999982,8.268083,1,0,1,0,4.75,2.5,-159.2294,3701.226,2802.326,0.0022489,0.7071032,-0.7071032,0.0022489;
custom,leaf1,default,1.000001,0.9999982,8.268083,1,0,1,0,4.75,2.5,-166.3916,3701.226,2651.716,0.4995687,0.500431,-0.500431,0.4995687;
custom,leaf1,default,1.000001,0.9999982,8.268083,1,0,1,0,4.75,2.5,-166.4532,3701.226,2615.323,0.4995687,0.500431,-0.500431,0.4995687;
custom,leaf1,default,1.000001,0.9999982,8.268083,1,0,1,0,4.75,2.5,-167.2613,3701.226,2720.232,0.4995687,0.500431,-0.500431,0.4995687;
custom,leaf1,default,1.000001,0.9999982,8.268083,1,0,1,0,4.75,2.5,-167.323,3701.226,2683.839,0.4995687,0.500431,-0.500431,0.4995687;
custom,leaf1,default,1.000001,0.9999982,8.268083,1,0,1,0,4.75,2.5,-168.1622,3701.226,2791.137,0.4995687,0.500431,-0.500431,0.4995687;
custom,leaf1,default,1.000001,0.9999982,8.268083,1,0,1,0,4.75,2.5,-168.2238,3701.226,2754.742,0.4995687,0.500431,-0.500431,0.4995687;
custom,leaf1,default,1.000001,0.9999982,8.268083,1,0,1,0,4.75,2.5,-47.43634,3701.226,2803.037,0.0022489,0.7071032,-0.7071032,0.0022489;
custom,leaf1,default,1.000001,0.9999982,8.268083,1,0,1,0,4.75,2.5,-49.95943,3701.226,2606.463,0.7071068,0,0,0.7071068;
custom,leaf1,default,1.000001,0.9999982,8.268083,1,0,1,0,4.75,2.5,-83.8287,3701.226,2802.806,0.0022489,0.7071032,-0.7071032,0.0022489;
custom,leaf1,default,1.000001,0.9999982,8.268083,1,0,1,0,4.75,2.5,-86.35233,3701.226,2606.463,0.7071068,0,0,0.7071068;
custom,leaf1,default,1.000001,0.9999982,8.268083,1,0,1,0,4.75,2.5,100.2159,3701.226,2803.976,0.0022489,0.7071032,-0.7071032,0.0022489;
custom,leaf1,default,1.000001,0.9999982,8.268083,1,0,1,0,4.75,2.5,134.4946,3701.226,2804.194,0.0022489,0.7071032,-0.7071032,0.0022489;
custom,leaf1,default,1.000001,0.9999982,8.268083,1,0,1,0,4.75,2.5,136.7052,3701.226,2606.463,0.7071068,0,0,0.7071068;
custom,leaf1,default,1.000001,0.9999982,8.268083,1,0,1,0,4.75,2.5,170.8866,3701.226,2804.425,0.0022489,0.7071032,-0.7071032,0.0022489;
custom,leaf1,default,1.000001,0.9999982,8.268083,1,0,1,0,4.75,2.5,173.0981,3701.226,2606.463,0.7071068,0,0,0.7071068;
custom,leaf1,default,1.000001,0.9999982,8.268083,1,0,1,0,4.75,2.5,197.2289,3701.226,2614.522,0.5035872,-0.4963869,0.4963869,0.5035872;
custom,leaf1,default,1.000001,0.9999982,8.268083,1,0,1,0,4.75,2.5,197.2289,3701.226,2685.433,0.5035872,-0.4963869,0.4963869,0.5035872;
custom,leaf1,default,1.000001,0.9999982,8.268083,1,0,1,0,4.75,2.5,197.2289,3701.226,2753.955,0.5035872,-0.4963869,0.4963869,0.5035872;
custom,leaf1,default,1.000001,0.9999982,8.268083,1,0,1,0,4.75,2.5,197.7528,3701.226,2650.913,0.5035872,-0.4963869,0.4963869,0.5035872;
custom,leaf1,default,1.000001,0.9999982,8.268083,1,0,1,0,4.75,2.5,197.7528,3701.226,2721.822,0.5035872,-0.4963869,0.4963869,0.5035872;
custom,leaf1,default,1.000001,0.9999982,8.268083,1,0,1,0,4.75,2.5,197.7528,3701.226,2790.344,0.5035872,-0.4963869,0.4963869,0.5035872;
custom,leaf1,default,1.000001,0.9999982,8.268083,1,0,1,0,4.75,2.5,24.81506,3701.226,2803.496,0.0022489,0.7071032,-0.7071032,0.0022489;
custom,leaf1,default,1.000001,0.9999982,8.268083,1,0,1,0,4.75,2.5,25.44294,3701.226,2606.463,0.7071068,0,0,0.7071068;
custom,leaf1,default,1.000001,0.9999982,8.268083,1,0,1,0,4.75,2.5,61.30297,3701.226,2606.463,0.7071068,0,0,0.7071068;
custom,leaf1,default,1.000001,0.9999982,8.268083,1,0,1,0,4.75,2.5,63.82386,3701.226,2803.744,0.0022489,0.7071032,-0.7071032,0.0022489;
custom,leaf1,default,1.000001,0.9999982,8.268083,1,0,1,0,4.75,2.5,97.69613,3701.226,2606.463,0.7071068,0,0,0.7071068;
custom,leaf1,default,1.5,-1.5,1.5,1,0,1,0,1,1,-114.2635,3732.853,2693.548,-0.9146015,0,-0.4043564,0;
custom,leaf1,default,1.5,-1.5,1.5,1,0,1,0,1,1,-137.6376,3686.522,2612.933,-0.9146015,0,-0.4043564,0;
custom,leaf1,default,1.5,-1.5,1.5,1,0,1,0,1,1,-154.9059,3744.214,2638.879,-0.9146015,0,-0.4043564,0;
custom,leaf1,default,1.5,-1.5,1.5,1,0,1,0,1,1,-158.0042,3699.792,2715.143,-0.9146015,0,-0.4043564,0;
custom,leaf1,default,1.5,-1.5,1.5,1,0,1,0,1,1,-165.4812,3714.66,2649.172,-0.9146015,0,-0.4043564,0;
custom,leaf1,default,1.5,-1.5,1.5,1,0,1,0,1,1,-179.6619,3650.013,2690.816,-0.9146015,0,-0.4043564,0;
custom,leaf1,default,1.5,-1.5,1.5,1,0,1,0,1,1,-188.2988,3650.013,2615.919,-0.9146015,0,-0.4043564,0;
custom,leaf1,default,1.5,-1.5,1.5,1,0,1,0,1,1,-94.15594,3643.396,2675.848,-0.9146015,0,-0.4043564,0;
custom,leaf1,default,1.5,-1.5,1.5,1,0,1,0,1,1,-95.00411,3714.66,2641.737,-0.9146015,0,-0.4043564,0;
custom,leaf1,default,1.5,-1.5,1.5,1,0,1,0,1,1,113.3466,3695.3,2697.042,0,0,0,1;
custom,leaf1,default,1.5,-1.5,1.5,1,0,1,0,1,1,120.9163,3752.992,2666.809,0,0,0,1;
custom,leaf1,default,1.5,-1.5,1.5,1,0,1,0,1,1,121.4132,3723.438,2652.059,0,0,0,1;
custom,leaf1,default,1.5,-1.5,1.5,1,0,1,0,1,1,142.6722,3658.79,2613.545,0,0,0,1;
custom,leaf1,default,1.5,-1.5,1.5,1,0,1,0,1,1,163.3442,3723.438,2709.192,0,0,0,1;
custom,leaf1,default,1.5,-1.5,1.5,1,0,1,0,1,1,175.2412,3708.569,2613.192,0,0,0,1;
custom,leaf1,default,1.5,-1.5,1.5,1,0,1,0,1,1,188.7048,3741.631,2660.079,0,0,0,1;
custom,leaf1,default,1.5,-1.5,1.5,1,0,1,0,1,1,189.1447,3652.174,2686.863,0,0,0,1;
custom,leaf1,default,1.5,-1.5,1.5,1,0,1,0,1,1,81.4611,3658.79,2657.561,0,0,0,1;
custom,leaf1,default,1.5,-6.194369,1.5,1,0,1,0,1,1,-136.0187,3755.899,2666.614,-0.9146015,0,-0.4043564,0;
custom,leaf1,default,1.5,-6.194369,1.5,1,0,1,0,1,1,154.1415,3795.899,2662.113,0,0,0,1;
custom,leaf1,default,1.5,1.5,1.5,1,0,1,0,1,1,-114.2635,3741.631,2693.548,-0.9146015,0,-0.4043564,0;
custom,leaf1,default,1.5,1.5,1.5,1,0,1,0,1,1,-137.6376,3695.3,2612.933,-0.9146015,0,-0.4043564,0;
custom,leaf1,default,1.5,1.5,1.5,1,0,1,0,1,1,-154.9059,3752.992,2638.879,-0.9146015,0,-0.4043564,0;
custom,leaf1,default,1.5,1.5,1.5,1,0,1,0,1,1,-158.0042,3708.569,2715.143,-0.9146015,0,-0.4043564,0;
custom,leaf1,default,1.5,1.5,1.5,1,0,1,0,1,1,-165.4812,3723.438,2649.172,-0.9146015,0,-0.4043564,0;
custom,leaf1,default,1.5,1.5,1.5,1,0,1,0,1,1,-179.6619,3658.79,2690.816,-0.9146015,0,-0.4043564,0;
custom,leaf1,default,1.5,1.5,1.5,1,0,1,0,1,1,-188.2988,3658.79,2615.919,-0.9146015,0,-0.4043564,0;
custom,leaf1,default,1.5,1.5,1.5,1,0,1,0,1,1,-94.15594,3652.174,2675.848,-0.9146015,0,-0.4043564,0;
custom,leaf1,default,1.5,1.5,1.5,1,0,1,0,1,1,-95.00411,3723.438,2641.737,-0.9146015,0,-0.4043564,0;
custom,leaf1,default,1.5,1.5,1.5,1,0,1,0,1,1,113.3466,3686.522,2697.042,0,0,0,1;
custom,leaf1,default,1.5,1.5,1.5,1,0,1,0,1,1,120.9163,3744.214,2666.809,0,0,0,1;
custom,leaf1,default,1.5,1.5,1.5,1,0,1,0,1,1,121.4132,3714.66,2652.059,0,0,0,1;
custom,leaf1,default,1.5,1.5,1.5,1,0,1,0,1,1,142.6722,3650.013,2613.545,0,0,0,1;
custom,leaf1,default,1.5,1.5,1.5,1,0,1,0,1,1,163.3442,3714.66,2709.192,0,0,0,1;
custom,leaf1,default,1.5,1.5,1.5,1,0,1,0,1,1,175.2412,3699.792,2613.192,0,0,0,1;
custom,leaf1,default,1.5,1.5,1.5,1,0,1,0,1,1,188.7048,3732.853,2660.079,0,0,0,1;
custom,leaf1,default,1.5,1.5,1.5,1,0,1,0,1,1,189.1447,3643.396,2686.863,0,0,0,1;
custom,leaf1,default,1.5,1.5,1.5,1,0,1,0,1,1,81.4611,3650.013,2657.561,0,0,0,1;
custom,leaf1,default,1.5,6.194369,1.5,1,0,1,0,1,1,-136.0187,3795.899,2666.614,-0.9146015,0,-0.4043564,0;
custom,leaf1,default,1.5,6.194369,1.5,1,0,1,0,1,1,154.1415,3755.899,2662.113,0,0,0,1;
custom,pyramid,metal2,1.5,5,1.5,1,0.875,0.875,1,0.01,1,-140,3580,2942.5,-0.6532815,0.2705981,-0.2705981,0.6532815;
custom,pyramid,metal2,1.5,5,1.5,1,0.875,0.875,1,0.01,1,-140,3580,2942.5,-0.7071068,0,0,0.7071068;
custom,pyramid,metal2,1.5,5,1.5,1,0.875,0.875,1,0.01,1,-140,3580,3032.5,0.6532815,-0.2705981,-0.2705981,0.6532815;
custom,pyramid,metal2,1.5,5,1.5,1,0.875,0.875,1,0.01,1,-140,3580,3032.5,0.7071068,0,0,0.7071068;
custom,pyramid,metal3,10.08,1.12,2.8,1,0.7,1,0.7,0.01,0.01,50,3490,2915,-0.5,0.5,-0.5,0.5;
custom,pyramid,metal3,10.08,1.12,2.8,1,0.7,1,0.7,0.01,0.01,50.00001,3490,2885,0.5,-0.5,-0.5,0.5000001;
custom,pyramid,metal3,10.08,1.12,2.8,1,0.7,1,0.7,0.01,0.01,65.00001,3490,2900,-0.7071068,0.7071068,-1E-07,1E-07;
custom,pyramid,metal3,2.2008,1.9068,2.2008,1,0.875,1,0.875,0.01,0.01,-230,3380.29,2662,0,0,0,1;
custom,pyramid,metal3,2.2008,1.9068,2.2008,1,0.875,1,0.875,0.01,0.01,-230,3389.71,2662,0,0,-1,0;
custom,pyramid,metal3,2.8,1.12,2.8,1,0.7,1,0.7,0.01,0.01,-4.8E-06,3450,2900,0,0,-1,0;
custom,pyramid,metal3,2.8,1.12,2.8,1,0.7,1,0.7,0.01,0.01,7.2E-06,3530,2900,0,-1,0,0;
custom,pyramid,metal3,2.8,1.12,2.8,1,0.7,1,0.7,0.01,0.01,50,3410,2900,0,-1,0,0;
custom,pyramid,metal3,2.8,1.12,2.8,1,0.7,1,0.7,0.01,0.01,50.00001,3570,2900,0,0,-1,0;
custom,pyramid,metal3,3.36,1.12,2.8,1,0.7,1,0.7,0.01,0.01,-1.2E-06,3430,2885,0.5,-0.5,-0.5,0.5000001;
custom,pyramid,metal3,3.36,1.12,2.8,1,0.7,1,0.7,0.01,0.01,-1.2E-06,3550,2885,0.5,-0.5,-0.5,0.5000001;
custom,pyramid,metal3,3.36,1.12,2.8,1,0.7,1,0.7,0.01,0.01,1.2E-06,3430,2915,-0.5,0.5,-0.5,0.5;
custom,pyramid,metal3,3.36,1.12,2.8,1,0.7,1,0.7,0.01,0.01,1.2E-06,3550,2915,-0.5,0.5,-0.5,0.5;
custom,pyramid,metal3,3.36,1.12,2.8,1,0.7,1,0.7,0.01,0.01,35,3490,2900,0,0,-0.7071068,0.7071068;
custom,pyramid,metal3,3.360001,1.12,2.8,1,0.7,1,0.7,0.01,0.01,-15,3430,2900,0,0,-0.7071068,0.7071068;
custom,pyramid,metal3,3.360001,1.12,2.8,1,0.7,1,0.7,0.01,0.01,-15,3550,2900,0,0,-0.7071068,0.7071068;
custom,pyramid,metal3,5.04,1.12,2.8,1,0.7,1,0.7,0.01,0.01,-1.2E-06,3355,2885,0.5,-0.5,-0.5,0.5000001;
custom,pyramid,metal3,5.04,1.12,2.8,1,0.7,1,0.7,0.01,0.01,1.2E-06,3355,2915,-0.5,0.5,-0.5,0.5;
custom,pyramid,metal3,5.04,1.12,2.8,1,0.7,1,0.7,0.01,0.01,-15,3355,2900,0,0,-0.7071068,0.7071068;
custom,pyramid,metal3,5.04,1.12,2.8,1,0.7,1,0.7,0.01,0.01,15,3355,2900,0.7071068,-0.7071068,0,0;
custom,pyramid,metal3,6.16,1.12,2.8,1,0.7,1,0.7,0.01,0.01,-1.2E-06,3635,2885,0.5,-0.5,-0.5,0.5000001;
custom,pyramid,metal3,6.16,1.12,2.8,1,0.7,1,0.7,0.01,0.01,-1.2E-06,3745,2885,0.5,-0.5,-0.5,0.5000001;
custom,pyramid,metal3,6.16,1.12,2.8,1,0.7,1,0.7,0.01,0.01,-1.2E-06,3855,2885,0.5,-0.5,-0.5,0.5000001;
custom,pyramid,metal3,6.16,1.12,2.8,1,0.7,1,0.7,0.01,0.01,1.2E-06,3635,2915,-0.5,0.5,-0.5,0.5;
custom,pyramid,metal3,6.16,1.12,2.8,1,0.7,1,0.7,0.01,0.01,1.2E-06,3745,2915,-0.5,0.5,-0.5,0.5;
custom,pyramid,metal3,6.16,1.12,2.8,1,0.7,1,0.7,0.01,0.01,1.2E-06,3855,2915,-0.5,0.5,-0.5,0.5;
custom,pyramid,metal3,6.16,1.12,2.8,1,0.7,1,0.7,0.01,0.01,-15,3635,2900,0,0,-0.7071068,0.7071068;
custom,pyramid,metal3,6.16,1.12,2.8,1,0.7,1,0.7,0.01,0.01,-15,3745,2900,0,0,-0.7071068,0.7071068;
custom,pyramid,metal3,6.16,1.12,2.8,1,0.7,1,0.7,0.01,0.01,-15,3855,2900,0,0,-0.7071068,0.7071068;
custom,pyramid,metal3,6.16,1.12,2.8,1,0.7,1,0.7,0.01,0.01,15,3635,2900,0.7071068,-0.7071068,0,0;
custom,pyramid,metal3,6.16,1.12,2.8,1,0.7,1,0.7,0.01,0.01,15,3745,2900,0.7071068,-0.7071068,0,0;
custom,pyramid,metal3,6.16,1.12,2.8,1,0.7,1,0.7,0.01,0.01,15,3855,2900,0.7071068,-0.7071068,0,0;
custom,sphere,metal1,1.7745,1.7745,1.7745,1,0.9,0.8,0.3,0.07,0.07,-240.4311,3919.952,3140.958,0,0,0,1;
custom,tree0,default,1.5,-1.5,1.5,1,0.875,1,0.875,1,1,-129.608,3672.5,2661.941,-0.9146015,0,-0.4043564,0;
custom,tree0,default,1.5,1.5,1.5,1,0.875,1,0.875,1,1,155,3672.5,2670,0,0,0,1;
custom,trunk1,cannonregionmat,1.005,0.105,1.005,1,0.05,0.05,0.05,1,1,-260,3359.5,3100,0,0,0,1;
custom,trunk1,grass,1,0.1,1,1,0.625,1,0.625,0.02,0.02,-260,3359.5,3100,0,0,0,1;
custom,tube,brick1,5,1,5,0,1,1,1,0.01,0.01,-129.608,3571.118,2661.941,1,0,0,0;
custom,tube,brick1,5,1,5,0,1,1,1,0.01,0.01,155,3571.118,2670,0,0,0,1;
custom,tube,castle1tex,3.5,0.973,3.5,1,0.5,0.75,1,0.0125,0.7,-1370,4150,3500,0,0,0,1;
custom,tube,metal1,1,0.139,1,1,0.9,0.8,0.3,0.1,0.01,-1312.5,4153,3500,0,0,0,1;
custom,tube,metal1,1,0.139,1,1,0.9,0.8,0.3,0.1,0.01,-1370,4153,3442.5,0,0,0,1;
custom,tube,metal1,1,0.139,1,1,0.9,0.8,0.3,0.1,0.01,-1370,4153,3557.5,0,0,0,1;
custom,tube,metal1,1,0.139,1,1,0.9,0.8,0.3,0.1,0.01,-1427.5,4153,3500,0,0,0,1;
custom,tube,metal1,9.6,0.6672,9.6,1,0.9,0.8,0.3,0.96,0.048,-1370,4150,3500,0,0,0,1;
custom,tube,stone4,10.5,0.6811,10.5,1,1,1,1,-0.025,0.025,-1370,4150,3500,0,0,0,1;
custom,tube,stone4,13,0.695,13,1,1,1,1,-0.025,0.025,-1370,4150,3500,0,0,0,1;
misc,barrier,1,4,10,-170,3950,2900,0,0,0,1;
misc,barrier,1,4,60,-3.81E-05,3950,2605,0,-0.7071068,0,0.7071067;
misc,barrier,1,4,60,-295,3950,2900,0,0,0,1;
misc,barrier,1,4,60,256.0482,3950,2900,0,0,0,1;
misc,barrier,1,4,60.00001,-3.81E-05,3950,3195,0,-0.7071068,0,0.7071068;
misc,barrier,15,1,15,-1370,4260,3500,0,0,0,1;
misc,barrier,4,10.5,1,-1295.411,4202.5,3507.84,0,0.6691307,0,0.7431448;
misc,barrier,4,10.5,1,-1296.639,4202.5,3484.407,0,0.777146,0,0.6293204;
misc,barrier,4,10.5,1,-1301.484,4202.5,3530.505,0,0.5446392,0,0.8386705;
misc,barrier,4,10.5,1,-1305.048,4202.5,3462.5,0,0.8660254,0,0.5;
misc,barrier,4,10.5,1,-1314.264,4202.5,3550.185,0,0.4067367,0,0.9135454;
misc,barrier,4,10.5,1,-1319.815,4202.5,3444.264,0,0.9335804,0,0.358368;
misc,barrier,4,10.5,1,-1332.5,4202.5,3564.952,0,0.2588191,0,0.9659258;
misc,barrier,4,10.5,1,-1339.495,4202.5,3431.484,0,0.9781476,0,0.2079117;
misc,barrier,4,10.5,1,-1354.407,4202.5,3573.361,0,0.1045285,0,0.9945219;
misc,barrier,4,10.5,1,-1362.16,4202.5,3425.411,0,0.9986295,0,0.052336;
misc,barrier,4,10.5,1,-1377.84,4202.5,3574.589,0,0.9986295,0,0.052336;
misc,barrier,4,10.5,1,-1385.593,4202.5,3426.639,0,0.1045285,0,0.9945219;
misc,barrier,4,10.5,1,-1400.505,4202.5,3568.516,0,0.9781476,0,0.2079117;
misc,barrier,4,10.5,1,-1407.5,4202.5,3435.048,0,0.2588191,0,0.9659258;
misc,barrier,4,10.5,1,-1420.185,4202.5,3555.736,0,0.9335804,0,0.358368;
misc,barrier,4,10.5,1,-1425.736,4202.5,3449.815,0,0.4067367,0,0.9135454;
misc,barrier,4,10.5,1,-1434.952,4202.5,3537.5,0,0.8660254,0,0.5;
misc,barrier,4,10.5,1,-1438.516,4202.5,3469.495,0,0.5446392,0,0.8386705;
misc,barrier,4,10.5,1,-1443.361,4202.5,3515.593,0,0.777146,0,0.6293204;
misc,barrier,4,10.5,1,-1444.589,4202.5,3492.16,0,0.6691307,0,0.7431448;
misc,barrier,4,4,20,-40,3950,3020,0,-0.7071068,0,0.7071067;
misc,barrier,5,4,30,100,3950,2810,0,-0.7071068,0,0.7071067;
misc,barrier,64,1,64,0,3975,2900,0,0,0,1;
racing,checkpointCuboid,2,2,0.4,-260,3385,3097.5,0,0,0,1;
racing,checkpointcuboid,1.5,1.5,1.5,-65.05564,3390.559,2890.501,-0.4847744,0.1224493,0.7916968,0.3510216;
racing,checkpointcuboid,1.5,1.5,1.5,-210,3782.5,3040,-0.1913417,0.4619398,0.1913417,0.8446232;
racing,checkpointcuboid,1.5,1.5,1.5,210,3480,3135,-0.1913417,0.4619398,0.1913417,0.8446232;
racing,checkpointcuboid,1.5,1.5,1.5,260,3650,3120,-0.1913417,0.4619398,0.1913417,0.8446232;
racing,checkpointcuboid,1.5,1.5,1.5,265,3330,3160,-0.1913417,0.4619398,0.1913417,0.8446232;
racing,checkpointcuboid,4.5,5.75,4.5,0,3271.25,2900,0,0,0,1;
racing,checkpointcuboid,5,5.5,0.3,195,3387.5,3000,0,0,0,1;
racing,endcuboid,5,2,5,0,3300,2900,0,0,0,1;
racing,killCuboid,0.5,4,50.5,295,3330,2852.5,0,0,0,1;
racing,killCylinder,0.5,4,0.5,125,3635.858,3105.858,-0.3826834,0,0,0.9238796;
racing,killCylinder,0.5,4,0.5,125,3635.858,3134.142,-0.9238796,0,0,0.3826834;
racing,killCylinder,0.5,4,0.5,125,3664.142,3105.858,-0.9238796,0,0,0.3826834;
racing,killCylinder,0.5,4,0.5,125,3664.142,3134.142,-0.3826834,0,0,0.9238796;
racing,killCylinder,0.5,4,0.5,175,3631.522,3127.654,-0.8314697,0,0,0.5555702;
racing,killCylinder,0.5,4,0.5,175,3642.346,3101.522,-0.1950903,0,0,0.9807853;
racing,killCylinder,0.5,4,0.5,175,3657.654,3138.478,-0.1950903,0,0,0.9807853;
racing,killCylinder,0.5,4,0.5,175,3668.478,3112.346,-0.8314697,0,0,0.5555702;
racing,killCylinder,0.5,4,0.5,205,3702.5,3120,0.7071068,0,0,0.7071068;
racing,killCylinder,0.5,4,0.5,205,3712.5,3120,0.7071068,0,0,0.7071068;
racing,killCylinder,0.5,4,0.5,205,3722.5,3120,0.7071068,0,0,0.7071068;
racing,killCylinder,0.5,4,0.5,205,3757.5,3120,0.7071068,0,0,0.7071068;
racing,killCylinder,0.5,4,0.5,205,3767.5,3120,0.7071068,0,0,0.7071068;
racing,killCylinder,0.5,4,0.5,205,3777.5,3120,0.7071068,0,0,0.7071068;
racing,killCylinder,0.5,4,0.5,225,3631.522,3112.346,-0.5555702,0,0,0.8314697;
racing,killCylinder,0.5,4,0.5,225,3642.346,3138.478,0.1950903,0,0,0.9807853;
racing,killCylinder,0.5,4,0.5,225,3657.654,3101.522,0.1950903,0,0,0.9807853;
racing,killCylinder,0.5,4,0.5,225,3668.478,3127.654,-0.5555702,0,0,0.8314697;
racing,killCylinder,0.5,4,0.5,275,3635.858,3105.858,-0.3826834,0,0,0.9238796;
racing,killCylinder,0.5,4,0.5,275,3635.858,3134.142,0.3826834,0,0,0.9238796;
racing,killCylinder,0.5,4,0.5,275,3664.142,3105.858,0.3826834,0,0,0.9238796;
racing,killCylinder,0.5,4,0.5,275,3664.142,3134.142,-0.3826834,0,0,0.9238796;
racing,killCylinder,13,3,13,-40,3390,2730,0,0,0,1;
racing,killarc180,-1,8,6.5,-127.5,3330,3090,1,0,0,0;
racing,killarc180,-1,8,8,-5.000005,3330,3112.5,-0.7071068,-1E-07,-0.7071068,1E-07;
racing,killarc180,-2,8,11,115,3330,2697.5,-0.7071068,-1E-07,-0.7071068,1E-07;
racing,killarc180,-2,8,11,195,3330,2777.5,-0.7071068,-1E-07,-0.7071068,1E-07;
racing,killarc180,-2,8,13,-122.5,3330,2895,1,0,0,0;
racing,killarc180,-2,8,13,237.5,3330,2975,1,0,0,0;
racing,killarc180,-2,8,14,5,3330,3037.5,-0.7071068,-1E-07,-0.7071068,1E-07;
racing,killarc180,-2,8,14,84.99999,3330,2957.5,-0.7071068,-1E-07,-0.7071068,1E-07;
racing,killarc180,-2,8,21,-202.5,3330,2895,1,0,0,0;
racing,killarc180,-2,8,30,-3.81E-05,3330,2617.5,-0.7071068,-1E-07,-0.7071068,1E-07;
racing,killarc180,-2,8,30,-282.5,3330,2900,0,0,0,1;
racing,killarc180,-2,8,8,-135,3330,2697.5,-0.7071068,-1E-07,-0.7071068,1E-07;
racing,killarc180,-2,8,8,17.5,3330,2765,1,0,0,0;
racing,killarc180,1,8,10.5,-30.00001,3330,3147.5,-0.7071068,-1E-07,-0.7071068,1E-07;
racing,killarc180,1,8,2.5,70,3330,3132.5,0,0,0,1;
racing,killarc180,2,8,11,115,3330,2832.5,-0.7071068,-1E-07,-0.7071068,1E-07;
racing,killarc180,2,8,11,195,3330,2752.5,-0.7071068,-1E-07,-0.7071068,1E-07;
racing,killarc180,2,8,13,-67.5,3330,2815,1,0,0,0;
racing,killarc180,2,8,14,5,3330,3012.5,-0.7071068,-1E-07,-0.7071068,1E-07;
racing,killarc180,2,8,15.5,70.00002,3330,3092.5,-0.7071068,-1E-07,-0.7071068,1E-07;
racing,killarc180,2,8,16.75,282.5,3330,2935,0,0,0,1;
racing,killarc180,2,8,21,-227.5,3330,2895,1,0,0,0;
racing,killarc180,2,8,21.1,-147.5,3330,2976,1,0,0,0;
racing,killarc180,2,8,22,5.000038,3330,2672.5,-0.7071068,-1E-07,-0.7071068,1E-07;
racing,killarc180,2,8,8,212.5,3330,3025,1,0,0,0;
racing,killarc180,2,8,8,282.5,3330,2682.5,0,0,0,1;
racing,killarc180,2,8,8.5,-217.5,3330,3172.5,-0.7071068,-1E-07,-0.7071068,1E-07;
racing,killcuboid,0.3,1.85,4.7,355.42,3512.75,2680,0,0,0,1;
racing,killcuboid,0.3,17.8,8.9,444.42,3610.08,3122.48,0,0,0,1;
racing,killcuboid,0.3,2.35,4.7,355.42,3444.75,2680,0,0,0,1;
racing,killcuboid,0.3,8.9,2.5,355.42,3477.5,2644,0,0,0,1;
racing,killcuboid,0.3,8.9,46.35,355.42,3477.5,2935.25,0,0,0,1;
racing,killcuboid,0.3,8.9,53.4,444.42,3477.5,2899.98,0,0,0,1;
racing,killcuboid,0.3,8.9,8.9,355.42,3565.391,3122.48,0,0,0,1;
racing,killcuboid,0.5,4,16,5,3330,2765,0,0,0,1;
racing,killcuboid,0.5,4,17,-217.5,3330,3185,0,-0.7071068,0,0.7071068;
racing,killcuboid,0.5,4,21,-30,3330,3155,0,-0.7071068,0,0.7071068;
racing,killcuboid,0.5,4,22,115,3330,2845,0,-0.7071068,0,0.7071068;
racing,killcuboid,0.5,4,22,195,3330,2765,0,-0.7071068,0,0.7071068;
racing,killcuboid,0.5,4,25,-50,3850,2972.5,0,-0.7071068,0,0.7071068;
racing,killcuboid,0.5,4,25,-50,3850,3007.5,0,-0.7071068,0,0.7071068;
racing,killcuboid,0.5,4,26,-55,3330,2815,0,0,0,1;
racing,killcuboid,0.5,4,26,225,3330,2975,1,0,0,0;
racing,killcuboid,0.5,4,28,5,3330,3025,0,-0.7071068,0,0.7071068;
racing,killcuboid,0.5,4,28,85,3330,2945,0,-0.7071068,0,0.7071068;
racing,killcuboid,0.5,4,31,70,3330,3105,0,-0.7071068,0,0.7071068;
racing,killcuboid,0.5,4,42,-215,3330,2895,0,0,0,1;
racing,killcuboid,0.5,4,42.25,-135,3330,2976.25,0,0,0,1;
racing,killcuboid,0.5,4,44,5,3330,2685,0,-0.7071068,0,0.7071068;
racing,killcuboid,0.5,4,60,-295,3330,2900,0,0,0,1;
racing,killcuboid,0.5,4,60,0,3330,2605,0,-0.7071068,0,0.7071068;
racing,killcuboid,0.5,50.5,3.5,-270,3657.5,3110,0,-0.382515,0,0.9239493;
racing,killcuboid,0.5,55,3.5,-210,3635,3110,0,0.382515,0,0.9239493;
racing,killcuboid,0.5,55,3.5,-210,3635,3170,0,-0.382515,0,0.9239493;
racing,killcuboid,0.5,55,3.5,-270,3635,3170,0,0.382515,0,0.9239493;
racing,killcuboid,0.5000001,2,0.5,-49.99999,3850,2982.5,0,-0.7071068,0,0.7071068;
racing,killcuboid,0.5000001,2,0.5,-49.99999,3850,2997.5,0,-0.7071068,0,0.7071068;
racing,killcuboid,1,6,11,-100,3390,2785,0,0,0,1;
racing,killcuboid,1,6,5.5,-67.50001,3390,2790,0,-0.7071068,0,0.7071068;
racing,killcuboid,13,0.3,8.9,379.42,3699.08,3122.48,0,0,0,1;
racing,killcuboid,2,0.5,0.5,-49.99999,3842.5,2990,0,-0.7071068,0,0.7071068;
racing,killcuboid,2,0.5,0.5,-49.99999,3857.5,2990,0,-0.7071068,0,0.7071068;
racing,killcuboid,2.000001,0.5000001,34,142.5,3850,2795,0,0,-0.7071068,0.7071068;
racing,killcuboid,2.000001,0.5000001,34,207.5,3850,2860,0,0,-0.7071068,0.7071068;
racing,killcuboid,2.1,27.34735,0.6,-58.04543,3472.363,2994.753,0.4999999,-0.5,0.5000001,0.5;
racing,killcuboid,2.1,27.34735,0.6,-58.04543,3479.911,2987.186,-0.0009551,0.0009588995,0.7071081,0.7071043;
racing,killcuboid,2.1,27.34735,0.6,-58.04543,3479.952,3002.32,-0.0009551,0.0009588995,0.7071081,0.7071043;
racing,killcuboid,2.1,27.34735,0.6,-58.04543,3487.5,2994.753,0.4999999,-0.5,0.5000001,0.5;
racing,killcuboid,2.5,0.5,2,-177.5,3827.5,2990,0,0,-0.7071068,0.7071068;
racing,killcuboid,2.5,0.5,2,-177.5,3872.5,2990,0,0,-0.7071068,0.7071068;
racing,killcuboid,2.5,0.5,2,77.49998,3827.5,2990,0,0,-0.7071068,0.7071068;
racing,killcuboid,2.5,0.5,2,77.49998,3872.5,2990,0,0,-0.7071068,0.7071068;
racing,killcuboid,2.666667,2.666667,0.4,160,3740,3077.5,0,0,-0.7071068,0.7071068;
racing,killcuboid,2.666667,2.666667,0.4,250,3697.5,2833.333,-0.7071068,0,0,0.7071068;
racing,killcuboid,2.666667,2.666667,0.4,250,3697.5,2886.667,-0.7071068,0,0,0.7071068;
racing,killcuboid,2.666667,2.666667,0.4,250,3740,3077.5,0,0,-0.7071068,0.7071068;
racing,killcuboid,2.666667,8,0.4,223.3333,3697.5,2860,0.7071068,0,0,0.7071068;
racing,killcuboid,2.666667,8,0.4,276.6667,3697.5,2860,0.7071068,0,0,0.7071068;
racing,killcuboid,20,0.5,40,175.0001,3817.5,2825,0,0,0,1;
racing,killcuboid,20,0.5,40,175.0001,3882.5,2825,0,0,0,1;
racing,killcuboid,26,0.5000001,7.000001,-50,3850,2692.5,1E-07,-0.7071068,-0.7071068,0;
racing,killcuboid,3,3,0.3,370.42,3477,2811.015,0,0,0,1;
racing,killcuboid,3,3,0.3,429.42,3477,2811.015,0,0,0,1;
racing,killcuboid,3,4.6,0.3,370.42,3478.513,3121.482,-0.3826835,0,0,0.9238795;
racing,killcuboid,3,4.6,0.3,429.42,3478.513,3121.482,-0.3826835,0,0,0.9238795;
racing,killcuboid,31,0.5,7,120,3817.5,3060,0,0,0,1;
racing,killcuboid,31.00001,0.5000001,7.000001,54.99999,3850,3027.5,1E-07,-0.7071068,-0.7071068,0;
racing,killcuboid,32.5,0.5,7,-82.50001,3817.5,2660,0,0,0,1;
racing,killcuboid,32.5,0.5,7,-82.50001,3882.5,2660,0,0,0,1;
racing,killcuboid,34,0.5,7,-65,3650,3027.5,0.5,-0.5,-0.5,0.5;
racing,killcuboid,34,0.5,7,-65,3650,3092.5,0.5,-0.5,-0.5,0.5;
racing,killcuboid,34,0.5000001,7,-32.5,3650,3060,0,0,-0.7071068,0.7071068;
racing,killcuboid,37.5,0.5,7,87.50001,3882.5,3060,0,0,0,1;
racing,killcuboid,37.50001,0.5000001,7.000001,87.5,3850,3092.5,1E-07,-0.7071068,-0.7071068,0;
racing,killcuboid,4,0.3,5.3,333.92,3455,2680,0,0,0,1;
racing,killcuboid,4,0.3,5.3,333.92,3505,2680,0,0,0,1;
racing,killcuboid,4,0.3,8.9,335.42,3611,3122.48,0,0,0,1;
racing,killcuboid,4,0.5,25,-50,3832.5,2990,0,-0.7071068,0,0.7071068;
racing,killcuboid,4,0.5,25,-50,3867.5,2990,0,-0.7071068,0,0.7071068;
racing,killcuboid,4,5.3,0.3,333.92,3480,2655,0,0,0,1;
racing,killcuboid,4,5.3,0.3,333.92,3480,2705,0,0,0,1;
racing,killcuboid,4,8.9,0.3,335.42,3654.58,3077.995,0,0,0,1;
racing,killcuboid,4,8.9,0.3,335.42,3654.58,3166.98,0,0,0,1;
racing,killcuboid,4.5,0.5,4.5,0,3292.5,2900,0,0,0,1;
racing,killcuboid,40.5,0.5000001,7,-97.5,3682.5,3060,0,0,-0.7071068,0.7071068;
racing,killcuboid,5,0.5,4,77.50001,3330,3132.5,-0.5,-0.5,-0.5,0.5;
racing,killcuboid,5.25,-2.666667,0.4,66.6667,3650,2990,0,0,-1,0;
racing,killcuboid,5.25,2.666667,0.4,93.75,3650,2902.5,0,0,0,1;
racing,killcuboid,5.25,2.666667,0.4,93.75,3650,3077.5,0,0,0,1;
racing,killcuboid,52.00001,0.5000001,7.000001,15,3850,2627.5,1E-07,-0.7071068,-0.7071068,0;
racing,killcuboid,7,0.5,2.5,77.49998,3850,3012.5,0,0,-0.7071068,0.7071068;
racing,killcuboid,7,0.5,29,-177.5,3850,2835,0,0,-0.7071068,0.7071068;
racing,killcuboid,7,0.5,29,77.49998,3850,2835,0,0,-0.7071068,0.7071068;
racing,killcuboid,7,0.5,32.5,-210,3817.5,2852.5,0,0,0,1;
racing,killcuboid,7,0.5,38.5,-210,3882.5,2882.5,0,0,0,1;
racing,killcuboid,7,0.5,45,-242.5,3850,2850,0,0,-0.7071068,0.7071068;
racing,killcuboid,7,0.5,7.5,-177.5,3850,3037.5,0,0,-0.7071068,0.7071068;
racing,killcuboid,7.000001,0.5000001,34,142.5,3850,2795,0,0,-0.7071068,0.7071068;
racing,killcuboid,7.000001,0.5000001,34,207.5,3850,2860,0,0,-0.7071068,0.7071068;
racing,killcuboid,7.000001,0.5000001,47,272.5,3850,2860,0,0,-0.7071068,0.7071068;
racing,killcuboid,8,-2.666667,0.4,80.4167,3623.333,2990,0,0,-1,0;
racing,killcuboid,8,-2.666667,0.4,80.4167,3676.667,2990,0,0,-1,0;
racing,killcuboid,8,2.666667,0.4,133.3334,3740,3077.5,0,0,-0.7071068,0.7071068;
racing,killcuboid,8,2.666667,0.4,186.6666,3740,3077.5,0,0,-0.7071068,0.7071068;
racing,killcuboid,8,2.666667,0.4,223.3334,3740,3077.5,0,0,-0.7071068,0.7071068;
racing,killcuboid,8,2.666667,0.4,276.6666,3740,3077.5,0,0,-0.7071068,0.7071068;
racing,killcuboid,8,2.666667,0.4,80,3623.333,2902.5,0,0,0,1;
racing,killcuboid,8,2.666667,0.4,80,3623.333,3077.5,0,0,0,1;
racing,killcuboid,8,2.666667,0.4,80,3676.667,2902.5,0,0,0,1;
racing,killcuboid,8,2.666667,0.4,80,3676.667,3077.5,0,0,0,1;
racing,killcuboid,8.9,0.3,44.5,399.92,3522,2855.392,0,0,0,1;
racing,killcuboid,8.9,0.3,53.4,399.92,3433,2899.98,0,0,0,1;
racing,killcuboid,8.9,17.8,0.3,399.92,3611,3077.995,0,0,0,1;
racing,killcuboid,8.9,26.7,0.3,399.92,3565.58,3166.98,0,0,0,1;
racing,killcuboid,8.9,3,0.3,399.92,3447,2811.015,0,0,0,1;
racing,killcuboid,8.9,3,0.3,399.92,3507,2811.015,0,0,0,1;
racing,killcuboid,8.9,4,0.3,399.92,3448.107,3151.888,-0.3826835,0,0,0.9238795;
racing,killcuboid,8.9,4,0.3,399.92,3508.918,3091.076,-0.3826835,0,0,0.9238795;
racing,killcuboid,8.9,8.9,0.3,399.92,3477.5,2632.156,0,0,0,1;
racing,killcylinder,0.25,2.8,0.25,165,3639.393,2849.393,-0.270598,0.6532815,-0.270598,0.6532815;
racing,killcylinder,0.25,2.8,0.25,165,3639.393,2870.607,-0.6532815,0.2705981,-0.6532815,0.2705981;
racing,killcylinder,0.25,2.8,0.25,165,3660.607,2849.393,-0.6532815,0.2705981,-0.6532815,0.2705981;
racing,killcylinder,0.25,2.8,0.25,165,3660.607,2870.607,-0.270598,0.6532815,-0.270598,0.6532815;
racing,killcylinder,1.1,2.55,1.1,-125,3510,3135,0.5,0.5,0.5,0.5;
racing,killcylinder,1.1,2.55,1.1,-125,3550,3135,0.5,0.5,0.5,0.5;
racing,killcylinder,1.1,2.55,1.1,-129.3934,3510,3124.393,0.6532815,0.6532815,0.2705981,0.2705981;
racing,killcylinder,1.1,2.55,1.1,-129.3934,3510,3145.607,0.2705981,0.2705981,0.6532815,0.6532815;
racing,killcylinder,1.1,2.55,1.1,-129.3934,3550,3124.393,0.6532815,0.6532815,0.2705981,0.2705981;
racing,killcylinder,1.1,2.55,1.1,-129.3934,3550,3145.607,0.2705981,0.2705981,0.6532815,0.6532815;
racing,killcylinder,1.1,2.55,1.1,-140,3510,3120,0,0,0.7071068,0.7071068;
racing,killcylinder,1.1,2.55,1.1,-140,3510,3150,0,0,0.7071068,0.7071068;
racing,killcylinder,1.1,2.55,1.1,-140,3550,3120,0,0,0.7071068,0.7071068;
racing,killcylinder,1.1,2.55,1.1,-140,3550,3150,0,0,0.7071068,0.7071068;
racing,killcylinder,1.1,2.55,1.1,-150.6066,3510,3124.393,0.2705981,0.2705981,0.6532815,0.6532815;
racing,killcylinder,1.1,2.55,1.1,-150.6066,3510,3145.607,0.6532815,0.6532815,0.2705981,0.2705981;
racing,killcylinder,1.1,2.55,1.1,-150.6066,3550,3124.393,0.2705981,0.2705981,0.6532815,0.6532815;
racing,killcylinder,1.1,2.55,1.1,-150.6066,3550,3145.607,0.6532815,0.6532815,0.2705981,0.2705981;
racing,killcylinder,1.1,2.55,1.1,-155,3510,3135,0.5,0.5,0.5,0.5;
racing,killcylinder,1.1,2.55,1.1,-155,3550,3135,0.5,0.5,0.5,0.5;
racing,killcylinder,1.1,2.55,1.1,-35,3480,3115,0,0,0,1;
racing,killcylinder,1.1,2.55,1.1,-35,3480,3155,0,0,0,1;
racing,killcylinder,1.1,2.55,1.1,-55,3480,3135,0,0,0,1;
racing,killcylinder,1.1,2.55,1.1,165,3480,3115,0,0,0,1;
racing,killcylinder,1.1,2.55,1.1,165,3480,3155,0,0,0,1;
racing,killcylinder,1.1,2.55,1.1,185,3480,3135,0,0,0,1;
racing,killcylinder,1.1,2.55,1.1,45,3480,3125,0,0.7071068,0,0.7071068;
racing,killcylinder,1.1,2.55,1.1,45,3480,3145,0,0.7071068,0,0.7071068;
racing,killcylinder,1.1,2.55,1.1,85,3480,3125,0,0.7071068,0,0.7071068;
racing,killcylinder,1.1,2.55,1.1,85,3480,3145,0,0.7071068,0,0.7071068;
racing,killplane,1000,-1,1000,-1750,3400,2900,0,0,-0.7071068,0.7071068;
racing,killplane,1000,-1,1000,-250,1900,2900,0,0,0,1;
racing,killplane,1000,-1,1000,-250,3400,1400,0.7071068,0,0,0.7071068;
racing,killplane,1000,1,1000,-250,3400,4400,0.7071068,0,0,0.7071068;
racing,killplane,1000,1,1000,-250,4900,2900,0,0,0,1;
racing,killplane,1000,1,1000,1250,3400,2900,0,0,-0.7071068,0.7071068;
racing,killpyramid,1.6,5.1,1.6,-140,3580,2942.5,-0.6532815,0.2705981,-0.2705981,0.6532815;
racing,killpyramid,1.6,5.1,1.6,-140,3580,2942.5,-0.7071068,0,0,0.7071068;
racing,killpyramid,1.6,5.1,1.6,-140,3580,3032.5,0.6532815,-0.2705981,-0.2705981,0.6532815;
racing,killpyramid,1.6,5.1,1.6,-140,3580,3032.5,0.7071068,0,0,0.7071068;
racing,startcylinder,15,0.5,15,-1370,4145,3500,0,0,0,1;
custom,Cylinder,arena2tex,1,0.035,1,1,1,1,1,1,1,-1370,4152.85,3442.5,0,0,0,1;
custom,Cylinder,arena2tex,1,0.035,1,1,1,1,1,1,1,-1370,4152.85,3557.5,0,0,0,1;
custom,Cylinder,arena2tex,1,0.035,1,1,1,1,1,1,1,-1312.5,4152.85,3500,0,0,0,1;
custom,Cylinder,arena2tex,1,0.035,1,1,1,1,1,1,1,-1427.5,4152.85,3500,0,0,0,1;
spawnpoint,playerM,-1370,4153.5,3557.5,0,0,0,1;
spawnpoint,playerM,-1370,4153.5,3442.5,0,0,0,1;
spawnpoint,playerC,-1312.5,4153.5,3500,0,0,0,1;
spawnpoint,playerC,-1427.5,4153.5,3500,0,0,0,1;
racing,killcuboid,0.3,1.575,9.35,150,3367.875,3051.75,0,0,0,1;
racing,killcuboid,0.3,2.25,9.35,150,3428.75,3051.75,0,0,0,1;
racing,killcuboid,0.3,1.675,9.35,150,3396.625,3051.75,0,0,0,1;
racing,killcuboid,0.3,1.25,6.375,150,3382,3036.875,0,0,0,1;
racing,killcuboid,0.3,1.25,1.725,150,3382,3089.875,0,0,0,1;
racing,killcuboid,0.3,1.25,6.3,150,3411.25,3067,0,0,0,1;
racing,killcuboid,0.3,0.9,21,195,3364.5,3100,0,-0.7071068,0,0.7071068;
racing,killcuboid,0.3,1.85,21,195,3430.75,3100,0,-0.7071068,0,0.7071068;
racing,killcuboid,0.3,2,21,195,3401.5,3100,0,-0.7071068,0,0.7071068;
racing,killcuboid,0.3,8,14.85,225.75,3400,3055,0,-0.7071068,0,0.7071068;
racing,killcuboid,0.3,1.25,7.725,128.625,3375.25,3100,0,-0.7071068,0,0.7071068;
racing,killcuboid,0.3,1.25,12.025,239.875,3375.25,3100,0,-0.7071068,0,0.7071068;
racing,killcuboid,0.3,1,12.2,151,3386.5,3100,0,-0.7071068,0,0.7071068;
racing,killcuboid,0.3,1,7.8,261,3386.5,3100,0,-0.7071068,0,0.7071068;
racing,killcuboid,0.3,1,17.25,176.25,3416.5,3100,0,-0.7071068,0,0.7071068;
racing,killcuboid,0.3,1,2.75,286.25,3416.5,3100,0,-0.7071068,0,0.7071068;
racing,killcuboid,0.3,8,4.2,195,3400,3077.5,0,0,0,1;
racing,killcuboid,0.3,4.5,16.625,216.875,3403.5,3124,0.5,-0.5,-0.5,0.5;
racing,killcuboid,0.3,8,10.675,180.125,3400,3148,0,-0.7071068,0,0.7071068;
racing,killcuboid,0.3,4.5,3.375,106.875,3403.5,3124,0.5,-0.5,-0.5,0.5;
racing,killcuboid,0.3,1.75,1,128.75,3403.5,3110.25,0.5,-0.5,-0.5,0.5;
racing,killcuboid,0.3,1.75,1,128.75,3403.5,3137.75,0.5,-0.5,-0.5,0.5;
racing,killcuboid,0.3,4.5,4.5,160,3379.5,3124,0,0,0,1;
racing,killcuboid,0.3,8,2.675,103.375,3400,3148,0,-0.7071068,0,0.7071068;
racing,killcuboid,0.3,1.475,1,121.75,3367.375,3148,0,-0.7071068,0,0.7071068;
racing,killcuboid,0.3,5.525,1,121.75,3412.375,3148,0,-0.7071068,0,0.7071068;
racing,killcuboid,0.3,2.575,4.55,170,3372.875,3172.25,0,0,0,1;
racing,killcuboid,0.3,1.875,9.35,235,3369.375,3148.25,0,0,0,1;
racing,killcuboid,0.3,4.675,4.55,170,3416.625,3172.25,0,0,0,1;
racing,killcuboid,0.3,1.575,9.35,235,3394.125,3148.25,0,0,0,1;
racing,killcuboid,0.3,0.75,2.125,170,3389.5,3184.375,0,0,0,1;
racing,killcuboid,0.3,0.75,1.675,170,3389.5,3157.875,0,0,0,1;
racing,killcuboid,0.3,0.75,1.375,235,3382.5,3188.125,0,0,0,1;
racing,killcuboid,0.3,0.75,7.225,235,3382.5,3137.625,0,0,0,1;
racing,killcuboid,0.3,3.8,4.85,235,3421,3170.75,0,0,0,1;
racing,killcuboid,0.3,1.25,1.8,150,3411.25,3014,0,0,0,1;
racing,killcuboid,0.3,3.8,6.35,268.25,3421,3148,0,-0.7071068,0,0.7071068;
racing,killcuboid,0.3,1,0.2,223,3386.5,3100,0,-0.7071068,0,0.7071068;
racing,killcuboid,0.3,1,0.2,211,3386.5,3100,0,-0.7071068,0,0.7071068;
racing,killcuboid,0.3,0.2,1.4,217,3380.5,3100,0,-0.7071068,0,0.7071068;
racing,killcuboid,0.3,0.2,1.4,217,3392.5,3100,0,-0.7071068,0,0.7071068;
racing,killcuboid,0.3,1,0.2,261.5,3416.5,3100,0,-0.7071068,0,0.7071068;
racing,killcuboid,0.3,1,0.2,273.5,3416.5,3100,0,-0.7071068,0,0.7071068;
racing,killcuboid,0.3,0.2,1.4,267.5,3410.5,3100,0,-0.7071068,0,0.7071068;
racing,killcuboid,0.3,0.2,1.4,267.5,3422.5,3100,0,-0.7071068,0,0.7071068;
racing,killcuboid,0.3,0.2,1,128.75,3403.5,3130,0.5,-0.5,-0.5,0.5;
racing,killcuboid,0.3,0.2,1,128.75,3403.5,3118,0.5,-0.5,-0.5,0.5;
racing,killcuboid,0.3,1.4,0.2,122.75,3403.5,3124,0.5,-0.5,-0.5,0.5;
racing,killcuboid,0.3,1.4,0.2,134.75,3403.5,3124,0.5,-0.5,-0.5,0.5;
racing,killcuboid,0.3,0.2,1,121.75,3385.75,3148,0,-0.7071068,0,0.7071068;
racing,killcuboid,0.3,0.2,1,121.75,3373.75,3148,0,-0.7071068,0,0.7071068;
racing,killcuboid,0.3,1.4,0.2,127.75,3379.75,3148,0,-0.7071068,0,0.7071068;
racing,killcuboid,0.3,1.4,0.2,115.75,3379.75,3148,0,-0.7071068,0,0.7071068;
racing,killcuboid,0.3,0.75,0.2,170,3389.5,3174.75,0,0,0,1;
racing,killcuboid,0.3,0.75,0.2,170,3389.5,3165.25,0,0,0,1;
racing,killcuboid,0.3,0.2,1.15,170,3384.75,3170,0,0,0,1;
racing,killcuboid,0.3,0.2,1.15,170,3394.25,3170,0,0,0,1;
racing,killcuboid,0.3,0.2,1.15,235,3387.25,3177.5,0,0,0,1;
racing,killcuboid,0.3,0.2,1.15,235,3377.75,3177.5,0,0,0,1;
racing,killcuboid,0.3,0.75,0.2,235,3382.5,3172.75,0,0,0,1;
racing,killcuboid,0.3,0.75,0.2,235,3382.5,3182.25,0,0,0,1;
racing,killcuboid,0.3,0.2,1.65,150,3404,3029.25,0,0,0,1;
racing,killcuboid,0.3,0.2,1.65,150,3418.5,3029.25,0,0,0,1;
racing,killcuboid,0.3,1.25,0.2,150,3411.25,3022,0,0,0,1;
racing,killcuboid,0.3,1.25,0.2,150,3411.25,3036.5,0,0,0,1;
racing,killcuboid,0.3,0.2,1.65,150,3374.75,3075,0,0,0,1;
racing,killcuboid,0.3,0.2,1.65,150,3389.25,3075,0,0,0,1;
racing,killcuboid,0.3,1.25,0.2,150,3382,3082.25,0,0,0,1;
racing,killcuboid,0.3,1.25,0.2,150,3382,3067.75,0,0,0,1;
racing,killcuboid,0.3,0.2,1.65,173.5,3368,3100,0,-0.7071068,0,0.7071068;
racing,killcuboid,0.3,0.2,1.65,173.5,3382.5,3100,0,-0.7071068,0,0.7071068;
racing,killcuboid,0.3,1.25,0.2,180.75,3375.25,3100,0,-0.7071068,0,0.7071068;
racing,killcuboid,0.3,1.25,0.2,166.25,3375.25,3100,0,-0.7071068,0,0.7071068;
custom,Cylinder,metal1,0.5,2,0.5,1,0.9,0.8,0.3,0.01,0.01,-195,3775,2920,0,0,-0.3826835,0.9238795;
custom,Cylinder,metal1,0.5,2,0.5,1,0.9,0.8,0.3,0.01,0.01,-195,3780,2830,0,0,-0.3826835,0.9238795;
custom,Cylinder,metal1,0.5,2,0.5,1,0.9,0.8,0.3,0.01,0.01,-195,3790,2740,0,0,-0.3826835,0.9238795;
custom,Cylinder,metal1,0.5,2,0.5,1,0.9,0.8,0.3,0.01,0.01,-210,3790,2790,0,0,-0.3826835,0.9238795;
custom,Cylinder,metal1,0.5,2,0.5,1,0.9,0.8,0.3,0.01,0.01,-215,3790,2910,0,0,-0.3826835,0.9238795;
custom,Cylinder,metal1,0.5,2,0.5,1,0.9,0.8,0.3,0.01,0.01,-230,3795,2890,0,0,-0.3826835,0.9238795;
custom,Cylinder,metal1,0.5,2,0.5,1,0.9,0.8,0.3,0.01,0.01,-232.5,3795,2740,0,0,-0.3826835,0.9238795;
custom,Cylinder,metal1,0.5,3,0.5,1,0.9,0.8,0.3,0.01,0.01,-187.5,3720,2850,0,0,0,1;
custom,Cylinder,metal1,0.5,3,0.5,1,0.9,0.8,0.3,0.01,0.01,-190,3655,2840,-0.1689205,0.8300527,-0.2622859,0.4622602;
custom,Cylinder,metal1,0.5,3,0.5,1,0.9,0.8,0.3,0.01,0.01,-190,3655,2950,-0.07377411,-0.1749105,0.0508035,0.9805012;
custom,Cylinder,metal1,0.5,3,0.5,1,0.9,0.8,0.3,0.01,0.01,-195,3720,2740,0,0,0,1;
custom,Cylinder,metal1,0.5,3,0.5,1,0.9,0.8,0.3,0.01,0.01,-195.5,3655,2810,0.1075989,-0.5251859,-0.0924064,0.8390848;
custom,Cylinder,metal1,0.5,3,0.5,1,0.9,0.8,0.3,0.01,0.01,-200,3720,2900,0,0,0,1;
custom,Cylinder,metal1,0.5,3,0.5,1,0.9,0.8,0.3,0.01,0.01,-207.5,3720,2780,0,0,0,1;
custom,Cylinder,metal1,0.5,3,0.5,1,0.9,0.8,0.3,0.01,0.01,-210,3635,3000,-0.5240074,-0.3309388,-0.4639556,0.6329621;
custom,Cylinder,metal1,0.5,3,0.5,1,0.9,0.8,0.3,0.01,0.01,-210,3645,2920,-0.3083705,-0.5177532,-0.3595843,0.7124173;
custom,Cylinder,metal1,0.5,3,0.5,1,0.9,0.8,0.3,0.01,0.01,-210,3655,2880,-0.0291593,-0.3512134,-0.7714139,0.5298297;
custom,Cylinder,metal1,0.5,3,0.5,1,0.9,0.8,0.3,0.01,0.01,-210,3655,2930,0.0956111,0.199848,0.1620128,0.9615982;
custom,Cylinder,metal1,0.5,3,0.5,1,0.9,0.8,0.3,0.01,0.01,-219.769,3655,2980,0.1831318,-0.0136139,0.08908337,0.9789492;
custom,Cylinder,metal1,0.5,3,0.5,1,0.9,0.8,0.3,0.01,0.01,-210,3675,2940,-0.5227938,-0.1997329,-0.6203157,0.5495471;
custom,Cylinder,metal1,0.5,3,0.5,1,0.9,0.8,0.3,0.01,0.01,-210,3720,2930,0,0,0,1;
custom,Cylinder,metal1,0.5,3,0.5,1,0.9,0.8,0.3,0.01,0.01,-215,3655,2840,-0.1486769,0.1436429,-0.0882832,0.9744065;
custom,Cylinder,metal1,0.5,3,0.5,1,0.9,0.8,0.3,0.01,0.01,-215,3720,2840,0,0,0,1;
racing,killCylinder,0.25,4,0.25,275,3635.858,3105.858,-0.3826834,0,0,0.9238796;
racing,killCylinder,0.25,4,0.25,275,3664.142,3105.858,0.3826834,0,0,0.9238796;
racing,killCylinder,0.25,4,0.25,275,3664.142,3134.142,-0.3826834,0,0,0.9238796;
racing,killCylinder,0.25,4,0.25,275,3635.858,3134.142,0.3826834,0,0,0.9238796;
racing,killCylinder,0.25,4,0.25,225,3668.478,3127.654,-0.5555702,0,0,0.8314697;
racing,killCylinder,0.25,4,0.25,225,3642.346,3138.478,0.1950903,0,0,0.9807853;
racing,killCylinder,0.25,4,0.25,225,3657.654,3101.522,0.1950903,0,0,0.9807853;
racing,killCylinder,0.25,4,0.25,225,3631.522,3112.346,-0.5555702,0,0,0.8314697;
racing,killCylinder,0.25,4,0.25,175,3642.346,3101.522,-0.1950903,0,0,0.9807853;
racing,killCylinder,0.25,4,0.25,175,3668.478,3112.346,-0.8314697,0,0,0.5555702;
racing,killCylinder,0.25,4,0.25,175,3631.522,3127.654,-0.8314697,0,0,0.5555702;
racing,killCylinder,0.25,4,0.25,175,3657.654,3138.478,-0.1950903,0,0,0.9807853;
racing,killCylinder,0.25,4,0.25,125,3635.858,3134.142,-0.9238796,0,0,0.3826834;
racing,killCylinder,0.25,4,0.25,125,3664.142,3134.142,-0.3826834,0,0,0.9238796;
racing,killCylinder,0.25,4,0.25,125,3664.142,3105.858,-0.9238796,0,0,0.3826834;
racing,killCylinder,0.25,4,0.25,125,3635.858,3105.858,-0.3826834,0,0,0.9238796;
racing,killCylinder,0.25,4,0.25,205,3722.5,3120,0.7071068,0,0,0.7071068;
racing,killCylinder,0.25,4,0.25,205,3712.5,3120,0.7071068,0,0,0.7071068;
racing,killCylinder,0.25,4,0.25,205,3702.5,3120,0.7071068,0,0,0.7071068;
racing,killCylinder,0.25,4,0.25,205,3757.5,3120,0.7071068,0,0,0.7071068;
racing,killCylinder,0.25,4,0.25,205,3767.5,3120,0.7071068,0,0,0.7071068;
racing,killCylinder,0.25,4,0.25,205,3777.5,3120,0.7071068,0,0,0.7071068;
custom,killcuboid,transparent0.25,1,3.9,60,1,0,1,0.5,1,1,-295,3950,2900,0,0,0,1;
custom,killcuboid,transparent0.25,1,3.9,10,1,0,1,0.5,1,1,-170,3950,2900,0,0,0,1;
custom,killcuboid,transparent0.25,1,3.9,60,1,0,1,0.5,1,1.00001,-3.81E-05,3950,3195,0,-0.7071068,0,0.7071068;
custom,killcuboid,transparent0.25,4,3.9,20,1,0,1,0.5,1,1,-40,3950,3020,0,-0.7071068,0,0.7071067;
custom,killcuboid,transparent0.25,1,3.9,60,1,0,1,0.5,1,1,256.0482,3950,2900,0,0,0,1;
custom,killcuboid,transparent0.25,5,3.9,30,1,0,1,0.5,1,1,100,3950,2810,0,-0.7071068,0,0.7071067;
custom,killcuboid,transparent0.25,1,3.9,60,1,0,1,0.5,1,1,-3.81E-05,3950,2605,0,-0.7071068,0,0.7071067;
misc,barrier,29.5,0.4,52,-172.5,3931,2840,0,0,0,1;
misc,barrier,17.5,0.4,12,-112.5,3931,3160,0,0,0,1;
misc,barrier,29.5,0.4,64,172.5,3931,2900,0,0,0,1;
misc,barrier,5,0.4,29.5,0,3931,3072.5,0,0,0,1;
misc,barrier,5,0.4,29.5,0,3931,2727.5,0,0,0,1;
custom,cuboid,metal3,11,4.1,7.5,1,0.8,0.8,0.8,0.05,0.05,-317.5,3950,3125,0,-0.7071068,0,0.7071068;
custom,cuboid,metal3,12,3.1,31,1,0.5,0.6,0.7,0.05,0.1,195.0002,3530,2565,0.5,-0.5,-0.5,0.5;
custom,cuboid,metal3,14,2.5,15,1,0.45,0.45,0.45,0.05,0.05,-89.99995,3705,3232.5,1E-07,0.7071068,0.7071067,1E-07;
custom,cuboid,metal3,14,3.1,15,1,1,1,1,0.05,0.05,-335,3520,2995,0,0,-0.7071068,0.7071068;
custom,cuboid,metal3,14,3.6,19.5,1,0.8,0.8,0.8,0.05,0.07,257.5,3272.5,2820,0,-0.7071068,0,0.7071068;
custom,cuboid,metal3,14,3.6,48.5,1,0.8,0.8,0.8,0.05,0.15,337.5,3497.5,2820,-0.4999999,-0.5000001,-0.5,0.5000001;
custom,cuboid,metal3,14.99,2.5,17.49,1,0.45,0.45,0.45,0.05,0.05,-257.5,3535,2567.5,0.5,-0.5,-0.5,0.5;
custom,cuboid,metal3,15,2.5,30,1,0.45,0.45,0.45,0.05,0.1,-332.5,3685,2900,0,0,-0.7071068,0.7071068;
custom,cuboid,metal3,15,2.5,33.49,1,0.45,0.45,0.45,0.05,0.1,-332.5,3535,2722.5,0,0,-0.7071068,0.7071068;
custom,cuboid,metal3,15,3.1,18,1,0.5,0.6,0.7,0.05,0.07,-335,3705,2640,0,0,-0.7071068,0.7071068;
custom,cuboid,metal3,15,3.1,18,1,0.5,0.6,0.7,0.05,0.07,-74.99996,3272.5,3160,0,0,0,1;
custom,cuboid,metal3,15,3.1,18,1,1,1,1,0.05,0.07,95.00004,3350,3235,1E-07,0.7071068,0.7071067,1E-07;
custom,cuboid,metal3,15,3.1,19,1,1,1,1,0.05,0.07,255.0002,3275,2985,0,-0.7071068,0,0.7071068;
custom,cuboid,metal3,15,3.1,19,1,1,1,1,0.05,0.07,335.0001,3355,2985,-0.4999999,-0.5000001,-0.5,0.5000001;
custom,cuboid,metal3,15,3.1,30,1,0.5,0.6,0.7,0.05,0.1,75.00005,3610,3235,1E-07,0.7071068,0.7071067,1E-07;
custom,cuboid,metal3,15,3.1,34,1,0.5,0.6,0.7,0.05,0.1,-74.99995,3427.5,3235,1E-07,0.7071068,0.7071067,1E-07;
custom,cuboid,metal3,15,3.1,50,1,1,1,1,0.05,0.15,100,3685,2565,0.5,-0.5,-0.5,0.5;
custom,cuboid,metal3,15,3.6,22,1,0.8,0.8,0.8,0.05,0.07,337.5,3580,2965,-0.4999999,-0.5000001,-0.5,0.5000001;
custom,cuboid,metal3,16,2.5,10,1,0.45,0.45,0.45,0.05,0.05,90,3277.5,2960,0,-0.7071068,0,0.7071068;
custom,cuboid,metal3,16,3.1,19,1,0.5,0.6,0.7,0.05,0.07,-89.99999,3875,2565,0.7071068,0,0,0.7071068;
custom,cuboid,metal3,16,3.6,15,1,0.8,0.8,0.8,0.05,0.05,-75,3510,2562.5,0.5,-0.5,-0.5,0.5;
custom,cuboid,metal3,16,4.1,10.5,1,0.8,0.8,0.8,0.05,0.05,-302.5,3950,2990,-0.7071068,1E-07,-0.7071068,1E-07;
custom,cuboid,metal3,16,4.1,16,1,0.5,0.6,0.7,0.05,0.05,-120,3950,2990,-0.7071068,1E-07,-0.7071068,1E-07;
custom,cuboid,metal3,17,3.1,18,1,1,1,1,0.05,0.07,-264.9999,3275,3160,0,0,0,1;
custom,cuboid,metal3,17,3.1,50,1,1,1,1,0.05,0.15,-264.9999,3510,3235,1E-07,0.7071068,0.7071067,1E-07;
custom,cuboid,metal3,17.49,2.5,16,1,0.45,0.45,0.45,0.05,0.05,257.5,3700,3232.5,1E-07,0.7071068,0.7071067,1E-07;
custom,cuboid,metal3,17.5,3.6,19,1,0.8,0.8,0.8,0.05,0.07,-267.5,3875,3237.5,1E-07,0.7071068,0.7071067,1E-07;
custom,cuboid,metal3,17.5,3.6,45.5,1,0.8,0.8,0.8,0.05,0.135,-127.5,3342.5,2562.5,0.5,-0.5,-0.5,0.5;
custom,cuboid,metal3,17.5,3.6,50.5,1,0.8,0.8,0.8,0.05,0.15,-337.5,3342.5,2797.5,0,0,-0.7071068,0.7071068;
custom,cuboid,metal3,17.5,4.1,7.5,1,0.8,0.8,0.8,0.05,0.025,-267.5,3950,3217.5,0,0,0,1;
custom,cuboid,metal3,18,3.1,23,1,0.5,0.6,0.7,0.07,0.07,235.0002,3275,2640,0,-0.7071068,0,0.7071068;
custom,cuboid,metal3,18,3.1,34,1,0.5,0.6,0.7,0.07,0.1,-260,3800,2565,0.7071068,0,0,0.7071068;
custom,cuboid,metal3,18,3.1,34,1,1,1,1,0.07,0.1,260.0001,3430,3235,1E-07,0.7071068,0.7071067,1E-07;
custom,cuboid,metal3,18,4.1,12,1,1,1,1,0.07,0.05,60.00001,3950,3040,0,0,0,1;
custom,cuboid,metal3,19,3.1,33,1,1,1,1,0.07,0.1,185,3275,3155,0,-0.7071068,0,0.7071068;
custom,cuboid,metal3,19,3.1,34,1,0.5,0.6,0.7,0.07,0.1,-335,3875,2720,0,0,-0.7071068,0.7071068;
custom,cuboid,metal3,19,3.1,34,1,1,1,1,0.07,0.1,335,3430,3155,-0.4999999,-0.5000001,-0.5,0.5000001;
custom,cuboid,metal3,19,3.6,14,1,0.8,0.8,0.8,0.07,0.05,80,3875,2562.5,0.5,-0.5,-0.5,0.5;
custom,cuboid,metal3,19,3.6,34.5,1,0.8,0.8,0.8,0.07,0.1,-337.5,3875,3082.5,0,0,-0.7071068,0.7071068;
custom,cuboid,metal3,21,3.1,16,1,1,1,1,0.07,0.05,335,3865,2810,0,0,-0.7071068,0.7071068;
custom,cuboid,metal3,21,3.1,18,1,1,1,1,0.07,0.07,260,3865,2565,0.5,-0.5,-0.5,0.5;
custom,cuboid,metal3,21,3.1,7,1,0.5,0.6,0.7,0.07,0.025,315.0002,3365,2565,0.5,-0.5,-0.5,0.5;
custom,cuboid,metal3,21,4.1,8,1,1,1,1,0.07,0.025,-180,3950,2785,-0.7071068,1E-07,-0.7071068,1E-07;
custom,cuboid,metal3,31.5,3.6,14,1,0.8,0.8,0.8,0.1,0.05,29.99999,3272.5,2702.5,0,-0.7071068,0,0.7071068;
custom,cuboid,metal3,31.5,3.6,50.5,1,0.8,0.8,0.8,0.1,0.15,-197.5,3272.5,2797.5,0,0,0,1;
custom,cuboid,metal3,31.5,4.1,14,1,0.8,0.8,0.8,0.1,0.05,79.99999,3950,2702.5,-0.7071068,1E-07,-0.7071068,1E-07;
custom,cuboid,metal3,33.49,2.5,25.99,1,0.45,0.45,0.45,0.1,0.75,332.5,3839.95,3077.5,-0.4999999,-0.5000001,-0.5,0.5000001;
custom,cuboid,metal3,33.49,4,10.49,1,0.45,0.45,0.45,0.1,0.05,292.4499,3950,3077.5,-0.7071068,1E-07,-0.7071068,1E-07;
custom,cuboid,metal3,34,4.1,18,1,1,1,1,0.1,0.07,260,3950,2720,-0.7071068,1E-07,-0.7071068,1E-07;
custom,cuboid,metal3,34,4.1,9,1,0.5,0.6,0.7,0.1,0.025,-305,3950,2720,-0.7071068,1E-07,-0.7071068,1E-07;
custom,cuboid,metal3,36,3.1,18,1,1,1,1,0.1,0.05,335,3790,2640,0,0,-0.7071068,0.7071068;
custom,cuboid,metal3,40,4,10.49,1,0.45,0.45,0.45,0.12,0.05,39.99992,3950,3192.5,0,0,0,1;
custom,cuboid,metal3,5,4.1,9,1,1,1,1,0.025,0.025,-94.99999,3950,2705,-0.7071068,1E-07,-0.7071068,1E-07;
custom,cuboid,metal3,50,3.1,18,1,1,1,1,0.15,0.07,-334.9999,3510,3160,0,0,-0.7071068,0.7071068;
custom,cuboid,metal3,50.49,2.5,18.99,1,0.45,0.45,0.45,0.15,0.07,92.49992,3874.95,3232.5,1E-07,0.7071068,0.7071067,1E-07;
custom,cuboid,metal3,6.49,2.5,9,1,0.45,0.45,0.45,0.025,0.025,332.5,3665,3212.5,-0.4999999,-0.5000001,-0.5,0.5000001;
custom,cuboid,metal3,8,4.1,4,1,1,1,1,0.025,0.025,110,3950,2960,0,0,0,1;
custom,cuboid,metal3,8,4.1,8,1,0.5,0.6,0.7,0.025,0.025,-50.00001,3950,2810,0,0,0,1;
custom,cuboid,metal3,9,3.1,16,1,0.5,0.6,0.7,0.025,0.05,200,3305,2565,0.5,-0.5,-0.5,0.5;
custom,cuboid,metal3,9,3.1,19,1,0.5,0.6,0.7,0.025,0.07,335.0001,3355,2685,-0.4999999,-0.5000001,-0.5,0.5000001;
custom,cuboid,metal3,9,3.1,33,1,0.5,0.6,0.7,0.025,0.1,335.0001,3425,2595,-0.4999999,-0.5000001,-0.5,0.5000001;
custom,cuboid,metal3,9,3.1,8,1,0.5,0.6,0.7,0.025,0.025,335.0001,3550,2685,-0.4999999,-0.5000001,-0.5,0.5000001;
custom,cuboid,metal3,9,4.1,25,1,0.5,0.6,0.7,0.025,0.75,-135,3950,2595,-0.7071068,1E-07,-0.7071068,1E-07;




racing,killcuboid,1,0.1,0.1,260,3475.4477692,3011.2927628,-0.6710092,0,0,0.7414491;
racing,killcuboid,1,0.1,0.1,264.5522499,3480,3011.2927818,-0.5242837,0.5242836,-0.4744751,0.4744752;
racing,killcuboid,1,0.1,0.1,255.4477692,3480,3011.2927628,-0.4744751,0.4744751,-0.5242836,0.5242837;
racing,killcuboid,1,0.1,0.1,260,3484.5522308,3011.2927914,-0.7414491,0,0,0.6710092;
racing,killcuboid,1,0.1,0.1,260,3484.5522308,2910.7932138,-0.7414491,0,0,0.6710092;
racing,killcuboid,1,0.1,0.1,260,3475.4477692,2910.7932138,-0.6710092,0,0,0.7414491;
racing,killcuboid,1,0.1,0.1,264.5522308,3480,2910.7932138,-0.5242837,0.5242836,-0.4744751,0.4744752;
racing,killcuboid,1,0.1,0.1,255.4477692,3480,2910.7932138,-0.4744752,0.4744751,-0.5242836,0.5242836;
racing,killcuboid,1,0.1,0.1,260,3484.5522308,2811.2932205,-0.7414491,0,0,0.6710092;
racing,killcuboid,1,0.1,0.1,260,3475.4477692,2811.293211,-0.6710092,0,0,0.7414491;
racing,killcuboid,1,0.1,0.1,264.5522308,3480,2811.2932205,-0.5242837,0.5242836,-0.4744751,0.4744752;
racing,killcuboid,1,0.1,0.1,255.4477692,3480,2811.293211,-0.4744752,0.4744751,-0.5242836,0.5242836;
racing,killcuboid,1,0.1,0.1,175.993824,3484.5522308,2797.7859402,-0.5242836,0.4744751,0.5242836,0.4744751;
racing,killcuboid,1,0.1,0.1,175.9938431,3475.4477692,2797.7859974,-0.4744751,0.5242836,0.4744751,0.5242837;
racing,killcuboid,0.9999999,0.1,0.1,175.993824,3479.9999619,2793.2337379,-0.7062291,0.7062291,0.03522,-0.0352199;
racing,killcuboid,1,0.1,0.1,175.9938431,3480.0000381,2802.3381996,-0.7062292,0.7062291,-0.0352199,0.03522;
racing,killcuboid,1,0.1,0.1,162.4869156,3484.5522308,2881.7425013,-1e-7,0.6710092,0.7414491,1e-7;
racing,killcuboid,1,0.1,0.1,162.4869156,3475.4477692,2881.7425048,-1e-7,0.7414491,0.6710091,1e-7;
racing,killcuboid,1,0.1,0.1,157.9346848,3480,2881.7425013,-0.4744751,0.4744751,0.5242838,-0.5242835;
racing,killcuboid,0.9999999,0.1,0.1,167.0391464,3480,2881.7425048,-0.5242836,0.5242836,0.4744752,-0.474475;
racing,killcuboid,1,0.1,0.1,162.4869156,3484.5522308,2981.2463188,-1e-7,0.6710092,0.7414491,1e-7;
racing,killcuboid,1,0.1,0.1,162.4869156,3475.4477692,2981.2463188,-1e-7,0.7414491,0.6710091,1e-7;
racing,killcuboid,1,0.1,0.1,157.9346848,3480,2981.2463188,-0.4744751,0.4744751,0.5242838,-0.5242835;
racing,killcuboid,0.9999999,0.1,0.1,167.0391464,3480,2981.2463188,-0.5242836,0.5242836,0.4744752,-0.474475;
racing,killcuboid,1,0.1,0.1,78.530364,3484.552269,2994.7532082,-0.5242836,0.4744752,-0.5242835,-0.4744752;
racing,killcuboid,1,0.1,0.1,78.530364,3475.4477692,2994.7532082,-0.4744751,0.5242837,-0.474475,-0.5242837;
racing,killcuboid,1,0.1,0.1,78.530364,3480,2999.3054771,-0.7062292,0.7062291,-0.0352198,0.0352198;
racing,killcuboid,1,0.1,0.1,78.530364,3480,2990.2009773,-0.7062292,0.7062291,0.03522,-0.03522;




base,FX/justSmoke,bombtex,1,5,1,0,1,1,1,1,1,-1370,4153.5,3557.5,0,0,0,1;
base,FX/justSmoke,bombtex,1,5,1,0,1,1,1,1,1,-1370,4153.5,3442.5,0,0,0,1;
base,FX/justSmoke,bombtex,1,5,1,0,1,1,1,1,1,-1312.5,4153.5,3500,0,0,0,1;
base,FX/justSmoke,bombtex,1,5,1,0,1,1,1,1,1,-1427.5,4153.5,3500,0,0,0,1;
