racing,checkpointcuboid,2,2,2,0,200,-2329.49997,-0.35355,-0.14645,-0.35355,0.85355;

map,disablebounds;
base,levelBottom,defaukt,0.19992,0.18333,0.005,1,1,1,1,1,1,0.00001,170,-1294.39026,0,0.70711,0,0.70711;
base,levelBottom,defaukt,0.19992,0.18333,0.005,1,1,1,1,1,1,0.00001,230,-1294.39026,0,0.70711,0,0.70711;
base,levelBottom,defaukt,0.19992,0.18333,0.005,1,1,1,1,1,1,30.00001,200,-1294.39026,-0.5,0.5,0.5,0.5;
base,levelBottom,defaukt,0.19992,0.18333,0.005,1,1,1,1,1,1,-29.99999,200,-1294.39026,-0.5,0.5,0.5,0.5;
custom,killcuboid,transparent0.3,199.92195,1.1,5,1,0,0.5,0.85,99999,99999,0.00001,170,-1294.39026,0,0.70711,0,0.70711;
custom,killcuboid,transparent0.3,199.92195,1.1,5,1,0,0.5,0.85,99999,99999,0.00001,230,-1294.39026,0,0.70711,0,0.70711;
custom,killcuboid,transparent0.3,199.92195,1.1,5,1,0,0.5,0.85,99999,99999,30.00001,200,-1294.39026,-0.5,0.5,0.5,0.5;
custom,killcuboid,transparent0.3,199.92195,1.1,5,1,0,0.5,0.85,99999,99999,-29.99999,200,-1294.39026,-0.5,0.5,0.5,0.5;
custom,killcuboid,bombtex,199.92195,0,5,1,0.6,0,1,0.2,5,0,224.5,-1294.39026,0,0.70711,0,0.70711;
custom,killcuboid,bombtex,199.92195,0,5,1,0.6,0,1,0.2,5,0,175.5,-1294.39026,0,0.70711,0,0.70711;
custom,killcuboid,bombtex,199.92195,0,5,1,0.6,0,1,0.2,5,24.5,200,-1294.39026,-0.5,0.5,0.5,0.5;
custom,killcuboid,bombtex,199.92195,0,5,1,0.6,0,1,0.2,5,-24.5,200,-1294.39026,-0.5,0.5,0.5,0.5;
custom,killcuboid,bombtex,199.92195,0,5,1,0.6,0,1,0.2,5,0,224.5,-1294.39026,0,0.70711,0,-0.70711;
custom,killcuboid,bombtex,199.92195,0,5,1,0.6,0,1,0.2,5,0,175.5,-1294.39026,0,0.70711,0,-0.70711;
custom,killcuboid,bombtex,199.92195,0,5,1,0.6,0,1,0.2,5,24.5,200,-1294.39026,0.5,0.5,0.5,-0.5;
custom,killcuboid,bombtex,199.92195,0,5,1,0.6,0,1,0.2,5,-24.5,200,-1294.39026,0.5,0.5,0.5,-0.5;
racing,killcuboid,1,1,3,0,220,-2188.99994,0,0.70711,0,0.70711;
racing,killcuboid,1,1,3,0,180,-2188.99994,0,0.70711,0,0.70711;
racing,killcuboid,1,1,5,-20,200,-2188.99994,-0.5,0.5,0.5,0.5;
racing,killcuboid,1,1,5,20,200,-2188.99994,-0.5,0.5,0.5,0.5;
racing,killcuboid,1,2,1,0,215,-2068.99994,0,0.70711,0,0.70711;
racing,killcuboid,1,2,1,0,185,-2068.99994,0,0.70711,0,0.70711;
racing,killcuboid,1,2,5,-15,200,-2068.99994,-0.5,0.5,0.5,0.5;
racing,killcuboid,1,2,5,15,200,-2068.99994,-0.5,0.5,0.5,0.5;
racing,killcuboid,1,1,3,0,220,-1688.99994,0,0.70711,0,0.70711;
racing,killcuboid,1,1,3,0,180,-1688.99994,0,0.70711,0,0.70711;
racing,killcuboid,1,1,5,-20,200,-1688.99994,-0.5,0.5,0.5,0.5;
racing,killcuboid,1,1,5,20,200,-1688.99994,-0.5,0.5,0.5,0.5;
racing,killcuboid,1,2,1,-0.00001,215,-1568.99994,0,0.70711,0,0.70711;
racing,killcuboid,1,2,1,-0.00001,185,-1568.99994,0,0.70711,0,0.70711;
racing,killcuboid,1,2,5,-15.00001,200,-1568.99994,-0.5,0.5,0.5,0.5;
racing,killcuboid,1,2,5,14.99999,200,-1568.99994,-0.5,0.5,0.5,0.5;
racing,killcuboid,1,5,1,0.00002,200,-1448.99994,0,0.70711,0,0.70711;
racing,killcuboid,1,2,5,-14.99999,200,-1328.99994,-0.5,0.5,0.5,0.5;
racing,killcuboid,1,2,5,15.00001,200,-1328.99994,-0.5,0.5,0.5,0.5;
racing,killcuboid,20.22374,1,5,-0.00001,185.05529,-1103.29712,-0.05259,0.70515,-0.05259,0.70515;
racing,killcuboid,20.22374,1,5,-0.00003,185.05529,-904.78027,0.05259,0.70515,0.05259,0.70515;
racing,killcuboid,3,1,5,-0.00003,220,-886.81335,0,0.70711,0,0.70711;
racing,killcuboid,3,2,5,-0.00003,215,-856.81335,0,0.70711,0,0.70711;
racing,killcuboid,16,3,5,0.00004,210,-761.81335,0,0.70711,0,0.70711;





racing,killcuboid,16.0701,1,5,-0.00001,222.5219,-215.24719,0.03304,0.70633,0.03304,0.70633;
racing,killcuboid,16.0701,1,5,-0.00001,177.4781,-215.24719,-0.03304,0.70633,-0.03304,0.70633;
racing,killcuboid,16.0701,1,5,-22.52198,200,-215.24719,-0.47609,0.52281,0.52281,0.47609;
racing,killcuboid,16.0701,1,5,22.52181,200,-215.24719,-0.52281,0.47609,0.47609,0.52281;
racing,killcuboid,10.0124,1,2,-0.00002,212.53757,-85.46509,0.01766,0.70689,0.01766,0.70689;
racing,killcuboid,10.0124,1,2,-0.00002,187.46243,-85.46509,-0.01766,0.70689,-0.01766,0.70689;
racing,killcuboid,10.0124,1,2,-12.53756,200,-85.46509,-0.48736,0.51233,0.51233,0.48736;
racing,killcuboid,10.0124,1,2,12.53751,200,-85.46509,-0.51233,0.48736,0.48736,0.51233;
custom,cuboid,stone9,40,5,1,1,0.4,1,1,2,0.25,-30,200,-2093.99994,0,0.70711,0,0.70711;
custom,cuboid,stone9,40,5,1,1,0.4,1,1,2,0.25,30,200,-2093.99994,0,0.70711,0,0.70711;
custom,cuboid,stone9,40,5,1,1,0.4,1,1,2,0.25,-64.65366,200,-1697.90665,0,0.64279,0,0.76604;
custom,cuboid,stone9,40,5,1,1,0.4,1,1,2,0.25,64.65366,200,-1697.90665,0,0.76604,0,0.64279;
custom,cuboid,stone9,20,5,1,1,0.4,1,1,1,0.25,99.30735,200,-1401.81335,0,0.70711,0,0.70711;
custom,cuboid,stone9,20,5,1,1,0.4,1,1,1,0.25,-99.30738,200,-1401.81335,0,0.70711,0,0.70711;
custom,cuboid,stone9,40,2,1,1,0.4,1,1,2,0.1,99.30733,215,-1101.81335,0,0.70711,0,0.70711;
custom,cuboid,stone9,40,2,1,1,0.4,1,1,2,0.1,-99.30733,215,-1101.81335,0,0.70711,0,0.70711;
custom,cuboid,stone9,20.22374,2,1,1,0.4,1,1,1.01119,0.1,99.30733,199.88935,-1203.29681,-0.05259,0.70515,-0.05259,0.70515;
custom,cuboid,stone9,20.22374,2,1,1,0.4,1,1,1.01119,0.1,-99.30733,199.88935,-1203.29681,-0.05259,0.70515,-0.05259,0.70515;
custom,cuboid,stone9,10,3,1,1,0.4,1,1,0.5,0.15,-99.30733,210,-1251.81335,0,0.70711,0,0.70711;
custom,cuboid,stone9,10,3,1,1,0.4,1,1,0.5,0.15,99.30733,210,-1251.81335,0,0.70711,0,0.70711;
custom,cuboid,stone9,20.22374,2,1,1,0.4,1,1,1.01119,0.1,99.30729,200.11065,-803.29681,0.05259,0.70515,0.05259,0.70515;
custom,cuboid,stone9,20.22374,2,1,1,0.4,1,1,1.01119,0.1,-99.30737,200.11065,-803.29681,0.05259,0.70515,0.05259,0.70515;
custom,cuboid,stone9,10,3,1,1,0.4,1,1,0.5,0.15,-99.3074,190.22135,-354.78027,0.70711,0,0.70711,0;
custom,cuboid,stone9,10,3,1,1,0.4,1,1,0.5,0.15,99.3074,190.22135,-354.78027,0.70711,0,0.70711,0;
custom,cuboid,stone9,40,2,1,1,0.4,1,1,2,0.1,99.30725,185.22133,-504.78027,0.70711,0,0.70711,0;
custom,cuboid,stone9,40,2,1,1,0.4,1,1,2,0.1,-99.3074,185.22133,-504.78027,0.70711,0,0.70711,0;
custom,cuboid,stone9,20.22374,2,1,1,0.4,1,1,1.01119,0.1,99.30725,200.33199,-403.29681,0.70515,0.05259,0.70515,0.05259;
custom,cuboid,stone9,20.22374,2,1,1,0.4,1,1,1.01119,0.1,-99.3074,200.33199,-403.29681,0.70515,0.05259,0.70515,0.05259;
custom,cuboid,stone9,1,5,1,1,0.4,1,1,0.05,0.25,-99.3074,200.22137,-299.78027,0,0.70711,0,0.70711;
custom,cuboid,stone9,1,5,1,1,0.4,1,1,0.05,0.25,99.3074,200.22137,-299.78027,0,0.70711,0,0.70711;
custom,cuboid,stone9,1,5,1,1,0.4,1,1,0.05,0.25,89.3074,200.22137,-259.78027,0,0.70711,0,0.70711;
custom,cuboid,stone9,1,4,1,1,0.4,1,1,0.05,0.2,79.30739,200.22137,-219.78027,0,0.70711,0,0.70711;
custom,cuboid,stone9,1,3,1,1,0.4,1,1,0.05,0.15,69.30738,200.22137,-179.78027,0,0.70711,0,0.70711;
custom,cuboid,stone9,1,2,1,1,0.4,1,1,0.05,0.1,59.30738,200.22137,-139.78027,0,0.70711,0,0.70711;
custom,cuboid,stone9,1,1,1,1,0.4,1,1,0.05,0.05,49.30738,200.22137,-99.78027,0,0.70711,0,0.70711;
custom,cuboid,stone9,1,5,1,1,0.4,1,1,0.05,0.25,-89.3074,200.22137,-259.78027,0.70711,0,-0.70711,0;
custom,cuboid,stone9,1,4,1,1,0.4,1,1,0.05,0.2,-79.30741,200.22137,-219.78027,0.70711,0,-0.70711,0;
custom,cuboid,stone9,1,3,1,1,0.4,1,1,0.05,0.15,-69.30742,200.22137,-179.78027,0.70711,0,-0.70711,0;
custom,cuboid,stone9,1,2,1,1,0.4,1,1,0.05,0.1,-59.30742,200.22137,-139.78027,0.70711,0,-0.70711,0;
custom,cuboid,stone9,1,1,1,1,0.4,1,1,0.05,0.05,-49.30742,200.22137,-99.78027,0.70711,0,-0.70711,0;
custom,cuboid,ice1,40.1,5.1,0.9,1,0.4,1,1,2,0.25,-30,200,-2093.99994,0,0.70711,0,0.70711;
custom,cuboid,ice1,40.1,5.1,0.9,1,0.4,1,1,2,0.25,30,200,-2093.99994,0,0.70711,0,0.70711;
custom,cuboid,ice1,40.1,5.1,0.9,1,0.4,1,1,2,0.25,-64.65366,200,-1697.90665,0,0.64279,0,0.76604;
custom,cuboid,ice1,40.1,5.1,0.9,1,0.4,1,1,2,0.25,64.65366,200,-1697.90665,0,0.76604,0,0.64279;
custom,cuboid,ice1,20.1,5.1,0.9,1,0.4,1,1,1,0.25,99.30735,200,-1401.81335,0,0.70711,0,0.70711;
custom,cuboid,ice1,20.1,5.1,0.9,1,0.4,1,1,1,0.25,-99.30738,200,-1401.81335,0,0.70711,0,0.70711;
custom,cuboid,ice1,40.1,2.1,0.9,1,0.4,1,1,2,0.1,99.30733,215,-1101.81335,0,0.70711,0,0.70711;
custom,cuboid,ice1,40.1,2.1,0.9,1,0.4,1,1,2,0.1,-99.30733,215,-1101.81335,0,0.70711,0,0.70711;
custom,cuboid,ice1,20.32374,2.1,0.9,1,0.4,1,1,1.01119,0.1,99.30733,199.88935,-1203.29681,-0.05259,0.70515,-0.05259,0.70515;
custom,cuboid,ice1,20.32374,2.1,0.9,1,0.4,1,1,1.01119,0.1,-99.30733,199.88935,-1203.29681,-0.05259,0.70515,-0.05259,0.70515;
custom,cuboid,ice1,10.1,3.1,0.9,1,0.4,1,1,0.5,0.15,-99.30733,210,-1251.81335,0,0.70711,0,0.70711;
custom,cuboid,ice1,10.1,3.1,0.9,1,0.4,1,1,0.5,0.15,99.30733,210,-1251.81335,0,0.70711,0,0.70711;
custom,cuboid,ice1,20.32374,2.1,0.9,1,0.4,1,1,1.01119,0.1,99.30729,200.11065,-803.29681,0.05259,0.70515,0.05259,0.70515;
custom,cuboid,ice1,20.32374,2.1,0.9,1,0.4,1,1,1.01119,0.1,-99.30737,200.11065,-803.29681,0.05259,0.70515,0.05259,0.70515;
custom,cuboid,ice1,10.1,3.1,0.9,1,0.4,1,1,0.5,0.15,-99.3074,190.22135,-354.78027,0.70711,0,0.70711,0;
custom,cuboid,ice1,10.1,3.1,0.9,1,0.4,1,1,0.5,0.15,99.3074,190.22135,-354.78027,0.70711,0,0.70711,0;
custom,cuboid,ice1,40.1,2.1,0.9,1,0.4,1,1,2,0.1,99.30725,185.22133,-504.78027,0.70711,0,0.70711,0;
custom,cuboid,ice1,40.1,2.1,0.9,1,0.4,1,1,2,0.1,-99.3074,185.22133,-504.78027,0.70711,0,0.70711,0;
custom,cuboid,ice1,20.32374,2.1,0.9,1,0.4,1,1,1.01119,0.1,99.30725,200.33199,-403.29681,0.70515,0.05259,0.70515,0.05259;
custom,cuboid,ice1,20.32374,2.1,0.9,1,0.4,1,1,1.01119,0.1,-99.3074,200.33199,-403.29681,0.70515,0.05259,0.70515,0.05259;
custom,cuboid,ice1,1.1,5.1,0.9,1,0.4,1,1,0.05,0.25,-99.3074,200.22137,-299.78027,0,0.70711,0,0.70711;
custom,cuboid,ice1,1.1,5.1,0.9,1,0.4,1,1,0.05,0.25,99.3074,200.22137,-299.78027,0,0.70711,0,0.70711;
custom,cuboid,ice1,1.1,5.1,0.9,1,0.4,1,1,0.05,0.25,89.3074,200.22137,-259.78027,0,0.70711,0,0.70711;
custom,cuboid,ice1,1.1,4.1,0.9,1,0.4,1,1,0.05,0.2,79.30739,200.22137,-219.78027,0,0.70711,0,0.70711;
custom,cuboid,ice1,1.1,3.1,0.9,1,0.4,1,1,0.05,0.15,69.30738,200.22137,-179.78027,0,0.70711,0,0.70711;
custom,cuboid,ice1,1.1,2.1,0.9,1,0.4,1,1,0.05,0.1,59.30738,200.22137,-139.78027,0,0.70711,0,0.70711;
custom,cuboid,ice1,1.1,1.1,0.9,1,0.4,1,1,0.05,0.05,49.30738,200.22137,-99.78027,0,0.70711,0,0.70711;
custom,cuboid,ice1,1.1,5.1,0.9,1,0.4,1,1,0.05,0.25,-89.3074,200.22137,-259.78027,0.70711,0,-0.70711,0;
custom,cuboid,ice1,1.1,4.1,0.9,1,0.4,1,1,0.05,0.2,-79.30741,200.22137,-219.78027,0.70711,0,-0.70711,0;
custom,cuboid,ice1,1.1,3.1,0.9,1,0.4,1,1,0.05,0.15,-69.30742,200.22137,-179.78027,0.70711,0,-0.70711,0;
custom,cuboid,ice1,1.1,2.1,0.9,1,0.4,1,1,0.05,0.1,-59.30742,200.22137,-139.78027,0.70711,0,-0.70711,0;
custom,cuboid,ice1,1.1,1.1,0.9,1,0.4,1,1,0.05,0.05,-49.30742,200.22137,-99.78027,0.70711,0,-0.70711,0;
custom,killcuboid,ice1,199.92195,0.1,0.1,1,0,1,0,19.9922,0.01,25.00001,225,-1294.39026,-0.5,0.5,0.5,0.5;
custom,killcuboid,ice1,199.92195,0.1,0.1,1,0,1,0,19.9922,0.01,-24.99999,225,-1294.39026,-0.5,0.5,0.5,0.5;
custom,killcuboid,ice1,108.99613,0.1,0.1,1,0,1,0,10.89961,0.01,-24.99999,175,-1749.01932,-0.5,0.5,0.5,0.5;
custom,killcuboid,ice1,108.99615,0.1,0.1,1,0,1,0,10.89962,0.01,24.99999,175,-1749.01932,-0.5,0.5,0.5,0.5;
custom,killcuboid,ice1,0.1,5,0.1,1,0,1,0,0.01,0.5,0,225,-2293.99994,-0.5,0.5,0.5,0.5;
custom,killcuboid,ice1,0.1,5,0.1,1,0,1,0,0.01,0.5,0,175,-2293.99994,-0.5,0.5,0.5,0.5;
custom,killcuboid,ice1,0.1,5,0.1,1,0,1,0,0.01,0.5,-25,200,-2293.99994,-0.70711,0,0.70711,0;
custom,killcuboid,ice1,0.1,5,0.1,1,0,1,0,0.01,0.5,25,200,-2293.99994,-0.70711,0,0.70711,0;
custom,killcuboid,ice1,0.1,5,0.1,1,0,1,0,0.01,0.5,0,225,-294.78027,-0.5,0.5,0.5,0.5;
custom,killcuboid,ice1,0.1,5,0.1,1,0,1,0,0.01,0.5,0,175,-294.78027,-0.5,0.5,0.5,0.5;
custom,killcuboid,ice1,0.1,5,0.1,1,0,1,0,0.01,0.5,-25,200,-294.78027,-0.70711,0,0.70711,0;
custom,killcuboid,ice1,0.1,5,0.1,1,0,1,0,0.01,0.5,25,200,-294.78027,-0.70711,0,0.70711,0;
custom,killcuboid,cannonregionmat,1.1,0.1,3.1,1,0,1,0,0.11,0.01,0,215,-2188.99994,0,0.70711,0,0.70711;
custom,killcuboid,cannonregionmat,1.1,0.1,3.1,1,0,1,0,0.11,0.01,0,185,-2188.99994,0,0.70711,0,0.70711;
custom,killcuboid,cannonregionmat,1.1,0.1,3.1,1,0,1,0,0.11,0.01,-15,200,-2188.99994,-0.5,0.5,0.5,0.5;
custom,killcuboid,cannonregionmat,1.1,0.1,3.1,1,0,1,0,0.11,0.01,15,200,-2188.99994,-0.5,0.5,0.5,0.5;
custom,killcuboid,cannonregionmat,1.1,0.1,1.1,1,0,1,0,0.11,0.01,0,205,-2068.99994,0,0.70711,0,0.70711;
custom,killcuboid,cannonregionmat,1.1,0.1,1.1,1,0,1,0,0.11,0.01,0,195,-2068.99994,0,0.70711,0,0.70711;
custom,killcuboid,cannonregionmat,1.1,0.1,1.1,1,0,1,0,0.11,0.01,-5,200,-2068.99994,-0.5,0.5,0.5,0.5;
custom,killcuboid,cannonregionmat,1.1,0.1,1.1,1,0,1,0,0.11,0.01,5,200,-2068.99994,-0.5,0.5,0.5,0.5;
custom,killcuboid,cannonregionmat,1.1,0.1,3.1,1,0,1,0,0.11,0.01,0,215,-1688.99994,0,0.70711,0,0.70711;
custom,killcuboid,cannonregionmat,1.1,0.1,3.1,1,0,1,0,0.11,0.01,0,185,-1688.99994,0,0.70711,0,0.70711;
custom,killcuboid,cannonregionmat,1.1,0.1,3.1,1,0,1,0,0.11,0.01,-15,200,-1688.99994,-0.5,0.5,0.5,0.5;
custom,killcuboid,cannonregionmat,1.1,0.1,3.1,1,0,1,0,0.11,0.01,15,200,-1688.99994,-0.5,0.5,0.5,0.5;
custom,killcuboid,cannonregionmat,1.1,0.1,1.1,1,0,1,0,0.11,0.01,-0.00001,205,-1568.99994,0,0.70711,0,0.70711;
custom,killcuboid,cannonregionmat,1.1,0.1,1.1,1,0,1,0,0.11,0.01,-0.00001,195,-1568.99994,0,0.70711,0,0.70711;
custom,killcuboid,cannonregionmat,1.1,0.1,1.1,1,0,1,0,0.11,0.01,-5.00001,200,-1568.99994,-0.5,0.5,0.5,0.5;
custom,killcuboid,cannonregionmat,1.1,0.1,1.1,1,0,1,0,0.11,0.01,4.99999,200,-1568.99994,-0.5,0.5,0.5,0.5;
custom,killcuboid,cannonregionmat,1.1,0.1,5.1,1,0,1,0,0.11,0.01,-24.99998,200,-1448.99994,-0.5,0.5,0.5,0.5;
custom,killcuboid,cannonregionmat,1.1,0.1,5.1,1,0,1,0,0.11,0.01,-4.99998,200,-1448.99994,-0.5,0.5,0.5,0.5;
custom,killcuboid,cannonregionmat,1.1,0.1,5.1,1,0,1,0,0.11,0.01,4.99998,200,-1448.99994,-0.5,0.5,0.5,0.5;
custom,killcuboid,cannonregionmat,1.1,0.1,5.1,1,0,1,0,0.11,0.01,24.99998,200,-1448.99994,-0.5,0.5,0.5,0.5;
custom,killcuboid,cannonregionmat,1.1,0.1,2.1,1,0,1,0,0.11,0.01,-14.99998,225,-1448.99994,-0.70711,0,0.70711,0;
custom,killcuboid,cannonregionmat,1.1,0.1,2.1,1,0,1,0,0.11,0.01,-14.99998,175,-1448.99994,-0.70711,0,0.70711,0;
custom,killcuboid,cannonregionmat,1.1,0.1,2.1,1,0,1,0,0.11,0.01,14.99998,225,-1448.99994,-0.70711,0,0.70711,0;
custom,killcuboid,cannonregionmat,1.1,0.1,2.1,1,0,1,0,0.11,0.01,14.99998,175,-1448.99994,-0.70711,0,0.70711,0;
custom,killcuboid,cannonregionmat,1.1,0.1,5.1,1,0,1,0,0.11,0.01,-4.99999,200,-1328.99994,-0.5,0.5,0.5,0.5;
custom,killcuboid,cannonregionmat,1.1,0.1,5.1,1,0,1,0,0.11,0.01,5.00001,200,-1328.99994,-0.5,0.5,0.5,0.5;
custom,killcuboid,cannonregionmat,1.1,0.1,1.1,1,0,1,0,0.11,0.01,0.00001,225,-1328.99994,-0.70711,0,0.70711,0;
custom,killcuboid,cannonregionmat,1.1,0.1,1.1,1,0,1,0,0.11,0.01,0.00001,175,-1328.99994,-0.70711,0,0.70711,0;
custom,killcuboid,ice1,50.92586,0.1,0.1,1,0,1,0,5.09259,0.01,-24.99998,175,-549.40949,-0.5,0.5,0.5,0.5;
custom,killcuboid,ice1,50.92587,0.1,0.1,1,0,1,0,5.09259,0.01,25.00002,175,-549.40949,-0.5,0.5,0.5,0.5;
custom,killcuboid,ice1,0.1,5,0.1,1,0,1,0,0.01,0.5,0,175,-1204.0387,-0.5,0.5,0.5,0.5;
custom,killcuboid,ice1,20.22374,0.1,0.1,1,0,1,0,2.02237,0.01,-25.00001,189.99998,-1104.0387,-0.05259,0.70515,-0.05259,0.70515;
custom,killcuboid,ice1,20.22374,0.1,0.1,1,0,1,0,2.02237,0.01,24.99999,189.99998,-1104.0387,-0.05259,0.70515,-0.05259,0.70515;
custom,killcuboid,ice1,20.22374,0.1,0.1,1,0,1,0,2.02237,0.01,24.99997,189.99998,-904.11285,0.05259,-0.70515,-0.05259,0.70515;
custom,killcuboid,ice1,20.22374,0.1,0.1,1,0,1,0,2.02237,0.01,-25.00003,189.99998,-904.11285,0.05259,-0.70515,-0.05259,0.70515;
custom,killcuboid,ice1,0.1,5,0.1,1,0,1,0,0.01,0.5,-0.00002,204.99996,-1004.0387,-0.5,0.5,0.5,0.5;
custom,killcuboid,ice1,0.1,5,0.1,1,0,1,0,0.01,0.5,0.00004,175,-804.0387,-0.5,0.5,0.5,0.5;
custom,killcuboid,ice1,3.1,0.1,0.1,1,0,1,0,0.31,0.01,25,205,-856.81335,0,0.70711,0,0.70711;
custom,killcuboid,ice1,16.1,0.1,0.1,1,0,1,0,0.61,0.01,25,195,-761.81335,0,0.70711,0,0.70711;


custom,killcuboid,ice1,0.1,1.1,0.1,1,0,1,0,0.01,0.11,25,220,-901.81335,0,0.70711,0,0.70711;
custom,killcuboid,ice1,0.1,1.1,0.1,1,0,1,0,0.01,0.11,25,200,-841.81335,0,0.70711,0,0.70711;

custom,killcuboid,ice1,0.1,3.1,0.1,1,0,1,0,0.01,0.11,25,210,-681.81335,0,0.70711,0,0.70711;
custom,killcuboid,ice1,3.1,0.1,0.1,1,0,1,0,0.31,0.01,-25,205,-856.81335,0,0.70711,0,0.70711;
custom,killcuboid,ice1,16.1,0.1,0.1,1,0,1,0,0.61,0.01,-25,195,-761.81335,0,0.70711,0,0.70711;


custom,killcuboid,ice1,0.1,1.1,0.1,1,0,1,0,0.01,0.11,-25,220,-901.81335,0,0.70711,0,0.70711;
custom,killcuboid,ice1,0.1,1.1,0.1,1,0,1,0,0.01,0.11,-25,200,-841.81335,0,0.70711,0,0.70711;

custom,killcuboid,ice1,0.1,3.1,0.1,1,0,1,0,0.01,0.11,-25,210,-681.81335,0,0.70711,0,0.70711;
custom,killcuboid,ice1,0.1,5.1,0.1,1,0,1,0,0.01,0.51,0,215,-901.81335,-0.5,0.5,0.5,0.5;
custom,killcuboid,ice1,0.1,5.1,0.1,1,0,1,0,0.01,0.51,0,225,-901.81335,-0.5,0.5,0.5,0.5;
custom,killcuboid,ice1,0.1,5.1,0.1,1,0,1,0,0.01,0.51,0,205,-841.81335,-0.5,0.5,0.5,0.5;
custom,killcuboid,ice1,0.1,5.1,0.1,1,0,1,0,0.01,0.51,0,205,-871.81335,-0.5,0.5,0.5,0.5;
custom,killcuboid,ice1,0.1,5.1,0.1,1,0,1,0,0.01,0.51,0,195,-841.81335,-0.5,0.5,0.5,0.5;
custom,killcuboid,ice1,0.1,5.1,0.1,1,0,1,0,0.01,0.51,0,195,-681.81335,-0.5,0.5,0.5,0.5;


custom,killcuboid,ice1,0.1,5.1,0.1,1,0,1,0,0.01,0.51,0,225,-681.81335,-0.5,0.5,0.5,0.5;
custom,killcuboid,ice1,16.13995,0.1,0.1,1,0,1,0,1.614,0.01,-17.5435,217.53254,-215.71106,0.03454,0.73856,0.03146,0.67256;
custom,killcuboid,ice1,16.13995,0.1,0.1,1,0,1,0,1.614,0.01,-17.5435,182.46746,-215.71106,-0.03454,0.73856,-0.03146,0.67256;
custom,killcuboid,ice1,16.13995,0.1,0.1,1,0,1,0,1.614,0.01,17.54348,182.46746,-215.71106,-0.03146,0.67256,-0.03454,0.73856;
custom,killcuboid,ice1,16.13995,0.1,0.1,1,0,1,0,1.614,0.01,17.49968,217.57633,-215.71106,0.03146,0.67256,0.03454,0.73856;
custom,killcuboid,ice1,0.1,0.1,2.1,1,0,1,0,0.01,0.01,-0.00002,210.04379,-135.71411,0,0.70711,0,0.70711;
custom,killcuboid,ice1,0.1,0.1,2.1,1,0,1,0,0.01,0.01,-0.00002,189.95623,-135.71411,0,0.70711,0,0.70711;
custom,killcuboid,ice1,0.1,0.1,2.1,1,0,1,0,0.01,0.01,-10.04381,200,-135.71411,-0.5,0.5,0.5,0.5;
custom,killcuboid,ice1,0.1,0.1,2.1,1,0,1,0,0.01,0.01,10.04377,200,-135.71411,-0.5,0.5,0.5,0.5;
custom,killcuboid,ice1,0.1,0.1,1.1,1,0,1,0,0.01,0.01,0.04377,205,-35.71411,0,0.70711,0,0.70711;
custom,killcuboid,ice1,0.1,0.1,1.1,1,0,1,0,0.01,0.01,0.04377,195,-35.71411,0,0.70711,0,0.70711;
custom,killcuboid,ice1,0.1,0.1,1.1,1,0,1,0,0.01,0.01,-5.04382,200,-35.71411,-0.5,0.5,0.5,0.5;
custom,killcuboid,ice1,0.1,0.1,1.1,1,0,1,0,0.01,0.01,5.04377,200,-35.71411,-0.5,0.5,0.5,0.5;

custom,killcuboid,ice1,10.02487,0.1,0.1,1,0,1,0,1.00249,0.01,-7.50002,207.54692,-85.71472,-0.47441,0.5,0.52435,0.5;
custom,killcuboid,ice1,10.02487,0.1,0.1,1,0,1,0,1.00249,0.01,-7.54382,192.49691,-85.71472,-0.5,0.52434,0.5,0.47441;
custom,killcuboid,ice1,10.02487,0.1,0.1,1,0,1,0,1.00249,0.01,7.49998,192.45308,-85.71472,-0.52434,0.5,0.47441,0.5;
custom,killcuboid,ice1,10.02487,0.1,0.1,1,0,1,0,1.00249,0.01,7.54377,207.50309,-85.71472,-0.5,0.47441,0.5,0.52434;
custom,killcuboid,ice1,0.1,5.1,0.1,1,0,1,0,0.01,0.51,-0.00003,215,-871.81335,-0.5,0.5,0.5,0.5;
custom,killcuboid,ice1,0.1,1.1,0.1,1,0,1,0,0.01,0.11,-25.00003,210,-871.81335,0,0.70711,0,0.70711;
custom,killcuboid,ice1,3.1,0.1,0.1,1,0,1,0,0.31,0.01,24.99997,215,-886.81335,0,0.70711,0,0.70711;
custom,killcuboid,ice1,0.1,1.1,0.1,1,0,1,0,0.01,0.11,24.99997,210,-871.81335,0,0.70711,0,0.70711;
custom,killcuboid,ice1,3.1,0.1,0.1,1,0,1,0,0.31,0.01,-25.00003,215,-886.81335,0,0.70711,0,0.70711;

custom,killcuboid,empty,5.05,3.05,0.05,1,0,0,0,0.01,0.11,0,210,-681.81335,0,1,0,0;

custom,killcuboid,empty,1.1,0.1,5.1,1,0,0,0,0.11,0.01,-25,200,-2188.99994,-0.5,0.5,0.5,0.5;
custom,killcuboid,empty,1.1,0.1,5.1,1,0,0,0,0.11,0.01,25,200,-2188.99994,-0.5,0.5,0.5,0.5;
custom,killcuboid,empty,1.1,0.1,5.1,1,0,0,0,0.11,0.01,0,175,-2188.99994,-0.70711,0,0.70711,0;
custom,killcuboid,empty,1.1,0.1,5.1,1,0,0,0,0.11,0.01,0,225,-2188.99994,-0.70711,0,0.70711,0;
custom,killcuboid,empty,1.1,0.1,5.1,1,0,0,0,0.11,0.01,-25,200,-2068.99994,-0.5,0.5,0.5,0.5;
custom,killcuboid,empty,1.1,0.1,5.1,1,0,0,0,0.11,0.01,25,200,-2068.99994,-0.5,0.5,0.5,0.5;
custom,killcuboid,empty,1.1,0.1,5.1,1,0,0,0,0.11,0.01,0,175,-2068.99994,-0.70711,0,0.70711,0;
custom,killcuboid,empty,1.1,0.1,5.1,1,0,0,0,0.11,0.01,0,225,-2068.99994,-0.70711,0,0.70711,0;
custom,killcuboid,empty,1.1,0.1,5.1,1,0,0,0,0.11,0.01,-25,200,-1688.99994,-0.5,0.5,0.5,0.5;
custom,killcuboid,empty,1.1,0.1,5.1,1,0,0,0,0.11,0.01,25,200,-1688.99994,-0.5,0.5,0.5,0.5;
custom,killcuboid,empty,1.1,0.1,5.1,1,0,0,0,0.11,0.01,0,175,-1688.99994,-0.70711,0,0.70711,0;
custom,killcuboid,empty,1.1,0.1,5.1,1,0,0,0,0.11,0.01,0,225,-1688.99994,-0.70711,0,0.70711,0;
custom,killcuboid,empty,1.1,0.1,5.1,1,0,0,0,0.11,0.01,-25,200,-1568.99994,-0.5,0.5,0.5,0.5;
custom,killcuboid,empty,1.1,0.1,5.1,1,0,0,0,0.11,0.01,25,200,-1568.99994,-0.5,0.5,0.5,0.5;
custom,killcuboid,empty,1.1,0.1,5.1,1,0,0,0,0.11,0.01,0,175,-1568.99994,-0.70711,0,0.70711,0;
custom,killcuboid,empty,1.1,0.1,5.1,1,0,0,0,0.11,0.01,0,225,-1568.99994,-0.70711,0,0.70711,0;
custom,killcuboid,empty,1.05,0.05,5.05,1,0,0,0,0.105,0.005,-25,200,-1328.99994,-0.5,0.5,0.5,0.5;
custom,killcuboid,empty,1.05,0.05,5.05,1,0,0,0,0.105,0.005,25,200,-1328.99994,-0.5,0.5,0.5,0.5;
custom,killcuboid,empty,1.05,0.05,5.05,1,0,0,0,0.105,0.005,0,175,-1328.99994,-0.70711,0,0.70711,0;
custom,killcuboid,empty,1.05,0.05,5.05,1,0,0,0,0.105,0.005,0,225,-1328.99994,-0.70711,0,0.70711,0;





custom,killcuboid,empty,16,3,0.05,1,0,0,0,0.6,0.3,25,210,-761.81335,0,0.70711,0,0.70711;
custom,killcuboid,empty,3,2,0.05,1,0,0,0,0.3,0.2,25,215,-856.81335,0,0.70711,0,0.70711;
custom,killcuboid,empty,3,1,0.05,1,0,0,0,0.3,0.1,25,220,-886.81335,0,0.70711,0,0.70711;
custom,killcuboid,empty,3,1,0.05,1,0,0,0,0.3,0.1,-25,220,-886.81335,0,0.70711,0,0.70711;
custom,killcuboid,empty,3,2,0.05,1,0,0,0,0.3,0.2,-25,215,-856.81335,0,0.70711,0,0.70711;
custom,killcuboid,empty,16,3,0.05,1,0,0,0,0.6,0.3,-25,210,-761.81335,0,0.70711,0,0.70711;





custom,cuboid,metal4,7,1,7,1,1,1,1,0.2,0.2,0,170,-2328.99994,0,0,0,1;
custom,cuboid,metal4,7,1,7,1,1,1,1,0.2,0.2,0,230,-2328.99994,0,0,0,1;
custom,cuboid,medievalartilleryassets_texture-psd,1,7,7,1,1,1,1,1,1,-30,200.00004,-2329.00009,0,1,0,0;
custom,cuboid,medievalartilleryassets_texture-psd,1,7,7,1,1,1,1,1,1,30,200,-2328.99994,0,1,0,0;
custom,killcuboid,ice1,2.1,0.1,0.1,1,0.5,0.85,1,0.21,0.01,7.07107,197.92894,-2341.57105,-0.35355,-0.14645,-0.35355,0.85355;
custom,killcuboid,ice1,2.1,0.1,0.1,1,0.5,0.85,1,0.21,0.01,-7.07107,187.92894,-2331.57105,-0.35355,-0.14645,-0.35355,0.85355;
custom,killcuboid,ice1,2.1,0.1,0.1,1,0.5,0.85,1,0.21,0.01,-7.07107,202.07108,-2317.42889,-0.35355,-0.14645,-0.35355,0.85355;
custom,killcuboid,ice1,2.1,0.1,0.1,1,0.5,0.85,1,0.21,0.01,7.07107,212.07108,-2327.42889,-0.35355,-0.14645,-0.35355,0.85355;
custom,killcuboid,ice1,2.1,0.1,0.1,1,0.5,0.85,1,0.21,0.01,14.14213,200,-2329.49997,-0.5,-0.70711,0,0.5;
custom,killcuboid,ice1,2.1,0.1,0.1,1,0.5,0.85,1,0.21,0.01,0,190,-2319.49997,-0.5,-0.70711,0,0.5;
custom,killcuboid,ice1,2.1,0.1,0.1,1,0.5,0.85,1,0.21,0.01,-14.14213,200,-2329.49997,-0.5,-0.70711,0,0.5;
custom,killcuboid,ice1,2.1,0.1,0.1,1,0.5,0.85,1,0.21,0.01,0,210,-2339.49997,-0.5,-0.70711,0,0.5;
custom,killcuboid,ice1,2.1,0.1,0.1,1,0.5,0.85,1,0.21,0.01,7.07107,187.92894,-2331.57105,-0.85355,-0.14645,0.35355,0.35355;
custom,killcuboid,ice1,2.1,0.1,0.1,1,0.5,0.85,1,0.21,0.01,7.07107,202.07108,-2317.42889,-0.85355,-0.14645,0.35355,0.35355;
custom,killcuboid,ice1,2.1,0.1,0.1,1,0.5,0.85,1,0.21,0.01,-7.07107,212.07108,-2327.42889,-0.85355,-0.14645,0.35355,0.35355;
custom,killcuboid,ice1,2.1,0.1,0.1,1,0.5,0.85,1,0.21,0.01,-7.07107,197.92894,-2341.57105,-0.85355,-0.14645,0.35355,0.35355;
custom,cuboid,metal4,7,1,7,1,1,1,1,0.2,0.2,-0.00004,170,-3999.49997,0,0,0,1;
custom,cuboid,metal4,7,1,7,1,1,1,1,0.2,0.2,-0.00001,230,-3999.49997,0,0,0,1;
custom,cuboid,medievalartilleryassets_texture-psd,1,7,7,1,1,1,1,1,1,-30,200.00004,-3999.50012,0,1,0,0;
custom,cuboid,medievalartilleryassets_texture-psd,1,7,7,1,1,1,1,1,1,30,200,-3999.49997,0,1,0,0;












custom,cuboid,medievalartilleryassets_texture-psd,7,7,1,1,1,1,1,1,1,-0.00001,200,-4039.49997,0,1,0,99999;
spawnpoint,playerC,0,200,-4020,-0.35355,-0.14645,-0.35355,0.85355;
spawnpoint,playerM,0,200,-4020,-0.35355,-0.14645,-0.35355,0.85355;
custom,cuboid,arena2tex,7.1,1.1,1.1,1,0,0.85,1,7,1,-21.2132,178.78683,-2363.99994,0,0,-0.38268,0.92388;
custom,cuboid,arena2tex,7.1,1.1,1.1,1,0,0.85,1,7,1,21.2132,221.21325,-2363.99994,0,0,-0.38268,0.92388;
custom,cuboid,arena2tex,7.1,1.1,1.1,1,0,0.85,1,7,1,-21.2132,221.21325,-2363.99994,0,0,-0.92388,0.38268;
custom,cuboid,arena2tex,7.1,1.1,1.1,1,0,0.85,1,7,1,21.2132,178.78683,-2363.99994,0,0,-0.92388,0.38268;
custom,cuboid,ice1,7.2,1.2,1,1,1,1,1,0.71,0.11,-21.2132,178.78683,-2363.99994,0,0,-0.38268,0.92388;
custom,cuboid,ice1,7.2,1.2,1,1,1,1,1,0.71,0.11,21.2132,221.21325,-2363.99994,0,0,-0.38268,0.92388;
custom,cuboid,ice1,7.2,1.2,1,1,1,1,1,0.71,0.11,-21.2132,221.21325,-2363.99994,0,0,-0.92388,0.38268;
custom,cuboid,ice1,7.2,1.2,1,1,1,1,1,0.71,0.11,21.2132,178.78683,-2363.99994,0,0,-0.92388,0.38268;
custom,cuboid,ice1,1.2,2.2,1,1,1,1,1,0.12,0.22,-30,200,-2363.99994,0,1,0,0;
custom,cuboid,ice1,1.2,2.2,1,1,1,1,1,0.12,0.22,30,200,-2363.99994,0,1,0,0;
custom,cuboid,ice1,2.2,1.2,1,1,1,1,1,0.22,0.12,0,230,-2363.99994,0,1,0,0;
custom,cuboid,ice1,2.2,1.2,1,1,1,1,1,0.22,0.12,0,170,-2363.99994,0,1,0,0;
base,levelBottom,defaukt,0.005,0.18333,0.04,1,1,1,1,1,1,-21.2132,178.78683,-3764.50012,0,0,-0.38268,0.92388;
base,levelBottom,defaukt,0.005,0.18333,0.04,1,1,1,1,1,1,21.2132,221.21325,-3764.50012,0,0,-0.38268,0.92388;
base,levelBottom,defaukt,0.005,0.18333,0.04,1,1,1,1,1,1,-21.2132,221.21325,-3764.50012,0,0,-0.92388,0.38268;
base,levelBottom,defaukt,0.005,0.18333,0.04,1,1,1,1,1,1,21.2132,178.78683,-3764.50012,0,0,-0.92388,0.38268;
custom,killcuboid,transparent0.4,5,1.1,40,1,1,0.5,0.85,99999,99999,-21.2132,178.78683,-3764.50012,0,0,-0.38268,0.92388;
custom,killcuboid,transparent0.4,5,1.1,40,1,1,0.5,0.85,99999,99999,21.2132,221.21325,-3764.50012,0,0,-0.38268,0.92388;
custom,killcuboid,transparent0.4,5,1.1,40,1,1,0.5,0.85,99999,99999,-21.2132,221.21325,-3764.50012,0,0,-0.92388,0.38268;
custom,killcuboid,transparent0.4,5,1.1,40,1,1,0.5,0.85,99999,99999,21.2132,178.78683,-3764.50012,0,0,-0.92388,0.38268;
custom,killcuboid,bombtex,5,1.1,40,1,0,0.5,0.85,0.1,5,-21.2132,178.78683,-3764.50012,0,0,-0.38268,0.92388;
custom,killcuboid,bombtex,5,1.1,40,1,0,0.5,0.85,0.1,5,21.2132,221.21325,-3764.50012,0,0,-0.38268,0.92388;
custom,killcuboid,bombtex,5,1.1,40,1,0,0.5,0.85,0.1,5,-21.2132,221.21325,-3764.50012,0,0,-0.92388,0.38268;
custom,killcuboid,bombtex,5,1.1,40,1,0,0.5,0.85,0.1,5,21.2132,178.78683,-3764.50012,0,0,-0.92388,0.38268;
custom,killcuboid,bombtex,5,1.1,40,1,0,0.5,0.85,0.1,5,-21.2132,178.78683,-3764.50012,0,0,-0.38268,0.92388;
custom,killcuboid,bombtex,5,1.1,40,1,0,0.5,0.85,0.1,5,21.2132,221.21325,-3764.50012,0,0,-0.38268,0.92388;
custom,killcuboid,bombtex,5,1.1,40,1,0,0.5,0.85,0.1,5,-21.2132,221.21325,-3764.50012,0,0,-0.92388,0.38268;
custom,killcuboid,bombtex,5,1.1,40,1,0,0.5,0.85,0.1,5,21.2132,178.78683,-3764.50012,0,0,-0.92388,0.38268;
custom,killcuboid,bombtex,5,1.1,40,1,0,0.5,0.85,0.1,5,-21.2132,178.78683,-3764.50012,0,0,-0.38268,0.92388;
custom,killcuboid,bombtex,5,1.1,40,1,0,0.5,0.85,0.1,5,21.2132,221.21325,-3764.50012,0,0,-0.38268,0.92388;
custom,killcuboid,bombtex,5,1.1,40,1,0,0.5,0.85,0.1,5,-21.2132,221.21325,-3764.50012,0,0,-0.92388,0.38268;
custom,killcuboid,bombtex,5,1.1,40,1,0,0.5,0.85,0.1,5,21.2132,178.78683,-3764.50012,0,0,-0.92388,0.38268;
custom,killcuboid,cannonregionmat,0.1,0.1,40,1,0.5,0.85,1,0.01,0.01,0,235.35538,-3764.50012,0,0,-0.38268,0.92388;
custom,killcuboid,cannonregionmat,0.1,0.1,40,1,0.5,0.85,1,0.01,0.01,0,164.6447,-3764.50012,0,0,-0.38268,0.92388;
custom,killcuboid,cannonregionmat,0.1,0.1,40,1,0.5,0.85,1,0.01,0.01,35.35538,200,-3764.50012,0,0,-0.92388,0.38268;
custom,killcuboid,cannonregionmat,0.1,0.1,40,1,0.5,0.85,1,0.01,0.01,-35.3553,200,-3764.50012,0,0,-0.92388,0.38268;
custom,killcuboid,cannonregionmat,5,0.1,0.1,1,0.5,0.85,1,0.5,0.01,17.67767,182.32237,-3964.50012,0,0,-0.92388,0.38268;
custom,killcuboid,cannonregionmat,5,0.1,0.1,1,0.5,0.85,1,0.5,0.01,-17.67766,217.67771,-3964.50012,0,0,-0.92388,0.38268;
custom,killcuboid,cannonregionmat,5,0.1,0.1,1,0.5,0.85,1,0.5,0.01,-17.67763,182.32233,-3964.50012,0,0,-0.92388,-0.38268;
custom,killcuboid,cannonregionmat,5,0.1,0.1,1,0.5,0.85,1,0.5,0.01,17.67771,217.67767,-3964.50012,0,0,-0.92388,-0.38268;
custom,killcuboid,cannonregionmat,5,0.1,0.1,1,0.5,0.85,1,0.5,0.01,17.67767,182.32237,-3564.50012,0,0,-0.92388,0.38268;
custom,killcuboid,cannonregionmat,5,0.1,0.1,1,0.5,0.85,1,0.5,0.01,-17.67766,217.67771,-3564.50012,0,0,-0.92388,0.38268;
custom,killcuboid,cannonregionmat,5,0.1,0.1,1,0.5,0.85,1,0.5,0.01,-17.67763,182.32233,-3564.50005,0,0,-0.92388,-0.38268;
custom,killcuboid,cannonregionmat,5,0.1,0.1,1,0.5,0.85,1,0.5,0.01,17.67771,217.67767,-3564.50005,0,0,-0.92388,-0.38268;
custom,cuboid,arena2tex,7.1,1.1,1.1,1,0,0.85,1,7,1,21.2132,221.21325,-3963.99994,0,0,-0.38268,0.92388;
custom,cuboid,arena2tex,7.1,1.1,1.1,1,0,0.85,1,7,1,-21.2132,221.21325,-3963.99994,0,0,-0.92388,0.38268;
custom,cuboid,arena2tex,7.1,1.1,1.1,1,0,0.85,1,7,1,21.2132,178.78683,-3963.99994,0,0,-0.92388,0.38268;
custom,cuboid,arena2tex,7.1,1.1,1.1,1,0,0.85,1,7,1,-21.2132,178.78683,-3963.99994,0,0,-0.38268,0.92388;
custom,cuboid,ice1,7.2,1.2,1,1,1,1,1,0.71,0.11,21.2132,221.21325,-3963.99994,0,0,-0.38268,0.92388;
custom,cuboid,ice1,7.2,1.2,1,1,1,1,1,0.71,0.11,-21.2132,221.21325,-3963.99994,0,0,-0.92388,0.38268;
custom,cuboid,ice1,7.2,1.2,1,1,1,1,1,0.71,0.11,21.2132,178.78683,-3963.99994,0,0,-0.92388,0.38268;
custom,cuboid,ice1,7.2,1.2,1,1,1,1,1,0.71,0.11,-21.2132,178.78683,-3963.99994,0,0,-0.38268,0.92388;
custom,cuboid,ice1,1.2,2.2,1,1,1,1,1,0.12,0.22,-30,200,-3964,0,1,0,0;
custom,cuboid,ice1,1.2,2.2,1,1,1,1,1,0.12,0.22,30,200,-3964,0,1,0,0;
custom,cuboid,ice1,2.2,1.2,1,1,1,1,1,0.22,0.12,0,230,-3964,0,1,0,0;
custom,cuboid,ice1,2.2,1.2,1,1,1,1,1,0.22,0.12,0,170,-3964,0,1,0,0;
custom,cuboid,arena2tex,11,1,1,1,1,1,1,11,1,35.35536,164.64468,-3813.99994,0,0,-0.92388,0.38268;
custom,cuboid,arena2tex,11,1,1,1,1,1,1,11,1,35.35536,235.35532,-3813.99994,0,0,-0.92388,-0.38268;
custom,cuboid,arena2tex,11,1,1,1,1,1,1,11,1,-35.35536,235.35532,-3813.99994,0,0,0.38268,0.92388;
custom,cuboid,arena2tex,11,1,1,1,1,1,1,11,1,-35.35536,164.64468,-3813.99994,0,0,-0.38268,0.92388;
custom,cuboid,ice1,11.1,1.1,0.9,1,1,1,1,1.1,0.1,35.35536,164.64468,-3813.99994,0,0,-0.92388,0.38268;
custom,cuboid,ice1,11.1,1.1,0.9,1,1,1,1,1.1,0.1,35.35536,235.35532,-3813.99994,0,0,-0.92388,-0.38268;
custom,cuboid,ice1,11.1,1.1,0.9,1,1,1,1,1.1,0.1,-35.35536,235.35532,-3813.99994,0,0,0.38268,0.92388;
custom,cuboid,ice1,11.1,1.1,0.9,1,1,1,1,1.1,0.1,-35.35536,164.64468,-3813.99994,0,0,-0.38268,0.92388;
custom,killcuboid,cannonregionmat,0.1,0.1,120,1,0.5,0.85,1,0.01,0.01,0,235.35538,-2964.00002,0,0,-0.38268,0.92388;
custom,killcuboid,cannonregionmat,0.1,0.1,120,1,0.5,0.85,1,0.01,0.01,0,164.6447,-2964.00002,0,0,-0.38268,0.92388;
custom,killcuboid,cannonregionmat,0.1,0.1,120,1,0.5,0.85,1,0.01,0.01,35.35538,200,-2963.99994,0,0,-0.92388,0.38268;
custom,killcuboid,cannonregionmat,0.1,0.1,120,1,0.5,0.85,1,0.01,0.01,-35.3553,200,-2963.99994,0,0,-0.92388,0.38268;
custom,killcuboid,cannonregionmat,5,0.1,0.1,1,0.5,0.85,1,0.5,0.01,17.67767,182.32237,-3564.00002,0,0,-0.92388,0.38268;
custom,killcuboid,cannonregionmat,5,0.1,0.1,1,0.5,0.85,1,0.5,0.01,-17.67766,217.67771,-3564.00002,0,0,-0.92388,0.38268;
custom,killcuboid,cannonregionmat,5,0.1,0.1,1,0.5,0.85,1,0.5,0.01,-17.67763,182.32233,-3563.99994,0,0,-0.92388,-0.38268;
custom,killcuboid,cannonregionmat,5,0.1,0.1,1,0.5,0.85,1,0.5,0.01,17.67771,217.67767,-3563.99994,0,0,-0.92388,-0.38268;
custom,killcuboid,cannonregionmat,5,0.1,0.1,1,0.5,0.85,1,0.5,0.01,17.67767,182.32237,-2363.99994,0,0,-0.92388,0.38268;
custom,killcuboid,cannonregionmat,5,0.1,0.1,1,0.5,0.85,1,0.5,0.01,-17.67766,217.67771,-2363.99994,0,0,-0.92388,0.38268;
custom,killcuboid,cannonregionmat,5,0.1,0.1,1,0.5,0.85,1,0.5,0.01,-17.67763,182.32233,-2363.99994,0,0,-0.92388,-0.38268;
custom,killcuboid,cannonregionmat,5,0.1,0.1,1,0.5,0.85,1,0.5,0.01,17.67771,217.67767,-2363.99994,0,0,-0.92388,-0.38268;
base,levelBottom,defaukt,0.005,0.18333,0.12,1,1,1,1,1,1,-21.2132,178.78683,-2964.00002,0,0,-0.38268,0.92388;
base,levelBottom,defaukt,0.005,0.18333,0.12,1,1,1,1,1,1,21.2132,221.21325,-2964.00002,0,0,-0.38268,0.92388;
base,levelBottom,defaukt,0.005,0.18333,0.12,1,1,1,1,1,1,-21.2132,221.21325,-2964.00002,0,0,-0.92388,0.38268;
base,levelBottom,defaukt,0.005,0.18333,0.12,1,1,1,1,1,1,21.2132,178.78683,-2964.00002,0,0,-0.92388,0.38268;
custom,killcuboid,transparent0.3,5,1.1,120,1,0.5,1,0.85,99999,99999,-21.2132,178.78683,-2964.00002,0,0,-0.38268,0.92388;
custom,killcuboid,transparent0.3,5,1.1,120,1,0.5,1,0.85,99999,99999,21.2132,221.21325,-2964.00002,0,0,-0.38268,0.92388;
custom,killcuboid,transparent0.3,5,1.1,120,1,0.5,1,0.85,99999,99999,-21.2132,221.21325,-2964.00002,0,0,-0.92388,0.38268;
custom,killcuboid,transparent0.3,5,1.1,120,1,0.5,1,0.85,99999,99999,21.2132,178.78683,-2964.00002,0,0,-0.92388,0.38268;
custom,killcuboid,bombtex,5,1.1,120,1,0.2,0.2,0.6,0.1,5,-21.2132,178.78683,-2964.00002,0,0,-0.38268,0.92388;
custom,killcuboid,bombtex,5,1.1,120,1,0.2,0.2,0.6,0.1,5,21.2132,221.21325,-2964.00002,0,0,-0.38268,0.92388;
custom,killcuboid,bombtex,5,1.1,120,1,0.2,0.2,0.6,0.1,5,-21.2132,221.21325,-2964.00002,0,0,-0.92388,0.38268;
custom,killcuboid,bombtex,5,1.1,120,1,0.2,0.2,0.6,0.1,5,21.2132,178.78683,-2964.00002,0,0,-0.92388,0.38268;
custom,killcuboid,bombtex,5,1.1,120,1,0.2,0.2,0.6,0.1,5,-21.2132,178.78683,-2964.00002,0,0,-0.38268,0.92388;
custom,killcuboid,bombtex,5,1.1,120,1,0.2,0.2,0.6,0.1,5,21.2132,221.21325,-2964.00002,0,0,-0.38268,0.92388;
custom,killcuboid,bombtex,5,1.1,120,1,0.2,0.2,0.6,0.1,5,-21.2132,221.21325,-2964.00002,0,0,-0.92388,0.38268;
custom,killcuboid,bombtex,5,1.1,120,1,0.2,0.2,0.6,0.1,5,21.2132,178.78683,-2964.00002,0,0,-0.92388,0.38268;
custom,killcuboid,bombtex,5,1.1,120,1,0.2,0.2,0.6,0.1,5,-21.2132,178.78683,-2964.00002,0,0,-0.38268,0.92388;
custom,killcuboid,bombtex,5,1.1,120,1,0.2,0.2,0.6,0.1,5,21.2132,221.21325,-2964.00002,0,0,-0.38268,0.92388;
custom,killcuboid,bombtex,5,1.1,120,1,0.2,0.2,0.6,0.1,5,-21.2132,221.21325,-2964.00002,0,0,-0.92388,0.38268;
custom,killcuboid,bombtex,5,1.1,120,1,0.2,0.2,0.6,0.1,5,21.2132,178.78683,-2964.00002,0,0,-0.92388,0.38268;
custom,cylinder,empty,1.30018,10.06167,1.15969,1,0,0,1,0.13002,2.01233,-44.6704,222.81563,-3458.00041,0.03047,0.12692,0.96405,0.23145;
custom,cylinder,empty,1.30018,10.06167,1.15969,1,0.1,0,1,0.13002,2.01233,7.93459,150.41119,-3405.91736,-0.09925,0.08477,0.64389,-0.7539;
custom,cylinder,empty,1.30018,10.06167,1.15969,1,0.2,0,1,0.13002,2.01233,35.5906,235.5278,-3353.8343,0.12059,0.04995,0.37941,0.91598;
custom,cylinder,empty,1.30018,10.06167,1.15969,1,0.3,0,1,0.13002,2.01233,-49.526,207.87169,-3301.75133,0.01024,0.13012,0.98839,0.07779;
custom,cylinder,empty,1.30018,10.06167,1.15969,1,0.4,0,1,0.13002,2.01233,22.87852,155.26682,-3249.66827,-0.11129,0.0682,0.51803,-0.84535;
custom,cylinder,empty,1.30018,10.06168,1.15969,1,0.5,0,1,0.13002,2.01234,22.87837,244.76376,-3197.58507,0.11129,0.0682,0.51803,0.84535;
custom,cylinder,empty,1.30018,10.06167,1.15969,1,0.6,0,1,0.13002,2.01233,-49.52603,192.15874,-3145.50217,-0.01024,0.13012,0.98839,-0.07779;
custom,cylinder,empty,1.30018,10.06167,1.15969,1,0.7,0,1,0.13002,2.01233,35.59056,164.50275,-3093.41919,-0.12059,0.04995,0.37941,-0.91598;
custom,cylinder,empty,1.30018,10.06167,1.15969,1,0.8,0,1,0.13002,2.01233,7.93441,249.61933,-3041.33614,0.09925,0.08477,0.64389,0.7539;
custom,cylinder,empty,1.30018,10.04285,1.15969,1,0.9,0,1,0.13002,2.00857,-44.75305,177.3768,-2989.30176,-0.03047,0.12692,0.96405,-0.23145;
custom,cylinder,empty,1.30018,10.06167,1.15969,1,1,0,1,0.13002,2.01233,44.82634,177.21489,-2937.17003,-0.12692,0.03047,0.23145,-0.96405;
custom,cylinder,empty,1.30018,10.06167,1.15969,1,1,0,0.9,0.13002,2.01233,-7.77865,249.61939,-2885.08675,0.08477,0.09925,0.7539,0.64389;
custom,cylinder,empty,1.30018,10.06167,1.15969,1,1,0,0.8,0.13002,2.01233,-35.43465,164.50281,-2833.00354,-0.04995,0.12059,0.91598,-0.37941;
custom,cylinder,empty,1.30018,10.06167,1.15969,1,1,0,0.7,0.13002,2.01233,49.68192,192.15891,-2780.92026,-0.13012,0.01024,0.07779,-0.98839;
custom,cylinder,empty,1.30018,10.06167,1.15969,1,1,0,0.6,0.13002,2.01233,-22.72261,244.76383,-2728.83698,0.0682,0.11129,0.84535,0.51803;
custom,cylinder,empty,1.30018,10.06167,1.15969,1,1,0,0.5,0.13002,2.01233,-22.72255,155.26699,-2676.75369,-0.0682,0.11129,0.84535,-0.51803;
custom,cylinder,empty,1.30018,10.06167,1.15969,1,1,0,0.4,0.13002,2.01233,49.68185,207.87199,-2624.67041,-0.13012,-0.01024,-0.07779,-0.98839;
custom,cylinder,empty,1.30018,10.06167,1.15969,1,1,0,0.3,0.13002,2.01233,-35.43482,235.52799,-2572.58713,0.04995,0.12059,0.91598,0.37941;
custom,cylinder,empty,1.30018,10.06167,1.15969,1,1,0,0.2,0.13002,2.01233,-7.77876,150.41148,-2520.50385,-0.08477,0.09925,0.7539,-0.64389;
custom,cylinder,empty,1.30018,10.06167,1.15969,1,1,0,0.1,0.13002,2.01233,44.82608,222.81599,-2468.42056,-0.12692,-0.03047,-0.23145,-0.96405;
custom,sphere,empty,1.25187,1.25187,1.25187,1,0,0,1,0.13115,0.13115,-1.22618,308.0133,-3483.3981,0,0,-0.00144,1;
custom,sphere,empty,1.25187,1.25187,1.25187,1,0.1,0,1,0.13115,0.13115,-89.37576,134.2008,-3431.1068,0,0,-0.00144,1;
custom,sphere,empty,1.25187,1.25187,1.25187,1,0.2,0,1,0.13115,0.13115,104.0984,165.012,-3379.1671,0,0,-0.00144,1;
custom,sphere,empty,1.25187,1.25187,1.25187,1,0.3,0,1,0.13115,0.13115,-34.11171,303.3717,-3327.2507,0,0,-0.00144,1;
custom,sphere,empty,1.25187,1.25187,1.25187,1,0.4,0,1,0.13115,0.13115,-65.34615,109.4801,-3274.6907,0,0,-0.00144,1;
custom,sphere,empty,1.25187,1.25187,1.25187,1,0.5,0,1,0.13115,0.13115,110.0965,198.7032,-3223.5354,0,0,-0.00144,1;
custom,sphere,empty,1.25187,1.25187,1.25187,1,0.6,0,1,0.13115,0.13115,-65.07938,287.926,-3170.6887,0,0,-0.00144,1;
custom,sphere,empty,1.25187,1.25187,1.25187,1,0.7,0,1,0.13115,0.13115,-34.33469,94.45957,-3118.6407,0,0,-0.00144,1;
custom,sphere,empty,1.25187,1.25187,1.25187,1,0.8,0,1,0.13115,0.13115,104.6187,232.985,-3066.6323,0,0,-0.00144,1;
custom,sphere,empty,1.25187,1.25187,1.25187,1,0.9,0,1,0.13115,0.13115,-89.30833,263.4242,-3014.9734,0,0,-0.00144,1;
custom,sphere,empty,1.25187,1.25187,1.25187,1,1,0,1,0.13115,0.13115,-0.49339,89.22413,-2962.812,0,0,-0.00144,1;
custom,sphere,empty,1.25187,1.25187,1.25187,1,1,0,0.9,0.13115,0.13115,89.12684,263.957,-2910.396,0,0,-0.00144,1;
custom,sphere,empty,1.25187,1.25187,1.25187,1,1,0,0.8,0.13115,0.13115,-105.1794,232.9454,-2858.102,0,0,-0.00144,1;
custom,sphere,empty,1.25187,1.25187,1.25187,1,1,0,0.7,0.13115,0.13115,33.92318,93.74583,-2806.656,0,0,-0.00144,1;
custom,sphere,empty,1.25187,1.25187,1.25187,1,1,0,0.6,0.13115,0.13115,64.87146,288.2776,-2754.151,0,0,-0.00144,1;
custom,sphere,empty,1.25187,1.25187,1.25187,1,1,0,0.5,0.13115,0.13115,-111.0656,198.8944,-2702.352,0,0,-0.00144,1;
custom,sphere,empty,1.25187,1.25187,1.25187,1,1,0,0.4,0.13115,0.13115,64.35878,110.0717,-2649.917,0,0,-0.00144,1;
custom,sphere,empty,1.25187,1.25187,1.25187,1,1,0,0.3,0.13115,0.13115,33.72036,303.7783,-2597.628,0,0,-0.00144,1;
custom,sphere,empty,1.25187,1.25187,1.25187,1,1,0,0.2,0.13115,0.13115,-104.9129,164.8527,-2545.863,0,0,-0.00144,1;
custom,sphere,empty,1.25187,1.25187,1.25187,1,1,0,0.1,0.13115,0.13115,88.57932,134.2136,-2493.777,0,0,-0.00144,1;
custom,sphere,empty,1.25187,1.25187,1.25187,1,1,0,0,0.13115,0.13115,0.15303,308.4536,-2441.262,0,0,-0.00144,1;
custom,cylinder,empty,1.30018,10.06167,1.30018,1,0,0,1,0.13002,2.01233,-46.25494,223.53634,-3662.94464,0,0,0.97237,0.23345;
custom,cylinder,empty,1.30018,10.06167,1.30018,1,0.1,0,1,0.13002,2.01233,8.17979,148.61346,-3662.94464,0,0,0.64945,-0.76041;
custom,cylinder,empty,1.30018,10.06167,1.30018,1,0.2,0,1,0.13002,2.01233,36.79775,236.69065,-3662.94464,0,0,0.38268,0.92388;
custom,cylinder,empty,1.30018,10.06167,1.30018,1,0.3,0,1,0.13002,2.01233,-51.27943,208.07257,-3662.94464,0,0,0.99692,0.07846;
custom,cylinder,empty,1.30018,10.06167,1.30018,1,0.4,0,1,0.13002,2.01233,23.64351,153.63796,-3662.94464,0,0,0.5225,-0.85264;
custom,cylinder,empty,1.30018,10.06167,1.30018,1,0.5,0,1,0.13002,2.01233,23.64344,246.24781,-3662.94464,0,0,0.5225,0.85264;
custom,cylinder,empty,1.30018,10.06167,1.30018,1,0.6,0,1,0.13002,2.01233,-51.27946,191.81305,-3662.94464,0,0,0.99692,-0.07846;
custom,cylinder,empty,1.30018,10.06167,1.30018,1,0.7,0,1,0.13002,2.01233,36.79772,163.19511,-3662.94464,0,0,0.38268,-0.92388;
custom,cylinder,empty,1.30018,10.06167,1.30018,1,0.8,0,1,0.13002,2.01233,8.17961,251.27232,-3662.94464,0,0,0.64945,0.76041;
custom,cylinder,empty,1.30018,10.06167,1.30018,1,0.9,0,1,0.13002,2.01233,-46.25503,176.34935,-3662.94464,0,0,0.97237,-0.23345;
custom,cylinder,empty,1.30018,10.06167,1.30018,1,1,0,1,0.13002,2.01233,46.35477,176.34943,-3662.94464,0,0,0.23345,-0.97237;
custom,cylinder,empty,1.30018,10.06167,1.30018,1,1,0,0.9,0.13002,2.01233,-8.08002,251.27235,-3662.94464,0,0,0.76041,0.64945;
custom,cylinder,empty,1.30018,10.06167,1.30018,1,1,0,0.8,0.13002,2.01233,-36.69797,163.19515,-3662.94464,0,0,0.92388,-0.38268;
custom,cylinder,empty,1.30018,10.06167,1.30018,1,1,0,0.7,0.13002,2.01233,51.37918,191.81324,-3662.94464,0,0,0.07846,-0.99692;
custom,cylinder,empty,1.30018,10.06167,1.30018,1,1,0,0.6,0.13002,2.01233,-23.5438,246.24792,-3662.94464,0,0,0.85264,0.5225;
custom,cylinder,empty,1.30018,10.06167,1.30018,1,1,0,0.5,0.13002,2.01233,-23.54376,153.63808,-3662.94464,0,0,0.85264,-0.5225;
custom,cylinder,empty,1.30018,10.06167,1.30018,1,1,0,0.4,0.13002,2.01233,51.37907,208.07281,-3662.94464,0,0,-0.07846,-0.99692;
custom,cylinder,empty,1.30018,10.06167,1.30018,1,1,0,0.3,0.13002,2.01233,-36.69823,236.69077,-3662.94464,0,0,0.92388,0.38268;
custom,cylinder,empty,1.30018,10.06167,1.30018,1,1,0,0.2,0.13002,2.01233,-8.08017,148.61366,-3662.94464,0,0,0.76041,-0.64945;
custom,cylinder,empty,1.30018,10.06167,1.30018,1,1,0,0.1,0.13002,2.01233,46.3544,223.53664,-3662.94464,0,0,-0.23345,-0.97237;
custom,sphere,ice1,1.31148,1.31148,1.31148,1,0,0,1,0.13115,0.13115,-0.19993,311.6585,-3662.2251,0,0,-0.0024,1;
custom,sphere,ice1,1.31148,1.31148,1.31148,1,0.1,0,1,0.13115,0.13115,-35.12171,306.29898,-3662.2251,0,0,-0.0024,1;
custom,sphere,ice1,1.31148,1.31148,1.31148,1,0.2,0,1,0.13115,0.13115,-66.67815,290.41036,-3662.2251,0,0,-0.0024,1;
custom,sphere,ice1,1.31148,1.31148,1.31148,1,0.3,0,1,0.13115,0.13115,-91.78029,265.54793,-3662.2251,0,0,-0.0024,1;
custom,sphere,ice1,1.31148,1.31148,1.31148,1,0.4,0,1,0.13115,0.13115,-107.97092,234.14541,-3662.2251,0,0,-0.0024,1;
custom,sphere,ice1,1.31148,1.31148,1.31148,1,0.5,0,1,0.13115,0.13115,-113.66514,199.27673,-3662.2251,0,0,-0.0024,1;
custom,sphere,ice1,1.31148,1.31148,1.31148,1,0.6,0,1,0.13115,0.13115,-108.30955,164.35497,-3662.2251,0,0,-0.0024,1;
custom,sphere,ice1,1.31148,1.31148,1.31148,1,0.7,0,1,0.13115,0.13115,-92.42049,132.79839,-3662.2251,0,0,-0.0024,1;
custom,sphere,ice1,1.31148,1.31148,1.31148,1,0.8,0,1,0.13115,0.13115,-67.55806,107.69634,-3662.2251,0,0,-0.0024,1;
custom,sphere,ice1,1.31148,1.31148,1.31148,1,0.9,0,1,0.13115,0.13115,-36.15552,91.50579,-3662.2251,0,0,-0.0024,1;
custom,sphere,ice1,1.31148,1.31148,1.31148,1,1,0,1,0.13115,0.13115,-1.28681,85.81166,-3662.2251,0,0,-0.0024,1;
custom,sphere,ice1,1.31148,1.31148,1.31148,1,1,0,0.9,0.13115,0.13115,33.63487,91.16751,-3662.2251,0,0,-0.0024,1;
custom,sphere,ice1,1.31148,1.31148,1.31148,1,1,0,0.8,0.13115,0.13115,65.19122,107.05617,-3662.2251,0,0,-0.0024,1;
custom,sphere,ice1,1.31148,1.31148,1.31148,1,1,0,0.7,0.13115,0.13115,90.2931,131.91875,-3662.2251,0,0,-0.0024,1;
custom,sphere,ice1,1.31148,1.31148,1.31148,1,1,0,0.6,0.13115,0.13115,106.48405,163.32105,-3662.2251,0,0,-0.0024,1;
custom,sphere,ice1,1.31148,1.31148,1.31148,1,1,0,0.5,0.13115,0.13115,112.17821,198.18983,-3662.2251,0,0,-0.0024,1;
custom,sphere,ice1,1.31148,1.31148,1.31148,1,1,0,0.4,0.13115,0.13115,106.82236,233.11162,-3662.2251,0,0,-0.0024,1;
custom,sphere,ice1,1.31148,1.31148,1.31148,1,1,0,0.3,0.13115,0.13115,90.93364,264.66808,-3662.2251,0,0,-0.0024,1;
custom,sphere,ice1,1.31148,1.31148,1.31148,1,1,0,0.2,0.13115,0.13115,66.07115,289.77017,-3662.2251,0,0,-0.0024,1;
custom,sphere,ice1,1.31148,1.31148,1.31148,1,1,0,0.1,0.13115,0.13115,34.66842,305.9607,-3662.2251,0,0,-0.0024,1;
racing,killcuboid,1.66666,1.66666,1,0,223.57027,-2958.75008,0,0,-0.38268,0.92388;
racing,killcuboid,1.66666,1.66666,1,-11.78507,211.7852,-2958.75008,0,0,-0.38268,0.92388;
racing,killcuboid,1.66666,1.66666,1,-23.57027,200,-2958.75008,0,0,-0.38268,0.92388;
racing,killcuboid,1.66666,1.66666,1,23.57027,200,-2958.75008,0,0,-0.38268,0.92388;
racing,killcuboid,1.66666,1.66666,1,11.78507,211.7852,-2958.75008,0,0,-0.38268,0.92388;
racing,killcuboid,1.66666,1.66666,1,0,176.42973,-2958.75008,0,0,-0.38268,0.92388;
racing,killcuboid,1.66666,1.66666,1,-11.78521,188.21493,-2958.75008,0,0,-0.38268,0.92388;
racing,killcuboid,1.66666,1.66666,1,11.78521,188.21493,-2958.75008,0,0,-0.38268,0.92388;
custom,killcuboid,empty,5.05,0.05,1.05,1,0,0,0,0.505,0.005,17.67767,217.67767,-2958.75008,0,0,-0.38268,0.92388;
custom,killcuboid,empty,5.05,0.05,1.05,1,0,0,0,0.505,0.005,-17.67767,182.32233,-2958.75008,0,0,-0.38268,0.92388;
custom,killcuboid,empty,5.05,0.05,1.05,1,0,0,0,0.505,0.005,17.67767,182.32233,-2958.74992,0,0,-0.92388,0.38268;
custom,killcuboid,empty,5.05,0.05,1.05,1,0,0,0,0.505,0.005,-17.67767,217.67767,-2958.74992,0,0,-0.92388,0.38268;
custom,killcuboid,cannonregionmat,1.76666,0.1,1.1,1,0.5,0.85,1,0.17667,0.01,5.89253,194.10761,-2958.75008,0,0,-0.92388,0.38268;
custom,killcuboid,cannonregionmat,1.76666,0.1,1.1,1,0.5,0.85,1,0.17667,0.01,-5.89253,205.89268,-2958.75008,0,0,-0.92388,0.38268;
custom,killcuboid,cannonregionmat,1.76666,0.1,1.1,1,0.5,0.85,1,0.17667,0.01,-5.89239,194.10748,-2958.74992,0,0,-0.92388,-0.38268;
custom,killcuboid,cannonregionmat,1.76666,0.1,1.1,1,0.5,0.85,1,0.17667,0.01,5.89267,205.89252,-2958.74992,0,0,-0.92388,-0.38268;
racing,killcuboid,1.66666,1.66666,1,23.57027,200,-2758.99979,0,0,-0.92388,0.38268;
racing,killcuboid,1.66666,1.66666,1,11.78521,211.78507,-2758.99979,0,0,-0.92388,0.38268;
racing,killcuboid,1.66666,1.66666,1,0,223.57027,-2758.99979,0,0,-0.92388,0.38268;
racing,killcuboid,1.66666,1.66666,1,0,176.42973,-2758.99979,0,0,-0.92388,0.38268;
racing,killcuboid,1.66666,1.66666,1,11.78521,188.21493,-2758.99979,0,0,-0.92388,0.38268;
racing,killcuboid,1.66666,1.66666,1,-23.57027,200,-2758.99979,0,0,-0.92388,0.38268;
racing,killcuboid,1.66666,1.66666,1,-11.78507,211.7852,-2758.99979,0,0,-0.92388,0.38268;
racing,killcuboid,1.66666,1.66666,1,0.00014,200,-2758.99979,0,0,-0.92388,0.38268;
custom,killcuboid,empty,5.05,0.05,1.05,1,0,0,0,0.505,0.005,17.67767,182.32233,-2758.99979,0,0,-0.92388,0.38268;
custom,killcuboid,empty,5.05,0.05,1.05,1,0,0,0,0.505,0.005,-17.67767,217.67767,-2758.99979,0,0,-0.92388,0.38268;
custom,killcuboid,empty,5.05,0.05,1.05,1,0,0,0,0.505,0.005,-17.67768,182.32233,-2758.99963,0,0,-0.92388,-0.38268;
custom,killcuboid,empty,5.05,0.05,1.05,1,0,0,0,0.505,0.005,17.67767,217.67767,-2758.99963,0,0,-0.92388,-0.38268;
custom,killcuboid,cannonregionmat,1.76666,0.1,1.1,1,0.5,0.85,1,0.17667,0.01,-5.89239,194.10748,-2758.99979,0,0,-0.92388,-0.38268;
custom,killcuboid,cannonregionmat,1.76666,0.1,1.1,1,0.5,0.85,1,0.17667,0.01,-17.6776,182.32225,-2758.99979,0,0,-0.92388,-0.38268;
custom,killcuboid,cannonregionmat,1.76666,0.1,1.1,1,0.5,0.85,1,0.17667,0.01,-5.89239,182.32225,-2758.99979,0,0,-0.38268,-0.92388;
custom,killcuboid,cannonregionmat,1.76666,0.1,1.1,1,0.5,0.85,1,0.17667,0.01,-17.6776,194.10748,-2758.99979,0,0,-0.38268,-0.92388;
racing,killcuboid,1.66666,1.66666,1,0,223.57027,-2858.75,0,0,-0.38268,0.92388;
racing,killcuboid,1.66666,1.66666,1,-11.78507,211.7852,-2858.75,0,0,-0.38268,0.92388;
racing,killcuboid,1.66666,1.66666,1,-23.57027,200,-2858.75,0,0,-0.38268,0.92388;
racing,killcuboid,1.66666,1.66666,1,23.57027,200,-2858.75,0,0,-0.38268,0.92388;
racing,killcuboid,1.66666,1.66666,1,11.78507,211.7852,-2858.75,0,0,-0.38268,0.92388;
racing,killcuboid,1.66666,1.66666,1,11.78521,188.21493,-2858.75,0,0,-0.38268,0.92388;
racing,killcuboid,1.66666,1.66666,1,-11.78521,188.21493,-2858.75,0,0,-0.38268,0.92388;
racing,killcuboid,1.66666,1.66666,1,0,200.00013,-2858.75,0,0,-0.38268,0.92388;
custom,killcuboid,empty,5.05,0.05,1.05,1,0,0,0,0.505,0.005,17.67767,217.67767,-2858.75,0,0,-0.38268,0.92388;
custom,killcuboid,empty,5.05,0.05,1.05,1,0,0,0,0.505,0.005,-17.67767,182.32233,-2858.75,0,0,-0.38268,0.92388;
custom,killcuboid,empty,5.05,0.05,1.05,1,0,0,0,0.505,0.005,17.67767,182.32233,-2858.74985,0,0,-0.92388,0.38268;
custom,killcuboid,empty,5.05,0.05,1.05,1,0,0,0,0.505,0.005,-17.67767,217.67767,-2858.74985,0,0,-0.92388,0.38268;
custom,killcuboid,cannonregionmat,1.76666,0.1,1.1,1,0.5,0.85,1,0.17667,0.01,5.89253,182.32241,-2858.75,0,0,-0.92388,-0.38268;
custom,killcuboid,cannonregionmat,1.76666,0.1,1.1,1,0.5,0.85,1,0.17667,0.01,-5.89254,170.53719,-2858.75,0,0,-0.92388,-0.38268;
custom,killcuboid,cannonregionmat,1.76666,0.1,1.1,1,0.5,0.85,1,0.17667,0.01,5.8926,170.53726,-2858.75,0,0,-0.38268,-0.92388;
custom,killcuboid,cannonregionmat,1.76666,0.1,1.1,1,0.5,0.85,1,0.17667,0.01,-5.8926,182.32233,-2858.75,0,0,-0.38268,-0.92388;
racing,killcuboid,1.66666,1.66666,1,0,223.57014,-3158.75,0,0,-0.38268,0.92388;
racing,killcuboid,1.66666,1.66666,1,-11.78506,211.78507,-3158.75,0,0,-0.38268,0.92388;
racing,killcuboid,1.66666,1.66666,1,-23.57027,199.99987,-3158.75,0,0,-0.38268,0.92388;
racing,killcuboid,1.66666,1.66666,1,23.57028,199.99987,-3158.75,0,0,-0.38268,0.92388;
racing,killcuboid,1.66666,1.66666,1,11.78507,211.78507,-3158.75,0,0,-0.38268,0.92388;
racing,killcuboid,1.66666,1.66666,1,0,176.4296,-3158.75,0,0,-0.38268,0.92388;
racing,killcuboid,1.66666,1.66666,1,-11.7852,188.2148,-3158.75,0,0,-0.38268,0.92388;
racing,killcuboid,1.66666,1.66666,1,0,200,-3158.74992,0,0,-0.38268,0.92388;
custom,killcuboid,empty,5.05,0.05,1.05,1,0,0,0,0.505,0.005,17.67768,217.67754,-3158.75,0,0,-0.38268,0.92388;
custom,killcuboid,empty,5.05,0.05,1.05,1,0,0,0,0.505,0.005,-17.67766,182.3222,-3158.75,0,0,-0.38268,0.92388;
custom,killcuboid,empty,5.05,0.05,1.05,1,0,0,0,0.505,0.005,17.67767,182.32218,-3158.74985,0,0,-0.92388,0.38268;
custom,killcuboid,empty,5.05,0.05,1.05,1,0,0,0,0.505,0.005,-17.67766,217.67754,-3158.74985,0,0,-0.92388,0.38268;
custom,killcuboid,cannonregionmat,1.76666,0.1,1.1,1,0.5,0.85,1,0.17667,0.01,5.89254,194.10748,-3158.75,0,0,-0.92388,0.38268;
custom,killcuboid,cannonregionmat,1.76666,0.1,1.1,1,0.5,0.85,1,0.17667,0.01,17.67774,182.32225,-3158.75,0,0,-0.92388,0.38268;
custom,killcuboid,cannonregionmat,1.76666,0.1,1.1,1,0.5,0.85,1,0.17667,0.01,17.67774,194.10748,-3158.75,0,0,-0.92388,-0.38268;
custom,killcuboid,cannonregionmat,1.76666,0.1,1.1,1,0.5,0.85,1,0.17667,0.01,5.89254,182.32225,-3158.75,0,0,-0.92388,-0.38268;
racing,killcuboid,1.66666,1.66666,1,-0.00001,176.42986,-3058.75,0,0,0.92388,0.38268;
racing,killcuboid,1.66666,1.66666,1,11.78506,188.21493,-3058.75,0,0,0.92388,0.38268;
racing,killcuboid,1.66666,1.66666,1,23.57027,200.00013,-3058.75,0,0,0.92388,0.38268;
racing,killcuboid,1.66666,1.66666,1,-23.57028,200.00015,-3058.75,0,0,0.92388,0.38268;
racing,killcuboid,1.66666,1.66666,1,-11.78507,188.21493,-3058.75,0,0,0.92388,0.38268;
racing,killcuboid,1.66666,1.66666,1,0,223.5704,-3058.75,0,0,0.92388,0.38268;
racing,killcuboid,1.66666,1.66666,1,11.7852,211.7852,-3058.75,0,0,0.92388,0.38268;
racing,killcuboid,1.66666,1.66666,1,0,200,-3058.75,0,0,0.92388,0.38268;
custom,killcuboid,empty,5.05,0.05,1.05,1,0,0,0,0.505,0.005,-17.67768,182.32246,-3058.75,0,0,0.92388,0.38268;
custom,killcuboid,empty,5.05,0.05,1.05,1,0,0,0,0.505,0.005,17.67766,217.6778,-3058.75,0,0,0.92388,0.38268;
custom,killcuboid,empty,5.05,0.05,1.05,1,0,0,0,0.505,0.005,-17.67767,217.67782,-3058.74985,0,0,0.38268,0.92388;
custom,killcuboid,empty,5.05,0.05,1.05,1,0,0,0,0.505,0.005,17.67766,182.32246,-3058.74985,0,0,0.38268,0.92388;
custom,killcuboid,cannonregionmat,1.76666,0.1,1.1,1,0.5,0.85,1,0.17667,0.01,-5.89254,205.89252,-3058.75,0,0,0.38268,0.92388;
custom,killcuboid,cannonregionmat,1.76666,0.1,1.1,1,0.5,0.85,1,0.17667,0.01,-17.67774,217.67775,-3058.75,0,0,0.38268,0.92388;
custom,killcuboid,cannonregionmat,1.76666,0.1,1.1,1,0.5,0.85,1,0.17667,0.01,-17.67774,205.89252,-3058.75,0,0,-0.38268,0.92388;
custom,killcuboid,cannonregionmat,1.76666,0.1,1.1,1,0.5,0.85,1,0.17667,0.01,-5.89254,217.67775,-3058.75,0,0,-0.38268,0.92388;
racing,killcuboid,1.66666,1.66666,1,0,176.42973,-2658.75,0,0,0.92388,0.38268;
racing,killcuboid,1.66666,1.66666,1,11.78507,188.2148,-2658.75,0,0,0.92388,0.38268;
racing,killcuboid,1.66666,1.66666,1,23.57027,200,-2658.75,0,0,0.92388,0.38268;
racing,killcuboid,1.66666,1.66666,1,-23.57027,200,-2658.75,0,0,0.92388,0.38268;
racing,killcuboid,1.66666,1.66666,1,-11.78507,188.2148,-2658.75,0,0,0.92388,0.38268;
racing,killcuboid,1.66666,1.66666,1,-11.78521,211.78507,-2658.75,0,0,0.92388,0.38268;
racing,killcuboid,1.66666,1.66666,1,11.78521,211.78507,-2658.75,0,0,0.92388,0.38268;
racing,killcuboid,1.66666,1.66666,1,0,199.99987,-2658.75,0,0,0.92388,0.38268;
custom,killcuboid,empty,5.05,0.05,1.05,1,0,0,0,0.505,0.005,-17.67767,182.32233,-2658.75,0,0,0.92388,0.38268;
custom,killcuboid,empty,5.05,0.05,1.05,1,0,0,0,0.505,0.005,17.67767,217.67767,-2658.75,0,0,0.92388,0.38268;
custom,killcuboid,empty,5.05,0.05,1.05,1,0,0,0,0.505,0.005,-17.67767,217.67767,-2658.74985,0,0,0.38268,0.92388;
custom,killcuboid,empty,5.05,0.05,1.05,1,0,0,0,0.505,0.005,17.67767,182.32233,-2658.74985,0,0,0.38268,0.92388;
custom,killcuboid,cannonregionmat,1.76666,0.1,1.1,1,0.5,0.85,1,0.17667,0.01,-5.89253,217.67759,-2658.75,0,0,-0.38268,0.92388;
custom,killcuboid,cannonregionmat,1.76666,0.1,1.1,1,0.5,0.85,1,0.17667,0.01,5.89254,229.46281,-2658.75,0,0,-0.38268,0.92388;
custom,killcuboid,cannonregionmat,1.76666,0.1,1.1,1,0.5,0.85,1,0.17667,0.01,-5.8926,229.46274,-2658.75,0,0,-0.92388,0.38268;
custom,killcuboid,cannonregionmat,1.76666,0.1,1.1,1,0.5,0.85,1,0.17667,0.01,5.89261,217.67767,-2658.75,0,0,-0.92388,0.38268;
racing,killcuboid,1.66666,1.66666,1,0,223.57014,-2558.50021,0,0,-0.38268,0.92388;
racing,killcuboid,1.66666,1.66666,1,-11.78506,211.78507,-2558.50021,0,0,-0.38268,0.92388;
racing,killcuboid,1.66666,1.66666,1,-23.57027,199.99987,-2558.50021,0,0,-0.38268,0.92388;
racing,killcuboid,1.66666,1.66666,1,23.57028,199.99987,-2558.50021,0,0,-0.38268,0.92388;
racing,killcuboid,1.66666,1.66666,1,11.78507,211.78507,-2558.50021,0,0,-0.38268,0.92388;
racing,killcuboid,1.66666,1.66666,1,0,176.4296,-2558.50021,0,0,-0.38268,0.92388;
racing,killcuboid,1.66666,1.66666,1,-11.7852,188.2148,-2558.50021,0,0,-0.38268,0.92388;
racing,killcuboid,1.66666,1.66666,1,0,200,-2558.50021,0,0,-0.38268,0.92388;
custom,killcuboid,empty,5.05,0.05,1.05,1,0,0,0,0.505,0.005,17.67768,217.67754,-2558.50021,0,0,-0.38268,0.92388;
custom,killcuboid,empty,5.05,0.05,1.05,1,0,0,0,0.505,0.005,-17.67766,182.3222,-2558.50021,0,0,-0.38268,0.92388;
custom,killcuboid,empty,5.05,0.05,1.05,1,0,0,0,0.505,0.005,17.67767,182.32218,-2558.50006,0,0,-0.92388,0.38268;
custom,killcuboid,empty,5.05,0.05,1.05,1,0,0,0,0.505,0.005,-17.67766,217.67754,-2558.50006,0,0,-0.92388,0.38268;
custom,killcuboid,cannonregionmat,1.76666,0.1,1.1,1,0.5,0.85,1,0.17667,0.01,5.89254,194.10748,-2558.50021,0,0,-0.92388,0.38268;
custom,killcuboid,cannonregionmat,1.76666,0.1,1.1,1,0.5,0.85,1,0.17667,0.01,17.67774,182.32225,-2558.50021,0,0,-0.92388,0.38268;
custom,killcuboid,cannonregionmat,1.76666,0.1,1.1,1,0.5,0.85,1,0.17667,0.01,17.67774,194.10748,-2558.50021,0,0,-0.92388,-0.38268;
custom,killcuboid,cannonregionmat,1.76666,0.1,1.1,1,0.5,0.85,1,0.17667,0.01,5.89254,182.32225,-2558.50021,0,0,-0.92388,-0.38268;
racing,killcuboid,1.6,1.6,14,0,200,-3308.75,0,0,-0.38268,0.92388;
racing,killcuboid,1.6,1.6,14,0,200,-3308.75,0,0,0,1;
custom,killcuboid,empty,0.57,0.1,0.1,1,0,0,0,0.057,0.01,5.65,207.99999,-3378.75,0,0,0,1;
custom,killcuboid,empty,0.57,0.1,0.1,1,0,0,0,0.057,0.01,1.66171,209.652,-3378.75,0,0,-0.38268,0.92388;
custom,killcuboid,empty,0.57,0.1,0.1,1,0,0,0,0.057,0.01,-5.64999,207.99999,-3378.75,0,1,0,0;
custom,killcuboid,empty,0.57,0.1,0.1,1,0,0,0,0.057,0.01,-1.66169,209.652,-3378.75,-0.38268,0.92388,0,0;
custom,killcuboid,empty,0.57,0.1,0.1,1,0,0,0,0.057,0.01,8.00001,194.35001,-3378.75,0,0,-0.70711,0.70711;
custom,killcuboid,empty,0.57,0.1,0.1,1,0,0,0,0.057,0.01,9.65202,198.3383,-3378.75,0,0,-0.92388,0.38268;
custom,killcuboid,empty,0.57,0.1,0.1,1,0,0,0,0.057,0.01,8.00001,205.65001,-3378.75,0.70711,0.70711,0,0;
custom,killcuboid,empty,0.57,0.1,0.1,1,0,0,0,0.057,0.01,9.65202,201.6617,-3378.75,0.38268,0.92388,0,0;
custom,killcuboid,empty,0.57,0.1,0.1,1,0,0,0,0.057,0.01,-5.64999,192.00001,-3378.75,0,0,1,0;
custom,killcuboid,empty,0.57,0.1,0.1,1,0,0,0,0.057,0.01,-1.66169,190.348,-3378.75,0,0,0.92388,0.38268;
custom,killcuboid,empty,0.57,0.1,0.1,1,0,0,0,0.057,0.01,5.65,192.00001,-3378.75,-1,0,0,0;
custom,killcuboid,empty,0.57,0.1,0.1,1,0,0,0,0.057,0.01,1.66171,190.348,-3378.75,0.92388,0.38268,0,0;
custom,killcuboid,empty,0.57,0.1,0.1,1,0,0,0,0.057,0.01,-7.99999,205.65001,-3378.75,0,0,0.70711,0.70711;
custom,killcuboid,empty,0.57,0.1,0.1,1,0,0,0,0.057,0.01,-9.652,201.6617,-3378.75,0,0,0.38268,0.92388;
custom,killcuboid,empty,0.57,0.1,0.1,1,0,0,0,0.057,0.01,-7.99999,194.35001,-3378.75,0.70711,-0.70711,0,0;
custom,killcuboid,empty,0.57,0.1,0.1,1,0,0,0,0.057,0.01,-9.652,198.3383,-3378.75,-0.92388,0.38268,0,0;
custom,killcuboid,empty,0.57,0.1,0.1,1,0,0,0,0.057,0.01,5.65,207.99999,-3238.75,0,0,0,1;
custom,killcuboid,empty,0.57,0.1,0.1,1,0,0,0,0.057,0.01,1.66171,209.652,-3238.75,0,0,-0.38268,0.92388;
custom,killcuboid,empty,0.57,0.1,0.1,1,0,0,0,0.057,0.01,-5.64999,207.99999,-3238.75,0,1,0,0;
custom,killcuboid,empty,0.57,0.1,0.1,1,0,0,0,0.057,0.01,-1.66169,209.652,-3238.75,-0.38268,0.92388,0,0;
custom,killcuboid,empty,0.57,0.1,0.1,1,0,0,0,0.057,0.01,8.00001,194.35001,-3238.75,0,0,-0.70711,0.70711;
custom,killcuboid,empty,0.57,0.1,0.1,1,0,0,0,0.057,0.01,9.65202,198.3383,-3238.75,0,0,-0.92388,0.38268;
custom,killcuboid,empty,0.57,0.1,0.1,1,0,0,0,0.057,0.01,8.00001,205.65001,-3238.75,0.70711,0.70711,0,0;
custom,killcuboid,empty,0.57,0.1,0.1,1,0,0,0,0.057,0.01,9.65202,201.6617,-3238.75,0.38268,0.92388,0,0;
custom,killcuboid,empty,0.57,0.1,0.1,1,0,0,0,0.057,0.01,-5.64999,192.00001,-3238.75,0,0,1,0;
custom,killcuboid,empty,0.57,0.1,0.1,1,0,0,0,0.057,0.01,-1.66169,190.348,-3238.75,0,0,0.92388,0.38268;
custom,killcuboid,empty,0.57,0.1,0.1,1,0,0,0,0.057,0.01,5.65,192.00001,-3238.75,-1,0,0,0;
custom,killcuboid,empty,0.57,0.1,0.1,1,0,0,0,0.057,0.01,1.66171,190.348,-3238.75,0.92388,0.38268,0,0;
custom,killcuboid,empty,0.57,0.1,0.1,1,0,0,0,0.057,0.01,-7.99999,205.65001,-3238.75,0,0,0.70711,0.70711;
custom,killcuboid,empty,0.57,0.1,0.1,1,0,0,0,0.057,0.01,-9.652,201.6617,-3238.75,0,0,0.38268,0.92388;
custom,killcuboid,empty,0.57,0.1,0.1,1,0,0,0,0.057,0.01,-7.99999,194.35001,-3238.75,0.70711,-0.70711,0,0;
custom,killcuboid,empty,0.57,0.1,0.1,1,0,0,0,0.057,0.01,-9.652,198.3383,-3238.75,-0.92388,0.38268,0,0;
custom,killcuboid,empty,0.1,0.1,14.1,1,0,0,0,0.01,0.01,-7.99999,207.99999,-3308.75,0,0,0.70711,0.70711;
custom,killcuboid,empty,0.1,0.1,14.1,1,0,0,0,0.01,0.01,0.00001,211.31371,-3308.75,0,0,-0.38268,0.92388;
custom,killcuboid,empty,0.1,0.1,14.1,1,0,0,0,0.01,0.01,8.00001,207.99999,-3308.75,0,0,0.70711,0.70711;
custom,killcuboid,empty,0.1,0.1,14.1,1,0,0,0,0.01,0.01,8,192.00001,-3308.75,0,0,0.70711,0.70711;
custom,killcuboid,empty,0.1,0.1,14.1,1,0,0,0,0.01,0.01,-7.99999,192.00001,-3308.75,0,0,0.70711,0.70711;
custom,killcuboid,empty,0.1,0.1,14.1,1,0,0,0,0.01,0.01,11.31372,200,-3308.75,0,0,-0.38268,0.92388;
custom,killcuboid,empty,0.1,0.1,14.1,1,0,0,0,0.01,0.01,0.00001,188.68629,-3308.75,0,0,-0.38268,0.92388;
custom,killcuboid,empty,0.1,0.1,14.1,1,0,0,0,0.01,0.01,-11.3137,200,-3308.75,0,0,-0.38268,0.92388;
custom,killcuboid,empty,0.1,0.1,14.1,1,0,0,0,0.01,0.01,-7.9903,203.3234,-3308.75,0,0,-0.19509,0.98079;
custom,killcuboid,empty,0.1,0.1,14.1,1,0,0,0,0.01,0.01,-3.32339,207.9903,-3308.75,0,0,0.19509,0.98079;
custom,killcuboid,empty,0.1,0.1,14.1,1,0,0,0,0.01,0.01,3.32341,207.9903,-3308.75,0,0,-0.19509,0.98079;
custom,killcuboid,empty,0.1,0.1,14.1,1,0,0,0,0.01,0.01,7.99032,203.3234,-3308.75,0,0,0.19509,0.98079;
custom,killcuboid,empty,0.1,0.1,14.1,1,0,0,0,0.01,0.01,7.99032,196.6766,-3308.75,0,0,-0.19509,0.98079;
custom,killcuboid,empty,0.1,0.1,14.1,1,0,0,0,0.01,0.01,3.32341,192.0097,-3308.75,0,0,0.19509,0.98079;
custom,killcuboid,empty,0.1,0.1,14.1,1,0,0,0,0.01,0.01,-3.3234,192.0097,-3308.75,0,0,-0.19509,0.98079;
custom,killcuboid,empty,0.1,0.1,14.1,1,0,0,0,0.01,0.01,-7.9903,196.6766,-3308.75,0,0,0.19509,0.98079;









racing,checkpointcuboid,2,2,2,0,200,-0.715637207,-0.3535534143,-0.1464465857,-0.3535533547,0.8535534143;
custom,cuboid,metal4,7,1,7,1,1,1,1,0.2,0.2,-0.00003576278687,170,-0.2157592773,0,0,0,1;
custom,cuboid,metal4,7,1,7,1,1,1,1,0.2,0.2,-0.000009536743164,230,-0.2157592773,0,0,0,1;
custom,cuboid,medievalartilleryassets_texture-psd,1,7,7,1,1,1,1,1,1,-29.99999762,200.0000381,-0.2157592773,0,1,0,0;
custom,cuboid,medievalartilleryassets_texture-psd,1,7,7,1,1,1,1,1,1,30,200,-0.2157592773,0,1,0,0;
custom,killcuboid,ice1,2.099999905,0.1000000015,0.1000000015,1,0.5,0.85,1,0.2099999905,0.01000000015,7.071067691,197.9289436,-12.78686523,-0.3535534143,-0.1464465857,-0.3535533547,0.8535534143;
custom,killcuboid,ice1,2.099999905,0.1000000015,0.1000000015,1,0.5,0.85,1,0.2099999905,0.01000000015,-7.071067691,187.9289436,-2.786865234,-0.3535534143,-0.1464465857,-0.3535533547,0.8535534143;
custom,killcuboid,ice1,2.099999905,0.1000000015,0.1000000015,1,0.5,0.85,1,0.2099999905,0.01000000015,-7.071067691,202.0710754,11.35528564,-0.3535534143,-0.1464465857,-0.3535533547,0.8535534143;
custom,killcuboid,ice1,2.099999905,0.1000000015,0.1000000015,1,0.5,0.85,1,0.2099999905,0.01000000015,7.071067691,212.0710754,1.355285645,-0.3535534143,-0.1464465857,-0.3535533547,0.8535534143;
custom,killcuboid,ice1,2.100000381,0.1000000164,0.1000000164,1,0.5,0.85,1,0.2100000381,0.01000000164,14.14213419,200,-0.715637207,-0.5,-0.7071067691,-0.00000001092784796,0.4999999702;
custom,killcuboid,ice1,2.100000381,0.1000000164,0.1000000164,1,0.5,0.85,1,0.2100000381,0.01000000164,0.0000005960464478,190,9.284362793,-0.5,-0.7071067691,-0.00000001092784796,0.4999999702;
custom,killcuboid,ice1,2.100000381,0.1000000164,0.1000000164,1,0.5,0.85,1,0.2100000381,0.01000000164,-14.14213419,200,-0.715637207,-0.5,-0.7071067691,-0.00000001092784796,0.4999999702;
custom,killcuboid,ice1,2.100000381,0.1000000164,0.1000000164,1,0.5,0.85,1,0.2100000381,0.01000000164,-0.0000005960464478,210,-10.71563721,-0.5,-0.7071067691,-0.00000001092784796,0.4999999702;
custom,killcuboid,ice1,2.099999905,0.1000000015,0.1000000015,1,0.5,0.85,1,0.2099999905,0.01000000015,7.071066499,187.9289436,-2.786865234,-0.8535534143,-0.1464466155,0.3535533547,0.3535533547;
custom,killcuboid,ice1,2.099999905,0.1000000015,0.1000000015,1,0.5,0.85,1,0.2099999905,0.01000000015,7.071067691,202.0710754,11.35528564,-0.8535534143,-0.1464466155,0.3535533547,0.3535533547;
custom,killcuboid,ice1,2.099999905,0.1000000015,0.1000000015,1,0.5,0.85,1,0.2099999905,0.01000000015,-7.071066499,212.0710754,1.355285645,-0.8535534143,-0.1464466155,0.3535533547,0.3535533547;
custom,killcuboid,ice1,2.099999905,0.1000000015,0.1000000015,1,0.5,0.85,1,0.2099999905,0.01000000015,-7.071067691,197.9289436,-12.78686523,-0.8535534143,-0.1464466155,0.3535533547,0.3535533547;

custom,cuboid,metal4,7,3,1,1,1,1,1,0.35,0.15,19.99999285,200,-40.21575928,0,0,-0.7071067691,0.7071068287;
custom,cuboid,metal4,7,3,1,1,1,1,1,0.35,0.15,-20.00000715,200,-40.21575928,0,0,-0.7071067691,0.7071068287;
custom,cuboid,metal4,3,1,1,1,1,1,1,0.15,0.05,-0.000008344650269,220,-40.21575928,0,0,-0.7071067691,0.7071068287;
custom,cuboid,metal4,3,1,1,1,1,1,1,0.15,0.05,-0.000005960464478,180,-40.21575928,0,0,-0.7071067691,0.7071068287;

custom,cuboid,ice1,7.1,3.1,0.9,1,1,1,1,0.35,0.15,19.99999285,200,-40.21575928,0,0,-0.7071067691,0.7071068287;
custom,cuboid,ice1,7.1,3.1,0.9,1,1,1,1,0.35,0.15,-20.00000715,200,-40.21575928,0,0,-0.7071067691,0.7071068287;
custom,cuboid,ice1,3.1,1.1,0.9,1,1,1,1,0.15,0.05,-0.000008344650269,220,-40.21575928,0,0,-0.7071067691,0.7071068287;
custom,cuboid,ice1,3.1,1.1,0.9,1,1,1,1,0.15,0.05,-0.000005960464478,180,-40.21575928,0,0,-0.7071067691,0.7071068287;







racing,checkpointcuboid,2,2,2,0,200,1169.284363,-0.3535534143,-0.1464465857,-0.3535533547,0.8535534143,,,,,,,;
custom,cuboid,metal4,7,1,7,1,1,1,1,0.2,0.2,-0.00003576278687,170,1169.784241,0,0,0,1;
custom,cuboid,metal4,7,1,7,1,1,1,1,0.2,0.2,-0.000009536743164,230,1169.784241,0,0,0,1;
custom,cuboid,medievalartilleryassets_texture-psd,1,7,7,1,1,1,1,1,1,-29.99999762,200.0000381,1169.784241,0,1,0,0;
custom,cuboid,medievalartilleryassets_texture-psd,1,7,7,1,1,1,1,1,1,30,200,1169.784241,0,1,0,0;
custom,killcuboid,ice1,2.099999905,0.1000000015,0.1000000015,1,0.5,0.85,1,0.2099999905,0.01000000015,7.071067691,197.9289436,1157.213135,-0.3535534143,-0.1464465857,-0.3535533547,0.8535534143;
custom,killcuboid,ice1,2.099999905,0.1000000015,0.1000000015,1,0.5,0.85,1,0.2099999905,0.01000000015,-7.071067691,187.9289436,1167.213135,-0.3535534143,-0.1464465857,-0.3535533547,0.8535534143;
custom,killcuboid,ice1,2.099999905,0.1000000015,0.1000000015,1,0.5,0.85,1,0.2099999905,0.01000000015,-7.071067691,202.0710754,1181.355362,-0.3535534143,-0.1464465857,-0.3535533547,0.8535534143;
custom,killcuboid,ice1,2.099999905,0.1000000015,0.1000000015,1,0.5,0.85,1,0.2099999905,0.01000000015,7.071067691,212.0710754,1171.355286,-0.3535534143,-0.1464465857,-0.3535533547,0.8535534143;
custom,killcuboid,ice1,2.100000381,0.1000000164,0.1000000164,1,0.5,0.85,1,0.2100000381,0.01000000164,14.14213419,200,1169.284363,-0.5,-0.7071067691,-0.00000001092784796,0.4999999702;
custom,killcuboid,ice1,2.100000381,0.1000000164,0.1000000164,1,0.5,0.85,1,0.2100000381,0.01000000164,0.0000005960464478,190,1179.284439,-0.5,-0.7071067691,-0.00000001092784796,0.4999999702;
custom,killcuboid,ice1,2.100000381,0.1000000164,0.1000000164,1,0.5,0.85,1,0.2100000381,0.01000000164,-14.14213419,200,1169.284363,-0.5,-0.7071067691,-0.00000001092784796,0.4999999702;
custom,killcuboid,ice1,2.100000381,0.1000000164,0.1000000164,1,0.5,0.85,1,0.2100000381,0.01000000164,-0.0000005960464478,210,1159.284363,-0.5,-0.7071067691,-0.00000001092784796,0.4999999702;
custom,killcuboid,ice1,2.099999905,0.1000000015,0.1000000015,1,0.5,0.85,1,0.2099999905,0.01000000015,7.071066499,187.9289436,1167.213135,-0.8535534143,-0.1464466155,0.3535533547,0.3535533547;
custom,killcuboid,ice1,2.099999905,0.1000000015,0.1000000015,1,0.5,0.85,1,0.2099999905,0.01000000015,7.071067691,202.0710754,1181.355362,-0.8535534143,-0.1464466155,0.3535533547,0.3535533547;
custom,killcuboid,ice1,2.099999905,0.1000000015,0.1000000015,1,0.5,0.85,1,0.2099999905,0.01000000015,-7.071066499,212.0710754,1171.355286,-0.8535534143,-0.1464466155,0.3535533547,0.3535533547;
custom,killcuboid,ice1,2.099999905,0.1000000015,0.1000000015,1,0.5,0.85,1,0.2099999905,0.01000000015,-7.071067691,197.9289436,1157.213135,-0.8535534143,-0.1464466155,0.3535533547,0.3535533547;

racing,checkpointcuboid,2,2,2,0,200,2572.284851,-0.3535534143,-0.1464465857,-0.3535533547,0.8535534143;
custom,cuboid,metal4,7,1,7,1,1,1,1,0.2,0.2,-0.00003576278687,170,2572.784729,0,0,0,1;
custom,cuboid,metal4,7,1,7,1,1,1,1,0.2,0.2,-0.000009536743164,230,2572.784729,0,0,0,1;
custom,cuboid,medievalartilleryassets_texture-psd,1,7,7,1,1,1,1,1,1,-29.99999762,200.0000381,2572.784729,0,1,0,0;
custom,cuboid,medievalartilleryassets_texture-psd,1,7,7,1,1,1,1,1,1,30,200,2572.784729,0,1,0,0;
custom,killcuboid,ice1,2.099999905,0.1000000015,0.1000000015,1,0.5,0.85,1,0.2099999905,0.01000000015,7.071067691,197.9289436,2560.213318,-0.3535534143,-0.1464465857,-0.3535533547,0.8535534143;
custom,killcuboid,ice1,2.099999905,0.1000000015,0.1000000015,1,0.5,0.85,1,0.2099999905,0.01000000015,-7.071067691,187.9289436,2570.213318,-0.3535534143,-0.1464465857,-0.3535533547,0.8535534143;
custom,killcuboid,ice1,2.099999905,0.1000000015,0.1000000015,1,0.5,0.85,1,0.2099999905,0.01000000015,-7.071067691,202.0710754,2584.355774,-0.3535534143,-0.1464465857,-0.3535533547,0.8535534143;
custom,killcuboid,ice1,2.099999905,0.1000000015,0.1000000015,1,0.5,0.85,1,0.2099999905,0.01000000015,7.071067691,212.0710754,2574.355774,-0.3535534143,-0.1464465857,-0.3535533547,0.8535534143;
custom,killcuboid,ice1,2.100000381,0.1000000164,0.1000000164,1,0.5,0.85,1,0.2100000381,0.01000000164,14.14213419,200,2572.284851,-0.5,-0.7071067691,-0.00000001092784796,0.4999999702;
custom,killcuboid,ice1,2.100000381,0.1000000164,0.1000000164,1,0.5,0.85,1,0.2100000381,0.01000000164,0.0000005960464478,190,2582.284851,-0.5,-0.7071067691,-0.00000001092784796,0.4999999702;
custom,killcuboid,ice1,2.100000381,0.1000000164,0.1000000164,1,0.5,0.85,1,0.2100000381,0.01000000164,-14.14213419,200,2572.284851,-0.5,-0.7071067691,-0.00000001092784796,0.4999999702;
custom,killcuboid,ice1,2.100000381,0.1000000164,0.1000000164,1,0.5,0.85,1,0.2100000381,0.01000000164,-0.0000005960464478,210,2562.284851,-0.5,-0.7071067691,-0.00000001092784796,0.4999999702;
custom,killcuboid,ice1,2.099999905,0.1000000015,0.1000000015,1,0.5,0.85,1,0.2099999905,0.01000000015,7.071066499,187.9289436,2570.213318,-0.8535534143,-0.1464466155,0.3535533547,0.3535533547;
custom,killcuboid,ice1,2.099999905,0.1000000015,0.1000000015,1,0.5,0.85,1,0.2099999905,0.01000000015,7.071067691,202.0710754,2584.355774,-0.8535534143,-0.1464466155,0.3535533547,0.3535533547;
custom,killcuboid,ice1,2.099999905,0.1000000015,0.1000000015,1,0.5,0.85,1,0.2099999905,0.01000000015,-7.071066499,212.0710754,2574.355774,-0.8535534143,-0.1464466155,0.3535533547,0.3535533547;
custom,killcuboid,ice1,2.099999905,0.1000000015,0.1000000015,1,0.5,0.85,1,0.2099999905,0.01000000015,-7.071067691,197.9289436,2560.213318,-0.8535534143,-0.1464466155,0.3535533547,0.3535533547;



racing,checkpointcuboid,2,2,2,0,349.9998474,2862.284546,-0.3535534143,-0.1464465857,-0.3535533547,0.8535534143;
custom,cuboid,metal4,7,1,7,1,1,1,1,0.2,0.2,-0.00003576278687,319.9998474,2862.784424,0,0,0,1;
custom,cuboid,metal4,7,1,7,1,1,1,1,0.2,0.2,-0.000009536743164,379.9998474,2862.784424,0,0,0,1;
custom,cuboid,medievalartilleryassets_texture-psd,1,7,7,1,1,1,1,1,1,-29.99999762,349.9998856,2862.784424,0,1,0,0;
custom,cuboid,medievalartilleryassets_texture-psd,1,7,7,1,1,1,1,1,1,30,349.9998474,2862.784424,0,1,0,0;
custom,killcuboid,ice1,2.099999905,0.1000000015,0.1000000015,1,0.5,0.85,1,0.2099999905,0.01000000015,7.071067691,347.928772,2850.213013,-0.3535534143,-0.1464465857,-0.3535533547,0.8535534143;
custom,killcuboid,ice1,2.099999905,0.1000000015,0.1000000015,1,0.5,0.85,1,0.2099999905,0.01000000015,-7.071067691,337.928772,2860.213013,-0.3535534143,-0.1464465857,-0.3535533547,0.8535534143;
custom,killcuboid,ice1,2.099999905,0.1000000015,0.1000000015,1,0.5,0.85,1,0.2099999905,0.01000000015,-7.071067691,352.0709229,2874.355469,-0.3535534143,-0.1464465857,-0.3535533547,0.8535534143;
custom,killcuboid,ice1,2.099999905,0.1000000015,0.1000000015,1,0.5,0.85,1,0.2099999905,0.01000000015,7.071067691,362.0709229,2864.355469,-0.3535534143,-0.1464465857,-0.3535533547,0.8535534143;
custom,killcuboid,ice1,2.100000381,0.1000000164,0.1000000164,1,0.5,0.85,1,0.2100000381,0.01000000164,14.14213419,349.9998474,2862.284546,-0.5,-0.7071067691,-0.00000001092784796,0.4999999702;
custom,killcuboid,ice1,2.100000381,0.1000000164,0.1000000164,1,0.5,0.85,1,0.2100000381,0.01000000164,0.0000005960464478,339.9998474,2872.284546,-0.5,-0.7071067691,-0.00000001092784796,0.4999999702;
custom,killcuboid,ice1,2.100000381,0.1000000164,0.1000000164,1,0.5,0.85,1,0.2100000381,0.01000000164,-14.14213419,349.9998474,2862.284546,-0.5,-0.7071067691,-0.00000001092784796,0.4999999702;
custom,killcuboid,ice1,2.100000381,0.1000000164,0.1000000164,1,0.5,0.85,1,0.2100000381,0.01000000164,-0.0000005960464478,359.9998474,2852.284546,-0.5,-0.7071067691,-0.00000001092784796,0.4999999702;
custom,killcuboid,ice1,2.099999905,0.1000000015,0.1000000015,1,0.5,0.85,1,0.2099999905,0.01000000015,7.071066499,337.928772,2860.213013,-0.8535534143,-0.1464466155,0.3535533547,0.3535533547;
custom,killcuboid,ice1,2.099999905,0.1000000015,0.1000000015,1,0.5,0.85,1,0.2099999905,0.01000000015,7.071067691,352.0709229,2874.355469,-0.8535534143,-0.1464466155,0.3535533547,0.3535533547;
custom,killcuboid,ice1,2.099999905,0.1000000015,0.1000000015,1,0.5,0.85,1,0.2099999905,0.01000000015,-7.071066499,362.0709229,2864.355469,-0.8535534143,-0.1464466155,0.3535533547,0.3535533547;
custom,killcuboid,ice1,2.099999905,0.1000000015,0.1000000015,1,0.5,0.85,1,0.2099999905,0.01000000015,-7.071067691,347.928772,2850.213013,-0.8535534143,-0.1464466155,0.3535533547,0.3535533547;

custom,cuboid,ice1,5,1,2,1,1,1,1,0.2,0.2,0,325,2902.784424,0,0,0,1;
custom,cuboid,ice1,5,1,2,1,1,1,1,0.2,0.2,0,375,2902.784424,0,0,0,1;
custom,cuboid,ice1,1,5,2,1,1,1,1,1,1,-25,350,2902.784424,0,1,0,0;
custom,cuboid,ice1,1,5,2,1,1,1,1,1,1,25,350,2902.784424,0,1,0,0;
custom,cuboid,metal4,4.9,0.9,2.1,1,1,1,1,0.25,0.05,0,325,2902.784424,0,0,0,1;
custom,cuboid,metal4,4.9,0.9,2.1,1,1,1,1,0.25,0.05,0,375,2902.784424,0,0,0,1;
custom,cuboid,metal4,0.9,4.9,2.1,1,1,1,1,0.05,0.25,-25,350,2902.784424,0,1,0,0;
custom,cuboid,metal4,0.9,4.9,2.1,1,1,1,1,0.05,0.25,25,350,2902.784424,0,1,0,0;




















custom,cuboid,metal2,26.00000381,2,20.00000191,1,0,1,1,2.6,2,0.00001430511475,250.0000381,584.7842407,0,0.7071067691,0,0.7071067691;
custom,cuboid,metal2,26.00000381,2,20.00000191,1,0,1,1,2.6,2,0.00001430511475,150.0000381,584.7842407,0,0.7071067691,0,0.7071067691;
custom,cuboid,metal2,26.00000381,8,4.000000477,1,0,1,1,2.600000381,0.8,-79.99999046,200.0000381,584.7842407,0,0.7071067691,0,0.7071067691;
custom,cuboid,metal2,26.00000381,8,4.000000477,1,0,1,1,2.600000381,0.8,80.00000954,200.0000381,584.7842407,0,0.7071067691,0,0.7071067691;

racing,killcuboid,25.90000381,1.9,19.90000191,0.00001430511475,250.0000381,584.7842407,0,0.7071067691,0,0.7071067691;
racing,killcuboid,25.90000381,1.9,19.90000191,0.00001430511475,150.0000381,584.7842407,0,0.7071067691,0,0.7071067691;
racing,killcuboid,25.90000381,7.9,3.900000477,-79.99999046,200.0000381,584.7842407,0,0.7071067691,0,0.7071067691;
racing,killcuboid,25.90000381,7.9,3.900000477,80.00000954,200.0000381,584.7842407,0,0.7071067691,0,0.7071067691;


custom,cuboid,metal2,2.000000238,12,8.000000954,1,0,1,1,0.8,1.2,60.00000477,200.0000381,444.7842407,0,0.7071067691,0,0.7071067691;
custom,cuboid,metal2,2.000000238,12,8.000000954,1,0,1,1,0.8,1.2,-59.99999046,200.0000381,444.7842407,0,0.7071067691,0,0.7071067691;
custom,cuboid,metal2,2.000000238,4,4.000000477,1,0,1,1,0.4,0.4,0,240.0000381,444.7842407,0,0.7071067691,0,0.7071067691;
custom,cuboid,metal2,2.000000238,4,4.000000477,1,0,1,1,0.4,0.4,0,160.0000381,444.7842407,0,0.7071067691,0,0.7071067691;
custom,cuboid,metal2,2.000000238,12,8.000000954,1,0,1,1,0.8,1.2,60.00000954,200.0000381,724.7842407,0,0.7071067691,0,0.7071067691;
custom,cuboid,metal2,2.000000238,12,8.000000954,1,0,1,1,0.8,1.2,-59.99998093,200.0000191,724.7842407,0,0.7071067691,0,0.7071067691;
custom,cuboid,metal2,2.000000238,4,4.000000477,1,0,1,1,0.4,0.4,0.000009536743164,240.0000381,724.7842407,0,0.7071067691,0,0.7071067691;
custom,cuboid,metal2,2.000000238,4,4.000000477,1,0,1,1,0.4,0.4,0.000009536743164,160.0000381,724.7842407,0,0.7071067691,0,0.7071067691;

custom,cuboid,ice1,1.900000238,12.1,8.100000954,1,0,0.6,1,0.8,1.2,60.00000477,200.0000381,444.7842407,0,0.7071067691,0,0.7071067691;
custom,cuboid,ice1,1.900000238,12.1,8.100000954,1,0,0.6,1,0.8,1.2,-59.99999046,200.0000381,444.7842407,0,0.7071067691,0,0.7071067691;
custom,cuboid,ice1,1.900000238,4.1,4.100000477,1,0,0.6,1,0.4,0.4,0,240.0000381,444.7842407,0,0.7071067691,0,0.7071067691;
custom,cuboid,ice1,1.900000238,4.1,4.100000477,1,0,0.6,1,0.4,0.4,0,160.0000381,444.7842407,0,0.7071067691,0,0.7071067691;
custom,cuboid,ice1,1.900000238,12.1,8.100000954,1,0,0.6,1,0.8,1.2,60.00000954,200.0000381,724.7842407,0,0.7071067691,0,0.7071067691;
custom,cuboid,ice1,1.900000238,12.1,8.100000954,1,0,0.6,1,0.8,1.2,-59.99998093,200.0000191,724.7842407,0,0.7071067691,0,0.7071067691;
custom,cuboid,ice1,1.900000238,4.1,4.100000477,1,0,0.6,1,0.4,0.4,0.000009536743164,240.0000381,724.7842407,0,0.7071067691,0,0.7071067691;
custom,cuboid,ice1,1.900000238,4.1,4.100000477,1,0,0.6,1,0.4,0.4,0.000009536743164,160.0000381,724.7842407,0,0.7071067691,0,0.7071067691;

custom,cuboid,metal2,8,2,40,1,0,1,1,0.001,0.5,0.000009536743164,230.0000381,234.7842407,0,1,0,0;
custom,cuboid,metal2,8,2,40,1,0,1,1,0.001,0.5,0.000009536743164,170.0000381,234.7842407,0,1,0,0;
custom,cuboid,medievalartilleryassets_texture-psd,2,8,40,1,0.7,1,1,8,1.6,-29.99999046,200.0000381,234.7842407,0,1,0,0;
custom,cuboid,medievalartilleryassets_texture-psd,2,8,40,1,0.7,1,1,8,1.6,29.99999046,200.0000381,234.7842407,0,1,0,0;
custom,cuboid,metal2,8,2,40,1,0,1,1,0.001,0.5,-0.00001847743988,230.0000381,934.7842407,0,1,0,0;
custom,cuboid,metal2,8,2,40,1,0,1,1,0.001,0.5,-0.00001847743988,170.0000381,934.7842407,0,1,0,0;
custom,cuboid,medievalartilleryassets_texture-psd,2,8,40,1,0.7,1,1,8,1.6,29.99998093,200.0000381,934.7842407,0,1,0,0;
custom,cuboid,medievalartilleryassets_texture-psd,2,8,40,1,0.7,1,1,8,1.6,-30,200.0000381,934.7842407,0,1,0,0;



custom,cylinder,ice1,0.1,3.464099884,0.1,1,1,1,1,0.01999999732,0.6928199768,40.00000954,220.0000381,514.7842407,0.2798480988,0.8804762363,-0.364705205,0.1159168854;
custom,cylinder,ice1,0.1,3.464100122,0.1,1,1,1,1,0.02000000328,0.6928200245,40.00000954,220.0000381,474.7842407,0.4557679892,0.5406250954,-0.06000302359,0.7045563459;
custom,cylinder,ice1,0.1,3.464100122,0.1,1,1,1,1,0.02000000328,0.6928200245,-39.99998569,220.0000381,514.7842407,-0.06000296026,0.7045564651,-0.4557679892,-0.5406250358;
custom,cylinder,ice1,0.1,3.464100122,0.1,1,1,1,1,0.02000000179,0.6928200245,-39.99999046,220.0000381,474.7842407,0.3647051752,-0.1159169748,0.2798481286,0.8804762363;
custom,cylinder,ice1,0.1,3.464099646,0.1,1,1,1,1,0.0200000003,0.6928199291,-39.99999523,180.0000381,474.7842407,-0.5406250954,0.455768019,0.7045563459,0.06000302732;
custom,cylinder,ice1,0.1,3.464101315,0.1,1,1,1,1,0.02000000328,0.6928202629,-39.99999046,180.0000381,514.7842407,-0.8804762363,0.2798481286,0.1159169525,0.3647051752;
custom,cylinder,ice1,0.1,3.464099884,0.1,1,1,1,1,0.0200000003,0.6928199768,40.00000954,180.0000381,514.7842407,0.7045564651,0.06000299007,0.5406249762,-0.4557679892;
custom,cylinder,ice1,0.1,3.464099884,0.1,1,1,1,1,0.0200000003,0.6928199768,40.00000954,180.0000381,474.7842407,-0.1159170046,-0.3647051454,-0.8804762363,0.2798481584;
custom,cylinder,ice1,0.1,3.464099884,0.1,1,1,1,1,0.0200000003,0.6928199768,-19.99999046,180.0000381,534.7842407,-0.1159170046,-0.3647051454,-0.8804762363,0.2798481584;
custom,cylinder,ice1,0.1,3.464099884,0.1,1,1,1,1,0.0200000003,0.6928199768,-19.99998927,180.0000381,574.7842407,0.7045564651,0.06000299007,0.5406249762,-0.4557679892;
custom,cylinder,ice1,0.1,3.464100122,0.1,1,1,1,1,0.02000000328,0.6928200245,-19.99999046,220.0000381,534.7842407,0.4557679892,0.5406250954,-0.06000302359,0.7045563459;
custom,cylinder,ice1,0.1,3.464099884,0.1,1,1,1,1,0.01999999732,0.6928199768,-19.99998927,220.0000381,574.7842407,0.2798480988,0.8804762363,-0.364705205,0.1159168854;
custom,cylinder,ice1,0.1,3.464100122,0.1,1,1,1,1,0.02000000179,0.6928200245,20.00000954,220.0000381,534.7842407,0.3647051752,-0.1159169748,0.2798481286,0.8804762363;
custom,cylinder,ice1,0.1,3.464100122,0.1,1,1,1,1,0.02000000328,0.6928200245,20.00000954,220.0000381,574.7842407,-0.06000296026,0.7045564651,-0.4557679892,-0.5406250358;
custom,cylinder,ice1,0.1,3.464099884,0.1,1,1,1,1,0.0200000003,0.6928199768,20.00000954,180.0000381,534.7842407,-0.5406250358,0.4557679892,0.7045564055,0.06000300869;
custom,cylinder,ice1,0.1,3.464099884,0.1,1,1,1,1,0.02000000179,0.6928199768,20.00000954,180.0000381,574.7842407,-0.8804762363,0.2798481882,0.1159170568,0.3647051156;








custom,cylinder,ice1,0.1,4,0.1,1,1,1,1,0.0200000003,0.8,0.000007152557373,200.0000381,514.7842407,-0.5,0.5,0.5,0.4999999702;
custom,cylinder,ice1,0.1,4,0.1,1,1,1,1,0.0200000003,0.8,0.000009536743164,200.0000381,594.7842407,-0.5,0.5,0.5,0.4999999702;
custom,cylinder,ice1,0.1,3.464100122,0.1,1,1,1,1,0.02000000179,0.6928200245,-39.99999046,180.0000381,534.7842407,0.3647051752,-0.1159169748,0.2798481286,0.8804762363;
custom,cylinder,ice1,0.1,3.464100122,0.1,1,1,1,1,0.02000000328,0.6928200245,-39.99999046,180.0000381,574.7842407,-0.06000296026,0.7045564651,-0.4557679892,-0.5406250358;
custom,cylinder,ice1,0.1,3.464101315,0.1,1,1,1,1,0.02000000328,0.6928202629,-39.99999046,220.0000381,574.7842407,-0.8804762363,0.2798481286,0.1159169525,0.3647051752;
custom,cylinder,ice1,0.1,3.464099646,0.1,1,1,1,1,0.0200000003,0.6928199291,-39.99999046,220.0000381,534.7842407,-0.5406250954,0.455768019,0.7045563459,0.06000302732;
custom,cylinder,ice1,0.1,4.000000477,0.1,1,1,1,1,0.0200000003,0.8000000954,40.00000954,200.0000381,554.7842407,-0.7071067691,0,0,0.7071067691;
custom,cylinder,ice1,0.1,4.000000477,0.1,1,1,1,1,0.0200000003,0.8000000954,-39.99999046,200.0000381,554.7842407,-0.7071067691,0,0,0.7071067691;
custom,cylinder,ice1,0.1,3.464099884,0.1,1,1,1,1,0.01999999732,0.6928199768,40.00000954,180.0000381,574.7842407,0.2798480988,0.8804762363,-0.364705205,0.1159168854;
custom,cylinder,ice1,0.1,3.464100122,0.1,1,1,1,1,0.02000000328,0.6928200245,40.00000954,180.0000381,534.7842407,0.4557679892,0.5406250954,-0.06000302359,0.7045563459;
custom,cylinder,ice1,0.1,4,0.1,1,1,1,1,0.0200000003,0.8,-60,200.0000381,454.7842407,-0.5,0.5,0.5,0.4999999702;
custom,cylinder,ice1,0.1,4,0.1,1,1,1,1,0.0200000003,0.8,-59.99999046,200.0000381,534.7842407,-0.5,0.5,0.5,0.4999999702;
custom,cylinder,ice1,0.1,4.000000477,0.1,1,1,1,1,0.0200000003,0.8000000954,-19.99999046,200.0000381,494.7842407,-0.7071067691,0,0,0.7071067691;
custom,cylinder,ice1,0.1,3.464100122,0.1,1,1,1,1,0.02000000328,0.6928200245,40.00000477,220.0000381,594.7842407,0.4557679892,0.5406250954,-0.06000302359,0.7045563459;
custom,cylinder,ice1,0.1,3.464099884,0.1,1,1,1,1,0.0200000003,0.6928199768,40.00000954,220.0000381,534.7842407,-0.1159170046,-0.3647051454,-0.8804762363,0.2798481584;
custom,cylinder,ice1,0.1,3.464099884,0.1,1,1,1,1,0.0200000003,0.6928199768,40.00000954,220.0000381,574.7842407,0.7045564651,0.06000299007,0.5406249762,-0.4557679892;
custom,cylinder,ice1,0.1,4,0.1,1,1,1,1,0.0200000003,0.8,60.00000477,200.0000381,454.7842407,-0.5,0.5,0.5,0.4999999702;
custom,cylinder,ice1,0.1,4,0.1,1,1,1,1,0.0200000003,0.8,60.00000954,200.0000381,534.7842407,-0.5,0.5,0.5,0.4999999702;
custom,cylinder,ice1,0.1,3.464099884,0.1,1,1,1,1,0.01999999732,0.6928199768,40.00000954,220.0000381,634.7842407,0.2798480988,0.8804762363,-0.364705205,0.1159168854;
custom,cylinder,ice1,0.1,4.000000477,0.1,1,1,1,1,0.0200000003,0.8000000954,20.00000715,200.0000381,494.7842407,-0.7071067691,0,0,0.7071067691;
custom,cylinder,ice1,0.1,3.464100122,0.1,1,1,1,1,0.02000000328,0.6928200245,-39.99998808,220.0000381,634.7842407,-0.06000296026,0.7045564651,-0.4557679892,-0.5406250358;
custom,cylinder,ice1,0.1,3.464100122,0.1,1,1,1,1,0.02000000179,0.6928200245,-39.99998808,220.0000381,594.7842407,0.3647051752,-0.1159169748,0.2798481286,0.8804762363;
custom,cylinder,ice1,0.1,3.464099646,0.1,1,1,1,1,0.0200000003,0.6928199291,-39.99998808,180.0000381,594.7842407,-0.5406250954,0.455768019,0.7045563459,0.06000302732;
custom,cylinder,ice1,0.1,3.464101315,0.1,1,1,1,1,0.02000000328,0.6928202629,-39.99999046,180.0000381,634.7842407,-0.8804762363,0.2798481286,0.1159169525,0.3647051752;
custom,cylinder,ice1,0.1,3.464099884,0.1,1,1,1,1,0.0200000003,0.6928199768,40.00001431,180.0000381,634.7842407,0.7045564651,0.06000299007,0.5406249762,-0.4557679892;
custom,cylinder,ice1,0.1,3.464099884,0.1,1,1,1,1,0.0200000003,0.6928199768,40.00000954,180.0000381,594.7842407,-0.1159170046,-0.3647051454,-0.8804762363,0.2798481584;








custom,cylinder,ice1,0.1,3.464099884,0.1,1,1,1,1,0.01999999732,0.6928199768,-19.99998569,180.0000381,634.7842407,0.2798480988,0.8804762363,-0.364705205,0.1159168854;
custom,cylinder,ice1,0.1,3.464100122,0.1,1,1,1,1,0.02000000328,0.6928200245,-19.99999046,180.0000381,594.7842407,0.4557679892,0.5406250954,-0.06000302359,0.7045563459;
custom,cylinder,ice1,0.1,3.464100122,0.1,1,1,1,1,0.02000000179,0.6928200245,20.00000954,180.0000381,594.7842407,0.3647051752,-0.1159169748,0.2798481286,0.8804762363;
custom,cylinder,ice1,0.1,3.464100122,0.1,1,1,1,1,0.02000000328,0.6928200245,20.00001431,180.0000381,634.7842407,-0.06000296026,0.7045564651,-0.4557679892,-0.5406250358;
custom,cylinder,ice1,0.1,3.464101315,0.1,1,1,1,1,0.02000000328,0.6928202629,20.00000954,220.0000381,634.7842407,-0.8804762363,0.2798481286,0.1159169525,0.3647051752;
custom,cylinder,ice1,0.1,3.464099646,0.1,1,1,1,1,0.0200000003,0.6928199291,20.00001431,220.0000381,594.7842407,-0.5406250954,0.455768019,0.7045563459,0.06000302732;
custom,cylinder,ice1,0.1,3.464099884,0.1,1,1,1,1,0.0200000003,0.6928199768,-19.99999046,220.0000381,594.7842407,-0.1159170046,-0.3647051454,-0.8804762363,0.2798481584;
custom,cylinder,ice1,0.1,3.464099884,0.1,1,1,1,1,0.0200000003,0.6928199768,-19.99998569,220.0000381,634.7842407,0.7045564651,0.06000299007,0.5406249762,-0.4557679892;












custom,cylinder,ice1,0.1,4,0.1,1,1,1,1,0.0200000003,0.8,-59.99999046,200.0000381,574.7842407,-0.5,0.5,0.5,0.4999999702;
custom,cylinder,ice1,0.1,4,0.1,1,1,1,1,0.0200000003,0.8,-59.99998569,200.0000381,654.7842407,-0.5,0.5,0.5,0.4999999702;
custom,cylinder,ice1,0.1,4.000000477,0.1,1,1,1,1,0.0200000003,0.8000000954,-19.99999046,200.0000381,614.7842407,-0.7071067691,0,0,0.7071067691;
custom,cylinder,ice1,0.1,4,0.1,1,1,1,1,0.0200000003,0.8,60.00000954,200.0000381,574.7842407,-0.5,0.5,0.5,0.4999999702;
custom,cylinder,ice1,0.1,4,0.1,1,1,1,1,0.0200000003,0.8,60.00001907,200.0000381,654.7842407,-0.5,0.5,0.5,0.4999999702;
custom,cylinder,ice1,0.1,4.000000477,0.1,1,1,1,1,0.0200000003,0.8000000954,20.00001431,200.0000381,614.7842407,-0.7071067691,0,0,0.7071067691;
custom,cylinder,ice1,0.1,2,0.1,1,1,1,1,0.02000000328,0.4,-19.99999046,200.0000381,454.7842407,0,0.7071067691,0,0.7071067691;
custom,cylinder,ice1,0.1,2,0.1,1,1,1,1,0.02000000328,0.4,20.00000954,200.0000381,454.7842407,0,0.7071067691,0,0.7071067691;
custom,cylinder,ice1,0.1,2,0.1,1,1,1,1,0.0200000003,0.4,0.000009536743164,180.0000381,454.7842407,-0.5,0.5,0.5,0.4999999702;
custom,cylinder,ice1,0.1,2,0.1,1,1,1,1,0.0200000003,0.4,0.000009536743164,220.0000381,454.7842407,-0.5,0.5,0.5,0.4999999702;
custom,cylinder,ice1,0.1,2,0.1,1,1,1,1,0.02000000328,0.4,-19.99998093,200.0000381,714.7842407,0,0.7071067691,0,0.7071067691;
custom,cylinder,ice1,0.1,2,0.1,1,1,1,1,0.02000000328,0.4,20.00000954,200.0000381,714.7842407,0,0.7071067691,0,0.7071067691;
custom,cylinder,ice1,0.1,2,0.1,1,1,1,1,0.0200000003,0.4,0.000009536743164,180.0000381,714.7842407,-0.5,0.5,0.5,0.4999999702;
custom,cylinder,ice1,0.1,2,0.1,1,1,1,1,0.0200000003,0.4,0.000009536743164,220.0000381,714.7842407,-0.5,0.5,0.5,0.4999999702;
custom,cylinder,ice1,0.1,21.00000191,0.1,1,1,1,1,0.0200000003,4.200000381,-19.99999046,220.0000381,244.7842407,-0.7071067691,0,0,0.7071067691;
custom,cylinder,ice1,0.1,21.00000191,0.1,1,1,1,1,0.0200000003,4.200000381,20.00000954,220.0000381,244.7842407,-0.7071067691,0,0,0.7071067691;
custom,cylinder,ice1,0.1,21.00000191,0.1,1,1,1,1,0.0200000003,4.200000381,-19.99999046,180.0000381,244.7842407,-0.7071067691,0,0,0.7071067691;
custom,cylinder,ice1,0.1,21.00000191,0.1,1,1,1,1,0.0200000003,4.200000381,20.00000954,180.0000381,244.7842407,-0.7071067691,0,0,0.7071067691;
custom,cylinder,ice1,0.1,2,0.1,1,1,1,1,0.02000000328,0.4,-19.99998093,200.0000381,34.78424072,0,0.7071067691,0,0.7071067691;
custom,cylinder,ice1,0.1,2,0.1,1,1,1,1,0.02000000328,0.4,20.00000954,200.0000381,34.78424072,0,0.7071067691,0,0.7071067691;
custom,cylinder,ice1,0.1,2,0.1,1,1,1,1,0.0200000003,0.4,0.000009536743164,180.0000381,34.78424072,-0.5,0.5,0.5,0.4999999702;
custom,cylinder,ice1,0.1,2,0.1,1,1,1,1,0.0200000003,0.4,0.000009536743164,220.0000381,34.78424072,-0.5,0.5,0.5,0.4999999702;
custom,cylinder,ice1,0.1,2,0.1,1,1,1,1,0.02000000328,0.4,19.9999547,200.0000381,1134.783936,0,-0.7071067691,0,0.7071067691;
custom,cylinder,ice1,0.1,2,0.1,1,1,1,1,0.02000000328,0.4,-20.00003815,200.0000381,1134.783936,0,-0.7071067691,0,0.7071067691;
custom,cylinder,ice1,0.1,2,0.1,1,1,1,1,0.0200000003,0.4,-0.00003606081009,180.0000381,1134.783936,-0.5,-0.5,-0.5,0.4999999702;
custom,cylinder,ice1,0.1,2,0.1,1,1,1,1,0.0200000003,0.4,-0.00003606081009,220.0000381,1134.783936,-0.5,-0.5,-0.5,0.4999999702;
custom,cylinder,ice1,0.1,21.00000191,0.1,1,1,1,1,0.02000000477,4.200000381,19.99998093,220.0000381,924.7842407,-0.00000005338507947,0.7071067691,0.7071067691,0.00000005338507592;
custom,cylinder,ice1,0.1,21.00000191,0.1,1,1,1,1,0.02000000477,4.200000381,-20.00001907,220.0000381,924.7842407,-0.00000005338507947,0.7071067691,0.7071067691,0.00000005338507592;
custom,cylinder,ice1,0.1,21.00000191,0.1,1,1,1,1,0.02000000477,4.200000381,19.99998093,180.0000381,924.7842407,-0.00000005338507947,0.7071067691,0.7071067691,0.00000005338507592;
custom,cylinder,ice1,0.1,21.00000191,0.1,1,1,1,1,0.02000000477,4.200000381,-20.00001907,180.0000381,924.7842407,-0.00000005338507947,0.7071067691,0.7071067691,0.00000005338507592;









racing,killpyramid,4.444444444,2.222222222,4.444444444,0.00001,220.00004,554.78424,0,0.7071067691,0,0.7071067691;
racing,killpyramid,4.444444444,2.222222222,4.444444444,0.00001,180.00004,554.78424,0.7071067691,0.00000005338507947,-0.7071067691,0.00000005338507592;
racing,killpyramid,4.444444444,2.222222222,4.444444444,-59.99999,220.00004,554.78424,0.7071067691,0.00000005338507947,-0.7071067691,0.00000005338507592;
racing,killpyramid,4.444444444,2.222222222,4.444444444,60.00001,220.00004,554.78424,0.7071067691,0.00000005338507947,-0.7071067691,0.00000005338507592;
racing,killpyramid,4.444444444,2.222222222,4.444444444,-59.99999,180.00004,554.78424,0.0000001067701518,0.7071067691,0,-0.7071067691;
racing,killpyramid,4.444444444,2.222222222,4.444444444,60.00001,180.00004,554.78424,0.0000001067701518,0.7071067691,0,-0.7071067691;
racing,killpyramid,4.444444444,2.222222222,4.444444444,-59.99999,220.00004,494.78424,0,0.7071067691,0,0.7071067691;
racing,killpyramid,4.444444444,2.222222222,4.444444444,-59.99999,180.00004,494.78424,0.7071067691,0.00000005338507947,-0.7071067691,0.00000005338507592;
racing,killpyramid,4.444444444,2.222222222,4.444444444,60,220.00004,494.78424,0,0.7071067691,0,0.7071067691;
racing,killpyramid,4.444444444,2.222222222,4.444444444,60,180.00004,494.78424,0.7071067691,0.00000005338507947,-0.7071067691,0.00000005338507592;








racing,killpyramid,4.444444444,2.222222222,4.444444444,-59.99999,220.00004,614.78424,0,0.7071067691,0,0.7071067691;
racing,killpyramid,4.444444444,2.222222222,4.444444444,-59.99999,180.00004,614.78424,0.7071067691,0.00000005338507947,-0.7071067691,0.00000005338507592;
racing,killpyramid,4.444444444,2.222222222,4.444444444,60.00001,220.00004,614.78424,0,0.7071067691,0,0.7071067691;
racing,killpyramid,4.444444444,2.222222222,4.444444444,60.00001,180.00004,614.78424,0.7071067691,0.00000005338507947,-0.7071067691,0.00000005338507592;
racing,killpyramid,4.444444444,2.222222222,4.444444444,0.00001,220.00004,614.78424,0.7071067691,0.00000005338507947,-0.7071067691,0.00000005338507592;
racing,killpyramid,4.444444444,2.222222222,4.444444444,0.00001,180.00004,614.78424,0.0000001067701518,0.7071067691,0,-0.7071067691;

custom,pyramid,empty,4.388888889,2.222222222,4.388888889,1,0,0,0,1,1,0.00001,220.00004,554.78424,0,0.7071067691,0,0.7071067691;
custom,pyramid,empty,4.388888889,2.222222222,4.388888889,1,0,0,0,1,1,0.00001,180.00004,554.78424,0.7071067691,0.00000005338507947,-0.7071067691,0.00000005338507592;
custom,pyramid,empty,4.388888889,2.222222222,4.388888889,1,0,0,0,1,1,-59.99999,220.00004,554.78424,0.7071067691,0.00000005338507947,-0.7071067691,0.00000005338507592;
custom,pyramid,empty,4.388888889,2.222222222,4.388888889,1,0,0,0,1,1,60.00001,220.00004,554.78424,0.7071067691,0.00000005338507947,-0.7071067691,0.00000005338507592;
custom,pyramid,empty,4.388888889,2.222222222,4.388888889,1,0,0,0,1,1,-59.99999,180.00004,554.78424,0.0000001067701518,0.7071067691,0,-0.7071067691;
custom,pyramid,empty,4.388888889,2.222222222,4.388888889,1,0,0,0,1,1,60.00001,180.00004,554.78424,0.0000001067701518,0.7071067691,0,-0.7071067691;
custom,pyramid,empty,4.388888889,2.222222222,4.388888889,1,0,0,0,1,1,-59.99999,220.00004,494.78424,0,0.7071067691,0,0.7071067691;
custom,pyramid,empty,4.388888889,2.222222222,4.388888889,1,0,0,0,1,1,-59.99999,180.00004,494.78424,0.7071067691,0.00000005338507947,-0.7071067691,0.00000005338507592;
custom,pyramid,empty,4.388888889,2.222222222,4.388888889,1,0,0,0,1,1,60,220.00004,494.78424,0,0.7071067691,0,0.7071067691;
custom,pyramid,empty,4.388888889,2.222222222,4.388888889,1,0,0,0,1,1,60,180.00004,494.78424,0.7071067691,0.00000005338507947,-0.7071067691,0.00000005338507592;








custom,pyramid,empty,4.388888889,2.222222222,4.388888889,1,0,0,0,1,1,-59.99999,220.00004,614.78424,0,0.7071067691,0,0.7071067691;
custom,pyramid,empty,4.388888889,2.222222222,4.388888889,1,0,0,0,1,1,-59.99999,180.00004,614.78424,0.7071067691,0.00000005338507947,-0.7071067691,0.00000005338507592;
custom,pyramid,empty,4.388888889,2.222222222,4.388888889,1,0,0,0,1,1,60.00001,220.00004,614.78424,0,0.7071067691,0,0.7071067691;
custom,pyramid,empty,4.388888889,2.222222222,4.388888889,1,0,0,0,1,1,60.00001,180.00004,614.78424,0.7071067691,0.00000005338507947,-0.7071067691,0.00000005338507592;
custom,pyramid,empty,4.388888889,2.222222222,4.388888889,1,0,0,0,1,1,0.00001,220.00004,614.78424,0.7071067691,0.00000005338507947,-0.7071067691,0.00000005338507592;
custom,pyramid,empty,4.388888889,2.222222222,4.388888889,1,0,0,0,1,1,0.00001,180.00004,614.78424,0.0000001067701518,0.7071067691,0,-0.7071067691;

custom,killcylinder,arena2tex,45,0.525,45,1,1,1,1,1,1,0.0003910393934,225,2985.857239,0,-0.0000001192092896,0,1;
custom,killcylinder,arena2tex,45,0.525,45,1,1,1,1,1,1,0.0003910393934,175,2985.857239,0,-0.0000001192092896,0,1;

racing,killcylinder,45,0.5,45,0.0003910393934,225,2985.857239,0,-0.0000001192092896,0,1;
racing,killcylinder,45,0.5,45,0.0003910393934,175,2985.857239,0,-0.0000001192092896,0,1;

custom,killcylinder,empty,10,0.55,10,1,0,0,0,1,1,0.0003910393934,225,2985.857239,0,-0.0000001192092896,0,1;
custom,killcylinder,empty,10,0.55,10,1,0,0,0,1,1,0.0003910393934,175,2985.857239,0,-0.0000001192092896,0,1;






custom,killcuboid,empty,5.656849861,4.1,1,1,0,0,0,0,0,0.0004055214958,200,2957.572937,0,-0.0000001192092896,0,1;

racing,killcuboid,12.1458992,4,0.8,212.8210831,200,2985.857239,0,-0.7071068287,0,0.7071067095;
racing,killcuboid,12.14590015,4,0.8,150.4874611,200,3136.343994,0,-0.9238795638,0,0.3826833069;
racing,killcuboid,12.14590015,4,0.8,0.0003538285819,200,3198.678284,0,1,0,0.00000007549790126;
racing,killcuboid,12.14590015,4,0.8,-150.4864788,200,3136.344299,0,0.9238795042,0,0.3826835454;
racing,killcuboid,12.1458992,4,0.8,-212.8203964,200,2985.857239,0,0.7071065903,0,0.7071069479;

custom,killcuboid,empty,12.1458992,4.1,1,1,0,0,0,0,0,212.8210831,200,2985.857239,0,-0.7071068287,0,0.7071067095;
custom,killcuboid,empty,12.14590015,4.1,1,1,0,0,0,0,0,150.4874611,200,3136.343994,0,-0.9238795638,0,0.3826833069;
custom,killcuboid,empty,12.14590015,4.1,1,1,0,0,0,0,0,0.0003538285819,200,3198.678284,0,1,0,0.00000007549790126;
custom,killcuboid,empty,12.14590015,4.1,1,1,0,0,0,0,0,-150.4864788,200,3136.344299,0,0.9238795042,0,0.3826835454;
custom,killcuboid,empty,12.1458992,4.1,1,1,0,0,0,0,0,-212.8203964,200,2985.857239,0,0.7071065903,0,0.7071069479;



racing,killcuboid,5.357530117,4,1,-202.9496384,200,3069.92218,0,0.8314695954,0,0.5555703044;
racing,killcuboid,5.357530117,4,1,-84.06414032,200,3188.807373,0,0.9807852507,0,0.1950904727;
racing,killcuboid,5.357530117,4,1,84.06518936,200,3188.807068,0,-0.9807853103,0,0.1950902343;
racing,killcuboid,5.357531548,4,1,202.9504776,200,3069.92157,0,-0.831469655,0,0.5555701256;

racing,killcuboid,12.39930058,4,1,-88.05210114,200,3030.614014,0,-0.990973115,0,0.1340608001;
racing,killcuboid,12.39929962,4,1,-93.90995026,200,3016.471863,0,-0.9668422937,0,0.2553741932;
racing,killcuboid,12.39930439,4,1.000000358,-88.05208206,200,2941.100464,0,0.9909732342,0,0.1340597421;
racing,killcuboid,12.39930058,4,1,-93.90995026,200,2955.242615,0,0.9668425918,0,0.2553731501;
racing,killcuboid,12.39929962,4,0.9999999404,30.61504841,200,3079.767456,0,-0.5030839443,0,0.8642375469;
racing,killcuboid,12.39930058,4,1,44.75718975,200,3073.909607,0,-0.6059285402,0,0.7955191135;
racing,killcuboid,12.39929962,4,1,-44.75643158,200,3073.909607,0,-0.7955184579,0,0.6059293747;
racing,killcuboid,12.39929867,4,0.9999999404,-30.61429977,200,3079.767761,0,-0.8642370105,0,0.5030848384;
racing,killcuboid,12.39929962,4,1,93.91074181,200,2955.242615,0,0.2553746104,0,0.9668421745;
racing,killcuboid,12.39930058,4,1,88.05287361,200,2941.100464,0,0.1340610236,0,0.9909730554;
racing,killcuboid,12.39929962,4,1,88.05290222,200,3030.614014,0,-0.134059906,0,0.9909732342;
racing,killcuboid,12.39930058,4,1,93.91077042,200,3016.471863,0,-0.2553732991,0,0.9668425322;

custom,killcuboid,empty,12.39930058,0.09999990463,1,1,0,0,0,1.239930058,0.009999990463,93.91077042,220,3016.471863,0,-0.2553732991,0,0.9668425322;
custom,killcuboid,empty,12.39929867,0.09999990463,1,1,0,0,0,1.239929867,0.009999990463,88.05290222,220,3030.614014,0,-0.134059906,0,0.9909732342;
custom,killcuboid,empty,12.39930058,0.09999990463,1,1,0,0,0,1.239930058,0.009999990463,88.05287361,220,2941.100464,0,0.1340610236,0,0.9909730554;
custom,killcuboid,empty,12.39929962,0.09999990463,1,1,0,0,0,1.239929962,0.009999990463,93.91074181,220,2955.242615,0,0.2553746104,0,0.9668421745;
custom,killcuboid,empty,12.39929771,0.09999990463,1,1,0,0,0,1.239929771,0.009999990463,-30.61429977,220,3079.767761,0,-0.8642370105,0,0.5030848384;
custom,killcuboid,empty,12.39929962,0.09999990463,1,1,0,0,0,1.239929962,0.009999990463,-44.75643158,220,3073.909607,0,-0.7955184579,0,0.6059293747;
custom,killcuboid,empty,12.39930058,0.09999990463,1,1,0,0,0,1.239930058,0.009999990463,44.75718975,220,3073.909607,0,-0.6059285402,0,0.7955191135;
custom,killcuboid,empty,12.39929962,0.09999990463,1,1,0,0,0,1.239929962,0.009999990463,30.61504841,220,3079.767456,0,-0.5030839443,0,0.8642375469;
custom,killcuboid,empty,12.39930058,0.09999990463,1,1,0,0,0,1.239930058,0.009999990463,-93.90995026,220,2955.242615,0,0.9668425918,0,0.2553731501;
custom,killcuboid,empty,12.39930439,0.09999990463,1,1,0,0,0,1.239930439,0.009999990463,-88.05208206,220,2941.100464,0,0.9909732342,0,0.1340597421;
custom,killcuboid,empty,12.39930058,0.09999990463,1,1,0,0,0,1.239930058,0.009999990463,-88.05210114,220,3030.614014,0,-0.990973115,0,0.1340608001;
custom,killcuboid,empty,12.39929867,0.09999990463,1,1,0,0,0,1.239929867,0.009999990463,-93.90995026,220,3016.471863,0,-0.9668422937,0,0.2553741932;

custom,killcuboid,empty,5.35752964,0.09999990463,1,1,0,0,0,0.535752964,0.009999990463,-202.9496384,220,3069.92218,0,0.8314695954,0,0.5555703044;
custom,killcuboid,empty,5.35752964,0.09999990463,1,1,0,0,0,0.535752964,0.009999990463,-84.06414032,220,3188.807373,0,0.9807852507,0,0.1950904727;
custom,killcuboid,empty,5.357530117,0.09999990463,1,1,0,0,0,0.5357530117,0.009999990463,84.06518936,220,3188.807068,0,-0.9807853103,0,0.1950902343;
custom,killcuboid,empty,5.357531071,0.09999990463,1,1,0,0,0,0.5357531071,0.009999990463,202.9504776,220,3069.92157,0,-0.831469655,0,0.5555701256;

custom,killcuboid,empty,12.39930058,0.09999990463,1,1,0,0,0,1.239930058,0.009999990463,93.91077042,180,3016.471863,0,-0.2553732991,0,0.9668425322;
custom,killcuboid,empty,12.39929867,0.09999990463,1,1,0,0,0,1.239929867,0.009999990463,88.05290222,180,3030.614014,0,-0.134059906,0,0.9909732342;
custom,killcuboid,empty,12.39930058,0.09999990463,1,1,0,0,0,1.239930058,0.009999990463,88.05287361,180,2941.100464,0,0.1340610236,0,0.9909730554;
custom,killcuboid,empty,12.39929962,0.09999990463,1,1,0,0,0,1.239929962,0.009999990463,93.91074181,180,2955.242615,0,0.2553746104,0,0.9668421745;
custom,killcuboid,empty,12.39929771,0.09999990463,1,1,0,0,0,1.239929771,0.009999990463,-30.61429977,180,3079.767761,0,-0.8642370105,0,0.5030848384;
custom,killcuboid,empty,12.39929962,0.09999990463,1,1,0,0,0,1.239929962,0.009999990463,-44.75643158,180,3073.909607,0,-0.7955184579,0,0.6059293747;
custom,killcuboid,empty,12.39930058,0.09999990463,1,1,0,0,0,1.239930058,0.009999990463,44.75718975,180,3073.909607,0,-0.6059285402,0,0.7955191135;
custom,killcuboid,empty,12.39929962,0.09999990463,1,1,0,0,0,1.239929962,0.009999990463,30.61504841,180,3079.767456,0,-0.5030839443,0,0.8642375469;
custom,killcuboid,empty,12.39930058,0.09999990463,1,1,0,0,0,1.239930058,0.009999990463,-93.90995026,180,2955.242615,0,0.9668425918,0,0.2553731501;
custom,killcuboid,empty,12.39930439,0.09999990463,1,1,0,0,0,1.239930439,0.009999990463,-88.05208206,180,2941.100464,0,0.9909732342,0,0.1340597421;
custom,killcuboid,empty,12.39930058,0.09999990463,1,1,0,0,0,1.239930058,0.009999990463,-88.05210114,180,3030.614014,0,-0.990973115,0,0.1340608001;
custom,killcuboid,empty,12.39929867,0.09999990463,1,1,0,0,0,1.239929867,0.009999990463,-93.90995026,180,3016.471863,0,-0.9668422937,0,0.2553741932;

custom,killcuboid,empty,5.35752964,0.09999990463,1,1,0,0,0,0.535752964,0.009999990463,-202.9496384,180,3069.92218,0,0.8314695954,0,0.5555703044;
custom,killcuboid,empty,5.35752964,0.09999990463,1,1,0,0,0,0.535752964,0.009999990463,-84.06414032,180,3188.807373,0,0.9807852507,0,0.1950904727;
custom,killcuboid,empty,5.357530117,0.09999990463,1,1,0,0,0,0.5357530117,0.009999990463,84.06518936,180,3188.807068,0,-0.9807853103,0,0.1950902343;
custom,killcuboid,empty,5.357531071,0.09999990463,1,1,0,0,0,0.5357531071,0.009999990463,202.9504776,180,3069.92157,0,-0.831469655,0,0.5555701256;

racing,killcylinder,1,2,1,147.8211212,200,3047.086487,0,-0.0000001192092896,0,1;
racing,killcylinder,1,2,1,147.8211403,200,2924.627991,0,0.3826833963,0,0.9238795638;
racing,killcylinder,1,2,1,-61.22897148,200,3133.677979,0,-0.7071068287,0,0.7071067095;
racing,killcylinder,1,2,1,61.22973442,200,3133.677979,0,-0.3826835752,0,0.9238794446;
racing,killcylinder,1,2,1,-147.8203201,200,2924.627991,0,1,0,0.0000001947071837;
racing,killcylinder,1,2,1,-147.8203392,200,3047.086487,0,-0.9238796234,0,0.3826832175;












custom,killcylinder,empty,1,2,1,1,0,0,0,1,1,28.28464508,200,2957.572937,0,-0.0000001192092896,0,1;
custom,killcylinder,empty,1,2,1,1,0,0,0,1,1,40.00038624,200,2985.857239,0,-0.3826834559,0,0.9238795042;
custom,killcylinder,empty,1,2,1,1,0,0,0,1,1,28.28466177,200,3014.141541,0,-0.7071068287,0,0.7071067095;
custom,killcylinder,empty,1,2,1,1,0,0,0,1,1,0.0004007348616,200,3025.857239,0,-0.9238795638,0,0.3826833069;
custom,killcylinder,empty,1,2,1,1,0,0,0,1,1,-28.28387499,200,3014.141541,0,1,0,0.0000001947071837;
custom,killcylinder,empty,1,2,1,1,0,0,0,1,1,-39.99960899,200,2985.857239,0,0.9238795042,0,0.3826835454;
custom,killcylinder,empty,1,2,1,1,0,0,0,1,1,-28.28387499,200,2957.572937,0,0.7071065903,0,0.7071069479;




custom,killcylinder,empty,1,0.04999995232,1,1,0,0,0,0.1,0.009999990463,147.8211212,220,3047.086487,0,-0.0000001192092896,0,1;
custom,killcylinder,empty,1,0.04999995232,1,1,0,0,0,0.1,0.009999990463,147.8211403,220,2924.627991,0,0.3826833963,0,0.9238795638;
custom,killcylinder,empty,1,0.04999995232,1,1,0,0,0,0.09999999404,0.009999990463,-61.22897148,220,3133.677979,0,-0.7071068287,0,0.7071067095;
custom,killcylinder,empty,1,0.04999995232,1,1,0,0,0,0.1,0.009999990463,61.22973442,220,3133.677979,0,-0.3826835752,0,0.9238794446;
custom,killcylinder,empty,1,0.04999995232,1,1,0,0,0,0.1,0.009999990463,-147.8203201,220,2924.627991,0,1,0,0.0000001947071837;
custom,killcylinder,empty,1,0.04999995232,1,1,0,0,0,0.1,0.009999990463,-147.8203392,220,3047.086487,0,-0.9238796234,0,0.3826832175;
custom,killcylinder,empty,1,0.04999995232,1,1,0,0,0,0.1,0.009999990463,147.8211212,180,3047.086487,0,-0.0000001192092896,0,1;
custom,killcylinder,empty,1,0.04999995232,1,1,0,0,0,0.1,0.009999990463,147.8211403,180,2924.627991,0,0.3826833963,0,0.9238795638;
custom,killcylinder,empty,1,0.04999995232,1,1,0,0,0,0.09999999404,0.009999990463,-61.22897148,180,3133.677979,0,-0.7071068287,0,0.7071067095;
custom,killcylinder,empty,1,0.04999995232,1,1,0,0,0,0.1,0.009999990463,61.22973442,180,3133.677979,0,-0.3826835752,0,0.9238794446;
custom,killcylinder,empty,1,0.04999995232,1,1,0,0,0,0.1,0.009999990463,-147.8203201,180,2924.627991,0,1,0,0.0000001947071837;
custom,killcylinder,empty,1,0.04999995232,1,1,0,0,0,0.1,0.009999990463,-147.8203392,180,3047.086487,0,-0.9238796234,0,0.3826832175;

racing,killprism,12.24590015,4,12.45015524,157.590837,200.8,2986.95282,0,0.7071067691,0,0.7071068287;
racing,killprism,12.24590015,4,12.45015524,110.6588298,200.8,3098.065313,0,0.3826833963,0,0.9238795638;
racing,killprism,12.24590015,4,12.45015524,-1.095359351,200.8,3143.447656,0,0,0,1;
racing,killprism,12.24590015,4,12.45015634,-112.2076931,200.8,3096.515802,0,-0.3826834559,0,0.9238795042;
racing,killprism,12.24590206,4,12.45015634,-157.5900459,200.8,2984.761353,0,-0.7071067691,0,0.7071067691;


custom,prism,ice1,6.122951031,4,6.225078172,1,1,1,1,0.6,0.6,-155.7499456,200.8,2985.309296,0,-0.7071067691,0,0.7071067691;
custom,prism,ice1,6.122950077,3.2,6.225078172,1,1,1,1,0.6,0.6,-110.5190916,200.8,3095.602109,0,-0.3826834559,0,0.9238795042;
custom,prism,ice1,6.122950077,2.4,6.225077622,1,1,1,1,0.6,0.6,-0.5474165489,200.8,3141.607556,0,0,0,1;
custom,prism,ice1,6.122950077,1.6,6.225077622,1,1,1,1,0.6,0.6,109.7451368,200.8,3096.376712,0,0.3826833963,0,0.9238795638;
custom,prism,ice1,6.122950077,0.8,6.225077622,1,1,1,1,0.6,0.6,155.7507083,200.8,2986.404877,0,0.7071067691,0,0.7071068287;
custom,prism,ice1,2.069119453,0.8,9.602649605,1,1,1,1,0.9,0.4,69.43615919,200.8,3014.418039,0,-0.831469655,0,0.5555701256;
custom,prism,ice1,2.069118977,1.6,9.602646301,1,1,1,1,0.9,0.4,28.9032907,200.8,3055.151259,0,-0.9807853103,0,0.1950902343;
custom,prism,ice1,2.069119215,2.4,9.602647402,1,1,1,1,0.9,0.4,-28.56049903,200.8,3055.292979,0,0.9807852507,0,0.1950905919;
custom,prism,ice1,2.069118977,3.2,9.602647402,1,1,1,1,0.9,0.4,-69.29371507,200.8,3014.760181,0,0.8314695954,0,0.5555703044;
custom,prism,ice1,2.069118977,4,9.602647402,1,1,1,1,0.9,0.4,-69.43536379,200.8,2957.296439,0,0.5555700064,0,0.8314697146;
custom,prism,ice1,2.069119215,0,9.602647402,1,1,1,1,0.9,0.4,69.29450178,200.8,2956.954296,0,-0.5555703044,0,0.8314695358;

custom,prism,cannonregionmat,6.222951031,4.1,6.340548772,1,1,1,1,0.6,0.6,-155.7840781,200.8,2985.300347,0,-0.7071067691,0,0.7071067691;
custom,prism,cannonregionmat,6.222950077,3.3,6.340548772,1,1,1,1,0.6,0.6,-110.5495548,200.8,3095.619916,0,-0.3826834559,0,0.9238795042;
custom,prism,cannonregionmat,6.222950077,2.5,6.340548222,1,1,1,1,0.6,0.6,-0.5563655489,200.8,3141.641689,0,0,0,1;
custom,prism,cannonregionmat,6.222950077,1.7,6.340548222,1,1,1,1,0.6,0.6,109.7629442,200.8,3096.407175,0,0.3826833963,0,0.9238795638;
custom,prism,cannonregionmat,6.222950077,0.9,6.340548222,1,1,1,1,0.6,0.6,155.7848408,200.8,2986.413826,0,0.7071067691,0,0.7071068287;
custom,prism,cannonregionmat,2.169119453,0.9,9.718120205,1,1,1,1,0.9,0.4,69.40804951,200.8,3014.396709,0,-0.831469655,0,0.5555701256;
custom,prism,cannonregionmat,2.169118977,1.7,9.718116901,1,1,1,1,0.9,0.4,28.89849656,200.8,3055.1163,0,-0.9807853103,0,0.1950902343;
custom,prism,cannonregionmat,2.169119215,2.5,9.718118002,1,1,1,1,0.9,0.4,-28.53916927,200.8,3055.26487,0,0.9807852507,0,0.1950905919;
custom,prism,cannonregionmat,2.169118977,3.3,9.718118002,1,1,1,1,0.9,0.4,-69.25875611,200.8,3014.755387,0,0.8314695954,0,0.5555703044;
custom,prism,cannonregionmat,2.169118977,4.1,9.718118002,1,1,1,1,0.9,0.4,-69.40725412,200.8,2957.317769,0,0.5555700064,0,0.8314697146;
custom,prism,cannonregionmat,2.169119215,0.1,9.718118002,1,1,1,1,0.9,0.4,69.25954283,200.8,2956.95909,0,-0.5555703044,0,0.8314695358;












custom,prism,empty,12.24589825,0.09999990463,12.45015414,1,0,0,0,1,1,157.5908367,220.02,2986.952819,0,0.7071067691,0,0.7071068287;
custom,prism,empty,12.2458992,0.09999990463,12.45015414,1,0,0,0,1,1,110.6588297,220.02,3098.065313,0,0.3826833963,0,0.9238795638;
custom,prism,empty,12.24589825,0.09999990463,12.45015414,1,0,0,0,1,1,-1.095359181,220.02,3143.447656,0,0,0,1;
custom,prism,empty,12.2458992,0.09999990463,12.45015414,1,0,0,0,1,1,-112.2076926,220.02,3096.515802,0,-0.3826834559,0,0.9238795042;
custom,prism,empty,12.24590015,0.09999990463,12.45015524,1,0,0,0,1,1,-157.5900455,220.02,2984.761353,0,-0.7071067691,0,0.7071067691;
custom,prism,empty,2.069119453,0.09999990463,9.602648503,1,0,0,0,1,1,69.29450147,220.02,2956.954296,0,-0.5555703044,0,0.8314695358;
custom,prism,empty,2.069119453,0.09999990463,9.602649605,1,0,0,0,1,1,69.43615919,220.02,3014.418039,0,-0.831469655,0,0.5555701256;
custom,prism,empty,2.069118977,0.09999990463,9.602646301,1,0,0,0,1,1,28.9032907,220.02,3055.151259,0,-0.9807853103,0,0.1950902343;
custom,prism,empty,2.069119215,0.09999990463,9.602647402,1,0,0,0,1,1,-28.56049903,220.02,3055.292979,0,0.9807852507,0,0.1950905919;
custom,prism,empty,2.069118977,0.09999990463,9.602646301,1,0,0,0,1,1,-69.29371537,220.02,3014.760181,0,0.8314695954,0,0.5555703044;
custom,prism,empty,2.069118977,0.09999990463,9.602647402,1,0,0,0,1,1,-69.43536379,220.02,2957.296439,0,0.5555700064,0,0.8314697146;
custom,prism,empty,12.24589825,0.09999990463,12.45015414,1,0,0,0,1,1,157.5908367,180.02,2986.952819,0,0.7071067691,0,0.7071068287;
custom,prism,empty,12.2458992,0.09999990463,12.45015414,1,0,0,0,1,1,110.6588297,180.02,3098.065313,0,0.3826833963,0,0.9238795638;
custom,prism,empty,12.24589825,0.09999990463,12.45015414,1,0,0,0,1,1,-1.095359181,180.02,3143.447656,0,0,0,1;
custom,prism,empty,12.2458992,0.09999990463,12.45015414,1,0,0,0,1,1,-112.2076926,180.02,3096.515802,0,-0.3826834559,0,0.9238795042;
custom,prism,empty,12.24590015,0.09999990463,12.45015524,1,0,0,0,1,1,-157.5900455,180.02,2984.761353,0,-0.7071067691,0,0.7071067691;
custom,prism,empty,2.069119453,0.09999990463,9.602648503,1,0,0,0,1,1,69.29450147,180.02,2956.954296,0,-0.5555703044,0,0.8314695358;
custom,prism,empty,2.069119453,0.09999990463,9.602649605,1,0,0,0,1,1,69.43615919,180.02,3014.418039,0,-0.831469655,0,0.5555701256;
custom,prism,empty,2.069118977,0.09999990463,9.602646301,1,0,0,0,1,1,28.9032907,180.02,3055.151259,0,-0.9807853103,0,0.1950902343;
custom,prism,empty,2.069119215,0.09999990463,9.602647402,1,0,0,0,1,1,-28.56049903,180.02,3055.292979,0,0.9807852507,0,0.1950905919;
custom,prism,empty,2.069118977,0.09999990463,9.602646301,1,0,0,0,1,1,-69.29371537,180.02,3014.760181,0,0.8314695954,0,0.5555703044;
custom,prism,empty,2.069118977,0.09999990463,9.602647402,1,0,0,0,1,1,-69.43536379,180.02,2957.296439,0,0.5555700064,0,0.8314697146;

custom,cuboid,cannonregionmat,1.1,4,1.1,1,1,1,1,0.1,0.4,-25,200,2692.784729,0,0,0,1;
custom,cuboid,cannonregionmat,1.1,4,1.1,1,1,1,1,0.1,0.4,-147.820015,200,2742.784729,0,0,0,1;
custom,cuboid,cannonregionmat,1.1,4,1.1,1,1,1,1,0.1,0.4,147.8207397,200,2742.784729,0,0,0,1;
custom,cuboid,cannonregionmat,1.1,4,1.1,1,1,1,1,0.1,0.4,75.00101089,224.9999428,2717.784424,-0.7071067691,0,0,0.7071067691;
custom,cuboid,cannonregionmat,1.1,4,1.1,1,1,1,1,0.1,0.4,25.00100613,324.9998856,2717.784424,-0.7071067691,0,0,0.7071067691;
custom,cuboid,cannonregionmat,1.1,4,1.1,1,1,1,1,0.1,0.4,24.99998093,350,2742.784424,0,0,0,1;

custom,cuboid,ice1,1.05,4,1.05,1,1,1,1,0.1,0.4,-25,200,2692.784729,0,0,0,1;
custom,cuboid,ice1,1.05,4,1.05,1,1,1,1,0.1,0.4,-147.820015,200,2742.784729,0,0,0,1;
custom,cuboid,ice1,1.05,4,1.05,1,1,1,1,0.1,0.4,147.8207397,200,2742.784729,0,0,0,1;
custom,cuboid,ice1,1.05,4,1.05,1,1,1,1,0.1,0.4,75.00101089,224.9999428,2717.784424,-0.7071067691,0,0,0.7071067691;
custom,cuboid,ice1,1.05,4,1.05,1,1,1,1,0.1,0.4,25.00100613,324.9998856,2717.784424,-0.7071067691,0,0,0.7071067691;
custom,cuboid,ice1,1.05,4,1.05,1,1,1,1,0.1,0.4,24.99998093,350,2742.784424,0,0,0,1;




custom,cuboid,metal4,1,4,12,1,1,1,1,0.15,0.05,24.99999046,200,2677.784729,0,0,0,1;
custom,cuboid,metal4,1,4,8,1,1,1,1,0.1,0.05,-25.00000954,200,2657.784729,0,0,0,1;
custom,killcuboid,empty,1,4,12,1,0.1,0.1,0.15,0.1,0.4,-0.000009536743164,225,2677.784729,0,0,-0.7071067691,0.7071068287;
custom,killcuboid,empty,1,4,12,1,0.1,0.1,0.15,0.1,0.4,-0.000009536743164,175,2677.784729,0,0,-0.7071067691,0.7071068287;
racing,killcuboid,0.95,3.95,11.95,-0.000009536743164,225,2677.784729,0,0,-0.7071067691,0.7071068287;
racing,killcuboid,0.95,3.95,11.95,-0.000009536743164,175,2677.784729,0,0,-0.7071067691,0.7071068287;

custom,cuboid,metal4,1.000000119,4,17.2820015,1,1,1,1,0.2,0.05,-66.41001225,200,2742.784729,0,-0.7071067691,0,0.7071067691;
custom,cuboid,metal4,1.000000358,4,18.78201103,1,1,1,1,0.2,0.05,-113.9102364,200,2692.784729,0,-0.7071067691,0,0.7071067691;
custom,killcuboid,empty,1.000000238,4,18.78199959,1,0.1,0.1,0.15,0.1000000238,0.4,-113.9100075,225,2717.784729,-0.5,-0.5,0.4999999702,0.5;
custom,killcuboid,empty,1.000000238,4,18.78199959,1,0.1,0.1,0.15,0.1000000238,0.4,-113.9100075,175,2717.784729,-0.5,-0.5,0.4999999702,0.5;
racing,killcuboid,0.95,3.95,18.73199959,-113.9100075,225,2717.784729,-0.5,-0.5,0.4999999702,0.5;
racing,killcuboid,0.95,3.95,18.73199959,-113.9100075,175,2717.784729,-0.5,-0.5,0.4999999702,0.5;

custom,cuboid,metal4,1.000001192,4,22.68431091,1,1,1,1,0.25,0.05,-212.8203201,200,2811.20636,0,-1,0,-0.0000001629206849;
custom,cuboid,metal4,1.000001192,4,18.68429756,1,1,1,1,0.2,0.05,-147.8200436,200,2831.20636,0,-1,0,-0.0000001629206849;
custom,killcuboid,empty,1.000000119,5.5,18.68429565,1,0.1,0.1,0.15,0.1000000119,0.55,-180.320015,225,2831.20636,0,0,-0.7071067691,0.7071068287;
custom,killcuboid,empty,1.000000119,5.5,18.68429565,1,0.1,0.1,0.15,0.1000000119,0.55,-180.320015,175,2831.206055,0,0,-0.7071067691,0.7071068287;
racing,killcuboid,0.95,5.45,18.63429565,-180.320015,225,2831.20636,0,0,-0.7071067691,0.7071068287;
racing,killcuboid,0.95,5.45,18.63429565,-180.320015,175,2831.206055,0,0,-0.7071067691,0.7071068287;


custom,cuboid,metal4,1.5,7,1,1,1,1,1,0.05,0.05,-27.50000954,200,2612.784729,0,0,0,1;
custom,cuboid,metal4,1.5,7,1,1,1,1,1,0.05,0.05,27.49999046,200,2612.784729,0,0,0,1;
custom,cuboid,metal4,1.5,7,1,1,1,1,1,0.05,0.05,-0.000007152557373,227.5,2612.784729,0,0,-0.7071067691,0.7071068287;
custom,cuboid,metal4,1.5,7,1,1,1,1,1,0.05,0.05,-0.00001192092896,172.5,2612.784729,0,0,-0.7071067691,0.7071068287;

custom,cuboid,ice1,1.6,7.1,0.9,1,1,1,1,0.15,0.7,-27.50000954,200,2612.784729,0,0,0,1;
custom,cuboid,ice1,1.6,7.1,0.9,1,1,1,1,0.15,0.7,27.49999046,200,2612.784729,0,0,0,1;
custom,cuboid,ice1,1.6,7.1,0.9,1,1,1,1,0.15,0.7,-0.000007152557373,227.5,2612.784729,0,0,-0.7071067691,0.7071068287;
custom,cuboid,ice1,1.6,7.1,0.9,1,1,1,1,0.15,0.7,-0.00001192092896,172.5,2612.784729,0,0,-0.7071067691,0.7071068287;

custom,cuboid,metal4,1.000000477,4.000001431,12.282094,1,1,1,1,0.15,0.05,91.41027451,199.9999809,2742.784424,0.7071068287,-0.00000005338507592,0.7071067691,0.00000005338507592;
custom,cuboid,metal4,1.000000119,4.000000477,17.78210258,1,1,1,1,0.2,0.05,118.9104939,199.9999809,2692.784424,0.7071068287,-0.00000005338507592,0.7071067691,0.00000005338507592;
custom,killcuboid,empty,1,4,17.78207588,1,0.1,0.1,0.15,0.1,0.4,118.9103603,174.9999809,2717.784424,-0.5000000596,0.4999999702,-0.4999999404,0.5000000596;
custom,killcuboid,empty,1.000000834,4,13.78199959,1,0.1,0.1,0.15,0.1000000834,0.4,138.9110088,224.9999619,2717.784424,-0.5000000596,0.4999999702,-0.4999999404,0.5000000596;
racing,killcuboid,0.95,3.95,17.73207588,118.9103603,174.9999809,2717.784424,-0.5000000596,0.4999999702,-0.4999999404,0.5000000596;
racing,killcuboid,0.95,3.95,13.73199959,138.9110088,224.9999619,2717.784424,-0.5000000596,0.4999999702,-0.4999999404,0.5000000596;

custom,cuboid,metal4,1.000001192,4,22.68431091,1,1,1,1,0.2,0.05,212.8210449,200,2811.20636,1,-0.00000007549790126,-0.0000001947071837,0;
custom,cuboid,metal4,1.000001192,4,18.68429756,1,1,1,1,0.2,0.05,147.8207684,200,2831.20636,1,-0.00000007549790126,-0.0000001947071837,0;
custom,killcuboid,empty,1.000000238,5.500000477,18.68429565,1,0.1,0.1,0.15,0.1000000238,0.5500000477,180.3207397,175,2831.20636,0,0,0.7071067691,0.7071067691;
custom,killcuboid,empty,1.000000238,5.500000477,18.68429565,1,0.1,0.1,0.15,0.1000000238,0.5500000477,180.3207397,225,2831.206055,0,0,0.7071067691,0.7071067691;
racing,killcuboid,0.95,5.450000477,18.63429565,180.3207397,175,2831.20636,0,0,0.7071067691,0.7071067691;
racing,killcuboid,0.95,5.450000477,18.63429565,180.3207397,225,2831.206055,0,0,0.7071067691,0.7071067691;

custom,killcuboid,empty,1,1,4,1,0.1,0.1,0.15,0.1,0.1,24.99998093,225,2717.784424,0,0,0,1;
racing,killcuboid,0.95,0.95,3.95,24.95,225,2717.784424,0,0,0,1;

custom,killcuboid,empty,1,15,4,1,0.1,0.1,0.15,0.2,0.05,75.00101089,294.9999428,2717.784424,0,0,0,1;
custom,cuboid,metal4,1.000000119,15,4.000000477,1,1,1,1,0.05,0.2,49.99998093,295,2692.784424,0,-0.7071067691,0,0.7071067691;
custom,cuboid,metal4,1.000000119,15,4.000000477,1,1,1,1,0.05,0.2,50.00100613,294.9999428,2742.784424,0,-0.7071067691,0,0.7071067691;
custom,killcuboid,empty,4.000000477,10,1.000000119,1,0.1,0.1,0.15,0.2,0.05,24.99998093,280,2717.784424,0,-0.7071067691,0,0.7071067691;
racing,killcuboid,0.95,14.95,3.95,75.00101089,294.9999428,2717.784424,0,0,0,1;
racing,killcuboid,3.95,9.95,0.95,24.99998093,280,2717.784424,0,-0.7071067691,0,0.7071067691;

custom,killcuboid,empty,1.000001788,4,8.999897957,1,0.1,0.1,0.15,0.1000001788,0.4,25.00049591,374.9999237,2717.784424,-0.5000000596,0.4999999702,-0.4999999404,0.5000000596;
racing,killcuboid,0.95,3.95,8.95,25.00049591,374.9999237,2717.784424,-0.5000000596,0.4999999702,-0.4999999404,0.5000000596;

custom,cuboid,metal4,1,4,8,1,1,1,1,0.1,0.05,24.99998093,350,2777.784424,0,0,0,1;
custom,cuboid,metal4,1.000000119,4,5.000000477,1,1,1,1,0.05,0.05,5.001006126,349.9998856,2692.784424,0,-0.7071067691,0,0.7071067691;
custom,cuboid,metal4,1,4,12,1,1,1,1,0.15,0.05,-24.99899387,349.9998856,2757.784424,0,0,0,1;

custom,killcuboid,empty,1,4,12,1,0.1,0.1,0.15,0.1,0.4,0,324.9998856,2757.784424,0,0,-0.7071067691,0.7071068287;
custom,killcuboid,empty,1,4,8,1,0.1,0.1,0.15,0.1,0.4,0,375,2777.784424,0,0,-0.7071067691,0.7071068287;
racing,killcuboid,0.95,3.95,11.95,0,324.9998856,2757.784424,0,0,-0.7071067691,0.7071068287;
racing,killcuboid,0.95,3.95,7.95,0,375,2777.784424,0,0,-0.7071067691,0.7071068287;



custom,cuboid,metal4,1.5,7,1,1,1,1,1,0.05,0.05,-27.50000954,349.9998856,2822.784424,0,0,0,1;
custom,cuboid,metal4,1.5,7,1,1,1,1,1,0.05,0.05,27.49999046,349.9998856,2822.784424,0,0,0,1;
custom,cuboid,metal4,1.5,7,1,1,1,1,1,0.05,0.05,-0.000007152557373,377.4998856,2822.784424,0,0,-0.7071067691,0.7071068287;
custom,cuboid,metal4,1.5,7,1,1,1,1,1,0.05,0.05,-0.00001192092896,322.4998856,2822.784424,0,0,-0.7071067691,0.7071068287;

custom,cuboid,ice1,1.6,7.1,0.9,1,1,1,1,0.15,0.7,-27.50000954,349.9998856,2822.784424,0,0,0,1;
custom,cuboid,ice1,1.6,7.1,0.9,1,1,1,1,0.15,0.7,27.49999046,349.9998856,2822.784424,0,0,0,1;
custom,cuboid,ice1,1.6,7.1,0.9,1,1,1,1,0.15,0.7,-0.000007152557373,377.4998856,2822.784424,0,0,-0.7071067691,0.7071068287;
custom,cuboid,ice1,1.6,7.1,0.9,1,1,1,1,0.15,0.7,-0.00001192092896,322.4998856,2822.784424,0,0,-0.7071067691,0.7071068287;





















































































































































































































































custom,killcuboid,empty,0.9999999,4,34.6408997,1,0,0,0,99999,99999,93.0667687,71.5779877,1674.668274,-0.8535534,-0.3535536,-0.1464467,-0.3535532;
custom,killcuboid,empty,0.9999999,4,34.6408997,1,0,0,0,99999,99999,128.4220791,106.9333649,1674.668274,-0.8535534,-0.3535536,-0.1464467,-0.3535532;
custom,killcuboid,bombtex,3.9999998,1.0000001,34.6408997,1,0.5,0.85,1,99999,99999,98.2442761,101.7558098,1656.990814,0.3535537,-0.8535533,0.3535532,-0.1464466;
custom,killcuboid,bombtex,3.9999998,1,34.6408997,1,0.5,0.85,1,99999,99999,123.2444286,76.7556763,1692.346039,-0.8535534,-0.3535536,-0.1464467,-0.3535532;
custom,killcuboid,empty,1.0000004,4.0000005,34.6409149,1,0,0,0,99999,99999,-93.06674,71.5779114,1674.668274,-0.8535534,0.3535534,0.1464467,-0.3535533;
custom,killcuboid,empty,1.0000004,4.0000005,34.6409149,1,0,0,0,99999,99999,-128.4220791,106.9332123,1674.668274,-0.8535534,0.3535534,0.1464467,-0.3535533;
custom,killcuboid,bombtex,4.0000014,1.0000001,34.6409149,1,0.5,0.85,1,99999,99999,-123.244381,76.7555237,1692.346039,-0.8535534,0.3535534,0.1464467,-0.3535533;
custom,killcuboid,bombtex,3.9999998,1.0000001,34.6408997,1,0.5,0.85,1,99999,99999,-98.2444382,101.7556,1656.990814,-0.3535533,-0.8535535,0.3535532,0.1464469;
custom,killcuboid,bombtex,4,1.0000001,34.6408997,1,0.5,0.85,1,99999,99999,98.2442284,101.7557526,1419.078217,-0.3535532,-0.1464469,-0.3535532,-0.8535535;
custom,killcuboid,bombtex,3.9999998,1,34.6408958,1,0.5,0.85,1,99999,99999,123.2443905,76.7556381,1383.722687,-0.1464465,0.3535534,-0.8535534,0.3535535;
custom,killcuboid,empty,0.9999999,4,34.6408958,1,0,0,0,99999,99999,128.42206,106.933403,1401.400452,-0.1464465,0.3535534,-0.8535534,0.3535535;
custom,killcuboid,empty,0.9999999,4,34.6408958,1,0,0,0,99999,99999,93.0666924,71.5779495,1401.400452,-0.1464465,0.3535534,-0.8535534,0.3535535;
custom,killcuboid,empty,1,4.0000005,34.6409035,1,0,0,0,99999,99999,-128.421917,106.9332695,1401.400452,0.1464464,0.3535533,-0.8535534,-0.3535536;
custom,killcuboid,empty,1,4.0000005,34.6409035,1,0,0,0,99999,99999,-93.0667973,71.578064,1401.400452,0.1464464,0.3535533,-0.8535534,-0.3535536;
custom,killcuboid,bombtex,4,1.0000001,34.6409035,1,0.5,0.85,1,99999,99999,-123.244276,76.7556,1383.722687,0.1464464,0.3535533,-0.8535534,-0.3535536;
custom,killcuboid,bombtex,3.9999998,1,34.6408997,1,0.5,0.85,1,99999,99999,-98.2443428,101.7557144,1419.078217,-0.3535534,0.1464463,0.3535537,-0.8535533;
custom,killcuboid,empty,0.9999999,4,3.9999995,1,0,0,0,99999,99999,225.0244522,10.331192,1538.01651,-0.8535534,-0.3535536,-0.1464467,-0.3535532;
custom,killcuboid,empty,0.9999999,4,3.9999995,1,0,0,0,99999,99999,189.6691322,-25.0241852,1538.01651,-0.8535534,-0.3535536,-0.1464467,-0.3535532;
custom,killcuboid,bombtex,3.9999998,1,3.9999995,1,0.5,0.85,1,99999,99999,219.8468018,-19.8464203,1555.694275,-0.8535534,-0.3535536,-0.1464467,-0.3535532;
custom,killcuboid,bombtex,4,1,4,1,0.5,0.85,1,99999,99999,219.8466682,-19.846611,1520.338898,-0.8535533,-0.3535536,0.1464467,0.3535534;
custom,killcuboid,empty,1,4,4,1,0,0,0,99999,99999,-189.6688271,-25.0243759,1538.01651,0.8535534,-0.3535535,-0.1464466,0.3535532;
custom,killcuboid,empty,1,4,4,1,0,0,0,99999,99999,-225.0242043,10.3308487,1538.01651,0.8535534,-0.3535535,-0.1464466,0.3535532;
custom,killcuboid,bombtex,4,1,4,1,0.5,0.85,1,99999,99999,-219.8465157,-19.8466873,1555.694275,0.8535534,-0.3535535,-0.1464466,0.3535532;
custom,killcuboid,bombtex,3.9999998,1,3.9999995,1,0.5,0.85,1,99999,99999,-219.8466301,-19.8465729,1520.338898,0.8535533,-0.3535535,0.1464466,-0.3535535;
base,levelBottom,default,0.004,0.16667,0.03464,1,1,1,1,0.4,0.1,98.2442761,101.7558098,1656.990814,0.3535537,-0.8535533,0.3535532,-0.1464466;
base,levelBottom,default,0.004,0.16667,0.03464,1,1,1,1,0.4,0.1,123.2444286,76.7556763,1692.346039,-0.8535534,-0.3535536,-0.1464467,-0.3535532;
base,levelBottom,default,0.001,0.66667,0.03464,1,1,1,1,0.1,0.4,93.0667687,71.5779877,1674.668274,-0.8535534,-0.3535536,-0.1464467,-0.3535532;
base,levelBottom,default,0.001,0.66667,0.03464,1,1,1,1,0.1,0.4,128.4220791,106.9333649,1674.668274,-0.8535534,-0.3535536,-0.1464467,-0.3535532;
base,levelBottom,default,0.001,0.66667,0.03464,1,1,1,1,0.1,0.4,-93.06674,71.5779114,1674.668274,-0.8535534,0.3535534,0.1464467,-0.3535533;
base,levelBottom,default,0.001,0.66667,0.03464,1,1,1,1,0.1,0.4,-128.4220791,106.9332123,1674.668274,-0.8535534,0.3535534,0.1464467,-0.3535533;
base,levelBottom,default,0.004,0.16667,0.03464,1,1,1,1,0.4000001,0.1,-123.244381,76.7555237,1692.346039,-0.8535534,0.3535534,0.1464467,-0.3535533;
base,levelBottom,default,0.004,0.16667,0.03464,1,1,1,1,0.4,0.1,-98.2444382,101.7556,1656.990814,-0.3535533,-0.8535535,0.3535532,0.1464469;
base,levelBottom,default,0.004,0.16667,0.03464,1,1,1,1,0.4,0.1,98.2442284,101.7557526,1419.078217,-0.3535532,-0.1464469,-0.3535532,-0.8535535;
base,levelBottom,default,0.004,0.16667,0.03464,1,1,1,1,0.4,0.1,123.2443905,76.7556381,1383.722687,-0.1464465,0.3535534,-0.8535534,0.3535535;
base,levelBottom,default,0.001,0.66667,0.03464,1,1,1,1,0.1,0.4,128.42206,106.933403,1401.400452,-0.1464465,0.3535534,-0.8535534,0.3535535;
base,levelBottom,default,0.001,0.66667,0.03464,1,1,1,1,0.1,0.4,93.0666924,71.5779495,1401.400452,-0.1464465,0.3535534,-0.8535534,0.3535535;
base,levelBottom,default,0.001,0.66667,0.03464,1,1,1,1,0.1,0.4,-128.421917,106.9332695,1401.400452,0.1464464,0.3535533,-0.8535534,-0.3535536;
base,levelBottom,default,0.001,0.66667,0.03464,1,1,1,1,0.1,0.4,-93.0667973,71.578064,1401.400452,0.1464464,0.3535533,-0.8535534,-0.3535536;
base,levelBottom,default,0.004,0.16667,0.03464,1,1,1,1,0.4,0.1,-123.244276,76.7556,1383.722687,0.1464464,0.3535533,-0.8535534,-0.3535536;
base,levelBottom,default,0.004,0.16667,0.03464,1,1,1,1,0.4,0.1,-98.2443428,101.7557144,1419.078217,-0.3535534,0.1464463,0.3535537,-0.8535533;
base,levelBottom,default,0.001,0.66667,0.004,1,1,1,1,0.1,0.4,225.0244522,10.331192,1538.01651,-0.8535534,-0.3535536,-0.1464467,-0.3535532;
base,levelBottom,default,0.001,0.66667,0.004,1,1,1,1,0.1,0.4,189.6691322,-25.0241852,1538.01651,-0.8535534,-0.3535536,-0.1464467,-0.3535532;
base,levelBottom,default,0.004,0.16667,0.004,1,1,1,1,0.4,0.1,219.8468018,-19.8464203,1555.694275,-0.8535534,-0.3535536,-0.1464467,-0.3535532;
base,levelBottom,default,0.004,0.16667,0.004,1,1,1,1,0.4,0.1,219.8466682,-19.846611,1520.338898,-0.8535533,-0.3535536,0.1464467,0.3535534;
base,levelBottom,default,0.001,0.66667,0.004,1,1,1,1,0.1,0.4,-189.6688271,-25.0243759,1538.01651,0.8535534,-0.3535535,-0.1464466,0.3535532;
base,levelBottom,default,0.001,0.66667,0.004,1,1,1,1,0.1,0.4,-225.0242043,10.3308487,1538.01651,0.8535534,-0.3535535,-0.1464466,0.3535532;
base,levelBottom,default,0.004,0.16667,0.004,1,1,1,1,0.4,0.1,-219.8465157,-19.8466873,1555.694275,0.8535534,-0.3535535,-0.1464466,0.3535532;
base,levelBottom,default,0.004,0.16667,0.004,1,1,1,1,0.4,0.1,-219.8466301,-19.8465729,1520.338898,0.8535533,-0.3535535,0.1464466,-0.3535535;
custom,cuboid,ice1,4.0999998,0.9,4.0999998,1,0,1,1,1,1,0,200,1778.000488,-0.2705981,-0.6532814,-0.6532816,-0.270598;
custom,cuboid,ice1,4.0999998,0.9,4.0999998,1,0,1,1,1,1,0,200,1298.068542,0.270598,-0.6532816,0.6532814,-0.2705981;
custom,cuboid,arena2tex,3.9999998,1,3.9999998,1,0,1,1,1,1,0,200,1778.000488,-0.2705981,-0.6532814,-0.6532816,-0.270598;
custom,cuboid,arena2tex,3.9999998,1,3.9999998,1,0,1,1,1,1,0,200,1298.068542,0.270598,-0.6532816,0.6532814,-0.2705981;
custom,cuboid,metal4,4,3.9999998,0.9999999,1,0.7,0.4,1,0.05,0.05,-0.0000191,146.7158508,1831.284485,0,-0.7071067,-0.7071068,0;
custom,cuboid,metal4,3.9999998,4,0.9999999,1,0.7,0.4,1,0.05,0.05,-37.6776075,162.3223877,1831.284485,-0.2705981,-0.6532814,-0.6532816,-0.270598;
custom,cuboid,metal4,4,4,1,1,0.7,0.4,1,0.05,0.05,-53.2841682,200,1831.284485,-0.5,-0.5000001,-0.5000001,-0.4999999;
custom,cuboid,metal4,4,4,1,1,0.7,0.4,1,0.05,0.05,-37.6775909,237.6776123,1831.284485,-0.6532815,-0.2705982,-0.2705982,-0.6532813;
custom,cuboid,metal4,3.9999998,3.9999998,0.9999999,1,0.7,0.4,1,0.05,0.05,0.0000095,253.2841492,1831.284485,-0.7071068,-2e-7,-2e-7,-0.7071067;
custom,cuboid,metal4,4,4,1,1,0.7,0.4,1,0.05,0.05,37.6776075,237.6776123,1831.284485,-0.6532816,0.2705979,0.2705981,-0.6532815;
custom,cuboid,metal4,4.0000005,4.0000005,1.0000001,1,0.7,0.4,1,0.05,0.05,53.284173,200,1831.284485,-0.4999999,0.5,0.5000001,-0.5;
custom,cuboid,metal4,3.9999998,4,0.9999999,1,0.7,0.4,1,0.05,0.05,37.677598,162.3223877,1831.284485,-0.270598,0.6532813,0.6532816,-0.2705981;
custom,cuboid,metal2,2.8284199,1.9999999,3.9999998,1,0.7,0.4,1,0.141421,0.2,-34.142096,200.0001526,1861.284485,0,-0.7071067,-0.7071068,0;
custom,cuboid,metal2,2.8284223,2,4,1,0.7,0.4,1,0.1414211,0.2,0.0000834,234.1419983,1861.284485,-0.5,-0.5000001,-0.5000001,-0.4999999;
custom,cuboid,metal2,2.8284221,1.9999999,3.9999998,1,0.7,0.4,1,0.1414211,0.2,34.142096,199.9998474,1861.284485,-0.7071068,-1e-7,-1e-7,-0.7071067;
custom,cuboid,metal2,2.8284204,2.0000002,4.0000005,1,0.7,0.4,1,0.141421,0.2,-0.0000787,165.8578491,1861.284485,-0.4999999,0.5,0.5000001,-0.5;
custom,cuboid,metal2,2.8284199,1.9999999,2.8284197,1,0.7,0.4,1,0.141421,0.141421,-34.1421008,165.858078,1861.284485,0,-0.7071067,-0.7071068,0;
custom,cuboid,metal2,2.8284199,1.9999999,2.8284197,1,0.7,0.4,1,0.141421,0.141421,34.1421151,165.8576965,1861.284485,0,-0.7071067,-0.7071068,0;
custom,cuboid,metal2,2.8284199,1.9999999,2.8284197,1,0.7,0.4,1,0.141421,0.141421,34.1421771,234.1420746,1861.284485,0,-0.7071067,-0.7071068,0;
custom,cuboid,metal2,2.8284199,1.9999999,2.8284197,1,0.7,0.4,1,0.141421,0.141421,-34.142096,234.1421509,1861.284485,0,-0.7071067,-0.7071068,0;
custom,cuboid,ice1,2.9284199,1.8999999,4.0999998,1,0.7,0.4,1,0.146421,0.205,-34.142096,200.0001526,1861.284485,0,-0.7071067,-0.7071068,0;
custom,cuboid,ice1,2.9284223,1.9,4.1,1,0.7,0.4,1,0.1464211,0.205,0.0000834,234.1419983,1861.284485,-0.5,-0.5000001,-0.5000001,-0.4999999;
custom,cuboid,ice1,2.9284221,1.8999999,4.0999998,1,0.7,0.4,1,0.1464211,0.205,34.142096,199.9998474,1861.284485,-0.7071068,-1e-7,-1e-7,-0.7071067;
custom,cuboid,ice1,2.9284204,1.9000002,4.1000005,1,0.7,0.4,1,0.146421,0.205,-0.0000787,165.8578491,1861.284485,-0.4999999,0.5,0.5000001,-0.5;
custom,cuboid,ice1,2.9284199,1.8999999,2.9284197,1,0.7,0.4,1,0.146421,0.146421,-34.1421008,165.858078,1861.284485,0,-0.7071067,-0.7071068,0;
custom,cuboid,ice1,2.9284199,1.8999999,2.9284197,1,0.7,0.4,1,0.146421,0.146421,34.1421151,165.8576965,1861.284485,0,-0.7071067,-0.7071068,0;
custom,cuboid,ice1,2.9284199,1.8999999,2.9284197,1,0.7,0.4,1,0.146421,0.146421,34.1421771,234.1420746,1861.284485,0,-0.7071067,-0.7071068,0;
custom,cuboid,ice1,2.9284199,1.8999999,2.9284197,1,0.7,0.4,1,0.146421,0.146421,-34.142096,234.1421509,1861.284485,0,-0.7071067,-0.7071068,0;
custom,cuboid,metal4,3.9999998,3.9999998,0.9999999,1,0.7,0.4,1,0.05,0.05,0.0000634,146.7158508,1244.784241,-0.7071067,-1e-7,-1e-7,0.7071068;
custom,cuboid,metal4,3.9999998,4,1,1,0.7,0.4,1,0.05,0.05,37.6776505,162.3225403,1244.784241,-0.6532814,-0.2705982,0.270598,0.6532815;
custom,cuboid,metal4,4,4,1,1,0.7,0.4,1,0.05,0.05,53.2842159,200.0000763,1244.784241,-0.4999999,-0.5000001,0.5000001,0.4999999;
custom,cuboid,metal4,3.9999998,4,1,1,0.7,0.4,1,0.05,0.05,37.6776385,237.6776886,1244.784241,-0.2705981,-0.6532814,0.6532814,0.2705982;
custom,cuboid,metal4,4,4.0000005,1.0000001,1,0.7,0.4,1,0.05,0.05,0.0000347,253.2842255,1244.784241,-2e-7,-0.7071068,0.7071068,1e-7;
custom,cuboid,metal4,3.9999998,4,0.9999999,1,0.7,0.4,1,0.05,0.05,-37.6775646,237.6776886,1244.784241,0.270598,-0.6532815,0.6532815,-0.2705981;
custom,cuboid,metal4,4,4,1,1,0.7,0.4,1,0.05,0.05,-53.2841349,200.0000763,1244.784241,0.4999999,-0.5000001,0.5000001,-0.5;
custom,cuboid,metal4,3.9999998,4,0.9999999,1,0.7,0.4,1,0.05,0.05,-37.6775551,162.3225403,1244.784241,0.6532815,-0.2705982,0.2705979,-0.6532815;
custom,cuboid,metal2,2.8284197,1.9999999,3.9999998,1,0.7,0.4,1,0.141421,0.2,34.1421437,200.0001526,1214.784241,-0.7071067,-1e-7,-1e-7,0.7071068;
custom,cuboid,metal2,2.8284223,2,4,1,0.7,0.4,1,0.1414211,0.2,-0.0000354,234.1421509,1214.784241,-0.4999999,-0.5000001,0.5000001,0.4999999;
custom,cuboid,metal2,2.8284223,2.0000002,4.0000005,1,0.7,0.4,1,0.1414211,0.2,-34.1420484,200,1214.784241,-1e-7,-0.7071068,0.7071068,0;
custom,cuboid,metal2,2.8284199,2,4,1,0.7,0.4,1,0.141421,0.2,0.0001267,165.8580017,1214.784241,0.4999999,-0.5000001,0.5000001,-0.5;
custom,cuboid,metal2,2.8284197,1.9999999,2.8284197,1,0.7,0.4,1,0.141421,0.141421,34.1421485,165.858078,1214.784241,-0.7071067,-1e-7,-1e-7,0.7071068;
custom,cuboid,metal2,2.8284197,1.9999999,2.8284197,1,0.7,0.4,1,0.141421,0.141421,-34.1420674,165.8579254,1214.784241,-0.7071067,-1e-7,-1e-7,0.7071068;
custom,cuboid,metal2,2.8284197,1.9999999,2.8284197,1,0.7,0.4,1,0.141421,0.141421,-34.1421294,234.1421509,1214.784241,-0.7071067,-1e-7,-1e-7,0.7071068;
custom,cuboid,metal2,2.8284197,1.9999999,2.8284197,1,0.7,0.4,1,0.141421,0.141421,34.1421437,234.1422272,1214.784241,-0.7071067,-1e-7,-1e-7,0.7071068;
custom,cuboid,ice1,2.9284197,1.8999999,4.0999998,1,0.7,0.4,1,0.146421,0.205,34.1421437,200.0001526,1214.784241,-0.7071067,-1e-7,-1e-7,0.7071068;
custom,cuboid,ice1,2.9284223,1.9,4.1,1,0.7,0.4,1,0.1464211,0.205,-0.0000354,234.1421509,1214.784241,-0.4999999,-0.5000001,0.5000001,0.4999999;
custom,cuboid,ice1,2.9284223,1.9000002,4.1000005,1,0.7,0.4,1,0.1464211,0.205,-34.1420484,200,1214.784241,-1e-7,-0.7071068,0.7071068,0;
custom,cuboid,ice1,2.9284199,1.9,4.1,1,0.7,0.4,1,0.146421,0.205,0.0001267,165.8580017,1214.784241,0.4999999,-0.5000001,0.5000001,-0.5;
custom,cuboid,ice1,2.9284197,1.8999999,2.9284197,1,0.7,0.4,1,0.146421,0.146421,34.1421485,165.858078,1214.784241,-0.7071067,-1e-7,-1e-7,0.7071068;
custom,cuboid,ice1,2.9284197,1.8999999,2.9284197,1,0.7,0.4,1,0.146421,0.146421,-34.1420674,165.8579254,1214.784241,-0.7071067,-1e-7,-1e-7,0.7071068;
custom,cuboid,ice1,2.9284197,1.8999999,2.9284197,1,0.7,0.4,1,0.146421,0.146421,-34.1421294,234.1421509,1214.784241,-0.7071067,-1e-7,-1e-7,0.7071068;
custom,cuboid,ice1,2.9284197,1.8999999,2.9284197,1,0.7,0.4,1,0.146421,0.146421,34.1421437,234.1422272,1214.784241,-0.7071067,-1e-7,-1e-7,0.7071068;
custom,pyramid,metal4,2.2222222,1.1111111,3.1426944,1,0.7,0.4,1,0.05,0.05,0.0000262,238.2842255,1783.000183,0,1e-7,-1,0;
custom,pyramid,metal4,2.2222222,1.1111111,3.1426944,1,0.7,0.4,1,0.05,0.05,38.2841706,199.9999237,1783.000183,0,0,-0.7071068,-0.7071067;
custom,pyramid,metal4,2.2222222,1.1111111,3.1426944,1,0.7,0.4,1,0.05,0.05,-0.0000215,161.7159271,1783.000183,0,0,-2e-7,-1;
custom,pyramid,metal4,2.2222222,1.1111111,3.1426944,1,0.7,0.4,1,0.05,0.05,-38.2841706,199.9999237,1783.000183,1e-7,-1e-7,0.7071068,-0.7071067;
custom,pyramid,metal4,2.2222222,1.1111111,3.1426944,1,0.7,0.4,1,0.05,0.05,0.0000108,238.2842255,1293.068542,-1,0,-2e-7,0;
custom,pyramid,metal4,2.2222222,1.1111111,3.1426944,1,0.7,0.4,1,0.05,0.05,-38.2841325,200.0000763,1293.068542,-0.7071067,-0.7071068,-1e-7,-1e-7;
custom,pyramid,metal4,2.2222222,1.1111111,3.1426944,1,0.7,0.4,1,0.05,0.05,0.0000584,161.7159271,1293.068542,-1e-7,-1,0,-1e-7;
custom,pyramid,metal4,2.2222222,1.1111111,3.1426944,1,0.7,0.4,1,0.05,0.05,38.2842088,200.0000763,1293.068542,0.7071067,-0.7071068,-1e-7,1e-7;
custom,cuboid,metal4,4.0000005,4,4.0000005,1,0.7,0.4,1,0.05,0.05,34.1420841,234.1422081,1293.068542,0.1464467,-0.3535532,0.3535534,0.8535535;
custom,cuboid,metal4,4.0000005,3.9999998,4.0000005,1,0.7,0.4,1,0.05,0.05,-34.1420221,234.1421509,1293.068542,0.3535533,-0.1464462,0.8535535,0.3535533;
custom,cuboid,metal4,4.0000005,4,4.0000005,1,0.7,0.4,1,0.05,0.05,34.1420126,234.1420555,1783.000183,0.1464467,-0.3535532,0.3535534,0.8535535;
custom,cuboid,metal4,4.0000005,3.9999998,4.0000005,1,0.7,0.4,1,0.05,0.05,-34.1420937,234.1419983,1783.000183,0.3535533,-0.1464462,0.8535535,0.3535533;
custom,cylinder,ice1,2,23.4948,2,1,1,1,1,0.2,2.44,0,200,1538.01651,0.7071068,0,0,0.7071068;
custom,cone,ice1,6,4,6,1,1,1,1,0.2,0.2,-14.2608,196.232,1587.62403,0,-0.7071068,-0.7071068,0;
custom,cone,ice1,6,4,6,1,1,1,1,0.2,0.2,14.2608,196.232,1488.40899,0.7071068,0,0,-0.7071068;
custom,cylinder,cannonregionmat,2.05,23.5448,2.05,1,1,1,1,0.2,2.44,0,200,1538.01651,0.7071068,0,0,0.7071068;
custom,cone,cannonregionmat,6.025,4.025,6.025,1,1,1,1,0.2,0.2,-14.32022,196.2163,1587.934077,0,-0.7071068,-0.7071068,0;
custom,cone,cannonregionmat,6.025,4.025,6.025,1,1,1,1,0.2,0.2,14.32022,196.2163,1488.098943,0.7071068,0,0,-0.7071068;

custom,killcuboid,empty,0.9999999,4,34.6408997,1,0,0,0,99999,99999,-93.0667687,328.4220123,2341.173274,-0.3535536,0.8535534,0.3535532,-0.1464467;
custom,killcuboid,empty,0.9999999,4,34.6408997,1,0,0,0,99999,99999,-128.4220791,293.0666351,2341.173274,-0.3535536,0.8535534,0.3535532,-0.1464467;
custom,killcuboid,bombtex,3.9999998,1.0000001,34.6408997,1,0.5,0.85,1,99999,99999,-98.2442761,298.2441902,2323.495814,-0.8535533,-0.3535537,0.1464466,0.3535532;
custom,killcuboid,bombtex,3.9999998,1,34.6408997,1,0.5,0.85,1,99999,99999,-123.2444286,323.2443237,2358.851039,-0.3535536,0.8535534,0.3535532,-0.1464467;
custom,killcuboid,empty,1.0000004,4.0000005,34.6409149,1,0,0,0,99999,99999,93.06674,328.4220886,2341.173274,0.3535534,0.8535534,0.3535533,0.1464467;
custom,killcuboid,empty,1.0000004,4.0000005,34.6409149,1,0,0,0,99999,99999,128.4220791,293.0667877,2341.173274,0.3535534,0.8535534,0.3535533,0.1464467;
custom,killcuboid,bombtex,4.0000014,1.0000001,34.6409149,1,0.5,0.85,1,99999,99999,123.244381,323.2444763,2358.851039,0.3535534,0.8535534,0.3535533,0.1464467;
custom,killcuboid,bombtex,3.9999998,1.0000001,34.6408997,1,0.5,0.85,1,99999,99999,98.2444382,298.2444,2323.495814,-0.8535535,0.3535533,-0.1464469,0.3535532;
custom,killcuboid,bombtex,4,1.0000001,34.6408997,1,0.5,0.85,1,99999,99999,-98.2442284,298.2442474,2085.583217,-0.1464469,0.3535532,0.8535535,-0.3535532;
custom,killcuboid,bombtex,3.9999998,1,34.6408958,1,0.5,0.85,1,99999,99999,-123.2443905,323.2443619,2050.227687,0.3535534,0.1464465,-0.3535535,-0.8535534;
custom,killcuboid,empty,0.9999999,4,34.6408958,1,0,0,0,99999,99999,-128.42206,293.066597,2067.905452,0.3535534,0.1464465,-0.3535535,-0.8535534;
custom,killcuboid,empty,0.9999999,4,34.6408958,1,0,0,0,99999,99999,-93.0666924,328.4220505,2067.905452,0.3535534,0.1464465,-0.3535535,-0.8535534;
custom,killcuboid,empty,1,4.0000005,34.6409035,1,0,0,0,99999,99999,128.421917,293.0667305,2067.905452,0.3535533,-0.1464464,0.3535536,-0.8535534;
custom,killcuboid,empty,1,4.0000005,34.6409035,1,0,0,0,99999,99999,93.0667973,328.421936,2067.905452,0.3535533,-0.1464464,0.3535536,-0.8535534;
custom,killcuboid,bombtex,4,1.0000001,34.6409035,1,0.5,0.85,1,99999,99999,123.244276,323.2444,2050.227687,0.3535533,-0.1464464,0.3535536,-0.8535534;
custom,killcuboid,bombtex,3.9999998,1,34.6408997,1,0.5,0.85,1,99999,99999,98.2443428,298.2442856,2085.583217,0.1464463,0.3535534,0.8535533,0.3535537;
custom,killcuboid,empty,0.9999999,4,3.9999995,1,0,0,0,99999,99999,-225.0244522,389.668808,2204.52151,-0.3535536,0.8535534,0.3535532,-0.1464467;
custom,killcuboid,empty,0.9999999,4,3.9999995,1,0,0,0,99999,99999,-189.6691322,425.0241852,2204.52151,-0.3535536,0.8535534,0.3535532,-0.1464467;
custom,killcuboid,bombtex,3.9999998,1,3.9999995,1,0.5,0.85,1,99999,99999,-219.8468018,419.8464203,2222.199275,-0.3535536,0.8535534,0.3535532,-0.1464467;
custom,killcuboid,bombtex,4,1,4,1,0.5,0.85,1,99999,99999,-219.8466682,419.846611,2186.843898,-0.3535536,0.8535533,-0.3535534,0.1464467;
custom,killcuboid,empty,1,4,4,1,0,0,0,99999,99999,189.6688271,425.0243759,2204.52151,-0.3535535,-0.8535534,-0.3535532,-0.1464466;
custom,killcuboid,empty,1,4,4,1,0,0,0,99999,99999,225.0242043,389.6691513,2204.52151,-0.3535535,-0.8535534,-0.3535532,-0.1464466;
custom,killcuboid,bombtex,4,1,4,1,0.5,0.85,1,99999,99999,219.8465157,419.8466873,2222.199275,-0.3535535,-0.8535534,-0.3535532,-0.1464466;
custom,killcuboid,bombtex,3.9999998,1,3.9999995,1,0.5,0.85,1,99999,99999,219.8466301,419.8465729,2186.843898,-0.3535535,-0.8535533,0.3535535,0.1464466;
base,levelBottom,default,0.004,0.16667,0.03464,1,1,1,1,0.4,0.1,-98.2442761,298.2441902,2323.495814,-0.8535533,-0.3535537,0.1464466,0.3535532;
base,levelBottom,default,0.004,0.16667,0.03464,1,1,1,1,0.4,0.1,-123.2444286,323.2443237,2358.851039,-0.3535536,0.8535534,0.3535532,-0.1464467;
base,levelBottom,default,0.001,0.66667,0.03464,1,1,1,1,0.1,0.4,-93.0667687,328.4220123,2341.173274,-0.3535536,0.8535534,0.3535532,-0.1464467;
base,levelBottom,default,0.001,0.66667,0.03464,1,1,1,1,0.1,0.4,-128.4220791,293.0666351,2341.173274,-0.3535536,0.8535534,0.3535532,-0.1464467;
base,levelBottom,default,0.001,0.66667,0.03464,1,1,1,1,0.1,0.4,93.06674,328.4220886,2341.173274,0.3535534,0.8535534,0.3535533,0.1464467;
base,levelBottom,default,0.001,0.66667,0.03464,1,1,1,1,0.1,0.4,128.4220791,293.0667877,2341.173274,0.3535534,0.8535534,0.3535533,0.1464467;
base,levelBottom,default,0.004,0.16667,0.03464,1,1,1,1,0.4000001,0.1,123.244381,323.2444763,2358.851039,0.3535534,0.8535534,0.3535533,0.1464467;
base,levelBottom,default,0.004,0.16667,0.03464,1,1,1,1,0.4,0.1,98.2444382,298.2444,2323.495814,-0.8535535,0.3535533,-0.1464469,0.3535532;
base,levelBottom,default,0.004,0.16667,0.03464,1,1,1,1,0.4,0.1,-98.2442284,298.2442474,2085.583217,-0.1464469,0.3535532,0.8535535,-0.3535532;
base,levelBottom,default,0.004,0.16667,0.03464,1,1,1,1,0.4,0.1,-123.2443905,323.2443619,2050.227687,0.3535534,0.1464465,-0.3535535,-0.8535534;
base,levelBottom,default,0.001,0.66667,0.03464,1,1,1,1,0.1,0.4,-128.42206,293.066597,2067.905452,0.3535534,0.1464465,-0.3535535,-0.8535534;
base,levelBottom,default,0.001,0.66667,0.03464,1,1,1,1,0.1,0.4,-93.0666924,328.4220505,2067.905452,0.3535534,0.1464465,-0.3535535,-0.8535534;
base,levelBottom,default,0.001,0.66667,0.03464,1,1,1,1,0.1,0.4,128.421917,293.0667305,2067.905452,0.3535533,-0.1464464,0.3535536,-0.8535534;
base,levelBottom,default,0.001,0.66667,0.03464,1,1,1,1,0.1,0.4,93.0667973,328.421936,2067.905452,0.3535533,-0.1464464,0.3535536,-0.8535534;
base,levelBottom,default,0.004,0.16667,0.03464,1,1,1,1,0.4,0.1,123.244276,323.2444,2050.227687,0.3535533,-0.1464464,0.3535536,-0.8535534;
base,levelBottom,default,0.004,0.16667,0.03464,1,1,1,1,0.4,0.1,98.2443428,298.2442856,2085.583217,0.1464463,0.3535534,0.8535533,0.3535537;
base,levelBottom,default,0.001,0.66667,0.004,1,1,1,1,0.1,0.4,-225.0244522,389.668808,2204.52151,-0.3535536,0.8535534,0.3535532,-0.1464467;
base,levelBottom,default,0.001,0.66667,0.004,1,1,1,1,0.1,0.4,-189.6691322,425.0241852,2204.52151,-0.3535536,0.8535534,0.3535532,-0.1464467;
base,levelBottom,default,0.004,0.16667,0.004,1,1,1,1,0.4,0.1,-219.8468018,419.8464203,2222.199275,-0.3535536,0.8535534,0.3535532,-0.1464467;
base,levelBottom,default,0.004,0.16667,0.004,1,1,1,1,0.4,0.1,-219.8466682,419.846611,2186.843898,-0.3535536,0.8535533,-0.3535534,0.1464467;
base,levelBottom,default,0.001,0.66667,0.004,1,1,1,1,0.1,0.4,189.6688271,425.0243759,2204.52151,-0.3535535,-0.8535534,-0.3535532,-0.1464466;
base,levelBottom,default,0.001,0.66667,0.004,1,1,1,1,0.1,0.4,225.0242043,389.6691513,2204.52151,-0.3535535,-0.8535534,-0.3535532,-0.1464466;
base,levelBottom,default,0.004,0.16667,0.004,1,1,1,1,0.4,0.1,219.8465157,419.8466873,2222.199275,-0.3535535,-0.8535534,-0.3535532,-0.1464466;
base,levelBottom,default,0.004,0.16667,0.004,1,1,1,1,0.4,0.1,219.8466301,419.8465729,2186.843898,-0.3535535,-0.8535533,0.3535535,0.1464466;
custom,cuboid,ice1,4.0999998,0.9,4.0999998,1,0,1,1,1,1,0,200,2444.505488,-0.6532814,0.2705981,0.270598,-0.6532816;
custom,cuboid,ice1,4.0999998,0.9,4.0999998,1,0,1,1,1,1,0,200,1964.573542,-0.6532816,-0.270598,0.2705981,0.6532814;
custom,cuboid,arena2tex,3.9999998,1,3.9999998,1,0,1,1,1,1,0,200,2444.505488,-0.6532814,0.2705981,0.270598,-0.6532816;
custom,cuboid,arena2tex,3.9999998,1,3.9999998,1,0,1,1,1,1,0,200,1964.573542,-0.6532816,-0.270598,0.2705981,0.6532814;
custom,cuboid,metal4,4,3.9999998,0.9999999,1,0.7,0.4,1,0.05,0.05,0.0000191,253.2841492,2497.789485,-0.7071067,0,0,-0.7071068;
custom,cuboid,metal4,3.9999998,4,0.9999999,1,0.7,0.4,1,0.05,0.05,37.6776075,237.6776123,2497.789485,-0.6532814,0.2705981,0.270598,-0.6532816;
custom,cuboid,metal4,4,4,1,1,0.7,0.4,1,0.05,0.05,53.2841682,200,2497.789485,-0.5000001,0.5,0.4999999,-0.5000001;
custom,cuboid,metal4,4,4,1,1,0.7,0.4,1,0.05,0.05,37.6775909,162.3223877,2497.789485,-0.2705982,0.6532815,0.6532813,-0.2705982;
custom,cuboid,metal4,3.9999998,3.9999998,0.9999999,1,0.7,0.4,1,0.05,0.05,-0.0000095,146.7158508,2497.789485,-2e-7,0.7071068,0.7071067,-2e-7;
custom,cuboid,metal4,4,4,1,1,0.7,0.4,1,0.05,0.05,-37.6776075,162.3223877,2497.789485,0.2705979,0.6532816,0.6532815,0.2705981;
custom,cuboid,metal4,4.0000005,4.0000005,1.0000001,1,0.7,0.4,1,0.05,0.05,-53.284173,200,2497.789485,0.5,0.4999999,0.5,0.5000001;
custom,cuboid,metal4,3.9999998,4,0.9999999,1,0.7,0.4,1,0.05,0.05,-37.677598,237.6776123,2497.789485,0.6532813,0.270598,0.2705981,0.6532816;
custom,cuboid,metal2,2.8284199,1.9999999,3.9999998,1,0.7,0.4,1,0.141421,0.2,34.142096,199.9998474,2527.789485,-0.7071067,0,0,-0.7071068;
custom,cuboid,metal2,2.8284223,2,4,1,0.7,0.4,1,0.1414211,0.2,-0.0000834,165.8580017,2527.789485,-0.5000001,0.5,0.4999999,-0.5000001;
custom,cuboid,metal2,2.8284221,1.9999999,3.9999998,1,0.7,0.4,1,0.1414211,0.2,-34.142096,200.0001526,2527.789485,-1e-7,0.7071068,0.7071067,-1e-7;
custom,cuboid,metal2,2.8284204,2.0000002,4.0000005,1,0.7,0.4,1,0.141421,0.2,0.0000787,234.1421509,2527.789485,0.5,0.4999999,0.5,0.5000001;
custom,cuboid,metal2,2.8284199,1.9999999,2.8284197,1,0.7,0.4,1,0.141421,0.141421,34.1421008,234.141922,2527.789485,-0.7071067,0,0,-0.7071068;
custom,cuboid,metal2,2.8284199,1.9999999,2.8284197,1,0.7,0.4,1,0.141421,0.141421,-34.1421151,234.1423035,2527.789485,-0.7071067,0,0,-0.7071068;
custom,cuboid,metal2,2.8284199,1.9999999,2.8284197,1,0.7,0.4,1,0.141421,0.141421,-34.1421771,165.8579254,2527.789485,-0.7071067,0,0,-0.7071068;
custom,cuboid,metal2,2.8284199,1.9999999,2.8284197,1,0.7,0.4,1,0.141421,0.141421,34.142096,165.8578491,2527.789485,-0.7071067,0,0,-0.7071068;
custom,cuboid,ice1,2.9284199,1.8999999,4.0999998,1,0.7,0.4,1,0.146421,0.205,34.142096,199.9998474,2527.789485,-0.7071067,0,0,-0.7071068;
custom,cuboid,ice1,2.9284223,1.9,4.1,1,0.7,0.4,1,0.1464211,0.205,-0.0000834,165.8580017,2527.789485,-0.5000001,0.5,0.4999999,-0.5000001;
custom,cuboid,ice1,2.9284221,1.8999999,4.0999998,1,0.7,0.4,1,0.1464211,0.205,-34.142096,200.0001526,2527.789485,-1e-7,0.7071068,0.7071067,-1e-7;
custom,cuboid,ice1,2.9284204,1.9000002,4.1000005,1,0.7,0.4,1,0.146421,0.205,0.0000787,234.1421509,2527.789485,0.5,0.4999999,0.5,0.5000001;
custom,cuboid,ice1,2.9284199,1.8999999,2.9284197,1,0.7,0.4,1,0.146421,0.146421,34.1421008,234.141922,2527.789485,-0.7071067,0,0,-0.7071068;
custom,cuboid,ice1,2.9284199,1.8999999,2.9284197,1,0.7,0.4,1,0.146421,0.146421,-34.1421151,234.1423035,2527.789485,-0.7071067,0,0,-0.7071068;
custom,cuboid,ice1,2.9284199,1.8999999,2.9284197,1,0.7,0.4,1,0.146421,0.146421,-34.1421771,165.8579254,2527.789485,-0.7071067,0,0,-0.7071068;
custom,cuboid,ice1,2.9284199,1.8999999,2.9284197,1,0.7,0.4,1,0.146421,0.146421,34.142096,165.8578491,2527.789485,-0.7071067,0,0,-0.7071068;
custom,cuboid,metal4,3.9999998,3.9999998,0.9999999,1,0.7,0.4,1,0.05,0.05,-0.0000634,253.2841492,1911.289241,-1e-7,0.7071067,-0.7071068,-1e-7;
custom,cuboid,metal4,3.9999998,4,1,1,0.7,0.4,1,0.05,0.05,-37.6776505,237.6774597,1911.289241,-0.2705982,0.6532814,-0.6532815,0.270598;
custom,cuboid,metal4,4,4,1,1,0.7,0.4,1,0.05,0.05,-53.2842159,199.9999237,1911.289241,-0.5000001,0.4999999,-0.4999999,0.5000001;
custom,cuboid,metal4,3.9999998,4,1,1,0.7,0.4,1,0.05,0.05,-37.6776385,162.3223114,1911.289241,-0.6532814,0.2705981,-0.2705982,0.6532814;
custom,cuboid,metal4,4,4.0000005,1.0000001,1,0.7,0.4,1,0.05,0.05,-0.0000347,146.7157745,1911.289241,-0.7071068,2e-7,-1e-7,0.7071068;
custom,cuboid,metal4,3.9999998,4,0.9999999,1,0.7,0.4,1,0.05,0.05,37.6775646,162.3223114,1911.289241,-0.6532815,-0.270598,0.2705981,0.6532815;
custom,cuboid,metal4,4,4,1,1,0.7,0.4,1,0.05,0.05,53.2841349,199.9999237,1911.289241,-0.5000001,-0.4999999,0.5,0.5000001;
custom,cuboid,metal4,3.9999998,4,0.9999999,1,0.7,0.4,1,0.05,0.05,37.6775551,237.6774597,1911.289241,-0.2705982,-0.6532815,0.6532815,0.2705979;
custom,cuboid,metal2,2.8284197,1.9999999,3.9999998,1,0.7,0.4,1,0.141421,0.2,-34.1421437,199.9998474,1881.289241,-1e-7,0.7071067,-0.7071068,-1e-7;
custom,cuboid,metal2,2.8284223,2,4,1,0.7,0.4,1,0.1414211,0.2,0.0000354,165.8578491,1881.289241,-0.5000001,0.4999999,-0.4999999,0.5000001;
custom,cuboid,metal2,2.8284223,2.0000002,4.0000005,1,0.7,0.4,1,0.1414211,0.2,34.1420484,200,1881.289241,-0.7071068,1e-7,0,0.7071068;
custom,cuboid,metal2,2.8284199,2,4,1,0.7,0.4,1,0.141421,0.2,-0.0001267,234.1419983,1881.289241,-0.5000001,-0.4999999,0.5,0.5000001;
custom,cuboid,metal2,2.8284197,1.9999999,2.8284197,1,0.7,0.4,1,0.141421,0.141421,-34.1421485,234.141922,1881.289241,-1e-7,0.7071067,-0.7071068,-1e-7;
custom,cuboid,metal2,2.8284197,1.9999999,2.8284197,1,0.7,0.4,1,0.141421,0.141421,34.1420674,234.1420746,1881.289241,-1e-7,0.7071067,-0.7071068,-1e-7;
custom,cuboid,metal2,2.8284197,1.9999999,2.8284197,1,0.7,0.4,1,0.141421,0.141421,34.1421294,165.8578491,1881.289241,-1e-7,0.7071067,-0.7071068,-1e-7;
custom,cuboid,metal2,2.8284197,1.9999999,2.8284197,1,0.7,0.4,1,0.141421,0.141421,-34.1421437,165.8577728,1881.289241,-1e-7,0.7071067,-0.7071068,-1e-7;
custom,cuboid,ice1,2.9284197,1.8999999,4.0999998,1,0.7,0.4,1,0.146421,0.205,-34.1421437,199.9998474,1881.289241,-1e-7,0.7071067,-0.7071068,-1e-7;
custom,cuboid,ice1,2.9284223,1.9,4.1,1,0.7,0.4,1,0.1464211,0.205,0.0000354,165.8578491,1881.289241,-0.5000001,0.4999999,-0.4999999,0.5000001;
custom,cuboid,ice1,2.9284223,1.9000002,4.1000005,1,0.7,0.4,1,0.1464211,0.205,34.1420484,200,1881.289241,-0.7071068,1e-7,0,0.7071068;
custom,cuboid,ice1,2.9284199,1.9,4.1,1,0.7,0.4,1,0.146421,0.205,-0.0001267,234.1419983,1881.289241,-0.5000001,-0.4999999,0.5,0.5000001;
custom,cuboid,ice1,2.9284197,1.8999999,2.9284197,1,0.7,0.4,1,0.146421,0.146421,-34.1421485,234.141922,1881.289241,-1e-7,0.7071067,-0.7071068,-1e-7;
custom,cuboid,ice1,2.9284197,1.8999999,2.9284197,1,0.7,0.4,1,0.146421,0.146421,34.1420674,234.1420746,1881.289241,-1e-7,0.7071067,-0.7071068,-1e-7;
custom,cuboid,ice1,2.9284197,1.8999999,2.9284197,1,0.7,0.4,1,0.146421,0.146421,34.1421294,165.8578491,1881.289241,-1e-7,0.7071067,-0.7071068,-1e-7;
custom,cuboid,ice1,2.9284197,1.8999999,2.9284197,1,0.7,0.4,1,0.146421,0.146421,-34.1421437,165.8577728,1881.289241,-1e-7,0.7071067,-0.7071068,-1e-7;
custom,pyramid,metal4,2.2222222,1.1111111,3.1426944,1,0.7,0.4,1,0.05,0.05,-0.0000262,161.7157745,2449.505183,1e-7,0,0,-1;
custom,pyramid,metal4,2.2222222,1.1111111,3.1426944,1,0.7,0.4,1,0.05,0.05,-38.2841706,200.0000763,2449.505183,0,0,0.7071067,-0.7071068;
custom,pyramid,metal4,2.2222222,1.1111111,3.1426944,1,0.7,0.4,1,0.05,0.05,0.0000215,238.2840729,2449.505183,0,0,1,-2e-7;
custom,pyramid,metal4,2.2222222,1.1111111,3.1426944,1,0.7,0.4,1,0.05,0.05,38.2841706,200.0000763,2449.505183,-1e-7,-1e-7,0.7071067,0.7071068;
custom,pyramid,metal4,2.2222222,1.1111111,3.1426944,1,0.7,0.4,1,0.05,0.05,-0.0000108,161.7157745,1959.573542,0,1,0,-2e-7;
custom,pyramid,metal4,2.2222222,1.1111111,3.1426944,1,0.7,0.4,1,0.05,0.05,38.2841325,199.9999237,1959.573542,-0.7071068,0.7071067,1e-7,-1e-7;
custom,pyramid,metal4,2.2222222,1.1111111,3.1426944,1,0.7,0.4,1,0.05,0.05,-0.0000584,238.2840729,1959.573542,-1,1e-7,1e-7,0;
custom,pyramid,metal4,2.2222222,1.1111111,3.1426944,1,0.7,0.4,1,0.05,0.05,-38.2842088,199.9999237,1959.573542,-0.7071068,-0.7071067,-1e-7,-1e-7;
custom,cuboid,metal4,4.0000005,4,4.0000005,1,0.7,0.4,1,0.05,0.05,-34.1420841,165.8577919,1959.573542,-0.3535532,-0.1464467,-0.8535535,0.3535534;
custom,cuboid,metal4,4.0000005,3.9999998,4.0000005,1,0.7,0.4,1,0.05,0.05,34.1420221,165.8578491,1959.573542,-0.1464462,-0.3535533,-0.3535533,0.8535535;
custom,cuboid,metal4,4.0000005,4,4.0000005,1,0.7,0.4,1,0.05,0.05,-34.1420126,165.8579445,2449.505183,-0.3535532,-0.1464467,-0.8535535,0.3535534;
custom,cuboid,metal4,4.0000005,3.9999998,4.0000005,1,0.7,0.4,1,0.05,0.05,34.1420937,165.8580017,2449.505183,-0.1464462,-0.3535533,-0.3535533,0.8535535;
custom,cylinder,ice1,2,23.4948,2,1,1,1,1,0.2,2.44,0,200,2204.52151,0,-0.7071068,-0.7071068,0;
custom,cone,ice1,6,4,6,1,1,1,1,0.2,0.2,14.2608,203.768,2254.12903,-0.7071068,0,0,-0.7071068;
custom,cone,ice1,6,4,6,1,1,1,1,0.2,0.2,-14.2608,203.768,2154.91399,0,-0.7071068,0.7071068,0;
custom,cylinder,cannonregionmat,2.05,23.5448,2.05,1,1,1,1,0.2,2.44,0,200,2204.52151,0,-0.7071068,-0.7071068,0;
custom,cone,cannonregionmat,6.025,4.025,6.025,1,1,1,1,0.2,0.2,14.32022,203.7837,2254.439077,-0.7071068,0,0,-0.7071068;
custom,cone,cannonregionmat,6.025,4.025,6.025,1,1,1,1,0.2,0.2,-14.32022,203.7837,2154.603943,0,-0.7071068,0.7071068,0;






custom,cone,empty,6.25,4.25,0.75,1,0,0,0,0.2,0.2,-14.855,199.529,1590.7245,0,1,1,0;
custom,cone,empty,6.25,4.25,0.75,1,0,0,0,0.3,0.3,-14.855,200.471,1485.30852,0,1,-1,0;
custom,cone,empty,6.25,4.25,0.75,1,0,0,0,0.4,0.4,-14.855,199.529,2257.2295,0,1,1,0;
custom,cone,empty,6.25,4.25,0.75,1,0,0,0,0.5,0.5,-14.855,200.471,2151.81352,0,1,-1,0;

custom,cone,empty,0.75,4.25,6.25,1,0,0,0,0.2,0.2,-1.7826,196.075,1590.7245,0,1,1,0;
custom,cone,empty,0.75,4.25,6.25,1,0,0,0,0.3,0.3,-1.7826,203.925,1485.30852,0,1,-1,0;
custom,cone,empty,0.75,4.25,6.25,1,0,0,0,0.4,0.4,-1.7826,196.075,2257.2295,0,1,1,0;
custom,cone,empty,0.75,4.25,6.25,1,0,0,0,0.5,0.5,-1.7826,203.925,2151.81352,0,1,-1,0;

custom,cylinder,empty,25,0.2,25,1,0,0,0,1,1,0,200,1538.01651,0,1,1,0;
custom,cylinder,empty,25,0.2,25,1,0,0,0,1,1,0,200,2204.52151,0,1,1,0;
custom,cylinder,empty,3,0.2,3,1,0,0,0,1,1,0,200,1688.01651,0,1,1,0;
custom,cylinder,empty,3,0.2,3,1,0,0,0,1,1,0,200,2354.52151,0,1,1,0;
custom,cylinder,empty,3,0.2,3,1,0,0,0,1,1,0,200,1388.01651,0,1,1,0;
custom,cylinder,empty,3,0.2,3,1,0,0,0,1,1,0,200,2054.52151,0,1,1,0;

custom,cylinder,empty,3,23.4948,0.4,1,0,0,0,0.2,2.44,0,200,1538.01651,0.7071068,0,0,0.7071068;
custom,cylinder,empty,3,23.4948,0.4,1,0,0,0,0.2,2.44,0,200,2204.52151,0,-0.7071068,-0.7071068,0;
custom,cylinder,empty,0.4,23.4948,3,1,0,0,0,0.2,2.44,0,200,1538.01651,0.7071068,0,0,0.7071068;
custom,cylinder,empty,0.4,23.4948,3,1,0,0,0,0.2,2.44,0,200,2204.52151,0,-0.7071068,-0.7071068,0;



racing,checkpointcuboid,2,2,2,0,349.9998474,4127.414551,-0.3535534143,-0.1464465857,-0.3535533547,0.8535534143;
custom,cuboid,metal4,7,1,7,1,1,1,1,0.2,0.2,-0.00003576278687,319.9998474,4127.914429,0,0,0,1;
custom,cuboid,metal4,7,1,7,1,1,1,1,0.2,0.2,-0.000009536743164,379.9998474,4127.914429,0,0,0,1;
custom,cuboid,medievalartilleryassets_texture-psd,1,7,7,1,1,1,1,1,1,-29.99999762,349.9998856,4127.914429,0,1,0,0;
custom,cuboid,medievalartilleryassets_texture-psd,1,7,7,1,1,1,1,1,1,30,349.9998474,4127.914429,0,1,0,0;
custom,killcuboid,ice1,2.099999905,0.1000000015,0.1000000015,1,0.5,0.85,1,0.2099999905,0.01000000015,7.071067691,347.928772,4115.343018,-0.3535534143,-0.1464465857,-0.3535533547,0.8535534143;
custom,killcuboid,ice1,2.099999905,0.1000000015,0.1000000015,1,0.5,0.85,1,0.2099999905,0.01000000015,-7.071067691,337.928772,4125.343018,-0.3535534143,-0.1464465857,-0.3535533547,0.8535534143;
custom,killcuboid,ice1,2.099999905,0.1000000015,0.1000000015,1,0.5,0.85,1,0.2099999905,0.01000000015,-7.071067691,352.0709229,4139.485474,-0.3535534143,-0.1464465857,-0.3535533547,0.8535534143;
custom,killcuboid,ice1,2.099999905,0.1000000015,0.1000000015,1,0.5,0.85,1,0.2099999905,0.01000000015,7.071067691,362.0709229,4129.485474,-0.3535534143,-0.1464465857,-0.3535533547,0.8535534143;
custom,killcuboid,ice1,2.099999905,0.1000000015,0.1000000089,1,0.5,0.85,1,0.2099999905,0.01000000015,14.14213419,349.9998474,4127.414551,-0.5,-0.7071067691,-0.00000001092784796,0.4999999702;
custom,killcuboid,ice1,2.099999905,0.1000000015,0.1000000089,1,0.5,0.85,1,0.2099999905,0.01000000015,0.0000005960464478,339.9998474,4137.414551,-0.5,-0.7071067691,-0.00000001092784796,0.4999999702;
custom,killcuboid,ice1,2.099999905,0.1000000015,0.1000000089,1,0.5,0.85,1,0.2099999905,0.01000000015,-14.14213419,349.9998474,4127.414551,-0.5,-0.7071067691,-0.00000001092784796,0.4999999702;
custom,killcuboid,ice1,2.099999905,0.1000000015,0.1000000089,1,0.5,0.85,1,0.2099999905,0.01000000015,-0.0000005960464478,359.9998474,4117.414551,-0.5,-0.7071067691,-0.00000001092784796,0.4999999702;
custom,killcuboid,ice1,2.099999905,0.1000000015,0.1000000015,1,0.5,0.85,1,0.2099999905,0.01000000015,7.071066499,337.928772,4125.343018,-0.8535534143,-0.1464466155,0.3535533547,0.3535533547;
custom,killcuboid,ice1,2.099999905,0.1000000015,0.1000000015,1,0.5,0.85,1,0.2099999905,0.01000000015,7.071067691,352.0709229,4139.485474,-0.8535534143,-0.1464466155,0.3535533547,0.3535533547;
custom,killcuboid,ice1,2.099999905,0.1000000015,0.1000000015,1,0.5,0.85,1,0.2099999905,0.01000000015,-7.071066499,362.0709229,4129.485474,-0.8535534143,-0.1464466155,0.3535533547,0.3535533547;
custom,killcuboid,ice1,2.099999905,0.1000000015,0.1000000015,1,0.5,0.85,1,0.2099999905,0.01000000015,-7.071067691,347.928772,4115.343018,-0.8535534143,-0.1464466155,0.3535533547,0.3535533547;

custom,cuboid,ice1,5,1,2,1,1,1,1,0.2,0.2,0,325,4087.914429,0,0,0,1;
custom,cuboid,ice1,5,1,2,1,1,1,1,0.2,0.2,0,375,4087.914429,0,0,0,1;
custom,cuboid,ice1,1,5,2,1,1,1,1,1,1,-25,350,4087.914429,0,1,0,0;
custom,cuboid,ice1,1,5,2,1,1,1,1,1,1,25,350,4087.914429,0,1,0,0;
custom,cuboid,metal4,4.9,0.9,2.1,1,1,1,1,0.25,0.05,0,325,4087.914429,0,0,0,1;
custom,cuboid,metal4,4.9,0.9,2.1,1,1,1,1,0.25,0.05,0,375,4087.914429,0,0,0,1;
custom,cuboid,metal4,0.9,4.9,2.1,1,1,1,1,0.05,0.25,-25,350,4087.914429,0,1,0,0;
custom,cuboid,metal4,0.9,4.9,2.1,1,1,1,1,0.05,0.25,25,350,4087.914429,0,1,0,0;





custom,killcuboid,ice1,0.11,0.11,55.66229248,1,1,0.5,0,1,1,-25.98125935,364.9842834,3176.095886,0,0,0,1;
custom,killcuboid,ice1,0.11,0.11,52.66231537,1,1,0.5,0,1,1,25.98124027,364.9842834,3161.095886,0,0,0,1;
custom,killcuboid,ice1,0.11,0.11,29.00006676,1,1,0.5,0,1,1,99.5932579,364.9842834,3526.908569,0,0.5,0,0.8660253882;
custom,killcuboid,ice1,0.11,0.11,23.00004196,1,1,0.5,0,1,1,125.573349,364.9842834,3481.906433,0,0.5,0,0.8660253882;
custom,killcuboid,ice1,0.11,0.11,17.49980354,1,1,0.5,0,1,1,300.9441566,364.9842834,3555.657654,0,0.8660254478,0,0.4999999702;
custom,killcuboid,ice1,0.11,0.11,11.49989223,1,1,0.5,0,1,1,274.9627876,364.9842834,3510.657043,0,0.8660254478,0,0.4999999702;
custom,killcuboid,ice1,0.11,0.11,11.49999905,1,1,0.5,0,1,1,376.721611,364.9842834,3454.407349,0,1,0,-0.0000001629206849;
custom,killcuboid,ice1,0.11,0.11,5.500006676,1,1,0.5,0,1,1,324.7591782,364.9842834,3454.40918,0,1,0,-0.0000001629206849;
custom,killcuboid,ice1,0.11,0.11,10.99988079,1,1,0.5,0,1,1,329.0898895,364.9842834,3369.407043,0,0.866025269,0,-0.5000002384;
custom,killcuboid,ice1,0.11,0.11,4.999953747,1,1,0.5,0,1,1,303.1092453,364.9842834,3414.408569,0,0.866025269,0,-0.5000002384;
custom,killcuboid,ice1,0.11,0.11,9.999893188,1,1,0.5,0,1,1,238.1572723,364.9852753,3426.907654,0,0.8660254478,0,0.4999999702;
custom,killcuboid,ice1,0.11,0.11,9.999882698,1,1,0.5,0,1,1,238.158226,364.9852753,3366.906128,0,0.8660254478,0,0.4999999702;
custom,killcuboid,ice1,0.11,0.11,13.50002861,1,1,0.5,0,1,1,136.3987541,364.9852753,3418.157959,0,0.5,0,0.8660253882;
custom,killcuboid,ice1,0.11,0.11,7.500018597,1,1,0.5,0,1,1,162.3810005,364.9852753,3373.157043,0,0.5,0,0.8660253882;
custom,killcuboid,ice1,0.11,0.11,28.99999619,1,1,0.5,0,1,1,77.94178009,364.9842834,3239.407349,0,0,0,1;
custom,killcuboid,ice1,0.11,0.11,22.99999809,1,1,0.5,0,1,1,129.9042892,364.9852753,3239.407349,0,0,0,1;
custom,killcuboid,ice1,0.11,0.11,6.999923229,1,1,0.5,0,1,1,160.2139854,364.9842834,3106.907959,0,0.8660254478,0,0.4999999702;
custom,killcuboid,ice1,0.11,0.11,12.99985504,1,1,0.5,0,1,1,134.2336845,364.9842834,3061.907043,0,0.8660254478,0,0.4999999702;
custom,killcuboid,ice1,0.11,0.11,9.00001049,1,1,0.5,0,1,1,229.4959831,364.9852753,3111.907043,0,0.5,0,0.8660253882;
custom,killcuboid,ice1,0.11,0.11,15.00002289,1,1,0.5,0,1,1,255.4780769,364.9842834,3066.906128,0,0.5,0,0.8660253882;
custom,killcuboid,ice1,0.11,0.11,9.999998093,1,1,0.5,0,1,1,320.4302216,364.9852753,3154.406433,0,1,0,-0.0000001629206849;
custom,killcuboid,ice1,0.11,0.11,9.999996185,1,1,0.5,0,1,1,268.4668541,364.9852753,3184.406433,0,1,0,-0.0000001629206849;
custom,killcuboid,ice1,0.11,0.11,21.50004768,1,1,0.5,0,1,1,361.5648651,364.9852753,3288.157043,0,0.5,0,0.8660253882;
custom,killcuboid,ice1,0.11,0.11,21.50005341,1,1,0.5,0,1,1,413.5272598,364.9842834,3258.157043,0,0.5,0,0.8660253882;
custom,killcuboid,ice1,0.11,0.11,21.49999809,1,1,0.5,0,1,1,454.6623611,364.9852753,3449.406433,0,0,0,1;
custom,killcuboid,ice1,0.11,0.11,27.49999809,1,1,0.5,0,1,1,506.6252899,364.9842834,3449.407349,0,0,0,1;
custom,killcuboid,ice1,0.11,0.11,15.99981785,1,1,0.5,0,1,1,437.3430634,364.9852753,3626.907654,0,0.8660254478,0,0.4999999702;
custom,killcuboid,ice1,0.11,0.11,15.99981499,1,1,0.5,0,1,1,385.3810883,364.9852753,3596.907043,0,0.8660254478,0,0.4999999702;
custom,killcuboid,ice1,0.11,0.11,5.500006676,1,1,0.5,0,1,1,368.0613327,364.9852753,3694.405518,0,1,0,-0.0000001629206849;
custom,killcuboid,ice1,0.11,0.11,11.50000286,1,1,0.5,0,1,1,316.0987663,364.9842834,3694.407349,0,1,0,-0.0000001629206849;
custom,killcuboid,ice1,0.11,0.11,24.50005722,1,1,0.5,0,1,1,422.1871567,364.9842834,3813.157654,0,0.5,0,0.8660253882;
custom,killcuboid,ice1,0.11,0.11,18.50004578,1,1,0.5,0,1,1,448.1679535,364.9842834,3768.156128,0,0.5,0,0.8660253882;
custom,killcuboid,ice1,0.11,0.11,17.49981117,1,1,0.5,0,1,1,604.0535355,364.9842834,3830.658569,0,0.8660254478,0,0.4999999702;
custom,killcuboid,ice1,0.11,0.11,11.49987411,1,1,0.5,0,1,1,578.071785,364.9842834,3785.657043,0,0.8660254478,0,0.4999999702;
custom,killcuboid,ice1,0.11,0.11,8.500006676,1,1,0.5,0,1,1,679.8310089,364.9842834,3744.408264,0,1,0,-0.0000001629206849;
custom,killcuboid,ice1,0.11,0.11,8.500002861,1,1,0.5,0,1,1,627.8662109,364.9842834,3714.40918,0,1,0,-0.0000001629206849;
custom,killcuboid,ice1,0.11,0.11,14.49983597,1,1,0.5,0,1,1,742.6170349,364.9842834,3665.657654,0,0.8660254478,0,0.4999999702;
custom,killcuboid,ice1,0.11,0.11,14.49983978,1,1,0.5,0,1,1,690.6533051,364.9842834,3635.658875,0,0.8660254478,0,0.4999999702;
custom,killcuboid,ice1,0.11,0.11,11.49999905,1,1,0.5,0,1,1,805.4071808,364.9842834,3571.907349,0,1,0,-0.0000001629206849;
custom,killcuboid,ice1,0.11,0.11,5.500006676,1,1,0.5,0,1,1,753.4408569,364.9852753,3571.90918,0,1,0,-0.0000001629206849;
custom,killcuboid,ice1,0.11,0.11,21.50004768,1,1,0.5,0,1,1,660.3437805,364.9852753,3490.658569,0,0.5,0,0.8660253882;
custom,killcuboid,ice1,0.11,0.11,21.50005531,1,1,0.5,0,1,1,712.3091125,364.9852753,3460.656738,0,0.5,0,0.8660253882;
custom,killcuboid,ice1,0.11,0.11,17.79627419,1,1,0.5,0,1,1,567.2458267,364.9852753,3347.926941,0,0,0,1;
custom,killcuboid,ice1,0.11,0.11,17.79626656,1,1,0.5,0,1,1,619.2106247,364.9852753,3317.926025,0,0,0,1;
custom,killcuboid,ice1,0.11,0.11,21.5000515,1,1,0.5,0,1,1,474.1488266,364.9852753,3205.195007,0,0.5,0,0.8660253882;
custom,killcuboid,ice1,0.11,0.11,21.50004768,1,1,0.5,0,1,1,526.1121368,364.9852753,3175.195007,0,0.5,0,0.8660253882;
custom,killcuboid,ice1,0.11,0.11,7.000000954,1,1,0.5,0,1,1,433.013649,364.9842834,3086.445618,0,1,0,-0.0000001629206849;
custom,killcuboid,ice1,0.11,0.11,12.99999523,1,1,0.5,0,1,1,381.0506439,364.9842834,3086.444702,0,1,0,-0.0000001629206849;
custom,killcuboid,ice1,0.11,0.11,6.999923229,1,1,0.5,0,1,1,463.3237839,364.9842834,3033.945007,0,0.8660254478,0,0.4999999702;
custom,killcuboid,ice1,0.11,0.11,12.99985123,1,1,0.5,0,1,1,437.3425293,364.9842834,2988.944092,0,0.8660254478,0,0.4999999702;
custom,killcuboid,ice1,0.11,0.11,22.00004578,1,1,0.5,0,1,1,588.8969421,364.9842834,3071.445007,0,0.5,0,0.8660253882;
custom,killcuboid,ice1,0.11,0.11,28.00005722,1,1,0.5,0,1,1,614.8782349,364.9842834,3026.444092,0,0.5,0,0.8660253882;
custom,killcuboid,ice1,0.11,0.11,24.42637634,1,1,0.5,0,1,1,684.1594696,364.9852753,3248.576355,0,0,0,1;
custom,killcuboid,ice1,0.11,0.11,24.49999237,1,1,0.5,0,1,1,736.1220551,364.9852753,3218.944702,0,0,0,1;
custom,killcuboid,ice1,0.11,0.11,21.53686142,1,1,0.5,0,1,1,777.0970154,364.9852753,3425.102844,0,0.5,0,0.8660253882;
custom,killcuboid,ice1,0.11,0.11,21.46324539,1,1,0.5,0,1,1,829.0601349,364.9852753,3395.102234,0,0.5,0,0.8660253882;
custom,killcuboid,ice1,0.11,0.11,31.53063393,1,1,0.5,0,1,1,870.3549194,364.9852753,3636.597595,0,0,0,1;
custom,killcuboid,ice1,0.11,0.11,37.60426331,1,1,0.5,0,1,1,922.3181152,364.9852753,3636.230164,0,0,0,1;
custom,killcuboid,ice1,0.11,0.11,41.99953461,1,1,0.5,0,1,1,740.4519653,364.9852753,3929.251099,0,0.8660254478,0,0.4999999702;
custom,killcuboid,ice1,0.11,0.11,35.9996109,1,1,0.5,0,1,1,714.4717407,364.9842834,3884.250488,0,0.8660254478,0,0.4999999702;
custom,killcuboid,ice1,0.11,0.11,43.50009155,1,1,0.5,0,1,1,370.2256775,364.9842834,3925.501404,0,0.5,0,0.8660253882;
custom,killcuboid,ice1,0.11,0.11,37.50008011,1,1,0.5,0,1,1,396.2078476,364.9842834,3880.500488,0,0.5,0,0.8660253882;
custom,killcuboid,ice1,0.11,0.11,12.49999905,1,1,0.5,0,1,1,233.8273048,364.9842834,3724.250793,0,1,0,-0.0000001629206849;
custom,killcuboid,ice1,0.11,0.11,12.49999905,1,1,0.5,0,1,1,181.8648529,364.9842834,3754.250793,0,1,0,-0.0000001629206849;
custom,killcuboid,ice1,0.11,0.11,12.00002861,1,1,0.5,0,1,1,129.9045753,364.9852753,3661.751404,0,0.5,0,0.8660253882;
custom,killcuboid,ice1,0.11,0.11,18.00003624,1,1,0.5,0,1,1,155.884285,364.9852753,3616.749573,0,0.5,0,0.8660253882;
custom,killcuboid,ice1,0.11,0.11,6.000272274,1,1,0.5,0,1,1,51.96129799,364.9852753,3646.752319,0,0.8660254478,0,0.4999999702;
custom,killcuboid,ice1,0.11,0.11,12.00019455,1,1,0.5,0,1,1,25.97906113,364.9852753,3601.751404,0,0.8660254478,0,0.4999999702;
custom,killcuboid,ice1,0.11,0.11,43.1158371,1,1,0.5,0,1,1,25.97837448,364.9852753,3877.331848,0,1,0,-0.0000001629206849;
custom,killcuboid,ice1,0.11,0.11,46.1158371,1,1,0.5,0,1,1,-25.98407269,364.9852753,3862.331848,0,1,0,-0.0000001629206849;
custom,killcuboid,ice1,0.11,0.11,46.1158371,1,1,0.5,0,1,1,-25.98407269,334.9852753,3862.331848,0,1,0,-0.0000001629206849;
custom,killcuboid,ice1,0.11,0.11,38.11586761,1,1,0.5,0,1,1,25.97837448,334.9852753,3852.331848,0,1,0,-0.0000001629206849;
custom,killcuboid,ice1,0.11,0.11,12.00019455,1,1,0.5,0,1,1,25.97906113,334.9852753,3601.751404,0,0.8660254478,0,0.4999999702;
custom,killcuboid,ice1,0.11,0.11,6.000272274,1,1,0.5,0,1,1,51.96129799,334.9852753,3646.752319,0,0.8660254478,0,0.4999999702;
custom,killcuboid,ice1,0.11,0.11,18.00003624,1,1,0.5,0,1,1,155.884285,334.9852753,3616.749573,0,0.5,0,0.8660253882;
custom,killcuboid,ice1,0.11,0.11,12.00002861,1,1,0.5,0,1,1,129.9045753,334.9852753,3661.751404,0,0.5,0,0.8660253882;
custom,killcuboid,ice1,0.11,0.11,12.49999905,1,1,0.5,0,1,1,181.8648529,334.9842834,3754.250793,0,1,0,-0.0000001629206849;
custom,killcuboid,ice1,0.11,0.11,12.49999905,1,1,0.5,0,1,1,233.8273048,334.9842834,3724.250793,0,1,0,-0.0000001629206849;
custom,killcuboid,ice1,0.11,0.11,37.50008011,1,1,0.5,0,1,1,396.2078476,334.9842834,3880.500488,0,0.5,0,0.8660253882;
custom,killcuboid,ice1,0.11,0.11,43.50009155,1,1,0.5,0,1,1,370.2256775,334.9842834,3925.501404,0,0.5,0,0.8660253882;
custom,killcuboid,ice1,0.11,0.11,35.9996109,1,1,0.5,0,1,1,714.4717407,334.9842834,3884.250488,0,0.8660254478,0,0.4999999702;
custom,killcuboid,ice1,0.11,0.11,41.99953461,1,1,0.5,0,1,1,740.4519653,334.9852753,3929.251099,0,0.8660254478,0,0.4999999702;
custom,killcuboid,ice1,0.11,0.11,37.60426331,1,1,0.5,0,1,1,922.3181152,334.9852753,3636.230164,0,0,0,1;
custom,killcuboid,ice1,0.11,0.11,31.53063393,1,1,0.5,0,1,1,870.3549194,334.9852753,3636.597595,0,0,0,1;
custom,killcuboid,ice1,0.11,0.11,21.46324539,1,1,0.5,0,1,1,829.0601349,334.9852753,3395.102234,0,0.5,0,0.8660253882;
custom,killcuboid,ice1,0.11,0.11,21.53686142,1,1,0.5,0,1,1,777.0970154,334.9852753,3425.102844,0,0.5,0,0.8660253882;
custom,killcuboid,ice1,0.11,0.11,24.49999237,1,1,0.5,0,1,1,736.1220551,334.9852753,3218.944702,0,0,0,1;
custom,killcuboid,ice1,0.11,0.11,24.42637634,1,1,0.5,0,1,1,684.1594696,334.9852753,3248.576355,0,0,0,1;
custom,killcuboid,ice1,0.11,0.11,28.00005722,1,1,0.5,0,1,1,614.8782349,334.9842834,3026.444092,0,0.5,0,0.8660253882;
custom,killcuboid,ice1,0.11,0.11,22.00004578,1,1,0.5,0,1,1,588.8969421,334.9842834,3071.445007,0,0.5,0,0.8660253882;
custom,killcuboid,ice1,0.11,0.11,12.99985123,1,1,0.5,0,1,1,437.3425293,334.9842834,2988.944092,0,0.8660254478,0,0.4999999702;
custom,killcuboid,ice1,0.11,0.11,6.999923229,1,1,0.5,0,1,1,463.3237839,334.9842834,3033.945007,0,0.8660254478,0,0.4999999702;
custom,killcuboid,ice1,0.11,0.11,12.99999523,1,1,0.5,0,1,1,381.0506439,334.9842834,3086.444702,0,1,0,-0.0000001629206849;
custom,killcuboid,ice1,0.11,0.11,7.000000954,1,1,0.5,0,1,1,433.013649,334.9842834,3086.445618,0,1,0,-0.0000001629206849;
custom,killcuboid,ice1,0.11,0.11,21.50004768,1,1,0.5,0,1,1,526.1121368,334.9852753,3175.195007,0,0.5,0,0.8660253882;
custom,killcuboid,ice1,0.11,0.11,21.5000515,1,1,0.5,0,1,1,474.1488266,334.9852753,3205.195007,0,0.5,0,0.8660253882;
custom,killcuboid,ice1,0.11,0.11,17.79626656,1,1,0.5,0,1,1,619.2106247,334.9852753,3317.926025,0,0,0,1;
custom,killcuboid,ice1,0.11,0.11,17.79627419,1,1,0.5,0,1,1,567.2458267,334.9852753,3347.926941,0,0,0,1;
custom,killcuboid,ice1,0.11,0.11,21.50005531,1,1,0.5,0,1,1,712.3091125,334.9852753,3460.656738,0,0.5,0,0.8660253882;
custom,killcuboid,ice1,0.11,0.11,21.50004768,1,1,0.5,0,1,1,660.3437805,334.9852753,3490.658569,0,0.5,0,0.8660253882;
custom,killcuboid,ice1,0.11,0.11,5.500006676,1,1,0.5,0,1,1,753.4408569,334.9852753,3571.90918,0,1,0,-0.0000001629206849;
custom,killcuboid,ice1,0.11,0.11,11.49999905,1,1,0.5,0,1,1,805.4071808,334.9842834,3571.907349,0,1,0,-0.0000001629206849;
custom,killcuboid,ice1,0.11,0.11,14.49983978,1,1,0.5,0,1,1,690.6533051,334.9842834,3635.658875,0,0.8660254478,0,0.4999999702;
custom,killcuboid,ice1,0.11,0.11,14.49983597,1,1,0.5,0,1,1,742.6170349,334.9842834,3665.657654,0,0.8660254478,0,0.4999999702;
custom,killcuboid,ice1,0.11,0.11,8.500002861,1,1,0.5,0,1,1,627.8662109,334.9842834,3714.40918,0,1,0,-0.0000001629206849;
custom,killcuboid,ice1,0.11,0.11,8.500006676,1,1,0.5,0,1,1,679.8310089,334.9842834,3744.408264,0,1,0,-0.0000001629206849;
custom,killcuboid,ice1,0.11,0.11,11.49987411,1,1,0.5,0,1,1,578.071785,334.9842834,3785.657043,0,0.8660254478,0,0.4999999702;
custom,killcuboid,ice1,0.11,0.11,17.49981117,1,1,0.5,0,1,1,604.0535355,334.9842834,3830.658569,0,0.8660254478,0,0.4999999702;
custom,killcuboid,ice1,0.11,0.11,18.50004578,1,1,0.5,0,1,1,448.1679535,334.9842834,3768.156128,0,0.5,0,0.8660253882;
custom,killcuboid,ice1,0.11,0.11,24.50005722,1,1,0.5,0,1,1,422.1871567,334.9842834,3813.157654,0,0.5,0,0.8660253882;
custom,killcuboid,ice1,0.11,0.11,11.50000286,1,1,0.5,0,1,1,316.0987663,334.9842834,3694.407349,0,1,0,-0.0000001629206849;
custom,killcuboid,ice1,0.11,0.11,5.500006676,1,1,0.5,0,1,1,368.0613327,334.9852753,3694.405518,0,1,0,-0.0000001629206849;
custom,killcuboid,ice1,0.11,0.11,15.99981499,1,1,0.5,0,1,1,385.3810883,334.9852753,3596.907043,0,0.8660254478,0,0.4999999702;
custom,killcuboid,ice1,0.11,0.11,15.99981785,1,1,0.5,0,1,1,437.3430634,334.9852753,3626.907654,0,0.8660254478,0,0.4999999702;
custom,killcuboid,ice1,0.11,0.11,27.49999809,1,1,0.5,0,1,1,506.6252899,334.9842834,3449.407349,0,0,0,1;
custom,killcuboid,ice1,0.11,0.11,21.49999809,1,1,0.5,0,1,1,454.6623611,334.9852753,3449.406433,0,0,0,1;
custom,killcuboid,ice1,0.11,0.11,21.50005341,1,1,0.5,0,1,1,413.5272598,334.9842834,3258.157043,0,0.5,0,0.8660253882;
custom,killcuboid,ice1,0.11,0.11,21.50004768,1,1,0.5,0,1,1,361.5648651,334.9852753,3288.157043,0,0.5,0,0.8660253882;
custom,killcuboid,ice1,0.11,0.11,9.999996185,1,1,0.5,0,1,1,268.4668541,334.9852753,3184.406433,0,1,0,-0.0000001629206849;
custom,killcuboid,ice1,0.11,0.11,9.999998093,1,1,0.5,0,1,1,320.4302216,334.9852753,3154.406433,0,1,0,-0.0000001629206849;
custom,killcuboid,ice1,0.11,0.11,15.00002289,1,1,0.5,0,1,1,255.4780769,334.9842834,3066.906128,0,0.5,0,0.8660253882;
custom,killcuboid,ice1,0.11,0.11,9.00001049,1,1,0.5,0,1,1,229.4959831,334.9852753,3111.907043,0,0.5,0,0.8660253882;
custom,killcuboid,ice1,0.11,0.11,12.99985504,1,1,0.5,0,1,1,134.2336845,334.9842834,3061.907043,0,0.8660254478,0,0.4999999702;
custom,killcuboid,ice1,0.11,0.11,6.999923229,1,1,0.5,0,1,1,160.2139854,334.9842834,3106.907959,0,0.8660254478,0,0.4999999702;
custom,killcuboid,ice1,0.11,0.11,22.99999809,1,1,0.5,0,1,1,129.9042892,334.9852753,3239.407349,0,0,0,1;
custom,killcuboid,ice1,0.11,0.11,28.99999619,1,1,0.5,0,1,1,77.94178009,334.9842834,3239.407349,0,0,0,1;
custom,killcuboid,ice1,0.11,0.11,7.500018597,1,1,0.5,0,1,1,162.3810005,334.9852753,3373.157043,0,0.5,0,0.8660253882;
custom,killcuboid,ice1,0.11,0.11,13.50002861,1,1,0.5,0,1,1,136.3987541,334.9852753,3418.157959,0,0.5,0,0.8660253882;
custom,killcuboid,ice1,0.11,0.11,9.999882698,1,1,0.5,0,1,1,238.158226,334.9852753,3366.906128,0,0.8660254478,0,0.4999999702;
custom,killcuboid,ice1,0.11,0.11,9.999893188,1,1,0.5,0,1,1,238.1572723,334.9852753,3426.907654,0,0.8660254478,0,0.4999999702;
custom,killcuboid,ice1,0.11,0.11,4.999953747,1,1,0.5,0,1,1,303.1092453,334.9842834,3414.408569,0,0.866025269,0,-0.5000002384;
custom,killcuboid,ice1,0.11,0.11,10.99988079,1,1,0.5,0,1,1,329.0898895,334.9842834,3369.407043,0,0.866025269,0,-0.5000002384;
custom,killcuboid,ice1,0.11,0.11,5.500006676,1,1,0.5,0,1,1,324.7591782,334.9842834,3454.40918,0,1,0,-0.0000001629206849;
custom,killcuboid,ice1,0.11,0.11,11.49999905,1,1,0.5,0,1,1,376.721611,334.9842834,3454.407349,0,1,0,-0.0000001629206849;
custom,killcuboid,ice1,0.11,0.11,11.49989223,1,1,0.5,0,1,1,274.9627876,334.9842834,3510.657043,0,0.8660254478,0,0.4999999702;
custom,killcuboid,ice1,0.11,0.11,17.49980354,1,1,0.5,0,1,1,300.9441566,334.9842834,3555.657654,0,0.8660254478,0,0.4999999702;
custom,killcuboid,ice1,0.11,0.11,23.00004196,1,1,0.5,0,1,1,125.573349,334.9842834,3481.906433,0,0.5,0,0.8660253882;
custom,killcuboid,ice1,0.11,0.11,29.00006676,1,1,0.5,0,1,1,99.5932579,334.9842834,3526.908569,0,0.5,0,0.8660253882;
custom,killcuboid,ice1,0.11,0.11,52.66231537,1,1,0.5,0,1,1,25.98124027,334.9842834,3161.095886,0,0,0,1;
custom,killcuboid,ice1,0.11,0.11,55.66229248,1,1,0.5,0,1,1,-25.98125935,334.9842834,3176.095886,0,0,0,1;



custom,killcuboid,metal1,1.000000119,3.000001431,43.1158371,1,1,1,1,0.7,0.05,15.48757195,323.1546402,3877.331848,0.0000001032382784,0.00000005960464122,0.8660254478,0.4999999702;
custom,killcuboid,metal1,1.000001788,3.000001431,43.1158371,1,1,1,1,0.7,0.05,-15.49326301,323.1546402,3877.331848,0.00000005960465188,0.0000001032382855,0.5,0.8660253882;
custom,killcuboid,metal1,1.000000834,3,6.000340462,1,1,1,1,0.1,0.05,46.71485901,323.1546402,3637.666931,-0.4330127239,-0.25,0.75,0.4330126643;
custom,killcuboid,metal1,1.000000834,3,6.000340462,1,1,1,1,0.1,0.05,31.22444153,323.1546783,3610.836792,-0.25,-0.4330127239,0.4330127239,0.75;
custom,killcuboid,metal1,1.000000715,3.000000477,12.00000286,1,1,1,1,0.2,0.05,135.1490021,323.1546402,3652.666016,-0.75,-0.4330126941,0.4330126941,0.2499999702;
custom,killcuboid,metal1,1.000001311,3,12.00000286,1,1,1,1,0.2,0.05,150.6394196,323.1546402,3625.835876,-0.4330127239,-0.75,0.25,0.4330126643;
custom,killcuboid,metal1,1.000000954,3,9.500011444,1,1,1,1,0.15,0.05,223.3365631,323.1546402,3739.251099,0.0000001032382784,0.00000005960464122,0.8660254478,0.4999999702;
custom,killcuboid,metal1,1.000000954,3,9.500011444,1,1,1,1,0.15,0.05,192.3557281,323.1546402,3739.251099,0.00000005960465188,0.0000001032382855,0.5,0.8660253882;
custom,killcuboid,metal1,1.000001192,3,37.50000381,1,1,1,1,0.65,0.05,375.4710388,323.1546402,3916.416321,-0.75,-0.4330126941,0.4330126941,0.2499999702;
custom,killcuboid,metal1,1.000000715,3.000000715,37.50000381,1,1,1,1,0.65,0.05,390.96138,323.1546402,3889.585876,-0.4330127239,-0.75,0.25,0.4330126643;
custom,killcuboid,metal1,1.000000954,3.000000715,36.00000381,1,1,1,1,0.6,0.05,735.206604,323.1546402,3920.166321,-0.4330127239,-0.25,0.75,0.4330126643;
custom,killcuboid,metal1,1.000000954,3.000000715,36.00000381,1,1,1,1,0.6,0.05,719.7161865,323.1546402,3893.335876,-0.25,-0.4330127239,0.4330127239,0.75;
custom,killcuboid,metal1,1,3,31.5306282,1,1,1,1,0.55,0.05,880.8459473,323.1546783,3636.5979,0.8660254478,0.4999999702,0.00000006538309805,0.00000003774894708;
custom,killcuboid,metal1,1,3,31.5306282,1,1,1,1,0.55,0.05,911.8267822,323.1546783,3636.5979,0.5,0.8660253882,0.00000003774895063,0.00000006538309805;
custom,killcuboid,metal1,1.000001192,3,18.50000191,1,1,1,1,0.3,0.05,810.9837341,323.1546783,3396.77948,0.4330129027,0.2500000894,0.7499998808,0.4330126047;
custom,killcuboid,metal1,1.000001192,3.000000715,18.50000191,1,1,1,1,0.3,0.05,795.4933167,323.1546783,3423.609924,0.2500001192,0.4330129027,0.4330126643,0.7499998808;
custom,killcuboid,metal1,1,3,21.49999619,1,1,1,1,0.35,0.05,694.6504211,323.1546402,3233.944702,0.8660254478,0.4999999702,0.00000006538309805,0.00000003774894708;
custom,killcuboid,metal1,1,3,21.49999619,1,1,1,1,0.35,0.05,725.6311035,323.1546402,3233.944702,0.5,0.8660253882,0.00000003774895063,0.00000006538309805;
custom,killcuboid,metal1,1.000000834,3.000000477,21.99999809,1,1,1,1,0.35,0.05,594.1424561,323.1546402,3062.359924,-0.75,-0.4330126941,0.4330126941,0.2499999702;
custom,killcuboid,metal1,1.000001192,3,21.99999809,1,1,1,1,0.35,0.05,609.6327972,323.1546402,3035.529785,-0.4330127239,-0.75,0.25,0.4330126643;
custom,killcuboid,metal1,1.000000954,3,7,1,1,1,1,0.1,0.05,458.0784225,323.1546402,3024.859924,-0.4330127239,-0.25,0.75,0.4330126643;
custom,killcuboid,metal1,1.000000954,3,7,1,1,1,1,0.1,0.05,442.5880051,323.1546783,2998.029785,-0.25,-0.4330127239,0.4330127239,0.75;
custom,killcuboid,metal1,1.000000954,3,6.999999523,1,1,1,1,0.1,0.05,422.522316,323.1546402,3086.444702,0.0000001032382784,0.00000005960464122,0.8660254478,0.4999999702;
custom,killcuboid,metal1,1.000000954,3,6.999999523,1,1,1,1,0.1,0.05,391.5415192,323.1546783,3086.444702,0.00000005960465188,0.0000001032382855,0.5,0.8660253882;
custom,killcuboid,metal1,1.000000715,3.000000477,18.50000381,1,1,1,1,0.3,0.05,492.384491,323.1546402,3203.609924,-0.75,-0.4330126941,0.4330126941,0.2499999702;
custom,killcuboid,metal1,1.000001311,3,18.50000381,1,1,1,1,0.3,0.05,507.8748703,323.1546402,3176.779785,-0.4330127239,-0.75,0.25,0.4330126643;
custom,killcuboid,metal1,1.000000954,3,14.79627037,1,1,1,1,0.25,0.05,608.7178802,323.1546402,3332.926025,0.0000001032382784,0.00000005960464122,0.8660254478,0.4999999702;
custom,killcuboid,metal1,1.000000954,3,14.79627037,1,1,1,1,0.25,0.05,577.7370453,323.1546402,3332.926025,0.00000005960465188,0.0000001032382855,0.5,0.8660253882;
custom,killcuboid,metal1,1.000001192,3,18.50000191,1,1,1,1,0.3,0.05,694.0703583,323.1546402,3462.242432,0.4330129027,0.2500000894,0.7499998808,0.4330126047;
custom,killcuboid,metal1,1.000001192,3.000000715,18.50000191,1,1,1,1,0.3,0.05,678.5799408,323.1546783,3489.072571,0.2500001192,0.4330129027,0.4330126643,0.7499998808;
custom,killcuboid,metal1,1.000000954,3,5.499996185,1,1,1,1,0.1,0.05,794.9133301,323.1546402,3571.907349,0.0000001032382784,0.00000005960464122,0.8660254478,0.4999999702;
custom,killcuboid,metal1,1.000000954,3,5.499996185,1,1,1,1,0.1,0.05,763.9325714,323.1546402,3571.907349,0.00000005960465188,0.0000001032382855,0.5,0.8660253882;
custom,killcuboid,metal1,1.000000954,3,11.50002098,1,1,1,1,0.2,0.05,724.3811798,323.1546402,3664.072571,-0.4330127239,-0.25,0.75,0.4330126643;
custom,killcuboid,metal1,1.000000954,3,11.50002098,1,1,1,1,0.2,0.05,708.8907623,323.1546402,3637.242432,-0.25,-0.4330127239,0.4330127239,0.75;
custom,killcuboid,metal1,1.000000954,3,5.499996185,1,1,1,1,0.1,0.05,669.3395233,323.1546402,3729.407349,0.0000001032382784,0.00000005960464122,0.8660254478,0.4999999702;
custom,killcuboid,metal1,1.000000954,3,5.499996185,1,1,1,1,0.1,0.05,638.3587646,323.1546783,3729.407654,0.00000005960465188,0.0000001032382855,0.5,0.8660253882;
custom,killcuboid,metal1,1.000000954,3,11.50002098,1,1,1,1,0.2,0.05,598.8075256,323.1546402,3821.572571,-0.4330127239,-0.25,0.75,0.4330126643;
custom,killcuboid,metal1,1.000000954,3,11.50002098,1,1,1,1,0.2,0.05,583.3171082,323.1546402,3794.742432,-0.25,-0.4330127239,0.4330127239,0.75;
custom,killcuboid,metal1,1.000000715,3.000000477,18.50000381,1,1,1,1,0.3,0.05,427.432518,323.1546402,3804.072571,-0.75,-0.4330126941,0.4330126941,0.2499999702;
custom,killcuboid,metal1,1.000001311,3,18.50000381,1,1,1,1,0.3,0.05,442.9228973,323.1546402,3777.242432,-0.4330127239,-0.75,0.25,0.4330126643;
custom,killcuboid,metal1,1.000000954,3,5.499996185,1,1,1,1,0.1,0.05,357.570343,323.1546402,3694.407654,0.0000001032382784,0.00000005960464122,0.8660254478,0.4999999702;
custom,killcuboid,metal1,1.000000954,3,5.499996185,1,1,1,1,0.1,0.05,326.5895844,323.1546783,3694.407654,0.00000005960465188,0.0000001032382855,0.5,0.8660253882;
custom,killcuboid,metal1,1.000000954,3,13.00000191,1,1,1,1,0.2,0.05,419.1072845,323.1546402,3625.322571,-0.4330127239,-0.25,0.75,0.4330126643;
custom,killcuboid,metal1,1.000000954,3,13.00000191,1,1,1,1,0.2,0.05,403.6168671,323.1546402,3598.492432,-0.25,-0.4330127239,0.4330127239,0.75;
custom,killcuboid,metal1,1,3,21.49999619,1,1,1,1,0.35,0.05,465.1536942,323.1546402,3449.407654,0.8660254478,0.4999999702,0.00000006538309805,0.00000003774894708;
custom,killcuboid,metal1,1,3,21.49999619,1,1,1,1,0.35,0.05,496.1344528,323.1546402,3449.407654,0.5,0.8660253882,0.00000003774895063,0.00000006538309805;
custom,killcuboid,metal1,1.000000715,3.000000477,18.50000381,1,1,1,1,0.3,0.05,379.8011398,323.1546783,3286.572571,-0.75,-0.4330126941,0.4330126941,0.2499999702;
custom,killcuboid,metal1,1.000001311,3,18.50000381,1,1,1,1,0.3,0.05,395.2915192,323.1546783,3259.742432,-0.4330127239,-0.75,0.25,0.4330126643;
custom,killcuboid,metal1,1.000000954,3,6.999999523,1,1,1,1,0.1,0.05,309.939003,323.1546402,3169.407654,0.0000001032382784,0.00000005960464122,0.8660254478,0.4999999702;
custom,killcuboid,metal1,1.000000954,3,6.999999523,1,1,1,1,0.1,0.05,278.9582062,323.1546402,3169.407654,0.00000005960465188,0.0000001032382855,0.5,0.8660253882;
custom,killcuboid,metal1,1.000000715,3,8.999992371,1,1,1,1,0.15,0.05,234.7418976,323.1546402,3102.822571,-0.75,-0.4330126941,0.4330126941,0.2499999702;
custom,killcuboid,metal1,1.000001073,3.000000715,8.999992371,1,1,1,1,0.15,0.05,250.2322769,323.1546402,3075.992432,-0.4330127239,-0.75,0.25,0.4330126643;
custom,killcuboid,metal1,1.000000954,3,7,1,1,1,1,0.1,0.05,154.9695969,323.1546402,3097.822571,-0.4330127239,-0.25,0.75,0.4330126643;
custom,killcuboid,metal1,1.000000954,3,7,1,1,1,1,0.1,0.05,139.4791794,323.1546402,3070.992432,-0.25,-0.4330127239,0.4330127239,0.75;
custom,killcuboid,metal1,1,3,22.99999809,1,1,1,1,0.4,0.05,88.43269348,323.1546402,3239.407654,0.8660254478,0.4999999702,0.00000006538309805,0.00000003774894708;
custom,killcuboid,metal1,1,3,22.99999809,1,1,1,1,0.4,0.05,119.4133759,323.1546402,3239.407654,0.5,0.8660253882,0.00000003774895063,0.00000006538309805;
custom,killcuboid,metal1,1.000000715,3,7.500004292,1,1,1,1,0.15,0.05,141.6442108,323.1546783,3409.072571,-0.75,-0.4330126941,0.4330126941,0.2499999702;
custom,killcuboid,metal1,1.000000954,3.000000715,7.500004292,1,1,1,1,0.15,0.05,157.134552,323.1546783,3382.242432,-0.4330127239,-0.75,0.25,0.4330126643;
custom,killcuboid,metal1,1.000000834,3,7.000001431,1,1,1,1,0.1,0.05,245.9022141,323.1546402,3410.322571,-0.4330127239,-0.25,0.75,0.4330126643;
custom,killcuboid,metal1,1.000000834,3,7.000001431,1,1,1,1,0.1,0.05,230.4117966,323.1546402,3383.492432,-0.25,-0.4330127239,0.4330127239,0.75;
custom,killcuboid,metal1,1.000000954,3,5.000007629,1,1,1,1,0.1,0.05,323.8444519,323.1546402,3378.492432,0.4330129027,0.2500000894,0.7499998808,0.4330126047;
custom,killcuboid,metal1,1.000000954,3,5.000007629,1,1,1,1,0.1,0.05,308.3541107,323.1546402,3405.322571,0.2500001192,0.4330129027,0.4330126643,0.7499998808;
custom,killcuboid,metal1,1.000000954,3,5.499996185,1,1,1,1,0.1,0.05,366.2306595,323.1546402,3454.407349,0.0000001032382784,0.00000005960464122,0.8660254478,0.4999999702;
custom,killcuboid,metal1,1.000000954,3,5.499996185,1,1,1,1,0.1,0.05,335.2498627,323.1546783,3454.407349,0.00000005960465188,0.0000001032382855,0.5,0.8660253882;
custom,killcuboid,metal1,1.000000954,3,11.50002098,1,1,1,1,0.2,0.05,295.6985855,323.1546402,3546.572571,-0.4330127239,-0.25,0.75,0.4330126643;
custom,killcuboid,metal1,1.000000954,3,11.50002098,1,1,1,1,0.2,0.05,280.208168,323.1546783,3519.742432,-0.25,-0.4330127239,0.4330127239,0.75;
custom,killcuboid,metal1,1.000000954,3,22.99999428,1,1,1,1,0.4,0.05,104.838028,323.1546402,3517.822876,-0.75,-0.4330126941,0.4330126941,0.2499999702;
custom,killcuboid,metal1,1.000000954,3,22.99999428,1,1,1,1,0.4,0.05,120.3284454,323.1546402,3490.992737,-0.4330127239,-0.75,0.25,0.4330126643;
custom,killcuboid,metal1,1.000000119,3,52.66231918,1,1,1,1,0.9,0.05,-15.49034119,323.1546402,3161.096191,0.8660254478,0.4999999702,0.00000006538309805,0.00000003774894708;
custom,killcuboid,metal1,1.000000119,3,52.66231918,1,1,1,1,0.9,0.05,15.49041748,323.1546402,3161.096191,0.5,0.8660253882,0.00000003774895063,0.00000006538309805;
custom,killcuboid,metal1,1,3,52.66231918,1,1,1,1,0.9,0.05,15.49035788,376.8149185,3161.095886,0,0,0.5,0.8660253882;
custom,killcuboid,metal1,1,3,52.66231918,1,1,1,1,0.9,0.05,-15.49040318,376.8149185,3161.095886,0,0,0.8660254478,0.4999999702;
custom,killcuboid,metal1,1.000000954,3,22.99999237,1,1,1,1,0.4,0.05,120.3284359,376.8149185,3490.992432,0.25,0.4330127239,0.4330127239,0.75;
custom,killcuboid,metal1,1.000000954,3,22.99999237,1,1,1,1,0.4,0.05,104.8380661,376.8149185,3517.822571,0.4330127239,0.25,0.75,0.4330126643;
custom,killcuboid,metal1,1.000000954,3,11.50002193,1,1,1,1,0.2,0.05,280.208168,376.8149185,3519.742432,0.4330127239,0.75,0.25,0.4330126643;
custom,killcuboid,metal1,1.000000954,3,11.50002193,1,1,1,1,0.2,0.05,295.6985855,376.8149185,3546.572571,0.75,0.4330126941,0.4330126941,0.2499999702;
custom,killcuboid,metal1,1.000000954,3,5.499996185,1,1,1,1,0.1,0.05,335.2498627,376.8149185,3454.407349,0.5,0.8660253882,-0.00000008146034247,-0.0000001410934516;
custom,killcuboid,metal1,1.000000954,3,5.499996185,1,1,1,1,0.1,0.05,366.2306595,376.8149185,3454.407349,0.8660254478,0.4999999702,-0.0000001410934516,-0.00000008146033537;
custom,killcuboid,metal1,1.000000954,3.000000238,5.000007153,1,1,1,1,0.1,0.05,308.3541107,376.8149185,3405.322571,0.4330126345,0.7499998808,-0.250000149,-0.4330129325;
custom,killcuboid,metal1,1.000000954,3.000000238,5.000007153,1,1,1,1,0.1,0.05,323.8444519,376.8149185,3378.492126,0.7499998808,0.4330126047,-0.4330129325,-0.2500001192;
custom,killcuboid,metal1,1.000000834,3,7.000001907,1,1,1,1,0.1,0.05,230.4117966,376.8149185,3383.492432,0.4330127239,0.75,0.25,0.4330126643;
custom,killcuboid,metal1,1.000000834,3,7.000001907,1,1,1,1,0.1,0.05,245.9022141,376.8149185,3410.322571,0.75,0.4330126941,0.4330126941,0.2499999702;
custom,killcuboid,metal1,1.000000954,3.000000715,7.500003815,1,1,1,1,0.15,0.05,157.1345615,376.8149185,3382.242432,0.25,0.4330127239,0.4330127239,0.75;
custom,killcuboid,metal1,1.000000715,3,7.500003815,1,1,1,1,0.15,0.05,141.6442013,376.8149185,3409.072571,0.4330127239,0.25,0.75,0.4330126643;
custom,killcuboid,metal1,1,3,22.99999809,1,1,1,1,0.4,0.05,119.4134045,376.8149185,3239.407349,0,0,0.5,0.8660253882;
custom,killcuboid,metal1,1,3,22.99999809,1,1,1,1,0.4,0.05,88.4326458,376.8149185,3239.407349,0,0,0.8660254478,0.4999999702;
custom,killcuboid,metal1,1.000000954,3,7.000000477,1,1,1,1,0.1,0.05,139.4790936,376.8149185,3070.992432,0.4330127239,0.75,0.25,0.4330126643;
custom,killcuboid,metal1,1.000000954,3,7.000000477,1,1,1,1,0.1,0.05,154.969511,376.8149185,3097.822571,0.75,0.4330126941,0.4330126941,0.2499999702;
custom,killcuboid,metal1,1.000001073,3.000000715,8.999991417,1,1,1,1,0.15,0.05,250.2322197,376.8149185,3075.992432,0.25,0.4330127239,0.4330127239,0.75;
custom,killcuboid,metal1,1.000000715,3,8.999991417,1,1,1,1,0.15,0.05,234.7418594,376.8149185,3102.822571,0.4330127239,0.25,0.75,0.4330126643;
custom,killcuboid,metal1,1.000000954,3,6.999999523,1,1,1,1,0.1,0.05,278.958168,376.8149185,3169.407349,0.5,0.8660253882,-0.00000008146034247,-0.0000001410934516;
custom,killcuboid,metal1,1.000000954,3,6.999999523,1,1,1,1,0.1,0.05,309.9389648,376.8149185,3169.407349,0.8660254478,0.4999999702,-0.0000001410934516,-0.00000008146033537;
custom,killcuboid,metal1,1.000001311,3,18.50000191,1,1,1,1,0.3,0.05,395.2915192,376.8149185,3259.742432,0.25,0.4330127239,0.4330127239,0.75;
custom,killcuboid,metal1,1.000000715,3.000000477,18.50000191,1,1,1,1,0.3,0.05,379.8011398,376.8149185,3286.572571,0.4330127239,0.25,0.75,0.4330126643;
custom,killcuboid,metal1,1,3,21.49999619,1,1,1,1,0.35,0.05,496.1344528,376.8149185,3449.407349,0,0,0.5,0.8660253882;
custom,killcuboid,metal1,1,3,21.49999619,1,1,1,1,0.35,0.05,465.1536942,376.8149185,3449.407349,0,0,0.8660254478,0.4999999702;
custom,killcuboid,metal1,1.000000954,3,13.00000286,1,1,1,1,0.2,0.05,403.6168671,376.8149185,3598.492432,0.4330127239,0.75,0.25,0.4330126643;
custom,killcuboid,metal1,1.000000954,3,13.00000286,1,1,1,1,0.2,0.05,419.1072845,376.8149185,3625.322571,0.75,0.4330126941,0.4330126941,0.2499999702;
custom,killcuboid,metal1,1.000000954,3,5.499996185,1,1,1,1,0.1,0.05,326.5895844,376.8149185,3694.407654,0.5,0.8660253882,-0.00000008146034247,-0.0000001410934516;
custom,killcuboid,metal1,1.000000954,3,5.499996185,1,1,1,1,0.1,0.05,357.5703812,376.8149185,3694.407349,0.8660254478,0.4999999702,-0.0000001410934516,-0.00000008146033537;
custom,killcuboid,metal1,1.000001311,3,18.50000191,1,1,1,1,0.3,0.05,442.9229355,376.8149185,3777.242432,0.25,0.4330127239,0.4330127239,0.75;
custom,killcuboid,metal1,1.000000715,3.000000477,18.50000191,1,1,1,1,0.3,0.05,427.4325562,376.8149185,3804.072571,0.4330127239,0.25,0.75,0.4330126643;
custom,killcuboid,metal1,1.000000954,3,11.50002193,1,1,1,1,0.2,0.05,583.3171463,376.8149185,3794.742432,0.4330127239,0.75,0.25,0.4330126643;
custom,killcuboid,metal1,1.000000954,3,11.50002193,1,1,1,1,0.2,0.05,598.8075638,376.8149185,3821.572571,0.75,0.4330126941,0.4330126941,0.2499999702;
custom,killcuboid,metal1,1.000000954,3,5.499996185,1,1,1,1,0.1,0.05,638.3587646,376.8149185,3729.407349,0.5,0.8660253882,-0.00000008146034247,-0.0000001410934516;
custom,killcuboid,metal1,1.000000954,3,5.499996185,1,1,1,1,0.1,0.05,669.3395233,376.8149185,3729.407349,0.8660254478,0.4999999702,-0.0000001410934516,-0.00000008146033537;
custom,killcuboid,metal1,1.000000954,3,11.50002193,1,1,1,1,0.2,0.05,708.8907623,376.8149185,3637.242432,0.4330127239,0.75,0.25,0.4330126643;
custom,killcuboid,metal1,1.000000954,3,11.50002193,1,1,1,1,0.2,0.05,724.3811798,376.8149185,3664.072571,0.75,0.4330126941,0.4330126941,0.2499999702;
custom,killcuboid,metal1,1.000000954,3,5.499996185,1,1,1,1,0.1,0.05,763.9325714,376.8149185,3571.907043,0.5,0.8660253882,-0.00000008146034247,-0.0000001410934516;
custom,killcuboid,metal1,1.000000954,3,5.499996185,1,1,1,1,0.1,0.05,794.9133301,376.8149185,3571.907043,0.8660254478,0.4999999702,-0.0000001410934516,-0.00000008146033537;
custom,killcuboid,metal1,1.000001192,3.000000954,18.50000191,1,1,1,1,0.3,0.05,678.5799408,376.8149185,3489.072266,0.4330126345,0.7499998808,-0.250000149,-0.4330129325;
custom,killcuboid,metal1,1.000001192,3.000000238,18.50000191,1,1,1,1,0.3,0.05,694.0703583,376.8149185,3462.242126,0.7499998808,0.4330126047,-0.4330129325,-0.2500001192;
custom,killcuboid,metal1,1.000000954,3,14.79627037,1,1,1,1,0.25,0.05,577.7370453,376.8149185,3332.926025,0.5,0.8660253882,-0.00000008146034247,-0.0000001410934516;
custom,killcuboid,metal1,1.000000954,3,14.79627037,1,1,1,1,0.25,0.05,608.7178421,376.8149185,3332.926025,0.8660254478,0.4999999702,-0.0000001410934516,-0.00000008146033537;
custom,killcuboid,metal1,1.000001311,3,18.50000191,1,1,1,1,0.3,0.05,507.8748322,376.8149185,3176.77948,0.25,0.4330127239,0.4330127239,0.75;
custom,killcuboid,metal1,1.000000715,3.000000477,18.50000191,1,1,1,1,0.3,0.05,492.384491,376.8149185,3203.609619,0.4330127239,0.25,0.75,0.4330126643;
custom,killcuboid,metal1,1.000000954,3,6.999999523,1,1,1,1,0.1,0.05,391.541481,376.8149185,3086.444702,0.5,0.8660253882,-0.00000008146034247,-0.0000001410934516;
custom,killcuboid,metal1,1.000000954,3,6.999999523,1,1,1,1,0.1,0.05,422.5222778,376.8149185,3086.444702,0.8660254478,0.4999999702,-0.0000001410934516,-0.00000008146033537;
custom,killcuboid,metal1,1.000000954,3,7.000000477,1,1,1,1,0.1,0.05,442.5879669,376.8149185,2998.02948,0.4330127239,0.75,0.25,0.4330126643;
custom,killcuboid,metal1,1.000000954,3,7.000000477,1,1,1,1,0.1,0.05,458.0783844,376.8149185,3024.859619,0.75,0.4330126941,0.4330126941,0.2499999702;
custom,killcuboid,metal1,1.000001192,3,21.99999619,1,1,1,1,0.35,0.05,609.6327591,376.8149185,3035.52948,0.25,0.4330127239,0.4330127239,0.75;
custom,killcuboid,metal1,1.000000834,3.000000477,21.99999619,1,1,1,1,0.35,0.05,594.1424179,376.8149185,3062.359619,0.4330127239,0.25,0.75,0.4330126643;
custom,killcuboid,metal1,1,3,21.49999619,1,1,1,1,0.35,0.05,725.6311035,376.8149185,3233.944702,0,0,0.5,0.8660253882;
custom,killcuboid,metal1,1,3,21.49999619,1,1,1,1,0.35,0.05,694.6504211,376.8149185,3233.944702,0,0,0.8660254478,0.4999999702;
custom,killcuboid,metal1,1.000001192,3.000000954,18.50000191,1,1,1,1,0.3,0.05,795.4933167,376.8149185,3423.609619,0.4330126345,0.7499998808,-0.250000149,-0.4330129325;
custom,killcuboid,metal1,1.000001192,3.000000238,18.50000191,1,1,1,1,0.3,0.05,810.9837341,376.8149185,3396.77948,0.7499998808,0.4330126047,-0.4330129325,-0.2500001192;
custom,killcuboid,metal1,1,3,31.5306282,1,1,1,1,0.55,0.05,911.8267822,376.8149185,3636.597595,0,0,0.5,0.8660253882;
custom,killcuboid,metal1,1,3,31.5306282,1,1,1,1,0.55,0.05,880.8459473,376.8149185,3636.597595,0,0,0.8660254478,0.4999999702;
custom,killcuboid,metal1,1.000000954,3.000000715,36.00000763,1,1,1,1,0.6,0.05,719.7161865,376.8149185,3893.335876,0.4330127239,0.75,0.25,0.4330126643;
custom,killcuboid,metal1,1.000000954,3.000000715,36.00000763,1,1,1,1,0.6,0.05,735.206604,376.8149185,3920.166016,0.75,0.4330126941,0.4330126941,0.2499999702;
custom,killcuboid,metal1,1.000000715,3.000000715,37.5,1,1,1,1,0.65,0.05,390.9614182,376.8149185,3889.585876,0.25,0.4330127239,0.4330127239,0.75;
custom,killcuboid,metal1,1.000001192,3,37.5,1,1,1,1,0.65,0.05,375.471077,376.8149185,3916.416016,0.4330127239,0.25,0.75,0.4330126643;
custom,killcuboid,metal1,1.000000954,3,9.500011444,1,1,1,1,0.15,0.05,192.3557281,376.8149185,3739.251099,0.5,0.8660253882,-0.00000008146034247,-0.0000001410934516;
custom,killcuboid,metal1,1.000000954,3,9.500011444,1,1,1,1,0.15,0.05,223.336544,376.8148804,3739.250793,0.8660254478,0.4999999702,-0.0000001410934516,-0.00000008146033537;
custom,killcuboid,metal1,1.000001311,3,12.00000191,1,1,1,1,0.2,0.05,150.6393814,376.8149185,3625.835876,0.25,0.4330127239,0.4330127239,0.75;
custom,killcuboid,metal1,1.000000715,3.000000477,12.00000191,1,1,1,1,0.2,0.05,135.1490021,376.8149185,3652.666016,0.4330127239,0.25,0.75,0.4330126643;
custom,killcuboid,metal1,1.000000834,3,6.000340939,1,1,1,1,0.1,0.05,31.22444868,376.8149185,3610.836792,0.4330127239,0.75,0.25,0.4330126643;
custom,killcuboid,metal1,1.000000834,3,6.000340939,1,1,1,1,0.1,0.05,46.71486378,376.8149185,3637.666931,0.75,0.4330126941,0.4330126941,0.2499999702;
custom,killcuboid,metal1,1.000001788,3.000000954,43.1158371,1,1,1,1,0.7,0.05,-15.49318552,376.8149185,3877.331848,0.5,0.8660253882,-0.00000008146034247,-0.0000001410934516;
custom,killcuboid,metal1,1.000000238,3.000000954,43.1158371,1,1,1,1,0.7,0.05,15.4876101,376.8149185,3877.331848,0.8660254478,0.4999999702,-0.0000001410934516,-0.00000008146033537;



base,levelBottom,default,0.001000000119,0.5000002384,0.0431158371,1,1,1,1,0,0.05,15.48757195,323.1546402,3877.331848,0.0000001032382784,0.00000005960464122,0.8660254478,0.4999999702;
base,levelBottom,default,0.001000001788,0.5000002384,0.0431158371,1,1,1,1,0,0.05,-15.49326301,323.1546402,3877.331848,0.00000005960465188,0.0000001032382855,0.5,0.8660253882;
base,levelBottom,default,0.001000000834,0.5,0.006000340462,1,1,1,1,0,0.05,46.71485901,323.1546402,3637.666931,-0.4330127239,-0.25,0.75,0.4330126643;
base,levelBottom,default,0.001000000834,0.5,0.006000340462,1,1,1,1,0,0.05,31.22444153,323.1546783,3610.836792,-0.25,-0.4330127239,0.4330127239,0.75;
base,levelBottom,default,0.001000000715,0.5000000795,0.01200000286,1,1,1,1,0,0.05,135.1490021,323.1546402,3652.666016,-0.75,-0.4330126941,0.4330126941,0.2499999702;
base,levelBottom,default,0.001000001311,0.5,0.01200000286,1,1,1,1,0,0.05,150.6394196,323.1546402,3625.835876,-0.4330127239,-0.75,0.25,0.4330126643;
base,levelBottom,default,0.001000000954,0.5,0.009500011444,1,1,1,1,0,0.05,223.3365631,323.1546402,3739.251099,0.0000001032382784,0.00000005960464122,0.8660254478,0.4999999702;
base,levelBottom,default,0.001000000954,0.5,0.009500011444,1,1,1,1,0,0.05,192.3557281,323.1546402,3739.251099,0.00000005960465188,0.0000001032382855,0.5,0.8660253882;
base,levelBottom,default,0.001000001192,0.5,0.03750000381,1,1,1,1,0,0.05,375.4710388,323.1546402,3916.416321,-0.75,-0.4330126941,0.4330126941,0.2499999702;
base,levelBottom,default,0.001000000715,0.5000001192,0.03750000381,1,1,1,1,0.05,0.05,390.96138,323.1546402,3889.585876,-0.4330127239,-0.75,0.25,0.4330126643;
base,levelBottom,default,0.001000000954,0.5000001192,0.03600000381,1,1,1,1,0,0.05,735.206604,323.1546402,3920.166321,-0.4330127239,-0.25,0.75,0.4330126643;
base,levelBottom,default,0.001000000954,0.5000001192,0.03600000381,1,1,1,1,0,0.05,719.7161865,323.1546402,3893.335876,-0.25,-0.4330127239,0.4330127239,0.75;
base,levelBottom,default,0.001,0.5,0.0315306282,1,1,1,1,0,0.05,880.8459473,323.1546783,3636.5979,0.8660254478,0.4999999702,0.00000006538309805,0.00000003774894708;
base,levelBottom,default,0.001,0.5,0.0315306282,1,1,1,1,0,0.05,911.8267822,323.1546783,3636.5979,0.5,0.8660253882,0.00000003774895063,0.00000006538309805;
base,levelBottom,default,0.001000001192,0.5,0.01850000191,1,1,1,1,0,0.05,810.9837341,323.1546783,3396.77948,0.4330129027,0.2500000894,0.7499998808,0.4330126047;
base,levelBottom,default,0.001000001192,0.5000001192,0.01850000191,1,1,1,1,0,0.05,795.4933167,323.1546783,3423.609924,0.2500001192,0.4330129027,0.4330126643,0.7499998808;
base,levelBottom,default,0.001,0.5,0.02149999619,1,1,1,1,0,0.05,694.6504211,323.1546402,3233.944702,0.8660254478,0.4999999702,0.00000006538309805,0.00000003774894708;
base,levelBottom,default,0.001,0.5,0.02149999619,1,1,1,1,0,0.05,725.6311035,323.1546402,3233.944702,0.5,0.8660253882,0.00000003774895063,0.00000006538309805;
base,levelBottom,default,0.001000000834,0.5000000795,0.02199999809,1,1,1,1,0,0.05,594.1424561,323.1546402,3062.359924,-0.75,-0.4330126941,0.4330126941,0.2499999702;
base,levelBottom,default,0.001000001192,0.5,0.02199999809,1,1,1,1,0,0.05,609.6327972,323.1546402,3035.529785,-0.4330127239,-0.75,0.25,0.4330126643;
base,levelBottom,default,0.001000000954,0.5,0.007,1,1,1,1,0,0.05,458.0784225,323.1546402,3024.859924,-0.4330127239,-0.25,0.75,0.4330126643;
base,levelBottom,default,0.001000000954,0.5,0.007,1,1,1,1,0,0.05,442.5880051,323.1546783,2998.029785,-0.25,-0.4330127239,0.4330127239,0.75;
base,levelBottom,default,0.001000000954,0.5,0.006999999523,1,1,1,1,0,0.05,422.522316,323.1546402,3086.444702,0.0000001032382784,0.00000005960464122,0.8660254478,0.4999999702;
base,levelBottom,default,0.001000000954,0.5,0.006999999523,1,1,1,1,0,0.05,391.5415192,323.1546783,3086.444702,0.00000005960465188,0.0000001032382855,0.5,0.8660253882;
base,levelBottom,default,0.001000000715,0.5000000795,0.01850000381,1,1,1,1,0,0.05,492.384491,323.1546402,3203.609924,-0.75,-0.4330126941,0.4330126941,0.2499999702;
base,levelBottom,default,0.001000001311,0.5,0.01850000381,1,1,1,1,0,0.05,507.8748703,323.1546402,3176.779785,-0.4330127239,-0.75,0.25,0.4330126643;
base,levelBottom,default,0.001000000954,0.5,0.01479627037,1,1,1,1,0,0.05,608.7178802,323.1546402,3332.926025,0.0000001032382784,0.00000005960464122,0.8660254478,0.4999999702;
base,levelBottom,default,0.001000000954,0.5,0.01479627037,1,1,1,1,0,0.05,577.7370453,323.1546402,3332.926025,0.00000005960465188,0.0000001032382855,0.5,0.8660253882;
base,levelBottom,default,0.001000001192,0.5,0.01850000191,1,1,1,1,0,0.05,694.0703583,323.1546402,3462.242432,0.4330129027,0.2500000894,0.7499998808,0.4330126047;
base,levelBottom,default,0.001000001192,0.5000001192,0.01850000191,1,1,1,1,0,0.05,678.5799408,323.1546783,3489.072571,0.2500001192,0.4330129027,0.4330126643,0.7499998808;
base,levelBottom,default,0.001000000954,0.5,0.005499996185,1,1,1,1,0,0.05,794.9133301,323.1546402,3571.907349,0.0000001032382784,0.00000005960464122,0.8660254478,0.4999999702;
base,levelBottom,default,0.001000000954,0.5,0.005499996185,1,1,1,1,0,0.05,763.9325714,323.1546402,3571.907349,0.00000005960465188,0.0000001032382855,0.5,0.8660253882;
base,levelBottom,default,0.001000000954,0.5,0.01150002098,1,1,1,1,0,0.05,724.3811798,323.1546402,3664.072571,-0.4330127239,-0.25,0.75,0.4330126643;
base,levelBottom,default,0.001000000954,0.5,0.01150002098,1,1,1,1,0,0.05,708.8907623,323.1546402,3637.242432,-0.25,-0.4330127239,0.4330127239,0.75;
base,levelBottom,default,0.001000000954,0.5,0.005499996185,1,1,1,1,0,0.05,669.3395233,323.1546402,3729.407349,0.0000001032382784,0.00000005960464122,0.8660254478,0.4999999702;
base,levelBottom,default,0.001000000954,0.5,0.005499996185,1,1,1,1,0,0.05,638.3587646,323.1546783,3729.407654,0.00000005960465188,0.0000001032382855,0.5,0.8660253882;
base,levelBottom,default,0.001000000954,0.5,0.01150002098,1,1,1,1,0,0.05,598.8075256,323.1546402,3821.572571,-0.4330127239,-0.25,0.75,0.4330126643;
base,levelBottom,default,0.001000000954,0.5,0.01150002098,1,1,1,1,0,0.05,583.3171082,323.1546402,3794.742432,-0.25,-0.4330127239,0.4330127239,0.75;
base,levelBottom,default,0.001000000715,0.5000000795,0.01850000381,1,1,1,1,0,0.05,427.432518,323.1546402,3804.072571,-0.75,-0.4330126941,0.4330126941,0.2499999702;
base,levelBottom,default,0.001000001311,0.5,0.01850000381,1,1,1,1,0,0.05,442.9228973,323.1546402,3777.242432,-0.4330127239,-0.75,0.25,0.4330126643;
base,levelBottom,default,0.001000000954,0.5,0.005499996185,1,1,1,1,0,0.05,357.570343,323.1546402,3694.407654,0.0000001032382784,0.00000005960464122,0.8660254478,0.4999999702;
base,levelBottom,default,0.001000000954,0.5,0.005499996185,1,1,1,1,0,0.05,326.5895844,323.1546783,3694.407654,0.00000005960465188,0.0000001032382855,0.5,0.8660253882;
base,levelBottom,default,0.001000000954,0.5,0.01300000191,1,1,1,1,0,0.05,419.1072845,323.1546402,3625.322571,-0.4330127239,-0.25,0.75,0.4330126643;
base,levelBottom,default,0.001000000954,0.5,0.01300000191,1,1,1,1,0,0.05,403.6168671,323.1546402,3598.492432,-0.25,-0.4330127239,0.4330127239,0.75;
base,levelBottom,default,0.001,0.5,0.02149999619,1,1,1,1,0,0.05,465.1536942,323.1546402,3449.407654,0.8660254478,0.4999999702,0.00000006538309805,0.00000003774894708;
base,levelBottom,default,0.001,0.5,0.02149999619,1,1,1,1,0,0.05,496.1344528,323.1546402,3449.407654,0.5,0.8660253882,0.00000003774895063,0.00000006538309805;
base,levelBottom,default,0.001000000715,0.5000000795,0.01850000381,1,1,1,1,0,0.05,379.8011398,323.1546783,3286.572571,-0.75,-0.4330126941,0.4330126941,0.2499999702;
base,levelBottom,default,0.001000001311,0.5,0.01850000381,1,1,1,1,0,0.05,395.2915192,323.1546783,3259.742432,-0.4330127239,-0.75,0.25,0.4330126643;
base,levelBottom,default,0.001000000954,0.5,0.006999999523,1,1,1,1,0,0.05,309.939003,323.1546402,3169.407654,0.0000001032382784,0.00000005960464122,0.8660254478,0.4999999702;
base,levelBottom,default,0.001000000954,0.5,0.006999999523,1,1,1,1,0,0.05,278.9582062,323.1546402,3169.407654,0.00000005960465188,0.0000001032382855,0.5,0.8660253882;
base,levelBottom,default,0.001000000715,0.5,0.008999992371,1,1,1,1,0,0.05,234.7418976,323.1546402,3102.822571,-0.75,-0.4330126941,0.4330126941,0.2499999702;
base,levelBottom,default,0.001000001073,0.5000001192,0.008999992371,1,1,1,1,0,0.05,250.2322769,323.1546402,3075.992432,-0.4330127239,-0.75,0.25,0.4330126643;
base,levelBottom,default,0.001000000954,0.5,0.007,1,1,1,1,0,0.05,154.9695969,323.1546402,3097.822571,-0.4330127239,-0.25,0.75,0.4330126643;
base,levelBottom,default,0.001000000954,0.5,0.007,1,1,1,1,0,0.05,139.4791794,323.1546402,3070.992432,-0.25,-0.4330127239,0.4330127239,0.75;
base,levelBottom,default,0.001,0.5,0.02299999809,1,1,1,1,0,0.05,88.43269348,323.1546402,3239.407654,0.8660254478,0.4999999702,0.00000006538309805,0.00000003774894708;
base,levelBottom,default,0.001,0.5,0.02299999809,1,1,1,1,0,0.05,119.4133759,323.1546402,3239.407654,0.5,0.8660253882,0.00000003774895063,0.00000006538309805;
base,levelBottom,default,0.001000000715,0.5,0.007500004292,1,1,1,1,0,0.05,141.6442108,323.1546783,3409.072571,-0.75,-0.4330126941,0.4330126941,0.2499999702;
base,levelBottom,default,0.001000000954,0.5000001192,0.007500004292,1,1,1,1,0,0.05,157.134552,323.1546783,3382.242432,-0.4330127239,-0.75,0.25,0.4330126643;
base,levelBottom,default,0.001000000834,0.5,0.007000001431,1,1,1,1,0,0.05,245.9022141,323.1546402,3410.322571,-0.4330127239,-0.25,0.75,0.4330126643;
base,levelBottom,default,0.001000000834,0.5,0.007000001431,1,1,1,1,0,0.05,230.4117966,323.1546402,3383.492432,-0.25,-0.4330127239,0.4330127239,0.75;
base,levelBottom,default,0.001000000954,0.5,0.005000007629,1,1,1,1,0,0.05,323.8444519,323.1546402,3378.492432,0.4330129027,0.2500000894,0.7499998808,0.4330126047;
base,levelBottom,default,0.001000000954,0.5,0.005000007629,1,1,1,1,0,0.05,308.3541107,323.1546402,3405.322571,0.2500001192,0.4330129027,0.4330126643,0.7499998808;
base,levelBottom,default,0.001000000954,0.5,0.005499996185,1,1,1,1,0,0.05,366.2306595,323.1546402,3454.407349,0.0000001032382784,0.00000005960464122,0.8660254478,0.4999999702;
base,levelBottom,default,0.001000000954,0.5,0.005499996185,1,1,1,1,0,0.05,335.2498627,323.1546783,3454.407349,0.00000005960465188,0.0000001032382855,0.5,0.8660253882;
base,levelBottom,default,0.001000000954,0.5,0.01150002098,1,1,1,1,0,0.05,295.6985855,323.1546402,3546.572571,-0.4330127239,-0.25,0.75,0.4330126643;
base,levelBottom,default,0.001000000954,0.5,0.01150002098,1,1,1,1,0,0.05,280.208168,323.1546783,3519.742432,-0.25,-0.4330127239,0.4330127239,0.75;
base,levelBottom,default,0.001000000954,0.5,0.02299999428,1,1,1,1,0,0.05,104.838028,323.1546402,3517.822876,-0.75,-0.4330126941,0.4330126941,0.2499999702;
base,levelBottom,default,0.001000000954,0.5,0.02299999428,1,1,1,1,0,0.05,120.3284454,323.1546402,3490.992737,-0.4330127239,-0.75,0.25,0.4330126643;
base,levelBottom,default,0.001000000119,0.5,0.05266231918,1,1,1,1,0,0.05,-15.49034119,323.1546402,3161.096191,0.8660254478,0.4999999702,0.00000006538309805,0.00000003774894708;
base,levelBottom,default,0.001000000119,0.5,0.05266231918,1,1,1,1,0,0.05,15.49041748,323.1546402,3161.096191,0.5,0.8660253882,0.00000003774895063,0.00000006538309805;
base,levelBottom,default,0.001,0.5,0.05266231918,1,1,1,1,0,0.05,15.49035788,376.8149185,3161.095886,0,0,0.5,0.8660253882;
base,levelBottom,default,0.001,0.5,0.05266231918,1,1,1,1,0,0.05,-15.49040318,376.8149185,3161.095886,0,0,0.8660254478,0.4999999702;
base,levelBottom,default,0.001000000954,0.5,0.02299999237,1,1,1,1,0,0.05,120.3284359,376.8149185,3490.992432,0.25,0.4330127239,0.4330127239,0.75;
base,levelBottom,default,0.001000000954,0.5,0.02299999237,1,1,1,1,0,0.05,104.8380661,376.8149185,3517.822571,0.4330127239,0.25,0.75,0.4330126643;
base,levelBottom,default,0.001000000954,0.5,0.01150002193,1,1,1,1,0,0.05,280.208168,376.8149185,3519.742432,0.4330127239,0.75,0.25,0.4330126643;
base,levelBottom,default,0.001000000954,0.5,0.01150002193,1,1,1,1,0,0.05,295.6985855,376.8149185,3546.572571,0.75,0.4330126941,0.4330126941,0.2499999702;
base,levelBottom,default,0.001000000954,0.5,0.005499996185,1,1,1,1,0,0.05,335.2498627,376.8149185,3454.407349,0.5,0.8660253882,-0.00000008146034247,-0.0000001410934516;
base,levelBottom,default,0.001000000954,0.5,0.005499996185,1,1,1,1,0,0.05,366.2306595,376.8149185,3454.407349,0.8660254478,0.4999999702,-0.0000001410934516,-0.00000008146033537;
base,levelBottom,default,0.001000000954,0.5000000397,0.005000007153,1,1,1,1,0,0.05,308.3541107,376.8149185,3405.322571,0.4330126345,0.7499998808,-0.250000149,-0.4330129325;
base,levelBottom,default,0.001000000954,0.5000000397,0.005000007153,1,1,1,1,0,0.05,323.8444519,376.8149185,3378.492126,0.7499998808,0.4330126047,-0.4330129325,-0.2500001192;
base,levelBottom,default,0.001000000834,0.5,0.007000001907,1,1,1,1,0,0.05,230.4117966,376.8149185,3383.492432,0.4330127239,0.75,0.25,0.4330126643;
base,levelBottom,default,0.001000000834,0.5,0.007000001907,1,1,1,1,0,0.05,245.9022141,376.8149185,3410.322571,0.75,0.4330126941,0.4330126941,0.2499999702;
base,levelBottom,default,0.001000000954,0.5000001192,0.007500003815,1,1,1,1,0,0.05,157.1345615,376.8149185,3382.242432,0.25,0.4330127239,0.4330127239,0.75;
base,levelBottom,default,0.001000000715,0.5,0.007500003815,1,1,1,1,0,0.05,141.6442013,376.8149185,3409.072571,0.4330127239,0.25,0.75,0.4330126643;
base,levelBottom,default,0.001,0.5,0.02299999809,1,1,1,1,0,0.05,119.4134045,376.8149185,3239.407349,0,0,0.5,0.8660253882;
base,levelBottom,default,0.001,0.5,0.02299999809,1,1,1,1,0,0.05,88.4326458,376.8149185,3239.407349,0,0,0.8660254478,0.4999999702;
base,levelBottom,default,0.001000000954,0.5,0.007000000477,1,1,1,1,0,0.05,139.4790936,376.8149185,3070.992432,0.4330127239,0.75,0.25,0.4330126643;
base,levelBottom,default,0.001000000954,0.5,0.007000000477,1,1,1,1,0,0.05,154.969511,376.8149185,3097.822571,0.75,0.4330126941,0.4330126941,0.2499999702;
base,levelBottom,default,0.001000001073,0.5000001192,0.008999991417,1,1,1,1,0,0.05,250.2322197,376.8149185,3075.992432,0.25,0.4330127239,0.4330127239,0.75;
base,levelBottom,default,0.001000000715,0.5,0.008999991417,1,1,1,1,0,0.05,234.7418594,376.8149185,3102.822571,0.4330127239,0.25,0.75,0.4330126643;
base,levelBottom,default,0.001000000954,0.5,0.006999999523,1,1,1,1,0,0.05,278.958168,376.8149185,3169.407349,0.5,0.8660253882,-0.00000008146034247,-0.0000001410934516;
base,levelBottom,default,0.001000000954,0.5,0.006999999523,1,1,1,1,0,0.05,309.9389648,376.8149185,3169.407349,0.8660254478,0.4999999702,-0.0000001410934516,-0.00000008146033537;
base,levelBottom,default,0.001000001311,0.5,0.01850000191,1,1,1,1,0,0.05,395.2915192,376.8149185,3259.742432,0.25,0.4330127239,0.4330127239,0.75;
base,levelBottom,default,0.001000000715,0.5000000795,0.01850000191,1,1,1,1,0,0.05,379.8011398,376.8149185,3286.572571,0.4330127239,0.25,0.75,0.4330126643;
base,levelBottom,default,0.001,0.5,0.02149999619,1,1,1,1,0,0.05,496.1344528,376.8149185,3449.407349,0,0,0.5,0.8660253882;
base,levelBottom,default,0.001,0.5,0.02149999619,1,1,1,1,0,0.05,465.1536942,376.8149185,3449.407349,0,0,0.8660254478,0.4999999702;
base,levelBottom,default,0.001000000954,0.5,0.01300000286,1,1,1,1,0,0.05,403.6168671,376.8149185,3598.492432,0.4330127239,0.75,0.25,0.4330126643;
base,levelBottom,default,0.001000000954,0.5,0.01300000286,1,1,1,1,0,0.05,419.1072845,376.8149185,3625.322571,0.75,0.4330126941,0.4330126941,0.2499999702;
base,levelBottom,default,0.001000000954,0.5,0.005499996185,1,1,1,1,0,0.05,326.5895844,376.8149185,3694.407654,0.5,0.8660253882,-0.00000008146034247,-0.0000001410934516;
base,levelBottom,default,0.001000000954,0.5,0.005499996185,1,1,1,1,0,0.05,357.5703812,376.8149185,3694.407349,0.8660254478,0.4999999702,-0.0000001410934516,-0.00000008146033537;
base,levelBottom,default,0.001000001311,0.5,0.01850000191,1,1,1,1,0,0.05,442.9229355,376.8149185,3777.242432,0.25,0.4330127239,0.4330127239,0.75;
base,levelBottom,default,0.001000000715,0.5000000795,0.01850000191,1,1,1,1,0,0.05,427.4325562,376.8149185,3804.072571,0.4330127239,0.25,0.75,0.4330126643;
base,levelBottom,default,0.001000000954,0.5,0.01150002193,1,1,1,1,0,0.05,583.3171463,376.8149185,3794.742432,0.4330127239,0.75,0.25,0.4330126643;
base,levelBottom,default,0.001000000954,0.5,0.01150002193,1,1,1,1,0,0.05,598.8075638,376.8149185,3821.572571,0.75,0.4330126941,0.4330126941,0.2499999702;
base,levelBottom,default,0.001000000954,0.5,0.005499996185,1,1,1,1,0,0.05,638.3587646,376.8149185,3729.407349,0.5,0.8660253882,-0.00000008146034247,-0.0000001410934516;
base,levelBottom,default,0.001000000954,0.5,0.005499996185,1,1,1,1,0,0.05,669.3395233,376.8149185,3729.407349,0.8660254478,0.4999999702,-0.0000001410934516,-0.00000008146033537;
base,levelBottom,default,0.001000000954,0.5,0.01150002193,1,1,1,1,0,0.05,708.8907623,376.8149185,3637.242432,0.4330127239,0.75,0.25,0.4330126643;
base,levelBottom,default,0.001000000954,0.5,0.01150002193,1,1,1,1,0,0.05,724.3811798,376.8149185,3664.072571,0.75,0.4330126941,0.4330126941,0.2499999702;
base,levelBottom,default,0.001000000954,0.5,0.005499996185,1,1,1,1,0,0.05,763.9325714,376.8149185,3571.907043,0.5,0.8660253882,-0.00000008146034247,-0.0000001410934516;
base,levelBottom,default,0.001000000954,0.5,0.005499996185,1,1,1,1,0,0.05,794.9133301,376.8149185,3571.907043,0.8660254478,0.4999999702,-0.0000001410934516,-0.00000008146033537;
base,levelBottom,default,0.001000001192,0.5000001589,0.01850000191,1,1,1,1,0,0.05,678.5799408,376.8149185,3489.072266,0.4330126345,0.7499998808,-0.250000149,-0.4330129325;
base,levelBottom,default,0.001000001192,0.5000000397,0.01850000191,1,1,1,1,0,0.05,694.0703583,376.8149185,3462.242126,0.7499998808,0.4330126047,-0.4330129325,-0.2500001192;
base,levelBottom,default,0.001000000954,0.5,0.01479627037,1,1,1,1,0,0.05,577.7370453,376.8149185,3332.926025,0.5,0.8660253882,-0.00000008146034247,-0.0000001410934516;
base,levelBottom,default,0.001000000954,0.5,0.01479627037,1,1,1,1,0,0.05,608.7178421,376.8149185,3332.926025,0.8660254478,0.4999999702,-0.0000001410934516,-0.00000008146033537;
base,levelBottom,default,0.001000001311,0.5,0.01850000191,1,1,1,1,0,0.05,507.8748322,376.8149185,3176.77948,0.25,0.4330127239,0.4330127239,0.75;
base,levelBottom,default,0.001000000715,0.5000000795,0.01850000191,1,1,1,1,0,0.05,492.384491,376.8149185,3203.609619,0.4330127239,0.25,0.75,0.4330126643;
base,levelBottom,default,0.001000000954,0.5,0.006999999523,1,1,1,1,0,0.05,391.541481,376.8149185,3086.444702,0.5,0.8660253882,-0.00000008146034247,-0.0000001410934516;
base,levelBottom,default,0.001000000954,0.5,0.006999999523,1,1,1,1,0,0.05,422.5222778,376.8149185,3086.444702,0.8660254478,0.4999999702,-0.0000001410934516,-0.00000008146033537;
base,levelBottom,default,0.001000000954,0.5,0.007000000477,1,1,1,1,0,0.05,442.5879669,376.8149185,2998.02948,0.4330127239,0.75,0.25,0.4330126643;
base,levelBottom,default,0.001000000954,0.5,0.007000000477,1,1,1,1,0,0.05,458.0783844,376.8149185,3024.859619,0.75,0.4330126941,0.4330126941,0.2499999702;
base,levelBottom,default,0.001000001192,0.5,0.02199999619,1,1,1,1,0,0.05,609.6327591,376.8149185,3035.52948,0.25,0.4330127239,0.4330127239,0.75;
base,levelBottom,default,0.001000000834,0.5000000795,0.02199999619,1,1,1,1,0,0.05,594.1424179,376.8149185,3062.359619,0.4330127239,0.25,0.75,0.4330126643;
base,levelBottom,default,0.001,0.5,0.02149999619,1,1,1,1,0,0.05,725.6311035,376.8149185,3233.944702,0,0,0.5,0.8660253882;
base,levelBottom,default,0.001,0.5,0.02149999619,1,1,1,1,0,0.05,694.6504211,376.8149185,3233.944702,0,0,0.8660254478,0.4999999702;
base,levelBottom,default,0.001000001192,0.5000001589,0.01850000191,1,1,1,1,0,0.05,795.4933167,376.8149185,3423.609619,0.4330126345,0.7499998808,-0.250000149,-0.4330129325;
base,levelBottom,default,0.001000001192,0.5000000397,0.01850000191,1,1,1,1,0,0.05,810.9837341,376.8149185,3396.77948,0.7499998808,0.4330126047,-0.4330129325,-0.2500001192;
base,levelBottom,default,0.001,0.5,0.0315306282,1,1,1,1,0,0.05,911.8267822,376.8149185,3636.597595,0,0,0.5,0.8660253882;
base,levelBottom,default,0.001,0.5,0.0315306282,1,1,1,1,0,0.05,880.8459473,376.8149185,3636.597595,0,0,0.8660254478,0.4999999702;
base,levelBottom,default,0.001000000954,0.5000001192,0.03600000763,1,1,1,1,0,0.05,719.7161865,376.8149185,3893.335876,0.4330127239,0.75,0.25,0.4330126643;
base,levelBottom,default,0.001000000954,0.5000001192,0.03600000763,1,1,1,1,0,0.05,735.206604,376.8149185,3920.166016,0.75,0.4330126941,0.4330126941,0.2499999702;
base,levelBottom,default,0.001000000715,0.5000001192,0.0375,1,1,1,1,0.05,0.05,390.9614182,376.8149185,3889.585876,0.25,0.4330127239,0.4330127239,0.75;
base,levelBottom,default,0.001000001192,0.5,0.0375,1,1,1,1,0,0.05,375.471077,376.8149185,3916.416016,0.4330127239,0.25,0.75,0.4330126643;
base,levelBottom,default,0.001000000954,0.5,0.009500011444,1,1,1,1,0,0.05,192.3557281,376.8149185,3739.251099,0.5,0.8660253882,-0.00000008146034247,-0.0000001410934516;
base,levelBottom,default,0.001000000954,0.5,0.009500011444,1,1,1,1,0,0.05,223.336544,376.8148804,3739.250793,0.8660254478,0.4999999702,-0.0000001410934516,-0.00000008146033537;
base,levelBottom,default,0.001000001311,0.5,0.01200000191,1,1,1,1,0,0.05,150.6393814,376.8149185,3625.835876,0.25,0.4330127239,0.4330127239,0.75;
base,levelBottom,default,0.001000000715,0.5000000795,0.01200000191,1,1,1,1,0,0.05,135.1490021,376.8149185,3652.666016,0.4330127239,0.25,0.75,0.4330126643;
base,levelBottom,default,0.001000000834,0.5,0.006000340939,1,1,1,1,0,0.05,31.22444868,376.8149185,3610.836792,0.4330127239,0.75,0.25,0.4330126643;
base,levelBottom,default,0.001000000834,0.5,0.006000340939,1,1,1,1,0,0.05,46.71486378,376.8149185,3637.666931,0.75,0.4330126941,0.4330126941,0.2499999702;
base,levelBottom,default,0.001000001788,0.5000001589,0.0431158371,1,1,1,1,0,0.05,-15.49318552,376.8149185,3877.331848,0.5,0.8660253882,-0.00000008146034247,-0.0000001410934516;
base,levelBottom,default,0.001000000238,0.5000001589,0.0431158371,1,1,1,1,0,0.05,15.4876101,376.8149185,3877.331848,0.8660254478,0.4999999702,-0.0000001410934516,-0.00000008146033537;






custom,killcuboid,bombtex,1,2.9,55.66229248,1,0,0.5,1,99999,99999,-30.98075867,349.9847794,3176.095886,0,0,0,1;
custom,killcuboid,bombtex,1,2.9,52.66231918,1,0,0.5,1,99999,99999,30.98073959,349.9847794,3161.095886,0,0,0,1;
custom,killcuboid,bombtex,1.000000715,2.9,29.00000381,1,0,0.5,1,99999,99999,97.09283829,349.9847794,3531.237488,0,0.5,0,0.8660253882;
custom,killcuboid,bombtex,1.000000954,2.9,22.99999237,1,0,0.5,1,99999,99999,128.0736351,349.9847794,3477.577515,0,0.5,0,0.8660253882;
custom,killcuboid,bombtex,1.000000834,2.9,17.5,1,0,0.5,1,99999,99999,303.4438896,349.9847794,3559.987488,0,0.8660254478,0,0.4999999702;
custom,killcuboid,bombtex,1.000000477,2.9,11.50002098,1,0,0.5,1,99999,99999,272.4630547,349.9847794,3506.327515,0,0.8660254478,0,0.4999999702;
custom,killcuboid,bombtex,1.000000477,2.9,11.49999905,1,0,0.5,1,99999,99999,381.7210388,349.9847794,3454.407349,0,1,0,-0.0000001629206849;
custom,killcuboid,bombtex,1.000000477,2.9,5.500006676,1,0,0.5,1,99999,99999,319.7595978,349.9847794,3454.407349,0,1,0,-0.0000001629206849;
custom,killcuboid,bombtex,1.000000358,2.9,11.00000095,1,0,0.5,1,99999,99999,331.5895844,349.9847794,3365.077209,0,0.866025269,0,-0.5000002384;
custom,killcuboid,bombtex,1.000000477,2.9,5.00000906,1,0,0.5,1,99999,99999,300.6089211,349.9847794,3418.737488,0,0.866025269,0,-0.5000002384;
custom,killcuboid,bombtex,1.000000358,2.9,10.00000477,1,0,0.5,1,99999,99999,240.6569672,349.9847794,3431.237488,0,0.8660254478,0,0.4999999702;
custom,killcuboid,bombtex,1.000000358,2.9,9.999994278,1,0,0.5,1,99999,99999,235.6569672,349.9847794,3362.577209,0,0.8660254478,0,0.4999999702;
custom,killcuboid,bombtex,1.000000834,2.9,13.5,1,0,0.5,1,99999,99999,133.8989735,349.9847794,3422.487488,0,0.5,0,0.8660253882;
custom,killcuboid,bombtex,1.000000954,2.9,7.500002384,1,0,0.5,1,99999,99999,164.8797417,349.9847794,3368.827209,0,0.5,0,0.8660253882;
custom,killcuboid,bombtex,1,2.9,28.99999619,1,0,0.5,1,99999,99999,72.94228554,349.9847794,3239.407349,0,0,0,1;
custom,killcuboid,bombtex,1,2.9,22.99999809,1,0,0.5,1,99999,99999,134.9037838,349.9847794,3239.407349,0,0,0,1;
custom,killcuboid,bombtex,1.000000238,2.9,7.000001431,1,0,0.5,1,99999,99999,162.7146912,349.9847794,3111.237488,0,0.8660254478,0,0.4999999702;
custom,killcuboid,bombtex,1.000000358,2.9,13,1,0,0.5,1,99999,99999,131.733942,349.9847794,3057.577209,0,0.8660254478,0,0.4999999702;
custom,killcuboid,bombtex,1.000000954,2.9,8.999991417,1,0,0.5,1,99999,99999,226.9967079,349.9847794,3116.237488,0,0.5,0,0.8660253882;
custom,killcuboid,bombtex,1.000000954,2.9,14.99999046,1,0,0.5,1,99999,99999,257.9774666,349.9847794,3062.577209,0,0.5,0,0.8660253882;
custom,killcuboid,bombtex,1.000000477,2.9,9.999998093,1,0,0.5,1,99999,99999,325.4292297,349.9847794,3154.407349,0,1,0,-0.0000001629206849;
custom,killcuboid,bombtex,1.000000477,2.9,9.999996185,1,0,0.5,1,99999,99999,263.4678078,349.9847794,3184.407349,0,1,0,-0.0000001629206849;
custom,killcuboid,bombtex,1.000000954,2.9,21.50000191,1,0,0.5,1,99999,99999,359.0655518,349.9847794,3292.487488,0,0.5,0,0.8660253882;
custom,killcuboid,bombtex,1.000001073,2.9,21.50000763,1,0,0.5,1,99999,99999,416.0270309,349.9847794,3253.827209,0,0.5,0,0.8660253882;
custom,killcuboid,bombtex,1,2.9,21.49999809,1,0,0.5,1,99999,99999,449.6633148,349.9847794,3449.407349,0,0,0,1;
custom,killcuboid,bombtex,1,2.9,27.49999809,1,0,0.5,1,99999,99999,511.6248322,349.9847794,3449.407349,0,0,0,1;
custom,killcuboid,bombtex,1.000000715,2.9,15.99999619,1,0,0.5,1,99999,99999,439.8427963,349.9847794,3631.237488,0,0.8660254478,0,0.4999999702;
custom,killcuboid,bombtex,1.000000715,2.9,15.99999332,1,0,0.5,1,99999,99999,382.8813171,349.9847794,3592.577209,0,0.8660254478,0,0.4999999702;
custom,killcuboid,bombtex,1.000000477,2.9,5.500006676,1,0,0.5,1,99999,99999,373.0607605,349.9847794,3694.407349,0,1,0,-0.0000001629206849;
custom,killcuboid,bombtex,1.000000477,2.9,11.50000286,1,0,0.5,1,99999,99999,311.0993195,349.9847794,3694.407349,0,1,0,-0.0000001629206849;
custom,killcuboid,bombtex,1.000000834,2.9,24.50000381,1,0,0.5,1,99999,99999,419.6873856,349.9847794,3817.487488,0,0.5,0,0.8660253882;
custom,killcuboid,bombtex,1.000001073,2.9,18.50000572,1,0,0.5,1,99999,99999,450.6681442,349.9847794,3763.827209,0,0.5,0,0.8660253882;
custom,killcuboid,bombtex,1.000000715,2.9,17.50000763,1,0,0.5,1,99999,99999,606.5527725,349.9847794,3834.987488,0,0.8660254478,0,0.4999999702;
custom,killcuboid,bombtex,1.000000477,2.9,11.50000286,1,0,0.5,1,99999,99999,575.5720139,349.9847794,3781.327209,0,0.8660254478,0,0.4999999702;
custom,killcuboid,bombtex,1.000000477,2.9,8.500006676,1,0,0.5,1,99999,99999,684.8299408,349.9847794,3744.407349,0,1,0,-0.0000001629206849;
custom,killcuboid,bombtex,1.000000477,2.9,8.500002861,1,0,0.5,1,99999,99999,622.8684998,349.9847794,3714.407349,0,1,0,-0.0000001629206849;
custom,killcuboid,bombtex,1.000000596,2.9,14.49999809,1,0,0.5,1,99999,99999,745.1167297,349.9847794,3669.987488,0,0.8660254478,0,0.4999999702;
custom,killcuboid,bombtex,1.000000596,2.9,14.50000286,1,0,0.5,1,99999,99999,688.1552887,349.9847794,3631.327209,0,0.8660254478,0,0.4999999702;
custom,killcuboid,bombtex,1.000000477,2.9,11.49999905,1,0,0.5,1,99999,99999,810.403595,349.9847794,3571.907349,0,1,0,-0.0000001629206849;
custom,killcuboid,bombtex,1.000000477,2.9,5.500006676,1,0,0.5,1,99999,99999,748.4421539,349.9847794,3571.907349,0,1,0,-0.0000001629206849;
custom,killcuboid,bombtex,1.000000954,2.9,21.50000191,1,0,0.5,1,99999,99999,657.8444672,349.9847794,3494.987488,0,0.5,0,0.8660253882;
custom,killcuboid,bombtex,1.000000954,2.9,21.50000954,1,0,0.5,1,99999,99999,714.8059845,349.9847794,3456.327209,0,0.5,0,0.8660253882;
custom,killcuboid,bombtex,1,2.9,17.79627419,1,0,0.5,1,99999,99999,562.246666,349.9847794,3347.926025,0,0,0,1;
custom,killcuboid,bombtex,1,2.9,17.79626656,1,0,0.5,1,99999,99999,624.2081833,349.9847794,3317.926025,0,0,0,1;
custom,killcuboid,bombtex,1.000001073,2.9,21.50000572,1,0,0.5,1,99999,99999,471.6489029,349.9847794,3209.524841,0,0.5,0,0.8660253882;
custom,killcuboid,bombtex,1.000000954,2.9,21.50000191,1,0,0.5,1,99999,99999,528.6104202,349.9847794,3170.864563,0,0.5,0,0.8660253882;
custom,killcuboid,bombtex,1.000000477,2.9,7.000000954,1,0,0.5,1,99999,99999,438.0126572,349.9847794,3086.444702,0,1,0,-0.0000001629206849;
custom,killcuboid,bombtex,1.000000477,2.9,12.99999523,1,0,0.5,1,99999,99999,376.0512924,349.9847794,3086.444702,0,1,0,-0.0000001629206849;
custom,killcuboid,bombtex,1.000000238,2.9,7.000001431,1,0,0.5,1,99999,99999,465.823555,349.9847794,3038.274841,0,0.8660254478,0,0.4999999702;
custom,killcuboid,bombtex,1.000000477,2.9,12.99999619,1,0,0.5,1,99999,99999,434.8427963,349.9847794,2984.614563,0,0.8660254478,0,0.4999999702;
custom,killcuboid,bombtex,1.000000954,2.9,21.99999809,1,0,0.5,1,99999,99999,586.3972473,349.9847794,3075.774841,0,0.5,0,0.8660253882;
custom,killcuboid,bombtex,1.000000834,2.9,27.99999809,1,0,0.5,1,99999,99999,617.378006,349.9847794,3022.114563,0,0.5,0,0.8660253882;
custom,killcuboid,bombtex,1,2.9,24.42637634,1,0,0.5,1,99999,99999,679.1600037,349.9847794,3248.576355,0,0,0,1;
custom,killcuboid,bombtex,1,2.9,24.49999237,1,0,0.5,1,99999,99999,741.121521,349.9847794,3218.944702,0,0,0,1;
custom,killcuboid,bombtex,1.000000954,2.9,21.53681564,1,0,0.5,1,99999,99999,774.5983124,349.9847794,3429.432678,0,0.5,0,0.8660253882;
custom,killcuboid,bombtex,1.000000954,2.9,21.46319962,1,0,0.5,1,99999,99999,831.559906,349.9847794,3390.7724,0,0.5,0,0.8660253882;
custom,killcuboid,bombtex,1,2.9,31.53063393,1,0,0.5,1,99999,99999,865.3555298,349.9847794,3636.597595,0,0,0,1;
custom,killcuboid,bombtex,1,2.9,37.60426331,1,0,0.5,1,99999,99999,927.3170471,349.9847794,3636.229553,0,0,0,1;
custom,killcuboid,bombtex,1.000001669,2.9,42.00000381,1,0,0.5,1,99999,99999,742.9516602,349.9847794,3933.580933,0,0.8660254478,0,0.4999999702;
custom,killcuboid,bombtex,1.000001431,2.9,36.00001144,1,0,0.5,1,99999,99999,711.9709778,349.9847794,3879.920654,0,0.8660254478,0,0.4999999702;
custom,killcuboid,bombtex,1,2.9,43.5,1,0,0.5,1,99999,99999,367.7258682,349.9847794,3929.830933,0,0.5,0,0.8660253882;
custom,killcuboid,bombtex,1.000000119,2.9,37.5,1,0,0.5,1,99999,99999,398.7065887,349.9847794,3876.170959,0,0.5,0,0.8660253882;
custom,killcuboid,bombtex,1.000000477,2.9,12.49999905,1,0,0.5,1,99999,99999,238.8268089,349.9847794,3724.250793,0,1,0,-0.0000001629206849;
custom,killcuboid,bombtex,1.000000477,2.9,12.49999905,1,0,0.5,1,99999,99999,176.8653679,349.9847794,3754.250793,0,1,0,-0.0000001629206849;
custom,killcuboid,bombtex,1.00000155,2.9,12.00000286,1,0,0.5,1,99999,99999,127.4038029,349.9847794,3666.080933,0,0.5,0,0.8660253882;
custom,killcuboid,bombtex,1.000001431,2.9,17.99999809,1,0,0.5,1,99999,99999,158.3845234,349.9847794,3612.420959,0,0.5,0,0.8660253882;
custom,killcuboid,bombtex,1.000000119,2.9,6.000339031,1,0,0.5,1,99999,99999,54.46004391,349.9847794,3651.081848,0,0.8660254478,0,0.4999999702;
custom,killcuboid,bombtex,1.000000477,2.9,12.00032902,1,0,0.5,1,99999,99999,23.47931385,349.9847794,3597.42157,0,0.8660254478,0,0.4999999702;
custom,killcuboid,bombtex,1.000002146,2.9,43.11584091,1,0,0.5,1,99999,99999,30.97787619,349.9847794,3877.331848,0,1,0,-0.0000001629206849;
custom,killcuboid,bombtex,1.000002146,2.9,46.1158371,1,0,0.5,1,99999,99999,-30.98356962,349.9847794,3862.331848,0,1,0,-0.0000001629206849;
custom,killprism,metal1,2.598080158,1,3.122521311,1,1,1,1,0.05,0.05,17.95824428,377.344426,3428.77089,-0.2503088713,-0.478659749,-0.1445159018,0.8290629983;
custom,killprism,metal1,2.598080158,1,4.663730383,1,1,1,1,0.05,0.05,-10.19165181,377.8354668,3445.560228,-0.09441919625,0.8504440188,0.1635388136,0.491004169;
custom,killprism,metal1,4.242649555,1,2.449512505,1,1,1,1,0.05,0.05,-21.88195199,373.3803687,3432.692387,-0.09904615581,0.3696437478,0.239117682,0.8923990726;
custom,killprism,metal1,4.242649555,1,2.449512505,1,1,1,1,0.05,0.05,-5.017263453,373.0134355,3461.535717,-0.9576548934,-0.1575470716,0.1261338741,0.2053444088;
custom,killprism,metal1,2.59807992,1,3.122521311,1,1,1,1,0.05,0.05,224.9384153,377.3444259,3548.538358,-0.2890317738,0,0,0.9573194981;
custom,killprism,metal1,2.59807992,1,4.663730934,1,1,1,1,0.05,0.05,225.4034389,377.8354287,3581.311622,-0.00000001425689877,0.9820081592,0.1888383478,0.00000007413955672;
custom,killprism,metal1,4.242649555,1,2.449512505,1,1,1,1,0.05,0.05,208.4142408,373.3803687,3585.00153,0.03378235176,0.7663204074,0.2566050589,0.5880183578;
custom,killprism,metal1,4.242649555,1,2.44951223,1,1,1,1,0.05,0.05,241.8257769,373.0134355,3584.818045,-0.7662864923,-0.03376754746,0.5880625844,0.2566069961;
custom,killprism,metal1,2.598080158,1,3.122521311,1,1,1,1,0.05,0.05,332.5531064,377.3444259,3486.670239,-0.2503088713,0.478659749,0.1445159018,0.8290629983;
custom,killprism,metal1,2.59807992,1,4.663730383,1,1,1,1,0.05,0.05,361.1680092,377.8354286,3502.654165,0.09441918135,0.8504440188,0.1635387987,-0.4910041392;
custom,killprism,metal1,4.242649555,1,2.449512505,1,1,1,1,0.05,0.05,355.8691316,373.3803687,3519.212219,0.157558918,0.9576621652,0.2053353041,0.1260785609;
custom,killprism,metal1,4.242649555,1,2.449512505,1,1,1,1,0.05,0.05,372.4159802,373.0134356,3490.185098,-0.3695921898,0.09905996919,0.8924204111,0.2391119599;
custom,killprism,metal1,2.59807992,1,3.122521311,1,1,1,1,0.05,0.05,332.774813,377.3239029,3422.54808,-0.1445158869,0.8290629983,0.2503088713,0.4786597192;
custom,killprism,metal1,2.59807992,1,4.663730383,1,1,1,1,0.05,0.05,360.9246735,377.8149437,3405.758742,0.1635388285,0.4910039306,0.09441914409,-0.8504441381;
custom,killprism,metal1,4.242649555,1,2.449512505,1,1,1,1,0.05,0.05,372.6150124,373.3598456,3418.626888,0.2391176969,0.8923989534,0.09904610366,-0.3696439564;
custom,killprism,metal1,4.242649555,1,2.449512505,1,1,1,1,0.05,0.05,355.7502874,372.9929125,3389.783252,0.1261341274,0.2053444535,0.9576548338,0.157547012;
custom,killprism,metal1,2.59807992,1,3.122521311,1,1,1,1,0.05,0.05,281.6868744,377.3443878,3392.776034,0.00000004708925516,0.9573194981,0.2890317738,-0.0000001559671432;
custom,killprism,metal1,2.59807992,1,4.663730934,1,1,1,1,0.05,0.05,281.2218138,377.8354287,3360.003075,0.1888383478,-0.0000003199788807,-0.00000006153134535,-0.9820081592;
custom,killprism,metal1,4.242649555,1,2.449512505,1,1,1,1,0.05,0.05,298.2110299,373.3803306,3356.312863,0.2566050589,0.5880181789,-0.03378241137,-0.7663205862;
custom,killprism,metal1,4.242649555,1,2.449512505,1,1,1,1,0.05,0.05,264.7994558,373.0134356,3356.496347,0.588062942,0.2566070259,0.7662861943,0.03376742825;
custom,killprism,metal1,2.59807992,1,3.122521311,1,1,1,1,0.05,0.05,194.6276512,377.3444259,3401.038358,-0.2890317738,0.0000001141213772,0.00000003445527241,0.9573194981;
custom,killprism,metal1,2.59807992,1,4.663730934,1,1,1,1,0.05,0.05,195.0927114,377.8354287,3433.811622,-0.00000009229701448,-0.9820081592,-0.1888383478,0.0000004799683211;
custom,killprism,metal1,4.242649555,1,2.449512505,1,1,1,1,0.05,0.05,178.1034957,373.3803687,3437.50153,0.03378239647,0.7663205266,0.2566050589,0.5880182385;
custom,killprism,metal1,4.242649555,1,2.449512505,1,1,1,1,0.05,0.05,211.5150698,373.0134356,3437.318046,-0.7662862539,-0.03376742825,0.588062942,0.2566070259;
custom,killprism,metal1,2.598080158,1,3.122521311,1,1,1,1,0.05,0.05,121.8821027,377.3444259,3358.775468,-0.2503088713,-0.4786596596,-0.144515872,0.8290630579;
custom,killprism,metal1,2.59807992,1,4.663730934,1,1,1,1,0.05,0.05,93.73224198,377.8354669,3375.564804,0.09441907704,-0.8504443169,-0.1635388583,-0.4910036027;
custom,killprism,metal1,4.242649555,1,2.449512505,1,1,1,1,0.05,0.05,82.04192217,373.3803687,3362.696659,-0.09904611856,0.3696438968,0.239117682,0.892399013;
custom,killprism,metal1,4.242650032,1,2.449512505,1,1,1,1,0.05,0.05,98.90664708,373.0134356,3391.53999,-0.9576548338,-0.1575469673,0.1261342913,0.2053444833;
custom,killprism,metal1,2.598080158,1,3.122521311,1,1,1,1,0.05,0.05,122.1102083,377.344426,3119.643848,-0.1445159167,-0.8290629387,-0.2503088713,0.4786598384;
custom,killprism,metal1,2.59807992,1,4.663730383,1,1,1,1,0.05,0.05,93.49528758,377.8354286,3103.65992,0.1635387242,-0.4910046756,-0.0944192782,-0.8504437208;
custom,killprism,metal1,4.242649555,1,2.449512505,1,1,1,1,0.05,0.05,98.79418322,373.3803687,3087.101867,-0.2053353041,-0.1260785311,0.157558918,0.9576621652;
custom,killprism,metal1,4.242649555,1,2.449512781,1,1,1,1,0.05,0.05,82.24733411,373.0134356,3116.128988,-0.8924205303,-0.2391119152,-0.3695918918,0.09906005114;
custom,killprism,metal1,2.59807992,1,3.122521311,1,1,1,1,0.05,0.05,190.7536469,377.3443878,3080.276645,-0.00000002182129322,-0.9573194981,-0.2890317738,0.00000007227561127;
custom,killprism,metal1,2.59807992,1,4.663730934,1,1,1,1,0.05,0.05,190.2885874,377.8354287,3047.503381,0.1888383329,-0.0000007882368891,-0.0000001515764723,-0.9820082188;
custom,killprism,metal1,4.242649555,1,2.449512505,1,1,1,1,0.05,0.05,207.2778024,373.3803306,3043.813168,-0.2566050589,-0.5880182981,0.03378237039,0.766320467;
custom,killprism,metal1,4.242649555,1,2.449512505,1,1,1,1,0.05,0.05,173.8662283,373.0134356,3043.996652,-0.5880628228,-0.2566070259,-0.7662863135,-0.03376745433;
custom,killprism,metal1,2.59807992,1,3.122521311,1,1,1,1,0.05,0.05,276.4894508,377.3443878,3130.039535,0.1445159018,-0.8290629983,-0.2503088713,-0.4786598086;
custom,killprism,metal1,2.59807992,1,4.663730383,1,1,1,1,0.05,0.05,304.6393118,377.8354286,3113.250199,0.1635388732,0.4910033345,0.09441901743,-0.8504444957;
custom,killprism,metal1,4.242649555,1,2.449512505,1,1,1,1,0.05,0.05,316.3296505,373.3803687,3126.118343,-0.2391176671,-0.8923990726,-0.09904614836,0.3696437776;
custom,killprism,metal1,4.242649555,1,2.449512505,1,1,1,1,0.05,0.05,299.4649252,373.0134356,3097.274707,-0.1261341572,-0.2053444535,-0.9576548338,-0.1575469971;
custom,killprism,metal1,2.598080158,1,3.122521311,1,1,1,1,0.05,0.05,312.4071671,377.344426,3208.774857,-0.2503088713,-0.4786598086,-0.1445159167,0.8290629983;
custom,killprism,metal1,2.59807992,1,4.663730934,1,1,1,1,0.05,0.05,284.2573062,377.8354668,3225.564193,-0.09441902488,0.8504444361,0.1635388732,0.4910033643;
custom,killprism,metal1,4.242649555,1,2.449512505,1,1,1,1,0.05,0.05,272.5669673,373.3803687,3212.696354,-0.09904616326,0.3696437478,0.2391176671,0.8923990726;
custom,killprism,metal1,4.242650032,1,2.449512505,1,1,1,1,0.05,0.05,289.4316927,373.0134356,3241.539685,-0.9576548338,-0.1575469971,0.1261341125,0.2053444535;
custom,killprism,metal1,2.598080158,1,3.122521311,1,1,1,1,0.05,0.05,462.6786063,377.3239029,3337.54808,-0.1445159167,0.8290629387,0.2503088713,0.4786598384;
custom,killprism,metal1,2.59807992,1,4.663730383,1,1,1,1,0.05,0.05,490.8284673,377.8149437,3320.758744,-0.1635388732,-0.4910033941,-0.09441903234,0.8504444361;
custom,killprism,metal1,4.242649555,1,2.449512505,1,1,1,1,0.05,0.05,502.5188063,373.3598457,3333.626888,-0.2391176522,-0.8923990726,-0.09904617816,0.3696436882;
custom,killprism,metal1,4.242649555,1,2.449512505,1,1,1,1,0.05,0.05,485.6540806,372.9929125,3304.783252,-0.126134038,-0.2053444386,-0.9576548338,-0.1575470269;
custom,killprism,metal1,2.598080158,1,3.122521311,1,1,1,1,0.05,0.05,462.4461803,377.3239029,3561.669323,-0.2503088713,0.4786596596,0.144515872,0.8290630579;
custom,killprism,metal1,2.59807992,1,4.663730383,1,1,1,1,0.05,0.05,491.061082,377.8149056,3577.652946,-0.09441930801,-0.8504436612,-0.1635387242,0.491004765;
custom,killprism,metal1,4.242649555,1,2.449512505,1,1,1,1,0.05,0.05,485.762206,373.3598457,3594.211304,-0.1575588435,-0.9576621056,-0.2053353637,-0.1260788739;
custom,killprism,metal1,4.242649555,1,2.449512505,1,1,1,1,0.05,0.05,502.3090542,372.9929125,3565.184183,0.3695922494,-0.09905995429,-0.8924204111,-0.239111945;
custom,killprism,metal1,2.59807992,1,3.122521036,1,1,1,1,0.05,0.05,360.2671758,377.3443878,3662.144459,-0.1445158571,-0.8290630579,-0.2503089011,0.4786596298;
custom,killprism,metal1,2.598080158,1,4.663730383,1,1,1,1,0.05,0.05,331.6522739,377.8354287,3646.160531,-0.163538754,0.4910047054,0.09441930056,0.8504436612;
custom,killprism,metal1,4.242649555,1,2.449512505,1,1,1,1,0.05,0.05,336.95115,373.3803687,3629.602477,-0.2053353637,-0.1260789037,0.1575588435,0.9576621056;
custom,killprism,metal1,4.242649555,1,2.449512505,1,1,1,1,0.05,0.05,320.404302,373.0134356,3658.629599,-0.8924203515,-0.2391119599,-0.369592309,0.09905994684;
custom,killprism,metal1,2.59807992,1,3.122521311,1,1,1,1,0.05,0.05,360.0456216,377.3239029,3726.266617,-0.2503088415,-0.4786598682,-0.1445159316,0.8290629387;
custom,killprism,metal1,2.598080158,1,4.663730383,1,1,1,1,0.05,0.05,331.8957606,377.8149438,3743.055649,-0.09441906959,0.8504443765,0.163538903,0.4910034537;
custom,killprism,metal1,4.242650032,1,2.449512505,1,1,1,1,0.05,0.05,320.2054214,373.3598456,3730.187809,-0.09904620796,0.3696435392,0.2391176373,0.8923991323;
custom,killprism,metal1,4.242649555,1,2.449512505,1,1,1,1,0.05,0.05,337.0701857,372.9929506,3759.031445,-0.9576548934,-0.1575470567,0.126133889,0.2053444088;
custom,killprism,metal1,2.59807992,1,3.122521311,1,1,1,1,0.05,0.05,528.0473362,377.3444259,3823.538663,-0.2890317738,-0.0000001141213772,-0.00000003445527241,0.9573194981;
custom,killprism,metal1,2.59807992,1,4.663730383,1,1,1,1,0.05,0.05,528.5123386,377.8354288,3856.311622,0.000000165833427,0.9820081592,0.1888383925,-0.0000008623763961;
custom,killprism,metal1,4.242649555,1,2.449512505,1,1,1,1,0.05,0.05,511.5231236,373.3803687,3860.001835,0.03378228098,0.7663202882,0.2566050589,0.5880185366;
custom,killprism,metal1,4.242649555,1,2.44951223,1,1,1,1,0.05,0.05,544.9347361,373.0134355,3859.818045,-0.7662864923,-0.03376753628,0.5880625844,0.2566069961;
custom,killprism,metal1,2.598080158,1,3.122521311,1,1,1,1,0.05,0.05,635.6621227,377.3444259,3761.670239,-0.2503088713,0.4786596596,0.144515872,0.8290630579;
custom,killprism,metal1,2.59807992,1,4.663730383,1,1,1,1,0.05,0.05,664.2769097,377.8354669,3777.654167,0.09441936016,0.850443542,0.163538754,-0.4910049438;
custom,killprism,metal1,4.242649555,0.9999999404,2.449512505,1,1,1,1,0.05,0.05,658.978072,373.3803687,3794.21222,0.1575588435,0.9576621056,0.2053353488,0.1260787845;
custom,killprism,metal1,4.242649555,1,2.449512505,1,1,1,1,0.05,0.05,675.5248441,373.0134356,3765.185098,-0.3695921898,0.09905997664,0.8924204111,0.239111945;
custom,killprism,metal1,2.59807992,1,3.122521036,1,1,1,1,0.05,0.05,672.0361654,377.3444259,3697.143848,-0.1445158571,-0.8290630579,-0.2503089011,0.4786596298;
custom,killprism,metal1,2.59807992,1,4.663730383,1,1,1,1,0.05,0.05,643.4213782,377.8354288,3681.15992,-0.1635387689,0.491004914,0.09441936016,0.850443542;
custom,killprism,metal1,4.242649555,0.9999999404,2.449512505,1,1,1,1,0.05,0.05,648.720216,373.3803688,3664.601867,-0.2053353488,-0.1260788143,0.1575588137,0.9576621056;
custom,killprism,metal1,4.242649555,1,2.449512505,1,1,1,1,0.05,0.05,632.1734058,373.0134356,3693.628683,-0.8924204111,-0.239111945,-0.3695922196,0.09905996174;
custom,killprism,metal1,2.59807992,1,3.122521311,1,1,1,1,0.05,0.05,761.2250956,377.3239029,3604.169323,-0.2503089011,0.4786596,0.1445158571,0.8290630579;
custom,killprism,metal1,2.59807992,1,4.663730383,1,1,1,1,0.05,0.05,789.8398829,377.8149439,3620.152946,-0.09441935271,-0.8504436016,-0.1635387689,0.4910048842;
custom,killprism,metal1,4.242649555,1,2.449512505,1,1,1,1,0.05,0.05,784.5410451,373.3598457,3636.711304,0.1575587839,0.9576621056,0.2053353637,0.1260788888;
custom,killprism,metal1,4.242649555,1,2.449512505,1,1,1,1,0.05,0.05,801.0878932,372.9929125,3607.684183,-0.3695922792,0.09905994684,0.8924204111,0.2391119599;
custom,killprism,metal1,2.598080158,1,3.122521311,1,1,1,1,0.05,0.05,761.4643882,377.344426,3540.039535,-0.1445159167,0.8290629387,0.2503088713,0.4786598384;
custom,killprism,metal1,2.598080158,1,4.663730383,1,1,1,1,0.05,0.05,789.6141731,377.8354669,3523.250199,-0.1635389477,-0.4910032749,-0.09441904724,0.8504444957;
custom,killprism,metal1,4.242649555,1,2.449512505,1,1,1,1,0.05,0.05,801.3045119,373.3803688,3536.118343,0.2391176075,0.8923991323,0.09904621542,-0.3696436584;
custom,killprism,metal1,4.242649555,1,2.449512505,1,1,1,1,0.05,0.05,784.4398243,373.0134356,3507.274707,0.1261340082,0.2053444237,0.9576548338,0.1575470269;
custom,killprism,metal1,2.59807992,1,3.122521311,1,1,1,1,0.05,0.05,611.1864831,377.3443878,3411.275162,-0.2503088415,-0.4786598682,-0.1445159316,0.8290629387;
custom,killprism,metal1,2.59807992,1,4.663730383,1,1,1,1,0.05,0.05,583.0366983,377.8354288,3428.064498,-0.09441906214,0.8504444361,0.1635389328,0.4910033643;
custom,killprism,metal1,4.242649555,1,2.449512505,1,1,1,1,0.05,0.05,571.3463593,373.3803306,3415.196659,-0.09904623032,0.3696435988,0.2391175926,0.8923991323;
custom,killprism,metal1,4.242649555,1,2.449512505,1,1,1,1,0.05,0.05,588.211047,373.0134356,3444.03999,-0.9576548338,-0.1575470418,0.1261339784,0.2053444237;
custom,killprism,metal1,2.59807992,1,3.122521311,1,1,1,1,0.05,0.05,575.2620338,377.3239029,3254.585434,-0.1445159465,0.8290628791,0.2503088415,0.4786599278;
custom,killprism,metal1,2.59807992,1,4.663730383,1,1,1,1,0.05,0.05,603.4118186,377.8149057,3237.796097,-0.1635389328,-0.4910033941,-0.09441906959,0.8504444361;
custom,killprism,metal1,4.242649555,1,2.449512505,1,1,1,1,0.05,0.05,615.1021576,373.3598457,3250.663937,-0.2391175926,-0.8923991323,-0.09904623032,0.369643569;
custom,killprism,metal1,4.242649555,1,2.449512505,1,1,1,1,0.05,0.05,598.2374697,372.9929125,3221.820606,-0.1261339188,-0.2053444237,-0.9576548338,-0.1575470567;
custom,killprism,metal1,2.598080158,1,3.122521311,1,1,1,1,0.05,0.05,424.9904992,377.344426,3125.81221,-0.2503088415,-0.4786599576,-0.1445159614,0.8290628791;
custom,killprism,metal1,2.598080158,1,4.663730383,1,1,1,1,0.05,0.05,396.8407145,377.835467,3142.601547,-0.09441908449,0.8504443765,0.1635389328,0.4910034537;
custom,killprism,metal1,4.242649555,1,2.449512505,1,1,1,1,0.05,0.05,385.1503753,373.3803688,3129.733402,-0.09904625267,0.3696435392,0.2391175777,0.8923991919;
custom,killprism,metal1,4.242649555,1,2.449512505,1,1,1,1,0.05,0.05,402.0150633,373.0134355,3158.577038,-0.9576548338,-0.1575470716,0.126133889,0.2053444088;
custom,killprism,metal1,2.598080158,1,3.122521311,1,1,1,1,0.05,0.05,425.2189962,377.3444259,3046.681507,-0.1445158273,-0.8290631175,-0.2503089011,0.4786595404;
custom,killprism,metal1,2.598080158,1,4.663730383,1,1,1,1,0.05,0.05,396.6041705,377.8354288,3030.697884,-0.1635387838,0.4910047054,0.09441932291,0.8504436612;
custom,killprism,metal1,4.242649555,1,2.449512505,1,1,1,1,0.05,0.05,401.9030086,373.3803688,3014.139831,-0.2053353637,-0.1260789037,0.1575587541,0.9576621056;
custom,killprism,metal1,4.242649555,1,2.449512505,1,1,1,1,0.05,0.05,385.3561605,373.0134356,3043.166647,-0.8924203515,-0.2391119748,-0.369592309,0.09905993938;
custom,killprism,metal1,2.59807992,1,3.122521311,1,1,1,1,0.05,0.05,493.8669174,377.3239029,3007.323459,0.0000001159998035,-0.9573194981,-0.2890317738,-0.0000003842098977;
custom,killprism,metal1,2.59807992,1,4.663730383,1,1,1,1,0.05,0.05,493.4019142,377.8149439,2974.5505,-0.1888384074,0.0000006877538681,0.000000132253831,0.9820081592;
custom,killprism,metal1,4.242649555,1,2.449512505,1,1,1,1,0.05,0.05,510.3910916,373.3598458,2970.860286,-0.2566049993,-0.5880185962,0.0337821804,0.7663202286;
custom,killprism,metal1,4.242649555,1,2.449512505,1,1,1,1,0.05,0.05,476.9795554,372.9929125,2971.043772,-0.5880625248,-0.2566069961,-0.766286552,-0.03376756236;
custom,killprism,metal1,2.59807992,1,3.122521311,1,1,1,1,0.05,0.05,692.1817803,377.3444259,3122.076584,0.144516021,-0.8290627599,-0.2503087819,-0.4786601961;
custom,killprism,metal1,2.59807992,1,4.663730383,1,1,1,1,0.05,0.05,720.3315649,377.8354288,3105.287247,-0.1635389179,-0.4910034835,-0.09441909194,0.8504443765;
custom,killprism,metal1,4.242649555,1,2.449512505,1,1,1,1,0.05,0.05,732.0219042,373.3803688,3118.155392,-0.2391175479,-0.8923991919,-0.09904628247,0.3696434796;
custom,killprism,metal1,4.242649555,1,2.449512505,1,1,1,1,0.05,0.05,715.157216,373.0134356,3089.311756,-0.1261338145,-0.2053443938,-0.9576548934,-0.1575470716;
custom,killprism,metal1,2.59807992,1,3.122521311,1,1,1,1,0.05,0.05,728.0989814,377.3444259,3345.807938,-0.2503087819,-0.4786602557,-0.1445160508,0.8290627003;
custom,killprism,metal1,2.59807992,1,4.663730383,1,1,1,1,0.05,0.05,699.9491969,377.835467,3362.597275,-0.09441909939,0.8504443169,0.1635389179,0.4910035431;
custom,killprism,metal1,4.242649555,1,2.449512505,1,1,1,1,0.05,0.05,688.2588575,373.3803688,3349.72913,-0.09904628992,0.3696434498,0.239117533,0.8923991919;
custom,killprism,metal1,4.242649555,1,2.449512505,1,1,1,1,0.05,0.05,705.1235458,373.0134356,3378.572766,-0.9576548934,-0.1575470716,0.1261337698,0.2053443938;
custom,killprism,metal1,2.59807992,1,3.122521311,1,1,1,1,0.05,0.05,878.370974,377.3239029,3474.585434,-0.1445160657,0.8290627003,0.2503087819,0.4786603153;
custom,killprism,metal1,2.59807992,1,4.663730383,1,1,1,1,0.05,0.05,906.5207585,377.8149439,3457.796097,-0.1635389179,-0.4910036027,-0.09441910684,0.8504443169;
custom,killprism,metal1,4.242649555,1,2.449512505,1,1,1,1,0.05,0.05,918.2110981,373.3598458,3470.664242,-0.239117533,-0.8923992515,-0.09904631227,0.3696433902;
custom,killprism,metal1,4.242649555,1,2.449512505,1,1,1,1,0.05,0.05,901.3464095,372.9929506,3441.820606,-0.1261336952,-0.2053443789,-0.9576548934,-0.1575470865;
custom,killprism,metal1,2.59807992,1,3.122521311,1,1,1,1,0.05,0.05,878.1457189,377.3444259,3799.017041,-0.2503089607,0.4786591828,0.144515723,0.8290633559;
custom,killprism,metal1,2.598080158,1,4.663730383,1,1,1,1,0.05,0.05,906.7604309,377.8354669,3815.000663,-0.09441929311,-0.8504437208,-0.1635387987,0.4910045564;
custom,killprism,metal1,4.242649555,1,2.449512505,1,1,1,1,0.05,0.05,901.4616691,373.3803688,3831.559022,-0.1575586796,-0.9576621056,-0.2053354084,-0.1260791868;
custom,killprism,metal1,4.242649555,1,2.449512505,1,1,1,1,0.05,0.05,918.0084402,373.0134356,3802.5319,0.3695925772,-0.09905987233,-0.8924202323,-0.2391119897;
custom,killprism,metal1,2.59807992,1,3.122521311,1,1,1,1,0.05,0.05,558.3539227,377.3239029,3983.372037,-0.2890317738,-0.0000006847282634,-0.0000002067316416,0.9573194981;
custom,killprism,metal1,2.59807992,1,4.663730383,1,1,1,1,0.05,0.05,558.8190029,377.8149057,4016.144996,-0.0000001043020745,-0.9820081592,-0.1888384074,0.0000005423975153;
custom,killprism,metal1,4.242649555,1,2.449512505,1,1,1,1,0.05,0.05,541.8297487,373.3598458,4019.83521,-0.03378207609,-0.7663200498,-0.2566050291,-0.5880189538;
custom,killprism,metal1,4.242649555,1,2.449512505,1,1,1,1,0.05,0.05,575.2413612,372.9929125,4019.651723,0.7662867904,0.03376766294,-0.5880622268,-0.2566069961;
custom,killprism,metal1,2.598080158,1,3.122521311,1,1,1,1,0.05,0.05,225.8044791,377.3444259,3791.118606,-0.2503087521,-0.4786603451,-0.1445160806,0.8290626407;
custom,killprism,metal1,2.59807992,1,4.663730383,1,1,1,1,0.05,0.05,197.6548665,377.8354288,3807.907944,0.09441913664,-0.8504442573,-0.163538903,-0.491003722;
custom,killprism,metal1,4.242649555,1,2.449512505,1,1,1,1,0.05,0.05,185.9643545,373.3803688,3795.039799,0.09904641658,-0.3696430326,-0.2391175032,-0.8923993707;
custom,killprism,metal1,4.242649555,1,2.449512505,1,1,1,1,0.05,0.05,202.8291968,373.0134356,3823.883434,0.957654953,0.157547161,-0.1261333078,-0.2053443193;
custom,killprism,metal1,2.59807992,1,3.122521311,1,1,1,1,0.05,0.05,189.8877358,377.3444259,3687.383286,-0.1445160955,0.8290626407,0.2503087521,0.4786604047;
custom,killprism,metal1,2.59807992,1,4.663730383,1,1,1,1,0.05,0.05,218.0373484,377.8354288,3670.593948,-0.1635388881,-0.4910037518,-0.09441913664,0.8504441977;
custom,killprism,metal1,4.242649555,0.9999999404,2.449512505,1,1,1,1,0.05,0.05,229.7278606,373.3803688,3683.462093,-0.2391175032,-0.8923994303,-0.09904644638,0.3696429431;
custom,killprism,metal1,4.242649555,1,2.449512505,1,1,1,1,0.05,0.05,212.8630181,373.0134356,3654.618458,-0.1261332333,-0.2053443044,-0.957654953,-0.1575471759;
custom,killprism,metal1,2.59807992,1,3.122521311,1,1,1,1,0.05,0.05,78.1709216,377.3444259,3622.61948,-0.0000002285529348,0.9573194981,0.2890317738,0.0000007570038747;
custom,killprism,metal1,2.59807992,1,4.663730383,1,1,1,1,0.05,0.05,77.70586481,377.835467,3589.84652,-0.1888384074,0.0000004243588023,0.00000008160343157,0.9820081592;
custom,killprism,metal1,4.242649555,1,2.449512505,1,1,1,1,0.05,0.05,94.69510039,373.3803688,3586.156306,-0.2566050291,-0.588019073,0.03378202021,0.7663199306;
custom,killprism,metal1,4.242649555,1,2.449512505,1,1,1,1,0.05,0.05,61.28348775,373.0134356,3586.340098,-0.588062048,-0.2566069663,-0.7662869096,-0.03376770392;
custom,killprism,metal1,2.59807992,1,3.122521311,1,1,1,1,0.05,0.05,18.18417631,377.3444259,3656.988818,0.144515723,0.8290632963,0.2503089607,-0.4786592126;
custom,killprism,metal1,2.59807992,1,4.663730383,1,1,1,1,0.05,0.05,-10.43050249,377.8354288,3641.005197,-0.1635388136,0.491004467,0.09441927075,0.85044384;
custom,killprism,metal1,4.242649555,1,2.449512505,1,1,1,1,0.05,0.05,-5.131769426,373.3803688,3624.447142,-0.2053354681,-0.1260794848,0.1575586051,0.957662046;
custom,killprism,metal1,4.242649555,1,2.449512505,1,1,1,1,0.05,0.05,-21.67854092,373.0134356,3653.47396,-0.8924201727,-0.2391120046,-0.3695928454,0.09905980527;
custom,killprism,metal1,2.5980802,-1,3.1225213,1,1,1,1,0.05,0.05,17.9582443,322.6251328,3428.77089,-0.2503089,0.4786597,-0.1445159,-0.829063;
custom,killprism,metal1,2.5980802,-1,4.6637304,1,1,1,1,0.05,0.05,-10.1916518,322.134092,3445.560228,-0.0944192,-0.850444,0.1635388,-0.4910042;
custom,killprism,metal1,4.2426496,-1,2.4495125,1,1,1,1,0.05,0.05,-21.881952,326.5891901,3432.692387,-0.0990462,-0.3696437,0.2391177,-0.8923991;
custom,killprism,metal1,4.2426496,-1,2.4495125,1,1,1,1,0.05,0.05,-5.0172635,326.9561233,3461.535717,-0.9576549,0.1575471,0.1261339,-0.2053444;
custom,killprism,metal1,2.5980799,-1,3.1225213,1,1,1,1,0.05,0.05,224.9384153,322.6251329,3548.538358,-0.2890318,0,0,-0.9573195;
custom,killprism,metal1,2.5980799,-1,4.6637309,1,1,1,1,0.05,0.05,225.4034389,322.1341301,3581.311622,0,-0.9820082,0.1888383,-0.0000001;
custom,killprism,metal1,4.2426496,-1,2.4495125,1,1,1,1,0.05,0.05,208.4142408,326.5891901,3585.00153,0.0337824,-0.7663204,0.2566051,-0.5880184;
custom,killprism,metal1,4.2426496,-1,2.4495122,1,1,1,1,0.05,0.05,241.8257769,326.9561233,3584.818045,-0.7662865,0.0337675,0.5880626,-0.256607;
custom,killprism,metal1,2.5980802,-1,3.1225213,1,1,1,1,0.05,0.05,332.5531064,322.6251329,3486.670239,-0.2503089,-0.4786597,0.1445159,-0.829063;
custom,killprism,metal1,2.5980799,-1,4.6637304,1,1,1,1,0.05,0.05,361.1680092,322.1341302,3502.654165,0.0944192,-0.850444,0.1635388,0.4910041;
custom,killprism,metal1,4.2426496,-1,2.4495125,1,1,1,1,0.05,0.05,355.8691316,326.5891901,3519.212219,0.1575589,-0.9576622,0.2053353,-0.1260786;
custom,killprism,metal1,4.2426496,-1,2.4495125,1,1,1,1,0.05,0.05,372.4159802,326.9561232,3490.185098,-0.3695922,-0.09906,0.8924204,-0.239112;
custom,killprism,metal1,2.5980799,-1,3.1225213,1,1,1,1,0.05,0.05,332.774813,322.6456559,3422.54808,-0.1445159,-0.829063,0.2503089,-0.4786597;
custom,killprism,metal1,2.5980799,-1,4.6637304,1,1,1,1,0.05,0.05,360.9246735,322.1546151,3405.758742,0.1635388,-0.4910039,0.0944191,0.8504441;
custom,killprism,metal1,4.2426496,-1,2.4495125,1,1,1,1,0.05,0.05,372.6150124,326.6097132,3418.626888,0.2391177,-0.892399,0.0990461,0.369644;
custom,killprism,metal1,4.2426496,-1,2.4495125,1,1,1,1,0.05,0.05,355.7502874,326.9766463,3389.783252,0.1261341,-0.2053445,0.9576548,-0.157547;
custom,killprism,metal1,2.5980799,-1,3.1225213,1,1,1,1,0.05,0.05,281.6868744,322.625171,3392.776034,0,-0.9573195,0.2890318,0.0000002;
custom,killprism,metal1,2.5980799,-1,4.6637309,1,1,1,1,0.05,0.05,281.2218138,322.1341301,3360.003075,0.1888383,0.0000003,-0.0000001,0.9820082;
custom,killprism,metal1,4.2426496,-1,2.4495125,1,1,1,1,0.05,0.05,298.2110299,326.5892282,3356.312863,0.2566051,-0.5880182,-0.0337824,0.7663206;
custom,killprism,metal1,4.2426496,-1,2.4495125,1,1,1,1,0.05,0.05,264.7994558,326.9561232,3356.496347,0.5880629,-0.256607,0.7662862,-0.0337674;
custom,killprism,metal1,2.5980799,-1,3.1225213,1,1,1,1,0.05,0.05,194.6276512,322.6251329,3401.038358,-0.2890318,-0.0000001,0,-0.9573195;
custom,killprism,metal1,2.5980799,-1,4.6637309,1,1,1,1,0.05,0.05,195.0927114,322.1341301,3433.811622,-0.0000001,0.9820082,-0.1888383,-0.0000005;
custom,killprism,metal1,4.2426496,-1,2.4495125,1,1,1,1,0.05,0.05,178.1034957,326.5891901,3437.50153,0.0337824,-0.7663205,0.2566051,-0.5880182;
custom,killprism,metal1,4.2426496,-1,2.4495125,1,1,1,1,0.05,0.05,211.5150698,326.9561232,3437.318046,-0.7662863,0.0337674,0.5880629,-0.256607;
custom,killprism,metal1,2.5980802,-1,3.1225213,1,1,1,1,0.05,0.05,121.8821027,322.6251329,3358.775468,-0.2503089,0.4786597,-0.1445159,-0.8290631;
custom,killprism,metal1,2.5980799,-1,4.6637309,1,1,1,1,0.05,0.05,93.732242,322.1340919,3375.564804,0.0944191,0.8504443,-0.1635389,0.4910036;
custom,killprism,metal1,4.2426496,-1,2.4495125,1,1,1,1,0.05,0.05,82.0419222,326.5891901,3362.696659,-0.0990461,-0.3696439,0.2391177,-0.892399;
custom,killprism,metal1,4.24265,-1,2.4495125,1,1,1,1,0.05,0.05,98.9066471,326.9561232,3391.53999,-0.9576548,0.157547,0.1261343,-0.2053445;
custom,killprism,metal1,2.5980802,-1,3.1225213,1,1,1,1,0.05,0.05,122.1102083,322.6251328,3119.643848,-0.1445159,0.8290629,-0.2503089,-0.4786598;
custom,killprism,metal1,2.5980799,-1,4.6637304,1,1,1,1,0.05,0.05,93.4952876,322.1341302,3103.65992,0.1635387,0.4910047,-0.0944193,0.8504437;
custom,killprism,metal1,4.2426496,-1,2.4495125,1,1,1,1,0.05,0.05,98.7941832,326.5891901,3087.101867,-0.2053353,0.1260785,0.1575589,-0.9576622;
custom,killprism,metal1,4.2426496,-1,2.4495128,1,1,1,1,0.05,0.05,82.2473341,326.9561232,3116.128988,-0.8924205,0.2391119,-0.3695919,-0.0990601;
custom,killprism,metal1,2.5980799,-1,3.1225213,1,1,1,1,0.05,0.05,190.7536469,322.625171,3080.276645,0,0.9573195,-0.2890318,-0.0000001;
custom,killprism,metal1,2.5980799,-1,4.6637309,1,1,1,1,0.05,0.05,190.2885874,322.1341301,3047.503381,0.1888383,0.0000008,-0.0000002,0.9820082;
custom,killprism,metal1,4.2426496,-1,2.4495125,1,1,1,1,0.05,0.05,207.2778024,326.5892282,3043.813168,-0.2566051,0.5880183,0.0337824,-0.7663205;
custom,killprism,metal1,4.2426496,-1,2.4495125,1,1,1,1,0.05,0.05,173.8662283,326.9561232,3043.996652,-0.5880628,0.256607,-0.7662863,0.0337675;
custom,killprism,metal1,2.5980799,-1,3.1225213,1,1,1,1,0.05,0.05,276.4894508,322.625171,3130.039535,0.1445159,0.829063,-0.2503089,0.4786598;
custom,killprism,metal1,2.5980799,-1,4.6637304,1,1,1,1,0.05,0.05,304.6393118,322.1341302,3113.250199,0.1635389,-0.4910033,0.094419,0.8504445;
custom,killprism,metal1,4.2426496,-1,2.4495125,1,1,1,1,0.05,0.05,316.3296505,326.5891901,3126.118343,-0.2391177,0.8923991,-0.0990461,-0.3696438;
custom,killprism,metal1,4.2426496,-1,2.4495125,1,1,1,1,0.05,0.05,299.4649252,326.9561232,3097.274707,-0.1261342,0.2053445,-0.9576548,0.157547;
custom,killprism,metal1,2.5980802,-1,3.1225213,1,1,1,1,0.05,0.05,312.4071671,322.6251328,3208.774857,-0.2503089,0.4786598,-0.1445159,-0.829063;
custom,killprism,metal1,2.5980799,-1,4.6637309,1,1,1,1,0.05,0.05,284.2573062,322.134092,3225.564193,-0.094419,-0.8504444,0.1635389,-0.4910034;
custom,killprism,metal1,4.2426496,-1,2.4495125,1,1,1,1,0.05,0.05,272.5669673,326.5891901,3212.696354,-0.0990462,-0.3696437,0.2391177,-0.8923991;
custom,killprism,metal1,4.24265,-1,2.4495125,1,1,1,1,0.05,0.05,289.4316927,326.9561232,3241.539685,-0.9576548,0.157547,0.1261341,-0.2053445;
custom,killprism,metal1,2.5980802,-1,3.1225213,1,1,1,1,0.05,0.05,462.6786063,322.6456559,3337.54808,-0.1445159,-0.8290629,0.2503089,-0.4786598;
custom,killprism,metal1,2.5980799,-1,4.6637304,1,1,1,1,0.05,0.05,490.8284673,322.1546151,3320.758744,-0.1635389,0.4910034,-0.094419,-0.8504444;
custom,killprism,metal1,4.2426496,-1,2.4495125,1,1,1,1,0.05,0.05,502.5188063,326.6097131,3333.626888,-0.2391177,0.8923991,-0.0990462,-0.3696437;
custom,killprism,metal1,4.2426496,-1,2.4495125,1,1,1,1,0.05,0.05,485.6540806,326.9766463,3304.783252,-0.126134,0.2053444,-0.9576548,0.157547;
custom,killprism,metal1,2.5980802,-1,3.1225213,1,1,1,1,0.05,0.05,462.4461803,322.6456559,3561.669323,-0.2503089,-0.4786597,0.1445159,-0.8290631;
custom,killprism,metal1,2.5980799,-1,4.6637304,1,1,1,1,0.05,0.05,491.061082,322.1546532,3577.652946,-0.0944193,0.8504437,-0.1635387,-0.4910048;
custom,killprism,metal1,4.2426496,-1,2.4495125,1,1,1,1,0.05,0.05,485.762206,326.6097131,3594.211304,-0.1575588,0.9576621,-0.2053354,0.1260789;
custom,killprism,metal1,4.2426496,-1,2.4495125,1,1,1,1,0.05,0.05,502.3090542,326.9766463,3565.184183,0.3695922,0.09906,-0.8924204,0.2391119;
custom,killprism,metal1,2.5980799,-1,3.122521,1,1,1,1,0.05,0.05,360.2671758,322.625171,3662.144459,-0.1445159,0.8290631,-0.2503089,-0.4786596;
custom,killprism,metal1,2.5980802,-1,4.6637304,1,1,1,1,0.05,0.05,331.6522739,322.1341301,3646.160531,-0.1635388,-0.4910047,0.0944193,-0.8504437;
custom,killprism,metal1,4.2426496,-1,2.4495125,1,1,1,1,0.05,0.05,336.95115,326.5891901,3629.602477,-0.2053354,0.1260789,0.1575588,-0.9576621;
custom,killprism,metal1,4.2426496,-1,2.4495125,1,1,1,1,0.05,0.05,320.404302,326.9561232,3658.629599,-0.8924204,0.239112,-0.3695923,-0.0990599;
custom,killprism,metal1,2.5980799,-1,3.1225213,1,1,1,1,0.05,0.05,360.0456216,322.6456559,3726.266617,-0.2503088,0.4786599,-0.1445159,-0.8290629;
custom,killprism,metal1,2.5980802,-1,4.6637304,1,1,1,1,0.05,0.05,331.8957606,322.154615,3743.055649,-0.0944191,-0.8504444,0.1635389,-0.4910035;
custom,killprism,metal1,4.24265,-1,2.4495125,1,1,1,1,0.05,0.05,320.2054214,326.6097132,3730.187809,-0.0990462,-0.3696435,0.2391176,-0.8923991;
custom,killprism,metal1,4.2426496,-1,2.4495125,1,1,1,1,0.05,0.05,337.0701857,326.9766082,3759.031445,-0.9576549,0.1575471,0.1261339,-0.2053444;
custom,killprism,metal1,2.5980799,-1,3.1225213,1,1,1,1,0.05,0.05,528.0473362,322.6251329,3823.538663,-0.2890318,0.0000001,0,-0.9573195;
custom,killprism,metal1,2.5980799,-1,4.6637304,1,1,1,1,0.05,0.05,528.5123386,322.13413,3856.311622,0.0000002,-0.9820082,0.1888384,0.0000009;
custom,killprism,metal1,4.2426496,-1,2.4495125,1,1,1,1,0.05,0.05,511.5231236,326.5891901,3860.001835,0.0337823,-0.7663203,0.2566051,-0.5880185;
custom,killprism,metal1,4.2426496,-1,2.4495122,1,1,1,1,0.05,0.05,544.9347361,326.9561233,3859.818045,-0.7662865,0.0337675,0.5880626,-0.256607;
custom,killprism,metal1,2.5980802,-1,3.1225213,1,1,1,1,0.05,0.05,635.6621227,322.6251329,3761.670239,-0.2503089,-0.4786597,0.1445159,-0.8290631;
custom,killprism,metal1,2.5980799,-1,4.6637304,1,1,1,1,0.05,0.05,664.2769097,322.1340919,3777.654167,0.0944194,-0.8504435,0.1635388,0.4910049;
custom,killprism,metal1,4.2426496,-0.9999999,2.4495125,1,1,1,1,0.05,0.05,658.978072,326.5891901,3794.21222,0.1575588,-0.9576621,0.2053353,-0.1260788;
custom,killprism,metal1,4.2426496,-1,2.4495125,1,1,1,1,0.05,0.05,675.5248441,326.9561232,3765.185098,-0.3695922,-0.09906,0.8924204,-0.2391119;
custom,killprism,metal1,2.5980799,-1,3.122521,1,1,1,1,0.05,0.05,672.0361654,322.6251329,3697.143848,-0.1445159,0.8290631,-0.2503089,-0.4786596;
custom,killprism,metal1,2.5980799,-1,4.6637304,1,1,1,1,0.05,0.05,643.4213782,322.13413,3681.15992,-0.1635388,-0.4910049,0.0944194,-0.8504435;
custom,killprism,metal1,4.2426496,-0.9999999,2.4495125,1,1,1,1,0.05,0.05,648.720216,326.58919,3664.601867,-0.2053353,0.1260788,0.1575588,-0.9576621;
custom,killprism,metal1,4.2426496,-1,2.4495125,1,1,1,1,0.05,0.05,632.1734058,326.9561232,3693.628683,-0.8924204,0.2391119,-0.3695922,-0.09906;
custom,killprism,metal1,2.5980799,-1,3.1225213,1,1,1,1,0.05,0.05,761.2250956,322.6456559,3604.169323,-0.2503089,-0.4786596,0.1445159,-0.8290631;
custom,killprism,metal1,2.5980799,-1,4.6637304,1,1,1,1,0.05,0.05,789.8398829,322.1546149,3620.152946,-0.0944194,0.8504436,-0.1635388,-0.4910049;
custom,killprism,metal1,4.2426496,-1,2.4495125,1,1,1,1,0.05,0.05,784.5410451,326.6097131,3636.711304,0.1575588,-0.9576621,0.2053354,-0.1260789;
custom,killprism,metal1,4.2426496,-1,2.4495125,1,1,1,1,0.05,0.05,801.0878932,326.9766463,3607.684183,-0.3695923,-0.0990599,0.8924204,-0.239112;
custom,killprism,metal1,2.5980802,-1,3.1225213,1,1,1,1,0.05,0.05,761.4643882,322.6251328,3540.039535,-0.1445159,-0.8290629,0.2503089,-0.4786598;
custom,killprism,metal1,2.5980802,-1,4.6637304,1,1,1,1,0.05,0.05,789.6141731,322.1340919,3523.250199,-0.1635389,0.4910033,-0.094419,-0.8504445;
custom,killprism,metal1,4.2426496,-1,2.4495125,1,1,1,1,0.05,0.05,801.3045119,326.58919,3536.118343,0.2391176,-0.8923991,0.0990462,0.3696437;
custom,killprism,metal1,4.2426496,-1,2.4495125,1,1,1,1,0.05,0.05,784.4398243,326.9561232,3507.274707,0.126134,-0.2053444,0.9576548,-0.157547;
custom,killprism,metal1,2.5980799,-1,3.1225213,1,1,1,1,0.05,0.05,611.1864831,322.625171,3411.275162,-0.2503088,0.4786599,-0.1445159,-0.8290629;
custom,killprism,metal1,2.5980799,-1,4.6637304,1,1,1,1,0.05,0.05,583.0366983,322.13413,3428.064498,-0.0944191,-0.8504444,0.1635389,-0.4910034;
custom,killprism,metal1,4.2426496,-1,2.4495125,1,1,1,1,0.05,0.05,571.3463593,326.5892282,3415.196659,-0.0990462,-0.3696436,0.2391176,-0.8923991;
custom,killprism,metal1,4.2426496,-1,2.4495125,1,1,1,1,0.05,0.05,588.211047,326.9561232,3444.03999,-0.9576548,0.157547,0.126134,-0.2053444;
custom,killprism,metal1,2.5980799,-1,3.1225213,1,1,1,1,0.05,0.05,575.2620338,322.6456559,3254.585434,-0.1445159,-0.8290629,0.2503088,-0.4786599;
custom,killprism,metal1,2.5980799,-1,4.6637304,1,1,1,1,0.05,0.05,603.4118186,322.1546531,3237.796097,-0.1635389,0.4910034,-0.0944191,-0.8504444;
custom,killprism,metal1,4.2426496,-1,2.4495125,1,1,1,1,0.05,0.05,615.1021576,326.6097131,3250.663937,-0.2391176,0.8923991,-0.0990462,-0.3696436;
custom,killprism,metal1,4.2426496,-1,2.4495125,1,1,1,1,0.05,0.05,598.2374697,326.9766463,3221.820606,-0.1261339,0.2053444,-0.9576548,0.1575471;
custom,killprism,metal1,2.5980802,-1,3.1225213,1,1,1,1,0.05,0.05,424.9904992,322.6251328,3125.81221,-0.2503088,0.47866,-0.144516,-0.8290629;
custom,killprism,metal1,2.5980802,-1,4.6637304,1,1,1,1,0.05,0.05,396.8407145,322.1340918,3142.601547,-0.0944191,-0.8504444,0.1635389,-0.4910035;
custom,killprism,metal1,4.2426496,-1,2.4495125,1,1,1,1,0.05,0.05,385.1503753,326.58919,3129.733402,-0.0990463,-0.3696435,0.2391176,-0.8923992;
custom,killprism,metal1,4.2426496,-1,2.4495125,1,1,1,1,0.05,0.05,402.0150633,326.9561233,3158.577038,-0.9576548,0.1575471,0.1261339,-0.2053444;
custom,killprism,metal1,2.5980802,-1,3.1225213,1,1,1,1,0.05,0.05,425.2189962,322.6251329,3046.681507,-0.1445158,0.8290631,-0.2503089,-0.4786595;
custom,killprism,metal1,2.5980802,-1,4.6637304,1,1,1,1,0.05,0.05,396.6041705,322.13413,3030.697884,-0.1635388,-0.4910047,0.0944193,-0.8504437;
custom,killprism,metal1,4.2426496,-1,2.4495125,1,1,1,1,0.05,0.05,401.9030086,326.58919,3014.139831,-0.2053354,0.1260789,0.1575588,-0.9576621;
custom,killprism,metal1,4.2426496,-1,2.4495125,1,1,1,1,0.05,0.05,385.3561605,326.9561232,3043.166647,-0.8924204,0.239112,-0.3695923,-0.0990599;
custom,killprism,metal1,2.5980799,-1,3.1225213,1,1,1,1,0.05,0.05,493.8669174,322.6456559,3007.323459,0.0000001,0.9573195,-0.2890318,0.0000004;
custom,killprism,metal1,2.5980799,-1,4.6637304,1,1,1,1,0.05,0.05,493.4019142,322.1546149,2974.5505,-0.1888384,-0.0000007,0.0000001,-0.9820082;
custom,killprism,metal1,4.2426496,-1,2.4495125,1,1,1,1,0.05,0.05,510.3910916,326.609713,2970.860286,-0.256605,0.5880186,0.0337822,-0.7663202;
custom,killprism,metal1,4.2426496,-1,2.4495125,1,1,1,1,0.05,0.05,476.9795554,326.9766463,2971.043772,-0.5880625,0.256607,-0.7662866,0.0337676;
custom,killprism,metal1,2.5980799,-1,3.1225213,1,1,1,1,0.05,0.05,692.1817803,322.6251329,3122.076584,0.144516,0.8290628,-0.2503088,0.4786602;
custom,killprism,metal1,2.5980799,-1,4.6637304,1,1,1,1,0.05,0.05,720.3315649,322.13413,3105.287247,-0.1635389,0.4910035,-0.0944191,-0.8504444;
custom,killprism,metal1,4.2426496,-1,2.4495125,1,1,1,1,0.05,0.05,732.0219042,326.58919,3118.155392,-0.2391175,0.8923992,-0.0990463,-0.3696435;
custom,killprism,metal1,4.2426496,-1,2.4495125,1,1,1,1,0.05,0.05,715.157216,326.9561232,3089.311756,-0.1261338,0.2053444,-0.9576549,0.1575471;
custom,killprism,metal1,2.5980799,-1,3.1225213,1,1,1,1,0.05,0.05,728.0989814,322.6251329,3345.807938,-0.2503088,0.4786603,-0.1445161,-0.8290627;
custom,killprism,metal1,2.5980799,-1,4.6637304,1,1,1,1,0.05,0.05,699.9491969,322.1340918,3362.597275,-0.0944191,-0.8504443,0.1635389,-0.4910035;
custom,killprism,metal1,4.2426496,-1,2.4495125,1,1,1,1,0.05,0.05,688.2588575,326.58919,3349.72913,-0.0990463,-0.3696434,0.2391175,-0.8923992;
custom,killprism,metal1,4.2426496,-1,2.4495125,1,1,1,1,0.05,0.05,705.1235458,326.9561232,3378.572766,-0.9576549,0.1575471,0.1261338,-0.2053444;
custom,killprism,metal1,2.5980799,-1,3.1225213,1,1,1,1,0.05,0.05,878.370974,322.6456559,3474.585434,-0.1445161,-0.8290627,0.2503088,-0.4786603;
custom,killprism,metal1,2.5980799,-1,4.6637304,1,1,1,1,0.05,0.05,906.5207585,322.1546149,3457.796097,-0.1635389,0.4910036,-0.0944191,-0.8504443;
custom,killprism,metal1,4.2426496,-1,2.4495125,1,1,1,1,0.05,0.05,918.2110981,326.609713,3470.664242,-0.2391175,0.8923993,-0.0990463,-0.3696434;
custom,killprism,metal1,4.2426496,-1,2.4495125,1,1,1,1,0.05,0.05,901.3464095,326.9766082,3441.820606,-0.1261337,0.2053444,-0.9576549,0.1575471;
custom,killprism,metal1,2.5980799,-1,3.1225213,1,1,1,1,0.05,0.05,878.1457189,322.6251329,3799.017041,-0.250309,-0.4786592,0.1445157,-0.8290634;
custom,killprism,metal1,2.5980802,-1,4.6637304,1,1,1,1,0.05,0.05,906.7604309,322.1340919,3815.000663,-0.0944193,0.8504437,-0.1635388,-0.4910046;
custom,killprism,metal1,4.2426496,-1,2.4495125,1,1,1,1,0.05,0.05,901.4616691,326.58919,3831.559022,-0.1575587,0.9576621,-0.2053354,0.1260792;
custom,killprism,metal1,4.2426496,-1,2.4495125,1,1,1,1,0.05,0.05,918.0084402,326.9561232,3802.5319,0.3695926,0.0990599,-0.8924202,0.239112;
custom,killprism,metal1,2.5980799,-1,3.1225213,1,1,1,1,0.05,0.05,558.3539227,322.6456559,3983.372037,-0.2890318,0.0000007,-0.0000002,-0.9573195;
custom,killprism,metal1,2.5980799,-1,4.6637304,1,1,1,1,0.05,0.05,558.8190029,322.1546531,4016.144996,-0.0000001,0.9820082,-0.1888384,-0.0000005;
custom,killprism,metal1,4.2426496,-1,2.4495125,1,1,1,1,0.05,0.05,541.8297487,326.609713,4019.83521,-0.0337821,0.76632,-0.256605,0.588019;
custom,killprism,metal1,4.2426496,-1,2.4495125,1,1,1,1,0.05,0.05,575.2413612,326.9766463,4019.651723,0.7662868,-0.0337677,-0.5880622,0.256607;
custom,killprism,metal1,2.5980802,-1,3.1225213,1,1,1,1,0.05,0.05,225.8044791,322.6251329,3791.118606,-0.2503088,0.4786603,-0.1445161,-0.8290626;
custom,killprism,metal1,2.5980799,-1,4.6637304,1,1,1,1,0.05,0.05,197.6548665,322.13413,3807.907944,0.0944191,0.8504443,-0.1635389,0.4910037;
custom,killprism,metal1,4.2426496,-1,2.4495125,1,1,1,1,0.05,0.05,185.9643545,326.58919,3795.039799,0.0990464,0.369643,-0.2391175,0.8923994;
custom,killprism,metal1,4.2426496,-1,2.4495125,1,1,1,1,0.05,0.05,202.8291968,326.9561232,3823.883434,0.957655,-0.1575472,-0.1261333,0.2053443;
custom,killprism,metal1,2.5980799,-1,3.1225213,1,1,1,1,0.05,0.05,189.8877358,322.6251329,3687.383286,-0.1445161,-0.8290626,0.2503088,-0.4786604;
custom,killprism,metal1,2.5980799,-1,4.6637304,1,1,1,1,0.05,0.05,218.0373484,322.13413,3670.593948,-0.1635389,0.4910038,-0.0944191,-0.8504442;
custom,killprism,metal1,4.2426496,-0.9999999,2.4495125,1,1,1,1,0.05,0.05,229.7278606,326.58919,3683.462093,-0.2391175,0.8923994,-0.0990464,-0.3696429;
custom,killprism,metal1,4.2426496,-1,2.4495125,1,1,1,1,0.05,0.05,212.8630181,326.9561232,3654.618458,-0.1261332,0.2053443,-0.957655,0.1575472;
custom,killprism,metal1,2.5980799,-1,3.1225213,1,1,1,1,0.05,0.05,78.1709216,322.6251329,3622.61948,-0.0000002,-0.9573195,0.2890318,-0.0000008;
custom,killprism,metal1,2.5980799,-1,4.6637304,1,1,1,1,0.05,0.05,77.7058648,322.1340918,3589.84652,-0.1888384,-0.0000004,0.0000001,-0.9820082;
custom,killprism,metal1,4.2426496,-1,2.4495125,1,1,1,1,0.05,0.05,94.6951004,326.58919,3586.156306,-0.256605,0.5880191,0.033782,-0.7663199;
custom,killprism,metal1,4.2426496,-1,2.4495125,1,1,1,1,0.05,0.05,61.2834877,326.9561232,3586.340098,-0.588062,0.256607,-0.7662869,0.0337677;
custom,killprism,metal1,2.5980799,-1,3.1225213,1,1,1,1,0.05,0.05,18.1841763,322.6251329,3656.988818,0.1445157,-0.8290633,0.250309,0.4786592;
custom,killprism,metal1,2.5980799,-1,4.6637304,1,1,1,1,0.05,0.05,-10.4305025,322.13413,3641.005197,-0.1635388,-0.4910045,0.0944193,-0.8504438;
custom,killprism,metal1,4.2426496,-1,2.4495125,1,1,1,1,0.05,0.05,-5.1317694,326.58919,3624.447142,-0.2053355,0.1260795,0.1575586,-0.957662;
custom,killprism,metal1,4.2426496,-1,2.4495125,1,1,1,1,0.05,0.05,-21.6785409,326.9561232,3653.47396,-0.8924202,0.239112,-0.3695928,-0.0990598;

base,levelBottom,default,0.001,0.4833333333,0.05566229248,1,1,1,1,1,1,-30.98075867,349.9847794,3176.095886,0,0,0,1;
base,levelBottom,default,0.001,0.4833333333,0.05266231918,1,1,1,1,1,1,30.98073959,349.9847794,3161.095886,0,0,0,1;
base,levelBottom,default,0.001000000715,0.4833333333,0.02900000381,1,1,1,1,1,1,97.09283829,349.9847794,3531.237488,0,0.5,0,0.8660253882;
base,levelBottom,default,0.001000000954,0.4833333333,0.02299999237,1,1,1,1,1,1,128.0736351,349.9847794,3477.577515,0,0.5,0,0.8660253882;
base,levelBottom,default,0.001000000834,0.4833333333,0.0175,1,1,1,1,1,1,303.4438896,349.9847794,3559.987488,0,0.8660254478,0,0.4999999702;
base,levelBottom,default,0.001000000477,0.4833333333,0.01150002098,1,1,1,1,1,1,272.4630547,349.9847794,3506.327515,0,0.8660254478,0,0.4999999702;
base,levelBottom,default,0.001000000477,0.4833333333,0.01149999905,1,1,1,1,1,1,381.7210388,349.9847794,3454.407349,0,1,0,-0.0000001629206849;
base,levelBottom,default,0.001000000477,0.4833333333,0.005500006676,1,1,1,1,1,1,319.7595978,349.9847794,3454.407349,0,1,0,-0.0000001629206849;
base,levelBottom,default,0.001000000358,0.4833333333,0.01100000095,1,1,1,1,1,1,331.5895844,349.9847794,3365.077209,0,0.866025269,0,-0.5000002384;
base,levelBottom,default,0.001000000477,0.4833333333,0.00500000906,1,1,1,1,1,1,300.6089211,349.9847794,3418.737488,0,0.866025269,0,-0.5000002384;
base,levelBottom,default,0.001000000358,0.4833333333,0.01000000477,1,1,1,1,1,1,240.6569672,349.9847794,3431.237488,0,0.8660254478,0,0.4999999702;
base,levelBottom,default,0.001000000358,0.4833333333,0.009999994278,1,1,1,1,1,1,235.6569672,349.9847794,3362.577209,0,0.8660254478,0,0.4999999702;
base,levelBottom,default,0.001000000834,0.4833333333,0.0135,1,1,1,1,1,1,133.8989735,349.9847794,3422.487488,0,0.5,0,0.8660253882;
base,levelBottom,default,0.001000000954,0.4833333333,0.007500002384,1,1,1,1,1,1,164.8797417,349.9847794,3368.827209,0,0.5,0,0.8660253882;
base,levelBottom,default,0.001,0.4833333333,0.02899999619,1,1,1,1,1,1,72.94228554,349.9847794,3239.407349,0,0,0,1;
base,levelBottom,default,0.001,0.4833333333,0.02299999809,1,1,1,1,1,1,134.9037838,349.9847794,3239.407349,0,0,0,1;
base,levelBottom,default,0.001000000238,0.4833333333,0.007000001431,1,1,1,1,1,1,162.7146912,349.9847794,3111.237488,0,0.8660254478,0,0.4999999702;
base,levelBottom,default,0.001000000358,0.4833333333,0.013,1,1,1,1,1,1,131.733942,349.9847794,3057.577209,0,0.8660254478,0,0.4999999702;
base,levelBottom,default,0.001000000954,0.4833333333,0.008999991417,1,1,1,1,1,1,226.9967079,349.9847794,3116.237488,0,0.5,0,0.8660253882;
base,levelBottom,default,0.001000000954,0.4833333333,0.01499999046,1,1,1,1,1,1,257.9774666,349.9847794,3062.577209,0,0.5,0,0.8660253882;
base,levelBottom,default,0.001000000477,0.4833333333,0.009999998093,1,1,1,1,1,1,325.4292297,349.9847794,3154.407349,0,1,0,-0.0000001629206849;
base,levelBottom,default,0.001000000477,0.4833333333,0.009999996185,1,1,1,1,1,1,263.4678078,349.9847794,3184.407349,0,1,0,-0.0000001629206849;
base,levelBottom,default,0.001000000954,0.4833333333,0.02150000191,1,1,1,1,1,1,359.0655518,349.9847794,3292.487488,0,0.5,0,0.8660253882;
base,levelBottom,default,0.001000001073,0.4833333333,0.02150000763,1,1,1,1,1,1,416.0270309,349.9847794,3253.827209,0,0.5,0,0.8660253882;
base,levelBottom,default,0.001,0.4833333333,0.02149999809,1,1,1,1,1,1,449.6633148,349.9847794,3449.407349,0,0,0,1;
base,levelBottom,default,0.001,0.4833333333,0.02749999809,1,1,1,1,1,1,511.6248322,349.9847794,3449.407349,0,0,0,1;
base,levelBottom,default,0.001000000715,0.4833333333,0.01599999619,1,1,1,1,1,1,439.8427963,349.9847794,3631.237488,0,0.8660254478,0,0.4999999702;
base,levelBottom,default,0.001000000715,0.4833333333,0.01599999332,1,1,1,1,1,1,382.8813171,349.9847794,3592.577209,0,0.8660254478,0,0.4999999702;
base,levelBottom,default,0.001000000477,0.4833333333,0.005500006676,1,1,1,1,1,1,373.0607605,349.9847794,3694.407349,0,1,0,-0.0000001629206849;
base,levelBottom,default,0.001000000477,0.4833333333,0.01150000286,1,1,1,1,1,1,311.0993195,349.9847794,3694.407349,0,1,0,-0.0000001629206849;
base,levelBottom,default,0.001000000834,0.4833333333,0.02450000381,1,1,1,1,1,1,419.6873856,349.9847794,3817.487488,0,0.5,0,0.8660253882;
base,levelBottom,default,0.001000001073,0.4833333333,0.01850000572,1,1,1,1,1,1,450.6681442,349.9847794,3763.827209,0,0.5,0,0.8660253882;
base,levelBottom,default,0.001000000715,0.4833333333,0.01750000763,1,1,1,1,1,1,606.5527725,349.9847794,3834.987488,0,0.8660254478,0,0.4999999702;
base,levelBottom,default,0.001000000477,0.4833333333,0.01150000286,1,1,1,1,1,1,575.5720139,349.9847794,3781.327209,0,0.8660254478,0,0.4999999702;
base,levelBottom,default,0.001000000477,0.4833333333,0.008500006676,1,1,1,1,1,1,684.8299408,349.9847794,3744.407349,0,1,0,-0.0000001629206849;
base,levelBottom,default,0.001000000477,0.4833333333,0.008500002861,1,1,1,1,1,1,622.8684998,349.9847794,3714.407349,0,1,0,-0.0000001629206849;
base,levelBottom,default,0.001000000596,0.4833333333,0.01449999809,1,1,1,1,1,1,745.1167297,349.9847794,3669.987488,0,0.8660254478,0,0.4999999702;
base,levelBottom,default,0.001000000596,0.4833333333,0.01450000286,1,1,1,1,1,1,688.1552887,349.9847794,3631.327209,0,0.8660254478,0,0.4999999702;
base,levelBottom,default,0.001000000477,0.4833333333,0.01149999905,1,1,1,1,1,1,810.403595,349.9847794,3571.907349,0,1,0,-0.0000001629206849;
base,levelBottom,default,0.001000000477,0.4833333333,0.005500006676,1,1,1,1,1,1,748.4421539,349.9847794,3571.907349,0,1,0,-0.0000001629206849;
base,levelBottom,default,0.001000000954,0.4833333333,0.02150000191,1,1,1,1,1,1,657.8444672,349.9847794,3494.987488,0,0.5,0,0.8660253882;
base,levelBottom,default,0.001000000954,0.4833333333,0.02150000954,1,1,1,1,1,1,714.8059845,349.9847794,3456.327209,0,0.5,0,0.8660253882;
base,levelBottom,default,0.001,0.4833333333,0.01779627419,1,1,1,1,1,1,562.246666,349.9847794,3347.926025,0,0,0,1;
base,levelBottom,default,0.001,0.4833333333,0.01779626656,1,1,1,1,1,1,624.2081833,349.9847794,3317.926025,0,0,0,1;
base,levelBottom,default,0.001000001073,0.4833333333,0.02150000572,1,1,1,1,1,1,471.6489029,349.9847794,3209.524841,0,0.5,0,0.8660253882;
base,levelBottom,default,0.001000000954,0.4833333333,0.02150000191,1,1,1,1,1,1,528.6104202,349.9847794,3170.864563,0,0.5,0,0.8660253882;
base,levelBottom,default,0.001000000477,0.4833333333,0.007000000954,1,1,1,1,1,1,438.0126572,349.9847794,3086.444702,0,1,0,-0.0000001629206849;
base,levelBottom,default,0.001000000477,0.4833333333,0.01299999523,1,1,1,1,1,1,376.0512924,349.9847794,3086.444702,0,1,0,-0.0000001629206849;
base,levelBottom,default,0.001000000238,0.4833333333,0.007000001431,1,1,1,1,1,1,465.823555,349.9847794,3038.274841,0,0.8660254478,0,0.4999999702;
base,levelBottom,default,0.001000000477,0.4833333333,0.01299999619,1,1,1,1,1,1,434.8427963,349.9847794,2984.614563,0,0.8660254478,0,0.4999999702;
base,levelBottom,default,0.001000000954,0.4833333333,0.02199999809,1,1,1,1,1,1,586.3972473,349.9847794,3075.774841,0,0.5,0,0.8660253882;
base,levelBottom,default,0.001000000834,0.4833333333,0.02799999809,1,1,1,1,1,1,617.378006,349.9847794,3022.114563,0,0.5,0,0.8660253882;
base,levelBottom,default,0.001,0.4833333333,0.02442637634,1,1,1,1,1,1,679.1600037,349.9847794,3248.576355,0,0,0,1;
base,levelBottom,default,0.001,0.4833333333,0.02449999237,1,1,1,1,1,1,741.121521,349.9847794,3218.944702,0,0,0,1;
base,levelBottom,default,0.001000000954,0.4833333333,0.02153681564,1,1,1,1,1,1,774.5983124,349.9847794,3429.432678,0,0.5,0,0.8660253882;
base,levelBottom,default,0.001000000954,0.4833333333,0.02146319962,1,1,1,1,1,1,831.559906,349.9847794,3390.7724,0,0.5,0,0.8660253882;
base,levelBottom,default,0.001,0.4833333333,0.03153063393,1,1,1,1,1,1,865.3555298,349.9847794,3636.597595,0,0,0,1;
base,levelBottom,default,0.001,0.4833333333,0.03760426331,1,1,1,1,1,1,927.3170471,349.9847794,3636.229553,0,0,0,1;
base,levelBottom,default,0.001000001669,0.4833333333,0.04200000381,1,1,1,1,1,1,742.9516602,349.9847794,3933.580933,0,0.8660254478,0,0.4999999702;
base,levelBottom,default,0.001000001431,0.4833333333,0.03600001144,1,1,1,1,1,1,711.9709778,349.9847794,3879.920654,0,0.8660254478,0,0.4999999702;
base,levelBottom,default,0.001,0.4833333333,0.0435,1,1,1,1,1,1,367.7258682,349.9847794,3929.830933,0,0.5,0,0.8660253882;
base,levelBottom,default,0.001000000119,0.4833333333,0.0375,1,1,1,1,1,1,398.7065887,349.9847794,3876.170959,0,0.5,0,0.8660253882;
base,levelBottom,default,0.001000000477,0.4833333333,0.01249999905,1,1,1,1,1,1,238.8268089,349.9847794,3724.250793,0,1,0,-0.0000001629206849;
base,levelBottom,default,0.001000000477,0.4833333333,0.01249999905,1,1,1,1,1,1,176.8653679,349.9847794,3754.250793,0,1,0,-0.0000001629206849;
base,levelBottom,default,0.00100000155,0.4833333333,0.01200000286,1,1,1,1,1,1,127.4038029,349.9847794,3666.080933,0,0.5,0,0.8660253882;
base,levelBottom,default,0.001000001431,0.4833333333,0.01799999809,1,1,1,1,1,1,158.3845234,349.9847794,3612.420959,0,0.5,0,0.8660253882;
base,levelBottom,default,0.001000000119,0.4833333333,0.006000339031,1,1,1,1,1,1,54.46004391,349.9847794,3651.081848,0,0.8660254478,0,0.4999999702;
base,levelBottom,default,0.001000000477,0.4833333333,0.01200032902,1,1,1,1,1,1,23.47931385,349.9847794,3597.42157,0,0.8660254478,0,0.4999999702;
base,levelBottom,default,0.001000002146,0.4833333333,0.04311584091,1,1,1,1,1,1,30.97787619,349.9847794,3877.331848,0,1,0,-0.0000001629206849;
base,levelBottom,default,0.001000002146,0.4833333333,0.0461158371,1,1,1,1,1,1,-30.98356962,349.9847794,3862.331848,0,1,0,-0.0000001629206849;
racing,killprism,2.498080158,0.9,3.022521311,17.95824428,377.344426,3428.77089,-0.2503088713,-0.478659749,-0.1445159018,0.8290629983;
racing,killprism,2.498080158,0.9,4.563730383,-10.19165181,377.8354668,3445.560228,-0.09441919625,0.8504440188,0.1635388136,0.491004169;
racing,killprism,4.142649555,0.9,2.349512505,-21.88195199,373.3803687,3432.692387,-0.09904615581,0.3696437478,0.239117682,0.8923990726;
racing,killprism,4.142649555,0.9,2.349512505,-5.017263453,373.0134355,3461.535717,-0.9576548934,-0.1575470716,0.1261338741,0.2053444088;
racing,killprism,2.49807992,0.9,3.022521311,224.9384153,377.3444259,3548.538358,-0.2890317738,0,0,0.9573194981;
racing,killprism,2.49807992,0.9,4.563730934,225.4034389,377.8354287,3581.311622,-0.00000001425689877,0.9820081592,0.1888383478,0.00000007413955672;
racing,killprism,4.142649555,0.9,2.349512505,208.4142408,373.3803687,3585.00153,0.03378235176,0.7663204074,0.2566050589,0.5880183578;
racing,killprism,4.142649555,0.9,2.34951223,241.8257769,373.0134355,3584.818045,-0.7662864923,-0.03376754746,0.5880625844,0.2566069961;
racing,killprism,2.498080158,0.9,3.022521311,332.5531064,377.3444259,3486.670239,-0.2503088713,0.478659749,0.1445159018,0.8290629983;
racing,killprism,2.49807992,0.9,4.563730383,361.1680092,377.8354286,3502.654165,0.09441918135,0.8504440188,0.1635387987,-0.4910041392;
racing,killprism,4.142649555,0.9,2.349512505,355.8691316,373.3803687,3519.212219,0.157558918,0.9576621652,0.2053353041,0.1260785609;
racing,killprism,4.142649555,0.9,2.349512505,372.4159802,373.0134356,3490.185098,-0.3695921898,0.09905996919,0.8924204111,0.2391119599;
racing,killprism,2.49807992,0.9,3.022521311,332.774813,377.3239029,3422.54808,-0.1445158869,0.8290629983,0.2503088713,0.4786597192;
racing,killprism,2.49807992,0.9,4.563730383,360.9246735,377.8149437,3405.758742,0.1635388285,0.4910039306,0.09441914409,-0.8504441381;
racing,killprism,4.142649555,0.9,2.349512505,372.6150124,373.3598456,3418.626888,0.2391176969,0.8923989534,0.09904610366,-0.3696439564;
racing,killprism,4.142649555,0.9,2.349512505,355.7502874,372.9929125,3389.783252,0.1261341274,0.2053444535,0.9576548338,0.157547012;
racing,killprism,2.49807992,0.9,3.022521311,281.6868744,377.3443878,3392.776034,0.00000004708925516,0.9573194981,0.2890317738,-0.0000001559671432;
racing,killprism,2.49807992,0.9,4.563730934,281.2218138,377.8354287,3360.003075,0.1888383478,-0.0000003199788807,-0.00000006153134535,-0.9820081592;
racing,killprism,4.142649555,0.9,2.349512505,298.2110299,373.3803306,3356.312863,0.2566050589,0.5880181789,-0.03378241137,-0.7663205862;
racing,killprism,4.142649555,0.9,2.349512505,264.7994558,373.0134356,3356.496347,0.588062942,0.2566070259,0.7662861943,0.03376742825;
racing,killprism,2.49807992,0.9,3.022521311,194.6276512,377.3444259,3401.038358,-0.2890317738,0.0000001141213772,0.00000003445527241,0.9573194981;
racing,killprism,2.49807992,0.9,4.563730934,195.0927114,377.8354287,3433.811622,-0.00000009229701448,-0.9820081592,-0.1888383478,0.0000004799683211;
racing,killprism,4.142649555,0.9,2.349512505,178.1034957,373.3803687,3437.50153,0.03378239647,0.7663205266,0.2566050589,0.5880182385;
racing,killprism,4.142649555,0.9,2.349512505,211.5150698,373.0134356,3437.318046,-0.7662862539,-0.03376742825,0.588062942,0.2566070259;
racing,killprism,2.498080158,0.9,3.022521311,121.8821027,377.3444259,3358.775468,-0.2503088713,-0.4786596596,-0.144515872,0.8290630579;
racing,killprism,2.49807992,0.9,4.563730934,93.73224198,377.8354669,3375.564804,0.09441907704,-0.8504443169,-0.1635388583,-0.4910036027;
racing,killprism,4.142649555,0.9,2.349512505,82.04192217,373.3803687,3362.696659,-0.09904611856,0.3696438968,0.239117682,0.892399013;
racing,killprism,4.142650032,0.9,2.349512505,98.90664708,373.0134356,3391.53999,-0.9576548338,-0.1575469673,0.1261342913,0.2053444833;
racing,killprism,2.498080158,0.9,3.022521311,122.1102083,377.344426,3119.643848,-0.1445159167,-0.8290629387,-0.2503088713,0.4786598384;
racing,killprism,2.49807992,0.9,4.563730383,93.49528758,377.8354286,3103.65992,0.1635387242,-0.4910046756,-0.0944192782,-0.8504437208;
racing,killprism,4.142649555,0.9,2.349512505,98.79418322,373.3803687,3087.101867,-0.2053353041,-0.1260785311,0.157558918,0.9576621652;
racing,killprism,4.142649555,0.9,2.349512781,82.24733411,373.0134356,3116.128988,-0.8924205303,-0.2391119152,-0.3695918918,0.09906005114;
racing,killprism,2.49807992,0.9,3.022521311,190.7536469,377.3443878,3080.276645,-0.00000002182129322,-0.9573194981,-0.2890317738,0.00000007227561127;
racing,killprism,2.49807992,0.9,4.563730934,190.2885874,377.8354287,3047.503381,0.1888383329,-0.0000007882368891,-0.0000001515764723,-0.9820082188;
racing,killprism,4.142649555,0.9,2.349512505,207.2778024,373.3803306,3043.813168,-0.2566050589,-0.5880182981,0.03378237039,0.766320467;
racing,killprism,4.142649555,0.9,2.349512505,173.8662283,373.0134356,3043.996652,-0.5880628228,-0.2566070259,-0.7662863135,-0.03376745433;
racing,killprism,2.49807992,0.9,3.022521311,276.4894508,377.3443878,3130.039535,0.1445159018,-0.8290629983,-0.2503088713,-0.4786598086;
racing,killprism,2.49807992,0.9,4.563730383,304.6393118,377.8354286,3113.250199,0.1635388732,0.4910033345,0.09441901743,-0.8504444957;
racing,killprism,4.142649555,0.9,2.349512505,316.3296505,373.3803687,3126.118343,-0.2391176671,-0.8923990726,-0.09904614836,0.3696437776;
racing,killprism,4.142649555,0.9,2.349512505,299.4649252,373.0134356,3097.274707,-0.1261341572,-0.2053444535,-0.9576548338,-0.1575469971;
racing,killprism,2.498080158,0.9,3.022521311,312.4071671,377.344426,3208.774857,-0.2503088713,-0.4786598086,-0.1445159167,0.8290629983;
racing,killprism,2.49807992,0.9,4.563730934,284.2573062,377.8354668,3225.564193,-0.09441902488,0.8504444361,0.1635388732,0.4910033643;
racing,killprism,4.142649555,0.9,2.349512505,272.5669673,373.3803687,3212.696354,-0.09904616326,0.3696437478,0.2391176671,0.8923990726;
racing,killprism,4.142650032,0.9,2.349512505,289.4316927,373.0134356,3241.539685,-0.9576548338,-0.1575469971,0.1261341125,0.2053444535;
racing,killprism,2.498080158,0.9,3.022521311,462.6786063,377.3239029,3337.54808,-0.1445159167,0.8290629387,0.2503088713,0.4786598384;
racing,killprism,2.49807992,0.9,4.563730383,490.8284673,377.8149437,3320.758744,-0.1635388732,-0.4910033941,-0.09441903234,0.8504444361;
racing,killprism,4.142649555,0.9,2.349512505,502.5188063,373.3598457,3333.626888,-0.2391176522,-0.8923990726,-0.09904617816,0.3696436882;
racing,killprism,4.142649555,0.9,2.349512505,485.6540806,372.9929125,3304.783252,-0.126134038,-0.2053444386,-0.9576548338,-0.1575470269;
racing,killprism,2.498080158,0.9,3.022521311,462.4461803,377.3239029,3561.669323,-0.2503088713,0.4786596596,0.144515872,0.8290630579;
racing,killprism,2.49807992,0.9,4.563730383,491.061082,377.8149056,3577.652946,-0.09441930801,-0.8504436612,-0.1635387242,0.491004765;
racing,killprism,4.142649555,0.9,2.349512505,485.762206,373.3598457,3594.211304,-0.1575588435,-0.9576621056,-0.2053353637,-0.1260788739;
racing,killprism,4.142649555,0.9,2.349512505,502.3090542,372.9929125,3565.184183,0.3695922494,-0.09905995429,-0.8924204111,-0.239111945;
racing,killprism,2.49807992,0.9,3.022521036,360.2671758,377.3443878,3662.144459,-0.1445158571,-0.8290630579,-0.2503089011,0.4786596298;
racing,killprism,2.498080158,0.9,4.563730383,331.6522739,377.8354287,3646.160531,-0.163538754,0.4910047054,0.09441930056,0.8504436612;
racing,killprism,4.142649555,0.9,2.349512505,336.95115,373.3803687,3629.602477,-0.2053353637,-0.1260789037,0.1575588435,0.9576621056;
racing,killprism,4.142649555,0.9,2.349512505,320.404302,373.0134356,3658.629599,-0.8924203515,-0.2391119599,-0.369592309,0.09905994684;
racing,killprism,2.49807992,0.9,3.022521311,360.0456216,377.3239029,3726.266617,-0.2503088415,-0.4786598682,-0.1445159316,0.8290629387;
racing,killprism,2.498080158,0.9,4.563730383,331.8957606,377.8149438,3743.055649,-0.09441906959,0.8504443765,0.163538903,0.4910034537;
racing,killprism,4.142650032,0.9,2.349512505,320.2054214,373.3598456,3730.187809,-0.09904620796,0.3696435392,0.2391176373,0.8923991323;
racing,killprism,4.142649555,0.9,2.349512505,337.0701857,372.9929506,3759.031445,-0.9576548934,-0.1575470567,0.126133889,0.2053444088;
racing,killprism,2.49807992,0.9,3.022521311,528.0473362,377.3444259,3823.538663,-0.2890317738,-0.0000001141213772,-0.00000003445527241,0.9573194981;
racing,killprism,2.49807992,0.9,4.563730383,528.5123386,377.8354288,3856.311622,0.000000165833427,0.9820081592,0.1888383925,-0.0000008623763961;
racing,killprism,4.142649555,0.9,2.349512505,511.5231236,373.3803687,3860.001835,0.03378228098,0.7663202882,0.2566050589,0.5880185366;
racing,killprism,4.142649555,0.9,2.34951223,544.9347361,373.0134355,3859.818045,-0.7662864923,-0.03376753628,0.5880625844,0.2566069961;
racing,killprism,2.498080158,0.9,3.022521311,635.6621227,377.3444259,3761.670239,-0.2503088713,0.4786596596,0.144515872,0.8290630579;
racing,killprism,2.49807992,0.9,4.563730383,664.2769097,377.8354669,3777.654167,0.09441936016,0.850443542,0.163538754,-0.4910049438;
racing,killprism,4.142649555,0.8999999404,2.349512505,658.978072,373.3803687,3794.21222,0.1575588435,0.9576621056,0.2053353488,0.1260787845;
racing,killprism,4.142649555,0.9,2.349512505,675.5248441,373.0134356,3765.185098,-0.3695921898,0.09905997664,0.8924204111,0.239111945;
racing,killprism,2.49807992,0.9,3.022521036,672.0361654,377.3444259,3697.143848,-0.1445158571,-0.8290630579,-0.2503089011,0.4786596298;
racing,killprism,2.49807992,0.9,4.563730383,643.4213782,377.8354288,3681.15992,-0.1635387689,0.491004914,0.09441936016,0.850443542;
racing,killprism,4.142649555,0.8999999404,2.349512505,648.720216,373.3803688,3664.601867,-0.2053353488,-0.1260788143,0.1575588137,0.9576621056;
racing,killprism,4.142649555,0.9,2.349512505,632.1734058,373.0134356,3693.628683,-0.8924204111,-0.239111945,-0.3695922196,0.09905996174;
racing,killprism,2.49807992,0.9,3.022521311,761.2250956,377.3239029,3604.169323,-0.2503089011,0.4786596,0.1445158571,0.8290630579;
racing,killprism,2.49807992,0.9,4.563730383,789.8398829,377.8149439,3620.152946,-0.09441935271,-0.8504436016,-0.1635387689,0.4910048842;
racing,killprism,4.142649555,0.9,2.349512505,784.5410451,373.3598457,3636.711304,0.1575587839,0.9576621056,0.2053353637,0.1260788888;
racing,killprism,4.142649555,0.9,2.349512505,801.0878932,372.9929125,3607.684183,-0.3695922792,0.09905994684,0.8924204111,0.2391119599;
racing,killprism,2.498080158,0.9,3.022521311,761.4643882,377.344426,3540.039535,-0.1445159167,0.8290629387,0.2503088713,0.4786598384;
racing,killprism,2.498080158,0.9,4.563730383,789.6141731,377.8354669,3523.250199,-0.1635389477,-0.4910032749,-0.09441904724,0.8504444957;
racing,killprism,4.142649555,0.9,2.349512505,801.3045119,373.3803688,3536.118343,0.2391176075,0.8923991323,0.09904621542,-0.3696436584;
racing,killprism,4.142649555,0.9,2.349512505,784.4398243,373.0134356,3507.274707,0.1261340082,0.2053444237,0.9576548338,0.1575470269;
racing,killprism,2.49807992,0.9,3.022521311,611.1864831,377.3443878,3411.275162,-0.2503088415,-0.4786598682,-0.1445159316,0.8290629387;
racing,killprism,2.49807992,0.9,4.563730383,583.0366983,377.8354288,3428.064498,-0.09441906214,0.8504444361,0.1635389328,0.4910033643;
racing,killprism,4.142649555,0.9,2.349512505,571.3463593,373.3803306,3415.196659,-0.09904623032,0.3696435988,0.2391175926,0.8923991323;
racing,killprism,4.142649555,0.9,2.349512505,588.211047,373.0134356,3444.03999,-0.9576548338,-0.1575470418,0.1261339784,0.2053444237;
racing,killprism,2.49807992,0.9,3.022521311,575.2620338,377.3239029,3254.585434,-0.1445159465,0.8290628791,0.2503088415,0.4786599278;
racing,killprism,2.49807992,0.9,4.563730383,603.4118186,377.8149057,3237.796097,-0.1635389328,-0.4910033941,-0.09441906959,0.8504444361;
racing,killprism,4.142649555,0.9,2.349512505,615.1021576,373.3598457,3250.663937,-0.2391175926,-0.8923991323,-0.09904623032,0.369643569;
racing,killprism,4.142649555,0.9,2.349512505,598.2374697,372.9929125,3221.820606,-0.1261339188,-0.2053444237,-0.9576548338,-0.1575470567;
racing,killprism,2.498080158,0.9,3.022521311,424.9904992,377.344426,3125.81221,-0.2503088415,-0.4786599576,-0.1445159614,0.8290628791;
racing,killprism,2.498080158,0.9,4.563730383,396.8407145,377.835467,3142.601547,-0.09441908449,0.8504443765,0.1635389328,0.4910034537;
racing,killprism,4.142649555,0.9,2.349512505,385.1503753,373.3803688,3129.733402,-0.09904625267,0.3696435392,0.2391175777,0.8923991919;
racing,killprism,4.142649555,0.9,2.349512505,402.0150633,373.0134355,3158.577038,-0.9576548338,-0.1575470716,0.126133889,0.2053444088;
racing,killprism,2.498080158,0.9,3.022521311,425.2189962,377.3444259,3046.681507,-0.1445158273,-0.8290631175,-0.2503089011,0.4786595404;
racing,killprism,2.498080158,0.9,4.563730383,396.6041705,377.8354288,3030.697884,-0.1635387838,0.4910047054,0.09441932291,0.8504436612;
racing,killprism,4.142649555,0.9,2.349512505,401.9030086,373.3803688,3014.139831,-0.2053353637,-0.1260789037,0.1575587541,0.9576621056;
racing,killprism,4.142649555,0.9,2.349512505,385.3561605,373.0134356,3043.166647,-0.8924203515,-0.2391119748,-0.369592309,0.09905993938;
racing,killprism,2.49807992,0.9,3.022521311,493.8669174,377.3239029,3007.323459,0.0000001159998035,-0.9573194981,-0.2890317738,-0.0000003842098977;
racing,killprism,2.49807992,0.9,4.563730383,493.4019142,377.8149439,2974.5505,-0.1888384074,0.0000006877538681,0.000000132253831,0.9820081592;
racing,killprism,4.142649555,0.9,2.349512505,510.3910916,373.3598458,2970.860286,-0.2566049993,-0.5880185962,0.0337821804,0.7663202286;
racing,killprism,4.142649555,0.9,2.349512505,476.9795554,372.9929125,2971.043772,-0.5880625248,-0.2566069961,-0.766286552,-0.03376756236;
racing,killprism,2.49807992,0.9,3.022521311,692.1817803,377.3444259,3122.076584,0.144516021,-0.8290627599,-0.2503087819,-0.4786601961;
racing,killprism,2.49807992,0.9,4.563730383,720.3315649,377.8354288,3105.287247,-0.1635389179,-0.4910034835,-0.09441909194,0.8504443765;
racing,killprism,4.142649555,0.9,2.349512505,732.0219042,373.3803688,3118.155392,-0.2391175479,-0.8923991919,-0.09904628247,0.3696434796;
racing,killprism,4.142649555,0.9,2.349512505,715.157216,373.0134356,3089.311756,-0.1261338145,-0.2053443938,-0.9576548934,-0.1575470716;
racing,killprism,2.49807992,0.9,3.022521311,728.0989814,377.3444259,3345.807938,-0.2503087819,-0.4786602557,-0.1445160508,0.8290627003;
racing,killprism,2.49807992,0.9,4.563730383,699.9491969,377.835467,3362.597275,-0.09441909939,0.8504443169,0.1635389179,0.4910035431;
racing,killprism,4.142649555,0.9,2.349512505,688.2588575,373.3803688,3349.72913,-0.09904628992,0.3696434498,0.239117533,0.8923991919;
racing,killprism,4.142649555,0.9,2.349512505,705.1235458,373.0134356,3378.572766,-0.9576548934,-0.1575470716,0.1261337698,0.2053443938;
racing,killprism,2.49807992,0.9,3.022521311,878.370974,377.3239029,3474.585434,-0.1445160657,0.8290627003,0.2503087819,0.4786603153;
racing,killprism,2.49807992,0.9,4.563730383,906.5207585,377.8149439,3457.796097,-0.1635389179,-0.4910036027,-0.09441910684,0.8504443169;
racing,killprism,4.142649555,0.9,2.349512505,918.2110981,373.3598458,3470.664242,-0.239117533,-0.8923992515,-0.09904631227,0.3696433902;
racing,killprism,4.142649555,0.9,2.349512505,901.3464095,372.9929506,3441.820606,-0.1261336952,-0.2053443789,-0.9576548934,-0.1575470865;
racing,killprism,2.49807992,0.9,3.022521311,878.1457189,377.3444259,3799.017041,-0.2503089607,0.4786591828,0.144515723,0.8290633559;
racing,killprism,2.498080158,0.9,4.563730383,906.7604309,377.8354669,3815.000663,-0.09441929311,-0.8504437208,-0.1635387987,0.4910045564;
racing,killprism,4.142649555,0.9,2.349512505,901.4616691,373.3803688,3831.559022,-0.1575586796,-0.9576621056,-0.2053354084,-0.1260791868;
racing,killprism,4.142649555,0.9,2.349512505,918.0084402,373.0134356,3802.5319,0.3695925772,-0.09905987233,-0.8924202323,-0.2391119897;
racing,killprism,2.49807992,0.9,3.022521311,558.3539227,377.3239029,3983.372037,-0.2890317738,-0.0000006847282634,-0.0000002067316416,0.9573194981;
racing,killprism,2.49807992,0.9,4.563730383,558.8190029,377.8149057,4016.144996,-0.0000001043020745,-0.9820081592,-0.1888384074,0.0000005423975153;
racing,killprism,4.142649555,0.9,2.349512505,541.8297487,373.3598458,4019.83521,-0.03378207609,-0.7663200498,-0.2566050291,-0.5880189538;
racing,killprism,4.142649555,0.9,2.349512505,575.2413612,372.9929125,4019.651723,0.7662867904,0.03376766294,-0.5880622268,-0.2566069961;
racing,killprism,2.498080158,0.9,3.022521311,225.8044791,377.3444259,3791.118606,-0.2503087521,-0.4786603451,-0.1445160806,0.8290626407;
racing,killprism,2.49807992,0.9,4.563730383,197.6548665,377.8354288,3807.907944,0.09441913664,-0.8504442573,-0.163538903,-0.491003722;
racing,killprism,4.142649555,0.9,2.349512505,185.9643545,373.3803688,3795.039799,0.09904641658,-0.3696430326,-0.2391175032,-0.8923993707;
racing,killprism,4.142649555,0.9,2.349512505,202.8291968,373.0134356,3823.883434,0.957654953,0.157547161,-0.1261333078,-0.2053443193;
racing,killprism,2.49807992,0.9,3.022521311,189.8877358,377.3444259,3687.383286,-0.1445160955,0.8290626407,0.2503087521,0.4786604047;
racing,killprism,2.49807992,0.9,4.563730383,218.0373484,377.8354288,3670.593948,-0.1635388881,-0.4910037518,-0.09441913664,0.8504441977;
racing,killprism,4.142649555,0.8999999404,2.349512505,229.7278606,373.3803688,3683.462093,-0.2391175032,-0.8923994303,-0.09904644638,0.3696429431;
racing,killprism,4.142649555,0.9,2.349512505,212.8630181,373.0134356,3654.618458,-0.1261332333,-0.2053443044,-0.957654953,-0.1575471759;
racing,killprism,2.49807992,0.9,3.022521311,78.1709216,377.3444259,3622.61948,-0.0000002285529348,0.9573194981,0.2890317738,0.0000007570038747;
racing,killprism,2.49807992,0.9,4.563730383,77.70586481,377.835467,3589.84652,-0.1888384074,0.0000004243588023,0.00000008160343157,0.9820081592;
racing,killprism,4.142649555,0.9,2.349512505,94.69510039,373.3803688,3586.156306,-0.2566050291,-0.588019073,0.03378202021,0.7663199306;
racing,killprism,4.142649555,0.9,2.349512505,61.28348775,373.0134356,3586.340098,-0.588062048,-0.2566069663,-0.7662869096,-0.03376770392;
racing,killprism,2.49807992,0.9,3.022521311,18.18417631,377.3444259,3656.988818,0.144515723,0.8290632963,0.2503089607,-0.4786592126;
racing,killprism,2.49807992,0.9,4.563730383,-10.43050249,377.8354288,3641.005197,-0.1635388136,0.491004467,0.09441927075,0.85044384;
racing,killprism,4.142649555,0.9,2.349512505,-5.131769426,373.3803688,3624.447142,-0.2053354681,-0.1260794848,0.1575586051,0.957662046;
racing,killprism,4.142649555,0.9,2.349512505,-21.67854092,373.0134356,3653.47396,-0.8924201727,-0.2391120046,-0.3695928454,0.09905980527;
racing,killprism,2.4980802,0.9,3.0225213,17.9582443,322.6251328,3428.77089,-0.2503089,0.4786597,-0.1445159,-0.829063;
racing,killprism,2.4980802,0.9,4.5637304,-10.1916518,322.134092,3445.560228,-0.0944192,-0.850444,0.1635388,-0.4910042;
racing,killprism,4.1426496,0.9,2.3495125,-21.881952,326.5891901,3432.692387,-0.0990462,-0.3696437,0.2391177,-0.8923991;
racing,killprism,4.1426496,0.9,2.3495125,-5.0172635,326.9561233,3461.535717,-0.9576549,0.1575471,0.1261339,-0.2053444;
racing,killprism,2.4980799,0.9,3.0225213,224.9384153,322.6251329,3548.538358,-0.2890318,0,0,-0.9573195;
racing,killprism,2.4980799,0.9,4.5637309,225.4034389,322.1341301,3581.311622,0,-0.9820082,0.1888383,-0.0000001;
racing,killprism,4.1426496,0.9,2.3495125,208.4142408,326.5891901,3585.00153,0.0337824,-0.7663204,0.2566051,-0.5880184;
racing,killprism,4.1426496,0.9,2.3495122,241.8257769,326.9561233,3584.818045,-0.7662865,0.0337675,0.5880626,-0.256607;
racing,killprism,2.4980802,0.9,3.0225213,332.5531064,322.6251329,3486.670239,-0.2503089,-0.4786597,0.1445159,-0.829063;
racing,killprism,2.4980799,0.9,4.5637304,361.1680092,322.1341302,3502.654165,0.0944192,-0.850444,0.1635388,0.4910041;
racing,killprism,4.1426496,0.9,2.3495125,355.8691316,326.5891901,3519.212219,0.1575589,-0.9576622,0.2053353,-0.1260786;
racing,killprism,4.1426496,0.9,2.3495125,372.4159802,326.9561232,3490.185098,-0.3695922,-0.09906,0.8924204,-0.239112;
racing,killprism,2.4980799,0.9,3.0225213,332.774813,322.6456559,3422.54808,-0.1445159,-0.829063,0.2503089,-0.4786597;
racing,killprism,2.4980799,0.9,4.5637304,360.9246735,322.1546151,3405.758742,0.1635388,-0.4910039,0.0944191,0.8504441;
racing,killprism,4.1426496,0.9,2.3495125,372.6150124,326.6097132,3418.626888,0.2391177,-0.892399,0.0990461,0.369644;
racing,killprism,4.1426496,0.9,2.3495125,355.7502874,326.9766463,3389.783252,0.1261341,-0.2053445,0.9576548,-0.157547;
racing,killprism,2.4980799,0.9,3.0225213,281.6868744,322.625171,3392.776034,0,-0.9573195,0.2890318,0.0000002;
racing,killprism,2.4980799,0.9,4.5637309,281.2218138,322.1341301,3360.003075,0.1888383,0.0000003,-0.0000001,0.9820082;
racing,killprism,4.1426496,0.9,2.3495125,298.2110299,326.5892282,3356.312863,0.2566051,-0.5880182,-0.0337824,0.7663206;
racing,killprism,4.1426496,0.9,2.3495125,264.7994558,326.9561232,3356.496347,0.5880629,-0.256607,0.7662862,-0.0337674;
racing,killprism,2.4980799,0.9,3.0225213,194.6276512,322.6251329,3401.038358,-0.2890318,-0.0000001,0,-0.9573195;
racing,killprism,2.4980799,0.9,4.5637309,195.0927114,322.1341301,3433.811622,-0.0000001,0.9820082,-0.1888383,-0.0000005;
racing,killprism,4.1426496,0.9,2.3495125,178.1034957,326.5891901,3437.50153,0.0337824,-0.7663205,0.2566051,-0.5880182;
racing,killprism,4.1426496,0.9,2.3495125,211.5150698,326.9561232,3437.318046,-0.7662863,0.0337674,0.5880629,-0.256607;
racing,killprism,2.4980802,0.9,3.0225213,121.8821027,322.6251329,3358.775468,-0.2503089,0.4786597,-0.1445159,-0.8290631;
racing,killprism,2.4980799,0.9,4.5637309,93.732242,322.1340919,3375.564804,0.0944191,0.8504443,-0.1635389,0.4910036;
racing,killprism,4.1426496,0.9,2.3495125,82.0419222,326.5891901,3362.696659,-0.0990461,-0.3696439,0.2391177,-0.892399;
racing,killprism,4.14265,0.9,2.3495125,98.9066471,326.9561232,3391.53999,-0.9576548,0.157547,0.1261343,-0.2053445;
racing,killprism,2.4980802,0.9,3.0225213,122.1102083,322.6251328,3119.643848,-0.1445159,0.8290629,-0.2503089,-0.4786598;
racing,killprism,2.4980799,0.9,4.5637304,93.4952876,322.1341302,3103.65992,0.1635387,0.4910047,-0.0944193,0.8504437;
racing,killprism,4.1426496,0.9,2.3495125,98.7941832,326.5891901,3087.101867,-0.2053353,0.1260785,0.1575589,-0.9576622;
racing,killprism,4.1426496,0.9,2.3495128,82.2473341,326.9561232,3116.128988,-0.8924205,0.2391119,-0.3695919,-0.0990601;
racing,killprism,2.4980799,0.9,3.0225213,190.7536469,322.625171,3080.276645,0,0.9573195,-0.2890318,-0.0000001;
racing,killprism,2.4980799,0.9,4.5637309,190.2885874,322.1341301,3047.503381,0.1888383,0.0000008,-0.0000002,0.9820082;
racing,killprism,4.1426496,0.9,2.3495125,207.2778024,326.5892282,3043.813168,-0.2566051,0.5880183,0.0337824,-0.7663205;
racing,killprism,4.1426496,0.9,2.3495125,173.8662283,326.9561232,3043.996652,-0.5880628,0.256607,-0.7662863,0.0337675;
racing,killprism,2.4980799,0.9,3.0225213,276.4894508,322.625171,3130.039535,0.1445159,0.829063,-0.2503089,0.4786598;
racing,killprism,2.4980799,0.9,4.5637304,304.6393118,322.1341302,3113.250199,0.1635389,-0.4910033,0.094419,0.8504445;
racing,killprism,4.1426496,0.9,2.3495125,316.3296505,326.5891901,3126.118343,-0.2391177,0.8923991,-0.0990461,-0.3696438;
racing,killprism,4.1426496,0.9,2.3495125,299.4649252,326.9561232,3097.274707,-0.1261342,0.2053445,-0.9576548,0.157547;
racing,killprism,2.4980802,0.9,3.0225213,312.4071671,322.6251328,3208.774857,-0.2503089,0.4786598,-0.1445159,-0.829063;
racing,killprism,2.4980799,0.9,4.5637309,284.2573062,322.134092,3225.564193,-0.094419,-0.8504444,0.1635389,-0.4910034;
racing,killprism,4.1426496,0.9,2.3495125,272.5669673,326.5891901,3212.696354,-0.0990462,-0.3696437,0.2391177,-0.8923991;
racing,killprism,4.14265,0.9,2.3495125,289.4316927,326.9561232,3241.539685,-0.9576548,0.157547,0.1261341,-0.2053445;
racing,killprism,2.4980802,0.9,3.0225213,462.6786063,322.6456559,3337.54808,-0.1445159,-0.8290629,0.2503089,-0.4786598;
racing,killprism,2.4980799,0.9,4.5637304,490.8284673,322.1546151,3320.758744,-0.1635389,0.4910034,-0.094419,-0.8504444;
racing,killprism,4.1426496,0.9,2.3495125,502.5188063,326.6097131,3333.626888,-0.2391177,0.8923991,-0.0990462,-0.3696437;
racing,killprism,4.1426496,0.9,2.3495125,485.6540806,326.9766463,3304.783252,-0.126134,0.2053444,-0.9576548,0.157547;
racing,killprism,2.4980802,0.9,3.0225213,462.4461803,322.6456559,3561.669323,-0.2503089,-0.4786597,0.1445159,-0.8290631;
racing,killprism,2.4980799,0.9,4.5637304,491.061082,322.1546532,3577.652946,-0.0944193,0.8504437,-0.1635387,-0.4910048;
racing,killprism,4.1426496,0.9,2.3495125,485.762206,326.6097131,3594.211304,-0.1575588,0.9576621,-0.2053354,0.1260789;
racing,killprism,4.1426496,0.9,2.3495125,502.3090542,326.9766463,3565.184183,0.3695922,0.09906,-0.8924204,0.2391119;
racing,killprism,2.4980799,0.9,3.022521,360.2671758,322.625171,3662.144459,-0.1445159,0.8290631,-0.2503089,-0.4786596;
racing,killprism,2.4980802,0.9,4.5637304,331.6522739,322.1341301,3646.160531,-0.1635388,-0.4910047,0.0944193,-0.8504437;
racing,killprism,4.1426496,0.9,2.3495125,336.95115,326.5891901,3629.602477,-0.2053354,0.1260789,0.1575588,-0.9576621;
racing,killprism,4.1426496,0.9,2.3495125,320.404302,326.9561232,3658.629599,-0.8924204,0.239112,-0.3695923,-0.0990599;
racing,killprism,2.4980799,0.9,3.0225213,360.0456216,322.6456559,3726.266617,-0.2503088,0.4786599,-0.1445159,-0.8290629;
racing,killprism,2.4980802,0.9,4.5637304,331.8957606,322.154615,3743.055649,-0.0944191,-0.8504444,0.1635389,-0.4910035;
racing,killprism,4.14265,0.9,2.3495125,320.2054214,326.6097132,3730.187809,-0.0990462,-0.3696435,0.2391176,-0.8923991;
racing,killprism,4.1426496,0.9,2.3495125,337.0701857,326.9766082,3759.031445,-0.9576549,0.1575471,0.1261339,-0.2053444;
racing,killprism,2.4980799,0.9,3.0225213,528.0473362,322.6251329,3823.538663,-0.2890318,0.0000001,0,-0.9573195;
racing,killprism,2.4980799,0.9,4.5637304,528.5123386,322.13413,3856.311622,0.0000002,-0.9820082,0.1888384,0.0000009;
racing,killprism,4.1426496,0.9,2.3495125,511.5231236,326.5891901,3860.001835,0.0337823,-0.7663203,0.2566051,-0.5880185;
racing,killprism,4.1426496,0.9,2.3495122,544.9347361,326.9561233,3859.818045,-0.7662865,0.0337675,0.5880626,-0.256607;
racing,killprism,2.4980802,0.9,3.0225213,635.6621227,322.6251329,3761.670239,-0.2503089,-0.4786597,0.1445159,-0.8290631;
racing,killprism,2.4980799,0.9,4.5637304,664.2769097,322.1340919,3777.654167,0.0944194,-0.8504435,0.1635388,0.4910049;
racing,killprism,4.1426496,0.9,2.3495125,658.978072,326.5891901,3794.21222,0.1575588,-0.9576621,0.2053353,-0.1260788;
racing,killprism,4.1426496,0.9,2.3495125,675.5248441,326.9561232,3765.185098,-0.3695922,-0.09906,0.8924204,-0.2391119;
racing,killprism,2.4980799,0.9,3.022521,672.0361654,322.6251329,3697.143848,-0.1445159,0.8290631,-0.2503089,-0.4786596;
racing,killprism,2.4980799,0.9,4.5637304,643.4213782,322.13413,3681.15992,-0.1635388,-0.4910049,0.0944194,-0.8504435;
racing,killprism,4.1426496,0.9,2.3495125,648.720216,326.58919,3664.601867,-0.2053353,0.1260788,0.1575588,-0.9576621;
racing,killprism,4.1426496,0.9,2.3495125,632.1734058,326.9561232,3693.628683,-0.8924204,0.2391119,-0.3695922,-0.09906;
racing,killprism,2.4980799,0.9,3.0225213,761.2250956,322.6456559,3604.169323,-0.2503089,-0.4786596,0.1445159,-0.8290631;
racing,killprism,2.4980799,0.9,4.5637304,789.8398829,322.1546149,3620.152946,-0.0944194,0.8504436,-0.1635388,-0.4910049;
racing,killprism,4.1426496,0.9,2.3495125,784.5410451,326.6097131,3636.711304,0.1575588,-0.9576621,0.2053354,-0.1260789;
racing,killprism,4.1426496,0.9,2.3495125,801.0878932,326.9766463,3607.684183,-0.3695923,-0.0990599,0.8924204,-0.239112;
racing,killprism,2.4980802,0.9,3.0225213,761.4643882,322.6251328,3540.039535,-0.1445159,-0.8290629,0.2503089,-0.4786598;
racing,killprism,2.4980802,0.9,4.5637304,789.6141731,322.1340919,3523.250199,-0.1635389,0.4910033,-0.094419,-0.8504445;
racing,killprism,4.1426496,0.9,2.3495125,801.3045119,326.58919,3536.118343,0.2391176,-0.8923991,0.0990462,0.3696437;
racing,killprism,4.1426496,0.9,2.3495125,784.4398243,326.9561232,3507.274707,0.126134,-0.2053444,0.9576548,-0.157547;
racing,killprism,2.4980799,0.9,3.0225213,611.1864831,322.625171,3411.275162,-0.2503088,0.4786599,-0.1445159,-0.8290629;
racing,killprism,2.4980799,0.9,4.5637304,583.0366983,322.13413,3428.064498,-0.0944191,-0.8504444,0.1635389,-0.4910034;
racing,killprism,4.1426496,0.9,2.3495125,571.3463593,326.5892282,3415.196659,-0.0990462,-0.3696436,0.2391176,-0.8923991;
racing,killprism,4.1426496,0.9,2.3495125,588.211047,326.9561232,3444.03999,-0.9576548,0.157547,0.126134,-0.2053444;
racing,killprism,2.4980799,0.9,3.0225213,575.2620338,322.6456559,3254.585434,-0.1445159,-0.8290629,0.2503088,-0.4786599;
racing,killprism,2.4980799,0.9,4.5637304,603.4118186,322.1546531,3237.796097,-0.1635389,0.4910034,-0.0944191,-0.8504444;
racing,killprism,4.1426496,0.9,2.3495125,615.1021576,326.6097131,3250.663937,-0.2391176,0.8923991,-0.0990462,-0.3696436;
racing,killprism,4.1426496,0.9,2.3495125,598.2374697,326.9766463,3221.820606,-0.1261339,0.2053444,-0.9576548,0.1575471;
racing,killprism,2.4980802,0.9,3.0225213,424.9904992,322.6251328,3125.81221,-0.2503088,0.47866,-0.144516,-0.8290629;
racing,killprism,2.4980802,0.9,4.5637304,396.8407145,322.1340918,3142.601547,-0.0944191,-0.8504444,0.1635389,-0.4910035;
racing,killprism,4.1426496,0.9,2.3495125,385.1503753,326.58919,3129.733402,-0.0990463,-0.3696435,0.2391176,-0.8923992;
racing,killprism,4.1426496,0.9,2.3495125,402.0150633,326.9561233,3158.577038,-0.9576548,0.1575471,0.1261339,-0.2053444;
racing,killprism,2.4980802,0.9,3.0225213,425.2189962,322.6251329,3046.681507,-0.1445158,0.8290631,-0.2503089,-0.4786595;
racing,killprism,2.4980802,0.9,4.5637304,396.6041705,322.13413,3030.697884,-0.1635388,-0.4910047,0.0944193,-0.8504437;
racing,killprism,4.1426496,0.9,2.3495125,401.9030086,326.58919,3014.139831,-0.2053354,0.1260789,0.1575588,-0.9576621;
racing,killprism,4.1426496,0.9,2.3495125,385.3561605,326.9561232,3043.166647,-0.8924204,0.239112,-0.3695923,-0.0990599;
racing,killprism,2.4980799,0.9,3.0225213,493.8669174,322.6456559,3007.323459,0.0000001,0.9573195,-0.2890318,0.0000004;
racing,killprism,2.4980799,0.9,4.5637304,493.4019142,322.1546149,2974.5505,-0.1888384,-0.0000007,0.0000001,-0.9820082;
racing,killprism,4.1426496,0.9,2.3495125,510.3910916,326.609713,2970.860286,-0.256605,0.5880186,0.0337822,-0.7663202;
racing,killprism,4.1426496,0.9,2.3495125,476.9795554,326.9766463,2971.043772,-0.5880625,0.256607,-0.7662866,0.0337676;
racing,killprism,2.4980799,0.9,3.0225213,692.1817803,322.6251329,3122.076584,0.144516,0.8290628,-0.2503088,0.4786602;
racing,killprism,2.4980799,0.9,4.5637304,720.3315649,322.13413,3105.287247,-0.1635389,0.4910035,-0.0944191,-0.8504444;
racing,killprism,4.1426496,0.9,2.3495125,732.0219042,326.58919,3118.155392,-0.2391175,0.8923992,-0.0990463,-0.3696435;
racing,killprism,4.1426496,0.9,2.3495125,715.157216,326.9561232,3089.311756,-0.1261338,0.2053444,-0.9576549,0.1575471;
racing,killprism,2.4980799,0.9,3.0225213,728.0989814,322.6251329,3345.807938,-0.2503088,0.4786603,-0.1445161,-0.8290627;
racing,killprism,2.4980799,0.9,4.5637304,699.9491969,322.1340918,3362.597275,-0.0944191,-0.8504443,0.1635389,-0.4910035;
racing,killprism,4.1426496,0.9,2.3495125,688.2588575,326.58919,3349.72913,-0.0990463,-0.3696434,0.2391175,-0.8923992;
racing,killprism,4.1426496,0.9,2.3495125,705.1235458,326.9561232,3378.572766,-0.9576549,0.1575471,0.1261338,-0.2053444;
racing,killprism,2.4980799,0.9,3.0225213,878.370974,322.6456559,3474.585434,-0.1445161,-0.8290627,0.2503088,-0.4786603;
racing,killprism,2.4980799,0.9,4.5637304,906.5207585,322.1546149,3457.796097,-0.1635389,0.4910036,-0.0944191,-0.8504443;
racing,killprism,4.1426496,0.9,2.3495125,918.2110981,326.609713,3470.664242,-0.2391175,0.8923993,-0.0990463,-0.3696434;
racing,killprism,4.1426496,0.9,2.3495125,901.3464095,326.9766082,3441.820606,-0.1261337,0.2053444,-0.9576549,0.1575471;
racing,killprism,2.4980799,0.9,3.0225213,878.1457189,322.6251329,3799.017041,-0.250309,-0.4786592,0.1445157,-0.8290634;
racing,killprism,2.4980802,0.9,4.5637304,906.7604309,322.1340919,3815.000663,-0.0944193,0.8504437,-0.1635388,-0.4910046;
racing,killprism,4.1426496,0.9,2.3495125,901.4616691,326.58919,3831.559022,-0.1575587,0.9576621,-0.2053354,0.1260792;
racing,killprism,4.1426496,0.9,2.3495125,918.0084402,326.9561232,3802.5319,0.3695926,0.0990599,-0.8924202,0.239112;
racing,killprism,2.4980799,0.9,3.0225213,558.3539227,322.6456559,3983.372037,-0.2890318,0.0000007,-0.0000002,-0.9573195;
racing,killprism,2.4980799,0.9,4.5637304,558.8190029,322.1546531,4016.144996,-0.0000001,0.9820082,-0.1888384,-0.0000005;
racing,killprism,4.1426496,0.9,2.3495125,541.8297487,326.609713,4019.83521,-0.0337821,0.76632,-0.256605,0.588019;
racing,killprism,4.1426496,0.9,2.3495125,575.2413612,326.9766463,4019.651723,0.7662868,-0.0337677,-0.5880622,0.256607;
racing,killprism,2.4980802,0.9,3.0225213,225.8044791,322.6251329,3791.118606,-0.2503088,0.4786603,-0.1445161,-0.8290626;
racing,killprism,2.4980799,0.9,4.5637304,197.6548665,322.13413,3807.907944,0.0944191,0.8504443,-0.1635389,0.4910037;
racing,killprism,4.1426496,0.9,2.3495125,185.9643545,326.58919,3795.039799,0.0990464,0.369643,-0.2391175,0.8923994;
racing,killprism,4.1426496,0.9,2.3495125,202.8291968,326.9561232,3823.883434,0.957655,-0.1575472,-0.1261333,0.2053443;
racing,killprism,2.4980799,0.9,3.0225213,189.8877358,322.6251329,3687.383286,-0.1445161,-0.8290626,0.2503088,-0.4786604;
racing,killprism,2.4980799,0.9,4.5637304,218.0373484,322.13413,3670.593948,-0.1635389,0.4910038,-0.0944191,-0.8504442;
racing,killprism,4.1426496,0.9,2.3495125,229.7278606,326.58919,3683.462093,-0.2391175,0.8923994,-0.0990464,-0.3696429;
racing,killprism,4.1426496,0.9,2.3495125,212.8630181,326.9561232,3654.618458,-0.1261332,0.2053443,-0.957655,0.1575472;
racing,killprism,2.4980799,0.9,3.0225213,78.1709216,322.6251329,3622.61948,-0.0000002,-0.9573195,0.2890318,-0.0000008;
racing,killprism,2.4980799,0.9,4.5637304,77.7058648,322.1340918,3589.84652,-0.1888384,-0.0000004,0.0000001,-0.9820082;
racing,killprism,4.1426496,0.9,2.3495125,94.6951004,326.58919,3586.156306,-0.256605,0.5880191,0.033782,-0.7663199;
racing,killprism,4.1426496,0.9,2.3495125,61.2834877,326.9561232,3586.340098,-0.588062,0.256607,-0.7662869,0.0337677;
racing,killprism,2.4980799,0.9,3.0225213,18.1841763,322.6251329,3656.988818,0.1445157,-0.8290633,0.250309,0.4786592;
racing,killprism,2.4980799,0.9,4.5637304,-10.4305025,322.13413,3641.005197,-0.1635388,-0.4910045,0.0944193,-0.8504438;
racing,killprism,4.1426496,0.9,2.3495125,-5.1317694,326.58919,3624.447142,-0.2053355,0.1260795,0.1575586,-0.957662;
racing,killprism,4.1426496,0.9,2.3495125,-21.6785409,326.9561232,3653.47396,-0.8924202,0.239112,-0.3695928,-0.0990598;





custom,killcuboid,empty,10,1,119.5130005,1,0,0,0,0.1,0.0001,-75.98350525,329.9847794,3495.349426,0,0,0,1;
custom,killcuboid,empty,10,1,119.5130005,1,0,0,0,0.1,0.0001,972.3170471,329.9847794,3495.349426,0,0,0,1;
custom,killcuboid,empty,9.093278885,1,11.50002098,1,0,0,0,0.1,0.0001,252.2298622,329.9847794,3471.282349,0,0.8660254478,0,0.4999999702;
custom,killcuboid,empty,6.062197685,1,22.99999237,1,0,0,0,0.1,0.0001,140.7291222,329.9847794,3455.657654,0,0.5,0,0.8660253882;
custom,killcuboid,empty,5.196155548,1,52.66231918,1,0,0,0,0.1,0.0001,51.96151733,329.9847794,3161.095886,0,0,0,1;
custom,killcuboid,empty,4.546637535,1,5.500006676,1,0,0,0,0.1,0.0001,302.0264053,329.9847794,3454.407349,0,1,0,-0.0000001629206849;
custom,killcuboid,empty,4.763150215,1,5.00000906,1,0,0,0,0.1,0.0001,291.2010574,329.9847794,3435.032349,0,0.866025269,0,-0.5000002384;
custom,killcuboid,empty,6.495194435,1.000000119,9.999994278,1,0,0,0,0.1,0.0001,221.9190025,329.9847794,3338.782349,0,0.8660254478,0,0.4999999702;
custom,killcuboid,empty,17.32050705,1.000000119,7.500002861,1,0,0,0,0.1,0.0001,205.6810379,329.9847794,3298.157349,0,0.5,0,0.8660253882;
custom,killcuboid,empty,11.44813538,1.000000119,22.99999809,1,0,0,0,0.1,0.0001,187.1444702,329.9847794,3239.407349,0,0,0,1;
custom,killcuboid,empty,7.794223785,1.000000119,7.000000954,1,0,0,0,0.1,0.0001,179.7002792,329.9847794,3140.657349,0,0.8660254478,0,0.4999999702;
custom,killcuboid,empty,6.562179089,1.000000119,8.999991417,1,0,0,0,0.1,0.0001,213.0912781,329.9847794,3140.322571,0,0.5,0,0.8660253882;
custom,killcuboid,empty,13.85639954,1.000000119,9.999996185,1,0,0,0,0.1,0.0001,199.1858292,329.9847794,3184.407349,0,1,0,-0.0000001629206849;
custom,killcuboid,empty,8.660259247,1.000000119,21.50000191,1,0,0,0,0.1,0.0001,339.9148941,329.9847794,3325.657349,0,0.5,0,0.8660253882;
custom,killcuboid,empty,7.794230938,1.000000119,21.49999809,1,0,0,0,0.1,0.0001,415.6921768,329.9847794,3449.407349,0,0,0,1;
custom,killcuboid,empty,7.79422617,1.000000119,15.99999237,1,0,0,0,0.1,0.0001,365.8957672,329.9847794,3563.157349,0,0.8660254478,0,0.4999999702;
custom,killcuboid,empty,8.227254868,1.000000119,11.50000286,1,0,0,0,0.1,0.0001,274.9630737,329.9847794,3694.407349,0,1,0,-0.0000001629206849;
custom,killcuboid,empty,84.43748474,1,5.86601305,1,0,0,0,0.1,0.0001,500.1296616,329.9847794,2927.114563,0,0,0,1;
custom,killcuboid,empty,89.63391113,1,5.86601305,1,0,0,0,0.1,0.0001,474.1475296,329.9847794,4063.58429,0,0,0,1;
custom,killcuboid,empty,4.96609211,1.000000119,29.00000381,1,0,0,0,0.1,0.0001,87.1776104,329.9847794,3548.411255,0,0.5,0,0.8660253882;
custom,killcuboid,empty,7.794223785,1.000000119,17.49999809,1,0,0,0,0.1,0.0001,320.4294586,329.9847794,3589.407349,0,0.8660254478,0,0.4999999702;
custom,killcuboid,empty,9.491613388,1.000000119,21.33923149,1,0,0,0,0.1,0.0001,146.6148376,329.9847794,2999.959412,0,0.8660254478,0,0.4999999702;
custom,killcuboid,empty,15.13246536,1.000000119,16.10186958,1,0,0,0,0.1,0.0001,298.0799103,329.9847794,3004.136658,0,0.5,0,0.8660253882;
custom,killcuboid,empty,6.06219101,1.000000119,9.999998093,1,0,0,0,0.1,0.0001,350.7401657,329.9847794,3154.407349,0,1,0,-0.0000001629206849;
custom,killcuboid,empty,7.61781311,1.000000119,21.50000763,1,0,0,0,0.1,0.0001,432.5715637,329.9847794,3225.171204,0,0.5,0,0.8660253882;
custom,killcuboid,empty,6.062182903,1.000000119,27.49999809,1,0,0,0,0.1,0.0001,536.93573,329.9847794,3449.407349,0,0,0,1;
custom,killcuboid,empty,8.827651978,1.000000119,22.25000381,1,0,0,0,0.1,0.0001,486.4752579,329.9847794,3649.507141,0,0.8660254478,0,0.4999999702;
custom,killcuboid,empty,6.985039711,1.000000119,5.500006676,1,0,0,0,0.1,0.0001,402.9859543,329.9847794,3694.407349,0,1,0,-0.0000001629206849;
custom,killcuboid,empty,1.000000834,1.000000119,24.50000381,1,0,0,0,0.1,0.0001,419.6873856,329.9847794,3817.487488,0,0.5,0,0.8660253882;
custom,killcuboid,empty,8.489570618,1.000000119,18.50000572,1,0,0,0,0.1,0.0001,469.3920517,329.9847794,3731.396484,0,0.5,0,0.8660253882;
custom,killcuboid,empty,1.000000715,1.000000119,17.50000572,1,0,0,0,0.1,0.0001,606.5527725,329.9847794,3834.987488,0,0.8660254478,0,0.4999999702;
custom,killcuboid,empty,7.361223221,1.000000119,11.50000191,1,0,0,0,0.1,0.0001,559.6689606,329.9847794,3753.782349,0,0.8660254478,0,0.4999999702;
custom,killcuboid,empty,13.97144318,1.000000119,8.500006676,1,0,0,0,0.1,0.0001,749.6871948,329.9847794,3744.407349,0,1,0,-0.0000001629206849;
custom,killcuboid,empty,18.99573326,1.000000119,8.500002861,1,0,0,0,0.1,0.0001,532.8898239,329.9847794,3714.407349,0,1,0,-0.0000001629206849;
custom,killcuboid,empty,6.985719681,1.000000119,14.49999714,1,0,0,0,0.1,0.0001,760.0810242,329.9847794,3695.906372,0,0.8660254478,0,0.4999999702;
custom,killcuboid,empty,8.803319931,1.000000119,23.99940109,1,0,0,0,0.1,0.0001,627.5133514,329.9847794,3621.286316,0,0.8660254478,0,0.4999999702;
custom,killcuboid,empty,1.000000477,1.000000119,11.49999905,1,0,0,0,0.1,0.0001,810.403595,329.9847794,3571.907349,0,1,0,-0.0000001629206849;
custom,killcuboid,empty,24.68173409,1.000000119,5.500006676,1,0,0,0,0.1,0.0001,630.033493,329.9847794,3571.907349,0,1,0,-0.0000001629206849;
custom,killcuboid,empty,9.159294128,1.000000119,21.50000191,1,0,0,0,0.1,0.0001,637.4462509,329.9847794,3530.318298,0,0.5,0,0.8660253882;
custom,killcuboid,empty,6.062186718,1.000000119,17.79627419,1,0,0,0,0.1,0.0001,536.93573,329.9847794,3347.926025,0,0,0,1;
custom,killcuboid,empty,7.617800236,1.000000119,21.50000572,1,0,0,0,0.1,0.0001,455.1044083,329.9847794,3238.180542,0,0.5,0,0.8660253882;
custom,killcuboid,empty,6.062194824,1.000000119,12.99999523,1,0,0,0,0.1,0.0001,350.7403183,329.9847794,3086.444702,0,1,0,-0.0000001629206849;
custom,killcuboid,empty,6.713406563,1.000000119,12.99999523,1,0,0,0,0.1,0.0001,420.5592728,329.9847794,2959.874878,0,0.8660254478,0,0.4999999702;
custom,killcuboid,empty,12.12435532,1.000000119,21.99999809,1,0,0,0,0.1,0.0001,558.5863495,329.9847794,3123.944702,0,0.5,0,0.8660253882;
custom,killcuboid,empty,6.362018108,1.000000119,27.99999809,1,0,0,0,0.1,0.0001,630.7830429,329.9847794,2998.896179,0,0.5,0,0.8660253882;
custom,killcuboid,empty,6.495181561,1.000000119,28.046278,1,0,0,0,0.1,0.0001,651.6841125,329.9847794,3266.676025,0,0,0,1;
custom,killcuboid,empty,18.6195507,1.000000119,39.4173317,1,0,0,0,0.1,0.0001,829.2192841,329.9847794,3144.35791,0,0,0,1;
custom,killcuboid,empty,6.318762779,1.000000119,25.35185814,1,0,0,0,0.1,0.0001,744.7817993,329.9847794,3442.926025,0,0.5,0,0.8660253882;
custom,killcuboid,empty,19.14294052,1.000000119,21.46319962,1,0,0,0,0.1,0.0001,876.9172668,329.9847794,3312.211304,0,0.5,0,0.8660253882;
custom,killcuboid,empty,6.495193005,1.000000119,31.53063393,1,0,0,0,0.1,0.0001,837.8795624,329.9847794,3636.597595,0,0,0,1;
custom,killcuboid,empty,6.337760925,1.000000119,42,1,0,0,0,0.1,0.0001,756.2960815,329.9847794,3956.694031,0,0.8660254478,0,0.4999999702;
custom,killcuboid,empty,10.1622467,1.000000119,36.00000763,1,0,0,0,0.1,0.0001,689.0653992,329.9847794,3840.246887,0,0.8660254478,0,0.4999999702;
custom,killcuboid,empty,6.430782318,1.000000119,43.5,1,0,0,0,0.1,0.0001,354.1489029,329.9847794,3953.346863,0,0.5,0,0.8660253882;
custom,killcuboid,empty,7.131165028,1.000000119,37.5,1,0,0,0,0.1,0.0001,414.0345001,329.9847794,3849.622192,0,0.5,0,0.8660253882;
custom,killcuboid,empty,8.227243423,1.000000119,12.49999905,1,0,0,0,0.1,0.0001,274.9630165,329.9847794,3724.250793,0,1,0,-0.0000001629206849;
custom,killcuboid,empty,15.58875084,1.000000119,12.49999905,1,0,0,0,0.1,0.0001,103.9216137,329.9847794,3754.251099,0,1,0,-0.0000001629206849;
custom,killcuboid,empty,7.794380188,1.000000119,12.00000286,1,0,0,0,0.1,0.0001,110.4178619,329.9847794,3695.501404,0,0.5,0,0.8660253882;
custom,killcuboid,empty,4.9661026,1.000000119,17.99999809,1,0,0,0,0.1,0.0001,168.2997704,329.9847794,3595.247192,0,0.5,0,0.8660253882;
custom,killcuboid,empty,14.28949738,1.000000119,6.000339031,1,0,0,0,0.1,0.0001,87.68379211,329.9847794,3708.627014,0,0.8660254478,0,0.4999999702;
custom,killcuboid,empty,8.529146194,1.000000119,12.00032806,1,0,0,0,0.1,0.0001,4.656451344,329.9847794,3564.819641,0,0.8660254478,0,0.4999999702;

custom,killcuboid,empty,9.4505,1.000000119,43.11584091,1,0,0,0,0.1,0.0001,73.2304,329.9847794,3877.331848,0,1,0,-0.0000001629206849;
custom,killcuboid,empty,9.4505,1.000000119,40.116,1,0,0,0,0.1,0.0001,134.613,329.9847794,3892.33,0,1,0,-0.0000001629206849;

custom,killcuboid,empty,10,1.000000119,10,1,0,0,0,0.1,0.0001,127.9422379,329.9847794,2947.784424,0,0,0,1;
custom,killcuboid,empty,31.49682236,1.000000119,10,1,0,0,0,0.1,0.0001,764.8329163,329.9847794,2947.784424,0,0,0,1;
custom,killcuboid,empty,5.465238094,1.000000119,10,1,0,0,0,0.1,0.0001,708.7953186,329.9847794,2997.271118,0,0,0,1;
custom,killcuboid,empty,7.122975349,1.000000119,6.047299385,1,0,0,0,0.1,0.0001,-33.01449537,329.9847794,3527.651672,0,0,0,1;
custom,killcuboid,empty,24.36178017,1.000000119,6.047299385,1,0,0,0,0.1,0.0001,800.5081177,329.9847794,4004.017639,0,0,0,1;
custom,killcuboid,empty,13.45543289,1.000000119,6.047299385,1,0,0,0,0.1,0.0001,855.0398254,329.9847794,3943.544617,0,0,0,1;
custom,killcuboid,empty,4.463146687,1.000000119,6.047299385,1,0,0,0,0.1,0.0001,900.001297,329.9847794,3883.071594,0,0,0,1;
custom,killcuboid,empty,41.67551422,1.000000119,6.047299385,1,0,0,0,0.1,0.0001,234.3555641,329.9847794,4004.017639,0,0,0,1;
custom,killcuboid,empty,31.09705353,1.000000119,6.047299385,1,0,0,0,0.1,0.0001,181.4632416,329.9847794,3943.544617,0,0,0,1;
custom,killcuboid,empty,20.70986176,1.000000119,6.047299385,1,0,0,0,0.1,0.0001,129.5272923,329.9847794,3883.071594,0,0,0,1;
custom,killcuboid,empty,4.510245323,1,7.000000954,1,0,0,0,0.1,0.0001,455.5638885,329.9847794,3086.444702,0,1,0,-0.0000001629206849;
custom,killcuboid,empty,5.195539474,1,7.000001431,1,0,0,0,0.1,0.0001,476.3124084,329.9847794,3056.441956,0,0.8660254478,0,0.4999999702;
custom,killcuboid,empty,10,1,119.5130005,1,0,0,0,0.1,0.0001,-75.98350525,369.9847794,3495.349426,0,0,0,1;
custom,killcuboid,empty,10,1,119.5130005,1,0,0,0,0.1,0.0001,972.3170471,369.9847794,3495.349426,0,0,0,1;
custom,killcuboid,empty,9.093278885,1,11.50002098,1,0,0,0,0.1,0.0001,252.2298622,369.9847794,3471.282349,0,0.8660254478,0,0.4999999702;
custom,killcuboid,empty,6.062197685,1,22.99999237,1,0,0,0,0.1,0.0001,140.7291222,369.9847794,3455.657654,0,0.5,0,0.8660253882;
custom,killcuboid,empty,5.196155548,1,52.66231918,1,0,0,0,0.1,0.0001,51.96151733,369.9847794,3161.095886,0,0,0,1;
custom,killcuboid,empty,4.546637535,1,5.500006676,1,0,0,0,0.1,0.0001,302.0264053,369.9847794,3454.407349,0,1,0,-0.0000001629206849;
custom,killcuboid,empty,4.763150215,1,5.00000906,1,0,0,0,0.1,0.0001,291.2010574,369.9847794,3435.032349,0,0.866025269,0,-0.5000002384;
custom,killcuboid,empty,6.495194435,1.000000119,9.999994278,1,0,0,0,0.1,0.0001,221.9190025,369.9847794,3338.782349,0,0.8660254478,0,0.4999999702;
custom,killcuboid,empty,17.32050705,1.000000119,7.500002861,1,0,0,0,0.1,0.0001,205.6810379,369.9847794,3298.157349,0,0.5,0,0.8660253882;
custom,killcuboid,empty,11.44813538,1.000000119,22.99999809,1,0,0,0,0.1,0.0001,187.1444702,369.9847794,3239.407349,0,0,0,1;
custom,killcuboid,empty,7.794223785,1.000000119,7.000000954,1,0,0,0,0.1,0.0001,179.7002792,369.9847794,3140.657349,0,0.8660254478,0,0.4999999702;
custom,killcuboid,empty,6.562179089,1.000000119,8.999991417,1,0,0,0,0.1,0.0001,213.0912781,369.9847794,3140.322571,0,0.5,0,0.8660253882;
custom,killcuboid,empty,13.85639954,1.000000119,9.999996185,1,0,0,0,0.1,0.0001,199.1858292,369.9847794,3184.407349,0,1,0,-0.0000001629206849;
custom,killcuboid,empty,8.660259247,1.000000119,21.50000191,1,0,0,0,0.1,0.0001,339.9148941,369.9847794,3325.657349,0,0.5,0,0.8660253882;
custom,killcuboid,empty,7.794230938,1.000000119,21.49999809,1,0,0,0,0.1,0.0001,415.6921768,369.9847794,3449.407349,0,0,0,1;
custom,killcuboid,empty,7.79422617,1.000000119,15.99999237,1,0,0,0,0.1,0.0001,365.8957672,369.9847794,3563.157349,0,0.8660254478,0,0.4999999702;
custom,killcuboid,empty,8.227254868,1.000000119,11.50000286,1,0,0,0,0.1,0.0001,274.9630737,369.9847794,3694.407349,0,1,0,-0.0000001629206849;
custom,killcuboid,empty,84.43748474,1,5.86601305,1,0,0,0,0.1,0.0001,500.1296616,369.9847794,2927.114563,0,0,0,1;
custom,killcuboid,empty,89.63391113,1,5.86601305,1,0,0,0,0.1,0.0001,474.1475296,369.9847794,4063.58429,0,0,0,1;
custom,killcuboid,empty,4.96609211,1.000000119,29.00000381,1,0,0,0,0.1,0.0001,87.1776104,369.9847794,3548.411255,0,0.5,0,0.8660253882;
custom,killcuboid,empty,7.794223785,1.000000119,17.49999809,1,0,0,0,0.1,0.0001,320.4294586,369.9847794,3589.407349,0,0.8660254478,0,0.4999999702;
custom,killcuboid,empty,9.491613388,1.000000119,21.33923149,1,0,0,0,0.1,0.0001,146.6148376,369.9847794,2999.959412,0,0.8660254478,0,0.4999999702;
custom,killcuboid,empty,15.13246536,1.000000119,16.10186958,1,0,0,0,0.1,0.0001,298.0799103,369.9847794,3004.136658,0,0.5,0,0.8660253882;
custom,killcuboid,empty,6.06219101,1.000000119,9.999998093,1,0,0,0,0.1,0.0001,350.7401657,369.9847794,3154.407349,0,1,0,-0.0000001629206849;
custom,killcuboid,empty,7.61781311,1.000000119,21.50000763,1,0,0,0,0.1,0.0001,432.5715637,369.9847794,3225.171204,0,0.5,0,0.8660253882;
custom,killcuboid,empty,6.062182903,1.000000119,27.49999809,1,0,0,0,0.1,0.0001,536.93573,369.9847794,3449.407349,0,0,0,1;
custom,killcuboid,empty,8.827651978,1.000000119,22.25000381,1,0,0,0,0.1,0.0001,486.4752579,369.9847794,3649.507141,0,0.8660254478,0,0.4999999702;
custom,killcuboid,empty,6.985039711,1.000000119,5.500006676,1,0,0,0,0.1,0.0001,402.9859543,369.9847794,3694.407349,0,1,0,-0.0000001629206849;
custom,killcuboid,empty,1.000000834,1.000000119,24.50000381,1,0,0,0,0.1,0.0001,419.6873856,369.9847794,3817.487488,0,0.5,0,0.8660253882;
custom,killcuboid,empty,8.489570618,1.000000119,18.50000572,1,0,0,0,0.1,0.0001,469.3920517,369.9847794,3731.396484,0,0.5,0,0.8660253882;
custom,killcuboid,empty,1.000000715,1.000000119,17.50000572,1,0,0,0,0.1,0.0001,606.5527725,369.9847794,3834.987488,0,0.8660254478,0,0.4999999702;
custom,killcuboid,empty,7.361223221,1.000000119,11.50000191,1,0,0,0,0.1,0.0001,559.6689606,369.9847794,3753.782349,0,0.8660254478,0,0.4999999702;
custom,killcuboid,empty,13.97144318,1.000000119,8.500006676,1,0,0,0,0.1,0.0001,749.6871948,369.9847794,3744.407349,0,1,0,-0.0000001629206849;
custom,killcuboid,empty,18.99573326,1.000000119,8.500002861,1,0,0,0,0.1,0.0001,532.8898239,369.9847794,3714.407349,0,1,0,-0.0000001629206849;
custom,killcuboid,empty,6.985719681,1.000000119,14.49999714,1,0,0,0,0.1,0.0001,760.0810242,369.9847794,3695.906372,0,0.8660254478,0,0.4999999702;
custom,killcuboid,empty,8.803319931,1.000000119,23.99940109,1,0,0,0,0.1,0.0001,627.5133514,369.9847794,3621.286316,0,0.8660254478,0,0.4999999702;
custom,killcuboid,empty,1.000000477,1.000000119,11.49999905,1,0,0,0,0.1,0.0001,810.403595,369.9847794,3571.907349,0,1,0,-0.0000001629206849;
custom,killcuboid,empty,24.68173409,1.000000119,5.500006676,1,0,0,0,0.1,0.0001,630.033493,369.9847794,3571.907349,0,1,0,-0.0000001629206849;
custom,killcuboid,empty,9.159294128,1.000000119,21.50000191,1,0,0,0,0.1,0.0001,637.4462509,369.9847794,3530.318298,0,0.5,0,0.8660253882;
custom,killcuboid,empty,6.062186718,1.000000119,17.79627419,1,0,0,0,0.1,0.0001,536.93573,369.9847794,3347.926025,0,0,0,1;
custom,killcuboid,empty,7.617800236,1.000000119,21.50000572,1,0,0,0,0.1,0.0001,455.1044083,369.9847794,3238.180542,0,0.5,0,0.8660253882;
custom,killcuboid,empty,6.062194824,1.000000119,12.99999523,1,0,0,0,0.1,0.0001,350.7403183,369.9847794,3086.444702,0,1,0,-0.0000001629206849;
custom,killcuboid,empty,6.713406563,1.000000119,12.99999523,1,0,0,0,0.1,0.0001,420.5592728,369.9847794,2959.874878,0,0.8660254478,0,0.4999999702;
custom,killcuboid,empty,12.12435532,1.000000119,21.99999809,1,0,0,0,0.1,0.0001,558.5863495,369.9847794,3123.944702,0,0.5,0,0.8660253882;
custom,killcuboid,empty,6.362018108,1.000000119,27.99999809,1,0,0,0,0.1,0.0001,630.7830429,369.9847794,2998.896179,0,0.5,0,0.8660253882;
custom,killcuboid,empty,6.495181561,1.000000119,28.046278,1,0,0,0,0.1,0.0001,651.6841125,369.9847794,3266.676025,0,0,0,1;
custom,killcuboid,empty,18.6195507,1.000000119,39.4173317,1,0,0,0,0.1,0.0001,829.2192841,369.9847794,3144.35791,0,0,0,1;
custom,killcuboid,empty,6.318762779,1.000000119,25.35185814,1,0,0,0,0.1,0.0001,744.7817993,369.9847794,3442.926025,0,0.5,0,0.8660253882;
custom,killcuboid,empty,19.14294052,1.000000119,21.46319962,1,0,0,0,0.1,0.0001,876.9172668,369.9847794,3312.211304,0,0.5,0,0.8660253882;
custom,killcuboid,empty,6.495193005,1.000000119,31.53063393,1,0,0,0,0.1,0.0001,837.8795624,369.9847794,3636.597595,0,0,0,1;
custom,killcuboid,empty,6.337760925,1.000000119,42,1,0,0,0,0.1,0.0001,756.2960815,369.9847794,3956.694031,0,0.8660254478,0,0.4999999702;
custom,killcuboid,empty,10.1622467,1.000000119,36.00000763,1,0,0,0,0.1,0.0001,689.0653992,369.9847794,3840.246887,0,0.8660254478,0,0.4999999702;
custom,killcuboid,empty,6.430782318,1.000000119,43.5,1,0,0,0,0.1,0.0001,354.1489029,369.9847794,3953.346863,0,0.5,0,0.8660253882;
custom,killcuboid,empty,7.131165028,1.000000119,37.5,1,0,0,0,0.1,0.0001,414.0345001,369.9847794,3849.622192,0,0.5,0,0.8660253882;
custom,killcuboid,empty,8.227243423,1.000000119,12.49999905,1,0,0,0,0.1,0.0001,274.9630165,369.9847794,3724.250793,0,1,0,-0.0000001629206849;
custom,killcuboid,empty,15.58875084,1.000000119,12.49999905,1,0,0,0,0.1,0.0001,103.9216137,369.9847794,3754.251099,0,1,0,-0.0000001629206849;
custom,killcuboid,empty,7.794380188,1.000000119,12.00000286,1,0,0,0,0.1,0.0001,110.4178619,369.9847794,3695.501404,0,0.5,0,0.8660253882;
custom,killcuboid,empty,4.9661026,1.000000119,17.99999809,1,0,0,0,0.1,0.0001,168.2997704,369.9847794,3595.247192,0,0.5,0,0.8660253882;
custom,killcuboid,empty,14.28949738,1.000000119,6.000339031,1,0,0,0,0.1,0.0001,87.68379211,369.9847794,3708.627014,0,0.8660254478,0,0.4999999702;
custom,killcuboid,empty,8.529146194,1.000000119,12.00032806,1,0,0,0,0.1,0.0001,4.656451344,369.9847794,3564.819641,0,0.8660254478,0,0.4999999702;

custom,killcuboid,empty,9.4505,1.000000119,43.11584091,1,0,0,0,0.1,0.0001,73.2304,369.9847794,3877.331848,0,1,0,-0.0000001629206849;
custom,killcuboid,empty,9.4505,1.000000119,40.116,1,0,0,0,0.1,0.0001,134.613,369.9847794,3892.33,0,1,0,-0.0000001629206849;

custom,killcuboid,empty,10,1.000000119,10,1,0,0,0,0.1,0.0001,127.9422379,369.9847794,2947.784424,0,0,0,1;
custom,killcuboid,empty,31.49682236,1.000000119,10,1,0,0,0,0.1,0.0001,764.8329163,369.9847794,2947.784424,0,0,0,1;
custom,killcuboid,empty,5.465238094,1.000000119,10,1,0,0,0,0.1,0.0001,708.7953186,369.9847794,2997.271118,0,0,0,1;
custom,killcuboid,empty,7.122975349,1.000000119,6.047299385,1,0,0,0,0.1,0.0001,-33.01449537,369.9847794,3527.651672,0,0,0,1;
custom,killcuboid,empty,24.36178017,1.000000119,6.047299385,1,0,0,0,0.1,0.0001,800.5081177,369.9847794,4004.017639,0,0,0,1;
custom,killcuboid,empty,13.45543289,1.000000119,6.047299385,1,0,0,0,0.1,0.0001,855.0398254,369.9847794,3943.544617,0,0,0,1;
custom,killcuboid,empty,4.463146687,1.000000119,6.047299385,1,0,0,0,0.1,0.0001,900.001297,369.9847794,3883.071594,0,0,0,1;
custom,killcuboid,empty,41.67551422,1.000000119,6.047299385,1,0,0,0,0.1,0.0001,234.3555641,369.9847794,4004.017639,0,0,0,1;
custom,killcuboid,empty,31.09705353,1.000000119,6.047299385,1,0,0,0,0.1,0.0001,181.4632416,369.9847794,3943.544617,0,0,0,1;
custom,killcuboid,empty,20.70986176,1.000000119,6.047299385,1,0,0,0,0.1,0.0001,129.5272923,369.9847794,3883.071594,0,0,0,1;
custom,killcuboid,empty,4.510245323,1,7.000000954,1,0,0,0,0.1,0.0001,455.5638885,369.9847794,3086.444702,0,1,0,-0.0000001629206849;
custom,killcuboid,empty,5.195539474,1,7.000001431,1,0,0,0,0.1,0.0001,476.3124084,369.9847794,3056.441956,0,0.8660254478,0,0.4999999702;


custom,killcuboid,metal2,99.63391113,5,1,1,1,1,1,0.00001,0.25,524.1475296,349.9847794,4087.914429,0,0,0,1;
custom,killcuboid,metal2,99.63391113,5,1,1,1,1,1,0.00002,0.25,524.1503143,349.9847794,2902.784424,0,0,0,1;
custom,killcuboid,metal2,10,5,1,1,1,1,1,0.00003,0.25,-75.98350525,349.9847794,2902.784424,0,0,0,1;
custom,killcuboid,metal2,10,5,1,1,1,1,1,0.00004,0.25,-75.98350525,349.9847794,4087.914429,0,0,0,1;
custom,killcuboid,metal2,1,5,119.5130005,1,1,1,1,0.00005,0.25,-120.9835052,349.9847794,3495.349426,0,0,0,1;
custom,killcuboid,metal2,1,5,119.5130005,1,1,1,1,0.00006,0.25,1017.31987,349.9847794,3495.349426,0,0,0,1;


custom,cylinder,ice1,1,1.5,1,1,1,1,1,0.1,0.3,51.99999809,349.9847794,3094.407349,0,-0.3826834559,0,0.9238795042;
custom,cylinder,ice1,1,1.5,1,1,1,1,1,0.1,0.3,-51.99999809,349.9847794,3094.407349,0,-0.3826834559,0,0.9238795042;
custom,cylinder,ice1,1,1.5,1,1,1,1,1,0.1,0.3,51.99999809,349.9847794,3401.2677,0,-0.3826834559,0,0.9238795042;
custom,cylinder,ice1,1,1.5,1,1,1,1,1,0.1,0.3,225.0590134,349.9847794,3488.389893,0,-0.3826834559,0,0.9238795042;
custom,cylinder,ice1,1,1.5,1,1,1,1,1,0.1,0.3,284.5527267,349.9847794,3453.766479,0,-0.3826834559,0,0.9238795042;
custom,cylinder,ice1,1,1.5,1,1,1,1,1,0.1,0.3,185.5591202,349.9847794,3337.705078,0,-0.3826834559,0,0.9238795042;
custom,cylinder,ice1,1,1.5,1,1,1,1,1,0.1,0.3,177.4315643,349.9847794,3147.046204,0,-0.3826834559,0,0.9238795042;
custom,cylinder,ice1,1,1.5,1,1,1,1,1,0.1,0.3,227.2128296,349.9847794,3160.253296,0,-0.3826834559,0,0.9238795042;
custom,cylinder,ice1,1,1.5,1,1,1,1,1,0.1,0.3,354.544487,349.9847794,3180.572205,0,-0.3826834559,0,0.9238795042;
custom,cylinder,ice1,1,1.5,1,1,1,1,1,0.1,0.3,418.2103348,349.9847794,3365.473938,0,-0.3826834559,0,0.9238795042;
custom,cylinder,ice1,1,1.5,1,1,1,1,1,0.1,0.3,418.2103348,349.9847794,3534.797974,0,-0.3826834559,0,0.9238795042;
custom,cylinder,ice1,1,1.5,1,1,1,1,1,0.1,0.3,405.3417206,349.9847794,3693.962708,0,-0.3826834559,0,0.9238795042;
custom,cylinder,ice1,1,1.5,1,1,1,1,1,0.1,0.3,528.2365417,349.9847794,3764.73999,0,-0.3826834559,0,0.9238795042;
custom,cylinder,ice1,1,1.5,1,1,1,1,1,0.1,0.3,590.2091217,349.9847794,3732.229919,0,-0.3826834559,0,0.9238795042;
custom,cylinder,ice1,1,1.5,1,1,1,1,1,0.1,0.3,718.5567474,349.9847794,3727.488708,0,-0.3826834559,0,0.9238795042;
custom,cylinder,ice1,1,1.5,1,1,1,1,1,0.1,0.3,718.5567474,349.9847794,3572.388,0,-0.3826834559,0,0.9238795042;
custom,cylinder,ice1,1,1.5,1,1,1,1,1,0.1,0.3,652.1817017,349.9847794,3384.099731,0,-0.3826834559,0,0.9238795042;
custom,cylinder,ice1,1,1.5,1,1,1,1,1,0.1,0.3,531.8938828,349.9847794,3282.911682,0,-0.3826834559,0,0.9238795042;
custom,cylinder,ice1,1,1.5,1,1,1,1,1,0.1,0.3,464.4351959,349.9847794,3097.603455,0,-0.3826834559,0,0.9238795042;
custom,cylinder,ice1,1,1.5,1,1,1,1,1,0.1,0.3,493.6943817,349.9847794,3055.74646,0,-0.3826834559,0,0.9238795042;
custom,cylinder,ice1,1,1.5,1,1,1,1,1,0.1,0.3,647.1019745,349.9847794,3152.599792,0,-0.3826834559,0,0.9238795042;
custom,cylinder,ice1,1,1.5,1,1,1,1,1,0.1,0.3,781.6130066,349.9847794,3309.867859,0,-0.3826834559,0,0.9238795042;
custom,cylinder,ice1,1,1.5,1,1,1,1,1,0.1,0.3,834.8484802,349.9847794,3504.116516,0,-0.3826834559,0,0.9238795042;
custom,cylinder,ice1,1,1.5,1,1,1,1,1,0.1,0.3,834.3608093,349.9847794,3767.160645,0,-0.3826834559,0,0.9238795042;
custom,cylinder,ice1,1,1.5,1,1,1,1,1,0.1,0.3,558.8367081,349.9847794,3917.845459,0,-0.3826834559,0,0.9238795042;
custom,cylinder,ice1,1,1.5,1,1,1,1,1,0.1,0.3,275.9977913,349.9847794,3760.333557,0,-0.3826834559,0,0.9238795042;
custom,cylinder,ice1,1,1.5,1,1,1,1,1,0.1,0.3,141.8931389,349.9847794,3718.395386,0,-0.3826834559,0,0.9238795042;
custom,cylinder,ice1,1,1.5,1,1,1,1,1,0.1,0.3,74.72182751,349.9847794,3687.185669,0,-0.3826834559,0,0.9238795042;
custom,cylinder,ice1,1,1.5,1,1,1,1,1,0.1,0.3,74.72182751,349.9847794,3883.762512,0,-0.3826834559,0,0.9238795042;
custom,cylinder,ice1,1,1.5,1,1,1,1,1,0.1,0.3,-74.72177029,349.9847794,3883.762512,0,-0.3826834559,0,0.9238795042;


custom,cylinder,cannonregionmat,1.1,1.5,1.1,1,1,1,1,0.1,0.3,51.99999809,349.9847794,3094.407349,0,-0.3826834559,0,0.9238795042;
custom,cylinder,cannonregionmat,1.1,1.5,1.1,1,1,1,1,0.1,0.3,-51.99999809,349.9847794,3094.407349,0,-0.3826834559,0,0.9238795042;
custom,cylinder,cannonregionmat,1.1,1.5,1.1,1,1,1,1,0.1,0.3,51.99999809,349.9847794,3401.2677,0,-0.3826834559,0,0.9238795042;
custom,cylinder,cannonregionmat,1.1,1.5,1.1,1,1,1,1,0.1,0.3,225.0590134,349.9847794,3488.389893,0,-0.3826834559,0,0.9238795042;
custom,cylinder,cannonregionmat,1.1,1.5,1.1,1,1,1,1,0.1,0.3,284.5527267,349.9847794,3453.766479,0,-0.3826834559,0,0.9238795042;
custom,cylinder,cannonregionmat,1.1,1.5,1.1,1,1,1,1,0.1,0.3,185.5591202,349.9847794,3337.705078,0,-0.3826834559,0,0.9238795042;
custom,cylinder,cannonregionmat,1.1,1.5,1.1,1,1,1,1,0.1,0.3,177.4315643,349.9847794,3147.046204,0,-0.3826834559,0,0.9238795042;
custom,cylinder,cannonregionmat,1.1,1.5,1.1,1,1,1,1,0.1,0.3,227.2128296,349.9847794,3160.253296,0,-0.3826834559,0,0.9238795042;
custom,cylinder,cannonregionmat,1.1,1.5,1.1,1,1,1,1,0.1,0.3,354.544487,349.9847794,3180.572205,0,-0.3826834559,0,0.9238795042;
custom,cylinder,cannonregionmat,1.1,1.5,1.1,1,1,1,1,0.1,0.3,418.2103348,349.9847794,3365.473938,0,-0.3826834559,0,0.9238795042;
custom,cylinder,cannonregionmat,1.1,1.5,1.1,1,1,1,1,0.1,0.3,418.2103348,349.9847794,3534.797974,0,-0.3826834559,0,0.9238795042;
custom,cylinder,cannonregionmat,1.1,1.5,1.1,1,1,1,1,0.1,0.3,405.3417206,349.9847794,3693.962708,0,-0.3826834559,0,0.9238795042;
custom,cylinder,cannonregionmat,1.1,1.5,1.1,1,1,1,1,0.1,0.3,528.2365417,349.9847794,3764.73999,0,-0.3826834559,0,0.9238795042;
custom,cylinder,cannonregionmat,1.1,1.5,1.1,1,1,1,1,0.1,0.3,590.2091217,349.9847794,3732.229919,0,-0.3826834559,0,0.9238795042;
custom,cylinder,cannonregionmat,1.1,1.5,1.1,1,1,1,1,0.1,0.3,718.5567474,349.9847794,3727.488708,0,-0.3826834559,0,0.9238795042;
custom,cylinder,cannonregionmat,1.1,1.5,1.1,1,1,1,1,0.1,0.3,718.5567474,349.9847794,3572.388,0,-0.3826834559,0,0.9238795042;
custom,cylinder,cannonregionmat,1.1,1.5,1.1,1,1,1,1,0.1,0.3,652.1817017,349.9847794,3384.099731,0,-0.3826834559,0,0.9238795042;
custom,cylinder,cannonregionmat,1.1,1.5,1.1,1,1,1,1,0.1,0.3,531.8938828,349.9847794,3282.911682,0,-0.3826834559,0,0.9238795042;
custom,cylinder,cannonregionmat,1.1,1.5,1.1,1,1,1,1,0.1,0.3,464.4351959,349.9847794,3097.603455,0,-0.3826834559,0,0.9238795042;
custom,cylinder,cannonregionmat,1.1,1.5,1.1,1,1,1,1,0.1,0.3,493.6943817,349.9847794,3055.74646,0,-0.3826834559,0,0.9238795042;
custom,cylinder,cannonregionmat,1.1,1.5,1.1,1,1,1,1,0.1,0.3,647.1019745,349.9847794,3152.599792,0,-0.3826834559,0,0.9238795042;
custom,cylinder,cannonregionmat,1.1,1.5,1.1,1,1,1,1,0.1,0.3,781.6130066,349.9847794,3309.867859,0,-0.3826834559,0,0.9238795042;
custom,cylinder,cannonregionmat,1.1,1.5,1.1,1,1,1,1,0.1,0.3,834.8484802,349.9847794,3504.116516,0,-0.3826834559,0,0.9238795042;
custom,cylinder,cannonregionmat,1.1,1.5,1.1,1,1,1,1,0.1,0.3,834.3608093,349.9847794,3767.160645,0,-0.3826834559,0,0.9238795042;
custom,cylinder,cannonregionmat,1.1,1.5,1.1,1,1,1,1,0.1,0.3,558.8367081,349.9847794,3917.845459,0,-0.3826834559,0,0.9238795042;
custom,cylinder,cannonregionmat,1.1,1.5,1.1,1,1,1,1,0.1,0.3,275.9977913,349.9847794,3760.333557,0,-0.3826834559,0,0.9238795042;
custom,cylinder,cannonregionmat,1.1,1.5,1.1,1,1,1,1,0.1,0.3,141.8931389,349.9847794,3718.395386,0,-0.3826834559,0,0.9238795042;
custom,cylinder,cannonregionmat,1.1,1.5,1.1,1,1,1,1,0.1,0.3,74.72182751,349.9847794,3687.185669,0,-0.3826834559,0,0.9238795042;
custom,cylinder,cannonregionmat,1.1,1.5,1.1,1,1,1,1,0.1,0.3,74.72182751,349.9847794,3883.762512,0,-0.3826834559,0,0.9238795042;
custom,cylinder,cannonregionmat,1.1,1.5,1.1,1,1,1,1,0.1,0.3,-74.72177029,349.9847794,3883.762512,0,-0.3826834559,0,0.9238795042;


custom,cylinder,metal4,2,0.25,2,1,1,1,1,0.15,0.05,51.99999809,362.4847794,3094.407349,0,-0.3826834559,0,0.9238795042;
custom,cylinder,metal4,2,0.25,2,1,1,1,1,0.15,0.05,-51.99999809,362.4847794,3094.407349,0,-0.3826834559,0,0.9238795042;
custom,cylinder,metal4,2,0.25,2,1,1,1,1,0.15,0.05,51.99999809,362.4847794,3401.2677,0,-0.3826834559,0,0.9238795042;
custom,cylinder,metal4,2,0.25,2,1,1,1,1,0.15,0.05,225.0590134,362.4847794,3488.389893,0,-0.3826834559,0,0.9238795042;
custom,cylinder,metal4,2,0.25,2,1,1,1,1,0.15,0.05,284.5527267,362.4847794,3453.766479,0,-0.3826834559,0,0.9238795042;
custom,cylinder,metal4,2,0.25,2,1,1,1,1,0.15,0.05,185.5591202,362.4847794,3337.705078,0,-0.3826834559,0,0.9238795042;
custom,cylinder,metal4,2,0.25,2,1,1,1,1,0.15,0.05,177.4315643,362.4847794,3147.046204,0,-0.3826834559,0,0.9238795042;
custom,cylinder,metal4,2,0.25,2,1,1,1,1,0.15,0.05,227.2128296,362.4847794,3160.253296,0,-0.3826834559,0,0.9238795042;
custom,cylinder,metal4,2,0.25,2,1,1,1,1,0.15,0.05,354.544487,362.4847794,3180.572205,0,-0.3826834559,0,0.9238795042;
custom,cylinder,metal4,2,0.25,2,1,1,1,1,0.15,0.05,418.2103348,362.4847794,3365.473938,0,-0.3826834559,0,0.9238795042;
custom,cylinder,metal4,2,0.25,2,1,1,1,1,0.15,0.05,418.2103348,362.4847794,3534.797974,0,-0.3826834559,0,0.9238795042;
custom,cylinder,metal4,2,0.25,2,1,1,1,1,0.15,0.05,405.3417206,362.4847794,3693.962708,0,-0.3826834559,0,0.9238795042;
custom,cylinder,metal4,2,0.25,2,1,1,1,1,0.15,0.05,528.2365417,362.4847794,3764.73999,0,-0.3826834559,0,0.9238795042;
custom,cylinder,metal4,2,0.25,2,1,1,1,1,0.15,0.05,590.2091217,362.4847794,3732.229919,0,-0.3826834559,0,0.9238795042;
custom,cylinder,metal4,2,0.25,2,1,1,1,1,0.15,0.05,718.5567474,362.4847794,3727.488708,0,-0.3826834559,0,0.9238795042;
custom,cylinder,metal4,2,0.25,2,1,1,1,1,0.15,0.05,718.5567474,362.4847794,3572.388,0,-0.3826834559,0,0.9238795042;
custom,cylinder,metal4,2,0.25,2,1,1,1,1,0.15,0.05,652.1817017,362.4847794,3384.099731,0,-0.3826834559,0,0.9238795042;
custom,cylinder,metal4,2,0.25,2,1,1,1,1,0.15,0.05,531.8938828,362.4847794,3282.911682,0,-0.3826834559,0,0.9238795042;
custom,cylinder,metal4,2,0.25,2,1,1,1,1,0.15,0.05,464.4351959,362.4847794,3097.603455,0,-0.3826834559,0,0.9238795042;
custom,cylinder,metal4,2,0.25,2,1,1,1,1,0.15,0.05,493.6943817,362.4847794,3055.74646,0,-0.3826834559,0,0.9238795042;
custom,cylinder,metal4,2,0.25,2,1,1,1,1,0.15,0.05,647.1019745,362.4847794,3152.599792,0,-0.3826834559,0,0.9238795042;
custom,cylinder,metal4,2,0.25,2,1,1,1,1,0.15,0.05,781.6130066,362.4847794,3309.867859,0,-0.3826834559,0,0.9238795042;
custom,cylinder,metal4,2,0.25,2,1,1,1,1,0.15,0.05,834.8484802,362.4847794,3504.116516,0,-0.3826834559,0,0.9238795042;
custom,cylinder,metal4,2,0.25,2,1,1,1,1,0.15,0.05,834.3608093,362.4847794,3767.160645,0,-0.3826834559,0,0.9238795042;
custom,cylinder,metal4,2,0.25,2,1,1,1,1,0.15,0.05,558.8367081,362.4847794,3917.845459,0,-0.3826834559,0,0.9238795042;
custom,cylinder,metal4,2,0.25,2,1,1,1,1,0.15,0.05,275.9977913,362.4847794,3760.333557,0,-0.3826834559,0,0.9238795042;
custom,cylinder,metal4,2,0.25,2,1,1,1,1,0.15,0.05,141.8931389,362.4847794,3718.395386,0,-0.3826834559,0,0.9238795042;
custom,cylinder,metal4,2,0.25,2,1,1,1,1,0.15,0.05,74.72182751,362.4847794,3687.185669,0,-0.3826834559,0,0.9238795042;
custom,cylinder,metal4,2,0.25,2,1,1,1,1,0.15,0.05,74.72182751,362.4847794,3883.762512,0,-0.3826834559,0,0.9238795042;
custom,cylinder,metal4,2,0.25,2,1,1,1,1,0.15,0.05,-74.72177029,362.4847794,3883.762512,0,-0.3826834559,0,0.9238795042;
custom,cylinder,metal4,1.9,0.3,1.9,1,0,0,0,0.15,0.05,51.99999809,362.4847794,3094.407349,0,-0.3826834559,0,0.9238795042;
custom,cylinder,metal4,1.9,0.3,1.9,1,0,0,0,0.15,0.05,-51.99999809,362.4847794,3094.407349,0,-0.3826834559,0,0.9238795042;
custom,cylinder,metal4,1.9,0.3,1.9,1,0,0,0,0.15,0.05,51.99999809,362.4847794,3401.2677,0,-0.3826834559,0,0.9238795042;
custom,cylinder,metal4,1.9,0.3,1.9,1,0,0,0,0.15,0.05,225.0590134,362.4847794,3488.389893,0,-0.3826834559,0,0.9238795042;
custom,cylinder,metal4,1.9,0.3,1.9,1,0,0,0,0.15,0.05,284.5527267,362.4847794,3453.766479,0,-0.3826834559,0,0.9238795042;
custom,cylinder,metal4,1.9,0.3,1.9,1,0,0,0,0.15,0.05,185.5591202,362.4847794,3337.705078,0,-0.3826834559,0,0.9238795042;
custom,cylinder,metal4,1.9,0.3,1.9,1,0,0,0,0.15,0.05,177.4315643,362.4847794,3147.046204,0,-0.3826834559,0,0.9238795042;
custom,cylinder,metal4,1.9,0.3,1.9,1,0,0,0,0.15,0.05,227.2128296,362.4847794,3160.253296,0,-0.3826834559,0,0.9238795042;
custom,cylinder,metal4,1.9,0.3,1.9,1,0,0,0,0.15,0.05,354.544487,362.4847794,3180.572205,0,-0.3826834559,0,0.9238795042;
custom,cylinder,metal4,1.9,0.3,1.9,1,0,0,0,0.15,0.05,418.2103348,362.4847794,3365.473938,0,-0.3826834559,0,0.9238795042;
custom,cylinder,metal4,1.9,0.3,1.9,1,0,0,0,0.15,0.05,418.2103348,362.4847794,3534.797974,0,-0.3826834559,0,0.9238795042;
custom,cylinder,metal4,1.9,0.3,1.9,1,0,0,0,0.15,0.05,405.3417206,362.4847794,3693.962708,0,-0.3826834559,0,0.9238795042;
custom,cylinder,metal4,1.9,0.3,1.9,1,0,0,0,0.15,0.05,528.2365417,362.4847794,3764.73999,0,-0.3826834559,0,0.9238795042;
custom,cylinder,metal4,1.9,0.3,1.9,1,0,0,0,0.15,0.05,590.2091217,362.4847794,3732.229919,0,-0.3826834559,0,0.9238795042;
custom,cylinder,metal4,1.9,0.3,1.9,1,0,0,0,0.15,0.05,718.5567474,362.4847794,3727.488708,0,-0.3826834559,0,0.9238795042;
custom,cylinder,metal4,1.9,0.3,1.9,1,0,0,0,0.15,0.05,718.5567474,362.4847794,3572.388,0,-0.3826834559,0,0.9238795042;
custom,cylinder,metal4,1.9,0.3,1.9,1,0,0,0,0.15,0.05,652.1817017,362.4847794,3384.099731,0,-0.3826834559,0,0.9238795042;
custom,cylinder,metal4,1.9,0.3,1.9,1,0,0,0,0.15,0.05,531.8938828,362.4847794,3282.911682,0,-0.3826834559,0,0.9238795042;
custom,cylinder,metal4,1.9,0.3,1.9,1,0,0,0,0.15,0.05,464.4351959,362.4847794,3097.603455,0,-0.3826834559,0,0.9238795042;
custom,cylinder,metal4,1.9,0.3,1.9,1,0,0,0,0.15,0.05,493.6943817,362.4847794,3055.74646,0,-0.3826834559,0,0.9238795042;
custom,cylinder,metal4,1.9,0.3,1.9,1,0,0,0,0.15,0.05,647.1019745,362.4847794,3152.599792,0,-0.3826834559,0,0.9238795042;
custom,cylinder,metal4,1.9,0.3,1.9,1,0,0,0,0.15,0.05,781.6130066,362.4847794,3309.867859,0,-0.3826834559,0,0.9238795042;
custom,cylinder,metal4,1.9,0.3,1.9,1,0,0,0,0.15,0.05,834.8484802,362.4847794,3504.116516,0,-0.3826834559,0,0.9238795042;
custom,cylinder,metal4,1.9,0.3,1.9,1,0,0,0,0.15,0.05,834.3608093,362.4847794,3767.160645,0,-0.3826834559,0,0.9238795042;
custom,cylinder,metal4,1.9,0.3,1.9,1,0,0,0,0.15,0.05,558.8367081,362.4847794,3917.845459,0,-0.3826834559,0,0.9238795042;
custom,cylinder,metal4,1.9,0.3,1.9,1,0,0,0,0.15,0.05,275.9977913,362.4847794,3760.333557,0,-0.3826834559,0,0.9238795042;
custom,cylinder,metal4,1.9,0.3,1.9,1,0,0,0,0.15,0.05,141.8931389,362.4847794,3718.395386,0,-0.3826834559,0,0.9238795042;
custom,cylinder,metal4,1.9,0.3,1.9,1,0,0,0,0.15,0.05,74.72182751,362.4847794,3687.185669,0,-0.3826834559,0,0.9238795042;
custom,cylinder,metal4,1.9,0.3,1.9,1,0,0,0,0.15,0.05,74.72182751,362.4847794,3883.762512,0,-0.3826834559,0,0.9238795042;
custom,cylinder,metal4,1.9,0.3,1.9,1,0,0,0,0.15,0.05,-74.72177029,362.4847794,3883.762512,0,-0.3826834559,0,0.9238795042;

custom,cylinder,metal4,2,0.25,2,1,1,1,1,0.15,0.05,51.99999809,337.4847794,3094.407349,0,-0.3826834559,0,0.9238795042;
custom,cylinder,metal4,2,0.25,2,1,1,1,1,0.15,0.05,-51.99999809,337.4847794,3094.407349,0,-0.3826834559,0,0.9238795042;
custom,cylinder,metal4,2,0.25,2,1,1,1,1,0.15,0.05,51.99999809,337.4847794,3401.2677,0,-0.3826834559,0,0.9238795042;
custom,cylinder,metal4,2,0.25,2,1,1,1,1,0.15,0.05,225.0590134,337.4847794,3488.389893,0,-0.3826834559,0,0.9238795042;
custom,cylinder,metal4,2,0.25,2,1,1,1,1,0.15,0.05,284.5527267,337.4847794,3453.766479,0,-0.3826834559,0,0.9238795042;
custom,cylinder,metal4,2,0.25,2,1,1,1,1,0.15,0.05,185.5591202,337.4847794,3337.705078,0,-0.3826834559,0,0.9238795042;
custom,cylinder,metal4,2,0.25,2,1,1,1,1,0.15,0.05,177.4315643,337.4847794,3147.046204,0,-0.3826834559,0,0.9238795042;
custom,cylinder,metal4,2,0.25,2,1,1,1,1,0.15,0.05,227.2128296,337.4847794,3160.253296,0,-0.3826834559,0,0.9238795042;
custom,cylinder,metal4,2,0.25,2,1,1,1,1,0.15,0.05,354.544487,337.4847794,3180.572205,0,-0.3826834559,0,0.9238795042;
custom,cylinder,metal4,2,0.25,2,1,1,1,1,0.15,0.05,418.2103348,337.4847794,3365.473938,0,-0.3826834559,0,0.9238795042;
custom,cylinder,metal4,2,0.25,2,1,1,1,1,0.15,0.05,418.2103348,337.4847794,3534.797974,0,-0.3826834559,0,0.9238795042;
custom,cylinder,metal4,2,0.25,2,1,1,1,1,0.15,0.05,405.3417206,337.4847794,3693.962708,0,-0.3826834559,0,0.9238795042;
custom,cylinder,metal4,2,0.25,2,1,1,1,1,0.15,0.05,528.2365417,337.4847794,3764.73999,0,-0.3826834559,0,0.9238795042;
custom,cylinder,metal4,2,0.25,2,1,1,1,1,0.15,0.05,590.2091217,337.4847794,3732.229919,0,-0.3826834559,0,0.9238795042;
custom,cylinder,metal4,2,0.25,2,1,1,1,1,0.15,0.05,718.5567474,337.4847794,3727.488708,0,-0.3826834559,0,0.9238795042;
custom,cylinder,metal4,2,0.25,2,1,1,1,1,0.15,0.05,718.5567474,337.4847794,3572.388,0,-0.3826834559,0,0.9238795042;
custom,cylinder,metal4,2,0.25,2,1,1,1,1,0.15,0.05,652.1817017,337.4847794,3384.099731,0,-0.3826834559,0,0.9238795042;
custom,cylinder,metal4,2,0.25,2,1,1,1,1,0.15,0.05,531.8938828,337.4847794,3282.911682,0,-0.3826834559,0,0.9238795042;
custom,cylinder,metal4,2,0.25,2,1,1,1,1,0.15,0.05,464.4351959,337.4847794,3097.603455,0,-0.3826834559,0,0.9238795042;
custom,cylinder,metal4,2,0.25,2,1,1,1,1,0.15,0.05,493.6943817,337.4847794,3055.74646,0,-0.3826834559,0,0.9238795042;
custom,cylinder,metal4,2,0.25,2,1,1,1,1,0.15,0.05,647.1019745,337.4847794,3152.599792,0,-0.3826834559,0,0.9238795042;
custom,cylinder,metal4,2,0.25,2,1,1,1,1,0.15,0.05,781.6130066,337.4847794,3309.867859,0,-0.3826834559,0,0.9238795042;
custom,cylinder,metal4,2,0.25,2,1,1,1,1,0.15,0.05,834.8484802,337.4847794,3504.116516,0,-0.3826834559,0,0.9238795042;
custom,cylinder,metal4,2,0.25,2,1,1,1,1,0.15,0.05,834.3608093,337.4847794,3767.160645,0,-0.3826834559,0,0.9238795042;
custom,cylinder,metal4,2,0.25,2,1,1,1,1,0.15,0.05,558.8367081,337.4847794,3917.845459,0,-0.3826834559,0,0.9238795042;
custom,cylinder,metal4,2,0.25,2,1,1,1,1,0.15,0.05,275.9977913,337.4847794,3760.333557,0,-0.3826834559,0,0.9238795042;
custom,cylinder,metal4,2,0.25,2,1,1,1,1,0.15,0.05,141.8931389,337.4847794,3718.395386,0,-0.3826834559,0,0.9238795042;
custom,cylinder,metal4,2,0.25,2,1,1,1,1,0.15,0.05,74.72182751,337.4847794,3687.185669,0,-0.3826834559,0,0.9238795042;
custom,cylinder,metal4,2,0.25,2,1,1,1,1,0.15,0.05,74.72182751,337.4847794,3883.762512,0,-0.3826834559,0,0.9238795042;
custom,cylinder,metal4,2,0.25,2,1,1,1,1,0.15,0.05,-74.72177029,337.4847794,3883.762512,0,-0.3826834559,0,0.9238795042;
custom,cylinder,metal4,1.9,0.3,1.9,1,0,0,0,0.15,0.05,51.99999809,337.4847794,3094.407349,0,-0.3826834559,0,0.9238795042;
custom,cylinder,metal4,1.9,0.3,1.9,1,0,0,0,0.15,0.05,-51.99999809,337.4847794,3094.407349,0,-0.3826834559,0,0.9238795042;
custom,cylinder,metal4,1.9,0.3,1.9,1,0,0,0,0.15,0.05,51.99999809,337.4847794,3401.2677,0,-0.3826834559,0,0.9238795042;
custom,cylinder,metal4,1.9,0.3,1.9,1,0,0,0,0.15,0.05,225.0590134,337.4847794,3488.389893,0,-0.3826834559,0,0.9238795042;
custom,cylinder,metal4,1.9,0.3,1.9,1,0,0,0,0.15,0.05,284.5527267,337.4847794,3453.766479,0,-0.3826834559,0,0.9238795042;
custom,cylinder,metal4,1.9,0.3,1.9,1,0,0,0,0.15,0.05,185.5591202,337.4847794,3337.705078,0,-0.3826834559,0,0.9238795042;
custom,cylinder,metal4,1.9,0.3,1.9,1,0,0,0,0.15,0.05,177.4315643,337.4847794,3147.046204,0,-0.3826834559,0,0.9238795042;
custom,cylinder,metal4,1.9,0.3,1.9,1,0,0,0,0.15,0.05,227.2128296,337.4847794,3160.253296,0,-0.3826834559,0,0.9238795042;
custom,cylinder,metal4,1.9,0.3,1.9,1,0,0,0,0.15,0.05,354.544487,337.4847794,3180.572205,0,-0.3826834559,0,0.9238795042;
custom,cylinder,metal4,1.9,0.3,1.9,1,0,0,0,0.15,0.05,418.2103348,337.4847794,3365.473938,0,-0.3826834559,0,0.9238795042;
custom,cylinder,metal4,1.9,0.3,1.9,1,0,0,0,0.15,0.05,418.2103348,337.4847794,3534.797974,0,-0.3826834559,0,0.9238795042;
custom,cylinder,metal4,1.9,0.3,1.9,1,0,0,0,0.15,0.05,405.3417206,337.4847794,3693.962708,0,-0.3826834559,0,0.9238795042;
custom,cylinder,metal4,1.9,0.3,1.9,1,0,0,0,0.15,0.05,528.2365417,337.4847794,3764.73999,0,-0.3826834559,0,0.9238795042;
custom,cylinder,metal4,1.9,0.3,1.9,1,0,0,0,0.15,0.05,590.2091217,337.4847794,3732.229919,0,-0.3826834559,0,0.9238795042;
custom,cylinder,metal4,1.9,0.3,1.9,1,0,0,0,0.15,0.05,718.5567474,337.4847794,3727.488708,0,-0.3826834559,0,0.9238795042;
custom,cylinder,metal4,1.9,0.3,1.9,1,0,0,0,0.15,0.05,718.5567474,337.4847794,3572.388,0,-0.3826834559,0,0.9238795042;
custom,cylinder,metal4,1.9,0.3,1.9,1,0,0,0,0.15,0.05,652.1817017,337.4847794,3384.099731,0,-0.3826834559,0,0.9238795042;
custom,cylinder,metal4,1.9,0.3,1.9,1,0,0,0,0.15,0.05,531.8938828,337.4847794,3282.911682,0,-0.3826834559,0,0.9238795042;
custom,cylinder,metal4,1.9,0.3,1.9,1,0,0,0,0.15,0.05,464.4351959,337.4847794,3097.603455,0,-0.3826834559,0,0.9238795042;
custom,cylinder,metal4,1.9,0.3,1.9,1,0,0,0,0.15,0.05,493.6943817,337.4847794,3055.74646,0,-0.3826834559,0,0.9238795042;
custom,cylinder,metal4,1.9,0.3,1.9,1,0,0,0,0.15,0.05,647.1019745,337.4847794,3152.599792,0,-0.3826834559,0,0.9238795042;
custom,cylinder,metal4,1.9,0.3,1.9,1,0,0,0,0.15,0.05,781.6130066,337.4847794,3309.867859,0,-0.3826834559,0,0.9238795042;
custom,cylinder,metal4,1.9,0.3,1.9,1,0,0,0,0.15,0.05,834.8484802,337.4847794,3504.116516,0,-0.3826834559,0,0.9238795042;
custom,cylinder,metal4,1.9,0.3,1.9,1,0,0,0,0.15,0.05,834.3608093,337.4847794,3767.160645,0,-0.3826834559,0,0.9238795042;
custom,cylinder,metal4,1.9,0.3,1.9,1,0,0,0,0.15,0.05,558.8367081,337.4847794,3917.845459,0,-0.3826834559,0,0.9238795042;
custom,cylinder,metal4,1.9,0.3,1.9,1,0,0,0,0.15,0.05,275.9977913,337.4847794,3760.333557,0,-0.3826834559,0,0.9238795042;
custom,cylinder,metal4,1.9,0.3,1.9,1,0,0,0,0.15,0.05,141.8931389,337.4847794,3718.395386,0,-0.3826834559,0,0.9238795042;
custom,cylinder,metal4,1.9,0.3,1.9,1,0,0,0,0.15,0.05,74.72182751,337.4847794,3687.185669,0,-0.3826834559,0,0.9238795042;
custom,cylinder,metal4,1.9,0.3,1.9,1,0,0,0,0.15,0.05,74.72182751,337.4847794,3883.762512,0,-0.3826834559,0,0.9238795042;
custom,cylinder,metal4,1.9,0.3,1.9,1,0,0,0,0.15,0.05,-74.72177029,337.4847794,3883.762512,0,-0.3826834559,0,0.9238795042;






map,disablebounds;


custom,cuboid,metal4,7,1,7,1,1,1,1,0.2,0.2,-946.7594147,319.9998474,4057.914429,0,0,0,1;
custom,cuboid,metal4,7,1,7,1,1,1,1,0.2,0.2,-946.7594147,379.9998474,4057.914429,0,0,0,1;
custom,cuboid,medievalartilleryassets_texture-psd,1,7,7,1,1,1,1,1,1,-976.7594147,349.9998856,4057.914429,0,1,0,0;
custom,cuboid,medievalartilleryassets_texture-psd,1,7,7,1,1,1,1,1,1,-916.7594147,349.9998474,4057.914429,0,1,0,0;















custom,cylinder,ice1,4,20,4,1,1,1,1,0.4,4,-386.5575409,400.0690842,4007.993774,0,-0.7071067691,0,0.7071067691;
custom,cylinder,ice1,4,20,4,1,1,1,1,0.4,4,-560.2019501,400.0690842,4177.835083,0,0.7071067095,0,0.7071068287;
custom,cylinder,cannonregionmat,4.1,20.1,4.1,1,1,1,1,0.4,4,-386.5575409,400.0690842,4007.993774,0,-0.7071067691,0,0.7071067691;
custom,cylinder,cannonregionmat,4.1,20.1,4.1,1,1,1,1,0.4,4,-560.2019501,400.0690842,4177.835083,0,0.7071067095,0,0.7071068287;


racing,killtube,6.25,6.444150607,6.250002384,-474.8126133,449.279374,4074.741795,-0.2681830823,-0.6542766094,0.6542765498,0.2681829035;
racing,killtube,6.250000596,2.942996224,6.249999404,-472.9985959,449.2667472,4049.596721,-0.3720178902,-0.648075521,0.6233045459,0.2304176539;
racing,killtube,6.25,2.781910698,6.249999404,-469.0741123,447.2055573,4036.570383,-0.3373410702,-0.6404637098,0.6860599518,0.07299994677;
racing,killtube,6.249999404,2.635498842,6.249999404,-464.068074,444.8556369,4024.76412,-0.5676704645,-0.5673862696,0.5686094165,0.1802952439;
racing,killtube,6.25,2.505820791,6.250001192,-458.0402522,440.5981173,4014.780389,-0.6657454967,-0.5131875277,0.5142365694,0.1702418178;
racing,killtube,6.25,2.394882043,6.249999404,-451.9503834,434.5149179,4006.694154,-0.6317489743,-0.4785902798,0.6070312262,0.05794541538;
racing,killtube,6.250000596,2.317493161,6.249998808,-444.8896882,426.9501666,4001.811411,0.06703990698,-0.2889238298,0.9038991332,-0.3082125485;
racing,killtube,6.249999404,2.254397074,6.249999404,-440.6699933,419.5526686,3995.096582,-0.3974723816,-0.3484874666,0.8412781954,-0.1132395864;
racing,killtube,6.249999404,2.207256158,6.249999404,-436.1626896,411.4359548,3990.187532,-0.366958946,-0.3056067526,0.8731906414,-0.09738469869;
racing,killtube,6.25,2.186345855,6.25,-429.8678851,403.7897399,3985.693569,0.6821208,-0.05320702866,0.6694014668,-0.2894510925;
racing,killtube,6.250000596,2.187390129,6.25,-427.9586932,394.2854208,3981.17963,0.3034388125,-0.2100338936,0.9062562585,-0.2061800957;
racing,killtube,6.25,2.209965984,6.25,-425.5947524,385.6517378,3975.351047,0.3110010326,-0.250329107,0.894642055,-0.2005725205;
racing,killtube,6.249998808,2.249770164,6.249998808,-425.3131674,377.8385295,3967.587234,-0.411452353,-0.3613435328,0.8345359564,0.06072526425;
racing,killtube,6.249999404,2.316460411,6.249999404,-422.9589641,370.4118006,3959.734885,-0.4409107566,-0.4136628509,0.7919101715,0.08578467369;
racing,killtube,6.250000596,2.394037048,6.250000596,-419.8845756,363.9314915,3950.828027,-0.4850525856,-0.4699944854,0.7296065092,0.1072544008;
racing,killtube,6.249999404,2.503946622,6.250000596,-415.5825143,358.4162966,3941.115516,0.4968573749,0.5321400762,-0.678863883,-0.0954125151;
racing,killtube,6.249999404,2.633843025,6.25,-409.6676291,354.1676318,3930.865116,-0.5114877224,-0.59107548,0.6196343899,0.07115671039;
racing,killtube,6.250000596,2.777504325,6.249999404,-401.8194717,351.1985063,3920.604623,-0.5025974512,-0.6445403695,0.576095283,0.008820262738;
racing,killtube,6.249999404,2.942818999,6.249999404,-391.8601772,349.716997,3910.824194,-0.4984231591,-0.6847947836,0.527708292,-0.06445484608;
racing,killtube,6.249999404,3.109006286,6.249998808,-379.9095341,350.0846928,3902.080721,-0.5475093722,-0.7219513059,0.4180593789,-0.06516288966;
racing,killtube,6.249999404,3.284024398,6.25,-366.026845,351.9117274,3895.120632,-0.572494626,-0.7513902187,0.3172267675,-0.08384444565;
racing,killtube,6.25,3.448580503,6.249998808,-350.6151432,355.1746695,3890.49563,-0.5829616189,-0.7739118934,0.2210335284,-0.1111769974;
racing,killtube,6.249998808,3.603085279,6.249998808,-334.2640881,360.1119012,3888.710898,-0.5930104852,-0.8010100126,0.06210843101,-0.05351645127;
racing,killtube,6.250001192,3.741359313,6.250002384,-317.6602848,366.3973643,3890.279297,-0.5565738082,-0.8160318136,-0.137068212,0.07436366379;
racing,killtube,6.25,3.863684734,6.250000596,-301.7927657,372.7174859,3897.051173,-0.1499487609,-0.4820910692,-0.5339052677,0.6782689095;
racing,killtube,6.250001192,3.957556883,6.250000596,-286.6711814,380.1700245,3904.573738,-0.0680225119,-0.5211771131,-0.5361542702,0.6605194211;
racing,killtube,6.250000596,4.02810216,6.25,-273.2360297,388.2709879,3915.008675,0.007876611315,-0.5637264848,-0.5309262872,0.6326670647;
racing,killtube,6.249999404,4.058336417,6.249999404,-262.1285193,396.6644845,3927.991217,0.09522940964,-0.5879710913,-0.5175289512,0.6143168211;
racing,killtube,6.25,4.060728947,6.25,-252.5272365,403.8560184,3943.095683,0.4454089403,-0.1184430122,-0.2802437544,0.8420484066;
racing,killtube,6.249999404,4.027730227,6.249999404,-247.4845929,412.3671524,3959.562991,0.4788981378,-0.1911784112,-0.2293387949,0.8255368471;
racing,killtube,6.25,3.9594841,6.250001192,-245.7596777,420.4410849,3976.620726,0.5154960752,-0.2380303591,-0.1623026282,0.8070088029;
racing,killtube,6.249999404,3.865476847,6.250000596,-247.4337122,427.8623731,3993.565384,0.5464857221,-0.2856221199,-0.09429254383,0.7815895677;
racing,killtube,6.249998808,3.750598828,6.250000596,-252.9672297,434.5863825,4009.357706,0.5482702851,-0.5081204176,-0.1671844721,0.6428551078;
racing,killtube,6.249999404,3.603746494,6.25,-260.4603388,439.9291579,4024.001632,0.5924781561,-0.5008997917,-0.067008093,0.6273587346;
racing,killtube,6.249999404,3.449555238,6.250000596,-270.3222151,444.0808279,4036.720925,0.6228516698,-0.5032820106,0.02740141377,0.598341167;
racing,killtube,6.249998808,3.283732732,6.25,-281.8979564,446.8775041,4047.186368,0.6420134306,-0.5000552535,0.1273275465,0.5670548677;
racing,killtube,6.250000596,3.110041022,6.25,-294.5535861,448.2367114,4055.211011,0.650801003,-0.4949554205,0.2258846164,0.5295784473;
racing,killtube,6.249999404,2.942320506,6.250000596,-307.4894023,448.3058057,4061.352047,0.5753961802,-0.3815803528,0.442520529,0.572268486;
racing,killtube,6.249999404,2.781593005,6.25,-320.5591082,446.6990072,4064.642721,0.5652459264,-0.3912185729,0.514700532,0.5123752952;
racing,killtube,6.249999404,2.636128068,6.250002384,-332.9452735,443.634494,4065.968237,0.5595768094,-0.3942220807,0.5765920877,0.4460989833;
racing,killtube,6.249998808,2.506087025,6.249998808,-344.256964,439.2177244,4065.766432,0.5608778596,-0.3873984218,0.6270184517,0.3770760596;
racing,killtube,6.250000596,2.397164106,6.250000596,-354.2836617,433.5940212,4064.541833,0.5704030991,-0.3684881926,0.6650314927,0.3107890189;
racing,killtube,6.249999404,2.314513922,6.249999404,-362.9927603,426.9368123,4062.810313,0.5870119333,-0.3372397423,0.6906135678,0.2544390559;
racing,killtube,6.25,2.249375582,6.249999404,-370.4104447,419.4238081,4060.892983,0.6493132114,-0.3091641068,0.6664429903,0.1966307461;
racing,killtube,6.250000596,2.209757765,6.25,-376.9201281,411.3069684,4059.334066,0.7093732357,-0.2748279572,0.6276283264,0.1653536707;
racing,killtube,6.249999404,2.192593416,6.250001192,-382.9266738,402.801827,4058.562001,0.7336472273,-0.2386211008,0.612501502,0.1722315252;
racing,killtube,6.249999404,6.444149812,6.250001192,-298.3024477,350.8587866,4074.741796,0.6542758346,-0.2681846321,0.2681848407,-0.6542759538;
racing,killtube,6.250000596,2.942995826,6.25,-300.1164667,350.8714209,4049.596721,0.6480754614,-0.3720178902,0.230417788,-0.6233045459;
racing,killtube,6.25,2.781910896,6.25,-304.0409503,352.932611,4036.570383,0.6404637098,-0.3373410404,0.07300005853,-0.6860599518;
racing,killtube,6.25,2.635498246,6.249999404,-309.0469888,355.2825315,4024.76412,-0.5673862696,0.5676704645,-0.1802952439,0.5686094761;
racing,killtube,6.249999404,2.505820394,6.25,-315.0748108,359.5400509,4014.780389,-0.5131874681,0.6657454967,-0.1702418476,0.5142365694;
racing,killtube,6.25,2.394882441,6.249999404,-321.1646983,365.6232504,4006.694154,-0.4785902798,0.6317489743,-0.05794542283,0.6070312262;
racing,killtube,6.249998808,2.317492167,6.249999404,-328.225394,373.1879636,4001.811411,-0.2889238596,-0.06703996658,0.3082124889,0.9038991928;
racing,killtube,6.25,2.254397074,6.249999404,-332.4450885,380.5854997,3995.096582,0.3484874666,-0.3974722922,-0.1132395566,-0.841278255;
racing,killtube,6.249999404,2.207256357,6.25,-336.9523921,388.7022136,3990.187532,0.3056067526,-0.3669588566,-0.09738463908,-0.8731906414;
racing,killtube,6.249999404,2.186345855,6.25,-343.247197,396.3484287,3985.693568,-0.05320716277,-0.6821208596,0.2894509733,0.6694014072;
racing,killtube,6.249997616,2.187388937,6.249998808,-345.1563507,405.8527475,3981.179629,-0.2100339085,-0.3034388721,0.2061800659,0.9062562585;
racing,killtube,6.25,2.209966183,6.249999404,-347.5202911,414.4864304,3975.351047,-0.2503290772,-0.3110010028,0.2005724609,0.894642055;
racing,killtube,6.25,2.249770164,6.249999404,-347.8018761,422.2996388,3967.587234,0.3613435328,-0.4114522934,0.06072532386,-0.8345359564;
racing,killtube,6.249999404,2.316460013,6.249998808,-350.1560796,429.7263675,3959.734885,-0.4136627913,0.4409108162,-0.08578468859,0.7919101715;
racing,killtube,6.25,2.394037048,6.25,-353.2304681,436.2066767,3950.828027,0.4699944854,-0.4850525558,0.1072544828,-0.7296065092;
racing,killtube,6.249999404,2.503946225,6.25,-357.5325295,441.7218718,3941.115516,-0.5321400166,0.4968573749,-0.09541244805,0.6788639426;
racing,killtube,6.25,2.633843223,6.249999404,-363.4474145,445.9705363,3930.865116,0.59107548,-0.5114877224,0.07115677744,-0.6196343899;
racing,killtube,6.249999404,2.777503928,6.249998808,-371.2955338,448.9396616,3920.604623,0.6445403099,-0.5025974512,0.008820428513,-0.576095283;
racing,killtube,6.249999404,2.942819198,6.249999404,-381.2548281,450.4212095,3910.824194,0.6847947836,-0.4984230995,-0.06445476413,-0.5277083516;
racing,killtube,6.25,3.109005888,6.249999404,-393.205471,450.0534753,3902.080721,0.7219512463,-0.5475093722,-0.065162763,-0.4180594385;
racing,killtube,6.249999404,3.284024795,6.250001192,-407.08816,448.2264411,3895.120632,0.7513901591,-0.5724945664,-0.08384433389,-0.3172268569;
racing,killtube,6.250000596,3.448580503,6.25,-422.4998625,444.9634989,3890.49563,0.7739118338,-0.5829616785,-0.1111770719,-0.2210334837;
racing,killtube,6.249999404,3.603085677,6.249999404,-438.8509555,440.0262671,3888.710898,0.8010100126,-0.5930105448,-0.05351645499,-0.06210843101;
racing,killtube,6.249998808,3.741358121,6.25,-455.4547208,433.7408042,3890.279298,0.816031754,-0.5565739274,0.0743637681,0.1370681226;
racing,killtube,6.249999404,3.863684336,6.249999404,-471.3223165,427.4206825,3897.051173,0.4820910096,-0.1499488354,0.6782689691,0.5339052677;
racing,killtube,6.250000596,3.957556883,6.25,-486.4438624,419.9681818,3904.573737,0.5211771131,-0.06802254915,0.6605194211,0.5361543298;
racing,killtube,6.249999404,4.028100967,6.25,-499.8790141,411.8671801,3915.008675,0.5637264848,0.007876572199,0.6326670647,0.5309263468;
racing,killtube,6.249999404,4.058336814,6.249998808,-510.9865435,403.4737219,3927.991218,0.5879710317,0.09522933513,0.6143168211,0.5175290108;
racing,killtube,6.249999404,4.060728947,6.249999404,-520.5878069,396.2821497,3943.095683,0.1184430122,0.4454089105,0.8420484066,0.2802438438;
racing,killtube,6.250000596,4.027730624,6.25,-525.6304886,387.7710161,3959.562991,0.1911784112,0.478898108,0.8255368471,0.2293389142;
racing,killtube,6.249999404,3.959483703,6.250000596,-527.3554039,379.6971214,3976.620726,0.2380303144,0.5154960155,0.8070088029,0.1623027176;
racing,killtube,6.249998808,3.865476052,6.249999404,-525.6813503,372.2757949,3993.565385,0.2856221199,0.5464856625,0.7815896273,0.09429262578;
racing,killtube,6.249999404,3.750598828,6.249999404,-520.1478329,365.5517856,4009.357706,0.5081204176,0.5482702255,0.6428551674,0.1671845764;
racing,killtube,6.249999404,3.603747288,6.25,-512.6547238,360.2090104,4024.001631,0.5008997917,0.5924781561,0.627358675,0.06700817496;
racing,killtube,6.25,3.449554443,6.249999404,-502.7928475,356.0573402,4036.720925,0.5032820702,0.6228516698,0.598341167,-0.02740138583;
racing,killtube,6.25,3.283733527,6.250000596,-491.2171063,353.2607026,4047.186368,0.5000552535,0.642013371,0.5670548677,-0.1273275018;
racing,killtube,6.25,3.110040228,6.249999404,-478.5614763,351.9014569,4055.211011,-0.4949554503,-0.6508009434,-0.5295785069,0.2258845866;
racing,killtube,6.249998808,2.942319711,6.249998808,-465.6256602,351.8323623,4061.352046,-0.3815803528,-0.5753961802,-0.5722685456,0.4425204694;
racing,killtube,6.249998808,2.781592011,6.249999404,-452.5559733,353.4391993,4064.642721,-0.3912185729,-0.5652459264,-0.5123753548,0.5147004724;
racing,killtube,6.25,2.636128068,6.250001192,-440.1698081,356.5036742,4065.968237,-0.3942221105,-0.5595768094,-0.4460990429,0.5765920281;
racing,killtube,6.25,2.506087025,6.249999404,-428.8581178,360.9204441,4065.766432,-0.3873984218,-0.5608778596,-0.3770761192,0.6270183921;
racing,killtube,6.25,2.39716351,6.250000596,-418.8314199,366.5441473,4064.541832,-0.3684882224,-0.5704030991,-0.3107890785,0.6650314927;
racing,killtube,6.25,2.314513723,6.249999404,-410.1223215,373.2013562,4062.810312,-0.3372397721,-0.5870119929,-0.2544391155,0.6906135082;
racing,killtube,6.249999404,2.249375184,6.249999404,-402.704637,380.7143603,4060.892983,-0.3091641366,-0.6493132114,-0.1966307759,0.6664429903;
racing,killtube,6.25,2.209757169,6.25,-396.1949537,388.8312,4059.334066,-0.2748279572,-0.7093732953,-0.1653537005,0.6276283264;
racing,killtube,6.249999404,2.192593018,6.249999404,-390.1884077,397.3363413,4058.562001,-0.2386211008,-0.7336472273,-0.172231555,0.6125014424;
racing,killtube,6.249998808,6.444149812,6.250001192,-471.9468782,449.279374,4111.087062,0.6542766094,0.2681829631,0.2681830227,0.6542766094;
racing,killtube,6.25,2.942996422,6.249999404,-473.7608951,449.2667472,4136.232136,0.6233045459,0.2304176837,0.3720178604,0.6480754614;
racing,killtube,6.25,2.781910698,6.249999404,-477.6853787,447.2055572,4149.258474,0.6860599518,0.07299996167,0.3373410106,0.6404637098;
racing,killtube,6.25,2.635498842,6.249999404,-482.691417,444.855637,4161.064737,-0.5686094165,-0.1802951992,-0.5676705241,-0.5673862696;
racing,killtube,6.25,2.505820791,6.250001192,-488.7192389,440.5981174,4171.048469,-0.5142365098,-0.1702417731,-0.6657455564,-0.5131875277;
racing,killtube,6.25,2.394882043,6.249999404,-494.8091075,434.5149179,4179.134703,-0.6070312262,-0.05794542283,-0.6317489743,-0.4785902798;
racing,killtube,6.249998808,2.317492167,6.249998808,-501.8698032,426.9501665,4184.017447,0.9038991332,-0.3082125485,-0.06703994423,0.2889238596;
racing,killtube,6.249999404,2.254396876,6.249999404,-506.0894977,419.5526686,4190.732275,0.8412781954,-0.1132395789,0.3974723518,0.3484874666;
racing,killtube,6.249999404,2.207256158,6.249999404,-510.5968013,411.4359548,4195.641326,0.8731906414,-0.09738469869,0.366958946,0.3056067228;
racing,killtube,6.25,2.186345855,6.249999404,-516.8919105,403.7897402,4200.135288,-0.6694015265,0.2894511819,0.6821206808,-0.05320690945;
racing,killtube,6.249998212,2.187389135,6.249999404,-518.8007976,394.2854208,4204.649228,0.9062563181,-0.2061801255,-0.3034387231,0.2100338638;
racing,killtube,6.25,2.20996658,6.250002384,-521.1650439,385.6517377,4210.478115,0.894642055,-0.2005725503,-0.3110009432,0.2503290772;
racing,killtube,6.249998808,2.249771158,6.250000596,-521.4463233,377.8385294,4218.241928,0.8345359564,0.06072527915,0.4114523232,0.3613435328;
racing,killtube,6.25,2.316460411,6.249999404,-523.8005268,370.4118005,4226.093973,-0.7919101119,-0.08578460664,-0.4409108758,-0.4136628807;
racing,killtube,6.250000596,2.394036849,6.250000596,-526.8749153,363.9314914,4235.000831,0.7296065092,0.1072544008,0.4850525558,0.4699944854;
racing,killtube,6.249999404,2.503946622,6.250000596,-531.1769767,358.4162968,4244.713648,0.6788637042,0.0954124853,0.4968575835,0.5321401358;
racing,killtube,6.25,2.633843223,6.250000596,-537.0918618,354.1676317,4254.964047,0.6196343303,0.07115664333,0.511487782,0.5910755396;
racing,killtube,6.25,2.777504325,6.249998808,-544.9402864,351.1985064,4265.224234,0.576095283,0.008820272051,0.5025974512,0.6445403695;
racing,killtube,6.249999404,2.942818999,6.249999404,-554.8992756,349.7169969,4275.004664,0.527708292,-0.06445486099,0.4984231293,0.6847947836;
racing,killtube,6.249999404,3.109006286,6.249998808,-566.8499187,350.0846929,4283.748441,0.4180593789,-0.06516288221,0.5475093722,0.7219513059;
racing,killtube,6.249998808,3.284024199,6.249999404,-580.7326459,351.9117274,4290.708225,0.3172267973,-0.08384440839,0.5724945664,0.7513902187;
racing,killtube,6.249999404,3.448580503,6.249998808,-596.1443098,355.1746695,4295.333227,0.2210335135,-0.1111770421,0.5829616785,0.7739118338;
racing,killtube,6.25,3.603086074,6.249999404,-612.4954028,360.1119012,4297.117959,0.06210841984,-0.05351646245,0.5930104852,0.8010100126;
racing,killtube,6.250000596,3.741359313,6.249999404,-629.0992062,366.397364,4295.54956,-0.1370681971,0.07436367124,0.5565738082,0.8160318136;
racing,killtube,6.249999404,3.863684336,6.25,-644.9671068,372.7174858,4288.777684,-0.5339052677,0.6782689095,0.1499487162,0.4820911288;
racing,killtube,6.250000596,3.957556486,6.25,-660.0883478,380.1700246,4281.25512,-0.5361543298,0.6605193615,0.06802247465,0.5211771727;
racing,killtube,6.249999404,4.028101762,6.25,-673.523652,388.270988,4270.820183,-0.5309262872,0.6326670647,-0.007876639254,0.5637265444;
racing,killtube,6.249999404,4.058336417,6.249998808,-684.631029,396.6644844,4257.83764,-0.5175288916,0.6143167615,-0.09522943944,0.5879711509;
racing,killtube,6.25,4.060728947,6.249999404,-694.2321402,403.8560185,4242.733175,0.2802437246,-0.8420484662,0.4454089403,-0.118443042;
racing,killtube,6.25,4.027730227,6.25,-699.2748218,412.3671522,4226.265866,0.2293387353,-0.8255368471,0.4788981676,-0.1911785007;
racing,killtube,6.25,3.9594841,6.250002384,-700.9997368,420.4410847,4209.208131,0.1623025686,-0.8070088029,0.5154960752,-0.2380304784;
racing,killtube,6.249998212,3.865475655,6.249999404,-699.326141,427.8623735,4192.263473,0.09429250658,-0.7815895081,0.5464857221,-0.2856222391;
racing,killtube,6.249999404,3.750598828,6.250000596,-693.7922424,434.5863824,4176.471151,0.1671843976,-0.6428551078,0.5482702851,-0.5081204772;
racing,killtube,6.249999404,3.603746494,6.25,-686.2991332,439.9291579,4161.827226,0.06700803339,-0.627358675,0.5924781561,-0.5008998513;
racing,killtube,6.249999404,3.449554841,6.249999404,-676.437257,444.0808281,4149.107932,-0.02740151435,-0.5983411074,0.6228516698,-0.5032821298;
racing,killtube,6.250000596,3.283733527,6.250000596,-664.8615159,446.8775039,4138.642489,-0.1273276359,-0.5670548081,0.6420134306,-0.5000552535;
racing,killtube,6.25,3.110040625,6.249998808,-652.2058858,448.2367116,4130.617846,-0.2258847505,-0.5295783877,0.6508009434,-0.4949555397;
racing,killtube,6.249999404,2.942319711,6.249999404,-639.2700693,448.3058059,4124.476811,-0.4425205886,-0.572268486,0.5753961205,-0.3815804124;
racing,killtube,6.25,2.781593204,6.25,-626.2003825,446.6990072,4121.186136,-0.5147007108,-0.512375176,0.5652458072,-0.3912187219;
racing,killtube,6.250000596,2.636128863,6.250003576,-613.8142171,443.6344937,4119.86062,-0.576592207,-0.4460988939,0.5595766306,-0.3942222297;
racing,killtube,6.25,2.50608782,6.25,-602.5028322,439.2177242,4120.062426,0.6270184517,0.3770760596,-0.5608778,0.3873984516;
racing,killtube,6.25,2.39716351,6.25,-592.4758291,433.5940213,4121.287025,0.6650315523,0.3107890189,-0.5704030991,0.3684881926;
racing,killtube,6.25,2.314514518,6.25,-583.7667308,426.9368124,4123.018545,0.6906136274,0.2544390261,-0.5870119333,0.3372397423;
racing,killtube,6.249998808,2.249374787,6.249998212,-576.3490459,419.4238082,4124.935874,0.6664430499,0.1966307163,-0.6493131518,0.3091641366;
racing,killtube,6.25,2.209757368,6.249999404,-569.8393626,411.3069684,4126.494791,-0.6276284456,-0.165353626,0.7093731761,-0.274827987;
racing,killtube,6.249999404,2.192593018,6.250000596,-563.832817,402.8018269,4127.266856,-0.612501502,-0.1722315252,0.7336471677,-0.2386211008;
racing,killtube,6.250000596,6.444150607,6.250002384,-648.4570247,350.8587867,4111.087062,0.2681847811,-0.6542758942,-0.6542758346,0.2681846917;
racing,killtube,6.250000596,2.942995826,6.25,-646.6430052,350.8714209,4136.232136,0.2304178327,-0.6233045459,-0.6480754614,0.3720178604;
racing,killtube,6.249999404,2.781910698,6.249999404,-642.7185215,352.9326109,4149.258474,0.07300008088,-0.6860599518,-0.6404637098,0.3373410106;
racing,killtube,6.250000596,2.635498246,6.249998808,-637.712483,355.2825314,4161.064737,0.1802952439,-0.5686094761,-0.5673862696,0.5676704645;
racing,killtube,6.249999404,2.505820394,6.249999404,-631.684661,359.5400507,4171.048468,0.1702418923,-0.514236629,-0.5131874084,0.6657454967;
racing,killtube,6.25,2.394882441,6.249999404,-625.5947927,365.6232503,4179.134703,0.05794544518,-0.6070312262,-0.4785902798,0.6317489743;
racing,killtube,6.249999404,2.317492167,6.25,-618.5340969,373.1879637,4184.017446,0.3082124889,0.9038991928,0.2889238596,0.06703998148;
racing,killtube,6.25,2.254397074,6.249999404,-614.3147076,380.5854997,4190.732275,-0.1132395491,-0.841278255,-0.3484874666,0.3974722922;
racing,killtube,6.25,2.207256357,6.25,-609.8070988,388.7022135,4195.641325,-0.09738463163,-0.873190701,-0.3056067526,0.3669588268;
racing,killtube,6.249999404,2.186345855,6.25,-603.5122938,396.3484287,4200.135289,0.2894509733,0.6694013476,0.05320718512,0.6821209192;
racing,killtube,6.249997616,2.187388937,6.249999404,-601.6031401,405.8527475,4204.649228,0.2061800659,0.9062562585,0.2100339085,0.3034389019;
racing,killtube,6.25,2.209966183,6.249999404,-599.2391999,414.4864304,4210.478116,0.2005724609,0.894642055,0.2503290772,0.3110010028;
racing,killtube,6.250001192,2.249770164,6.250000596,-598.9576151,422.2996389,4218.241928,0.06072532758,-0.8345359564,-0.3613435328,0.4114522934;
racing,killtube,6.249998808,2.316460013,6.249998808,-596.6034113,429.7263676,4226.093972,0.08578469604,-0.7919101715,-0.4136627913,0.4409107864;
racing,killtube,6.25,2.394037048,6.25,-593.5290228,436.2066767,4235.00083,0.1072544754,-0.7296065092,-0.4699945152,0.4850525558;
racing,killtube,6.249999404,2.503946225,6.25,-589.2272666,441.7218719,4244.713647,0.0954125002,-0.6788640022,-0.5321400166,0.4968572855;
racing,killtube,6.250000596,2.633843223,6.25,-583.3120766,445.9705362,4254.964047,0.07115676999,-0.6196343899,-0.59107548,0.511487782;
racing,killtube,6.249999404,2.777503928,6.249998808,-575.463919,448.9396616,4265.224234,0.008820438758,-0.576095283,-0.6445403099,0.5025974512;
racing,killtube,6.249999404,2.942819198,6.249999404,-565.5046248,450.4212095,4275.004663,-0.06445475668,-0.5277083516,-0.6847947836,0.4984230995;
racing,killtube,6.25,3.109005888,6.249999404,-553.5539818,450.0534753,4283.748441,-0.06516275555,-0.4180594385,-0.7219512463,0.5475093722;
racing,killtube,6.249998212,3.284023404,6.249998808,-539.6712925,448.2264408,4290.708225,-0.08384431899,-0.3172268569,-0.7513901591,0.5724945664;
racing,killtube,6.250000596,3.448580503,6.25,-524.2596288,444.9634988,4295.333227,-0.1111769676,-0.2210335582,-0.7739118338,0.5829616785;
racing,killtube,6.249998808,3.603085279,6.249999404,-507.9085357,440.0262672,4297.117959,-0.05351636931,-0.06210849434,-0.8010100126,0.5930104852;
racing,killtube,6.249998808,3.741358121,6.25,-491.304732,433.7408042,4295.54956,0.07436376065,0.1370681375,-0.816031754,0.5565739274;
racing,killtube,6.249999404,3.863684336,6.249999404,-475.437174,427.4206824,4288.777989,-0.6782690287,-0.5339052677,0.4820908606,-0.1499489546;
racing,killtube,6.250000596,3.957556486,6.25,-460.3159335,419.9681819,4281.255425,-0.6605194807,-0.5361542702,0.5211770535,-0.06802260131;
racing,killtube,6.249999404,4.028100967,6.25,-446.8804768,411.8671801,4270.820183,-0.6326670647,-0.5309263468,0.5637264848,0.007876580581;
racing,killtube,6.250000596,4.058338006,6.250000596,-435.7729478,403.4737219,4257.837639,-0.6143168807,-0.5175290108,0.5879709721,0.09522928298;
racing,killtube,6.25,4.060730537,6.250001192,-426.1716843,396.2821502,4242.733175,-0.8420484066,-0.2802439034,0.1184429228,0.4454088807;
racing,killtube,6.250000596,4.027730624,6.25,-421.1290024,387.7710161,4226.265866,-0.8255368471,-0.2293389291,0.1911783665,0.478898108;
racing,killtube,6.25,3.9594841,6.250001192,-419.4043923,379.6971215,4209.208131,-0.8070088625,-0.1623027176,0.2380303293,0.5154960155;
racing,killtube,6.249999404,3.865477244,6.250000596,-421.0781406,372.2757952,4192.263473,-0.7815895677,-0.09429262578,0.2856220901,0.5464857221;
racing,killtube,6.249999404,3.750598828,6.249999404,-426.6116581,365.5517856,4176.471151,-0.6428551674,-0.1671846211,0.508120358,0.5482702255;
racing,killtube,6.25,3.603747686,6.250000596,-434.1047672,360.2090105,4161.827226,-0.6273587346,-0.06700823456,0.5008997321,0.5924781561;
racing,killtube,6.25,3.449555238,6.250000596,-443.9669486,356.0573405,4149.107932,-0.598341167,0.02740139514,0.5032820702,0.6228516698;
racing,killtube,6.249998808,3.283732732,6.25,-455.5423848,353.2607024,4138.642489,-0.5670549273,0.1273274422,0.5000551939,0.6420134306;
racing,killtube,6.25,3.110040228,6.249999404,-468.1980147,351.9014569,4130.618152,-0.5295785069,0.2258845717,0.4949554503,0.6508009434;
racing,killtube,6.25,2.942320506,6.25,-481.1338305,351.8323626,4124.476811,-0.5722685456,0.4425204396,0.381580323,0.5753962398;
racing,killtube,6.249998808,2.781592011,6.249999404,-494.2035177,353.4391993,4121.186136,-0.5123753548,0.5147004724,0.3912185729,0.5652459264;
racing,killtube,6.249999404,2.636128068,6.250001192,-506.5896829,356.5036742,4119.860621,-0.4460990429,0.5765920281,0.3942220807,0.5595768094;
racing,killtube,6.249999404,2.506087025,6.249999404,-517.901373,360.9204441,4120.062426,0.377076149,-0.6270183325,-0.387398392,-0.5608779192;
racing,killtube,6.25,2.39716351,6.250000596,-527.928071,366.5441473,4121.287025,0.3107890487,-0.6650314927,-0.3684882224,-0.5704030991;
racing,killtube,6.249999404,2.314513723,6.249998808,-536.6371693,373.201356,4123.018545,0.2544391155,-0.6906134486,-0.3372397125,-0.5870120525;
racing,killtube,6.249998808,2.249374986,6.249998808,-544.0548539,380.7143603,4124.935875,0.1966308206,-0.6664429307,-0.3091641068,-0.649313271;
racing,killtube,6.25,2.209757169,6.25,-550.5645373,388.8312,4126.494791,-0.1653537005,0.6276283264,0.2748279572,0.7093732953;
racing,killtube,6.250000596,2.19259282,6.25,-556.5710832,397.3363414,4127.266856,-0.172231555,0.6125014424,0.2386210859,0.7336472273;



custom,killtube,transparent0.4,6.25,6.444150607,6.250002384,1,1,0,1,99999,99999,-474.8126133,449.279374,4074.741795,-0.2681830823,-0.6542766094,0.6542765498,0.2681829035;
custom,killtube,transparent0.4,6.250000596,2.942996224,6.249999404,1,0.93479,0,1,99999,99999,-472.9985959,449.2667472,4049.596721,-0.3720178902,-0.648075521,0.6233045459,0.2304176539;
custom,killtube,transparent0.4,6.25,2.781910698,6.249999404,1,0.86958,0,1,99999,99999,-469.0741123,447.2055573,4036.570383,-0.3373410702,-0.6404637098,0.6860599518,0.07299994677;
custom,killtube,transparent0.4,6.249999404,2.635498842,6.249999404,1,0.80437,0,1,99999,99999,-464.068074,444.8556369,4024.76412,-0.5676704645,-0.5673862696,0.5686094165,0.1802952439;
custom,killtube,transparent0.4,6.25,2.505820791,6.250001192,1,0.73916,0,1,99999,99999,-458.0402522,440.5981173,4014.780389,-0.6657454967,-0.5131875277,0.5142365694,0.1702418178;
custom,killtube,transparent0.4,6.25,2.394882043,6.249999404,1,0.67395,0,1,99999,99999,-451.9503834,434.5149179,4006.694154,-0.6317489743,-0.4785902798,0.6070312262,0.05794541538;
custom,killtube,transparent0.4,6.250000596,2.317493161,6.249998808,1,0.60874,0,1,99999,99999,-444.8896882,426.9501666,4001.811411,0.06703990698,-0.2889238298,0.9038991332,-0.3082125485;
custom,killtube,transparent0.4,6.249999404,2.254397074,6.249999404,1,0.54353,0,1,99999,99999,-440.6699933,419.5526686,3995.096582,-0.3974723816,-0.3484874666,0.8412781954,-0.1132395864;
custom,killtube,transparent0.4,6.249999404,2.207256158,6.249999404,1,0.47832,0,1,99999,99999,-436.1626896,411.4359548,3990.187532,-0.366958946,-0.3056067526,0.8731906414,-0.09738469869;
custom,killtube,transparent0.4,6.25,2.186345855,6.25,1,0.41311,0,1,99999,99999,-429.8678851,403.7897399,3985.693569,0.6821208,-0.05320702866,0.6694014668,-0.2894510925;
custom,killtube,transparent0.4,6.250000596,2.187390129,6.25,1,0.3479,0,1,99999,99999,-427.9586932,394.2854208,3981.17963,0.3034388125,-0.2100338936,0.9062562585,-0.2061800957;
custom,killtube,transparent0.4,6.25,2.209965984,6.25,1,0.28269,0,1,99999,99999,-425.5947524,385.6517378,3975.351047,0.3110010326,-0.250329107,0.894642055,-0.2005725205;
custom,killtube,transparent0.4,6.249998808,2.249770164,6.249998808,1,0.21748,0,1,99999,99999,-425.3131674,377.8385295,3967.587234,-0.411452353,-0.3613435328,0.8345359564,0.06072526425;
custom,killtube,transparent0.4,6.249999404,2.316460411,6.249999404,1,0.15227,0,1,99999,99999,-422.9589641,370.4118006,3959.734885,-0.4409107566,-0.4136628509,0.7919101715,0.08578467369;
custom,killtube,transparent0.4,6.250000596,2.394037048,6.250000596,1,0.08706,0,1,99999,99999,-419.8845756,363.9314915,3950.828027,-0.4850525856,-0.4699944854,0.7296065092,0.1072544008;
custom,killtube,transparent0.4,6.249999404,2.503946622,6.250000596,1,0.02185,0,1,99999,99999,-415.5825143,358.4162966,3941.115516,0.4968573749,0.5321400762,-0.678863883,-0.0954125151;
custom,killtube,transparent0.4,6.249999404,2.633843025,6.25,1,0,0.06521,1,99999,99999,-409.6676291,354.1676318,3930.865116,-0.5114877224,-0.59107548,0.6196343899,0.07115671039;
custom,killtube,transparent0.4,6.250000596,2.777504325,6.249999404,1,0,0.13042,1,99999,99999,-401.8194717,351.1985063,3920.604623,-0.5025974512,-0.6445403695,0.576095283,0.008820262738;
custom,killtube,transparent0.4,6.249999404,2.942818999,6.249999404,1,0,0.19563,1,99999,99999,-391.8601772,349.716997,3910.824194,-0.4984231591,-0.6847947836,0.527708292,-0.06445484608;
custom,killtube,transparent0.4,6.249999404,3.109006286,6.249998808,1,0,0.26084,1,99999,99999,-379.9095341,350.0846928,3902.080721,-0.5475093722,-0.7219513059,0.4180593789,-0.06516288966;
custom,killtube,transparent0.4,6.249999404,3.284024398,6.25,1,0,0.32605,1,99999,99999,-366.026845,351.9117274,3895.120632,-0.572494626,-0.7513902187,0.3172267675,-0.08384444565;
custom,killtube,transparent0.4,6.25,3.448580503,6.249998808,1,0,0.39126,1,99999,99999,-350.6151432,355.1746695,3890.49563,-0.5829616189,-0.7739118934,0.2210335284,-0.1111769974;
custom,killtube,transparent0.4,6.249998808,3.603085279,6.249998808,1,0,0.45647,1,99999,99999,-334.2640881,360.1119012,3888.710898,-0.5930104852,-0.8010100126,0.06210843101,-0.05351645127;
custom,killtube,transparent0.4,6.250001192,3.741359313,6.250002384,1,0,0.52168,1,99999,99999,-317.6602848,366.3973643,3890.279297,-0.5565738082,-0.8160318136,-0.137068212,0.07436366379;
custom,killtube,transparent0.4,6.25,3.863684734,6.250000596,1,0,0.58689,1,99999,99999,-301.7927657,372.7174859,3897.051173,-0.1499487609,-0.4820910692,-0.5339052677,0.6782689095;
custom,killtube,transparent0.4,6.250001192,3.957556883,6.250000596,1,0,0.6521,1,99999,99999,-286.6711814,380.1700245,3904.573738,-0.0680225119,-0.5211771131,-0.5361542702,0.6605194211;
custom,killtube,transparent0.4,6.250000596,4.02810216,6.25,1,0,0.71731,1,99999,99999,-273.2360297,388.2709879,3915.008675,0.007876611315,-0.5637264848,-0.5309262872,0.6326670647;
custom,killtube,transparent0.4,6.249999404,4.058336417,6.249999404,1,0,0.78252,1,99999,99999,-262.1285193,396.6644845,3927.991217,0.09522940964,-0.5879710913,-0.5175289512,0.6143168211;
custom,killtube,transparent0.4,6.25,4.060728947,6.25,1,0,0.84773,1,99999,99999,-252.5272365,403.8560184,3943.095683,0.4454089403,-0.1184430122,-0.2802437544,0.8420484066;
custom,killtube,transparent0.4,6.249999404,4.027730227,6.249999404,1,0,0.91294,1,99999,99999,-247.4845929,412.3671524,3959.562991,0.4788981378,-0.1911784112,-0.2293387949,0.8255368471;
custom,killtube,transparent0.4,6.25,3.9594841,6.250001192,1,0,0.97815,1,99999,99999,-245.7596777,420.4410849,3976.620726,0.5154960752,-0.2380303591,-0.1623026282,0.8070088029;
custom,killtube,transparent0.4,6.249999404,3.865476847,6.250000596,1,0.06521,0.97815,1,99999,99999,-247.4337122,427.8623731,3993.565384,0.5464857221,-0.2856221199,-0.09429254383,0.7815895677;
custom,killtube,transparent0.4,6.249998808,3.750598828,6.250000596,1,0.13042,0.91294,1,99999,99999,-252.9672297,434.5863825,4009.357706,0.5482702851,-0.5081204176,-0.1671844721,0.6428551078;
custom,killtube,transparent0.4,6.249999404,3.603746494,6.25,1,0.19563,0.84773,1,99999,99999,-260.4603388,439.9291579,4024.001632,0.5924781561,-0.5008997917,-0.067008093,0.6273587346;
custom,killtube,transparent0.4,6.249999404,3.449555238,6.250000596,1,0.26084,0.78252,1,99999,99999,-270.3222151,444.0808279,4036.720925,0.6228516698,-0.5032820106,0.02740141377,0.598341167;
custom,killtube,transparent0.4,6.249998808,3.283732732,6.25,1,0.32605,0.71731,1,99999,99999,-281.8979564,446.8775041,4047.186368,0.6420134306,-0.5000552535,0.1273275465,0.5670548677;
custom,killtube,transparent0.4,6.250000596,3.110041022,6.25,1,0.39126,0.6521,1,99999,99999,-294.5535861,448.2367114,4055.211011,0.650801003,-0.4949554205,0.2258846164,0.5295784473;
custom,killtube,transparent0.4,6.249999404,2.942320506,6.250000596,1,0.45647,0.58689,1,99999,99999,-307.4894023,448.3058057,4061.352047,0.5753961802,-0.3815803528,0.442520529,0.572268486;
custom,killtube,transparent0.4,6.249999404,2.781593005,6.25,1,0.52168,0.52168,1,99999,99999,-320.5591082,446.6990072,4064.642721,0.5652459264,-0.3912185729,0.514700532,0.5123752952;
custom,killtube,transparent0.4,6.249999404,2.636128068,6.250002384,1,0.58689,0.45647,1,99999,99999,-332.9452735,443.634494,4065.968237,0.5595768094,-0.3942220807,0.5765920877,0.4460989833;
custom,killtube,transparent0.4,6.249998808,2.506087025,6.249998808,1,0.6521,0.39126,1,99999,99999,-344.256964,439.2177244,4065.766432,0.5608778596,-0.3873984218,0.6270184517,0.3770760596;
custom,killtube,transparent0.4,6.250000596,2.397164106,6.250000596,1,0.71731,0.32605,1,99999,99999,-354.2836617,433.5940212,4064.541833,0.5704030991,-0.3684881926,0.6650314927,0.3107890189;
custom,killtube,transparent0.4,6.249999404,2.314513922,6.249999404,1,0.78252,0.26084,1,99999,99999,-362.9927603,426.9368123,4062.810313,0.5870119333,-0.3372397423,0.6906135678,0.2544390559;
custom,killtube,transparent0.4,6.25,2.249375582,6.249999404,1,0.84773,0.19563,1,99999,99999,-370.4104447,419.4238081,4060.892983,0.6493132114,-0.3091641068,0.6664429903,0.1966307461;
custom,killtube,transparent0.4,6.250000596,2.209757765,6.25,1,0.91294,0.13042,1,99999,99999,-376.9201281,411.3069684,4059.334066,0.7093732357,-0.2748279572,0.6276283264,0.1653536707;
custom,killtube,transparent0.4,6.249999404,2.192593416,6.250001192,1,0.97815,0.06521,1,99999,99999,-382.9266738,402.801827,4058.562001,0.7336472273,-0.2386211008,0.612501502,0.1722315252;
custom,killtube,transparent0.4,6.249999404,6.444149812,6.250001192,1,1,0,1,99999,99999,-298.3024477,350.8587866,4074.741796,0.6542758346,-0.2681846321,0.2681848407,-0.6542759538;
custom,killtube,transparent0.4,6.250000596,2.942995826,6.25,1,0.93479,0,1,99999,99999,-300.1164667,350.8714209,4049.596721,0.6480754614,-0.3720178902,0.230417788,-0.6233045459;
custom,killtube,transparent0.4,6.25,2.781910896,6.25,1,0.86958,0,1,99999,99999,-304.0409503,352.932611,4036.570383,0.6404637098,-0.3373410404,0.07300005853,-0.6860599518;
custom,killtube,transparent0.4,6.25,2.635498246,6.249999404,1,0.80437,0,1,99999,99999,-309.0469888,355.2825315,4024.76412,-0.5673862696,0.5676704645,-0.1802952439,0.5686094761;
custom,killtube,transparent0.4,6.249999404,2.505820394,6.25,1,0.73916,0,1,99999,99999,-315.0748108,359.5400509,4014.780389,-0.5131874681,0.6657454967,-0.1702418476,0.5142365694;
custom,killtube,transparent0.4,6.25,2.394882441,6.249999404,1,0.67395,0,1,99999,99999,-321.1646983,365.6232504,4006.694154,-0.4785902798,0.6317489743,-0.05794542283,0.6070312262;
custom,killtube,transparent0.4,6.249998808,2.317492167,6.249999404,1,0.60874,0,1,99999,99999,-328.225394,373.1879636,4001.811411,-0.2889238596,-0.06703996658,0.3082124889,0.9038991928;
custom,killtube,transparent0.4,6.25,2.254397074,6.249999404,1,0.54353,0,1,99999,99999,-332.4450885,380.5854997,3995.096582,0.3484874666,-0.3974722922,-0.1132395566,-0.841278255;
custom,killtube,transparent0.4,6.249999404,2.207256357,6.25,1,0.47832,0,1,99999,99999,-336.9523921,388.7022136,3990.187532,0.3056067526,-0.3669588566,-0.09738463908,-0.8731906414;
custom,killtube,transparent0.4,6.249999404,2.186345855,6.25,1,0.41311,0,1,99999,99999,-343.247197,396.3484287,3985.693568,-0.05320716277,-0.6821208596,0.2894509733,0.6694014072;
custom,killtube,transparent0.4,6.249997616,2.187388937,6.249998808,1,0.3479,0,1,99999,99999,-345.1563507,405.8527475,3981.179629,-0.2100339085,-0.3034388721,0.2061800659,0.9062562585;
custom,killtube,transparent0.4,6.25,2.209966183,6.249999404,1,0.28269,0,1,99999,99999,-347.5202911,414.4864304,3975.351047,-0.2503290772,-0.3110010028,0.2005724609,0.894642055;
custom,killtube,transparent0.4,6.25,2.249770164,6.249999404,1,0.21748,0,1,99999,99999,-347.8018761,422.2996388,3967.587234,0.3613435328,-0.4114522934,0.06072532386,-0.8345359564;
custom,killtube,transparent0.4,6.249999404,2.316460013,6.249998808,1,0.15227,0,1,99999,99999,-350.1560796,429.7263675,3959.734885,-0.4136627913,0.4409108162,-0.08578468859,0.7919101715;
custom,killtube,transparent0.4,6.25,2.394037048,6.25,1,0.08706,0,1,99999,99999,-353.2304681,436.2066767,3950.828027,0.4699944854,-0.4850525558,0.1072544828,-0.7296065092;
custom,killtube,transparent0.4,6.249999404,2.503946225,6.25,1,0.02185,0,1,99999,99999,-357.5325295,441.7218718,3941.115516,-0.5321400166,0.4968573749,-0.09541244805,0.6788639426;
custom,killtube,transparent0.4,6.25,2.633843223,6.249999404,1,0,0.06521,1,99999,99999,-363.4474145,445.9705363,3930.865116,0.59107548,-0.5114877224,0.07115677744,-0.6196343899;
custom,killtube,transparent0.4,6.249999404,2.777503928,6.249998808,1,0,0.13042,1,99999,99999,-371.2955338,448.9396616,3920.604623,0.6445403099,-0.5025974512,0.008820428513,-0.576095283;
custom,killtube,transparent0.4,6.249999404,2.942819198,6.249999404,1,0,0.19563,1,99999,99999,-381.2548281,450.4212095,3910.824194,0.6847947836,-0.4984230995,-0.06445476413,-0.5277083516;
custom,killtube,transparent0.4,6.25,3.109005888,6.249999404,1,0,0.26084,1,99999,99999,-393.205471,450.0534753,3902.080721,0.7219512463,-0.5475093722,-0.065162763,-0.4180594385;
custom,killtube,transparent0.4,6.249999404,3.284024795,6.250001192,1,0,0.32605,1,99999,99999,-407.08816,448.2264411,3895.120632,0.7513901591,-0.5724945664,-0.08384433389,-0.3172268569;
custom,killtube,transparent0.4,6.250000596,3.448580503,6.25,1,0,0.39126,1,99999,99999,-422.4998625,444.9634989,3890.49563,0.7739118338,-0.5829616785,-0.1111770719,-0.2210334837;
custom,killtube,transparent0.4,6.249999404,3.603085677,6.249999404,1,0,0.45647,1,99999,99999,-438.8509555,440.0262671,3888.710898,0.8010100126,-0.5930105448,-0.05351645499,-0.06210843101;
custom,killtube,transparent0.4,6.249998808,3.741358121,6.25,1,0,0.52168,1,99999,99999,-455.4547208,433.7408042,3890.279298,0.816031754,-0.5565739274,0.0743637681,0.1370681226;
custom,killtube,transparent0.4,6.249999404,3.863684336,6.249999404,1,0,0.58689,1,99999,99999,-471.3223165,427.4206825,3897.051173,0.4820910096,-0.1499488354,0.6782689691,0.5339052677;
custom,killtube,transparent0.4,6.250000596,3.957556883,6.25,1,0,0.6521,1,99999,99999,-486.4438624,419.9681818,3904.573737,0.5211771131,-0.06802254915,0.6605194211,0.5361543298;
custom,killtube,transparent0.4,6.249999404,4.028100967,6.25,1,0,0.71731,1,99999,99999,-499.8790141,411.8671801,3915.008675,0.5637264848,0.007876572199,0.6326670647,0.5309263468;
custom,killtube,transparent0.4,6.249999404,4.058336814,6.249998808,1,0,0.78252,1,99999,99999,-510.9865435,403.4737219,3927.991218,0.5879710317,0.09522933513,0.6143168211,0.5175290108;
custom,killtube,transparent0.4,6.249999404,4.060728947,6.249999404,1,0,0.84773,1,99999,99999,-520.5878069,396.2821497,3943.095683,0.1184430122,0.4454089105,0.8420484066,0.2802438438;
custom,killtube,transparent0.4,6.250000596,4.027730624,6.25,1,0,0.91294,1,99999,99999,-525.6304886,387.7710161,3959.562991,0.1911784112,0.478898108,0.8255368471,0.2293389142;
custom,killtube,transparent0.4,6.249999404,3.959483703,6.250000596,1,0,0.97815,1,99999,99999,-527.3554039,379.6971214,3976.620726,0.2380303144,0.5154960155,0.8070088029,0.1623027176;
custom,killtube,transparent0.4,6.249998808,3.865476052,6.249999404,1,0.06521,0.97815,1,99999,99999,-525.6813503,372.2757949,3993.565385,0.2856221199,0.5464856625,0.7815896273,0.09429262578;
custom,killtube,transparent0.4,6.249999404,3.750598828,6.249999404,1,0.13042,0.91294,1,99999,99999,-520.1478329,365.5517856,4009.357706,0.5081204176,0.5482702255,0.6428551674,0.1671845764;
custom,killtube,transparent0.4,6.249999404,3.603747288,6.25,1,0.19563,0.84773,1,99999,99999,-512.6547238,360.2090104,4024.001631,0.5008997917,0.5924781561,0.627358675,0.06700817496;
custom,killtube,transparent0.4,6.25,3.449554443,6.249999404,1,0.26084,0.78252,1,99999,99999,-502.7928475,356.0573402,4036.720925,0.5032820702,0.6228516698,0.598341167,-0.02740138583;
custom,killtube,transparent0.4,6.25,3.283733527,6.250000596,1,0.32605,0.71731,1,99999,99999,-491.2171063,353.2607026,4047.186368,0.5000552535,0.642013371,0.5670548677,-0.1273275018;
custom,killtube,transparent0.4,6.25,3.110040228,6.249999404,1,0.39126,0.6521,1,99999,99999,-478.5614763,351.9014569,4055.211011,-0.4949554503,-0.6508009434,-0.5295785069,0.2258845866;
custom,killtube,transparent0.4,6.249998808,2.942319711,6.249998808,1,0.45647,0.58689,1,99999,99999,-465.6256602,351.8323623,4061.352046,-0.3815803528,-0.5753961802,-0.5722685456,0.4425204694;
custom,killtube,transparent0.4,6.249998808,2.781592011,6.249999404,1,0.52168,0.52168,1,99999,99999,-452.5559733,353.4391993,4064.642721,-0.3912185729,-0.5652459264,-0.5123753548,0.5147004724;
custom,killtube,transparent0.4,6.25,2.636128068,6.250001192,1,0.58689,0.45647,1,99999,99999,-440.1698081,356.5036742,4065.968237,-0.3942221105,-0.5595768094,-0.4460990429,0.5765920281;
custom,killtube,transparent0.4,6.25,2.506087025,6.249999404,1,0.6521,0.39126,1,99999,99999,-428.8581178,360.9204441,4065.766432,-0.3873984218,-0.5608778596,-0.3770761192,0.6270183921;
custom,killtube,transparent0.4,6.25,2.39716351,6.250000596,1,0.71731,0.32605,1,99999,99999,-418.8314199,366.5441473,4064.541832,-0.3684882224,-0.5704030991,-0.3107890785,0.6650314927;
custom,killtube,transparent0.4,6.25,2.314513723,6.249999404,1,0.78252,0.26084,1,99999,99999,-410.1223215,373.2013562,4062.810312,-0.3372397721,-0.5870119929,-0.2544391155,0.6906135082;
custom,killtube,transparent0.4,6.249999404,2.249375184,6.249999404,1,0.84773,0.19563,1,99999,99999,-402.704637,380.7143603,4060.892983,-0.3091641366,-0.6493132114,-0.1966307759,0.6664429903;
custom,killtube,transparent0.4,6.25,2.209757169,6.25,1,0.91294,0.13042,1,99999,99999,-396.1949537,388.8312,4059.334066,-0.2748279572,-0.7093732953,-0.1653537005,0.6276283264;
custom,killtube,transparent0.4,6.249999404,2.192593018,6.249999404,1,0.97815,0.06521,1,99999,99999,-390.1884077,397.3363413,4058.562001,-0.2386211008,-0.7336472273,-0.172231555,0.6125014424;
custom,killtube,transparent0.4,6.249998808,6.444149812,6.250001192,1,1,0,1,99999,99999,-471.9468782,449.279374,4111.087062,0.6542766094,0.2681829631,0.2681830227,0.6542766094;
custom,killtube,transparent0.4,6.25,2.942996422,6.249999404,1,0.93479,0,1,99999,99999,-473.7608951,449.2667472,4136.232136,0.6233045459,0.2304176837,0.3720178604,0.6480754614;
custom,killtube,transparent0.4,6.25,2.781910698,6.249999404,1,0.86958,0,1,99999,99999,-477.6853787,447.2055572,4149.258474,0.6860599518,0.07299996167,0.3373410106,0.6404637098;
custom,killtube,transparent0.4,6.25,2.635498842,6.249999404,1,0.80437,0,1,99999,99999,-482.691417,444.855637,4161.064737,-0.5686094165,-0.1802951992,-0.5676705241,-0.5673862696;
custom,killtube,transparent0.4,6.25,2.505820791,6.250001192,1,0.73916,0,1,99999,99999,-488.7192389,440.5981174,4171.048469,-0.5142365098,-0.1702417731,-0.6657455564,-0.5131875277;
custom,killtube,transparent0.4,6.25,2.394882043,6.249999404,1,0.67395,0,1,99999,99999,-494.8091075,434.5149179,4179.134703,-0.6070312262,-0.05794542283,-0.6317489743,-0.4785902798;
custom,killtube,transparent0.4,6.249998808,2.317492167,6.249998808,1,0.60874,0,1,99999,99999,-501.8698032,426.9501665,4184.017447,0.9038991332,-0.3082125485,-0.06703994423,0.2889238596;
custom,killtube,transparent0.4,6.249999404,2.254396876,6.249999404,1,0.54353,0,1,99999,99999,-506.0894977,419.5526686,4190.732275,0.8412781954,-0.1132395789,0.3974723518,0.3484874666;
custom,killtube,transparent0.4,6.249999404,2.207256158,6.249999404,1,0.47832,0,1,99999,99999,-510.5968013,411.4359548,4195.641326,0.8731906414,-0.09738469869,0.366958946,0.3056067228;
custom,killtube,transparent0.4,6.25,2.186345855,6.249999404,1,0.41311,0,1,99999,99999,-516.8919105,403.7897402,4200.135288,-0.6694015265,0.2894511819,0.6821206808,-0.05320690945;
custom,killtube,transparent0.4,6.249998212,2.187389135,6.249999404,1,0.3479,0,1,99999,99999,-518.8007976,394.2854208,4204.649228,0.9062563181,-0.2061801255,-0.3034387231,0.2100338638;
custom,killtube,transparent0.4,6.25,2.20996658,6.250002384,1,0.28269,0,1,99999,99999,-521.1650439,385.6517377,4210.478115,0.894642055,-0.2005725503,-0.3110009432,0.2503290772;
custom,killtube,transparent0.4,6.249998808,2.249771158,6.250000596,1,0.21748,0,1,99999,99999,-521.4463233,377.8385294,4218.241928,0.8345359564,0.06072527915,0.4114523232,0.3613435328;
custom,killtube,transparent0.4,6.25,2.316460411,6.249999404,1,0.15227,0,1,99999,99999,-523.8005268,370.4118005,4226.093973,-0.7919101119,-0.08578460664,-0.4409108758,-0.4136628807;
custom,killtube,transparent0.4,6.250000596,2.394036849,6.250000596,1,0.08706,0,1,99999,99999,-526.8749153,363.9314914,4235.000831,0.7296065092,0.1072544008,0.4850525558,0.4699944854;
custom,killtube,transparent0.4,6.249999404,2.503946622,6.250000596,1,0.02185,0,1,99999,99999,-531.1769767,358.4162968,4244.713648,0.6788637042,0.0954124853,0.4968575835,0.5321401358;
custom,killtube,transparent0.4,6.25,2.633843223,6.250000596,1,0,0.06521,1,99999,99999,-537.0918618,354.1676317,4254.964047,0.6196343303,0.07115664333,0.511487782,0.5910755396;
custom,killtube,transparent0.4,6.25,2.777504325,6.249998808,1,0,0.13042,1,99999,99999,-544.9402864,351.1985064,4265.224234,0.576095283,0.008820272051,0.5025974512,0.6445403695;
custom,killtube,transparent0.4,6.249999404,2.942818999,6.249999404,1,0,0.19563,1,99999,99999,-554.8992756,349.7169969,4275.004664,0.527708292,-0.06445486099,0.4984231293,0.6847947836;
custom,killtube,transparent0.4,6.249999404,3.109006286,6.249998808,1,0,0.26084,1,99999,99999,-566.8499187,350.0846929,4283.748441,0.4180593789,-0.06516288221,0.5475093722,0.7219513059;
custom,killtube,transparent0.4,6.249998808,3.284024199,6.249999404,1,0,0.32605,1,99999,99999,-580.7326459,351.9117274,4290.708225,0.3172267973,-0.08384440839,0.5724945664,0.7513902187;
custom,killtube,transparent0.4,6.249999404,3.448580503,6.249998808,1,0,0.39126,1,99999,99999,-596.1443098,355.1746695,4295.333227,0.2210335135,-0.1111770421,0.5829616785,0.7739118338;
custom,killtube,transparent0.4,6.25,3.603086074,6.249999404,1,0,0.45647,1,99999,99999,-612.4954028,360.1119012,4297.117959,0.06210841984,-0.05351646245,0.5930104852,0.8010100126;
custom,killtube,transparent0.4,6.250000596,3.741359313,6.249999404,1,0,0.52168,1,99999,99999,-629.0992062,366.397364,4295.54956,-0.1370681971,0.07436367124,0.5565738082,0.8160318136;
custom,killtube,transparent0.4,6.249999404,3.863684336,6.25,1,0,0.58689,1,99999,99999,-644.9671068,372.7174858,4288.777684,-0.5339052677,0.6782689095,0.1499487162,0.4820911288;
custom,killtube,transparent0.4,6.250000596,3.957556486,6.25,1,0,0.6521,1,99999,99999,-660.0883478,380.1700246,4281.25512,-0.5361543298,0.6605193615,0.06802247465,0.5211771727;
custom,killtube,transparent0.4,6.249999404,4.028101762,6.25,1,0,0.71731,1,99999,99999,-673.523652,388.270988,4270.820183,-0.5309262872,0.6326670647,-0.007876639254,0.5637265444;
custom,killtube,transparent0.4,6.249999404,4.058336417,6.249998808,1,0,0.78252,1,99999,99999,-684.631029,396.6644844,4257.83764,-0.5175288916,0.6143167615,-0.09522943944,0.5879711509;
custom,killtube,transparent0.4,6.25,4.060728947,6.249999404,1,0,0.84773,1,99999,99999,-694.2321402,403.8560185,4242.733175,0.2802437246,-0.8420484662,0.4454089403,-0.118443042;
custom,killtube,transparent0.4,6.25,4.027730227,6.25,1,0,0.91294,1,99999,99999,-699.2748218,412.3671522,4226.265866,0.2293387353,-0.8255368471,0.4788981676,-0.1911785007;
custom,killtube,transparent0.4,6.25,3.9594841,6.250002384,1,0,0.97815,1,99999,99999,-700.9997368,420.4410847,4209.208131,0.1623025686,-0.8070088029,0.5154960752,-0.2380304784;
custom,killtube,transparent0.4,6.249998212,3.865475655,6.249999404,1,0.06521,0.97815,1,99999,99999,-699.326141,427.8623735,4192.263473,0.09429250658,-0.7815895081,0.5464857221,-0.2856222391;
custom,killtube,transparent0.4,6.249999404,3.750598828,6.250000596,1,0.13042,0.91294,1,99999,99999,-693.7922424,434.5863824,4176.471151,0.1671843976,-0.6428551078,0.5482702851,-0.5081204772;
custom,killtube,transparent0.4,6.249999404,3.603746494,6.25,1,0.19563,0.84773,1,99999,99999,-686.2991332,439.9291579,4161.827226,0.06700803339,-0.627358675,0.5924781561,-0.5008998513;
custom,killtube,transparent0.4,6.249999404,3.449554841,6.249999404,1,0.26084,0.78252,1,99999,99999,-676.437257,444.0808281,4149.107932,-0.02740151435,-0.5983411074,0.6228516698,-0.5032821298;
custom,killtube,transparent0.4,6.250000596,3.283733527,6.250000596,1,0.32605,0.71731,1,99999,99999,-664.8615159,446.8775039,4138.642489,-0.1273276359,-0.5670548081,0.6420134306,-0.5000552535;
custom,killtube,transparent0.4,6.25,3.110040625,6.249998808,1,0.39126,0.6521,1,99999,99999,-652.2058858,448.2367116,4130.617846,-0.2258847505,-0.5295783877,0.6508009434,-0.4949555397;
custom,killtube,transparent0.4,6.249999404,2.942319711,6.249999404,1,0.45647,0.58689,1,99999,99999,-639.2700693,448.3058059,4124.476811,-0.4425205886,-0.572268486,0.5753961205,-0.3815804124;
custom,killtube,transparent0.4,6.25,2.781593204,6.25,1,0.52168,0.52168,1,99999,99999,-626.2003825,446.6990072,4121.186136,-0.5147007108,-0.512375176,0.5652458072,-0.3912187219;
custom,killtube,transparent0.4,6.250000596,2.636128863,6.250003576,1,0.58689,0.45647,1,99999,99999,-613.8142171,443.6344937,4119.86062,-0.576592207,-0.4460988939,0.5595766306,-0.3942222297;
custom,killtube,transparent0.4,6.25,2.50608782,6.25,1,0.6521,0.39126,1,99999,99999,-602.5028322,439.2177242,4120.062426,0.6270184517,0.3770760596,-0.5608778,0.3873984516;
custom,killtube,transparent0.4,6.25,2.39716351,6.25,1,0.71731,0.32605,1,99999,99999,-592.4758291,433.5940213,4121.287025,0.6650315523,0.3107890189,-0.5704030991,0.3684881926;
custom,killtube,transparent0.4,6.25,2.314514518,6.25,1,0.78252,0.26084,1,99999,99999,-583.7667308,426.9368124,4123.018545,0.6906136274,0.2544390261,-0.5870119333,0.3372397423;
custom,killtube,transparent0.4,6.249998808,2.249374787,6.249998212,1,0.84773,0.19563,1,99999,99999,-576.3490459,419.4238082,4124.935874,0.6664430499,0.1966307163,-0.6493131518,0.3091641366;
custom,killtube,transparent0.4,6.25,2.209757368,6.249999404,1,0.91294,0.13042,1,99999,99999,-569.8393626,411.3069684,4126.494791,-0.6276284456,-0.165353626,0.7093731761,-0.274827987;
custom,killtube,transparent0.4,6.249999404,2.192593018,6.250000596,1,0.97815,0.06521,1,99999,99999,-563.832817,402.8018269,4127.266856,-0.612501502,-0.1722315252,0.7336471677,-0.2386211008;
custom,killtube,transparent0.4,6.250000596,6.444150607,6.250002384,1,1,0,1,99999,99999,-648.4570247,350.8587867,4111.087062,0.2681847811,-0.6542758942,-0.6542758346,0.2681846917;
custom,killtube,transparent0.4,6.250000596,2.942995826,6.25,1,0.93479,0,1,99999,99999,-646.6430052,350.8714209,4136.232136,0.2304178327,-0.6233045459,-0.6480754614,0.3720178604;
custom,killtube,transparent0.4,6.249999404,2.781910698,6.249999404,1,0.86958,0,1,99999,99999,-642.7185215,352.9326109,4149.258474,0.07300008088,-0.6860599518,-0.6404637098,0.3373410106;
custom,killtube,transparent0.4,6.250000596,2.635498246,6.249998808,1,0.80437,0,1,99999,99999,-637.712483,355.2825314,4161.064737,0.1802952439,-0.5686094761,-0.5673862696,0.5676704645;
custom,killtube,transparent0.4,6.249999404,2.505820394,6.249999404,1,0.73916,0,1,99999,99999,-631.684661,359.5400507,4171.048468,0.1702418923,-0.514236629,-0.5131874084,0.6657454967;
custom,killtube,transparent0.4,6.25,2.394882441,6.249999404,1,0.67395,0,1,99999,99999,-625.5947927,365.6232503,4179.134703,0.05794544518,-0.6070312262,-0.4785902798,0.6317489743;
custom,killtube,transparent0.4,6.249999404,2.317492167,6.25,1,0.60874,0,1,99999,99999,-618.5340969,373.1879637,4184.017446,0.3082124889,0.9038991928,0.2889238596,0.06703998148;
custom,killtube,transparent0.4,6.25,2.254397074,6.249999404,1,0.54353,0,1,99999,99999,-614.3147076,380.5854997,4190.732275,-0.1132395491,-0.841278255,-0.3484874666,0.3974722922;
custom,killtube,transparent0.4,6.25,2.207256357,6.25,1,0.47832,0,1,99999,99999,-609.8070988,388.7022135,4195.641325,-0.09738463163,-0.873190701,-0.3056067526,0.3669588268;
custom,killtube,transparent0.4,6.249999404,2.186345855,6.25,1,0.41311,0,1,99999,99999,-603.5122938,396.3484287,4200.135289,0.2894509733,0.6694013476,0.05320718512,0.6821209192;
custom,killtube,transparent0.4,6.249997616,2.187388937,6.249999404,1,0.3479,0,1,99999,99999,-601.6031401,405.8527475,4204.649228,0.2061800659,0.9062562585,0.2100339085,0.3034389019;
custom,killtube,transparent0.4,6.25,2.209966183,6.249999404,1,0.28269,0,1,99999,99999,-599.2391999,414.4864304,4210.478116,0.2005724609,0.894642055,0.2503290772,0.3110010028;
custom,killtube,transparent0.4,6.250001192,2.249770164,6.250000596,1,0.21748,0,1,99999,99999,-598.9576151,422.2996389,4218.241928,0.06072532758,-0.8345359564,-0.3613435328,0.4114522934;
custom,killtube,transparent0.4,6.249998808,2.316460013,6.249998808,1,0.15227,0,1,99999,99999,-596.6034113,429.7263676,4226.093972,0.08578469604,-0.7919101715,-0.4136627913,0.4409107864;
custom,killtube,transparent0.4,6.25,2.394037048,6.25,1,0.08706,0,1,99999,99999,-593.5290228,436.2066767,4235.00083,0.1072544754,-0.7296065092,-0.4699945152,0.4850525558;
custom,killtube,transparent0.4,6.249999404,2.503946225,6.25,1,0.02185,0,1,99999,99999,-589.2272666,441.7218719,4244.713647,0.0954125002,-0.6788640022,-0.5321400166,0.4968572855;
custom,killtube,transparent0.4,6.250000596,2.633843223,6.25,1,0,0.06521,1,99999,99999,-583.3120766,445.9705362,4254.964047,0.07115676999,-0.6196343899,-0.59107548,0.511487782;
custom,killtube,transparent0.4,6.249999404,2.777503928,6.249998808,1,0,0.13042,1,99999,99999,-575.463919,448.9396616,4265.224234,0.008820438758,-0.576095283,-0.6445403099,0.5025974512;
custom,killtube,transparent0.4,6.249999404,2.942819198,6.249999404,1,0,0.19563,1,99999,99999,-565.5046248,450.4212095,4275.004663,-0.06445475668,-0.5277083516,-0.6847947836,0.4984230995;
custom,killtube,transparent0.4,6.25,3.109005888,6.249999404,1,0,0.26084,1,99999,99999,-553.5539818,450.0534753,4283.748441,-0.06516275555,-0.4180594385,-0.7219512463,0.5475093722;
custom,killtube,transparent0.4,6.249998212,3.284023404,6.249998808,1,0,0.32605,1,99999,99999,-539.6712925,448.2264408,4290.708225,-0.08384431899,-0.3172268569,-0.7513901591,0.5724945664;
custom,killtube,transparent0.4,6.250000596,3.448580503,6.25,1,0,0.39126,1,99999,99999,-524.2596288,444.9634988,4295.333227,-0.1111769676,-0.2210335582,-0.7739118338,0.5829616785;
custom,killtube,transparent0.4,6.249998808,3.603085279,6.249999404,1,0,0.45647,1,99999,99999,-507.9085357,440.0262672,4297.117959,-0.05351636931,-0.06210849434,-0.8010100126,0.5930104852;
custom,killtube,transparent0.4,6.249998808,3.741358121,6.25,1,0,0.52168,1,99999,99999,-491.304732,433.7408042,4295.54956,0.07436376065,0.1370681375,-0.816031754,0.5565739274;
custom,killtube,transparent0.4,6.249999404,3.863684336,6.249999404,1,0,0.58689,1,99999,99999,-475.437174,427.4206824,4288.777989,-0.6782690287,-0.5339052677,0.4820908606,-0.1499489546;
custom,killtube,transparent0.4,6.250000596,3.957556486,6.25,1,0,0.6521,1,99999,99999,-460.3159335,419.9681819,4281.255425,-0.6605194807,-0.5361542702,0.5211770535,-0.06802260131;
custom,killtube,transparent0.4,6.249999404,4.028100967,6.25,1,0,0.71731,1,99999,99999,-446.8804768,411.8671801,4270.820183,-0.6326670647,-0.5309263468,0.5637264848,0.007876580581;
custom,killtube,transparent0.4,6.250000596,4.058338006,6.250000596,1,0,0.78252,1,99999,99999,-435.7729478,403.4737219,4257.837639,-0.6143168807,-0.5175290108,0.5879709721,0.09522928298;
custom,killtube,transparent0.4,6.25,4.060730537,6.250001192,1,0,0.84773,1,99999,99999,-426.1716843,396.2821502,4242.733175,-0.8420484066,-0.2802439034,0.1184429228,0.4454088807;
custom,killtube,transparent0.4,6.250000596,4.027730624,6.25,1,0,0.91294,1,99999,99999,-421.1290024,387.7710161,4226.265866,-0.8255368471,-0.2293389291,0.1911783665,0.478898108;
custom,killtube,transparent0.4,6.25,3.9594841,6.250001192,1,0,0.97815,1,99999,99999,-419.4043923,379.6971215,4209.208131,-0.8070088625,-0.1623027176,0.2380303293,0.5154960155;
custom,killtube,transparent0.4,6.249999404,3.865477244,6.250000596,1,0.06521,0.97815,1,99999,99999,-421.0781406,372.2757952,4192.263473,-0.7815895677,-0.09429262578,0.2856220901,0.5464857221;
custom,killtube,transparent0.4,6.249999404,3.750598828,6.249999404,1,0.13042,0.91294,1,99999,99999,-426.6116581,365.5517856,4176.471151,-0.6428551674,-0.1671846211,0.508120358,0.5482702255;
custom,killtube,transparent0.4,6.25,3.603747686,6.250000596,1,0.19563,0.84773,1,99999,99999,-434.1047672,360.2090105,4161.827226,-0.6273587346,-0.06700823456,0.5008997321,0.5924781561;
custom,killtube,transparent0.4,6.25,3.449555238,6.250000596,1,0.26084,0.78252,1,99999,99999,-443.9669486,356.0573405,4149.107932,-0.598341167,0.02740139514,0.5032820702,0.6228516698;
custom,killtube,transparent0.4,6.249998808,3.283732732,6.25,1,0.32605,0.71731,1,99999,99999,-455.5423848,353.2607024,4138.642489,-0.5670549273,0.1273274422,0.5000551939,0.6420134306;
custom,killtube,transparent0.4,6.25,3.110040228,6.249999404,1,0.39126,0.6521,1,99999,99999,-468.1980147,351.9014569,4130.618152,-0.5295785069,0.2258845717,0.4949554503,0.6508009434;
custom,killtube,transparent0.4,6.25,2.942320506,6.25,1,0.45647,0.58689,1,99999,99999,-481.1338305,351.8323626,4124.476811,-0.5722685456,0.4425204396,0.381580323,0.5753962398;
custom,killtube,transparent0.4,6.249998808,2.781592011,6.249999404,1,0.52168,0.52168,1,99999,99999,-494.2035177,353.4391993,4121.186136,-0.5123753548,0.5147004724,0.3912185729,0.5652459264;
custom,killtube,transparent0.4,6.249999404,2.636128068,6.250001192,1,0.58689,0.45647,1,99999,99999,-506.5896829,356.5036742,4119.860621,-0.4460990429,0.5765920281,0.3942220807,0.5595768094;
custom,killtube,transparent0.4,6.249999404,2.506087025,6.249999404,1,0.6521,0.39126,1,99999,99999,-517.901373,360.9204441,4120.062426,0.377076149,-0.6270183325,-0.387398392,-0.5608779192;
custom,killtube,transparent0.4,6.25,2.39716351,6.250000596,1,0.71731,0.32605,1,99999,99999,-527.928071,366.5441473,4121.287025,0.3107890487,-0.6650314927,-0.3684882224,-0.5704030991;
custom,killtube,transparent0.4,6.249999404,2.314513723,6.249998808,1,0.78252,0.26084,1,99999,99999,-536.6371693,373.201356,4123.018545,0.2544391155,-0.6906134486,-0.3372397125,-0.5870120525;
custom,killtube,transparent0.4,6.249998808,2.249374986,6.249998808,1,0.84773,0.19563,1,99999,99999,-544.0548539,380.7143603,4124.935875,0.1966308206,-0.6664429307,-0.3091641068,-0.649313271;
custom,killtube,transparent0.4,6.25,2.209757169,6.25,1,0.91294,0.13042,1,99999,99999,-550.5645373,388.8312,4126.494791,-0.1653537005,0.6276283264,0.2748279572,0.7093732953;
custom,killtube,transparent0.4,6.250000596,2.19259282,6.25,1,0.97815,0.06521,1,99999,99999,-556.5710832,397.3363414,4127.266856,-0.172231555,0.6125014424,0.2386210859,0.7336472273;

custom,killtube,empty,6.333333929,1.342347728,6.333335717,1,0,0,0,99999,99999,-648.4761786,350.8655136,4087.005386,0.2681847811,-0.6542758942,-0.6542758346,0.2681846917;
custom,killtube,empty,6.333332737,1.342347066,6.333334525,1,0,0,0,99999,99999,-298.2832936,350.8655135,4098.823471,0.6542758346,-0.2681846321,0.2681848407,-0.6542759538;
custom,killtube,empty,6.333333929,1.342347728,6.333335717,1,0,0,0,99999,99999,-648.4761786,350.8655136,4087.005386,0.2681847811,-0.6542758942,-0.6542758346,0.2681846917;
custom,killtube,empty,6.333332737,1.342347066,6.333334525,1,0,0,0,99999,99999,-298.2832936,350.8655135,4098.823471,0.6542758346,-0.2681846321,0.2681848407,-0.6542759538;


racing,killcuboid,5,1,14,0,379.9998474,4232.914429,0,0,0,1;
racing,killcuboid,5,1,14,0.000004768371582,319.9998856,4232.914429,0,0,0,1;
racing,killcuboid,5,1,14,30.00000238,349.9998474,4232.914429,0,0,-0.7071067691,0.7071068287;
racing,killcuboid,5,1,14,-29.99995947,349.9998474,4232.914429,0,0,-0.7071067691,0.7071068287;
racing,killcuboid,5,1,25,-149.869833,379.9998474,4327.914429,0,-0.7071067691,0,0.7071067691;
racing,killcuboid,5,1,25,-149.869833,319.9998856,4327.914429,0,-0.7071067691,0,0.7071067691;
racing,killcuboid,5,1,25,-149.8698521,349.9998474,4357.914429,0.5,-0.5,-0.4999999702,0.5;
racing,killcuboid,5,1,25,-149.869833,349.9998474,4297.914429,0.5,-0.5,-0.4999999702,0.5;
racing,killcuboid,5,1,5,0,379.9998474,4327.914429,0,0,0,1;
racing,killcuboid,5,1,5,0.000004768371582,319.9998856,4327.914429,0,0,0,1;
racing,killcuboid,5,1,5,30,349.9998474,4327.914429,0,0,-0.7071067691,0.7071068287;
racing,killcuboid,5,1,5,0,349.9998474,4357.914429,0.5,-0.5,-0.4999999702,0.5;
racing,killcuboid,5,1,21,-299.739666,319.9998474,4197.914429,0,0,1,0.00000007549790126;
racing,killcuboid,5,1,21,-299.739666,379.9998093,4197.914429,0,0,1,0.00000007549790126;
racing,killcuboid,5,1,21,-329.7396851,349.9998474,4197.914429,0,0,0.7071067691,0.7071067691;
racing,killcuboid,5,1,21,-269.7397041,349.9998474,4197.914429,0,0,0.7071067691,0.7071067691;
racing,killcuboid,5,1,5,-299.739666,319.9998474,4327.914429,0,0,1,0.00000007549790126;
racing,killcuboid,5,1,5,-299.739666,379.9998093,4327.914429,0,0,1,0.00000007549790126;
racing,killcuboid,5,1,5,-329.7396851,349.9998474,4327.914429,0,0,0.7071067691,0.7071067691;
racing,killcuboid,5,1,5,-299.739666,349.9998474,4357.914429,0.5,0.5,0.4999999702,0.5;
racing,killcuboid,5,1,14,-946.7594147,379.9998474,3952.914429,0,1,0,0.00000007549790126;
racing,killcuboid,5,1,14,-946.7594147,319.9998856,3952.914429,0,1,0,0.00000007549790126;
racing,killcuboid,5,1,14.00000191,-976.7594147,349.9998474,3952.914429,-0.7071068287,0.7071067691,-0.00000005338507592,0.00000005338507947;
racing,killcuboid,5,1,14.00000191,-916.759491,349.9998474,3952.914429,-0.7071068287,0.7071067691,-0.00000005338507592,0.00000005338507947;
racing,killcuboid,5,1,25,-796.8895721,379.9998474,3857.914429,0,0.7071067691,0,0.7071068287;
racing,killcuboid,5,1,25,-796.8895721,319.9998856,3857.914429,0,0.7071067691,0,0.7071068287;
racing,killcuboid,5,1,25,-796.8895721,349.9998474,3827.914429,-0.5,0.4999999702,-0.5,0.5000000596;
racing,killcuboid,5,1,25,-796.8895721,349.9998474,3887.914429,-0.5,0.4999999702,-0.5,0.5000000596;
racing,killcuboid,5,1,5,-946.7594147,379.9998474,3857.914429,0,1,0,0.00000007549790126;
racing,killcuboid,5,1,5,-946.7594147,319.9998856,3857.914429,0,1,0,0.00000007549790126;
racing,killcuboid,5,1,5,-976.7594147,349.9998474,3857.914429,-0.7071068287,0.7071067691,-0.00000005338507592,0.00000005338507947;
racing,killcuboid,5,1,5,-946.7594147,349.9998474,3827.914429,-0.5,0.4999999702,-0.5,0.5000000596;
racing,killcuboid,5,1,21,-647.0198059,319.9998474,3987.914429,1,0.00000007549790126,0.00000007549790126,0;
racing,killcuboid,5,1,21,-647.0198059,379.9998093,3987.914429,1,0.00000007549790126,0.00000007549790126,0;
racing,killcuboid,5,1,21,-617.0198059,349.9998474,3987.914429,0.7071068287,0.7071067691,0.00000005338507592,0.00000005338507947;
racing,killcuboid,5,1,21,-677.0198059,349.9998474,3987.914429,0.7071068287,0.7071067691,0.00000005338507592,0.00000005338507947;
racing,killcuboid,5,1,5,-647.0198059,319.9998474,3857.914429,1,0.00000007549790126,0.00000007549790126,0;
racing,killcuboid,5,1,5,-647.0198059,379.9998093,3857.914429,1,0.00000007549790126,0.00000007549790126,0;
racing,killcuboid,5,1,5,-617.0198059,349.9998474,3857.914429,0.7071068287,0.7071067691,0.00000005338507592,0.00000005338507947;
racing,killcuboid,5,1,5,-647.0198059,349.9998474,3827.914429,-0.5,-0.5,0.4999999702,0.5;

custom,cuboid,ice1,1,5,1,1,1,1,1,1,1,-219.739666,349.9998474,4247.914429,0,0,0,1;
custom,cuboid,ice1,1,5,1,1,1,1,1,1,1,-79.73966599,349.9998474,4247.914429,0,0,0,1;
custom,cuboid,ice1,1,5,1,1,1,1,1,1,1,-866.7594147,349.9998474,3937.914429,0,0,0,1;
custom,cuboid,ice1,1,5,1,1,1,1,1,1,1,-726.7594147,349.9998474,3937.914429,0,0,0,1;

custom,cuboid,cannonregionmat,1.1,5.1,1.1,1,1,1,1,1,1,-219.739666,349.9998474,4247.914429,0,0,0,1;
custom,cuboid,cannonregionmat,1.1,5.1,1.1,1,1,1,1,1,1,-79.73966599,349.9998474,4247.914429,0,0,0,1;
custom,cuboid,cannonregionmat,1.1,5.1,1.1,1,1,1,1,1,1,-866.7594147,349.9998474,3937.914429,0,0,0,1;
custom,cuboid,cannonregionmat,1.1,5.1,1.1,1,1,1,1,1,1,-726.7594147,349.9998474,3937.914429,0,0,0,1;


custom,cuboid,arena2tex,5,1,1,1,1,1,1,5,1,-299.7396851,369.9998474,4097.914429,0,0,1,0.00000007549790126;
custom,cuboid,arena2tex,5,1,1,1,1,1,1,5,1,-299.7397041,329.9998474,4097.914429,0,0,1,0.00000007549790126;
custom,cuboid,arena2tex,5,1,1,1,1,1,1,5,1,-279.7396851,349.9998474,4097.914429,0,0,0.7071067095,0.7071068287;
custom,cuboid,arena2tex,5,1,1,1,1,1,1,5,1,-319.7396851,349.9998856,4097.914429,0,0,0.7071067095,0.7071068287;

custom,cuboid,metal4,5.1,1.1,0.9,1,1,1,1,0.5,0.1,-299.7396851,369.9998474,4097.914429,0,0,1,0.00000007549790126;
custom,cuboid,metal4,5.1,1.1,0.9,1,1,1,1,0.5,0.1,-299.7397041,329.9998474,4097.914429,0,0,1,0.00000007549790126;
custom,cuboid,metal4,5.1,1.1,0.9,1,1,1,1,0.4999999523,0.09999999404,-279.7396851,349.9998474,4097.914429,0,0,0.7071067095,0.7071068287;
custom,cuboid,metal4,5.1,1.1,0.9,1,1,1,1,0.4999999523,0.09999999404,-319.7396851,349.9998856,4097.914429,0,0,0.7071067095,0.7071068287;



custom,cuboid,arena2tex,5,1,1,1,1,1,1,5,1,-647.0198059,369.9998474,4087.914429,1,0.00000007549790126,0.00000007549790126,0;
custom,cuboid,arena2tex,5,1,1,1,1,1,1,5,1,-647.0198059,329.9998474,4087.914429,1,0.00000007549790126,0.00000007549790126,0;
custom,cuboid,arena2tex,5,1,1,1,1,1,1,5,1,-667.0198059,349.9998474,4087.914429,0.7071068287,0.7071067095,0.00000005338507236,0.00000005338508302;
custom,cuboid,arena2tex,5,1,1,1,1,1,1,5,1,-627.0198059,349.9998856,4087.914429,0.7071068287,0.7071067095,0.00000005338507236,0.00000005338508302;

custom,cuboid,metal4,5.1,1.1,0.9,1,1,1,1,0.5,0.1,-647.0198059,369.9998474,4087.914429,1,0.00000007549790126,0.00000007549790126,0;
custom,cuboid,metal4,5.1,1.1,0.9,1,1,1,1,0.5,0.1,-647.0198059,329.9998474,4087.914429,1,0.00000007549790126,0.00000007549790126,0;
custom,cuboid,metal4,5.1,1.1,0.9,1,1,1,1,0.4999999523,0.09999999404,-667.0198059,349.9998474,4087.914429,0.7071068287,0.7071067095,0.00000005338507236,0.00000005338508302;
custom,cuboid,metal4,5.1,1.1,0.9,1,1,1,1,0.4999999523,0.09999999404,-627.0198059,349.9998856,4087.914429,0.7071068287,0.7071067095,0.00000005338507236,0.00000005338508302;

custom,killcuboid,ice1,0.1,0.1,3,1,1,1,1,0.009999959171,0.009999959171,-647.0198059,365.0003433,4082.914124,-0.5,0.4999999702,-0.5,0.5000000596;
custom,killcuboid,ice1,0.1,0.1,3,1,1,1,1,0.009999959171,0.009999959171,-647.0198059,335.0003433,4082.914734,-0.5,0.4999999702,-0.5,0.5000000596;
custom,killcuboid,ice1,0.1,0.1,3,1,1,1,1,0.009999959171,0.009999959171,-662.0198059,350.0003433,4082.914124,-0.7071067691,0.000000007022149529,0.00000003793076786,0.7071068287;
custom,killcuboid,ice1,0.1,0.1,3,1,1,1,1,0.009999959171,0.009999959171,-632.0198059,350.0003433,4082.914734,-0.7071067691,0.000000007022149529,0.00000003793076786,0.7071068287;
custom,killcuboid,ice1,0.1,0.1,19.00000191,1,1,1,1,0.009999999404,0.009999999404,-971.7599487,375.0003433,3927.914429,-0.7071068287,0.7071067691,-0.00000005338507592,0.00000005338507947;
custom,killcuboid,ice1,0.1,0.1,14.00000191,1,1,1,1,0.009999999404,0.009999999404,-921.7599487,374.9993515,3952.914429,-0.7071068287,0.7071067691,-0.00000005338507592,0.00000005338507947;
custom,killcuboid,ice1,0.1,0.1,35,1,1,1,1,0.009999999404,0.009999999404,-796.7594147,374.9993515,3832.913818,-0.5,0.4999999702,-0.5,0.5000000596;
custom,killcuboid,ice1,0.1,0.1,25,1,1,1,1,0.009999999404,0.009999999404,-797.0197296,374.9993515,3882.913818,-0.5,0.4999999702,-0.5,0.5000000596;
custom,killcuboid,ice1,0.1,0.1,21.00000191,1,1,1,1,0.009999999404,0.009999999404,-672.0191193,374.9993515,3987.914429,-0.7071068287,0.7071067691,-0.00000005338507592,0.00000005338507947;
custom,killcuboid,ice1,0.1,0.1,26.00000381,1,1,1,1,0.009999999404,0.009999999404,-622.0202637,374.9993515,3962.914429,-0.7071068287,0.7071067691,-0.00000005338507592,0.00000005338507947;
custom,killcuboid,ice1,0.1,0.1,19.00000191,1,1,1,1,0.009999999404,0.009999999404,-971.7599487,325.0003433,3927.914429,-0.7071068287,0.7071067691,-0.00000005338507592,0.00000005338507947;
custom,killcuboid,ice1,0.1,0.1,14.00000191,1,1,1,1,0.009999999404,0.009999999404,-921.7599487,324.9993515,3952.914429,-0.7071068287,0.7071067691,-0.00000005338507592,0.00000005338507947;
custom,killcuboid,ice1,0.1,0.1,35,1,1,1,1,0.009999999404,0.009999999404,-796.7594147,324.9993515,3832.913818,-0.5,0.4999999702,-0.5,0.5000000596;
custom,killcuboid,ice1,0.1,0.1,25,1,1,1,1,0.009999999404,0.009999999404,-797.0197296,324.9993515,3882.913818,-0.5,0.4999999702,-0.5,0.5000000596;
custom,killcuboid,ice1,0.1,0.1,21.00000191,1,1,1,1,0.009999999404,0.009999999404,-672.0191193,324.9993515,3987.914429,-0.7071068287,0.7071067691,-0.00000005338507592,0.00000005338507947;
custom,killcuboid,ice1,0.1,0.1,26.00000381,1,1,1,1,0.009999999404,0.009999999404,-622.0202637,324.9993515,3962.914429,-0.7071068287,0.7071067691,-0.00000005338507592,0.00000005338507947;
custom,killcuboid,ice1,0.1,0.1,5,1,1,1,1,0.009999999404,0.009999999404,-647.0198059,375.0003433,4082.913818,-0.5,0.4999999702,-0.5,0.5000000596;
custom,killcuboid,ice1,0.1,0.1,5,1,1,1,1,0.009999999404,0.009999999404,-647.0198059,325.0003433,4082.915039,-0.5,0.4999999702,-0.5,0.5000000596;
custom,killcuboid,ice1,0.1,0.1,5,1,1,1,1,0.009999999404,0.009999999404,-672.0198059,350.0003433,4082.913818,-0.7071067691,0.000000007022149529,0.00000003793076786,0.7071068287;
custom,killcuboid,ice1,0.1,0.1,5,1,1,1,1,0.009999999404,0.009999999404,-622.0198059,350.0003433,4082.915039,-0.7071067691,0.000000007022149529,0.00000003793076786,0.7071068287;
custom,killcuboid,ice1,0.1,0.1,5,1,1,1,1,0.009999999404,0.009999999404,-946.7588806,374.9998474,4022.915039,-0.5,0.4999999702,-0.5,0.5000000596;
custom,killcuboid,ice1,0.1,0.1,5,1,1,1,1,0.009999999404,0.009999999404,-946.7588806,324.9998474,4022.91626,-0.5,0.4999999702,-0.5,0.5000000596;
custom,killcuboid,ice1,0.1,0.1,5,1,1,1,1,0.009999999404,0.009999999404,-971.7588806,349.9998474,4022.915039,-0.7071067691,0.000000007022149529,0.00000003793076786,0.7071068287;
custom,killcuboid,ice1,0.1,0.1,5,1,1,1,1,0.009999999404,0.009999999404,-921.7588806,349.9998474,4022.91626,-0.7071067691,0.000000007022149529,0.00000003793076786,0.7071068287;
custom,killcuboid,ice1,0.1,0.1,19,1,1,1,1,0.009999999404,0.009999999404,25.00049591,375.0003433,4257.914429,0,0,-0.7071067691,0.7071068287;
custom,killcuboid,ice1,0.1,0.1,14,1,1,1,1,0.009999999404,0.009999999404,-24.99946117,374.9993515,4232.914429,0,0,-0.7071067691,0.7071068287;
custom,killcuboid,ice1,0.1,0.1,35,1,1,1,1,0.009999999404,0.009999999404,-150,374.9993515,4352.915039,0.5,-0.5,-0.4999999702,0.5;
custom,killcuboid,ice1,0.1,0.1,25,1,1,1,1,0.009999999404,0.009999999404,-149.7397041,374.9993515,4302.915039,0.5,-0.5,-0.4999999702,0.5;
custom,killcuboid,ice1,0.1,0.1,21,1,1,1,1,0.009999999404,0.009999999404,-274.7402,374.9993515,4197.914429,0,0,-0.7071067691,0.7071068287;
custom,killcuboid,ice1,0.1,0.1,26,1,1,1,1,0.009999999404,0.009999999404,-324.7391891,374.9993515,4222.914429,0,0,-0.7071067691,0.7071068287;
custom,killcuboid,ice1,0.1,0.1,19,1,1,1,1,0.009999999404,0.009999999404,25.00049591,325.0003433,4257.914429,0,0,-0.7071067691,0.7071068287;
custom,killcuboid,ice1,0.1,0.1,14,1,1,1,1,0.009999999404,0.009999999404,-24.99946117,324.9993515,4232.914429,0,0,-0.7071067691,0.7071068287;
custom,killcuboid,ice1,0.1,0.1,35,1,1,1,1,0.009999999404,0.009999999404,-150,324.9993515,4352.915039,0.5,-0.5,-0.4999999702,0.5;
custom,killcuboid,ice1,0.1,0.1,25,1,1,1,1,0.009999999404,0.009999999404,-149.7397041,324.9993515,4302.915039,0.5,-0.5,-0.4999999702,0.5;
custom,killcuboid,ice1,0.1,0.1,21,1,1,1,1,0.009999999404,0.009999999404,-274.7402,324.9993515,4197.914429,0,0,-0.7071067691,0.7071068287;
custom,killcuboid,ice1,0.1,0.1,26,1,1,1,1,0.009999999404,0.009999999404,-324.7391891,324.9993515,4222.914429,0,0,-0.7071067691,0.7071068287;
custom,killcuboid,ice1,0.1,0.1,5,1,1,1,1,0.009999999404,0.009999999404,-299.7396851,375.0003433,4102.915039,0.5,-0.5,-0.4999999702,0.5;
custom,killcuboid,ice1,0.1,0.1,5,1,1,1,1,0.009999999404,0.009999999404,-299.7396851,325.0003433,4102.913818,0.5,-0.5,-0.4999999702,0.5;
custom,killcuboid,ice1,0.1,0.1,5,1,1,1,1,0.01000000089,0.009999999404,-274.7396851,350.0003433,4102.915039,-0.00000006883938397,-0.7071068287,-0.7071067691,0.00000003793076786;
custom,killcuboid,ice1,0.1,0.1,5,1,1,1,1,0.01000000089,0.009999999404,-324.7396851,350.0003433,4102.913818,-0.00000006883938397,-0.7071068287,-0.7071067691,0.00000003793076786;
custom,killcuboid,ice1,0.1,0.1,5,1,1,1,1,0.009999999404,0.009999999404,-0.0004959106445,374.9998474,4162.913818,0.5,-0.5,-0.4999999702,0.5;
custom,killcuboid,ice1,0.1,0.1,5,1,1,1,1,0.009999999404,0.009999999404,-0.0004959106445,324.9998474,4162.912598,0.5,-0.5,-0.4999999702,0.5;
custom,killcuboid,ice1,0.1,0.1,5,1,1,1,1,0.01000000089,0.009999999404,24.99950409,349.9998474,4162.913818,-0.00000006883938397,-0.7071068287,-0.7071067691,0.00000003793076786;
custom,killcuboid,ice1,0.1,0.1,5,1,1,1,1,0.01000000089,0.009999999404,-25.00049591,349.9998474,4162.912598,-0.00000006883938397,-0.7071068287,-0.7071067691,0.00000003793076786;
custom,killcuboid,ice1,0.1,0.1,3,1,1,1,1,0.009999959171,0.009999959171,-299.7396851,365.0003433,4102.914734,0.5,-0.5,-0.4999999702,0.5;
custom,killcuboid,ice1,0.1,0.1,3,1,1,1,1,0.009999959171,0.009999959171,-299.7396851,335.0003433,4102.914124,0.5,-0.5,-0.4999999702,0.5;
custom,killcuboid,ice1,0.1,0.1,3,1,1,1,1,0.009999960661,0.009999959171,-284.7396851,350.0003433,4102.914734,-0.00000006883938397,-0.7071068287,-0.7071067691,0.00000003793076786;
custom,killcuboid,ice1,0.1,0.1,3,1,1,1,1,0.009999960661,0.009999959171,-314.7396851,350.0003433,4102.914124,-0.00000006883938397,-0.7071068287,-0.7071067691,0.00000003793076786;






























racing,endcuboid,3,3,3,-946.7593384,249.9998474,4272.783508,-0.3535534143,-0.1464465857,-0.3535533547,0.8535534143,,,,,,,;
custom,killcuboid,ice1,3.149999857,0.150000006,0.1500000209,1,0.5,0.85,1,0.3149999857,0.0150000006,-936.1527252,246.8932343,4254.676208,-0.3535534143,-0.1464465857,-0.3535533547,0.8535534143;
custom,killcuboid,ice1,3.149999857,0.150000006,0.1500000209,1,0.5,0.85,1,0.3149999857,0.0150000006,-957.3659515,231.8932343,4269.676208,-0.3535534143,-0.1464465857,-0.3535533547,0.8535534143;
custom,killcuboid,ice1,3.149999857,0.150000006,0.1500000209,1,0.5,0.85,1,0.3149999857,0.0150000006,-957.3659515,253.1064606,4290.889893,-0.3535534143,-0.1464465857,-0.3535533547,0.8535534143;
custom,killcuboid,ice1,3.149999857,0.150000006,0.1500000209,1,0.5,0.85,1,0.3149999857,0.0150000006,-936.1527252,268.1064606,4275.889893,-0.3535534143,-0.1464465857,-0.3535533547,0.8535534143;
custom,killcuboid,ice1,3.149999619,0.150000006,0.150000006,1,0.5,0.85,1,0.3149999619,0.0150000006,-925.5461121,249.9998474,4272.783508,-0.5,-0.7071067691,-0.00000001092784796,0.4999999702;
custom,killcuboid,ice1,3.149999619,0.150000006,0.150000006,1,0.5,0.85,1,0.3149999619,0.0150000006,-946.7593384,234.9998474,4287.783508,-0.5,-0.7071067691,-0.00000001092784796,0.4999999702;
custom,killcuboid,ice1,3.149999619,0.150000006,0.150000006,1,0.5,0.85,1,0.3149999619,0.0150000006,-967.9725647,249.9998474,4272.783508,-0.5,-0.7071067691,-0.00000001092784796,0.4999999702;
custom,killcuboid,ice1,3.149999619,0.150000006,0.150000006,1,0.5,0.85,1,0.3149999619,0.0150000006,-946.7593384,264.9998474,4257.783508,-0.5,-0.7071067691,-0.00000001092784796,0.4999999702;
custom,killcuboid,ice1,3.149999857,0.150000006,0.150000006,1,0.5,0.85,1,0.3149999857,0.0150000006,-936.1527252,231.8932343,4269.676208,-0.8535534143,-0.1464466155,0.3535533547,0.3535533547;
custom,killcuboid,ice1,3.149999857,0.150000006,0.150000006,1,0.5,0.85,1,0.3149999857,0.0150000006,-936.1527252,253.1064606,4290.889893,-0.8535534143,-0.1464466155,0.3535533547,0.3535533547;
custom,killcuboid,ice1,3.149999857,0.150000006,0.150000006,1,0.5,0.85,1,0.3149999857,0.0150000006,-957.3659515,268.1064606,4275.889893,-0.8535534143,-0.1464466155,0.3535533547,0.3535533547;
custom,killcuboid,ice1,3.149999857,0.150000006,0.150000006,1,0.5,0.85,1,0.3149999857,0.0150000006,-957.3659515,246.8932343,4254.676208,-0.8535534143,-0.1464466155,0.3535533547,0.3535533547;



custom,killcuboid,cannonregionmat,0.1200000048,0.4800000191,0,1,1,1,1,0.01200000048,0.04800000191,0,210.1452827,-3969.499817,0,0,0,1;
custom,killcuboid,cannonregionmat,0.8400000334,0.1200000048,0,1,1,1,1,0.08400000334,0.01200000048,0,211.9452667,-3969.499817,0,0,0,1;
custom,killcuboid,cannonregionmat,0.1200000048,0.4800000191,0,1,1,1,1,0.01200000048,0.04800000191,-13.19999933,210.1452827,-3969.499817,0,0,0,1;
custom,killcuboid,cannonregionmat,0.8400000334,0.1200000048,0,1,1,1,1,0.08400000334,0.01200000048,-9.600000381,211.9452667,-3969.499817,0,0,0,1;
custom,killcuboid,cannonregionmat,0.8400000334,0.1200000048,0,1,1,1,1,0.08400000334,0.01200000048,-9.599999189,209.8452759,-3969.499817,0,0,0,1;
custom,killcuboid,cannonregionmat,0.1200000048,0.4800000191,0,1,1,1,1,0.01200000048,0.04800000191,6.000001431,210.1452827,-3969.499817,0,0,0,1;
custom,killcuboid,cannonregionmat,0.8400000334,0.1200000048,0,1,1,1,1,0.08400000334,0.01200000048,9.600000381,211.9452667,-3969.499817,0,0,0,1;
custom,killcuboid,cannonregionmat,0.8400000334,0.1200000048,0,1,1,1,1,0.08400000334,0.01200000048,9.600000978,208.3452797,-3969.499817,0,0,0,1;
custom,killcuboid,cannonregionmat,0.8400000334,0.1200000048,0,1,1,1,1,0.08400000334,0.01200000048,9.600000381,210.1452827,-3969.499817,0,0,0,1;
custom,killcuboid,cannonregionmat,0.1200000048,0.4800000191,0,1,1,1,1,0.01200000048,0.04800000191,13.19999933,210.1452827,-3969.499817,0,0,0,1;
custom,killcuboid,cannonregionmat,0.1200000048,0.4800000191,0,1,1,1,1,0.01200000048,0.04800000191,-13.19999933,189.7452545,-3969.499817,0,0,0,1;
custom,killcuboid,cannonregionmat,0.8400000334,0.1200000048,0,1,1,1,1,0.08400000334,0.01200000048,-9.600000381,191.5452576,-3969.499817,0,0,0,1;
custom,killcuboid,cannonregionmat,0.8400000334,0.1200000048,0,1,1,1,1,0.08400000334,0.01200000048,-9.599999189,187.9452705,-3969.499817,0,0,0,1;
custom,killcuboid,cannonregionmat,0.1200000048,0.4800000191,0,1,1,1,1,0.01200000048,0.04800000191,-3.599998951,189.7452545,-3969.499817,0,0,0,1;
custom,killcuboid,cannonregionmat,0.8400000334,0.1200000048,0,1,1,1,1,0.08400000334,0.01200000048,0,191.5452576,-3969.499817,0,0,0,1;
custom,killcuboid,cannonregionmat,0.8400000334,0.1200000048,0,1,1,1,1,0.08400000334,0.01200000048,0.000001430511531,187.9452705,-3969.499817,0,0,0,1;
custom,killcuboid,cannonregionmat,0.1200000048,0.4800000191,0,1,1,1,1,0.01200000048,0.04800000191,9.60000217,189.7452545,-3969.499817,0,0,0,1;
custom,killcuboid,cannonregionmat,0.8400000334,0.1200000048,0,1,1,1,1,0.08400000334,0.01200000048,9.600000381,191.5452576,-3969.499817,0,0,0,1;

racing,startcuboid,7,0.8000000119,7,0,200,-3963.500061,0.5,-0.5,-0.5,0.4999999702,,,,,,,;



custom,killcuboid,empty,40,2,40,1,0,0,0,4,0.2,-946.7594147,124.9998474,4272.914429,0,0,0,1;
custom,killcuboid,empty,2,40,40,1,0,0,0,0.2,4,-756.7594147,314.9998474,4272.914429,0,0,0,1;
custom,killcuboid,empty,2,40,40,1,0,0,0,0.2,4,-1136.759415,314.9998474,4272.914429,0,0,0,1;
custom,killcuboid,empty,2,40,40,1,0,0,0,0.2,4,-946.7594147,314.9998474,4462.914429,0,-0.7071067691,0,0.7071067691;
custom,killcuboid,empty,2,40,16.5,1,0,0,0,0.2,4,-1064.259415,314.9998474,4082.914429,0,-0.7071067691,0,0.7071067691;
custom,cuboid,empty,2,40,16.5,1,0,0,0,0.2,4,-829.2594147,314.9998474,4082.914429,0,-0.7071067691,0,0.7071067691;
custom,cuboid,empty,2,20,7,1,0,0,0,0.2,2,-946.7594147,214.9998474,4082.914429,0,-0.7071067691,0,0.7071067691;
custom,cuboid,empty,2,13,7,1,0,0,0,0.2,1.3,-946.7594147,449.9998474,4082.914429,0,-0.7071067691,0,0.7071067691;
custom,cuboid,empty,40,2,40,1,0,0,0,4,0.2,-946.7594147,504.9998474,4272.914429,0,0,0,1;
custom,killcuboid,empty,2,7,7,1,0,0,0,0.2,1.3,-946.7594147,350,4092.914429,0,-0.7071067691,0,0.7071067691;




















































































































































































































































































































































































































custom,cuboid,default,1.333333611,0.1,0.1,1,0.5,0,1,0.1333333611,0.00006666669506,-946.7594147,185.8927155,4266.248169,0,0,0.000244140625,1;
custom,cuboid,default,1.380319238,0.1,0.1,1,0.75,0,1,0.1380319238,0.00006901597953,-960.0926971,191.2498474,4252.914429,0,0,-0.1307595819,0.9914141297;
custom,cuboid,default,1.380319118,0.1,0.1,1,0.75,0,1,0.1380319118,0.00006901597953,-960.0926971,187.6784134,4266.248169,0,0,-0.1307649016,0.9914134145;
custom,cuboid,default,1.512588739,0.1,0.1,1,1,0,1,0.1512588739,0.00007562946412,-973.4259796,193.0355644,4266.248169,0,0,-0.2431986034,0.9699764848;
custom,cuboid,default,1.512588739,0.1,0.1,1,1,0,1,0.1512588739,0.00007562946412,-973.4259796,196.6069794,4252.914429,0,0,-0.2431986034,0.9699764848;
custom,cuboid,default,1.512588382,0.1,0.1,1,1,0,1,0.1512588382,0.00007562944083,-973.4259796,203.7498474,4239.581299,0,0,-0.2431921363,0.9699781537;
custom,cuboid,default,1.380319118,0.1,0.1,1,1,0,1,0.1380319118,0.00006901597953,-960.0926971,198.3927155,4239.581299,0,0,-0.1297755092,0.9915434122;
custom,cuboid,default,1.333333611,0.1,0.1,1,1,0,1,0.1333333611,0.00006666669506,-946.7594147,196.6069794,4239.581299,0,0,-0.000244140625,1;
custom,cuboid,default,1.333333492,0.1,0.1,1,1,0.25,0.75,0.1333333492,0.00006666668924,-946.7594147,207.3212814,4226.248169,0,0,-0.0003017744457,0.9999999404;
custom,cuboid,default,1.380319118,0.1,0.1,1,1,0.25,0.75,0.1380319118,0.00006901596207,-960.0926971,209.1069794,4226.248169,0,0,-0.1301563829,0.9914934635;
custom,cuboid,default,1.512588382,0.1,0.1,1,1,0.25,0.75,0.1512588382,0.00007562944083,-973.4259796,214.4641304,4226.248169,0,0,-0.2437449843,0.9698393345;
custom,cuboid,default,1.71045661,0.1,0.1,1,1,0.25,0.75,0.171045661,0.0000855228689,-986.7594147,223.3926964,4226.248169,0,0,-0.3317848742,0.9433550835;
custom,cuboid,default,1.710456729,0.1,0.1,1,1,0.25,0.75,0.1710456729,0.00008552284562,-986.7594147,212.6784134,4239.581299,0.000004459989214,-0.001254976611,-0.3317252994,0.9433751702;
custom,cuboid,default,1.710456848,0.1,0.1,1,1,0.25,0.75,0.1710456848,0.00008552285726,-986.7594147,205.5355644,4252.914429,0,0,-0.3317974508,0.9433506727;
custom,cuboid,default,1.710456967,0.1,0.1,1,1,0.25,0.75,0.1710456967,0.00008552285144,-986.7594147,201.9641304,4266.248169,0,0,-0.3330034018,0.942925632;
custom,cuboid,default,1.954097867,0.1,0.1,1,1,0.5,0.5,0.1954097867,0.0000977049116,-1000.092697,214.4641304,4266.248169,0,0,-0.3977406621,0.9174978733;
custom,cuboid,default,1.954097867,0.1,0.1,1,1,0.5,0.5,0.1954097867,0.0000977049116,-1000.092697,218.0355644,4252.914429,0,0,-0.3983199,0.9172465801;
custom,cuboid,default,1.954098225,0.1,0.1,1,1,0.5,0.5,0.1954098225,0.00009770493489,-1000.092697,225.1784134,4239.581299,0,0,-0.3988378346,0.9170214534;
custom,cuboid,default,1.954098225,0.1,0.1,1,1,0.5,0.5,0.1954098225,0.00009770493489,-1000.092697,235.8926964,4226.248169,0,0,-0.3983320594,0.9172412753;
custom,cuboid,default,1.954098225,0.1,0.1,1,1,0.5,0.5,0.1954098225,0.00009770492325,-1000.092697,250.1784134,4212.914429,0,0,-0.3983739018,0.9172230959;
custom,cuboid,default,1.71045661,0.1,0.1,1,1,0.5,0.5,0.171045661,0.0000855228689,-986.7594147,237.6784134,4212.914429,0,0,-0.3321969509,0.9432100654;
custom,cuboid,default,1.512589097,0.1,0.1,1,1,0.5,0.5,0.1512589097,0.00007562944666,-973.4259796,228.7498474,4212.914429,0,0,-0.2431921363,0.9699781537;
custom,cuboid,default,1.380319118,0.1,0.1,1,1,0.5,0.5,0.1380319118,0.00006901595625,-960.0926971,223.3927155,4212.914429,0,0,-0.1297918856,0.9915412664;
custom,cuboid,default,1.380319238,0.1,0.1,1,1,0.75,0.25,0.1380319238,0.00006901597953,-960.0926971,241.2498474,4199.581299,0,0,-0.1307435036,0.9914162159;
custom,cuboid,default,1.512589097,0.1,0.1,1,1,0.75,0.25,0.1512589097,0.00007562945248,-973.4259796,246.6069794,4199.581299,0,0,-0.2432049364,0.9699749351;
custom,cuboid,default,1.71045661,0.1,0.1,1,1,0.75,0.25,0.171045661,0.0000855228689,-986.7594147,255.5355644,4199.581299,0,0,-0.3317848742,0.9433550835;
custom,cuboid,default,1.954097986,0.1,0.1,1,1,0.75,0.25,0.1954097986,0.0000977049116,-1000.092697,268.0355453,4199.581299,0,0,-0.3983198404,0.9172465801;
custom,cuboid,default,2.22854805,0.1,0.1,1,1,0.75,0.25,0.222854805,0.0001114274259,-1013.42598,284.1069794,4199.581299,0,0,-0.4474300742,0.8943189383;
custom,cuboid,default,2.228547573,0.1,0.1,1,1,0.75,0.25,0.2228547573,0.0001114274026,-1013.42598,266.2498474,4212.914429,0,0,-0.4479578733,0.8940546513;
custom,cuboid,default,2.228549004,0.1,0.1,1,1,0.75,0.25,0.2228549004,0.0001114274724,-1013.42598,251.9641304,4226.248169,0,0,-0.4479342401,0.8940665126;
custom,cuboid,default,2.228549004,0.1,0.1,1,1,0.75,0.25,0.2228549004,0.0001114274724,-1013.42598,241.2498474,4239.581299,0,0,-0.4479402304,0.8940635324;
custom,cuboid,default,2.228549004,0.1,0.1,1,1,0.75,0.25,0.2228549004,0.0001114274724,-1013.42598,234.1069794,4252.914429,0,0,-0.4479461312,0.8940605521;
custom,cuboid,default,2.228549004,0.1,0.1,1,1,0.75,0.25,0.2228549004,0.0001114274724,-1013.42598,230.5355644,4266.248169,0,0,-0.4484462142,0.8938097954;
custom,cuboid,default,2.523777723,0.1,0.1,1,1,1,0,0.2523777723,0.0001261889003,-1026.759415,250.1784134,4266.248169,0,0,-0.485425055,0.874278307;
custom,cuboid,default,2.523777723,0.1,0.1,1,1,1,0,0.2523777723,0.0001261889003,-1026.759415,253.7498474,4252.914429,0,0,-0.485425055,0.874278307;
custom,cuboid,default,2.523777008,0.1,0.1,1,1,1,0,0.2523777008,0.0001261888654,-1026.759415,260.8926964,4239.581299,0,0,-0.4854250252,0.874278307;
custom,cuboid,default,2.523778439,0.1,0.1,1,1,1,0,0.2523778439,0.0001261889236,-1026.759415,271.6069794,4226.248169,0,0,-0.485425055,0.874278307;
custom,cuboid,default,2.523778439,0.1,0.1,1,1,1,0,0.2523778439,0.0001261889585,-1026.759415,285.8926964,4212.914429,0,0,-0.485419333,0.874281466;
custom,cuboid,default,2.523777246,0.1,0.1,1,1,1,0,0.2523777246,0.0001261888654,-1026.759415,303.7498474,4199.581299,0,0,-0.4858599603,0.8740366697;
custom,cuboid,default,2.523778439,0.1,0.1,1,1,1,0,0.2523778439,0.0001261889469,-1026.759415,325.1784134,4186.248169,0,0,-0.4858530462,0.8740404844;
custom,cuboid,default,2.22854805,0.1,0.1,1,1,1,0,0.222854805,0.0001114274259,-1013.42598,305.5355644,4186.248169,0,0,-0.4478982389,0.8940845728;
custom,cuboid,default,1.954097748,0.1,0.1,1,1,1,0,0.1954097748,0.00009770488832,-1000.092697,289.4641304,4186.248169,0,0,-0.3983679712,0.9172256589;
custom,cuboid,default,1.710456967,0.1,0.1,1,1,1,0,0.1710456967,0.00008552287472,-986.7594147,276.9641304,4186.248169,0,0,-0.3321866393,0.9432136416;
custom,cuboid,default,1.512588024,0.1,0.1,1,1,1,0,0.1512588024,0.00007562942337,-973.4259796,268.0355453,4186.248169,0,0,-0.2432110608,0.9699733853;
custom,cuboid,default,1.380319118,0.1,0.1,1,1,1,0,0.1380319118,0.00006901596207,-960.0926971,262.6784134,4186.248169,0,0,-0.1302234381,0.9914847016;
custom,cuboid,default,1.333313227,0.1,0.1,1,1,1,0,0.1333313227,0.00006666566478,-1033.419876,260.8860397,4272.910156,0.2711742818,-0.6515499353,0.2702255547,0.6549239159;
custom,cuboid,default,1.380319118,0.1,0.1,1,1,1,0,0.1380319118,0.00006901596207,-1033.419876,262.6717567,4259.577026,0.09208186716,-0.7010855675,-0.09208185971,0.7010855079;
custom,cuboid,default,1.512588024,0.1,0.1,1,1,1,0,0.1512588024,0.00007562942337,-1033.419876,268.0288887,4246.243896,0.1719761938,-0.6858747602,-0.1719761789,0.6858747602;
custom,cuboid,default,1.710457087,0.1,0.1,1,1,1,0,0.1710457087,0.00008552288054,-1033.419876,276.9574738,4232.910156,0.2348914146,-0.6669527888,-0.2348914146,0.6669527888;
custom,cuboid,default,1.954097748,0.1,0.1,1,1,1,0,0.1954097748,0.00009770488832,-1033.419876,289.4574738,4219.577026,0.2816886902,-0.648576498,-0.2816886902,0.648576498;
custom,cuboid,default,2.22854805,0.1,0.1,1,1,1,0,0.222854805,0.0001114274259,-1033.419876,305.5289078,4206.243896,0.3167118728,-0.6322132945,-0.316711843,0.6322132349;
custom,cuboid,default,2.523778439,0.1,0.1,1,1,1,0,0.2523778439,0.0001261889469,-1033.419876,325.1717377,4192.910156,0.3435499966,-0.6180399656,-0.3435499668,0.6180399656;
custom,cuboid,default,2.523777246,0.1,0.1,1,1,1,0,0.2523777246,0.0001261888654,-1020.096207,303.7358475,4192.909546,0.3435548842,-0.6180372834,-0.3435548842,0.6180372238;
custom,cuboid,default,2.523778439,0.1,0.1,1,1,1,0,0.2523778439,0.0001261889585,-1006.759415,285.8868599,4192.919312,0.3432433009,-0.6182103753,-0.3432433009,0.6182103157;
custom,cuboid,default,2.523778439,0.1,0.1,1,1,1,0,0.2523778439,0.0001261889236,-993.420639,271.6064835,4192.919312,0.343247354,-0.6182081103,-0.343247354,0.6182081103;
custom,cuboid,default,2.523777008,0.1,0.1,1,1,1,0,0.2523777008,0.0001261888654,-980.089798,260.8863831,4192.918091,0.3432473242,-0.6182081103,-0.3432472944,0.6182081103;
custom,cuboid,default,2.523777723,0.1,0.1,1,1,1,0,0.2523777723,0.0001261889003,-966.754837,253.7431145,4192.918091,0.343247354,-0.6182081103,-0.343247354,0.6182081103;
custom,cuboid,default,2.523777723,0.1,0.1,1,1,1,0,0.2523777723,0.0001261889003,-953.418045,250.1853943,4192.910767,0.343247354,-0.6182081103,-0.343247354,0.6182081103;
custom,cuboid,default,2.228549004,0.1,0.1,1,1,0.75,0.25,0.2228549004,0.0001114274724,-953.418045,230.5425262,4206.244507,0.3170993626,-0.6320189834,-0.3170993626,0.6320189834;
custom,cuboid,default,2.228549004,0.1,0.1,1,1,0.75,0.25,0.2228549004,0.0001114274724,-966.754837,234.1002464,4206.251221,0.3167457283,-0.6321963072,-0.3167457283,0.6321962476;
custom,cuboid,default,2.228549004,0.1,0.1,1,1,0.75,0.25,0.2228549004,0.0001114274724,-980.089798,241.2435341,4206.251831,0.3167415857,-0.6321983933,-0.3167415559,0.6321983337;
custom,cuboid,default,2.228549004,0.1,0.1,1,1,0.75,0.25,0.2228549004,0.0001114274724,-993.420639,251.9636345,4206.252441,0.3167373538,-0.6322004795,-0.3167373538,0.6322004795;
custom,cuboid,default,2.228547573,0.1,0.1,1,1,0.75,0.25,0.2228547573,0.0001114274026,-1006.759415,266.2440109,4206.253052,0.3167540729,-0.6321921349,-0.3167540431,0.6321920753;
custom,cuboid,default,2.22854805,0.1,0.1,1,1,0.75,0.25,0.222854805,0.0001114274259,-1020.096207,284.0929794,4206.242676,0.3163808584,-0.6323789954,-0.3163808286,0.6323789358;
custom,cuboid,default,1.954097986,0.1,0.1,1,1,0.75,0.25,0.1954097986,0.0000977049116,-1020.096207,268.0215645,4219.575806,0.2816546559,-0.64859128,-0.2816546559,0.64859128;
custom,cuboid,default,1.710456729,0.1,0.1,1,1,0.75,0.25,0.1710456729,0.0000855228689,-1020.096207,255.5215836,4232.909546,0.2346072942,-0.6670528054,-0.2346072942,0.6670527458;
custom,cuboid,default,1.512589097,0.1,0.1,1,1,0.75,0.25,0.1512589097,0.00007562945248,-1020.096207,246.5929985,4246.242676,0.1719718575,-0.6858758926,-0.1719718426,0.685875833;
custom,cuboid,default,1.380319238,0.1,0.1,1,1,0.75,0.25,0.1380319238,0.00006901597953,-1020.096207,241.2358665,4259.575806,0.09244960546,-0.7010371685,-0.09244960546,0.7010371089;
custom,cuboid,default,1.333333611,0.1,0.1,1,1,0.75,0.25,0.1333333611,0.00006666669506,-1020.096207,239.4501495,4272.909546,-0.0001726334885,-0.7071067691,0.000172633474,0.7071067691;
custom,cuboid,default,1.380319118,0.1,0.1,1,1,0.5,0.5,0.1380319118,0.00006901595625,-1006.759415,223.386879,4259.586182,0.09177670628,-0.7011255622,-0.09177670628,0.7011255622;
custom,cuboid,default,1.512589097,0.1,0.1,1,1,0.5,0.5,0.1512589097,0.00007562944666,-1006.759415,228.7440109,4246.253052,0.1719628125,-0.6858781576,-0.1719627976,0.685878098;
custom,cuboid,default,1.71045661,0.1,0.1,1,1,0.5,0.5,0.171045661,0.0000855228689,-1006.759415,237.6725769,4232.919312,0.2348987013,-0.6669502258,-0.2348986864,0.6669502258;
custom,cuboid,default,1.954098225,0.1,0.1,1,1,0.5,0.5,0.1954098225,0.00009770492325,-1006.759415,250.1725769,4219.586182,0.2816928923,-0.6485747099,-0.2816928923,0.6485746503;
custom,cuboid,default,1.954098225,0.1,0.1,1,1,0.5,0.5,0.1954098225,0.00009770493489,-993.4204865,235.8922005,4219.586182,0.2816632986,-0.6485875249,-0.2816632986,0.6485875249;
custom,cuboid,default,1.954098225,0.1,0.1,1,1,0.5,0.5,0.1954098225,0.00009770493489,-980.089798,225.1721191,4219.584961,0.2820209265,-0.6484321356,-0.2820209265,0.648432076;
custom,cuboid,default,1.954097748,0.1,0.1,1,1,0.5,0.5,0.1954097748,0.0000977049116,-966.754837,218.0288315,4219.584351,0.2816546857,-0.64859128,-0.2816546857,0.64859128;
custom,cuboid,default,1.954097867,0.1,0.1,1,1,0.5,0.5,0.1954097867,0.0000977049116,-953.418045,214.4711113,4219.577637,0.2812451124,-0.6487689614,-0.2812451124,0.6487689614;
custom,cuboid,default,1.710456848,0.1,0.1,1,1,0.25,0.75,0.1710456848,0.00008552285144,-953.418045,201.9711113,4232.910767,0.2354689538,-0.6667491198,-0.2354689389,0.6667491198;
custom,cuboid,default,1.710456848,0.1,0.1,1,1,0.25,0.75,0.1710456848,0.00008552285726,-966.754837,205.5288315,4232.918091,0.2346162051,-0.6670496464,-0.2346161902,0.6670496464;
custom,cuboid,default,1.710456848,0.1,0.1,1,1,0.25,0.75,0.1710456848,0.00008552284562,-980.089798,212.6721191,4232.918091,0.2345683426,-0.6679544449,-0.2345620245,0.6661795974;
custom,cuboid,default,1.710456729,0.1,0.1,1,1,0.25,0.75,0.1710456729,0.0000855228689,-993.4204865,223.3922005,4232.919312,0.2346072942,-0.6670528054,-0.2346072942,0.6670527458;
custom,cuboid,default,1.512588382,0.1,0.1,1,1,0.25,0.75,0.1512588382,0.00007562944083,-993.420639,214.4636345,4246.252441,0.1723537296,-0.6857799888,-0.1723537296,0.6857799888;
custom,cuboid,default,1.380319118,0.1,0.1,1,1,0.25,0.75,0.1380319118,0.00006901596207,-993.420639,209.1064835,4259.586182,0.09203445166,-0.7010917664,-0.09203445166,0.7010917664;
custom,cuboid,default,1.333333492,0.1,0.1,1,1,0.25,0.75,0.1333333492,0.00006666668924,-993.420639,207.3207855,4272.919312,0.0002133867383,-0.7071067691,-0.0002133867238,0.7071067095;
custom,cuboid,default,1.380319118,0.1,0.1,1,1,0,1,0.1380319118,0.00006901597953,-980.089798,198.3864021,4259.584961,0.09176513553,-0.7011270523,-0.09176512808,0.7011270523;
custom,cuboid,default,1.512588382,0.1,0.1,1,1,0,1,0.1512588382,0.00007562944083,-980.089798,203.7435532,4246.251831,0.1719628125,-0.6858781576,-0.1719627976,0.685878098;
custom,cuboid,default,1.512588739,0.1,0.1,1,1,0,1,0.1512588739,0.00007562946412,-966.754837,196.6002655,4246.251221,0.1719673872,-0.6858769655,-0.1719673872,0.6858769655;
custom,cuboid,default,1.512588739,0.1,0.1,1,1,0,1,0.1512588739,0.00007562946412,-953.418045,193.0425453,4246.244507,0.1719673872,-0.6858769655,-0.1719673872,0.6858769655;
custom,cuboid,default,1.380319118,0.1,0.1,1,0.75,0,1,0.1380319118,0.00006901597953,-953.418045,187.6853943,4259.577637,0.09246474504,-0.7010351419,-0.09246473759,0.7010351419;
custom,cuboid,default,1.380319238,0.1,0.1,1,0.75,0,1,0.1380319238,0.00006901597953,-966.754837,191.2431145,4259.584351,0.0924609825,-0.7010356784,-0.09246097505,0.7010356188;
custom,cuboid,default,1.333333611,0.1,0.1,1,0.75,0,1,0.1333333611,0.00006666669506,-966.754837,189.4573975,4272.918091,0.0001726334885,-0.7071067691,-0.000172633474,0.7071067691;
custom,cuboid,default,1.333333611,0.1,0.1,1,0.5,0,1,0.1333333611,0.00006666669506,-953.4259796,185.8927155,4272.914429,0.0001726334885,0.7071067691,0.000172633474,0.7071067691;
custom,cuboid,default,1.380319238,0.1,0.1,1,0.75,0,1,0.1380319238,0.00006901597953,-966.7594147,191.2498474,4286.248169,-0.0924609825,0.7010356784,-0.09246097505,0.7010356188;
custom,cuboid,default,1.380319118,0.1,0.1,1,0.75,0,1,0.1380319118,0.00006901597953,-953.4259796,187.6784134,4286.248169,-0.09246474504,0.7010351419,-0.09246473759,0.7010351419;
custom,cuboid,default,1.512588739,0.1,0.1,1,1,0,1,0.1512588739,0.00007562946412,-953.4259796,193.0355644,4299.581299,-0.1719673723,0.6858769655,-0.1719673723,0.6858769655;
custom,cuboid,default,1.512588739,0.1,0.1,1,1,0,1,0.1512588739,0.00007562946412,-966.7594147,196.6069794,4299.581299,-0.1719673723,0.6858769655,-0.1719673723,0.6858769655;
custom,cuboid,default,1.512588382,0.1,0.1,1,1,0,1,0.1512588382,0.00007562944083,-980.0926971,203.7498474,4299.581299,-0.1719627976,0.6858781576,-0.1719627976,0.685878098;
custom,cuboid,default,1.380319118,0.1,0.1,1,1,0,1,0.1380319118,0.00006901597953,-980.0926971,198.3927155,4286.248169,-0.09176513553,0.7011270523,-0.09176512808,0.7011270523;
custom,cuboid,default,1.333333611,0.1,0.1,1,1,0,1,0.1333333611,0.00006666669506,-980.0926971,196.6069794,4272.914429,-0.0001726334885,0.7071067691,-0.000172633474,0.7071067691;
custom,cuboid,default,1.380319118,0.1,0.1,1,1,0.25,0.75,0.1380319118,0.00006901596207,-993.4259796,209.1069794,4286.248169,-0.09203445166,0.7010917664,-0.09203445166,0.7010917664;
custom,cuboid,default,1.512588382,0.1,0.1,1,1,0.25,0.75,0.1512588382,0.00007562944083,-993.4259796,214.4641304,4299.581299,-0.1723537296,0.6857799888,-0.1723537296,0.6857799888;
custom,cuboid,default,1.710456729,0.1,0.1,1,1,0.25,0.75,0.1710456729,0.0000855228689,-993.4259796,223.3926964,4312.914429,-0.2346072942,0.6670528054,-0.2346072942,0.6670527458;
custom,cuboid,default,1.710456848,0.1,0.1,1,1,0.25,0.75,0.1710456848,0.00008552284562,-980.0926971,212.6784134,4312.914429,-0.2345620394,0.6661795974,-0.2345683277,0.6679543853;
custom,cuboid,default,1.710456848,0.1,0.1,1,1,0.25,0.75,0.1710456848,0.00008552285726,-966.7594147,205.5355453,4312.914429,-0.2346162051,0.6670496464,-0.2346161902,0.6670496464;
custom,cuboid,default,1.710456848,0.1,0.1,1,1,0.25,0.75,0.1710456848,0.00008552285144,-953.4259796,201.9641304,4312.914429,-0.2354689538,0.6667491198,-0.2354689389,0.6667491198;
custom,cuboid,default,1.954097867,0.1,0.1,1,1,0.5,0.5,0.1954097867,0.0000977049116,-953.4259796,214.4641304,4326.248169,-0.2812451124,0.6487689614,-0.2812451124,0.6487689614;
custom,cuboid,default,1.954097748,0.1,0.1,1,1,0.5,0.5,0.1954097748,0.0000977049116,-966.7594147,218.0355453,4326.248169,-0.2816546857,0.64859128,-0.2816546857,0.64859128;
custom,cuboid,default,1.954098225,0.1,0.1,1,1,0.5,0.5,0.1954098225,0.00009770493489,-980.0926971,225.1784134,4326.248169,-0.2820209265,0.6484321356,-0.2820209265,0.648432076;
custom,cuboid,default,1.954098225,0.1,0.1,1,1,0.5,0.5,0.1954098225,0.00009770493489,-993.4259796,235.8926964,4326.248169,-0.2816632986,0.6485875249,-0.2816632986,0.6485875249;
custom,cuboid,default,1.954098225,0.1,0.1,1,1,0.5,0.5,0.1954098225,0.00009770492325,-1006.759415,250.1784134,4326.248169,-0.2816928923,0.6485747099,-0.2816928923,0.6485746503;
custom,cuboid,default,1.71045661,0.1,0.1,1,1,0.5,0.5,0.171045661,0.0000855228689,-1006.759415,237.6784134,4312.914429,-0.2348987013,0.6669502258,-0.2348986864,0.6669502258;
custom,cuboid,default,1.512589097,0.1,0.1,1,1,0.5,0.5,0.1512589097,0.00007562944666,-1006.759415,228.7498474,4299.581299,-0.1719627976,0.6858781576,-0.1719627976,0.685878098;
custom,cuboid,default,1.380319118,0.1,0.1,1,1,0.5,0.5,0.1380319118,0.00006901595625,-1006.759415,223.3926964,4286.248169,-0.09177670628,0.7011255622,-0.09177670628,0.7011255622;
custom,cuboid,default,1.333333611,0.1,0.1,1,1,0.5,0.5,0.1333333611,0.00006666669506,-1006.759415,221.6069794,4272.914429,-0.0001717869309,0.7071067691,-0.0001717869309,0.7071067691;
custom,cuboid,default,1.380319238,0.1,0.1,1,1,0.75,0.25,0.1380319238,0.00006901597953,-1020.092697,241.2498474,4286.248169,-0.09244960546,0.7010371685,-0.09244960546,0.7010371089;
custom,cuboid,default,1.512589097,0.1,0.1,1,1,0.75,0.25,0.1512589097,0.00007562945248,-1020.092697,246.6069794,4299.581299,-0.1719718575,0.6858758926,-0.1719718426,0.685875833;
custom,cuboid,default,1.710456729,0.1,0.1,1,1,0.75,0.25,0.1710456729,0.0000855228689,-1020.092697,255.5355453,4312.914429,-0.2346072942,0.6670528054,-0.2346072942,0.6670527458;
custom,cuboid,default,1.954097986,0.1,0.1,1,1,0.75,0.25,0.1954097986,0.0000977049116,-1020.092697,268.0355453,4326.248169,-0.2816546559,0.64859128,-0.2816546559,0.64859128;
custom,cuboid,default,2.22854805,0.1,0.1,1,1,0.75,0.25,0.222854805,0.0001114274259,-1020.092697,284.1069794,4339.581299,-0.3163808584,0.6323789954,-0.3163808286,0.6323789358;
custom,cuboid,default,2.228547573,0.1,0.1,1,1,0.75,0.25,0.2228547573,0.0001114274026,-1006.759415,266.2498474,4339.581299,-0.3167540729,0.6321921349,-0.3167540431,0.6321920753;
custom,cuboid,default,2.228549004,0.1,0.1,1,1,0.75,0.25,0.2228549004,0.0001114274724,-993.4259796,251.9641304,4339.581299,-0.3167373538,0.6322004795,-0.3167373538,0.6322004795;
custom,cuboid,default,2.228549004,0.1,0.1,1,1,0.75,0.25,0.2228549004,0.0001114274724,-980.0926971,241.2498474,4339.581299,-0.3167415857,0.6321983933,-0.3167415559,0.6321983337;
custom,cuboid,default,2.228549004,0.1,0.1,1,1,0.75,0.25,0.2228549004,0.0001114274724,-966.7594147,234.1069794,4339.581299,-0.3167457283,0.6321963072,-0.3167457283,0.6321962476;
custom,cuboid,default,2.228549004,0.1,0.1,1,1,0.75,0.25,0.2228549004,0.0001114274724,-953.4259796,230.5355453,4339.581299,-0.3170993626,0.6320189834,-0.3170993626,0.6320189834;
custom,cuboid,default,2.523777723,0.1,0.1,1,1,1,0,0.2523777723,0.0001261889003,-953.4259796,250.1784134,4352.914429,-0.343247354,0.6182081103,-0.343247354,0.6182081103;
custom,cuboid,default,2.523777723,0.1,0.1,1,1,1,0,0.2523777723,0.0001261889003,-966.7594147,253.7498474,4352.914429,-0.343247354,0.6182081103,-0.343247354,0.6182081103;
custom,cuboid,default,2.523777008,0.1,0.1,1,1,1,0,0.2523777008,0.0001261888654,-980.0926971,260.8926964,4352.914429,-0.3432473242,0.6182081103,-0.3432472944,0.6182081103;
custom,cuboid,default,2.523778439,0.1,0.1,1,1,1,0,0.2523778439,0.0001261889236,-993.4259796,271.6069794,4352.914429,-0.343247354,0.6182081103,-0.343247354,0.6182081103;
custom,cuboid,default,2.523778439,0.1,0.1,1,1,1,0,0.2523778439,0.0001261889585,-1006.759415,285.8926773,4352.914429,-0.3432433009,0.6182103753,-0.3432433009,0.6182103157;
custom,cuboid,default,2.523777246,0.1,0.1,1,1,1,0,0.2523777246,0.0001261888654,-1020.092697,303.7498474,4352.914429,-0.3435548842,0.6180372834,-0.3435548842,0.6180372238;
custom,cuboid,default,2.523778439,0.1,0.1,1,1,1,0,0.2523778439,0.0001261889469,-1033.42598,325.1784134,4352.914429,-0.3435499966,0.6180399656,-0.3435499668,0.6180399656;
custom,cuboid,default,2.22854805,0.1,0.1,1,1,1,0,0.222854805,0.0001114274259,-1033.42598,305.5355453,4339.581299,-0.3167118728,0.6322132945,-0.316711843,0.6322132349;
custom,cuboid,default,1.954097748,0.1,0.1,1,1,1,0,0.1954097748,0.00009770488832,-1033.42598,289.4641113,4326.248169,-0.2816886902,0.648576498,-0.2816886902,0.648576498;
custom,cuboid,default,1.710457087,0.1,0.1,1,1,1,0,0.1710457087,0.00008552288054,-1033.42598,276.9641113,4312.914429,-0.2348914146,0.6669527888,-0.2348914146,0.6669527888;
custom,cuboid,default,1.512588024,0.1,0.1,1,1,1,0,0.1512588024,0.00007562942337,-1033.42598,268.0355453,4299.581299,-0.1719761938,0.6858747602,-0.1719761789,0.6858747602;
custom,cuboid,default,1.380319118,0.1,0.1,1,1,1,0,0.1380319118,0.00006901596207,-1033.42598,262.6784134,4286.248169,-0.09208186716,0.7010855675,-0.09208185971,0.7010855079;
custom,cuboid,default,1.333313227,0.1,0.1,1,1,1,0,0.1333313227,0.00006666566478,-946.7636871,260.8860397,4359.575195,0.3828275204,0.002385758329,-0.00067086122,0.9238165021;
custom,cuboid,default,1.380319118,0.1,0.1,1,1,1,0,0.1380319118,0.00006901596207,-960.0969696,262.6717377,4359.575195,0,0,-0.1302234083,0.9914847016;
custom,cuboid,default,1.512588024,0.1,0.1,1,1,1,0,0.1512588024,0.00007562942337,-973.4302521,268.0288696,4359.575195,0,0,-0.243211031,0.9699733853;
custom,cuboid,default,1.710457087,0.1,0.1,1,1,1,0,0.1710457087,0.00008552288054,-986.7636871,276.9574547,4359.575195,0,0,-0.3321866095,0.9432137012;
custom,cuboid,default,1.954097748,0.1,0.1,1,1,1,0,0.1954097748,0.00009770488832,-1000.09697,289.4574547,4359.575195,0,0,-0.3983679712,0.9172256589;
custom,cuboid,default,2.22854805,0.1,0.1,1,1,1,0,0.222854805,0.0001114274259,-1013.430252,305.5288887,4359.575195,0,0,-0.4478982091,0.8940845728;
custom,cuboid,default,2.523778439,0.1,0.1,1,1,1,0,0.2523778439,0.0001261889469,-1026.763687,325.1717377,4359.575195,0,0,-0.4858530462,0.8740404844;
custom,cuboid,default,2.523777246,0.1,0.1,1,1,1,0,0.2523777246,0.0001261888654,-1026.764603,303.7358475,4346.251221,0,0,-0.4858599603,0.8740366697;
custom,cuboid,default,2.523778439,0.1,0.1,1,1,1,0,0.2523778439,0.0001261889585,-1026.754379,285.8868408,4332.914429,0,0,-0.485419333,0.874281466;
custom,cuboid,default,2.523778439,0.1,0.1,1,1,1,0,0.2523778439,0.0001261889236,-1026.754532,271.6064835,4319.575806,0,0,-0.485425055,0.874278307;
custom,cuboid,default,2.523777008,0.1,0.1,1,1,1,0,0.2523777008,0.0001261888654,-1026.755753,260.8863831,4306.245117,0,0,-0.4854250252,0.874278307;
custom,cuboid,default,2.523777723,0.1,0.1,1,1,1,0,0.2523777723,0.0001261889003,-1026.756058,253.7430954,4292.910156,0,0,-0.485425055,0.874278307;
custom,cuboid,default,2.523777723,0.1,0.1,1,1,1,0,0.2523777723,0.0001261889003,-1026.762924,250.1853943,4279.573364,0,0,-0.485425055,0.874278307;
custom,cuboid,default,2.228549004,0.1,0.1,1,1,0.75,0.25,0.2228549004,0.0001114274724,-1013.429642,230.5425262,4279.573364,0,0,-0.4484462142,0.8938097954;
custom,cuboid,default,2.228549004,0.1,0.1,1,1,0.75,0.25,0.2228549004,0.0001114274724,-1013.422623,234.1002464,4292.910156,0,0,-0.4479461014,0.8940605521;
custom,cuboid,default,2.228549004,0.1,0.1,1,1,0.75,0.25,0.2228549004,0.0001114274724,-1013.422318,241.2435341,4306.245117,0,0,-0.4479402304,0.8940635324;
custom,cuboid,default,2.228549004,0.1,0.1,1,1,0.75,0.25,0.2228549004,0.0001114274724,-1013.421249,251.9636154,4319.575806,0,0,-0.4479342401,0.8940665126;
custom,cuboid,default,2.228547573,0.1,0.1,1,1,0.75,0.25,0.2228547573,0.0001114274026,-1013.421097,266.2440109,4332.914429,0,0,-0.4479578733,0.8940546513;
custom,cuboid,default,2.22854805,0.1,0.1,1,1,0.75,0.25,0.222854805,0.0001114274259,-1013.431168,284.0929794,4346.251221,0,0,-0.4474300742,0.8943189383;
custom,cuboid,default,1.954097986,0.1,0.1,1,1,0.75,0.25,0.1954097986,0.0000977049116,-1000.097885,268.0215454,4346.251221,0,0,-0.3983198404,0.9172465801;
custom,cuboid,default,1.710456729,0.1,0.1,1,1,0.75,0.25,0.1710456729,0.0000855228689,-986.7646027,255.5215645,4346.251221,0,0,-0.3317847848,0.9433550835;
custom,cuboid,default,1.512589097,0.1,0.1,1,1,0.75,0.25,0.1512589097,0.00007562945248,-973.4311676,246.5929985,4346.251221,0,0,-0.2432049066,0.9699749351;
custom,cuboid,default,1.380319238,0.1,0.1,1,1,0.75,0.25,0.1380319238,0.00006901597953,-960.0978851,241.2358475,4346.251221,0,0,-0.1307434738,0.9914162159;
custom,cuboid,default,1.333333611,0.1,0.1,1,1,0.75,0.25,0.1333333611,0.00006666669506,-946.7646027,239.4501495,4346.251221,0,0,0.0002441405959,1;
custom,cuboid,default,1.333333611,0.1,0.1,1,1,0.5,0.5,0.1333333611,0.00006666669506,-946.7543793,221.601162,4332.914429,0,0,-0.0002429433953,1;
custom,cuboid,default,1.380319238,0.1,0.1,1,1,0.5,0.5,0.1380319238,0.00006901596207,-960.0878143,223.386879,4332.914429,0,0,-0.1297918558,0.9915412664;
custom,cuboid,default,1.512589097,0.1,0.1,1,1,0.5,0.5,0.1512589097,0.00007562944666,-973.4210968,228.7440109,4332.914429,0,0,-0.2431921214,0.9699781537;
custom,cuboid,default,1.710456729,0.1,0.1,1,1,0.5,0.5,0.1710456729,0.0000855228689,-986.7543793,237.6725769,4332.914429,0,0,-0.3321968615,0.9432100654;
custom,cuboid,default,1.954098225,0.1,0.1,1,1,0.5,0.5,0.1954098225,0.00009770492325,-1000.087814,250.1725769,4332.914429,0,0,-0.3983739018,0.9172230959;
custom,cuboid,default,1.954098225,0.1,0.1,1,1,0.5,0.5,0.1954098225,0.00009770493489,-1000.087967,235.8922005,4319.575806,0,0,-0.3983320594,0.9172412753;
custom,cuboid,default,1.954098225,0.1,0.1,1,1,0.5,0.5,0.1954098225,0.00009770493489,-1000.089035,225.1721001,4306.245117,0,0,-0.398837775,0.917021513;
custom,cuboid,default,1.954097748,0.1,0.1,1,1,0.5,0.5,0.1954097748,0.0000977049116,-1000.08934,218.0288315,4292.910156,0,0,-0.3983198702,0.9172465801;
custom,cuboid,default,1.954097867,0.1,0.1,1,1,0.5,0.5,0.1954097867,0.0000977049116,-1000.096207,214.4711113,4279.573364,0,0,-0.3977406621,0.9174978733;
custom,cuboid,default,1.710456848,0.1,0.1,1,1,0.25,0.75,0.1710456848,0.00008552285726,-986.7629242,201.9711113,4279.573364,0,0,-0.3330033422,0.942925632;
custom,cuboid,default,1.710456967,0.1,0.1,1,1,0.25,0.75,0.1710456967,0.00008552284562,-986.7560577,205.5288315,4292.910156,0,0,-0.3317973614,0.9433506727;
custom,cuboid,default,1.710456848,0.1,0.1,1,1,0.25,0.75,0.1710456848,0.00008552284562,-986.7557526,212.6721191,4306.245117,0.000004459539014,-0.001254975679,-0.3317252696,0.9433752298;
custom,cuboid,default,1.710456729,0.1,0.1,1,1,0.25,0.75,0.1710456729,0.0000855228689,-986.7545319,223.3922005,4319.575806,0,0,-0.3317847848,0.9433550835;
custom,cuboid,default,1.512588382,0.1,0.1,1,1,0.25,0.75,0.1512588382,0.00007562944083,-973.4212494,214.4636345,4319.575806,0,0,-0.2437449843,0.9698393345;
custom,cuboid,default,1.380319118,0.1,0.1,1,1,0.25,0.75,0.1380319118,0.00006901596207,-960.0879669,209.1064835,4319.575806,0,0,-0.1301563531,0.9914934635;
custom,cuboid,default,1.333333492,0.1,0.1,1,1,0.25,0.75,0.1333333492,0.00006666668924,-946.7545319,207.3207855,4319.575806,0,0,-0.0003017743875,0.9999999404;
custom,cuboid,default,1.333333611,0.1,0.1,1,1,0,1,0.1333333611,0.00006666669506,-946.7557526,196.6006851,4306.245117,0,0,-0.0002441405959,1;
custom,cuboid,default,1.380319118,0.1,0.1,1,1,0,1,0.1380319118,0.00006901597953,-960.089035,198.3864021,4306.245117,0,0,-0.1297754794,0.9915434122;
custom,cuboid,default,1.512588382,0.1,0.1,1,1,0,1,0.1512588382,0.00007562944083,-973.4223175,203.7435532,4306.245117,0,0,-0.2431921214,0.9699781537;
custom,cuboid,default,1.512588739,0.1,0.1,1,1,0,1,0.1512588739,0.00007562946412,-973.4226227,196.6002655,4292.910156,0,0,-0.2431985885,0.9699765444;
custom,cuboid,default,1.512588739,0.1,0.1,1,1,0,1,0.1512588739,0.00007562946412,-973.4296417,193.0425453,4279.573364,0,0,-0.2431985885,0.9699765444;
custom,cuboid,default,1.380319238,0.1,0.1,1,0.75,0,1,0.1380319238,0.00006901598535,-960.0962067,187.6853943,4279.573364,0,0,-0.1307648718,0.9914134145;
custom,cuboid,default,1.380319238,0.1,0.1,1,0.75,0,1,0.1380319238,0.00006901597953,-960.0893402,191.2431145,4292.910156,0,0,-0.1307595521,0.9914141297;
custom,cuboid,default,1.333333611,0.1,0.1,1,0.75,0,1,0.1333333611,0.00006666669506,-946.7560577,189.4573975,4292.910156,0,0,-0.0002441405959,1;
custom,cuboid,default,1.333333611,0.1,0.1,1,0.5,0,1,0.1333333611,0.00006666669506,-946.7594147,185.8927155,4279.581299,0.000244140625,0.9999999404,0,0.00000007549789416;
custom,cuboid,default,1.380319238,0.1,0.1,1,0.75,0,1,0.1380319238,0.00006901597953,-933.4259796,191.2498474,4292.914429,-0.1307595819,0.9914141297,-0.000000009872073825,0.00000007484968023;
custom,cuboid,default,1.380319118,0.1,0.1,1,0.75,0,1,0.1380319118,0.00006901597953,-933.4259796,187.6784134,4279.581299,-0.1307649016,0.9914134145,-0.000000009872475282,0.00000007484963049;
custom,cuboid,default,1.512588739,0.1,0.1,1,1,0,1,0.1512588739,0.00007562946412,-920.0926971,193.0355644,4279.581299,-0.2431986034,0.9699764848,-0.00000001836098384,0.00000007323119178;
custom,cuboid,default,1.512588739,0.1,0.1,1,1,0,1,0.1512588739,0.00007562946412,-920.0926971,196.6069794,4292.914429,-0.2431986034,0.9699764848,-0.00000001836098384,0.00000007323119178;
custom,cuboid,default,1.512588382,0.1,0.1,1,1,0,1,0.1512588382,0.00007562944083,-920.0926971,203.7498474,4306.248169,-0.2431921363,0.9699781537,-0.00000001836049535,0.00000007323131257;
custom,cuboid,default,1.380319118,0.1,0.1,1,1,0,1,0.1380319118,0.00006901597953,-933.4259796,198.3927155,4306.248169,-0.1297755092,0.9915434122,-0.000000009797778588,0.00000007485944309;
custom,cuboid,default,1.380319118,0.1,0.1,1,1,0.25,0.75,0.1380319118,0.00006901596207,-933.4259796,209.1069794,4319.581299,-0.1301563829,0.9914934635,-0.000000009826534253,0.00000007485567721;
custom,cuboid,default,1.512588382,0.1,0.1,1,1,0.25,0.75,0.1512588382,0.00007562944083,-920.0926971,214.4641304,4319.581299,-0.2437449843,0.9698393345,-0.0000000184022344,0.00000007322083206;
custom,cuboid,default,1.71045661,0.1,0.1,1,1,0.25,0.75,0.171045661,0.0000855228689,-906.7594147,223.3926964,4319.581299,-0.3317848742,0.9433550835,-0.00000002504906149,0.00000007122132928;
custom,cuboid,default,1.710456729,0.1,0.1,1,1,0.25,0.75,0.1710456729,0.00008552284562,-906.7594147,212.6784134,4306.248169,-0.3317252994,0.9433751702,-0.00000448453784,0.001255046693;
custom,cuboid,default,1.710456848,0.1,0.1,1,1,0.25,0.75,0.1710456848,0.00008552285726,-906.7594147,205.5355644,4292.914429,-0.3317974508,0.9433506727,-0.00000002505001007,0.00000007122099532;
custom,cuboid,default,1.710456967,0.1,0.1,1,1,0.25,0.75,0.1710456967,0.00008552285144,-906.7594147,201.9641304,4279.581299,-0.3330034018,0.942925632,-0.00000002514105724,0.00000007118890721;
custom,cuboid,default,1.954097867,0.1,0.1,1,1,0.5,0.5,0.1954097867,0.0000977049116,-893.4259796,214.4641304,4279.581299,-0.3977406621,0.9174978733,-0.00000003002858406,0.00000006926916285;
custom,cuboid,default,1.954097867,0.1,0.1,1,1,0.5,0.5,0.1954097867,0.0000977049116,-893.4259796,218.0355644,4292.914429,-0.3983199,0.9172465801,-0.00000003007231797,0.00000006925019136;
custom,cuboid,default,1.954098225,0.1,0.1,1,1,0.5,0.5,0.1954098225,0.00009770493489,-893.4259796,225.1784134,4306.248169,-0.3988378346,0.9170214534,-0.00000003011141914,0.00000006923319518;
custom,cuboid,default,1.954098225,0.1,0.1,1,1,0.5,0.5,0.1954098225,0.00009770493489,-893.4259796,235.8926964,4319.581299,-0.3983320594,0.9172412753,-0.00000003007323457,0.00000006924979346;
custom,cuboid,default,1.954098225,0.1,0.1,1,1,0.5,0.5,0.1954098225,0.00009770492325,-893.4259796,250.1784134,4332.914429,-0.3983739018,0.9172230959,-0.00000003007639293,0.000000069248415;
custom,cuboid,default,1.71045661,0.1,0.1,1,1,0.5,0.5,0.171045661,0.0000855228689,-906.7594147,237.6784134,4332.914429,-0.3321969509,0.9432100654,-0.00000002508017083,0.00000007121037982;
custom,cuboid,default,1.512589097,0.1,0.1,1,1,0.5,0.5,0.1512589097,0.00007562944666,-920.0926971,228.7498474,4332.914429,-0.2431921363,0.9699781537,-0.00000001836049535,0.00000007323131257;
custom,cuboid,default,1.380319118,0.1,0.1,1,1,0.5,0.5,0.1380319118,0.00006901595625,-933.4259796,223.3927155,4332.914429,-0.1297918856,0.9915412664,-0.000000009799014045,0.00000007485927966;
custom,cuboid,default,1.380319238,0.1,0.1,1,1,0.75,0.25,0.1380319238,0.00006901597953,-933.4259796,241.2498474,4346.248169,-0.1307435036,0.9914162159,-0.000000009870859685,0.00000007484984366;
custom,cuboid,default,1.512589097,0.1,0.1,1,1,0.75,0.25,0.1512589097,0.00007562945248,-920.0926971,246.6069794,4346.248169,-0.2432049364,0.9699749351,-0.00000001836146168,0.00000007323107099;
custom,cuboid,default,1.71045661,0.1,0.1,1,1,0.75,0.25,0.171045661,0.0000855228689,-906.7594147,255.5355644,4346.248169,-0.3317848742,0.9433550835,-0.00000002504906149,0.00000007122132928;
custom,cuboid,default,1.954097986,0.1,0.1,1,1,0.75,0.25,0.1954097986,0.0000977049116,-893.4259796,268.0355453,4346.248169,-0.3983198404,0.9172465801,-0.00000003007231086,0.00000006925019136;
custom,cuboid,default,2.22854805,0.1,0.1,1,1,0.75,0.25,0.222854805,0.0001114274259,-880.0926971,284.1069794,4346.248169,-0.4474300742,0.8943189383,-0.00000003378002944,0.00000006751920267;
custom,cuboid,default,2.228547573,0.1,0.1,1,1,0.75,0.25,0.2228547573,0.0001114274026,-880.0926971,266.2498474,4332.914429,-0.4479578733,0.8940546513,-0.00000003381988023,0.00000006749925063;
custom,cuboid,default,2.228549004,0.1,0.1,1,1,0.75,0.25,0.2228549004,0.0001114274724,-880.0926971,251.9641304,4319.581299,-0.4479342401,0.8940665126,-0.00000003381809677,0.00000006750014592;
custom,cuboid,default,2.228549004,0.1,0.1,1,1,0.75,0.25,0.2228549004,0.0001114274724,-880.0926971,241.2498474,4306.248169,-0.4479402304,0.8940635324,-0.00000003381854441,0.00000006749991854;
custom,cuboid,default,2.228549004,0.1,0.1,1,1,0.75,0.25,0.2228549004,0.0001114274724,-880.0926971,234.1069794,4292.914429,-0.4479461312,0.8940605521,-0.00000003381899205,0.00000006749969117;
custom,cuboid,default,2.228549004,0.1,0.1,1,1,0.75,0.25,0.2228549004,0.0001114274724,-880.0926971,230.5355644,4279.581299,-0.4484462142,0.8938097954,-0.00000003385674674,0.00000006748076231;
custom,cuboid,default,2.523777723,0.1,0.1,1,1,1,0,0.2523777723,0.0001261889003,-866.7594147,250.1784134,4279.581299,-0.485425055,0.874278307,-0.00000003664857218,0.00000006600617297;
custom,cuboid,default,2.523777723,0.1,0.1,1,1,1,0,0.2523777723,0.0001261889003,-866.7594147,253.7498474,4292.914429,-0.485425055,0.874278307,-0.00000003664857218,0.00000006600617297;
custom,cuboid,default,2.523777008,0.1,0.1,1,1,1,0,0.2523777008,0.0001261888654,-866.7594147,260.8926964,4306.248169,-0.4854250252,0.874278307,-0.00000003664856862,0.00000006600617297;
custom,cuboid,default,2.523778439,0.1,0.1,1,1,1,0,0.2523778439,0.0001261889236,-866.7594147,271.6069794,4319.581299,-0.485425055,0.874278307,-0.00000003664857218,0.00000006600617297;
custom,cuboid,default,2.523778439,0.1,0.1,1,1,1,0,0.2523778439,0.0001261889585,-866.7594147,285.8926964,4332.914429,-0.485419333,0.874281466,-0.00000003664813875,0.00000006600641456;
custom,cuboid,default,2.523777246,0.1,0.1,1,1,1,0,0.2523777246,0.0001261888654,-866.7594147,303.7498474,4346.248169,-0.4858599603,0.8740366697,-0.00000003668140636,0.00000006598793334;
custom,cuboid,default,2.523778439,0.1,0.1,1,1,1,0,0.2523778439,0.0001261889469,-866.7594147,325.1784134,4359.581299,-0.4858530462,0.8740404844,-0.00000003668088411,0.00000006598822466;
custom,cuboid,default,2.22854805,0.1,0.1,1,1,1,0,0.222854805,0.0001114274259,-880.0926971,305.5355644,4359.581299,-0.4478982389,0.8940845728,-0.00000003381537539,0.00000006750150305;
custom,cuboid,default,1.954097748,0.1,0.1,1,1,1,0,0.1954097748,0.00009770488832,-893.4259796,289.4641304,4359.581299,-0.3983679712,0.9172256589,-0.00000003007594529,0.00000006924861395;
custom,cuboid,default,1.710456967,0.1,0.1,1,1,1,0,0.1710456967,0.00008552287472,-906.7594147,276.9641304,4359.581299,-0.3321866393,0.9432136416,-0.00000002507939456,0.00000007121064982;
custom,cuboid,default,1.512588024,0.1,0.1,1,1,1,0,0.1512588024,0.00007562942337,-920.0926971,268.0355453,4359.581299,-0.2432110608,0.9699733853,-0.00000001836192531,0.00000007323095019;
custom,cuboid,default,1.380319118,0.1,0.1,1,1,1,0,0.1380319118,0.00006901596207,-933.4259796,262.6784134,4359.581299,-0.1302234381,0.9914847016,-0.000000009831595982,0.0000000748550093;
custom,cuboid,default,1.333333611,0.1,0.1,1,0.5,0,1,0.1333333611,0.00006666669506,-940.0926971,185.8927155,4272.914429,-0.0001726334885,-0.7071067691,0.000172633474,0.7071067691;
custom,cuboid,default,1.380319238,0.1,0.1,1,0.75,0,1,0.1380319238,0.00006901597953,-926.7594147,191.2498474,4259.581299,0.0924609825,-0.7010356784,-0.09246097505,0.7010356188;
custom,cuboid,default,1.380319118,0.1,0.1,1,0.75,0,1,0.1380319118,0.00006901597953,-940.0926971,187.6784134,4259.581299,0.09246474504,-0.7010351419,-0.09246473759,0.7010351419;
custom,cuboid,default,1.512588739,0.1,0.1,1,1,0,1,0.1512588739,0.00007562946412,-940.0926971,193.0355644,4246.248169,0.1719673872,-0.6858769655,-0.1719673872,0.6858769655;
custom,cuboid,default,1.512588739,0.1,0.1,1,1,0,1,0.1512588739,0.00007562946412,-926.7594147,196.6069794,4246.248169,0.1719673872,-0.6858769655,-0.1719673872,0.6858769655;
custom,cuboid,default,1.512588382,0.1,0.1,1,1,0,1,0.1512588382,0.00007562944083,-913.4259796,203.7498474,4246.248169,0.1719628125,-0.6858781576,-0.1719627976,0.685878098;
custom,cuboid,default,1.380319118,0.1,0.1,1,1,0,1,0.1380319118,0.00006901597953,-913.4259796,198.3927155,4259.581299,0.09176513553,-0.7011270523,-0.09176512808,0.7011270523;
custom,cuboid,default,1.380319118,0.1,0.1,1,1,0.25,0.75,0.1380319118,0.00006901596207,-900.0926971,209.1069794,4259.581299,0.09203445166,-0.7010917664,-0.09203445166,0.7010917664;
custom,cuboid,default,1.512588382,0.1,0.1,1,1,0.25,0.75,0.1512588382,0.00007562944083,-900.0926971,214.4641304,4246.248169,0.1723537296,-0.6857799888,-0.1723537296,0.6857799888;
custom,cuboid,default,1.710456729,0.1,0.1,1,1,0.25,0.75,0.1710456729,0.0000855228689,-900.0926971,223.3926964,4232.914429,0.2346072942,-0.6670528054,-0.2346072942,0.6670527458;
custom,cuboid,default,1.710456848,0.1,0.1,1,1,0.25,0.75,0.1710456848,0.00008552284562,-913.4259796,212.6784134,4232.914429,0.2345683426,-0.6679544449,-0.2345620245,0.6661795974;
custom,cuboid,default,1.710456848,0.1,0.1,1,1,0.25,0.75,0.1710456848,0.00008552285726,-926.7594147,205.5355453,4232.914429,0.2346162051,-0.6670496464,-0.2346161902,0.6670496464;
custom,cuboid,default,1.710456848,0.1,0.1,1,1,0.25,0.75,0.1710456848,0.00008552285144,-940.0926971,201.9641304,4232.914429,0.2354689538,-0.6667491198,-0.2354689389,0.6667491198;
custom,cuboid,default,1.954097867,0.1,0.1,1,1,0.5,0.5,0.1954097867,0.0000977049116,-940.0926971,214.4641304,4219.581299,0.2812451124,-0.6487689614,-0.2812451124,0.6487689614;
custom,cuboid,default,1.954097748,0.1,0.1,1,1,0.5,0.5,0.1954097748,0.0000977049116,-926.7594147,218.0355453,4219.581299,0.2816546857,-0.64859128,-0.2816546857,0.64859128;
custom,cuboid,default,1.954098225,0.1,0.1,1,1,0.5,0.5,0.1954098225,0.00009770493489,-913.4259796,225.1784134,4219.581299,0.2820209265,-0.6484321356,-0.2820209265,0.648432076;
custom,cuboid,default,1.954098225,0.1,0.1,1,1,0.5,0.5,0.1954098225,0.00009770493489,-900.0926971,235.8926964,4219.581299,0.2816632986,-0.6485875249,-0.2816632986,0.6485875249;
custom,cuboid,default,1.954098225,0.1,0.1,1,1,0.5,0.5,0.1954098225,0.00009770492325,-886.7594147,250.1784134,4219.581299,0.2816928923,-0.6485747099,-0.2816928923,0.6485746503;
custom,cuboid,default,1.71045661,0.1,0.1,1,1,0.5,0.5,0.171045661,0.0000855228689,-886.7594147,237.6784134,4232.914429,0.2348987013,-0.6669502258,-0.2348986864,0.6669502258;
custom,cuboid,default,1.512589097,0.1,0.1,1,1,0.5,0.5,0.1512589097,0.00007562944666,-886.7594147,228.7498474,4246.248169,0.1719628125,-0.6858781576,-0.1719627976,0.685878098;
custom,cuboid,default,1.380319118,0.1,0.1,1,1,0.5,0.5,0.1380319118,0.00006901595625,-886.7594147,223.3926964,4259.581299,0.09177670628,-0.7011255622,-0.09177670628,0.7011255622;
custom,cuboid,default,1.380319238,0.1,0.1,1,1,0.75,0.25,0.1380319238,0.00006901597953,-873.4259796,241.2498474,4259.581299,0.09244960546,-0.7010371685,-0.09244960546,0.7010371089;
custom,cuboid,default,1.512589097,0.1,0.1,1,1,0.75,0.25,0.1512589097,0.00007562945248,-873.4259796,246.6069794,4246.248169,0.1719718575,-0.6858758926,-0.1719718426,0.685875833;
custom,cuboid,default,1.710456729,0.1,0.1,1,1,0.75,0.25,0.1710456729,0.0000855228689,-873.4259796,255.5355453,4232.914429,0.2346072942,-0.6670528054,-0.2346072942,0.6670527458;
custom,cuboid,default,1.954097986,0.1,0.1,1,1,0.75,0.25,0.1954097986,0.0000977049116,-873.4259796,268.0355453,4219.581299,0.2816546559,-0.64859128,-0.2816546559,0.64859128;
custom,cuboid,default,2.22854805,0.1,0.1,1,1,0.75,0.25,0.222854805,0.0001114274259,-873.4259796,284.1069794,4206.248169,0.3163808584,-0.6323789954,-0.3163808286,0.6323789358;
custom,cuboid,default,2.228547573,0.1,0.1,1,1,0.75,0.25,0.2228547573,0.0001114274026,-886.7594147,266.2498474,4206.248169,0.3167540729,-0.6321921349,-0.3167540431,0.6321920753;
custom,cuboid,default,2.228549004,0.1,0.1,1,1,0.75,0.25,0.2228549004,0.0001114274724,-900.0926971,251.9641304,4206.248169,0.3167373538,-0.6322004795,-0.3167373538,0.6322004795;
custom,cuboid,default,2.228549004,0.1,0.1,1,1,0.75,0.25,0.2228549004,0.0001114274724,-913.4259796,241.2498474,4206.248169,0.3167415857,-0.6321983933,-0.3167415559,0.6321983337;
custom,cuboid,default,2.228549004,0.1,0.1,1,1,0.75,0.25,0.2228549004,0.0001114274724,-926.7594147,234.1069794,4206.248169,0.3167457283,-0.6321963072,-0.3167457283,0.6321962476;
custom,cuboid,default,2.228549004,0.1,0.1,1,1,0.75,0.25,0.2228549004,0.0001114274724,-940.0926971,230.5355453,4206.248169,0.3170993626,-0.6320189834,-0.3170993626,0.6320189834;
custom,cuboid,default,2.523777723,0.1,0.1,1,1,1,0,0.2523777723,0.0001261889003,-940.0926971,250.1784134,4192.914429,0.343247354,-0.6182081103,-0.343247354,0.6182081103;
custom,cuboid,default,2.523777723,0.1,0.1,1,1,1,0,0.2523777723,0.0001261889003,-926.7594147,253.7498474,4192.914429,0.343247354,-0.6182081103,-0.343247354,0.6182081103;
custom,cuboid,default,2.523777008,0.1,0.1,1,1,1,0,0.2523777008,0.0001261888654,-913.4259796,260.8926964,4192.914429,0.3432473242,-0.6182081103,-0.3432472944,0.6182081103;
custom,cuboid,default,2.523778439,0.1,0.1,1,1,1,0,0.2523778439,0.0001261889236,-900.0926971,271.6069794,4192.914429,0.343247354,-0.6182081103,-0.343247354,0.6182081103;
custom,cuboid,default,2.523778439,0.1,0.1,1,1,1,0,0.2523778439,0.0001261889585,-886.7594147,285.8926773,4192.914429,0.3432433009,-0.6182103753,-0.3432433009,0.6182103157;
custom,cuboid,default,2.523777246,0.1,0.1,1,1,1,0,0.2523777246,0.0001261888654,-873.4259796,303.7498474,4192.914429,0.3435548842,-0.6180372834,-0.3435548842,0.6180372238;
custom,cuboid,default,2.523778439,0.1,0.1,1,1,1,0,0.2523778439,0.0001261889469,-860.0926971,325.1784134,4192.914429,0.3435499966,-0.6180399656,-0.3435499668,0.6180399656;
custom,cuboid,default,2.22854805,0.1,0.1,1,1,1,0,0.222854805,0.0001114274259,-860.0926971,305.5355453,4206.248169,0.3167118728,-0.6322132945,-0.316711843,0.6322132349;
custom,cuboid,default,1.954097748,0.1,0.1,1,1,1,0,0.1954097748,0.00009770488832,-860.0926971,289.4641113,4219.581299,0.2816886902,-0.648576498,-0.2816886902,0.648576498;
custom,cuboid,default,1.710457087,0.1,0.1,1,1,1,0,0.1710457087,0.00008552288054,-860.0926971,276.9641113,4232.914429,0.2348914146,-0.6669527888,-0.2348914146,0.6669527888;
custom,cuboid,default,1.512588024,0.1,0.1,1,1,1,0,0.1512588024,0.00007562942337,-860.0926971,268.0355453,4246.248169,0.1719761938,-0.6858747602,-0.1719761789,0.6858747602;
custom,cuboid,default,1.380319118,0.1,0.1,1,1,1,0,0.1380319118,0.00006901596207,-860.0926971,262.6784134,4259.581299,0.09208186716,-0.7010855675,-0.09208185971,0.7010855079;
custom,cuboid,default,1.333313227,0.1,0.1,1,1,1,0,0.1333313227,0.00006666566478,-860.0988007,260.8860397,4272.918701,0.2702255547,0.6549238563,-0.2711742818,0.6515499353;
custom,cuboid,default,1.380319118,0.1,0.1,1,1,1,0,0.1380319118,0.00006901596207,-860.0988007,262.6717567,4286.252441,-0.09208185971,0.7010855079,-0.09208186716,0.7010855675;
custom,cuboid,default,1.512588024,0.1,0.1,1,1,1,0,0.1512588024,0.00007562942337,-860.0988007,268.0288887,4299.585571,-0.1719761789,0.6858747602,-0.1719761938,0.6858748198;
custom,cuboid,default,1.710457087,0.1,0.1,1,1,1,0,0.1710457087,0.00008552288054,-860.0988007,276.9574738,4312.918701,-0.2348913997,0.6669527888,-0.2348914295,0.6669527888;
custom,cuboid,default,1.954097748,0.1,0.1,1,1,1,0,0.1954097748,0.00009770488832,-860.0988007,289.4574738,4326.252441,-0.2816886902,0.648576498,-0.2816886902,0.6485765576;
custom,cuboid,default,2.22854805,0.1,0.1,1,1,1,0,0.222854805,0.0001114274259,-860.0989532,305.5289078,4339.585571,-0.316711843,0.6322132349,-0.3167118728,0.6322132945;
custom,cuboid,default,2.523778439,0.1,0.1,1,1,1,0,0.2523778439,0.0001261889469,-860.0989532,325.1717377,4352.918701,-0.3435499668,0.6180399656,-0.3435499966,0.6180400252;
custom,cuboid,default,2.523777246,0.1,0.1,1,1,1,0,0.2523777246,0.0001261888654,-873.4226227,303.7358475,4352.919922,-0.3435548544,0.6180372238,-0.3435548842,0.6180372834;
custom,cuboid,default,2.523778439,0.1,0.1,1,1,1,0,0.2523778439,0.0001261889585,-886.7594147,285.8868599,4352.909546,-0.3432433009,0.6182103157,-0.3432433009,0.6182103753;
custom,cuboid,default,2.523778439,0.1,0.1,1,1,1,0,0.2523778439,0.0001261889236,-900.0981903,271.6064835,4352.909546,-0.343247354,0.6182080507,-0.343247354,0.6182081103;
custom,cuboid,default,2.523777008,0.1,0.1,1,1,1,0,0.2523777008,0.0001261888654,-913.4290314,260.8863831,4352.910767,-0.3432472944,0.6182081103,-0.3432473242,0.6182081699;
custom,cuboid,default,2.523777723,0.1,0.1,1,1,1,0,0.2523777723,0.0001261889003,-926.7639923,253.7431145,4352.911377,-0.343247354,0.6182080507,-0.343247354,0.6182081103;
custom,cuboid,default,2.523777723,0.1,0.1,1,1,1,0,0.2523777723,0.0001261889003,-940.1007843,250.1853943,4352.918091,-0.343247354,0.6182080507,-0.343247354,0.6182081103;
custom,cuboid,default,2.228549004,0.1,0.1,1,1,0.75,0.25,0.2228549004,0.0001114274724,-940.1007843,230.5425262,4339.584961,-0.3170993626,0.6320189834,-0.3170993626,0.6320189834;
custom,cuboid,default,2.228549004,0.1,0.1,1,1,0.75,0.25,0.2228549004,0.0001114274724,-926.7639923,234.1002464,4339.577637,-0.3167457283,0.6321962476,-0.3167457283,0.6321963072;
custom,cuboid,default,2.228549004,0.1,0.1,1,1,0.75,0.25,0.2228549004,0.0001114274724,-913.4290314,241.2435341,4339.577637,-0.3167415559,0.6321983337,-0.3167415857,0.6321983933;
custom,cuboid,default,2.228549004,0.1,0.1,1,1,0.75,0.25,0.2228549004,0.0001114274724,-900.0981903,251.9636345,4339.576416,-0.316737324,0.6322004795,-0.3167373538,0.6322004795;
custom,cuboid,default,2.228547573,0.1,0.1,1,1,0.75,0.25,0.2228547573,0.0001114274026,-886.7594147,266.2440109,4339.576416,-0.3167540431,0.6321920753,-0.3167540729,0.6321921349;
custom,cuboid,default,2.22854805,0.1,0.1,1,1,0.75,0.25,0.222854805,0.0001114274259,-873.4226227,284.0929794,4339.586182,-0.3163808286,0.6323789358,-0.3163808584,0.6323789954;
custom,cuboid,default,1.954097986,0.1,0.1,1,1,0.75,0.25,0.1954097986,0.0000977049116,-873.4226227,268.0215645,4326.253052,-0.2816546261,0.64859128,-0.2816546559,0.6485913396;
custom,cuboid,default,1.710456729,0.1,0.1,1,1,0.75,0.25,0.1710456729,0.0000855228689,-873.4226227,255.5215836,4312.919922,-0.2346072793,0.6670527458,-0.2346073091,0.6670528054;
custom,cuboid,default,1.512589097,0.1,0.1,1,1,0.75,0.25,0.1512589097,0.00007562945248,-873.4226227,246.5929985,4299.586182,-0.1719718426,0.685875833,-0.1719718575,0.6858758926;
custom,cuboid,default,1.380319238,0.1,0.1,1,1,0.75,0.25,0.1380319238,0.00006901597953,-873.4226227,241.2358665,4286.253052,-0.09244959801,0.7010371089,-0.09244960546,0.7010371685;
custom,cuboid,default,1.333333611,0.1,0.1,1,1,0.75,0.25,0.1333333611,0.00006666669506,-873.4226227,239.4501495,4272.919922,0.000172633474,0.7071067095,0.0001726334885,0.7071067691;
custom,cuboid,default,1.333333611,0.1,0.1,1,1,0.5,0.5,0.1333333611,0.00006666669506,-886.7594147,221.601162,4272.909546,-0.0001717869309,0.7071067095,-0.0001717869309,0.7071067691;
custom,cuboid,default,1.380319118,0.1,0.1,1,1,0.5,0.5,0.1380319118,0.00006901595625,-886.7594147,223.386879,4286.243286,-0.09177670628,0.7011255026,-0.09177671373,0.7011255622;
custom,cuboid,default,1.512589097,0.1,0.1,1,1,0.5,0.5,0.1512589097,0.00007562944666,-886.7594147,228.7440109,4299.576416,-0.1719627976,0.685878098,-0.1719628125,0.6858781576;
custom,cuboid,default,1.71045661,0.1,0.1,1,1,0.5,0.5,0.171045661,0.0000855228689,-886.7594147,237.6725769,4312.909546,-0.2348986864,0.6669502258,-0.2348987013,0.6669502258;
custom,cuboid,default,1.954098225,0.1,0.1,1,1,0.5,0.5,0.1954098225,0.00009770492325,-886.7594147,250.1725769,4326.243286,-0.2816928625,0.6485746503,-0.2816928923,0.6485747099;
custom,cuboid,default,1.954098225,0.1,0.1,1,1,0.5,0.5,0.1954098225,0.00009770493489,-900.0981903,235.8922005,4326.243286,-0.2816632688,0.6485875249,-0.2816632986,0.6485875845;
custom,cuboid,default,1.954098225,0.1,0.1,1,1,0.5,0.5,0.1954098225,0.00009770493489,-913.4290314,225.1721191,4326.244507,-0.2820208967,0.648432076,-0.2820209265,0.6484321356;
custom,cuboid,default,1.954097748,0.1,0.1,1,1,0.5,0.5,0.1954097748,0.0000977049116,-926.7639923,218.0288315,4326.244507,-0.2816546857,0.6485912204,-0.2816547155,0.64859128;
custom,cuboid,default,1.954097867,0.1,0.1,1,1,0.5,0.5,0.1954097867,0.0000977049116,-940.1007843,214.4711113,4326.251221,-0.2812451124,0.6487689614,-0.2812451422,0.648769021;
custom,cuboid,default,1.710456848,0.1,0.1,1,1,0.25,0.75,0.1710456848,0.00008552285144,-940.1007843,201.9711113,4312.918091,-0.2354689389,0.6667490602,-0.2354689538,0.6667491198;
custom,cuboid,default,1.710456848,0.1,0.1,1,1,0.25,0.75,0.1710456848,0.00008552285726,-926.7639923,205.5288315,4312.911377,-0.2346161902,0.6670496464,-0.2346162051,0.667049706;
custom,cuboid,default,1.710456848,0.1,0.1,1,1,0.25,0.75,0.1710456848,0.00008552284562,-913.4290314,212.6721191,4312.910767,-0.2345620245,0.6661795974,-0.2345683426,0.6679544449;
custom,cuboid,default,1.710456729,0.1,0.1,1,1,0.25,0.75,0.1710456729,0.0000855228689,-900.0981903,223.3922005,4312.909546,-0.2346072793,0.6670527458,-0.2346073091,0.6670528054;
custom,cuboid,default,1.512588382,0.1,0.1,1,1,0.25,0.75,0.1512588382,0.00007562944083,-900.0981903,214.4636345,4299.576416,-0.1723537147,0.6857799888,-0.1723537296,0.6857799888;
custom,cuboid,default,1.380319118,0.1,0.1,1,1,0.25,0.75,0.1380319118,0.00006901596207,-900.0981903,209.1064835,4286.243286,-0.09203445166,0.7010917068,-0.09203445911,0.7010917664;
custom,cuboid,default,1.333333492,0.1,0.1,1,1,0.25,0.75,0.1333333492,0.00006666668924,-900.0981903,207.3207855,4272.909546,-0.0002133867238,0.7071067095,-0.0002133867383,0.7071067691;
custom,cuboid,default,1.333333611,0.1,0.1,1,1,0,1,0.1333333611,0.00006666669506,-913.4290314,196.6006851,4272.910767,-0.000172633474,0.7071067095,-0.0001726334885,0.7071067691;
custom,cuboid,default,1.380319118,0.1,0.1,1,1,0,1,0.1380319118,0.00006901597953,-913.4290314,198.3864021,4286.244507,-0.09176512808,0.7011270523,-0.09176513553,0.7011271119;
custom,cuboid,default,1.512588382,0.1,0.1,1,1,0,1,0.1512588382,0.00007562944083,-913.4290314,203.7435532,4299.577637,-0.1719627976,0.685878098,-0.1719628125,0.6858781576;
custom,cuboid,default,1.512588739,0.1,0.1,1,1,0,1,0.1512588739,0.00007562946412,-926.7639923,196.6002655,4299.577637,-0.1719673723,0.6858769655,-0.1719673872,0.6858770251;
custom,cuboid,default,1.512588739,0.1,0.1,1,1,0,1,0.1512588739,0.00007562946412,-940.1007843,193.0425453,4299.584961,-0.1719673723,0.6858769655,-0.1719673872,0.6858770251;
custom,cuboid,default,1.380319118,0.1,0.1,1,0.75,0,1,0.1380319118,0.00006901597953,-940.1007843,187.6853943,4286.251221,-0.09246473759,0.7010351419,-0.09246474504,0.7010351419;
custom,cuboid,default,1.380319238,0.1,0.1,1,0.75,0,1,0.1380319238,0.00006901597953,-926.7639923,191.2431145,4286.244507,-0.09246097505,0.7010356188,-0.0924609825,0.7010356784;
custom,cuboid,default,1.333333611,0.1,0.1,1,0.75,0,1,0.1333333611,0.00006666669506,-926.7639923,189.4573975,4272.911377,-0.000172633474,0.7071067095,-0.0001726334885,0.7071067691;
custom,cuboid,default,1.333313227,0.1,0.1,1,1,1,0,0.1333313227,0.00006666566478,-946.7551422,260.8860397,4186.254272,0.0006708444562,-0.9238165021,0.3828275204,0.002385717817;
custom,cuboid,default,1.380319118,0.1,0.1,1,1,1,0,0.1380319118,0.00006901596207,-933.4217072,262.6717377,4186.254272,-0.1302234083,0.9914847016,-0.000000009831593317,0.0000000748550093;
custom,cuboid,default,1.512588024,0.1,0.1,1,1,1,0,0.1512588024,0.00007562942337,-920.0884247,268.0288696,4186.254272,-0.243211031,0.9699733853,-0.00000001836192176,0.0000000732309573;
custom,cuboid,default,1.710457087,0.1,0.1,1,1,1,0,0.1710457087,0.00008552288054,-906.7551422,276.9574547,4186.254272,-0.3321866095,0.9432137012,-0.00000002507939101,0.00000007121064982;
custom,cuboid,default,1.954097748,0.1,0.1,1,1,1,0,0.1954097748,0.00009770488832,-893.4217072,289.4574547,4186.254272,-0.3983679712,0.9172256589,-0.00000003007594529,0.00000006924861395;
custom,cuboid,default,2.22854805,0.1,0.1,1,1,1,0,0.222854805,0.0001114274259,-880.0884247,305.5288887,4186.254272,-0.4478982091,0.8940845728,-0.00000003381537184,0.00000006750150305;
custom,cuboid,default,2.523778439,0.1,0.1,1,1,1,0,0.2523778439,0.0001261889469,-866.7551422,325.1717377,4186.254272,-0.4858530462,0.8740404844,-0.00000003668088411,0.00000006598822466;
custom,cuboid,default,2.523777246,0.1,0.1,1,1,1,0,0.2523777246,0.0001261888654,-866.7542267,303.7358475,4199.577637,-0.4858599603,0.8740366697,-0.00000003668140636,0.00000006598793334;
custom,cuboid,default,2.523778439,0.1,0.1,1,1,1,0,0.2523778439,0.0001261889585,-866.7642975,285.8868408,4212.914429,-0.485419333,0.874281466,-0.00000003664813875,0.00000006600641456;
custom,cuboid,default,2.523778439,0.1,0.1,1,1,1,0,0.2523778439,0.0001261889236,-866.7641449,271.6064835,4226.253662,-0.485425055,0.874278307,-0.00000003664857218,0.00000006600617297;
custom,cuboid,default,2.523777008,0.1,0.1,1,1,1,0,0.2523777008,0.0001261888654,-866.7630768,260.8863831,4239.584351,-0.4854250252,0.874278307,-0.00000003664856862,0.00000006600617297;
custom,cuboid,default,2.523777723,0.1,0.1,1,1,1,0,0.2523777723,0.0001261889003,-866.7627716,253.7430954,4252.919312,-0.485425055,0.874278307,-0.00000003664857218,0.00000006600617297;
custom,cuboid,default,2.523777723,0.1,0.1,1,1,1,0,0.2523777723,0.0001261889003,-866.7557526,250.1853943,4266.256104,-0.485425055,0.874278307,-0.00000003664857218,0.00000006600617297;
custom,cuboid,default,2.228549004,0.1,0.1,1,1,0.75,0.25,0.2228549004,0.0001114274724,-880.0891876,230.5425262,4266.256104,-0.4484462142,0.8938097954,-0.00000003385674674,0.00000006748076231;
custom,cuboid,default,2.228549004,0.1,0.1,1,1,0.75,0.25,0.2228549004,0.0001114274724,-880.0960541,234.1002464,4252.919312,-0.4479461014,0.8940605521,-0.0000000338189885,0.00000006749969117;
custom,cuboid,default,2.228549004,0.1,0.1,1,1,0.75,0.25,0.2228549004,0.0001114274724,-880.0963593,241.2435341,4239.584351,-0.4479402304,0.8940635324,-0.00000003381854441,0.00000006749991854;
custom,cuboid,default,2.228549004,0.1,0.1,1,1,0.75,0.25,0.2228549004,0.0001114274724,-880.0974274,251.9636154,4226.253662,-0.4479342401,0.8940665126,-0.00000003381809677,0.00000006750014592;
custom,cuboid,default,2.228547573,0.1,0.1,1,1,0.75,0.25,0.2228547573,0.0001114274026,-880.09758,266.2440109,4212.914429,-0.4479578733,0.8940546513,-0.00000003381988023,0.00000006749925063;
custom,cuboid,default,2.22854805,0.1,0.1,1,1,0.75,0.25,0.222854805,0.0001114274259,-880.0875092,284.0929794,4199.577637,-0.4474300742,0.8943189383,-0.00000003378002944,0.00000006751920267;
custom,cuboid,default,1.954097986,0.1,0.1,1,1,0.75,0.25,0.1954097986,0.0000977049116,-893.4207916,268.0215454,4199.577637,-0.3983198404,0.9172465801,-0.00000003007231086,0.00000006925019136;
custom,cuboid,default,1.710456729,0.1,0.1,1,1,0.75,0.25,0.1710456729,0.0000855228689,-906.7542267,255.5215645,4199.577637,-0.3317847848,0.9433550835,-0.00000002504905439,0.00000007122132928;
custom,cuboid,default,1.512589097,0.1,0.1,1,1,0.75,0.25,0.1512589097,0.00007562945248,-920.0875092,246.5929985,4199.577637,-0.2432049066,0.9699749351,-0.00000001836145991,0.00000007323107099;
custom,cuboid,default,1.380319238,0.1,0.1,1,1,0.75,0.25,0.1380319238,0.00006901597953,-933.4207916,241.2358475,4199.577637,-0.1307434738,0.9914162159,-0.000000009870857021,0.00000007484984366;
custom,cuboid,default,1.333333611,0.1,0.1,1,1,0.75,0.25,0.1333333611,0.00006666669506,-946.7542267,239.4501495,4199.577637,0.0002441405959,1,0,0.00000007549789416;
custom,cuboid,default,1.333333611,0.1,0.1,1,1,0.5,0.5,0.1333333611,0.00006666669506,-946.7642975,221.601162,4212.914429,-0.0002429433953,1,0,0.00000007549789416;
custom,cuboid,default,1.380319118,0.1,0.1,1,1,0.5,0.5,0.1380319118,0.00006901596207,-933.431015,223.386879,4212.914429,-0.1297918409,0.9915412664,-0.000000009799010492,0.00000007485927966;
custom,cuboid,default,1.512589097,0.1,0.1,1,1,0.5,0.5,0.1512589097,0.00007562944666,-920.09758,228.7440109,4212.914429,-0.2431921363,0.9699781537,-0.00000001836049535,0.00000007323131257;
custom,cuboid,default,1.710456729,0.1,0.1,1,1,0.5,0.5,0.1710456729,0.0000855228689,-906.7642975,237.6725769,4212.914429,-0.3321968615,0.9432100654,-0.0000000250801655,0.00000007121037982;
custom,cuboid,default,1.954098225,0.1,0.1,1,1,0.5,0.5,0.1954098225,0.00009770492325,-893.431015,250.1725769,4212.914429,-0.3983739018,0.9172230959,-0.00000003007639293,0.000000069248415;
custom,cuboid,default,1.954098225,0.1,0.1,1,1,0.5,0.5,0.1954098225,0.00009770493489,-893.4308624,235.8922005,4226.253662,-0.3983320594,0.9172412753,-0.00000003007323457,0.00000006924979346;
custom,cuboid,default,1.954098225,0.1,0.1,1,1,0.5,0.5,0.1954098225,0.00009770493489,-893.4297943,225.1721001,4239.584351,-0.398837775,0.917021513,-0.00000003011141558,0.00000006923319518;
custom,cuboid,default,1.954097748,0.1,0.1,1,1,0.5,0.5,0.1954097748,0.0000977049116,-893.4293365,218.0288315,4252.919312,-0.3983198702,0.9172465801,-0.00000003007231442,0.00000006925019136;
custom,cuboid,default,1.954097867,0.1,0.1,1,1,0.5,0.5,0.1954097867,0.0000977049116,-893.4224701,214.4711113,4266.256104,-0.3977406621,0.9174978733,-0.00000003002858406,0.00000006926916285;
custom,cuboid,default,1.710456848,0.1,0.1,1,1,0.25,0.75,0.1710456848,0.00008552285726,-906.7557526,201.9711113,4266.256104,-0.3330033422,0.942925632,-0.00000002514105368,0.00000007118890721;
custom,cuboid,default,1.710456967,0.1,0.1,1,1,0.25,0.75,0.1710456967,0.00008552284562,-906.7627716,205.5288315,4252.919312,-0.3317973614,0.9433506727,-0.00000002505000296,0.00000007122099532;
custom,cuboid,default,1.710456848,0.1,0.1,1,1,0.25,0.75,0.1710456848,0.00008552284562,-906.7630768,212.6721191,4239.584351,-0.3317252696,0.9433752298,-0.000004484490091,0.001255046693;
custom,cuboid,default,1.710456729,0.1,0.1,1,1,0.25,0.75,0.1710456729,0.0000855228689,-906.7641449,223.3922005,4226.253662,-0.3317847848,0.9433550835,-0.00000002504905439,0.00000007122132928;
custom,cuboid,default,1.512588382,0.1,0.1,1,1,0.25,0.75,0.1512588382,0.00007562944083,-920.0974274,214.4636345,4226.253662,-0.2437449843,0.9698393345,-0.0000000184022344,0.00000007322083206;
custom,cuboid,default,1.380319118,0.1,0.1,1,1,0.25,0.75,0.1380319118,0.00006901596207,-933.4308624,209.1064835,4226.253662,-0.1301563531,0.9914934635,-0.000000009826531588,0.00000007485567721;
custom,cuboid,default,1.380319118,0.1,0.1,1,1,0,1,0.1380319118,0.00006901597953,-933.4297943,198.3864021,4239.584351,-0.1297754794,0.9915434122,-0.000000009797775924,0.00000007485944309;
custom,cuboid,default,1.512588382,0.1,0.1,1,1,0,1,0.1512588382,0.00007562944083,-920.0963593,203.7435532,4239.584351,-0.2431921363,0.9699781537,-0.00000001836049535,0.00000007323131257;
custom,cuboid,default,1.512588739,0.1,0.1,1,1,0,1,0.1512588739,0.00007562946412,-920.0960541,196.6002655,4252.919312,-0.2431986034,0.9699764848,-0.00000001836098384,0.00000007323119178;
custom,cuboid,default,1.512588739,0.1,0.1,1,1,0,1,0.1512588739,0.00007562946412,-920.0891876,193.0425453,4266.256104,-0.2431986034,0.9699764848,-0.00000001836098384,0.00000007323119178;
custom,cuboid,default,1.380319238,0.1,0.1,1,0.75,0,1,0.1380319238,0.00006901598535,-933.4224701,187.6853943,4266.256104,-0.1307648718,0.9914134145,-0.000000009872473505,0.00000007484963049;
custom,cuboid,default,1.380319238,0.1,0.1,1,0.75,0,1,0.1380319238,0.00006901597953,-933.4293365,191.2431145,4252.919312,-0.1307595521,0.9914141297,-0.000000009872072049,0.00000007484968023;
custom,cuboid,default,1.333333611,0.1,0.1,1,0.75,0,1,0.1333333611,0.00006666669506,-946.7627716,189.4573975,4252.919312,-0.0002441405959,1,0,0.00000007549789416;
