


map,disablebounds;




spawnpoint,playerC,0,633.205212,-3299.855352,0,0,0,1;
spawnpoint,playerM,0,633.205212,-3299.855352,0,0,0,1;




racing,startcuboid,6,6,1.2,0,621.205212,-3239.855352,0,0,0,1;

custom,cylinder,empty,0.12,0,0.12,1,0,0,0,1,1,0,621.205212,-3299.855352,0,0,0,1;

custom,cylinder,ice1,1.2,3,1.2,1,1,1,1,0.1,0.5,-0.000024,891.205356,-3011.855712,0,0,-0.70711,0.70711;
custom,cylinder,ice1,1.2,3,1.2,1,1,1,1,0.1,0.5,-0.000228,891.205356,-3071.855352,0,0,-0.70711,0.70711;
custom,cylinder,ice1,1.2,3,1.2,1,1,1,1,0.1,0.5,0,651.205212,-3311.855352,0,0,-0.70711,0.70711;
custom,cylinder,ice1,1.2,3,1.2,1,1,1,1,0.1,0.5,0,591.205212,-3311.855352,0,0,-0.70711,0.70711;
custom,cylinder,ice1,1.2,3,1.2,1,1,1,1,0.1,0.5,-0.000012,351.205488,-3071.856084,0,0,-0.70711,0.70711;
custom,cylinder,ice1,1.2,3,1.2,1,1,1,1,0.1,0.5,-0.000024,351.205032,-3011.855712,0,0,-0.70711,0.70711;
custom,cylinder,ice1,1.2,3,1.2,1,1,1,1,0.1,0.5,-0.000036,591.20526,-2771.855532,0,0,-0.70711,0.70711;
custom,cylinder,ice1,1.2,3,1.2,1,1,1,1,0.1,0.5,-0.000036,651.205212,-2771.855532,0,0,-0.70711,0.70711;
custom,cylinder,ice1,1.2,3,1.2,1,1,1,1,0.1,0.5,270,621.205212,-3011.855352,0,0,-1,0;
custom,cylinder,ice1,1.2,3,1.2,1,1,1,1,0.1,0.5,270,621.205212,-3071.855352,0,0,-1,0;
custom,cylinder,ice1,1.2,3,1.2,1,1,1,1,0.1,0.5,30,621.205212,-3311.855352,0,0,-1,0;
custom,cylinder,ice1,1.2,3,1.2,1,1,1,1,0.1,0.5,-30,621.205212,-3311.855352,0,0,-1,0;
custom,cylinder,ice1,1.2,3,1.2,1,1,1,1,0.1,0.5,-270,621.205212,-3071.855352,0,0,-1,0;
custom,cylinder,ice1,1.2,3,1.2,1,1,1,1,0.1,0.5,-270,621.205212,-3011.855352,0,0,-1,0;
custom,cylinder,ice1,1.2,3,1.2,1,1,1,1,0.1,0.5,-30,621.205212,-2771.855352,0,0,-1,0;
custom,cylinder,ice1,1.2,3,1.2,1,1,1,1,0.1,0.5,30.000012,621.205212,-2771.855352,0,0,-1,0;
custom,cylinder,ice1,1.2,3,1.2,1,1,1,1,0.1,0.5,270,651.205212,-3041.855352,0.5,-0.5,-0.5,0.5;
custom,cylinder,ice1,1.2,3,1.2,1,1,1,1,0.1,0.5,270,591.205212,-3041.855352,0.5,-0.5,-0.5,0.5;
custom,cylinder,ice1,1.2,3,1.2,1,1,1,1,0.1,0.5,-270,591.205212,-3041.855352,0.5,-0.5,-0.5,0.5;
custom,cylinder,ice1,1.2,3,1.2,1,1,1,1,0.1,0.5,-270,651.205212,-3041.855352,0.5,-0.5,-0.5,0.5;
custom,cylinder,ice1,1.2,3,1.2,1,1,1,1,0.1,0.5,30,351.205212,-3041.855352,0,-0.70711,-0.70711,0;
custom,cylinder,ice1,1.2,3,1.2,1,1,1,1,0.1,0.5,-30,351.205212,-3041.855352,0,-0.70711,-0.70711,0;
custom,cylinder,ice1,1.2,3,1.2,1,1,1,1,0.1,0.5,-30,891.205164,-3041.855352,0,-0.70711,-0.70711,0;
custom,cylinder,ice1,1.2,3,1.2,1,1,1,1,0.1,0.5,30,891.205164,-3041.855352,0,-0.70711,-0.70711,0;
custom,cylinder,ice1,1.2,16.97058,1.2,1,1,1,1,0.1,2.82843,-150.000156,771.205164,-3011.856084,0,0,-0.38268,0.92388;
custom,cylinder,ice1,1.2,16.97058,1.2,1,1,1,1,0.1,2.82843,-149.99988,771.20526,-3071.855352,0,0,-0.38268,0.92388;
custom,cylinder,ice1,1.2,16.97058,1.2,1,1,1,1,0.1,2.82843,150.000156,771.205356,-3071.855712,0,0,0.38268,0.92388;
custom,cylinder,ice1,1.2,16.97058,1.2,1,1,1,1,0.1,2.82843,149.99988,771.20526,-3011.855352,0,0,0.38268,0.92388;
custom,cylinder,ice1,1.2,16.97058,1.2,1,1,1,1,0.1,2.82843,-150.000324,471.205764,-3011.857176,0,0,0.38268,0.92388;
custom,cylinder,ice1,1.2,16.97058,1.2,1,1,1,1,0.1,2.82843,-150.000348,471.205584,-3071.855352,0,0,0.38268,0.92388;
custom,cylinder,ice1,1.2,16.97058,1.2,1,1,1,1,0.1,2.82843,150.000204,471.205716,-3011.856816,0,0,-0.38268,0.92388;
custom,cylinder,ice1,1.2,16.97058,1.2,1,1,1,1,0.1,2.82843,149.99988,471.205128,-3071.855352,0,0,-0.38268,0.92388;
custom,cylinder,ice1,1.2,16.97058,1.2,1,1,1,1,0.1,2.82843,-30.000072,771.205164,-3191.856084,0.2706,-0.65328,-0.2706,0.65328;
custom,cylinder,ice1,1.2,16.97058,1.2,1,1,1,1,0.1,2.82843,29.999196,771.20526,-3191.856084,0.2706,-0.65328,-0.2706,0.65328;
custom,cylinder,ice1,1.2,16.97058,1.2,1,1,1,1,0.1,2.82843,29.999556,771.205356,-2891.855712,-0.2706,-0.65328,0.2706,0.65328;
custom,cylinder,ice1,1.2,16.97058,1.2,1,1,1,1,0.1,2.82843,-30.000816,771.20526,-2891.856084,-0.2706,-0.65328,0.2706,0.65328;
custom,cylinder,ice1,1.2,16.97058,1.2,1,1,1,1,0.1,2.82843,-29.998968,471.205764,-3191.856444,-0.2706,-0.65328,0.2706,0.65328;
custom,cylinder,ice1,1.2,16.97058,1.2,1,1,1,1,0.1,2.82843,29.999196,471.205584,-3191.856444,-0.2706,-0.65328,0.2706,0.65328;
custom,cylinder,ice1,1.2,16.97058,1.2,1,1,1,1,0.1,2.82843,-29.999352,471.205764,-2891.855712,0.2706,-0.65328,-0.2706,0.65328;
custom,cylinder,ice1,1.2,16.97058,1.2,1,1,1,1,0.1,2.82843,29.999184,471.205128,-2891.856084,0.2706,-0.65328,-0.2706,0.65328;
custom,cylinder,ice1,1.2,16.97058,1.2,1,1,1,1,0.1,2.82843,149.99952,651.205212,-3191.856084,-0.2706,-0.65328,-0.65328,0.2706;
custom,cylinder,ice1,1.2,16.97058,1.2,1,1,1,1,0.1,2.82843,149.999628,591.205944,-3191.856084,-0.2706,-0.65328,-0.65328,0.2706;
custom,cylinder,ice1,1.2,16.97058,1.2,1,1,1,1,0.1,2.82843,149.999724,591.205584,-2891.855712,-0.65328,-0.2706,-0.2706,0.65328;
custom,cylinder,ice1,1.2,16.97058,1.2,1,1,1,1,0.1,2.82843,149.999628,651.205944,-2891.856084,-0.65328,-0.2706,-0.2706,0.65328;
custom,cylinder,ice1,1.2,16.97058,1.2,1,1,1,1,0.1,2.82843,-149.999928,651.20412,-3191.856444,-0.65328,-0.2706,-0.2706,0.65328;
custom,cylinder,ice1,1.2,16.97058,1.2,1,1,1,1,0.1,2.82843,-150.000096,591.205992,-3191.856444,-0.65328,-0.2706,-0.2706,0.65328;
custom,cylinder,ice1,1.2,16.97058,1.2,1,1,1,1,0.1,2.82843,-149.999952,651.20448,-2891.855712,-0.2706,-0.65328,-0.65328,0.2706;
custom,cylinder,ice1,1.2,16.97058,1.2,1,1,1,1,0.1,2.82843,-150.000576,591.205992,-2891.856084,-0.2706,-0.65328,-0.65328,0.2706;


custom,cylinder,empty,5.508,0.102,5.508,1,0,0,0,0.459,0.017,88.310856,697.618968,-2970.084408,-0.70711,0,0,0.70711;
custom,cylinder,empty,5.508,0.102,5.508,1,0,0,0,0.459,0.017,-85.089156,697.618968,-2970.084408,-0.70711,0,0,0.70711;
custom,cylinder,empty,5.508,0.102,5.508,1,0,0,0,0.459,0.017,88.310856,544.618932,-2970.084408,-0.70711,0,0,0.70711;
custom,cylinder,empty,5.508,0.102,5.508,1,0,0,0,0.459,0.017,-85.089156,544.618932,-2970.084408,-0.70711,0,0,0.70711;


custom,prism,empty,33.94116,1.2,33.9412896,1,0.2,0.2,0.4,1,1,-96.382309,763.1519129,-2949.7693956,0.42471,-0.33985,0.17592,0.82047;
custom,prism,empty,33.941172,1.2,33.9413035,1,0.2,0.2,0.4,1,1,-92.0870018,763.1521015,-3138.2375676,0.17592,-0.82047,0.42471,0.33985;
custom,prism,empty,33.94116,1.2,33.9412896,1,0.2,0.2,0.4,1,1,96.3823209,763.1521046,-3133.9424004,0.17592,0.82047,-0.42471,0.33985;
custom,prism,empty,33.94116,1.2,33.9412896,1,0.2,0.2,0.4,1,1,92.0869881,763.1522845,-2945.4742308,0.42471,0.33985,-0.17592,0.82047;
custom,prism,empty,33.94116,1.2,33.9412896,1,0.2,0.2,0.4,1,1,-96.3822735,479.2591944,-3133.9431336,-0.82047,0.17592,0.33985,0.42471;
custom,prism,empty,33.941172,1.2,33.9412896,1,0.2,0.2,0.4,1,1,-92.0869527,479.2590155,-2945.4749628,0.33985,-0.42471,-0.82047,-0.17592;
custom,prism,empty,33.94116,1.2,33.9412896,1,0.2,0.2,0.4,1,1,96.3823575,479.259015,-2949.7701288,0.33985,0.42471,0.82047,-0.17592;
custom,prism,empty,33.94116,1.2,33.9413035,1,0.2,0.2,0.4,1,1,92.087037,479.2587907,-3138.2382984,-0.82047,-0.17592,-0.33985,0.42471;

custom,prism,bombtex,33.94116,1.32,33.9412896,1,0.8,0.7,1,28.2843,1.1,-96.3961655,763.1657693,-2949.7555392,0.42471,-0.33985,0.17592,0.82047;
custom,prism,bombtex,33.941172,1.32,33.9413035,1,0.8,0.7,1,28.2843,1.1,-92.1008582,763.1659579,-3138.251424,0.17592,-0.82047,0.42471,0.33985;
custom,prism,bombtex,33.94116,1.32,33.9412896,1,0.8,0.7,1,28.2843,1.1,96.3961773,763.165961,-3133.9562568,0.17592,0.82047,-0.42471,0.33985;
custom,prism,bombtex,33.94116,1.32,33.9412896,1,0.8,0.7,1,28.2843,1.1,92.1008445,763.1661409,-2945.4603744,0.42471,0.33985,-0.17592,0.82047;
custom,prism,bombtex,33.94116,1.32,33.9412896,1,0.8,0.7,1,28.2843,1.1,-96.3961299,479.2453381,-3133.95699,-0.82047,0.17592,0.33985,0.42471;
custom,prism,bombtex,33.941172,1.32,33.9412896,1,0.8,0.7,1,28.2843,1.1,-92.1008092,479.2451591,-2945.4611064,0.33985,-0.42471,-0.82047,-0.17592;
custom,prism,bombtex,33.94116,1.32,33.9412896,1,0.8,0.7,1,28.2843,1.1,96.3962139,479.2451587,-2949.7562724,0.33985,0.42471,0.82047,-0.17592;
custom,prism,bombtex,33.94116,1.32,33.9413035,1,0.8,0.7,1,28.2843,1.1,92.1008935,479.2449343,-3138.2521548,-0.82047,-0.17592,-0.33985,0.42471;

custom,prism,ice1,1.697052,6,0.9797911,1,1,1,1,1,1,-33.3122047,654.3026172,-3277.055352,-0.65328,-0.2706,0.2706,0.65328;
custom,prism,ice1,1.697052,6,0.9797911,1,1,1,1,1,1,33.0974173,654.5173927,-3277.055352,-0.65328,0.2706,-0.2706,0.65328;
custom,prism,ice1,1.697052,6,0.9797911,1,1,1,1,1,1,33.3122407,588.1077588,-3277.055352,-0.2706,0.65328,-0.65328,0.2706;
custom,prism,ice1,1.697052,6,0.9797911,1,1,1,1,1,1,-33.0973933,587.8930313,-3277.055352,-0.2706,-0.65328,0.65328,0.2706;

custom,prism,ice1,0.071124,0.102,0.4693326,1,0.5,0.85,1,1,1,-78.0059616,685.406232,-2971.594044,0.47771,-0.52133,-0.52133,0.47771;
custom,prism,ice1,0.071124,0.102,0.4693326,1,0.5,0.85,1,1,1,-56.843568,697.7410536,-2971.594044,-0.03084,-0.70643,-0.70643,-0.03084;
custom,prism,ice1,0.071124,0.102,0.4693326,1,0.5,0.85,1,1,1,-55.015368,708.1095936,-2971.594044,-0.03084,-0.70643,-0.70643,-0.03084;
custom,prism,ice1,0.071124,0.102,0.4693326,1,0.5,0.85,1,1,1,-50.4659616,685.406232,-2971.594044,0.47771,-0.52133,-0.52133,0.47771;
custom,prism,ice1,0.071124,0.102,0.4693326,1,0.5,0.85,1,1,1,-28.9322784,709.831716,-2971.594044,-0.52133,-0.47771,-0.47771,-0.52133;
custom,prism,ice1,0.071124,0.102,0.4693326,1,0.5,0.85,1,1,1,-14.4377256,685.406232,-2971.594044,0.47771,-0.52133,-0.52133,0.47771;
custom,prism,ice1,0.071124,0.102,0.4693326,1,0.5,0.85,1,1,1,4.6140504,685.406232,-2971.594044,0.47771,-0.52133,-0.52133,0.47771;
custom,prism,ice1,0.071124,0.102,0.4693326,1,0.5,0.85,1,1,1,26.1477216,709.831716,-2971.594044,-0.52133,-0.47771,-0.47771,-0.52133;
custom,prism,ice1,0.071124,0.102,0.4693326,1,0.5,0.85,1,1,1,-45.9087384,709.831716,-2971.594044,-0.52133,-0.47771,-0.47771,-0.52133;
custom,prism,ice1,0.071124,0.102,0.4693326,1,0.5,0.85,1,1,1,9.1712496,709.831716,-2971.594044,-0.52133,-0.47771,-0.47771,-0.52133;
custom,prism,ice1,0.071124,0.102,0.4693326,1,0.5,0.85,1,1,1,32.1540384,685.406232,-2971.594044,0.47771,-0.52133,-0.52133,0.47771;
custom,prism,ice1,0.071124,0.102,0.4693326,1,0.5,0.85,1,1,1,53.316432,697.7410536,-2971.594044,-0.03084,-0.70643,-0.70643,-0.03084;
custom,prism,ice1,0.071124,0.102,0.4693326,1,0.5,0.85,1,1,1,55.144644,708.1095936,-2971.594044,-0.03084,-0.70643,-0.70643,-0.03084;
custom,prism,ice1,0.071124,0.102,0.4693326,1,0.5,0.85,1,1,1,59.6940384,685.406232,-2971.594044,0.47771,-0.52133,-0.52133,0.47771;
custom,prism,ice1,0.071124,0.102,0.4693326,1,0.5,0.85,1,1,1,80.856444,697.7410536,-2971.594044,-0.03084,-0.70643,-0.70643,-0.03084;
custom,prism,ice1,0.071124,0.102,0.4693326,1,0.5,0.85,1,1,1,82.684644,708.1095936,-2971.594044,-0.03084,-0.70643,-0.70643,-0.03084;
custom,prism,ice1,0.071124,0.102,0.4693326,1,0.5,0.85,1,1,1,79.028244,687.3728016,-2971.594044,-0.03084,-0.70643,-0.70643,-0.03084;
custom,prism,ice1,0.071124,0.102,0.4693326,1,0.5,0.85,1,1,1,0.064632,708.1095936,-2971.594044,-0.03084,-0.70643,-0.70643,-0.03084;
custom,prism,ice1,0.071124,0.102,0.4693326,1,0.5,0.85,1,1,1,-20.726472,707.8652304,-2971.594044,0.70643,-0.03084,-0.03084,0.70643;
custom,prism,ice1,0.071124,0.102,0.4693326,1,0.5,0.85,1,1,1,-42.0297096,532.406184,-2971.594044,0.47771,-0.52133,-0.52133,0.47771;
custom,prism,ice1,0.071124,0.102,0.4693326,1,0.5,0.85,1,1,1,-27.527364,555.1095936,-2971.594044,-0.03084,-0.70643,-0.70643,-0.03084;
custom,prism,ice1,0.071124,0.102,0.4693326,1,0.5,0.85,1,1,1,-48.318468,554.8652304,-2971.594044,0.70643,-0.03084,-0.03084,0.70643;
custom,prism,ice1,0.071124,0.102,0.4693326,1,0.5,0.85,1,1,1,-22.9259616,532.406184,-2971.594044,0.47771,-0.52133,-0.52133,0.47771;
custom,prism,ice1,0.071124,0.102,0.4693326,1,0.5,0.85,1,1,1,-1.763568,544.7411016,-2971.594044,-0.03084,-0.70643,-0.70643,-0.03084;
custom,prism,ice1,0.071124,0.102,0.4693326,1,0.5,0.85,1,1,1,0.064644,555.1095936,-2971.594044,-0.03084,-0.70643,-0.70643,-0.03084;
custom,prism,ice1,0.071124,0.102,0.4693326,1,0.5,0.85,1,1,1,21.5939304,532.425684,-2971.594044,0.47771,-0.52133,-0.52133,0.47771;
custom,prism,ice1,0.071124,0.102,0.4693326,1,0.5,0.85,1,1,1,25.776432,544.7411016,-2971.594044,-0.03084,-0.70643,-0.70643,-0.03084;
custom,prism,ice1,0.071124,0.102,0.4693326,1,0.5,0.85,1,1,1,27.604644,555.1095936,-2971.594044,-0.03084,-0.70643,-0.70643,-0.03084;
custom,prism,ice1,0.071124,0.102,0.4693326,1,0.5,0.85,1,1,1,4.7538383,532.7981706,-2971.594044,0.43046,-0.56099,-0.56099,0.43046;
custom,prism,ice1,0.071124,0.102,0.4693326,1,0.5,0.85,1,1,1,4.6870344,532.425684,-2971.594044,0.47771,-0.52133,-0.52133,0.47771;
custom,prism,ice1,0.071124,0.102,0.4693326,1,0.5,0.85,1,1,1,37.2799276,556.4683694,-2971.594044,0.56099,-0.43046,-0.43046,0.56099;
custom,prism,ice1,0.071124,0.102,0.4693326,1,0.5,0.85,1,1,1,37.408308,556.1124217,-2971.594044,0.59637,-0.37993,-0.37993,0.59637;
custom,prism,ice1,0.071124,0.102,0.4693326,1,0.5,0.85,1,1,1,37.215309,556.8412774,-2971.594044,0.52133,-0.47771,-0.47771,0.52133;
custom,prism,ice1,0.071124,0.102,0.4693326,1,0.5,0.85,1,1,1,48.424272,533.1451222,-2971.594044,0.37993,0.59637,0.59637,0.37993;
custom,prism,ice1,0.071124,0.102,0.4693326,1,0.5,0.85,1,1,1,48.5526524,532.7891746,-2971.594044,0.43046,0.56099,0.56099,0.43046;
custom,prism,ice1,0.071124,0.102,0.4693326,1,0.5,0.85,1,1,1,48.617271,532.4162546,-2971.594044,0.47771,0.52133,0.52133,0.47771;
custom,prism,ice1,0.071124,0.102,0.4693326,1,0.5,0.85,1,1,1,53.9660258,555.4822808,-2971.594044,0.65328,0.2706,0.2706,0.65328;
custom,prism,ice1,0.071124,0.102,0.4693326,1,0.5,0.85,1,1,1,54.210132,555.7714607,-2971.594044,0.62721,0.32651,0.32651,0.62721;
custom,prism,ice1,0.071124,0.102,0.4693326,1,0.5,0.85,1,1,1,54.4003042,556.0986407,-2971.594044,0.59637,0.37993,0.37993,0.59637;
custom,prism,ice1,0.071124,0.102,0.4693326,1,0.5,0.85,1,1,1,54.5307817,556.4538654,-2971.594044,0.56099,0.43046,0.43046,0.56099;
custom,prism,ice1,0.071124,0.102,0.4693326,1,0.5,0.85,1,1,1,54.5975856,556.826352,-2971.594044,0.52133,0.47771,0.47771,0.52133;
custom,prism,ice1,0.071124,0.102,0.4693326,1,0.5,0.85,1,1,1,31.8665541,533.7752512,-2971.594044,0.2706,-0.65328,-0.65328,0.2706;
custom,prism,ice1,0.071124,0.102,0.4693326,1,0.5,0.85,1,1,1,31.62246,533.4860833,-2971.594044,0.32651,-0.62721,-0.62721,0.32651;
custom,prism,ice1,0.071124,0.102,0.4693326,1,0.5,0.85,1,1,1,31.4322758,533.1588913,-2971.594044,0.37993,-0.59637,-0.59637,0.37993;
custom,prism,ice1,0.071124,0.102,0.4693326,1,0.5,0.85,1,1,1,31.3018103,532.8036666,-2971.594044,0.43046,-0.56099,-0.56099,0.43046;
custom,prism,ice1,0.071124,0.102,0.4693326,1,0.5,0.85,1,1,1,31.2349944,532.43118,-2971.594044,0.47771,-0.52133,-0.52133,0.47771;

custom,prism,cannonregionmat,0.209172,0.24,1.3803679,1,1,1,1,1,1,-49.9595337,584.4421187,-2923.607268,0.70643,-0.03084,-0.03084,0.70643;
custom,prism,cannonregionmat,0.209172,0.24,1.3803679,1,1,1,1,1,1,-40.4985493,615.7803658,-2923.607268,0.47771,-0.52133,-0.52133,0.47771;
custom,prism,cannonregionmat,0.209172,0.24,1.3803679,1,1,1,1,1,1,43.6724413,662.6300702,-2923.607268,0.52133,0.47771,0.47771,0.52133;


custom,cuboid,bombtex,33.941124,6,1.2,1,0.2,0.2,0.4,28284.3,5000,150,621.205212,-3191.855352,0,-0.38268,0,0.92388;
custom,cuboid,bombtex,6,6,1.2,1,0.2,0.2,0.4,28284.3,5000,0,621.205212,-3311.855352,0,0,0,1;
custom,cuboid,bombtex,33.941136,6,1.2,1,0.2,0.2,0.4,28284.3,5000,-150,621.205212,-3191.855352,0,-0.92388,0,0.38268;
custom,cuboid,bombtex,6,6,1.2,1,0.2,0.2,0.4,28284.3,5000,-270,621.205212,-3041.855352,0,-0.70711,0,0.70711;
custom,cuboid,bombtex,6,6,1.2,1,0.2,0.2,0.4,28284.3,5000,270,621.205212,-3041.855352,0,-0.70711,0,0.70711;
custom,cuboid,bombtex,33.941124,6,1.2,1,0.2,0.2,0.4,28284.3,5000,-150,621.205212,-2891.855352,0,-0.38268,0,0.92388;
custom,cuboid,bombtex,33.941136,6,1.2,1,0.2,0.2,0.4,28284.3,5000,150.000012,621.205212,-2891.855352,0,-0.92388,0,0.38268;
custom,cuboid,bombtex,1.2,33.94116,6,1,0.2,0.2,0.4,28284.3,5000,-149.99988,771.20526,-3041.855352,0,0,-0.38268,0.92388;
custom,cuboid,bombtex,0,33.94116,6,1,0.2,0.2,0.4,28284.3,5000,149.99988,471.205128,-3041.855352,0,0,-0.38268,0.92388;
custom,cuboid,bombtex,1.2,33.941172,6,1,0.2,0.2,0.4,28284.3,5000,149.99988,771.20526,-3041.855352,0,0,-0.92388,0.38268;
custom,cuboid,bombtex,1.2,33.941172,6,1,0.2,0.2,0.4,28284.3,5000,-150.000348,471.205584,-3041.855352,0,0,-0.92388,0.38268;
custom,cuboid,bombtex,6,1.2,6,1,0.2,0.2,0.4,28284.3,5000,-0.000228,891.205356,-3041.855352,0,0,0,1;
custom,cuboid,bombtex,6,1.2,6,1,0.2,0.2,0.4,28284.3,5000,-0.000228,351.204984,-3041.855352,0,0,0,1;
custom,cuboid,bombtex,1.2,33.94116,6,1,0.2,0.2,0.4,28284.3,5000,0,771.205356,-3191.855352,0.2706,-0.65328,-0.2706,0.65328;
custom,cuboid,bombtex,1.2,33.94116,6,1,0.2,0.2,0.4,28284.3,5000,-0.000024,471.205128,-2891.855712,0.2706,-0.65328,-0.2706,0.65328;
custom,cuboid,bombtex,1.2,33.94116,6,1,0.2,0.2,0.4,28284.3,5000,-0.000024,771.205356,-2891.855712,0.65328,-0.2706,-0.65328,0.2706;
custom,cuboid,bombtex,1.2,33.94116,6,1,0.2,0.2,0.4,28284.3,5000,0,471.205632,-3191.856084,0.65328,-0.2706,-0.65328,0.2706;

custom,cuboid,empty,6,1.2,6,1,0.2,0.2,0.4,1,1,0,585.205212,-3275.855352,0,0,0,1;
custom,cuboid,empty,6,1.2,6,1,0.2,0.2,0.4,1,1,0,657.205212,-3275.855352,0,0,0,1;


custom,cuboid,bombtex,5.988,1.212,5.988,1,0.8,0.7,1,10,10,0,585.205212,-3275.855352,0,0,0,1;
custom,cuboid,bombtex,5.988,1.212,5.988,1,0.8,0.7,1,10,10,0,657.205212,-3275.855352,0,0,0,1;
custom,cuboid,default,6,1.2,6,1,0.2,0.2,0.4,1,1,-36,621.205212,-3275.855352,0,0,-0.70711,0.70711;
custom,cuboid,default,6,1.2,6,1,0.2,0.2,0.4,1,1,36,621.205212,-3275.855352,0,0,-0.70711,0.70711;

custom,cuboid,cannonregionmat,17.34,0.612,0.612,1,1,1,1,1.445,0.051,1.610856,670.108572,-2970.084408,-0.70711,0,0,0.70711;
custom,cuboid,cannonregionmat,17.34,0.612,0.612,1,1,1,1,1.445,0.051,1.610844,725.158992,-2970.084408,-0.70711,0,0,0.70711;
custom,cuboid,cannonregionmat,17.34,0.612,0.612,1,1,1,1,1.445,0.051,1.610856,517.108572,-2970.084408,-0.70711,0,0,0.70711;
custom,cuboid,cannonregionmat,17.34,0.612,0.612,1,1,1,1,1.445,0.051,1.610844,572.158956,-2970.084408,-0.70711,0,0,0.70711;

custom,cuboid,default,17.34,0.204,5.508,1,0,0,0,1.445,0.017,1.610844,697.618968,-2970.084408,-0.70711,0,0,0.70711;
custom,cuboid,default,17.34,0.204,5.508,1,0,0,0,1.445,0.017,1.610844,544.618968,-2970.084408,-0.70711,0,0,0.70711;

custom,cuboid,ice1,2.04,0.408,0.102,1,0.5,0.85,1,1,1,-65.410908,707.987412,-2971.614444,0,0,0,1;
custom,cuboid,ice1,0.408,2.448,0.102,1,0.5,0.85,1,1,1,-75.727356,697.618968,-2971.614444,0,0,-0.08716,0.99619;
custom,cuboid,ice1,2.04,0.408,0.102,1,0.5,0.85,1,1,1,-67.23912,697.618968,-2971.614444,0,0,0,1;
custom,cuboid,ice1,0.408,2.448,0.102,1,0.5,0.85,1,1,1,-48.187344,697.618968,-2971.614444,0,0,-0.08716,0.99619;
custom,cuboid,ice1,2.04,0.408,0.102,1,0.5,0.85,1,1,1,-41.52732,687.25062,-2971.614444,0,0,0,1;
custom,cuboid,ice1,0.408,2.448,0.102,1,0.5,0.85,1,1,1,-31.210872,697.618968,-2971.614444,0,0,-0.08716,0.99619;
custom,cuboid,ice1,2.04,0.408,0.102,1,0.5,0.85,1,1,1,-10.330956,707.987412,-2971.614444,0,0,0,1;
custom,cuboid,ice1,0.408,2.448,0.102,1,0.5,0.85,1,1,1,-12.15912,697.618968,-2971.614444,0,0,-0.08716,0.99619;
custom,cuboid,ice1,0.408,2.448,0.102,1,0.5,0.85,1,1,1,6.892656,697.618968,-2971.614444,0,0,-0.08716,0.99619;
custom,cuboid,ice1,2.04,0.408,0.102,1,0.5,0.85,1,1,1,13.552656,687.25062,-2971.614444,0,0,0,1;
custom,cuboid,ice1,0.408,2.448,0.102,1,0.5,0.85,1,1,1,23.869128,697.618968,-2971.614444,0,0,-0.08716,0.99619;
custom,cuboid,ice1,2.04,0.408,0.102,1,0.5,0.85,1,1,1,44.749092,707.987412,-2971.614444,0,0,0,1;
custom,cuboid,ice1,0.408,2.448,0.102,1,0.5,0.85,1,1,1,34.432644,697.618968,-2971.614444,0,0,-0.08716,0.99619;
custom,cuboid,ice1,2.04,0.408,0.102,1,0.5,0.85,1,1,1,42.92088,697.618968,-2971.614444,0,0,0,1;
custom,cuboid,ice1,0.408,1.052844,0.102,1,0.5,0.85,1,1,1,52.025964,701.117388,-2971.614444,0,0,-0.08716,0.99619;
custom,cuboid,ice1,0.408,1.090848,0.102,1,0.5,0.85,1,1,1,49.25268,690.833172,-2971.614444,0,0,0,1;
custom,cuboid,ice1,2.04,0.408,0.102,1,0.5,0.85,1,1,1,72.289092,707.987412,-2971.614444,0,0,0,1;
custom,cuboid,ice1,0.408,2.448,0.102,1,0.5,0.85,1,1,1,61.972644,697.618968,-2971.614444,0,0,-0.08716,0.99619;
custom,cuboid,ice1,2.04,0.408,0.102,1,0.5,0.85,1,1,1,70.46088,697.618968,-2971.614444,0,0,0,1;
custom,cuboid,ice1,2.04,0.408,0.102,1,0.5,0.85,1,1,1,68.632668,687.25062,-2971.614444,0,0,0,1;
custom,cuboid,ice1,2.04,0.408,0.102,1,0.5,0.85,1,1,1,-37.922952,554.987412,-2971.614444,0,0,0,1;
custom,cuboid,ice1,0.408,2.448,0.102,1,0.5,0.85,1,1,1,-39.751116,544.618932,-2971.614444,0,0,-0.08716,0.99619;
custom,cuboid,ice1,2.04,0.408,0.102,1,0.5,0.85,1,1,1,-10.330908,554.987412,-2971.614444,0,0,0,1;
custom,cuboid,ice1,0.408,2.448,0.102,1,0.5,0.85,1,1,1,-20.647356,544.618932,-2971.614444,0,0,-0.08716,0.99619;
custom,cuboid,ice1,2.04,0.408,0.102,1,0.5,0.85,1,1,1,-12.15912,544.618932,-2971.614444,0,0,0,1;
custom,cuboid,ice1,0.408,1.052844,0.102,1,0.5,0.85,1,1,1,-3.054036,548.117388,-2971.614444,0,0,-0.08716,0.99619;
custom,cuboid,ice1,0.408,1.090848,0.102,1,0.5,0.85,1,1,1,-5.82732,537.833172,-2971.614444,0,0,0,1;
custom,cuboid,ice1,1.587624,0.408,0.102,1,0.5,0.85,1,1,1,19.47096,554.987412,-2971.614444,0,0,0,1;
custom,cuboid,ice1,0.408,2.103684,0.102,1,0.5,0.85,1,1,1,23.57358,542.943012,-2971.614444,0,0,-0.08716,0.99619;
custom,cuboid,ice1,1.782192,0.408,0.102,1,0.5,0.85,1,1,1,16.669944,544.618932,-2971.614444,0,0,0,1;
custom,cuboid,ice1,0.408,2.490372,0.102,1,0.5,0.85,1,1,1,9.191004,544.628772,-2971.614444,0,0,-0.17365,0.98481;
custom,cuboid,ice1,2.545824,0.408,0.102,1,0.5,0.85,1,1,1,42.916284,544.628772,-2971.614444,0,0,-0.5373,0.84339;
custom,cuboid,ice1,3.098868,0.408,0.102,1,0.5,0.85,1,1,1,42.916284,544.628772,-2971.614444,0,0,-0.92388,0.38268;


custom,cuboid,cannonregionmat,8.4,1.2,0.24,1,1,1,1,1,1,-7.38438,584.801376,-2923.655268,0,0,0,1;
custom,cuboid,cannonregionmat,1.2,4.662456,0.24,1,1,1,1,1,1,-36,639.205212,-2923.655268,0,0,-0.08716,0.99619;
custom,cuboid,cannonregionmat,1.2,8.358996,0.24,1,1,1,1,1,1,35.964396,621.003252,-2923.655268,0,0,-0.08716,0.99619;
custom,cuboid,cannonregionmat,7.517388,1.2,0.24,1,1,1,1,1,1,3.44766,621.205212,-2923.655268,0,0,0,1;
custom,cuboid,cannonregionmat,7.517388,1.2,0.24,1,1,1,1,1,1,-0.273768,657.205212,-2923.655268,0,0,0,1;


custom,arc180,cannonregionmat,3.06,1.224,3.06,1,1,1,1,1,1,103.621712,697.031754,-2969.949768,0,-0.70711,0.70711,0;
custom,arc180,cannonregionmat,3.06,1.224,3.06,1,1,1,1,1,1,-100.4000241,698.206182,-2969.949768,-0.70711,0,0,0.70711;
custom,arc180,cannonregionmat,3.06,1.224,3.06,1,1,1,1,1,1,103.621712,544.031718,-2969.949768,0,-0.70711,0.70711,0;
custom,arc180,cannonregionmat,3.06,1.224,3.06,1,1,1,1,1,1,-100.4000241,545.206146,-2969.949768,-0.70711,0,0,0.70711;




custom,cuboid,pillar_col,10.8,2.4,12,1,0.5,0.85,1,1,0.5,0,663.205212,-2705.855352,0,0,0,1;
custom,cuboid,pillar_col,10.8,2.4,12,1,0.5,0.85,1,1,0.5,0,579.205212,-2705.855352,0,0,0,1;
custom,cuboid,medievalartilleryassets_texture-psd,2.4,6,12,1,1,1,1,2,1,-42,621.205212,-2705.855352,0,0,0,1;
custom,cuboid,medievalartilleryassets_texture-psd,2.4,6,12,1,1,1,1,2,1,42,621.205212,-2705.855352,0,0,0,1;

custom,cuboid,empty,10.68,2.28,12.12,1,0,0,0,0,0,0,663.205212,-2705.855352,0,0,0,1;
custom,cuboid,empty,10.68,2.28,12.12,1,0,0,0,0,0,0,579.205212,-2705.855352,0,0,0,1;
custom,cuboid,empty,2.28,6.12,12.12,1,0,0,0,0,0,-42,621.205212,-2705.855352,0,0,0,1;
custom,cuboid,empty,2.28,6.12,12.12,1,0,0,0,0,0,42,621.205212,-2705.855352,0,0,0,1;



custom,arc180,metal4,7.5,30,15,1,0.3,0.85,0.85,0.01,0.25,3.3,573.1785437,-2282.976852,0,0,-0.70711,-0.70711;
custom,arc180,metal4,7.5,30,15,1,0.3,0.85,0.85,0.01,0.25,-3.3,669.2318782,-2282.976852,0,0,-0.70711,0.70711;
custom,arc180,metal4,7.5,30,15,1,0.3,0.85,0.85,0.01,0.25,48.0266677,624.505212,-2282.977032,0,0,-1,0;
custom,arc180,metal4,7.5,30,15,1,0.3,0.85,0.85,0.01,0.25,-48.0266671,617.905212,-2282.977032,0,0,0,1;
custom,arc180,metal4,7.5,30,15,1,0,0.35,0.6,0.01,0.25,36.2934336,589.5786952,-2282.977032,0,0,-0.92388,-0.38268;
custom,arc180,metal4,7.5,30,15,1,0,0.35,0.6,0.01,0.25,-36.2934327,652.831776,-2282.977032,0,0,-0.38268,0.92388;
custom,arc180,metal4,7.5,30,15,1,0,0.35,0.6,0.01,0.25,-31.6265297,584.9117897,-2282.976852,0,0,-0.38268,-0.92388;
custom,arc180,metal4,7.5,30,15,1,0,0.35,0.6,0.01,0.25,31.6265273,657.49868,-2282.976852,0,0,-0.92388,0.38268;

custom,arc180,bombtex,7.488,30,14.994,1,0.15,0.425,0.425,200,1,36.2934034,589.5787253,-2282.978184,0,0,-0.92388,-0.38268;
custom,arc180,bombtex,7.488,30,14.994,1,0.15,0.425,0.425,200,1,-36.2934025,652.8317458,-2282.978184,0,0,-0.38268,0.92388;
custom,arc180,bombtex,7.488,30,14.994,1,0.15,0.425,0.425,200,1,-31.6264995,584.9118198,-2282.978004,0,0,-0.38268,-0.92388;
custom,arc180,bombtex,7.488,30,14.994,1,0.15,0.425,0.425,200,1,31.6264971,657.4986498,-2282.978004,0,0,-0.92388,0.38268;
custom,arc180,bombtex,7.488,30,14.994,1,0,0.2,0.35,200,1,3.3,573.1785863,-2282.978004,0,0,-0.70711,-0.70711;
custom,arc180,bombtex,7.488,30,14.994,1,0,0.2,0.35,200,1,-3.3,669.2318354,-2282.978004,0,0,-0.70711,0.70711;
custom,arc180,bombtex,7.488,30,14.994,1,0,0.2,0.35,200,1,48.0266251,624.505212,-2282.978184,0,0,-1,0;
custom,arc180,bombtex,7.488,30,14.994,1,0,0.2,0.35,200,1,-48.0266244,617.905212,-2282.978184,0,0,0,1;

custom,arc180,stone7,1.2,0.48,1.2,1,1,1,1,0.05,1,0.1254973,625.309337,-2281.4686032,0,0.5,-0.5,0.70711;
custom,arc180,stone7,1.2,0.48,1.2,1,1,1,1,0.05,1,-0.2001678,617.048299,-2290.1900208,-0.5,-0.70711,0,0.5;
custom,arc180,stone7,1.2,0.48,1.2,1,1,1,1,0.05,1,4.4084856,624.1295406,-2288.70537,-0.35355,0.35355,-0.85355,0.14645;
custom,arc180,stone7,1.2,0.48,1.2,1,1,1,1,0.05,1,-4.4084855,618.3555539,-2282.931384,-0.85355,-0.14645,0.35355,0.35355;
custom,arc180,stone7,1.2,0.48,1.2,1,1,1,1,0.05,1,-0.2001678,625.362137,-2281.5214032,0.5,0,-0.70711,0.5;
custom,arc180,stone7,1.2,0.48,1.2,1,1,1,1,0.05,1,0.1254974,617.101099,-2290.2428208,-0.70711,-0.5,-0.5,0;

custom,arc180,stone7,1.188,0.504,1.194,1,0,0,0,0.05,1,0.1228164,625.3085626,-2281.4678892,0,0.5,-0.5,0.70711;
custom,arc180,stone7,1.188,0.504,1.194,1,0,0,0,0.05,1,-0.2012204,617.0464334,-2290.1880948,-0.5,-0.70711,0,0.5;
custom,arc180,stone7,1.188,0.504,1.194,1,0,0,0,0.05,1,4.4076412,624.1319617,-2288.7040572,-0.35355,0.35355,-0.85355,0.14645;
custom,arc180,stone7,1.188,0.504,1.194,1,0,0,0,0.05,1,-4.4076412,618.3568662,-2282.9289624,-0.85355,-0.14645,0.35355,0.35355;
custom,arc180,stone7,1.188,0.504,1.194,1,0,0,0,0.05,1,-0.2012204,625.3640026,-2281.5233292,0.5,0,-0.70711,0.5;
custom,arc180,stone7,1.188,0.504,1.194,1,0,0,0,0.05,1,0.1228165,617.1018734,-2290.2435348,-0.70711,-0.5,-0.5,0;

custom,arc180,ice1,7.5,0.24,15,1,1,1,1,1,1,44.3809556,602.8505776,-2282.977032,0,0,-0.98079,-0.19509;
custom,arc180,ice1,7.5,0.24,15,1,1,1,1,1,1,-44.3809556,639.5597984,-2282.977032,0,0,-0.19509,0.98079;
custom,arc180,ice1,7.5,0.24,15,1,1,1,1,1,1,-18.3546465,576.8242564,-2282.976852,0,0,-0.55557,-0.83147;
custom,arc180,ice1,7.5,0.24,15,1,1,1,1,1,1,18.3546105,665.5861796,-2282.976852,0,0,-0.83147,0.55557;
custom,arc180,ice1,7.5,0.24,15,1,1,1,1,1,1,18.4033673,576.8444621,-2282.977032,0,0,-0.83147,-0.55557;
custom,arc180,ice1,7.5,0.24,15,1,1,1,1,1,1,-18.4033913,665.5659739,-2282.977032,0,0,-0.55557,0.83147;
custom,arc180,ice1,7.5,0.24,15,1,1,1,1,1,1,-44.360774,602.8018447,-2282.976852,0,0,-0.19509,-0.98079;
custom,arc180,ice1,7.5,0.24,15,1,1,1,1,1,1,44.3607499,639.6085793,-2282.976852,0,0,-0.98079,0.19509;


custom,arc180,metal4,7.5,30,15,1,0.85,0.15,0,0.01,0.25,-48.0266681,624.505212,-1982.87832,-1,0,0,0;
custom,arc180,metal4,7.5,30,15,1,0.85,0.15,0,0.01,0.25,48.0266675,617.905212,-1982.87832,0,1,0,0;
custom,arc180,metal4,7.5,30,15,1,0.85,0.15,0,0.01,0.25,-3.2999996,573.178547,-1982.8785,-0.70711,-0.70711,0,0;
custom,arc180,metal4,7.5,30,15,1,0.85,0.15,0,0.01,0.25,3.3000004,669.2318792,-1982.8785,-0.70711,0.70711,0,0;
custom,arc180,metal4,7.5,30,15.000006,1,0.5,0.1,0,0.01,0.25,-36.2934336,589.5786947,-1982.8783212,-0.92388,-0.38268,0,0;
custom,arc180,metal4,7.5,30,15,1,0.5,0.1,0,0.01,0.25,36.2934331,652.831776,-1982.87832,-0.38268,0.92388,0,0;
custom,arc180,metal4,7.5,30,15,1,0.5,0.1,0,0.01,0.25,31.6265301,584.9117897,-1982.8785,-0.38268,-0.92388,0,0;
custom,arc180,metal4,7.5,30,15,1,0.5,0.1,0,0.01,0.25,-31.6265268,657.49868,-1982.8785,-0.92388,0.38268,0,0;

custom,arc180,bombtex,7.488,30,14.994006,1,0.425,0.15,0,200,1,-36.2934035,589.5787248,-1982.8771704,-0.92388,-0.38268,0,0;
custom,arc180,bombtex,7.488,30,14.994,1,0.425,0.15,0,200,1,36.293403,652.8317458,-1982.877168,-0.38268,0.92388,0,0;
custom,arc180,bombtex,7.488,30,14.994,1,0.425,0.15,0,200,1,31.6264999,584.9118198,-1982.8773492,-0.38268,-0.92388,0,0;
custom,arc180,bombtex,7.488,30,14.994,1,0.425,0.15,0,200,1,-31.6264967,657.4986498,-1982.877348,-0.92388,0.38268,0,0;
custom,arc180,bombtex,7.488,30,14.994,1,0.35,0.2,0,200,1,-48.0266254,624.505212,-1982.8771692,-1,0,0,0;
custom,arc180,bombtex,7.488,30,14.994,1,0.35,0.2,0,200,1,48.0266248,617.905212,-1982.877168,0,1,0,0;
custom,arc180,bombtex,7.488,30,14.994,1,0.35,0.2,0,200,1,-3.2999996,573.1785896,-1982.8773492,-0.70711,-0.70711,0,0;
custom,arc180,bombtex,7.488,30,14.994,1,0.35,0.2,0,200,1,3.3000004,669.2318365,-1982.877348,-0.70711,0.70711,0,0;

racing,killarc180,7.512,30.024,15.018006,-36.2953306,589.5805313,-1982.881776,-0.92388,-0.38268,0,0;
racing,killarc180,7.512,30.024,15.018,36.2953301,652.8299394,-1982.8817736,-0.38268,0.92388,0,0;
racing,killarc180,7.512,30.024,15.018,31.6246935,584.9098927,-1982.8819548,-0.38268,-0.92388,0,0;
racing,killarc180,7.512,30.024,15.018,-31.6246902,657.500577,-1982.8819536,-0.92388,0.38268,0,0;
racing,killarc180,7.512,30.024,15.018,-48.0267108,624.507852,-1982.8817748,-1,0,0,0;
racing,killarc180,7.512,30.024,15.018,48.0267102,617.902572,-1982.8817736,0,1,0,0;
racing,killarc180,7.512,30.024,15.018,-3.3026396,573.1785043,-1982.8819548,-0.70711,-0.70711,0,0;
racing,killarc180,7.512,30.024,15.018,3.3026404,669.2319218,-1982.8819536,-0.70711,0.70711,0,0;

custom,arc180,stone7,1.2,0.48,1.2,1,1,1,1,0.05,1,-0.1254973,625.309337,-1984.3867488,0.5,-0.70711,0,0.5;
custom,arc180,stone7,1.2,0.48,1.2,1,1,1,1,0.05,1,0.2001678,617.048299,-1975.6653192,0,0.5,0.5,0.70711;
custom,arc180,stone7,1.2,0.48,1.2,1,1,1,1,0.05,1,-4.4084855,624.1295406,-1977.14997,0.85355,-0.14645,-0.35355,0.35355;
custom,arc180,stone7,1.2,0.48,1.2,1,1,1,1,0.05,1,4.4084975,618.3555539,-1982.923956,-0.35355,-0.35355,-0.85355,-0.14645;
custom,arc180,stone7,1.2,0.48,1.2,1,1,1,1,0.05,1,0.2001678,625.362137,-1984.3339488,0.70711,-0.5,0.5,0;
custom,arc180,stone7,1.2,0.48,1.2,1,1,1,1,0.05,1,-0.1254974,617.101099,-1975.6125192,-0.5,0,0.70711,0.5;

custom,arc180,stone7,1.188,0.504,1.194,1,0,0,0,0.05,1,-0.1228164,625.3085626,-1984.3874628,0.5,-0.70711,0,0.5;
custom,arc180,stone7,1.188,0.504,1.194,1,0,0,0,0.05,1,0.2012204,617.0464334,-1975.6672452,0,0.5,0.5,0.70711;
custom,arc180,stone7,1.188,0.504,1.194,1,0,0,0,0.05,1,-4.4076412,624.1319617,-1977.1512828,0.85355,-0.14645,-0.35355,0.35355;
custom,arc180,stone7,1.188,0.504,1.194,1,0,0,0,0.05,1,4.4076532,618.3568662,-1982.9263776,-0.35355,-0.35355,-0.85355,-0.14645;
custom,arc180,stone7,1.188,0.504,1.194,1,0,0,0,0.05,1,0.2012204,625.3640026,-1984.3320228,0.70711,-0.5,0.5,0;
custom,arc180,stone7,1.188,0.504,1.194,1,0,0,0,0.05,1,-0.1228165,617.1018734,-1975.6118052,-0.5,0,0.70711,0.5;

custom,arc180,empty,7.5,0.24,15.000006,1,1,0,0,1,1,-44.3809552,602.8505776,-1982.8783212,-0.98079,-0.19509,0,0;
custom,arc180,empty,7.5,0.24,15.000006,1,1,0,0,1,1,44.3809561,639.5597984,-1982.8783212,-0.19509,0.98079,0,0;
custom,arc180,empty,7.5,0.24,15,1,1,0,0,1,1,18.3546469,576.8242564,-1982.8785,-0.55557,-0.83147,0,0;
custom,arc180,empty,7.5,0.24,15,1,1,0,0,1,1,-18.35461,665.5861796,-1982.8785,-0.83147,0.55557,0,0;
custom,arc180,empty,7.5,0.24,15,1,1,0,0,1,1,-18.4033669,576.8444621,-1982.87832,-0.83147,-0.55557,0,0;
custom,arc180,empty,7.5,0.24,15,1,1,0,0,1,1,18.4033917,665.5659739,-1982.87832,-0.55557,0.83147,0,0;
custom,arc180,empty,7.5,0.24,15,1,1,0,0,1,1,44.3607744,602.8018447,-1982.8785,-0.19509,-0.98079,0,0;
custom,arc180,empty,7.5,0.24,15,1,1,0,0,1,1,-44.3607495,639.6085793,-1982.8785,-0.98079,0.19509,0,0;


custom,cuboid,metal4,2.34,0.24,4.32,1,0,0.35,0.6,0.05,0.1,0,610.705764,-2420.783748,0,0,0,1;
custom,cuboid,metal4,2.34,0.24,4.32,1,0,0.35,0.6,0.05,0.1,0,631.704672,-2420.782836,0,0,1,0;
custom,cuboid,metal4,2.34,0.24,4.32,1,0,0.35,0.6,0.05,0.1,-10.49946,621.205212,-2420.782656,0,0,-0.70711,0.70711;
custom,cuboid,metal4,2.34,0.24,4.32,1,0,0.35,0.6,0.05,0.1,10.49946,621.205212,-2420.782656,0,0,0.70711,0.70711;
custom,cuboid,metal4,2.34,0.24,4.32,1,0.3,0.85,0.85,0.05,0.1,-7.424244,613.78098,-2420.782836,0,0,-0.38268,0.92388;
custom,cuboid,metal4,2.34,0.24,4.32,1,0.3,0.85,0.85,0.05,0.1,7.424244,628.629408,-2420.782836,0,0,0.92388,0.38268;
custom,cuboid,metal4,2.34,0.24,4.32,1,0.3,0.85,0.85,0.05,0.1,-7.424244,628.629408,-2420.782656,0,0,-0.92388,0.38268;
custom,cuboid,metal4,2.34,0.24,4.32,1,0.3,0.85,0.85,0.05,0.1,7.424244,613.78098,-2420.782656,0,0,0.38268,0.92388;

custom,cuboid,metal4,2.34,0.24,3.6,1,0,0.35,0.6,0.05,0.1,0,610.705764,-2150.927676,0,0,0,1;
custom,cuboid,metal4,2.34,0.24,3.6,1,0,0.35,0.6,0.05,0.1,0,631.704672,-2150.926752,0,0,1,0;
custom,cuboid,metal4,2.34,0.24,3.6,1,0,0.35,0.6,0.05,0.1,-10.49946,621.205212,-2150.926572,0,0,-0.70711,0.70711;
custom,cuboid,metal4,2.34,0.24,3.6,1,0,0.35,0.6,0.05,0.1,10.49946,621.205212,-2150.926572,0,0,0.70711,0.70711;
custom,cuboid,metal4,2.34,0.24,3.6,1,0.3,0.85,0.85,0.05,0.1,-7.424244,613.78098,-2150.926752,0,0,-0.38268,0.92388;
custom,cuboid,metal4,2.34,0.24,3.6,1,0.3,0.85,0.85,0.05,0.1,7.424244,628.629408,-2150.926752,0,0,0.92388,0.38268;
custom,cuboid,metal4,2.34,0.24,3.6,1,0.3,0.85,0.85,0.05,0.1,-7.424244,628.629408,-2150.926572,0,0,-0.92388,0.38268;
custom,cuboid,metal4,2.34,0.24,3.6,1,0.3,0.85,0.85,0.05,0.1,7.424244,613.78098,-2150.926572,0,0,0.38268,0.92388;

custom,cuboid,ice1,2.328,0.228,4.332,1,1,1,1,0.195,0.361,0,610.705764,-2420.783748,0,0,0,1;
custom,cuboid,ice1,2.328,0.228,4.332,1,1,1,1,0.195,0.361,0,631.704672,-2420.782836,0,0,1,0;
custom,cuboid,ice1,2.328,0.228,4.332,1,1,1,1,0.195,0.361,-10.49946,621.205212,-2420.782656,0,0,-0.70711,0.70711;
custom,cuboid,ice1,2.328,0.228,4.332,1,1,1,1,0.195,0.361,10.49946,621.205212,-2420.782656,0,0,0.70711,0.70711;
custom,cuboid,ice1,2.328,0.228,4.332,1,1,1,1,0.195,0.361,-7.424244,613.78098,-2420.782836,0,0,-0.38268,0.92388;
custom,cuboid,ice1,2.328,0.228,4.332,1,1,1,1,0.195,0.361,7.424244,628.629408,-2420.782836,0,0,0.92388,0.38268;
custom,cuboid,ice1,2.328,0.228,4.332,1,1,1,1,0.195,0.361,-7.424244,628.629408,-2420.782656,0,0,-0.92388,0.38268;
custom,cuboid,ice1,2.328,0.228,4.332,1,1,1,1,0.195,0.361,7.424244,613.78098,-2420.782656,0,0,0.38268,0.92388;

custom,cuboid,ice1,2.328,0.228,3.612,1,1,1,1,0.195,0.301,0,610.705764,-2150.927676,0,0,0,1;
custom,cuboid,ice1,2.328,0.228,3.612,1,1,1,1,0.195,0.301,0,631.704672,-2150.926752,0,0,1,0;
custom,cuboid,ice1,2.328,0.228,3.612,1,1,1,1,0.195,0.301,-10.49946,621.205212,-2150.926572,0,0,-0.70711,0.70711;
custom,cuboid,ice1,2.328,0.228,3.612,1,1,1,1,0.195,0.301,10.49946,621.205212,-2150.926572,0,0,0.70711,0.70711;
custom,cuboid,ice1,2.328,0.228,3.612,1,1,1,1,0.195,0.301,-7.424244,613.78098,-2150.926752,0,0,-0.38268,0.92388;
custom,cuboid,ice1,2.328,0.228,3.612,1,1,1,1,0.195,0.301,7.424244,628.629408,-2150.926752,0,0,0.92388,0.38268;
custom,cuboid,ice1,2.328,0.228,3.612,1,1,1,1,0.195,0.301,-7.424244,628.629408,-2150.926572,0,0,-0.92388,0.38268;
custom,cuboid,ice1,2.328,0.228,3.612,1,1,1,1,0.195,0.301,7.424244,613.78098,-2150.926572,0,0,0.38268,0.92388;

custom,cuboid,arena2tex,19.8,2.4,30,1,0,0.5,1,8,1,0,708.205212,-2285.855712,0,0,0,1;
custom,cuboid,arena2tex,19.8,2.4,30,1,0,0.5,1,8,1,-0.000012,534.205212,-2285.855712,0,0,1,0;
custom,cuboid,arena2tex,19.8,2.4,30,1,0,0.5,1,8,1,87,621.205212,-2285.855532,0,0,-0.70711,0.70711;
custom,cuboid,arena2tex,19.8,2.4,30,1,0,0.5,1,8,1,-87,621.205212,-2285.855532,0,0,0.70711,0.70711;
custom,cuboid,arena2tex,19.8,2.4,30,1,0,0.5,1,8,1,61.518288,682.723524,-2285.855712,0,0,-0.38268,0.92388;
custom,cuboid,arena2tex,19.8,2.4,30,1,0,0.5,1,8,1,-61.518288,559.686948,-2285.855712,0,0,0.92388,0.38268;
custom,cuboid,arena2tex,19.800012,2.4,30,1,0,0.5,1,8,1,61.518276,559.6869,-2285.855532,0,0,-0.92388,0.38268;
custom,cuboid,arena2tex,19.8,2.4,30,1,0,0.5,1,8,1,-61.518276,682.723524,-2285.855532,0,0,0.38268,0.92388;

custom,killcuboid,empty,0.24,0.24,24,1,0,0.5,0.85,1,1,30,651.205212,-2525.855712,0,0,0,1;
custom,killcuboid,empty,0.24,0.24,24,1,0,0.5,0.85,1,1,-30,651.205212,-2525.855712,0,0,0,1;
custom,killcuboid,empty,0.24,0.24,24,1,0,0.5,0.85,1,1,30,591.205212,-2525.855712,0,0,0,1;
custom,killcuboid,empty,0.24,0.24,24,1,0,0.5,0.85,1,1,-30,591.205212,-2525.855712,0,0,0,1;
custom,killcuboid,empty,6.24,0.24,0.24,1,0,0.5,0.85,1,1,0,651.205212,-2645.855712,0,0,0,1;
custom,killcuboid,empty,6.24,0.24,0.24,1,0,0.5,0.85,1,1,0,591.205212,-2645.855712,0,0,0,1;
custom,killcuboid,empty,6.24,0.24,0.24,1,0,0.5,0.85,1,1,30,621.205212,-2645.855532,0,0,-0.70711,0.70711;
custom,killcuboid,empty,6.24,0.24,0.24,1,0,0.5,0.85,1,1,-30,621.205212,-2645.855532,0,0,-0.70711,0.70711;
custom,killcuboid,empty,6.24,0.24,0.24,1,0,0.5,0.85,1,1,0,651.205212,-2442,0,0,0,1;
custom,killcuboid,empty,6.24,0.24,0.24,1,0,0.5,0.85,1,1,0,591.205212,-2442,0,0,0,1;
custom,killcuboid,empty,6.24,0.24,0.24,1,0,0.5,0.85,1,1,30,621.205212,-2442,0,0,-0.70711,0.70711;
custom,killcuboid,empty,6.24,0.24,0.24,1,0,0.5,0.85,1,1,-30,621.205212,-2442,0,0,-0.70711,0.70711;

custom,cuboid,empty,6,1.999992,0.48,1,0,0,0,1,1,0,641.205216,-2439.6,0,0,0,1;
custom,cuboid,empty,6,1.999992,0.48,1,0,0,0,1,1,0,601.205208,-2439.6,0,0,0,1;
custom,cuboid,empty,6,1.999992,0.48,1,0,0,0,1,1,20.000004,621.205212,-2439.6,0,0,-0.70711,0.70711;
custom,cuboid,empty,6,1.999992,0.48,1,0,0,0,1,1,-20.000004,621.205212,-2439.6,0,0,-0.70711,0.70711;

custom,cuboid,metal4,2.34,0.24,4.32,1,0.85,0.15,0,0.05,0.1,-0.000012,610.705764,-1845.071592,0,1,0,0;
custom,cuboid,metal4,2.34,0.24,4.32,1,0.85,0.15,0,0.05,0.1,-0.000012,631.704672,-1845.072504,1,0,0,0;
custom,cuboid,metal4,2.34,0.24,4.32,1,0.85,0.15,0,0.05,0.1,10.499448,621.205212,-1845.072696,-0.70711,0.70711,0,0;
custom,cuboid,metal4,2.34,0.24,4.32,1,0.85,0.15,0,0.05,0.1,-10.499472,621.205212,-1845.072696,0.70711,0.70711,0,0;
custom,cuboid,metal4,2.34,0.24,4.32,1,0.5,0.1,0,0.05,0.1,7.424232,613.78098,-1845.072504,-0.38268,0.92388,0,0;
custom,cuboid,metal4,2.34,0.24,4.32,1,0.5,0.1,0,0.05,0.1,-7.424256,628.629408,-1845.072504,0.92388,0.38268,0,0;
custom,cuboid,metal4,2.34,0.24,4.32,1,0.5,0.1,0,0.05,0.1,7.424232,628.629408,-1845.072696,-0.92388,0.38268,0,0;
custom,cuboid,metal4,2.34,0.24,4.32,1,0.5,0.1,0,0.05,0.1,-7.424256,613.78098,-1845.072696,0.38268,0.92388,0,0;

custom,cuboid,metal4,2.34,0.24,3.6,1,0.85,0.15,0,0.05,0.1,0.000012,610.705764,-2114.927676,0,1,0,0;
custom,cuboid,metal4,2.34,0.24,3.6,1,0.85,0.15,0,0.05,0.1,0.000012,631.704672,-2114.928036,1,0,0,0;
custom,cuboid,metal4,2.34,0.24,3.6,1,0.85,0.15,0,0.05,0.1,10.499472,621.205212,-2114.928768,-0.70711,0.70711,0,0;
custom,cuboid,metal4,2.34,0.24,3.6,1,0.85,0.15,0,0.05,0.1,-10.499448,621.205212,-2114.928768,0.70711,0.70711,0,0;
custom,cuboid,metal4,2.34,0.24,3.6,1,0.5,0.1,0,0.05,0.1,7.424256,613.78098,-2114.928588,-0.38268,0.92388,0,0;
custom,cuboid,metal4,2.34,0.24,3.6,1,0.5,0.1,0,0.05,0.1,-7.424232,628.629408,-2114.928588,0.92388,0.38268,0,0;
custom,cuboid,metal4,2.34,0.24,3.6,1,0.5,0.1,0,0.05,0.1,7.424256,628.629408,-2114.928768,-0.92388,0.38268,0,0;
custom,cuboid,metal4,2.34,0.24,3.6,1,0.5,0.1,0,0.05,0.1,-7.424232,613.78098,-2114.928768,0.38268,0.92388,0,0;

racing,killcuboid,2.34,0.228,4.32,-0.000012,610.705764,-1845.071592,0,1,0,0;
racing,killcuboid,2.34,0.228,4.32,-0.000012,631.704672,-1845.072504,1,0,0,0;
racing,killcuboid,2.34,0.228,4.32,10.499448,621.205212,-1845.072696,-0.70711,0.70711,0,0;
racing,killcuboid,2.34,0.228,4.32,-10.499472,621.205212,-1845.072696,0.70711,0.70711,0,0;
racing,killcuboid,2.34,0.228,4.32,7.424232,613.78098,-1845.072504,-0.38268,0.92388,0,0;
racing,killcuboid,2.34,0.228,4.32,-7.424256,628.629408,-1845.072504,0.92388,0.38268,0,0;
racing,killcuboid,2.34,0.228,4.32,7.424232,628.629408,-1845.072696,-0.92388,0.38268,0,0;
racing,killcuboid,2.34,0.228,4.32,-7.424256,613.78098,-1845.072696,0.38268,0.92388,0,0;

racing,killcuboid,2.34,0.228,3.6,0.000012,610.705764,-2114.927676,0,1,0,0;
racing,killcuboid,2.34,0.228,3.6,0.000012,631.704672,-2114.928036,1,0,0,0;
racing,killcuboid,2.34,0.228,3.6,10.499472,621.205212,-2114.928768,-0.70711,0.70711,0,0;
racing,killcuboid,2.34,0.228,3.6,-10.499448,621.205212,-2114.928768,0.70711,0.70711,0,0;
racing,killcuboid,2.34,0.228,3.6,7.424256,613.78098,-2114.928588,-0.38268,0.92388,0,0;
racing,killcuboid,2.34,0.228,3.6,-7.424232,628.629408,-2114.928588,0.92388,0.38268,0,0;
racing,killcuboid,2.34,0.228,3.6,7.424256,628.629408,-2114.928768,-0.92388,0.38268,0,0;
racing,killcuboid,2.34,0.228,3.6,-7.424232,613.78098,-2114.928768,0.38268,0.92388,0,0;

custom,cuboid,empty,2.328,0.228,4.332,1,1,0,0,1,1,-0.000012,610.705764,-1845.071592,0,1,0,0;
custom,cuboid,empty,2.328,0.228,4.332,1,1,0,0,1,1,-0.000012,631.704672,-1845.072504,1,0,0,0;
custom,cuboid,empty,2.328,0.228,4.332,1,1,0,0,1,1,10.499448,621.205212,-1845.072696,-0.70711,0.70711,0,0;
custom,cuboid,empty,2.328,0.228,4.332,1,1,0,0,1,1,-10.499472,621.205212,-1845.072696,0.70711,0.70711,0,0;
custom,cuboid,empty,2.328,0.228,4.332,1,1,0,0,1,1,7.424232,613.78098,-1845.072504,-0.38268,0.92388,0,0;
custom,cuboid,empty,2.328,0.228,4.332,1,1,0,0,1,1,-7.424256,628.629408,-1845.072504,0.92388,0.38268,0,0;
custom,cuboid,empty,2.328,0.228,4.332,1,1,0,0,1,1,7.424232,628.629408,-1845.072696,-0.92388,0.38268,0,0;
custom,cuboid,empty,2.328,0.228,4.332,1,1,0,0,1,1,-7.424256,613.78098,-1845.072696,0.38268,0.92388,0,0;

custom,cuboid,empty,2.328,0.228,3.612,1,1,0,0,1,1,0.000012,610.705764,-2114.927676,0,1,0,0;
custom,cuboid,empty,2.328,0.228,3.612,1,1,0,0,1,1,0.000012,631.704672,-2114.928036,1,0,0,0;
custom,cuboid,empty,2.328,0.228,3.612,1,1,0,0,1,1,10.499472,621.205212,-2114.928768,-0.70711,0.70711,0,0;
custom,cuboid,empty,2.328,0.228,3.612,1,1,0,0,1,1,-10.499448,621.205212,-2114.928768,0.70711,0.70711,0,0;
custom,cuboid,empty,2.328,0.228,3.612,1,1,0,0,1,1,7.424256,613.78098,-2114.928588,-0.38268,0.92388,0,0;
custom,cuboid,empty,2.328,0.228,3.612,1,1,0,0,1,1,-7.424232,628.629408,-2114.928588,0.92388,0.38268,0,0;
custom,cuboid,empty,2.328,0.228,3.612,1,1,0,0,1,1,7.424256,628.629408,-2114.928768,-0.92388,0.38268,0,0;
custom,cuboid,empty,2.328,0.228,3.612,1,1,0,0,1,1,-7.424232,613.78098,-2114.928768,0.38268,0.92388,0,0;

custom,cuboid,arena2tex,19.8,2.4,30,1,1,0.5,0,8,1,0,708.205212,-1979.999628,0,1,0,0;
custom,cuboid,arena2tex,19.8,2.4,30,1,1,0.5,0,8,1,0.000012,534.205212,-1979.999628,1,0,0,0;
custom,cuboid,arena2tex,19.8,2.4,30,1,1,0.5,0,8,1,-87,621.205212,-1979.99982,-0.70711,0.70711,0,0;
custom,cuboid,arena2tex,19.8,2.4,30,1,1,0.5,0,8,1,87,621.205212,-1979.99982,0.70711,0.70711,0,0;
custom,cuboid,arena2tex,19.8,2.4,30,1,1,0.5,0,8,1,-61.518288,682.723524,-1979.999628,-0.38268,0.92388,0,0;
custom,cuboid,arena2tex,19.8,2.4,30,1,1,0.5,0,8,1,61.5183,559.686948,-1979.999628,0.92388,0.38268,0,0;
custom,cuboid,arena2tex,19.8,2.4,30.000012,1,1,0.5,0,8,1,-61.518276,559.6869,-1979.99982,-0.92388,0.38268,0,0;
custom,cuboid,arena2tex,19.8,2.4,30,1,1,0.5,0,8,1,61.518288,682.723524,-1979.99982,0.38268,0.92388,0,0;

custom,killcuboid,empty,0.24,0.24,24,1,0,0.5,0.85,1,1,-30.000024,651.205212,-1739.999628,0,1,0,0;
custom,killcuboid,empty,0.24,0.24,24,1,0,0.5,0.85,1,1,29.999976,651.205212,-1739.999628,0,1,0,0;
custom,killcuboid,empty,0.24,0.24,24,1,0,0.5,0.85,1,1,-30.000024,591.205212,-1739.999628,0,1,0,0;
custom,killcuboid,empty,0.24,0.24,24,1,0,0.5,0.85,1,1,29.999976,591.205212,-1739.999628,0,1,0,0;
custom,killcuboid,empty,6.24,0.24,0.24,1,0,0.5,0.85,1,1,-0.000024,651.205212,-1619.999628,0,1,0,0;
custom,killcuboid,empty,6.24,0.24,0.24,1,0,0.5,0.85,1,1,-0.000024,591.205212,-1619.999628,0,1,0,0;
custom,killcuboid,empty,6.24,0.24,0.24,1,0,0.5,0.85,1,1,-30.000036,621.205212,-1619.99982,-0.70711,0.70711,0,0;
custom,killcuboid,empty,6.24,0.24,0.24,1,0,0.5,0.85,1,1,29.999964,621.205212,-1619.99982,-0.70711,0.70711,0,0;
custom,killcuboid,empty,6.24,0.24,0.24,1,0,0.5,0.85,1,1,-0.000012,651.205212,-1829.999628,0,1,0,0;
custom,killcuboid,empty,6.24,0.24,0.24,1,0,0.5,0.85,1,1,-0.000012,591.205212,-1831.199712,0,1,0,0;
custom,killcuboid,empty,6.24,0.24,0.24,1,0,0.5,0.85,1,1,-30.000012,621.205212,-1831.199892,-0.70711,0.70711,0,0;
custom,killcuboid,empty,6.24,0.24,0.24,1,0,0.5,0.85,1,1,29.999988,621.205212,-1831.199892,-0.70711,0.70711,0,0;

racing,killcuboid,6,2.4,24,0,663.205212,-2525.855532,0,0,0,1;
racing,killcuboid,6,2.4,24,0,579.205212,-2525.855532,0,0,0,1;
racing,killcuboid,6,2.4,24,42,621.205212,-2525.855352,0,0,-0.70711,0.70711;
racing,killcuboid,6,2.4,24,-42,621.205212,-2525.855352,0,0,-0.70711,0.70711;
racing,killcuboid,6,2.4,24,-0.000024,663.205212,-1739.99982,0,1,0,0;
racing,killcuboid,6,2.4,24,-0.000024,579.205212,-1739.99982,0,1,0,0;
racing,killcuboid,6,2.4,24,-42.000024,621.205212,-1740,-0.70711,0.70711,0,0;
racing,killcuboid,6,2.4,24,41.999976,621.205212,-1740,-0.70711,0.70711,0,0;

custom,sphere,ice1,1.7454545,1.7454545,1.7454545,1,1,1,1,0.16,0.16,-0.4902528,619.5937848,-2284.900704,0,0,0,1;
custom,sphere,lava1,1.7454545,1.7454545,1.7454545,1,1,0.5,0,0.16,0.16,0.4902529,619.5937848,-1980.954636,0,1,0,0;

racing,killsphere,1.7454545,1.7454545,1.7454545,0.4902529,619.5937848,-1980.954636,0,1,0,0;





custom,cuboid,default,6,2.4,6,1,0,0,0.2,1,1,0,663.205212,-1590,0,0,0,1;
custom,cuboid,default,6,2.4,6,1,0,0,0.2,1,1,0,579.205212,-1590,0,0,0,1;
custom,cuboid,medievalartilleryassets_texture-psd,2.4,10.8,6,1,1,1,1,1,1,-42,621.205212,-1590,0,0,0,1;
custom,cuboid,medievalartilleryassets_texture-psd,2.4,10.8,6,1,1,1,1,1,1,42,621.205212,-1590,0,0,0,1;

custom,cuboid,empty,6.12,2.28,6.12,1,0,0,0.2,1,1,0,663.205212,-1590,0,0,0,1;
custom,cuboid,empty,6.12,2.28,6.12,1,0,0,0.2,1,1,0,579.205212,-1590,0,0,0,1;
custom,cuboid,empty,2.28,10.68,6.12,1,0,0,0.2,1,1,-42,621.205212,-1590,0,0,0,1;
custom,cuboid,empty,2.28,10.68,6.12,1,0,0,0.2,1,1,42,621.205212,-1590,0,0,0,1;

custom,cuboid,bombtex,6,2.412,6,1,0.7,0.85,1,20,20,0,663.205212,-1590,0,0,0,1;
custom,cuboid,bombtex,6,2.412,6,1,0.7,0.85,1,20,20,0,579.205212,-1590,0,0,0,1;

custom,cuboid,ice1,4.2,0.6,1.08,1,1,1,1,0.35,0.05,12.72792,633.933156,-1590,0,0,-0.38268,0.92388;
custom,cuboid,ice1,4.2,0.6,1.08,1,1,1,1,0.35,0.05,-12.72792,608.47728,-1590,0,0,-0.38268,0.92388;
custom,cuboid,ice1,4.2,0.6,1.08,1,1,1,1,0.35,0.05,12.72792,608.47728,-1590,0,0,-0.92388,0.38268;
custom,cuboid,ice1,4.2,0.6,1.08,1,1,1,1,0.35,0.05,-12.72792,633.933156,-1590,0,0,-0.92388,0.38268;
custom,cuboid,ice1,1.2,1.2,1.08,1,1,1,1,0.1,0.1,24,621.205212,-1590,0,0,0,1;
custom,cuboid,ice1,1.2,1.2,1.08,1,1,1,1,0.1,0.1,-24,621.205212,-1590,0,0,0,1;
custom,cuboid,ice1,1.2,1.2,1.08,1,1,1,1,0.1,0.1,0,597.205212,-1590,0,0,-0.70711,0.70711;
custom,cuboid,ice1,1.2,1.2,1.08,1,1,1,1,0.1,0.1,0,645.205212,-1590,0,0,-0.70711,0.70711;
custom,cuboid,ice1,6.12,2.52,1.2,1,1,1,1,0.51,0.21,0,663.205212,-1590,0,0,0,1;
custom,cuboid,ice1,6.12,2.52,1.2,1,1,1,1,0.51,0.21,0,579.205212,-1590,0,0,0,1;
custom,cuboid,ice1,2.52,10.92,1.2,1,1,1,1,0.21,0.91,-42,621.205212,-1590,0,0,0,1;
custom,cuboid,ice1,2.52,10.92,1.2,1,1,1,1,0.21,0.91,42,621.205212,-1590,0,0,0,1;

custom,cuboid,empty,4.236,0.636,1.044,1,0,0,0,0,0,12.72792,633.933156,-1590,0,0,-0.38268,0.92388;
custom,cuboid,empty,4.236,0.636,1.044,1,0,0,0,0,0,-12.72792,608.47728,-1590,0,0,-0.38268,0.92388;
custom,cuboid,empty,4.236,0.636,1.044,1,0,0,0,0,0,12.72792,608.47728,-1590,0,0,-0.92388,0.38268;
custom,cuboid,empty,4.236,0.636,1.044,1,0,0,0,0,0,-12.72792,633.933156,-1590,0,0,-0.92388,0.38268;
custom,cuboid,empty,1.236,1.236,1.044,1,0,0,0,0,0,24,621.205212,-1590,0,0,0,1;
custom,cuboid,empty,1.236,1.236,1.044,1,0,0,0,0,0,-24,621.205212,-1590,0,0,0,1;
custom,cuboid,empty,1.236,1.236,1.044,1,0,0,0,0,0,0,597.205212,-1590,0,0,-0.70711,0.70711;
custom,cuboid,empty,1.236,1.236,1.044,1,0,0,0,0,0,0,645.205212,-1590,0,0,-0.70711,0.70711;
custom,cuboid,empty,6.156,2.556,1.164,1,0,0,0,0,0,0,663.205212,-1590,0,0,0,1;
custom,cuboid,empty,6.156,2.556,1.164,1,0,0,0,0,0,0,579.205212,-1590,0,0,0,1;
custom,cuboid,empty,2.556,10.956,1.164,1,0,0,0,0,0,-42,621.205212,-1590,0,0,0,1;
custom,cuboid,empty,2.556,10.956,1.164,1,0,0,0,0,0,42,621.205212,-1590,0,0,0,1;
racing,checkpointcuboid,3.6,3.6,0.96,0,621.205212,-1590,0,0,-0.38268,0.92388;




custom,cuboid,ice1,0.96,14.4,0.96,1,1,1,1,1,1,129.55356,549.205212,-1140,0,0.70711,0,0.70711;
custom,cuboid,ice1,0.96,14.4,0.96,1,1,1,1,1,1,-129.5532,549.205212,-1140,0,0.70711,0,0.70711;
custom,cuboid,ice1,0.96,14.4,0.96,1,1,1,1,1,1,-129.507564,693.205212,-1428,0.70711,0,-0.70711,0;
custom,cuboid,ice1,0.96,14.4,0.96,1,1,1,1,1,1,129.553236,693.205212,-1428,0.70711,0,-0.70711,0;
custom,cuboid,ice1,0.96,14.4,0.96,1,1,1,1,1,1,-129.507636,693.205212,-852,0.70711,0,-0.70711,0;
custom,cuboid,ice1,0.96,14.4,0.96,1,1,1,1,1,1,129.553164,693.205212,-852,0.70711,0,-0.70711,0;
custom,cuboid,ice1,0.96,0.96,9.6,1,1,1,1,1,1,-86.376636,765.205164,-852,0.70711,0,-0.70711,0;
custom,cuboid,ice1,0.96,0.96,9.6,1,1,1,1,1,1,86.376804,765.205164,-852,0.70711,0,-0.70711,0;
custom,cuboid,ice1,0.96,0.96,4.8,1,1,1,1,1,1,148.7532,722.005188,-852,0.70711,0,-0.70711,0;
custom,cuboid,ice1,0.96,0.96,4.8,1,1,1,1,1,1,-148.7076,722.005188,-852,0.70711,0,-0.70711,0;
custom,cuboid,ice1,0.96,2.04,2.04,1,1,1,1,1,1,-134.907624,727.405152,-852,0.70711,0,-0.70711,0;
custom,cuboid,ice1,0.96,2.04,2.04,1,1,1,1,1,1,134.953188,727.405152,-852,0.70711,0,-0.70711,0;
custom,cuboid,ice1,0.96,0.96,4.8,1,1,1,1,1,1,148.70754,520.405248,-1139.999904,0,0.70711,0,-0.70711;
custom,cuboid,ice1,0.96,0.96,4.8,1,1,1,1,1,1,-148.753248,520.405248,-1140,0,0.70711,0,-0.70711;
custom,cuboid,ice1,0.96,2.04,2.04,1,1,1,1,1,1,-134.953284,515.005236,-1140,0,0.70711,0,-0.70711;
custom,cuboid,ice1,0.96,2.04,2.04,1,1,1,1,1,1,134.907528,515.005236,-1139.999904,0,0.70711,0,-0.70711;
custom,cuboid,ice1,0.96,4.8,0.96,1,1,1,1,1,1,-172.7532,548.282916,-1140,0,0,0,1;
custom,cuboid,ice1,0.96,4.8,0.96,1,1,1,1,1,1,172.7532,548.282916,-1140,0,0,0,1;

custom,cuboid,cannonregionmat,1.08,14.4,0.96,1,1,1,1,1,1,129.55356,549.205212,-1140,0,0.70711,0,0.70711;
custom,cuboid,cannonregionmat,1.08,14.4,0.96,1,1,1,1,1,1,-129.5532,549.205212,-1140,0,0.70711,0,0.70711;
custom,cuboid,cannonregionmat,1.08,14.4,0.96,1,1,1,1,1,1,-129.507564,693.205212,-1428,0.70711,0,-0.70711,0;
custom,cuboid,cannonregionmat,1.08,14.4,0.96,1,1,1,1,1,1,129.553236,693.205212,-1428,0.70711,0,-0.70711,0;
custom,cuboid,cannonregionmat,1.08,14.4,0.96,1,1,1,1,1,1,-129.507636,693.205212,-852,0.70711,0,-0.70711,0;
custom,cuboid,cannonregionmat,1.08,14.4,0.96,1,1,1,1,1,1,129.553164,693.205212,-852,0.70711,0,-0.70711,0;
custom,cuboid,cannonregionmat,1.08,0.96,9.6,1,1,1,1,1,1,-86.376636,765.205164,-852,0.70711,0,-0.70711,0;
custom,cuboid,cannonregionmat,1.08,0.96,9.6,1,1,1,1,1,1,86.376804,765.205164,-852,0.70711,0,-0.70711,0;
custom,cuboid,cannonregionmat,1.08,0.96,4.8,1,1,1,1,1,1,148.7532,722.005188,-852,0.70711,0,-0.70711,0;
custom,cuboid,cannonregionmat,1.08,0.96,4.8,1,1,1,1,1,1,-148.7076,722.005188,-852,0.70711,0,-0.70711,0;
custom,cuboid,cannonregionmat,1.08,2.04,2.04,1,1,1,1,1,1,-134.907624,727.405152,-852,0.70711,0,-0.70711,0;
custom,cuboid,cannonregionmat,1.08,2.04,2.04,1,1,1,1,1,1,134.953188,727.405152,-852,0.70711,0,-0.70711,0;
custom,cuboid,cannonregionmat,1.08,0.96,4.8,1,1,1,1,1,1,148.70754,520.405248,-1139.999904,0,0.70711,0,-0.70711;
custom,cuboid,cannonregionmat,1.08,0.96,4.8,1,1,1,1,1,1,-148.753248,520.405248,-1140,0,0.70711,0,-0.70711;
custom,cuboid,cannonregionmat,1.08,2.04,2.04,1,1,1,1,1,1,-134.953284,515.005236,-1140,0,0.70711,0,-0.70711;
custom,cuboid,cannonregionmat,1.08,2.04,2.04,1,1,1,1,1,1,134.907528,515.005236,-1139.999904,0,0.70711,0,-0.70711;
custom,cuboid,cannonregionmat,0.96,4.8,1.08,1,1,1,1,1,1,-172.7532,548.282916,-1140,0,0,0,1;
custom,cuboid,cannonregionmat,0.96,4.8,1.08,1,1,1,1,1,1,172.7532,548.282916,-1140,0,0,0,1;


custom,killarc180,bombtex,3.6,28.8,3.6,1,0,0,1,0.3,1,0.69084,603.192388,-1479.168,-0.5,-0.5,-0.5,-0.5;
custom,killarc180,bombtex,3.6,28.8,3.6,1,0,0,1,0.3,1,-0.69084,639.217964,-1479.168,0.5,-0.5,-0.5,0.5;
custom,killarc180,bombtex,3.6,9.6,3.6,1,0.1,0,1,0.3,1,0.69084,603.192388,-1381.056,-0.5,-0.5,-0.5,-0.5;
custom,killarc180,bombtex,3.6,9.6,3.6,1,0.1,0,1,0.3,1,-0.69084,639.217964,-1381.056,0.5,-0.5,-0.5,0.5;
custom,killarc180,bombtex,3.6,9.6,3.6,1,0.2,0,1,0.3,1,0.69084,603.192412,-1333.056,-0.5,-0.5,-0.5,-0.5;
custom,killarc180,bombtex,3.6,9.6,3.6,1,0.2,0,1,0.3,1,-0.69084,639.217976,-1333.056,0.5,-0.5,-0.5,0.5;
custom,killarc180,bombtex,3.6,9.6,3.6,1,0.3,0,1,0.3,1,0.69084,603.192412,-1285.056,-0.5,-0.5,-0.5,-0.5;
custom,killarc180,bombtex,3.6,9.6,3.6,1,0.3,0,1,0.3,1,-0.69084,639.217988,-1285.056,0.5,-0.5,-0.5,0.5;
custom,killarc180,bombtex,3.6,9.6,3.6,1,0.4,0,1,0.3,1,0.69084,603.192412,-1237.056,-0.5,-0.5,-0.5,-0.5;
custom,killarc180,bombtex,3.6,9.6,3.6,1,0.4,0,1,0.3,1,-0.69084,639.217988,-1237.056,0.5,-0.5,-0.5,0.5;
custom,killarc180,bombtex,3.6,9.6,3.6,1,0.5,0,1,0.3,1,0.69084,603.192412,-1189.056,-0.5,-0.5,-0.5,-0.5;
custom,killarc180,bombtex,3.6,9.6,3.6,1,0.5,0,1,0.3,1,-0.69084,639.218,-1189.056,0.5,-0.5,-0.5,0.5;
custom,killarc180,bombtex,3.6,9.6,3.6,1,0.6,0,1,0.3,1,0.69084,603.192424,-1141.056,-0.5,-0.5,-0.5,-0.5;
custom,killarc180,bombtex,3.6,9.6,3.6,1,0.6,0,1,0.3,1,-0.69084,639.218,-1141.056,0.5,-0.5,-0.5,0.5;
custom,killarc180,bombtex,3.6,9.6,3.6,1,0.7,0,1,0.3,1,0.69084,603.192436,-1093.056,-0.5,-0.5,-0.5,-0.5;
custom,killarc180,bombtex,3.6,9.6,3.6,1,0.7,0,1,0.3,1,-0.69084,639.218012,-1093.056,0.5,-0.5,-0.5,0.5;
custom,killarc180,bombtex,3.6,9.6,3.6,1,0.8,0,1,0.3,1,0.69084,603.192436,-1045.056,-0.5,-0.5,-0.5,-0.5;
custom,killarc180,bombtex,3.6,9.6,3.6,1,0.8,0,1,0.3,1,-0.69084,639.218012,-1045.056,0.5,-0.5,-0.5,0.5;
custom,killarc180,bombtex,3.6,9.6,3.6,1,0.9,0,1,0.3,1,0.69084,603.192448,-997.056,-0.5,-0.5,-0.5,-0.5;
custom,killarc180,bombtex,3.6,9.6,3.6,1,0.9,0,1,0.3,1,-0.69084,639.218024,-997.056,0.5,-0.5,-0.5,0.5;
custom,killarc180,bombtex,3.6,9.6,3.6,1,1,0,1,0.3,1,0.69084,603.192448,-949.056,-0.5,-0.5,-0.5,-0.5;
custom,killarc180,bombtex,3.6,9.6,3.6,1,1,0,1,0.3,1,-0.69084,639.218012,-949.056,0.5,-0.5,-0.5,0.5;
custom,killarc180,bombtex,3.6,9.6,3.6,1,1,0.1,0.9,0.3,1,0.69084,603.19246,-901.056,-0.5,-0.5,-0.5,-0.5;
custom,killarc180,bombtex,3.6,9.6,3.6,1,1,0.1,0.9,0.3,1,-0.69084,639.218036,-901.056,0.5,-0.5,-0.5,0.5;
custom,killarc180,bombtex,3.6,9.6,3.6,1,1,0.2,0.8,0.3,1,0.69084,603.19246,-853.056,-0.5,-0.5,-0.5,-0.5;
custom,killarc180,bombtex,3.6,9.6,3.6,1,1,0.2,0.8,0.3,1,-0.69084,639.218036,-853.056,0.5,-0.5,-0.5,0.5;

custom,killarc180,bombtex,3.6,2.809296,3.6,1,1,0.3,0.7,0.3,1,18.012728,621.896052,-821.2858306,0,-0.70711,-0.70711,0;
custom,killarc180,bombtex,3.6,2.809296,3.6,1,1,0.4,0.6,0.3,1,19.2110116,621.896052,-814.6435418,0.13795,0.69352,0.69352,-0.13795;
custom,killarc180,bombtex,3.6,2.809296,3.6,1,1,0.5,0.5,0.3,1,22.8599255,621.896052,-808.9655935,0.2706,0.65328,0.65328,-0.2706;
custom,killarc180,bombtex,3.6,2.809296,3.6,1,1,0.6,0.4,0.3,1,28.4039584,621.896052,-805.1161108,0.39285,0.58794,0.58794,-0.39285;
custom,killarc180,bombtex,3.6,2.978352,3.6,1,1,0.7,0.3,0.3,1,35.4031613,621.896052,-803.681384,0.5,0.5,0.5,-0.5;
custom,killarc180,bombtex,3.6,2.978352,3.6,1,1,0.8,0.2,0.3,1,50.2950053,621.896052,-803.681384,0.5,0.5,0.5,-0.5;
custom,killarc180,bombtex,3.6,2.809296,3.6,1,1,0.9,0.1,0.3,1,57.3784578,621.896052,-804.8795965,0.58794,0.39285,0.39285,-0.58794;
custom,killarc180,bombtex,3.6,2.809296,3.6,1,1,1,0,0.3,1,63.0564757,621.896052,-808.5285726,0.65328,0.2706,0.2706,-0.65328;
custom,killarc180,bombtex,3.6,2.809296,3.6,1,0.9,1,0.1,0.3,1,66.9059003,621.896052,-814.0725428,0.69352,0.13795,0.13795,-0.69352;
custom,killarc180,bombtex,3.6,2.809296,3.6,1,0.8,1,0.2,0.3,1,68.3407,621.896052,-820.6676894,0.70711,0,0,-0.70711;

custom,killarc180,bombtex,3.6,2.809296,3.6,1,0.8,1,0.2,0.3,1,-68.340772,621.896052,-821.2858306,0,-0.70711,-0.70711,0;
custom,killarc180,bombtex,3.6,2.809296,3.6,1,0.9,1,0.1,0.3,1,-67.1425124,621.896052,-814.6435418,0.13795,0.69352,0.69352,-0.13795;
custom,killarc180,bombtex,3.6,2.809296,3.6,1,1,1,0,0.3,1,-63.4935985,621.896052,-808.9655935,0.2706,0.65328,0.65328,-0.2706;
custom,killarc180,bombtex,3.6,2.809296,3.6,1,1,0.9,0.1,0.3,1,-57.9495536,621.896052,-805.1161108,0.39285,0.58794,0.58794,-0.39285;
custom,killarc180,bombtex,3.6,2.978352,3.6,1,1,0.8,0.2,0.3,1,-50.9503267,621.896052,-803.681384,0.5,0.5,0.5,-0.5;
custom,killarc180,bombtex,3.6,2.978352,3.6,1,1,0.7,0.3,0.3,1,-36.0585067,621.896052,-803.681384,0.5,0.5,0.5,-0.5;
custom,killarc180,bombtex,3.6,2.809296,3.6,1,1,0.6,0.4,0.3,1,-28.9750662,621.896052,-804.8795965,0.58794,0.39285,0.39285,-0.58794;
custom,killarc180,bombtex,3.6,2.809296,3.6,1,1,0.5,0.5,0.3,1,-23.2970483,621.896052,-808.5285726,0.65328,0.2706,0.2706,-0.65328;
custom,killarc180,bombtex,3.6,2.809296,3.6,1,1,0.4,0.6,0.3,1,-19.4476237,621.896052,-814.0725428,0.69352,0.13795,0.13795,-0.69352;
custom,killarc180,bombtex,3.6,2.809296,3.6,1,1,0.3,0.7,0.3,1,-18.012824,621.896052,-820.6677854,0.70711,0,0,-0.70711;

custom,killarc180,bombtex,3.6,2.828496,3.6,1,1,0.3,0.7,0.3,1,7.3822906,621.896052,-767.655784,0.5,-0.5,-0.5,-0.5;
custom,killarc180,bombtex,3.6,2.828496,3.6,1,1,0.4,0.6,0.3,1,21.5247826,621.896052,-767.655736,0.5,-0.5,-0.5,-0.5;
custom,killarc180,bombtex,3.6,2.978352,3.6,1,1,0.5,0.5,0.3,1,36.0583987,621.896052,-767.655736,0.5,-0.5,-0.5,-0.5;
custom,killarc180,bombtex,3.6,2.978352,3.6,1,1,0.6,0.4,0.3,1,50.9502547,621.896052,-767.655736,0.5,-0.5,-0.5,-0.5;
custom,killarc180,bombtex,3.6,2.828496,3.6,1,1,0.7,0.3,0.3,1,65.4508906,621.896052,-767.655784,0.5,-0.5,-0.5,-0.5;
custom,killarc180,bombtex,3.6,2.828496,3.6,1,1,0.8,0.2,0.3,1,79.5933706,621.896052,-767.655784,0.5,-0.5,-0.5,-0.5;

custom,killarc180,bombtex,3.6,2.828496,3.6,1,1,0.3,0.7,0.3,1,-6.7601534,621.896052,-767.655784,0.5,-0.5,-0.5,-0.5;
custom,killarc180,bombtex,3.6,2.828496,3.6,1,1,0.4,0.6,0.3,1,-20.9026574,621.896052,-767.655736,0.5,-0.5,-0.5,-0.5;
custom,killarc180,bombtex,3.6,2.978352,3.6,1,1,0.5,0.5,0.3,1,-35.4032693,621.896052,-767.655784,0.5,-0.5,-0.5,-0.5;
custom,killarc180,bombtex,3.6,2.978352,3.6,1,1,0.6,0.4,0.3,1,-50.2951013,621.896052,-767.655784,0.5,-0.5,-0.5,-0.5;
custom,killarc180,bombtex,3.6,2.828496,3.6,1,1,0.7,0.3,0.3,1,-64.8287414,621.896052,-767.655784,0.5,-0.5,-0.5,-0.5;
custom,killarc180,bombtex,3.6,2.828496,3.6,1,1,0.8,0.2,0.3,1,-78.9712094,621.896052,-767.655784,0.5,-0.5,-0.5,-0.5;

custom,killarc180,bombtex,3.6,1.543008,3.6,1,1,0.82,0.18,0.3,1,90.3807029,621.896052,-767.655736,0.5,-0.5,-0.5,-0.5;
custom,killarc180,bombtex,3.6,2.809296,3.6,1,1,0.84,0.16,0.3,1,93.9592302,621.896052,-769.0924595,0.39285,-0.58794,-0.58794,-0.39285;
custom,killarc180,bombtex,3.6,2.809296,3.6,1,1,0.86,0.14,0.3,1,99.5115803,621.896052,-772.9474074,0.2706,-0.65328,-0.65328,-0.2706;
custom,killarc180,bombtex,3.6,2.809296,3.6,1,1,0.88,0.12,0.3,1,103.1660317,621.896052,-778.6337452,0.13795,-0.69352,-0.69352,-0.13795;
custom,killarc180,bombtex,3.6,1.543008,3.6,1,1,0.9,0.1,0.3,1,104.366276,621.896052,-781.9808309,0,-0.70711,-0.70711,0;


custom,killarc180,bombtex,3.6,1.543008,3.6,1,1,0.82,0.18,0.3,1,-90.0413971,621.896052,-767.655688,0.5,-0.5,-0.5,-0.5;
custom,killarc180,bombtex,3.6,2.809296,3.6,1,1,0.84,0.16,0.3,1,-93.3883864,621.896052,-768.8559452,0.58794,-0.39285,-0.39285,-0.58794;
custom,killarc180,bombtex,3.6,2.809296,3.6,1,1,0.86,0.14,0.3,1,-99.0747215,621.896052,-772.5104705,0.65328,-0.2706,-0.2706,-0.65328;
custom,killarc180,bombtex,3.6,2.809296,3.6,1,1,0.88,0.12,0.3,1,-102.9296716,621.896052,-778.0627462,0.69352,-0.13795,-0.13795,-0.69352;
custom,killarc180,bombtex,3.6,1.543008,3.6,1,1,0.9,0.1,0.3,1,-104.36642,621.896052,-781.6412731,0.70711,0,0,-0.70711;

custom,killarc180,bombtex,3.6,2.847696,3.6,1,1,1,0,0.3,1,-104.36642,621.896052,-792.4745654,0.70711,0,0,-0.70711;
custom,killarc180,bombtex,3.6,2.809296,3.6,1,0.9,1,0.1,0.3,1,-104.366432,621.896052,-806.6212094,0.70711,0,0,-0.70711;
custom,killarc180,bombtex,3.6,2.809296,3.6,1,0.8,1,0.2,0.3,1,-104.36642,621.896052,-820.6677854,0.70711,0,0,-0.70711;

custom,killarc180,bombtex,3.6,2.847696,3.6,1,1,1,0,0.3,1,104.366276,620.514372,-792.4745654,0,-0.70711,0.70711,0;
custom,killarc180,bombtex,3.6,2.809296,3.6,1,0.9,1,0.1,0.3,1,104.366276,620.514372,-806.6212094,0,-0.70711,0.70711,0;
custom,killarc180,bombtex,3.6,2.809296,3.6,1,0.8,1,0.2,0.3,1,104.366324,620.514372,-820.6677854,0,-0.70711,0.70711,0;

custom,killarc180,bombtex,3.6,9.6,3.6,1,0.7,1,0.3,0.3,1,87.044394,603.192454,-853.056,-0.5,-0.5,-0.5,-0.5;
custom,killarc180,bombtex,3.6,9.6,3.6,1,0.7,1,0.3,0.3,1,85.662714,639.218042,-853.056,0.5,-0.5,-0.5,0.5;
custom,killarc180,bombtex,3.6,9.6,3.6,1,0.6,1,0.4,0.3,1,87.044394,603.192454,-901.056,-0.5,-0.5,-0.5,-0.5;
custom,killarc180,bombtex,3.6,9.6,3.6,1,0.6,1,0.4,0.3,1,85.662714,639.21803,-901.056,0.5,-0.5,-0.5,0.5;
custom,killarc180,bombtex,3.6,9.6,3.6,1,0.5,1,0.5,0.3,1,87.044394,603.192454,-949.056,-0.5,-0.5,-0.5,-0.5;
custom,killarc180,bombtex,3.6,9.6,3.6,1,0.5,1,0.5,0.3,1,85.662714,639.21803,-949.056,0.5,-0.5,-0.5,0.5;
custom,killarc180,bombtex,3.6,9.6,3.6,1,0.4,1,0.6,0.3,1,87.044394,603.192454,-997.056,-0.5,-0.5,-0.5,-0.5;
custom,killarc180,bombtex,3.6,9.6,3.6,1,0.4,1,0.6,0.3,1,85.662714,639.218018,-997.056,0.5,-0.5,-0.5,0.5;
custom,killarc180,bombtex,3.6,9.6,3.6,1,0.3,1,0.7,0.3,1,87.044394,603.192418,-1045.056,-0.5,-0.5,-0.5,-0.5;
custom,killarc180,bombtex,3.6,9.6,3.6,1,0.3,1,0.7,0.3,1,85.662714,639.218018,-1045.056,0.5,-0.5,-0.5,0.5;
custom,killarc180,bombtex,3.6,9.6,3.6,1,0.2,1,0.8,0.3,1,87.044394,603.192418,-1093.056,-0.5,-0.5,-0.5,-0.5;
custom,killarc180,bombtex,3.6,9.6,3.6,1,0.2,1,0.8,0.3,1,85.662714,639.217994,-1093.056,0.5,-0.5,-0.5,0.5;
custom,killarc180,bombtex,3.6,9.6,3.6,1,0.1,1,0.9,0.3,1,87.044394,603.192418,-1141.056,-0.5,-0.5,-0.5,-0.5;
custom,killarc180,bombtex,3.6,9.6,3.6,1,0.1,1,0.9,0.3,1,85.662714,639.217994,-1141.056,0.5,-0.5,-0.5,0.5;
custom,killarc180,bombtex,3.6,9.6,3.6,1,0,1,1,0.3,1,87.044394,603.192418,-1189.056,-0.5,-0.5,-0.5,-0.5;
custom,killarc180,bombtex,3.6,9.6,3.6,1,0,1,1,0.3,1,85.662714,639.217982,-1189.056,0.5,-0.5,-0.5,0.5;
custom,killarc180,bombtex,3.6,9.6,3.6,1,0,0.9,1,0.3,1,87.044394,603.192418,-1237.056,-0.5,-0.5,-0.5,-0.5;
custom,killarc180,bombtex,3.6,9.6,3.6,1,0,0.9,1,0.3,1,85.662714,639.217982,-1237.056,0.5,-0.5,-0.5,0.5;
custom,killarc180,bombtex,3.6,9.6,3.6,1,0,0.8,1,0.3,1,87.044394,603.192382,-1285.056,-0.5,-0.5,-0.5,-0.5;
custom,killarc180,bombtex,3.6,9.6,3.6,1,0,0.8,1,0.3,1,85.662714,639.21797,-1285.056,0.5,-0.5,-0.5,0.5;
custom,killarc180,bombtex,3.6,9.6,3.6,1,0,0.7,1,0.3,1,87.044394,603.192382,-1333.056,-0.5,-0.5,-0.5,-0.5;
custom,killarc180,bombtex,3.6,9.6,3.6,1,0,0.7,1,0.3,1,85.662714,639.217958,-1333.056,0.5,-0.5,-0.5,0.5;
custom,killarc180,bombtex,3.6,9.6,3.6,1,0,0.6,1,0.3,1,87.044394,603.192394,-1381.056,-0.5,-0.5,-0.5,-0.5;
custom,killarc180,bombtex,3.6,9.6,3.6,1,0,0.6,1,0.3,1,85.662714,639.217946,-1381.056,0.5,-0.5,-0.5,0.5;
custom,killarc180,bombtex,3.6,3.38172,3.6,1,0,0.5,1,0.3,1,87.044394,603.192394,-1412.8263372,-0.5,-0.5,-0.5,-0.5;
custom,killarc180,bombtex,3.6,3.38172,3.6,1,0,0.5,1,0.3,1,85.662714,639.217946,-1412.8263372,0.5,-0.5,-0.5,0.5;


custom,killarc180,bombtex,3.6,9.6,3.6,1,0.7,1,0.3,0.3,1,-85.662714,603.192478,-853.056,-0.5,-0.5,-0.5,-0.5;
custom,killarc180,bombtex,3.6,9.6,3.6,1,0.7,1,0.3,0.3,1,-87.044394,639.21803,-853.056,0.5,-0.5,-0.5,0.5;
custom,killarc180,bombtex,3.6,9.6,3.6,1,0.6,1,0.4,0.3,1,-85.662714,603.192478,-901.056,-0.5,-0.5,-0.5,-0.5;
custom,killarc180,bombtex,3.6,9.6,3.6,1,0.6,1,0.4,0.3,1,-87.044394,639.21803,-901.056,0.5,-0.5,-0.5,0.5;
custom,killarc180,bombtex,3.6,9.6,3.6,1,0.5,1,0.5,0.3,1,-85.662714,603.192466,-949.056,-0.5,-0.5,-0.5,-0.5;
custom,killarc180,bombtex,3.6,9.6,3.6,1,0.5,1,0.5,0.3,1,-87.044394,639.218042,-949.056,0.5,-0.5,-0.5,0.5;
custom,killarc180,bombtex,3.6,9.6,3.6,1,0.4,1,0.6,0.3,1,-85.662714,603.192454,-997.056,-0.5,-0.5,-0.5,-0.5;
custom,killarc180,bombtex,3.6,9.6,3.6,1,0.4,1,0.6,0.3,1,-87.044394,639.218042,-997.056,0.5,-0.5,-0.5,0.5;
custom,killarc180,bombtex,3.6,9.6,3.6,1,0.3,1,0.7,0.3,1,-85.662714,603.192442,-1045.056,-0.5,-0.5,-0.5,-0.5;
custom,killarc180,bombtex,3.6,9.6,3.6,1,0.3,1,0.7,0.3,1,-87.044394,639.218006,-1045.056,0.5,-0.5,-0.5,0.5;
custom,killarc180,bombtex,3.6,9.6,3.6,1,0.2,1,0.8,0.3,1,-85.662714,603.19243,-1093.056,-0.5,-0.5,-0.5,-0.5;
custom,killarc180,bombtex,3.6,9.6,3.6,1,0.2,1,0.8,0.3,1,-87.044394,639.218006,-1093.056,0.5,-0.5,-0.5,0.5;
custom,killarc180,bombtex,3.6,9.6,3.6,1,0.1,1,0.9,0.3,1,-85.662714,603.19243,-1141.056,-0.5,-0.5,-0.5,-0.5;
custom,killarc180,bombtex,3.6,9.6,3.6,1,0.1,1,0.9,0.3,1,-87.044394,639.218006,-1141.056,0.5,-0.5,-0.5,0.5;
custom,killarc180,bombtex,3.6,9.6,3.6,1,0,1,1,0.3,1,-85.662714,603.19243,-1189.056,-0.5,-0.5,-0.5,-0.5;
custom,killarc180,bombtex,3.6,9.6,3.6,1,0,1,1,0.3,1,-87.044394,639.218006,-1189.056,0.5,-0.5,-0.5,0.5;
custom,killarc180,bombtex,3.6,9.6,3.6,1,0,0.9,1,0.3,1,-85.662714,603.192406,-1237.056,-0.5,-0.5,-0.5,-0.5;
custom,killarc180,bombtex,3.6,9.6,3.6,1,0,0.9,1,0.3,1,-87.044394,639.218006,-1237.056,0.5,-0.5,-0.5,0.5;
custom,killarc180,bombtex,3.6,9.6,3.6,1,0,0.8,1,0.3,1,-85.662714,603.192406,-1285.056,-0.5,-0.5,-0.5,-0.5;
custom,killarc180,bombtex,3.6,9.6,3.6,1,0,0.8,1,0.3,1,-87.044394,639.21797,-1285.056,0.5,-0.5,-0.5,0.5;
custom,killarc180,bombtex,3.6,9.6,3.6,1,0,0.7,1,0.3,1,-85.662714,603.192394,-1333.056,-0.5,-0.5,-0.5,-0.5;
custom,killarc180,bombtex,3.6,9.6,3.6,1,0,0.7,1,0.3,1,-87.044394,639.21797,-1333.056,0.5,-0.5,-0.5,0.5;
custom,killarc180,bombtex,3.6,9.6,3.6,1,0,0.6,1,0.3,1,-85.662714,603.192394,-1381.056,-0.5,-0.5,-0.5,-0.5;
custom,killarc180,bombtex,3.6,9.6,3.6,1,0,0.6,1,0.3,1,-87.044394,639.21797,-1381.056,0.5,-0.5,-0.5,0.5;
custom,killarc180,bombtex,3.6,3.38172,3.6,1,0,0.5,1,0.3,1,-85.662714,603.192382,-1412.8263372,-0.5,-0.5,-0.5,-0.5;
custom,killarc180,bombtex,3.6,3.38172,3.6,1,0,0.5,1,0.3,1,-87.044394,639.21797,-1412.8263372,0.5,-0.5,-0.5,0.5;

custom,killarc180,bombtex,3.6,4.27656,3.6,1,0,0.5,1,0.3,1,-76.61258,606.1699112,-1432.0704576,0.34846,0.61528,0.61528,0.34846;
custom,killarc180,bombtex,3.6,4.27656,3.6,1,0,0.5,1,0.3,1,-96.32524,636.3553768,-1432.0704576,0.61528,-0.34846,-0.34846,0.61528;
custom,killarc180,bombtex,3.6,2.83656,3.6,1,0,0.45,1,0.3,1,-77.1776466,607.1122223,-1446.0435648,-0.40709,-0.57816,-0.64648,-0.28648;
custom,killarc180,bombtex,3.6,2.83656,3.6,1,0,0.45,1,0.3,1,-96.534305,636.704004,-1439.015304,0.64648,-0.28648,-0.40709,0.57816;
custom,killarc180,bombtex,3.6,2.83656,3.6,1,0,0.4,1,0.3,1,-78.7885201,609.7984386,-1456.1583468,-0.4618,-0.53548,-0.67144,-0.22173;
custom,killarc180,bombtex,3.6,2.83656,3.6,1,0,0.4,1,0.3,1,-97.0908361,637.6320181,-1442.3718744,0.67144,-0.22173,-0.4618,0.53548;
custom,killarc180,bombtex,3.6,2.83656,3.6,1,0,0.35,1,0.3,1,-81.3833005,614.1253454,-1465.467636,-0.51207,-0.48764,-0.68994,-0.15485;
custom,killarc180,bombtex,3.6,2.83656,3.6,1,0,0.35,1,0.3,1,-97.9734671,639.103842,-1445.4528768,0.68994,-0.15485,-0.51207,0.48764;
custom,killarc180,bombtex,3.6,2.83656,3.6,1,0,0.3,1,0.3,1,-84.8622378,619.9266613,-1473.6138432,-0.5574,-0.4351,-0.7018,-0.08648;
custom,killarc180,bombtex,3.6,2.83656,3.6,1,0,0.3,1,0.3,1,-99.1482316,641.0628961,-1448.1398592,0.7018,-0.08648,-0.5574,0.4351;
custom,killarc180,bombtex,3.6,2.83656,3.6,1,0,0.25,1,0.3,1,-89.0916831,626.979573,-1480.2838176,-0.59736,-0.37837,-0.7069,-0.01728;
custom,killarc180,bombtex,3.6,2.83656,3.6,1,0,0.25,1,0.3,1,-100.5700846,643.4338579,-1450.329636,0.7069,-0.01727,-0.59736,0.37837;
custom,killarc180,bombtex,3.6,2.83656,3.6,1,0,0.2,1,0.3,1,-93.9090937,635.012856,-1485.2212224,-0.63157,-0.31799,-0.70519,0.0521;
custom,killarc180,bombtex,3.6,2.83656,3.6,1,0,0.2,1,0.3,1,-102.1843007,646.1256406,-1451.9380236,0.70519,0.0521,-0.63157,0.31799;
custom,killarc180,bombtex,3.6,2.83656,3.6,1,0,0.15,1,0.3,1,-99.1293146,643.717857,-1488.2363904,-0.6597,-0.25456,-0.69668,0.12097;
custom,killarc180,bombtex,3.6,2.83656,3.6,1,0,0.15,1,0.3,1,-103.9288135,649.0347972,-1452.9030468,0.69668,0.12097,-0.6597,0.25456;
custom,killarc180,bombtex,3.6,2.83656,3.6,1,0,0.1,1,0.3,1,-104.5517249,652.760117,-1489.2133284,-0.68147,-0.18867,-0.68147,0.18867;
custom,killarc180,bombtex,3.6,2.83656,3.6,1,0,0.1,1,0.3,1,-105.7366728,652.0495271,-1453.1878236,0.68147,0.18867,-0.68147,0.18867;

custom,killarc180,bombtex,3.6,16.300488,3.6,1,0,0,1,0.3,1,-131.1034949,694.3501288,-1453.1877276,-0.68147,-0.18867,0.68147,-0.18867;
custom,killarc180,bombtex,3.6,16.300488,3.6,1,0,0,1,0.3,1,-129.918823,695.0607187,-1489.2134244,0.68147,0.18867,0.68147,-0.18867;

custom,killarc180,bombtex,3.6,2.83656,3.6,1,0.05,0,1,0.3,1,-154.5070831,733.646515,-1489.2134244,-0.18867,0.68147,-0.18867,-0.68147;
custom,killarc180,bombtex,3.6,2.83656,3.6,1,0.05,0,1,0.3,1,-153.3221952,734.3571049,-1453.1879196,-0.18867,0.68147,0.18867,0.68147;
custom,killarc180,bombtex,3.6,2.83656,3.6,1,0.1,0,1,0.3,1,-159.9295264,742.6887821,-1488.2363964,-0.25456,0.6597,-0.12096,-0.69668;
custom,killarc180,bombtex,3.6,2.83656,3.6,1,0.1,0,1,0.3,1,-155.1300425,737.3718348,-1452.9030468,-0.12097,0.69668,0.25456,0.6597;
custom,killarc180,bombtex,3.6,2.83656,3.6,1,0.15,0,1,0.3,1,-165.1497383,751.393776,-1485.2213064,-0.31799,0.63157,-0.0521,-0.70519;
custom,killarc180,bombtex,3.6,2.83656,3.6,1,0.15,0,1,0.3,1,-156.8745793,740.2809914,-1451.9379396,-0.0521,0.70519,0.31799,0.63157;
custom,killarc180,bombtex,3.6,2.83656,3.6,1,0.2,0,1,0.3,1,-169.9671608,759.427059,-1480.2838176,-0.37837,0.59736,0.01728,-0.7069;
custom,killarc180,bombtex,3.6,2.83656,3.6,1,0.2,0,1,0.3,1,-158.4887834,742.9727741,-1450.329732,0.01727,0.7069,0.37837,0.59736;

custom,killarc180,bombtex,3.6,2.83656,3.6,1,0.25,0,1,0.3,1,-174.1965942,766.4798867,-1473.6138432,-0.4351,0.5574,0.08648,-0.7018;
custom,killarc180,bombtex,3.6,2.83656,3.6,1,0.25,0,1,0.3,1,-159.9106244,745.3437359,-1448.1398592,0.08648,0.7018,0.4351,0.5574;
custom,killarc180,bombtex,3.6,2.83656,3.6,1,0.3,0,1,0.3,1,-177.6755555,772.2812026,-1465.467636,-0.48764,0.51207,0.15485,-0.68994;
custom,killarc180,bombtex,3.6,2.83656,3.6,1,0.3,0,1,0.3,1,-161.0854129,747.302694,-1445.4528768,0.15485,0.68994,0.48764,0.51207;
custom,killarc180,bombtex,3.6,2.83656,3.6,1,0.35,0,1,0.3,1,-180.2703239,776.6081934,-1456.1582508,-0.53548,0.4618,0.22173,-0.67144;
custom,killarc180,bombtex,3.6,2.83656,3.6,1,0.35,0,1,0.3,1,-161.9680319,748.7745179,-1442.3719584,0.22173,0.67144,0.53548,0.4618;
custom,killarc180,bombtex,3.6,2.83656,3.6,1,0.4,0,1,0.3,1,-181.8812094,779.2944577,-1446.0435648,-0.57816,0.40709,0.28648,-0.64648;
custom,killarc180,bombtex,3.6,2.83656,3.6,1,0.4,0,1,0.3,1,-162.524563,749.702628,-1439.015304,0.28648,0.64648,0.57816,0.40709;
custom,killarc180,bombtex,3.6,4.27656,3.6,1,0.45,0,1,0.3,1,-182.445952,780.2362168,-1432.0704576,-0.61528,0.34846,0.34846,-0.61528;
custom,killarc180,bombtex,3.6,4.27656,3.6,1,0.45,0,1,0.3,1,-162.733628,750.0512552,-1432.0704576,0.34846,0.61528,0.61528,0.34846;
custom,killarc180,bombtex,3.6,2.83656,3.6,1,0.5,0,1,0.3,1,-173.398404,782.2410365,-1417.768644,-0.5466,0.44858,0.5466,-0.44858;
custom,killarc180,bombtex,3.6,2.83656,3.6,1,0.5,0,1,0.3,1,-172.016724,746.9076924,-1424.7969276,0.5466,0.44858,0.5466,0.44858;
custom,killarc180,bombtex,3.6,2.83656,3.6,1,0.55,0,1,0.3,1,-173.398404,779.2259624,-1407.6184608,-0.58794,0.39285,0.58794,-0.39285;
custom,killarc180,bombtex,3.6,2.83656,3.6,1,0.55,0,1,0.3,1,-172.016724,745.9426672,-1421.4048324,0.58794,0.39285,0.58794,0.39285;
custom,killarc180,bombtex,3.6,2.83656,3.6,1,0.6,0,1,0.3,1,-173.398404,774.2885465,-1398.2515944,-0.62361,0.33333,0.62361,-0.33333;
custom,killarc180,bombtex,3.6,2.83656,3.6,1,0.6,0,1,0.3,1,-172.016724,744.3343648,-1418.2662408,0.62361,0.33333,0.62361,0.33333;
custom,killarc180,bombtex,3.6,2.83656,3.6,1,0.65,0,1,0.3,1,-173.398404,767.6186542,-1390.0278708,-0.65328,0.2706,0.65328,-0.2706;
custom,killarc180,bombtex,3.6,2.83656,3.6,1,0.65,0,1,0.3,1,-172.016724,742.144868,-1415.5018368,0.65328,0.2706,0.65328,0.2706;

custom,killarc180,bombtex,3.6,69.44808,3.6,1,0.7,0,1,0.3,1,-173.398541,638.8754,-1275.5577816,-0.66124,0.25053,0.66124,-0.25054;
custom,killarc180,bombtex,3.6,69.44808,3.6,1,0.7,0,1,0.3,1,-172.016724,615.0030644,-1302.538338,0.66124,0.25053,0.66124,0.25053;

custom,killarc180,bombtex,3.6,2.83656,3.6,1,0.75,0,1,0.3,1,-173.39844,474.7917218,-1177.9721288,-0.2706,-0.65328,0.2706,0.65328;
custom,killarc180,bombtex,3.6,2.83656,3.6,1,0.75,0,1,0.3,1,-172.01676,500.265652,-1152.4982471,-0.2706,0.65328,-0.2706,0.65328;
custom,killarc180,bombtex,3.6,2.83656,3.6,1,0.8,0,1,0.3,1,-173.39844,468.1218415,-1169.7485012,-0.33333,-0.62361,0.33333,0.62361;
custom,killarc180,bombtex,3.6,2.83656,3.6,1,0.8,0,1,0.3,1,-172.01676,498.0760232,-1149.7337588,-0.33333,0.62361,-0.33333,0.62361;
custom,killarc180,bombtex,3.6,2.83656,3.6,1,0.85,0,1,0.3,1,-173.39844,463.1845216,-1160.3815397,-0.39285,-0.58794,0.39285,0.58794;
custom,killarc180,bombtex,3.6,2.83656,3.6,1,0.85,0,1,0.3,1,-172.01676,496.4677688,-1146.595167,-0.39285,0.58794,-0.39285,0.58794;
custom,killarc180,bombtex,3.6,2.83656,3.6,1,0.9,0,1,0.3,1,-173.39844,460.1693995,-1150.2313554,-0.44858,-0.5466,0.44858,0.5466;
custom,killarc180,bombtex,3.6,2.83656,3.6,1,0.9,0,1,0.3,1,-172.01676,495.5027316,-1143.203169,-0.44858,0.5466,-0.44858,0.5466;
custom,killarc180,bombtex,3.6,2.83656,3.6,1,0.95,0,1,0.3,1,-173.39844,459.192412,-1139.6879784,-0.5,-0.5,0.5,0.5;
custom,killarc180,bombtex,3.6,2.83656,3.6,1,0.95,0,1,0.3,1,-172.01676,495.218384,-1139.6880744,-0.5,0.5,-0.5,0.5;
custom,killarc180,bombtex,3.6,2.83656,3.6,1,1,0,1,0.3,1,-173.39844,460.2911484,-1129.156509,-0.5466,-0.44858,0.5466,0.44858;
custom,killarc180,bombtex,3.6,2.83656,3.6,1,1,0,1,0.3,1,-172.01676,495.6244805,-1136.1846954,-0.5466,0.44858,-0.5466,0.44858;
custom,killarc180,bombtex,3.6,2.83656,3.6,1,1,0,0.95,0.3,1,-173.398452,463.4233792,-1119.041727,-0.58794,-0.39285,0.58794,0.39285;
custom,killarc180,bombtex,3.6,2.83656,3.6,1,1,0,0.95,0.3,1,-172.01676,496.7066264,-1132.8281117,-0.58794,0.39285,-0.58794,0.39285;
custom,killarc180,bombtex,3.6,2.83656,3.6,1,1,0,0.9,0.3,1,-173.398428,468.4686688,-1109.7323468,-0.62361,-0.33333,0.62361,0.33333;
custom,killarc180,bombtex,3.6,2.83656,3.6,1,1,0,0.9,0.3,1,-172.01676,498.4228025,-1129.7470892,-0.62361,0.33333,-0.62361,0.33333;
custom,killarc180,bombtex,3.6,2.83656,3.6,1,1,0,0.85,0.3,1,-173.39844,475.233176,-1101.5862311,-0.65328,-0.2706,0.65328,0.2706;
custom,killarc180,bombtex,3.6,2.83656,3.6,1,1,0,0.85,0.3,1,-172.01676,500.7070582,-1127.0601128,-0.65328,0.2706,-0.65328,0.2706;

custom,killarc180,bombtex,3.6,69.44808,3.6,1,1,0,0.7,0.3,1,-172.016659,638.8754,-1004.4137424,-0.66124,0.25054,-0.66124,0.25053;
custom,killarc180,bombtex,3.6,69.44808,3.6,1,1,0,0.7,0.3,1,-173.3985,615.0030644,-977.4331859,-0.66124,-0.25053,0.66124,0.25053;

custom,killarc180,bombtex,3.6,2.83656,3.6,1,1,0,0.65,0.3,1,-172.016868,767.6186542,-889.9435688,-0.65328,0.2706,-0.65328,0.2706;
custom,killarc180,bombtex,3.6,2.83656,3.6,1,1,0,0.65,0.3,1,-173.398524,742.144868,-864.4697831,-0.65328,-0.2706,0.65328,0.2706;
custom,killarc180,bombtex,3.6,2.83656,3.6,1,1,0,0.6,0.3,1,-172.016844,774.2885465,-881.7199292,-0.62361,0.33333,-0.62361,0.33333;
custom,killarc180,bombtex,3.6,2.83656,3.6,1,1,0,0.6,0.3,1,-173.398548,744.3343648,-861.7051868,-0.62361,-0.33333,0.62361,0.33333;
custom,killarc180,bombtex,3.6,2.83656,3.6,1,1,0,0.55,0.3,1,-172.016844,779.2259624,-872.3530757,-0.58794,0.39285,-0.58794,0.39285;
custom,killarc180,bombtex,3.6,2.83656,3.6,1,1,0,0.55,0.3,1,-173.398548,745.9426672,-858.566691,-0.58794,-0.39285,0.58794,0.39285;
custom,killarc180,bombtex,3.6,2.83656,3.6,1,1,0,0.5,0.3,1,-172.016868,782.2410365,-862.2028794,-0.5466,0.44858,-0.5466,0.44858;
custom,killarc180,bombtex,3.6,2.83656,3.6,1,1,0,0.5,0.3,1,-173.398524,746.9076924,-855.174693,-0.5466,-0.44858,0.5466,0.44858;
custom,killarc180,bombtex,3.6,4.27656,3.6,1,1,0,0.45,0.3,1,-190.72046,765.896004,-847.9009824,-0.70711,0,0,0.70711;
custom,killarc180,bombtex,3.6,4.27656,3.6,1,1,0,0.45,0.3,1,-154.694884,764.514324,-847.9010664,0,0.70711,-0.70711,0;
custom,killarc180,bombtex,3.6,2.83656,3.6,1,1,0,0.4,0.3,1,-189.6217363,765.896004,-833.9278649,-0.7037,0.06931,0.06931,0.7037;
custom,killarc180,bombtex,3.6,2.83656,3.6,1,1,0,0.4,0.3,1,-154.2883922,764.514324,-840.9561473,0.06931,-0.7037,0.7037,0.06931;
custom,killarc180,bombtex,3.6,2.83656,3.6,1,1,0,0.35,0.3,1,-186.4895039,765.896004,-823.8130954,-0.69352,0.13795,0.13795,0.69352;
custom,killarc180,bombtex,3.6,2.83656,3.6,1,1,0,0.35,0.3,1,-153.2062566,764.514324,-837.599564,0.13795,-0.69352,0.69352,0.13795;
custom,killarc180,bombtex,3.6,2.83656,3.6,1,1,0,0.3,0.3,1,-181.4442268,765.896004,-814.5038111,-0.67666,0.20526,0.20526,0.67666;
custom,killarc180,bombtex,3.6,2.83656,3.6,1,1,0,0.3,0.3,1,-151.490045,764.514324,-834.5185536,0.20526,-0.67666,0.67666,0.20526;
custom,killarc180,bombtex,3.6,2.83656,3.6,1,1,0,0.25,0.3,1,-174.6797288,765.896004,-806.3576018,-0.65328,0.2706,0.2706,0.65328;
custom,killarc180,bombtex,3.6,2.83656,3.6,1,1,0,0.25,0.3,1,-149.2057751,764.514324,-831.831568,0.2706,-0.65328,0.65328,0.2706;
custom,killarc180,bombtex,3.6,2.83656,3.6,1,1,0,0.2,0.3,1,-166.4559092,765.896004,-799.6876255,-0.62361,0.33333,0.33333,0.62361;
custom,killarc180,bombtex,3.6,2.83656,3.6,1,1,0,0.2,0.3,1,-146.4411188,764.514324,-829.6417952,0.33333,-0.62361,0.62361,0.33333;
custom,killarc180,bombtex,3.6,2.83656,3.6,1,1,0,0.15,0.3,1,-157.0888397,765.896004,-794.7502096,-0.58794,0.39285,0.39285,0.58794;
custom,killarc180,bombtex,3.6,2.83656,3.6,1,1,0,0.15,0.3,1,-143.302467,764.514324,-828.0334088,0.39285,-0.58794,0.58794,0.39285;
custom,killarc180,bombtex,3.6,2.83656,3.6,1,1,0,0.1,0.3,1,-146.9385594,765.896004,-791.7351355,-0.5466,0.44858,0.44858,0.5466;
custom,killarc180,bombtex,3.6,2.83656,3.6,1,1,0,0.1,0.3,1,-139.910373,764.514324,-827.0683836,0.44858,-0.5466,0.5466,0.44858;
custom,killarc180,bombtex,3.6,2.83656,3.6,1,1,0,0.05,0.3,1,-136.3951344,765.896004,-790.7581,-0.5,0.5,0.5,0.5;
custom,killarc180,bombtex,3.6,2.83656,3.6,1,1,0,0.05,0.3,1,-136.3951344,764.514324,-826.783616,0.5,-0.5,0.5,0.5;

custom,killarc180,bombtex,3.6,4.321944,3.6,1,1,0,0,0.3,1,-118.3354342,765.896004,-790.758016,-0.5,0.5,0.5,0.5;
custom,killarc180,bombtex,3.6,4.321944,3.6,1,1,0,0,0.3,1,-118.3354342,764.514324,-826.783616,0.5,-0.5,0.5,0.5;
custom,killarc180,bombtex,3.6,4.321944,3.6,1,0.9,0.1,0.1,0.3,1,-96.7255942,765.896004,-790.7581,-0.5,0.5,0.5,0.5;
custom,killarc180,bombtex,3.6,4.321944,3.6,1,0.9,0.1,0.1,0.3,1,-96.7255942,764.514324,-826.783616,0.5,-0.5,0.5,0.5;
custom,killarc180,bombtex,3.6,4.321944,3.6,1,0.8,0.2,0.2,0.3,1,-75.1157902,765.896004,-790.7581,-0.5,0.5,0.5,0.5;
custom,killarc180,bombtex,3.6,4.321944,3.6,1,0.8,0.2,0.2,0.3,1,-75.1158142,764.514324,-826.783616,0.5,-0.5,0.5,0.5;
custom,killarc180,bombtex,3.6,4.321944,3.6,1,0.7,0.3,0.3,0.3,1,-53.5063222,765.896004,-790.758016,-0.5,0.5,0.5,0.5;
custom,killarc180,bombtex,3.6,4.321944,3.6,1,0.7,0.3,0.3,0.3,1,-53.5063222,764.514324,-826.783616,0.5,-0.5,0.5,0.5;

custom,killarc180,bombtex,3.6,2.978352,3.6,1,0.6,0.4,0.4,0.3,1,-36.0585067,765.896004,-826.7837,0.5,0.5,0.5,-0.5;
custom,killarc180,bombtex,3.6,2.809296,3.6,1,0.6,0.4,0.4,0.3,1,-28.9750662,765.896004,-827.9819125,0.58794,0.39285,0.39285,-0.58794;
custom,killarc180,bombtex,3.6,2.809296,3.6,1,0.5,0.5,0.5,0.3,1,-23.2970483,765.896004,-831.6309006,0.65328,0.2706,0.2706,-0.65328;
custom,killarc180,bombtex,3.6,2.809296,3.6,1,0.5,0.5,0.5,0.3,1,-19.4476237,765.896004,-837.1748708,0.69352,0.13795,0.13795,-0.69352;
custom,killarc180,bombtex,3.6,2.809296,3.6,1,0.4,0.6,0.6,0.3,1,-18.012824,765.896004,-843.7700174,0.70711,0,0,-0.70711;
custom,killarc180,bombtex,3.6,2.978352,3.6,1,0.6,0.4,0.4,0.3,1,-35.4032693,765.896004,-790.7581,0.5,-0.5,-0.5,-0.5;
custom,killarc180,bombtex,3.6,2.828496,3.6,1,0.5,0.5,0.5,0.3,1,-6.7601534,765.896004,-790.7581,0.5,-0.5,-0.5,-0.5;
custom,killarc180,bombtex,3.6,2.828496,3.6,1,0.55,0.45,0.45,0.3,1,-20.9026214,765.896004,-790.758016,0.5,-0.5,-0.5,-0.5;

custom,killarc180,bombtex,3.6,9.6,3.6,1,0.3,0.7,0.7,0.3,1,-18.012824,764.514324,-876.158328,0.70711,0,0,0.70711;

custom,killarc180,bombtex,3.6,-4.27656,3.6,1,0,0.5,1,0.3,1,76.61258,606.1699112,-1432.0704576,0.61528,0.34846,-0.34846,-0.61528;
custom,killarc180,bombtex,3.6,-4.27656,3.6,1,0,0.5,1,0.3,1,96.32524,636.3553768,-1432.0704576,-0.34846,0.61528,-0.61528,0.34846;
custom,killarc180,bombtex,3.6,-2.83656,3.6,1,0,0.45,1,0.3,1,77.1776466,607.1122223,-1446.0435648,-0.57816,-0.40709,0.28648,0.64648;
custom,killarc180,bombtex,3.6,-2.83656,3.6,1,0,0.45,1,0.3,1,96.534305,636.704004,-1439.015304,-0.28648,0.64648,-0.57816,0.40709;
custom,killarc180,bombtex,3.6,-2.83656,3.6,1,0,0.4,1,0.3,1,78.7885201,609.7984386,-1456.1583468,-0.53548,-0.4618,0.22173,0.67144;
custom,killarc180,bombtex,3.6,-2.83656,3.6,1,0,0.4,1,0.3,1,97.0908361,637.6320181,-1442.3718744,-0.22173,0.67144,-0.53548,0.4618;
custom,killarc180,bombtex,3.6,-2.83656,3.6,1,0,0.35,1,0.3,1,81.3833005,614.1253454,-1465.467636,-0.48764,-0.51207,0.15485,0.68994;
custom,killarc180,bombtex,3.6,-2.83656,3.6,1,0,0.35,1,0.3,1,97.9734671,639.103842,-1445.4528768,-0.15485,0.68994,-0.48764,0.51207;
custom,killarc180,bombtex,3.6,-2.83656,3.6,1,0,0.3,1,0.3,1,84.8622378,619.9266613,-1473.6138432,-0.4351,-0.5574,0.08648,0.7018;
custom,killarc180,bombtex,3.6,-2.83656,3.6,1,0,0.3,1,0.3,1,99.1482316,641.0628961,-1448.1398592,-0.08648,0.7018,-0.4351,0.5574;
custom,killarc180,bombtex,3.6,-2.83656,3.6,1,0,0.25,1,0.3,1,89.0916832,626.979573,-1480.2838176,-0.37837,-0.59736,0.01728,0.7069;
custom,killarc180,bombtex,3.6,-2.83656,3.6,1,0,0.25,1,0.3,1,100.5700846,643.4338579,-1450.329636,-0.01727,0.7069,-0.37837,0.59736;
custom,killarc180,bombtex,3.6,-2.83656,3.6,1,0,0.2,1,0.3,1,93.9090937,635.012856,-1485.2212224,-0.31799,-0.63157,-0.0521,0.70519;
custom,killarc180,bombtex,3.6,-2.83656,3.6,1,0,0.2,1,0.3,1,102.1843007,646.1256406,-1451.9380236,0.0521,0.70519,-0.31799,0.63157;
custom,killarc180,bombtex,3.6,-2.83656,3.6,1,0,0.15,1,0.3,1,99.1293146,643.717857,-1488.2363904,-0.25456,-0.6597,-0.12097,0.69668;
custom,killarc180,bombtex,3.6,-2.83656,3.6,1,0,0.15,1,0.3,1,103.9288135,649.0347972,-1452.9030468,0.12097,0.69668,-0.25456,0.6597;
custom,killarc180,bombtex,3.6,-2.83656,3.6,1,0,0.1,1,0.3,1,104.5517249,652.760117,-1489.2133284,-0.18867,-0.68147,-0.18867,0.68147;
custom,killarc180,bombtex,3.6,-2.83656,3.6,1,0,0.1,1,0.3,1,105.7366728,652.0495271,-1453.1878236,0.18867,0.68147,-0.18867,0.68147;

custom,killarc180,bombtex,3.6,-16.300488,3.6,1,0,0,1,0.3,1,131.1034949,694.3501288,-1453.1877276,-0.18867,-0.68147,0.18867,-0.68147;
custom,killarc180,bombtex,3.6,-16.300488,3.6,1,0,0,1,0.3,1,129.918823,695.0607187,-1489.2134244,0.18867,0.68147,0.18867,-0.68147;

custom,killarc180,bombtex,3.6,-2.83656,3.6,1,0.05,0,1,0.3,1,154.5070831,733.646515,-1489.2134244,0.68147,-0.18867,0.68147,0.18867;
custom,killarc180,bombtex,3.6,-2.83656,3.6,1,0.05,0,1,0.3,1,153.3221952,734.3571049,-1453.1879196,0.68147,-0.18867,-0.68147,-0.18867;
custom,killarc180,bombtex,3.6,-2.83656,3.6,1,0.1,0,1,0.3,1,159.9295264,742.6887821,-1488.2363964,0.6597,-0.25456,0.69668,0.12096;
custom,killarc180,bombtex,3.6,-2.83656,3.6,1,0.1,0,1,0.3,1,155.1300425,737.3718348,-1452.9030468,0.69668,-0.12097,-0.6597,-0.25456;
custom,killarc180,bombtex,3.6,-2.83656,3.6,1,0.15,0,1,0.3,1,165.1497383,751.393776,-1485.2213064,0.63157,-0.31799,0.70519,0.0521;
custom,killarc180,bombtex,3.6,-2.83656,3.6,1,0.15,0,1,0.3,1,156.8745793,740.2809914,-1451.9379396,0.70519,-0.0521,-0.63157,-0.31799;
custom,killarc180,bombtex,3.6,-2.83656,3.6,1,0.2,0,1,0.3,1,169.9671608,759.427059,-1480.2838176,0.59736,-0.37837,0.7069,-0.01728;
custom,killarc180,bombtex,3.6,-2.83656,3.6,1,0.2,0,1,0.3,1,158.4887834,742.9727741,-1450.329732,0.7069,0.01727,-0.59736,-0.37837;

custom,killarc180,bombtex,3.6,-2.83656,3.6,1,0.25,0,1,0.3,1,174.1965942,766.4798867,-1473.6138432,0.5574,-0.4351,0.7018,-0.08648;
custom,killarc180,bombtex,3.6,-2.83656,3.6,1,0.25,0,1,0.3,1,159.9106244,745.3437359,-1448.1398592,0.7018,0.08648,-0.5574,-0.4351;
custom,killarc180,bombtex,3.6,-2.83656,3.6,1,0.3,0,1,0.3,1,177.6755555,772.2812026,-1465.467636,0.51207,-0.48764,0.68994,-0.15485;
custom,killarc180,bombtex,3.6,-2.83656,3.6,1,0.3,0,1,0.3,1,161.0854129,747.302694,-1445.4528768,0.68994,0.15485,-0.51207,-0.48764;
custom,killarc180,bombtex,3.6,-2.83656,3.6,1,0.35,0,1,0.3,1,180.2703239,776.6081934,-1456.1582508,0.4618,-0.53548,0.67144,-0.22173;
custom,killarc180,bombtex,3.6,-2.83656,3.6,1,0.35,0,1,0.3,1,161.9680319,748.7745179,-1442.3719584,0.67144,0.22173,-0.4618,-0.53548;
custom,killarc180,bombtex,3.6,-2.83656,3.6,1,0.4,0,1,0.3,1,181.8812094,779.2944577,-1446.0435648,0.40709,-0.57816,0.64648,-0.28648;
custom,killarc180,bombtex,3.6,-2.83656,3.6,1,0.4,0,1,0.3,1,162.524563,749.702628,-1439.015304,0.64648,0.28648,-0.40709,-0.57816;
custom,killarc180,bombtex,3.6,-4.27656,3.6,1,0.45,0,1,0.3,1,182.445952,780.2362168,-1432.0704576,0.34846,-0.61528,0.61528,-0.34846;
custom,killarc180,bombtex,3.6,-4.27656,3.6,1,0.45,0,1,0.3,1,162.733628,750.0512552,-1432.0704576,0.61528,0.34846,-0.34846,-0.61528;
custom,killarc180,bombtex,3.6,-2.83656,3.6,1,0.5,0,1,0.3,1,173.398404,782.2410365,-1417.768644,0.44858,-0.5466,0.44858,-0.5466;
custom,killarc180,bombtex,3.6,-2.83656,3.6,1,0.5,0,1,0.3,1,172.016724,746.9076924,-1424.7969276,0.44858,0.5466,-0.44858,-0.5466;
custom,killarc180,bombtex,3.6,-2.83656,3.6,1,0.55,0,1,0.3,1,173.398404,779.2259624,-1407.6184608,0.39285,-0.58794,0.39285,-0.58794;
custom,killarc180,bombtex,3.6,-2.83656,3.6,1,0.55,0,1,0.3,1,172.016724,745.9426672,-1421.4048324,0.39285,0.58794,-0.39285,-0.58794;
custom,killarc180,bombtex,3.6,-2.83656,3.6,1,0.6,0,1,0.3,1,173.398404,774.2885465,-1398.2515944,0.33333,-0.62361,0.33333,-0.62361;
custom,killarc180,bombtex,3.6,-2.83656,3.6,1,0.6,0,1,0.3,1,172.016724,744.3343648,-1418.2662408,0.33333,0.62361,-0.33333,-0.62361;
custom,killarc180,bombtex,3.6,-2.83656,3.6,1,0.65,0,1,0.3,1,173.398404,767.6186542,-1390.0278708,0.2706,-0.65328,0.2706,-0.65328;
custom,killarc180,bombtex,3.6,-2.83656,3.6,1,0.65,0,1,0.3,1,172.016724,742.144868,-1415.5018368,0.2706,0.65328,-0.2706,-0.65328;

custom,killarc180,bombtex,3.6,-69.44808,3.6,1,0.7,0,1,0.3,1,173.398541,638.8754,-1275.5577816,0.25053,-0.66124,0.25054,-0.66124;
custom,killarc180,bombtex,3.6,-69.44808,3.6,1,0.7,0,1,0.3,1,172.016724,615.0030644,-1302.538338,0.25053,0.66124,-0.25053,-0.66124;

custom,killarc180,bombtex,3.6,-2.83656,3.6,1,0.75,0,1,0.3,1,173.39844,474.7917218,-1177.9721288,-0.65328,-0.2706,-0.65328,-0.2706;
custom,killarc180,bombtex,3.6,-2.83656,3.6,1,0.75,0,1,0.3,1,172.01676,500.265652,-1152.4982471,0.65328,-0.2706,-0.65328,0.2706;
custom,killarc180,bombtex,3.6,-2.83656,3.6,1,0.8,0,1,0.3,1,173.39844,468.1218415,-1169.7485012,-0.62361,-0.33333,-0.62361,-0.33333;
custom,killarc180,bombtex,3.6,-2.83656,3.6,1,0.8,0,1,0.3,1,172.01676,498.0760232,-1149.7337588,0.62361,-0.33333,-0.62361,0.33333;
custom,killarc180,bombtex,3.6,-2.83656,3.6,1,0.85,0,1,0.3,1,173.39844,463.1845216,-1160.3815397,-0.58794,-0.39285,-0.58794,-0.39285;
custom,killarc180,bombtex,3.6,-2.83656,3.6,1,0.85,0,1,0.3,1,172.01676,496.4677688,-1146.595167,0.58794,-0.39285,-0.58794,0.39285;
custom,killarc180,bombtex,3.6,-2.83656,3.6,1,0.9,0,1,0.3,1,173.39844,460.1693995,-1150.2313554,-0.5466,-0.44858,-0.5466,-0.44858;
custom,killarc180,bombtex,3.6,-2.83656,3.6,1,0.9,0,1,0.3,1,172.01676,495.5027316,-1143.203169,0.5466,-0.44858,-0.5466,0.44858;
custom,killarc180,bombtex,3.6,-2.83656,3.6,1,0.95,0,1,0.3,1,173.39844,459.192412,-1139.6879784,-0.5,-0.5,-0.5,-0.5;
custom,killarc180,bombtex,3.6,-2.83656,3.6,1,0.95,0,1,0.3,1,172.01676,495.218384,-1139.6880744,0.5,-0.5,-0.5,0.5;
custom,killarc180,bombtex,3.6,-2.83656,3.6,1,1,0,1,0.3,1,173.39844,460.2911484,-1129.156509,-0.44858,-0.5466,-0.44858,-0.5466;
custom,killarc180,bombtex,3.6,-2.83656,3.6,1,1,0,1,0.3,1,172.01676,495.6244805,-1136.1846954,0.44858,-0.5466,-0.44858,0.5466;
custom,killarc180,bombtex,3.6,-2.83656,3.6,1,1,0,0.95,0.3,1,173.398452,463.4233792,-1119.041727,-0.39285,-0.58794,-0.39285,-0.58794;
custom,killarc180,bombtex,3.6,-2.83656,3.6,1,1,0,0.95,0.3,1,172.01676,496.7066264,-1132.8281117,0.39285,-0.58794,-0.39285,0.58794;
custom,killarc180,bombtex,3.6,-2.83656,3.6,1,1,0,0.9,0.3,1,173.398428,468.4686688,-1109.7323468,-0.33333,-0.62361,-0.33333,-0.62361;
custom,killarc180,bombtex,3.6,-2.83656,3.6,1,1,0,0.9,0.3,1,172.01676,498.4228025,-1129.7470892,0.33333,-0.62361,-0.33333,0.62361;
custom,killarc180,bombtex,3.6,-2.83656,3.6,1,1,0,0.85,0.3,1,173.39844,475.233176,-1101.5862311,-0.2706,-0.65328,-0.2706,-0.65328;
custom,killarc180,bombtex,3.6,-2.83656,3.6,1,1,0,0.85,0.3,1,172.01676,500.7070582,-1127.0601128,0.2706,-0.65328,-0.2706,0.65328;

custom,killarc180,bombtex,3.6,-69.44808,3.6,1,1,0,0.7,0.3,1,172.016659,638.8754,-1004.4137424,0.25054,-0.66124,-0.25053,0.66124;
custom,killarc180,bombtex,3.6,-69.44808,3.6,1,1,0,0.7,0.3,1,173.3985,615.0030644,-977.4331859,-0.25053,-0.66124,-0.25053,-0.66124;

custom,killarc180,bombtex,3.6,-2.83656,3.6,1,1,0,0.65,0.3,1,172.016868,767.6186542,-889.9435688,0.2706,-0.65328,-0.2706,0.65328;
custom,killarc180,bombtex,3.6,-2.83656,3.6,1,1,0,0.65,0.3,1,173.398524,742.144868,-864.4697831,-0.2706,-0.65328,-0.2706,-0.65328;
custom,killarc180,bombtex,3.6,-2.83656,3.6,1,1,0,0.6,0.3,1,172.016844,774.2885465,-881.7199292,0.33333,-0.62361,-0.33333,0.62361;
custom,killarc180,bombtex,3.6,-2.83656,3.6,1,1,0,0.6,0.3,1,173.398548,744.3343648,-861.7051868,-0.33333,-0.62361,-0.33333,-0.62361;
custom,killarc180,bombtex,3.6,-2.83656,3.6,1,1,0,0.55,0.3,1,172.016844,779.2259624,-872.3530757,0.39285,-0.58794,-0.39285,0.58794;
custom,killarc180,bombtex,3.6,-2.83656,3.6,1,1,0,0.55,0.3,1,173.398548,745.9426672,-858.566691,-0.39285,-0.58794,-0.39285,-0.58794;
custom,killarc180,bombtex,3.6,-2.83656,3.6,1,1,0,0.5,0.3,1,172.016868,782.2410365,-862.2028794,0.44858,-0.5466,-0.44858,0.5466;
custom,killarc180,bombtex,3.6,-2.83656,3.6,1,1,0,0.5,0.3,1,173.398524,746.9076924,-855.174693,-0.44858,-0.5466,-0.44858,-0.5466;
custom,killarc180,bombtex,3.6,-4.27656,3.6,1,1,0,0.45,0.3,1,190.72046,765.896004,-847.9009824,0,-0.70711,-0.70711,0;
custom,killarc180,bombtex,3.6,-4.27656,3.6,1,1,0,0.45,0.3,1,154.694884,764.514324,-847.9010664,0.70711,0,0,0.70711;
custom,killarc180,bombtex,3.6,-2.83656,3.6,1,1,0,0.4,0.3,1,189.6217363,765.896004,-833.9278649,0.06931,-0.7037,-0.7037,-0.06931;
custom,killarc180,bombtex,3.6,-2.83656,3.6,1,1,0,0.4,0.3,1,154.2883922,764.514324,-840.9561473,-0.7037,0.06931,-0.06931,-0.7037;
custom,killarc180,bombtex,3.6,-2.83656,3.6,1,1,0,0.35,0.3,1,186.4895039,765.896004,-823.8130954,0.13795,-0.69352,-0.69352,-0.13795;
custom,killarc180,bombtex,3.6,-2.83656,3.6,1,1,0,0.35,0.3,1,153.2062566,764.514324,-837.599564,-0.69352,0.13795,-0.13795,-0.69352;
custom,killarc180,bombtex,3.6,-2.83656,3.6,1,1,0,0.3,0.3,1,181.4442268,765.896004,-814.5038111,0.20526,-0.67666,-0.67666,-0.20526;
custom,killarc180,bombtex,3.6,-2.83656,3.6,1,1,0,0.3,0.3,1,151.490045,764.514324,-834.5185536,-0.67666,0.20526,-0.20526,-0.67666;
custom,killarc180,bombtex,3.6,-2.83656,3.6,1,1,0,0.25,0.3,1,174.6797288,765.896004,-806.3576018,0.2706,-0.65328,-0.65328,-0.2706;
custom,killarc180,bombtex,3.6,-2.83656,3.6,1,1,0,0.25,0.3,1,149.2057751,764.514324,-831.831568,-0.65328,0.2706,-0.2706,-0.65328;
custom,killarc180,bombtex,3.6,-2.83656,3.6,1,1,0,0.2,0.3,1,166.4559092,765.896004,-799.6876255,0.33333,-0.62361,-0.62361,-0.33333;
custom,killarc180,bombtex,3.6,-2.83656,3.6,1,1,0,0.2,0.3,1,146.4411188,764.514324,-829.6417952,-0.62361,0.33333,-0.33333,-0.62361;
custom,killarc180,bombtex,3.6,-2.83656,3.6,1,1,0,0.15,0.3,1,157.0888397,765.896004,-794.7502096,0.39285,-0.58794,-0.58794,-0.39285;
custom,killarc180,bombtex,3.6,-2.83656,3.6,1,1,0,0.15,0.3,1,143.302467,764.514324,-828.0334088,-0.58794,0.39285,-0.39285,-0.58794;
custom,killarc180,bombtex,3.6,-2.83656,3.6,1,1,0,0.1,0.3,1,146.9385594,765.896004,-791.7351355,0.44858,-0.5466,-0.5466,-0.44858;
custom,killarc180,bombtex,3.6,-2.83656,3.6,1,1,0,0.1,0.3,1,139.910373,764.514324,-827.0683836,-0.5466,0.44858,-0.44858,-0.5466;
custom,killarc180,bombtex,3.6,-2.83656,3.6,1,1,0,0.05,0.3,1,136.3951344,765.896004,-790.7581,0.5,-0.5,-0.5,-0.5;
custom,killarc180,bombtex,3.6,-2.83656,3.6,1,1,0,0.05,0.3,1,136.3951344,764.514324,-826.783616,-0.5,0.5,-0.5,-0.5;

custom,killarc180,bombtex,3.6,-4.321944,3.6,1,1,0,0,0.3,1,118.3354342,765.896004,-790.758016,0.5,-0.5,-0.5,-0.5;
custom,killarc180,bombtex,3.6,-4.321944,3.6,1,1,0,0,0.3,1,118.3354342,764.514324,-826.783616,-0.5,0.5,-0.5,-0.5;
custom,killarc180,bombtex,3.6,-4.321944,3.6,1,0.9,0.1,0.1,0.3,1,96.7255942,765.896004,-790.7581,0.5,-0.5,-0.5,-0.5;
custom,killarc180,bombtex,3.6,-4.321944,3.6,1,0.9,0.1,0.1,0.3,1,96.7255942,764.514324,-826.783616,-0.5,0.5,-0.5,-0.5;
custom,killarc180,bombtex,3.6,-4.321944,3.6,1,0.8,0.2,0.2,0.3,1,75.1157902,765.896004,-790.7581,0.5,-0.5,-0.5,-0.5;
custom,killarc180,bombtex,3.6,-4.321944,3.6,1,0.8,0.2,0.2,0.3,1,75.1158142,764.514324,-826.783616,-0.5,0.5,-0.5,-0.5;
custom,killarc180,bombtex,3.6,-4.321944,3.6,1,0.7,0.3,0.3,0.3,1,53.5063222,765.896004,-790.758016,0.5,-0.5,-0.5,-0.5;
custom,killarc180,bombtex,3.6,-4.321944,3.6,1,0.7,0.3,0.3,0.3,1,53.5063222,764.514324,-826.783616,-0.5,0.5,-0.5,-0.5;

custom,killarc180,bombtex,3.6,-2.978352,3.6,1,0.6,0.4,0.4,0.3,1,36.0585067,765.896004,-826.7837,0.5,0.5,0.5,-0.5;
custom,killarc180,bombtex,3.6,-2.809296,3.6,1,0.6,0.4,0.4,0.3,1,28.9750662,765.896004,-827.9819125,0.39285,0.58794,0.58794,-0.39285;
custom,killarc180,bombtex,3.6,-2.809296,3.6,1,0.5,0.5,0.5,0.3,1,23.2970483,765.896004,-831.6309006,0.2706,0.65328,0.65328,-0.2706;
custom,killarc180,bombtex,3.6,-2.809296,3.6,1,0.5,0.5,0.5,0.3,1,19.4476237,765.896004,-837.1748708,0.13795,0.69352,0.69352,-0.13795;
custom,killarc180,bombtex,3.6,-2.809296,3.6,1,0.4,0.6,0.6,0.3,1,18.012824,765.896004,-843.7700174,0,0.70711,0.70711,0;
custom,killarc180,bombtex,3.6,-2.978352,3.6,1,0.6,0.4,0.4,0.3,1,35.4032693,765.896004,-790.7581,-0.5,0.5,0.5,0.5;
custom,killarc180,bombtex,3.6,-2.828496,3.6,1,0.5,0.5,0.5,0.3,1,6.7601534,765.896004,-790.7581,-0.5,0.5,0.5,0.5;
custom,killarc180,bombtex,3.6,-2.828496,3.6,1,0.55,0.45,0.45,0.3,1,20.9026214,765.896004,-790.758016,-0.5,0.5,0.5,0.5;

custom,killarc180,bombtex,3.6,-9.6,3.6,1,0.3,0.7,0.7,0.3,1,18.012824,764.514324,-876.158328,0,0.70711,-0.70711,0;





custom,killprism,bombtex,5.656992,0.72,3.2660813,1,1,0.4,0.6,4,0.2,-0.5063162,588.949212,-798.8455676,0,0,0,1;
custom,killprism,bombtex,5.656992,0.72,3.2660813,1,1,0.4,0.6,4,0.2,-0.5063162,653.749176,-798.8455676,0,0,0,1;

custom,killprism,bombtex,4.000104,0.72,2.309472,1,1,1,0,4,0.2,79.0526445,653.749176,-793.475595,0,-0.92388,0,0.38268;
custom,killprism,bombtex,4.000104,0.72,2.309472,1,1,1,0,4,0.2,-78.54654,653.749176,-792.9694374,0,0.92388,0,0.38268;
custom,killprism,bombtex,4.000104,0.72,2.309472,1,1,1,0,4,0.2,79.0526445,588.949212,-793.475595,0,-0.92388,0,0.38268;
custom,killprism,bombtex,4.000104,0.72,2.309472,1,1,1,0,4,0.2,-78.54654,588.949212,-792.9694374,0,0.92388,0,0.38268;

custom,killprism,bombtex,5.656992,0.72,3.2660813,1,0.5,0.5,0.5,4,0.2,-0.5063162,797.749128,-821.9478956,0,0,0,1;
custom,killprism,bombtex,5.656992,0.72,3.2660813,1,0.5,0.5,0.5,4,0.2,-0.5063162,732.949116,-821.9478956,0,0,0,1;


custom,arc180,ice1,4.8,1.92,4.8,1,1,1,1,1,1,0.92112,597.1881454,-1140.2112,-0.5,-0.5,-0.5,-0.5;
custom,arc180,ice1,4.8,1.92,4.8,1,1,1,1,1,1,-85.43244,645.2222786,-1139.7888,-0.5,0.5,-0.5,0.5;
custom,arc180,ice1,4.8,1.92,4.8,1,1,1,1,1,1,87.27468,645.2222786,-1139.7888,-0.5,0.5,-0.5,0.5;
custom,arc180,ice1,4.8,1.92,4.8,1,1,1,1,1,1,173.674692,453.1881454,-1140.2112,-0.5,-0.5,-0.5,-0.5;
custom,arc180,ice1,4.8,1.92,4.8,1,1,1,1,1,1,171.832452,501.2222786,-1140.2112,0.5,-0.5,-0.5,0.5;
custom,arc180,ice1,4.8,1.92,4.8,1,1,1,1,1,1,-171.83208,453.1881934,-1140.2112,-0.5,-0.5,-0.5,-0.5;
custom,arc180,ice1,4.8,1.92,4.8,1,1,1,1,1,1,-173.67432,501.2223266,-1140.2112,0.5,-0.5,-0.5,0.5;
custom,arc180,ice1,4.8,1.92,4.8,1,1,1,1,1,1,-0.921096,645.2222786,-1428.2112,0.5,-0.5,-0.5,0.5;
custom,arc180,ice1,4.8,1.92,4.8,1,1,1,1,1,1,85.432452,597.1881454,-1427.7888,-0.5,-0.5,0.5,0.5;
custom,arc180,ice1,4.8,1.92,4.8,1,1,1,1,1,1,-87.274644,597.1881454,-1427.7888,-0.5,-0.5,0.5,0.5;
custom,arc180,ice1,4.8,1.92,4.8,1,1,1,1,1,1,-173.628684,789.2222306,-1428.2112,0.5,-0.5,-0.5,0.5;
custom,arc180,ice1,4.8,1.92,4.8,1,1,1,1,1,1,-171.786444,741.1881934,-1428.2112,0.5,0.5,0.5,0.5;
custom,arc180,ice1,4.8,1.92,4.8,1,1,1,1,1,1,171.83214,789.2222306,-1428.2112,0.5,-0.5,-0.5,0.5;
custom,arc180,ice1,4.8,1.92,4.8,1,1,1,1,1,1,173.674332,741.1881934,-1428.2112,0.5,0.5,0.5,0.5;
custom,arc180,ice1,4.8,1.92,4.8,1,1,1,1,1,1,-0.921168,645.2222786,-852.2112,0.5,-0.5,-0.5,0.5;
custom,arc180,ice1,4.8,1.92,4.8,1,1,1,1,1,1,85.432404,597.1881454,-851.7888,-0.5,-0.5,0.5,0.5;
custom,arc180,ice1,4.8,1.92,4.8,1,1,1,1,1,1,-87.274716,597.1881454,-851.7888,-0.5,-0.5,0.5,0.5;
custom,arc180,ice1,4.8,1.92,4.8,1,1,1,1,1,1,-173.628744,789.2222306,-852.2112,0.5,-0.5,-0.5,0.5;
custom,arc180,ice1,4.8,1.92,4.8,1,1,1,1,1,1,-171.78654,741.1881934,-852.2112,0.5,0.5,0.5,0.5;
custom,arc180,ice1,4.8,1.92,4.8,1,1,1,1,1,1,171.832044,789.2222306,-852.2112,0.5,-0.5,-0.5,0.5;
custom,arc180,ice1,4.8,1.92,4.8,1,1,1,1,1,1,173.674272,741.1881934,-852.2112,0.5,0.5,0.5,0.5;
custom,arc180,ice1,4.8,1.92,4.8,1,1,1,1,1,1,-0.921168,789.2222306,-852.2112,0.5,-0.5,-0.5,0.5;
custom,arc180,ice1,4.8,1.92,4.8,1,1,1,1,1,1,0.921072,741.1881934,-852.2112,0.5,0.5,0.5,0.5;


custom,arc180,cannonregionmat,4.8,2.16,4.8,1,1,1,1,1,1,0.92112,597.1881454,-1140.2376,-0.5,-0.5,-0.5,-0.5;
custom,arc180,cannonregionmat,4.8,2.16,4.8,1,1,1,1,1,1,-85.43244,645.2222786,-1139.7624,-0.5,0.5,-0.5,0.5;
custom,arc180,cannonregionmat,4.8,2.16,4.8,1,1,1,1,1,1,87.27468,645.2222786,-1139.7624,-0.5,0.5,-0.5,0.5;
custom,arc180,cannonregionmat,4.8,2.16,4.8,1,1,1,1,1,1,173.674692,453.1881454,-1140.2376,-0.5,-0.5,-0.5,-0.5;
custom,arc180,cannonregionmat,4.8,2.16,4.8,1,1,1,1,1,1,171.832452,501.2222786,-1140.2376,0.5,-0.5,-0.5,0.5;
custom,arc180,cannonregionmat,4.8,2.16,4.8,1,1,1,1,1,1,-171.83208,453.1881934,-1140.2376,-0.5,-0.5,-0.5,-0.5;
custom,arc180,cannonregionmat,4.8,2.16,4.8,1,1,1,1,1,1,-173.67432,501.2223266,-1140.2376,0.5,-0.5,-0.5,0.5;
custom,arc180,cannonregionmat,4.8,2.16,4.8,1,1,1,1,1,1,-0.921096,645.2222786,-1428.2376,0.5,-0.5,-0.5,0.5;
custom,arc180,cannonregionmat,4.8,2.16,4.8,1,1,1,1,1,1,85.432452,597.1881454,-1427.7624,-0.5,-0.5,0.5,0.5;
custom,arc180,cannonregionmat,4.8,2.16,4.8,1,1,1,1,1,1,-87.274644,597.1881454,-1427.7624,-0.5,-0.5,0.5,0.5;
custom,arc180,cannonregionmat,4.8,2.16,4.8,1,1,1,1,1,1,-173.628684,789.2222306,-1428.2376,0.5,-0.5,-0.5,0.5;
custom,arc180,cannonregionmat,4.8,2.16,4.8,1,1,1,1,1,1,-171.786444,741.1881934,-1428.2376,0.5,0.5,0.5,0.5;
custom,arc180,cannonregionmat,4.8,2.16,4.8,1,1,1,1,1,1,171.83214,789.2222306,-1428.2376,0.5,-0.5,-0.5,0.5;
custom,arc180,cannonregionmat,4.8,2.16,4.8,1,1,1,1,1,1,173.674332,741.1881934,-1428.2376,0.5,0.5,0.5,0.5;
custom,arc180,cannonregionmat,4.8,2.16,4.8,1,1,1,1,1,1,-0.921168,645.2222786,-852.2376,0.5,-0.5,-0.5,0.5;
custom,arc180,cannonregionmat,4.8,2.16,4.8,1,1,1,1,1,1,85.432404,597.1881454,-851.7624,-0.5,-0.5,0.5,0.5;
custom,arc180,cannonregionmat,4.8,2.16,4.8,1,1,1,1,1,1,-87.274716,597.1881454,-851.7624,-0.5,-0.5,0.5,0.5;
custom,arc180,cannonregionmat,4.8,2.16,4.8,1,1,1,1,1,1,-173.628744,789.2222306,-852.2376,0.5,-0.5,-0.5,0.5;
custom,arc180,cannonregionmat,4.8,2.16,4.8,1,1,1,1,1,1,-171.78654,741.1881934,-852.2376,0.5,0.5,0.5,0.5;
custom,arc180,cannonregionmat,4.8,2.16,4.8,1,1,1,1,1,1,171.832044,789.2222306,-852.2376,0.5,-0.5,-0.5,0.5;
custom,arc180,cannonregionmat,4.8,2.16,4.8,1,1,1,1,1,1,173.674272,741.1881934,-852.2376,0.5,0.5,0.5,0.5;
custom,arc180,cannonregionmat,4.8,2.16,4.8,1,1,1,1,1,1,-0.921168,789.2222306,-852.2376,0.5,-0.5,-0.5,0.5;
custom,arc180,cannonregionmat,4.8,2.16,4.8,1,1,1,1,1,1,0.921072,741.1881934,-852.2376,0.5,0.5,0.5,0.5;




racing,killarc180,3.6,9.6,3.6,0.69084,603.192424,-1141.056,-0.5,-0.5,-0.5,-0.5;
racing,killarc180,3.6,9.6,3.6,-0.69084,639.218,-1141.056,0.5,-0.5,-0.5,0.5;
racing,killarc180,3.6,9.6,3.6,0.69084,603.192412,-1189.056,-0.5,-0.5,-0.5,-0.5;
racing,killarc180,3.6,9.6,3.6,-0.69084,639.218,-1189.056,0.5,-0.5,-0.5,0.5;
racing,killarc180,3.6,9.6,3.6,0.69084,603.192412,-1237.056,-0.5,-0.5,-0.5,-0.5;
racing,killarc180,3.6,9.6,3.6,-0.69084,639.217988,-1237.056,0.5,-0.5,-0.5,0.5;
racing,killarc180,3.6,9.6,3.6,0.69084,603.192412,-1285.056,-0.5,-0.5,-0.5,-0.5;
racing,killarc180,3.6,9.6,3.6,-0.69084,639.217988,-1285.056,0.5,-0.5,-0.5,0.5;
racing,killarc180,3.6,9.6,3.6,0.69084,603.192412,-1333.056,-0.5,-0.5,-0.5,-0.5;
racing,killarc180,3.6,9.6,3.6,-0.69084,639.217976,-1333.056,0.5,-0.5,-0.5,0.5;
racing,killarc180,3.6,9.6,3.6,0.69084,603.192448,-949.056,-0.5,-0.5,-0.5,-0.5;
racing,killarc180,3.6,9.6,3.6,-0.69084,639.218012,-949.056,0.5,-0.5,-0.5,0.5;
racing,killarc180,3.6,9.6,3.6,0.69084,603.192448,-997.056,-0.5,-0.5,-0.5,-0.5;
racing,killarc180,3.6,9.6,3.6,-0.69084,639.218024,-997.056,0.5,-0.5,-0.5,0.5;
racing,killarc180,3.6,9.6,3.6,0.69084,603.192436,-1045.056,-0.5,-0.5,-0.5,-0.5;
racing,killarc180,3.6,9.6,3.6,-0.69084,639.218012,-1045.056,0.5,-0.5,-0.5,0.5;
racing,killarc180,3.6,9.6,3.6,0.69084,603.192436,-1093.056,-0.5,-0.5,-0.5,-0.5;
racing,killarc180,3.6,9.6,3.6,-0.69084,639.218012,-1093.056,0.5,-0.5,-0.5,0.5;
racing,killarc180,3.6,9.6,3.6,0.69084,603.19246,-853.056,-0.5,-0.5,-0.5,-0.5;
racing,killarc180,3.6,9.6,3.6,-0.69084,639.218036,-853.056,0.5,-0.5,-0.5,0.5;
racing,killarc180,3.6,9.6,3.6,0.69084,603.19246,-901.056,-0.5,-0.5,-0.5,-0.5;
racing,killarc180,3.6,9.6,3.6,-0.69084,639.218036,-901.056,0.5,-0.5,-0.5,0.5;
racing,killarc180,3.6,9.6,3.6,0.69084,603.192388,-1381.056,-0.5,-0.5,-0.5,-0.5;
racing,killarc180,3.6,9.6,3.6,-0.69084,639.217964,-1381.056,0.5,-0.5,-0.5,0.5;
racing,killarc180,3.6,28.8,3.6,0.69084,603.192388,-1479.168,-0.5,-0.5,-0.5,-0.5;
racing,killarc180,3.6,28.8,3.6,-0.69084,639.217964,-1479.168,0.5,-0.5,-0.5,0.5;


racing,killarc180,3.6,2.809296,3.6,18.012728,621.896052,-821.2858306,0,-0.70711,-0.70711,0;
racing,killarc180,3.6,2.809296,3.6,19.2110116,621.896052,-814.6435418,0.13795,0.69352,0.69352,-0.13795;
racing,killarc180,3.6,2.809296,3.6,22.8599255,621.896052,-808.9655935,0.2706,0.65328,0.65328,-0.2706;
racing,killarc180,3.6,2.809296,3.6,28.4039584,621.896052,-805.1161108,0.39285,0.58794,0.58794,-0.39285;
racing,killarc180,3.6,2.978352,3.6,35.4031613,621.896052,-803.681384,0.5,0.5,0.5,-0.5;
racing,killarc180,3.6,2.978352,3.6,50.2950053,621.896052,-803.681384,0.5,0.5,0.5,-0.5;
racing,killarc180,3.6,2.809296,3.6,57.3784578,621.896052,-804.8795965,0.58794,0.39285,0.39285,-0.58794;
racing,killarc180,3.6,2.809296,3.6,63.0564757,621.896052,-808.5285726,0.65328,0.2706,0.2706,-0.65328;
racing,killarc180,3.6,2.809296,3.6,66.9059003,621.896052,-814.0725428,0.69352,0.13795,0.13795,-0.69352;
racing,killarc180,3.6,2.809296,3.6,68.3407,621.896052,-820.6676894,0.70711,0,0,-0.70711;
racing,killarc180,3.6,2.809296,3.6,-68.340772,621.896052,-821.2858306,0,-0.70711,-0.70711,0;
racing,killarc180,3.6,2.809296,3.6,-67.1425124,621.896052,-814.6435418,0.13795,0.69352,0.69352,-0.13795;
racing,killarc180,3.6,2.809296,3.6,-63.4935985,621.896052,-808.9655935,0.2706,0.65328,0.65328,-0.2706;
racing,killarc180,3.6,2.809296,3.6,-57.9495536,621.896052,-805.1161108,0.39285,0.58794,0.58794,-0.39285;
racing,killarc180,3.6,2.978352,3.6,-50.9503267,621.896052,-803.681384,0.5,0.5,0.5,-0.5;
racing,killarc180,3.6,2.978352,3.6,-36.0585067,621.896052,-803.681384,0.5,0.5,0.5,-0.5;
racing,killarc180,3.6,2.809296,3.6,-28.9750662,621.896052,-804.8795965,0.58794,0.39285,0.39285,-0.58794;
racing,killarc180,3.6,2.809296,3.6,-23.2970483,621.896052,-808.5285726,0.65328,0.2706,0.2706,-0.65328;
racing,killarc180,3.6,2.809296,3.6,-19.4476237,621.896052,-814.0725428,0.69352,0.13795,0.13795,-0.69352;
racing,killarc180,3.6,2.809296,3.6,-18.012824,621.896052,-820.6677854,0.70711,0,0,-0.70711;
racing,killarc180,3.6,2.978352,3.6,50.9502547,621.896052,-767.655736,0.5,-0.5,-0.5,-0.5;
racing,killarc180,3.6,2.978352,3.6,36.0583987,621.896052,-767.655736,0.5,-0.5,-0.5,-0.5;
racing,killarc180,3.6,2.978352,3.6,-35.4032693,621.896052,-767.655784,0.5,-0.5,-0.5,-0.5;
racing,killarc180,3.6,2.978352,3.6,-50.2951013,621.896052,-767.655784,0.5,-0.5,-0.5,-0.5;
racing,killarc180,3.6,2.828496,3.6,21.5247826,621.896052,-767.655736,0.5,-0.5,-0.5,-0.5;
racing,killarc180,3.6,2.828496,3.6,7.3822906,621.896052,-767.655784,0.5,-0.5,-0.5,-0.5;
racing,killarc180,3.6,2.828496,3.6,-6.7601534,621.896052,-767.655784,0.5,-0.5,-0.5,-0.5;
racing,killarc180,3.6,2.828496,3.6,-20.9026574,621.896052,-767.655736,0.5,-0.5,-0.5,-0.5;
racing,killarc180,3.6,2.828496,3.6,79.5933706,621.896052,-767.655784,0.5,-0.5,-0.5,-0.5;
racing,killarc180,3.6,2.828496,3.6,65.4508906,621.896052,-767.655784,0.5,-0.5,-0.5,-0.5;
racing,killarc180,3.6,2.828496,3.6,-64.8287414,621.896052,-767.655784,0.5,-0.5,-0.5,-0.5;
racing,killarc180,3.6,2.828496,3.6,-78.9712094,621.896052,-767.655784,0.5,-0.5,-0.5,-0.5;
racing,killarc180,3.6,2.809296,3.6,-104.36642,621.896052,-820.6677854,0.70711,0,0,-0.70711;
racing,killarc180,3.6,2.809296,3.6,-104.366432,621.896052,-806.6212094,0.70711,0,0,-0.70711;
racing,killarc180,3.6,2.847696,3.6,-104.36642,621.896052,-792.4745654,0.70711,0,0,-0.70711;
racing,killarc180,3.6,2.809296,3.6,104.366276,620.514372,-806.6212094,0,-0.70711,0.70711,0;
racing,killarc180,3.6,2.847696,3.6,104.366276,620.514372,-792.4745654,0,-0.70711,0.70711,0;
racing,killarc180,3.6,2.809296,3.6,104.366324,620.514372,-820.6677854,0,-0.70711,0.70711,0;
racing,killarc180,3.6,2.809296,3.6,103.1660317,621.896052,-778.6337452,0.13795,-0.69352,-0.69352,-0.13795;
racing,killarc180,3.6,2.809296,3.6,99.5115803,621.896052,-772.9474074,0.2706,-0.65328,-0.65328,-0.2706;
racing,killarc180,3.6,2.809296,3.6,93.9592302,621.896052,-769.0924595,0.39285,-0.58794,-0.58794,-0.39285;
racing,killarc180,3.6,1.543008,3.6,104.366276,621.896052,-781.9808309,0,-0.70711,-0.70711,0;
racing,killarc180,3.6,1.543008,3.6,90.3807029,621.896052,-767.655736,0.5,-0.5,-0.5,-0.5;
racing,killarc180,3.6,2.809296,3.6,-93.3883864,621.896052,-768.8559452,0.58794,-0.39285,-0.39285,-0.58794;
racing,killarc180,3.6,2.809296,3.6,-99.0747215,621.896052,-772.5104705,0.65328,-0.2706,-0.2706,-0.65328;
racing,killarc180,3.6,2.809296,3.6,-102.9296716,621.896052,-778.0627462,0.69352,-0.13795,-0.13795,-0.69352;
racing,killarc180,3.6,1.543008,3.6,-90.0413971,621.896052,-767.655688,0.5,-0.5,-0.5,-0.5;
racing,killarc180,3.6,1.543008,3.6,-104.36642,621.896052,-781.6412731,0.70711,0,0,-0.70711;


racing,killprism,5.656992,0.72,3.2660813,-0.5063162,588.949212,-798.8455676,0,0,0,1;
racing,killprism,5.656992,0.72,3.2660813,-0.5063162,653.749176,-798.8455676,0,0,0,1;

racing,killprism,4.000104,0.72,2.309472,79.0526445,653.749176,-793.475595,0,-0.92388,0,0.38268;
racing,killprism,4.000104,0.72,2.309472,-78.54654,653.749176,-792.9694374,0,0.92388,0,0.38268;
racing,killprism,4.000104,0.72,2.309472,79.0526445,588.949212,-793.475595,0,-0.92388,0,0.38268;
racing,killprism,4.000104,0.72,2.309472,-78.54654,588.949212,-792.9694374,0,0.92388,0,0.38268;


racing,killprism,5.656992,0.72,3.2660813,-0.5063162,797.749128,-821.9478956,0,0,0,1;
racing,killprism,5.656992,0.72,3.2660813,-0.5063162,732.949116,-821.9478956,0,0,0,1;

racing,killarc180,3.6,9.6,3.6,87.044394,603.192454,-853.056,-0.5,-0.5,-0.5,-0.5;
racing,killarc180,3.6,9.6,3.6,85.662714,639.218042,-853.056,0.5,-0.5,-0.5,0.5;
racing,killarc180,3.6,9.6,3.6,87.044394,603.192454,-901.056,-0.5,-0.5,-0.5,-0.5;
racing,killarc180,3.6,9.6,3.6,85.662714,639.21803,-901.056,0.5,-0.5,-0.5,0.5;
racing,killarc180,3.6,9.6,3.6,87.044394,603.192454,-949.056,-0.5,-0.5,-0.5,-0.5;
racing,killarc180,3.6,9.6,3.6,85.662714,639.21803,-949.056,0.5,-0.5,-0.5,0.5;
racing,killarc180,3.6,9.6,3.6,87.044394,603.192454,-997.056,-0.5,-0.5,-0.5,-0.5;
racing,killarc180,3.6,9.6,3.6,85.662714,639.218018,-997.056,0.5,-0.5,-0.5,0.5;
racing,killarc180,3.6,9.6,3.6,87.044394,603.192418,-1045.056,-0.5,-0.5,-0.5,-0.5;
racing,killarc180,3.6,9.6,3.6,85.662714,639.218018,-1045.056,0.5,-0.5,-0.5,0.5;
racing,killarc180,3.6,9.6,3.6,87.044394,603.192418,-1093.056,-0.5,-0.5,-0.5,-0.5;
racing,killarc180,3.6,9.6,3.6,85.662714,639.217994,-1093.056,0.5,-0.5,-0.5,0.5;
racing,killarc180,3.6,9.6,3.6,87.044394,603.192418,-1141.056,-0.5,-0.5,-0.5,-0.5;
racing,killarc180,3.6,9.6,3.6,85.662714,639.217994,-1141.056,0.5,-0.5,-0.5,0.5;
racing,killarc180,3.6,9.6,3.6,87.044394,603.192418,-1189.056,-0.5,-0.5,-0.5,-0.5;
racing,killarc180,3.6,9.6,3.6,85.662714,639.217982,-1189.056,0.5,-0.5,-0.5,0.5;
racing,killarc180,3.6,9.6,3.6,87.044394,603.192418,-1237.056,-0.5,-0.5,-0.5,-0.5;
racing,killarc180,3.6,9.6,3.6,85.662714,639.217982,-1237.056,0.5,-0.5,-0.5,0.5;
racing,killarc180,3.6,9.6,3.6,87.044394,603.192382,-1285.056,-0.5,-0.5,-0.5,-0.5;
racing,killarc180,3.6,9.6,3.6,85.662714,639.21797,-1285.056,0.5,-0.5,-0.5,0.5;
racing,killarc180,3.6,9.6,3.6,87.044394,603.192382,-1333.056,-0.5,-0.5,-0.5,-0.5;
racing,killarc180,3.6,9.6,3.6,85.662714,639.217958,-1333.056,0.5,-0.5,-0.5,0.5;
racing,killarc180,3.6,9.6,3.6,87.044394,603.192394,-1381.056,-0.5,-0.5,-0.5,-0.5;
racing,killarc180,3.6,9.6,3.6,85.662714,639.217946,-1381.056,0.5,-0.5,-0.5,0.5;
racing,killarc180,3.6,3.38172,3.6,87.044394,603.192394,-1412.8263372,-0.5,-0.5,-0.5,-0.5;
racing,killarc180,3.6,3.38172,3.6,85.662714,639.217946,-1412.8263372,0.5,-0.5,-0.5,0.5;


racing,killarc180,3.6,9.6,3.6,-85.662714,603.192478,-853.056,-0.5,-0.5,-0.5,-0.5;
racing,killarc180,3.6,9.6,3.6,-87.044394,639.21803,-853.056,0.5,-0.5,-0.5,0.5;
racing,killarc180,3.6,9.6,3.6,-85.662714,603.192478,-901.056,-0.5,-0.5,-0.5,-0.5;
racing,killarc180,3.6,9.6,3.6,-87.044394,639.21803,-901.056,0.5,-0.5,-0.5,0.5;
racing,killarc180,3.6,9.6,3.6,-85.662714,603.192466,-949.056,-0.5,-0.5,-0.5,-0.5;
racing,killarc180,3.6,9.6,3.6,-87.044394,639.218042,-949.056,0.5,-0.5,-0.5,0.5;
racing,killarc180,3.6,9.6,3.6,-85.662714,603.192454,-997.056,-0.5,-0.5,-0.5,-0.5;
racing,killarc180,3.6,9.6,3.6,-87.044394,639.218042,-997.056,0.5,-0.5,-0.5,0.5;
racing,killarc180,3.6,9.6,3.6,-85.662714,603.192442,-1045.056,-0.5,-0.5,-0.5,-0.5;
racing,killarc180,3.6,9.6,3.6,-87.044394,639.218006,-1045.056,0.5,-0.5,-0.5,0.5;
racing,killarc180,3.6,9.6,3.6,-85.662714,603.19243,-1093.056,-0.5,-0.5,-0.5,-0.5;
racing,killarc180,3.6,9.6,3.6,-87.044394,639.218006,-1093.056,0.5,-0.5,-0.5,0.5;
racing,killarc180,3.6,9.6,3.6,-85.662714,603.19243,-1141.056,-0.5,-0.5,-0.5,-0.5;
racing,killarc180,3.6,9.6,3.6,-87.044394,639.218006,-1141.056,0.5,-0.5,-0.5,0.5;
racing,killarc180,3.6,9.6,3.6,-85.662714,603.19243,-1189.056,-0.5,-0.5,-0.5,-0.5;
racing,killarc180,3.6,9.6,3.6,-87.044394,639.218006,-1189.056,0.5,-0.5,-0.5,0.5;
racing,killarc180,3.6,9.6,3.6,-85.662714,603.192406,-1237.056,-0.5,-0.5,-0.5,-0.5;
racing,killarc180,3.6,9.6,3.6,-87.044394,639.218006,-1237.056,0.5,-0.5,-0.5,0.5;
racing,killarc180,3.6,9.6,3.6,-85.662714,603.192406,-1285.056,-0.5,-0.5,-0.5,-0.5;
racing,killarc180,3.6,9.6,3.6,-87.044394,639.21797,-1285.056,0.5,-0.5,-0.5,0.5;
racing,killarc180,3.6,9.6,3.6,-85.662714,603.192394,-1333.056,-0.5,-0.5,-0.5,-0.5;
racing,killarc180,3.6,9.6,3.6,-87.044394,639.21797,-1333.056,0.5,-0.5,-0.5,0.5;
racing,killarc180,3.6,9.6,3.6,-85.662714,603.192394,-1381.056,-0.5,-0.5,-0.5,-0.5;
racing,killarc180,3.6,9.6,3.6,-87.044394,639.21797,-1381.056,0.5,-0.5,-0.5,0.5;
racing,killarc180,3.6,3.38172,3.6,-85.662714,603.192382,-1412.8263372,-0.5,-0.5,-0.5,-0.5;
racing,killarc180,3.6,3.38172,3.6,-87.044394,639.21797,-1412.8263372,0.5,-0.5,-0.5,0.5;

racing,killarc180,3.6,4.27656,3.6,-76.61258,606.1699112,-1432.0704576,0.34846,0.61528,0.61528,0.34846;
racing,killarc180,3.6,4.27656,3.6,-96.32524,636.3553768,-1432.0704576,0.61528,-0.34846,-0.34846,0.61528;
racing,killarc180,3.6,2.83656,3.6,-77.1776466,607.1122223,-1446.0435648,-0.40709,-0.57816,-0.64648,-0.28648;
racing,killarc180,3.6,2.83656,3.6,-96.534305,636.704004,-1439.015304,0.64648,-0.28648,-0.40709,0.57816;
racing,killarc180,3.6,2.83656,3.6,-78.7885201,609.7984386,-1456.1583468,-0.4618,-0.53548,-0.67144,-0.22173;
racing,killarc180,3.6,2.83656,3.6,-97.0908361,637.6320181,-1442.3718744,0.67144,-0.22173,-0.4618,0.53548;
racing,killarc180,3.6,2.83656,3.6,-81.3833005,614.1253454,-1465.467636,-0.51207,-0.48764,-0.68994,-0.15485;
racing,killarc180,3.6,2.83656,3.6,-97.9734671,639.103842,-1445.4528768,0.68994,-0.15485,-0.51207,0.48764;
racing,killarc180,3.6,2.83656,3.6,-84.8622378,619.9266613,-1473.6138432,-0.5574,-0.4351,-0.7018,-0.08648;
racing,killarc180,3.6,2.83656,3.6,-99.1482316,641.0628961,-1448.1398592,0.7018,-0.08648,-0.5574,0.4351;
racing,killarc180,3.6,2.83656,3.6,-89.0916831,626.979573,-1480.2838176,-0.59736,-0.37837,-0.7069,-0.01728;
racing,killarc180,3.6,2.83656,3.6,-100.5700846,643.4338579,-1450.329636,0.7069,-0.01727,-0.59736,0.37837;
racing,killarc180,3.6,2.83656,3.6,-93.9090937,635.012856,-1485.2212224,-0.63157,-0.31799,-0.70519,0.0521;
racing,killarc180,3.6,2.83656,3.6,-102.1843007,646.1256406,-1451.9380236,0.70519,0.0521,-0.63157,0.31799;
racing,killarc180,3.6,2.83656,3.6,-99.1293146,643.717857,-1488.2363904,-0.6597,-0.25456,-0.69668,0.12097;
racing,killarc180,3.6,2.83656,3.6,-103.9288135,649.0347972,-1452.9030468,0.69668,0.12097,-0.6597,0.25456;
racing,killarc180,3.6,2.83656,3.6,-104.5517249,652.760117,-1489.2133284,-0.68147,-0.18867,-0.68147,0.18867;
racing,killarc180,3.6,2.83656,3.6,-105.7366728,652.0495271,-1453.1878236,0.68147,0.18867,-0.68147,0.18867;

racing,killarc180,3.6,16.300488,3.6,-131.1034949,694.3501288,-1453.1877276,-0.68147,-0.18867,0.68147,-0.18867;
racing,killarc180,3.6,16.300488,3.6,-129.918823,695.0607187,-1489.2134244,0.68147,0.18867,0.68147,-0.18867;

racing,killarc180,3.6,2.83656,3.6,-154.5070831,733.646515,-1489.2134244,-0.18867,0.68147,-0.18867,-0.68147;
racing,killarc180,3.6,2.83656,3.6,-153.3221952,734.3571049,-1453.1879196,-0.18867,0.68147,0.18867,0.68147;
racing,killarc180,3.6,2.83656,3.6,-159.9295264,742.6887821,-1488.2363964,-0.25456,0.6597,-0.12096,-0.69668;
racing,killarc180,3.6,2.83656,3.6,-155.1300425,737.3718348,-1452.9030468,-0.12097,0.69668,0.25456,0.6597;
racing,killarc180,3.6,2.83656,3.6,-165.1497383,751.393776,-1485.2213064,-0.31799,0.63157,-0.0521,-0.70519;
racing,killarc180,3.6,2.83656,3.6,-156.8745793,740.2809914,-1451.9379396,-0.0521,0.70519,0.31799,0.63157;
racing,killarc180,3.6,2.83656,3.6,-169.9671608,759.427059,-1480.2838176,-0.37837,0.59736,0.01728,-0.7069;
racing,killarc180,3.6,2.83656,3.6,-158.4887834,742.9727741,-1450.329732,0.01727,0.7069,0.37837,0.59736;

racing,killarc180,3.6,2.83656,3.6,-174.1965942,766.4798867,-1473.6138432,-0.4351,0.5574,0.08648,-0.7018;
racing,killarc180,3.6,2.83656,3.6,-159.9106244,745.3437359,-1448.1398592,0.08648,0.7018,0.4351,0.5574;
racing,killarc180,3.6,2.83656,3.6,-177.6755555,772.2812026,-1465.467636,-0.48764,0.51207,0.15485,-0.68994;
racing,killarc180,3.6,2.83656,3.6,-161.0854129,747.302694,-1445.4528768,0.15485,0.68994,0.48764,0.51207;
racing,killarc180,3.6,2.83656,3.6,-180.2703239,776.6081934,-1456.1582508,-0.53548,0.4618,0.22173,-0.67144;
racing,killarc180,3.6,2.83656,3.6,-161.9680319,748.7745179,-1442.3719584,0.22173,0.67144,0.53548,0.4618;
racing,killarc180,3.6,2.83656,3.6,-181.8812094,779.2944577,-1446.0435648,-0.57816,0.40709,0.28648,-0.64648;
racing,killarc180,3.6,2.83656,3.6,-162.524563,749.702628,-1439.015304,0.28648,0.64648,0.57816,0.40709;
racing,killarc180,3.6,4.27656,3.6,-182.445952,780.2362168,-1432.0704576,-0.61528,0.34846,0.34846,-0.61528;
racing,killarc180,3.6,4.27656,3.6,-162.733628,750.0512552,-1432.0704576,0.34846,0.61528,0.61528,0.34846;
racing,killarc180,3.6,2.83656,3.6,-173.398404,782.2410365,-1417.768644,-0.5466,0.44858,0.5466,-0.44858;
racing,killarc180,3.6,2.83656,3.6,-172.016724,746.9076924,-1424.7969276,0.5466,0.44858,0.5466,0.44858;
racing,killarc180,3.6,2.83656,3.6,-173.398404,779.2259624,-1407.6184608,-0.58794,0.39285,0.58794,-0.39285;
racing,killarc180,3.6,2.83656,3.6,-172.016724,745.9426672,-1421.4048324,0.58794,0.39285,0.58794,0.39285;
racing,killarc180,3.6,2.83656,3.6,-173.398404,774.2885465,-1398.2515944,-0.62361,0.33333,0.62361,-0.33333;
racing,killarc180,3.6,2.83656,3.6,-172.016724,744.3343648,-1418.2662408,0.62361,0.33333,0.62361,0.33333;
racing,killarc180,3.6,2.83656,3.6,-173.398404,767.6186542,-1390.0278708,-0.65328,0.2706,0.65328,-0.2706;
racing,killarc180,3.6,2.83656,3.6,-172.016724,742.144868,-1415.5018368,0.65328,0.2706,0.65328,0.2706;

racing,killarc180,3.6,69.44808,3.6,-173.398541,638.8754,-1275.5577816,-0.66124,0.25053,0.66124,-0.25054;
racing,killarc180,3.6,69.44808,3.6,-172.016724,615.0030644,-1302.538338,0.66124,0.25053,0.66124,0.25053;

racing,killarc180,3.6,2.83656,3.6,-173.39844,474.7917218,-1177.9721288,-0.2706,-0.65328,0.2706,0.65328;
racing,killarc180,3.6,2.83656,3.6,-172.01676,500.265652,-1152.4982471,-0.2706,0.65328,-0.2706,0.65328;
racing,killarc180,3.6,2.83656,3.6,-173.39844,468.1218415,-1169.7485012,-0.33333,-0.62361,0.33333,0.62361;
racing,killarc180,3.6,2.83656,3.6,-172.01676,498.0760232,-1149.7337588,-0.33333,0.62361,-0.33333,0.62361;
racing,killarc180,3.6,2.83656,3.6,-173.39844,463.1845216,-1160.3815397,-0.39285,-0.58794,0.39285,0.58794;
racing,killarc180,3.6,2.83656,3.6,-172.01676,496.4677688,-1146.595167,-0.39285,0.58794,-0.39285,0.58794;
racing,killarc180,3.6,2.83656,3.6,-173.39844,460.1693995,-1150.2313554,-0.44858,-0.5466,0.44858,0.5466;
racing,killarc180,3.6,2.83656,3.6,-172.01676,495.5027316,-1143.203169,-0.44858,0.5466,-0.44858,0.5466;
racing,killarc180,3.6,2.83656,3.6,-173.39844,459.192412,-1139.6879784,-0.5,-0.5,0.5,0.5;
racing,killarc180,3.6,2.83656,3.6,-172.01676,495.218384,-1139.6880744,-0.5,0.5,-0.5,0.5;
racing,killarc180,3.6,2.83656,3.6,-173.39844,460.2911484,-1129.156509,-0.5466,-0.44858,0.5466,0.44858;
racing,killarc180,3.6,2.83656,3.6,-172.01676,495.6244805,-1136.1846954,-0.5466,0.44858,-0.5466,0.44858;
racing,killarc180,3.6,2.83656,3.6,-173.398452,463.4233792,-1119.041727,-0.58794,-0.39285,0.58794,0.39285;
racing,killarc180,3.6,2.83656,3.6,-172.01676,496.7066264,-1132.8281117,-0.58794,0.39285,-0.58794,0.39285;
racing,killarc180,3.6,2.83656,3.6,-173.398428,468.4686688,-1109.7323468,-0.62361,-0.33333,0.62361,0.33333;
racing,killarc180,3.6,2.83656,3.6,-172.01676,498.4228025,-1129.7470892,-0.62361,0.33333,-0.62361,0.33333;
racing,killarc180,3.6,2.83656,3.6,-173.39844,475.233176,-1101.5862311,-0.65328,-0.2706,0.65328,0.2706;
racing,killarc180,3.6,2.83656,3.6,-172.01676,500.7070582,-1127.0601128,-0.65328,0.2706,-0.65328,0.2706;

racing,killarc180,3.6,69.44808,3.6,-172.016659,638.8754,-1004.4137424,-0.66124,0.25054,-0.66124,0.25053;
racing,killarc180,3.6,69.44808,3.6,-173.3985,615.0030644,-977.4331859,-0.66124,-0.25053,0.66124,0.25053;

racing,killarc180,3.6,2.83656,3.6,-172.016868,767.6186542,-889.9435688,-0.65328,0.2706,-0.65328,0.2706;
racing,killarc180,3.6,2.83656,3.6,-173.398524,742.144868,-864.4697831,-0.65328,-0.2706,0.65328,0.2706;
racing,killarc180,3.6,2.83656,3.6,-172.016844,774.2885465,-881.7199292,-0.62361,0.33333,-0.62361,0.33333;
racing,killarc180,3.6,2.83656,3.6,-173.398548,744.3343648,-861.7051868,-0.62361,-0.33333,0.62361,0.33333;
racing,killarc180,3.6,2.83656,3.6,-172.016844,779.2259624,-872.3530757,-0.58794,0.39285,-0.58794,0.39285;
racing,killarc180,3.6,2.83656,3.6,-173.398548,745.9426672,-858.566691,-0.58794,-0.39285,0.58794,0.39285;
racing,killarc180,3.6,2.83656,3.6,-172.016868,782.2410365,-862.2028794,-0.5466,0.44858,-0.5466,0.44858;
racing,killarc180,3.6,2.83656,3.6,-173.398524,746.9076924,-855.174693,-0.5466,-0.44858,0.5466,0.44858;


racing,killarc180,3.6,4.27656,3.6,-190.72046,765.896004,-847.9009824,-0.70711,0,0,0.70711;
racing,killarc180,3.6,4.27656,3.6,-154.694884,764.514324,-847.9010664,0,0.70711,-0.70711,0;

racing,killarc180,3.6,2.83656,3.6,-189.6217363,765.896004,-833.9278649,-0.7037,0.06931,0.06931,0.7037;
racing,killarc180,3.6,2.83656,3.6,-154.2883922,764.514324,-840.9561473,0.06931,-0.7037,0.7037,0.06931;
racing,killarc180,3.6,2.83656,3.6,-186.4895039,765.896004,-823.8130954,-0.69352,0.13795,0.13795,0.69352;
racing,killarc180,3.6,2.83656,3.6,-153.2062566,764.514324,-837.599564,0.13795,-0.69352,0.69352,0.13795;
racing,killarc180,3.6,2.83656,3.6,-181.4442268,765.896004,-814.5038111,-0.67666,0.20526,0.20526,0.67666;
racing,killarc180,3.6,2.83656,3.6,-151.490045,764.514324,-834.5185536,0.20526,-0.67666,0.67666,0.20526;
racing,killarc180,3.6,2.83656,3.6,-174.6797288,765.896004,-806.3576018,-0.65328,0.2706,0.2706,0.65328;
racing,killarc180,3.6,2.83656,3.6,-149.2057751,764.514324,-831.831568,0.2706,-0.65328,0.65328,0.2706;
racing,killarc180,3.6,2.83656,3.6,-166.4559092,765.896004,-799.6876255,-0.62361,0.33333,0.33333,0.62361;
racing,killarc180,3.6,2.83656,3.6,-146.4411188,764.514324,-829.6417952,0.33333,-0.62361,0.62361,0.33333;
racing,killarc180,3.6,2.83656,3.6,-157.0888397,765.896004,-794.7502096,-0.58794,0.39285,0.39285,0.58794;
racing,killarc180,3.6,2.83656,3.6,-143.302467,764.514324,-828.0334088,0.39285,-0.58794,0.58794,0.39285;
racing,killarc180,3.6,2.83656,3.6,-146.9385594,765.896004,-791.7351355,-0.5466,0.44858,0.44858,0.5466;
racing,killarc180,3.6,2.83656,3.6,-139.910373,764.514324,-827.0683836,0.44858,-0.5466,0.5466,0.44858;
racing,killarc180,3.6,2.83656,3.6,-136.3951344,765.896004,-790.7581,-0.5,0.5,0.5,0.5;
racing,killarc180,3.6,2.83656,3.6,-136.3951344,764.514324,-826.783616,0.5,-0.5,0.5,0.5;

racing,killarc180,3.6,4.321944,3.6,-118.3354342,765.896004,-790.758016,-0.5,0.5,0.5,0.5;
racing,killarc180,3.6,4.321944,3.6,-118.3354342,764.514324,-826.783616,0.5,-0.5,0.5,0.5;
racing,killarc180,3.6,4.321944,3.6,-96.7255942,765.896004,-790.7581,-0.5,0.5,0.5,0.5;
racing,killarc180,3.6,4.321944,3.6,-96.7255942,764.514324,-826.783616,0.5,-0.5,0.5,0.5;
racing,killarc180,3.6,4.321944,3.6,-75.1157902,765.896004,-790.7581,-0.5,0.5,0.5,0.5;
racing,killarc180,3.6,4.321944,3.6,-75.1158142,764.514324,-826.783616,0.5,-0.5,0.5,0.5;
racing,killarc180,3.6,4.321944,3.6,-53.5063222,765.896004,-790.758016,-0.5,0.5,0.5,0.5;
racing,killarc180,3.6,4.321944,3.6,-53.5063222,764.514324,-826.783616,0.5,-0.5,0.5,0.5;

racing,killarc180,3.6,2.978352,3.6,-36.0585067,765.896004,-826.7837,0.5,0.5,0.5,-0.5;
racing,killarc180,3.6,2.809296,3.6,-28.9750662,765.896004,-827.9819125,0.58794,0.39285,0.39285,-0.58794;
racing,killarc180,3.6,2.809296,3.6,-23.2970483,765.896004,-831.6309006,0.65328,0.2706,0.2706,-0.65328;
racing,killarc180,3.6,2.809296,3.6,-19.4476237,765.896004,-837.1748708,0.69352,0.13795,0.13795,-0.69352;
racing,killarc180,3.6,2.809296,3.6,-18.012824,765.896004,-843.7700174,0.70711,0,0,-0.70711;
racing,killarc180,3.6,2.978352,3.6,-35.4032693,765.896004,-790.7581,0.5,-0.5,-0.5,-0.5;
racing,killarc180,3.6,2.828496,3.6,-6.7601534,765.896004,-790.7581,0.5,-0.5,-0.5,-0.5;
racing,killarc180,3.6,2.828496,3.6,-20.9026214,765.896004,-790.758016,0.5,-0.5,-0.5,-0.5;

racing,killarc180,3.6,9.6,3.6,-18.012824,764.514324,-876.158328,0.70711,0,0,0.70711;


racing,killarc180,3.6,-4.27656,3.6,76.61258,606.1699112,-1432.0704576,0.61528,0.34846,-0.34846,-0.61528;
racing,killarc180,3.6,-4.27656,3.6,96.32524,636.3553768,-1432.0704576,-0.34846,0.61528,-0.61528,0.34846;
racing,killarc180,3.6,-2.83656,3.6,77.1776466,607.1122223,-1446.0435648,-0.57816,-0.40709,0.28648,0.64648;
racing,killarc180,3.6,-2.83656,3.6,96.534305,636.704004,-1439.015304,-0.28648,0.64648,-0.57816,0.40709;
racing,killarc180,3.6,-2.83656,3.6,78.7885201,609.7984386,-1456.1583468,-0.53548,-0.4618,0.22173,0.67144;
racing,killarc180,3.6,-2.83656,3.6,97.0908361,637.6320181,-1442.3718744,-0.22173,0.67144,-0.53548,0.4618;
racing,killarc180,3.6,-2.83656,3.6,81.3833005,614.1253454,-1465.467636,-0.48764,-0.51207,0.15485,0.68994;
racing,killarc180,3.6,-2.83656,3.6,97.9734671,639.103842,-1445.4528768,-0.15485,0.68994,-0.48764,0.51207;
racing,killarc180,3.6,-2.83656,3.6,84.8622378,619.9266613,-1473.6138432,-0.4351,-0.5574,0.08648,0.7018;
racing,killarc180,3.6,-2.83656,3.6,99.1482316,641.0628961,-1448.1398592,-0.08648,0.7018,-0.4351,0.5574;
racing,killarc180,3.6,-2.83656,3.6,89.0916832,626.979573,-1480.2838176,-0.37837,-0.59736,0.01728,0.7069;
racing,killarc180,3.6,-2.83656,3.6,100.5700846,643.4338579,-1450.329636,-0.01727,0.7069,-0.37837,0.59736;
racing,killarc180,3.6,-2.83656,3.6,93.9090937,635.012856,-1485.2212224,-0.31799,-0.63157,-0.0521,0.70519;
racing,killarc180,3.6,-2.83656,3.6,102.1843007,646.1256406,-1451.9380236,0.0521,0.70519,-0.31799,0.63157;
racing,killarc180,3.6,-2.83656,3.6,99.1293146,643.717857,-1488.2363904,-0.25456,-0.6597,-0.12097,0.69668;
racing,killarc180,3.6,-2.83656,3.6,103.9288135,649.0347972,-1452.9030468,0.12097,0.69668,-0.25456,0.6597;
racing,killarc180,3.6,-2.83656,3.6,104.5517249,652.760117,-1489.2133284,-0.18867,-0.68147,-0.18867,0.68147;
racing,killarc180,3.6,-2.83656,3.6,105.7366728,652.0495271,-1453.1878236,0.18867,0.68147,-0.18867,0.68147;

racing,killarc180,3.6,-16.300488,3.6,131.1034949,694.3501288,-1453.1877276,-0.18867,-0.68147,0.18867,-0.68147;
racing,killarc180,3.6,-16.300488,3.6,129.918823,695.0607187,-1489.2134244,0.18867,0.68147,0.18867,-0.68147;

racing,killarc180,3.6,-2.83656,3.6,154.5070831,733.646515,-1489.2134244,0.68147,-0.18867,0.68147,0.18867;
racing,killarc180,3.6,-2.83656,3.6,153.3221952,734.3571049,-1453.1879196,0.68147,-0.18867,-0.68147,-0.18867;
racing,killarc180,3.6,-2.83656,3.6,159.9295264,742.6887821,-1488.2363964,0.6597,-0.25456,0.69668,0.12096;
racing,killarc180,3.6,-2.83656,3.6,155.1300425,737.3718348,-1452.9030468,0.69668,-0.12097,-0.6597,-0.25456;
racing,killarc180,3.6,-2.83656,3.6,165.1497383,751.393776,-1485.2213064,0.63157,-0.31799,0.70519,0.0521;
racing,killarc180,3.6,-2.83656,3.6,156.8745793,740.2809914,-1451.9379396,0.70519,-0.0521,-0.63157,-0.31799;
racing,killarc180,3.6,-2.83656,3.6,169.9671608,759.427059,-1480.2838176,0.59736,-0.37837,0.7069,-0.01728;
racing,killarc180,3.6,-2.83656,3.6,158.4887834,742.9727741,-1450.329732,0.7069,0.01727,-0.59736,-0.37837;

racing,killarc180,3.6,-2.83656,3.6,174.1965942,766.4798867,-1473.6138432,0.5574,-0.4351,0.7018,-0.08648;
racing,killarc180,3.6,-2.83656,3.6,159.9106244,745.3437359,-1448.1398592,0.7018,0.08648,-0.5574,-0.4351;
racing,killarc180,3.6,-2.83656,3.6,177.6755555,772.2812026,-1465.467636,0.51207,-0.48764,0.68994,-0.15485;
racing,killarc180,3.6,-2.83656,3.6,161.0854129,747.302694,-1445.4528768,0.68994,0.15485,-0.51207,-0.48764;
racing,killarc180,3.6,-2.83656,3.6,180.2703239,776.6081934,-1456.1582508,0.4618,-0.53548,0.67144,-0.22173;
racing,killarc180,3.6,-2.83656,3.6,161.9680319,748.7745179,-1442.3719584,0.67144,0.22173,-0.4618,-0.53548;
racing,killarc180,3.6,-2.83656,3.6,181.8812094,779.2944577,-1446.0435648,0.40709,-0.57816,0.64648,-0.28648;
racing,killarc180,3.6,-2.83656,3.6,162.524563,749.702628,-1439.015304,0.64648,0.28648,-0.40709,-0.57816;
racing,killarc180,3.6,-4.27656,3.6,182.445952,780.2362168,-1432.0704576,0.34846,-0.61528,0.61528,-0.34846;
racing,killarc180,3.6,-4.27656,3.6,162.733628,750.0512552,-1432.0704576,0.61528,0.34846,-0.34846,-0.61528;
racing,killarc180,3.6,-2.83656,3.6,173.398404,782.2410365,-1417.768644,0.44858,-0.5466,0.44858,-0.5466;
racing,killarc180,3.6,-2.83656,3.6,172.016724,746.9076924,-1424.7969276,0.44858,0.5466,-0.44858,-0.5466;
racing,killarc180,3.6,-2.83656,3.6,173.398404,779.2259624,-1407.6184608,0.39285,-0.58794,0.39285,-0.58794;
racing,killarc180,3.6,-2.83656,3.6,172.016724,745.9426672,-1421.4048324,0.39285,0.58794,-0.39285,-0.58794;
racing,killarc180,3.6,-2.83656,3.6,173.398404,774.2885465,-1398.2515944,0.33333,-0.62361,0.33333,-0.62361;
racing,killarc180,3.6,-2.83656,3.6,172.016724,744.3343648,-1418.2662408,0.33333,0.62361,-0.33333,-0.62361;
racing,killarc180,3.6,-2.83656,3.6,173.398404,767.6186542,-1390.0278708,0.2706,-0.65328,0.2706,-0.65328;
racing,killarc180,3.6,-2.83656,3.6,172.016724,742.144868,-1415.5018368,0.2706,0.65328,-0.2706,-0.65328;

racing,killarc180,3.6,-69.44808,3.6,173.398541,638.8754,-1275.5577816,0.25053,-0.66124,0.25054,-0.66124;
racing,killarc180,3.6,-69.44808,3.6,172.016724,615.0030644,-1302.538338,0.25053,0.66124,-0.25053,-0.66124;

racing,killarc180,3.6,-2.83656,3.6,173.39844,474.7917218,-1177.9721288,-0.65328,-0.2706,-0.65328,-0.2706;
racing,killarc180,3.6,-2.83656,3.6,172.01676,500.265652,-1152.4982471,0.65328,-0.2706,-0.65328,0.2706;
racing,killarc180,3.6,-2.83656,3.6,173.39844,468.1218415,-1169.7485012,-0.62361,-0.33333,-0.62361,-0.33333;
racing,killarc180,3.6,-2.83656,3.6,172.01676,498.0760232,-1149.7337588,0.62361,-0.33333,-0.62361,0.33333;
racing,killarc180,3.6,-2.83656,3.6,173.39844,463.1845216,-1160.3815397,-0.58794,-0.39285,-0.58794,-0.39285;
racing,killarc180,3.6,-2.83656,3.6,172.01676,496.4677688,-1146.595167,0.58794,-0.39285,-0.58794,0.39285;
racing,killarc180,3.6,-2.83656,3.6,173.39844,460.1693995,-1150.2313554,-0.5466,-0.44858,-0.5466,-0.44858;
racing,killarc180,3.6,-2.83656,3.6,172.01676,495.5027316,-1143.203169,0.5466,-0.44858,-0.5466,0.44858;
racing,killarc180,3.6,-2.83656,3.6,173.39844,459.192412,-1139.6879784,-0.5,-0.5,-0.5,-0.5;
racing,killarc180,3.6,-2.83656,3.6,172.01676,495.218384,-1139.6880744,0.5,-0.5,-0.5,0.5;
racing,killarc180,3.6,-2.83656,3.6,173.39844,460.2911484,-1129.156509,-0.44858,-0.5466,-0.44858,-0.5466;
racing,killarc180,3.6,-2.83656,3.6,172.01676,495.6244805,-1136.1846954,0.44858,-0.5466,-0.44858,0.5466;
racing,killarc180,3.6,-2.83656,3.6,173.398452,463.4233792,-1119.041727,-0.39285,-0.58794,-0.39285,-0.58794;
racing,killarc180,3.6,-2.83656,3.6,172.01676,496.7066264,-1132.8281117,0.39285,-0.58794,-0.39285,0.58794;
racing,killarc180,3.6,-2.83656,3.6,173.398428,468.4686688,-1109.7323468,-0.33333,-0.62361,-0.33333,-0.62361;
racing,killarc180,3.6,-2.83656,3.6,172.01676,498.4228025,-1129.7470892,0.33333,-0.62361,-0.33333,0.62361;
racing,killarc180,3.6,-2.83656,3.6,173.39844,475.233176,-1101.5862311,-0.2706,-0.65328,-0.2706,-0.65328;
racing,killarc180,3.6,-2.83656,3.6,172.01676,500.7070582,-1127.0601128,0.2706,-0.65328,-0.2706,0.65328;

racing,killarc180,3.6,-69.44808,3.6,172.016659,638.8754,-1004.4137424,0.25054,-0.66124,-0.25053,0.66124;
racing,killarc180,3.6,-69.44808,3.6,173.3985,615.0030644,-977.4331859,-0.25053,-0.66124,-0.25053,-0.66124;

racing,killarc180,3.6,-2.83656,3.6,172.016868,767.6186542,-889.9435688,0.2706,-0.65328,-0.2706,0.65328;
racing,killarc180,3.6,-2.83656,3.6,173.398524,742.144868,-864.4697831,-0.2706,-0.65328,-0.2706,-0.65328;
racing,killarc180,3.6,-2.83656,3.6,172.016844,774.2885465,-881.7199292,0.33333,-0.62361,-0.33333,0.62361;
racing,killarc180,3.6,-2.83656,3.6,173.398548,744.3343648,-861.7051868,-0.33333,-0.62361,-0.33333,-0.62361;
racing,killarc180,3.6,-2.83656,3.6,172.016844,779.2259624,-872.3530757,0.39285,-0.58794,-0.39285,0.58794;
racing,killarc180,3.6,-2.83656,3.6,173.398548,745.9426672,-858.566691,-0.39285,-0.58794,-0.39285,-0.58794;
racing,killarc180,3.6,-2.83656,3.6,172.016868,782.2410365,-862.2028794,0.44858,-0.5466,-0.44858,0.5466;
racing,killarc180,3.6,-2.83656,3.6,173.398524,746.9076924,-855.174693,-0.44858,-0.5466,-0.44858,-0.5466;
racing,killarc180,3.6,-4.27656,3.6,190.72046,765.896004,-847.9009824,0,-0.70711,-0.70711,0;
racing,killarc180,3.6,-4.27656,3.6,154.694884,764.514324,-847.9010664,0.70711,0,0,0.70711;
racing,killarc180,3.6,-2.83656,3.6,189.6217363,765.896004,-833.9278649,0.06931,-0.7037,-0.7037,-0.06931;
racing,killarc180,3.6,-2.83656,3.6,154.2883922,764.514324,-840.9561473,-0.7037,0.06931,-0.06931,-0.7037;
racing,killarc180,3.6,-2.83656,3.6,186.4895039,765.896004,-823.8130954,0.13795,-0.69352,-0.69352,-0.13795;
racing,killarc180,3.6,-2.83656,3.6,153.2062566,764.514324,-837.599564,-0.69352,0.13795,-0.13795,-0.69352;
racing,killarc180,3.6,-2.83656,3.6,181.4442268,765.896004,-814.5038111,0.20526,-0.67666,-0.67666,-0.20526;
racing,killarc180,3.6,-2.83656,3.6,151.490045,764.514324,-834.5185536,-0.67666,0.20526,-0.20526,-0.67666;
racing,killarc180,3.6,-2.83656,3.6,174.6797288,765.896004,-806.3576018,0.2706,-0.65328,-0.65328,-0.2706;
racing,killarc180,3.6,-2.83656,3.6,149.2057751,764.514324,-831.831568,-0.65328,0.2706,-0.2706,-0.65328;
racing,killarc180,3.6,-2.83656,3.6,166.4559092,765.896004,-799.6876255,0.33333,-0.62361,-0.62361,-0.33333;
racing,killarc180,3.6,-2.83656,3.6,146.4411188,764.514324,-829.6417952,-0.62361,0.33333,-0.33333,-0.62361;
racing,killarc180,3.6,-2.83656,3.6,157.0888397,765.896004,-794.7502096,0.39285,-0.58794,-0.58794,-0.39285;
racing,killarc180,3.6,-2.83656,3.6,143.302467,764.514324,-828.0334088,-0.58794,0.39285,-0.39285,-0.58794;
racing,killarc180,3.6,-2.83656,3.6,146.9385594,765.896004,-791.7351355,0.44858,-0.5466,-0.5466,-0.44858;
racing,killarc180,3.6,-2.83656,3.6,139.910373,764.514324,-827.0683836,-0.5466,0.44858,-0.44858,-0.5466;
racing,killarc180,3.6,-2.83656,3.6,136.3951344,765.896004,-790.7581,0.5,-0.5,-0.5,-0.5;
racing,killarc180,3.6,-2.83656,3.6,136.3951344,764.514324,-826.783616,-0.5,0.5,-0.5,-0.5;

racing,killarc180,3.6,-4.321944,3.6,118.3354342,765.896004,-790.758016,0.5,-0.5,-0.5,-0.5;
racing,killarc180,3.6,-4.321944,3.6,118.3354342,764.514324,-826.783616,-0.5,0.5,-0.5,-0.5;
racing,killarc180,3.6,-4.321944,3.6,96.7255942,765.896004,-790.7581,0.5,-0.5,-0.5,-0.5;
racing,killarc180,3.6,-4.321944,3.6,96.7255942,764.514324,-826.783616,-0.5,0.5,-0.5,-0.5;
racing,killarc180,3.6,-4.321944,3.6,75.1157902,765.896004,-790.7581,0.5,-0.5,-0.5,-0.5;
racing,killarc180,3.6,-4.321944,3.6,75.1158142,764.514324,-826.783616,-0.5,0.5,-0.5,-0.5;
racing,killarc180,3.6,-4.321944,3.6,53.5063222,765.896004,-790.758016,0.5,-0.5,-0.5,-0.5;
racing,killarc180,3.6,-4.321944,3.6,53.5063222,764.514324,-826.783616,-0.5,0.5,-0.5,-0.5;

racing,killarc180,3.6,-2.978352,3.6,36.0585067,765.896004,-826.7837,0.5,0.5,0.5,-0.5;
racing,killarc180,3.6,-2.809296,3.6,28.9750662,765.896004,-827.9819125,0.39285,0.58794,0.58794,-0.39285;
racing,killarc180,3.6,-2.809296,3.6,23.2970483,765.896004,-831.6309006,0.2706,0.65328,0.65328,-0.2706;
racing,killarc180,3.6,-2.809296,3.6,19.4476237,765.896004,-837.1748708,0.13795,0.69352,0.69352,-0.13795;
racing,killarc180,3.6,-2.809296,3.6,18.012824,765.896004,-843.7700174,0,0.70711,0.70711,0;
racing,killarc180,3.6,-2.978352,3.6,35.4032693,765.896004,-790.7581,-0.5,0.5,0.5,0.5;
racing,killarc180,3.6,-2.828496,3.6,6.7601534,765.896004,-790.7581,-0.5,0.5,0.5,0.5;
racing,killarc180,3.6,-2.828496,3.6,20.9026214,765.896004,-790.758016,-0.5,0.5,0.5,0.5;

racing,killarc180,3.6,-9.6,3.6,18.012824,764.514324,-876.158328,0,0.70711,-0.70711,0;


custom,arc180,ice1,3.6,2.4,3.6,1,0,0,0,1,1,18.012824,621.896052,-1554.264,0,-0.70711,-0.70711,0;
custom,arc180,ice1,3.6,2.4,3.6,1,0,0,0,1,1,-18.012752,620.514372,-1554.264,0.70711,0,0,0.70711;
custom,arc180,metal4,4.5,2.4,4.5,1,0,0,0,0.05,0.05,-22.516,620.341662,-1554.264,0.70711,0,0,0.70711;
custom,arc180,metal4,4.5,2.4,4.5,1,0,0,0,0.05,0.05,22.516,622.068762,-1554.264,0,-0.70711,-0.70711,0;
custom,arc180,empty,3.54,2.28,3.57,1,0,0,0.2,1,1,17.7126107,621.890295,-1554.2508,0,-0.70711,-0.70711,0;
custom,arc180,empty,3.54,2.28,3.57,1,0,0,0.2,1,1,-17.7125387,620.520129,-1554.2508,0.70711,0,0,0.70711;

custom,cuboid,medievalartilleryassets_texture-psd,11.4,6,1.2,1,1,1,1,2,1,40.30518,765.205164,-1019.084844,0,0.38268,0,0.92388;
custom,cuboid,medievalartilleryassets_texture-psd,11.4,6,1.2,1,1,1,1,2,1,-40.305048,765.205164,-1019.084652,0,-0.38268,0,0.92388;
custom,cuboid,medievalartilleryassets_texture-psd,12,6,1.2,1,1,1,1,2,1,162.426516,765.205164,-1258.793796,0.92388,0,0.38268,0;
custom,cuboid,medievalartilleryassets_texture-psd,1.2,6,15.27348,1,1,1,1,2,1,204.852924,765.205164,-1140,0,0,0,1;
custom,cuboid,medievalartilleryassets_texture-psd,24,6,1.2,1,1,1,1,4,1,120,765.205164,-978.78,0,0.38268,0,0.92388;
custom,cuboid,medievalartilleryassets_texture-psd,12,6,1.2,1,1,1,1,2,1,-162.426516,765.205164,-1258.79388,-0.92388,0,0.38268,0;
custom,cuboid,medievalartilleryassets_texture-psd,1.2,6,15.27348,1,1,1,1,2,1,-204.852924,765.205164,-1140,0,1,0,0;
custom,cuboid,medievalartilleryassets_texture-psd,24,6,1.2,1,1,1,1,4,1,-120,765.205164,-978.78,0,-0.38268,0,0.92388;

custom,cuboid,empty,1.08,7.997988,1.32,1,0,0,0.2,1,1,-33.389988,765.205164,-895.684296,0,0.70711,0,0.70711;
custom,cuboid,empty,1.08,7.997988,1.32,1,0,0,0.2,1,1,33.389904,765.205164,-895.684296,0,0.70711,0,0.70711;
custom,cuboid,empty,1.08,7.997988,1.32,1,0,0,0.2,1,1,-23.610324,741.594912,-895.684296,-0.2706,0.65328,0.2706,0.65328;
custom,cuboid,empty,1.08,7.997988,1.32,1,0,0,0.2,1,1,23.61024,788.815428,-895.684296,-0.2706,0.65328,0.2706,0.65328;
custom,cuboid,empty,1.08,7.997988,1.32,1,0,0,0.2,1,1,-0.000048,731.815248,-895.684296,-0.5,0.5,0.5,0.5;
custom,cuboid,empty,1.08,7.997988,1.32,1,0,0,0.2,1,1,-0.000048,798.595188,-895.684296,-0.5,0.5,0.5,0.5;
custom,cuboid,empty,1.08,7.998,1.32,1,0,0,0.2,1,1,23.610216,741.594912,-895.684296,-0.65328,0.2706,0.65328,0.2706;
custom,cuboid,empty,1.08,7.997988,1.32,1,0,0,0.2,1,1,-23.6103,788.815428,-895.684296,-0.65328,0.2706,0.65328,0.2706;

custom,cuboid,ice1,1.2,7.877988,1.2,1,0,0,0.2,1,1,-33.389988,765.205164,-895.684296,0,0.70711,0,0.70711;
custom,cuboid,ice1,1.2,7.877988,1.2,1,0,0,0.2,1,1,33.389904,765.205164,-895.684296,0,0.70711,0,0.70711;
custom,cuboid,ice1,1.2,7.877988,1.2,1,0,0,0.2,1,1,-23.610324,741.594912,-895.684296,-0.2706,0.65328,0.2706,0.65328;
custom,cuboid,ice1,1.2,7.877988,1.2,1,0,0,0.2,1,1,23.61024,788.815428,-895.684296,-0.2706,0.65328,0.2706,0.65328;
custom,cuboid,ice1,1.2,7.877988,1.2,1,0,0,0.2,1,1,-0.000048,731.815248,-895.684296,-0.5,0.5,0.5,0.5;
custom,cuboid,ice1,1.2,7.877988,1.2,1,0,0,0.2,1,1,-0.000048,798.595188,-895.684296,-0.5,0.5,0.5,0.5;
custom,cuboid,ice1,1.2,7.878,1.2,1,0,0,0.2,1,1,23.610216,741.594912,-895.684296,-0.65328,0.2706,0.65328,0.2706;
custom,cuboid,ice1,1.2,7.877988,1.2,1,0,0,0.2,1,1,-23.6103,788.815428,-895.684296,-0.65328,0.2706,0.65328,0.2706;














custom,cuboid,medievalartilleryassets_texture-psd,6,6,1.2,1,1,1,1,1,1,60.000036,765.205164,-1518.852816,0,0.70711,0,0.70711;
custom,cuboid,medievalartilleryassets_texture-psd,6,6,1.2,1,1,1,1,1,1,-59.99994,765.205164,-1518.852816,0,0.70711,0,0.70711;
custom,cuboid,medievalartilleryassets_texture-psd,19.699224,6,1.2,1,1,1,1,3,1,90.000048,765.205164,-1395.036624,0,0.80764,0,0.58968;
custom,cuboid,medievalartilleryassets_texture-psd,19.699224,6,1.2,1,1,1,1,3,1,-89.999964,765.205164,-1395.035976,0,0.58968,0,0.80764;

custom,cuboid,medievalartilleryassets_texture-psd,32.4,1.2,1.2,1,1,1,1,5,0.2,0.000024,789.205164,-1386.852636,0,0.70711,0,0.70711;
custom,cuboid,medievalartilleryassets_texture-psd,32.4,1.2,1.2,1,1,1,1,5,0.2,0.000024,741.20526,-1386.852636,0,0.70711,0,-0.70711;
custom,cuboid,medievalartilleryassets_texture-psd,32.4,1.26,1.14,1,0,0,0,5,0.2,0.000024,789.205164,-1386.852636,0,0.70711,0,0.70711;
custom,cuboid,medievalartilleryassets_texture-psd,32.4,1.26,1.14,1,0,0,0,5,0.2,0.000024,741.20526,-1386.852636,0,0.70711,0,-0.70711;

racing,killcuboid,32.4,3.6,1.2,0.000024,765.205164,-1386.852636,0,0.70711,0,0.70711;

custom,cuboid,ice1,24,1.2,1.2,1,1,1,1,1,1,120.00006,801.205164,-978.779844,0,0.38268,0,0.92388;
custom,cuboid,ice1,24.000012,1.2,1.2,1,1,1,1,1,1,-120.000096,801.205164,-978.779844,0,0.92388,0,0.38268;
custom,cuboid,ice1,7.877988,1.2,1.2,1,1,1,1,1,1,-0.000048,801.205164,-895.684392,0,0,0,1;
custom,cuboid,ice1,15.27348,1.2,1.2,1,1,1,1,1,1,-204.8529,801.205164,-1140.000096,0,0.70711,0,0.70711;
custom,cuboid,ice1,15.27348,1.2,1.2,1,1,1,1,1,1,204.852948,801.205164,-1140,0,0.70711,0,0.70711;
custom,cuboid,ice1,12,1.2,1.2,1,1,1,1,1,1,-162.426516,801.205164,-1258.79388,0,-0.92388,0,0.38268;
custom,cuboid,ice1,6,1.2,1.2,1,1,1,1,1,1,-59.99994,801.205164,-1518.852816,0,0.70711,0,0.70711;
custom,cuboid,ice1,19.699224,1.2,1.2,1,1,1,1,1,1,-89.999964,801.205164,-1395.035976,0,0.58968,0,0.80764;
custom,cuboid,ice1,12,1.2,1.2,1,1,1,1,1,1,162.426516,801.205164,-1258.79388,0.92388,0,0.38268,0;
custom,cuboid,ice1,6,1.2,1.2,1,1,1,1,1,1,60.000036,801.205164,-1518.852816,0.70711,0,-0.70711,0;
custom,cuboid,ice1,19.699224,1.2,1.2,1,1,1,1,1,1,90.000048,801.205164,-1395.035976,0.58968,0,-0.80764,0;
custom,cuboid,ice1,24,1.2,1.2,1,0,0,0.2,1,1,120.00006,729.20526,-978.779844,0,0.38268,0,0.92388;
custom,cuboid,ice1,24.000012,1.2,1.2,1,0,0,0.2,1,1,-120.000096,729.20526,-978.779844,0,0.92388,0,0.38268;
custom,cuboid,ice1,7.877988,1.2,1.2,1,0,0,0.2,1,1,-0.000048,729.20526,-895.684392,0,0,0,1;
custom,cuboid,ice1,15.27348,1.2,1.2,1,0,0,0.2,1,1,-204.8529,729.20526,-1140.000096,0,0.70711,0,0.70711;
custom,cuboid,ice1,15.27348,1.2,1.2,1,0,0,0.2,1,1,204.852948,729.20526,-1140,0,0.70711,0,0.70711;
custom,cuboid,ice1,12,1.2,1.2,1,0,0,0.2,1,1,-162.426516,729.20526,-1258.79388,0,-0.92388,0,0.38268;
custom,cuboid,ice1,6,1.2,1.2,1,0,0,0.2,1,1,-59.99994,729.20526,-1518.852816,0,0.70711,0,0.70711;
custom,cuboid,ice1,19.699224,1.2,1.2,1,0,0,0.2,1,1,-89.999964,729.20526,-1395.035976,0,0.58968,0,0.80764;
custom,cuboid,ice1,12,1.2,1.2,1,0,0,0.2,1,1,162.426516,729.20526,-1258.79388,0.92388,0,0.38268,0;
custom,cuboid,ice1,6,1.2,1.2,1,0,0,0.2,1,1,60.000036,729.20526,-1518.852816,0.70711,0,-0.70711,0;
custom,cuboid,ice1,19.699224,1.2,1.2,1,0,0,0.2,1,1,90.000048,729.20526,-1395.035976,0.58968,0,-0.80764,0;

custom,cuboid,bombtex,16.970556,1.2,6.180924,1,0,0.5,0.85,10000,10000,-0.000024,729.20526,-983.022396,0,0.70711,0,0.70711;
custom,cuboid,bombtex,14.84922,1.2,39.77058,1,0,0.5,0.85,10000,10000,0,729.20526,-1142.121372,0,0.70711,0,0.70711;
custom,cuboid,bombtex,16.970556,1.2,6.180924,1,0,0.5,0.85,10000,10000,-0.000024,801.20526,-983.022396,0,0.70711,0,0.70711;
custom,cuboid,bombtex,14.84922,1.2,39.77058,1,0,0.5,0.85,10000,10000,0,801.20526,-1142.121372,0,0.70711,0,0.70711;

racing,killcuboid,25.129056,1.2,10.8,0.000048,801.205164,-1423.207584,0,0.70711,0,0.70711;
racing,killcuboid,25.129056,1.2,10.8,0.000048,729.20526,-1423.207584,0,0.70711,0,0.70711;

custom,cuboid,bombtex,8.119476,1.2,23.002236,1,0,0.5,0.85,10000,10000,0.000012,801.205164,-1256.96484,0,0.70711,0,0.70711;
custom,cuboid,bombtex,8.119476,1.2,23.002236,1,0,0.5,0.85,10000,10000,0.000012,729.20526,-1256.96484,0,0.70711,0,0.70711;

custom,cuboid,empty,1.2,12,1.32,1,0,0,0.2,1,1,0.000036,801.205164,-1548.853272,-0.5,0.5,0.5,0.5;
custom,cuboid,empty,1.2,12,1.32,1,0,0,0.2,1,1,0.000036,729.20526,-1548.853272,-0.5,0.5,0.5,0.5;
custom,cuboid,empty,1.2,8.52,0.72,1,0,0,0.2,1,1,56.400048,765.205164,-1548.853272,0,0.70711,0,0.70711;
custom,cuboid,empty,1.2,8.52,0.72,1,0,0,0.2,1,1,-56.399952,765.205164,-1548.853272,0,0.70711,0,0.70711;

custom,cuboid,ice1,1.08,11.88,1.44,1,1,1,1,0.1,1,0.000036,801.205164,-1548.853272,-0.5,0.5,0.5,0.5;
custom,cuboid,ice1,1.08,11.88,1.44,1,1,1,1,0.1,1,0.000036,729.20526,-1548.853272,-0.5,0.5,0.5,0.5;
custom,cuboid,ice1,1.08,8.64,0.84,1,1,1,1,0.1,0.71,56.400048,765.205164,-1548.853272,0,0.70711,0,0.70711;
custom,cuboid,ice1,1.08,8.64,0.84,1,1,1,1,0.1,0.71,-56.399952,765.205164,-1548.853272,0,0.70711,0,0.70711;

custom,cuboid,default,1.2,1.32,24,1,0,0,0.2,1,1,0.000024,801.205164,-1301.219976,0,0.70711,0,0.70711;
custom,cuboid,default,1.2,1.32,24,1,0,0,0.2,1,1,0.000024,729.20526,-1301.219976,0,0.70711,0,0.70711;
custom,cuboid,ice1,1.08,1.44,24.12,1,0,0,0.2,1,1,0.000024,801.205164,-1301.219976,0,0.70711,0,0.70711;
custom,cuboid,ice1,1.08,1.44,24.12,1,0,0,0.2,1,1,0.000024,729.20526,-1301.219976,0,0.70711,0,0.70711;

custom,arc180,default,13.2,7.2,11.4,1,0,0,0,1,1,1.2,764.413164,-1201.2469092,0,-0.70711,0,0.70711;

custom,cylinder,medievalartilleryassets_texture-psd,24,3,24,1,1,1,1,6,1,0,765.205164,-1140,0,0.70711,0,0.70711;
custom,cylinder,medievalartilleryassets_texture-psd,23.4,3.12,23.4,1,0,0,0,6,1,0,765.205164,-1140,0,0.70711,0,0.70711;



custom,cylinder,cannonregionmat,3.66,0.63,3.66,1,1,1,1,1,1,174.198,572.282916,-1140,-0.70711,0,0,0.70711;
custom,cylinder,cannonregionmat,3.66,0.63,3.66,1,1,1,1,1,1,-174.198,572.282916,-1140,-0.70711,0,0,0.70711;
custom,cylinder,ice1,3.6,0.6,3.6,1,0,0,0.2,1,1,174.198,572.282916,-1140,-0.70711,0,0,0.70711;
custom,cylinder,ice1,3.6,0.6,3.6,1,0,0,0.2,1,1,-174.198,572.282916,-1140,-0.70711,0,0,0.70711;
custom,cylinder,empty,2.4,0.66,2.4,1,0,0,0.2,1,1,174.198,572.282916,-1140,-0.70711,0,0,0.70711;
custom,cylinder,empty,2.4,0.66,2.4,1,0,0,0.2,1,1,-174.198,572.282916,-1140,-0.70711,0,0,0.70711;
custom,cylinder,cannonregionmat,1.2,0.72,1.2,1,1,1,1,1,1,174.198,572.282916,-1140,-0.70711,0,0,0.70711;
custom,cylinder,cannonregionmat,1.2,0.72,1.2,1,1,1,1,1,1,-174.198,572.282916,-1140,-0.70711,0,0,0.70711;


custom,cylinder,ice1,1.2,3,1.2,1,0,0,0.2,1,1,-0.000024,765.205164,-978.779568,0,0.70711,0,0.70711;

custom,cylinder,ice1,1.2,3,1.2,1,0,0,0.2,1,1,204.852924,765.205164,-1063.632564,0,0.70711,0,0.70711;
custom,cylinder,ice1,1.2,3,1.2,1,0,0,0.2,1,1,120.000036,765.205164,-1301.219976,0.70711,0,0.70711,0;
custom,cylinder,ice1,1.2,3,1.2,1,0,0,0.2,1,1,204.852924,765.205164,-1216.367436,0.70711,0,0.70711,0;
custom,cylinder,ice1,1.2,3,1.2,1,0,0,0.2,1,1,-119.999964,765.205164,-1301.220432,0,-0.70711,0,0.70711;
custom,cylinder,ice1,1.2,3,1.2,1,0,0,0.2,1,1,-204.852924,765.205164,-1216.367436,0,-0.70711,0,0.70711;

custom,cylinder,ice1,1.2,3,1.2,1,0,0,0.2,1,1,-204.852924,765.205164,-1063.63266,0.70711,0,-0.70711,0;















racing,killcylinder,1.2,1.8,1.2,0.000036,765.205164,-1548.8529,0,0.70711,0,0.70711;
custom,cylinder,medievalartilleryassets_texture-psd,1.2,0.6,1.2,1,1,1,1,1.2,0.2,0.000036,789.205164,-1548.8529,0,0.70711,0,0.70711;
custom,cylinder,medievalartilleryassets_texture-psd,1.2,0.6,1.2,1,1,1,1,1.2,0.2,0.000036,741.20526,-1548.8529,0,0.70711,0,0.70711;
custom,cylinder,medievalartilleryassets_texture-psd,1.14,0.63,1.14,1,0,0,0,0,0,0.000036,789.205164,-1548.8529,0,0.70711,0,0.70711;
custom,cylinder,medievalartilleryassets_texture-psd,1.14,0.63,1.14,1,0,0,0,0,0,0.000036,741.20526,-1548.8529,0,0.70711,0,0.70711;

custom,cylinder,ice1,1.2,0.6,1.2,1,0,0,0.2,1,1,-119.999964,801.205164,-1301.220432,0,-0.70711,0,0.70711;
custom,cylinder,ice1,1.2,0.6,1.2,1,0,0,0.2,1,1,-204.852924,801.205164,-1216.367436,0,-0.70711,0,0.70711;
custom,cylinder,ice1,1.2,0.6,1.2,1,0,0,0.2,1,1,-204.852948,801.205164,-1063.63266,0.70711,0,-0.70711,0;
custom,cylinder,ice1,1.2,0.6,1.2,1,0,0,0.2,1,1,-59.99994,801.205164,-1548.8529,0,0.70711,0,0.70711;
custom,cylinder,ice1,1.2,0.6,1.2,1,0,0,0.2,1,1,-59.999952,801.205164,-1488.852816,0,0.70711,0,0.70711;
custom,cylinder,ice1,1.2,0.6,1.2,1,0,0,0.2,1,1,120.000036,801.205164,-1301.219976,-0.70711,0,-0.70711,0;
custom,cylinder,ice1,1.2,0.6,1.2,1,0,0,0.2,1,1,204.852924,801.205164,-1216.367436,-0.70711,0,-0.70711,0;
custom,cylinder,ice1,1.2,0.6,1.2,1,0,0,0.2,1,1,204.852924,801.205164,-1063.632564,0,0.70711,0,0.70711;
custom,cylinder,ice1,1.2,0.6,1.2,1,0,0,0.2,1,1,60.000036,801.205164,-1548.853272,0.70711,0,-0.70711,0;
custom,cylinder,ice1,1.2,0.6,1.2,1,0,0,0.2,1,1,60.000024,801.205164,-1488.852816,0.70711,0,-0.70711,0;
custom,cylinder,ice1,1.2,0.6,1.2,1,0,0,0.2,1,1,-204.852924,729.20526,-1216.367436,0,-0.70711,0,0.70711;
custom,cylinder,ice1,1.2,0.6,1.2,1,0,0,0.2,1,1,-204.852948,729.20526,-1063.63266,0.70711,0,-0.70711,0;
custom,cylinder,ice1,1.2,0.6,1.2,1,0,0,0.2,1,1,-59.99994,729.20526,-1548.8529,0,0.70711,0,0.70711;
custom,cylinder,ice1,1.2,0.6,1.2,1,0,0,0.2,1,1,-59.999952,729.20526,-1488.852816,0,0.70711,0,0.70711;
custom,cylinder,ice1,1.2,0.6,1.2,1,0,0,0.2,1,1,204.852924,729.20526,-1216.367436,-0.70711,0,-0.70711,0;
custom,cylinder,ice1,1.2,0.6,1.2,1,0,0,0.2,1,1,204.852924,729.20526,-1063.632564,0,0.70711,0,0.70711;
custom,cylinder,ice1,1.2,0.6,1.2,1,0,0,0.2,1,1,60.000036,729.20526,-1548.8529,0.70711,0,-0.70711,0;
custom,cylinder,ice1,1.2,0.6,1.2,1,0,0,0.2,1,1,60.000024,729.20526,-1488.852816,0.70711,0,-0.70711,0;

custom,cylinder,ice1,1.2,3,1.2,1,0,0,0.2,1,1,60.000036,765.205164,-1548.8529,0,0.70711,0,0.70711;
custom,cylinder,ice1,1.2,3,1.2,1,0,0,0.2,1,1,-59.99994,765.205164,-1548.8529,0,0.70711,0,0.70711;
custom,cylinder,ice1,1.2,3,1.2,1,0,0,0.2,1,1,60.000048,765.205164,-1488.853176,0,0.70711,0,0.70711;
custom,cylinder,ice1,1.2,3,1.2,1,0,0,0.2,1,1,-59.999952,765.205164,-1488.852816,0,0.70711,0,0.70711;



custom,prism,medievalartilleryassets_texture-psd,16.970568,1.2,9.7980083,1,1,1,1,14,0.2,-1.5186841,789.445164,-1264.3830324,0,0,0,1;
custom,prism,medievalartilleryassets_texture-psd,14.57052,1.2,16.7262444,1,1,1,1,12,0.2,-1.3038918,789.445164,-1292.3350824,0,0,0,1;
custom,prism,medievalartilleryassets_texture-psd,12.17052,1.2,23.6545219,1,1,1,1,10,0.2,-1.0891158,789.445164,-1320.2871204,0,0,0,1;
custom,prism,medievalartilleryassets_texture-psd,9.77052,1.2,30.5827579,1,1,1,1,8,0.2,-0.8743398,789.445164,-1348.2391704,0,0,0,1;
custom,prism,medievalartilleryassets_texture-psd,16.970568,1.2,9.7980083,1,1,1,1,14,0.2,1.5187081,740.96526,-1264.3830324,0,0,-1,0;
custom,prism,medievalartilleryassets_texture-psd,14.57052,1.2,16.7262444,1,1,1,1,12,0.2,1.3039398,740.96526,-1292.3350824,0,0,-1,0;
custom,prism,medievalartilleryassets_texture-psd,12.17052,1.2,23.6545219,1,1,1,1,10,0.2,1.0891638,740.96526,-1320.2871204,0,0,-1,0;
custom,prism,medievalartilleryassets_texture-psd,9.77052,1.2,30.5827579,1,1,1,1,8,0.2,0.8743878,740.96526,-1348.2391704,0,0,-1,0;


custom,prism,medievalartilleryassets_texture-psd,16.910568,1.26,9.728726,1,0,0,0,1,1,-1.5133147,789.457164,-1264.4035116,0,0,0,1;
custom,prism,medievalartilleryassets_texture-psd,14.51052,1.26,16.656962,1,0,0,0,1,1,-1.2985224,789.457164,-1292.3555616,0,0,0,1;
custom,prism,medievalartilleryassets_texture-psd,12.11052,1.26,23.5852396,1,0,0,0,1,1,-1.0837464,789.457164,-1320.3075996,0,0,0,1;
custom,prism,medievalartilleryassets_texture-psd,9.71052,1.26,30.5134756,1,0,0,0,1,1,-0.8689704,789.457164,-1348.2596496,0,0,0,1;
custom,prism,medievalartilleryassets_texture-psd,16.910568,1.26,9.728726,1,0,0,0,1,1,1.5133387,740.95326,-1264.4035116,0,0,-1,0;
custom,prism,medievalartilleryassets_texture-psd,14.51052,1.26,16.656962,1,0,0,0,1,1,1.2985704,740.95326,-1292.3555616,0,0,-1,0;
custom,prism,medievalartilleryassets_texture-psd,12.11052,1.26,23.5852396,1,0,0,0,1,1,1.0837944,740.95326,-1320.3075996,0,0,-1,0;
custom,prism,medievalartilleryassets_texture-psd,9.71052,1.26,30.5134756,1,0,0,0,1,1,0.8690184,740.95326,-1348.2596496,0,0,-1,0;


racing,killprism,16.910568,3.66,9.728726,-1.5133147,765.937164,-1264.4035116,0,0,0,1;
racing,killprism,14.51052,3.66,16.656962,-1.2985224,765.937164,-1292.3555616,0,0,0,1;
racing,killprism,12.11052,3.66,23.5852396,-1.0837464,765.937164,-1320.3075996,0,0,0,1;
racing,killprism,9.71052,3.66,30.5134756,-0.8689704,765.937164,-1348.2596496,0,0,0,1;



custom,prism,bombtex,23.94,1.26,13.7871896,1,0,0.5,0.85,10000,10000,-77.7276992,801.457164,-1024.081964,0,-0.38268,0,0.92388;
custom,prism,bombtex,23.94,1.26,13.7871896,1,0,0.5,0.85,10000,10000,74.6978571,801.457164,-1021.0521864,0,0.38268,0,0.92388;
custom,prism,bombtex,16.579536,1.26,9.728726,1,0,0.5,0.85,10000,10000,-117.1389587,801.457164,-1255.9181196,0,0,0,1;
custom,prism,bombtex,16.579536,1.26,9.728726,1,0,0.5,0.85,10000,10000,117.1389587,800.953164,-1255.9181196,0,0,-1,0;
custom,prism,bombtex,23.94,1.26,13.7871896,1,0,0.5,0.85,10000,10000,-77.7276992,729.45726,-1024.081964,0,-0.38268,0,0.92388;
custom,prism,bombtex,23.94,1.26,13.7871896,1,0,0.5,0.85,10000,10000,74.6978571,729.45726,-1021.0521864,0,0.38268,0,0.92388;
custom,prism,bombtex,16.579536,1.26,9.728726,1,0,0.5,0.85,10000,10000,-117.1389587,729.45726,-1255.9181196,0,0,0,1;
custom,prism,bombtex,16.579536,1.26,9.728726,1,0,0.5,0.85,10000,10000,117.1389587,728.95326,-1255.9181196,0,0,-1,0;

racing,killprism,12.142236,1.26,22.0191534,-55.0865847,729.45726,-1386.698838,0,0,0,1;
racing,killprism,12.142236,1.26,22.0191534,55.0866327,728.95326,-1386.698838,0,0,-1,0;
racing,killprism,12.142236,1.26,22.0191534,-55.0865847,801.457164,-1386.698838,0,0,0,1;
racing,killprism,12.142236,1.26,22.0191534,55.0866327,800.953164,-1386.698838,0,0,-1,0;


custom,cuboid,bombtex,10.8,12,1.224,1,0.5,0.85,1,18,20,0.000036,801.205164,-1608.853272,-0.5,0.5,0.5,0.5;
custom,cuboid,bombtex,10.8,12,1.224,1,0.5,0.85,1,18,20,0.000036,729.20526,-1608.853272,-0.5,0.5,0.5,0.5;

custom,cuboid,default,10.8,12,1.2,1,0,0,0.2,18,20,0.000036,801.205164,-1608.853272,-0.5,0.5,0.5,0.5;
custom,cuboid,default,10.8,12,1.2,1,0,0,0.2,18,20,0.000036,729.20526,-1608.853272,-0.5,0.5,0.5,0.5;
custom,cuboid,medievalartilleryassets_texture-psd,12,8.4,1.2,1,1,1,1,1.5,1,54.000036,765.205164,-1614.853272,0,-0.70711,0,0.70711;
custom,cuboid,medievalartilleryassets_texture-psd,12,8.4,1.2,1,1,1,1,1.5,1,-53.999964,765.205164,-1614.853272,0,0.70711,0,0.70711;
custom,cuboid,ice1,1.32,8.52,1.32,1,1,1,1,0.1,0.7,54.000036,765.205164,-1668.853272,0,-0.70711,0,0.70711;
custom,cuboid,ice1,1.32,8.52,1.32,1,1,1,1,0.1,0.7,-53.999964,765.205164,-1668.853272,0,0.70711,0,0.70711;

custom,cuboid,medievalartilleryassets_texture-psd,96,8.4,1.2,1,1,1,1,12,1,0,765.205164,-1740.853272,0,0,0,1;
custom,cuboid,medievalartilleryassets_texture-psd,43.2,8.4,1.2,1,1,1,1,5,1,-264,765.205164,-1668.853272,0,0,0,1;
custom,cuboid,medievalartilleryassets_texture-psd,43.2,8.4,1.2,1,1,1,1,5,1,264,765.205164,-1668.853272,0,0,0,1;
custom,cuboid,medievalartilleryassets_texture-psd,44.835696,8.4,1.2,1,1,1,1,5,1,-273.635172,895.891752,-1740.853272,0,0,0.13506,0.99084;
custom,cuboid,medievalartilleryassets_texture-psd,44.835696,8.4,1.2,1,1,1,1,5,1,-273.635172,895.891752,-1668.853272,0,0,0.13506,0.99084;
custom,cuboid,medievalartilleryassets_texture-psd,4.8,15.45708,1.2,1,1,1,1,1,3,-514.218252,796.54092,-1668.853272,0,0,0.06768,0.99771;
custom,cuboid,medievalartilleryassets_texture-psd,4.8,15.45708,1.2,1,1,1,1,1,3,-514.218252,796.54092,-1740.853272,0,0,0.06768,0.99771;
custom,cuboid,medievalartilleryassets_texture-psd,44.835696,8.4,1.2,1,1,1,1,5,1,273.635196,895.891752,-1668.82104,0.13506,0.99084,0,0;
custom,cuboid,medievalartilleryassets_texture-psd,44.835696,8.4,1.2,1,1,1,1,5,1,273.635244,895.891752,-1740.82104,0.13506,0.99084,0,0;
custom,cuboid,medievalartilleryassets_texture-psd,4.8,15.45708,1.2,1,1,1,1,1,3,514.218288,796.54092,-1740.82104,0.06768,0.99771,0,0;
custom,cuboid,medievalartilleryassets_texture-psd,4.8,15.45708,1.2,1,1,1,1,1,3,514.218288,796.54092,-1668.82104,0.06768,0.99771,0,0;
custom,cuboid,medievalartilleryassets_texture-psd,9.6,8.115432,1.2,1,1,1,1,1,1,0,955.782348,-1740.853272,0,0,0,1;
custom,cuboid,metal4,1.2,8.4,24,1,1,1,1,0.15,0.05,-36,957.205164,-1542.853272,0,0,0,1;
custom,cuboid,metal4,1.2,8.4,24,1,1,1,1,0.15,0.05,36,957.205164,-1542.853272,0,0,0,1;

custom,cuboid,default,96,1.2,8.4,1,0,0,0.2,1,1,0,729.20526,-1704.853272,0,0,0,1;
custom,cuboid,default,96,1.2,8.4,1,0,0,0.2,1,1,0,801.205164,-1704.853272,0,0,0,1;
custom,cuboid,default,44.835696,1.2,8.4,1,0,0,0.2,1,1,-283.270344,930.57852,-1704.853272,0,0,0.13506,0.99084;
custom,cuboid,default,44.83572,1.2,8.4,1,0,0,0.2,1,1,-264,861.205164,-1704.853272,0,0,0.13506,0.99084;
custom,cuboid,default,10.929804,1.2,8.4,1,0,0,0.2,1,1,-576.729216,822.738372,-1704.853272,0,0,0.44434,0.89586;
custom,cuboid,default,10.929804,1.2,8.4,1,0,0,0.2,1,1,-567.437124,754.568664,-1704.853272,0,0,-0.31927,0.94766;
custom,cuboid,default,4.8,1.2,8.4,1,0,0,0.2,1,1,-523.845936,867.17322,-1704.853272,0,0,0.06768,0.99771;
custom,cuboid,default,4.8,1.2,8.4,1,0,0,0.2,1,1,-504.590424,725.908812,-1704.853272,0,0,0.06768,0.99771;
custom,cuboid,default,44.83572,1.2,8.4,1,0,0,0.2,1,1,264.000048,861.205164,-1704.82104,0.13506,0.99084,0,0;
custom,cuboid,default,44.835696,1.2,8.4,1,0,0,0.2,1,1,283.27038,930.57852,-1704.82104,0.13506,0.99084,0,0;
custom,cuboid,default,10.929804,1.2,8.4,1,0,0,0.2,1,1,576.729264,822.738372,-1704.82104,0.44434,0.89586,0,0;
custom,cuboid,default,10.929804,1.2,8.4,1,0,0,0.2,1,1,567.43716,754.568664,-1704.82104,-0.31927,0.94766,0,0;
custom,cuboid,default,4.8,1.2,8.4,1,0,0,0.2,1,1,523.845972,867.17322,-1704.82104,0.06768,0.99771,0,0;
custom,cuboid,default,4.8,1.2,8.4,1,0,0,0.2,1,1,504.590472,725.908812,-1704.82104,0.06768,0.99771,0,0;
custom,cuboid,default,13.77528,1.2,8.4,1,0,0,0.2,1,1,0,990.359532,-1704.853272,0,0,0,1;
custom,cuboid,default,9.6,1.2,8.4,1,0,0,0.2,1,1,0,921.205164,-1704.853272,0,0,0,1;
custom,cuboid,arena2tex,8.4,1.2,24,1,1,1,0,40,1,0,921.205164,-1542.853272,0,0,0,1;
custom,cuboid,arena2tex,8.4,1.2,24,1,1,1,0,40,1,0,993.205164,-1542.853272,0,0,0,1;

custom,cuboid,bombtex,96,1.224,8.4,1,0.5,0.85,1,160,14,0,729.20526,-1704.853272,0,0,0,1;
custom,cuboid,bombtex,96,1.224,8.4,1,0.5,0.85,1,160,14,0,801.205164,-1704.853272,0,0,0,1;
custom,cuboid,bombtex,44.835696,1.224,8.4,1,0.5,0.85,1,75,14,-283.270344,930.57852,-1704.853272,0,0,0.13506,0.99084;
custom,cuboid,bombtex,44.83572,1.224,8.4,1,0.5,0.85,1,75,14,-264,861.205164,-1704.853272,0,0,0.13506,0.99084;
custom,cuboid,bombtex,10.929804,1.224,8.4,1,0.5,0.85,1,18,14,-576.729216,822.738372,-1704.853272,0,0,0.44434,0.89586;
custom,cuboid,bombtex,10.929804,1.224,8.4,1,0.5,0.85,1,18,14,-567.437124,754.568664,-1704.853272,0,0,-0.31927,0.94766;
custom,cuboid,bombtex,4.8,1.224,8.4,1,0.5,0.85,1,8,14,-523.845936,867.17322,-1704.853272,0,0,0.06768,0.99771;
custom,cuboid,bombtex,4.8,1.224,8.4,1,0.5,0.85,1,8,14,-504.590424,725.908812,-1704.853272,0,0,0.06768,0.99771;
custom,cuboid,bombtex,44.83572,1.224,8.4,1,0.5,0.85,1,75,14,264.000048,861.205164,-1704.82104,0.13506,0.99084,0,0;
custom,cuboid,bombtex,44.835696,1.224,8.4,1,0.5,0.85,1,75,14,283.27038,930.57852,-1704.82104,0.13506,0.99084,0,0;
custom,cuboid,bombtex,10.929804,1.224,8.4,1,0.5,0.85,1,18,14,576.729264,822.738372,-1704.82104,0.44434,0.89586,0,0;
custom,cuboid,bombtex,10.929804,1.224,8.4,1,0.5,0.85,1,18,14,567.43716,754.568664,-1704.82104,-0.31927,0.94766,0,0;
custom,cuboid,bombtex,4.8,1.224,8.4,1,0.5,0.85,1,8,14,523.845972,867.17322,-1704.82104,0.06768,0.99771,0,0;
custom,cuboid,bombtex,4.8,1.224,8.4,1,0.5,0.85,1,8,14,504.590472,725.908812,-1704.82104,0.06768,0.99771,0,0;
custom,cuboid,bombtex,13.77528,1.224,8.4,1,0.5,0.85,1,23,14,0,990.359532,-1704.853272,0,0,0,1;
custom,cuboid,bombtex,9.6,1.224,8.4,1,0.5,0.85,1,16,14,0,921.205164,-1704.853272,0,0,0,1;



custom,cuboid,default,0.12,2.1,6,1,0,0,0,1,1,52.416132,937.103388,-1704.82086,0.13506,0.99084,0,0;
custom,cuboid,default,0.12,2.1,6,1,0,0,0,1,1,62.85438,974.680572,-1704.82104,0.13506,0.99084,0,0;
custom,cuboid,default,0.12,2.1,6,1,0,0,0,1,1,-52.416024,937.103208,-1704.853272,0,0,0.13506,0.99084;
custom,cuboid,default,0.12,2.1,6,1,0,0,0,1,1,-62.854332,974.680572,-1704.853272,0,0,0.13506,0.99084;
custom,cuboid,default,4.71408,1.32,8.52,1,0,0,0,1,1,-595.898808,797.518152,-1704.853272,0,0,0.44434,0.89586;
custom,cuboid,default,4.71408,1.32,8.52,1,0,0,0,1,1,-592.657428,773.738256,-1704.853272,0,0,-0.31927,0.94766;
custom,cuboid,default,4.71408,1.32,8.52,1,0,0,0,1,1,595.898844,797.518152,-1704.82104,0.44434,0.89586,0,0;
custom,cuboid,default,4.71408,1.32,8.52,1,0,0,0,1,1,592.657476,773.738256,-1704.82104,-0.31927,0.94766,0,0;
custom,cuboid,default,0.18,1.2,8.4,1,0,0,0,1,1,-480,801.205164,-1704.853272,0,0,0.06768,0.99771;
custom,cuboid,default,24,1.32,8.52,1,0,0,0,1,1,-182.892516,958.46118,-1704.853272,0,0,0.13506,0.99084;
custom,cuboid,default,24,1.32,8.52,1,0,0,0,1,1,-163.622064,889.08792,-1704.853272,0,0,0.13506,0.99084;
custom,cuboid,default,12,2.1,1.32,1,0,0,0,1,1,-110.227128,921.044772,-1740.853272,0,0,0.13506,0.99084;
custom,cuboid,default,12,2.1,1.32,1,0,0,0,1,1,-120.6654,958.62204,-1740.853272,0,0,0.13506,0.99084;
custom,cuboid,default,12,2.1,1.32,1,0,0,0,1,1,-110.227128,921.044772,-1668.853272,0,0,0.13506,0.99084;
custom,cuboid,default,12,2.1,1.32,1,0,0,0,1,1,-120.6654,958.62204,-1668.853272,0,0,0.13506,0.99084;
custom,cuboid,default,0.18,1.2,8.4,1,0,0,0,1,1,480.000048,801.205164,-1704.82104,0.06768,0.99771,0,0;
custom,cuboid,default,24,1.32,8.52,1,0,0,0,1,1,182.892576,958.46118,-1704.82104,0.13506,0.99084,0,0;
custom,cuboid,default,24,1.32,8.52,1,0,0,0,1,1,163.622148,889.08792,-1704.82104,0.13506,0.99084,0,0;
custom,cuboid,default,12,2.1,1.32,1,0,0,0,1,1,110.227212,921.044772,-1668.82104,0.13506,0.99084,0,0;
custom,cuboid,default,12,2.1,1.32,1,0,0,0,1,1,120.66546,958.62204,-1668.82104,0.13506,0.99084,0,0;
custom,cuboid,default,12,2.1,1.32,1,0,0,0,1,1,110.227212,921.044772,-1740.82104,0.13506,0.99084,0,0;
custom,cuboid,default,12,2.1,1.32,1,0,0,0,1,1,120.66546,958.62204,-1740.82104,0.13506,0.99084,0,0;

racing,killcuboid,7.2,1.2,8.4,-480,801.205164,-1704.853272,0,0,0.06768,0.99771;
racing,killcuboid,12,2.1,6,-110.227128,921.044772,-1704.853272,0,0,0.13506,0.99084;
racing,killcuboid,12,2.1,6,-120.6654,958.62204,-1704.853272,0,0,0.13506,0.99084;
racing,killcuboid,7.2,1.2,8.4,480.000048,801.205164,-1704.82104,0.06768,0.99771,0,0;
racing,killcuboid,12,2.1,6,110.227212,921.044772,-1704.82086,0.13506,0.99084,0,0;
racing,killcuboid,12,2.1,6,120.66546,958.62204,-1704.82104,0.13506,0.99084,0,0;
racing,killcylinder,1.2,4.2,1.2,-515.670132,796.343076,-1704.853272,-0.70711,0,0,0.70711;
racing,killcylinder,1.2,4.2,1.2,515.67018,796.343076,-1704.82104,0,0.70711,0.70711,0;

custom,cylinder,empty,1.2,4.2,1.2,1,0,0,0.2,1,1,-499.270296,870.57852,-1704.853272,-0.70711,0,0,0.70711;
custom,cylinder,empty,1.2,4.2,1.2,1,0,0,0.2,1,1,-480,729.20526,-1704.853272,-0.70711,0,0,0.70711;
custom,cylinder,empty,1.2,4.2,1.2,1,0,0,0.2,1,1,499.270344,870.57852,-1704.82104,0,0.70711,0.70711,0;
custom,cylinder,empty,1.2,4.2,1.2,1,0,0,0.2,1,1,480.000048,729.20526,-1704.82104,0,0.70711,0.70711,0;
custom,cylinder,empty,1.2,4.2,1.2,1,0,0,0.2,1,1,-48,921.205164,-1704.853272,-0.70711,0,0,0.70711;
custom,cylinder,empty,1.2,4.2,1.2,1,0,0,0.2,1,1,48,921.205164,-1704.853272,-0.70711,0,0,0.70711;
custom,cylinder,ice1,1.2,4.2,1.2,1,0,0,0.2,1,1,0,993.205164,-1662.853272,-0.5,-0.5,-0.5,0.5;

custom,cylinder,empty,1.2,0.66,1.2,1,0,0,0,1,1,-515.670132,796.343076,-1668.853272,-0.70711,0,0,0.70711;
custom,cylinder,empty,1.2,0.66,1.2,1,0,0,0,1,1,515.67018,796.343076,-1668.82104,0,0.70711,0.70711,0;
custom,cuboid,empty,7.2,1.2,1.32,1,0,0,0,1,1,480.000048,801.205164,-1668.82104,0.06768,0.99771,0,0;
custom,cuboid,empty,7.2,1.2,1.32,1,0,0,0,1,1,-480,801.205164,-1668.853272,0,0,0.06768,0.99771;
custom,cylinder,empty,1.2,0.66,1.2,1,0,0,0,1,1,-515.670132,796.343076,-1740.853272,-0.70711,0,0,0.70711;
custom,cylinder,empty,1.2,0.66,1.2,1,0,0,0,1,1,515.67018,796.343076,-1740.82104,0,0.70711,0.70711,0;
custom,cuboid,empty,7.2,1.2,1.32,1,0,0,0,1,1,480.000048,801.205164,-1740.82104,0.06768,0.99771,0,0;
custom,cuboid,empty,7.2,1.2,1.32,1,0,0,0,1,1,-480,801.205164,-1740.853272,0,0,0.06768,0.99771;

custom,cuboid,medievalartilleryassets_texture-psd,2.4,8.115432,1.2,1,1,1,1,1,1,36,955.782348,-1668.853272,0,0,0,1;
custom,cuboid,medievalartilleryassets_texture-psd,2.4,8.115432,1.2,1,1,1,1,1,1,-36,955.782348,-1668.853272,0,0,0,1;

custom,cuboid,ice1,0.12,5.835432,1.32,1,0,0,0.2,1,1,24,955.781988,-1668.853272,0,0,0,1;
custom,cuboid,ice1,0.12,5.835432,1.32,1,0,0,0.2,1,1,-24,955.781988,-1668.853272,0,0,0,1;
custom,cuboid,ice1,4.92,0.12,1.32,1,0,0,0.2,1,1,0,984.35916,-1668.853272,0,0,0,1;
custom,cuboid,ice1,4.92,0.12,1.32,1,0,0,0.2,1,1,0,927.204804,-1668.853272,0,0,0,1;
custom,cuboid,empty,0.18,5.775432,1.2,1,0,0,0,1,1,24,955.781988,-1668.853272,0,0,0,1;
custom,cuboid,empty,0.18,5.775432,1.2,1,0,0,0,1,1,-24,955.781988,-1668.853272,0,0,0,1;
custom,cuboid,empty,4.86,0.18,1.2,1,0,0,0,1,1,0,984.35916,-1668.853272,0,0,0,1;
custom,cuboid,empty,4.86,0.18,1.2,1,0,0,0,1,1,0,927.204804,-1668.853272,0,0,0,1;


custom,prism,medievalartilleryassets_texture-psd,15.39708,1.26,8.8549091,1,1,1,1,2,1,-573.879563,789.7993324,-1669.105272,-0.5327,0.46501,-0.46501,0.5327;
custom,prism,medievalartilleryassets_texture-psd,15.39708,1.26,8.8549091,1,1,1,1,2,1,-573.879563,789.7993324,-1741.105272,-0.5327,0.46501,-0.46501,0.5327;
custom,prism,medievalartilleryassets_texture-psd,15.39708,1.26,1.1471496,1,1,1,1,1,0.1,-485.7411935,801.8131652,-1740.601272,-0.5327,0.46501,0.46501,-0.5327;
custom,prism,medievalartilleryassets_texture-psd,15.39708,1.26,1.1471496,1,1,1,1,1,0.1,-485.7411935,801.8131652,-1668.601272,-0.5327,0.46501,0.46501,-0.5327;
custom,prism,medievalartilleryassets_texture-psd,15.39708,1.26,8.8549091,1,1,1,1,2,1,573.879599,789.7993324,-1740.56904,-0.46501,0.5327,0.5327,-0.46501;
custom,prism,medievalartilleryassets_texture-psd,15.39708,1.26,8.8549091,1,1,1,1,2,1,573.879599,789.7993324,-1668.56904,-0.46501,0.5327,0.5327,-0.46501;
custom,prism,medievalartilleryassets_texture-psd,15.39708,1.26,1.1471496,1,1,1,1,1,0.1,485.7412415,801.8131652,-1669.07304,-0.46501,0.5327,-0.5327,0.46501;
custom,prism,medievalartilleryassets_texture-psd,15.39708,1.26,1.1471496,1,1,1,1,1,0.1,485.7412415,801.8131652,-1741.07304,-0.46501,0.5327,-0.5327,0.46501;
custom,prism,medievalartilleryassets_texture-psd,4.11528,1.26,8.6088321,1,1,1,1,1,2,-47.6315436,961.3270733,-1740.601272,0,0.70711,0.70711,0;
custom,prism,medievalartilleryassets_texture-psd,4.11528,1.26,8.6088321,1,1,1,1,1,2,48.3684564,961.3270733,-1740.601272,0,0.70711,0.70711,0;
custom,prism,medievalartilleryassets_texture-psd,4.11528,1.26,8.6088321,1,1,1,1,1,2,-47.6315436,961.3270733,-1668.601272,0,0.70711,0.70711,0;
custom,prism,medievalartilleryassets_texture-psd,4.11528,1.26,8.6088321,1,1,1,1,1,2,48.3684564,961.3270733,-1668.601272,0,0.70711,0.70711,0;



custom,prism,default,4.74,1.38,2.702012,1,0,0,0,1,1,-585.1366206,787.3025232,-1741.129272,-0.5327,0.46501,-0.46501,0.5327;
custom,prism,default,4.74,1.38,2.702012,1,0,0,0,1,1,-585.1366206,787.3025232,-1669.129272,-0.5327,0.46501,-0.46501,0.5327;
custom,prism,default,23.94,1.38,2.3556002,1,0,0,0,1,1,-180.7270604,942.6608416,-1741.129272,-0.70063,-0.0955,0.0955,0.70063;
custom,prism,default,23.94,1.38,2.3556002,1,0,0,0,1,1,-180.7270604,942.6608416,-1669.129272,-0.70063,-0.0955,0.0955,0.70063;
custom,prism,default,23.94,1.38,2.3556002,1,0,0,0,1,1,-165.7876156,904.8886304,-1741.129272,-0.0955,0.70063,-0.70063,0.0955;
custom,prism,default,23.94,1.38,2.3556002,1,0,0,0,1,1,-165.7876156,904.8886304,-1669.129272,-0.0955,0.70063,-0.70063,0.0955;
custom,prism,default,4.74,1.38,2.702012,1,0,0,0,1,1,585.1366686,787.3025232,-1668.54504,-0.46501,0.5327,0.5327,-0.46501;
custom,prism,default,4.74,1.38,2.702012,1,0,0,0,1,1,585.1366686,787.3025232,-1740.54504,-0.46501,0.5327,0.5327,-0.46501;
custom,prism,default,23.94,1.38,2.3556002,1,0,0,0,1,1,180.7271204,942.6608416,-1668.54504,0.0955,0.70063,0.70063,0.0955;
custom,prism,default,23.94,1.38,2.3556002,1,0,0,0,1,1,180.7271204,942.6608416,-1740.54504,0.0955,0.70063,0.70063,0.0955;
custom,prism,default,23.94,1.38,2.3556002,1,0,0,0,1,1,165.7876876,904.8886304,-1668.54504,-0.70063,0.0955,0.0955,-0.70063;
custom,prism,default,23.94,1.38,2.3556002,1,0,0,0,1,1,165.7876876,904.8886304,-1740.54504,-0.70063,0.0955,0.0955,-0.70063;

racing,killprism,4.74,6.06,2.702012,-585.1366206,787.3025232,-1706.065272,-0.5327,0.46501,-0.46501,0.5327;
racing,killprism,23.94,6.06,2.3556002,-180.7270604,942.6608416,-1706.065272,-0.70063,-0.0955,0.0955,0.70063;
racing,killprism,23.94,6.06,2.3556002,-165.7876156,904.8886304,-1706.065272,-0.0955,0.70063,-0.70063,0.0955;
racing,killprism,4.74,6.06,2.702012,585.1366686,787.3025232,-1703.60904,-0.46501,0.5327,0.5327,-0.46501;
racing,killprism,23.94,6.06,2.3556002,180.7271204,942.6608416,-1703.60904,0.0955,0.70063,0.70063,0.0955;
racing,killprism,23.94,6.06,2.3556002,165.7876876,904.8886304,-1703.60904,-0.70063,0.0955,0.0955,-0.70063;




custom,cuboid,default,6,2.4,6,1,0,0,0.2,1,1,0,999.2051696,-1392.853272,0,0,0,1;
custom,cuboid,default,6,2.4,6,1,0,0,0.2,1,1,0,915.2051696,-1392.853272,0,0,0,1;
custom,cuboid,medievalartilleryassets_texture-psd,2.4,10.8,6,1,1,1,1,1,1,-42,957.2051696,-1392.853272,0,0,0,1;
custom,cuboid,medievalartilleryassets_texture-psd,2.4,10.8,6,1,1,1,1,1,1,42,957.2051696,-1392.853272,0,0,0,1;

custom,cuboid,empty,6.12,2.28,6.12,1,0,0,0.2,1,1,0,999.2051696,-1392.853272,0,0,0,1;
custom,cuboid,empty,6.12,2.28,6.12,1,0,0,0.2,1,1,0,915.2051696,-1392.853272,0,0,0,1;
custom,cuboid,empty,2.28,10.68,6.12,1,0,0,0.2,1,1,-42,957.2051696,-1392.853272,0,0,0,1;
custom,cuboid,empty,2.28,10.68,6.12,1,0,0,0.2,1,1,42,957.2051696,-1392.853272,0,0,0,1;

custom,cuboid,bombtex,6,2.412,6,1,0.7,0.85,1,20,20,0,999.2051696,-1392.853272,0,0,0,1;
custom,cuboid,bombtex,6,2.412,6,1,0.7,0.85,1,20,20,0,915.2051696,-1392.853272,0,0,0,1;

custom,cuboid,ice1,4.2,0.6,1.08,1,1,1,1,0.35,0.05,12.7279215,969.9331055,-1392.853272,0,0,-0.3826835,0.9238795;
custom,cuboid,ice1,4.2,0.6,1.08,1,1,1,1,0.35,0.05,-12.7279215,944.4772339,-1392.853272,0,0,-0.3826835,0.9238795;
custom,cuboid,ice1,4.2,0.6,1.08,1,1,1,1,0.35,0.05,12.7279215,944.4772339,-1392.853272,0,0,-0.9238795,0.3826834;
custom,cuboid,ice1,4.2,0.6,1.08,1,1,1,1,0.35,0.05,-12.7279215,969.9331055,-1392.853272,0,0,-0.9238795,0.3826834;
custom,cuboid,ice1,1.2,1.2,1.08,1,1,1,1,0.1,0.1,24,957.2051696,-1392.853272,0,0,0,1;
custom,cuboid,ice1,1.2,1.2,1.08,1,1,1,1,0.1,0.1,-24,957.2051696,-1392.853272,0,0,0,1;
custom,cuboid,ice1,1.2,1.2,1.08,1,1,1,1,0.1,0.1,0,933.2051696,-1392.853272,0,0,-0.7071068,0.7071068;
custom,cuboid,ice1,1.2,1.2,1.08,1,1,1,1,0.1,0.1,0,981.2051696,-1392.853272,0,0,-0.7071068,0.7071068;
custom,cuboid,ice1,6.12,2.52,1.2,1,1,1,1,0.51,0.21,0,999.2051696,-1392.853272,0,0,0,1;
custom,cuboid,ice1,6.12,2.52,1.2,1,1,1,1,0.51,0.21,0,915.2051696,-1392.853272,0,0,0,1;
custom,cuboid,ice1,2.52,10.92,1.2,1,1,1,1,0.21,0.91,-42,957.2051696,-1392.853272,0,0,0,1;
custom,cuboid,ice1,2.52,10.92,1.2,1,1,1,1,0.21,0.91,42,957.2051696,-1392.853272,0,0,0,1;

custom,cuboid,empty,4.236,0.636,1.044,1,0,0,0,0,0,12.7279215,969.9331055,-1392.853272,0,0,-0.3826835,0.9238795;
custom,cuboid,empty,4.236,0.636,1.044,1,0,0,0,0,0,-12.7279215,944.4772339,-1392.853272,0,0,-0.3826835,0.9238795;
custom,cuboid,empty,4.236,0.636,1.044,1,0,0,0,0,0,12.7279215,944.4772339,-1392.853272,0,0,-0.9238795,0.3826834;
custom,cuboid,empty,4.236,0.636,1.044,1,0,0,0,0,0,-12.7279215,969.9331055,-1392.853272,0,0,-0.9238795,0.3826834;
custom,cuboid,empty,1.236,1.236,1.044,1,0,0,0,0,0,24,957.2051696,-1392.853272,0,0,0,1;
custom,cuboid,empty,1.236,1.236,1.044,1,0,0,0,0,0,-24,957.2051696,-1392.853272,0,0,0,1;
custom,cuboid,empty,1.236,1.236,1.044,1,0,0,0,0,0,0,933.2051696,-1392.853272,0,0,-0.7071068,0.7071068;
custom,cuboid,empty,1.236,1.236,1.044,1,0,0,0,0,0,0,981.2051696,-1392.853272,0,0,-0.7071068,0.7071068;
custom,cuboid,empty,6.156,2.556,1.164,1,0,0,0,0,0,0,999.2051696,-1392.853272,0,0,0,1;
custom,cuboid,empty,6.156,2.556,1.164,1,0,0,0,0,0,0,915.2051696,-1392.853272,0,0,0,1;
custom,cuboid,empty,2.556,10.956,1.164,1,0,0,0,0,0,-42,957.2051696,-1392.853272,0,0,0,1;
custom,cuboid,empty,2.556,10.956,1.164,1,0,0,0,0,0,42,957.2051696,-1392.853272,0,0,0,1;

racing,checkpointcuboid,3.6,3.6,0.96,0,957.2051696,-1392.853272,0,0,-0.3826835,0.9238795;





custom,arc180,arena2tex,4.8,1.92,4.8,1,1,0,0,20,4,-0.921144,1087.0163161,-391.1829094,0.7071068,-1e-7,-0.7071068,0;
custom,arc180,arena2tex,4.8,1.92,4.8,1,1,0,0,20,4,-43.411224,1130.926308,-439.2170424,-0.4999999,-0.5,-0.5000001,0.5000001;
custom,arc180,arena2tex,4.8,1.92,4.8,1,1,0,0,20,4,-87.321132,1173.4163641,-391.1829094,0.7071068,-1e-7,-0.7071068,0;
custom,arc180,arena2tex,4.8,1.92,4.8,1,1,0,0,20,4,-129.811236,1217.326272,-439.2170424,-0.4999999,-0.5,-0.5000001,0.5000001;
custom,arc180,arena2tex,4.8,1.92,4.8,1,1,0,0,20,4,-87.321108,1259.816328,-391.1829094,0.7071068,-1e-7,-0.7071068,0;
custom,arc180,arena2tex,4.8,1.92,4.8,1,1,0,0,20,4,-43.411224,1303.726236,-439.2170424,-0.4999999,-0.5,-0.5000001,0.5000001;
custom,arc180,arena2tex,4.8,1.92,4.8,1,1,0,0,20,4,-0.921144,1346.216388,-391.1829094,0.7071068,-1e-7,-0.7071068,0;
custom,arc180,arena2tex,4.8,1.92,4.8,1,1,0,0,20,4,129.388752,1217.326272,-439.2170424,-0.4999999,-0.5,-0.5000001,0.5000001;
custom,arc180,arena2tex,4.8,1.92,4.8,1,1,0,0,20,4,85.478868,1259.816328,-391.1829094,0.7071068,-1e-7,-0.7071068,0;
custom,arc180,arena2tex,4.8,1.92,4.8,1,1,0,0,20,4,42.988776,1303.726236,-439.2170904,-0.4999999,-0.5,-0.5000001,0.5000001;
custom,arc180,arena2tex,4.8,1.92,4.8,1,1,0,0,20,4,42.988776,1130.926308,-439.2170424,-0.4999999,-0.5,-0.5000001,0.5000001;
custom,arc180,arena2tex,4.8,1.92,4.8,1,1,0,0,20,4,85.478844,1173.4163641,-391.1829094,0.7071068,-1e-7,-0.7071068,0;

custom,arc180,arena2tex,4.8,1.92,4.8,1,1,0.5,0,20,4,0.9211199,1087.0164125,-535.2170426,0.7071068,1e-7,0.7071068,-3e-7;
custom,arc180,arena2tex,4.8,1.92,4.8,1,1,0.5,0,20,4,43.411176,1130.926308,-487.1829095,0.5000001,-0.5000001,-0.4999999,-0.5;
custom,arc180,arena2tex,4.8,1.92,4.8,1,1,0.5,0,20,4,87.3211079,1173.4163645,-535.2170426,0.7071068,1e-7,0.7071068,-3e-7;
custom,arc180,arena2tex,4.8,1.92,4.8,1,1,0.5,0,20,4,129.811176,1217.326272,-487.1829095,0.5000001,-0.5000001,-0.4999999,-0.5;
custom,arc180,arena2tex,4.8,1.92,4.8,1,1,0.5,0,20,4,87.3211079,1259.816328,-535.2170426,0.7071068,1e-7,0.7071068,-3e-7;
custom,arc180,arena2tex,4.8,1.92,4.8,1,1,0.5,0,20,4,43.411176,1303.726236,-487.1829095,0.5000001,-0.5000001,-0.4999999,-0.5;
custom,arc180,arena2tex,4.8,1.92,4.8,1,1,0.5,0,20,4,0.9211199,1346.216388,-535.2170426,0.7071068,2e-7,0.7071068,-2e-7;
custom,arc180,arena2tex,4.8,1.92,4.8,1,1,0.5,0,20,4,-129.388788,1217.326272,-487.1829095,0.5000001,-0.5000001,-0.4999999,-0.5;
custom,arc180,arena2tex,4.8,1.92,4.8,1,1,0.5,0,20,4,-85.4788921,1259.816328,-535.2170426,0.7071068,1e-7,0.7071068,-3e-7;
custom,arc180,arena2tex,4.8,1.92,4.8,1,1,0.5,0,20,4,-42.9888,1303.726236,-487.1829095,0.5000001,-0.5000001,-0.4999999,-0.5;
custom,arc180,arena2tex,4.8,1.92,4.8,1,1,0.5,0,20,4,-42.9888,1130.926308,-487.1829095,0.5000001,-0.5000001,-0.4999999,-0.5;
custom,arc180,arena2tex,4.8,1.92,4.8,1,1,0.5,0,20,4,-85.4788921,1173.4163645,-535.2170426,0.7071068,1e-7,0.7071068,-3e-7;

custom,arc180,arena2tex,4.8,1.92,4.8,1,1,1,0,20,4,-0.921132,1087.0164121,-583.1829094,0.7071068,-1e-7,-0.7071068,0;
custom,arc180,arena2tex,4.8,1.92,4.8,1,1,1,0,20,4,-43.4112,1130.926308,-631.2170424,-0.4999999,-0.5,-0.5000001,0.5000001;
custom,arc180,arena2tex,4.8,1.92,4.8,1,1,1,0,20,4,-87.321132,1173.4163641,-583.1829094,0.7071068,-1e-7,-0.7071068,0;
custom,arc180,arena2tex,4.8,1.92,4.8,1,1,1,0,20,4,-129.811212,1217.326272,-631.2170424,-0.4999999,-0.5,-0.5000001,0.5000001;
custom,arc180,arena2tex,4.8,1.92,4.8,1,1,1,0,20,4,-87.321132,1259.816328,-583.1829094,0.7071068,-1e-7,-0.7071068,0;
custom,arc180,arena2tex,4.8,1.92,4.8,1,1,1,0,20,4,-43.4112,1303.726236,-631.2170424,-0.4999999,-0.5,-0.5000001,0.5000001;
custom,arc180,arena2tex,4.8,1.92,4.8,1,1,1,0,20,4,-0.921132,1346.216388,-583.1829094,0.7071068,-1e-7,-0.7071068,0;
custom,arc180,arena2tex,4.8,1.92,4.8,1,1,1,0,20,4,129.388764,1217.326272,-631.2170424,-0.4999999,-0.5,-0.5000001,0.5000001;
custom,arc180,arena2tex,4.8,1.92,4.8,1,1,1,0,20,4,85.478868,1259.816328,-583.1829094,0.7071068,-1e-7,-0.7071068,0;
custom,arc180,arena2tex,4.8,1.92,4.8,1,1,1,0,20,4,42.988776,1303.726236,-631.2170904,-0.4999999,-0.5,-0.5000001,0.5000001;
custom,arc180,arena2tex,4.8,1.92,4.8,1,1,1,0,20,4,42.988776,1130.926308,-631.2170424,-0.4999999,-0.5,-0.5000001,0.5000001;
custom,arc180,arena2tex,4.8,1.92,4.8,1,1,1,0,20,4,85.478868,1173.4163641,-583.1829094,0.7071068,-1e-7,-0.7071068,0;

custom,arc180,arena2tex,4.8,1.92,4.8,1,0.5,1,0,20,4,-42.9888,1130.926308,-679.1829095,0.5000001,-0.5000001,-0.4999999,-0.5;
custom,arc180,arena2tex,4.8,1.92,4.8,1,0.5,1,0,20,4,0.9211199,1087.0164125,-727.2170426,0.7071068,1e-7,0.7071068,-3e-7;
custom,arc180,arena2tex,4.8,1.92,4.8,1,0.5,1,0,20,4,43.411188,1130.926308,-679.1829095,0.5000001,-0.5000001,-0.4999999,-0.5;
custom,arc180,arena2tex,4.8,1.92,4.8,1,0.5,1,0,20,4,87.3211199,1173.4163645,-727.2170426,0.7071068,1e-7,0.7071068,-3e-7;
custom,arc180,arena2tex,4.8,1.92,4.8,1,0.5,1,0,20,4,129.811188,1217.326272,-679.1829095,0.5000001,-0.5000001,-0.4999999,-0.5;
custom,arc180,arena2tex,4.8,1.92,4.8,1,0.5,1,0,20,4,87.3211079,1259.816328,-727.2170426,0.7071068,1e-7,0.7071068,-3e-7;
custom,arc180,arena2tex,4.8,1.92,4.8,1,0.5,1,0,20,4,43.411188,1303.726236,-679.1829095,0.5000001,-0.5000001,-0.4999999,-0.5;
custom,arc180,arena2tex,4.8,1.92,4.8,1,0.5,1,0,20,4,0.9211199,1346.216388,-727.2170426,0.7071068,2e-7,0.7071068,-2e-7;
custom,arc180,arena2tex,4.8,1.92,4.8,1,0.5,1,0,20,4,-42.988788,1303.726236,-679.1829095,0.5000001,-0.5000001,-0.4999999,-0.5;
custom,arc180,arena2tex,4.8,1.92,4.8,1,0.5,1,0,20,4,-85.4788681,1259.816328,-727.2170426,0.7071068,1e-7,0.7071068,-3e-7;
custom,arc180,arena2tex,4.8,1.92,4.8,1,0.5,1,0,20,4,-129.388788,1217.326272,-679.1829095,0.5000001,-0.5000001,-0.4999999,-0.5;
custom,arc180,arena2tex,4.8,1.92,4.8,1,0.5,1,0,20,4,-85.4788681,1173.4163645,-727.2170426,0.7071068,1e-7,0.7071068,-3e-7;

custom,arc180,arena2tex,4.8,1.92,4.8,1,0,1,0.5,20,4,-0.92112,1087.0164121,-775.1829094,0.7071068,-1e-7,-0.7071068,0;
custom,arc180,arena2tex,4.8,1.92,4.8,1,0,1,0.5,20,4,-43.4112,1130.926308,-823.2170424,-0.4999999,-0.5,-0.5000001,0.5000001;
custom,arc180,arena2tex,4.8,1.92,4.8,1,0,1,0.5,20,4,-87.321108,1173.4163641,-775.1829094,0.7071068,-1e-7,-0.7071068,0;
custom,arc180,arena2tex,4.8,1.92,4.8,1,0,1,0.5,20,4,-129.811212,1217.326272,-823.2170424,-0.4999999,-0.5,-0.5000001,0.5000001;
custom,arc180,arena2tex,4.8,1.92,4.8,1,0,1,0.5,20,4,-87.321108,1259.816328,-775.1829094,0.7071068,-1e-7,-0.7071068,0;
custom,arc180,arena2tex,4.8,1.92,4.8,1,0,1,0.5,20,4,-43.4112,1303.726332,-823.2170424,-0.4999999,-0.5,-0.5000001,0.5000001;
custom,arc180,arena2tex,4.8,1.92,4.8,1,0,1,0.5,20,4,-0.92112,1346.216388,-775.1829094,0.7071068,-1e-7,-0.7071068,0;
custom,arc180,arena2tex,4.8,1.92,4.8,1,0,1,0.5,20,4,129.388776,1217.326272,-823.2170424,-0.4999999,-0.5,-0.5000001,0.5000001;
custom,arc180,arena2tex,4.8,1.92,4.8,1,0,1,0.5,20,4,85.47888,1259.816328,-775.1829094,0.7071068,-1e-7,-0.7071068,0;
custom,arc180,arena2tex,4.8,1.92,4.8,1,0,1,0.5,20,4,42.988788,1303.726332,-823.2170424,-0.4999999,-0.5,-0.5000001,0.5000001;
custom,arc180,arena2tex,4.8,1.92,4.8,1,0,1,0.5,20,4,42.988788,1130.926308,-823.2170424,-0.4999999,-0.5,-0.5000001,0.5000001;
custom,arc180,arena2tex,4.8,1.92,4.8,1,0,1,0.5,20,4,85.478868,1173.4163641,-775.1829094,0.7071068,-1e-7,-0.7071068,0;

custom,arc180,arena2tex,4.8,1.92,4.8,1,0,1,1,20,4,0.9211319,1087.0164125,-919.2170426,0.7071068,1e-7,0.7071068,-3e-7;
custom,arc180,arena2tex,4.8,1.92,4.8,1,0,1,1,20,4,43.4112,1130.926308,-871.1829095,0.5000001,-0.5000001,-0.4999999,-0.5;
custom,arc180,arena2tex,4.8,1.92,4.8,1,0,1,1,20,4,87.3211079,1173.4163645,-919.2170426,0.7071068,1e-7,0.7071068,-3e-7;
custom,arc180,arena2tex,4.8,1.92,4.8,1,0,1,1,20,4,129.811188,1217.326272,-871.1829095,0.5000001,-0.5000001,-0.4999999,-0.5;
custom,arc180,arena2tex,4.8,1.92,4.8,1,0,1,1,20,4,87.3211319,1259.816328,-919.2170426,0.7071068,1e-7,0.7071068,-3e-7;
custom,arc180,arena2tex,4.8,1.92,4.8,1,0,1,1,20,4,43.4112,1303.726332,-871.1829095,0.5000001,-0.5000001,-0.4999999,-0.5;
custom,arc180,arena2tex,4.8,1.92,4.8,1,0,1,1,20,4,0.9211319,1346.216388,-919.2170426,0.7071068,2e-7,0.7071068,-2e-7;
custom,arc180,arena2tex,4.8,1.92,4.8,1,0,1,1,20,4,-129.388788,1217.326272,-871.1829095,0.5000001,-0.5000001,-0.4999999,-0.5;
custom,arc180,arena2tex,4.8,1.92,4.8,1,0,1,1,20,4,-85.4788681,1259.816328,-919.2170426,0.7071068,1e-7,0.7071068,-3e-7;
custom,arc180,arena2tex,4.8,1.92,4.8,1,0,1,1,20,4,-42.988788,1303.726332,-871.1829095,0.5000001,-0.5000001,-0.4999999,-0.5;
custom,arc180,arena2tex,4.8,1.92,4.8,1,0,1,1,20,4,-42.988788,1130.926308,-871.1829095,0.5000001,-0.5000001,-0.4999999,-0.5;
custom,arc180,arena2tex,4.8,1.92,4.8,1,0,1,1,20,4,-85.4788681,1173.4163645,-919.2170426,0.7071068,1e-7,0.7071068,-3e-7;

custom,arc180,arena2tex,4.8,1.92,4.8,1,0,0.5,1,20,4,-0.92112,1087.0164121,-967.1829094,0.7071068,-1e-7,-0.7071068,0;
custom,arc180,arena2tex,4.8,1.92,4.8,1,0,0.5,1,20,4,-43.411176,1130.926308,-1015.2170424,-0.4999999,-0.5,-0.5000001,0.5000001;
custom,arc180,arena2tex,4.8,1.92,4.8,1,0,0.5,1,20,4,-87.321108,1173.4163641,-967.1829094,0.7071068,-1e-7,-0.7071068,0;
custom,arc180,arena2tex,4.8,1.92,4.8,1,0,0.5,1,20,4,-129.8112,1217.326272,-1015.2170424,-0.4999999,-0.5,-0.5000001,0.5000001;
custom,arc180,arena2tex,4.8,1.92,4.8,1,0,0.5,1,20,4,-87.321108,1259.816328,-967.1829094,0.7071068,-1e-7,-0.7071068,0;
custom,arc180,arena2tex,4.8,1.92,4.8,1,0,0.5,1,20,4,-43.411176,1303.726332,-1015.2170424,-0.4999999,-0.5,-0.5000001,0.5000001;
custom,arc180,arena2tex,4.8,1.92,4.8,1,0,0.5,1,20,4,-0.92112,1346.216388,-967.1829094,0.7071068,-1e-7,-0.7071068,0;
custom,arc180,arena2tex,4.8,1.92,4.8,1,0,0.5,1,20,4,129.388788,1217.326272,-1015.2170424,-0.4999999,-0.5,-0.5000001,0.5000001;
custom,arc180,arena2tex,4.8,1.92,4.8,1,0,0.5,1,20,4,85.478892,1259.816328,-967.1829094,0.7071068,-1e-7,-0.7071068,0;
custom,arc180,arena2tex,4.8,1.92,4.8,1,0,0.5,1,20,4,42.9888,1303.726332,-1015.2170424,-0.4999999,-0.5,-0.5000001,0.5000001;
custom,arc180,arena2tex,4.8,1.92,4.8,1,0,0.5,1,20,4,42.9888,1130.926308,-1015.2170424,-0.4999999,-0.5,-0.5000001,0.5000001;
custom,arc180,arena2tex,4.8,1.92,4.8,1,0,0.5,1,20,4,85.478892,1173.4163641,-967.1829094,0.7071068,-1e-7,-0.7071068,0;












































































































custom,arc180,empty,4.5,1.8,4.5,1,0,0,0,20,4,0.86355,979.721164,-244.302,-0.5,0.5,-0.5,0.5;
custom,arc180,empty,4.5,1.8,4.5,1,0,0,0,20,4,0.86355,934.689164,-244.6979999,0.5,0.5,0.5000001,0.5;
custom,arc180,empty,4.5,1.8,4.5,1,0,0,0,20,4,0.86355,979.721164,-1238.155272,-0.5,0.5,-0.5,0.5;
custom,arc180,empty,4.5,1.8,4.5,1,0,0,0,20,4,0.86355,934.689164,-1238.551272,0.5,0.5,0.5000001,0.5;



custom,tube,bombtex,5.9,14.2851833,5.9,1,1,1,1,10000,10000,-1.290966,956.5734864,-1193.997969,0.4999999,-0.4999997,-0.5000001,0.5000004;
custom,tube,bombtex,5.9,14.6666667,5.9,1,1,1,0.9,10000,10000,-1.290966,956.5734864,-1089.839976,0.4999999,-0.4999997,-0.5000001,0.5000004;
custom,tube,bombtex,5.9,2.1563833,5.9,1,1,1,0.8,10000,10000,-1.29099,957.1260732,-1030.5274573,0.4748639,-0.5239314,-0.4748639,0.5239317;
custom,tube,bombtex,5.9,2.1563833,5.9,1,1,1,0.7,10000,10000,-1.29099,958.7131123,-1022.1584684,0.421223,-0.5679535,-0.421223,0.5679535;
custom,tube,bombtex,5.9,2.1563833,5.9,1,1,1,0.6,10000,10000,-1.29099,961.9024222,-1014.2600695,0.3635253,-0.6065056,-0.3635257,0.6065059;
custom,tube,bombtex,5.9,2.1563833,5.9,1,1,1,0.5,10000,10000,-1.29099,966.5713792,-1007.13549,0.3023272,-0.639217,-0.3023271,0.6392169;
custom,tube,bombtex,5.9,2.1563833,5.9,1,1,1,0.4,10000,10000,-1.29099,972.5405863,-1001.0586766,0.2382169,-0.6657721,-0.2382173,0.6657723;
custom,tube,bombtex,5.9,2.1563833,5.9,1,1,1,0.3,10000,10000,-1.29099,979.5804325,-996.2632672,0.1718127,-0.6859156,-0.1718132,0.6859157;
custom,tube,bombtex,5.9,2.1563833,5.9,1,1,1,0.2,10000,10000,-1.29099,987.4206952,-992.9333623,0.1037541,-0.6994534,-0.1037541,0.6994535;
custom,tube,bombtex,5.9,2.1563833,5.9,1,1,1,0.1,10000,10000,-1.2910053,995.7599854,-991.1969641,0.0346961,-0.706255,-0.034696,0.7062551;
custom,tube,bombtex,5.9,12,5.9,1,1,1,0,10000,10000,-0.6316776,1045.765224,-989.908938,2e-7,3e-7,-1,0;
custom,tube,bombtex,5.9,2.1563833,5.9,1,0.9,1,0.1,10000,10000,0.0030448,1091.4503617,-992.49111,0.9987954,0.0490677,0,1e-7;
custom,tube,bombtex,5.9,2.1563833,5.9,1,0.8,1,0.2,10000,10000,-1.7333188,1099.7896608,-992.49111,0.9891765,0.1467305,0,1e-7;
custom,tube,bombtex,5.9,2.1563833,5.9,1,0.7,1,0.3,10000,10000,-5.0632504,1107.6300197,-992.49111,0.9700313,0.2429802,0,1e-7;
custom,tube,bombtex,5.9,2.1563833,5.9,1,0.6,1,0.4,10000,10000,-9.8587078,1114.66986,-992.49111,0.9415441,0.3368899,0,1e-7;
custom,tube,bombtex,5.9,2.1563833,5.9,1,0.5,1,0.5,10000,10000,-15.9354693,1120.6389853,-992.49111,0.9039891,0.4275555,0,0;
custom,tube,bombtex,5.9,2.1563833,5.9,1,0.4,1,0.6,10000,10000,-23.0600256,1125.3080263,-992.49111,0.8577285,0.514103,0,1e-7;
custom,tube,bombtex,5.9,2.1563833,5.9,1,0.3,1,0.7,10000,10000,-30.9584798,1128.4972398,-992.49111,0.8032075,0.5956994,0,0;
custom,tube,bombtex,5.9,2.1563833,5.9,1,0.2,1,0.8,10000,10000,-39.3274508,1130.0843722,-992.49111,0.7409511,0.671559,0,0;
custom,tube,bombtex,5.9,2.1563833,5.9,1,0.1,1,0.9,10000,10000,-47.0725012,1129.9260038,-992.49111,-0.6715589,0.7409512,2e-7,-1e-7;
custom,tube,bombtex,5.9,2.1563833,5.9,1,0,1,1,10000,10000,-55.4414962,1131.5131362,-992.49111,-0.5956993,0.8032075,2e-7,0;
custom,tube,bombtex,5.9,2.1563833,5.9,1,0,0.9,1,10000,10000,-63.3399624,1134.7024457,-992.49111,-0.5141027,0.8577287,2e-7,0;
custom,tube,bombtex,5.9,2.1563833,5.9,1,0,0.8,1,10000,10000,-70.4644947,1139.3713907,-992.49111,-0.4275551,0.9039893,3e-7,0;
custom,tube,bombtex,5.9,2.1563833,5.9,1,0,0.7,1,10000,10000,-76.5412802,1145.340516,-992.49111,0.3368899,-0.9415441,0,-1e-7;
custom,tube,bombtex,5.9,2.1563833,5.9,1,0,0.6,1,10000,10000,-81.3367376,1152.3804523,-992.49111,0.2429802,-0.9700313,0,-1e-7;
custom,tube,bombtex,5.9,2.1563833,5.9,1,0,0.5,1,10000,10000,-84.6666452,1160.2207152,-992.49111,0.1467305,-0.9891765,0,-2e-7;
custom,tube,bombtex,5.9,2.1563833,5.9,1,0,0.4,1,10000,10000,-86.4030088,1168.5600143,-992.49111,0.0490677,-0.9987954,-1e-7,-2e-7;
custom,tube,bombtex,5.9,12,5.9,1,0,0.3,1,10000,10000,-87.0316656,1218.565152,-989.908938,2e-7,3e-7,-1,0;
custom,tube,bombtex,5.9,2.1563833,5.9,1,0,0.2,1,10000,10000,-87.691026,1264.2503892,-991.202982,0.706255,0.0346963,-0.706255,-0.0346963;
custom,tube,bombtex,5.9,2.1563833,5.9,1,0,0.1,1,10000,10000,-87.691026,1272.5895852,-989.4666017,0.6994534,0.1037543,-0.6994534,-0.1037543;
custom,tube,bombtex,5.9,2.1563833,5.9,1,0,0,1,10000,10000,-87.691026,1280.4299436,-986.1366968,0.6859158,0.1718129,-0.6859155,-0.171813;
custom,tube,bombtex,5.9,2.1563833,5.9,1,0.1,0,1,10000,10000,-87.691026,1287.4697892,-981.3412874,0.6657723,0.2382171,-0.665772,-0.2382171;
custom,tube,bombtex,5.9,2.1563833,5.9,1,0.2,0,1,10000,10000,-87.691026,1293.4389972,-975.264474,0.6392173,0.3023272,-0.6392167,-0.302327;
custom,tube,bombtex,5.9,2.1563833,5.9,1,0.3,0,1,10000,10000,-87.691026,1298.1079536,-968.1398945,0.606506,0.3635258,-0.6065055,-0.3635253;
custom,tube,bombtex,5.9,2.1563833,5.9,1,0.4,0,1,10000,10000,-87.691026,1301.2971672,-960.2414956,0.5679538,0.4212233,-0.5679532,-0.4212227;
custom,tube,bombtex,5.9,2.1563833,5.9,1,0.5,0,1,10000,10000,-87.691026,1302.8843028,-951.8725067,0.5239316,0.474864,-0.5239314,-0.4748639;
custom,tube,bombtex,5.9,14.6666667,5.9,1,0.6,0,1,10000,10000,-87.691026,1303.4368896,-892.559976,-0.5000002,-0.5000001,0.4999998,0.4999999;
custom,tube,bombtex,5.9,2.1563833,5.9,1,0.7,0,1,10000,10000,-86.4031146,1301.514168,-837.7548166,-0.0346962,0.7062551,-0.706255,-0.0346961;
custom,tube,bombtex,5.9,2.1563833,5.9,1,0.8,0,1,10000,10000,-84.6667817,1301.514174,-829.4156032,-0.1037542,0.6994535,-0.6994534,-0.1037541;
custom,tube,bombtex,5.9,2.1563833,5.9,1,0.9,0,1,10000,10000,-81.3368528,1301.514174,-821.5752445,-0.1718129,0.6859158,-0.6859155,-0.1718131;
custom,tube,bombtex,5.9,2.1563833,5.9,1,1,0,1,10000,10000,-76.5413834,1301.514174,-814.5353983,-0.2382171,0.6657722,-0.6657722,-0.2382171;
custom,tube,bombtex,5.9,2.1563833,5.9,1,1,0,0.9,10000,10000,-70.4646061,1301.514174,-808.5661912,-0.3023271,0.639217,-0.639217,-0.3023272;
custom,tube,bombtex,5.9,2.1563833,5.9,1,1,0,0.8,10000,10000,-63.3400625,1301.514174,-803.8972342,-0.3635254,0.6065059,-0.6065056,-0.3635256;
custom,tube,bombtex,5.9,2.1563833,5.9,1,1,0,0.7,10000,10000,-55.4415916,1301.514174,-800.7080203,-0.421223,0.5679536,-0.5679533,-0.4212231;
custom,tube,bombtex,5.9,2.1563833,5.9,1,1,0,0.6,10000,10000,-47.0726267,1301.514174,-799.1207892,-0.4748638,0.5239317,-0.5239314,-0.474864;
custom,tube,bombtex,5.9,12,5.9,1,1,0,0.5,10000,10000,-2.16,1302.1735344,-797.908938,0,0,-0.7071068,0.7071068;
custom,tube,bombtex,5.9,2.1563833,5.9,1,1,0,0.4,10000,10000,47.0725252,1302.8843004,-800.49111,0.7409511,0.671559,0,0;
custom,tube,bombtex,5.9,2.1563833,5.9,1,1,0,0.3,10000,10000,55.4414842,1301.2972644,-800.49111,0.8032075,0.5956994,0,0;
custom,tube,bombtex,5.9,2.1563833,5.9,1,1,0,0.2,10000,10000,63.3399624,1298.1079548,-800.49111,0.8577285,0.514103,0,1e-7;
custom,tube,bombtex,5.9,2.1563833,5.9,1,1,0,0.1,10000,10000,70.4645067,1293.4389972,-800.49111,0.9039891,0.4275555,0,0;
custom,tube,bombtex,5.9,2.1563833,5.9,1,1,0,0,10000,10000,76.5412802,1287.469788,-800.49111,0.9415441,0.3368899,0,1e-7;
custom,tube,bombtex,5.9,2.1563833,5.9,1,1,0.1,0,10000,10000,81.3367376,1280.4299472,-800.49111,0.9700313,0.2429802,0,1e-7;
custom,tube,bombtex,5.9,2.1563833,5.9,1,1,0.2,0,10000,10000,84.6666692,1272.5896848,-800.49111,0.9891765,0.1467305,0,1e-7;
custom,tube,bombtex,5.9,2.1563833,5.9,1,1,0.3,0,10000,10000,86.4030328,1264.2503856,-800.49111,0.9987954,0.0490677,0,1e-7;
custom,tube,bombtex,5.9,12,5.9,1,1,0.4,0,10000,10000,87.0316656,1218.565152,-800.491014,1,0,0,1e-7;
custom,tube,bombtex,5.9,2.1563833,5.9,1,1,0.5,0,10000,10000,87.6910293,1168.5600094,-799.2029999,-0.034696,0.7062551,-0.0346961,0.706255;
custom,tube,bombtex,5.9,2.1563833,5.9,1,1,0.6,0,10000,10000,87.69105,1160.2207192,-797.4666017,-0.1037541,0.6994535,-0.1037541,0.6994533;
custom,tube,bombtex,5.9,2.1563833,5.9,1,1,0.7,0,10000,10000,87.69105,1152.3804565,-794.1366968,-0.1718132,0.6859158,-0.1718128,0.6859155;
custom,tube,bombtex,5.9,2.1563833,5.9,1,1,0.8,0,10000,10000,87.69105,1145.3405143,-789.3412874,-0.2382172,0.6657723,-0.2382169,0.6657721;
custom,tube,bombtex,5.9,2.1563833,5.9,1,1,0.9,0,10000,10000,87.69105,1139.3713912,-783.264474,-0.3023271,0.6392171,-0.3023271,0.6392168;
custom,tube,bombtex,5.9,2.1563833,5.9,1,1,1,0,10000,10000,87.69105,1134.7024462,-776.1398945,-0.3635257,0.6065059,-0.3635253,0.6065055;
custom,tube,bombtex,5.9,2.1563833,5.9,1,0.9,1,0,10000,10000,87.69105,1131.5131363,-768.2414956,-0.4212231,0.5679536,-0.4212229,0.5679533;
custom,tube,bombtex,5.9,2.1563833,5.9,1,0.8,1,0,10000,10000,87.691038,1129.9260012,-759.8725067,-0.474864,0.5239317,-0.4748638,0.5239314;
custom,tube,bombtex,5.9,14.6666667,5.9,1,0.7,1,0,10000,10000,87.691026,1129.3735104,-700.559976,-0.5000004,0.5000001,-0.4999996,0.4999999;
custom,tube,bombtex,5.9,2.1563833,5.9,1,0.6,1,0,10000,10000,86.403114,1131.29613,-645.7547987,0.7062551,0.0346963,0.0346964,-0.706255;
custom,tube,bombtex,5.9,2.1563833,5.9,1,0.5,1,0,10000,10000,84.6667817,1131.29613,-637.4155552,0.6994534,0.1037545,0.1037542,-0.6994534;
custom,tube,bombtex,5.9,2.1563833,5.9,1,0.4,1,0,10000,10000,81.3368528,1131.296226,-629.5752445,-0.6859158,-0.1718129,-0.1718131,0.6859155;
custom,tube,bombtex,5.9,2.1563833,5.9,1,0.3,1,0,10000,10000,76.5413714,1131.296226,-622.5353983,-0.6657721,-0.2382171,-0.2382172,0.6657723;
custom,tube,bombtex,5.9,2.1563833,5.9,1,0.2,1,0,10000,10000,70.4646061,1131.29613,-616.5661912,-0.6392169,-0.3023271,-0.3023273,0.639217;
custom,tube,bombtex,5.9,2.1563833,5.9,1,0.1,1,0,10000,10000,63.3400505,1131.296226,-611.8972342,-0.6065059,-0.3635254,-0.3635257,0.6065055;
custom,tube,bombtex,5.9,2.1563833,5.9,1,0,1,0,10000,10000,55.4415796,1131.29613,-608.7079723,-0.5679536,-0.4212229,-0.4212232,0.5679533;
custom,tube,bombtex,5.9,2.1563833,5.9,1,0.1,0.9,0.1,10000,10000,47.0726027,1131.296226,-607.1208372,-0.5239316,-0.4748638,-0.474864,0.5239315;
custom,tube,bombtex,5.9,12,5.9,1,0.2,0.8,0.2,10000,10000,2.159988,1130.6368656,-605.908938,0,0,0.7071067,0.7071068;
custom,tube,bombtex,5.9,2.1563833,5.9,1,0.3,0.7,0.3,10000,10000,-47.0725252,1129.9260038,-608.491062,-0.6715589,0.7409512,2e-7,-1e-7;
custom,tube,bombtex,5.9,2.1563833,5.9,1,0.4,0.6,0.4,10000,10000,-55.4415082,1131.5131362,-608.491062,-0.5956993,0.8032075,2e-7,0;
custom,tube,bombtex,5.9,2.1563833,5.9,1,0.5,0.5,0.5,10000,10000,-63.3399744,1134.7023497,-608.491062,-0.5141027,0.8577287,2e-7,0;
custom,tube,bombtex,5.9,2.1563833,5.9,1,0.6,0.4,0.6,10000,10000,-70.4644947,1139.3713907,-608.491062,-0.4275551,0.9039893,3e-7,0;
custom,tube,bombtex,5.9,2.1563833,5.9,1,0.7,0.3,0.7,10000,10000,-76.5413042,1145.340516,-608.491062,0.3368899,-0.9415441,0,-1e-7;
custom,tube,bombtex,5.9,2.1563833,5.9,1,0.8,0.2,0.8,10000,10000,-81.3367616,1152.3803563,-608.491062,0.2429802,-0.9700313,0,-1e-7;
custom,tube,bombtex,5.9,2.1563833,5.9,1,0.9,0.1,0.9,10000,10000,-84.6666692,1160.2207152,-608.491062,0.1467305,-0.9891765,0,-2e-7;
custom,tube,bombtex,5.9,2.1563833,5.9,1,1,0,1,10000,10000,-86.4030328,1168.5600143,-608.491062,0.0490677,-0.9987954,-1e-7,-2e-7;
custom,tube,bombtex,5.9,12,5.9,1,0.9,0.1,1,10000,10000,-87.0316656,1214.245152,-608.491014,0,-1,-1e-7,-2e-7;
custom,tube,bombtex,5.9,2.1563833,5.9,1,0.8,0.2,1,10000,10000,-87.6910413,1264.2503904,-607.2029999,0.7062551,0.0346962,-0.706255,-0.0346964;
custom,tube,bombtex,5.9,2.1563833,5.9,1,0.7,0.3,1,10000,10000,-87.691062,1272.5895852,-605.4666497,0.6994535,0.1037543,-0.6994534,-0.1037543;
custom,tube,bombtex,5.9,2.1563833,5.9,1,0.6,0.4,1,10000,10000,-87.691062,1280.4299436,-602.1366968,-0.6859158,-0.1718132,0.6859155,0.1718127;
custom,tube,bombtex,5.9,2.1563833,5.9,1,0.5,0.5,1,10000,10000,-87.691038,1287.4697892,-597.3412394,-0.6657724,-0.2382174,0.665772,0.2382168;
custom,tube,bombtex,5.9,2.1563833,5.9,1,0.4,0.6,1,10000,10000,-87.69105,1293.4389972,-591.264474,-0.6392172,-0.3023274,0.6392167,0.3023269;
custom,tube,bombtex,5.9,2.1563833,5.9,1,0.3,0.7,1,10000,10000,-87.69105,1298.1079536,-584.1398945,-0.606506,-0.3635258,0.6065055,0.3635252;
custom,tube,bombtex,5.9,2.1563833,5.9,1,0.2,0.8,1,10000,10000,-87.691062,1301.2971672,-576.2414476,-0.5679538,-0.4212233,0.5679532,0.4212227;
custom,tube,bombtex,5.9,2.1563833,5.9,1,0.1,0.9,1,10000,10000,-87.69105,1302.8843028,-567.8725067,-0.5239318,-0.4748642,0.5239313,0.4748637;
custom,tube,bombtex,5.9,14.6666667,5.9,1,0,1,1,10000,10000,-87.69105,1303.4367936,-508.559976,-0.5000004,-0.5000002,0.4999996,0.4999998;
custom,tube,bombtex,5.9,2.1563833,5.9,1,0.1,0.9,0.9,10000,10000,-86.4031266,1301.514168,-453.7548166,-0.0346962,0.7062551,-0.706255,-0.0346966;
custom,tube,bombtex,5.9,2.1563833,5.9,1,0.2,0.8,0.8,10000,10000,-84.6668177,1301.514174,-445.4155552,-0.1037544,0.6994535,-0.6994533,-0.1037543;
custom,tube,bombtex,5.9,2.1563833,5.9,1,0.3,0.7,0.7,10000,10000,-81.3368888,1301.514174,-437.5752445,-0.1718128,0.685916,-0.6859154,-0.1718131;
custom,tube,bombtex,5.9,2.1563833,5.9,1,0.4,0.6,0.6,10000,10000,-76.5414074,1301.514174,-430.5353983,-0.238217,0.6657722,-0.6657722,-0.2382171;
custom,tube,bombtex,5.9,2.1563833,5.9,1,0.5,0.5,0.5,10000,10000,-70.4646421,1301.514174,-424.5661912,-0.302327,0.6392171,-0.6392168,-0.3023273;
custom,tube,bombtex,5.9,2.1563833,5.9,1,0.6,0.4,0.4,10000,10000,-63.3400865,1301.514174,-419.8972342,-0.3635253,0.606506,-0.6065055,-0.3635257;
custom,tube,bombtex,5.9,2.1563833,5.9,1,0.7,0.3,0.3,10000,10000,-55.4416156,1301.514174,-416.7079723,-0.4212228,0.5679538,-0.5679532,-0.4212233;
custom,tube,bombtex,5.9,2.1563833,5.9,1,0.8,0.2,0.2,10000,10000,-47.0726027,1301.514174,-415.1208852,-0.4748637,0.5239317,-0.5239314,-0.474864;
custom,tube,bombtex,5.9,12,5.9,1,0.9,0.1,0.1,10000,10000,-2.16,1302.1734384,-413.908938,0,0,-0.7071067,0.7071068;
custom,tube,bombtex,5.9,2.1563833,5.9,1,1,0,0,10000,10000,47.0725012,1302.8843004,-416.491062,0.7409512,0.6715589,0,0;
custom,tube,bombtex,5.9,2.1563833,5.9,1,0.9,0,0.1,10000,10000,55.4415082,1301.2971684,-416.491062,0.8032075,0.5956994,0,0;
custom,tube,bombtex,5.9,2.1563833,5.9,1,0.8,0,0.2,10000,10000,63.3399624,1298.1079548,-416.491062,0.8577285,0.514103,0,1e-7;
custom,tube,bombtex,5.9,2.1563833,5.9,1,0.7,0,0.3,10000,10000,70.4644947,1293.4389972,-416.491062,0.9039893,0.4275551,0,0;
custom,tube,bombtex,5.9,2.1563833,5.9,1,0.6,0,0.4,10000,10000,76.5412802,1287.469788,-416.491014,0.9415441,0.3368898,0,1e-7;
custom,tube,bombtex,5.9,2.1563833,5.9,1,0.5,0,0.5,10000,10000,81.3367376,1280.4299472,-416.49111,0.9700313,0.2429801,0,1e-7;
custom,tube,bombtex,5.9,2.1563833,5.9,1,0.4,0,0.6,10000,10000,84.6666452,1272.5895888,-416.491062,0.9891765,0.1467304,0,1e-7;
custom,tube,bombtex,5.9,2.1563833,5.9,1,0.3,0,0.7,10000,10000,86.4030088,1264.2502896,-416.49111,0.9987954,0.0490677,0,1e-7;
custom,tube,bombtex,5.9,12,5.9,1,0.2,0,0.8,10000,10000,87.0316656,1218.565152,-416.491014,1,0,0,1e-7;
custom,tube,bombtex,5.9,2.1563833,5.9,1,0.1,0,0.9,10000,10000,86.4030328,1168.5600143,-413.908902,-2e-7,-1e-7,0.0490676,-0.9987954;
custom,tube,bombtex,5.9,2.1563833,5.9,1,0,0,1,10000,10000,84.6666692,1160.2207152,-413.908938,-2e-7,-1e-7,0.1467305,-0.9891765;
custom,tube,bombtex,5.9,2.1563833,5.9,1,0.1,0.1,0.9,10000,10000,81.3367616,1152.3803563,-413.908902,-3e-7,0,0.2429802,-0.9700313;
custom,tube,bombtex,5.9,2.1563833,5.9,1,0.2,0.2,0.8,10000,10000,76.5413042,1145.340516,-413.908902,0,1e-7,0.33689,-0.9415441;
custom,tube,bombtex,5.9,2.1563833,5.9,1,0.3,0.3,0.7,10000,10000,70.4644947,1139.3713067,-413.908854,-1e-7,0,-0.4275551,0.9039893;
custom,tube,bombtex,5.9,2.1563833,5.9,1,0.4,0.4,0.6,10000,10000,63.3399744,1134.7023497,-413.908902,-2e-7,0,-0.5141026,0.8577287;
custom,tube,bombtex,5.9,2.1563833,5.9,1,0.5,0.5,0.5,10000,10000,55.4415082,1131.5131362,-413.908902,-2e-7,0,-0.5956993,0.8032076;
custom,tube,bombtex,5.9,2.1563833,5.9,1,0.6,0.6,0.4,10000,10000,47.0725252,1129.9260038,-413.908902,-1e-7,-1e-7,-0.6715589,0.7409512;
custom,tube,bombtex,5.9,2.1563833,5.9,1,0.7,0.7,0.3,10000,10000,39.3274748,1130.0843722,-413.908902,-1e-7,1e-7,-0.7409511,-0.671559;
custom,tube,bombtex,5.9,2.1563833,5.9,1,0.8,0.8,0.2,10000,10000,30.9585038,1128.4972398,-413.908902,-1e-7,1e-7,-0.8032075,-0.5956994;
custom,tube,bombtex,5.9,2.1563833,5.9,1,0.9,0.9,0.1,10000,10000,23.0600496,1125.3079303,-413.908902,-1e-7,1e-7,-0.8577285,-0.514103;
custom,tube,bombtex,5.9,2.1563833,5.9,1,1,1,0,10000,10000,15.9354933,1120.6389853,-413.908902,-1e-7,1e-7,-0.9039891,-0.4275555;
custom,tube,bombtex,5.9,2.1563833,5.9,1,1,0.9,0.1,10000,10000,9.8587078,1114.66986,-413.908902,1e-7,-1e-7,0.9415441,0.33689;
custom,tube,bombtex,5.9,2.1563833,5.9,1,1,0.8,0.2,10000,10000,5.0632624,1107.6299237,-413.908902,0,-1e-7,0.9700313,0.2429802;
custom,tube,bombtex,5.9,2.1563833,5.9,1,1,0.7,0.3,10000,10000,1.7333428,1099.7896608,-413.908902,0,-1e-7,0.9891765,0.1467305;
custom,tube,bombtex,5.9,2.1563833,5.9,1,1,0.6,0.4,10000,10000,-0.0030208,1091.4503617,-413.908902,1e-7,-1e-7,0.9987954,0.0490678;
custom,tube,bombtex,5.9,12,5.9,1,1,0.5,0.5,10000,10000,0.6316776,1045.765224,-416.491014,1,3e-7,-1e-7,0;
custom,tube,bombtex,5.9,2.1563833,5.9,1,1,0.4,0.6,10000,10000,1.2910293,995.7599854,-415.2029999,-0.034696,0.7062551,-0.0346961,0.706255;
custom,tube,bombtex,5.9,2.1563833,5.9,1,1,0.3,0.7,10000,10000,1.291038,987.4206952,-413.4666497,-0.1037541,0.6994535,-0.1037541,0.6994533;
custom,tube,bombtex,5.9,2.1563833,5.9,1,1,0.2,0.8,10000,10000,1.291038,979.5804325,-410.1366968,-0.1718132,0.6859158,-0.1718128,0.6859155;
custom,tube,bombtex,5.9,2.1563833,5.9,1,1,0.1,0.9,10000,10000,1.291038,972.5405863,-405.3412394,-0.2382172,0.6657723,-0.2382169,0.6657721;
custom,tube,bombtex,5.9,2.1563833,5.9,1,1,0.2,1,10000,10000,1.291038,966.5713792,-399.264474,-0.3023271,0.6392171,-0.3023271,0.6392168;
custom,tube,bombtex,5.9,2.1563833,5.9,1,1,0.4,1,10000,10000,1.291038,961.9024222,-392.1398945,-0.3635257,0.6065059,-0.3635253,0.6065055;
custom,tube,bombtex,5.9,2.1563833,5.9,1,1,0.6,1,10000,10000,1.291038,958.7131123,-384.2414476,-0.4212231,0.5679536,-0.4212229,0.5679533;
custom,tube,bombtex,5.9,2.1563833,5.9,1,1,0.8,1,10000,10000,1.291038,957.1260732,-375.8725067,-0.474864,0.5239317,-0.4748638,0.5239314;
custom,tube,bombtex,5.9,18.3333333,5.9,1,1,1,1,10000,10000,1.291038,956.5734864,-302.7,-0.5000004,0.5000001,-0.4999996,0.4999999;


custom,tube,metal4,6,14.2851833,6,1,1,1,1,0.1,0.2,-1.312848,956.56278,-1193.997969,0.4999999,-0.4999997,-0.5000001,0.5000004;
custom,tube,metal4,6,14.6666667,6,1,1,1,0.9,0.1,0.2,-1.312848,956.56278,-1089.839976,0.4999999,-0.4999997,-0.5000001,0.5000004;
custom,tube,metal4,6,2.1563833,6,1,1,1,0.8,0.1,0.2,-1.312872,957.1154183,-1030.5264078,0.4748639,-0.5239314,-0.4748639,0.5239317;
custom,tube,metal4,6,2.1563833,6,1,1,1,0.7,0.1,0.2,-1.312872,958.702867,-1022.1553604,0.421223,-0.5679535,-0.421223,0.5679535;
custom,tube,metal4,6,2.1563833,6,1,1,1,0.6,0.1,0.2,-1.312872,961.89298,-1014.2550226,0.3635253,-0.6065056,-0.3635257,0.6065059;
custom,tube,metal4,6,2.1563833,6,1,1,1,0.5,0.1,0.2,-1.312872,966.5631029,-1007.1286979,0.3023272,-0.639217,-0.3023271,0.6392169;
custom,tube,metal4,6,2.1563833,6,1,1,1,0.4,0.1,0.2,-1.312872,972.5337942,-1001.0504005,0.2382169,-0.6657721,-0.2382173,0.6657723;
custom,tube,metal4,6,2.1563833,6,1,1,1,0.3,0.1,0.2,-1.312872,979.5753857,-996.253825,0.1718127,-0.6859156,-0.1718132,0.6859157;
custom,tube,metal4,6,2.1563833,6,1,1,1,0.2,0.1,0.2,-1.312872,987.4175874,-992.923117,0.1037541,-0.6994534,-0.1037541,0.6994535;
custom,tube,metal4,6,2.1563833,6,1,1,1,0.1,0.1,0.2,-1.3128872,995.7589358,-991.186309,0.0346961,-0.706255,-0.034696,0.7062551;
custom,tube,metal4,6,12,6,1,1,1,0,0.1,0.2,-0.642384,1045.765224,-989.887056,2e-7,3e-7,-1,0;
custom,tube,metal4,6,2.1563833,6,1,0.9,1,0.1,0.1,0.2,0.0136996,1091.4514111,-992.512992,0.9987954,0.0490677,0,1e-7;
custom,tube,metal4,6,2.1563833,6,1,0.8,1,0.2,0.1,0.2,-1.7230735,1099.7927687,-992.512992,0.9891765,0.1467305,0,1e-7;
custom,tube,metal4,6,2.1563833,6,1,0.7,1,0.3,0.1,0.2,-5.0538082,1107.6350666,-992.512992,0.9700313,0.2429802,0,1e-7;
custom,tube,metal4,6,2.1563833,6,1,0.6,1,0.4,0.1,0.2,-9.8504317,1114.6766521,-992.512992,0.9415441,0.3368899,0,1e-7;
custom,tube,metal4,6,2.1563833,6,1,0.5,1,0.5,0.1,0.2,-15.9286773,1120.6472616,-992.512992,0.9039891,0.4275555,0,0;
custom,tube,metal4,6,2.1563833,6,1,0.4,1,0.6,0.1,0.2,-23.0549785,1125.3174685,-992.512992,0.8577285,0.514103,0,1e-7;
custom,tube,metal4,6,2.1563833,6,1,0.3,1,0.7,0.1,0.2,-30.9553719,1128.5074852,-992.512992,0.8032075,0.5956994,0,0;
custom,tube,metal4,6,2.1563833,6,1,0.2,1,0.8,0.1,0.2,-39.3264014,1130.095027,-992.512992,0.7409511,0.671559,0,0;
custom,tube,metal4,6,2.1563833,6,1,0.1,1,0.9,0.1,0.2,-47.0735506,1129.915349,-992.512992,-0.6715589,0.7409512,2e-7,-1e-7;
custom,tube,metal4,6,2.1563833,6,1,0,1,1,0.1,0.2,-55.4446041,1131.5028908,-992.512992,-0.5956993,0.8032075,2e-7,0;
custom,tube,metal4,6,2.1563833,6,1,0,0.9,1,0.1,0.2,-63.3450095,1134.6930035,-992.512992,-0.5141027,0.8577287,2e-7,0;
custom,tube,metal4,6,2.1563833,6,1,0,0.8,1,0.1,0.2,-70.4712867,1139.3631144,-992.512992,-0.4275551,0.9039893,3e-7,0;
custom,tube,metal4,6,2.1563833,6,1,0,0.7,1,0.1,0.2,-76.5495563,1145.3337239,-992.512992,0.3368899,-0.9415441,0,-1e-7;
custom,tube,metal4,6,2.1563833,6,1,0,0.6,1,0.1,0.2,-81.3461798,1152.3754054,-992.512992,0.2429802,-0.9700313,0,-1e-7;
custom,tube,metal4,6,2.1563833,6,1,0,0.5,1,0.1,0.2,-84.6768906,1160.2176073,-992.512992,0.1467305,-0.9891765,0,-2e-7;
custom,tube,metal4,6,2.1563833,6,1,0,0.4,1,0.1,0.2,-86.4136636,1168.5589649,-992.512992,0.0490677,-0.9987954,-1e-7,-2e-7;
custom,tube,metal4,6,12,6,1,0,0.3,1,0.1,0.2,-87.042372,1218.565152,-989.887056,2e-7,3e-7,-1,0;
custom,tube,metal4,6,2.1563833,6,1,0,0.2,1,0.1,0.2,-87.712908,1264.2514392,-991.2136368,0.706255,0.0346963,-0.706255,-0.0346963;
custom,tube,metal4,6,2.1563833,6,1,0,0.1,1,0.1,0.2,-87.712908,1272.5926932,-989.476847,0.6994534,0.1037543,-0.6994534,-0.1037543;
custom,tube,metal4,6,2.1563833,6,1,0,0,1,0.1,0.2,-87.712908,1280.4349908,-986.146139,0.6859158,0.1718129,-0.6859155,-0.171813;
custom,tube,metal4,6,2.1563833,6,1,0.1,0,1,0.1,0.2,-87.712908,1287.4765812,-981.3495635,0.6657723,0.2382171,-0.665772,-0.2382171;
custom,tube,metal4,6,2.1563833,6,1,0.2,0,1,0.1,0.2,-87.712908,1293.4472736,-975.2712661,0.6392173,0.3023272,-0.6392167,-0.302327;
custom,tube,metal4,6,2.1563833,6,1,0.3,0,1,0.1,0.2,-87.712908,1298.1173964,-968.1449414,0.606506,0.3635258,-0.6065055,-0.3635253;
custom,tube,metal4,6,2.1563833,6,1,0.4,0,1,0.1,0.2,-87.712908,1301.3074128,-960.2446036,0.5679538,0.4212233,-0.5679532,-0.4212227;
custom,tube,metal4,6,2.1563833,6,1,0.5,0,1,0.1,0.2,-87.712908,1302.8949576,-951.8735562,0.5239316,0.474864,-0.5239314,-0.4748639;
custom,tube,metal4,6,14.6666667,6,1,0.6,0,1,0.1,0.2,-87.712908,1303.447596,-892.559976,-0.5000002,-0.5000001,0.4999998,0.4999999;
custom,tube,metal4,6,2.1563833,6,1,0.7,0,1,0.1,0.2,-86.4137694,1301.492286,-837.7537673,-0.0346962,0.7062551,-0.706255,-0.0346961;
custom,tube,metal4,6,2.1563833,6,1,0.8,0,1,0.1,0.2,-84.6770271,1301.492292,-829.4124954,-0.1037542,0.6994535,-0.6994534,-0.1037541;
custom,tube,metal4,6,2.1563833,6,1,0.9,0,1,0.1,0.2,-81.346295,1301.492292,-821.5701977,-0.1718129,0.6859158,-0.6859155,-0.1718131;
custom,tube,metal4,6,2.1563833,6,1,1,0,1,0.1,0.2,-76.5496595,1301.492292,-814.5286062,-0.2382171,0.6657722,-0.6657722,-0.2382171;
custom,tube,metal4,6,2.1563833,6,1,1,0,0.9,0.1,0.2,-70.4713981,1301.492292,-808.5579149,-0.3023271,0.639217,-0.639217,-0.3023272;
custom,tube,metal4,6,2.1563833,6,1,1,0,0.8,0.1,0.2,-63.3451094,1301.492292,-803.887792,-0.3635254,0.6065059,-0.6065056,-0.3635256;
custom,tube,metal4,6,2.1563833,6,1,1,0,0.7,0.1,0.2,-55.4446995,1301.492292,-800.697775,-0.421223,0.5679536,-0.5679533,-0.4212231;
custom,tube,metal4,6,2.1563833,6,1,1,0,0.6,0.1,0.2,-47.0736762,1301.492292,-799.1101343,-0.4748638,0.5239317,-0.5239314,-0.474864;
custom,tube,metal4,6,12,6,1,1,0,0.5,0.1,0.2,-2.16,1302.162828,-797.887056,0,0,-0.7071068,0.7071068;
custom,tube,metal4,6,2.1563833,6,1,1,0,0.4,0.1,0.2,47.0735746,1302.8949552,-800.512992,0.7409511,0.671559,0,0;
custom,tube,metal4,6,2.1563833,6,1,1,0,0.3,0.1,0.2,55.4445921,1301.3075088,-800.512992,0.8032075,0.5956994,0,0;
custom,tube,metal4,6,2.1563833,6,1,1,0,0.2,0.1,0.2,63.3450095,1298.1173964,-800.512992,0.8577285,0.514103,0,1e-7;
custom,tube,metal4,6,2.1563833,6,1,1,0,0.1,0.1,0.2,70.4712987,1293.4472736,-800.512992,0.9039891,0.4275555,0,0;
custom,tube,metal4,6,2.1563833,6,1,1,0,0,0.1,0.2,76.5495563,1287.47658,-800.512992,0.9415441,0.3368899,0,1e-7;
custom,tube,metal4,6,2.1563833,6,1,1,0.1,0,0.1,0.2,81.3461798,1280.4349944,-800.512992,0.9700313,0.2429802,0,1e-7;
custom,tube,metal4,6,2.1563833,6,1,1,0.2,0,0.1,0.2,84.6769146,1272.5927928,-800.512992,0.9891765,0.1467305,0,1e-7;
custom,tube,metal4,6,2.1563833,6,1,1,0.3,0,0.1,0.2,86.4136876,1264.2514356,-800.512992,0.9987954,0.0490677,0,1e-7;
custom,tube,metal4,6,12,6,1,1,0.4,0,0.1,0.2,87.042372,1218.565152,-800.512896,1,0,0,1e-7;
custom,tube,metal4,6,2.1563833,6,1,1,0.5,0,0.1,0.2,87.7129112,1168.5589598,-799.213655,-0.034696,0.7062551,-0.0346961,0.706255;
custom,tube,metal4,6,2.1563833,6,1,1,0.6,0,0.1,0.2,87.712932,1160.2176114,-797.476847,-0.1037541,0.6994535,-0.1037541,0.6994533;
custom,tube,metal4,6,2.1563833,6,1,1,0.7,0,0.1,0.2,87.712932,1152.3754097,-794.146139,-0.1718132,0.6859158,-0.1718128,0.6859155;
custom,tube,metal4,6,2.1563833,6,1,1,0.8,0,0.1,0.2,87.712932,1145.3337222,-789.3495635,-0.2382172,0.6657723,-0.2382169,0.6657721;
custom,tube,metal4,6,2.1563833,6,1,1,0.9,0,0.1,0.2,87.712932,1139.3631149,-783.2712661,-0.3023271,0.6392171,-0.3023271,0.6392168;
custom,tube,metal4,6,2.1563833,6,1,1,1,0,0.1,0.2,87.712932,1134.693004,-776.1449414,-0.3635257,0.6065059,-0.3635253,0.6065055;
custom,tube,metal4,6,2.1563833,6,1,0.9,1,0,0.1,0.2,87.712932,1131.502891,-768.2446036,-0.4212231,0.5679536,-0.4212229,0.5679533;
custom,tube,metal4,6,2.1563833,6,1,0.8,1,0,0.1,0.2,87.71292,1129.9153463,-759.8735562,-0.474864,0.5239317,-0.4748638,0.5239314;
custom,tube,metal4,6,14.6666667,6,1,0.7,1,0,0.1,0.2,87.712908,1129.362804,-700.559976,-0.5000004,0.5000001,-0.4999996,0.4999999;
custom,tube,metal4,6,2.1563833,6,1,0.6,1,0,0.1,0.2,86.4137688,1131.318012,-645.7537492,0.7062551,0.0346963,0.0346964,-0.706255;
custom,tube,metal4,6,2.1563833,6,1,0.5,1,0,0.1,0.2,84.6770271,1131.318012,-637.4124474,0.6994534,0.1037545,0.1037542,-0.6994534;
custom,tube,metal4,6,2.1563833,6,1,0.4,1,0,0.1,0.2,81.346295,1131.318108,-629.5701977,-0.6859158,-0.1718129,-0.1718131,0.6859155;
custom,tube,metal4,6,2.1563833,6,1,0.3,1,0,0.1,0.2,76.5496475,1131.318108,-622.5286062,-0.6657721,-0.2382171,-0.2382172,0.6657723;
custom,tube,metal4,6,2.1563833,6,1,0.2,1,0,0.1,0.2,70.4713981,1131.318012,-616.5579149,-0.6392169,-0.3023271,-0.3023273,0.639217;
custom,tube,metal4,6,2.1563833,6,1,0.1,1,0,0.1,0.2,63.3450974,1131.318108,-611.887792,-0.6065059,-0.3635254,-0.3635257,0.6065055;
custom,tube,metal4,6,2.1563833,6,1,0,1,0,0.1,0.2,55.4446875,1131.318012,-608.697727,-0.5679536,-0.4212229,-0.4212232,0.5679533;
custom,tube,metal4,6,2.1563833,6,1,0.1,0.9,0.1,0.1,0.2,47.0736522,1131.318108,-607.1101823,-0.5239316,-0.4748638,-0.474864,0.5239315;
custom,tube,metal4,6,12,6,1,0.2,0.8,0.2,0.1,0.2,2.159988,1130.647572,-605.887056,0,0,0.7071067,0.7071068;
custom,tube,metal4,6,2.1563833,6,1,0.3,0.7,0.3,0.1,0.2,-47.0735746,1129.915349,-608.512944,-0.6715589,0.7409512,2e-7,-1e-7;
custom,tube,metal4,6,2.1563833,6,1,0.4,0.6,0.4,0.1,0.2,-55.4446161,1131.5028908,-608.512944,-0.5956993,0.8032075,2e-7,0;
custom,tube,metal4,6,2.1563833,6,1,0.5,0.5,0.5,0.1,0.2,-63.3450215,1134.6929075,-608.512944,-0.5141027,0.8577287,2e-7,0;
custom,tube,metal4,6,2.1563833,6,1,0.6,0.4,0.6,0.1,0.2,-70.4712867,1139.3631144,-608.512944,-0.4275551,0.9039893,3e-7,0;
custom,tube,metal4,6,2.1563833,6,1,0.7,0.3,0.7,0.1,0.2,-76.5495803,1145.3337239,-608.512944,0.3368899,-0.9415441,0,-1e-7;
custom,tube,metal4,6,2.1563833,6,1,0.8,0.2,0.8,0.1,0.2,-81.3462038,1152.3753094,-608.512944,0.2429802,-0.9700313,0,-1e-7;
custom,tube,metal4,6,2.1563833,6,1,0.9,0.1,0.9,0.1,0.2,-84.6769146,1160.2176073,-608.512944,0.1467305,-0.9891765,0,-2e-7;
custom,tube,metal4,6,2.1563833,6,1,1,0,1,0.1,0.2,-86.4136876,1168.5589649,-608.512944,0.0490677,-0.9987954,-1e-7,-2e-7;
custom,tube,metal4,6,12,6,1,0.9,0.1,1,0.1,0.2,-87.042372,1214.245152,-608.512896,0,-1,-1e-7,-2e-7;
custom,tube,metal4,6,2.1563833,6,1,0.8,0.2,1,0.1,0.2,-87.7129232,1264.2514404,-607.213655,0.7062551,0.0346962,-0.706255,-0.0346964;
custom,tube,metal4,6,2.1563833,6,1,0.7,0.3,1,0.1,0.2,-87.712944,1272.5926932,-605.476895,0.6994535,0.1037543,-0.6994534,-0.1037543;
custom,tube,metal4,6,2.1563833,6,1,0.6,0.4,1,0.1,0.2,-87.712944,1280.4349908,-602.146139,-0.6859158,-0.1718132,0.6859155,0.1718127;
custom,tube,metal4,6,2.1563833,6,1,0.5,0.5,1,0.1,0.2,-87.71292,1287.4765812,-597.3495155,-0.6657724,-0.2382174,0.665772,0.2382168;
custom,tube,metal4,6,2.1563833,6,1,0.4,0.6,1,0.1,0.2,-87.712932,1293.4472736,-591.2712661,-0.6392172,-0.3023274,0.6392167,0.3023269;
custom,tube,metal4,6,2.1563833,6,1,0.3,0.7,1,0.1,0.2,-87.712932,1298.1173964,-584.1449414,-0.606506,-0.3635258,0.6065055,0.3635252;
custom,tube,metal4,6,2.1563833,6,1,0.2,0.8,1,0.1,0.2,-87.712944,1301.3074128,-576.2445556,-0.5679538,-0.4212233,0.5679532,0.4212227;
custom,tube,metal4,6,2.1563833,6,1,0.1,0.9,1,0.1,0.2,-87.712932,1302.8949576,-567.8735562,-0.5239318,-0.4748642,0.5239313,0.4748637;
custom,tube,metal4,6,14.6666667,6,1,0,1,1,0.1,0.2,-87.712932,1303.4475,-508.559976,-0.5000004,-0.5000002,0.4999996,0.4999998;
custom,tube,metal4,6,2.1563833,6,1,0.1,0.9,0.9,0.1,0.2,-86.4137814,1301.492286,-453.7537673,-0.0346962,0.7062551,-0.706255,-0.0346966;
custom,tube,metal4,6,2.1563833,6,1,0.2,0.8,0.8,0.1,0.2,-84.6770631,1301.492292,-445.4124474,-0.1037544,0.6994535,-0.6994533,-0.1037543;
custom,tube,metal4,6,2.1563833,6,1,0.3,0.7,0.7,0.1,0.2,-81.346331,1301.492292,-437.5701977,-0.1718128,0.685916,-0.6859154,-0.1718131;
custom,tube,metal4,6,2.1563833,6,1,0.4,0.6,0.6,0.1,0.2,-76.5496835,1301.492292,-430.5286062,-0.238217,0.6657722,-0.6657722,-0.2382171;
custom,tube,metal4,6,2.1563833,6,1,0.5,0.5,0.5,0.1,0.2,-70.4714341,1301.492292,-424.5579149,-0.302327,0.6392171,-0.6392168,-0.3023273;
custom,tube,metal4,6,2.1563833,6,1,0.6,0.4,0.4,0.1,0.2,-63.3451334,1301.492292,-419.887792,-0.3635253,0.606506,-0.6065055,-0.3635257;
custom,tube,metal4,6,2.1563833,6,1,0.7,0.3,0.3,0.1,0.2,-55.4447235,1301.492292,-416.697727,-0.4212228,0.5679538,-0.5679532,-0.4212233;
custom,tube,metal4,6,2.1563833,6,1,0.8,0.2,0.2,0.1,0.2,-47.0736522,1301.492292,-415.1102303,-0.4748637,0.5239317,-0.5239314,-0.474864;
custom,tube,metal4,6,12,6,1,0.9,0.1,0.1,0.1,0.2,-2.16,1302.162732,-413.887056,0,0,-0.7071067,0.7071068;
custom,tube,metal4,6,2.1563833,6,1,1,0,0,0.1,0.2,47.0735506,1302.8949552,-416.512944,0.7409512,0.6715589,0,0;
custom,tube,metal4,6,2.1563833,6,1,0.9,0,0.1,0.1,0.2,55.4446161,1301.3074128,-416.512944,0.8032075,0.5956994,0,0;
custom,tube,metal4,6,2.1563833,6,1,0.8,0,0.2,0.1,0.2,63.3450095,1298.1173964,-416.512944,0.8577285,0.514103,0,1e-7;
custom,tube,metal4,6,2.1563833,6,1,0.7,0,0.3,0.1,0.2,70.4712867,1293.4472736,-416.512944,0.9039893,0.4275551,0,0;
custom,tube,metal4,6,2.1563833,6,1,0.6,0,0.4,0.1,0.2,76.5495563,1287.47658,-416.512896,0.9415441,0.3368898,0,1e-7;
custom,tube,metal4,6,2.1563833,6,1,0.5,0,0.5,0.1,0.2,81.3461798,1280.4349944,-416.512992,0.9700313,0.2429801,0,1e-7;
custom,tube,metal4,6,2.1563833,6,1,0.4,0,0.6,0.1,0.2,84.6768906,1272.5926968,-416.512944,0.9891765,0.1467304,0,1e-7;
custom,tube,metal4,6,2.1563833,6,1,0.3,0,0.7,0.1,0.2,86.4136636,1264.2513396,-416.512992,0.9987954,0.0490677,0,1e-7;
custom,tube,metal4,6,12,6,1,0.2,0,0.8,0.1,0.2,87.042372,1218.565152,-416.512896,1,0,0,1e-7;
custom,tube,metal4,6,2.1563833,6,1,0.1,0,0.9,0.1,0.2,86.4136876,1168.5589649,-413.88702,-2e-7,-1e-7,0.0490676,-0.9987954;
custom,tube,metal4,6,2.1563833,6,1,0,0,1,0.1,0.2,84.6769146,1160.2176073,-413.887056,-2e-7,-1e-7,0.1467305,-0.9891765;
custom,tube,metal4,6,2.1563833,6,1,0.1,0.1,0.9,0.1,0.2,81.3462038,1152.3753094,-413.88702,-3e-7,0,0.2429802,-0.9700313;
custom,tube,metal4,6,2.1563833,6,1,0.2,0.2,0.8,0.1,0.2,76.5495803,1145.3337239,-413.88702,0,1e-7,0.33689,-0.9415441;
custom,tube,metal4,6,2.1563833,6,1,0.3,0.3,0.7,0.1,0.2,70.4712867,1139.3630304,-413.886972,-1e-7,0,-0.4275551,0.9039893;
custom,tube,metal4,6,2.1563833,6,1,0.4,0.4,0.6,0.1,0.2,63.3450215,1134.6929075,-413.88702,-2e-7,0,-0.5141026,0.8577287;
custom,tube,metal4,6,2.1563833,6,1,0.5,0.5,0.5,0.1,0.2,55.4446161,1131.5028908,-413.88702,-2e-7,0,-0.5956993,0.8032076;
custom,tube,metal4,6,2.1563833,6,1,0.6,0.6,0.4,0.1,0.2,47.0735746,1129.915349,-413.88702,-1e-7,-1e-7,-0.6715589,0.7409512;
custom,tube,metal4,6,2.1563833,6,1,0.7,0.7,0.3,0.1,0.2,39.3264254,1130.095027,-413.88702,-1e-7,1e-7,-0.7409511,-0.671559;
custom,tube,metal4,6,2.1563833,6,1,0.8,0.8,0.2,0.1,0.2,30.9553959,1128.5074852,-413.88702,-1e-7,1e-7,-0.8032075,-0.5956994;
custom,tube,metal4,6,2.1563833,6,1,0.9,0.9,0.1,0.1,0.2,23.0550025,1125.3173725,-413.88702,-1e-7,1e-7,-0.8577285,-0.514103;
custom,tube,metal4,6,2.1563833,6,1,1,1,0,0.1,0.2,15.9287013,1120.6472616,-413.88702,-1e-7,1e-7,-0.9039891,-0.4275555;
custom,tube,metal4,6,2.1563833,6,1,1,0.9,0.1,0.1,0.2,9.8504317,1114.6766521,-413.88702,1e-7,-1e-7,0.9415441,0.33689;
custom,tube,metal4,6,2.1563833,6,1,1,0.8,0.2,0.1,0.2,5.0538202,1107.6349706,-413.88702,0,-1e-7,0.9700313,0.2429802;
custom,tube,metal4,6,2.1563833,6,1,1,0.7,0.3,0.1,0.2,1.7230975,1099.7927687,-413.88702,0,-1e-7,0.9891765,0.1467305;
custom,tube,metal4,6,2.1563833,6,1,1,0.6,0.4,0.1,0.2,-0.0136756,1091.4514111,-413.88702,1e-7,-1e-7,0.9987954,0.0490678;
custom,tube,metal4,6,12,6,1,1,0.5,0.5,0.1,0.2,0.642384,1045.765224,-416.512896,1,3e-7,-1e-7,0;
custom,tube,metal4,6,2.1563833,6,1,1,0.4,0.6,0.1,0.2,1.3129112,995.7589358,-415.213655,-0.034696,0.7062551,-0.0346961,0.706255;
custom,tube,metal4,6,2.1563833,6,1,1,0.3,0.7,0.1,0.2,1.31292,987.4175874,-413.476895,-0.1037541,0.6994535,-0.1037541,0.6994533;
custom,tube,metal4,6,2.1563833,6,1,1,0.2,0.8,0.1,0.2,1.31292,979.5753857,-410.146139,-0.1718132,0.6859158,-0.1718128,0.6859155;
custom,tube,metal4,6,2.1563833,6,1,1,0.1,0.9,0.1,0.2,1.31292,972.5337942,-405.3495155,-0.2382172,0.6657723,-0.2382169,0.6657721;
custom,tube,metal4,6,2.1563833,6,1,1,0.2,1,0.1,0.2,1.31292,966.5631029,-399.2712661,-0.3023271,0.6392171,-0.3023271,0.6392168;
custom,tube,metal4,6,2.1563833,6,1,1,0.4,1,0.1,0.2,1.31292,961.89298,-392.1449414,-0.3635257,0.6065059,-0.3635253,0.6065055;
custom,tube,metal4,6,2.1563833,6,1,1,0.6,1,0.1,0.2,1.31292,958.702867,-384.2445556,-0.4212231,0.5679536,-0.4212229,0.5679533;
custom,tube,metal4,6,2.1563833,6,1,1,0.8,1,0.1,0.2,1.31292,957.1154183,-375.8735562,-0.474864,0.5239317,-0.4748638,0.5239314;
custom,tube,metal4,6,18.3333333,6,1,1,1,1,0.1,0.2,1.31292,956.56278,-302.7,-0.5000004,0.5000001,-0.4999996,0.4999999;


custom,tube,ice1,6,0.1666667,6,1,1,1,1,10000,10000,-1.312848,956.56278,-1242.8832948,0.4999999,-0.4999997,-0.5000001,0.5000004;
custom,tube,ice1,6,0.1666667,6,1,1,1,1,10000,10000,1.31292,956.56278,-239.9700058,-0.5000004,0.5000001,-0.4999996,0.4999999;










































































































































racing,killcuboid,1.2,6,12,36,957.2051696,-1302.853272,0,0,0,1;
racing,killcuboid,1.2,6,12,-36,957.2051696,-1302.853272,0,0,0,1;
racing,killcuboid,6,1.2,12,0,993.2051696,-1302.853272,0,0,0,1;
racing,killcuboid,6,1.2,12,0,921.2051696,-1302.853272,0,0,0,1;






custom,cuboid,empty,0.12,0.12,12,1,0.5,0.85,1,1,1,-30,987.2051696,-1302.853272,0,0,0,1;
custom,cuboid,empty,0.12,0.12,12,1,0.5,0.85,1,1,1,-30,927.2051696,-1302.853272,0,0,0,1;
custom,cuboid,empty,0.12,0.12,12,1,0.5,0.85,1,1,1,30,987.2051696,-1302.853272,0,0,0,1;
custom,cuboid,empty,0.12,0.12,12,1,0.5,0.85,1,1,1,30,927.2051696,-1302.853272,0,0,0,1;

custom,killcylinder,bombexplosiontex,5.0399998,0,5.0400003,1,0,0,0,1,1,0,957.2051696,-1242.853272,-0.7071068,0,0,0.7071068;
custom,killcylinder,bombexplosiontex,5.0399998,0,5.0400003,1,0,0,0,1,1,0,957.2051696,-240,-0.7071068,0,0,0.7071068;




custom,cuboid,default,6,2.4,6,1,0,0,0.2,1,1,0,999.2051696,-210,0,0,0,1;
custom,cuboid,default,6,2.4,6,1,0,0,0.2,1,1,0,915.2051696,-210,0,0,0,1;
custom,cuboid,medievalartilleryassets_texture-psd,2.4,10.8,6,1,1,1,1,1,1,-42,957.2051696,-210,0,0,0,1;
custom,cuboid,medievalartilleryassets_texture-psd,2.4,10.8,6,1,1,1,1,1,1,42,957.2051696,-210,0,0,0,1;

custom,cuboid,empty,6.12,2.28,6.12,1,0,0,0.2,1,1,0,999.2051696,-210,0,0,0,1;
custom,cuboid,empty,6.12,2.28,6.12,1,0,0,0.2,1,1,0,915.2051696,-210,0,0,0,1;
custom,cuboid,empty,2.28,10.68,6.12,1,0,0,0.2,1,1,-42,957.2051696,-210,0,0,0,1;
custom,cuboid,empty,2.28,10.68,6.12,1,0,0,0.2,1,1,42,957.2051696,-210,0,0,0,1;

custom,cuboid,bombtex,6,2.412,6,1,0.7,0.85,1,20,20,0,999.2051696,-210,0,0,0,1;
custom,cuboid,bombtex,6,2.412,6,1,0.7,0.85,1,20,20,0,915.2051696,-210,0,0,0,1;

custom,cuboid,ice1,4.2,0.6,1.08,1,1,1,1,0.35,0.05,12.7279215,969.9331055,-210,0,0,-0.3826835,0.9238795;
custom,cuboid,ice1,4.2,0.6,1.08,1,1,1,1,0.35,0.05,-12.7279215,944.4772339,-210,0,0,-0.3826835,0.9238795;
custom,cuboid,ice1,4.2,0.6,1.08,1,1,1,1,0.35,0.05,12.7279215,944.4772339,-210,0,0,-0.9238795,0.3826834;
custom,cuboid,ice1,4.2,0.6,1.08,1,1,1,1,0.35,0.05,-12.7279215,969.9331055,-210,0,0,-0.9238795,0.3826834;
custom,cuboid,ice1,1.2,1.2,1.08,1,1,1,1,0.1,0.1,24,957.2051696,-210,0,0,0,1;
custom,cuboid,ice1,1.2,1.2,1.08,1,1,1,1,0.1,0.1,-24,957.2051696,-210,0,0,0,1;
custom,cuboid,ice1,1.2,1.2,1.08,1,1,1,1,0.1,0.1,0,933.2051696,-210,0,0,-0.7071068,0.7071068;
custom,cuboid,ice1,1.2,1.2,1.08,1,1,1,1,0.1,0.1,0,981.2051696,-210,0,0,-0.7071068,0.7071068;
custom,cuboid,ice1,6.12,2.52,1.2,1,1,1,1,0.51,0.21,0,999.2051696,-210,0,0,0,1;
custom,cuboid,ice1,6.12,2.52,1.2,1,1,1,1,0.51,0.21,0,915.2051696,-210,0,0,0,1;
custom,cuboid,ice1,2.52,10.92,1.2,1,1,1,1,0.21,0.91,-42,957.2051696,-210,0,0,0,1;
custom,cuboid,ice1,2.52,10.92,1.2,1,1,1,1,0.21,0.91,42,957.2051696,-210,0,0,0,1;

custom,cuboid,empty,4.236,0.636,1.044,1,0,0,0,0,0,12.7279215,969.9331055,-210,0,0,-0.3826835,0.9238795;
custom,cuboid,empty,4.236,0.636,1.044,1,0,0,0,0,0,-12.7279215,944.4772339,-210,0,0,-0.3826835,0.9238795;
custom,cuboid,empty,4.236,0.636,1.044,1,0,0,0,0,0,12.7279215,944.4772339,-210,0,0,-0.9238795,0.3826834;
custom,cuboid,empty,4.236,0.636,1.044,1,0,0,0,0,0,-12.7279215,969.9331055,-210,0,0,-0.9238795,0.3826834;
custom,cuboid,empty,1.236,1.236,1.044,1,0,0,0,0,0,24,957.2051696,-210,0,0,0,1;
custom,cuboid,empty,1.236,1.236,1.044,1,0,0,0,0,0,-24,957.2051696,-210,0,0,0,1;
custom,cuboid,empty,1.236,1.236,1.044,1,0,0,0,0,0,0,933.2051696,-210,0,0,-0.7071068,0.7071068;
custom,cuboid,empty,1.236,1.236,1.044,1,0,0,0,0,0,0,981.2051696,-210,0,0,-0.7071068,0.7071068;
custom,cuboid,empty,6.156,2.556,1.164,1,0,0,0,0,0,0,999.2051696,-210,0,0,0,1;
custom,cuboid,empty,6.156,2.556,1.164,1,0,0,0,0,0,0,915.2051696,-210,0,0,0,1;
custom,cuboid,empty,2.556,10.956,1.164,1,0,0,0,0,0,-42,957.2051696,-210,0,0,0,1;
custom,cuboid,empty,2.556,10.956,1.164,1,0,0,0,0,0,42,957.2051696,-210,0,0,0,1;

racing,checkpointcuboid,3.6,3.6,0.96,0,957.2051696,-210,0,0,-0.3826835,0.9238795;





custom,cone,metal4,1.5,0.073869,1.5,1,1,1,1,0.4,0.1,29.0838975,862.147164,93.5652,0.5,-0.5,0.5,0.5;
custom,cone,metal4,1.207365,0.183126,1.207365,1,1,0.857142,0.714284,0.4,0.1,27.1524733,861.9633893,92.8696651,0.5,-0.5,0.5,0.5;
custom,cone,metal4,0.925974,0.247473,0.925974,1,1,0.714284,0.428568,0.4,0.1,24.6472815,861.7866757,92.200855,0.5,-0.5,0.5,0.5;
custom,cone,metal4,0.666645,0.273552,0.666645,1,1,0.571426,0.142852,0.4,0.1,21.5515649,861.6238171,91.5844818,0.5,-0.5,0.5,0.5;
custom,cone,metal4,0.439338,0.267666,0.439338,1,1,0.428568,0,0.4,0.1,17.8936184,861.4810682,91.0442186,0.5,-0.5,0.5,0.5;
custom,cone,metal4,0.252795,0.236472,0.252795,1,1,0.28571,0,0.4,0.1,13.7343786,861.3639193,90.6008432,0.5,-0.5,0.5,0.5;
custom,cone,metal4,0.11418,0.188202,0.11418,1,1,0.142852,0,0.4,0.1,9.1464614,861.276869,90.271383,0.5,-0.5,0.5,0.5;
custom,cone,metal4,0.028821,0.146316,0.028821,1,1,0,0,0.4,0.1,4.0381065,861.2232636,90.0685017,0.5,-0.5,0.5,0.5;
custom,cone,metal4,1.5,0.073869,1.5,1,1,1,1,0.4,0.1,-29.0838855,860.263164,93.5652,-0.5000001,-0.4999999,-0.5000001,0.4999999;
custom,cone,metal4,1.207365,0.183126,1.207365,1,1,0.857142,0.714284,0.4,0.1,-27.1524613,860.4469388,92.8696651,-0.5000001,-0.4999999,-0.5000001,0.4999999;
custom,cone,metal4,0.925974,0.247473,0.925974,1,1,0.714284,0.428568,0.4,0.1,-24.6472815,860.6236523,92.200855,-0.5000001,-0.4999999,-0.5000001,0.4999999;
custom,cone,metal4,0.666645,0.273552,0.666645,1,1,0.571426,0.142852,0.4,0.1,-21.5515529,860.786511,91.5844818,-0.5000001,-0.4999999,-0.5000001,0.4999999;
custom,cone,metal4,0.439338,0.267669,0.439338,1,1,0.428568,0,0.4,0.1,-17.8936292,860.9292598,91.0442186,-0.5000001,-0.4999999,-0.5000001,0.4999999;
custom,cone,metal4,0.252795,0.236472,0.252795,1,1,0.28571,0,0.4,0.1,-13.7343786,861.0464088,90.6008432,-0.5000001,-0.4999999,-0.5000001,0.4999999;
custom,cone,metal4,0.11418,0.188202,0.11418,1,1,0.142852,0,0.4,0.1,-9.1464494,861.133459,90.271383,-0.5000001,-0.4999999,-0.5000001,0.4999999;
custom,cone,metal4,0.028821,0.146316,0.028821,1,1,0,0,0.4,0.1,-4.0380945,861.1870644,90.0685017,-0.5000001,-0.4999999,-0.5000001,0.4999999;
custom,cone,metal4,1.5,0.073869,1.5,1,1,1,1,0.4,0.1,-29.0838855,956.263164,273.5652,-0.5000001,-0.4999999,-0.5000001,0.4999999;
custom,cone,metal4,1.207365,0.183126,1.207365,1,1,0.857142,0.714284,0.4,0.1,-27.1524733,956.4469388,272.8696651,-0.5000001,-0.4999999,-0.5000001,0.4999999;
custom,cone,metal4,0.925974,0.247473,0.925974,1,1,0.714284,0.428568,0.4,0.1,-24.6472815,956.6236523,272.200855,-0.5000001,-0.4999999,-0.5000001,0.4999999;
custom,cone,metal4,0.666645,0.273552,0.666645,1,1,0.571426,0.142852,0.4,0.1,-21.5515649,956.786511,271.5844818,-0.5000001,-0.4999999,-0.5000001,0.4999999;
custom,cone,metal4,0.439338,0.267669,0.439338,1,1,0.428568,0,0.4,0.1,-17.8936412,956.9292598,271.0442185,-0.5000001,-0.4999999,-0.5000001,0.4999999;
custom,cone,metal4,0.252795,0.236472,0.252795,1,1,0.28571,0,0.4,0.1,-13.7343786,957.0464088,270.6008431,-0.5000001,-0.4999999,-0.5000001,0.4999999;
custom,cone,metal4,0.11418,0.188202,0.11418,1,1,0.142852,0,0.4,0.1,-9.1464614,957.133459,270.271383,-0.5000001,-0.4999999,-0.5000001,0.4999999;
custom,cone,metal4,0.028821,0.146316,0.028821,1,1,0,0,0.4,0.1,-4.0381065,957.1870644,270.0685018,-0.5000001,-0.4999999,-0.5000001,0.4999999;
custom,cone,metal4,1.5,0.073869,1.5,1,1,1,1,0.4,0.1,29.0838855,958.147164,273.5652,0.4999999,-0.5000001,0.5,0.5000001;
custom,cone,metal4,1.207365,0.183126,1.207365,1,1,0.857142,0.714284,0.4,0.1,27.1524613,957.9633893,272.8696651,0.4999999,-0.5000001,0.5,0.5000001;
custom,cone,metal4,0.925974,0.247473,0.925974,1,1,0.714284,0.428568,0.4,0.1,24.6472815,957.7866757,272.200855,0.4999999,-0.5000001,0.5,0.5000001;
custom,cone,metal4,0.666645,0.273552,0.666645,1,1,0.571426,0.142852,0.4,0.1,21.5515529,957.6238171,271.5844818,0.4999999,-0.5000001,0.5,0.5000001;
custom,cone,metal4,0.439338,0.267666,0.439338,1,1,0.428568,0,0.4,0.1,17.8936064,957.4810682,271.0442185,0.4999999,-0.5000001,0.5,0.5000001;
custom,cone,metal4,0.252795,0.236472,0.252795,1,1,0.28571,0,0.4,0.1,13.7343786,957.3639193,270.6008431,0.4999999,-0.5000001,0.5,0.5000001;
custom,cone,metal4,0.11418,0.188202,0.11418,1,1,0.142852,0,0.4,0.1,9.1464494,957.276869,270.271383,0.4999999,-0.5000001,0.5,0.5000001;
custom,cone,metal4,0.028821,0.146316,0.028821,1,1,0,0,0.4,0.1,4.0380945,957.2232636,270.0685018,0.4999999,-0.5000001,0.5,0.5000001;

custom,cone,metal4,1.5,0.073869,1.5,1,1,1,1,0.4,0.1,29.0838855,862.147164,153.5652,0.5,-0.5,0.5,0.5;
custom,cone,metal4,1.207365,0.183126,1.207365,1,1,0.857142,0.714284,0.4,0.1,27.1524733,861.9633893,152.8696651,0.5,-0.5,0.5,0.5;
custom,cone,metal4,0.925974,0.247473,0.925974,1,1,0.714284,0.428568,0.4,0.1,24.6472815,861.7866757,152.200855,0.5,-0.5,0.5,0.5;
custom,cone,metal4,0.666645,0.273552,0.666645,1,1,0.571426,0.142852,0.4,0.1,21.5515529,861.6238171,151.5844818,0.5,-0.5,0.5,0.5;
custom,cone,metal4,0.439338,0.267666,0.439338,1,1,0.428568,0,0.4,0.1,17.8936184,861.4810682,151.0442185,0.5,-0.5,0.5,0.5;
custom,cone,metal4,0.252795,0.236472,0.252795,1,1,0.28571,0,0.4,0.1,13.7343786,861.3639193,150.6008431,0.5,-0.5,0.5,0.5;
custom,cone,metal4,0.11418,0.188202,0.11418,1,1,0.142852,0,0.4,0.1,9.1464494,861.276869,150.271383,0.5,-0.5,0.5,0.5;
custom,cone,metal4,0.028821,0.146316,0.028821,1,1,0,0,0.4,0.1,4.0380945,861.2232636,150.0685018,0.5,-0.5,0.5,0.5;
custom,cone,metal4,1.5,0.073869,1.5,1,1,1,1,0.4,0.1,-29.0838975,860.263164,153.5652,-0.5000001,-0.4999999,-0.5000001,0.4999999;
custom,cone,metal4,1.207365,0.183126,1.207365,1,1,0.857142,0.714284,0.4,0.1,-27.1524733,860.4469388,152.8696651,-0.5000001,-0.4999999,-0.5000001,0.4999999;
custom,cone,metal4,0.925974,0.247473,0.925974,1,1,0.714284,0.428568,0.4,0.1,-24.6472815,860.6236523,152.200855,-0.5000001,-0.4999999,-0.5000001,0.4999999;
custom,cone,metal4,0.666645,0.273552,0.666645,1,1,0.571426,0.142852,0.4,0.1,-21.5515529,860.786511,151.5844818,-0.5000001,-0.4999999,-0.5000001,0.4999999;
custom,cone,metal4,0.439338,0.267669,0.439338,1,1,0.428568,0,0.4,0.1,-17.8936292,860.9292598,151.0442185,-0.5000001,-0.4999999,-0.5000001,0.4999999;
custom,cone,metal4,0.252795,0.236472,0.252795,1,1,0.28571,0,0.4,0.1,-13.7343786,861.0464088,150.6008431,-0.5000001,-0.4999999,-0.5000001,0.4999999;
custom,cone,metal4,0.11418,0.188202,0.11418,1,1,0.142852,0,0.4,0.1,-9.1464494,861.133459,150.271383,-0.5000001,-0.4999999,-0.5000001,0.4999999;
custom,cone,metal4,0.028821,0.146316,0.028821,1,1,0,0,0.4,0.1,-4.0380945,861.1870644,150.0685018,-0.5000001,-0.4999999,-0.5000001,0.4999999;
custom,cone,metal4,1.5,0.073869,1.5,1,1,1,1,0.4,0.1,-29.0838975,956.263164,213.56538,-0.5000001,-0.4999999,-0.5000001,0.4999999;
custom,cone,metal4,1.207365,0.183126,1.207365,1,1,0.857142,0.714284,0.4,0.1,-27.1524733,956.4469388,212.8698451,-0.5000001,-0.4999999,-0.5000001,0.4999999;
custom,cone,metal4,0.925974,0.247473,0.925974,1,1,0.714284,0.428568,0.4,0.1,-24.6472815,956.6236523,212.201035,-0.5000001,-0.4999999,-0.5000001,0.4999999;
custom,cone,metal4,0.666645,0.273552,0.666645,1,1,0.571426,0.142852,0.4,0.1,-21.5515529,956.786511,211.5846618,-0.5000001,-0.4999999,-0.5000001,0.4999999;
custom,cone,metal4,0.439338,0.267669,0.439338,1,1,0.428568,0,0.4,0.1,-17.8936412,956.9292598,211.0443985,-0.5000001,-0.4999999,-0.5000001,0.4999999;
custom,cone,metal4,0.252795,0.236472,0.252795,1,1,0.28571,0,0.4,0.1,-13.7343786,957.0464088,210.6010231,-0.5000001,-0.4999999,-0.5000001,0.4999999;
custom,cone,metal4,0.11418,0.188202,0.11418,1,1,0.142852,0,0.4,0.1,-9.1464494,957.133459,210.271563,-0.5000001,-0.4999999,-0.5000001,0.4999999;
custom,cone,metal4,0.028821,0.146316,0.028821,1,1,0,0,0.4,0.1,-4.0380945,957.1870644,210.0686818,-0.5000001,-0.4999999,-0.5000001,0.4999999;
custom,cone,metal4,1.5,0.073869,1.5,1,1,1,1,0.4,0.1,29.0838975,958.147164,213.56538,0.4999999,-0.5000001,0.5,0.5000001;
custom,cone,metal4,1.207365,0.183126,1.207365,1,1,0.857142,0.714284,0.4,0.1,27.1524733,957.9633893,212.8698451,0.4999999,-0.5000001,0.5,0.5000001;
custom,cone,metal4,0.925974,0.247473,0.925974,1,1,0.714284,0.428568,0.4,0.1,24.6472815,957.7866757,212.201035,0.4999999,-0.5000001,0.5,0.5000001;
custom,cone,metal4,0.666645,0.273552,0.666645,1,1,0.571426,0.142852,0.4,0.1,21.5515529,957.6238171,211.5846618,0.4999999,-0.5000001,0.5,0.5000001;
custom,cone,metal4,0.439338,0.267666,0.439338,1,1,0.428568,0,0.4,0.1,17.8936064,957.4810682,211.0443985,0.4999999,-0.5000001,0.5,0.5000001;
custom,cone,metal4,0.252795,0.236472,0.252795,1,1,0.28571,0,0.4,0.1,13.7343786,957.3639193,210.6010231,0.4999999,-0.5000001,0.5,0.5000001;
custom,cone,metal4,0.11418,0.188202,0.11418,1,1,0.142852,0,0.4,0.1,9.1464494,957.276869,210.271563,0.4999999,-0.5000001,0.5,0.5000001;
custom,cone,metal4,0.028821,0.146316,0.028821,1,1,0,0,0.4,0.1,4.0380945,957.2232636,210.0686818,0.4999999,-0.5000001,0.5,0.5000001;

custom,cone,metal4,1.5,0.073869,1.5,1,1,1,1,0.4,0.1,29.0838975,862.147164,213.5652,0.5,-0.5,0.5,0.5;
custom,cone,metal4,1.207365,0.183126,1.207365,1,1,0.857142,0.714284,0.4,0.1,27.1524733,861.9633893,212.8696651,0.5,-0.5,0.5,0.5;
custom,cone,metal4,0.925974,0.247473,0.925974,1,1,0.714284,0.428568,0.4,0.1,24.6472815,861.7866757,212.200855,0.5,-0.5,0.5,0.5;
custom,cone,metal4,0.666645,0.273552,0.666645,1,1,0.571426,0.142852,0.4,0.1,21.5515529,861.6238171,211.5844818,0.5,-0.5,0.5,0.5;
custom,cone,metal4,0.439338,0.267666,0.439338,1,1,0.428568,0,0.4,0.1,17.8936064,861.4810682,211.0442185,0.5,-0.5,0.5,0.5;
custom,cone,metal4,0.252795,0.236472,0.252795,1,1,0.28571,0,0.4,0.1,13.7343786,861.3639193,210.6008431,0.5,-0.5,0.5,0.5;
custom,cone,metal4,0.11418,0.188202,0.11418,1,1,0.142852,0,0.4,0.1,9.1464494,861.276869,210.271383,0.5,-0.5,0.5,0.5;
custom,cone,metal4,0.028821,0.146316,0.028821,1,1,0,0,0.4,0.1,4.0380945,861.2232636,210.0685018,0.5,-0.5,0.5,0.5;
custom,cone,metal4,1.5,0.073869,1.5,1,1,1,1,0.4,0.1,-29.0838855,860.263164,213.5652,-0.5000001,-0.4999999,-0.5000001,0.4999999;
custom,cone,metal4,1.207365,0.183126,1.207365,1,1,0.857142,0.714284,0.4,0.1,-27.1524733,860.4469388,212.8696651,-0.5000001,-0.4999999,-0.5000001,0.4999999;
custom,cone,metal4,0.925974,0.247473,0.925974,1,1,0.714284,0.428568,0.4,0.1,-24.6472815,860.6236523,212.200855,-0.5000001,-0.4999999,-0.5000001,0.4999999;
custom,cone,metal4,0.666645,0.273552,0.666645,1,1,0.571426,0.142852,0.4,0.1,-21.5515529,860.786511,211.5844818,-0.5000001,-0.4999999,-0.5000001,0.4999999;
custom,cone,metal4,0.439338,0.267669,0.439338,1,1,0.428568,0,0.4,0.1,-17.8936412,860.9292598,211.0442185,-0.5000001,-0.4999999,-0.5000001,0.4999999;
custom,cone,metal4,0.252795,0.236472,0.252795,1,1,0.28571,0,0.4,0.1,-13.7343786,861.0464088,210.6008431,-0.5000001,-0.4999999,-0.5000001,0.4999999;
custom,cone,metal4,0.11418,0.188202,0.11418,1,1,0.142852,0,0.4,0.1,-9.1464494,861.133459,210.271383,-0.5000001,-0.4999999,-0.5000001,0.4999999;
custom,cone,metal4,0.028821,0.146316,0.028821,1,1,0,0,0.4,0.1,-4.0380945,861.1870644,210.0685018,-0.5000001,-0.4999999,-0.5000001,0.4999999;
custom,cone,metal4,1.5,0.073869,1.5,1,1,1,1,0.4,0.1,29.0838855,862.147164,273.5652,0.5,-0.5,0.5,0.5;
custom,cone,metal4,1.207365,0.183126,1.207365,1,1,0.857142,0.714284,0.4,0.1,27.1524613,861.9633893,272.8696651,0.5,-0.5,0.5,0.5;
custom,cone,metal4,0.925974,0.247473,0.925974,1,1,0.714284,0.428568,0.4,0.1,24.6472815,861.7866757,272.200855,0.5,-0.5,0.5,0.5;
custom,cone,metal4,0.666645,0.273552,0.666645,1,1,0.571426,0.142852,0.4,0.1,21.5515529,861.6238171,271.5844818,0.5,-0.5,0.5,0.5;
custom,cone,metal4,0.439338,0.267666,0.439338,1,1,0.428568,0,0.4,0.1,17.8936064,861.4810682,271.0442185,0.5,-0.5,0.5,0.5;
custom,cone,metal4,0.252795,0.236472,0.252795,1,1,0.28571,0,0.4,0.1,13.7343786,861.3639193,270.6008431,0.5,-0.5,0.5,0.5;
custom,cone,metal4,0.11418,0.188202,0.11418,1,1,0.142852,0,0.4,0.1,9.1464494,861.276869,270.271383,0.5,-0.5,0.5,0.5;
custom,cone,metal4,0.028821,0.146316,0.028821,1,1,0,0,0.4,0.1,4.0380945,861.2232636,270.0685018,0.5,-0.5,0.5,0.5;
custom,cone,metal4,1.5,0.073869,1.5,1,1,1,1,0.4,0.1,-29.0838975,860.263164,273.5652,-0.5000001,-0.4999999,-0.5000001,0.4999999;
custom,cone,metal4,1.207365,0.183126,1.207365,1,1,0.857142,0.714284,0.4,0.1,-27.1524733,860.4469388,272.8696651,-0.5000001,-0.4999999,-0.5000001,0.4999999;
custom,cone,metal4,0.925974,0.247473,0.925974,1,1,0.714284,0.428568,0.4,0.1,-24.6472815,860.6236523,272.200855,-0.5000001,-0.4999999,-0.5000001,0.4999999;
custom,cone,metal4,0.666645,0.273552,0.666645,1,1,0.571426,0.142852,0.4,0.1,-21.5515649,860.786511,271.5844818,-0.5000001,-0.4999999,-0.5000001,0.4999999;
custom,cone,metal4,0.439338,0.267669,0.439338,1,1,0.428568,0,0.4,0.1,-17.8936412,860.9292598,271.0442185,-0.5000001,-0.4999999,-0.5000001,0.4999999;
custom,cone,metal4,0.252795,0.236472,0.252795,1,1,0.28571,0,0.4,0.1,-13.7343786,861.0464088,270.6008431,-0.5000001,-0.4999999,-0.5000001,0.4999999;
custom,cone,metal4,0.11418,0.188202,0.11418,1,1,0.142852,0,0.4,0.1,-9.1464614,861.133459,270.271383,-0.5000001,-0.4999999,-0.5000001,0.4999999;
custom,cone,metal4,0.028821,0.146316,0.028821,1,1,0,0,0.4,0.1,-4.0381065,861.1870644,270.0685018,-0.5000001,-0.4999999,-0.5000001,0.4999999;

custom,cone,metal4,1.5,0.073869,1.5,1,1,1,1,0.4,0.1,-29.0838975,956.263164,153.56538,-0.5000001,-0.4999999,-0.5000001,0.4999999;
custom,cone,metal4,1.207365,0.183126,1.207365,1,1,0.857142,0.714284,0.4,0.1,-27.1524733,956.4469388,152.8696651,-0.5000001,-0.4999999,-0.5000001,0.4999999;
custom,cone,metal4,0.925974,0.247473,0.925974,1,1,0.714284,0.428568,0.4,0.1,-24.6472815,956.6236523,152.200855,-0.5000001,-0.4999999,-0.5000001,0.4999999;
custom,cone,metal4,0.666645,0.273552,0.666645,1,1,0.571426,0.142852,0.4,0.1,-21.5515529,956.786511,151.5846618,-0.5000001,-0.4999999,-0.5000001,0.4999999;
custom,cone,metal4,0.439338,0.267669,0.439338,1,1,0.428568,0,0.4,0.1,-17.8936292,956.9292598,151.0442185,-0.5000001,-0.4999999,-0.5000001,0.4999999;
custom,cone,metal4,0.252795,0.236472,0.252795,1,1,0.28571,0,0.4,0.1,-13.7343786,957.0464088,150.6008431,-0.5000001,-0.4999999,-0.5000001,0.4999999;
custom,cone,metal4,0.11418,0.188202,0.11418,1,1,0.142852,0,0.4,0.1,-9.1464494,957.133459,150.271383,-0.5000001,-0.4999999,-0.5000001,0.4999999;
custom,cone,metal4,0.028821,0.146316,0.028821,1,1,0,0,0.4,0.1,-4.0380945,957.1870644,150.0685018,-0.5000001,-0.4999999,-0.5000001,0.4999999;
custom,cone,metal4,1.5,0.073869,1.5,1,1,1,1,0.4,0.1,29.0838855,958.147164,153.5652,0.4999999,-0.5000001,0.5,0.5000001;
custom,cone,metal4,1.207365,0.183126,1.207365,1,1,0.857142,0.714284,0.4,0.1,27.1524733,957.9633893,152.8696651,0.4999999,-0.5000001,0.5,0.5000001;
custom,cone,metal4,0.925974,0.247473,0.925974,1,1,0.714284,0.428568,0.4,0.1,24.6472815,957.7866757,152.200855,0.4999999,-0.5000001,0.5,0.5000001;
custom,cone,metal4,0.666645,0.273552,0.666645,1,1,0.571426,0.142852,0.4,0.1,21.5515529,957.6238171,151.5844818,0.4999999,-0.5000001,0.5,0.5000001;
custom,cone,metal4,0.439338,0.267666,0.439338,1,1,0.428568,0,0.4,0.1,17.8936184,957.4810682,151.0442185,0.4999999,-0.5000001,0.5,0.5000001;
custom,cone,metal4,0.252795,0.236472,0.252795,1,1,0.28571,0,0.4,0.1,13.7343786,957.3639193,150.6008431,0.4999999,-0.5000001,0.5,0.5000001;
custom,cone,metal4,0.11418,0.188202,0.11418,1,1,0.142852,0,0.4,0.1,9.1464494,957.276869,150.271383,0.4999999,-0.5000001,0.5,0.5000001;
custom,cone,metal4,0.028821,0.146316,0.028821,1,1,0,0,0.4,0.1,4.0380945,957.2232636,150.0685018,0.4999999,-0.5000001,0.5,0.5000001;
custom,cone,metal4,1.5,0.073869,1.5,1,1,1,1,0.4,0.1,-29.0838855,956.263164,93.56538,-0.5000001,-0.4999999,-0.5000001,0.4999999;
custom,cone,metal4,1.207365,0.183126,1.207365,1,1,0.857142,0.714284,0.4,0.1,-27.1524613,956.4469388,92.8698451,-0.5000001,-0.4999999,-0.5000001,0.4999999;
custom,cone,metal4,0.925974,0.247473,0.925974,1,1,0.714284,0.428568,0.4,0.1,-24.6472815,956.6236523,92.201035,-0.5000001,-0.4999999,-0.5000001,0.4999999;
custom,cone,metal4,0.666645,0.273552,0.666645,1,1,0.571426,0.142852,0.4,0.1,-21.5515529,956.786511,91.5846618,-0.5000001,-0.4999999,-0.5000001,0.4999999;
custom,cone,metal4,0.439338,0.267669,0.439338,1,1,0.428568,0,0.4,0.1,-17.8936292,956.9292598,91.0443986,-0.5000001,-0.4999999,-0.5000001,0.4999999;
custom,cone,metal4,0.252795,0.236472,0.252795,1,1,0.28571,0,0.4,0.1,-13.7343786,957.0464088,90.6010232,-0.5000001,-0.4999999,-0.5000001,0.4999999;
custom,cone,metal4,0.11418,0.188202,0.11418,1,1,0.142852,0,0.4,0.1,-9.1464494,957.133459,90.271563,-0.5000001,-0.4999999,-0.5000001,0.4999999;
custom,cone,metal4,0.028821,0.146316,0.028821,1,1,0,0,0.4,0.1,-4.0380945,957.1870644,90.0686817,-0.5000001,-0.4999999,-0.5000001,0.4999999;
custom,cone,metal4,1.5,0.073869,1.5,1,1,1,1,0.4,0.1,29.0838975,958.147164,93.56538,0.4999999,-0.5000001,0.5,0.5000001;
custom,cone,metal4,1.207365,0.183126,1.207365,1,1,0.857142,0.714284,0.4,0.1,27.1524733,957.9633893,92.8698451,0.4999999,-0.5000001,0.5,0.5000001;
custom,cone,metal4,0.925974,0.247473,0.925974,1,1,0.714284,0.428568,0.4,0.1,24.6472815,957.7866757,92.201035,0.4999999,-0.5000001,0.5,0.5000001;
custom,cone,metal4,0.666645,0.273552,0.666645,1,1,0.571426,0.142852,0.4,0.1,21.5515649,957.6238171,91.5846618,0.4999999,-0.5000001,0.5,0.5000001;
custom,cone,metal4,0.439338,0.267666,0.439338,1,1,0.428568,0,0.4,0.1,17.8936184,957.4810682,91.0443986,0.4999999,-0.5000001,0.5,0.5000001;
custom,cone,metal4,0.252795,0.236472,0.252795,1,1,0.28571,0,0.4,0.1,13.7343786,957.3639193,90.6010232,0.4999999,-0.5000001,0.5,0.5000001;
custom,cone,metal4,0.11418,0.188202,0.11418,1,1,0.142852,0,0.4,0.1,9.1464614,957.276869,90.271563,0.4999999,-0.5000001,0.5,0.5000001;
custom,cone,metal4,0.028821,0.146316,0.028821,1,1,0,0,0.4,0.1,4.0381065,957.2232636,90.0686817,0.4999999,-0.5000001,0.5,0.5000001;

custom,cylinder,metal4,6,0.6,6,1,1,1,1,0.2,0.1,36,861.2051696,270,0.5,-0.5,0.5,0.5;
custom,cylinder,metal4,6,0.6,6,1,1,1,1,0.2,0.1,-36.0000229,861.2051696,270,0.4999999,0.5000001,-0.5000001,0.4999999;
custom,cylinder,metal4,6,0.6,6,1,1,1,1,0.2,0.1,36,861.2051696,210,0.5,-0.5,0.5,0.5;
custom,cylinder,metal4,6,0.6,6,1,1,1,1,0.2,0.1,-36.0000172,861.2051696,210,0.4999999,0.5000001,-0.5000001,0.4999999;
custom,cylinder,metal4,6,0.6,6,1,1,1,1,0.2,0.1,36,861.2051696,150,0.5,-0.5,0.5,0.5;
custom,cylinder,metal4,6,0.6,6,1,1,1,1,0.2,0.1,-36.0000172,861.2051696,150,0.4999999,0.5000001,-0.5000001,0.4999999;
custom,cylinder,metal4,6,0.6,6,1,1,1,1,0.2,0.1,36,861.2051696,90,0.5,-0.5,0.5,0.5;
custom,cylinder,metal4,6,0.6,6,1,1,1,1,0.2,0.1,-36.0000114,861.2051696,90,0.4999999,0.5000001,-0.5000001,0.4999999;
custom,cylinder,metal4,6,0.6,6,1,1,1,1,0.2,0.1,-36,957.2051696,270,-0.5,-0.5,-0.5,0.5;
custom,cylinder,metal4,6,0.6,6,1,1,1,1,0.2,0.1,36.0000114,957.2051696,270,-0.5000001,0.4999999,0.5,0.5000001;
custom,cylinder,metal4,6,0.6,6,1,1,1,1,0.2,0.1,-36,957.2051696,210,-0.5,-0.5,-0.5,0.5;
custom,cylinder,metal4,6,0.6,6,1,1,1,1,0.2,0.1,36.0000172,957.2051696,210,-0.5000001,0.4999999,0.5,0.5000001;
custom,cylinder,metal4,6,0.6,6,1,1,1,1,0.2,0.1,-36,957.2051696,150,-0.5,-0.5,-0.5,0.5;
custom,cylinder,metal4,6,0.6,6,1,1,1,1,0.2,0.1,36.0000172,957.2051696,150,-0.5000001,0.4999999,0.5,0.5000001;
custom,cylinder,metal4,6,0.6,6,1,1,1,1,0.2,0.1,-36,957.2051696,90,-0.5,-0.5,-0.5,0.5;
custom,cylinder,metal4,6,0.6,6,1,1,1,1,0.2,0.1,36.0000229,957.2051696,90,-0.5000001,0.4999999,0.5,0.5000001;

custom,cylinder,empty,1.2,0.6,1.2,1,0,0,0,0.1,0.1,-36,909.2051696,300,-0.5,-0.5,-0.5,0.5;
custom,cylinder,empty,1.2,0.6,1.2,1,0,0,0,0.1,0.1,35.9999943,909.2051696,300,-0.5,-0.5,-0.5,0.5;

racing,killcylinder,1.2,3,1.2,0,909.2051696,300,-0.5,-0.5,-0.5,0.5;

custom,cuboid,metal4,6,4.2,1.2,1,0.5,0.5,0.5,0.1,0.1,-36,936.2051696,270,0,-0.7071068,0,0.7071068;
custom,cuboid,metal4,6,4.2,1.2,1,0.5,0.5,0.5,0.1,0.1,36,936.2051696,270,0,-0.7071068,0,0.7071068;
custom,cuboid,metal4,6,4.2,1.2,1,0.5,0.5,0.5,0.1,0.1,-36,936.2051696,150,0,-0.7071068,0,0.7071068;
custom,cuboid,metal4,6,4.2,1.2,1,0.5,0.5,0.5,0.1,0.1,36,936.2051696,150,0,-0.7071068,0,0.7071068;
custom,cuboid,metal4,6,4.2,1.2,1,0.5,0.5,0.5,0.1,0.1,-36,978.2051696,210,0,-0.7071068,0,0.7071068;
custom,cuboid,metal4,6,4.2,1.2,1,0.5,0.5,0.5,0.1,0.1,36,978.2051696,210,0,-0.7071068,0,0.7071068;
custom,cuboid,metal4,6,4.2,1.2,1,0.5,0.5,0.5,0.1,0.1,-36,978.2051696,90,0,-0.7071068,0,0.7071068;
custom,cuboid,metal4,6,4.2,1.2,1,0.5,0.5,0.5,0.1,0.1,36,978.2051696,90,0,-0.7071068,0,0.7071068;
custom,cuboid,metal4,6,4.2,1.2,1,0.5,0.5,0.5,0.1,0.1,-36,840.2051696,90,0,0.7071067,0,0.7071068;
custom,cuboid,metal4,6,4.2,1.2,1,0.5,0.5,0.5,0.1,0.1,36,840.2051696,90,0,0.7071067,0,0.7071068;
custom,cuboid,metal4,6,4.2,1.2,1,0.5,0.5,0.5,0.1,0.1,-36,840.2051696,210,0,0.7071067,0,0.7071068;
custom,cuboid,metal4,6,4.2,1.2,1,0.5,0.5,0.5,0.1,0.1,36,840.2051696,210,0,0.7071067,0,0.7071068;
custom,cuboid,metal4,6,4.2,1.2,1,0.5,0.5,0.5,0.1,0.1,-36,882.2051696,150,0,0.7071067,0,0.7071068;
custom,cuboid,metal4,6,4.2,1.2,1,0.5,0.5,0.5,0.1,0.1,36,882.2051696,150,0,0.7071067,0,0.7071068;
custom,cuboid,metal4,6,4.2,1.2,1,0.5,0.5,0.5,0.1,0.1,-36,882.2051696,270,0,0.7071067,0,0.7071068;
custom,cuboid,metal4,6,4.2,1.2,1,0.5,0.5,0.5,0.1,0.1,36,882.2051696,270,0,0.7071067,0,0.7071068;

custom,cuboid,default,24.0000023,1.2,1.2000001,1,0,0,0,2.0000002,0.1,-36,909.2051696,180,0,-0.7071068,0,0.7071068;
custom,cuboid,default,24.0000023,1.2,1.2000001,1,0,0,0,2.0000002,0.1,36,909.2051696,180,0,-0.7071068,0,0.7071068;

custom,cuboid,castle1tex,24.03,1.17,6,1,0,0,0,1,1,0,909.2051696,180,0,-0.7071068,0,0.7071068;
custom,cuboid,castle1tex,24.0000023,1.2,6,1,1,1,0.5,14,3.5,0,909.2051696,180,0,-0.7071068,0,0.7071068;
custom,cuboid,arena2tex,24.0000023,1.23,1.2,1,1,1,0,1,10,12,909.2051696,180,0,-0.7071068,0,0.7071068;
custom,cuboid,arena2tex,24.0000023,1.23,1.2,1,1,1,0,1,10,-12,909.2051696,180,0,-0.7071068,0,0.7071068;
custom,cuboid,arena2tex,24.0000023,1.23,1.2,1,1,1,0,1,10,36,909.2051696,180,0,-0.7071068,0,0.7071068;
custom,cuboid,arena2tex,24.0000023,1.23,1.2,1,1,1,0,1,10,-36,909.2051696,180,0,-0.7071068,0,0.7071068;

racing,killcuboid,6,1.2,6,0,921.2051696,270,0,-0.7071068,0,0.7071068;
racing,killcuboid,6,1.2,6,0,921.2051696,150,0,-0.7071068,0,0.7071068;
racing,killcuboid,6,1.2,6,0,897.2051696,150,0,-0.7071068,0,0.7071068;
racing,killcuboid,6,1.2,6,0,897.2051696,270,0,-0.7071068,0,0.7071068;
racing,killcuboid,6,1.2,6,0,825.2051696,210,0,-0.7071068,0,0.7071068;
racing,killcuboid,6,1.2,6,0,825.2051696,90,0,-0.7071068,0,0.7071068;
racing,killcuboid,6,1.2,6,0,993.2051696,90,0,-0.7071068,0,0.7071068;
racing,killcuboid,6,1.2,6,0,993.2051696,210,0,-0.7071068,0,0.7071068;

custom,cuboid,ice1,6.06,1.26,0.6,1,0,0,0,0,0,0,921.2051696,270,0,-0.7071068,0,0.7071068;
custom,cuboid,ice1,6.06,1.26,0.6,1,0,0,0,0,0,0,921.2051696,150,0,-0.7071068,0,0.7071068;
custom,cuboid,ice1,6.06,1.26,0.6,1,0,0,0,0,0,0,897.2051696,150,0,-0.7071068,0,0.7071068;
custom,cuboid,ice1,6.06,1.26,0.6,1,0,0,0,0,0,0,897.2051696,270,0,-0.7071068,0,0.7071068;
custom,cuboid,ice1,6.06,1.26,0.6,1,0,0,0,0,0,0,825.2051696,210,0,-0.7071068,0,0.7071068;
custom,cuboid,ice1,6.06,1.26,0.6,1,0,0,0,0,0,0,825.2051696,90,0,-0.7071068,0,0.7071068;
custom,cuboid,ice1,6.06,1.26,0.6,1,0,0,0,0,0,0,993.2051696,90,0,-0.7071068,0,0.7071068;
custom,cuboid,ice1,6.06,1.26,0.6,1,0,0,0,0,0,0,993.2051696,210,0,-0.7071068,0,0.7071068;

custom,cuboid,empty,6,1.2,0.66,1,0,0,0,0,0,0,921.2051696,270,0,-0.7071068,0,0.7071068;
custom,cuboid,empty,6,1.2,0.66,1,0,0,0,0,0,0,921.2051696,150,0,-0.7071068,0,0.7071068;
custom,cuboid,empty,6,1.2,0.66,1,0,0,0,0,0,0,897.2051696,150,0,-0.7071068,0,0.7071068;
custom,cuboid,empty,6,1.2,0.66,1,0,0,0,0,0,0,897.2051696,270,0,-0.7071068,0,0.7071068;
custom,cuboid,empty,6,1.2,0.66,1,0,0,0,0,0,0,825.2051696,210,0,-0.7071068,0,0.7071068;
custom,cuboid,empty,6,1.2,0.66,1,0,0,0,0,0,0,825.2051696,90,0,-0.7071068,0,0.7071068;
custom,cuboid,empty,6,1.2,0.66,1,0,0,0,0,0,0,993.2051696,90,0,-0.7071068,0,0.7071068;
custom,cuboid,empty,6,1.2,0.66,1,0,0,0,0,0,0,993.2051696,210,0,-0.7071068,0,0.7071068;

























racing,killcuboid,1.2,18,6,0,909.2051696,384,0,-0.7071068,0,0.7071068;
racing,killcuboid,4.2426358,4.2426361,6,0,849.2050781,360,0.2705981,-0.6532815,-0.270598,0.6532815;
racing,killcuboid,4.2426361,4.2426361,6,0,969.2051696,360,0.2705981,-0.6532815,-0.270598,0.6532815;

custom,killcuboid,empty,6,0.06,6,1,0,0,0,0,0,0,819.2051696,210,0,-0.7071068,0,0.7071068;
custom,killcuboid,empty,6,0.06,6,1,0,0,0,0,0,0,819.2051696,90,0,-0.7071068,0,0.7071068;
custom,killcuboid,empty,6,0.06,6,1,0,0,0,0,0,0,999.2051696,90,0,-0.7071068,0,0.7071068;
custom,killcuboid,empty,6,0.06,6,1,0,0,0,0,0,0,999.2051696,210,0,-0.7071068,0,0.7071068;

custom,killcuboid,empty,6,1.26,6,1,0,0,0,0,0,0,909.2051696,270,0,-0.7071068,0,0.7071068;
custom,killcuboid,empty,6,1.26,6,1,0,0,0,0,0,0,909.2051696,150,0,-0.7071068,0,0.7071068;


custom,cuboid,default,4.2426358,4.2426361,1.1999999,1,0,0,0,0,0,-36,849.2050781,360,0.2705981,-0.6532815,-0.270598,0.6532815;
custom,cuboid,default,4.2426361,4.2426361,1.1999999,1,0,0,0,0,0,-36,969.2051696,360,0.2705981,-0.6532815,-0.270598,0.6532815;
custom,cuboid,default,4.2426358,4.2426361,1.1999999,1,0,0,0,0,0,36,849.2050781,360,0.2705981,-0.6532815,-0.270598,0.6532815;
custom,cuboid,default,4.2426361,4.2426361,1.1999999,1,0,0,0,0,0,36,969.2051696,360,0.2705981,-0.6532815,-0.270598,0.6532815;
custom,cuboid,default,1.2000001,18,1.2,1,0,0,0,0,0,36,909.2051696,384,0,-0.7071068,0,0.7071068;
custom,cuboid,default,1.2000001,18,1.2,1,0,0,0,0,0,-36,909.2051696,384,0,-0.7071068,0,0.7071068;
custom,cuboid,default,9.0000034,0.06,8.4000006,1,0,0,0,0,0,-0.0000114,819.2051696,345,0,-0.7071068,0,0.7071068;
custom,cuboid,default,9.0000034,0.06,8.4000006,1,0,0,0,0,0,-0.0000114,999.2051696,345,0,-0.7071068,0,0.7071068;
custom,cuboid,default,0.06,18,8.4000006,1,0,0,0,0,0,0,909.2051696,390,0,-0.7071068,0,0.7071068;



custom,cuboid,castle1tex,33.0000069,1.2,8.4,1,1,1,0.5,13,3.5,0,1005.2051696,225,0,-0.7071068,0,0.7071068;
custom,cuboid,castle1tex,33.0000069,1.2,8.4,1,1,1,0.5,13,3.5,0,813.2051696,225,0,-0.7071068,0,0.7071068;
custom,cuboid,arena2tex,33.0000069,1.23,1.2,1,1,1,0,1,10,12,1005.2051696,225,0,-0.7071068,0,0.7071068;
custom,cuboid,arena2tex,33.0000069,1.23,1.2,1,1,1,0,1,10,12,813.2051696,225,0,-0.7071068,0,0.7071068;
custom,cuboid,arena2tex,33.0000069,1.23,1.2,1,1,1,0,1,10,-12,1005.2051696,225,0,-0.7071068,0,0.7071068;
custom,cuboid,arena2tex,33.0000069,1.23,1.2,1,1,1,0,1,10,-12,813.2051696,225,0,-0.7071068,0,0.7071068;
custom,cuboid,arena2tex,33.0000069,1.23,1.2,1,1,1,0,1,10,36,1005.2051696,225,0,-0.7071068,0,0.7071068;
custom,cuboid,arena2tex,33.0000069,1.23,1.2,1,1,1,0,1,10,36,813.2051696,225,0,-0.7071068,0,0.7071068;
custom,cuboid,arena2tex,33.0000069,1.23,1.2,1,1,1,0,1,10,-36,1005.2051696,225,0,-0.7071068,0,0.7071068;
custom,cuboid,arena2tex,33.0000069,1.23,1.2,1,1,1,0,1,10,-36,813.2051696,225,0,-0.7071068,0,0.7071068;

custom,cuboid,castle1tex,1.2,20.4,8.4,1,1,1,0.5,3.5,8,0,909.2051696,396,0,-0.7071068,0,0.7071068;

custom,cuboid,arena2tex,34.2000023,20.4,1.2000001,1,0,0.5,0.85,0.5,50,48,909.2051696,231,0,-0.7071068,0,0.7071068;
custom,cuboid,arena2tex,34.2000023,20.4,1.2000001,1,0,0.5,0.85,0.5,50,-48,909.2051696,231,0,-0.7071068,0,0.7071068;

custom,cuboid,default,10.8,1.2,1.2,1,0,0,0.2,0.9,0.1,0,1005.2051696,54,0,0,0,1;
custom,cuboid,default,10.8,1.2,1.2,1,0,0,0.2,0.9,0.1,0,909.2051696,54,0,0,0,1;
custom,cuboid,default,10.8,1.2,1.2,1,0,0,0.2,0.9,0.1,0,813.2051696,54,0,0,0,1;
custom,cuboid,default,1.2,20.4,1.2,1,0,0,0.2,0.1,1.7,-48,909.2051696,54,0,0,0,1;
custom,cuboid,default,1.2,20.4,1.2,1,0,0,0.2,0.1,1.7,48,909.2051696,54,0,0,0,1;

custom,cuboid,bombtex,8.43,1.2,22.83,1,0,0.5,0.85,10000,10000,0,909.2051696,-66,0,0,0,1;
custom,cuboid,bombtex,10.8,1.2,22.83,1,0,0.5,0.85,10000,10000,0,1005.2051696,-66,0,0,0,1;
custom,cuboid,bombtex,10.8,1.2,22.83,1,0,0.5,0.85,10000,10000,0,813.2051696,-66,0,0,0,1;

custom,cuboid,default,1.2,1.2,22.8,1,0,0,0.2,0.1,0.1,48,909.2051696,-66,0,0,0,1;
custom,cuboid,default,1.2,1.2,22.8,1,0,0,0.2,0.1,0.1,-48,909.2051696,-66,0,0,0,1;

custom,cuboid,OutsidePillars,1.2,8.4,22.8,1,0.5,0.85,1,0.45,1,-48,957.2051696,-66,0,0,0,1;
custom,cuboid,OutsidePillars,1.2,8.4,22.8,1,0.5,0.85,1,0.45,1,-48,861.2051696,-66,0,0,0,1;
custom,cuboid,OutsidePillars,1.2,8.4,22.8,1,0.5,0.85,1,0.45,1,48,957.2051696,-66,0,0,0,1;
custom,cuboid,OutsidePillars,1.2,8.4,22.8,1,0.5,0.85,1,0.45,1,48,861.2051696,-66,0,0,0,1;

custom,cuboid,default,10.8,2.4,1.2,1,0,0,0.2,1,1,0,819.2051696,-186,0,0,0,1;
custom,cuboid,default,10.8,2.4,1.2,1,0,0,0.2,1,1,0,903.2051696,-186,0,0,0,1;
custom,cuboid,default,2.4,10.8,1.2,1,0,0,0.2,1,1,42,861.2051696,-186,0,0,0,1;
custom,cuboid,default,2.4,10.8,1.2,1,0,0,0.2,1,1,-42,861.2051696,-186,0,0,0,1;
custom,cuboid,default,10.8,2.4,1.2,1,0,0,0.2,1,1,0,819.2051696,-234,0,0,0,1;
custom,cuboid,default,10.8,2.4,1.2,1,0,0,0.2,1,1,0,903.2051696,-234,0,0,0,1;
custom,cuboid,default,2.4,10.8,1.2,1,0,0,0.2,1,1,42,861.2051696,-234,0,0,0,1;
custom,cuboid,default,2.4,10.8,1.2,1,0,0,0.2,1,1,-42,861.2051696,-234,0,0,0,1;

custom,cuboid,bombtex,6,2.4,3.63,1,0.5,0,1,10000,10000,0,819.2051696,-210,0,0,0,1;
custom,cuboid,bombtex,6,2.4,3.63,1,0.5,0,1,10000,10000,0,903.2051696,-210,0,0,0,1;
custom,cuboid,bombtex,2.4,6,3.63,1,1,1,0.5,10000,10000,42,861.2051696,-210,0,0,0,1;
custom,cuboid,bombtex,2.4,6,3.63,1,1,1,0.5,10000,10000,-42,861.2051696,-210,0,0,0,1;



racing,killprism,6,6,3.464118,-1.2,845.181189,209.46306,0.5,-0.5,0.5,0.5;
racing,killprism,6,6,3.464118,-1.1999999,877.229139,150.53694,0.5,-0.5,-0.5,-0.5000001;
racing,killprism,6,6,3.464118,-1.2,845.181189,89.46306,0.5,-0.5,0.5,0.5;
racing,killprism,6,6,3.464118,1.1999994,941.1811886,270.5369407,-0.5000002,-0.4999998,0.5,-0.5000001;
racing,killprism,6,6,3.464118,1.2000003,973.2291386,209.46324,-0.5000001,-0.4999999,-0.5000001,0.4999999;
racing,killprism,6,6,3.464118,-1.1999999,877.229139,270.53694,0.5,-0.5,-0.5,-0.5000001;
racing,killprism,6,6,3.464118,1.1999994,941.1811886,150.5369407,-0.5000002,-0.4999998,0.5,-0.5000001;
racing,killprism,6,6,3.464118,1.2000003,973.2291386,89.46324,-0.5000001,-0.4999999,-0.5000001,0.4999999;
racing,killprism,6,6,3.464118,-1.2,833.181189,329.46306,0.5,-0.5,0.5,0.5;
racing,killprism,6,6,3.464118,1.2000003,985.2291386,329.46306,-0.5000001,-0.4999999,-0.5000001,0.4999999;
racing,killprism,6,6,3.464118,1.2000002,939.7421041,376.0239748,-1e-7,1e-7,-0.7071068,0.7071068;
racing,killprism,6,6,3.464118,1.2000002,879.7420201,376.0239748,-1e-7,1e-7,-0.7071068,0.7071068;
racing,killprism,4.242636,6,2.4495056,1.2000002,990.9247061,382.2564816,0.6532815,0.6532815,-0.270598,0.2705982;
racing,killprism,4.242636,6,2.4495056,1.2000002,826.9486828,381.7195423,0.6532815,0.6532814,0.2705983,-0.2705981;



custom,prism,default,6,1.2,3.464118,1,0,0,0,0,0,35.76,833.181189,329.46306,0.5,-0.5,0.5,0.5;
custom,prism,default,6,1.2,3.464118,1,0,0,0,0,0,36.2400003,985.2291389,329.46306,-0.5000001,-0.4999999,-0.5000001,0.4999999;
custom,prism,default,6,1.2,3.464118,1,0,0,0,0,0,36.2400002,939.742104,376.023975,-1e-7,1e-7,-0.7071068,0.7071068;
custom,prism,default,6,1.2,3.464118,1,0,0,0,0,0,36.2400002,879.74202,376.023975,-1e-7,1e-7,-0.7071068,0.7071068;
custom,prism,default,4.242636,1.2,2.4495056,1,0,0,0,0,0,36.2400002,990.924706,382.2564814,0.6532815,0.6532815,-0.270598,0.2705982;
custom,prism,default,4.242636,1.2,2.4495056,1,0,0,0,0,0,36.2400002,826.9486829,381.7195421,0.6532815,0.6532814,0.2705983,-0.2705981;
custom,prism,default,6,1.2,3.464118,1,0,0,0,0,0,-36.24,833.181189,329.46306,0.5,-0.5,0.5,0.5;
custom,prism,default,6,1.2,3.464118,1,0,0,0,0,0,-35.7599997,985.2291389,329.46306,-0.5000001,-0.4999999,-0.5000001,0.4999999;
custom,prism,default,6,1.2,3.464118,1,0,0,0,0,0,-35.7599998,939.742104,376.023975,-1e-7,1e-7,-0.7071068,0.7071068;
custom,prism,default,6,1.2,3.464118,1,0,0,0,0,0,-35.7599998,879.74202,376.023975,-1e-7,1e-7,-0.7071068,0.7071068;
custom,prism,default,4.242636,1.2,2.4495056,1,0,0,0,0,0,-35.7599998,990.924706,382.2564814,0.6532815,0.6532815,-0.270598,0.2705982;
custom,prism,default,4.242636,1.2,2.4495056,1,0,0,0,0,0,-35.7599998,826.9486829,381.7195421,0.6532815,0.6532814,0.2705983,-0.2705981;













custom,cuboid,default,0.96,0.096,4.8,1,0.2,0,0.2,1,1,130.8,884.725164,-282.000096,0,0,0,1;
custom,cuboid,default,0.96,0.096,4.8,1,0.2,0,0.2,1,1,130.8,861.20508,-305.520084,-0.70711,0,0,0.70711;
custom,cuboid,default,0.96,0.096,4.8,1,0.2,0,0.2,1,1,130.8,837.685092,-282,1,0,0,0;
custom,cuboid,default,0.96,0.096,4.8,1,0.2,0,0.2,1,1,130.8,861.205164,-258.480012,0.70711,0,0,0.70711;
custom,cuboid,default,0.96,0.672,0.672,1,0.2,0,0.2,1,1,130.8,868.923528,-274.281648,-0.38268,0,0,0.92388;
custom,cuboid,default,0.96,0.672,0.672,1,0.2,0,0.2,1,1,130.8,868.923528,-289.718448,-0.92388,0,0,0.38268;
custom,cuboid,default,0.96,0.672,0.672,1,0.2,0,0.2,1,1,130.8,853.486728,-289.718448,0.92388,0,0,0.38268;
custom,cuboid,default,0.96,0.672,0.672,1,0.2,0,0.2,1,1,130.8,853.486728,-274.281648,0.38268,0,0,0.92388;

custom,cuboid,default,0.96,0.096,4.8,1,0.4,0,0.4,1,1,178.8,884.725164,-282.000096,0,0,0,1;
custom,cuboid,default,0.96,0.096,4.8,1,0.4,0,0.4,1,1,178.8,861.20508,-305.520084,-0.70711,0,0,0.70711;
custom,cuboid,default,0.96,0.096,4.8,1,0.4,0,0.4,1,1,178.8,837.685092,-282,1,0,0,0;
custom,cuboid,default,0.96,0.096,4.8,1,0.4,0,0.4,1,1,178.8,861.205164,-258.480012,0.70711,0,0,0.70711;
custom,cuboid,default,0.96,0.672,0.672,1,0.4,0,0.4,1,1,178.8,868.923528,-274.281648,-0.38268,0,0,0.92388;
custom,cuboid,default,0.96,0.672,0.672,1,0.4,0,0.4,1,1,178.8,868.923528,-289.718448,-0.92388,0,0,0.38268;
custom,cuboid,default,0.96,0.672,0.672,1,0.4,0,0.4,1,1,178.8,853.486728,-289.718448,0.92388,0,0,0.38268;
custom,cuboid,default,0.96,0.672,0.672,1,0.4,0,0.4,1,1,178.8,853.486728,-274.281648,0.38268,0,0,0.92388;

custom,cuboid,default,0.96,0.096,4.8,1,0.6,0,0.6,1,1,226.8,861.205164,-258.480012,0.70711,0,0,0.70711;
custom,cuboid,default,0.96,0.096,4.8,1,0.6,0,0.6,1,1,226.8,837.685092,-282,1,0,0,0;
custom,cuboid,default,0.96,0.096,4.8,1,0.6,0,0.6,1,1,226.8,884.725164,-282.000096,0,0,0,1;
custom,cuboid,default,0.96,0.096,4.8,1,0.6,0,0.6,1,1,226.8,861.20508,-305.520084,-0.70711,0,0,0.70711;
custom,cuboid,default,0.96,0.672,0.672,1,0.6,0,0.6,1,1,226.8,853.486728,-289.718448,0.92388,0,0,0.38268;
custom,cuboid,default,0.96,0.672,0.672,1,0.6,0,0.6,1,1,226.8,868.923528,-274.281648,-0.38268,0,0,0.92388;
custom,cuboid,default,0.96,0.672,0.672,1,0.6,0,0.6,1,1,226.8,868.923528,-289.718448,-0.92388,0,0,0.38268;
custom,cuboid,default,0.96,0.672,0.672,1,0.6,0,0.6,1,1,226.8,853.486728,-274.281648,0.38268,0,0,0.92388;

custom,cuboid,default,0.96,0.096,4.8,1,0.8,0,0.8,1,1,274.8,884.725164,-282.000096,0,0,0,1;
custom,cuboid,default,0.96,0.096,4.8,1,0.8,0,0.8,1,1,274.8,861.20508,-305.520084,-0.70711,0,0,0.70711;
custom,cuboid,default,0.96,0.096,4.8,1,0.8,0,0.8,1,1,274.8,837.685092,-282,1,0,0,0;
custom,cuboid,default,0.96,0.096,4.8,1,0.8,0,0.8,1,1,274.8,861.205164,-258.480012,0.70711,0,0,0.70711;
custom,cuboid,default,0.96,0.672,0.672,1,0.8,0,0.8,1,1,274.8,868.923528,-274.281648,-0.38268,0,0,0.92388;
custom,cuboid,default,0.96,0.672,0.672,1,0.8,0,0.8,1,1,274.8,868.923528,-289.718448,-0.92388,0,0,0.38268;
custom,cuboid,default,0.96,0.672,0.672,1,0.8,0,0.8,1,1,274.8,853.486728,-289.718448,0.92388,0,0,0.38268;
custom,cuboid,default,0.96,0.672,0.672,1,0.8,0,0.8,1,1,274.8,853.486728,-274.281648,0.38268,0,0,0.92388;

custom,cuboid,default,0.96,0.096,4.8,1,1,0,1,1,1,322.8,884.725164,-282.000096,0,0,0,1;
custom,cuboid,default,0.96,0.096,4.8,1,1,0,1,1,1,322.8,861.20508,-305.520084,-0.70711,0,0,0.70711;
custom,cuboid,default,0.96,0.096,4.8,1,1,0,1,1,1,322.8,837.685092,-282,1,0,0,0;
custom,cuboid,default,0.96,0.096,4.8,1,1,0,1,1,1,322.8,861.205164,-258.480012,0.70711,0,0,0.70711;
custom,cuboid,default,0.96,0.672,0.672,1,1,0,1,1,1,322.8,868.923528,-274.281648,-0.38268,0,0,0.92388;
custom,cuboid,default,0.96,0.672,0.672,1,1,0,1,1,1,322.8,868.923528,-289.718448,-0.92388,0,0,0.38268;
custom,cuboid,default,0.96,0.672,0.672,1,1,0,1,1,1,322.8,853.486728,-289.718448,0.92388,0,0,0.38268;
custom,cuboid,default,0.96,0.672,0.672,1,1,0,1,1,1,322.8,853.486728,-274.281648,0.38268,0,0,0.92388;

custom,arc180,default,0.857148,1.92,0.857142,1,0.6,0,0.6,1,1,227.0112,880.9224476,-297.5931376,-0.70711,0.70711,0,0;
custom,arc180,default,0.857148,1.92,0.857142,1,0.6,0,0.6,1,1,227.0112,872.3449084,-297.2641664,0,0,0.70711,0.70711;
custom,arc180,default,0.857148,1.92,0.857142,1,0.6,0,0.6,1,1,227.0112,880.9224476,-266.7360136,-0.70711,0.70711,0,0;
custom,arc180,default,0.857148,1.92,0.857142,1,0.6,0,0.6,1,1,227.0112,872.3449084,-266.4070424,0,0,0.70711,0.70711;
custom,arc180,default,0.857148,1.92,0.857142,1,0.6,0,0.6,1,1,227.0112,880.9224476,-282.1727296,-0.70711,0.70711,0,0;
custom,arc180,default,0.857148,1.92,0.857142,1,0.6,0,0.6,1,1,227.0112,872.3449084,-281.8437584,0,0,0.70711,0.70711;
custom,arc180,default,0.857148,1.92,0.857142,1,0.6,0,0.6,1,1,227.0112,850.0653356,-297.5931376,-0.70711,0.70711,0,0;
custom,arc180,default,0.857148,1.92,0.857142,1,0.6,0,0.6,1,1,227.0112,841.4877964,-297.2641664,0,0,0.70711,0.70711;
custom,arc180,default,0.857148,1.92,0.857142,1,0.6,0,0.6,1,1,227.0112,850.0653356,-266.7360136,-0.70711,0.70711,0,0;
custom,arc180,default,0.857148,1.92,0.857142,1,0.6,0,0.6,1,1,227.0112,841.4877964,-266.4070424,0,0,0.70711,0.70711;
custom,arc180,default,0.857148,1.92,0.857142,1,0.6,0,0.6,1,1,227.0112,850.0653356,-282.1727296,-0.70711,0.70711,0,0;
custom,arc180,default,0.857148,1.92,0.857142,1,0.6,0,0.6,1,1,227.0112,841.4877964,-281.8437584,0,0,0.70711,0.70711;
custom,arc180,default,0.857148,1.92,0.857142,1,0.6,0,0.6,1,1,227.0112,865.5022196,-297.5931376,-0.70711,0.70711,0,0;
custom,arc180,default,0.857148,1.92,0.857142,1,0.6,0,0.6,1,1,227.0112,856.9246924,-297.2641664,0,0,0.70711,0.70711;
custom,arc180,default,0.857148,1.92,0.857142,1,0.6,0,0.6,1,1,227.0112,865.5022196,-266.7360136,-0.70711,0.70711,0,0;
custom,arc180,default,0.857148,1.92,0.857142,1,0.6,0,0.6,1,1,227.0112,856.9246924,-266.4070424,0,0,0.70711,0.70711;
custom,arc180,default,0.857148,1.92,0.857142,1,0.6,0,0.6,1,1,227.0112,865.5022196,-282.1727296,-0.70711,0.70711,0,0;
custom,arc180,default,0.857148,1.92,0.857142,1,0.6,0,0.6,1,1,227.0112,856.9246924,-281.8437584,0,0,0.70711,0.70711;
custom,arc180,default,0.857148,1.92,0.857142,1,0.8,0,0.8,1,1,275.0112,880.9224476,-297.5931376,-0.70711,0.70711,0,0;
custom,arc180,default,0.857148,1.92,0.857142,1,0.8,0,0.8,1,1,275.0112,872.3449084,-297.2641664,0,0,0.70711,0.70711;
custom,arc180,default,0.857148,1.92,0.857142,1,0.8,0,0.8,1,1,275.0112,880.9224476,-266.7360136,-0.70711,0.70711,0,0;
custom,arc180,default,0.857148,1.92,0.857142,1,0.8,0,0.8,1,1,275.0112,872.3449084,-266.4070424,0,0,0.70711,0.70711;
custom,arc180,default,0.857148,1.92,0.857142,1,0.8,0,0.8,1,1,275.0112,880.9224476,-282.1727296,-0.70711,0.70711,0,0;
custom,arc180,default,0.857148,1.92,0.857142,1,0.8,0,0.8,1,1,275.0112,872.3449084,-281.8437584,0,0,0.70711,0.70711;
custom,arc180,default,0.857148,1.92,0.857142,1,0.8,0,0.8,1,1,275.0112,850.0653356,-297.5931376,-0.70711,0.70711,0,0;
custom,arc180,default,0.857148,1.92,0.857142,1,0.8,0,0.8,1,1,275.0112,841.4877964,-297.2641664,0,0,0.70711,0.70711;
custom,arc180,default,0.857148,1.92,0.857142,1,0.8,0,0.8,1,1,275.0112,850.0653356,-266.7360136,-0.70711,0.70711,0,0;
custom,arc180,default,0.857148,1.92,0.857142,1,0.8,0,0.8,1,1,275.0112,841.4877964,-266.4070424,0,0,0.70711,0.70711;
custom,arc180,default,0.857148,1.92,0.857142,1,0.8,0,0.8,1,1,275.0112,850.0653356,-282.1727296,-0.70711,0.70711,0,0;
custom,arc180,default,0.857148,1.92,0.857142,1,0.8,0,0.8,1,1,275.0112,841.4877964,-281.8437584,0,0,0.70711,0.70711;
custom,arc180,default,0.857148,1.92,0.857142,1,0.8,0,0.8,1,1,275.0112,865.5022196,-297.5931376,-0.70711,0.70711,0,0;
custom,arc180,default,0.857148,1.92,0.857142,1,0.8,0,0.8,1,1,275.0112,856.9246924,-297.2641664,0,0,0.70711,0.70711;
custom,arc180,default,0.857148,1.92,0.857142,1,0.8,0,0.8,1,1,275.0112,865.5022196,-266.7360136,-0.70711,0.70711,0,0;
custom,arc180,default,0.857148,1.92,0.857142,1,0.8,0,0.8,1,1,275.0112,856.9246924,-266.4070424,0,0,0.70711,0.70711;
custom,arc180,default,0.857148,1.92,0.857142,1,0.8,0,0.8,1,1,275.0112,865.5022196,-282.1727296,-0.70711,0.70711,0,0;
custom,arc180,default,0.857148,1.92,0.857142,1,0.8,0,0.8,1,1,275.0112,856.9246924,-281.8437584,0,0,0.70711,0.70711;
custom,arc180,default,0.857148,1.92,0.857142,1,0.4,0,0.4,1,1,179.0112,880.9224476,-297.5931376,-0.70711,0.70711,0,0;
custom,arc180,default,0.857148,1.92,0.857142,1,0.4,0,0.4,1,1,179.0112,872.3449084,-297.2641664,0,0,0.70711,0.70711;
custom,arc180,default,0.857148,1.92,0.857142,1,0.4,0,0.4,1,1,179.0112,880.9224476,-266.7360136,-0.70711,0.70711,0,0;
custom,arc180,default,0.857148,1.92,0.857142,1,0.4,0,0.4,1,1,179.0112,872.3449084,-266.4070424,0,0,0.70711,0.70711;
custom,arc180,default,0.857148,1.92,0.857142,1,0.4,0,0.4,1,1,179.0112,880.9224476,-282.1727296,-0.70711,0.70711,0,0;
custom,arc180,default,0.857148,1.92,0.857142,1,0.4,0,0.4,1,1,179.0112,872.3449084,-281.8437584,0,0,0.70711,0.70711;
custom,arc180,default,0.857148,1.92,0.857142,1,0.4,0,0.4,1,1,179.0112,850.0653356,-297.5931376,-0.70711,0.70711,0,0;
custom,arc180,default,0.857148,1.92,0.857142,1,0.4,0,0.4,1,1,179.0112,841.4877964,-297.2641664,0,0,0.70711,0.70711;
custom,arc180,default,0.857148,1.92,0.857142,1,0.4,0,0.4,1,1,179.0112,850.0653356,-266.7360136,-0.70711,0.70711,0,0;
custom,arc180,default,0.857148,1.92,0.857142,1,0.4,0,0.4,1,1,179.0112,841.4877964,-266.4070424,0,0,0.70711,0.70711;
custom,arc180,default,0.857148,1.92,0.857142,1,0.4,0,0.4,1,1,179.0112,850.0653356,-282.1727296,-0.70711,0.70711,0,0;
custom,arc180,default,0.857148,1.92,0.857142,1,0.4,0,0.4,1,1,179.0112,841.4877964,-281.8437584,0,0,0.70711,0.70711;
custom,arc180,default,0.857148,1.92,0.857142,1,0.4,0,0.4,1,1,179.0112,865.5022196,-297.5931376,-0.70711,0.70711,0,0;
custom,arc180,default,0.857148,1.92,0.857142,1,0.4,0,0.4,1,1,179.0112,856.9246924,-297.2641664,0,0,0.70711,0.70711;
custom,arc180,default,0.857148,1.92,0.857142,1,0.4,0,0.4,1,1,179.0112,865.5022196,-266.7360136,-0.70711,0.70711,0,0;
custom,arc180,default,0.857148,1.92,0.857142,1,0.4,0,0.4,1,1,179.0112,856.9246924,-266.4070424,0,0,0.70711,0.70711;
custom,arc180,default,0.857148,1.92,0.857142,1,0.4,0,0.4,1,1,179.0112,865.5022196,-282.1727296,-0.70711,0.70711,0,0;
custom,arc180,default,0.857148,1.92,0.857142,1,0.4,0,0.4,1,1,179.0112,856.9246924,-281.8437584,0,0,0.70711,0.70711;
custom,arc180,default,0.857148,1.92,0.857142,1,0.2,0,0.2,1,1,131.0112,880.9224476,-297.5931376,-0.70711,0.70711,0,0;
custom,arc180,default,0.857148,1.92,0.857142,1,0.2,0,0.2,1,1,131.0112,872.3449084,-297.2641664,0,0,0.70711,0.70711;
custom,arc180,default,0.857148,1.92,0.857142,1,0.2,0,0.2,1,1,131.0112,880.9224476,-266.7360136,-0.70711,0.70711,0,0;
custom,arc180,default,0.857148,1.92,0.857142,1,0.2,0,0.2,1,1,131.0112,872.3449084,-266.4070424,0,0,0.70711,0.70711;
custom,arc180,default,0.857148,1.92,0.857142,1,0.2,0,0.2,1,1,131.0112,880.9224476,-282.1727296,-0.70711,0.70711,0,0;
custom,arc180,default,0.857148,1.92,0.857142,1,0.2,0,0.2,1,1,131.0112,872.3449084,-281.8437584,0,0,0.70711,0.70711;
custom,arc180,default,0.857148,1.92,0.857142,1,0.2,0,0.2,1,1,131.0112,850.0653356,-297.5931376,-0.70711,0.70711,0,0;
custom,arc180,default,0.857148,1.92,0.857142,1,0.2,0,0.2,1,1,131.0112,841.4877964,-297.2641664,0,0,0.70711,0.70711;
custom,arc180,default,0.857148,1.92,0.857142,1,0.2,0,0.2,1,1,131.0112,850.0653356,-266.7360136,-0.70711,0.70711,0,0;
custom,arc180,default,0.857148,1.92,0.857142,1,0.2,0,0.2,1,1,131.0112,841.4877964,-266.4070424,0,0,0.70711,0.70711;
custom,arc180,default,0.857148,1.92,0.857142,1,0.2,0,0.2,1,1,131.0112,850.0653356,-282.1727296,-0.70711,0.70711,0,0;
custom,arc180,default,0.857148,1.92,0.857142,1,0.2,0,0.2,1,1,131.0112,841.4877964,-281.8437584,0,0,0.70711,0.70711;
custom,arc180,default,0.857148,1.92,0.857142,1,0.2,0,0.2,1,1,131.0112,865.5022196,-297.5931376,-0.70711,0.70711,0,0;
custom,arc180,default,0.857148,1.92,0.857142,1,0.2,0,0.2,1,1,131.0112,856.9246924,-297.2641664,0,0,0.70711,0.70711;
custom,arc180,default,0.857148,1.92,0.857142,1,0.2,0,0.2,1,1,131.0112,865.5022196,-266.7360136,-0.70711,0.70711,0,0;
custom,arc180,default,0.857148,1.92,0.857142,1,0.2,0,0.2,1,1,131.0112,856.9246924,-266.4070424,0,0,0.70711,0.70711;
custom,arc180,default,0.857148,1.92,0.857142,1,0.2,0,0.2,1,1,131.0112,865.5022196,-282.1727296,-0.70711,0.70711,0,0;
custom,arc180,default,0.857148,1.92,0.857142,1,0.2,0,0.2,1,1,131.0112,856.9246924,-281.8437584,0,0,0.70711,0.70711;
custom,arc180,default,0.857148,1.92,0.857142,1,1,0,1,1,1,323.011176,880.9224476,-297.5931376,-0.70711,0.70711,0,0;
custom,arc180,default,0.857148,1.92,0.857142,1,1,0,1,1,1,323.011176,872.3449084,-297.2641664,0,0,0.70711,0.70711;
custom,arc180,default,0.857148,1.92,0.857142,1,1,0,1,1,1,323.011176,880.9224476,-266.7360136,-0.70711,0.70711,0,0;
custom,arc180,default,0.857148,1.92,0.857142,1,1,0,1,1,1,323.011176,872.3449084,-266.4070424,0,0,0.70711,0.70711;
custom,arc180,default,0.857148,1.92,0.857142,1,1,0,1,1,1,323.011176,880.9224476,-282.1727296,-0.70711,0.70711,0,0;
custom,arc180,default,0.857148,1.92,0.857142,1,1,0,1,1,1,323.011176,872.3449084,-281.8437584,0,0,0.70711,0.70711;
custom,arc180,default,0.857148,1.92,0.857142,1,1,0,1,1,1,323.011176,850.0653356,-297.5931376,-0.70711,0.70711,0,0;
custom,arc180,default,0.857148,1.92,0.857142,1,1,0,1,1,1,323.011176,841.4877964,-297.2641664,0,0,0.70711,0.70711;
custom,arc180,default,0.857148,1.92,0.857142,1,1,0,1,1,1,323.011176,850.0653356,-266.7360136,-0.70711,0.70711,0,0;
custom,arc180,default,0.857148,1.92,0.857142,1,1,0,1,1,1,323.011176,841.4877964,-266.4070424,0,0,0.70711,0.70711;
custom,arc180,default,0.857148,1.92,0.857142,1,1,0,1,1,1,323.011176,850.0653356,-282.1727296,-0.70711,0.70711,0,0;
custom,arc180,default,0.857148,1.92,0.857142,1,1,0,1,1,1,323.011176,841.4877964,-281.8437584,0,0,0.70711,0.70711;
custom,arc180,default,0.857148,1.92,0.857142,1,1,0,1,1,1,323.011176,865.5022196,-297.5931376,-0.70711,0.70711,0,0;
custom,arc180,default,0.857148,1.92,0.857142,1,1,0,1,1,1,323.011176,856.9246924,-297.2641664,0,0,0.70711,0.70711;
custom,arc180,default,0.857148,1.92,0.857142,1,1,0,1,1,1,323.011176,865.5022196,-266.7360136,-0.70711,0.70711,0,0;
custom,arc180,default,0.857148,1.92,0.857142,1,1,0,1,1,1,323.011176,856.9246924,-266.4070424,0,0,0.70711,0.70711;
custom,arc180,default,0.857148,1.92,0.857142,1,1,0,1,1,1,323.011176,865.5022196,-282.1727296,-0.70711,0.70711,0,0;
custom,arc180,default,0.857148,1.92,0.857142,1,1,0,1,1,1,323.011176,856.9246924,-281.8437584,0,0,0.70711,0.70711;



















custom,prism,default,1.543668,0.96,0.6109873,1,0.6,0,0.6,1,1,226.992,882.7400806,-274.4280348,-0.5,-0.5,-0.5,0.5;
custom,prism,default,1.543668,0.96,0.6109873,1,0.6,0,0.6,1,1,226.992,882.7400806,-289.8484428,-0.5,-0.5,-0.5,0.5;
custom,prism,default,1.543668,0.96,0.6109873,1,0.6,0,0.6,1,1,226.992,868.7771411,-303.5350006,-0.70711,-0.70711,0,0;
custom,prism,default,1.543668,0.96,0.6109873,1,0.6,0,0.6,1,1,226.992,853.3567331,-303.5350006,-0.70711,-0.70711,0,0;
custom,prism,default,1.543668,0.96,0.6109873,1,0.6,0,0.6,1,1,226.992,839.6701634,-289.5721572,0.5,0.5,-0.5,0.5;
custom,prism,default,1.543668,0.96,0.6109873,1,0.6,0,0.6,1,1,226.992,839.6701634,-274.1517492,0.5,0.5,-0.5,0.5;
custom,prism,default,1.543668,0.96,0.6109873,1,0.6,0,0.6,1,1,226.992,853.6331029,-260.4650834,0,0,-0.70711,0.70711;
custom,prism,default,1.543668,0.96,0.6109873,1,0.6,0,0.6,1,1,226.992,869.0535229,-260.4650834,0,0,-0.70711,0.70711;
custom,prism,default,0.96,0.96,0.5542589,1,0.6,0,0.6,1,1,226.992,883.4529503,-304.1263866,0.2706,0.2706,-0.65328,0.65328;
custom,prism,default,0.96,0.96,0.5542589,1,0.6,0,0.6,1,1,226.992,839.0787894,-304.2478823,-0.2706,-0.2706,-0.65328,0.65328;
custom,prism,default,0.96,0.96,0.5542589,1,0.6,0,0.6,1,1,226.992,838.9572937,-259.8738054,-0.65328,-0.65328,-0.2706,0.2706;
custom,prism,default,0.96,0.96,0.5542589,1,0.6,0,0.6,1,1,226.992,883.3314546,-259.7523097,-0.65328,-0.65328,0.2706,-0.2706;
custom,prism,default,1.543668,0.96,0.6109873,1,0.8,0,0.8,1,1,274.992,882.7400806,-274.4280348,-0.5,-0.5,-0.5,0.5;
custom,prism,default,1.543668,0.96,0.6109873,1,0.8,0,0.8,1,1,274.992,882.7400806,-289.8484428,-0.5,-0.5,-0.5,0.5;
custom,prism,default,1.543668,0.96,0.6109873,1,0.8,0,0.8,1,1,274.992,868.7771411,-303.5350006,-0.70711,-0.70711,0,0;
custom,prism,default,1.543668,0.96,0.6109873,1,0.8,0,0.8,1,1,274.992,853.3567331,-303.5350006,-0.70711,-0.70711,0,0;
custom,prism,default,1.543668,0.96,0.6109873,1,0.8,0,0.8,1,1,274.992,839.6701634,-289.5721572,0.5,0.5,-0.5,0.5;
custom,prism,default,1.543668,0.96,0.6109873,1,0.8,0,0.8,1,1,274.992,839.6701634,-274.1517492,0.5,0.5,-0.5,0.5;
custom,prism,default,1.543668,0.96,0.6109873,1,0.8,0,0.8,1,1,274.992,853.6331029,-260.4650834,0,0,-0.70711,0.70711;
custom,prism,default,1.543668,0.96,0.6109873,1,0.8,0,0.8,1,1,274.992,869.0535229,-260.4650834,0,0,-0.70711,0.70711;
custom,prism,default,0.96,0.96,0.5542589,1,0.8,0,0.8,1,1,274.992,883.4529503,-304.1263866,0.2706,0.2706,-0.65328,0.65328;
custom,prism,default,0.96,0.96,0.5542589,1,0.8,0,0.8,1,1,274.992,839.0787894,-304.2478823,-0.2706,-0.2706,-0.65328,0.65328;
custom,prism,default,0.96,0.96,0.5542589,1,0.8,0,0.8,1,1,274.992,838.9572937,-259.8738054,-0.65328,-0.65328,-0.2706,0.2706;
custom,prism,default,0.96,0.96,0.5542589,1,0.8,0,0.8,1,1,274.992,883.3314546,-259.7523097,-0.65328,-0.65328,0.2706,-0.2706;
custom,prism,default,1.543668,0.96,0.6109873,1,0.4,0,0.4,1,1,178.992,882.7400806,-274.4280348,-0.5,-0.5,-0.5,0.5;
custom,prism,default,1.543668,0.96,0.6109873,1,0.4,0,0.4,1,1,178.992,882.7400806,-289.8484428,-0.5,-0.5,-0.5,0.5;
custom,prism,default,1.543668,0.96,0.6109873,1,0.4,0,0.4,1,1,178.992,868.7771411,-303.5350006,-0.70711,-0.70711,0,0;
custom,prism,default,1.543668,0.96,0.6109873,1,0.4,0,0.4,1,1,178.992,853.3567331,-303.5350006,-0.70711,-0.70711,0,0;
custom,prism,default,1.543668,0.96,0.6109873,1,0.4,0,0.4,1,1,178.992,839.6701634,-289.5721572,0.5,0.5,-0.5,0.5;
custom,prism,default,1.543668,0.96,0.6109873,1,0.4,0,0.4,1,1,178.992,839.6701634,-274.1517492,0.5,0.5,-0.5,0.5;
custom,prism,default,1.543668,0.96,0.6109873,1,0.4,0,0.4,1,1,178.992,853.6331029,-260.4650834,0,0,-0.70711,0.70711;
custom,prism,default,1.543668,0.96,0.6109873,1,0.4,0,0.4,1,1,178.992,869.0535229,-260.4650834,0,0,-0.70711,0.70711;
custom,prism,default,0.96,0.96,0.5542589,1,0.4,0,0.4,1,1,178.992,883.4529503,-304.1263866,0.2706,0.2706,-0.65328,0.65328;
custom,prism,default,0.96,0.96,0.5542589,1,0.4,0,0.4,1,1,178.992,839.0787894,-304.2478823,-0.2706,-0.2706,-0.65328,0.65328;
custom,prism,default,0.96,0.96,0.5542589,1,0.4,0,0.4,1,1,178.992,838.9572937,-259.8738054,-0.65328,-0.65328,-0.2706,0.2706;
custom,prism,default,0.96,0.96,0.5542589,1,0.4,0,0.4,1,1,178.992,883.3314546,-259.7523097,-0.65328,-0.65328,0.2706,-0.2706;
custom,prism,default,1.543668,0.96,0.6109873,1,0.2,0,0.2,1,1,130.992,882.7400806,-274.4280348,-0.5,-0.5,-0.5,0.5;
custom,prism,default,1.543668,0.96,0.6109873,1,0.2,0,0.2,1,1,130.992,882.7400806,-289.8484428,-0.5,-0.5,-0.5,0.5;
custom,prism,default,1.543668,0.96,0.6109873,1,0.2,0,0.2,1,1,130.992,868.7771411,-303.5350006,-0.70711,-0.70711,0,0;
custom,prism,default,1.543668,0.96,0.6109873,1,0.2,0,0.2,1,1,130.992,853.3567331,-303.5350006,-0.70711,-0.70711,0,0;
custom,prism,default,1.543668,0.96,0.6109873,1,0.2,0,0.2,1,1,130.992,839.6701634,-289.5721572,0.5,0.5,-0.5,0.5;
custom,prism,default,1.543668,0.96,0.6109873,1,0.2,0,0.2,1,1,130.992,839.6701634,-274.1517492,0.5,0.5,-0.5,0.5;
custom,prism,default,1.543668,0.96,0.6109873,1,0.2,0,0.2,1,1,130.992,853.6331029,-260.4650834,0,0,-0.70711,0.70711;
custom,prism,default,1.543668,0.96,0.6109873,1,0.2,0,0.2,1,1,130.992,869.0535229,-260.4650834,0,0,-0.70711,0.70711;
custom,prism,default,0.96,0.96,0.5542589,1,0.2,0,0.2,1,1,130.992,883.4529503,-304.1263866,0.2706,0.2706,-0.65328,0.65328;
custom,prism,default,0.96,0.96,0.5542589,1,0.2,0,0.2,1,1,130.992,839.0787894,-304.2478823,-0.2706,-0.2706,-0.65328,0.65328;
custom,prism,default,0.96,0.96,0.5542589,1,0.2,0,0.2,1,1,130.992,838.9572937,-259.8738054,-0.65328,-0.65328,-0.2706,0.2706;
custom,prism,default,0.96,0.96,0.5542589,1,0.2,0,0.2,1,1,130.992,883.3314546,-259.7523097,-0.65328,-0.65328,0.2706,-0.2706;




















































racing,killcuboid,0.96,0.6,6,322.8,888.205164,-282.000096,0,0,0,1;
racing,killcuboid,0.96,0.6,6,322.8,834.205164,-282.000096,0,0,0,1;
racing,killcuboid,0.96,0.6,6,322.8,861.205164,-309.000096,-0.70711,0,0,0.70711;
racing,killcuboid,0.96,0.6,6,322.8,861.205164,-255.000096,-0.70711,0,0,0.70711;
racing,killcuboid,0.96,0.6,6,274.8,888.205164,-282.000096,0,0,0,1;
racing,killcuboid,0.96,0.6,6,274.8,834.205164,-282.000096,0,0,0,1;
racing,killcuboid,0.96,0.6,6,274.8,861.205164,-309.000096,-0.70711,0,0,0.70711;
racing,killcuboid,0.96,0.6,6,274.8,861.205164,-255.000096,-0.70711,0,0,0.70711;
racing,killcuboid,0.96,0.6,6,226.8,888.205164,-282.000096,0,0,0,1;
racing,killcuboid,0.96,0.6,6,226.8,834.205164,-282.000096,0,0,0,1;
racing,killcuboid,0.96,0.6,6,226.8,861.205164,-309.000096,-0.70711,0,0,0.70711;
racing,killcuboid,0.96,0.6,6,226.8,861.205164,-255.000096,-0.70711,0,0,0.70711;
racing,killcuboid,0.96,0.6,6,178.8,888.205164,-282.000096,0,0,0,1;
racing,killcuboid,0.96,0.6,6,178.8,834.205164,-282.000096,0,0,0,1;
racing,killcuboid,0.96,0.6,6,178.8,861.205164,-309.000096,-0.70711,0,0,0.70711;
racing,killcuboid,0.96,0.6,6,178.8,861.205164,-255.000096,-0.70711,0,0,0.70711;
racing,killcuboid,0.96,0.6,6,130.8,888.205164,-282.000096,0,0,0,1;
racing,killcuboid,0.96,0.6,6,130.8,834.205164,-282.000096,0,0,0,1;
racing,killcuboid,0.96,0.6,6,130.8,861.205164,-309.000096,-0.70711,0,0,0.70711;
racing,killcuboid,0.96,0.6,6,130.8,861.205164,-255.000096,-0.70711,0,0,0.70711;





custom,cuboid,default,12,6,2.4,1,0,0,0,1,1,202.4900436,861.2051696,-836.7822876,0,1,0,0;
custom,cuboid,arena2tex,12,6,2.4,1,0.5,1,1,1,30,202.4900436,861.2051696,-752.9999543,0,1,0,0;
custom,cuboid,arena2tex,12,6,2.4,1,0.5,1,1,1,30,202.4900894,861.2051696,-1136.5645752,0,1,0,0;
custom,cuboid,default,12,6,2.4,1,0,0,0,1,1,202.4900665,861.2051696,-1052.7822876,0,1,0,0;
custom,cuboid,arena2tex,36,1.2,36,1,0.5,1,1,1,1,322.4900665,825.2051696,-944.782196,0,1,0,0;
custom,cuboid,arena2tex,36,2.4,36,1,0.5,1,1,1,1,322.4900665,903.2051696,-944.782196,0,1,0,0;
custom,cuboid,metal4,36,6,2.4,1,1,1,1,0.6,0.1,322.4900208,861.2051696,-731.7822419,0,1,0,0;
custom,cuboid,metal4,36,6,2.4,1,1,1,1,0.6,0.1,322.4900665,861.2051696,-1157.7822876,0,1,0,0;
custom,cuboid,metal4,2.4,6,40.2,1,1,1,1,0.6,0.1,490.4901124,861.2051696,-944.782196,0,1,0,0;

custom,cuboid,default,12,6,2.4,1,0,0,0,1,1,-157.5099564,861.2051696,-752.9999543,0,0,0,1;
custom,cuboid,arena2tex,12,6,2.4,1,0,0.5,1,1,30,-157.5099564,861.2051696,-836.7822876,0,0,0,1;
custom,cuboid,arena2tex,12,6,2.4,1,0,0.5,1,1,30,-157.5099792,861.2051696,-453.2177124,0,0,0,1;
custom,cuboid,default,12,6,2.4,1,0,0,0,1,1,-157.5099792,861.2051696,-537,0,0,0,1;
custom,cuboid,arena2tex,36,1.2,36,1,0,0.5,1,1,1,-277.5099335,825.2051696,-644.9999543,0,0,0,1;
custom,cuboid,arena2tex,36,2.4,36,1,0,0.5,1,1,1,-277.5099792,903.2051696,-645.0000457,0,0,0,1;
custom,cuboid,metal4,36,6,2.4,1,1,1,1,0.6,0.1,-277.5098876,861.2051696,-858,0,0,0,1;
custom,cuboid,metal4,36,6,2.4,1,1,1,1,0.6,0.1,-277.5099792,861.2051696,-432,0,0,0,1;
custom,cuboid,metal4,2.4,6,40.2,1,1,1,1,0.6,0.1,-445.5098876,861.2051696,-645.0000457,0,0,0,1;

custom,cuboid,default,12,6,2.4,1,0,0,0,1,1,-157.5098992,861.2051696,-1136.7822876,0,0,0,1;
custom,cuboid,arena2tex,12,6,2.4,1,1,1,0,1,30,-157.5098992,861.2051696,-1053,0,0,0,1;
custom,cuboid,arena2tex,12,6,2.4,1,1,1,0,1,30,-157.5098076,861.2051696,-1436.5643916,0,0,0,1;
custom,cuboid,default,12,6,2.4,1,0,0,0,1,1,-157.5098533,861.2051696,-1352.782104,0,0,0,1;
custom,cuboid,metal4,36,6,2.4,1,1,1,1,0.6,0.1,-277.5099335,861.2051696,-1031.7821045,0,0,0,1;
custom,cuboid,metal4,36,6,2.4,1,1,1,1,0.6,0.1,-277.5098419,861.2051696,-1457.782104,0,0,0,1;
custom,cuboid,arena2tex,36,2.4,36,1,1,1,0,1,1,-277.5098419,903.2051696,-1244.782104,0,0,0,1;
custom,cuboid,arena2tex,36,1.2,36,1,1,1,0,1,1,-277.5098876,825.2051696,-1244.782104,0,0,0,1;
custom,cuboid,metal4,2.4,6,40.2,1,1,1,1,0.6,0.1,-445.5098419,861.2051696,-1244.7821964,0,0,0,1;

custom,cuboid,default,12.06,6.06,2.34,1,0,0,0,0,0,202.4900436,861.2051696,-836.7822876,0,1,0,0;
custom,cuboid,default,12.06,6.06,2.34,1,0,0,0,0,0,202.4900436,861.2051696,-752.9999543,0,1,0,0;
custom,cuboid,default,12.06,6.06,2.34,1,0,0,0,0,0,202.4900894,861.2051696,-1136.5645752,0,1,0,0;
custom,cuboid,default,12.06,6.06,2.34,1,0,0,0,0,0,202.4900665,861.2051696,-1052.7822876,0,1,0,0;
custom,cuboid,default,36.06,1.14,45.06,1,0,0,0,0,0,322.4900665,825.2051696,-944.782196,0,1,0,0;
custom,cuboid,default,36.06,2.34,45.06,1,0,0,0,0,0,322.4900665,903.2051696,-944.782196,0,1,0,0;
custom,cuboid,default,36.06,6.06,2.34,1,0,0,0,0,0,322.4900208,861.2051696,-731.7822419,0,1,0,0;
custom,cuboid,default,36.06,6.06,2.34,1,0,0,0,0,0,322.4900665,861.2051696,-1157.7822876,0,1,0,0;

custom,cuboid,default,12.06,6.06,2.34,1,0,0,0,0,0,-157.5099564,861.2051696,-752.9999543,0,0,0,1;
custom,cuboid,default,12.06,6.06,2.34,1,0,0,0,0,0,-157.5099564,861.2051696,-836.7822876,0,0,0,1;
custom,cuboid,default,12.06,6.06,2.34,1,0,0,0,0,0,-157.5099792,861.2051696,-453.2177124,0,0,0,1;
custom,cuboid,default,12.06,6.06,2.34,1,0,0,0,0,0,-157.5099792,861.2051696,-537,0,0,0,1;
custom,cuboid,default,36.06,1.14,45.06,1,0,0,0,0,0,-277.5099335,825.2051696,-644.9999543,0,0,0,1;
custom,cuboid,default,36.06,2.34,45.06,1,0,0,0,0,0,-277.5099792,903.2051696,-645.0000457,0,0,0,1;
custom,cuboid,default,36.06,6.06,2.34,1,0,0,0,0,0,-277.5098876,861.2051696,-858,0,0,0,1;
custom,cuboid,default,36.06,6.06,2.34,1,0,0,0,0,0,-277.5099792,861.2051696,-432,0,0,0,1;

custom,cuboid,default,12.06,6.06,2.34,1,0,0,0,0,0,-157.5098992,861.2051696,-1136.7822876,0,0,0,1;
custom,cuboid,default,12.06,6.06,2.34,1,0,0,0,0,0,-157.5098992,861.2051696,-1053,0,0,0,1;
custom,cuboid,default,12.06,6.06,2.34,1,0,0,0,0,0,-157.5098076,861.2051696,-1436.5643916,0,0,0,1;
custom,cuboid,default,12.06,6.06,2.34,1,0,0,0,0,0,-157.5098533,861.2051696,-1352.782104,0,0,0,1;
custom,cuboid,default,36.06,6.06,2.34,1,0,0,0,0,0,-277.5099335,861.2051696,-1031.7821045,0,0,0,1;
custom,cuboid,default,36.06,6.06,2.34,1,0,0,0,0,0,-277.5098419,861.2051696,-1457.782104,0,0,0,1;
custom,cuboid,default,36.06,2.34,45.06,1,0,0,0,0,0,-277.5098419,903.2051696,-1244.782104,0,0,0,1;
custom,cuboid,default,36.06,1.14,45.06,1,0,0,0,0,0,-277.5098876,825.2051696,-1244.782104,0,0,0,1;

custom,cuboid,ice1,1.4469669,0.48,0.6,1,0.5,0.85,1,0.1205806,0.04,135.2551574,858.8052062,-462.817749,0,1,0,0;
custom,cuboid,ice1,1.4469669,0.48,0.6,1,0.5,0.85,1,0.1205806,0.04,-90.275116,858.8052062,-462.817749,0,1,0,0;
custom,cuboid,metal4,24,1.2,6,1,1,1,1,0.4,0.1,22.4900293,825.2051696,-495.2177124,0,1,0,0;
custom,cuboid,metal2,24,2.4,6,1,1,1,1,2,0.5,22.4900293,903.2051696,-495.2177124,0,1,0,0;

custom,cuboid,ice1,1.4469669,0.48,0.6,1,0.5,0.85,1,0.1205806,0.04,135.2551804,858.8052062,-762.5999909,0,1,0,0;
custom,cuboid,ice1,1.4469669,0.48,0.6,1,0.5,0.85,1,0.1205806,0.04,-90.2750931,858.8052062,-762.5999909,0,1,0,0;
custom,cuboid,metal4,24,1.2,6,1,1,1,1,0.4,0.1,22.4900551,825.2051696,-795,0,1,0,0;
custom,cuboid,metal2,24,2.4,6,1,1,1,1,2,0.5,22.4900551,903.2051696,-795,0,1,0,0;

custom,cuboid,ice1,1.4469669,0.48,0.6,1,0.5,0.85,1,0.1205806,0.04,135.2552033,858.8052062,-1062.3823242,0,1,0,0;
custom,cuboid,ice1,1.4469669,0.48,0.6,1,0.5,0.85,1,0.1205806,0.04,-90.2750702,858.8052062,-1062.3823242,0,1,0,0;
custom,cuboid,metal4,24,1.2,6,1,1,1,1,0.4,0.1,22.4900808,825.2051696,-1094.7822876,0,1,0,0;
custom,cuboid,metal2,24,2.4,6,1,1,1,1,2,0.5,22.4900808,903.2051696,-1094.7822876,0,1,0,0;

custom,cuboid,ice1,1.4469669,0.48,0.6,1,0.5,0.85,1,0.1205806,0.04,-90.2750473,858.8052062,-1362.3821412,0,1,0,0;
custom,cuboid,ice1,1.4469669,0.48,0.6,1,0.5,0.85,1,0.1205806,0.04,135.2552033,858.8052062,-1362.3821412,0,1,0,0;
custom,cuboid,metal4,24,1.2,6,1,1,1,1,0.4,0.1,22.490108,825.2051696,-1394.782104,0,1,0,0;
custom,cuboid,metal2,24,2.4,6,1,1,1,1,2,0.5,22.490108,903.2051696,-1394.782104,0,1,0,0;

racing,killcuboid,24,6,2.4,22.4900522,861.2051696,-752.9999543,0,1,0,1e-7;
racing,killcuboid,24,6,2.4,22.4900579,861.2051696,-836.7822876,0,1,0,1e-7;
racing,killcuboid,24,6,2.4,22.4900322,861.2051696,-537.2177124,0,1,0,1e-7;
racing,killcuboid,24,6,2.4,22.490025,861.2051696,-453.2177124,0,1,0,1e-7;
racing,killcuboid,24,6,2.4,22.4900851,861.2051696,-1136.7822876,0,1,0,1e-7;
racing,killcuboid,24,6,2.4,22.490078,861.2051696,-1052.7822876,0,1,0,1e-7;
racing,killcuboid,24,6,2.4,22.4901123,861.2051696,-1436.782104,0,1,0,1e-7;
racing,killcuboid,24,6,2.4,22.4901037,861.2051696,-1352.782104,0,1,0,1e-7;

custom,cuboid,default,2.4,2.4,24,1,0,0,0,0,0,-85.509912,903.205164,-1244.782104,0,1,0,0;
custom,cuboid,default,2.4,1.2,24,1,0,0,0,0,0,-85.509912,825.205164,-1244.782104,0,1,0,0;
custom,cuboid,default,2.4,2.4,24,1,0,0,0,0,0,130.490064,903.205164,-945,0,1,0,0;
custom,cuboid,default,2.4,1.2,24,1,0,0,0,0,0,130.490064,825.205164,-945,0,1,0,0;
custom,cuboid,default,2.4,2.4,24,1,0,0,0,0,0,-85.50996,903.205164,-645.217668,0,1,0,0;
custom,cuboid,default,2.4,1.2,24,1,0,0,0,0,0,-85.50996,825.205164,-645.217668,0,1,0,0;

custom,cuboid,rock2tex,1.2,8.4,8.4,1,0.3,0.5,1,1,1,-36,861.205164,-282,0,0,0,1;
custom,cuboid,rock2tex,47.2490021,8.4,1.2,1,0.3,0.5,1,5.6248812,1,194.245008,861.205164,-318,0,0,0,1;
custom,cuboid,rock2tex,47.2490021,8.4,1.2,1,0.3,0.5,1,5.6248812,1,266.245008,861.205164,-246,0,0,0,1;
custom,cuboid,rock2tex,36,8.4,1.2,1,0.3,0.5,1,4.2857143,1,322.490016,861.205164,-531.217716,0,0,0,1;
custom,cuboid,rock2tex,28.8,8.4,1.2,1,0.3,0.5,1,3.4285714,1,286.490016,861.205164,-459.217716,0,0,0,1;
custom,cuboid,rock2tex,1.2,8.4,15.3217197,1,0.3,0.5,1,1.8240143,1,424.490016,861.205164,-388.608852,0,0,0,1;
custom,cuboid,rock2tex,1.2,8.4,29.7217712,1,0.3,0.5,1,3.5383061,1,496.490016,861.205164,-388.608852,0,0,0,1;

custom,cuboid,metal4,28.8,1.2,6,1,1,1,1,0.5,0.1,286.490016,897.205164,-495.217716,0,0,0,1;
custom,cuboid,metal4,28.8,1.2,6,1,1,1,1,0.5,0.1,286.490016,825.205164,-495.217716,0,0,0,1;
custom,cuboid,metal4,6,1.2,6,1,1,1,1,0.1,0.1,460.490016,897.205164,-495.217716,0,0,0,1;
custom,cuboid,metal4,6,1.2,6,1,1,1,1,0.1,0.1,460.490016,825.205164,-495.217716,0,0,0,1;
custom,cuboid,metal4,6,1.2,6,1,1,1,1,0.1,0.1,460.490016,897.205164,-282,0,0,0,1;
custom,cuboid,metal4,6,1.2,6,1,1,1,1,0.1,0.1,460.490016,825.205164,-282,0,0,0,1;
custom,cuboid,metal4,6,1.2,15.3217197,1,1,1,1,0.1,0.3,460.490016,897.205164,-388.608576,0,0,0,1;
custom,cuboid,metal4,6,1.2,15.3217197,1,1,1,1,0.1,0.3,460.490016,825.205164,-388.608576,0,0,0,1;
custom,cuboid,metal4,47.2490021,1.2,7.2,1,1,1,1,0.6,0.1,194.245008,897.205164,-276,0,0,0,1;
custom,cuboid,metal4,47.2490021,1.2,7.2,1,1,1,1,0.6,0.1,194.245008,825.205164,-276,0,0,0,1;

custom,cuboid,rock2tex,1.2,8.4,8.4,1,0.3,0.5,1,1,1,-36,861.205164,-1607.99982,1,0,0,0;
custom,cuboid,rock2tex,47.2490021,8.4,1.2,1,0.3,0.5,1,5.6248812,1,194.245008,861.205164,-1571.99982,1,0,0,0;
custom,cuboid,rock2tex,47.2490021,8.4,1.2,1,0.3,0.5,1,5.6248812,1,266.245008,861.205164,-1643.99982,1,0,0,0;
custom,cuboid,rock2tex,36,8.4,1.2,1,0.3,0.5,1,4.2857143,1,322.490016,861.205164,-1358.782104,1,0,0,0;
custom,cuboid,rock2tex,28.8,8.4,1.2,1,0.3,0.5,1,3.4285714,1,286.490016,861.205164,-1430.782104,1,0,0,0;
custom,cuboid,rock2tex,1.2,8.4,15.3217197,1,0.3,0.5,1,1.8240143,1,424.490016,861.205164,-1501.390956,1,0,0,0;
custom,cuboid,rock2tex,1.2,8.4,29.7217712,1,0.3,0.5,1,3.5383061,1,496.490016,861.205164,-1501.390956,1,0,0,0;

custom,cuboid,metal4,28.8,1.2,6,1,1,1,1,0.5,0.1,286.490016,825.205164,-1394.782104,1,0,0,0;
custom,cuboid,metal4,28.8,1.2,6,1,1,1,1,0.5,0.1,286.490016,897.205164,-1394.782104,1,0,0,0;
custom,cuboid,metal4,6,1.2,6,1,1,1,1,0.1,0.1,460.490016,825.205164,-1394.782104,1,0,0,0;
custom,cuboid,metal4,6,1.2,6,1,1,1,1,0.1,0.1,460.490016,897.205164,-1394.782104,1,0,0,0;
custom,cuboid,metal4,6,1.2,6,1,1,1,1,0.1,0.1,460.490016,825.205164,-1607.99982,1,0,0,0;
custom,cuboid,metal4,6,1.2,6,1,1,1,1,0.1,0.1,460.490016,897.205164,-1607.99982,1,0,0,0;
custom,cuboid,metal4,6,1.2,15.3217197,1,1,1,1,0.1,0.3,460.490016,825.205164,-1501.391232,1,0,0,0;
custom,cuboid,metal4,6,1.2,15.3217197,1,1,1,1,0.1,0.3,460.490016,897.205164,-1501.391232,1,0,0,0;
custom,cuboid,metal4,47.2490021,1.2,7.2,1,1,1,1,0.6,0.1,194.245008,825.205164,-1613.99982,1,0,0,0;
custom,cuboid,metal4,47.2490021,1.2,7.2,1,1,1,1,0.6,0.1,194.245008,897.205164,-1613.99982,1,0,0,0;

custom,cuboid,metal4,8.4,1.2,96,1,1,1,1,0.1,0.8,0,825.205164,-2130,0,0,0,1;
custom,cuboid,metal4,8.4,1.2,48,1,1,1,1,0.1,0.8,0,897.205164,-1890,0,0,0,1;
custom,cuboid,rock2tex,6,1.2,96,1,0.3,0.5,1,1,16,-36,861.205164,-2130,0,0,-0.70711,0.70711;
custom,cuboid,rock2tex,6,1.2,96,1,0.3,0.5,1,1,16,36,861.205164,-2130,0,0,-0.70711,0.70711;












custom,pyramid,ice1,1.1111133,4,1.1111133,1,1,1,1,0.3,1,0.000048,861.205164,-1868.399784,-0.70711,0,0,0.70711;
custom,pyramid,ice1,1.1111133,4,1.1111133,1,1,1,1,0.3,1,0.000048,861.205164,-2084.399784,0,0.70711,0.70711,0;

custom,prism,default,2.060004,0.24,8.3831656,1,0.4,0,0,1,1,-0.1843018,861.253164,-1865.9217648,0,0,0,1;
custom,prism,default,2.060004,0.24,8.3831656,1,0.4,0,0,1,1,-0.1843018,861.157164,-2086.8778032,-1,0,0,0;
custom,prism,default,2.060004,0.24,8.3831656,1,0.4,0,0,1,1,0.048048,861.3895138,-1865.9217648,0,0,-0.7071068,0.7071068;
custom,prism,default,2.060004,0.24,8.3831656,1,0.4,0,0,1,1,-0.047952,861.3895138,-2086.8778032,-0.7071068,0.7071068,0,0;

custom,cuboid,ice1,0.48,0.48,19.2,1,1,1,1,0.04,1.6,0,861.205164,-1976.399784,0,0,0,1;
custom,cuboid,default,0.54,0.24,19.26,1,0.4,0,0,1,1,0,861.205164,-1976.399784,0,0,0,1;
custom,cuboid,default,0.24,0.54,19.26,1,0.4,0,0,1,1,0,861.205164,-1976.399784,0,0,0,1;

custom,cuboid,ice1,8.485284,0.48,0.96,1,1,1,1,0.70711,0.08,0,861.205164,-2125.2,0,0,-0.38268,0.92388;
custom,cuboid,ice1,8.485284,0.48,0.96,1,1,1,1,0.70711,0.08,0,861.205164,-2125.2,0,0,-0.92388,0.38268;
custom,cuboid,default,8.485284,0.54,0.48,1,0.4,0,0,1,1,0,861.205164,-2125.2,0,0,-0.38268,0.92388;
custom,cuboid,default,8.485284,0.54,0.48,1,0.4,0,0,1,1,0,861.205164,-2125.2,0,0,-0.92388,0.38268;
custom,cuboid,ice1,2.000004,2.000004,0.96,1,1,1,1,0.16667,0.16667,0,861.205164,-2125.2,0,0,0,1;
custom,cuboid,default,2.060004,2.060004,0.48,1,0.4,0,0,1,1,0,861.205164,-2125.2,0,0,0,1;
custom,cuboid,default,2.060004,0.24,1.02,1,0.4,0,0,1,1,0,861.205164,-2125.2,0,0,0,1;
custom,cuboid,default,0.24,2.060004,1.02,1,0.4,0,0,1,1,0,861.205164,-2125.2,0,0,0,1;
custom,cylinder,arena2tex,1.2,0.54,1.2,1,1,1,1,1,1,0,861.205164,-2125.2,0,1,1,0;

custom,cuboid,ice1,8.485284,0.48,0.96,1,1,1,1,0.70711,0.08,0,861.205164,-1827.6,0,0,-0.38268,0.92388;
custom,cuboid,ice1,8.485284,0.48,0.96,1,1,1,1,0.70711,0.08,0,861.205164,-1827.6,0,0,-0.92388,0.38268;
custom,cuboid,default,8.485284,0.54,0.48,1,0.4,0,0,1,1,0,861.205164,-1827.6,0,0,-0.38268,0.92388;
custom,cuboid,default,8.485284,0.54,0.48,1,0.4,0,0,1,1,0,861.205164,-1827.6,0,0,-0.92388,0.38268;
custom,cuboid,ice1,2.000004,2.000004,0.96,1,1,1,1,0.16667,0.16667,0,861.205164,-1827.6,0,0,0,1;
custom,cuboid,default,2.060004,2.060004,0.48,1,0.4,0,0,1,1,0,861.205164,-1827.6,0,0,0,1;
custom,cuboid,default,2.060004,0.24,1.02,1,0.4,0,0,1,1,0,861.205164,-1827.6,0,0,0,1;
custom,cuboid,default,0.24,2.060004,1.02,1,0.4,0,0,1,1,0,861.205164,-1827.6,0,0,0,1;
custom,cylinder,arena2tex,1.2,0.54,1.2,1,1,1,1,1,1,0,861.205164,-1827.6,0,1,1,0;

racing,killcuboid,8.4,1.2,48,0,897.205164,-2369.999628,0,0,0,1;

custom,killcuboid,empty,6,28.9200005,0,1,0,0,0,0,0,0,1035.205164,-2610,0,0,0,1;


custom,arc180,arena2tex,22.5,12,22.5,1,0.5,1,1,70,1,375.0700646,859.885164,-949.09995,0,1,0,0;
custom,arc180,arena2tex,22.5,12,22.5,1,0,0.5,1,70,1,-330.089985,859.885164,-640.682298,0,0,0,1;
custom,arc180,arena2tex,22.5,12,22.5,1,1,1,0,70,1,-330.089841,859.885164,-1240.46445,0,0,0,1;

custom,arc180,ice1,2.4,1.2,2.4,1,1,1,1,1,1,-64.324056,873.2136973,-762.731988,0.5,-0.5,-0.5,0.5;
custom,arc180,ice1,2.4,1.2,2.4,1,1,1,1,1,1,108.383028,873.2136973,-762.731988,0.5,-0.5,-0.5,0.5;
custom,arc180,ice1,2.4,1.2,2.4,1,1,1,1,1,1,66.127428,849.1966307,-762.731988,0.5,0.5,0.5,0.5;
custom,arc180,ice1,2.4,1.2,2.4,1,1,1,1,1,1,-20.226204,849.1966307,-762.731988,0.5,0.5,0.5,0.5;
custom,arc180,ice1,2.4,1.2,2.4,1,1,1,1,1,1,22.029492,873.2136973,-762.731988,0.5,-0.5,-0.5,0.5;
custom,arc180,ice1,2.4,1.2,2.4,1,1,1,1,1,1,22.029468,873.2136973,-462.949752,0.5,-0.5,-0.5,0.5;
custom,arc180,ice1,2.4,1.2,2.4,1,1,1,1,1,1,-20.226228,849.1966307,-462.949752,0.5,0.5,0.5,0.5;
custom,arc180,ice1,2.4,1.2,2.4,1,1,1,1,1,1,66.127404,849.1966307,-462.949752,0.5,0.5,0.5,0.5;
custom,arc180,ice1,2.4,1.2,2.4,1,1,1,1,1,1,108.383004,873.2136973,-462.949752,0.5,-0.5,-0.5,0.5;
custom,arc180,ice1,2.4,1.2,2.4,1,1,1,1,1,1,-64.32408,873.2136973,-462.949752,0.5,-0.5,-0.5,0.5;
custom,arc180,ice1,2.4,1.2,2.4,1,1,1,1,1,1,22.029516,873.2136973,-1062.51432,0.5,-0.5,-0.5,0.5;
custom,arc180,ice1,2.4,1.2,2.4,1,1,1,1,1,1,-20.226084,849.1966307,-1062.51432,0.5,0.5,0.5,0.5;
custom,arc180,ice1,2.4,1.2,2.4,1,1,1,1,1,1,66.127452,849.1966307,-1062.51432,0.5,0.5,0.5,0.5;
custom,arc180,ice1,2.4,1.2,2.4,1,1,1,1,1,1,108.383052,873.2136973,-1062.51432,0.5,-0.5,-0.5,0.5;
custom,arc180,ice1,2.4,1.2,2.4,1,1,1,1,1,1,-64.324032,873.2136973,-1062.51432,0.5,-0.5,-0.5,0.5;
custom,arc180,ice1,2.4,1.2,2.4,1,1,1,1,1,1,22.02954,873.2136973,-1362.51414,0.5,-0.5,-0.5,0.5;
custom,arc180,ice1,2.4,1.2,2.4,1,1,1,1,1,1,-20.226072,849.1966307,-1362.51414,0.5,0.5,0.5,0.5;
custom,arc180,ice1,2.4,1.2,2.4,1,1,1,1,1,1,66.127488,849.1966307,-1362.51414,0.5,0.5,0.5,0.5;
custom,arc180,ice1,2.4,1.2,2.4,1,1,1,1,1,1,108.383076,873.2136973,-1362.51414,0.5,-0.5,-0.5,0.5;
custom,arc180,ice1,2.4,1.2,2.4,1,1,1,1,1,1,-64.323996,873.2136973,-1362.51414,0.5,-0.5,-0.5,0.5;

custom,arc180,default,14.46,12,14.46,1,0,0,0,1,1,-1.3199999,1037.980038,-2682.35097,-0.5,-0.5,-0.5,0.5;

custom,arc180,empty,12.06,12,12.06,1,0,0,0,0,0,322.8329443,859.885164,-947.096514,0,1,0,0;
custom,arc180,empty,12.06,12,12.06,1,0,0,0,0,0,-277.8527446,859.885164,-1242.46797,0,0,0,1;
custom,arc180,empty,12.06,12,12.06,1,0,0,0,0,0,-277.8528286,859.885164,-642.685638,0,0,0,1;

custom,arc180,arena2tex,25.5,12,25.5,1,1,1,0.5,70,4,-1.3199879,1040.098614,-2737.5902952,-0.5,-0.5,-0.5,0.5;

custom,cuboid,arena2tex,8.4,1.2,24,1,0,0,0,30,1,0,1173.205164,-2490,0,0,0,1;
custom,cuboid,arena2tex,8.4,1.2,24,1,1,1,0.5,30,1,0,1245.205164,-2490,0,0,0,1;
custom,cuboid,default,0.96,8.4,24,1,0.125,0.125,0.17,1,1,36,1209.205164,-2490,0,0,0,1;
custom,cuboid,default,0.96,8.4,24,1,0.125,0.125,0.17,1,1,-36,1209.205164,-2490,0,0,0,1;

custom,arc180,default,2.4,0.96,2.4,1,0,1,1,1,1,-0.460572,863.3153209,-2681.084844,-0.39285,-0.58794,0.39285,0.58794;
custom,arc180,default,2.4,0.96,2.4,1,0,1,1,1,1,0.460548,885.5041604,-2671.8937404,-0.39285,0.58794,-0.39285,0.58794;
custom,arc180,default,2.4,0.96,2.4,1,0.15,0.85,1,1,1,-0.46056,903.6026476,-2741.4532716,-0.2706,-0.65328,0.2706,0.65328;
custom,arc180,default,2.4,0.96,2.4,1,0.15,0.85,1,1,1,0.46056,920.5851996,-2724.4706232,-0.2706,0.65328,-0.2706,0.65328;
custom,arc180,default,2.4,0.96,2.4,1,0.3,0.7,1,1,1,-0.46056,963.9252088,-2781.8090208,-0.13795,-0.69352,0.13795,0.69352;
custom,arc180,default,2.4,0.96,2.4,1,0.3,0.7,1,1,1,0.46056,973.1161199,-2759.6202888,-0.13795,0.69352,-0.13795,0.69352;
custom,arc180,default,2.4,0.96,2.4,1,0.45,0.55,1,1,1,-0.46056,1035.099564,-2796.0085332,0,-0.70711,0,0.70711;
custom,arc180,default,2.4,0.96,2.4,1,0.45,0.55,1,1,1,0.46056,1035.09948,-2771.9914668,0,0.70711,0,0.70711;
custom,arc180,default,2.4,0.96,2.4,1,0.6,0.4,1,1,1,-0.46056,1106.2900079,-2781.8898432,0.13795,-0.69352,-0.13795,0.69352;
custom,arc180,default,2.4,0.96,2.4,1,0.6,0.4,1,1,1,0.46056,1097.0990008,-2759.7011112,0.13795,0.69352,0.13795,0.69352;
custom,arc180,default,2.4,0.96,2.4,1,0.75,0.25,1,1,1,-0.46056,1166.6583515,-2741.6026128,0.2706,-0.65328,-0.2706,0.65328;
custom,arc180,default,2.4,0.96,2.4,1,0.75,0.25,1,1,1,0.46056,1149.6757036,-2724.6199644,0.2706,0.65328,0.2706,0.65328;
custom,arc180,default,2.4,0.96,2.4,1,0.9,0.1,1,1,1,-0.460548,1207.0141968,-2681.2801476,0.39285,-0.58794,-0.39285,0.58794;
custom,arc180,default,2.4,0.96,2.4,1,0.9,0.1,1,1,1,0.460572,1184.8252729,-2672.089044,0.39285,0.58794,0.39285,0.58794;

custom,cylinder,default,0.24,2.984892,0.24,1,0.075,0.925,1,0.02,0.49748,0,910.43472,-2693.369016,-0.4714,0,0,0.88192;
custom,cylinder,default,0.24,2.984892,0.24,1,0.225,0.775,1,0.02,0.49748,0,951.836244,-2734.770444,-0.29028,0,0,0.95694;
custom,cylinder,default,0.24,2.984892,0.24,1,0.375,0.625,1,0.02,0.49748,0,1005.929904,-2757.1767,-0.09802,0,0,0.99518;
custom,cylinder,default,0.24,2.984892,0.24,1,0.525,0.475,1,0.02,0.49748,0,1064.480436,-2757.17688,0.09802,0,0,0.99518;
custom,cylinder,default,0.24,2.984892,0.24,1,0.675,0.325,1,0.02,0.49748,0,1118.574096,-2734.770444,0.29028,0,0,0.95694;
custom,cylinder,default,0.24,2.984892,0.24,1,0.825,0.175,1,0.02,0.49748,0,1159.97562,-2693.369016,0.4714,0,0,0.88192;
custom,cylinder,default,0.24,3.39456,0.24,1,0.075,0.925,1,0.02,0.56576,-21.6,893.309412,-2704.811832,-0.4714,0,0,0.88192;
custom,cylinder,default,0.24,3.39456,0.24,1,0.225,0.775,1,0.02,0.56576,-21.6,940.393428,-2751.895752,-0.29028,0,0,0.95694;
custom,cylinder,default,0.24,3.39456,0.24,1,0.375,0.625,1,0.02,0.56576,-21.6,1001.911656,-2777.37744,-0.09802,0,0,0.99518;
custom,cylinder,default,0.24,3.39456,0.24,1,0.525,0.475,1,0.02,0.56576,-21.6,1068.4986,-2777.37744,0.09802,0,0,0.99518;
custom,cylinder,default,0.24,3.39456,0.24,1,0.675,0.325,1,0.02,0.56576,-21.6,1130.016912,-2751.895752,0.29028,0,0,0.95694;
custom,cylinder,default,0.24,3.39456,0.24,1,0.825,0.175,1,0.02,0.56576,21.6,1177.100916,-2704.811832,0.4714,0,0,0.88192;
custom,cylinder,default,0.24,3.39456,0.24,1,0.075,0.925,1,0.02,0.56576,21.6,893.309412,-2704.811832,-0.4714,0,0,0.88192;
custom,cylinder,default,0.24,3.39456,0.24,1,0.225,0.775,1,0.02,0.56576,21.6,940.393428,-2751.895752,-0.29028,0,0,0.95694;
custom,cylinder,default,0.24,3.39456,0.24,1,0.375,0.625,1,0.02,0.56576,21.6,1001.911656,-2777.37744,-0.09802,0,0,0.99518;
custom,cylinder,default,0.24,3.39456,0.24,1,0.525,0.475,1,0.02,0.56576,21.6,1068.4986,-2777.37744,0.09802,0,0,0.99518;
custom,cylinder,default,0.24,3.39456,0.24,1,0.675,0.325,1,0.02,0.56576,21.6,1130.016912,-2751.895752,0.29028,0,0,0.95694;
custom,cylinder,default,0.24,3.39456,0.24,1,0.825,0.175,1,0.02,0.56576,21.6,1177.100916,-2704.811832,0.4714,0,0,0.88192;
custom,cylinder,default,0.24,3.804264,0.24,1,0.225,0.775,1,0.02,0.63404,0,928.950624,-2769.02124,-0.29028,0,0,0.95694;
custom,cylinder,default,0.24,3.804264,0.24,1,0.375,0.625,1,0.02,0.63404,0,997.893492,-2797.578192,-0.09802,0,0,0.99518;
custom,cylinder,default,0.24,3.804264,0.24,1,0.525,0.475,1,0.02,0.63404,0,1072.516752,-2797.578192,0.09802,0,0,0.99518;
custom,cylinder,default,0.24,3.804264,0.24,1,0.675,0.325,1,0.02,0.63404,0,1141.45962,-2769.02124,0.29028,0,0,0.95694;
custom,cylinder,default,0.24,3.804264,0.24,1,0.825,0.175,1,0.02,0.63404,0,1194.22632,-2716.254636,0.4714,0,0,0.88192;
custom,cylinder,default,0.24,3.804264,0.24,1,0.075,0.925,1,0.02,0.63404,0,876.18402,-2716.254636,-0.4714,0,0,0.88192;

custom,cylinder,ice1,2.4,3,2.4,1,1,1,1,0.2,0.5,262.490064,861.205164,-944.7822,0,1,0,0;
custom,cylinder,ice1,2.4,3,2.4,1,1,1,1,0.2,0.5,-217.509984,861.205164,-644.999952,0,0,0,1;
custom,cylinder,ice1,2.4,3,2.4,1,1,1,1,0.2,0.5,-217.50984,861.205164,-1244.782104,0,0,0,1;
custom,cylinder,cannonregionmat,2.52,3,2.52,1,1,1,1,0.2,0.5,262.490064,861.205164,-944.7822,0,1,0,0;
custom,cylinder,cannonregionmat,2.52,3,2.52,1,1,1,1,0.2,0.5,-217.509984,861.205164,-644.999952,0,0,0,1;
custom,cylinder,cannonregionmat,2.52,3,2.52,1,1,1,1,0.2,0.5,-217.50984,861.205164,-1244.782104,0,0,0,1;

custom,cylinder,metal1,3.6,0.24,3.6,1,1,1,1,0.3,0.04,262.490064,888.805212,-944.7822,0,1,0,0;
custom,cylinder,metal1,3.6,0.24,3.6,1,1,1,1,0.3,0.04,262.490064,833.605128,-944.7822,0,1,0,0;
custom,cylinder,metal1,3.6,0.24,3.6,1,1,1,1,0.3,0.04,-217.509984,888.805212,-644.999952,0,0,0,1;
custom,cylinder,metal1,3.6,0.24,3.6,1,1,1,1,0.3,0.04,-217.509984,833.605128,-644.999952,0,0,0,1;
custom,cylinder,metal1,3.6,0.24,3.6,1,1,1,1,0.3,0.04,-217.50984,833.605128,-1244.782104,0,0,0,1;
custom,cylinder,metal1,3.6,0.24,3.6,1,1,1,1,0.3,0.04,-217.50984,888.805212,-1244.782104,0,0,0,1;

custom,cylinder,metal1,3.57,0.27,3.57,1,0,0,0,0.3,0.04,262.490064,888.805212,-944.7822,0,1,0,0;
custom,cylinder,metal1,3.57,0.27,3.57,1,0,0,0,0.3,0.04,262.490064,833.605128,-944.7822,0,1,0,0;
custom,cylinder,metal1,3.57,0.27,3.57,1,0,0,0,0.3,0.04,-217.509984,888.805212,-644.999952,0,0,0,1;
custom,cylinder,metal1,3.57,0.27,3.57,1,0,0,0,0.3,0.04,-217.509984,833.605128,-644.999952,0,0,0,1;
custom,cylinder,metal1,3.57,0.27,3.57,1,0,0,0,0.3,0.04,-217.50984,833.605128,-1244.782104,0,0,0,1;
custom,cylinder,metal1,3.57,0.27,3.57,1,0,0,0,0.3,0.04,-217.50984,888.805212,-1244.782104,0,0,0,1;

racing,killcylinder,24,3,24,-217.5098419,861.2051696,-1244.782104,0,-1e-7,0,1;
racing,killcylinder,24,3,24,262.4900665,861.2051696,-944.782196,0,1,0,1e-7;
racing,killcylinder,24,3,24,-217.5099792,861.2051696,-644.9999543,0,-1e-7,0,1;

custom,killcylinder,empty,29.4,0.6,29.4,1,0,0,0,0,0,36,1035.2051696,-2609.9998164,0,0,-0.7071068,0.7071068;
custom,killcylinder,empty,29.4,0.6,29.4,1,0,0,0,0,0,-36,1035.2051696,-2609.9998164,0,0,-0.7071068,0.7071068;

racing,killcylinder,28.8000046,3.0000003,28.8,0,1035.2051696,-2609.9998164,0,0,-0.7071068,0.7071068;

custom,cuboid,empty,43.2,0.96,21.6,1,0.125,0.125,0.17,1,1,-36,1035.205164,-2502,0,0,-0.70711,0.70711;
custom,cuboid,empty,43.2,0.96,21.6,1,0.125,0.125,0.17,1,1,36,1035.205164,-2502,0,0,-0.70711,0.70711;

custom,cylinder,arena2tex,43.2,0.54,43.2,1,0.5,0.85,1,1,1,-36,1035.205164,-2610,0,0,-0.70711,0.70711;
custom,cylinder,arena2tex,43.2,0.54,43.2,1,0.5,0.85,1,1,1,36,1035.205164,-2610,0,0,-0.70711,0.70711;

custom,cylinder,ice1,2.4,3.0000003,2.4,1,1,1,1,0.2,0.5,0,1035.205164,-2610,0,0,-0.70711,0.70711;
custom,cylinder,cannonregionmat,2.52,3.0000003,2.52,1,1,1,1,0.2,0.5,0,1035.205164,-2610,0,0,-0.70711,0.70711;

custom,cylinder,metal1,4.8,0.6,4.8,1,1,1,1,0.4,0.4,30,1035.205164,-2610,0,0,-0.70711,0.70711;
custom,cylinder,metal1,4.8,0.6,4.8,1,1,1,1,0.4,0.4,-30,1035.205164,-2610,0,0,-0.70711,0.70711;

custom,cylinder,default,4.74,0.66,4.74,1,0,0,0,0.4,0.4,30,1035.205164,-2610,0,0,-0.70711,0.70711;
custom,cylinder,default,4.74,0.66,4.74,1,0,0,0,0.4,0.4,-30,1035.205164,-2610,0,0,-0.70711,0.70711;


custom,prism,metal4,3,0.157896,1.732059,1,0,1,1,0.05,0.2,262.7584861,832.0262112,-817.7942714,0,1,0,0;
custom,prism,metal4,3,0.157896,1.732059,1,0,1,1,0.05,0.2,262.2215459,832.0262112,-771.7702966,0,0,0,1;
custom,prism,metal4,3,0.315792,1.732059,1,0.05,0.95,1,0.05,0.2,284.8057057,832.8472464,-819.7701886,0,-0.99619,0,0.08716;
custom,prism,metal4,3,0.315792,1.732059,1,0.05,0.95,1,0.05,0.2,292.2688463,832.8472464,-774.3520634,0,0.08716,0,0.99619;
custom,prism,metal4,3,0.473688,1.732059,1,0.1,0.9,1,0.05,0.2,306.1747654,833.6683776,-825.544373,0,-0.98481,0,0.17365;
custom,prism,metal4,3,0.473688,1.732059,1,0.1,0.9,1,0.05,0.2,321.4113506,833.6683776,-782.112307,0,0.17365,0,0.98481;
custom,prism,metal4,3,0.631584,1.732059,1,0.15,0.85,1,0.05,0.2,326.2165242,834.4894128,-834.9416372,0,-0.96593,0,0.25882;
custom,prism,metal4,3,0.631584,1.732059,1,0.15,0.85,1,0.05,0.2,348.7635077,834.4894128,-794.8153108,0,0.25882,0,0.96593;
custom,prism,metal4,3,0.789468,1.732059,1,0.2,0.8,1,0.05,0.2,344.3220289,835.3104456,-847.6764064,0,-0.93969,0,0.34202;
custom,prism,metal4,3,0.789468,1.732059,1,0.2,0.8,1,0.05,0.2,373.4943551,835.3104456,-812.0748776,0,0.34202,0,0.93969;
custom,prism,metal4,3,0.947364,1.732059,1,0.25,0.75,1,0.05,0.2,359.941044,836.1314928,-863.3616032,0,-0.90631,0,0.42262;
custom,prism,metal4,3,0.947364,1.732059,1,0.25,0.75,1,0.05,0.2,394.8523438,836.1314928,-833.3667328,0,0.42262,0,0.90631;
custom,prism,metal4,3,1.10526,1.732059,1,0.3,0.7,1,0.05,0.2,372.5991329,836.952528,-881.5206956,0,-0.86603,0,0.5;
custom,prism,metal4,3,1.10526,1.732059,1,0.3,0.7,1,0.05,0.2,412.1886151,836.952528,-858.0437044,0,0.5,0,0.86603;
custom,prism,metal4,3,1.263156,1.732059,1,0.35,0.65,1,0.05,0.2,381.9115832,837.7735632,-901.6019254,0,-0.81915,0,0.57358;
custom,prism,metal4,3,1.263156,1.732059,1,0.35,0.65,1,0.05,0.2,424.9764446,837.7735632,-885.3563906,0,0.57358,0,0.81915;
custom,prism,metal4,3,1.421052,1.732059,1,0.4,0.6,1,0.05,0.2,387.595494,838.5946104,-922.995473,0,-0.76604,0,0.64279;
custom,prism,metal4,3,1.421052,1.732059,1,0.4,0.6,1,0.05,0.2,432.8270939,838.5946104,-914.474671,0,0.64279,0,0.76604;
custom,prism,metal4,3,1.578948,1.732059,1,0.45,0.55,1,0.05,0.2,389.4780766,839.4157296,-945.05067,0,-0.70711,0,0.70711;
custom,prism,metal4,3,1.578948,1.732059,1,0.45,0.55,1,0.05,0.2,435.5020994,839.4157296,-944.5137299,0,0.70711,0,0.70711;
custom,prism,metal4,3,1.736844,1.732059,1,0.5,0.5,1,0.05,0.2,387.5021594,840.2367768,-967.0978777,0,-0.64279,0,0.76604;
custom,prism,metal4,3,1.736844,1.732059,1,0.5,0.5,1,0.05,0.2,432.9202486,840.2367768,-974.5609342,0,0.76604,0,0.64279;
custom,prism,metal4,3,1.89474,1.732059,1,0.55,0.45,1,0.05,0.2,381.727987,841.057812,-988.4670334,0,-0.57358,0,0.81915;
custom,prism,metal4,3,1.89474,1.732059,1,0.55,0.45,1,0.05,0.2,425.160005,841.057812,-1003.7034385,0,0.81915,0,0.57358;
custom,prism,metal4,3,2.052636,1.732059,1,0.6,0.4,1,0.05,0.2,372.3307108,841.8788472,-1008.5087081,0,-0.5,0,0.86603;
custom,prism,metal4,3,2.052636,1.732059,1,0.6,0.4,1,0.05,0.2,412.4570852,841.8788472,-1031.0556918,0,0.86603,0,0.5;
custom,prism,metal4,3,2.210532,1.732059,1,0.65,0.35,1,0.05,0.2,359.5959416,842.6998824,-1026.6142007,0,-0.42262,0,0.90631;
custom,prism,metal4,3,2.210532,1.732059,1,0.65,0.35,1,0.05,0.2,395.1974824,842.6998824,-1055.7866112,0,0.90631,0,0.42262;
custom,prism,metal4,3,2.368416,1.732059,1,0.7,0.3,1,0.05,0.2,343.9107568,843.5209272,-1042.233216,0,-0.34202,0,0.93969;
custom,prism,metal4,3,2.368416,1.732059,1,0.7,0.3,1,0.05,0.2,373.9056271,843.5209272,-1077.144468,0,0.93969,0,0.34202;
custom,prism,metal4,3,2.526312,1.732059,1,0.75,0.25,1,0.05,0.2,325.7515685,844.3419624,-1054.8913048,0,-0.25882,0,0.96593;
custom,prism,metal4,3,2.526312,1.732059,1,0.75,0.25,1,0.05,0.2,349.2285596,844.3419624,-1094.480703,0,0.96593,0,0.25882;
custom,prism,metal4,3,2.684208,1.732059,1,0.8,0.2,1,0.05,0.2,305.6702548,845.1630936,-1064.2037552,0,-0.17365,0,0.98481;
custom,prism,metal4,3,2.684208,1.732059,1,0.8,0.2,1,0.05,0.2,321.9158735,845.1630936,-1107.2685326,0,0.98481,0,0.17365;
custom,prism,metal4,3,2.842104,1.732059,1,0.85,0.15,1,0.05,0.2,284.276875,845.9841288,-1069.887534,0,-0.08716,0,0.99619;
custom,prism,metal4,3,2.842104,1.732059,1,0.85,0.15,1,0.05,0.2,292.7976772,845.9841288,-1115.1192778,0,0.99619,0,0.08716;
custom,prism,metal4,3,3,1.732059,1,0.9,0.1,1,0.05,0.2,262.2215939,846.805164,-1071.7702966,0,0,0,1;
custom,prism,metal4,3,3,1.732059,1,0.9,0.1,1,0.05,0.2,262.7585341,846.805164,-1117.7942714,0,1,0,0;

custom,prism,metal4,3,0.157896,1.732059,1,0,1,1,0.05,0.2,262.2215462,890.3841287,-817.7942717,1,0,0,0;
custom,prism,metal4,3,0.157896,1.732059,1,0,1,1,0.05,0.2,262.7584859,890.3841289,-771.7702964,0,0,1,0;
custom,prism,metal4,3,0.315792,1.732059,1,0.05,0.95,1,0.05,0.2,284.2769228,889.5630935,-819.6769499,0.99619,0,-0.08716,0;
custom,prism,metal4,3,0.315792,1.732059,1,0.05,0.95,1,0.05,0.2,292.797629,889.5630937,-774.4453021,-0.08716,0,-0.99619,0;
custom,prism,metal4,3,0.473688,1.732059,1,0.1,0.9,1,0.05,0.2,305.6702066,888.7419623,-825.3607286,0.98481,0,-0.17365,0;
custom,prism,metal4,3,0.473688,1.732059,1,0.1,0.9,1,0.05,0.2,321.9159092,888.7419625,-782.2959512,-0.17365,0,-0.98481,0;
custom,prism,metal4,3,0.631584,1.732059,1,0.15,0.85,1,0.05,0.2,325.7515204,887.9209271,-834.6731671,0.96593,0,-0.25882,0;
custom,prism,metal4,3,0.631584,1.732059,1,0.15,0.85,1,0.05,0.2,349.2285115,887.9209273,-795.0837808,-0.25882,0,-0.96593,0;
custom,prism,metal4,3,0.789468,1.732059,1,0.2,0.8,1,0.05,0.2,343.9107089,887.0998823,-847.3312679,0.93969,0,-0.34202,0;
custom,prism,metal4,3,0.789468,1.732059,1,0.2,0.8,1,0.05,0.2,373.9055792,887.0998825,-812.420016,-0.34202,0,-0.93969,0;
custom,prism,metal4,3,0.947364,1.732059,1,0.25,0.75,1,0.05,0.2,359.5959056,886.2788471,-862.9502834,-0.90631,0,0.42262,0;
custom,prism,metal4,3,0.947364,1.732059,1,0.25,0.75,1,0.05,0.2,395.1974824,886.2788473,-833.7780528,-0.42262,0,-0.90631,0;
custom,prism,metal4,3,1.10526,1.732059,1,0.3,0.7,1,0.05,0.2,372.3306629,885.4578119,-881.055692,-0.86603,0,0.5,0;
custom,prism,metal4,3,1.10526,1.732059,1,0.3,0.7,1,0.05,0.2,412.4570852,885.4578121,-858.5087081,-0.5,0,-0.86603,0;
custom,prism,metal4,3,1.263156,1.732059,1,0.35,0.65,1,0.05,0.2,381.727939,884.6367768,-901.0973669,-0.81915,0,0.57358,0;
custom,prism,metal4,3,1.263156,1.732059,1,0.35,0.65,1,0.05,0.2,425.160089,884.6367768,-885.8609492,-0.57358,0,-0.81915,0;
custom,prism,metal4,3,1.421052,1.732059,1,0.4,0.6,1,0.05,0.2,387.5021594,883.8157296,-922.4666905,-0.76604,0,0.64279,0;
custom,prism,metal4,3,1.421052,1.732059,1,0.4,0.6,1,0.05,0.2,432.9203326,883.8157296,-915.0034536,-0.64279,0,-0.76604,0;
custom,prism,metal4,3,1.578948,1.732059,1,0.45,0.55,1,0.05,0.2,389.4780764,882.9946104,-944.5137301,-0.70711,0,0.70711,0;
custom,prism,metal4,3,1.578948,1.732059,1,0.45,0.55,1,0.05,0.2,435.5020996,882.9946104,-945.05067,-0.70711,0,-0.70711,0;
custom,prism,metal4,3,1.736844,1.732059,1,0.5,0.5,1,0.05,0.2,387.595398,882.1735632,-966.5690951,-0.64279,0,0.76604,0;
custom,prism,metal4,3,1.736844,1.732059,1,0.5,0.5,1,0.05,0.2,432.8270939,882.1735632,-975.0897172,-0.76604,0,-0.64279,0;
custom,prism,metal4,3,1.89474,1.732059,1,0.55,0.45,1,0.05,0.2,381.9116311,881.352528,-987.9624748,-0.57358,0,0.81915,0;
custom,prism,metal4,3,1.89474,1.732059,1,0.55,0.45,1,0.05,0.2,424.9763606,881.352528,-1004.2079974,-0.81915,0,-0.57358,0;
custom,prism,metal4,3,2.052636,1.732059,1,0.6,0.4,1,0.05,0.2,372.5991808,880.5314928,-1008.0437045,-0.5,0,0.86603,0;
custom,prism,metal4,3,2.052636,1.732059,1,0.6,0.4,1,0.05,0.2,412.1886152,880.5314928,-1031.5206956,-0.86603,0,-0.5,0;
custom,prism,metal4,3,2.210532,1.732059,1,0.65,0.35,1,0.05,0.2,359.9410799,879.7104456,-1026.2028809,-0.42262,0,0.90631,0;
custom,prism,metal4,3,2.210532,1.732059,1,0.65,0.35,1,0.05,0.2,394.852344,879.7104456,-1056.1979311,-0.90631,0,-0.42262,0;
custom,prism,metal4,3,2.368416,1.732059,1,0.7,0.3,1,0.05,0.2,344.3220764,878.8894128,-1041.8880776,-0.34202,0,0.93969,0;
custom,prism,metal4,3,2.368416,1.732059,1,0.7,0.3,1,0.05,0.2,373.4943073,878.8894127,-1077.4896062,0.93969,0,0.34202,0;
custom,prism,metal4,3,2.526312,1.732059,1,0.75,0.25,1,0.05,0.2,326.2165718,878.0682817,-1054.6228348,-0.25882,0,0.96593,0;
custom,prism,metal4,3,2.526312,1.732059,1,0.75,0.25,1,0.05,0.2,348.763556,878.0682815,-1094.7491731,0.96593,0,0.25882,0;
custom,prism,metal4,3,2.684208,1.732059,1,0.8,0.2,1,0.05,0.2,306.174813,877.2472465,-1064.0201108,-0.17365,0,0.98481,0;
custom,prism,metal4,3,2.684208,1.732059,1,0.8,0.2,1,0.05,0.2,321.4113148,877.2472463,-1107.4521769,0.98481,0,0.17365,0;
custom,prism,metal4,3,2.842104,1.732059,1,0.85,0.15,1,0.05,0.2,284.8056576,876.4262113,-1069.7942953,-0.08716,0,0.99619,0;
custom,prism,metal4,3,2.842104,1.732059,1,0.85,0.15,1,0.05,0.2,292.2688944,876.4262111,-1115.2125166,0.99619,0,0.08716,0;
custom,prism,metal4,3,3,1.732059,1,0.9,0.1,1,0.05,0.2,262.7585341,875.6051641,-1071.7702964,0,0,-1,0;
custom,prism,metal4,3,3,1.732059,1,0.9,0.1,1,0.05,0.2,262.221594,875.6051639,-1117.7942714,1,0,0,0;

custom,prism,metal4,3,6,1.732059,1,1,0,1,0.05,0.4,-217.7784061,862.405164,-1071.7701166,0,0,0,1;
custom,prism,metal4,3,6,1.732059,1,1,0,1,0.05,0.4,-217.2414178,862.405164,-1117.7942714,0,1,0,0;
custom,prism,metal4,3,6,1.732059,1,1,0.05,0.95,0.05,0.4,-239.2967468,862.405164,-1119.6767698,0,0.99619,0,0.08716;
custom,prism,metal4,3,6,1.732059,1,1,0.05,0.95,0.05,0.4,-247.8175012,862.405164,-1074.4453021,0,-0.08716,0,0.99619;
custom,prism,metal4,3,6,1.732059,1,1,0.1,0.9,0.05,0.4,-260.6900785,862.405164,-1125.3607286,0,0.98481,0,0.17365;
custom,prism,metal4,3,6,1.732059,1,1,0.1,0.9,0.05,0.4,-276.9357814,862.405164,-1082.2959514,0,-0.17365,0,0.98481;
custom,prism,metal4,3,6,1.732059,1,1,0.15,0.85,0.05,0.4,-280.7714404,862.405164,-1134.673167,0,0.96593,0,0.25882;
custom,prism,metal4,3,6,1.732059,1,1,0.15,0.85,0.05,0.4,-304.2484316,862.405164,-1095.0837809,0,-0.25882,0,0.96593;
custom,prism,metal4,3,6,1.732059,1,1,0.2,0.8,0.05,0.4,-298.9305688,862.405164,-1147.3312679,0,0.93969,0,0.34202;
custom,prism,metal4,3,6,1.732059,1,1,0.2,0.8,0.05,0.4,-328.9255352,862.405164,-1112.420016,0,-0.34202,0,0.93969;
custom,prism,metal4,3,6,1.732059,1,1,0.25,0.75,0.05,0.4,-314.6158135,862.405164,-1162.950283,0,0.90631,0,0.42262;
custom,prism,metal4,3,6,1.732059,1,1,0.25,0.75,0.05,0.4,-350.2173424,862.405164,-1133.7778729,0,-0.42262,0,0.90631;
custom,prism,metal4,3,6,1.732059,1,1,0.3,0.7,0.05,0.4,-327.3505348,862.405164,-1181.0557757,0,0.86603,0,0.5;
custom,prism,metal4,3,6,1.732059,1,1,0.3,0.7,0.05,0.4,-367.4769572,862.405164,-1158.5087922,0,-0.5,0,0.86603;
custom,prism,metal4,3,6,1.732059,1,1,0.35,0.65,0.05,0.4,-336.747763,862.405164,-1201.0974504,0,0.81915,0,0.57358;
custom,prism,metal4,3,6,1.732059,1,1,0.35,0.65,0.05,0.4,-380.179781,862.405164,-1185.8608654,0,-0.57358,0,0.81915;
custom,prism,metal4,3,6,1.732059,1,1,0.4,0.6,0.05,0.4,-342.5220314,862.405164,-1222.4666064,0,0.76604,0,0.64279;
custom,prism,metal4,3,6,1.732059,1,1,0.4,0.6,0.05,0.4,-387.9400606,862.405164,-1215.0033696,0,-0.64279,0,0.76604;
custom,prism,metal4,3,6,1.732059,1,1,0.45,0.55,0.05,0.4,-344.4978526,862.405164,-1244.51373,0,0.70711,0,0.70711;
custom,prism,metal4,3,6,1.732059,1,1,0.45,0.55,0.05,0.4,-390.5218276,862.405164,-1245.05067,0,-0.70711,0,0.70711;
custom,prism,metal4,3,6,1.732059,1,1,0.5,0.5,0.05,0.4,-342.6152701,862.405164,-1266.5690112,0,0.64279,0,0.76604;
custom,prism,metal4,3,6,1.732059,1,1,0.5,0.5,0.05,0.4,-387.8467859,862.405164,-1275.0898128,0,-0.76604,0,0.64279;
custom,prism,metal4,3,6,1.732059,1,1,0.55,0.45,0.05,0.4,-336.9314075,862.405164,-1287.9623784,0,0.57358,0,0.81915;
custom,prism,metal4,3,6,1.732059,1,1,0.55,0.45,0.05,0.4,-379.9961366,862.405164,-1304.2080936,0,-0.81915,0,0.57358;
custom,prism,metal4,3,6,1.732059,1,1,0.6,0.4,0.05,0.4,-327.618957,862.405164,-1308.043608,0,0.5,0,0.86603;
custom,prism,metal4,3,6,1.732059,1,1,0.6,0.4,0.05,0.4,-367.2084391,862.405164,-1331.5206,0,-0.86603,0,0.5;
custom,prism,metal4,3,6,1.732059,1,1,0.65,0.35,0.05,0.4,-314.9609042,862.405164,-1326.2027844,0,0.42262,0,0.90631;
custom,prism,metal4,3,6,1.732059,1,1,0.65,0.35,0.05,0.4,-349.872168,862.405164,-1356.1978476,0,-0.90631,0,0.42262;
custom,prism,metal4,3,6,1.732059,1,1,0.7,0.3,0.05,0.4,-299.3418049,862.405164,-1341.887982,0,0.34202,0,0.93969;
custom,prism,metal4,3,6,1.732059,1,1,0.7,0.3,0.05,0.4,-328.5141673,862.405164,-1377.489522,0,-0.93969,0,0.34202;
custom,prism,metal4,3,6,1.732059,1,1,0.75,0.25,0.05,0.4,-281.2363483,862.405164,-1354.6227504,0,0.25882,0,0.96593;
custom,prism,metal4,3,6,1.732059,1,1,0.75,0.25,0.05,0.4,-303.7833798,862.405164,-1394.7490776,0,-0.96593,0,0.25882;
custom,prism,metal4,3,6,1.732059,1,1,0.8,0.2,0.05,0.4,-261.1945894,862.405164,-1364.0200272,0,0.17365,0,0.98481;
custom,prism,metal4,3,6,1.732059,1,1,0.8,0.2,0.05,0.4,-276.4311746,862.405164,-1407.4520808,0,-0.98481,0,0.17365;
custom,prism,metal4,3,6,1.732059,1,1,0.85,0.15,0.05,0.4,-239.8254818,862.405164,-1369.7943912,0,0.08716,0,0.99619;
custom,prism,metal4,3,6,1.732059,1,1,0.85,0.15,0.05,0.4,-247.2887183,862.405164,-1415.2123248,0,-0.99619,0,0.08716;
custom,prism,metal4,3,6,1.732059,1,1,0.9,0.1,0.05,0.4,-217.7783102,862.405164,-1371.7701168,0,0,0,1;
custom,prism,metal4,3,6,1.732059,1,1,0.9,0.1,0.05,0.4,-217.241418,862.405164,-1417.7940912,0,-1,0,0;










racing,killprism,24,6,2.7712944,248.1477601,862.405164,-1626.819,0,1,0,0;
racing,killprism,24,6,2.7712944,248.1477602,860.0051641,-1589.180448,0,0,1,0;

custom,killprism,empty,24,6,0.0692824,1,0,0,0,0,0,248.14776,862.405164,-1638.0202992,0,1,0,0;
custom,killprism,empty,24,6,0.0692824,1,0,0,0,0,0,248.14776,860.005164,-1577.9791488,0,0,1,0;

custom,prism,default,24,0.12,2.7712944,1,0,0,0,1,1,248.1477601,891.229164,-1626.819,0,1,0,0;
custom,prism,default,24,0.12,2.7712944,1,0,0,0,1,1,248.1477602,891.1811641,-1589.1804492,0,0,1,0;
custom,prism,default,24,0.12,2.7712944,1,0,0,0,1,1,248.1477601,831.229164,-1626.819,0,1,0,0;
custom,prism,default,24,0.12,2.7712944,1,0,0,0,1,1,248.1477602,831.1811641,-1589.1804492,0,0,1,0;






custom,prism,cannonregionmat,2.4,0.12,2.7712944,1,1,1,1,1,1,0.214776,1072.024344,-2609.975628,0,0.70711,0.70711,0;
custom,prism,cannonregionmat,2.4,0.12,2.7712944,1,1,1,1,1,1,-0.2147761,998.385984,-2609.975628,-0.70711,0,0,-0.70711;







custom,pyramid,metal4,1.6666667,0.08772,1.6666667,1,0,1,1,0.05,0.2,262.490016,831.994632,-809.782284,0,1,0,0;
custom,pyramid,metal4,1.6666667,0.08772,1.6666667,1,0,1,1,0.05,0.2,262.490016,831.994632,-779.782284,0,1,0,0;
custom,pyramid,metal4,1.6666667,0.17544,1.6666667,1,0.05,0.95,1,0.05,0.2,285.93246,832.784088,-811.833252,0,-0.99619,0,0.08716;
custom,pyramid,metal4,1.6666667,0.17544,1.6666667,1,0.05,0.95,1,0.05,0.2,291.141996,832.784088,-782.289,0,-0.99619,0,0.08716;
custom,pyramid,metal4,1.6666667,0.26316,1.6666667,1,0.1,0.9,1,0.05,0.2,308.662716,833.57364,-817.923888,0,-0.98481,0,0.17365;
custom,pyramid,metal4,1.6666667,0.26316,1.6666667,1,0.1,0.9,1,0.05,0.2,318.923304,833.57364,-789.732972,0,-0.98481,0,0.17365;
custom,pyramid,metal4,1.6666667,0.35088,1.6666667,1,0.15,0.85,1,0.05,0.2,329.990016,834.363096,-827.8689,0,-0.96593,0,0.25882;
custom,pyramid,metal4,1.6666667,0.35088,1.6666667,1,0.15,0.85,1,0.05,0.2,344.990016,834.363096,-801.88806,0,-0.96593,0,0.25882;
custom,pyramid,metal4,1.6666667,0.4385933,1.6666667,1,0.2,0.8,1,0.05,0.2,349.26636,835.152552,-841.366332,0,-0.93969,0,0.34202;
custom,pyramid,metal4,1.6666667,0.4385933,1.6666667,1,0.2,0.8,1,0.05,0.2,368.550024,835.152552,-818.384952,0,-0.93969,0,0.34202;
custom,pyramid,metal4,1.6666667,0.5263133,1.6666667,1,0.25,0.75,1,0.05,0.2,365.90598,835.94202,-858.006048,0,-0.90631,0,0.42262;
custom,pyramid,metal4,1.6666667,0.5263133,1.6666667,1,0.25,0.75,1,0.05,0.2,388.887408,835.94202,-838.722288,0,-0.90631,0,0.42262;
custom,pyramid,metal4,1.6666667,0.6140333,1.6666667,1,0.3,0.7,1,0.05,0.2,379.403412,836.731476,-877.2822,0,-0.86603,0,0.5;
custom,pyramid,metal4,1.6666667,0.6140333,1.6666667,1,0.3,0.7,1,0.05,0.2,405.384336,836.731476,-862.2822,0,-0.86603,0,0.5;
custom,pyramid,metal4,1.6666667,0.7017533,1.6666667,1,0.35,0.65,1,0.05,0.2,389.348556,837.520932,-898.609584,0,-0.81915,0,0.57358;
custom,pyramid,metal4,1.6666667,0.7017533,1.6666667,1,0.35,0.65,1,0.05,0.2,417.539424,837.520932,-888.348912,0,-0.81915,0,0.57358;
custom,pyramid,metal4,1.6666667,0.7894733,1.6666667,1,0.4,0.6,1,0.05,0.2,395.439144,838.3104,-921.339756,0,-0.76604,0,0.64279;
custom,pyramid,metal4,1.6666667,0.7894733,1.6666667,1,0.4,0.6,1,0.05,0.2,424.983396,838.3104,-916.13022,0,-0.76604,0,0.64279;
custom,pyramid,metal4,1.6666667,0.8771933,1.6666667,1,0.45,0.55,1,0.05,0.2,397.490112,839.09994,-944.7822,0,-0.70711,0,0.70711;
custom,pyramid,metal4,1.6666667,0.8771933,1.6666667,1,0.45,0.55,1,0.05,0.2,427.490112,839.09994,-944.7822,0,-0.70711,0,0.70711;
custom,pyramid,metal4,1.6666667,0.9649133,1.6666667,1,0.5,0.5,1,0.05,0.2,395.439144,839.889408,-968.224824,0,-0.64279,0,0.76604;
custom,pyramid,metal4,1.6666667,0.9649133,1.6666667,1,0.5,0.5,1,0.05,0.2,424.983396,839.889408,-973.434168,0,-0.64279,0,0.76604;
custom,pyramid,metal4,1.6666667,1.0526333,1.6666667,1,0.55,0.45,1,0.05,0.2,389.348556,840.678864,-990.954804,0,-0.57358,0,0.81915;
custom,pyramid,metal4,1.6666667,1.0526333,1.6666667,1,0.55,0.45,1,0.05,0.2,417.539424,840.678864,-1001.215488,0,-0.57358,0,0.81915;
custom,pyramid,metal4,1.6666667,1.1403533,1.6666667,1,0.6,0.4,1,0.05,0.2,379.40346,841.46832,-1012.2822,0,-0.5,0,0.86603;
custom,pyramid,metal4,1.6666667,1.1403533,1.6666667,1,0.6,0.4,1,0.05,0.2,405.384336,841.46832,-1027.2822,0,-0.5,0,0.86603;
custom,pyramid,metal4,1.6666667,1.2280733,1.6666667,1,0.65,0.35,1,0.05,0.2,365.906016,842.257776,-1031.558436,0,-0.42262,0,0.90631;
custom,pyramid,metal4,1.6666667,1.2280733,1.6666667,1,0.65,0.35,1,0.05,0.2,388.887408,842.257776,-1050.842196,0,-0.42262,0,0.90631;
custom,pyramid,metal4,1.6666667,1.3157867,1.6666667,1,0.7,0.3,1,0.05,0.2,349.266408,843.047244,-1048.198152,0,-0.34202,0,0.93969;
custom,pyramid,metal4,1.6666667,1.3157867,1.6666667,1,0.7,0.3,1,0.05,0.2,368.55006,843.047244,-1071.179532,0,-0.34202,0,0.93969;
custom,pyramid,metal4,1.6666667,1.4035067,1.6666667,1,0.75,0.25,1,0.05,0.2,329.990064,843.8367,-1061.695584,0,-0.25882,0,0.96593;
custom,pyramid,metal4,1.6666667,1.4035067,1.6666667,1,0.75,0.25,1,0.05,0.2,344.990064,843.8367,-1087.676424,0,-0.25882,0,0.96593;
custom,pyramid,metal4,1.6666667,1.4912267,1.6666667,1,0.8,0.2,1,0.05,0.2,308.662764,844.626252,-1071.640596,0,-0.17365,0,0.98481;
custom,pyramid,metal4,1.6666667,1.4912267,1.6666667,1,0.8,0.2,1,0.05,0.2,318.923352,844.626252,-1099.831512,0,-0.17365,0,0.98481;
custom,pyramid,metal4,1.6666667,1.5789467,1.6666667,1,0.85,0.15,1,0.05,0.2,285.932508,845.415708,-1077.731232,0,-0.08716,0,0.99619;
custom,pyramid,metal4,1.6666667,1.5789467,1.6666667,1,0.85,0.15,1,0.05,0.2,291.142044,845.415708,-1107.275568,0,-0.08716,0,0.99619;
custom,pyramid,metal4,1.6666667,1.6666667,1.6666667,1,0.9,0.1,1,0.05,0.2,262.490064,846.205164,-1079.782284,0,0,0,1;
custom,pyramid,metal4,1.6666667,1.6666667,1.6666667,1,0.9,0.1,1,0.05,0.2,262.490064,846.205164,-1109.782284,0,0,0,1;

custom,pyramid,metal4,1.6666667,0.08772,1.6666667,1,0,1,1,0.05,0.2,262.490016,890.415708,-809.782284,0,0,-1,0;
custom,pyramid,metal4,1.6666667,0.08772,1.6666667,1,0,1,1,0.05,0.2,262.490016,890.415708,-779.782284,0,0,-1,0;
custom,pyramid,metal4,1.6666667,0.17544,1.6666667,1,0.05,0.95,1,0.05,0.2,285.93246,889.626252,-811.833252,0.08716,0,0.99619,0;
custom,pyramid,metal4,1.6666667,0.17544,1.6666667,1,0.05,0.95,1,0.05,0.2,291.141996,889.626252,-782.289,0.08716,0,0.99619,0;
custom,pyramid,metal4,1.6666667,0.26316,1.6666667,1,0.1,0.9,1,0.05,0.2,308.662716,888.8367,-817.923888,0.17365,0,0.98481,0;
custom,pyramid,metal4,1.6666667,0.26316,1.6666667,1,0.1,0.9,1,0.05,0.2,318.923304,888.8367,-789.732972,0.17365,0,0.98481,0;
custom,pyramid,metal4,1.6666667,0.35088,1.6666667,1,0.15,0.85,1,0.05,0.2,329.990016,888.047244,-827.8689,0.25882,0,0.96593,0;
custom,pyramid,metal4,1.6666667,0.35088,1.6666667,1,0.15,0.85,1,0.05,0.2,344.990016,888.047244,-801.88806,0.25882,0,0.96593,0;
custom,pyramid,metal4,1.6666667,0.4385933,1.6666667,1,0.2,0.8,1,0.05,0.2,349.26636,887.257776,-841.366332,0.34202,0,0.93969,0;
custom,pyramid,metal4,1.6666667,0.4385933,1.6666667,1,0.2,0.8,1,0.05,0.2,368.550024,887.257776,-818.384952,0.34202,0,0.93969,0;
custom,pyramid,metal4,1.6666667,0.5263133,1.6666667,1,0.25,0.75,1,0.05,0.2,365.90598,886.46832,-858.006048,0.42262,0,0.90631,0;
custom,pyramid,metal4,1.6666667,0.5263133,1.6666667,1,0.25,0.75,1,0.05,0.2,388.887408,886.46832,-838.722288,0.42262,0,0.90631,0;
custom,pyramid,metal4,1.6666667,0.6140333,1.6666667,1,0.3,0.7,1,0.05,0.2,379.403412,885.678864,-877.2822,0.5,0,0.86603,0;
custom,pyramid,metal4,1.6666667,0.6140333,1.6666667,1,0.3,0.7,1,0.05,0.2,405.384336,885.678864,-862.2822,0.5,0,0.86603,0;
custom,pyramid,metal4,1.6666667,0.7017533,1.6666667,1,0.35,0.65,1,0.05,0.2,389.348556,884.889408,-898.609584,0.57358,0,0.81915,0;
custom,pyramid,metal4,1.6666667,0.7017533,1.6666667,1,0.35,0.65,1,0.05,0.2,417.539424,884.889408,-888.348912,0.57358,0,0.81915,0;
custom,pyramid,metal4,1.6666667,0.7894733,1.6666667,1,0.4,0.6,1,0.05,0.2,395.439144,884.09994,-921.339756,0.64279,0,0.76604,0;
custom,pyramid,metal4,1.6666667,0.7894733,1.6666667,1,0.4,0.6,1,0.05,0.2,424.983396,884.09994,-916.13022,0.64279,0,0.76604,0;
custom,pyramid,metal4,1.6666667,0.8771933,1.6666667,1,0.45,0.55,1,0.05,0.2,397.490112,883.3104,-944.7822,0.70711,0,0.70711,0;
custom,pyramid,metal4,1.6666667,0.8771933,1.6666667,1,0.45,0.55,1,0.05,0.2,427.490112,883.3104,-944.7822,0.70711,0,0.70711,0;
custom,pyramid,metal4,1.6666667,0.9649133,1.6666667,1,0.5,0.5,1,0.05,0.2,395.439144,882.520932,-968.224824,0.76604,0,0.64279,0;
custom,pyramid,metal4,1.6666667,0.9649133,1.6666667,1,0.5,0.5,1,0.05,0.2,424.983396,882.520932,-973.434168,0.76604,0,0.64279,0;
custom,pyramid,metal4,1.6666667,1.0526333,1.6666667,1,0.55,0.45,1,0.05,0.2,389.348556,881.731476,-990.954804,0.81915,0,0.57358,0;
custom,pyramid,metal4,1.6666667,1.0526333,1.6666667,1,0.55,0.45,1,0.05,0.2,417.539424,881.731476,-1001.215488,0.81915,0,0.57358,0;
custom,pyramid,metal4,1.6666667,1.1403533,1.6666667,1,0.6,0.4,1,0.05,0.2,379.40346,880.94202,-1012.2822,0.86603,0,0.5,0;
custom,pyramid,metal4,1.6666667,1.1403533,1.6666667,1,0.6,0.4,1,0.05,0.2,405.384336,880.94202,-1027.2822,0.86603,0,0.5,0;
custom,pyramid,metal4,1.6666667,1.2280733,1.6666667,1,0.65,0.35,1,0.05,0.2,365.906016,880.152552,-1031.558436,0.90631,0,0.42262,0;
custom,pyramid,metal4,1.6666667,1.2280733,1.6666667,1,0.65,0.35,1,0.05,0.2,388.887408,880.152552,-1050.842196,0.90631,0,0.42262,0;
custom,pyramid,metal4,1.6666667,1.3157867,1.6666667,1,0.7,0.3,1,0.05,0.2,349.266408,879.363096,-1048.198152,0.93969,0,0.34202,0;
custom,pyramid,metal4,1.6666667,1.3157867,1.6666667,1,0.7,0.3,1,0.05,0.2,368.55006,879.363096,-1071.179532,0.93969,0,0.34202,0;
custom,pyramid,metal4,1.6666667,1.4035067,1.6666667,1,0.75,0.25,1,0.05,0.2,329.990064,878.573544,-1061.695584,-0.96593,0,-0.25882,0;
custom,pyramid,metal4,1.6666667,1.4035067,1.6666667,1,0.75,0.25,1,0.05,0.2,344.990064,878.573544,-1087.676424,-0.96593,0,-0.25882,0;
custom,pyramid,metal4,1.6666667,1.4912267,1.6666667,1,0.8,0.2,1,0.05,0.2,308.662764,877.784088,-1071.640596,-0.98481,0,-0.17365,0;
custom,pyramid,metal4,1.6666667,1.4912267,1.6666667,1,0.8,0.2,1,0.05,0.2,318.923352,877.784088,-1099.831512,-0.98481,0,-0.17365,0;
custom,pyramid,metal4,1.6666667,1.5789467,1.6666667,1,0.85,0.15,1,0.05,0.2,285.932508,876.994632,-1077.731232,-0.99619,0,-0.08716,0;
custom,pyramid,metal4,1.6666667,1.5789467,1.6666667,1,0.85,0.15,1,0.05,0.2,291.142044,876.994632,-1107.275568,-0.99619,0,-0.08716,0;
custom,pyramid,metal4,1.6666667,1.6666667,1.6666667,1,0.9,0.1,1,0.05,0.2,262.490064,876.205164,-1079.782284,-1,0,0,0;
custom,pyramid,metal4,1.6666667,1.6666667,1.6666667,1,0.9,0.1,1,0.05,0.2,262.490064,876.205164,-1109.782284,-1,0,0,0;

custom,pyramid,metal4,1.6666667,1.6666667,1.6666667,1,1,0,1,0.05,0.2,-217.509936,876.205164,-1079.782104,-1e-7,-1e-7,-1,0;
custom,pyramid,metal4,1.6666667,1.6666667,1.6666667,1,1,0,1,0.05,0.2,-217.509936,876.205164,-1109.782284,-1e-7,-1e-7,-1,0;
custom,pyramid,metal4,1.6666667,1.6666667,1.6666667,1,1,0,1,0.05,0.2,-217.509936,846.205164,-1079.782104,0,1,0,2e-7;
custom,pyramid,metal4,1.6666667,1.6666667,1.6666667,1,1,0,1,0.05,0.2,-217.509936,846.205164,-1109.782284,0,1,0,2e-7;
custom,pyramid,metal4,1.6666667,1.6666667,1.6666667,1,1,0.05,0.95,0.05,0.2,-240.952428,846.205164,-1111.833252,0,0.9961947,0,0.0871559;
custom,pyramid,metal4,1.6666667,1.6666667,1.6666667,1,1,0.05,0.95,0.05,0.2,-246.161868,846.205164,-1082.28882,0,0.9961947,0,0.0871559;
custom,pyramid,metal4,1.6666667,1.6666667,1.6666667,1,1,0.05,0.95,0.05,0.2,-240.952428,876.205164,-1111.833252,-0.0871557,1e-7,0.9961947,0;
custom,pyramid,metal4,1.6666667,1.6666667,1.6666667,1,1,0.05,0.95,0.05,0.2,-246.161868,876.205164,-1082.28882,-0.0871557,1e-7,0.9961947,0;
custom,pyramid,metal4,1.6666667,1.6666667,1.6666667,1,1,0.1,0.9,0.05,0.2,-263.682636,846.205164,-1117.923708,0,0.9848077,0,0.1736483;
custom,pyramid,metal4,1.6666667,1.6666667,1.6666667,1,1,0.1,0.9,0.05,0.2,-273.943224,846.205164,-1089.732972,0,0.9848077,0,0.1736483;
custom,pyramid,metal4,1.6666667,1.6666667,1.6666667,1,1,0.1,0.9,0.05,0.2,-263.682636,876.205164,-1117.923708,-0.1736481,1e-7,0.9848078,0;
custom,pyramid,metal4,1.6666667,1.6666667,1.6666667,1,1,0.1,0.9,0.05,0.2,-273.943224,876.205164,-1089.732972,-0.1736481,1e-7,0.9848078,0;
custom,pyramid,metal4,1.6666667,1.6666667,1.6666667,1,1,0.15,0.85,0.05,0.2,-285.009888,846.205164,-1127.8689,0,0.9659258,0,0.2588192;
custom,pyramid,metal4,1.6666667,1.6666667,1.6666667,1,1,0.15,0.85,0.05,0.2,-300.009936,846.205164,-1101.88806,0,0.9659258,0,0.2588192;
custom,pyramid,metal4,1.6666667,1.6666667,1.6666667,1,1,0.15,0.85,0.05,0.2,-285.009888,876.205164,-1127.8689,-0.258819,1e-7,0.9659259,0;
custom,pyramid,metal4,1.6666667,1.6666667,1.6666667,1,1,0.15,0.85,0.05,0.2,-300.009936,876.205164,-1101.88806,-0.258819,1e-7,0.9659259,0;
custom,pyramid,metal4,1.6666667,1.6666667,1.6666667,1,1,0.2,0.8,0.05,0.2,-304.28622,846.205164,-1141.366332,0,0.9396926,0,0.3420203;
custom,pyramid,metal4,1.6666667,1.6666667,1.6666667,1,1,0.2,0.8,0.05,0.2,-323.569884,846.205164,-1118.384952,0,0.9396926,0,0.3420203;
custom,pyramid,metal4,1.6666667,1.6666667,1.6666667,1,1,0.2,0.8,0.05,0.2,-304.28622,876.205164,-1141.366332,-0.34202,1e-7,0.9396927,0;
custom,pyramid,metal4,1.6666667,1.6666667,1.6666667,1,1,0.2,0.8,0.05,0.2,-323.569884,876.205164,-1118.384952,-0.34202,1e-7,0.9396927,0;
custom,pyramid,metal4,1.6666667,1.6666667,1.6666667,1,1,0.25,0.75,0.05,0.2,-320.925936,846.205164,-1158.005856,0,0.9063077,0,0.4226185;
custom,pyramid,metal4,1.6666667,1.6666667,1.6666667,1,1,0.25,0.75,0.05,0.2,-343.907232,846.205164,-1138.722288,0,0.9063077,0,0.4226185;
custom,pyramid,metal4,1.6666667,1.6666667,1.6666667,1,1,0.25,0.75,0.05,0.2,-320.925936,876.205164,-1158.005856,-0.4226182,1e-7,0.9063078,0;
custom,pyramid,metal4,1.6666667,1.6666667,1.6666667,1,1,0.25,0.75,0.05,0.2,-343.907232,876.205164,-1138.722288,-0.4226182,1e-7,0.9063078,0;
custom,pyramid,metal4,1.6666667,1.6666667,1.6666667,1,1,0.3,0.7,0.05,0.2,-334.423368,846.205164,-1177.282284,0,0.8660253,0,0.5000002;
custom,pyramid,metal4,1.6666667,1.6666667,1.6666667,1,1,0.3,0.7,0.05,0.2,-360.404112,846.205164,-1162.282284,0,0.8660253,0,0.5000002;
custom,pyramid,metal4,1.6666667,1.6666667,1.6666667,1,1,0.3,0.7,0.05,0.2,-334.423368,876.205164,-1177.282284,-0.4999999,1e-7,0.8660255,0;
custom,pyramid,metal4,1.6666667,1.6666667,1.6666667,1,1,0.3,0.7,0.05,0.2,-360.404112,876.205164,-1162.282284,-0.4999999,1e-7,0.8660255,0;
custom,pyramid,metal4,1.6666667,1.6666667,1.6666667,1,1,0.35,0.65,0.05,0.2,-344.36838,846.205164,-1198.6095,0,0.8191519,0,0.5735766;
custom,pyramid,metal4,1.6666667,1.6666667,1.6666667,1,1,0.35,0.65,0.05,0.2,-372.559164,846.205164,-1188.348996,0,0.8191519,0,0.5735766;
custom,pyramid,metal4,1.6666667,1.6666667,1.6666667,1,1,0.35,0.65,0.05,0.2,-344.36838,876.205164,-1198.6095,-0.5735764,1e-7,0.8191521,0;
custom,pyramid,metal4,1.6666667,1.6666667,1.6666667,1,1,0.35,0.65,0.05,0.2,-372.559164,876.205164,-1188.348996,-0.5735764,1e-7,0.8191521,0;
custom,pyramid,metal4,1.6666667,1.6666667,1.6666667,1,1,0.4,0.6,0.05,0.2,-350.458872,846.205164,-1221.33966,0,0.7660443,0,0.6427878;
custom,pyramid,metal4,1.6666667,1.6666667,1.6666667,1,1,0.4,0.6,0.05,0.2,-380.003124,846.205164,-1216.130316,0,0.7660443,0,0.6427878;
custom,pyramid,metal4,1.6666667,1.6666667,1.6666667,1,1,0.4,0.6,0.05,0.2,-350.458872,876.205164,-1221.33966,-0.6427876,1e-7,0.7660445,0;
custom,pyramid,metal4,1.6666667,1.6666667,1.6666667,1,1,0.4,0.6,0.05,0.2,-380.003124,876.205164,-1216.130316,-0.6427876,1e-7,0.7660445,0;
custom,pyramid,metal4,1.6666667,1.6666667,1.6666667,1,1,0.45,0.55,0.05,0.2,-352.50984,846.205164,-1244.7822,0,0.7071067,0,0.7071068;
custom,pyramid,metal4,1.6666667,1.6666667,1.6666667,1,1,0.45,0.55,0.05,0.2,-382.50984,846.205164,-1244.7822,0,0.7071067,0,0.7071068;
custom,pyramid,metal4,1.6666667,1.6666667,1.6666667,1,1,0.45,0.55,0.05,0.2,-352.50984,876.205164,-1244.7822,-0.7071067,1e-7,0.7071069,1e-7;
custom,pyramid,metal4,1.6666667,1.6666667,1.6666667,1,1,0.45,0.55,0.05,0.2,-382.50984,876.205164,-1244.7822,-0.7071067,1e-7,0.7071069,1e-7;
custom,pyramid,metal4,1.6666667,1.6666667,1.6666667,1,1,0.5,0.5,0.05,0.2,-350.45892,846.205164,-1268.224728,0,0.6427875,0,0.7660446;
custom,pyramid,metal4,1.6666667,1.6666667,1.6666667,1,1,0.5,0.5,0.05,0.2,-380.003124,846.205164,-1273.434084,0,0.6427875,0,0.7660446;
custom,pyramid,metal4,1.6666667,1.6666667,1.6666667,1,1,0.5,0.5,0.05,0.2,-350.45892,876.205164,-1268.224728,-0.7660444,0,0.6427877,1e-7;
custom,pyramid,metal4,1.6666667,1.6666667,1.6666667,1,1,0.5,0.5,0.05,0.2,-380.003124,876.205164,-1273.434084,-0.7660444,0,0.6427877,1e-7;
custom,pyramid,metal4,1.6666667,1.6666667,1.6666667,1,1,0.55,0.45,0.05,0.2,-344.36838,846.205164,-1290.9549,0,0.5735763,0,0.8191522;
custom,pyramid,metal4,1.6666667,1.6666667,1.6666667,1,1,0.55,0.45,0.05,0.2,-372.559164,846.205164,-1301.215392,0,0.5735763,0,0.8191522;
custom,pyramid,metal4,1.6666667,1.6666667,1.6666667,1,1,0.55,0.45,0.05,0.2,-344.36838,876.205164,-1290.9549,-0.819152,0,0.5735765,1e-7;
custom,pyramid,metal4,1.6666667,1.6666667,1.6666667,1,1,0.55,0.45,0.05,0.2,-372.559164,876.205164,-1301.215392,-0.819152,0,0.5735765,1e-7;
custom,pyramid,metal4,1.6666667,1.6666667,1.6666667,1,1,0.6,0.4,0.05,0.2,-334.423284,846.205164,-1312.282104,0,0.4999999,0,0.8660255;
custom,pyramid,metal4,1.6666667,1.6666667,1.6666667,1,1,0.6,0.4,0.05,0.2,-360.404064,846.205164,-1327.282104,0,0.4999999,0,0.8660255;
custom,pyramid,metal4,1.6666667,1.6666667,1.6666667,1,1,0.6,0.4,0.05,0.2,-334.423284,876.205164,-1312.282104,-0.8660254,0,0.5,1e-7;
custom,pyramid,metal4,1.6666667,1.6666667,1.6666667,1,1,0.6,0.4,0.05,0.2,-360.404064,876.205164,-1327.282104,-0.8660254,0,0.5,1e-7;
custom,pyramid,metal4,1.6666667,1.6666667,1.6666667,1,1,0.65,0.35,0.05,0.2,-320.92584,846.205164,-1331.558532,0,0.4226181,0,0.9063079;
custom,pyramid,metal4,1.6666667,1.6666667,1.6666667,1,1,0.65,0.35,0.05,0.2,-343.907184,846.205164,-1350.8421,0,0.4226181,0,0.9063079;
custom,pyramid,metal4,1.6666667,1.6666667,1.6666667,1,1,0.65,0.35,0.05,0.2,-320.92584,876.205164,-1331.558532,-0.9063078,0,0.4226183,1e-7;
custom,pyramid,metal4,1.6666667,1.6666667,1.6666667,1,1,0.65,0.35,0.05,0.2,-343.907184,876.205164,-1350.8421,-0.9063078,0,0.4226183,1e-7;
custom,pyramid,metal4,1.6666667,1.6666667,1.6666667,1,1,0.7,0.3,0.05,0.2,-304.286184,846.205164,-1348.198248,0,0.34202,0,0.9396927;
custom,pyramid,metal4,1.6666667,1.6666667,1.6666667,1,1,0.7,0.3,0.05,0.2,-323.569836,846.205164,-1371.179448,0,0.34202,0,0.9396927;
custom,pyramid,metal4,1.6666667,1.6666667,1.6666667,1,1,0.7,0.3,0.05,0.2,-304.286184,876.205164,-1348.198248,-0.9396926,0,0.3420202,1e-7;
custom,pyramid,metal4,1.6666667,1.6666667,1.6666667,1,1,0.7,0.3,0.05,0.2,-323.569836,876.205164,-1371.179448,-0.9396926,0,0.3420202,1e-7;
custom,pyramid,metal4,1.6666667,1.6666667,1.6666667,1,1,0.75,0.25,0.05,0.2,-285.00984,846.205164,-1361.69568,0,0.2588189,0,0.9659259;
custom,pyramid,metal4,1.6666667,1.6666667,1.6666667,1,1,0.75,0.25,0.05,0.2,-300.00984,846.205164,-1387.676328,0,0.2588189,0,0.9659259;
custom,pyramid,metal4,1.6666667,1.6666667,1.6666667,1,1,0.75,0.25,0.05,0.2,-285.00984,876.205164,-1361.69568,-0.9659258,0,0.2588191,1e-7;
custom,pyramid,metal4,1.6666667,1.6666667,1.6666667,1,1,0.75,0.25,0.05,0.2,-300.00984,876.205164,-1387.676328,-0.9659258,0,0.2588191,1e-7;
custom,pyramid,metal4,1.6666667,1.6666667,1.6666667,1,1,0.8,0.2,0.05,0.2,-263.682588,846.205164,-1371.640692,0,0.1736481,0,0.9848078;
custom,pyramid,metal4,1.6666667,1.6666667,1.6666667,1,1,0.8,0.2,0.05,0.2,-273.943176,846.205164,-1399.831416,0,0.1736481,0,0.9848078;
custom,pyramid,metal4,1.6666667,1.6666667,1.6666667,1,1,0.8,0.2,0.05,0.2,-263.682588,876.205164,-1371.640692,-0.9848077,0,0.1736483,1e-7;
custom,pyramid,metal4,1.6666667,1.6666667,1.6666667,1,1,0.8,0.2,0.05,0.2,-273.943176,876.205164,-1399.831416,-0.9848077,0,0.1736483,1e-7;
custom,pyramid,metal4,1.6666667,1.6666667,1.6666667,1,1,0.85,0.15,0.05,0.2,-240.95238,846.205164,-1377.731136,0,0.0871555,0,0.9961947;
custom,pyramid,metal4,1.6666667,1.6666667,1.6666667,1,1,0.85,0.15,0.05,0.2,-246.16182,846.205164,-1407.275388,0,0.0871555,0,0.9961947;
custom,pyramid,metal4,1.6666667,1.6666667,1.6666667,1,1,0.85,0.15,0.05,0.2,-240.95238,876.205164,-1377.731136,-0.9961947,0,0.0871558,1e-7;
custom,pyramid,metal4,1.6666667,1.6666667,1.6666667,1,1,0.85,0.15,0.05,0.2,-246.16182,876.205164,-1407.275388,-0.9961947,0,0.0871558,1e-7;
custom,pyramid,metal4,1.6666667,1.6666667,1.6666667,1,1,0.9,0.1,0.05,0.2,-217.50984,846.205164,-1379.782104,0,-2e-7,0,1;
custom,pyramid,metal4,1.6666667,1.6666667,1.6666667,1,1,0.9,0.1,0.05,0.2,-217.50984,846.205164,-1409.782104,0,-2e-7,0,1;
custom,pyramid,metal4,1.6666667,1.6666667,1.6666667,1,1,0.9,0.1,0.05,0.2,-217.50984,876.205164,-1379.782104,-1,0,0,1e-7;
custom,pyramid,metal4,1.6666667,1.6666667,1.6666667,1,1,0.9,0.1,0.05,0.2,-217.50984,876.205164,-1409.782104,-1,0,0,1e-7;










custom,killcylinder,bombexplosiontex,24,0.66,24,1,0,0.5,1,1,1,-217.5099792,825.2051696,-644.9999543,0,-1e-7,0,1;
custom,killcylinder,bombexplosiontex,24,0.66,24,1,0.5,1,1,1,1,262.4900665,825.2051696,-944.782196,0,1,0,1e-7;
custom,killcylinder,bombexplosiontex,24,1.2599999,24,1,0,0.5,1,1,1,-217.5099792,903.2051696,-644.9999543,0,-1e-7,0,1;
custom,killcylinder,bombexplosiontex,24,1.2599999,24,1,0.5,1,1,1,1,262.4900665,903.2051696,-944.782196,0,1,0,1e-7;
custom,killcylinder,bombexplosiontex,24,0.66,24,1,1,1,0,1,1,-217.5098419,825.2051696,-1244.782104,0,-1e-7,0,1;
custom,killcylinder,bombexplosiontex,24,1.2599999,24,1,1,1,0,1,1,-217.5098419,903.2051696,-1244.782104,0,-1e-7,0,1;




custom,cuboid,default,6,2.4,6,1,0,0,0.2,1,1,0,1251.205164,-2339.999628,0,0,0,1;
custom,cuboid,default,6,2.4,6,1,0,0,0.2,1,1,0,1167.205164,-2339.999628,0,0,0,1;
custom,cuboid,medievalartilleryassets_texture-psd,2.4,10.8,6,1,1,1,1,1,1,-42,1209.205164,-2339.999628,0,0,0,1;
custom,cuboid,medievalartilleryassets_texture-psd,2.4,10.8,6,1,1,1,1,1,1,42,1209.205164,-2339.999628,0,0,0,1;

custom,cuboid,empty,6.12,2.28,6.12,1,0,0,0.2,1,1,0,1251.205164,-2339.999628,0,0,0,1;
custom,cuboid,empty,6.12,2.28,6.12,1,0,0,0.2,1,1,0,1167.205164,-2339.999628,0,0,0,1;
custom,cuboid,empty,2.28,10.68,6.12,1,0,0,0.2,1,1,-42,1209.205164,-2339.999628,0,0,0,1;
custom,cuboid,empty,2.28,10.68,6.12,1,0,0,0.2,1,1,42,1209.205164,-2339.999628,0,0,0,1;

custom,cuboid,bombtex,6,2.412,6,1,0.7,0.85,1,20,20,0,1251.205164,-2339.999628,0,0,0,1;
custom,cuboid,bombtex,6,2.412,6,1,0.7,0.85,1,20,20,0,1167.205164,-2339.999628,0,0,0,1;

custom,cuboid,ice1,4.2,0.6,1.08,1,1,1,1,0.35,0.05,12.72792,1221.933108,-2339.999628,0,0,-0.38268,0.92388;
custom,cuboid,ice1,4.2,0.6,1.08,1,1,1,1,0.35,0.05,-12.72792,1196.477232,-2339.999628,0,0,-0.38268,0.92388;
custom,cuboid,ice1,4.2,0.6,1.08,1,1,1,1,0.35,0.05,12.72792,1196.477232,-2339.999628,0,0,-0.92388,0.38268;
custom,cuboid,ice1,4.2,0.6,1.08,1,1,1,1,0.35,0.05,-12.72792,1221.933108,-2339.999628,0,0,-0.92388,0.38268;
custom,cuboid,ice1,1.2,1.2,1.08,1,1,1,1,0.1,0.1,24,1209.205164,-2339.999628,0,0,0,1;
custom,cuboid,ice1,1.2,1.2,1.08,1,1,1,1,0.1,0.1,-24,1209.205164,-2339.999628,0,0,0,1;
custom,cuboid,ice1,1.2,1.2,1.08,1,1,1,1,0.1,0.1,0,1185.205164,-2339.999628,0,0,-0.70711,0.70711;
custom,cuboid,ice1,1.2,1.2,1.08,1,1,1,1,0.1,0.1,0,1233.205164,-2339.999628,0,0,-0.70711,0.70711;
custom,cuboid,ice1,6.12,2.52,1.2,1,1,1,1,0.51,0.21,0,1251.205164,-2339.999628,0,0,0,1;
custom,cuboid,ice1,6.12,2.52,1.2,1,1,1,1,0.51,0.21,0,1167.205164,-2339.999628,0,0,0,1;
custom,cuboid,ice1,2.52,10.92,1.2,1,1,1,1,0.21,0.91,-42,1209.205164,-2339.999628,0,0,0,1;
custom,cuboid,ice1,2.52,10.92,1.2,1,1,1,1,0.21,0.91,42,1209.205164,-2339.999628,0,0,0,1;

custom,cuboid,empty,4.236,0.636,1.044,1,0,0,0,0,0,12.72792,1221.933108,-2339.999628,0,0,-0.38268,0.92388;
custom,cuboid,empty,4.236,0.636,1.044,1,0,0,0,0,0,-12.72792,1196.477232,-2339.999628,0,0,-0.38268,0.92388;
custom,cuboid,empty,4.236,0.636,1.044,1,0,0,0,0,0,12.72792,1196.477232,-2339.999628,0,0,-0.92388,0.38268;
custom,cuboid,empty,4.236,0.636,1.044,1,0,0,0,0,0,-12.72792,1221.933108,-2339.999628,0,0,-0.92388,0.38268;
custom,cuboid,empty,1.236,1.236,1.044,1,0,0,0,0,0,24,1209.205164,-2339.999628,0,0,0,1;
custom,cuboid,empty,1.236,1.236,1.044,1,0,0,0,0,0,-24,1209.205164,-2339.999628,0,0,0,1;
custom,cuboid,empty,1.236,1.236,1.044,1,0,0,0,0,0,0,1185.205164,-2339.999628,0,0,-0.70711,0.70711;
custom,cuboid,empty,1.236,1.236,1.044,1,0,0,0,0,0,0,1233.205164,-2339.999628,0,0,-0.70711,0.70711;
custom,cuboid,empty,6.156,2.556,1.164,1,0,0,0,0,0,0,1251.205164,-2339.999628,0,0,0,1;
custom,cuboid,empty,6.156,2.556,1.164,1,0,0,0,0,0,0,1167.205164,-2339.999628,0,0,0,1;
custom,cuboid,empty,2.556,10.956,1.164,1,0,0,0,0,0,-42,1209.205164,-2339.999628,0,0,0,1;
custom,cuboid,empty,2.556,10.956,1.164,1,0,0,0,0,0,42,1209.205164,-2339.999628,0,0,0,1;

racing,checkpointcuboid,3.6,3.6,0.96,0,1209.205164,-2339.999628,0,0,-0.38268,0.92388;







custom,arc180,pillar_col,19.5,12,19.5,1,0.5,0.85,1,3.83,4.5,344.8483296,1063.032636,-1355.904438,0,-1,0,0;
custom,arc180,pillar_col,19.5,12,19.5,1,0.5,0.85,1,3.83,4.5,318.9167394,1063.032636,-1285.8166068,0,-0.92388,0,-0.38268;

custom,arc180,arena2tex,15.6,2.4,15.6,1,0.2,0.85,1,9,135,325.3344989,1100.089176,-1354.967604,0,-1,0,0;
custom,arc180,arena2tex,15.6,2.4,15.6,1,0.2,0.85,1,9,135,304.4557843,1100.088636,-1298.952294,0,-0.92388,0,-0.38268;
custom,arc180,arena2tex,12,2.4,12,1,0.2,0.85,1,9,135,307.3215908,1100.088636,-1354.465188,0,-1,0,0;
custom,arc180,arena2tex,12,2.4,12,1,0.2,0.85,1,9,135,291.3637076,1100.088636,-1311.3342672,0,-0.92388,0,-0.38268;

custom,arc180,ice1,19.5,2.4,19.5,1,1,1,1,1,1,344.8483296,1100.088636,-1355.904438,0,-1,0,0;
custom,arc180,ice1,19.5,2.4,19.5,1,1,1,1,1,1,318.9167754,1100.088636,-1285.8166068,0,-0.92388,0,-0.38268;

custom,arc180,ice1,9.6,2.4,9.6,1,0,0.5,0.7,1,1,295.3130815,1100.088636,-1353.88854,0,-1,0,0;
custom,arc180,ice1,9.6,2.4,9.6,1,0,0.5,0.7,1,1,199.2448147,1100.088636,-1350.20406,0,0,0,1;
custom,arc180,empty,9.54,2.28,9.57,1,0,0,0,1,1,295.3128682,1100.101836,-1353.8827824,0,-1,0,0;
custom,arc180,empty,9.54,2.28,9.57,1,0,0,0,1,1,199.245028,1100.101836,-1350.2098176,0,0,0,1;

custom,arc180,empty,12.48,1.92,12.48,1,0.2,0.85,1,1,1,309.7233695,1100.141976,-1353.806376,0,-1,0,0;
custom,arc180,empty,12.48,1.92,12.48,1,0.2,0.85,1,1,1,293.2339115,1100.141976,-1309.2078936,0,-0.92388,0,-0.38268;

custom,arc180,arena2tex,15.6,2.4,15.6,1,1,1,1,135,4.5,325.3344989,1028.089176,-1354.967604,0,-1,0,0;
custom,arc180,arena2tex,15.6,2.4,15.6,1,1,1,1,135,4.5,304.4557843,1028.088636,-1298.952294,0,-0.92388,0,-0.38268;
custom,arc180,arena2tex,12,2.4,12,1,1,1,1,135,4.5,307.3215908,1028.088636,-1354.465188,0,-1,0,0;
custom,arc180,arena2tex,12,2.4,12,1,1,1,1,135,4.5,291.3637076,1028.088636,-1311.3342672,0,-0.92388,0,-0.38268;

custom,arc180,ice1,19.5,2.4,19.5,1,1,1,1,1,1,344.8483296,1028.088636,-1355.904438,0,-1,0,0;
custom,arc180,ice1,19.5,2.4,19.5,1,1,1,1,1,1,318.9167754,1028.088636,-1285.8166068,0,-0.92388,0,-0.38268;

custom,arc180,ice1,9.6,2.4,9.6,1,0,0.5,0.7,1,1,295.3130815,1028.088636,-1353.88854,0,-1,0,0;
custom,arc180,ice1,9.6,2.4,9.6,1,0,0.5,0.7,1,1,199.2448147,1028.088636,-1350.20406,0,0,0,1;
custom,arc180,empty,9.54,2.28,9.57,1,0,0,0,1,1,295.3128682,1028.101836,-1353.8827824,0,-1,0,0;
custom,arc180,empty,9.54,2.28,9.57,1,0,0,0,1,1,199.245028,1028.101836,-1350.2098176,0,0,0,1;

custom,arc180,empty,12.48,1.92,12.48,1,0.8,0.3,0.35,1,4.5,309.7233695,1028.141976,-1353.806376,0,-1,0,0;
custom,arc180,empty,12.48,1.92,12.48,1,0.8,0.3,0.35,1,4.5,293.2339115,1028.141976,-1309.2078936,0,-0.92388,0,-0.38268;




custom,arc180,pillar_col,19.5,12,19.5,1,0.5,0.85,1,3.83,4.5,-344.8487141,1065.672996,-1355.904438,-1,0,0,0;
custom,arc180,pillar_col,19.5,12,19.5,1,0.5,0.85,1,3.83,4.5,-318.9171238,1065.6729958,-1285.8166056,-0.92388,0,0.38268,0;

custom,arc180,arena2tex,15.6,2.4,15.6,1,1,1,1,135,4.5,-325.3348951,1028.61636,-1354.967604,-1,0,0,0;
custom,arc180,arena2tex,15.6,2.4,15.6,1,1,1,1,135,4.5,-304.4561686,1028.6169958,-1298.952294,-0.92388,0,0.38268,0;
custom,arc180,arena2tex,12,2.4,12,1,1,1,1,135,4.5,-307.3219751,1028.616996,-1354.465188,-1,0,0,0;
custom,arc180,arena2tex,12,2.4,12,1,1,1,1,135,4.5,-291.3641038,1028.6169959,-1311.3342672,-0.92388,0,0.38268,0;

custom,arc180,ice1,19.5,2.4,19.5,1,0.2,0.85,1,1,1,-344.848714,1028.616996,-1355.904438,-1,0,0,0;
custom,arc180,ice1,19.5,2.4,19.5,1,0.2,0.85,1,1,1,-318.9171716,1028.6169958,-1285.8166068,-0.92388,0,0.38268,0;

custom,arc180,ice1,9.6,2.4,9.6,1,0,0.5,0.7,1,1,-295.3134656,1028.616996,-1353.88854,-1,0,0,0;
custom,arc180,ice1,9.6,2.4,9.6,1,0,0.5,0.7,1,1,-199.2452227,1028.616996,-1350.20406,0,0,-1,0;
custom,arc180,empty,9.54,2.28,9.57,1,0,0,0,1,1,-295.3132523,1028.603796,-1353.8827824,-1,0,0,0;
custom,arc180,empty,9.54,2.28,9.57,1,0,0,0,1,1,-199.2454361,1028.603796,-1350.2098176,0,0,-1,0;

custom,arc180,empty,12.48,1.92,12.48,1,0.8,0.3,0.35,1,4.5,-309.7237657,1028.56356,-1353.806376,-1,0,0,0;
custom,arc180,empty,12.48,1.92,12.48,1,0.8,0.3,0.35,1,4.5,-293.2343076,1028.5635599,-1309.2078936,-0.92388,0,0.38268,0;

custom,arc180,arena2tex,15.6,2.4,15.6,1,0.2,0.85,1,9,135,-325.3348951,1100.61636,-1354.967604,-1,0,0,0;
custom,arc180,arena2tex,15.6,2.4,15.6,1,0.2,0.85,1,9,135,-304.4561686,1100.6169958,-1298.952294,-0.92388,0,0.38268,0;
custom,arc180,arena2tex,12,2.4,12,1,0.2,0.85,1,9,135,-307.3219751,1100.616996,-1354.465188,-1,0,0,0;
custom,arc180,arena2tex,12,2.4,12,1,0.2,0.85,1,9,135,-291.3641038,1100.6169959,-1311.3342672,-0.92388,0,0.38268,0;

custom,arc180,ice1,19.5,2.4,19.5,1,1,1,1,1,1,-344.848714,1100.616996,-1355.904438,-1,0,0,0;
custom,arc180,ice1,19.5,2.4,19.5,1,1,1,1,1,1,-318.9171716,1100.6169958,-1285.8166068,-0.92388,0,0.38268,0;

custom,arc180,ice1,9.6,2.4,9.6,1,0,0.5,0.7,1,1,-295.3134656,1100.616996,-1353.88854,-1,0,0,0;
custom,arc180,ice1,9.6,2.4,9.6,1,0,0.5,0.7,1,1,-199.2451987,1100.616996,-1350.20406,0,0,-1,0;
custom,arc180,empty,9.54,2.28,9.57,1,0,0,0,1,1,-295.3132523,1100.603796,-1353.8827824,-1,0,0,0;
custom,arc180,empty,9.54,2.28,9.57,1,0,0,0,1,1,-199.2454121,1100.603796,-1350.2098176,0,0,-1,0;

custom,arc180,empty,12.48,1.92,12.48,1,0.2,0.85,1,1,4.5,-309.7237657,1100.56356,-1353.806376,-1,0,0,0;
custom,arc180,empty,12.48,1.92,12.48,1,0.2,0.85,1,1,4.5,-293.2343076,1100.5635599,-1309.2078936,-0.92388,0,0.38268,0;

custom,cuboid,pillar_col,6,1.08,30.72,1,0,0,0,1,1,0,1064.352636,-1352.278656,0.5,0.5,0.5,0.5;
custom,cuboid,pillar_col,6,1.2,30.62472,1,0.5,0.85,1,2,4.8,0,1064.352636,-1352.278656,0.5,0.5,0.5,0.5;
custom,cuboid,ice1,1.2,1.2,30.624684,1,1,1,1,0.1,0.1,0,1100.35272,-1352.278656,0.5,0.5,0.5,0.5;
custom,cuboid,ice1,1.2,1.2,30.624684,1,1,1,1,0.1,0.1,0,1028.35272,-1352.278656,0.5,0.5,0.5,0.5;
custom,cuboid,empty,1.32,1.32,8.52,1,0,0,0,0.11,0.11,0,1100.35272,-1235.987364,0.5,0.5,0.5,0.5;
custom,cuboid,empty,1.32,1.32,8.52,1,0,0,0,0.11,0.11,0,1028.352636,-1235.987364,0.5,0.5,0.5,0.5;
custom,cuboid,pillar_col,6.000024,1.200024,10.710372,1,0.5,0.85,1,2,3.8,83.5518,1064.352636,-1235.98746,0.5,0.5,0.5,0.5;
custom,cuboid,pillar_col,6.000024,1.200024,10.710372,1,0.5,0.85,1,2,3.8,-83.551872,1064.352636,-1235.98746,0.5,0.5,0.5,0.5;
custom,cuboid,ice1,1.2,1.2,10.710372,1,1,1,1,0.1,0.1,83.551848,1100.352636,-1235.98728,0.5,0.5,0.5,0.5;
custom,cuboid,ice1,1.2,1.2,10.710372,1,1,1,1,0.1,0.1,83.551848,1028.35254,-1235.98728,0.5,0.5,0.5,0.5;
custom,cuboid,ice1,1.2,1.2,10.710372,1,1,1,1,0.1,0.1,-83.551848,1100.352816,-1235.98746,0.5,0.5,0.5,0.5;
custom,cuboid,ice1,1.2,1.2,10.710372,1,1,1,1,0.1,0.1,-83.551848,1028.35272,-1235.98746,0.5,0.5,0.5,0.5;

custom,cuboid,default,0.96,4.8,35.895732,1,0.2,0.85,1,0.08,0.86908,0,1100.352816,-1294.132236,0.5,0.5,0.5,0.5;
custom,cuboid,default,0.96,4.8,35.895732,1,0.8,0.3,0.35,0.08,0.86908,0,1028.352816,-1294.132236,0.5,0.5,0.5,0.5;

custom,cuboid,default,0.96,10.4289379,33.6,1,0.2,0.85,1,0.08,0.86908,0,1100.352816,-1294.132236,0.5,0.5,0.5,0.5;
custom,cuboid,default,0.96,10.4289379,33.6,1,0.8,0.3,0.35,0.08,0.86908,0,1028.352816,-1294.132236,0.5,0.5,0.5,0.5;


custom,cuboid,empty,1.32,1.32,8.52,1,0,0,0,0.11,0.11,36.000048,1064.352636,-1235.987364,0.70711,0,0,0.70711;
custom,cuboid,empty,1.32,1.32,8.52,1,0,0,0,0.11,0.11,-36.000048,1064.352636,-1235.987364,0.70711,0,0,0.70711;

racing,killcylinder,19.2,3,19.2,247.278972,1064.352636,-1352.162388,0,0,0,1;
custom,cylinder,cannonregionmat,2.52,3.6,2.52,1,1,1,1,0.2,0.6,247.278972,1064.352636,-1352.162388,0,0,0,1;
custom,cylinder,ice1,2.4,3.6,2.4,1,1,1,1,0.2,0.6,247.278972,1064.352636,-1352.162388,0,0,0,1;
custom,cylinder,metal1,3.6,0.6,3.6,1,1,1,1,0.3,0.1,247.278972,1100.352636,-1352.162388,0,0,0,1;
custom,cylinder,metal1,3.6,0.6,3.6,1,1,1,1,0.3,0.1,247.278972,1028.352636,-1352.162388,0,0,0,1;
custom,cylinder,metal1,3.54,0.612,3.54,1,0,0,0,0.3,0.1,247.278972,1100.352636,-1352.162388,0,0,0,1;
custom,cylinder,metal1,3.54,0.612,3.54,1,0,0,0,0.3,0.1,247.278972,1028.352636,-1352.162388,0,0,0,1;

racing,killcylinder,19.2,3,19.2,-247.279356,1064.3529,-1352.162388,0,0,-1,0;
custom,cylinder,cannonregionmat,2.52,3.6,2.52,1,1,1,1,0.2,0.6,-247.279356,1064.3529,-1352.162388,0,0,-1,0;
custom,cylinder,ice1,2.4,3.6,2.4,1,1,1,1,0.2,0.6,-247.279356,1064.3529,-1352.162388,0,0,-1,0;
custom,cylinder,metal1,3.6,0.6,3.6,1,1,1,1,0.3,0.1,-247.279356,1028.3529,-1352.162388,0,0,-1,0;
custom,cylinder,metal1,3.6,0.6,3.6,1,1,1,1,0.3,0.1,-247.279356,1100.3529,-1352.162388,0,0,-1,0;
custom,cylinder,metal1,3.54,0.612,3.54,1,0,0,0,0.3,0.1,-247.279356,1028.3529,-1352.162388,0,0,-1,0;
custom,cylinder,metal1,3.54,0.612,3.54,1,0,0,0,0.3,0.1,-247.279356,1100.3529,-1352.162388,0,0,-1,0;

custom,killcylinder,bombexplosiontex,19.2,0,19.2,1,0.2,0.85,1,1,1,247.278972,1100.352636,-1352.162388,0,0,0,1;
custom,killcylinder,bombexplosiontex,19.2,0,19.2,1,0.8,0.3,0.35,1,1,247.278972,1028.352636,-1352.162388,0,0,0,1;
custom,killcylinder,bombexplosiontex,19.2,0,19.2,1,0.2,0.85,1,1,1,-247.279356,1100.3529,-1352.162388,0,0,-1,0;
custom,killcylinder,bombexplosiontex,19.2,0,19.2,1,0.8,0.3,0.35,1,1,-247.279356,1028.3529,-1352.162388,0,0,-1,0;

custom,prism,medievalartilleryassets_texture-psd,6.788232,6.24,3.9192061,1,1,1,1,3,1.5,-54.38962,1065.600996,-1255.2483636,0,-0.92388,0,0.38268;
custom,prism,medievalartilleryassets_texture-psd,6.78822,6.24,3.9192061,1,1,1,1,3,1.5,55.2487179,1065.600996,-1254.3892656,0,-0.92388,0,-0.38268;

custom,cuboid,castle1tex,22.8,22.8,37.75734,1,0,1,0.5,3.5,3.5,0,1269.205164,-1759.081056,0,0,-0.38268,0.92388;
custom,cuboid,arena2tex,22.92,22.8,5.3939057,1,0.5,1,0.5,20,1,0,1269.205164,-1813.0201128,0,0,-0.38268,0.92388;
custom,cuboid,arena2tex,22.8,22.92,5.3939057,1,0.5,1,0.5,1,20,0,1269.205164,-1813.0201128,0,0,-0.38268,0.92388;
custom,cuboid,arena2tex,22.92,22.8,5.3939057,1,0.5,1,0.5,20,1,0,1269.205164,-1920.8982276,0,0,-0.38268,0.92388;
custom,cuboid,arena2tex,22.8,22.92,5.3939057,1,0.5,1,0.5,1,20,0,1269.205164,-1920.8982276,0,0,-0.38268,0.92388;
custom,cuboid,arena2tex,22.92,22.8,5.3939057,1,0.5,1,0.5,20,1,0,1269.205164,-1705.1419992,0,0,-0.38268,0.92388;
custom,cuboid,arena2tex,22.8,22.92,5.3939057,1,0.5,1,0.5,1,20,0,1269.205164,-1705.1419992,0,0,-0.38268,0.92388;
custom,cuboid,arena2tex,22.92,22.8,5.3939057,1,0.5,1,0.5,20,1,0,1269.205164,-1597.2638844,0,0,-0.38268,0.92388;
custom,cuboid,arena2tex,22.8,22.92,5.3939057,1,0.5,1,0.5,1,20,0,1269.205164,-1597.2638844,0,0,-0.38268,0.92388;


custom,pyramid,arena2tex,12.6666667,8.9566667,12.6666667,1,1,1,0.5,30,1,-0.000024,1269.205164,-2028.4779,-0.65328,0.2706,-0.2706,0.65328;
custom,pyramid,arena2tex,16,11.3136867,16,1,1,1,0.5,40,1,0,1269.205164,-1468.471248,-0.2706,0.65328,0.65328,-0.2706;
custom,pyramid,arena2tex,16,11.3136867,16,1,1,1,0.5,40,1,0,1269.205164,-1672.117488,0.2706,0.65328,-0.65328,-0.2706;


custom,cuboid,ice1,1.2,6,1.8,1,1,1,1,0.1,0.5,16.970568,1549.219668,-1866.867732,0,0,-0.38268,0.92388;
custom,cuboid,ice1,1.2,6,1.8,1,1,1,1,0.1,0.5,16.970568,1583.160828,-1866.867732,0,0,0.38268,0.92388;
custom,cuboid,ice1,1.2,6,1.8,1,1,1,1,0.1,0.5,-16.970544,1583.160648,-1866.867924,0,0,0.92388,0.38268;
custom,cuboid,ice1,1.2,6,1.8,1,1,1,1,0.1,0.5,-16.970544,1549.219488,-1866.867924,0,0,-0.92388,0.38268;
custom,cuboid,ice1,1.2,6,1.8,1,1,1,1,0.1,0.5,-110.308656,1082.529048,-1788.867924,0,0,-0.38268,0.92388;
custom,cuboid,ice1,1.2,6,1.8,1,1,1,1,0.1,0.5,-110.308656,1116.47022,-1788.867924,0,0,0.38268,0.92388;
custom,cuboid,ice1,1.2,6,1.8,1,1,1,1,0.1,0.5,-144.249756,1116.470028,-1788.867924,0,0,0.92388,0.38268;
custom,cuboid,ice1,1.2,6,1.8,1,1,1,1,0.1,0.5,-144.249756,1082.528868,-1788.867924,0,0,-0.92388,0.38268;
custom,cuboid,ice1,1.2,6,1.8,1,1,1,1,0.1,0.5,144.24972,1082.528964,-1788.867924,0,0,-0.38268,0.92388;
custom,cuboid,ice1,1.2,6,1.8,1,1,1,1,0.1,0.5,144.24972,1116.470124,-1788.867924,0,0,0.38268,0.92388;
custom,cuboid,ice1,1.2,6,1.8,1,1,1,1,0.1,0.5,110.30862,1116.469944,-1788.867924,0,0,0.92388,0.38268;
custom,cuboid,ice1,1.2,6,1.8,1,1,1,1,0.1,0.5,110.30862,1082.528784,-1788.867924,0,0,-0.92388,0.38268;
custom,cuboid,ice1,1.2,6,1.2,1,1,1,1,0.1,0.5,16.97058,1549.219668,-1713.867924,0,0,-0.38268,0.92388;
custom,cuboid,ice1,1.2,6,1.2,1,1,1,1,0.1,0.5,16.97058,1583.160828,-1713.867924,0,0,0.38268,0.92388;
custom,cuboid,ice1,1.2,6,1.2,1,1,1,1,0.1,0.5,-16.97052,1583.160828,-1713.867924,0,0,0.92388,0.38268;
custom,cuboid,ice1,1.2,6,1.2,1,1,1,1,0.1,0.5,-16.97052,1549.219668,-1713.867924,0,0,-0.92388,0.38268;

custom,cuboid,empty,1.14,5.94,1.86,1,0,0,0.2,0.1,0.5,16.970568,1549.219668,-1866.867732,0,0,-0.38268,0.92388;
custom,cuboid,empty,1.14,5.94,1.86,1,0,0,0.2,0.1,0.5,16.970568,1583.160828,-1866.867732,0,0,0.38268,0.92388;
custom,cuboid,empty,1.14,5.94,1.86,1,0,0,0.2,0.1,0.5,-16.970544,1583.160648,-1866.867924,0,0,0.92388,0.38268;
custom,cuboid,empty,1.14,5.94,1.86,1,0,0,0.2,0.1,0.5,-16.970544,1549.219488,-1866.867924,0,0,-0.92388,0.38268;
custom,cuboid,empty,1.14,5.94,1.86,1,0,0,0.2,0.1,0.5,-110.308656,1082.529048,-1788.867924,0,0,-0.38268,0.92388;
custom,cuboid,empty,1.14,5.94,1.86,1,0,0,0.2,0.1,0.5,-110.308656,1116.47022,-1788.867924,0,0,0.38268,0.92388;
custom,cuboid,empty,1.14,5.94,1.86,1,0,0,0.2,0.1,0.5,-144.249756,1116.470028,-1788.867924,0,0,0.92388,0.38268;
custom,cuboid,empty,1.14,5.94,1.86,1,0,0,0.2,0.1,0.5,-144.249756,1082.528868,-1788.867924,0,0,-0.92388,0.38268;
custom,cuboid,empty,1.14,5.94,1.86,1,0,0,0.2,0.1,0.5,144.24972,1082.528964,-1788.867924,0,0,-0.38268,0.92388;
custom,cuboid,empty,1.14,5.94,1.86,1,0,0,0.2,0.1,0.5,144.24972,1116.470124,-1788.867924,0,0,0.38268,0.92388;
custom,cuboid,empty,1.14,5.94,1.86,1,0,0,0.2,0.1,0.5,110.30862,1116.469944,-1788.867924,0,0,0.92388,0.38268;
custom,cuboid,empty,1.14,5.94,1.86,1,0,0,0.2,0.1,0.5,110.30862,1082.528784,-1788.867924,0,0,-0.92388,0.38268;
custom,cuboid,empty,1.14,5.94,1.26,1,0,0,0.2,0.1,0.5,16.97058,1549.219668,-1713.867924,0,0,-0.38268,0.92388;
custom,cuboid,empty,1.14,5.94,1.26,1,0,0,0.2,0.1,0.5,16.97058,1583.160828,-1713.867924,0,0,0.38268,0.92388;
custom,cuboid,empty,1.14,5.94,1.26,1,0,0,0.2,0.1,0.5,-16.97052,1583.160828,-1713.867924,0,0,0.92388,0.38268;
custom,cuboid,empty,1.14,5.94,1.26,1,0,0,0.2,0.1,0.5,-16.97052,1549.219668,-1713.867924,0,0,-0.92388,0.38268;

custom,killcuboid,bombtex,36,1.2,6,1,0.3,0.5,1,10000,10000,123.036564,1392.241788,-1905.867924,0,0,-0.38268,0.92388;
custom,killcuboid,bombtex,50.4,1.2,6,1,0.3,0.5,1,10000,10000,173.948244,1443.153528,-1905.867924,0,0,-0.38268,0.92388;
custom,killcuboid,bombtex,36,1.2,6,1,0.3,0.5,1,10000,10000,123.036564,1392.241788,-1749.867924,0,0,-0.38268,0.92388;
custom,killcuboid,bombtex,50.4,1.2,6,1,0.3,0.5,1,10000,10000,173.948244,1443.153528,-1749.867924,0,0,-0.38268,0.92388;
custom,killcuboid,bombtex,36,1.2,6,1,0.3,0.5,1,10000,10000,123.036564,1392.241788,-1827.867924,0,0,-0.38268,0.92388;
custom,killcuboid,bombtex,50.4,1.2,6,1,0.3,0.5,1,10000,10000,173.948244,1443.153528,-1827.867924,0,0,-0.38268,0.92388;
custom,killcuboid,bombtex,36,1.2,6,1,0.3,0.5,1,10000,10000,-123.036564,1392.241788,-1905.867924,0,0,0.38268,0.92388;
custom,killcuboid,bombtex,50.4,1.2,6,1,0.3,0.5,1,10000,10000,-173.948256,1443.153528,-1905.867924,0,0,0.38268,0.92388;
custom,killcuboid,bombtex,36,1.2,6,1,0.3,0.5,1,10000,10000,-123.036564,1392.241788,-1749.867924,0,0,0.38268,0.92388;
custom,killcuboid,bombtex,50.4,1.2,6,1,0.3,0.5,1,10000,10000,-173.948256,1443.153528,-1749.867924,0,0,0.38268,0.92388;
custom,killcuboid,bombtex,36,1.2,6,1,0.3,0.5,1,10000,10000,-123.036564,1392.241788,-1827.867924,0,0,0.38268,0.92388;
custom,killcuboid,bombtex,50.4,1.2,6,1,0.3,0.5,1,10000,10000,-173.948256,1443.153528,-1827.867924,0,0,0.38268,0.92388;

custom,killcuboid,bombtex,25.200012,1.2,6,1,0.3,0.5,1,10000,10000,161.220336,1184.352444,-1905.867924,0,0,-0.92388,0.38268;
custom,killcuboid,bombtex,32.400012,1.2,6,1,0.3,0.5,1,10000,10000,237.587832,1158.89658,-1905.867924,0,0,-0.92388,0.38268;
custom,killcuboid,bombtex,18,1.2,6,1,0.3,0.5,1,10000,10000,186.676092,1209.80814,-1749.867924,0,0,-0.92388,0.38268;
custom,killcuboid,bombtex,32.400012,1.2,6,1,0.3,0.5,1,10000,10000,237.587832,1158.89658,-1749.867924,0,0,-0.92388,0.38268;
custom,killcuboid,bombtex,18,1.2,6,1,0.3,0.5,1,10000,10000,186.676092,1209.80814,-1827.867924,0,0,-0.92388,0.38268;
custom,killcuboid,bombtex,32.400012,1.2,6,1,0.3,0.5,1,10000,10000,237.587832,1158.89658,-1827.867924,0,0,-0.92388,0.38268;
custom,killcuboid,bombtex,7.2,1.2,6,1,0.3,0.5,1,10000,10000,97.58064,1120.712676,-1749.867924,0,0,-0.92388,0.38268;
custom,killcuboid,bombtex,7.2,1.2,6,1,0.3,0.5,1,10000,10000,97.58064,1120.712676,-1827.867924,0,0,-0.92388,0.38268;
custom,killcuboid,bombtex,32.4,1.2,6,1,0.3,0.5,1,10000,10000,-237.587832,1158.89658,-1827.867924,-0.92388,0.38268,0,0;
custom,killcuboid,bombtex,32.4,1.2,6,1,0.3,0.5,1,10000,10000,-237.587832,1158.89658,-1749.867924,-0.92388,0.38268,0,0;
custom,killcuboid,bombtex,7.2,1.2,6,1,0.3,0.5,1,10000,10000,-97.58064,1120.712856,-1827.867924,-0.92388,0.38268,0,0;
custom,killcuboid,bombtex,7.2,1.2,6,1,0.3,0.5,1,10000,10000,-97.58064,1120.712856,-1749.867924,-0.92388,0.38268,0,0;
custom,killcuboid,bombtex,25.2,1.2,6,1,0.3,0.5,1,10000,10000,-161.220336,1184.352636,-1905.867924,-0.92388,0.38268,0,0;
custom,killcuboid,bombtex,32.4,1.2,6,1,0.3,0.5,1,10000,10000,-237.587832,1158.89658,-1905.867924,-0.92388,0.38268,0,0;
custom,killcuboid,bombtex,18,1.2,6,1,0.3,0.5,1,10000,10000,-186.676164,1209.80832,-1827.867924,-0.92388,0.38268,0,0;
custom,killcuboid,bombtex,18,1.2,6,1,0.3,0.5,1,10000,10000,-186.676164,1209.80832,-1749.867924,-0.92388,0.38268,0,0;

racing,killcuboid,36,1.2,6,123.036564,1392.241788,-1905.867924,0,0,-0.38268,0.92388;
racing,killcuboid,50.4,1.2,6,173.948244,1443.153528,-1905.867924,0,0,-0.38268,0.92388;
racing,killcuboid,36,1.2,6,123.036564,1392.241788,-1749.867924,0,0,-0.38268,0.92388;
racing,killcuboid,50.4,1.2,6,173.948244,1443.153528,-1749.867924,0,0,-0.38268,0.92388;
racing,killcuboid,36,1.2,6,123.036564,1392.241788,-1827.867924,0,0,-0.38268,0.92388;
racing,killcuboid,50.4,1.2,6,173.948244,1443.153528,-1827.867924,0,0,-0.38268,0.92388;
racing,killcuboid,36,1.2,6,-123.036564,1392.241788,-1905.867924,0,0,0.38268,0.92388;
racing,killcuboid,50.4,1.2,6,-173.948256,1443.153528,-1905.867924,0,0,0.38268,0.92388;
racing,killcuboid,36,1.2,6,-123.036564,1392.241788,-1749.867924,0,0,0.38268,0.92388;
racing,killcuboid,50.4,1.2,6,-173.948256,1443.153528,-1749.867924,0,0,0.38268,0.92388;
racing,killcuboid,36,1.2,6,-123.036564,1392.241788,-1827.867924,0,0,0.38268,0.92388;
racing,killcuboid,50.4,1.2,6,-173.948256,1443.153528,-1827.867924,0,0,0.38268,0.92388;

racing,killcuboid,25.200012,1.2,6,161.220336,1184.352444,-1905.867924,0,0,-0.92388,0.38268;
racing,killcuboid,32.400012,1.2,6,237.587832,1158.89658,-1905.867924,0,0,-0.92388,0.38268;
racing,killcuboid,18,1.2,6,186.676092,1209.80814,-1749.867924,0,0,-0.92388,0.38268;
racing,killcuboid,32.400012,1.2,6,237.587832,1158.89658,-1749.867924,0,0,-0.92388,0.38268;
racing,killcuboid,18,1.2,6,186.676092,1209.80814,-1827.867924,0,0,-0.92388,0.38268;
racing,killcuboid,32.400012,1.2,6,237.587832,1158.89658,-1827.867924,0,0,-0.92388,0.38268;
racing,killcuboid,7.2,1.2,6,97.58064,1120.712676,-1749.867924,0,0,-0.92388,0.38268;
racing,killcuboid,7.2,1.2,6,97.58064,1120.712676,-1827.867924,0,0,-0.92388,0.38268;
racing,killcuboid,32.4,1.2,6,-237.587832,1158.89658,-1827.867924,-0.92388,0.38268,0,0;
racing,killcuboid,32.4,1.2,6,-237.587832,1158.89658,-1749.867924,-0.92388,0.38268,0,0;
racing,killcuboid,7.2,1.2,6,-97.58064,1120.712856,-1827.867924,-0.92388,0.38268,0,0;
racing,killcuboid,7.2,1.2,6,-97.58064,1120.712856,-1749.867924,-0.92388,0.38268,0,0;
racing,killcuboid,25.2,1.2,6,-161.220336,1184.352636,-1905.867924,-0.92388,0.38268,0,0;
racing,killcuboid,32.4,1.2,6,-237.587832,1158.89658,-1905.867924,-0.92388,0.38268,0,0;
racing,killcuboid,18,1.2,6,-186.676164,1209.80832,-1827.867924,-0.92388,0.38268,0,0;
racing,killcuboid,18,1.2,6,-186.676164,1209.80832,-1749.867924,-0.92388,0.38268,0,0;

custom,killcuboid,bombtex,7.2,1.2,1.8,1,0.3,0.5,1,10000,10000,148.49238,1069.801116,-1788.867924,0,0,-0.92388,0.38268;
custom,killcuboid,bombtex,7.2,1.2,1.8,1,0.3,0.5,1,10000,10000,97.58064,1120.712676,-1788.867924,0,0,-0.92388,0.38268;
custom,killcuboid,bombtex,7.2,1.2,1.8,1,0.3,0.5,1,10000,10000,-148.49238,1069.801116,-1788.867924,-0.92388,0.38268,0,0;
custom,killcuboid,bombtex,7.2,1.2,1.8,1,0.3,0.5,1,10000,10000,-97.58064,1120.712856,-1788.867924,-0.92388,0.38268,0,0;

racing,killcuboid,7.2,1.2,1.8,148.49238,1069.801116,-1788.867924,0,0,-0.92388,0.38268;
racing,killcuboid,7.2,1.2,1.8,97.58064,1120.712676,-1788.867924,0,0,-0.92388,0.38268;
racing,killcuboid,7.2,1.2,1.8,-148.49238,1069.801116,-1788.867924,-0.92388,0.38268,0,0;
racing,killcuboid,7.2,1.2,1.8,-97.58064,1120.712856,-1788.867924,-0.92388,0.38268,0,0;

custom,killcuboid,bombtex,48,6,1.2,1,0,0,0,10000,10000,148.492416,1417.697484,-1941.867924,0,0,-0.38268,0.92388;
custom,killcuboid,bombtex,42,6,1.2,1,0,0,0,10000,10000,169.705584,1396.48434,-1713.867924,0,0,-0.38268,0.92388;
custom,killcuboid,bombtex,42,6,1.8,1,0,0,0,10000,10000,169.705644,1396.48434,-1866.867924,0,0,-0.38268,0.92388;
custom,killcuboid,bombtex,48,6,1.8,1,0,0,0,10000,10000,148.492356,1417.697664,-1788.867924,0,0,-0.38268,0.92388;
custom,killcuboid,bombtex,48,6,1.2,1,0,0,0,10000,10000,-148.492392,1417.697664,-1941.867924,0,0,0.38268,0.92388;
custom,killcuboid,bombtex,42,6,1.2,1,0,0,0,10000,10000,-169.705596,1396.484532,-1713.867924,0,0,0.38268,0.92388;
custom,killcuboid,bombtex,42,6,1.8,1,0,0,0,10000,10000,-169.705596,1396.48434,-1866.867924,0,0,0.38268,0.92388;
custom,killcuboid,bombtex,48,6,1.8,1,0,0,0,10000,10000,-148.492464,1417.697664,-1788.867924,0,0,0.38268,0.92388;
custom,killcuboid,bombtex,31.200012,6,1.2,1,0,0,0,10000,10000,207.889416,1180.109712,-1941.867924,0,0,-0.92388,0.38268;
custom,killcuboid,bombtex,31.200012,6,1.2,1,0,0,0,10000,10000,207.889368,1180.109712,-1713.867924,0,0,-0.92388,0.38268;
custom,killcuboid,bombtex,31.200012,6,1.8,1,0,0,0,10000,10000,207.889416,1180.109712,-1866.867924,0,0,-0.92388,0.38268;
custom,killcuboid,bombtex,24.000012,6,1.8,1,0,0,0,10000,10000,233.345172,1205.565588,-1788.867924,0,0,-0.92388,0.38268;
custom,killcuboid,bombtex,6,1.2,13.8,1,0,0,0,10000,10000,101.823264,1074.043668,-1788.867924,0,0,-0.38268,0.92388;
custom,killcuboid,bombtex,6,1.2,13.8,1,0,0,0,10000,10000,101.823264,1074.043668,-1788.867924,0,0,-0.38268,0.92388;
custom,killcuboid,bombtex,6,1.2,13.8,1,0,0,0,10000,10000,-101.823276,1074.043764,-1788.867924,-0.38268,0.92388,0,0;
custom,killcuboid,bombtex,31.2,6,1.2,1,0,0,0,10000,10000,-207.889344,1180.109892,-1713.867924,0,0,-0.38268,0.92388;
custom,killcuboid,bombtex,31.2,6,1.8,1,0,0,0,10000,10000,-207.889344,1180.109712,-1866.867924,0,0,-0.38268,0.92388;
custom,killcuboid,bombtex,24,6,1.8,1,0,0,0,10000,10000,-233.345232,1205.565588,-1788.867924,0,0,-0.38268,0.92388;
custom,killcuboid,bombtex,31.2,6,1.2,1,0,0,0,10000,10000,-207.889368,1180.109712,-1941.867924,-0.92388,0.38268,0,0;

racing,killcuboid,48,6,1.2,148.492416,1417.697484,-1941.867924,0,0,-0.38268,0.92388;
racing,killcuboid,42,6,1.2,169.705584,1396.48434,-1713.867924,0,0,-0.38268,0.92388;
racing,killcuboid,42,6,1.8,169.705644,1396.48434,-1866.867924,0,0,-0.38268,0.92388;
racing,killcuboid,48,6,1.8,148.492356,1417.697664,-1788.867924,0,0,-0.38268,0.92388;
racing,killcuboid,48,6,1.2,-148.492392,1417.697664,-1941.867924,0,0,0.38268,0.92388;
racing,killcuboid,42,6,1.2,-169.705596,1396.484532,-1713.867924,0,0,0.38268,0.92388;
racing,killcuboid,42,6,1.8,-169.705596,1396.48434,-1866.867924,0,0,0.38268,0.92388;
racing,killcuboid,48,6,1.8,-148.492464,1417.697664,-1788.867924,0,0,0.38268,0.92388;
racing,killcuboid,31.200012,6,1.2,207.889416,1180.109712,-1941.867924,0,0,-0.92388,0.38268;
racing,killcuboid,31.200012,6,1.2,207.889368,1180.109712,-1713.867924,0,0,-0.92388,0.38268;
racing,killcuboid,31.200012,6,1.8,207.889416,1180.109712,-1866.867924,0,0,-0.92388,0.38268;
racing,killcuboid,24.000012,6,1.8,233.345172,1205.565588,-1788.867924,0,0,-0.92388,0.38268;
racing,killcuboid,6,1.2,13.8,101.823264,1074.043668,-1788.867924,0,0,-0.38268,0.92388;
racing,killcuboid,6,1.2,13.8,101.823264,1074.043668,-1788.867924,0,0,-0.38268,0.92388;
racing,killcuboid,6,1.2,13.8,-101.823276,1074.043764,-1788.867924,-0.38268,0.92388,0,0;
racing,killcuboid,31.2,6,1.2,-207.889344,1180.109892,-1713.867924,0,0,-0.38268,0.92388;
racing,killcuboid,31.2,6,1.8,-207.889344,1180.109712,-1866.867924,0,0,-0.38268,0.92388;
racing,killcuboid,24,6,1.8,-233.345232,1205.565588,-1788.867924,0,0,-0.38268,0.92388;
racing,killcuboid,31.2,6,1.2,-207.889368,1180.109712,-1941.867924,-0.92388,0.38268,0,0;

custom,cuboid,ice1,42,2.4,0.6,1,1,1,1,3.5,0.2,36,1305.205164,-1788.867924,0,0,-0.38268,0.92388;
custom,cuboid,ice1,42,2.4,0.6,1,1,1,1,3.5,0.2,36,1305.205164,-1866.867924,0,0,-0.38268,0.92388;
custom,cuboid,ice1,42,2.4,0.6,1,1,1,1,3.5,0.2,-36,1305.205164,-1788.867924,0,0,-0.92388,0.38268;
custom,cuboid,ice1,42,2.4,0.6,1,1,1,1,3.5,0.2,-36,1305.205164,-1866.867924,0,0,-0.92388,0.38268;

custom,cuboid,cannonregionmat,42,2.46,0.66,1,1,1,1,3.5,0.2,36,1305.205164,-1788.867924,0,0,-0.38268,0.92388;
custom,cuboid,cannonregionmat,42,2.46,0.66,1,1,1,1,3.5,0.2,36,1305.205164,-1866.867924,0,0,-0.38268,0.92388;
custom,cuboid,cannonregionmat,42,2.46,0.66,1,1,1,1,3.5,0.2,-36,1305.205164,-1788.867924,0,0,-0.92388,0.38268;
custom,cuboid,cannonregionmat,42,2.46,0.66,1,1,1,1,3.5,0.2,-36,1305.205164,-1866.867924,0,0,-0.92388,0.38268;

custom,cuboid,gatemat,6,1.2,6,1,1,1,1,0.42,0.38,0,1245.205164,-2279.999628,0,1,0,99999;
custom,cuboid,default,6,1.108656,0.918444,1,0.45,0.33,0.25,1,1,0,1244.326452,-2247.878172,0.19509,0,0,0.98079;
custom,cuboid,gatemat,6,1.2,28.65444,1,1,1,1,0.42,0.38,0,1073.654028,-2212.933956,0.38268,0,0,0.92388;
custom,cuboid,gatemat,6,1.2,20.957376,1,1,1,1,0.42,0.38,0,1169.352636,-2171.661804,0,0.38268,-0.92388,0;
custom,cuboid,gatemat,6,1.2,5.44266,1,1,1,1,0.42,0.38,0,1097.01444,-2074.59576,0,1,0,0;
custom,cuboid,gatemat,6,1.2,5.999988,1,1,1,1,0.42,0.38,0,970.587984,-2077.382448,0,0,0,1;
custom,cuboid,default,6,1.108656,0.918444,1,0.45,0.33,0.25,1,1,0,971.466708,-2109.503724,0.19509,0,0,0.98079;

custom,cuboid,bombtex,6,1.2,6,1,0.7,0.55,0.4,10000,10000,-36,1209.205164,-2279.999628,0,0,-0.70711,0.70711;
custom,cuboid,bombtex,6,1.2,6,1,0.7,0.55,0.4,10000,10000,36,1209.205164,-2279.999628,0,0,-0.70711,0.70711;
custom,cuboid,bombtex,1.2,8.485284,28.654404,1,0.7,0.55,0.4,10000,10000,-36,1107.89658,-2178.691044,0.38268,0,0,0.92388;
custom,cuboid,bombtex,1.2,8.485284,28.654404,1,0.7,0.55,0.4,10000,10000,36,1107.89658,-2178.691044,0.38268,0,0,0.92388;






custom,cuboid,gatemat,1.2,8.4,6,1,1,1,1,0.42,0.38,124.793964,1006.587804,-1905.867924,-1,0,0,0;
custom,cuboid,gatemat,1.2,8.4,6,1,1,1,1,0.42,0.38,-124.793916,1006.587888,-1905.867924,-1,0,0,0;
custom,cuboid,stone7,26.1588,1.2,6,1,1,1,1,2,0.5,0,970.587888,-1905.867924,0,0,0,1;
custom,cuboid,stone7,15.27348,1.2,6,1,1,1,1,1.25,0.5,0,1097.01444,-1905.867732,0,0,0,1;
custom,cuboid,pillar2tex,15.27348,4.242648,1.2,1,0.7,0.55,0.4,1,0.4,0,1069.801116,-1869.867924,0,0,0,1;
custom,cuboid,pillar2tex,26.1588,8.4,1.2,1,0.7,0.55,0.4,2,0.7,0,1006.587888,-1869.867924,0,0,0,1;

custom,cuboid,pillar2tex,1.2,8.399988,10.079388,1,0.7,0.55,0.4,0.7,0.8,-80.396964,1006.587888,-2041.382448,0,-0.70711,0,0.70711;
custom,cuboid,pillar2tex,1.2,8.399988,10.079388,1,0.7,0.55,0.4,0.7,0.8,80.39694,1006.587888,-2041.382448,0,-0.70711,0,0.70711;

custom,cuboid,ice1,1.32,6,1.32,1,1,1,1,0.11,0.5,-101.823336,1074.043668,-1941.867924,-0.92388,0.38268,0,0;
custom,cuboid,ice1,1.32,6,1.32,1,1,1,1,0.11,0.5,101.823252,1074.043848,-1941.867924,-0.92388,-0.38268,0,0;

custom,cuboid,pillar_col,1.2,6,11.151468,1,0.7,0.55,0.4,2,1,-101.823336,1074.043668,-1991.62518,-0.92388,0.38268,0,0;
custom,cuboid,pillar_col,1.2,6,11.151468,1,0.7,0.55,0.4,2,1,101.823408,1074.043668,-1991.62518,-0.92388,-0.38268,0,0;

custom,cuboid,pillar2tex,4.636752,4.242648,1.2,1,0.7,0.55,0.4,0.4,0.4,53.18376,1069.801116,-2041.382448,0,0,0,1;
custom,cuboid,pillar2tex,4.636752,4.242648,1.2,1,0.7,0.55,0.4,0.4,0.4,-53.183784,1069.801116,-2041.382448,0,0,0,1;
custom,cuboid,metal4,15.27348,1.2,11.151468,1,0.7,0.55,0.4,0.3,0.2,0,1097.01444,-1991.62518,0,0,0,1;
custom,cuboid,default,0.918468,1.108644,11.151468,1,0.7,0.55,0.4,1,1,-78.4887,1096.135524,-1991.62518,0,0,0.19509,0.98079;
custom,cuboid,default,0.918468,1.108644,11.151468,1,0.7,0.55,0.4,1,1,78.48876,1096.135716,-1991.62518,0,0,-0.19509,0.98079;
custom,cuboid,default,0.918468,1.108644,11.151468,1,0.7,0.55,0.4,1,1,123.915372,1050.70908,-1991.62518,0,0,-0.55557,0.83147;
custom,cuboid,default,0.918468,1.108644,11.151468,1,0.7,0.55,0.4,1,1,-123.915204,1050.70926,-1991.62518,0,0,0.55557,0.83147;
custom,cuboid,ice1,15.27348,1.32,1.32,1,1,1,1,1.27279,0.11,0,1097.014248,-1941.867924,0,0,0,1;
custom,cuboid,ice1,0.918468,1.228644,1.32,1,1,1,1,0.07654,0.10239,-78.4887,1096.135524,-1941.867924,0,0,0.19509,0.98079;
custom,cuboid,ice1,0.918468,1.228644,1.32,1,1,1,1,0.07654,0.10239,78.48876,1096.135716,-1941.867924,0,0,-0.19509,0.98079;
custom,cuboid,ice1,0.918468,1.228656,1.32,1,1,1,1,0.07654,0.10239,-123.915204,1050.70926,-1941.867924,0,0,0.55557,0.83147;
custom,cuboid,ice1,0.918468,1.228656,1.32,1,1,1,1,0.07654,0.10239,123.91518,1050.70926,-1941.867924,0,0,-0.55557,0.83147;
custom,cuboid,metal4,26.1588,1.2,11.151468,1,0.7,0.55,0.4,0.5,0.2,0,970.587984,-1991.62518,0,0,0,1;
custom,cuboid,ice1,26.1588,1.32,1.32,1,1,1,1,2.1799,0.11,0.000024,970.587888,-1941.867924,0,0,0,1;
custom,cuboid,pillar_col,1.2,8.399988,11.151468,1,0.7,0.55,0.4,1.5,1,-124.793904,1006.587888,-1991.62518,0,0,0,1;
custom,cuboid,pillar_col,1.2,8.399988,11.151468,1,0.7,0.55,0.4,1.5,1,124.79388,1006.587888,-1991.625,0,0,0,1;
custom,cuboid,ice1,1.32,8.399988,1.32,1,1,1,1,0.11,0.7,124.794,1006.587888,-1941.867924,0,0,0,1;
custom,cuboid,ice1,1.32,8.399988,1.32,1,1,1,1,0.11,0.7,-124.794,1006.587888,-1941.867924,0,0,0,1;

racing,killcuboid,6,3.6,1.2,0,1073.014248,-2041.382448,0,0,0,1;
racing,killcuboid,6,3.6,1.2,0,994.587984,-2041.382448,0,0,0,1;
racing,killcuboid,1.2,4.242636,1.2,-24,1033.801116,-2041.382448,0,0,0,1;
racing,killcuboid,1.2,4.242636,1.2,24,1033.801116,-2041.382448,0,0,0,1;

custom,cuboid,ice1,0.12,4.362636,1.32,1,1,1,1,0.01,0.36355,17.999988,1033.801212,-2041.382448,0,0,0,1;
custom,cuboid,ice1,0.12,4.362636,1.32,1,1,1,1,0.01,0.36355,-18.000012,1033.801116,-2041.382448,0,0,0,1;
custom,cuboid,ice1,3.72,0.12,1.32,1,1,1,1,0.31,0.01,-0.000012,1012.587984,-2041.382448,0,0,0,1;
custom,cuboid,ice1,3.72,0.12,1.32,1,1,1,1,0.31,0.01,-0.000012,1055.014248,-2041.382448,0,0,0,1;

custom,cuboid,empty,6.12,0.12,1.32,1,0,0,0,0.51,0.01,0,1091.014248,-2041.382448,0,0,0,1;
custom,cuboid,empty,6.12,0.12,1.32,1,0,0,0,0.51,0.01,0,976.587984,-2041.382448,0,0,0,1;
custom,cuboid,empty,0.12,11.562636,1.32,1,0,0,0,0.01,0.96355,30,1033.801116,-2041.382448,0,0,0,1;
custom,cuboid,empty,0.12,11.562636,1.32,1,0,0,0,0.01,0.96355,-30,1033.801116,-2041.382448,0,0,0,1;

custom,cuboid,default,15.27348,0.06,6,1,0,0,0,1.27279,0.005,0,1091.01444,-1905.867732,0,0,0,1;

custom,cuboid,ice1,10.86,0.06,0.06,1,1,1,1,0.905,0.005,-38.183676,1052.830716,-1935.867732,0,0,-0.38268,0.92388;
custom,cuboid,ice1,10.86,0.06,0.06,1,1,1,1,0.905,0.005,38.183724,1052.830716,-1935.867732,0,0,0.38268,0.92388;
custom,cuboid,ice1,10.86,0.06,0.06,1,1,1,1,0.905,0.005,-38.183676,1052.830716,-1875.867732,0,0,-0.38268,0.92388;
custom,cuboid,ice1,10.86,0.06,0.06,1,1,1,1,0.905,0.005,38.183724,1052.830716,-1875.867732,0,0,0.38268,0.92388;
custom,cuboid,ice1,15.33348,0.06,0.06,1,1,1,1,1.27779,0.005,0.000024,1090.714788,-1935.867552,0,0,0,1;
custom,cuboid,ice1,15.33348,0.06,0.06,1,1,1,1,1.27779,0.005,0.000024,1090.714788,-1875.867552,0,0,0,1;
custom,cuboid,ice1,0.06,0.06,6.06,1,1,1,1,0.005,0.005,0.000024,1014.647004,-1905.867732,0,0,0.38268,0.92388;
custom,cuboid,ice1,0.06,0.06,6.06,1,1,1,1,0.005,0.005,76.367424,1091.01444,-1905.867732,0,0,0.38268,0.92388;
custom,cuboid,ice1,0.06,0.06,6.06,1,1,1,1,0.005,0.005,-76.367376,1090.714512,-1905.867732,0,0,0.38268,0.92388;


custom,prism,pillar2tex,6,1.2,3.464118,1,0.7,0.55,0.4,0.5,1,87.3185571,1060.2981913,-1870.107924,-0.65328,0.2706,-0.2706,0.65328;
custom,prism,pillar2tex,6,1.2,3.464118,1,0.7,0.55,0.4,0.5,1,-88.0778039,1059.5389224,-1870.107924,-0.65328,-0.2706,0.2706,0.65328;
custom,prism,pillar2tex,6,1.2,3.464118,1,0.7,0.55,0.4,0.5,1,87.3185571,1060.2982753,-2041.622448,-0.65328,0.2706,-0.2706,0.65328;
custom,prism,pillar2tex,6,1.2,3.464118,1,0.7,0.55,0.4,0.5,1,-88.0778279,1059.5388384,-2041.622448,-0.65328,-0.2706,0.2706,0.65328;

custom,prism,bombtex,7.757064,1.2,4.5132054,1,0.7,0.55,0.4,10000,10000,-35.76,1075.973669,-2061.4416684,-0.65328,-0.65328,0.2706,-0.2706;
custom,prism,bombtex,7.757064,1.2,4.5132054,1,0.7,0.55,0.4,10000,10000,36.24,1075.973669,-2061.4414764,-0.65328,-0.65328,0.2706,-0.2706;
custom,prism,bombtex,8.545284,1.2,4.9682935,1,0.7,0.55,0.4,10000,10000,-35.76,992.0857157,-2063.9616396,-0.65328,-0.65328,-0.2706,0.2706;
custom,prism,bombtex,8.545284,1.2,4.9682935,1,0.7,0.55,0.4,10000,10000,36.24,992.0857157,-2063.9616396,-0.65328,-0.65328,-0.2706,0.2706;

racing,killprism,15.27348,6,8.8181895,-1.3667997,1055.4373262,-1907.067732,-0.70711,0,0,0.70711;
custom,prism,default,15.27348,0.12,8.8181895,1,0,0,0,1,1,-1.3667997,1055.4373262,-1875.891732,-0.70711,0,0,0.70711;







custom,cuboid,empty,0.12,0.12,36.000024,1,1,0.8,0.25,1,1,-0.000072,1456.484532,-1400.588652,0.35355,-0.14645,0.35355,0.85355;
custom,cuboid,empty,0.12,0.12,36.000024,1,1,0.8,0.25,1,1,-0.000036,1396.48434,-1460.588748,0.35355,-0.14645,0.35355,0.85355;
custom,cuboid,empty,0.12,0.12,36.000024,1,1,0.8,0.25,1,1,-42.426444,1426.48434,-1430.588568,0.35355,-0.14645,0.35355,0.85355;
custom,cuboid,empty,0.12,0.12,36.000024,1,1,0.8,0.25,1,1,42.426336,1426.484532,-1430.588652,0.35355,-0.14645,0.35355,0.85355;
custom,cuboid,empty,0.12,0.12,3.514728,1,1,0.8,0.25,1,1,-0.000012,1596.190068,-1540.294188,0.14645,0.35355,-0.85355,0.35355;
custom,cuboid,empty,0.12,0.12,1.757364,1,1,0.8,0.25,1,1,-42.426444,1559.977116,-1564.081056,0.14645,0.35355,-0.85355,0.35355;
custom,cuboid,empty,0.12,0.12,1.757364,1,1,0.8,0.25,1,1,42.426396,1559.976744,-1564.081056,0.14645,0.35355,-0.85355,0.35355;
custom,cuboid,empty,0.12,0.12,13.2,1,1,0.8,0.25,1,1,-42.42642,1566.190068,-1653.867924,0,0,-0.38268,0.92388;
custom,cuboid,empty,0.12,0.12,13.2,1,1,0.8,0.25,1,1,-0.000012,1608.616512,-1653.867924,0,0,-0.38268,0.92388;
custom,cuboid,empty,0.12,0.12,13.2,1,1,0.8,0.25,1,1,42.42636,1566.190068,-1653.867924,0,0,-0.38268,0.92388;
custom,cuboid,empty,0.12,0.12,13.2,1,1,0.8,0.25,1,1,-0.000048,1523.763612,-1653.867924,0,0,-0.38268,0.92388;
custom,cuboid,empty,0.12,0.12,1.757364,1,1,0.8,0.25,1,1,42.42636,1566.190068,-1579.081236,0,0,-0.92388,0.38268;
custom,cuboid,empty,0.12,0.12,1.757364,1,1,0.8,0.25,1,1,-42.426396,1566.190248,-1579.081056,0,0,-0.92388,0.38268;
custom,cuboid,empty,0.12,0.12,3.514728,1,1,0.8,0.25,1,1,-0.000048,1608.616512,-1570.29456,0,0,-0.92388,0.38268;
custom,cuboid,empty,0.12,6.252072,0.12,1,1,0.8,0.25,1,1,-21.213276,1587.40338,-1561.507692,0.13117,-0.05433,-0.37881,0.91452;
custom,cuboid,empty,0.12,6.252072,0.12,1,1,0.8,0.25,1,1,21.21318,1587.40338,-1561.507692,0.13117,0.05433,0.37881,0.91452;
custom,cuboid,empty,0.12,6.252072,0.12,1,1,0.8,0.25,1,1,21.213132,1544.976744,-1579.081236,-0.05433,-0.13117,0.91452,0.37881;
custom,cuboid,empty,0.12,6.252072,0.12,1,1,0.8,0.25,1,1,-21.213324,1544.976744,-1579.081056,-0.05433,0.13117,-0.91452,0.37881;
custom,cuboid,empty,0.12,0.12,3.514728,1,1,0.8,0.25,1,1,-0.000072,1286.77872,-1248.45648,0.2706,0.65328,-0.65328,0.2706;
custom,cuboid,empty,0.12,0.12,1.757364,1,1,0.8,0.25,1,1,-42.426504,1277.992224,-1290.882936,0.2706,0.65328,-0.65328,0.2706;
custom,cuboid,empty,0.12,0.12,1.757364,1,1,0.8,0.25,1,1,42.426348,1277.991948,-1290.883032,0.2706,0.65328,-0.65328,0.2706;
custom,cuboid,empty,0.12,0.12,1.757364,1,1,0.8,0.25,1,1,42.4263,1292.992128,-1297.096344,0.14645,0.35355,-0.85355,0.35355;
custom,cuboid,empty,0.12,0.12,1.757364,1,1,0.8,0.25,1,1,-42.426456,1292.992308,-1297.096164,0.14645,0.35355,-0.85355,0.35355;
custom,cuboid,empty,0.12,0.12,3.514728,1,1,0.8,0.25,1,1,-0.000108,1316.778996,-1260.883116,0.14645,0.35355,-0.85355,0.35355;
custom,cuboid,empty,0.12,6.252072,0.12,1,1,0.8,0.25,1,1,-21.213336,1295.565768,-1269.669984,0.47116,0.09477,-0.37076,0.79471;
custom,cuboid,empty,0.12,6.252072,0.12,1,1,0.8,0.25,1,1,21.213132,1295.565852,-1269.669804,0.47116,-0.09477,0.37076,0.79471;
custom,cuboid,empty,0.12,6.252072,0.12,1,1,0.8,0.25,1,1,21.213072,1277.992128,-1312.096344,0.09477,-0.47116,0.79471,0.37076;
custom,cuboid,empty,0.12,6.252072,0.12,1,1,0.8,0.25,1,1,-21.213384,1277.991948,-1312.09644,0.09477,0.47116,-0.79471,0.37076;
custom,cuboid,empty,0.12,0.12,12.000012,1,1,0.8,0.25,1,1,-0.000168,1166.77908,-1315.735932,0.85355,-0.35355,0.14645,0.35355;
custom,cuboid,empty,0.12,0.12,12.000012,1,1,0.8,0.25,1,1,-0.000144,1226.77908,-1375.736028,0.85355,-0.35355,0.14645,0.35355;
custom,cuboid,empty,0.12,0.12,12.000012,1,1,0.8,0.25,1,1,-42.42654,1196.778996,-1345.736028,0.85355,-0.35355,0.14645,0.35355;
custom,cuboid,empty,0.12,0.12,12.000012,1,1,0.8,0.25,1,1,42.426228,1196.77908,-1345.736028,0.85355,-0.35355,0.14645,0.35355;
custom,cuboid,empty,0.12,0.12,3.514728,1,1,0.8,0.25,1,1,-0.000108,1221.63162,-1260.883116,0.35355,0.85355,-0.35355,0.14645;
custom,cuboid,empty,0.12,0.12,1.757364,1,1,0.8,0.25,1,1,-42.42654,1245.418668,-1297.096164,0.35355,0.85355,-0.35355,0.14645;
custom,cuboid,empty,0.12,0.12,1.757364,1,1,0.8,0.25,1,1,42.4263,1245.418488,-1297.096344,0.35355,0.85355,-0.35355,0.14645;
custom,cuboid,empty,0.12,0.12,1.757364,1,1,0.8,0.25,1,1,42.426252,1260.418668,-1290.883116,0.2706,0.65328,-0.65328,0.2706;
custom,cuboid,empty,0.12,0.12,1.757364,1,1,0.8,0.25,1,1,-42.426504,1260.418668,-1290.882936,0.2706,0.65328,-0.65328,0.2706;
custom,cuboid,empty,0.12,0.12,3.514728,1,1,0.8,0.25,1,1,-0.000156,1251.631992,-1248.45666,0.2706,0.65328,-0.65328,0.2706;
custom,cuboid,empty,0.12,6.252072,0.12,1,1,0.8,0.25,1,1,-21.213372,1242.845124,-1269.669888,0.73942,0.22944,-0.30628,0.55391;
custom,cuboid,empty,0.12,6.252072,0.12,1,1,0.8,0.25,1,1,21.213084,1242.845124,-1269.669708,0.73942,-0.22944,0.30628,0.55391;
custom,cuboid,empty,0.12,6.252072,0.12,1,1,0.8,0.25,1,1,21.213036,1260.418668,-1312.096344,0.22944,-0.73942,0.55391,0.30628;
custom,cuboid,empty,0.12,6.252072,0.12,1,1,0.8,0.25,1,1,-21.213432,1260.418668,-1312.096524,0.22944,0.73942,-0.55391,0.30628;
custom,cuboid,empty,0.12,0.12,9.514716,1,1,0.8,0.25,1,1,33.639456,1075.713048,-1466.80206,-0.73254,-0.46194,-0.19134,-0.46194;
custom,cuboid,empty,0.12,0.12,12.000012,1,1,0.8,0.25,1,1,84.852648,1124.352636,-1418.162388,-0.46194,0.73254,-0.46194,0.19134;
custom,cuboid,empty,0.12,0.12,12.000012,1,1,0.8,0.25,1,1,54.852612,1133.139408,-1469.3757,-0.46194,0.73254,-0.46194,0.19134;
custom,cuboid,empty,0.12,0.12,12.000012,1,1,0.8,0.25,1,1,54.852564,1073.139408,-1409.3757,-0.46194,0.73254,-0.46194,0.19134;
custom,cuboid,empty,0.12,0.12,9.514728,1,1,0.8,0.25,1,1,-33.639804,1075.713048,-1466.80206,-0.19134,0.84462,-0.19134,-0.46194;
custom,cuboid,empty,0.12,0.12,1.757364,1,1,0.8,0.25,1,1,6.212952,1167.532836,-1434.982272,-0.73254,-0.46194,-0.19134,-0.46194;
custom,cuboid,empty,0.12,0.12,1.757364,1,1,0.8,0.25,1,1,6.213144,1107.532656,-1374.982272,-0.73254,-0.46194,-0.19134,-0.46194;
custom,cuboid,empty,0.12,0.12,1.757364,1,1,0.8,0.25,1,1,-0.000084,1118.139492,-1364.375616,-0.85355,-0.35355,0.14645,-0.35355;
custom,cuboid,empty,0.12,0.12,1.757364,1,1,0.8,0.25,1,1,-0.000276,1178.139408,-1424.37552,-0.85355,-0.35355,0.14645,-0.35355;
custom,cuboid,empty,0.12,7.348464,0.12,1,1,0.8,0.25,1,1,-0.000072,1135.712856,-1436.80206,0.08486,0,0,0.99639;
custom,cuboid,empty,0.12,0.12,12.000012,1,1,0.8,0.25,1,1,-84.853008,1124.352636,-1418.162472,0.84462,0.19134,-0.46194,0.19134;
custom,cuboid,empty,0.12,0.12,12.000012,1,1,0.8,0.25,1,1,-54.85296,1073.139312,-1409.375796,0.84462,0.19134,-0.46194,0.19134;
custom,cuboid,empty,0.12,6.252072,0.12,1,1,0.8,0.25,1,1,21.213144,1133.139492,-1379.375616,0.32918,0.8951,-0.22878,0.19516;
custom,cuboid,empty,0.12,6.252072,0.12,1,1,0.8,0.25,1,1,21.213312,1163.139492,-1409.375616,-0.79471,-0.37076,0.09477,-0.47116;
custom,cuboid,empty,0.12,0.12,12.000012,1,1,0.8,0.25,1,1,-54.852912,1133.139312,-1469.3757,0.84462,0.19134,-0.46194,0.19134;
custom,cuboid,empty,0.12,7.348464,0.12,1,1,0.8,0.25,1,1,-0.000228,1105.712952,-1406.801976,0.64455,0,0,0.76456;
custom,cuboid,empty,0.12,0.12,1.757364,1,1,0.8,0.25,1,1,-6.213072,1107.53274,-1374.982092,-0.19134,0.84462,-0.19134,-0.46194;
custom,cuboid,empty,0.12,0.12,1.757364,1,1,0.8,0.25,1,1,-6.213252,1167.53274,-1434.982272,-0.19134,0.84462,-0.19134,-0.46194;
custom,cuboid,empty,0.12,0.12,1.757364,1,1,0.8,0.25,1,1,-0.000036,1178.139408,-1424.375424,-0.35355,0.85355,-0.35355,-0.14645;
custom,cuboid,empty,0.12,6.252072,0.12,1,1,0.8,0.25,1,1,-21.213252,1163.139408,-1409.375424,0.79471,-0.37076,0.09477,0.47116;
custom,cuboid,empty,0.12,6.252072,0.12,1,1,0.8,0.25,1,1,-21.213444,1133.139312,-1379.375424,-0.32918,0.8951,-0.22878,-0.19516;
custom,cuboid,empty,0.12,0.12,12.000012,1,1,0.8,0.25,1,1,187.2789,1034.352636,-1508.162472,0.5,-0.5,0.5,-0.5;
custom,cuboid,empty,0.12,0.12,12.000012,1,1,0.8,0.25,1,1,187.278924,1094.352636,-1448.162472,0.5,-0.5,0.5,-0.5;
custom,cuboid,empty,0.12,0.12,12.000012,1,1,0.8,0.25,1,1,187.278948,1094.352636,-1508.162472,0.5,-0.5,0.5,-0.5;
custom,cuboid,empty,0.12,0.12,12.000012,1,1,0.8,0.25,1,1,187.2789,1034.352636,-1448.162472,0.5,-0.5,0.5,-0.5;
custom,cuboid,empty,0.12,0.12,3.514728,1,1,0.8,0.25,1,1,109.70556,1034.352636,-1508.162472,0.5,0.5,0.5,0.5;
custom,cuboid,empty,0.12,0.12,1.757364,1,1,0.8,0.25,1,1,118.492152,1094.352636,-1508.162472,0.5,0.5,0.5,0.5;
custom,cuboid,empty,0.12,0.12,1.757364,1,1,0.8,0.25,1,1,118.492332,1034.352636,-1448.162388,0.5,0.5,0.5,0.5;
custom,cuboid,empty,0.12,0.12,1.757364,1,1,0.8,0.25,1,1,103.4922,1038.746244,-1443.768948,0.73254,0.46194,0.19134,0.46194;
custom,cuboid,empty,0.12,0.12,1.757364,1,1,0.8,0.25,1,1,103.492056,1098.746064,-1503.769044,0.73254,0.46194,0.19134,0.46194;
custom,cuboid,empty,0.12,0.12,3.514728,1,1,0.8,0.25,1,1,79.705284,1043.139684,-1499.37552,0.73254,0.46194,0.19134,0.46194;
custom,cuboid,empty,0.12,6.252072,0.12,1,1,0.8,0.25,1,1,100.91856,1064.352816,-1508.162388,0.86323,-0.12382,0.48443,0.06948;
custom,cuboid,empty,0.12,6.252072,0.12,1,1,0.8,0.25,1,1,100.918416,1034.352636,-1478.162388,0.43009,-0.65953,0.56127,-0.25499;
custom,cuboid,empty,0.12,6.252072,0.12,1,1,0.8,0.25,1,1,118.4922,1064.352816,-1448.162388,-0.12382,-0.86323,0.06948,-0.48443;
custom,cuboid,empty,0.12,6.252072,0.12,1,1,0.8,0.25,1,1,118.492332,1094.352816,-1478.162292,0.65953,0.43009,0.25499,0.56127;
custom,cuboid,empty,0.12,0.12,12.000012,1,1,0.8,0.25,1,1,-187.279428,1034.352444,-1508.162568,0.70711,0,-0.70711,0;
custom,cuboid,empty,0.12,0.12,12.000012,1,1,0.8,0.25,1,1,-187.279452,1094.35254,-1448.162472,0.70711,0,-0.70711,0;
custom,cuboid,empty,0.12,0.12,12.000012,1,1,0.8,0.25,1,1,-187.279476,1034.352444,-1448.162472,0.70711,0,-0.70711,0;
custom,cuboid,empty,0.12,0.12,12.000012,1,1,0.8,0.25,1,1,-187.279428,1094.352444,-1508.162472,0.70711,0,-0.70711,0;
custom,cuboid,empty,0.12,0.12,3.514728,1,1,0.8,0.25,1,1,-109.70604,1034.352444,-1508.162568,0,0.70711,0,-0.70711;
custom,cuboid,empty,0.12,0.12,1.757364,1,1,0.8,0.25,1,1,-118.492536,1034.352444,-1448.162472,0,0.70711,0,-0.70711;
custom,cuboid,empty,0.12,0.12,1.757364,1,1,0.8,0.25,1,1,-118.492764,1094.35254,-1508.162568,0,0.70711,0,-0.70711;
custom,cuboid,empty,0.12,0.12,1.757364,1,1,0.8,0.25,1,1,-103.492584,1098.746064,-1503.768948,-0.19134,0.84462,-0.19134,-0.46194;
custom,cuboid,empty,0.12,0.12,1.757364,1,1,0.8,0.25,1,1,-103.492488,1038.745968,-1443.76914,-0.19134,0.84462,-0.19134,-0.46194;
custom,cuboid,empty,0.12,0.12,3.514728,1,1,0.8,0.25,1,1,-79.705704,1043.139408,-1499.375616,-0.19134,0.84462,-0.19134,-0.46194;
custom,cuboid,empty,0.12,6.252072,0.12,1,1,0.8,0.25,1,1,-100.918944,1034.352636,-1478.162292,0.43009,0.65953,-0.56127,-0.25499;
custom,cuboid,empty,0.12,6.252072,0.12,1,1,0.8,0.25,1,1,-100.918848,1064.352444,-1508.162568,0.86323,0.12382,-0.48443,0.06948;
custom,cuboid,empty,0.12,6.252072,0.12,1,1,0.8,0.25,1,1,-118.492584,1094.352636,-1478.162388,0.65953,-0.43009,-0.25499,0.56127;
custom,cuboid,empty,0.12,6.252072,0.12,1,1,0.8,0.25,1,1,-118.492764,1064.352636,-1448.162196,-0.12382,0.86323,-0.06948,-0.48443;

custom,killcuboid,bombtex,1.2,6,13.2,1,0.2,0.85,1,10000,10000,25.45584,1591.645932,-1653.867924,0,0,0.38268,0.92388;
custom,killcuboid,bombtex,1.2,6,13.2,1,0.2,0.85,1,10000,10000,-25.455852,1591.645932,-1653.867924,0,0,-0.38268,0.92388;


custom,killcuboid,bombtex,6,1.2,35.999988,1,0.2,0.85,1,10000,10000,25.455792,1444.48434,-1412.588568,0.35355,0.14645,-0.35355,0.85355;
custom,killcuboid,bombtex,6,1.2,36.000024,1,0.2,0.85,1,10000,10000,-25.455876,1444.48434,-1412.588568,0.35355,-0.14645,0.35355,0.85355;


custom,killcuboid,bombtex,1.2,6,1.757364,1,0.2,0.85,1,10000,10000,-25.45584,1591.646124,-1579.081056,0,0,-0.38268,0.92388;
custom,killcuboid,bombtex,1.2,6,1.757364,1,0.2,0.85,1,10000,10000,25.45584,1591.645932,-1579.081056,0,0,-0.92388,0.38268;
custom,killcuboid,bombtex,1.2,6,1.757364,1,0.2,0.85,1,10000,10000,-25.455888,1577.977116,-1546.081056,0.35355,0.14645,-0.35355,0.85355;
custom,killcuboid,bombtex,1.2,6,1.757364,1,0.2,0.85,1,10000,10000,25.455792,1577.976744,-1546.081056,0.14645,0.35355,-0.85355,0.35355;




custom,killcuboid,bombtex,1.2,6,1.757364,1,0.2,0.85,1,10000,10000,-25.4559,1310.992308,-1279.096164,0.35355,0.14645,-0.35355,0.85355;
custom,killcuboid,bombtex,1.2,6,1.757364,1,0.2,0.85,1,10000,10000,25.45578,1310.992032,-1279.096164,0.14645,0.35355,-0.85355,0.35355;
custom,killcuboid,bombtex,1.2,6,1.757364,1,0.2,0.85,1,10000,10000,-25.455948,1277.992224,-1265.42706,0.65328,0.2706,-0.2706,0.65328;
custom,killcuboid,bombtex,1.2,6,1.757364,1,0.2,0.85,1,10000,10000,25.455732,1277.992128,-1265.427252,0.2706,0.65328,-0.65328,0.2706;




custom,killcuboid,bombtex,6,1.2,9.514728,1,0.8,0.3,0.35,10000,10000,-45.639792,1066.198332,-1440.31686,-0.19134,0.84462,-0.19134,-0.46194;
custom,killcuboid,bombtex,6,1.2,9.514716,1,0.8,0.3,0.35,10000,10000,45.639468,1066.198332,-1440.316776,0.19134,0.84462,-0.19134,0.46194;
custom,killcuboid,bombtex,6,1.2,12,1,0.2,0.85,1,10000,10000,72.852648,1133.86734,-1444.647768,0.19134,0.84462,-0.19134,0.46194;


custom,killcuboid,bombtex,6,1.2,12,1,0.2,0.85,1,10000,10000,-72.853056,1133.86734,-1444.647768,-0.19134,0.84462,-0.19134,-0.46194;
custom,killcuboid,bombtex,6,1.2,9.514728,1,0,0,0,10000,10000,-45.63978,1102.198332,-1476.316776,0.73254,-0.46194,-0.19134,0.46194;
custom,killcuboid,bombtex,6,1.2,9.514716,1,0,0,0,10000,10000,45.639444,1102.198332,-1476.316776,-0.73254,-0.46194,-0.19134,-0.46194;
custom,killcuboid,bombtex,6,1.2,12,1,0.8,0.3,0.35,10000,10000,187.278948,1028.352636,-1478.162472,0.70711,0,0.70711,0;
custom,killcuboid,bombtex,6,1.2,12.000012,1,0,0,0,10000,10000,187.278948,1064.352636,-1514.162472,0.5,-0.5,0.5,-0.5;
custom,killcuboid,bombtex,6,1.2,12,1,0.2,0.85,1,10000,10000,187.278948,1100.352636,-1478.162472,0,-0.70711,0,-0.70711;

custom,killcuboid,bombtex,1.2,6,1.757364,1,0,0,0,10000,10000,85.492032,1074.018036,-1504.496976,0.84462,-0.19134,0.46194,0.19134;
custom,killcuboid,bombtex,1.2,6,1.757364,1,0.8,0.3,0.35,10000,10000,85.492284,1038.018036,-1468.496976,0.73254,0.46194,0.19134,0.46194;
custom,killcuboid,bombtex,1.2,6,1.757364,1,0,0,0,10000,10000,118.492128,1064.352636,-1514.162472,0.70711,0,0.70711,0;
custom,killcuboid,bombtex,1.2,6,1.757364,1,0.8,0.3,0.35,10000,10000,118.4922,1028.352816,-1478.162388,0.5,0.5,0.5,0.5;
custom,killcuboid,bombtex,6,1.2,12,1,0,0,0,10000,10000,-187.279476,1064.352444,-1514.162472,0.5,0.5,-0.5,-0.5;
custom,killcuboid,bombtex,6,1.2,12.000012,1,0.8,0.3,0.35,10000,10000,-187.279476,1028.352444,-1478.162568,0.70711,0,-0.70711,0;

custom,killcuboid,bombtex,6,1.2,12,1,0.2,0.85,1,10000,10000,-187.2795,1100.35254,-1478.162388,0,0.70711,0,-0.70711;
custom,killcuboid,bombtex,1.2,6,1.757364,1,0.8,0.3,0.35,10000,10000,-85.492476,1038.018036,-1468.497072,0.46194,0.73254,-0.46194,-0.19134;
custom,killcuboid,bombtex,1.2,6,1.757364,1,0,0,0,10000,10000,-85.492656,1074.018036,-1504.497072,-0.19134,0.84462,-0.19134,-0.46194;
custom,killcuboid,bombtex,1.2,6,1.757364,1,0.8,0.3,0.35,10000,10000,-118.492536,1028.35254,-1478.162472,0.5,0.5,-0.5,-0.5;
custom,killcuboid,bombtex,1.2,6,1.757364,1,0,0,0,10000,10000,-118.49268,1064.352636,-1514.162388,0,0.70711,0,-0.70711;

racing,killprism,3.514728,1.2,6.928236,-26.7342551,1537.1301708,-1574.9463528,0,-0.5,-0.5,0.70711;
racing,killprism,3.514728,1.2,6.928236,-26.7342429,1542.352026,-1588.1824572,-0.2706,-0.65328,-0.2706,0.65328;
racing,killprism,3.514728,1.2,6.928236,27.0736564,1542.0126168,-1588.1824572,-0.65328,-0.2706,-0.65328,0.2706;
racing,killprism,3.514728,1.2,6.928236,27.0736664,1536.8901708,-1575.1863528,-0.5,0,-0.70711,0.5;
racing,killprism,3.514728,1.2,6.928236,-23.8380356,1592.9243568,-1570.6087212,-0.65328,-0.2706,-0.65328,0.2706;
racing,killprism,3.514728,1.2,6.928236,24.1774371,1593.263766,-1570.6087212,-0.2706,-0.65328,-0.2706,0.65328;
racing,killprism,3.514728,1.2,6.928236,-23.8380616,1585.3166268,-1551.6127968,-0.5,0,-0.70711,0.5;
racing,killprism,3.514728,1.2,6.928236,24.1773769,1585.5564468,-1551.3727968,0,-0.5,-0.5,0.70711;
racing,killprism,3.514728,1.2,6.928236,-26.7343151,1282.5716388,-1320.3879048,0,-0.5,-0.5,0.70711;
racing,killprism,3.514728,1.2,6.928236,-26.7343245,1269.5198892,-1314.720996,0.2706,-0.2706,-0.65328,0.65328;
racing,killprism,3.514728,1.2,6.928236,27.0736064,1282.3316388,-1320.6279048,-0.5,0,-0.70711,0.5;
racing,killprism,3.514728,1.2,6.928236,27.0736135,1269.5198892,-1315.0604088,-0.2706,0.2706,-0.65328,0.65328;
racing,killprism,3.514728,1.2,6.928236,-23.8380856,1305.9051828,-1272.2013648,-0.5,0,-0.70711,0.5;
racing,killprism,3.514728,1.2,6.928236,24.1773649,1306.1451828,-1271.9613648,0,-0.5,-0.5,0.70711;
racing,killprism,3.514728,1.2,6.928236,-23.8381025,1287.0935292,-1264.1486568,-0.2706,0.2706,-0.65328,0.65328;
racing,killprism,3.514728,1.2,6.928236,24.1773075,1287.0935292,-1263.809436,0.2706,-0.2706,-0.65328,0.65328;
racing,killprism,3.514728,1.2,6.928236,-26.7343605,1269.5198892,-1314.721176,0.2706,-0.2706,-0.65328,0.65328;
racing,killprism,3.514728,1.2,6.928236,-26.7343483,1256.2837932,-1319.9430048,0.5,0,-0.70711,0.5;
racing,killprism,3.514728,1.2,6.928236,27.0735655,1269.5198892,-1315.0605888,-0.2706,0.2706,-0.65328,0.65328;
racing,killprism,3.514728,1.2,6.928236,27.0735555,1256.5237944,-1320.1830036,0,0.5,-0.5,0.70711;
racing,killprism,3.514728,1.2,6.928236,-23.8381265,1251.9461532,-1264.1488488,-0.2706,0.2706,-0.65328,0.65328;
racing,killprism,3.514728,1.2,6.928236,24.1773075,1251.9461532,-1263.809436,0.2706,-0.2706,-0.65328,0.65328;
racing,killprism,3.514728,1.2,6.928236,-23.8381605,1232.9502384,-1271.7565476,0,0.5,-0.5,0.70711;
racing,killprism,3.514728,1.2,6.928236,24.1772717,1232.7102372,-1271.5167288,0.5,0,-0.70711,0.5;
racing,killprism,3.514728,1.2,6.928236,23.8379536,1173.4789182,-1406.8439592,-0.70711,0.5,0.5,0;
racing,killprism,3.514728,1.2,6.928236,29.0597922,1164.1195776,-1416.2032884,-0.92388,0.2706,0.2706,0;
racing,killprism,3.514728,1.2,6.928236,24.1773677,1135.4309776,-1368.7960848,-0.5,0,0.70711,-0.5;
racing,killprism,3.514728,1.2,6.928236,29.2998118,1126.2414209,-1377.9856416,-0.65328,0,0.38268,-0.65328;
racing,killprism,3.514728,1.2,6.928236,-23.8380765,1135.6709786,-1369.0360836,0,0.5,-0.5,0.70711;
racing,killprism,3.514728,1.2,6.928236,-29.0599209,1126.3117145,-1378.395348,0,0.65328,-0.65328,0.38268;
racing,killprism,3.514728,1.2,6.928236,-24.1774849,1173.7189193,-1407.0839592,-0.5,0.70711,0,0.5;
racing,killprism,3.514728,1.2,6.928236,-29.2999134,1164.5293784,-1416.2735832,-0.2706,0.92388,0,0.2706;
racing,killprism,8.485272,1.2,6.928236,-13.4410567,1127.3886172,-1453.4144412,-0.65328,-0.38268,0,0.65328;
racing,killprism,8.485272,1.2,6.928236,13.6808155,1127.3182396,-1453.0046388,-0.38268,-0.65328,-0.65328,0;
racing,killprism,8.485272,1.2,6.928236,-13.6811333,1089.5102784,-1415.1966996,0,-0.2706,0.2706,0.92388;
racing,killprism,8.485272,1.2,6.928236,13.4407721,1089.1005736,-1415.1263088,-0.2706,0,-0.92388,-0.2706;
racing,killprism,3.514728,1.2,6.928236,113.9126922,1104.1196736,-1476.2032044,0.92388,-0.2706,-0.2706,0;
racing,killprism,3.514728,1.2,6.928236,126.964439,1100.112636,-1480.210422,1,0,0,0;
racing,killprism,3.514728,1.2,6.928236,114.1526998,1066.2414209,-1437.9855576,0.65328,0,-0.38268,0.65328;
racing,killprism,3.514728,1.2,6.928236,126.964439,1062.304686,-1441.922472,0.70711,0,0,0.70711;
racing,killprism,3.514728,1.2,6.928236,90.5791078,1067.9988689,-1508.2282896,0.65328,0,-0.38268,0.65328;
racing,killprism,3.514728,1.2,6.928236,90.3391002,1033.8771216,-1474.4459364,0.92388,-0.2706,-0.2706,0;
racing,killprism,3.514728,1.2,6.928236,109.390775,1062.304686,-1513.922472,0.70711,0,0,0.70711;
racing,killprism,3.514728,1.2,6.928236,109.390847,1028.112816,-1480.210338,1,0,0,0;
racing,killprism,3.514728,1.2,6.928236,-113.9131569,1066.3116185,-1438.395444,0,0.65328,-0.65328,0.38268;
racing,killprism,3.514728,1.2,6.928236,-126.964823,1062.30459,-1442.402568,0,0.70711,-0.70711,0;
racing,killprism,3.514728,1.2,6.928236,-114.1531494,1104.5292824,-1476.2736792,-0.2706,0.92388,0,0.2706;
racing,killprism,3.514728,1.2,6.928236,-126.964823,1100.59254,-1480.210422,0,1,0,0;
racing,killprism,3.514728,1.2,6.928236,-90.5795454,1034.2866464,-1474.5163272,-0.2706,0.92388,0,0.2706;
racing,killprism,3.514728,1.2,6.928236,-90.3395529,1068.0689825,-1508.638092,0,0.65328,-0.65328,0.38268;
racing,killprism,3.514728,1.2,6.928236,-109.391183,1028.59254,-1480.210422,0,1,0,0;
racing,killprism,3.514728,1.2,6.928236,-109.391279,1062.304686,-1514.402388,0,0.70711,-0.70711,0;





custom,killprism,bombtex,3.514728,1.2,6.928236,1,0.2,0.85,1,10000,10000,-23.8380356,1592.9243568,-1570.6087212,-0.65328,-0.2706,-0.65328,0.2706;
custom,killprism,bombtex,3.514728,1.2,6.928236,1,0.2,0.85,1,10000,10000,24.1774371,1593.263766,-1570.6087212,-0.2706,-0.65328,-0.2706,0.65328;
custom,killprism,bombtex,3.514728,1.2,6.928236,1,0.2,0.85,1,10000,10000,-23.8380616,1585.3166268,-1551.6127968,-0.5,0,-0.70711,0.5;
custom,killprism,bombtex,3.514728,1.2,6.928236,1,0.2,0.85,1,10000,10000,24.1773769,1585.5564468,-1551.3727968,0,-0.5,-0.5,0.70711;




custom,killprism,bombtex,3.514728,1.2,6.928236,1,0.2,0.85,1,10000,10000,-23.8380856,1305.9051828,-1272.2013648,-0.5,0,-0.70711,0.5;
custom,killprism,bombtex,3.514728,1.2,6.928236,1,0.2,0.85,1,10000,10000,24.1773649,1306.1451828,-1271.9613648,0,-0.5,-0.5,0.70711;
custom,killprism,bombtex,3.514728,1.2,6.928236,1,0.2,0.85,1,10000,10000,-23.8381025,1287.0935292,-1264.1486568,-0.2706,0.2706,-0.65328,0.65328;
custom,killprism,bombtex,3.514728,1.2,6.928236,1,0.2,0.85,1,10000,10000,24.1773075,1287.0935292,-1263.809436,0.2706,-0.2706,-0.65328,0.65328;




custom,killprism,bombtex,3.514728,1.2,6.928236,1,0.2,0.85,1,10000,10000,-23.8381265,1251.9461532,-1264.1488488,-0.2706,0.2706,-0.65328,0.65328;
custom,killprism,bombtex,3.514728,1.2,6.928236,1,0.2,0.85,1,10000,10000,24.1773075,1251.9461532,-1263.809436,0.2706,-0.2706,-0.65328,0.65328;
custom,killprism,bombtex,3.514728,1.2,6.928236,1,0.2,0.85,1,10000,10000,-23.8381605,1232.9502384,-1271.7565476,0,0.5,-0.5,0.70711;
custom,killprism,bombtex,3.514728,1.2,6.928236,1,0.2,0.85,1,10000,10000,24.1772717,1232.7102372,-1271.5167288,0.5,0,-0.70711,0.5;
custom,killprism,bombtex,3.514728,1.2,6.928236,1,0.2,0.85,1,10000,10000,23.8379536,1173.4789182,-1406.8439592,-0.70711,0.5,0.5,0;
custom,killprism,bombtex,3.514728,1.2,6.928236,1,0.2,0.85,1,10000,10000,29.0597922,1164.1195776,-1416.2032884,-0.92388,0.2706,0.2706,0;




custom,killprism,bombtex,3.514728,1.2,6.928236,1,0.2,0.85,1,10000,10000,-24.1774849,1173.7189193,-1407.0839592,-0.5,0.70711,0,0.5;
custom,killprism,bombtex,3.514728,1.2,6.928236,1,0.2,0.85,1,10000,10000,-29.2999134,1164.5293784,-1416.2735832,-0.2706,0.92388,0,0.2706;
custom,killprism,bombtex,8.485272,1.2,6.928236,1,0,0,0,10000,10000,-13.4410567,1127.3886172,-1453.4144412,-0.65328,-0.38268,0,0.65328;
custom,killprism,bombtex,8.485272,1.2,6.928236,1,0,0,0,10000,10000,13.6808155,1127.3182396,-1453.0046388,-0.38268,-0.65328,-0.65328,0;
custom,killprism,bombtex,8.485272,1.2,6.928236,1,0.8,0.3,0.5,10000,10000,-13.6811333,1089.5102784,-1415.1966996,0,-0.2706,0.2706,0.92388;
custom,killprism,bombtex,8.485272,1.2,6.928236,1,0.8,0.3,0.5,10000,10000,13.4407721,1089.1005736,-1415.1263088,-0.2706,0,-0.92388,-0.2706;
custom,killprism,bombtex,3.514728,1.2,6.928236,1,0.2,0.85,1,10000,10000,113.9126922,1104.1196736,-1476.2032044,0.92388,-0.2706,-0.2706,0;
custom,killprism,bombtex,3.514728,1.2,6.928236,1,0.2,0.85,1,10000,10000,126.964439,1100.112636,-1480.210422,1,0,0,0;


custom,killprism,bombtex,3.514728,1.2,6.928236,1,0,0,0,10000,10000,90.5791078,1067.9988689,-1508.2282896,0.65328,0,-0.38268,0.65328;
custom,killprism,bombtex,3.514728,1.2,6.928236,1,0.8,0.3,0.5,10000,10000,90.3391002,1033.8771216,-1474.4459364,0.92388,-0.2706,-0.2706,0;
custom,killprism,bombtex,3.514728,1.2,6.928236,1,0,0,0,10000,10000,109.390775,1062.304686,-1513.922472,0.70711,0,0,0.70711;
custom,killprism,bombtex,3.514728,1.2,6.928236,1,0.8,0.3,0.5,10000,10000,109.390847,1028.112816,-1480.210338,1,0,0,0;


custom,killprism,bombtex,3.514728,1.2,6.928236,1,0.2,0.85,1,10000,10000,-114.1531494,1104.5292824,-1476.2736792,-0.2706,0.92388,0,0.2706;
custom,killprism,bombtex,3.514728,1.2,6.928236,1,0.2,0.85,1,10000,10000,-126.964823,1100.59254,-1480.210422,0,1,0,0;
custom,killprism,bombtex,3.514728,1.2,6.928236,1,0.8,0.3,0.35,10000,10000,-90.5795454,1034.2866464,-1474.5163272,-0.2706,0.92388,0,0.2706;
custom,killprism,bombtex,3.514728,1.2,6.928236,1,0,0,0,10000,10000,-90.3395529,1068.0689825,-1508.638092,0,0.65328,-0.65328,0.38268;
custom,killprism,bombtex,3.514728,1.2,6.928236,1,0.8,0.3,0.35,10000,10000,-109.391183,1028.59254,-1480.210422,0,1,0,0;
custom,killprism,bombtex,3.514728,1.2,6.928236,1,0,0,0,10000,10000,-109.391279,1062.304686,-1514.402388,0,0.70711,-0.70711,0;






racing,killcuboid,1.2,6,13.2,25.45584,1591.645932,-1653.867924,0,0,0.38268,0.92388;
racing,killcuboid,1.2,6,13.2,-25.455852,1591.645932,-1653.867924,0,0,-0.38268,0.92388;
racing,killcuboid,1.2,6,13.2,-25.455864,1540.734192,-1653.867924,0,0,-0.92388,0.38268;
racing,killcuboid,1.2,6,13.2,25.45584,1540.734192,-1653.867924,0,0,0.92388,0.38268;
racing,killcuboid,6,1.2,35.999988,25.455792,1444.48434,-1412.588568,0.35355,0.14645,-0.35355,0.85355;
racing,killcuboid,6,1.2,36.000024,-25.455876,1444.48434,-1412.588568,0.35355,-0.14645,0.35355,0.85355;
racing,killcuboid,6,1.2,35.999988,-25.455876,1408.48434,-1448.588652,0.14645,-0.35355,0.85355,0.35355;
racing,killcuboid,6,1.2,35.999988,25.455804,1408.48434,-1448.588652,0.14645,0.35355,-0.85355,0.35355;
racing,killcuboid,1.2,6,1.757364,-25.45584,1591.646124,-1579.081056,0,0,-0.38268,0.92388;
racing,killcuboid,1.2,6,1.757364,25.45584,1591.645932,-1579.081056,0,0,-0.92388,0.38268;
racing,killcuboid,1.2,6,1.757364,-25.455888,1577.977116,-1546.081056,0.35355,0.14645,-0.35355,0.85355;
racing,killcuboid,1.2,6,1.757364,25.455792,1577.976744,-1546.081056,0.14645,0.35355,-0.85355,0.35355;
racing,killcuboid,6,1.2,12,25.455684,1178.778996,-1327.736028,0.85355,0.35355,-0.14645,0.35355;
racing,killcuboid,6,1.2,12.000012,-25.455972,1178.778996,-1327.736028,0.85355,-0.35355,0.14645,0.35355;
racing,killcuboid,6,1.2,12,-25.455972,1214.77908,-1363.736028,0.35355,-0.85355,0.35355,0.14645;
racing,killcuboid,6,1.2,12,25.455696,1214.77908,-1363.736028,0.35355,0.85355,-0.35355,0.14645;
racing,killcuboid,1.2,6,1.757364,-25.4559,1310.992308,-1279.096164,0.35355,0.14645,-0.35355,0.85355;
racing,killcuboid,1.2,6,1.757364,25.45578,1310.992032,-1279.096164,0.14645,0.35355,-0.85355,0.35355;
racing,killcuboid,1.2,6,1.757364,-25.455948,1277.992224,-1265.42706,0.65328,0.2706,-0.2706,0.65328;
racing,killcuboid,1.2,6,1.757364,25.455732,1277.992128,-1265.427252,0.2706,0.65328,-0.65328,0.2706;
racing,killcuboid,1.2,6,1.757364,-25.455936,1260.418668,-1265.42706,0.65328,0.2706,-0.2706,0.65328;
racing,killcuboid,1.2,6,1.757364,25.455744,1260.418488,-1265.427252,0.2706,0.65328,-0.65328,0.2706;
racing,killcuboid,1.2,6,1.757364,-25.455984,1227.418668,-1279.096164,0.85355,0.35355,-0.14645,0.35355;
racing,killcuboid,1.2,6,1.757364,25.455684,1227.418668,-1279.096344,0.35355,0.85355,-0.35355,0.14645;
racing,killcuboid,6,1.2,9.514728,-45.639792,1066.198332,-1440.31686,-0.19134,0.84462,-0.19134,-0.46194;
racing,killcuboid,6,1.2,9.514716,45.639468,1066.198332,-1440.316776,0.19134,0.84462,-0.19134,0.46194;
racing,killcuboid,6,1.2,12,72.852648,1133.86734,-1444.647768,0.19134,0.84462,-0.19134,0.46194;
racing,killcuboid,6,1.2,12,72.852636,1097.86734,-1408.647672,-0.73254,-0.46194,-0.19134,-0.46194;
racing,killcuboid,6,1.2,12,-72.853032,1097.86734,-1408.647852,0.73254,-0.46194,-0.19134,0.46194;
racing,killcuboid,6,1.2,12,-72.853056,1133.86734,-1444.647768,-0.19134,0.84462,-0.19134,-0.46194;
racing,killcuboid,6,1.2,9.514728,-45.63978,1102.198332,-1476.316776,0.73254,-0.46194,-0.19134,0.46194;
racing,killcuboid,6,1.2,9.514716,45.639444,1102.198332,-1476.316776,-0.73254,-0.46194,-0.19134,-0.46194;
racing,killcuboid,6,1.2,12,187.278948,1028.352636,-1478.162472,0.70711,0,0.70711,0;
racing,killcuboid,6,1.2,12.000012,187.278948,1064.352636,-1514.162472,0.5,-0.5,0.5,-0.5;
racing,killcuboid,6,1.2,12,187.278948,1100.352636,-1478.162472,0,-0.70711,0,-0.70711;
racing,killcuboid,6,1.2,12,187.278948,1064.352636,-1442.162472,0.5,0.5,0.5,0.5;
racing,killcuboid,1.2,6,1.757364,85.492032,1074.018036,-1504.496976,0.84462,-0.19134,0.46194,0.19134;
racing,killcuboid,1.2,6,1.757364,85.492284,1038.018036,-1468.496976,0.73254,0.46194,0.19134,0.46194;
racing,killcuboid,1.2,6,1.757364,118.492128,1064.352636,-1514.162472,0.70711,0,0.70711,0;
racing,killcuboid,1.2,6,1.757364,118.4922,1028.352816,-1478.162388,0.5,0.5,0.5,0.5;
racing,killcuboid,6,1.2,12,-187.279476,1064.352444,-1514.162472,0.5,0.5,-0.5,-0.5;
racing,killcuboid,6,1.2,12.000012,-187.279476,1028.352444,-1478.162568,0.70711,0,-0.70711,0;
racing,killcuboid,6,1.2,12,-187.2795,1064.352636,-1442.162472,0.5,-0.5,-0.5,0.5;
racing,killcuboid,6,1.2,12,-187.2795,1100.35254,-1478.162388,0,0.70711,0,-0.70711;
racing,killcuboid,1.2,6,1.757364,-85.492476,1038.018036,-1468.497072,0.46194,0.73254,-0.46194,-0.19134;
racing,killcuboid,1.2,6,1.757364,-85.492656,1074.018036,-1504.497072,-0.19134,0.84462,-0.19134,-0.46194;
racing,killcuboid,1.2,6,1.757364,-118.492536,1028.35254,-1478.162472,0.5,0.5,-0.5,-0.5;
racing,killcuboid,1.2,6,1.757364,-118.49268,1064.352636,-1514.162388,0,0.70711,0,-0.70711;

custom,cuboid,ice1,15.6,1.2,1.2,1,1,1,1,1.3,0.1,72.852648,1151.86734,-1462.647768,0.19134,0.84462,-0.19134,0.46194;
custom,cuboid,ice1,15.6,1.2,1.2,1,1,1,1,1.3,0.1,72.852636,1079.867244,-1390.647672,-0.73254,-0.46194,-0.19134,-0.46194;
custom,cuboid,ice1,15.6,1.2,1.2,1,1,1,1,1.3,0.1,-72.85296,1079.86734,-1390.647852,0.73254,-0.46194,-0.19134,0.46194;
custom,cuboid,ice1,15.6,1.2,1.2,1,1,1,1,1.3,0.1,-72.853068,1151.867244,-1462.647768,-0.19134,0.84462,-0.19134,-0.46194;

custom,cuboid,cannonregionmat,15.72,1.32,1.32,1,1,1,1,1.3,0.1,72.852648,1151.86734,-1462.647768,0.19134,0.84462,-0.19134,0.46194;
custom,cuboid,cannonregionmat,15.72,1.32,1.32,1,1,1,1,1.3,0.1,72.852636,1079.867244,-1390.647672,-0.73254,-0.46194,-0.19134,-0.46194;
custom,cuboid,cannonregionmat,15.72,1.32,1.32,1,1,1,1,1.3,0.1,-72.85296,1079.86734,-1390.647852,0.73254,-0.46194,-0.19134,0.46194;
custom,cuboid,cannonregionmat,15.72,1.32,1.32,1,1,1,1,1.3,0.1,-72.853068,1151.867244,-1462.647768,-0.19134,0.84462,-0.19134,-0.46194;

custom,cuboid,empty,9.6,1.2,2.4,1,0,0.2,0.4,0.8,0.1,-0.000156,1015.411464,-1380.103728,0,0,0,1;
custom,cuboid,empty,3.6,2.4,2.4,1,0,0.2,0.4,0.3,0.2,42.852648,1160.654208,-1513.8609,0.19134,0.84462,-0.19134,0.46194;
custom,cuboid,empty,3.6,2.4,2.4,1,0,0.2,0.4,0.3,0.2,-42.853068,1160.654028,-1513.860996,-0.19134,0.84462,-0.19134,-0.46194;

custom,killcuboid,empty,6.12,1.32,0.12,1,0,0,0,0,0,-247.279476,1064.352444,-1514.162472,0.5,0.5,-0.5,-0.5;
custom,killcuboid,empty,6.12,1.32,0.12,1,0,0,0,0,0,-247.279476,1028.352444,-1478.162568,0.70711,0,-0.70711,0;
custom,killcuboid,empty,6.12,1.32,0.12,1,0,0,0,0,0,-247.2795,1064.352636,-1442.162472,0.5,-0.5,-0.5,0.5;
custom,killcuboid,empty,6.12,1.32,0.12,1,0,0,0,0,0,-247.2795,1100.35254,-1478.162388,0,0.70711,0,-0.70711;

custom,killcuboid,empty,6.12,1.32,0.12,1,0,0,0,0,0,247.278948,1028.352636,-1478.162472,0.70711,0,0.70711,0;
custom,killcuboid,empty,6.12,1.32,0.12,1,0,0,0,0,0,247.278948,1064.352636,-1514.162472,0.5,-0.5,0.5,-0.5;
custom,killcuboid,empty,6.12,1.32,0.12,1,0,0,0,0,0,247.278948,1100.352636,-1478.162472,0,-0.70711,0,-0.70711;
custom,killcuboid,empty,6.12,1.32,0.12,1,0,0,0,0,0,247.278948,1064.352636,-1442.162472,0.5,0.5,0.5,0.5;

custom,cylinder,ice1,2.4,0.3,2.4,1,1,1,1,0.2,0.05,-112.492356,1453.697664,-1866.867924,-0.70711,0,0,0.70711;
custom,cylinder,ice1,2.4,0.3,2.4,1,1,1,1,0.2,0.05,-112.49232,1453.697664,-1788.867924,-0.70711,0,0,0.70711;
custom,cylinder,ice1,2.4,0.3,2.4,1,1,1,1,0.2,0.05,112.492284,1453.697664,-1866.867924,-0.70711,0,0,0.70711;
custom,cylinder,ice1,2.4,0.3,2.4,1,1,1,1,0.2,0.05,112.49232,1453.697664,-1788.867924,-0.70711,0,0,0.70711;
custom,cylinder,ice1,2.4,0.3,2.4,1,1,1,1,0.2,0.05,184.492284,1156.697664,-1866.867924,-0.70711,0,0,0.70711;
custom,cylinder,ice1,2.4,0.3,2.4,1,1,1,1,0.2,0.05,184.4928,1156.697664,-1788.867924,-0.70711,0,0,0.70711;
custom,cylinder,ice1,2.4,0.3,2.4,1,1,1,1,0.2,0.05,-184.493316,1156.697664,-1866.867924,-0.70711,0,0,0.70711;
custom,cylinder,ice1,2.4,0.3,2.4,1,1,1,1,0.2,0.05,-184.4928,1156.697664,-1788.867924,-0.70711,0,0,0.70711;

custom,cylinder,cannonregionmat,2.52,0.36,2.52,1,1,1,1,0.2,0.05,-112.492356,1453.697664,-1866.867924,-0.70711,0,0,0.70711;
custom,cylinder,cannonregionmat,2.52,0.36,2.52,1,1,1,1,0.2,0.05,-112.49232,1453.697664,-1788.867924,-0.70711,0,0,0.70711;
custom,cylinder,cannonregionmat,2.52,0.36,2.52,1,1,1,1,0.2,0.05,112.492284,1453.697664,-1866.867924,-0.70711,0,0,0.70711;
custom,cylinder,cannonregionmat,2.52,0.36,2.52,1,1,1,1,0.2,0.05,112.49232,1453.697664,-1788.867924,-0.70711,0,0,0.70711;
custom,cylinder,cannonregionmat,2.52,0.36,2.52,1,1,1,1,0.2,0.05,184.492284,1156.697664,-1866.867924,-0.70711,0,0,0.70711;
custom,cylinder,cannonregionmat,2.52,0.36,2.52,1,1,1,1,0.2,0.05,184.4928,1156.697664,-1788.867924,-0.70711,0,0,0.70711;
custom,cylinder,cannonregionmat,2.52,0.36,2.52,1,1,1,1,0.2,0.05,-184.493316,1156.697664,-1866.867924,-0.70711,0,0,0.70711;
custom,cylinder,cannonregionmat,2.52,0.36,2.52,1,1,1,1,0.2,0.05,-184.4928,1156.697664,-1788.867924,-0.70711,0,0,0.70711;





custom,cuboid,ice1,1.2,8.4,1.2,1,1,1,1,0.1,0.7,0,1100.352996,-1283.999628,0,0,-0.70711,0.70711;
custom,cuboid,ice1,1.2,8.4,1.2,1,1,1,1,0.1,0.7,0,1028.352996,-1283.999628,0,0,-0.70711,0.70711;
custom,cuboid,ice1,1.2,8.4,1.2,1,1,1,1,0.1,0.7,36,1064.352996,-1283.999628,0,0,-1,0;
custom,cuboid,ice1,1.2,8.4,1.2,1,1,1,1,0.1,0.7,-36,1064.352996,-1283.999628,0,0,-1,0;

custom,cuboid,empty,1.236,8.364,1.164,1,0,0,0,0.1,0.7,0,1100.352996,-1283.999628,0,0,-0.70711,0.70711;
custom,cuboid,empty,1.236,8.364,1.164,1,0,0,0,0.1,0.7,0,1028.352996,-1283.999628,0,0,-0.70711,0.70711;
custom,cuboid,empty,1.236,8.364,1.164,1,0,0,0,0.1,0.7,36,1064.352996,-1283.999628,0,0,-1,0;
custom,cuboid,empty,1.236,8.364,1.164,1,0,0,0,0.1,0.7,-36,1064.352996,-1283.999628,0,0,-1,0;

custom,cuboid,ice1,4.2,0.6,1.08,1,1,1,1,0.35,0.05,12.72792,1077.080928,-1283.999628,0,0,-0.38268,0.92388;
custom,cuboid,ice1,4.2,0.6,1.08,1,1,1,1,0.35,0.05,-12.72792,1051.625064,-1283.999628,0,0,-0.38268,0.92388;
custom,cuboid,ice1,4.2,0.6,1.08,1,1,1,1,0.35,0.05,12.72792,1051.625064,-1283.999628,0,0,-0.92388,0.38268;
custom,cuboid,ice1,4.2,0.6,1.08,1,1,1,1,0.35,0.05,-12.72792,1077.080928,-1283.999628,0,0,-0.92388,0.38268;
custom,cuboid,ice1,1.2,1.2,1.08,1,1,1,1,0.1,0.1,24,1064.352996,-1283.999628,0,0,0,1;
custom,cuboid,ice1,1.2,1.2,1.08,1,1,1,1,0.1,0.1,-24,1064.352996,-1283.999628,0,0,0,1;
custom,cuboid,ice1,1.2,1.2,1.08,1,1,1,1,0.1,0.1,0,1040.352996,-1283.999628,0,0,-0.70711,0.70711;
custom,cuboid,ice1,1.2,1.2,1.08,1,1,1,1,0.1,0.1,0,1088.352996,-1283.999628,0,0,-0.70711,0.70711;

custom,cuboid,empty,4.236,0.636,1.044,1,0,0,0,0,0,12.72792,1077.080928,-1283.999628,0,0,-0.38268,0.92388;
custom,cuboid,empty,4.236,0.636,1.044,1,0,0,0,0,0,-12.72792,1051.625064,-1283.999628,0,0,-0.38268,0.92388;
custom,cuboid,empty,4.236,0.636,1.044,1,0,0,0,0,0,12.72792,1051.625064,-1283.999628,0,0,-0.92388,0.38268;
custom,cuboid,empty,4.236,0.636,1.044,1,0,0,0,0,0,-12.72792,1077.080928,-1283.999628,0,0,-0.92388,0.38268;
custom,cuboid,empty,1.236,1.236,1.044,1,0,0,0,0,0,24,1064.352996,-1283.999628,0,0,0,1;
custom,cuboid,empty,1.236,1.236,1.044,1,0,0,0,0,0,-24,1064.352996,-1283.999628,0,0,0,1;
custom,cuboid,empty,1.236,1.236,1.044,1,0,0,0,0,0,0,1040.352996,-1283.999628,0,0,-0.70711,0.70711;
custom,cuboid,empty,1.236,1.236,1.044,1,0,0,0,0,0,0,1088.352996,-1283.999628,0,0,-0.70711,0.70711;

racing,checkpointcuboid,3.6,3.6,0.96,0,1064.353176,-1283.999628,0,0,-0.38268,0.92388;





custom,arc180,ice1,4.5,1.8,4.5,1,1,1,1,1,1,0.86355,1086.869176,-1225.28928,-0.5,0.5,-0.5,0.5;
custom,arc180,ice1,4.5,1.8,4.5,1,1,1,1,1,1,0.86355,1041.837176,-1225.68528,0.5,0.5,0.5,0.5;
custom,arc180,ice1,4.5,3.6,4.5,1,1,1,1,1,1,0.86355,1238.9213316,-214.165068,-0.5,0.5,-0.5,0.5;
custom,arc180,ice1,4.5,3.6,4.5,1,1,1,1,1,1,0.86355,1193.889332,-214.9570679,0.5,0.5,0.5,0.5;


custom,arc180,empty,4.464,1.728,4.482,1,0,0,0.2,1,1,0.8600958,1086.869048,-1225.2972,-0.5,0.5,-0.5,0.5;
custom,arc180,empty,4.464,1.728,4.482,1,0,0,0.2,1,1,0.8600958,1041.8373041,-1225.67736,0.5,0.5,0.5,0.5;
custom,arc180,empty,4.464,3.528,4.482,1,0,0,0.2,1,1,0.8600958,1238.9212044,-214.172988,-0.5,0.5,-0.5,0.5;
custom,arc180,empty,4.464,3.528,4.482,1,0,0,0.2,1,1,0.8600958,1193.8894601,-214.9491479,0.5,0.5,0.5,0.5;

custom,cuboid,medievalartilleryassets_texture-psd,1.2,8.4,8.4,1,1,1,1,1,1,36,1216.405152,-180,0,0,0,1;
custom,cuboid,medievalartilleryassets_texture-psd,1.2,8.4,8.4,1,1,1,1,1,1,-36,1216.405152,-180,0,0,0,1;
custom,cuboid,rock2tex,6,1.2,8.4,1,0.3,0.5,1,1,1,0,1252.405152,-180,0,0,0,1;
custom,cuboid,metal4,6,1.2,8.4,1,1,1,1,0.05,0.05,0,1180.405152,-180,0,0,0,1;

custom,cuboid,ice1,1.08,8.28,8.76,1,1,1,1,1,1,36,1216.405152,-180,0,0,0,1;
custom,cuboid,ice1,1.08,8.28,8.76,1,1,1,1,1,1,-36,1216.405152,-180,0,0,0,1;
custom,cuboid,ice1,8.28,1.08,8.76,1,1,1,1,1,1,0,1252.405152,-180,0,0,0,1;
custom,cuboid,ice1,8.28,1.08,8.76,1,1,1,1,1,1,0,1180.405152,-180,0,0,0,1;

custom,cuboid,medievalartilleryassets_texture-psd,2.4,10.8,38.19408,1,1,1,1,4,1,-108,1216.405152,109.02942,0,0,0,1;
custom,cuboid,medievalartilleryassets_texture-psd,2.4,10.8,38.19408,1,1,1,1,4,1,108,1216.405152,109.0296,0,0,0,1;
custom,cuboid,medievalartilleryassets_texture-psd,2.4,10.8,10.327932,1,1,1,1,1,1,-75,1216.405152,-109.970484,0,-0.38268,0,0.92388;
custom,cuboid,medievalartilleryassets_texture-psd,2.4,10.8,10.327932,1,1,1,1,1,1,75,1216.405152,-109.97022,0,0.38268,0,0.92388;

custom,cuboid,ice1,9.394104,1.32,2.4,1,1,1,1,0.78284,0.1,-0.000024,1264.405152,-142.97022,0,0,0,1;
custom,cuboid,ice1,9.394104,1.32,2.4,1,1,1,1,0.78284,0.1,-0.000024,1168.405152,-142.97022,0,0,0,1;



racing,killcuboid,7.2,6,28.8,0,1216.405152,156,0,0,0,1;
racing,killcylinder,7.2,3,7.2,0,1216.405152,12,0,0,0,1;
racing,killprism,2.4,19.2,5.3048256,3.84,1174.619928,-57.4024056,0,0,-0.70711,0.70711;
racing,killprism,2.4,19.2,5.3048256,3.84,1258.619928,-57.4025976,0,0,-0.70711,0.70711;



custom,cuboid,ice1,19.2,2.28,33.66,1,0.3,0.5,1,1.6,2.8,0,1258.405152,131.99982,0,0,0,1;
custom,cuboid,ice1,19.2,2.28,33.66,1,1,1,1,0.2,0.4,0,1174.405152,132,0,0,0,1;
custom,cuboid,rock2tex,19.2,2.4,33.6,1,0.3,0.5,1,1.6,2.8,0,1258.405152,131.99982,0,0,0,1;
custom,cuboid,metal4,19.2,2.4,33.6,1,1,1,1,0.2,0.4,0,1174.405152,132,0,0,0,1;
custom,cuboid,lava1,19.2,1.2,4.59408,1,1,1,1,1.6,0.4,0,1264.405152,-58.97058,0,0,0,1;
custom,cuboid,lava1,19.2,1.2,4.59408,1,1,1,1,1.6,0.4,0,1168.405152,-58.9704,0,0,0,1;

custom,cuboid,empty,7.2,0.12,28.8,1,0,0,0,0,0,0,1246.405152,156,0,0,0,1;
custom,cuboid,empty,7.2,0.12,28.8,1,0,0,0,0,0,0,1186.405152,156,0,0,0,1;
custom,cylinder,empty,7.2,0.06,7.2,1,0,0,0,0,0,0,1246.405152,12,0,0,0,1;
custom,cylinder,empty,7.2,0.06,7.2,1,0,0,0,0,0,0,1186.405152,12,0,0,0,1;

custom,cylinder,ice1,1.2,3,1.2,1,1,1,1,0.1,0.5,0,1216.405152,12,0,0,0,1;
custom,cylinder,cannonregionmat,1.32,3,1.32,1,1,1,1,0.1,0.5,0,1216.405152,12,0,0,0,1;


custom,prism,rock2tex,9.805896,1.2,5.6614635,1,0.3,0.5,1,1,1,46.0929904,1264.645152,-104.7820053,0,0,0,1;
custom,prism,rock2tex,9.805896,1.2,5.6614635,1,0.3,0.5,1,1,1,-47.8480496,1264.645152,-104.7821853,0,0,0,1;
custom,prism,metal4,9.805896,1.2,5.6614635,1,1,1,1,0.05,0.05,46.0929904,1168.645152,-104.7820053,0,0,0,1;
custom,prism,metal4,9.805896,1.2,5.6614635,1,1,1,1,0.05,0.05,-47.8480496,1168.645152,-104.7821853,0,0,0,1;
custom,prism,rock2tex,9.394104,1.2,5.4237141,1,0.3,0.5,1,1,1,0.8406424,1264.645152,-109.0881453,0,-1,0,0;
custom,prism,metal4,9.394104,1.2,5.4237141,1,1,1,1,0.05,0.05,0.8406424,1168.645152,-109.0881453,0,-1,0,0;


custom,tube,metal4,6,1.25,6,1,1,1,1,0.114,0.8,-1.31292,1063.710792,-1225.712364,0.5,-0.5,-0.5,0.5;
custom,tube,metal4,6,2.1563833,6,1,1,1,1,0.114,0.8,-1.312884,1063.710792,-1213.6124856,0.5,-0.5,-0.5,0.5;
custom,tube,metal4,6,2.1563833,6,1,1,1,1,0.114,0.8,-1.312884,1064.2634303,-1201.5876564,0.47486,-0.52393,-0.47486,0.52393;
custom,tube,metal4,6,2.1563833,6,1,1,1,1,0.114,0.8,-1.312884,1065.850975,-1193.2167044,0.42122,-0.56795,-0.42122,0.56795;
custom,tube,metal4,6,2.1563833,6,1,1,1,1,0.114,0.8,-1.312884,1069.040992,-1185.3162706,0.36353,-0.60651,-0.36353,0.60651;
custom,tube,metal4,6,2.1563833,6,1,1,1,1,0.114,0.8,-1.312884,1073.7111149,-1178.1899459,0.30233,-0.63922,-0.30233,0.63922;
custom,tube,metal4,6,2.1563833,6,1,1,1,1,0.114,0.8,-1.312884,1079.6818062,-1172.1117325,0.23822,-0.66577,-0.23822,0.66577;
custom,tube,metal4,6,2.1563833,6,1,1,1,1,0.114,0.8,-1.312884,1086.7233977,-1167.315073,0.17181,-0.68592,-0.17181,0.68592;
custom,tube,metal4,6,2.1563833,6,1,1,1,1,0.114,0.8,-1.312884,1094.5656954,-1163.984365,0.10375,-0.69945,-0.10375,0.69945;
custom,tube,metal4,6,2.1563833,6,1,1,1,1,0.114,0.8,-1.3129712,1102.9069478,-1162.247557,0.0347,-0.70625,-0.0347,0.70626;
custom,tube,metal4,6,9.1183333,6,1,1,1,1,0.114,0.8,-0.642444,1142.020512,-1160.948316,0,0,-1,0;
custom,tube,metal4,6,2.1563833,6,1,1,1,1,0.114,0.8,1.312908,1177.0789157,-1162.3509834,0.0347,0.70626,0.0347,0.70626;
custom,tube,metal4,6,2.1563833,6,1,1,1,1,0.114,0.8,1.312908,1185.4498554,-1160.763435,0.10375,0.69945,0.10375,0.69945;
custom,tube,metal4,6,2.1563833,6,1,1,1,1,0.114,0.8,1.312908,1193.3502926,-1157.5734198,0.17181,0.68592,0.17181,0.68592;
custom,tube,metal4,6,2.1563833,6,1,1,1,1,0.114,0.8,1.312908,1200.4766316,-1152.9032956,0.23822,0.66577,0.23822,0.66577;
custom,tube,metal4,6,2.1563833,6,1,1,1,1,0.114,0.8,1.312908,1206.5548332,-1146.9326024,0.30233,0.63922,0.30233,0.63922;
custom,tube,metal4,6,2.1563833,6,1,1,1,1,0.114,0.8,1.312908,1211.3514912,-1139.8910168,0.36353,0.60651,0.36353,0.60651;
custom,tube,metal4,6,2.1563833,6,1,1,1,1,0.114,0.8,1.312908,1214.6821968,-1132.0487221,0.42122,0.56795,0.42122,0.56795;
custom,tube,metal4,6,2.1563833,6,1,1,1,1,0.114,0.8,1.313004,1216.4189952,-1123.7074597,0.47486,0.52393,0.47486,0.52393;
custom,tube,metal4,6,8.3333333,6,1,1,1,1,0.114,0.8,0.642456,1217.718252,-1087.561152,-0.70711,0,0,0.70711;


custom,tube,metal4,6.05,1.2333333,5.95,1,0,0.5,0.85,0.114,0.8,-1.301979,1063.7054388,-1225.709364,0.5,-0.5,-0.5,0.5;
custom,tube,metal4,6.05,2.1397167,5.95,1,0,0.5,0.85,0.114,0.8,-1.301943,1063.7054388,-1213.6094856,0.5,-0.5,-0.5,0.5;
custom,tube,metal4,6.05,2.1397167,5.95,1,0,0.5,0.85,0.114,0.8,-1.301943,1064.258397,-1201.5841452,0.47486,-0.52393,-0.47486,0.52393;
custom,tube,metal4,6.05,2.1397167,5.95,1,0,0.5,0.85,0.114,0.8,-1.301943,1065.8467231,-1193.2122797,0.42122,-0.56795,-0.42122,0.56795;
custom,tube,metal4,6.05,2.1397167,5.95,1,0,0.5,0.85,0.114,0.8,-1.301943,1069.037685,-1185.3111013,0.36353,-0.60651,-0.36353,0.60651;
custom,tube,metal4,6.05,2.1397167,5.95,1,0,0.5,0.85,0.114,0.8,-1.301943,1073.70888,-1178.1842309,0.30233,-0.63922,-0.30233,0.63922;
custom,tube,metal4,6.05,2.1397167,5.95,1,0,0.5,0.85,0.114,0.8,-1.301943,1079.6807292,-1172.1056912,0.23822,-0.66577,-0.23822,0.66577;
custom,tube,metal4,6.05,2.1397167,5.95,1,0,0.5,0.85,0.114,0.8,-1.301943,1086.72352,-1167.3089377,0.17181,-0.68592,-0.17181,0.68592;
custom,tube,metal4,6.05,2.1397167,5.95,1,0,0.5,0.85,0.114,0.8,-1.301943,1094.5670123,-1163.9783714,0.10375,-0.69945,-0.10375,0.69945;
custom,tube,metal4,6.05,2.1397167,5.95,1,0,0.5,0.85,0.114,0.8,-1.3020301,1102.9094087,-1162.2419356,0.0347,-0.70625,-0.0347,0.70626;
custom,tube,metal4,5.95,9.1016667,6.05,1,0,0.5,0.85,0.114,0.8,-0.6370908,1142.017512,-1160.937375,0,0,-1,0;
custom,tube,metal4,6.05,2.1397167,5.95,1,0,0.5,0.85,0.114,0.8,1.301967,1177.082426,-1162.3560167,0.0347,0.70626,0.0347,0.70626;
custom,tube,metal4,6.05,2.1397167,5.95,1,0,0.5,0.85,0.114,0.8,1.301967,1185.4542802,-1160.7676868,0.10375,0.69945,0.10375,0.69945;
custom,tube,metal4,6.05,2.1397167,5.95,1,0,0.5,0.85,0.114,0.8,1.301967,1193.3554618,-1157.5767268,0.17181,0.68592,0.17181,0.68592;
custom,tube,metal4,6.05,2.1397167,5.95,1,0,0.5,0.85,0.114,0.8,1.301967,1200.4823472,-1152.9055304,0.23822,0.66577,0.23822,0.66577;
custom,tube,metal4,6.05,2.1397167,5.95,1,0,0.5,0.85,0.114,0.8,1.301967,1206.560874,-1146.9336793,0.30233,0.63922,0.30233,0.63922;
custom,tube,metal4,6.05,2.1397167,5.95,1,0,0.5,0.85,0.114,0.8,1.301967,1211.3576256,-1139.8908946,0.36353,0.60651,0.36353,0.60651;
custom,tube,metal4,6.05,2.1397167,5.95,1,0,0.5,0.85,0.114,0.8,1.301967,1214.6881908,-1132.0474052,0.42122,0.56795,0.42122,0.56795;
custom,tube,metal4,6.05,2.1397167,5.95,1,0,0.5,0.85,0.114,0.8,1.302063,1216.4246172,-1123.7049989,0.47486,0.52393,0.47486,0.52393;
custom,tube,metal4,5.95,8.3166667,6.05,1,0,0.5,0.85,0.114,0.8,0.6371028,1217.7291936,-1087.564152,-0.70711,0,0,0.70711;


custom,tube,bombtex,5.95,1.2333333,5.95,1,0.95,0.95,1,10000,10000,-1.301979,1063.7161452,-1225.709364,0.5,-0.5,-0.5,0.5;
custom,tube,bombtex,5.95,2.1397167,5.95,1,0.9,0.9,1,10000,10000,-1.301943,1063.7161452,-1213.6094856,0.5,-0.5,-0.5,0.5;
custom,tube,bombtex,5.95,2.1397167,5.95,1,0.85,0.85,1,10000,10000,-1.301943,1064.2690518,-1201.5851952,0.47486,-0.52393,-0.47486,0.52393;
custom,tube,bombtex,5.95,2.1397167,5.95,1,0.8,0.8,1,10000,10000,-1.301943,1065.8569685,-1193.2153877,0.42122,-0.56795,-0.42122,0.56795;
custom,tube,bombtex,5.95,2.1397167,5.95,1,0.75,0.75,1,10000,10000,-1.301943,1069.0471272,-1185.3161483,0.36353,-0.60651,-0.36353,0.60651;
custom,tube,bombtex,5.95,2.1397167,5.95,1,0.7,0.7,1,10000,10000,-1.301943,1073.7171562,-1178.1910229,0.30233,-0.63922,-0.30233,0.63922;
custom,tube,bombtex,5.95,2.1397167,5.95,1,0.65,0.65,1,10000,10000,-1.301943,1079.6875213,-1172.1139674,0.23822,-0.66577,-0.23822,0.66577;
custom,tube,bombtex,5.95,2.1397167,5.95,1,0.6,0.6,1,10000,10000,-1.301943,1086.7285668,-1167.3183799,0.17181,-0.68592,-0.17181,0.68592;
custom,tube,bombtex,5.95,2.1397167,5.95,1,0.55,0.55,1,10000,10000,-1.301943,1094.5701202,-1163.9886168,0.10375,-0.69945,-0.10375,0.69945;
custom,tube,bombtex,5.95,2.1397167,5.95,1,0.5,0.5,1,10000,10000,-1.3020303,1102.9104582,-1162.2525905,0.0347,-0.70625,-0.0347,0.70626;
custom,tube,bombtex,5.95,9.1016667,5.95,1,0.45,0.45,1,10000,10000,-0.6370908,1142.017512,-1160.959257,0,0,-1,0;
custom,tube,bombtex,5.95,2.1397167,5.95,1,0.4,0.4,1,10000,10000,1.301967,1177.0813765,-1162.3453619,0.0347,0.70626,0.0347,0.70626;
custom,tube,bombtex,5.95,2.1397167,5.95,1,0.35,0.35,1,10000,10000,1.301967,1185.4511724,-1160.7574415,0.10375,0.69945,0.10375,0.69945;
custom,tube,bombtex,5.95,2.1397167,5.95,1,0.3,0.3,1,10000,10000,1.301967,1193.3504149,-1157.5672846,0.17181,0.68592,0.17181,0.68592;
custom,tube,bombtex,5.95,2.1397167,5.95,1,0.25,0.25,1,10000,10000,1.301967,1200.4755552,-1152.8972544,0.23822,0.66577,0.23822,0.66577;
custom,tube,bombtex,5.95,2.1397167,5.95,1,0.2,0.2,1,10000,10000,1.301967,1206.5525976,-1146.9268873,0.30233,0.63922,0.30233,0.63922;
custom,tube,bombtex,5.95,2.1397167,5.95,1,0.15,0.15,1,10000,10000,1.301967,1211.348184,-1139.8858476,0.36353,0.60651,0.36353,0.60651;
custom,tube,bombtex,5.95,2.1397167,5.95,1,0.1,0.1,1,10000,10000,1.301967,1214.6779452,-1132.0442974,0.42122,0.56795,0.42122,0.56795;
custom,tube,bombtex,5.95,2.1397167,5.95,1,0.05,0.05,1,10000,10000,1.302063,1216.4139624,-1123.7039495,0.47486,0.52393,0.47486,0.52393;
custom,tube,bombtex,5.95,8.3166667,5.95,1,0,0,1,10000,10000,0.6371028,1217.7073116,-1087.564152,-0.70711,0,0,0.70711;

racing,killtube,6,8.3333333,6,0.642456,1217.718252,-1027.561152,-0.70711,0,0,0.70711;
racing,killtube,6,8.3333333,6,0.642456,1217.718252,-967.561152,-0.70711,0,0,0.70711;
racing,killtube,6,8.3333333,6,0.642456,1217.718252,-907.561152,-0.70711,0,0,0.70711;
racing,killtube,6,8.3333333,6,0.642456,1217.718252,-847.561152,-0.70711,0,0,0.70711;
racing,killtube,6,8.3333333,6,0.642456,1217.718252,-787.561152,-0.70711,0,0,0.70711;
racing,killtube,6,8.3333333,6,0.642456,1217.718252,-727.561152,-0.70711,0,0,0.70711;
racing,killtube,6,8.3333333,6,0.642456,1217.718252,-667.561152,-0.70711,0,0,0.70711;
racing,killtube,6,8.3333333,6,0.642456,1217.718252,-607.561152,-0.70711,0,0,0.70711;
racing,killtube,6,8.3333333,6,0.642456,1217.718252,-547.5612,-0.70711,0,0,0.70711;
racing,killtube,6,8.3333333,6,0.642456,1217.718252,-487.5612,-0.70711,0,0,0.70711;
racing,killtube,6,8.3333333,6,0.642456,1217.718252,-427.5612,-0.70711,0,0,0.70711;
racing,killtube,6,8.3333333,6,0.642456,1217.718252,-367.561152,-0.70711,0,0,0.70711;
racing,killtube,6,8.3333333,6,0.642456,1217.718252,-307.561152,-0.70711,0,0,0.70711;
racing,killtube,6,8.3333333,6,0.642456,1217.718072,-247.561152,-0.70711,0,0,0.70711;


custom,killtube,bombtex,6,8.3333333,6,1,0,0,1,0.25,8,0.642456,1217.718252,-1027.561152,-0.70711,0,0,0.70711;
custom,killtube,bombtex,6,8.3333333,6,1,0.15,0,1,0.25,8,0.642456,1217.718252,-967.561152,-0.70711,0,0,0.70711;
custom,killtube,bombtex,6,8.3333333,6,1,0.3,0,1,0.25,8,0.642456,1217.718252,-907.561152,-0.70711,0,0,0.70711;
custom,killtube,bombtex,6,8.3333333,6,1,0.45,0,1,0.25,8,0.642456,1217.718252,-847.561152,-0.70711,0,0,0.70711;
custom,killtube,bombtex,6,8.3333333,6,1,0.6,0,1,0.25,8,0.642456,1217.718252,-787.561152,-0.70711,0,0,0.70711;
custom,killtube,bombtex,6,8.3333333,6,1,0.75,0,1,0.25,8,0.642456,1217.718252,-727.561152,-0.70711,0,0,0.70711;
custom,killtube,bombtex,6,8.3333333,6,1,0.9,0,1,0.25,8,0.642456,1217.718252,-667.561152,-0.70711,0,0,0.70711;
custom,killtube,bombtex,6,8.3333333,6,1,1,0.15,1,0.25,8,0.642456,1217.718252,-607.561152,-0.70711,0,0,0.70711;
custom,killtube,bombtex,6,8.3333333,6,1,1,0.3,1,0.25,8,0.642456,1217.718252,-547.5612,-0.70711,0,0,0.70711;
custom,killtube,bombtex,6,8.3333333,6,1,1,0.45,1,0.25,8,0.642456,1217.718252,-487.5612,-0.70711,0,0,0.70711;
custom,killtube,bombtex,6,8.3333333,6,1,1,0.6,1,0.25,8,0.642456,1217.718252,-427.5612,-0.70711,0,0,0.70711;
custom,killtube,bombtex,6,8.3333333,6,1,1,0.75,1,0.25,8,0.642456,1217.718252,-367.561152,-0.70711,0,0,0.70711;
custom,killtube,bombtex,6,8.3333333,6,1,1,0.9,1,0.25,8,0.642456,1217.718252,-307.561152,-0.70711,0,0,0.70711;
custom,killtube,bombtex,6,8.3333333,6,1,1,1,1,0.25,8,0.642456,1217.718072,-247.561152,-0.70711,0,0,0.70711;
custom,tube,ice1,6,1.3333333,6,1,1,1,1,0.25,8,-1.31292,1215.762948,-214.801152,0.5,-0.5,-0.5,0.5;




























































































custom,cuboid,arena2tex,19.2,2.4,144,1,0,0.5,0.85,2,360,0,1174.405152,1020,0,0,0,1;
custom,cuboid,arena2tex,19.2,2.4,144,1,0,0.5,0.85,2,360,0,1258.405152,1020,0,0,0,1;
custom,cuboid,metal4,2.4,144,10.8,1,1,1,1,0.05,3,-108,1216.405152,1020,0,1,1,0;
custom,cuboid,metal4,2.4,144,10.8,1,1,1,1,0.05,3,108,1216.405152,1020,0,1,1,0;

racing,killcylinder,1.68,12.24,1.68,43.17672,1216.405152,780,-0.70711,0,0,0.70711;
racing,killcylinder,1.68,12.24,1.68,-43.17672,1216.405152,780,-0.70711,0,0,0.70711;
racing,killcylinder,1.68,12.24,1.68,0,1216.405152,540,-0.70711,0,0,0.70711;

custom,cuboid,metal1,1.2,1.2,1.2,1,1,1,1,0.1,0.1,92.35356,1238.005092,420,-0.38268,0,0,0.92388;
custom,cuboid,metal1,1.2,1.2,1.2,1,1,1,1,0.1,0.1,-92.35356,1238.005092,420,-0.38268,0,0,0.92388;
custom,cuboid,metal1,1.2,1.2,1.2,1,1,1,1,0.1,0.1,92.35356,1194.805212,660,-0.38268,0,0,0.92388;
custom,cuboid,metal1,1.2,1.2,1.2,1,1,1,1,0.1,0.1,-92.35356,1194.805212,660,-0.38268,0,0,0.92388;
custom,cuboid,metal1,1.2,1.2,1.2,1,1,1,1,0.1,0.1,92.35356,1238.005092,900,-0.38268,0,0,0.92388;
custom,cuboid,metal1,1.2,1.2,1.2,1,1,1,1,0.1,0.1,-92.35356,1238.005092,900,-0.38268,0,0,0.92388;

custom,cuboid,default,1.26,1.14,1.14,1,0,0,0,0.1,0.1,92.35356,1238.005092,420,-0.38268,0,0,0.92388;
custom,cuboid,default,1.26,1.14,1.14,1,0,0,0,0.1,0.1,-92.35356,1238.005092,420,-0.38268,0,0,0.92388;
custom,cuboid,default,1.26,1.14,1.14,1,0,0,0,0.1,0.1,92.35356,1194.805212,660,-0.38268,0,0,0.92388;
custom,cuboid,default,1.26,1.14,1.14,1,0,0,0,0.1,0.1,-92.35356,1194.805212,660,-0.38268,0,0,0.92388;
custom,cuboid,default,1.26,1.14,1.14,1,0,0,0,0.1,0.1,92.35356,1238.005092,900,-0.38268,0,0,0.92388;
custom,cuboid,default,1.26,1.14,1.14,1,0,0,0,0.1,0.1,-92.35356,1238.005092,900,-0.38268,0,0,0.92388;

custom,cuboid,ice1,0.48,1.823052,0.48,1,1,1,1,0.05,0.2,0,1195.520412,420,0,0,0,1;
custom,cuboid,ice1,0.48,1.823052,0.48,1,1,1,1,0.05,0.2,43.17672,1237.289892,420,0,0,0,1;
custom,cuboid,ice1,0.48,1.823052,0.48,1,1,1,1,0.05,0.2,-43.17672,1237.289892,420,0,0,0,1;
custom,cuboid,metal1,1.2,0.24,1.2,1,1,1,1,0.1,0.02,0,1187.605128,420,0,-0.38268,0,0.92388;
custom,cuboid,metal1,1.2,0.24,1.2,1,1,1,1,0.1,0.02,43.17672,1245.205164,420,0,-0.38268,0,0.92388;
custom,cuboid,metal1,1.2,0.24,1.2,1,1,1,1,0.1,0.02,-43.17672,1245.205164,420,0,-0.38268,0,0.92388;
custom,cuboid,ice1,0.48,1.823052,0.48,1,1,1,1,0.04,0.15192,0,1237.289892,660,1,0,0,0;
custom,cuboid,ice1,0.48,1.823052,0.48,1,1,1,1,0.04,0.15192,43.17672,1195.520412,660,1,0,0,0;
custom,cuboid,ice1,0.48,1.823052,0.48,1,1,1,1,0.04,0.15192,-43.17672,1195.520412,660,1,0,0,0;
custom,cuboid,metal1,1.2,0.24,1.2,1,1,1,1,0.1,0.02,0,1245.205164,660,0.92388,0,-0.38268,0;
custom,cuboid,metal1,1.2,0.24,1.2,1,1,1,1,0.1,0.02,43.17672,1187.605128,660,0.92388,0,-0.38268,0;
custom,cuboid,metal1,1.2,0.24,1.2,1,1,1,1,0.1,0.02,-43.17672,1187.605128,660,0.92388,0,-0.38268,0;
custom,cuboid,ice1,0.48,1.823052,0.48,1,1,1,1,0.04,0.15192,0,1195.520412,900,0,0,0,1;
custom,cuboid,ice1,0.48,1.823052,0.48,1,1,1,1,0.04,0.15192,43.17672,1237.289892,900,0,0,0,1;
custom,cuboid,ice1,0.48,1.823052,0.48,1,1,1,1,0.04,0.15192,-43.17672,1237.289892,900,0,0,0,1;
custom,cuboid,metal1,1.2,0.24,1.2,1,1,1,1,0.1,0.02,0,1187.605128,900,0,-0.38268,0,0.92388;
custom,cuboid,metal1,1.2,0.24,1.2,1,1,1,1,0.1,0.02,43.17672,1245.205164,900,0,-0.38268,0,0.92388;
custom,cuboid,metal1,1.2,0.24,1.2,1,1,1,1,0.1,0.02,-43.17672,1245.205164,900,0,-0.38268,0,0.92388;

custom,cuboid,metal1,1.14,0.3,1.14,1,0,0,0,0,0,0,1187.605128,420,0,-0.38268,0,0.92388;
custom,cuboid,metal1,1.14,0.3,1.14,1,0,0,0,0,0,43.17672,1245.205164,420,0,-0.38268,0,0.92388;
custom,cuboid,metal1,1.14,0.3,1.14,1,0,0,0,0,0,-43.17672,1245.205164,420,0,-0.38268,0,0.92388;
custom,cuboid,metal1,1.14,0.3,1.14,1,0,0,0,0,0,0,1245.205164,660,0.92388,0,-0.38268,0;
custom,cuboid,metal1,1.14,0.3,1.14,1,0,0,0,0,0,43.17672,1187.605128,660,0.92388,0,-0.38268,0;
custom,cuboid,metal1,1.14,0.3,1.14,1,0,0,0,0,0,-43.17672,1187.605128,660,0.92388,0,-0.38268,0;
custom,cuboid,metal1,1.14,0.3,1.14,1,0,0,0,0,0,0,1187.605128,900,0,-0.38268,0,0.92388;
custom,cuboid,metal1,1.14,0.3,1.14,1,0,0,0,0,0,43.17672,1245.205164,900,0,-0.38268,0,0.92388;
custom,cuboid,metal1,1.14,0.3,1.14,1,0,0,0,0,0,-43.17672,1245.205164,900,0,-0.38268,0,0.92388;


custom,arc180,metal2,2.4,0.96,2.4,1,1,1,1,0.2,0.5,0.46056,1228.4136852,420.1056,-0.5,0.5,-0.5,0.5;
custom,arc180,metal2,2.4,0.96,2.4,1,1,1,1,0.2,0.5,42.71622,1204.3966188,420.1056,-0.5,-0.5,0.5,0.5;
custom,arc180,metal2,2.4,0.96,2.4,1,1,1,1,0.2,0.5,-43.637328,1204.3966188,420.1056,-0.5,-0.5,0.5,0.5;
custom,arc180,metal2,2.4,0.96,2.4,1,1,1,1,0.2,0.5,-85.892988,1228.4136852,420.1056,-0.5,0.5,-0.5,0.5;
custom,arc180,metal2,2.4,0.96,2.4,1,1,1,1,0.2,0.5,86.814108,1228.4136852,420.1056,-0.5,0.5,-0.5,0.5;
custom,arc180,metal2,2.4,0.96,2.4,1,1,1,1,0.2,0.5,0.46056,1204.3966188,659.8944,0.5,0.5,0.5,0.5;
custom,arc180,metal2,2.4,0.96,2.4,1,1,1,1,0.2,0.5,42.71622,1228.4136852,659.8944,0.5,-0.5,-0.5,0.5;
custom,arc180,metal2,2.4,0.96,2.4,1,1,1,1,0.2,0.5,-43.637328,1228.4136852,659.8944,0.5,-0.5,-0.5,0.5;
custom,arc180,metal2,2.4,0.96,2.4,1,1,1,1,0.2,0.5,-85.892988,1204.3966188,659.8944,0.5,0.5,0.5,0.5;
custom,arc180,metal2,2.4,0.96,2.4,1,1,1,1,0.2,0.5,86.814108,1204.3966188,659.8944,0.5,0.5,0.5,0.5;
custom,arc180,metal2,2.4,0.96,2.4,1,1,1,1,0.2,0.5,0.46056,1228.4136852,900.1056,-0.5,0.5,-0.5,0.5;
custom,arc180,metal2,2.4,0.96,2.4,1,1,1,1,0.2,0.5,42.71622,1204.3966188,900.1056,-0.5,-0.5,0.5,0.5;
custom,arc180,metal2,2.4,0.96,2.4,1,1,1,1,0.2,0.5,-43.637328,1204.3966188,900.1056,-0.5,-0.5,0.5,0.5;
custom,arc180,metal2,2.4,0.96,2.4,1,1,1,1,0.2,0.5,-85.892988,1228.4136852,900.1056,-0.5,0.5,-0.5,0.5;
custom,arc180,metal2,2.4,0.96,2.4,1,1,1,1,0.2,0.5,86.814108,1228.4136852,900.1056,-0.5,0.5,-0.5,0.5;


custom,tube,ice1,2,0.6666667,2,1,1,1,1,1,1,0.214128,1216.842792,420.12,-0.70711,0,0,0.70711;
custom,tube,ice1,2,0.6666667,2,1,1,1,1,1,1,43.390848,1216.842792,420.12,-0.70711,0,0,0.70711;
custom,tube,ice1,2,0.6666667,2,1,1,1,1,1,1,-42.962592,1216.842792,420.12,-0.70711,0,0,0.70711;
custom,tube,ice1,2,0.6666667,2,1,1,1,1,1,1,0.214128,1215.967512,659.88,0.70711,0,0,0.70711;
custom,tube,ice1,2,0.6666667,2,1,1,1,1,1,1,43.390848,1215.967512,659.88,0.70711,0,0,0.70711;
custom,tube,ice1,2,0.6666667,2,1,1,1,1,1,1,-42.962592,1215.967512,659.88,0.70711,0,0,0.70711;
custom,tube,ice1,2,0.6666667,2,1,1,1,1,1,1,0.214128,1216.842792,900.12,-0.70711,0,0,0.70711;
custom,tube,ice1,2,0.6666667,2,1,1,1,1,1,1,43.390848,1216.842792,900.12,-0.70711,0,0,0.70711;
custom,tube,ice1,2,0.6666667,2,1,1,1,1,1,1,-42.962592,1216.842792,900.12,-0.70711,0,0,0.70711;


custom,tube,empty,1.95,0.5833333,1.95,1,0,0,0,1,1,0.2087748,1216.8318516,420.105,-0.70711,0,0,0.70711;
custom,tube,empty,1.95,0.5833333,1.95,1,0,0,0,1,1,43.3854948,1216.8318516,420.105,-0.70711,0,0,0.70711;
custom,tube,empty,1.95,0.5833333,1.95,1,0,0,0,1,1,-42.9679452,1216.8318516,420.105,-0.70711,0,0,0.70711;
custom,tube,empty,1.95,0.5833333,1.95,1,0,0,0,1,1,0.2087748,1215.9784536,659.895,0.70711,0,0,0.70711;
custom,tube,empty,1.95,0.5833333,1.95,1,0,0,0,1,1,43.3854948,1215.9784536,659.895,0.70711,0,0,0.70711;
custom,tube,empty,1.95,0.5833333,1.95,1,0,0,0,1,1,-42.9679452,1215.9784536,659.895,0.70711,0,0,0.70711;
custom,tube,empty,1.95,0.5833333,1.95,1,0,0,0,1,1,0.2087748,1216.8318516,900.105,-0.70711,0,0,0.70711;
custom,tube,empty,1.95,0.5833333,1.95,1,0,0,0,1,1,43.3854948,1216.8318516,900.105,-0.70711,0,0,0.70711;
custom,tube,empty,1.95,0.5833333,1.95,1,0,0,0,1,1,-42.9679452,1216.8318516,900.105,-0.70711,0,0,0.70711;


custom,tube,empty,2.1,0.75,2.1,1,0,0,0,1,1,0.2248344,1216.864674,420.135,-0.70711,0,0,0.70711;
custom,tube,empty,2.1,0.75,2.1,1,0,0,0,1,1,43.4015544,1216.864674,420.135,-0.70711,0,0,0.70711;
custom,tube,empty,2.1,0.75,2.1,1,0,0,0,1,1,-42.9518856,1216.864674,420.135,-0.70711,0,0,0.70711;
custom,tube,empty,2.1,0.75,2.1,1,0,0,0,1,1,0.2248344,1215.94563,659.865,0.70711,0,0,0.70711;
custom,tube,empty,2.1,0.75,2.1,1,0,0,0,1,1,43.4015544,1215.94563,659.865,0.70711,0,0,0.70711;
custom,tube,empty,2.1,0.75,2.1,1,0,0,0,1,1,-42.9518856,1215.94563,659.865,0.70711,0,0,0.70711;
custom,tube,empty,2.1,0.75,2.1,1,0,0,0,1,1,0.2248344,1216.864674,900.135,-0.70711,0,0,0.70711;
custom,tube,empty,2.1,0.75,2.1,1,0,0,0,1,1,43.4015544,1216.864674,900.135,-0.70711,0,0,0.70711;
custom,tube,empty,2.1,0.75,2.1,1,0,0,0,1,1,-42.9518856,1216.864674,900.135,-0.70711,0,0,0.70711;

custom,cuboid,arena2tex,19.2,1.2,18,1,0.2,1,1,4,48,0,1192.405152,1470,0,0,0,1;
custom,cuboid,arena2tex,19.2,2.4,18,1,1,0.5,0,4,48,0,1198.405152,1650,0,0,0,1;
custom,cuboid,arena2tex,19.2,1.2,18,1,0.2,1,1,4,48,0,1240.405152,1470,0,0,1,0;
custom,cuboid,arena2tex,19.2,2.4,18,1,1,0.5,0,4,48,0,1234.405152,1650,0,0,1,0;

custom,prism,arena2tex,6,19.2,1.3856472,1,0.2,1,1,6,96,-3.84,1191.995562,1379.46306,0.5,-0.5,0.5,0.5;
custom,prism,arena2tex,6,19.2,1.3856472,1,0.2,1,1,6,96,3.84,1240.814742,1379.46306,-0.5,-0.5,-0.5,0.5;

custom,prism,arena2tex,12,19.2,2.7712944,1,1,0.5,0,12,96,-3.84,1197.585972,1558.92612,0.5,-0.5,0.5,0.5;
custom,prism,arena2tex,12,19.2,2.7712944,1,1,0.5,0,12,96,3.84,1235.224332,1558.92612,-0.5,-0.5,-0.5,0.5;

custom,prism,metal4,6,6,69.28236,1,1,1,1,1.5,0.05,5.46306,1217.605152,1460.4795,0,0,0,1;
custom,prism,metal4,6,6,69.28236,1,1,1,1,1.5,0.05,-6.53694,1217.605152,1460.4795,0,0,0,1;


racing,killprism,12.12,19.2,2.9098591,-3.84,1197.545013,1558.9153812,0.5,-0.5,0.5,0.5;
racing,killprism,12.12,19.2,2.9098591,3.84,1235.2652916,1558.9153812,-0.5,-0.5,-0.5,0.5;
racing,killcuboid,19.2,2.52,18,0,1234.405152,1650,0,0,1,0;
racing,killcuboid,19.2,2.52,18,0,1198.405152,1650,0,0,0,1;



racing,killcuboid,19.2,1.32,18,0,1240.405152,1470,0,0,1,0;
racing,killcuboid,19.2,1.32,18,0,1192.405152,1470,0,0,0,1;

custom,cuboid,metal1,3.6,0.6,3.6,1,1,1,1,0.3,0.05,48,1189.405152,1140,0,-0.38268,0,0.92388;
custom,cuboid,ice1,0.6,6,0.6,1,1,1,1,0.05,0.5,48,1216.405152,1140,0,-0.38268,0,0.92388;
custom,cuboid,metal1,3.6,0.6,3.6,1,1,1,1,0.3,0.05,48,1243.405152,1140,0,-0.38268,0,0.92388;
custom,cuboid,metal1,3.6,0.6,3.6,1,1,1,1,0.3,0.05,-48,1189.405152,1140,0,-0.38268,0,0.92388;
custom,cuboid,ice1,0.6,6,0.6,1,1,1,1,0.05,0.5,-48,1216.405152,1140,0,-0.38268,0,0.92388;
custom,cuboid,metal1,3.6,0.6,3.6,1,1,1,1,0.3,0.05,-48,1243.405152,1140,0,-0.38268,0,0.92388;

racing,killcuboid,2.4,6,48,-108,1216.405152,1980,0,0,0,1;
racing,killcuboid,2.4,6,48,108,1216.405152,1980,0,0,0,1;
racing,killcuboid,2.4,6,48,24,1216.405152,1980,0,0,0,1;
racing,killcuboid,2.4,6,48,-24,1216.405152,1980,0,0,0,1;
racing,killcuboid,6,2.4,48,-66,1258.405152,1980,0,0,0,1;
racing,killcuboid,6,2.4,48,66,1258.405152,1980,0,0,0,1;
racing,killcuboid,6,2.4,48,-66,1174.405152,1980,0,0,0,1;
racing,killcuboid,6,2.4,48,66,1174.405152,1980,0,0,0,1;
racing,killcuboid,3,3,0.96,66,1246.405152,2340,0,0,-0.38268,0.92388;
racing,killcuboid,3,3,0.96,66,1186.405152,2340,0,0,-0.38268,0.92388;
racing,killcuboid,3,3,0.96,96,1216.405152,2340,0,0,-0.92388,0.38268;
racing,killcuboid,3,3,0.96,36,1216.405152,2340,0,0,-0.92388,0.38268;
racing,killcuboid,0.96,6,0.96,40.8,1216.405152,2340,0,0,0,1;
racing,killcuboid,0.96,6,0.96,91.2,1216.405152,2340,0,0,0,1;
racing,killcuboid,0.96,6,0.96,66,1241.605128,2340,0,0,-0.70711,0.70711;
racing,killcuboid,0.96,6,0.96,66,1191.205164,2340,0,0,-0.70711,0.70711;
racing,killcuboid,3,3,0.96,-66,1246.405152,2340,0,0,-0.38268,0.92388;
racing,killcuboid,3,3,0.96,-66,1186.405152,2340,0,0,-0.38268,0.92388;
racing,killcuboid,3,3,0.96,-36,1216.405152,2340,0,0,-0.92388,0.38268;
racing,killcuboid,3,3,0.96,-96,1216.405152,2340,0,0,-0.92388,0.38268;
racing,killcuboid,0.96,6,0.96,-91.2,1216.405152,2340,0,0,0,1;
racing,killcuboid,0.96,6,0.96,-40.8,1216.405152,2340,0,0,0,1;
racing,killcuboid,0.96,6,0.96,-66,1241.605128,2340,0,0,-0.70711,0.70711;
racing,killcuboid,0.96,6,0.96,-66,1191.205164,2340,0,0,-0.70711,0.70711;
racing,killcuboid,2.4,6,36,24,1216.405152,2400,0,0,0,1;
racing,killcuboid,2.4,6,36,-24,1216.405152,2400,0,0,0,1;
racing,killcuboid,2.4,6,24.11976,12.000612,1216.405152,2698.794432,0,-0.05006,0,0.99875;
racing,killcuboid,2.4,6,24.11976,-12.000624,1216.405152,2698.794432,0,0.05006,0,0.99875;
racing,killcuboid,2.4,6,66.122196,75,1216.405152,2907.754032,0,-0.05006,0,0.99875;
racing,killcuboid,2.4,6,66.122256,-75,1216.405152,2907.754392,0,0.05006,0,0.99875;


custom,cuboid,empty,0.24,0.24,48,1,0.3,0.5,1,0.02,0.02,96,1246.405152,1980,0,0,0,1;
custom,cuboid,empty,0.24,0.24,48,1,0.3,0.5,1,0.02,0.02,36,1246.405152,1980,0,0,0,1;
custom,cuboid,empty,0.24,0.24,48,1,0.3,0.5,1,0.02,0.02,96,1186.405152,1980,0,0,0,1;
custom,cuboid,empty,0.24,0.24,48,1,0.3,0.5,1,0.02,0.02,36,1186.405152,1980,0,0,0,1;
custom,cuboid,empty,0.24,0.24,48,1,0.3,0.5,1,0.02,0.02,-36,1246.405152,1980,0,0,0,1;
custom,cuboid,empty,0.24,0.24,48,1,0.3,0.5,1,0.02,0.02,-96,1246.405152,1980,0,0,0,1;
custom,cuboid,empty,0.24,0.24,48,1,0.3,0.5,1,0.02,0.02,-36,1186.405152,1980,0,0,0,1;
custom,cuboid,empty,0.24,0.24,48,1,0.3,0.5,1,0.02,0.02,-96,1186.405152,1980,0,0,0,1;
custom,cuboid,empty,6.24,0.24,0.24,1,0.3,0.5,1,0.52,0.02,-66,1246.405152,2220,0,0,0,1;
custom,cuboid,empty,6.24,0.24,0.24,1,0.3,0.5,1,0.52,0.02,-66,1186.405152,2220,0,0,0,1;
custom,cuboid,empty,6.24,0.24,0.24,1,0.3,0.5,1,0.52,0.02,66,1186.405152,2220,0,0,0,1;
custom,cuboid,empty,6.24,0.24,0.24,1,0.3,0.5,1,0.52,0.02,66,1246.405152,2220,0,0,0,1;
custom,cuboid,empty,6.24,0.24,0.24,1,0.3,0.5,1,0.52,0.02,36,1216.405152,2220,0,0,-0.70711,0.70711;
custom,cuboid,empty,6.24,0.24,0.24,1,0.3,0.5,1,0.52,0.02,96,1216.405152,2220,0,0,-0.70711,0.70711;
custom,cuboid,empty,6.24,0.24,0.24,1,0.3,0.5,1,0.52,0.02,-96,1216.405152,2220,0,0,-0.70711,0.70711;
custom,cuboid,empty,6.24,0.24,0.24,1,0.3,0.5,1,0.52,0.02,-36,1216.405152,2220,0,0,-0.70711,0.70711;
custom,cuboid,empty,6.24,0.24,0.24,1,0.3,0.5,1,0.52,0.02,-66,1246.405152,1740,0,0,0,1;
custom,cuboid,empty,6.24,0.24,0.24,1,0.3,0.5,1,0.52,0.02,-66,1186.405152,1740,0,0,0,1;
custom,cuboid,empty,6.24,0.24,0.24,1,0.3,0.5,1,0.52,0.02,66,1186.405152,1740,0,0,0,1;
custom,cuboid,empty,6.24,0.24,0.24,1,0.3,0.5,1,0.52,0.02,66,1246.405152,1740,0,0,0,1;
custom,cuboid,empty,6.24,0.24,0.24,1,0.3,0.5,1,0.52,0.02,36,1216.405152,1740,0,0,-0.70711,0.70711;
custom,cuboid,empty,6.24,0.24,0.24,1,0.3,0.5,1,0.52,0.02,96,1216.405152,1740,0,0,-0.70711,0.70711;
custom,cuboid,empty,6.24,0.24,0.24,1,0.3,0.5,1,0.52,0.02,-96,1216.405152,1740,0,0,-0.70711,0.70711;
custom,cuboid,empty,6.24,0.24,0.24,1,0.3,0.5,1,0.52,0.02,-36,1216.405152,1740,0,0,-0.70711,0.70711;



custom,cuboid,rock2tex,6,2.4,36,1,0.3,0.5,1,1,6,-66,1258.405152,2400,0,0,0,1;
custom,cuboid,rock2tex,6,2.4,36,1,0.3,0.5,1,1,6,66,1258.405152,2400,0,0,0,1;
custom,cuboid,metal4,2.4,10.8,36,1,1,1,1,0.2,0.05,108,1216.405152,2400,0,0,0,1;
custom,cuboid,metal4,2.4,10.8,36,1,1,1,1,0.2,0.05,-108,1216.405152,2400,0,0,0,1;
custom,cuboid,gatemat,6,2.4,36,1,1,1,1,0.42,0.38,-66,1174.405152,2400,0,0,0,1;
custom,cuboid,gatemat,6,2.4,36,1,1,1,1,0.42,0.38,66,1174.405152,2400,0,0,0,1;

custom,cuboid,empty,6.12,2.28,36.12,1,0,0,0,0,0,-66,1258.405152,2400,0,0,0,1;
custom,cuboid,empty,6.12,2.28,36.12,1,0,0,0,0,0,66,1258.405152,2400,0,0,0,1;
custom,cuboid,empty,2.28,10.68,36.12,1,0,0,0,0,0,108,1216.405152,2400,0,0,0,1;
custom,cuboid,empty,2.28,10.68,36.12,1,0,0,0,0,0,-108,1216.405152,2400,0,0,0,1;
custom,cuboid,empty,6.12,2.28,36.12,1,0,0,0,0,0,-66,1174.405152,2400,0,0,0,1;
custom,cuboid,empty,6.12,2.28,36.12,1,0,0,0,0,0,66,1174.405152,2400,0,0,0,1;

custom,cuboid,empty,2.46,2.46,2.46,1,0,0.2,0.4,1,1,108,1258.405152,2208,0,0,0,1;
custom,cuboid,empty,2.46,2.46,2.46,1,0,0.2,0.4,1,1,24,1258.405152,2208,0,0,0,1;
custom,cuboid,empty,2.46,2.46,2.46,1,0,0.2,0.4,1,1,-108,1258.405152,2208,0,0,0,1;
custom,cuboid,empty,2.46,2.46,2.46,1,0,0.2,0.4,1,1,-24,1258.405152,2208,0,0,0,1;
custom,cuboid,empty,2.46,2.46,2.46,1,0,0.2,0.4,1,1,108,1174.405152,2208,0,0,0,1;
custom,cuboid,empty,2.46,2.46,2.46,1,0,0.2,0.4,1,1,24,1174.405152,2208,0,0,0,1;
custom,cuboid,empty,2.46,2.46,2.46,1,0,0.2,0.4,1,1,-108,1174.405152,2208,0,0,0,1;
custom,cuboid,empty,2.46,2.46,2.46,1,0,0.2,0.4,1,1,-24,1174.405152,2208,0,0,0,1;

custom,cuboid,rock2tex,6,2.46,41.55084,1,0.3,0.5,1,0.2,1.4,0,1258.405152,3027.754392,0,0,0,1;
custom,cuboid,metal4,6,2.46,41.55084,1,1,1,1,0.05,0.05,0,1174.405152,3027.754392,0,0,0,1;
custom,cuboid,rock2tex,6,2.4,24.719664,1,0.3,0.5,1,0.2,0.8,-53.7909,1258.405152,2699.97876,0,0.05006,0,0.99875;
custom,cuboid,rock2tex,6,2.4,24.719664,1,0.3,0.5,1,0.2,0.8,53.7909,1258.405152,2699.97876,0,-0.05006,0,0.99875;
custom,cuboid,Church_Texture_Red,6,2.4,24.719664,1,1,1,1,0.47,0.4,-53.7909,1174.405152,2699.97876,0.05,0,1,0;
custom,cuboid,Church_Texture_Red,6,2.4,24.719664,1,1,1,1,0.47,0.4,53.7909,1174.405152,2699.97876,-0.05,0,1,0;

custom,cuboid,empty,6.12,2.28,41.67084,1,0,0,0,0,0,0,1258.405152,3027.754392,0,0,0,1;
custom,cuboid,empty,6.12,2.28,41.67084,1,0,0,0,0,0,0,1174.405152,3027.754392,0,0,0,1;
custom,cuboid,empty,6.12,2.28,24.839664,1,0,0,0,0,0,-53.7909,1258.405152,2699.97876,0,0.05006,0,0.99875;
custom,cuboid,empty,6.12,2.28,24.839664,1,0,0,0,0,0,53.7909,1258.405152,2699.97876,0,-0.05006,0,0.99875;
custom,cuboid,empty,6.12,2.28,24.839664,1,0,0,0,0,0,-53.7909,1174.405152,2699.97876,0.05,0,1,0;
custom,cuboid,empty,6.12,2.28,24.839664,1,0,0,0,0,0,53.7909,1174.405152,2699.97876,-0.05,0,1,0;



custom,cuboid,ice1,6,2.4,6.44916,1,1,1,1,0.5,0.2,0,1258.405152,3267.754392,0,0,0,1;
custom,cuboid,ice1,6,2.4,6.44916,1,1,1,1,0.5,0.2,0,1174.405152,3267.754392,0,0,0,1;
custom,cuboid,ice1,2.4,10.8,6.44916,1,1,1,1,0.2,0.9,-42,1216.405152,3267.754392,0,0,0,1;
custom,cuboid,ice1,2.4,10.8,6.44916,1,1,1,1,0.2,0.9,42,1216.405152,3267.754392,0,0,0,1;
custom,cuboid,empty,6.12,2.28,6.56916,1,0,0.1,0.3,0.5,0.2,0,1258.405152,3267.754392,0,0,0,1;
custom,cuboid,empty,6.12,2.28,6.56916,1,0,0.1,0.3,0.5,0.2,0,1174.405152,3267.754392,0,0,0,1;
custom,cuboid,empty,2.28,10.68,6.56916,1,0,0.1,0.3,0.2,0.9,-42,1216.405152,3267.754392,0,0,0,1;
custom,cuboid,empty,2.28,10.68,6.56916,1,0,0.1,0.3,0.2,0.9,42,1216.405152,3267.754392,0,0,0,1;

custom,cuboid,empty,2.46,2.46,2.46,1,0,0.1,0.3,0.2,0.2,42,1258.405152,3223.508424,0,0,0,1;
custom,cuboid,empty,2.46,2.46,2.46,1,0,0.1,0.3,0.2,0.2,-42,1258.405152,3223.508424,0,0,0,1;
custom,cuboid,empty,2.46,2.46,2.46,1,0,0.1,0.3,0.2,0.2,42,1174.405152,3223.508424,0,0,0,1;
custom,cuboid,empty,2.46,2.46,2.46,1,0,0.1,0.3,0.2,0.2,-42,1174.405152,3223.508424,0,0,0,1;


custom,cuboid,empty,2.52,10.92,1.2,1,0,0,0,1,1,-108,1216.405152,2340,0,0,0,1;
custom,cuboid,empty,2.52,10.92,1.2,1,0,0,0,1,1,-66,1174.405152,2340,0,0,-0.70711,0.70711;
custom,cuboid,empty,2.52,10.92,1.2,1,0,0,0,1,1,-66,1258.405152,2340,0,0,-0.70711,0.70711;
custom,cuboid,empty,2.52,10.92,1.2,1,0,0,0,1,1,108,1216.405152,2340,0,0,0,1;

custom,cuboid,empty,2.52,10.92,1.2,1,0,0,0,1,1,66,1174.405152,2340,0,0,-0.70711,0.70711;
custom,cuboid,empty,2.52,10.92,1.2,1,0,0,0,1,1,66,1258.405152,2340,0,0,-0.70711,0.70711;

custom,cuboid,ice1,7.2,0.6,0.6,1,1,1,1,0.6,0.05,0,1180.405152,2520,0,0,0,1;
custom,cuboid,ice1,7.2,0.6,0.6,1,1,1,1,0.6,0.05,0,1252.405152,2520,0,0,0,1;

custom,killcylinder,empty,2.376192,0.66,2.376192,1,0,0,0,0,0,0,1252.405152,2820,0,0,0,1;
custom,killcylinder,empty,2.376192,0.66,2.376192,1,0,0,0,0,0,0,1180.405152,2820,0,0,0,1;
racing,killcylinder,2.376192,3,2.376192,0,1216.405152,2820,0,0,0,1;

custom,arc180,ice1,2.4,2.4,2.4,1,1,1,1,1,1,66.46056,1206.8137452,2340.264,-0.5,0.5,-0.5,0.5;
custom,arc180,ice1,2.4,2.4,2.4,1,1,1,1,1,1,56.4085332,1215.944592,2340.264,0,0.70711,-0.70711,0;
custom,arc180,ice1,2.4,2.4,2.4,1,1,1,1,1,1,65.53944,1225.9965588,2340.264,-0.5,-0.5,0.5,0.5;
custom,arc180,ice1,2.4,2.4,2.4,1,1,1,1,1,1,75.5914669,1216.865712,2340.264,-0.70711,0,0,0.70711;
custom,arc180,ice1,2.4,2.4,2.4,1,1,1,1,1,1,-65.53944,1206.8137452,2340.264,-0.5,0.5,-0.5,0.5;
custom,arc180,ice1,2.4,2.4,2.4,1,1,1,1,1,1,-75.5914668,1215.944592,2340.264,0,0.70711,-0.70711,0;
custom,arc180,ice1,2.4,2.4,2.4,1,1,1,1,1,1,-66.46056,1225.9965588,2340.264,-0.5,-0.5,0.5,0.5;
custom,arc180,ice1,2.4,2.4,2.4,1,1,1,1,1,1,-56.4085331,1216.865712,2340.264,-0.70711,0,0,0.70711;
custom,arc180,empty,2.34,2.28,2.37,1,0,0,0,1,1,66.454803,1206.8135316,2340.2508,-0.5,0.5,-0.5,0.5;
custom,arc180,empty,2.34,2.28,2.37,1,0,0,0,1,1,56.4083199,1215.9503484,2340.2508,0,0.70711,-0.70711,0;
custom,arc180,empty,2.34,2.28,2.37,1,0,0,0,1,1,65.545197,1225.9967724,2340.2508,-0.5,-0.5,0.5,0.5;
custom,arc180,empty,2.34,2.28,2.37,1,0,0,0,1,1,75.5916802,1216.8599556,2340.2508,-0.70711,0,0,0.70711;
custom,arc180,empty,2.34,2.28,2.37,1,0,0,0,1,1,-65.545197,1206.8135316,2340.2508,-0.5,0.5,-0.5,0.5;
custom,arc180,empty,2.34,2.28,2.37,1,0,0,0,1,1,-75.5916801,1215.9503484,2340.2508,0,0.70711,-0.70711,0;
custom,arc180,empty,2.34,2.28,2.37,1,0,0,0,1,1,-66.454803,1225.9967724,2340.2508,-0.5,-0.5,0.5,0.5;
custom,arc180,empty,2.34,2.28,2.37,1,0,0,0,1,1,-56.4083198,1216.8599556,2340.2508,-0.70711,0,0,0.70711;

custom,cylinder,ice1,1.2,3,1.2,1,1,1,1,0.1,0.5,0,1216.405152,1140,0,0,0,1;

custom,cylinder,ice1,0.48,0.6,0.48,1,1,1,1,0.04,0.1,44.4,1238.005092,2340,-0.70711,0,0,0.70711;
custom,cylinder,ice1,0.48,0.6,0.48,1,1,1,1,0.04,0.1,87.6,1238.005092,2340,-0.70711,0,0,0.70711;
custom,cylinder,ice1,0.48,0.6,0.48,1,1,1,1,0.04,0.1,44.4,1194.805212,2340,-0.70711,0,0,0.70711;
custom,cylinder,ice1,0.48,0.6,0.48,1,1,1,1,0.04,0.1,87.6,1194.805212,2340,-0.70711,0,0,0.70711;
custom,cylinder,ice1,0.48,0.6,0.48,1,1,1,1,0.04,0.1,-87.6,1238.005092,2340,-0.70711,0,0,0.70711;
custom,cylinder,ice1,0.48,0.6,0.48,1,1,1,1,0.04,0.1,-44.4,1238.005092,2340,-0.70711,0,0,0.70711;
custom,cylinder,ice1,0.48,0.6,0.48,1,1,1,1,0.04,0.1,-87.6,1194.805212,2340,-0.70711,0,0,0.70711;
custom,cylinder,ice1,0.48,0.6,0.48,1,1,1,1,0.04,0.1,-44.4,1194.805212,2340,-0.70711,0,0,0.70711;

custom,cylinder,ice1,2.4,3,2.4,1,1,1,1,0.2,0.5,0,1216.405152,2520,0,0,0,1;
custom,cylinder,ice1,2.4,3,2.4,1,1,1,1,0.2,0.5,-96,1216.405152,3000,0,0,0,1;
custom,cylinder,ice1,2.4,3,2.4,1,1,1,1,0.2,0.5,96,1216.405152,3000,0,0,0,1;

custom,cylinder,cannonregionmat,2.52,3,2.52,1,1,1,1,0.2,0.5,0,1216.405152,2520,0,0,0,1;
custom,cylinder,cannonregionmat,2.52,3,2.52,1,1,1,1,0.2,0.5,-96,1216.405152,3000,0,0,0,1;
custom,cylinder,cannonregionmat,2.52,3,2.52,1,1,1,1,0.2,0.5,96,1216.405152,3000,0,0,0,1;

custom,cylinder,metal1,3.6,0.6,3.6,1,1,1,1,0.3,0.1,0,1252.405152,2520,0,0,0,1;
custom,cylinder,metal1,3.6,0.6,3.6,1,1,1,1,0.3,0.1,0,1180.405152,2520,0,0,0,1;
custom,cylinder,metal1,3.6,0.6,3.6,1,1,1,1,0.3,0.1,-96,1252.405152,3000,0,0,0,1;
custom,cylinder,metal1,3.6,0.6,3.6,1,1,1,1,0.3,0.1,-96,1180.405152,3000,0,0,0,1;
custom,cylinder,metal1,3.6,0.6,3.6,1,1,1,1,0.3,0.1,96,1252.405152,3000,0,0,0,1;
custom,cylinder,metal1,3.6,0.6,3.6,1,1,1,1,0.3,0.1,96,1180.405152,3000,0,0,0,1;

custom,cylinder,metal1,3.54,0.63,3.54,1,0,0,0,0.3,0.1,0,1252.405152,2520,0,0,0,1;
custom,cylinder,metal1,3.54,0.63,3.54,1,0,0,0,0.3,0.1,0,1180.405152,2520,0,0,0,1;
custom,cylinder,metal1,3.54,0.63,3.54,1,0,0,0,0.3,0.1,-96,1252.405152,3000,0,0,0,1;
custom,cylinder,metal1,3.54,0.63,3.54,1,0,0,0,0.3,0.1,-96,1180.405152,3000,0,0,0,1;
custom,cylinder,metal1,3.54,0.63,3.54,1,0,0,0,0.3,0.1,96,1252.405152,3000,0,0,0,1;
custom,cylinder,metal1,3.54,0.63,3.54,1,0,0,0,0.3,0.1,96,1180.405152,3000,0,0,0,1;

custom,prism,rock2tex,8.4,2.4,47.9790042,1,0.3,0.5,1,0.2,1,30.751764,1258.885152,3013.5720516,0,-1,0,0;
custom,prism,rock2tex,8.4,2.4,47.9790042,1,0.3,0.5,1,0.2,1,-29.248236,1258.885152,3013.5720516,0,-1,0,0;
custom,prism,metal4,8.4,2.4,47.9790042,1,1,1,1,0.05,0.05,30.751764,1174.885152,3013.5720516,0,-1,0,0;
custom,prism,metal4,8.4,2.4,47.9790042,1,1,1,1,0.05,0.05,-29.248236,1174.885152,3013.5720516,0,-1,0,0;


custom,pyramid,metal2,2,0.6666667,2,1,1,1,1,0.2,0.1,48,1198.405152,1140,0,-0.38268,0,0.92388;
custom,pyramid,metal4,1.3333333,1.3333333,1.3333333,1,1,1,1,0.2,0.05,48,1204.405152,1140,0,-0.38268,0,0.92388;
custom,pyramid,metal2,2,0.6666667,2,1,1,1,1,0.2,0.1,48,1234.405152,1140,-0.38268,0,0.92388,0;
custom,pyramid,metal4,1.3333333,1.3333333,1.3333333,1,1,1,1,0.2,0.05,48,1228.405152,1140,-0.38268,0,0.92388,0;
custom,pyramid,metal2,2,0.6666667,2,1,1,1,1,0.2,0.1,-48,1198.405152,1140,0,-0.38268,0,0.92388;
custom,pyramid,metal4,1.3333333,1.3333333,1.3333333,1,1,1,1,0.2,0.05,-48,1204.405152,1140,0,-0.38268,0,0.92388;
custom,pyramid,metal2,2,0.6666667,2,1,1,1,1,0.2,0.1,-48,1234.405152,1140,-0.38268,0,0.92388,0;
custom,pyramid,metal4,1.3333333,1.3333333,1.3333333,1,1,1,1,0.2,0.05,-48,1228.405152,1140,-0.38268,0,0.92388,0;





racing,endcuboid,6,6,6,0,1216.404,3270,0,1,0,0;




custom,cuboid,medievalartilleryassets_texture-psd,4.8,15.12,4.8,1,1,1,1,1,3,0,1086.805116,438.486876,0.38268,0,0,0.92388;
custom,cuboid,medievalartilleryassets_texture-psd,4.8,15.12,4.8,1,1,1,1,1,3,0,1086.805116,258.486876,0.38268,0,0,0.92388;
custom,cuboid,medievalartilleryassets_texture-psd,4.8,15.12,4.8,1,1,1,1,1,3,0,1086.805116,78.486876,0.38268,0,0,0.92388;
custom,cuboid,medievalartilleryassets_texture-psd,4.8,15.12,4.8,1,1,1,1,1,3,0,1086.805116,-101.513124,0.38268,0,0,0.92388;


custom,prism,empty,6.788232,4.8,3.9192061,1,0,0.2,0.4,1,1,0.96,1032.1893433,368.6664989,0.5,0.5,-0.5,0.5;
custom,prism,empty,6.788232,4.8,3.9192061,1,0,0.2,0.4,1,1,0.96,1141.4208887,508.3072531,0.5,0.5,0.5,-0.5;
custom,prism,empty,6.788232,4.8,3.9192061,1,0,0.2,0.4,1,1,0.96,1032.1893433,188.6664989,0.5,0.5,-0.5,0.5;
custom,prism,empty,6.788232,4.8,3.9192061,1,0,0.2,0.4,1,1,0.96,1141.4208887,328.3072531,0.5,0.5,0.5,-0.5;
custom,prism,empty,6.788232,4.8,3.9192061,1,0,0.2,0.4,1,1,0.96,1032.1893433,8.6664989,0.5,0.5,-0.5,0.5;
custom,prism,empty,6.788232,4.8,3.9192061,1,0,0.2,0.4,1,1,0.96,1141.4208887,148.3072531,0.5,0.5,0.5,-0.5;
custom,prism,empty,6.788232,4.8,3.9192061,1,0,0.2,0.4,1,1,0.96,1032.1893433,-171.3335011,0.5,0.5,-0.5,0.5;
custom,prism,empty,6.788232,4.8,3.9192061,1,0,0.2,0.4,1,1,0.96,1141.4208887,-31.6927469,0.5,0.5,0.5,-0.5;


custom,cuboid,empty,4.8,0.517212,6.788232,1,0,0,0,0.4,0.0431,0,1013.791164,368.05902,0,0,0,1;
custom,cuboid,empty,4.8,0.517212,6.788232,1,0,0,0,0.4,0.0431,0,1159.818972,508.914732,0,0,0,1;
custom,cuboid,empty,4.8,0.517212,6.788232,1,0,0,0,0.4,0.0431,0,1013.791164,188.05902,0,0,0,1;
custom,cuboid,empty,4.8,0.517212,6.788232,1,0,0,0,0.4,0.0431,0,1159.818972,328.914732,0,0,0,1;
custom,cuboid,empty,4.8,0.517212,6.788232,1,0,0,0,0.4,0.0431,0,1013.791164,8.05902,0,0,0,1;
custom,cuboid,empty,4.8,0.517212,6.788232,1,0,0,0,0.4,0.0431,0,1159.818972,148.914732,0,0,0,1;
custom,cuboid,empty,4.8,0.517212,6.788232,1,0,0,0,0.4,0.0431,0,1013.791164,-171.94098,0,0,0,1;
custom,cuboid,empty,4.8,0.517212,6.788232,1,0,0,0,0.4,0.0431,0,1159.818972,-31.085268,0,0,0,1;

custom,cuboid,metal2,4.8,15.12,4.8,1,1,1,1,0.001,1,-180,1086.805116,318.486876,0.19509,0,0,0.98079;
custom,cuboid,metal2,4.8,15.12,4.8,1,1,1,1,0.001,1,-180,1086.805116,138.486876,0.19509,0,0,0.98079;
custom,cuboid,metal2,4.8,15.12,4.8,1,1,1,1,0.001,1,-180,1086.805116,-41.513124,0.19509,0,0,0.98079;

custom,cuboid,empty,4.8,0.517212,6.788232,1,0,0,0,0.4,0.0431,-180,992.397492,281.361324,-0.19509,0,0,0.98079;
custom,cuboid,empty,4.8,0.517212,6.788232,1,0,0,0,0.4,0.0431,-180.000012,1181.21274,355.612608,-0.19509,0,0,0.98079;
custom,cuboid,empty,4.8,0.517212,6.788232,1,0,0,0,0.4,0.0431,-180,992.397492,101.36124,-0.19509,0,0,0.98079;
custom,cuboid,empty,4.8,0.517212,6.788232,1,0,0,0,0.4,0.0431,-180.000012,1181.21274,175.612524,-0.19509,0,0,0.98079;
custom,cuboid,empty,4.8,0.517212,6.788232,1,0,0,0,0.4,0.0431,-180,992.397492,-78.63876,-0.19509,0,0,0.98079;
custom,cuboid,empty,4.8,0.517212,6.788232,1,0,0,0,0.4,0.0431,-180.000012,1181.21274,-4.387476,-0.19509,0,0,0.98079;

custom,cuboid,metal4,4.8,6.788232,6.788232,1,1,1,1,0.05,0.05,-180,1214.959536,341.634252,-0.19509,0,0,0.98079;
custom,cuboid,metal4,4.8,6.788232,6.788232,1,1,1,1,0.05,0.05,-180,1214.95944,161.634252,-0.19509,0,0,0.98079;
custom,cuboid,metal4,4.8,6.788232,6.788232,1,1,1,1,0.05,0.05,-180,1214.959536,-18.365748,-0.19509,0,0,0.98079;
custom,cuboid,metal4,4.8,6.788232,6.788232,1,1,1,1,0.05,0.05,-180,958.650792,295.339692,-0.19509,0,0,0.98079;
custom,cuboid,metal4,4.8,6.788232,6.788232,1,1,1,1,0.05,0.05,-180,958.650696,115.339788,-0.19509,0,0,0.98079;
custom,cuboid,metal4,4.8,6.788232,6.788232,1,1,1,1,0.05,0.05,-180,958.650792,-64.660212,-0.19509,0,0,0.98079;

custom,cuboid,arena2tex,5.76,4.75176,4.75176,1,0,0.5,1,0.48,0.39598,-180,958.650792,-64.660764,-0.19509,0,0,0.98079;
custom,cuboid,arena2tex,5.76,4.75176,4.75176,1,0,0.5,1,0.48,0.39598,-180,958.651152,115.344,-0.19509,0,0,0.98079;
custom,cuboid,arena2tex,5.76,4.75176,4.75176,1,0,0.5,1,0.48,0.39598,-180,958.651152,295.344,-0.19509,0,0,0.98079;
custom,cuboid,arena2tex,5.76,4.75176,4.75176,1,0,0.5,1,0.48,0.39598,-180,1214.959536,-18.365748,-0.19509,0,0,0.98079;
custom,cuboid,arena2tex,5.76,4.75176,4.75176,1,0,0.5,1,0.48,0.39598,-180,1214.95944,161.634252,-0.19509,0,0,0.98079;
custom,cuboid,arena2tex,5.76,4.75176,4.75176,1,0,0.5,1,0.48,0.39598,-180,1214.959536,341.634252,-0.19509,0,0,0.98079;

custom,cuboid,ice1,5.76,3.326232,3.326232,1,1,1,1,0.48,0.27719,-148.8,1214.959536,341.634252,-0.19509,0,0,0.98079;
custom,cuboid,ice1,5.76,3.326232,3.326232,1,1,1,1,0.48,0.27719,-148.8,1214.95944,161.634252,-0.19509,0,0,0.98079;
custom,cuboid,ice1,5.76,3.326232,3.326232,1,1,1,1,0.48,0.27719,-148.8,1214.959536,-18.365748,-0.19509,0,0,0.98079;

custom,cuboid,empty,0.576,4.75176,4.75176,1,0,0,0,0,0,-122.88,1214.959536,341.634252,-0.19509,0,0,0.98079;
custom,cuboid,empty,0.576,4.75176,4.75176,1,0,0,0,0,0,-122.88,1214.95944,161.634252,-0.19509,0,0,0.98079;
custom,cuboid,empty,0.576,4.75176,4.75176,1,0,0,0,0,0,-122.88,1214.959536,-18.365748,-0.19509,0,0,0.98079;

custom,cuboid,empty,1.2,4.75176,4.75176,1,0,0,0,0,0,-60,856.651152,295.344,-0.38268,0,0,0.92388;
custom,cuboid,empty,1.2,4.75176,4.75176,1,0,0,0,0,0,-60,856.651152,115.344,-0.38268,0,0,0.92388;
custom,cuboid,empty,1.2,4.75176,4.75176,1,0,0,0,0,0,-60,856.651152,-64.660764,-0.38268,0,0,0.92388;

custom,cuboid,ice1,19.2,1.8,1.8,1,1,1,1,1.6,0.15,-114,913.051116,295.344,-0.34683,0.16173,-0.39045,0.83732;
custom,cuboid,ice1,19.2,1.8,1.8,1,1,1,1,1.6,0.15,-114,913.051116,115.344,-0.34683,0.16173,-0.39045,0.83732;
custom,cuboid,ice1,19.2,1.8,1.8,1,1,1,1,1.6,0.15,-114,913.051116,-64.660764,-0.34683,0.16173,-0.39045,0.83732;

custom,prism,metal4,6.788232,4.8,3.9192061,1,0,0,0.2,1,1,-179.04,1009.6275823,274.8818327,0.39285,0.39285,-0.58794,0.58794;
custom,prism,metal4,6.788232,4.8,3.9192061,1,0,0,0.2,1,1,-179.04,1163.9826497,362.0919193,0.58794,0.58794,0.39285,-0.39285;
custom,prism,metal4,6.788232,4.8,3.9192061,1,0,0,0.2,1,1,-179.04,1009.6276783,94.8818327,0.39285,0.39285,-0.58794,0.58794;
custom,prism,metal4,6.788232,4.8,3.9192061,1,0,0,0.2,1,1,-179.04,1163.9826497,182.0919193,0.58794,0.58794,0.39285,-0.39285;
custom,prism,metal4,6.788232,4.8,3.9192061,1,0,0,0.2,1,1,-179.04,1009.6276783,-85.1181673,0.39285,0.39285,-0.58794,0.58794;
custom,prism,metal4,6.788232,4.8,3.9192061,1,0,0,0.2,1,1,-179.04,1163.9826497,2.0919193,0.58794,0.58794,0.39285,-0.39285;
custom,prism,metal4,6.788232,4.8,3.9192061,1,0,0,0.2,1,1,180.96,1009.6275823,274.8818327,0.39285,0.39285,-0.58794,0.58794;
custom,prism,metal4,6.788232,4.8,3.9192061,1,0,0,0.2,1,1,180.96,1163.9826497,362.0919193,0.58794,0.58794,0.39285,-0.39285;
custom,prism,metal4,6.788232,4.8,3.9192061,1,0,0,0.2,1,1,180.96,1009.6276783,94.8818327,0.39285,0.39285,-0.58794,0.58794;
custom,prism,metal4,6.788232,4.8,3.9192061,1,0,0,0.2,1,1,180.96,1163.9826497,182.0919193,0.58794,0.58794,0.39285,-0.39285;
custom,prism,metal4,6.788232,4.8,3.9192061,1,0,0,0.2,1,1,180.96,1009.6276783,-85.1181673,0.39285,0.39285,-0.58794,0.58794;
custom,prism,metal4,6.788232,4.8,3.9192061,1,0,0,0.2,1,1,180.96,1163.9826497,2.0919193,0.58794,0.58794,0.39285,-0.39285;


custom,cuboid,metal2,4.8,15.12,4.8,1,1,1,1,0.001,1,180,1086.805116,318.486876,0.19509,0,0,0.98079;
custom,cuboid,metal2,4.8,15.12,4.8,1,1,1,1,0.001,1,180,1086.805116,138.486876,0.19509,0,0,0.98079;
custom,cuboid,metal2,4.8,15.12,4.8,1,1,1,1,0.001,1,180,1086.805116,-41.513124,0.19509,0,0,0.98079;

custom,cuboid,empty,4.8,0.517212,6.788232,1,0,0,0,0.4,0.0431,180,992.397492,281.361324,-0.19509,0,0,0.98079;
custom,cuboid,empty,4.8,0.517212,6.788232,1,0,0,0,0.4,0.0431,180,1181.21274,355.612608,-0.19509,0,0,0.98079;
custom,cuboid,empty,4.8,0.517212,6.788232,1,0,0,0,0.4,0.0431,180,992.397492,101.36124,-0.19509,0,0,0.98079;
custom,cuboid,empty,4.8,0.517212,6.788232,1,0,0,0,0.4,0.0431,180,1181.21274,175.612524,-0.19509,0,0,0.98079;
custom,cuboid,empty,4.8,0.517212,6.788232,1,0,0,0,0.4,0.0431,180,992.397492,-78.63876,-0.19509,0,0,0.98079;
custom,cuboid,empty,4.8,0.517212,6.788232,1,0,0,0,0.4,0.0431,180,1181.21274,-4.387476,-0.19509,0,0,0.98079;

custom,cuboid,metal4,4.8,6.788232,6.788232,1,1,1,1,0.05,0.05,180,1214.959536,341.634252,-0.19509,0,0,0.98079;
custom,cuboid,metal4,4.8,6.788232,6.788232,1,1,1,1,0.05,0.05,180,1214.95944,161.634252,-0.19509,0,0,0.98079;
custom,cuboid,metal4,4.8,6.788232,6.788232,1,1,1,1,0.05,0.05,180,1214.959536,-18.365748,-0.19509,0,0,0.98079;
custom,cuboid,metal4,4.8,6.788232,6.788232,1,1,1,1,0.05,0.05,180,958.650792,295.339692,-0.19509,0,0,0.98079;
custom,cuboid,metal4,4.8,6.788232,6.788232,1,1,1,1,0.05,0.05,180,958.650696,115.339788,-0.19509,0,0,0.98079;
custom,cuboid,metal4,4.8,6.788232,6.788232,1,1,1,1,0.05,0.05,180,958.650792,-64.660212,-0.19509,0,0,0.98079;

custom,cuboid,arena2tex,5.76,4.75176,4.75176,1,0,0.5,1,0.48,0.39598,180,1214.959536,341.634252,-0.19509,0,0,0.98079;
custom,cuboid,arena2tex,5.76,4.75176,4.75176,1,0,0.5,1,0.48,0.39598,180,1214.95944,161.634252,-0.19509,0,0,0.98079;
custom,cuboid,arena2tex,5.76,4.75176,4.75176,1,0,0.5,1,0.48,0.39598,180,1214.959536,-18.365748,-0.19509,0,0,0.98079;
custom,cuboid,arena2tex,5.76,4.75176,4.75176,1,0,0.5,1,0.48,0.39598,180,958.651152,295.344,-0.19509,0,0,0.98079;
custom,cuboid,arena2tex,5.76,4.75176,4.75176,1,0,0.5,1,0.48,0.39598,180,958.651152,115.344,-0.19509,0,0,0.98079;
custom,cuboid,arena2tex,5.76,4.75176,4.75176,1,0,0.5,1,0.48,0.39598,180,958.650792,-64.660764,-0.19509,0,0,0.98079;

custom,cuboid,ice1,5.76,3.326232,3.326232,1,1,1,1,0.48,0.27719,148.8,1214.959536,341.634252,-0.19509,0,0,0.98079;
custom,cuboid,ice1,5.76,3.326232,3.326232,1,1,1,1,0.48,0.27719,148.8,1214.95944,161.634252,-0.19509,0,0,0.98079;
custom,cuboid,ice1,5.76,3.326232,3.326232,1,1,1,1,0.48,0.27719,148.8,1214.959536,-18.365748,-0.19509,0,0,0.98079;

custom,cuboid,empty,0.576,4.75176,4.75176,1,0,0,0,0,0,122.88,1214.959536,341.634252,-0.19509,0,0,0.98079;
custom,cuboid,empty,0.576,4.75176,4.75176,1,0,0,0,0,0,122.88,1214.95944,161.634252,-0.19509,0,0,0.98079;
custom,cuboid,empty,0.576,4.75176,4.75176,1,0,0,0,0,0,122.88,1214.959536,-18.365748,-0.19509,0,0,0.98079;

custom,cuboid,empty,1.2,4.75176,4.75176,1,0,0,0,0,0,60,856.651152,295.344,-0.38268,0,0,0.92388;
custom,cuboid,empty,1.2,4.75176,4.75176,1,0,0,0,0,0,60,856.651152,115.344,-0.38268,0,0,0.92388;
custom,cuboid,empty,1.2,4.75176,4.75176,1,0,0,0,0,0,60,856.651152,-64.660764,-0.38268,0,0,0.92388;

custom,cuboid,ice1,19.2,1.8,1.8,1,1,1,1,1.6,0.15,114,913.051116,295.344,-0.16173,0.34683,-0.83732,0.39045;
custom,cuboid,ice1,19.2,1.8,1.8,1,1,1,1,1.6,0.15,114,913.051116,115.344,-0.16173,0.34683,-0.83732,0.39045;
custom,cuboid,ice1,19.2,1.8,1.8,1,1,1,1,1.6,0.15,114,913.051116,-64.660764,-0.16173,0.34683,-0.83732,0.39045;




custom,cuboid,metal2,8.4,4.8,8.4,1,1,1,1,0.001,0.5,-360,699.205212,-1704.853272,0,0,0,1;
custom,cuboid,medievalartilleryassets_texture-psd,8.4,4.8,8.4,1,1,1,1,1,0.7,-360,651.205212,-1704.853272,1,0,0,0;
custom,cuboid,metal2,18,4.8,18,1,1,1,1,0.001,0.5,-534.093612,143.999592,-1530.759432,0,-0.70711,0,0.70711;
custom,cuboid,metal2,18,4.8,18,1,1,1,1,0.001,0.5,-534.09366,144,-1878.946836,0,-0.70711,0,0.70711;
custom,cuboid,metal2,18,4.8,18,1,1,1,1,0.001,0.5,-185.90634,143.999592,-1878.946656,0,-0.70711,0,0.70711;
custom,cuboid,metal2,18,4.8,18,1,1,1,1,0.001,0.5,-185.90634,143.999592,-1530.759516,0,-0.70711,0,0.70711;
custom,cuboid,metal2,8.4,4.8,8.4,1,1,1,1,0.001,0.5,360,699.205212,-1704.853272,0,0,0,1;
custom,cuboid,medievalartilleryassets_texture-psd,8.4,4.8,8.4,1,1,1,1,1,0.7,360,651.205212,-1704.853272,1,0,0,0;
custom,cuboid,metal2,18,4.8,18,1,1,1,1,0.001,0.5,185.906388,143.999592,-1530.759432,0,-0.70711,0,0.70711;
custom,cuboid,metal2,18,4.8,18,1,1,1,1,0.001,0.5,185.90634,144,-1878.946836,0,-0.70711,0,0.70711;
custom,cuboid,metal2,18,4.8,18,1,1,1,1,0.001,0.5,534.09366,143.999592,-1878.946656,0,-0.70711,0,0.70711;
custom,cuboid,metal2,18,4.8,18,1,1,1,1,0.001,0.5,534.09366,143.999592,-1530.759516,0,-0.70711,0,0.70711;

custom,cuboid,metal2,8.4,4.8,8.4,1,1,1,1,0.001,0.5,0,1139.232972,952.083624,0,-0.38268,0,0.92388;
custom,cuboid,medievalartilleryassets_texture-psd,8.4,8.4,8.4,1,1,1,1,1,0.7,0,1073.232972,952.083624,0.92388,0,0.38268,0;
custom,cuboid,metal2,18,6.376356,18,1,1,1,1,0.001,0.5,-670.4697,151.88136,952.083804,0,-0.92388,0,0.38268;
custom,cuboid,metal2,18,6.376356,18,1,1,1,1,0.001,0.5,670.4697,151.88136,952.083804,0,-0.92388,0,0.38268;

custom,cuboid,metal4,4.8,9.9,4.8,1,1,1,1,0.05,0.2,0,769.705164,-2340,0,-0.38268,0,0.92388;
custom,cuboid,metal4,4.8,9.9,4.8,1,1,1,1,0.05,0.2,0,769.705164,-2220,0,-0.38268,0,0.92388;
custom,cuboid,metal4,4.8,9.9,4.8,1,1,1,1,0.05,0.05,0,769.705164,-2064,0,-0.38268,0,0.92388;
custom,cuboid,metal4,4.8,9.9,4.8,1,1,1,1,0.05,0.05,0,769.705164,-1896,0,-0.38268,0,0.92388;
custom,cuboid,metal4,6.78822,9.9,16.8,1,1,1,1,0.05,0.05,0,769.705164,-1980,0,0,0,1;
custom,cuboid,metal1,7.2,8.4,15.6,1,1,1,1,0.6,0.7,0,769.705164,-1980,0,0,0,1;
custom,cuboid,metal1,8.4,7.2,14.4,1,0,0,0,0.7,0.6,0,769.705164,-1980,0,0,0,1;
custom,cuboid,ice1,9.6,2.4,7.2,1,1,1,1,0.8,0.2,0,769.705164,-1980,0,0,0,1;

custom,cuboid,metal2,4.8,6.138276,4.8,1,1,1,1,0.4,0.51152,0,933.896388,-2004,0,-0.38268,0,0.92388;
custom,cuboid,metal2,3.6,6.138276,3.6,1,1,1,1,0.3,0.51152,0,933.896388,-1897.809084,0,-0.38268,0,0.92388;

custom,cuboid,empty,12.987816,10.069596,4.8,1,0,0,0.2,1.08232,0.82913,-0.000024,812.438784,-2832.766116,0.65328,-0.2706,-0.65328,0.2706;
custom,cuboid,empty,4.8,14.52,12,1,0,0,0.2,0.4,1.2,0,747.205164,-2705.855532,0,0,0,1;
custom,cuboid,empty,14.438916,11.277444,4.8,1,0,0,0.2,1.20324,0.92979,-0.000036,742.944492,-2753.011044,0.65328,-0.2706,-0.65328,0.2706;
custom,cuboid,empty,4.8,2.4,7.171152,1,0,0,0.2,0.4,0.2,0,792.205164,-2645.855532,0,0,0,1;
custom,prism,empty,7.171152,4.8,12.124413,1,0,0,0.2,1,1,-0.96,731.2890766,-2645.2137852,-0.5,0.5,0.5,0.5;

custom,prism,metal4,12.6,24,10.2879039,1,1,1,1,0.15,0.1,-451.7375906,412.8969145,-1614.7101408,-0.35355,-0.35355,-0.14645,0.85355;
custom,prism,metal4,12.6,24,10.2879039,1,1,1,1,0.15,0.1,-450.1429602,412.8968449,-1796.590854,-0.14645,-0.85355,-0.35355,0.35355;
custom,prism,metal4,12.6,24,10.2879039,1,1,1,1,0.15,0.1,-268.2624094,412.8968665,-1794.9962232,-0.14645,0.85355,0.35355,0.35355;
custom,prism,metal4,12.6,24,10.2879039,1,1,1,1,0.15,0.1,-269.8570398,412.8968449,-1613.11533,-0.35355,0.35355,0.14645,0.85355;
custom,prism,metal1,13.8,7.5,8.660295,1,1,1,1,0.5,0.25,-510.2605808,260.999628,-1556.3390712,0,-0.38268,0,0.92388;
custom,prism,metal1,13.8,7.5,8.660295,1,1,1,1,0.5,0.25,-508.5140692,260.999628,-1855.1137812,0,-0.92388,0,0.38268;
custom,prism,metal1,13.8,7.5,8.660295,1,1,1,1,0.5,0.25,-209.7394192,260.999592,-1853.3672928,0,0.92388,0,0.38268;
custom,prism,metal1,13.8,7.5,8.660295,1,1,1,1,0.5,0.25,-211.4859308,260.999592,-1554.5924028,0,0.38268,0,0.92388;
custom,prism,metal1,13.8,7.5,8.660295,1,1,1,1,0.5,0.25,-559.6732388,260.999592,-1902.7799028,0,0.38268,0,0.92388;
custom,prism,metal1,13.8,7.5,8.660295,1,1,1,1,0.5,0.25,-162.0732728,260.999592,-1904.5263912,0,-0.38268,0,0.92388;
custom,prism,metal1,13.8,7.5,8.660295,1,1,1,1,0.5,0.25,-160.3267612,260.999592,-1506.9263652,0,-0.92388,0,0.38268;
custom,prism,metal1,13.8,7.5,8.660295,1,1,1,1,0.5,0.25,-557.9266432,260.999676,-1505.1799728,0,-0.92388,0,-0.38268;
custom,prism,metal4,12.6,24,10.2879039,1,1,1,1,0.15,0.1,268.2624094,412.8969145,-1614.7101408,-0.35355,-0.35355,-0.14645,0.85355;
custom,prism,metal4,12.6,24,10.2879039,1,1,1,1,0.15,0.1,269.8570398,412.8968449,-1796.590854,-0.14645,-0.85355,-0.35355,0.35355;
custom,prism,metal4,12.6,24,10.2879039,1,1,1,1,0.15,0.1,451.7375906,412.8968665,-1794.9962232,-0.14645,0.85355,0.35355,0.35355;
custom,prism,metal4,12.6,24,10.2879039,1,1,1,1,0.15,0.1,450.1429602,412.8968449,-1613.11533,-0.35355,0.35355,0.14645,0.85355;
custom,prism,metal1,13.8,7.5,8.660295,1,1,1,1,0.5,0.25,209.7394192,260.999628,-1556.3390712,0,-0.38268,0,0.92388;
custom,prism,metal1,13.8,7.5,8.660295,1,1,1,1,0.5,0.25,211.4859308,260.999628,-1855.1137812,0,-0.92388,0,0.38268;
custom,prism,metal1,13.8,7.5,8.660295,1,1,1,1,0.5,0.25,510.2605808,260.999592,-1853.3672928,0,0.92388,0,0.38268;
custom,prism,metal1,13.8,7.5,8.660295,1,1,1,1,0.5,0.25,508.5140692,260.999592,-1554.5924028,0,0.38268,0,0.92388;
custom,prism,metal1,13.8,7.5,8.660295,1,1,1,1,0.5,0.25,160.3267612,260.999592,-1902.7799028,0,0.38268,0,0.92388;
custom,prism,metal1,13.8,7.5,8.660295,1,1,1,1,0.5,0.25,557.9267272,260.999592,-1904.5263912,0,-0.38268,0,0.92388;
custom,prism,metal1,13.8,7.5,8.660295,1,1,1,1,0.5,0.25,559.6732388,260.999592,-1506.9263652,0,-0.92388,0,0.38268;
custom,prism,metal1,13.8,7.5,8.660295,1,1,1,1,0.5,0.25,162.0733568,260.999676,-1505.1799728,0,-0.92388,0,-0.38268;

custom,prism,metal4,12.6,84,10.2879039,1,1,1,1,0.15,0.35,-332.2557032,649.2778039,950.95605,-0.2706,-0.65328,-0.2706,0.65328;
custom,prism,metal4,12.6,84,10.2879039,1,1,1,1,0.15,0.35,332.2557272,649.2776599,953.211198,-0.2706,0.65328,0.2706,0.65328;
custom,prism,metal1,13.8,7.5,8.660295,1,1,1,1,0.5,0.25,-635.5297696,276.763272,950.848662,0,-0.70711,0,0.70711;
custom,prism,metal1,13.8,7.5,8.660295,1,1,1,1,0.5,0.25,635.5296376,276.76314,953.318766,0,0.70711,0,0.70711;
custom,prism,metal1,13.8,7.5,8.660295,1,1,1,1,0.5,0.25,705.4097626,276.76314,950.848842,0,-0.70711,0,0.70711;
custom,prism,metal1,13.8,7.5,8.660295,1,1,1,1,0.5,0.25,-705.4097986,276.763272,953.318586,0,-0.70711,0,-0.70711;



custom,pyramid,metal1,10,10,10,1,1,1,1,0.1,0.1,360.000024,627.205212,-1704.853092,0,-0.38268,0,0.92388;
custom,pyramid,empty,10,5,10,1,0,0,0,0,0,360,492.205212,-1704.853092,-0.92388,0,-0.38268,0;
custom,pyramid,metal1,10,10,10,1,1,1,1,0.1,0.1,-359.999976,627.205212,-1704.853092,0,-0.38268,0,0.92388;
custom,pyramid,empty,10,5,10,1,0,0,0,0,0,-360,492.205212,-1704.853092,-0.92388,0,-0.38268,0;
custom,pyramid,arena2tex,7,3.5,7,1,0,0.5,1,1,10,-511.819788,290.999628,-1553.033388,-0.65328,-0.2706,-0.2706,0.65328;
custom,pyramid,arena2tex,7,3.5,7,1,0,0.5,1,1,10,-511.819788,290.999628,-1856.672976,-0.2706,-0.65328,-0.65328,0.2706;
custom,pyramid,arena2tex,7,3.5,7,1,0,0.5,1,1,10,-208.180212,290.999592,-1856.672976,-0.2706,0.65328,0.65328,0.2706;
custom,pyramid,arena2tex,7,3.5,7,1,0,0.5,1,1,10,-208.180212,290.999592,-1553.033208,-0.65328,0.2706,0.2706,0.65328;
custom,pyramid,arena2tex,7,3.5,7,1,0,0.5,1,1,10,-556.36752,290.999592,-1901.220708,-0.65328,0.2706,0.2706,0.65328;
custom,pyramid,arena2tex,7,3.5,7,1,0,0.5,1,1,10,-163.63248,290.999592,-1901.220708,-0.65328,-0.2706,-0.2706,0.65328;
custom,pyramid,arena2tex,7,3.5,7,1,0,0.5,1,1,10,-163.63248,290.999592,-1508.48556,-0.2706,-0.65328,-0.65328,0.2706;
custom,pyramid,arena2tex,7,3.5,7,1,0,0.5,1,1,10,-556.367436,290.999676,-1508.485656,0.2706,-0.65328,-0.65328,-0.2706;
custom,pyramid,metal4,10,6.6666667,10,1,1,1,1,0.05,0.05,-185.906316,227.999592,-1530.759516,0,-0.70711,0,0.70711;
custom,pyramid,metal4,10,6.6666667,10,1,1,1,1,0.05,0.05,-185.90634,227.999592,-1878.946656,0,-1,0,0;
custom,pyramid,metal4,10,6.6666667,10,1,1,1,1,0.05,0.05,-534.09366,227.999592,-1878.946836,0,-0.70711,0,-0.70711;
custom,pyramid,metal4,10,6.6666667,10,1,1,1,1,0.05,0.05,-534.093564,227.999592,-1530.759432,0,0,0,-1;
custom,pyramid,arena2tex,7,3.5,7,1,0,0.5,1,1,10,208.180212,290.999628,-1553.033388,-0.65328,-0.2706,-0.2706,0.65328;
custom,pyramid,arena2tex,7,3.5,7,1,0,0.5,1,1,10,208.180212,290.999628,-1856.672976,-0.2706,-0.65328,-0.65328,0.2706;
custom,pyramid,arena2tex,7,3.5,7,1,0,0.5,1,1,10,511.819788,290.999592,-1856.672976,-0.2706,0.65328,0.65328,0.2706;
custom,pyramid,arena2tex,7,3.5,7,1,0,0.5,1,1,10,511.819788,290.999592,-1553.033208,-0.65328,0.2706,0.2706,0.65328;
custom,pyramid,arena2tex,7,3.5,7,1,0,0.5,1,1,10,163.63248,290.999592,-1901.220708,-0.65328,0.2706,0.2706,0.65328;
custom,pyramid,arena2tex,7,3.5,7,1,0,0.5,1,1,10,556.36752,290.999592,-1901.220708,-0.65328,-0.2706,-0.2706,0.65328;
custom,pyramid,arena2tex,7,3.5,7,1,0,0.5,1,1,10,556.36752,290.999592,-1508.48556,-0.2706,-0.65328,-0.65328,0.2706;
custom,pyramid,arena2tex,7,3.5,7,1,0,0.5,1,1,10,163.632564,290.999676,-1508.485656,0.2706,-0.65328,-0.65328,-0.2706;
custom,pyramid,metal4,10,6.6666667,10,1,1,1,1,0.05,0.05,534.09366,227.999592,-1530.759516,0,-0.70711,0,0.70711;
custom,pyramid,metal4,10,6.6666667,10,1,1,1,1,0.05,0.05,534.09366,227.999592,-1878.946656,0,-1,0,0;
custom,pyramid,metal4,10,6.6666667,10,1,1,1,1,0.05,0.05,185.90634,227.999592,-1878.946836,0,-0.70711,0,-0.70711;
custom,pyramid,metal4,10,6.6666667,10,1,1,1,1,0.05,0.05,185.906436,227.999592,-1530.759432,0,0,0,-1;
custom,pyramid,metal1,10,10,10,1,1,1,1,0.1,0.1,-0.000012,1067.232972,952.083624,0,-0.70711,0,0.70711;
custom,pyramid,empty,10,5,10,1,0,0,0,0,0,-0.000024,932.232972,952.083624,-0.70711,0,-0.70711,0;
custom,pyramid,arena2tex,7,3.5,7,1,0,0.5,1,1,10,-638.9697,306.763272,952.083624,-0.5,-0.5,-0.5,0.5;
custom,pyramid,arena2tex,7,3.5,7,1,0,0.5,1,1,10,638.9697,306.76314,952.083804,-0.5,0.5,0.5,0.5;
custom,pyramid,arena2tex,7,3.5,7,1,0,0.5,1,1,10,701.9697,306.76314,952.083804,-0.5,-0.5,-0.5,0.5;
custom,pyramid,arena2tex,7,3.5,7,1,0,0.5,1,1,10,-701.969736,306.763272,952.083624,0.5,-0.5,-0.5,-0.5;
custom,pyramid,metal4,10,6.6666667,10,1,1,1,1,0.05,0.05,670.4697,243.76314,952.083804,0,-0.92388,0,-0.38268;
custom,pyramid,metal4,10,6.6666667,10,1,1,1,1,0.05,0.05,-670.469832,243.763188,952.083624,0,0.38268,0,-0.92388;







custom,killprism,empty,0.6,0,1.3856472,1,1,1,0,1,1,23.59041,621.151518,-767.668812,0.5,0.5,-0.5,-0.5;
custom,killprism,empty,0.6,0,1.3856472,1,1,1,0,1,1,7.99041,621.151518,-767.668812,0.5,0.5,-0.5,-0.5;
custom,killprism,empty,0.6,0,1.3856472,1,1,1,0,1,1,-7.99041,621.258906,-767.668812,0.5,-0.5,0.5,-0.5;
custom,killprism,empty,0.6,0,1.3856472,1,1,1,0,1,1,-23.59041,621.258906,-767.668812,0.5,-0.5,0.5,-0.5;
custom,killprism,empty,0.6,0,1.3856472,1,1,1,0,1,1,104.35344,621.258906,-785.59041,0,0,0.70711,-0.70711;
custom,killprism,empty,0.6,0,1.3856472,1,1,1,0,1,1,104.35344,621.258906,-801.190446,0,0,0.70711,-0.70711;
custom,killprism,empty,0.6,0,1.3856472,1,1,1,0,1,1,-104.35344,621.258906,-785.59041,0,0,0.70711,-0.70711;
custom,killprism,empty,0.6,0,1.3856472,1,1,1,0,1,1,-104.35344,621.258906,-801.190446,0,0,0.70711,-0.70711;
custom,killprism,empty,0.6,0,1.3856472,1,1,1,0,1,1,85.182039,619.0790915,-1473.383976,-0.18867,-0.68147,0.68147,0.18867;
custom,killprism,empty,0.6,0,1.3856472,1,1,1,0,1,1,94.191879,634.1031275,-1485.084048,-0.18867,-0.68147,0.68147,0.18867;
custom,killprism,empty,0.6,0,1.3856472,1,1,1,0,1,1,-85.0896574,619.134546,-1473.383976,-0.18897,0.68139,-0.68139,0.18897;
custom,killprism,empty,0.6,0,1.3856472,1,1,1,0,1,1,-94.0994974,634.158582,-1485.084048,-0.18897,0.68139,-0.68139,0.18897;
custom,killprism,empty,0.6,0,1.3856472,1,1,1,0,1,1,0,765.258906,-790.361586,0,0,-0.70711,0.70711;
custom,killprism,empty,0.6,0,1.3856472,1,1,1,0,1,1,0,765.258906,-805.961622,0,0,-0.70711,0.70711;
custom,killprism,empty,0.6,0,1.3856472,1,1,1,0,1,1,0,765.258906,-821.561658,0,0,-0.70711,0.70711;
custom,killprism,empty,0.6,0,1.3856472,1,1,1,0,1,1,-11.59041,765.258906,-1728,-0.5,0.5,-0.5,0.5;
custom,killprism,empty,0.6,0,1.3856472,1,1,1,0,1,1,-27.19041,765.258906,-1728,-0.5,0.5,-0.5,0.5;
custom,killprism,empty,0.6,0,1.3856472,1,1,1,0,1,1,-42.79041,765.258906,-1728,-0.5,0.5,-0.5,0.5;
custom,killprism,empty,0.6,0,1.3856472,1,1,1,0,1,1,42.79041,765.258906,-1728,0.5,-0.5,-0.5,0.5;
custom,killprism,empty,0.6,0,1.3856472,1,1,1,0,1,1,27.19041,765.258906,-1728,0.5,-0.5,-0.5,0.5;
custom,killprism,empty,0.6,0,1.3856472,1,1,1,0,1,1,11.59041,765.258906,-1728,0.5,-0.5,-0.5,0.5;
custom,killprism,empty,0.6,0,1.3856472,1,1,1,0,1,1,552,764.795622,-1704.86961,0.5,-0.5,0.5,0.5;
custom,killprism,empty,0.6,0,1.3856472,1,1,1,0,1,1,-552,764.795622,-1704.86961,0.5,-0.5,0.5,0.5;
custom,killprism,empty,0.6,0,1.3856472,1,1,1,0,1,1,-540.40959,840,-1704.86961,0,-0.70711,0,0.70711;
custom,killprism,empty,0.6,0,1.3856472,1,1,1,0,1,1,540.40959,840,-1704.762222,0,0.70711,0,0.70711;
custom,killprism,empty,0.6,0,1.3856472,1,1,1,0,1,1,0,955.835682,-1705.225506,0.70711,-0.70711,0,0;
custom,killprism,empty,0.6,0,1.3856472,1,1,1,0,1,1,0,955.835682,-1720.825542,0.70711,-0.70711,0,0;
custom,killprism,empty,0.6,0,1.3856472,1,1,1,0,1,1,0,955.835682,-1689.62547,0.70711,-0.70711,0,0;
custom,killprism,empty,0.6,0,1.3856472,1,1,1,0,1,1,-86.7224213,1058.8667744,-1896,0.65328,0.2706,0.2706,0.65328;
custom,killprism,empty,0.6,0,1.3856472,1,1,1,0,1,1,-86.7224213,1058.8667744,-1896,0.65328,0.2706,0.2706,0.65328;
custom,killprism,empty,0.6,0,1.3856472,1,1,1,0,1,1,-75.6915533,1047.8359544,-1896,0.65328,0.2706,0.2706,0.65328;
custom,killprism,empty,0.6,0,1.3856472,1,1,1,0,1,1,-64.6606973,1036.8051344,-1896,0.65328,0.2706,0.2706,0.65328;
custom,killprism,empty,0.6,0,1.3856472,1,1,1,0,1,1,86.6464871,1058.9427097,-1896,0.65328,-0.2706,-0.2706,0.65328;
custom,killprism,empty,0.6,0,1.3856472,1,1,1,0,1,1,75.6156191,1047.9118897,-1896,0.65328,-0.2706,-0.2706,0.65328;
custom,killprism,empty,0.6,0,1.3856472,1,1,1,0,1,1,64.5847631,1036.8810697,-1896,0.65328,-0.2706,-0.2706,0.65328;
custom,killprism,empty,0.6,0,1.3856472,1,1,1,0,1,1,297.2740099,1292.91435,-1749.917766,0.65328,-0.2706,0.65328,0.2706;


custom,killprism,empty,0.6,0,1.3856472,1,1,1,0,1,1,312,1268.794386,-1749.917766,0.5,-0.5,0.5,0.5;
custom,killprism,empty,0.6,0,1.3856472,1,1,1,0,1,1,297.2740099,1292.91435,-1905.917766,0.6532815,-0.2705981,0.6532815,0.2705981;
custom,killprism,empty,0.6,0,1.3856472,1,1,1,0,1,1,312,1268.794386,-1905.917766,0.5,-0.5,0.5,0.5;
custom,killprism,empty,0.6,0,1.3856472,1,1,1,0,1,1,296.6947661,1293.493602,-1827.917766,-0.2705981,-0.6532815,-0.2705981,0.6532815;
custom,killprism,empty,0.6,0,1.3856472,1,1,1,0,1,1,312,1269.613566,-1827.917766,-0.5,-0.5,-0.5,0.5;
custom,killprism,empty,0.6,0,1.3856472,1,1,1,0,1,1,296.6947661,1244.91435,-1749.917766,0.2705981,-0.6532815,0.2705981,0.6532815;
custom,killprism,empty,0.6,0,1.3856472,1,1,1,0,1,1,297.2740099,1245.493602,-1827.917766,-0.6532815,-0.2705981,-0.6532815,0.2705981;
custom,killprism,empty,0.6,0,1.3856472,1,1,1,0,1,1,296.6947661,1244.91435,-1905.917766,0.2705981,-0.6532815,0.2705981,0.6532815;
custom,killprism,empty,0.6,0,1.3856472,1,1,1,0,1,1,-297.2740099,1292.91435,-1749.917766,0.2705981,-0.6532815,0.2705981,0.6532815;
custom,killprism,empty,0.6,0,1.3856472,1,1,1,0,1,1,-297.2740099,1292.91435,-1905.917766,0.2705981,-0.6532815,0.2705981,0.6532815;
custom,killprism,empty,0.6,0,1.3856472,1,1,1,0,1,1,-296.6947661,1293.493602,-1827.917766,-0.6532815,-0.2705981,-0.6532815,0.2705981;
custom,killprism,empty,0.6,0,1.3856472,1,1,1,0,1,1,-296.6947661,1244.91435,-1749.917766,0.6532815,-0.2705981,0.6532815,0.2705981;
custom,killprism,empty,0.6,0,1.3856472,1,1,1,0,1,1,-297.2740099,1245.493602,-1827.917766,-0.2705981,-0.6532815,-0.2705981,0.6532815;
custom,killprism,empty,0.6,0,1.3856472,1,1,1,0,1,1,-296.6947661,1244.91435,-1905.917766,0.6532815,-0.2705981,0.6532815,0.2705981;
custom,killprism,empty,0.6,0,1.3856472,1,1,1,0,1,1,-312,1268.794386,-1749.917766,0.5,-0.5,0.5,0.5;
custom,killprism,empty,0.6,0,1.3856472,1,1,1,0,1,1,-312,1268.794386,-1905.917766,0.5,-0.5,0.5,0.5;
custom,killprism,empty,0.6,0,1.3856472,1,1,1,0,1,1,-312,1269.613566,-1827.917766,-0.5,-0.5,-0.5,0.5;
custom,killprism,empty,0.6,0,1.3856472,1,1,1,0,1,1,18.4159133,1547.8546332,-1827.864072,0.2705981,-0.6532815,-0.6532815,0.2705981;
custom,killprism,empty,0.6,0,1.3856472,1,1,1,0,1,1,29.4467813,1536.8238012,-1827.864072,0.2705981,-0.6532815,-0.6532815,0.2705981;
custom,killprism,empty,0.6,0,1.3856472,1,1,1,0,1,1,-18.3399791,1547.7786984,-1827.864072,0.270598,0.6532815,0.6532815,0.2705981;
custom,killprism,empty,0.6,0,1.3856472,1,1,1,0,1,1,-29.3708471,1536.7478664,-1827.864072,0.270598,0.6532815,0.6532815,0.2705981;
custom,killprism,empty,0.6,0,1.3856472,1,1,1,0,1,1,-7.3091231,1558.8095184,-1827.864072,0.270598,0.6532815,0.6532815,0.2705981;
custom,killprism,empty,0.6,0,1.3856472,1,1,1,0,1,1,7.3850573,1558.8854532,-1827.864072,0.2705981,-0.6532815,-0.6532815,0.2705981;
custom,killprism,empty,0.6,0,1.3856472,1,1,1,0,1,1,-122.7847373,1094.9295824,-1749.864072,0.6532815,0.270598,0.2705981,0.6532815;
custom,killprism,empty,0.6,0,1.3856472,1,1,1,0,1,1,-133.8156053,1105.9604024,-1749.864072,0.6532815,0.270598,0.2705981,0.6532815;
custom,killprism,empty,0.6,0,1.3856472,1,1,1,0,1,1,122.7084071,1095.0055177,-1749.864072,0.6532815,-0.2705981,-0.2705981,0.6532815;
custom,killprism,empty,0.6,0,1.3856472,1,1,1,0,1,1,133.7400071,1106.0363377,-1749.864072,0.6532815,-0.2705981,-0.2705981,0.6532815;
custom,killprism,empty,0.6,0,1.3856472,1,1,1,0,1,1,0,1566.245766,-1750.273662,-0.7071068,0.7071068,0,0;
custom,killprism,empty,0.6,0,1.3856472,1,1,1,0,1,1,0,1566.245766,-1765.873698,-0.7071068,0.7071068,0,0;
custom,killprism,empty,0.6,0,1.3856472,1,1,1,0,1,1,0,1566.245766,-1734.673626,-0.7071068,0.7071068,0,0;
custom,killprism,empty,0.6,0,1.3856472,1,1,1,0,1,1,0,1064.40687,-1332.40959,-0.7071068,0.7071068,0,0;
custom,killprism,empty,0.6,0,1.3856472,1,1,1,0,1,1,0,1064.40687,-1316.809554,-0.7071068,0.7071068,0,0;
custom,killprism,empty,0.6,0,1.3856472,1,1,1,0,1,1,0,1064.40687,-1301.209518,-0.7071068,0.7071068,0,0;





custom,killprism,cannonregionmat,0.6,0.12,1.3856472,1,1,1,0,1,1,23.59041,621.151518,-767.692812,0.5,0.5,-0.5,-0.5;
custom,killprism,cannonregionmat,0.6,0.12,1.3856472,1,1,1,0,1,1,7.99041,621.151518,-767.692812,0.5,0.5,-0.5,-0.5;
custom,killprism,cannonregionmat,0.6,0.12,1.3856472,1,1,1,0,1,1,-7.99041,621.258906,-767.692812,0.5,-0.5,0.5,-0.5;
custom,killprism,cannonregionmat,0.6,0.12,1.3856472,1,1,1,0,1,1,-23.59041,621.258906,-767.692812,0.5,-0.5,0.5,-0.5;
custom,killprism,cannonregionmat,0.6,0.12,1.3856472,1,1,1,0,1,1,104.37744,621.258906,-785.59041,0,0,0.70711,-0.70711;
custom,killprism,cannonregionmat,0.6,0.12,1.3856472,1,1,1,0,1,1,104.37744,621.258906,-801.190446,0,0,0.70711,-0.70711;
custom,killprism,cannonregionmat,0.6,0.12,1.3856472,1,1,1,0,1,1,-104.32944,621.258906,-785.59041,0,0,0.70711,-0.70711;
custom,killprism,cannonregionmat,0.6,0.12,1.3856472,1,1,1,0,1,1,-104.32944,621.258906,-801.190446,0,0,0.70711,-0.70711;
custom,killprism,cannonregionmat,0.6,0.12,1.3856472,1,1,1,0,1,1,85.182039,619.0790915,-1473.407976,-0.18867,-0.68147,0.68147,0.18867;
custom,killprism,cannonregionmat,0.6,0.12,1.3856472,1,1,1,0,1,1,94.191879,634.1031275,-1485.108048,-0.18867,-0.68147,0.68147,0.18867;
custom,killprism,cannonregionmat,0.6,0.12,1.3856472,1,1,1,0,1,1,-85.0896574,619.134546,-1473.407976,-0.18897,0.68139,-0.68139,0.18897;
custom,killprism,cannonregionmat,0.6,0.12,1.3856472,1,1,1,0,1,1,-94.0994974,634.158582,-1485.108048,-0.18897,0.68139,-0.68139,0.18897;
custom,killprism,cannonregionmat,0.6,0.12,1.3856472,1,1,1,0,1,1,0.024,765.258906,-790.361586,0,0,-0.70711,0.70711;
custom,killprism,cannonregionmat,0.6,0.12,1.3856472,1,1,1,0,1,1,0.024,765.258906,-805.961622,0,0,-0.70711,0.70711;
custom,killprism,cannonregionmat,0.6,0.12,1.3856472,1,1,1,0,1,1,0.024,765.258906,-821.561658,0,0,-0.70711,0.70711;
custom,killprism,cannonregionmat,0.6,0.12,1.3856472,1,1,1,0,1,1,-11.59041,765.258906,-1728.024,-0.5,0.5,-0.5,0.5;
custom,killprism,cannonregionmat,0.6,0.12,1.3856472,1,1,1,0,1,1,-27.19041,765.258906,-1728.024,-0.5,0.5,-0.5,0.5;
custom,killprism,cannonregionmat,0.6,0.12,1.3856472,1,1,1,0,1,1,-42.79041,765.258906,-1728.024,-0.5,0.5,-0.5,0.5;
custom,killprism,cannonregionmat,0.6,0.12,1.3856472,1,1,1,0,1,1,42.79041,765.258906,-1727.976,0.5,-0.5,-0.5,0.5;
custom,killprism,cannonregionmat,0.6,0.12,1.3856472,1,1,1,0,1,1,27.19041,765.258906,-1727.976,0.5,-0.5,-0.5,0.5;
custom,killprism,cannonregionmat,0.6,0.12,1.3856472,1,1,1,0,1,1,11.59041,765.258906,-1727.976,0.5,-0.5,-0.5,0.5;
custom,killprism,cannonregionmat,0.6,0.12,1.3856472,1,1,1,0,1,1,551.976,764.795622,-1704.86961,0.5,-0.5,0.5,0.5;
custom,killprism,cannonregionmat,0.6,0.12,1.3856472,1,1,1,0,1,1,-552.024,764.795622,-1704.86961,0.5,-0.5,0.5,0.5;
custom,killprism,cannonregionmat,0.6,0.12,1.3856472,1,1,1,0,1,1,-540.40959,840.024,-1704.86961,0,-0.70711,0,0.70711;
custom,killprism,cannonregionmat,0.6,0.12,1.3856472,1,1,1,0,1,1,540.40959,840.024,-1704.762222,0,0.70711,0,0.70711;
custom,killprism,cannonregionmat,0.6,0.12,1.3856472,1,1,1,0,1,1,-0.024,955.835682,-1705.225506,0.70711,-0.70711,0,0;
custom,killprism,cannonregionmat,0.6,0.12,1.3856472,1,1,1,0,1,1,-0.024,955.835682,-1720.825542,0.70711,-0.70711,0,0;
custom,killprism,cannonregionmat,0.6,0.12,1.3856472,1,1,1,0,1,1,-0.024,955.835682,-1689.62547,0.70711,-0.70711,0,0;
custom,killprism,cannonregionmat,0.6,0.12,1.3856472,1,1,1,0,1,1,-86.7224213,1058.8667744,-1895.976,0.65328,0.2706,0.2706,0.65328;
custom,killprism,cannonregionmat,0.6,0.12,1.3856472,1,1,1,0,1,1,-86.7224213,1058.8667744,-1895.976,0.65328,0.2706,0.2706,0.65328;
custom,killprism,cannonregionmat,0.6,0.12,1.3856472,1,1,1,0,1,1,-75.6915533,1047.8359544,-1895.976,0.65328,0.2706,0.2706,0.65328;
custom,killprism,cannonregionmat,0.6,0.12,1.3856472,1,1,1,0,1,1,-64.6606973,1036.8051344,-1895.976,0.65328,0.2706,0.2706,0.65328;
custom,killprism,cannonregionmat,0.6,0.12,1.3856472,1,1,1,0,1,1,86.6464871,1058.9427097,-1895.976,0.65328,-0.2706,-0.2706,0.65328;
custom,killprism,cannonregionmat,0.6,0.12,1.3856472,1,1,1,0,1,1,75.6156191,1047.9118897,-1895.976,0.65328,-0.2706,-0.2706,0.65328;
custom,killprism,cannonregionmat,0.6,0.12,1.3856472,1,1,1,0,1,1,64.5847631,1036.8810697,-1895.976,0.65328,-0.2706,-0.2706,0.65328;
custom,killprism,cannonregionmat,0.6,0.12,1.3856472,1,1,1,0,1,1,297.2570393,1292.8973796,-1749.917766,0.65328,-0.2706,0.65328,0.2706;


custom,killprism,cannonregionmat,0.6,0.12,1.3856472,1,1,1,0,1,1,311.976,1268.794386,-1749.917766,0.5,-0.5,0.5,0.5;
custom,killprism,cannonregionmat,0.6,0.12,1.3856472,1,1,1,0,1,1,297.2570393,1292.8973796,-1905.917766,0.6532815,-0.2705981,0.6532815,0.2705981;
custom,killprism,cannonregionmat,0.6,0.12,1.3856472,1,1,1,0,1,1,311.976,1268.794386,-1905.917766,0.5,-0.5,0.5,0.5;
custom,killprism,cannonregionmat,0.6,0.12,1.3856472,1,1,1,0,1,1,296.7117367,1293.5105724,-1827.917766,-0.2705981,-0.6532815,-0.2705981,0.6532815;
custom,killprism,cannonregionmat,0.6,0.12,1.3856472,1,1,1,0,1,1,312.024,1269.613566,-1827.917766,-0.5,-0.5,-0.5,0.5;
custom,killprism,cannonregionmat,0.6,0.12,1.3856472,1,1,1,0,1,1,296.6777954,1244.9313204,-1749.917766,0.2705981,-0.6532815,0.2705981,0.6532815;
custom,killprism,cannonregionmat,0.6,0.12,1.3856472,1,1,1,0,1,1,297.2909806,1245.4766316,-1827.917766,-0.6532815,-0.2705981,-0.6532815,0.2705981;
custom,killprism,cannonregionmat,0.6,0.12,1.3856472,1,1,1,0,1,1,296.6777954,1244.9313204,-1905.917766,0.2705981,-0.6532815,0.2705981,0.6532815;
custom,killprism,cannonregionmat,0.6,0.12,1.3856472,1,1,1,0,1,1,-297.2909806,1292.9313204,-1749.917766,0.2705981,-0.6532815,0.2705981,0.6532815;
custom,killprism,cannonregionmat,0.6,0.12,1.3856472,1,1,1,0,1,1,-297.2909806,1292.9313204,-1905.917766,0.2705981,-0.6532815,0.2705981,0.6532815;
custom,killprism,cannonregionmat,0.6,0.12,1.3856472,1,1,1,0,1,1,-296.6777954,1293.4766316,-1827.917766,-0.6532815,-0.2705981,-0.6532815,0.2705981;
custom,killprism,cannonregionmat,0.6,0.12,1.3856472,1,1,1,0,1,1,-296.7117367,1244.8973796,-1749.917766,0.6532815,-0.2705981,0.6532815,0.2705981;
custom,killprism,cannonregionmat,0.6,0.12,1.3856472,1,1,1,0,1,1,-297.2570393,1245.5105724,-1827.917766,-0.2705981,-0.6532815,-0.2705981,0.6532815;
custom,killprism,cannonregionmat,0.6,0.12,1.3856472,1,1,1,0,1,1,-296.7117367,1244.8973796,-1905.917766,0.6532815,-0.2705981,0.6532815,0.2705981;
custom,killprism,cannonregionmat,0.6,0.12,1.3856472,1,1,1,0,1,1,-312.024,1268.794386,-1749.917766,0.5,-0.5,0.5,0.5;
custom,killprism,cannonregionmat,0.6,0.12,1.3856472,1,1,1,0,1,1,-312.024,1268.794386,-1905.917766,0.5,-0.5,0.5,0.5;
custom,killprism,cannonregionmat,0.6,0.12,1.3856472,1,1,1,0,1,1,-311.976,1269.613566,-1827.917766,-0.5,-0.5,-0.5,0.5;
custom,killprism,cannonregionmat,0.6,0.12,1.3856472,1,1,1,0,1,1,18.4159133,1547.8546332,-1827.840072,0.2705981,-0.6532815,-0.6532815,0.2705981;
custom,killprism,cannonregionmat,0.6,0.12,1.3856472,1,1,1,0,1,1,29.4467813,1536.8238012,-1827.840072,0.2705981,-0.6532815,-0.6532815,0.2705981;
custom,killprism,cannonregionmat,0.6,0.12,1.3856472,1,1,1,0,1,1,-18.3399791,1547.7786984,-1827.840072,0.270598,0.6532815,0.6532815,0.2705981;
custom,killprism,cannonregionmat,0.6,0.12,1.3856472,1,1,1,0,1,1,-29.3708471,1536.7478664,-1827.840072,0.270598,0.6532815,0.6532815,0.2705981;
custom,killprism,cannonregionmat,0.6,0.12,1.3856472,1,1,1,0,1,1,-7.3091231,1558.8095184,-1827.840072,0.270598,0.6532815,0.6532815,0.2705981;
custom,killprism,cannonregionmat,0.6,0.12,1.3856472,1,1,1,0,1,1,7.3850573,1558.8854532,-1827.840072,0.2705981,-0.6532815,-0.6532815,0.2705981;
custom,killprism,cannonregionmat,0.6,0.12,1.3856472,1,1,1,0,1,1,-122.7847373,1094.9295824,-1749.840072,0.6532815,0.270598,0.2705981,0.6532815;
custom,killprism,cannonregionmat,0.6,0.12,1.3856472,1,1,1,0,1,1,-133.8156053,1105.9604024,-1749.840072,0.6532815,0.270598,0.2705981,0.6532815;
custom,killprism,cannonregionmat,0.6,0.12,1.3856472,1,1,1,0,1,1,122.7084071,1095.0055177,-1749.840072,0.6532815,-0.2705981,-0.2705981,0.6532815;
custom,killprism,cannonregionmat,0.6,0.12,1.3856472,1,1,1,0,1,1,133.7400071,1106.0363377,-1749.840072,0.6532815,-0.2705981,-0.2705981,0.6532815;
custom,killprism,cannonregionmat,0.6,0.12,1.3856472,1,1,1,0,1,1,-0.024,1566.245766,-1750.273662,-0.7071068,0.7071068,0,0;
custom,killprism,cannonregionmat,0.6,0.12,1.3856472,1,1,1,0,1,1,-0.024,1566.245766,-1765.873698,-0.7071068,0.7071068,0,0;
custom,killprism,cannonregionmat,0.6,0.12,1.3856472,1,1,1,0,1,1,-0.024,1566.245766,-1734.673626,-0.7071068,0.7071068,0,0;
custom,killprism,cannonregionmat,0.6,0.12,1.3856472,1,1,1,0,1,1,-0.024,1064.40687,-1332.40959,-0.7071068,0.7071068,0,0;
custom,killprism,cannonregionmat,0.6,0.12,1.3856472,1,1,1,0,1,1,-0.024,1064.40687,-1316.809554,-0.7071068,0.7071068,0,0;
custom,killprism,cannonregionmat,0.6,0.12,1.3856472,1,1,1,0,1,1,-0.024,1064.40687,-1301.209518,-0.7071068,0.7071068,0,0;

custom,killcuboid,cannonregionmat,8.4852802,0.12,0.12,1,1,1,1,0.7071067,0.01,296.9843903,1269.2052612,-1935.8679204,0,0,0,1;
custom,killcuboid,cannonregionmat,8.6052841,0.12,0.12,1,1,1,1,0.717107,0.01,296.9839783,1269.20517,-1875.8679204,0,0,0,1;
custom,killcuboid,cannonregionmat,8.6052841,0.12,0.12,1,1,1,1,0.717107,0.01,296.9843903,1269.2050776,-1857.8679204,0,0,0,1;
custom,killcuboid,cannonregionmat,8.6052841,0.12,0.12,1,1,1,1,0.717107,0.01,296.9838868,1269.2052612,-1797.8679204,0,0,0,1;
custom,killcuboid,cannonregionmat,8.6052841,0.12,0.12,1,1,1,1,0.717107,0.01,296.9839325,1269.20517,-1779.8679204,0,0,0,1;
custom,killcuboid,cannonregionmat,8.6052841,0.12,0.12,1,1,1,1,0.717107,0.01,296.9843903,1269.2052612,-1719.8679204,0,0,0,1;
custom,killcuboid,cannonregionmat,0.12,0.12,6.1199999,1,1,1,1,0.01,0.01,254.5575257,1269.20517,-1749.8679204,0,0,0,1;
custom,killcuboid,cannonregionmat,0.12,0.12,6.1199999,1,1,1,1,0.01,0.01,254.5575714,1269.2050776,-1827.8679204,0,0,0,1;
custom,killcuboid,cannonregionmat,0.12,0.12,6.1199999,1,1,1,1,0.01,0.01,254.5575714,1269.2052612,-1905.8679204,0,0,0,1;
custom,killcuboid,cannonregionmat,0.12,0.12,6.1199999,1,1,1,1,0.01,0.01,339.4103851,1269.2052612,-1905.8679204,0,0,0,1;
custom,killcuboid,cannonregionmat,0.12,0.12,6.1199999,1,1,1,1,0.01,0.01,339.4102936,1269.2052612,-1827.8679204,0,0,0,1;
custom,killcuboid,cannonregionmat,0.12,0.12,6.1199999,1,1,1,1,0.01,0.01,339.4103851,1269.2052612,-1749.8640744,0,0,0,1;
custom,killcuboid,cannonregionmat,8.4852802,0.12,0.12,1,1,1,1,0.7071067,0.01,-296.9843903,1269.2052612,-1935.8679204,0,0,0,1;
custom,killcuboid,cannonregionmat,8.6052841,0.12,0.12,1,1,1,1,0.717107,0.01,-296.9848022,1269.20517,-1875.8679204,0,0,0,1;
custom,killcuboid,cannonregionmat,8.6052841,0.12,0.12,1,1,1,1,0.717107,0.01,-296.9843903,1269.2050776,-1857.8679204,0,0,0,1;
custom,killcuboid,cannonregionmat,8.6052841,0.12,0.12,1,1,1,1,0.717107,0.01,-296.9848938,1269.2052612,-1797.8679204,0,0,0,1;
custom,killcuboid,cannonregionmat,8.6052841,0.12,0.12,1,1,1,1,0.717107,0.01,-296.9848481,1269.20517,-1779.8679204,0,0,0,1;
custom,killcuboid,cannonregionmat,8.6052841,0.12,0.12,1,1,1,1,0.717107,0.01,-296.9843903,1269.2052612,-1719.8679204,0,0,0,1;
custom,killcuboid,cannonregionmat,0.12,0.12,6.1199999,1,1,1,1,0.01,0.01,-339.4112549,1269.20517,-1749.8679204,0,0,0,1;
custom,killcuboid,cannonregionmat,0.12,0.12,6.1199999,1,1,1,1,0.01,0.01,-339.4112092,1269.2050776,-1827.8679204,0,0,0,1;
custom,killcuboid,cannonregionmat,0.12,0.12,6.1199999,1,1,1,1,0.01,0.01,-339.4112092,1269.2052612,-1905.8679204,0,0,0,1;
custom,killcuboid,cannonregionmat,0.12,0.12,6.1199999,1,1,1,1,0.01,0.01,-254.5583954,1269.2052612,-1905.8679204,0,0,0,1;
custom,killcuboid,cannonregionmat,0.12,0.12,6.1199999,1,1,1,1,0.01,0.01,-254.5584869,1269.2052612,-1827.8679204,0,0,0,1;
custom,killcuboid,cannonregionmat,0.12,0.12,6.1199999,1,1,1,1,0.01,0.01,-254.5583954,1269.2052612,-1749.8640744,0,0,0,1;

