map,disablebounds;
custom,killcuboid,empty,0.1000019535,0.1000000015,30.00000381,1,0,1,1,0.01000019535,3.000000381,1.91E-05,2014.784546,150.0000191,0,-0.7071067691,0,0.7071068287;
custom,killcuboid,empty,0.1000000015,0.1000000015,4,1,0,1,1,0.01000000015,0.4,150.0000381,2014.784546,130.0000191,0,0,0,1;
custom,killcuboid,empty,0.1000000015,0.1000000015,4,1,0,1,1,0.01000000015,0.4,150.0000381,1974.784546,130.0000191,0,0,0,1;
custom,killcuboid,empty,0.1000000015,0.1000000015,4,1,0,1,1,0.01000000015,0.4,150.0000381,1974.784546,-129.9999809,0,0,0,1;
custom,killcuboid,empty,0.1000000015,0.1000000015,4,1,0,1,1,0.01000000015,0.4,130.0000381,1974.784546,-149.9999809,0,0.7071067691,0,0.7071068287;
custom,killcuboid,empty,0.1000000015,0.1000000015,4,1,0,1,1,0.01000000015,0.4,150.0000381,1934.784546,-129.9999809,0,0,0,1;
custom,killcuboid,empty,0.1000000015,0.1000000015,4,1,0,1,1,0.01000000015,0.4,130.0000381,1934.784546,-149.9999809,0,0.7071067691,0,0.7071068287;
custom,killcuboid,empty,0.1000000015,0.1000000015,4,1,0,1,1,0.01000000015,0.4,-129.9999619,1934.784546,-149.9999809,0,0.7071067691,0,0.7071067691;
custom,killcuboid,empty,0.1000000015,0.1000000015,4,1,0,1,1,0.01000000015,0.4,-149.9999619,1934.784546,-129.9999809,0,1,0,7.55E-08;
custom,killcuboid,empty,0.1000000015,0.1000000015,4,1,0,1,1,0.01000000015,0.4,-129.9999619,1894.784546,-149.9999809,0,0.7071067691,0,0.7071067691;
custom,killcuboid,empty,0.1000000015,0.1000000015,4,1,0,1,1,0.01000000015,0.4,-149.9999619,1894.784546,-129.9999809,0,1,0,7.55E-08;
custom,killcuboid,empty,0.1000000015,0.1000000015,4,1,0,1,1,0.01000000015,0.4,-149.9999905,1894.784546,79.99994278,0,1,0,7.55E-08;
custom,killcuboid,empty,0.1000000015,0.1000000015,4,1,0,1,1,0.01000000015,0.4,-129.9999905,1894.784546,99.99994278,0,0.7071067691,0,-0.7071067691;
custom,killcuboid,empty,0.1000000015,0.1000000015,4,1,0,1,1,0.01000000015,0.4,-149.9999905,1854.784546,79.99994278,0,1,0,7.55E-08;
custom,killcuboid,empty,0.1000000015,0.1000000015,4,1,0,1,1,0.01000000015,0.4,-129.9999905,1854.784546,99.99994278,0,0.7071067691,0,-0.7071067691;
custom,killcuboid,empty,0.1000000015,0.1000000015,4,1,0,1,1,0.01000000015,0.4,79.99993324,1854.784546,100,0,0.7071067691,0,-0.7071067691;
custom,killcuboid,empty,0.1000000015,0.1000000015,4,1,0,1,1,0.01000000015,0.4,99.99993324,1854.784546,80,0,-8.74E-08,0,-1;
custom,killcuboid,empty,0.1000000015,0.1000000015,4,1,0,1,1,0.01000000015,0.4,79.99993324,1814.784546,100,0,0.7071067691,0,-0.7071067691;
custom,killcuboid,empty,0.1000000015,0.1000000015,4,1,0,1,1,0.01000000015,0.4,99.99993324,1814.784546,80,0,-8.74E-08,0,-1;
custom,killcuboid,empty,0.1000000015,0.1000000015,4,1,0,1,1,0.01000000015,0.4,100,1814.784546,-79.99994278,0,-8.74E-08,0,-1;
custom,killcuboid,empty,0.1000000015,0.1000000015,4,1,0,1,1,0.01000000015,0.4,79.99999523,1814.784546,-99.99992371,0,-0.7071068883,0,-0.7071066499;
custom,killcuboid,empty,0.1000000015,0.1000000015,4,1,0,1,1,0.01000000015,0.4,100,1774.784546,-79.99994278,0,-8.74E-08,0,-1;
custom,killcuboid,empty,0.1000000015,0.1000000015,4,1,0,1,1,0.01000000015,0.4,79.99999523,1774.784546,-99.99992371,0,-0.7071068883,0,-0.7071066499;
custom,killcuboid,empty,0.1000000015,0.1000000015,4,1,0,1,1,0.01000000015,0.4,-79.99994278,1774.784241,-100,0,-0.7071068883,0,-0.7071066499;
custom,killcuboid,empty,0.1000000015,0.1000000015,4,1,0,1,1,0.01000000015,0.4,-99.99992371,1774.784241,-79.99999046,0,-1,0,4.89E-07;
custom,killcuboid,empty,0.1000000015,0.1000000015,4,1,0,1,1,0.01000000015,0.4,-79.99994278,1734.784241,-100,0,-0.7071068883,0,-0.7071066499;
custom,killcuboid,empty,0.1000000015,0.1000000015,4,1,0,1,1,0.01000000015,0.4,-99.99992371,1734.784241,-79.99999046,0,-1,0,4.89E-07;
custom,killcuboid,empty,0.1000000015,0.1000000015,4,1,0,1,1,0.01000000015,0.4,-100,1734.784241,29.99994278,0,-1,0,4.89E-07;
custom,killcuboid,empty,0.1000000015,0.1000000015,4,1,0,1,1,0.01000000015,0.4,-79.99998569,1734.784241,49.99993324,0,-0.7071062326,0,0.7071073651;
custom,killcuboid,empty,0.1000000015,0.1000000015,4,1,0,1,1,0.01000000015,0.4,-100,1694.784241,29.99994278,0,-1,0,4.89E-07;
custom,killcuboid,empty,0.1000000015,0.1000000015,4,1,0,1,1,0.01000000015,0.4,-79.99998569,1694.784241,49.99993324,0,-0.7071062326,0,0.7071073651;
custom,killcuboid,empty,0.1000000015,0.1000000015,4,1,0,1,1,0.01000000015,0.4,29.99994278,1694.784241,50,0,-0.7071062326,0,0.7071073651;
custom,killcuboid,empty,0.1000135466,0.1000000015,9.999998093,1,0,1,1,0.01000135466,0.9999998093,49.99993801,1694.784241,-4.77E-06,0,1.13E-06,0,1;
custom,killcuboid,empty,0.1000000015,0.1000000015,4,1,0,1,1,0.01000000015,0.4,29.99994278,1654.784241,50,0,-0.7071062326,0,0.7071073651;
custom,killcuboid,empty,0.1000135466,0.1000000015,9.999998093,1,0,1,1,0.01000135466,0.9999998093,49.99993801,1654.784241,-4.77E-06,0,1.13E-06,0,1;
custom,killcuboid,empty,0.1000173837,0.1000000015,9.999998093,1,0,1,1,0.01000173837,0.9999998093,0,1694.784241,-49.99993801,0,0.7071077824,0,0.7071057558;
custom,killcuboid,empty,0.1000173837,0.1000000015,9.999998093,1,0,1,1,0.01000173837,0.9999998093,0,1654.784241,-49.99993801,0,0.7071077824,0,0.7071057558;
custom,killcuboid,empty,0.1000000015,0.1000000015,4,1,0,1,1,0.01000000015,0.4,-49.99993801,1694.784241,-29.99999523,0,1,0,-1.29E-06;
custom,killcuboid,empty,0.1000000015,0.1000000015,4,1,0,1,1,0.01000000015,0.4,-49.99993801,1654.784241,-29.99999523,0,1,0,-1.29E-06;
custom,killcuboid,empty,0.1000000015,0.1000000015,4,1,0,1,1,0.01000000015,0.4,-150.0001526,1334.784393,-130.0000286,2.49E-22,3.30E-15,1,7.55E-08;
custom,killcuboid,empty,0.1000000015,0.1000000015,4,1,0,1,1,0.01000000015,0.4,-130.0001526,1334.784393,-150.0000286,-0.7071067691,5.34E-08,0.7071067691,5.34E-08;
custom,killcuboid,empty,0.1000000015,0.1000000015,4,1,0,1,1,0.01000000015,0.4,-150.0001526,1374.784393,-130.0000286,2.49E-22,3.30E-15,1,7.55E-08;
custom,killcuboid,empty,0.1000000015,0.1000000015,4,1,0,1,1,0.01000000015,0.4,-130.0001526,1374.784393,-150.0000286,-0.7071067691,5.34E-08,0.7071067691,5.34E-08;
custom,killcuboid,empty,0.1000000015,0.1000000015,4,1,0,1,1,0.01000000015,0.4,129.9998569,1374.784393,-150.0000572,-0.7071067691,5.34E-08,0.7071067691,5.34E-08;
custom,killcuboid,empty,0.1000000015,0.1000000015,4,1,0,1,1,0.01000000015,0.4,149.9998569,1374.784393,-130.0000572,-1,7.55E-08,1.63E-07,-9.00E-15;
custom,killcuboid,empty,0.1000000015,0.1000000015,4,1,0,1,1,0.01000000015,0.4,129.9998569,1414.784393,-150.0000572,-0.7071067691,5.34E-08,0.7071067691,5.34E-08;
custom,killcuboid,empty,0.1000000015,0.1000000015,4,1,0,1,1,0.01000000015,0.4,149.9998569,1414.784393,-130.0000572,-1,7.55E-08,1.63E-07,-9.00E-15;
custom,killcuboid,empty,0.1000000015,0.1000000015,4,1,0,1,1,0.01000000015,0.4,149.9998856,1414.784393,129.9999523,-1,7.55E-08,-7.55E-08,3.79E-15;
custom,killcuboid,empty,0.1000000015,0.1000000015,4,1,0,1,1,0.01000000015,0.4,129.9998856,1414.784393,149.9999523,-0.7071069479,5.34E-08,-0.7071065903,-5.34E-08;
custom,killcuboid,empty,0.1000000015,0.1000000015,4,1,0,1,1,0.01000000015,0.4,149.9998856,1454.784393,129.9999523,-1,7.55E-08,-7.55E-08,3.79E-15;
custom,killcuboid,empty,0.1000000015,0.1000000015,4,1,0,1,1,0.01000000015,0.4,129.9998856,1454.784393,149.9999523,-0.7071069479,5.34E-08,-0.7071065903,-5.34E-08;
custom,killcuboid,empty,0.1000000015,0.1000000015,4,1,0,1,1,0.01000000015,0.4,-80.00004768,1454.784393,149.9999809,-0.7071069479,5.34E-08,-0.7071065903,-5.34E-08;
custom,killcuboid,empty,0.1000000015,0.1000000015,4,1,0,1,1,0.01000000015,0.4,-100.0000477,1454.784393,129.9999809,-8.74E-08,-7.12E-15,-1,-7.55E-08;
custom,killcuboid,empty,0.1000000015,0.1000000015,4,1,0,1,1,0.01000000015,0.4,-80.00003815,1494.784393,149.9999905,-0.7071069479,5.34E-08,-0.7071065903,-5.34E-08;
custom,killcuboid,empty,0.1000000015,0.1000000015,4,1,0,1,1,0.01000000015,0.4,-100.0000477,1494.784393,129.9999809,-8.74E-08,-7.12E-15,-1,-7.55E-08;
custom,killcuboid,empty,0.1000000015,0.1000000015,4,1,0,1,1,0.01000000015,0.4,-100.0001049,1494.784393,-79.99992847,-8.74E-08,-7.12E-15,-1,-7.55E-08;
custom,killcuboid,empty,0.1000000015,0.1000000015,4,1,0,1,1,0.01000000015,0.4,-80.0001049,1494.784393,-99.99993324,0.7071066499,-5.34E-08,-0.7071068883,-5.34E-08;
custom,killcuboid,empty,0.1000000015,0.1000000015,4,1,0,1,1,0.01000000015,0.4,-100.0001049,1534.784393,-79.99992847,-8.74E-08,-7.12E-15,-1,-7.55E-08;
custom,killcuboid,empty,0.1000000015,0.1000000015,4,1,0,1,1,0.01000000015,0.4,-80.0001049,1534.784393,-99.99993324,0.7071066499,-5.34E-08,-0.7071068883,-5.34E-08;
custom,killcuboid,empty,0.1000000015,0.1000000015,4,1,0,1,1,0.01000000015,0.4,79.99983311,1534.784546,-100.0000095,0.7071066499,-5.34E-08,-0.7071068883,-5.34E-08;
custom,killcuboid,empty,0.1000000015,0.1000000015,4,1,0,1,1,0.01000000015,0.4,99.99980927,1534.784546,-80,1,-7.55E-08,-1.19E-08,1.57E-14;
custom,killcuboid,empty,0.1000000015,0.1000000015,4,1,0,1,1,0.01000000015,0.4,79.99984264,1574.784546,-100,0.7071066499,-5.34E-08,-0.7071068883,-5.34E-08;
custom,killcuboid,empty,0.1000000015,0.1000000015,4,1,0,1,1,0.01000000015,0.4,99.99980927,1574.784546,-80,1,-7.55E-08,-1.19E-08,1.57E-14;
custom,killcuboid,empty,0.1000000015,0.1000000015,4,1,0,1,1,0.01000000015,0.4,99.99988556,1574.784546,79.99993801,1,-7.55E-08,-1.19E-08,1.57E-14;
custom,killcuboid,empty,0.1000000015,0.1000000015,4,1,0,1,1,0.01000000015,0.4,79.99990463,1574.784546,99.99992371,0.7071066499,-5.34E-08,0.7071068883,5.34E-08;
custom,killcuboid,empty,0.1000000015,0.1000000015,4,1,0,1,1,0.01000000015,0.4,99.99990463,1614.784546,79.99993801,1,-7.55E-08,-1.19E-08,1.57E-14;
custom,killcuboid,empty,0.1000000015,0.1000000015,4,1,0,1,1,0.01000000015,0.4,79.99990463,1614.784546,99.99992371,0.7071066499,-5.34E-08,0.7071068883,5.34E-08;
custom,killcuboid,empty,0.1000000015,0.1000000015,4,1,0,1,1,0.01000000015,0.4,-30.00003338,1614.784546,100,0.7071066499,-5.34E-08,0.7071068883,5.34E-08;
custom,killcuboid,empty,0.1000000015,0.1000000015,4,1,0,1,1,0.01000000015,0.4,-50.00002384,1614.784546,79.99999046,-3.02E-07,4.79E-14,1,7.55E-08;
custom,killcuboid,empty,0.1000000015,0.1000000015,4,1,0,1,1,0.01000000015,0.4,-30.00003338,1654.784546,100,0.7071066499,-5.34E-08,0.7071068883,5.34E-08;
custom,killcuboid,empty,0.1000000015,0.1000000015,4,1,0,1,1,0.01000000015,0.4,-50.00002384,1654.784546,79.99999046,-3.02E-07,4.79E-14,1,7.55E-08;
custom,killcuboid,empty,0.1000019535,0.1000000015,30.00000381,1,0,1,1,0.01000019535,3.000000381,1.91E-05,1974.784546,150.0000191,0,-0.7071067691,0,0.7071068287;
custom,killcuboid,empty,0.1000000015,0.1000000015,4,1,0,1,1,0.01000000015,0.4,-170.0001526,1334.784393,-110.0000286,-0.7071067691,-5.34E-08,0.7071067691,5.34E-08;
custom,killcuboid,empty,0.1000000015,0.1000000015,4,1,0,1,1,0.01000000015,0.4,-170.0001526,1374.784393,-110.0000286,-0.7071067691,-5.34E-08,0.7071067691,5.34E-08;
custom,killcuboid,empty,0.1000000015,0.1000000015,4,1,0,1,1,0.01000000015,0.4,-190.0001526,1354.784393,-110.0000286,-0.5000001192,0.5,0.4999999106,0.4999999404;
custom,killcuboid,empty,0.1000000015,0.1000000015,4,1,0,1,1,0.01000000015,0.4,-150.0001526,1354.784393,-110.0000286,-0.5000001192,0.5,0.4999999106,0.4999999404;
custom,killcuboid,empty,0.1000000015,0.1000000015,4,1,0,1,1,0.01000000015,0.4,-170.0001526,1334.784393,-70.00002861,-0.7071067691,-5.34E-08,0.7071067691,5.34E-08;
custom,killcuboid,empty,0.1000000015,0.1000000015,4,1,0,1,1,0.01000000015,0.4,-170.0001526,1374.784393,-70.00002861,-0.7071067691,-5.34E-08,0.7071067691,5.34E-08;
custom,killcuboid,empty,0.1000000015,0.1000000015,4,1,0,1,1,0.01000000015,0.4,-190.0001526,1354.784393,-70.00002861,-0.5000001192,0.5,0.4999999106,0.4999999404;
custom,killcuboid,empty,0.1000000015,0.1000000015,4,1,0,1,1,0.01000000015,0.4,-150.0001526,1354.784393,-70.00002861,-0.5000001192,0.5,0.4999999106,0.4999999404;
custom,killcuboid,empty,0.1000000015,0.1000000015,8,1,0,1,1,0.01000000015,0.8,190.0000381,2014.784546,150.0000191,0,0,0,1;
custom,killcuboid,empty,0.1000000015,0.1000000015,8,1,0,1,1,0.01000000015,0.8,190.0000381,1974.784546,150.0000191,0,0,0,1;
custom,killcuboid,empty,0.1000019535,0.1000000015,34.00000381,1,0,1,1,0.01000019535,3.400000381,19.99998093,2014.784546,190.0000572,0,-0.7071067691,0,0.7071068287;
custom,killcuboid,empty,0.1000000015,0.1000000015,8,1,0,1,1,0.01000000015,0.8,150.0000095,1974.784241,-190.0000572,0,0.7071067691,0,0.7071067691;
custom,killcuboid,empty,0.1000000015,0.1000000015,8,1,0,1,1,0.01000000015,0.8,150.0000095,1934.784241,-190.0000572,0,0.7071067691,0,0.7071067691;
custom,killcuboid,empty,0.1000000015,0.1000000015,8,1,0,1,1,0.01000000015,0.8,190.0000572,1974.784241,-150.0000191,0,5.96E-08,0,1;
custom,killcuboid,empty,0.1000000015,0.1000000015,8,1,0,1,1,0.01000000015,0.8,190.0000572,1934.784241,-150.0000191,0,5.96E-08,0,1;
custom,killcuboid,empty,0.1000000015,0.1000000015,8,1,0,1,1,0.01000000015,0.8,-190.0000763,1934.784241,-150,0,1,0,-1.63E-07;
custom,killcuboid,empty,0.1000000015,0.1000000015,8,1,0,1,1,0.01000000015,0.8,-190.0000763,1894.784241,-150,0,1,0,-1.63E-07;
custom,killcuboid,empty,0.1000000015,0.1000000015,8,1,0,1,1,0.01000000015,0.8,-150.0000191,1934.784241,-190.0000572,0,0.7071068287,0,0.7071067095;
custom,killcuboid,empty,0.1000000015,0.1000000015,8,1,0,1,1,0.01000000015,0.8,-150.0000191,1894.784241,-190.0000572,0,0.7071068287,0,0.7071067095;
custom,killcuboid,empty,0.1000000015,0.1000000015,8,1,0,1,1,0.01000000015,0.8,-149.9999905,1894.783936,140.0000763,0,0.7071065903,0,-0.7071069479;
custom,killcuboid,empty,0.1000000015,0.1000000015,8,1,0,1,1,0.01000000015,0.8,-149.9999905,1854.783936,140.0000763,0,0.7071065903,0,-0.7071069479;
custom,killcuboid,empty,0.1000000015,0.1000000015,8,1,0,1,1,0.01000000015,0.8,-190.0000572,1894.783936,100.0000191,0,1,0,-1.63E-07;
custom,killcuboid,empty,0.1000000015,0.1000000015,8,1,0,1,1,0.01000000015,0.8,-190.0000572,1854.783936,100.0000191,0,1,0,-1.63E-07;
custom,killcuboid,empty,0.1000000015,0.1000000015,8,1,0,1,1,0.01000000015,0.8,140.0000858,1854.783936,99.99998093,0,-3.26E-07,0,-1;
custom,killcuboid,empty,0.1000000015,0.1000000015,8,1,0,1,1,0.01000000015,0.8,140.0000858,1814.783936,99.99998093,0,-3.26E-07,0,-1;
custom,killcuboid,empty,0.1000000015,0.1000000015,8,1,0,1,1,0.01000000015,0.8,100.0000191,1854.783936,140.0000572,0,0.7071065903,0,-0.7071069479;
custom,killcuboid,empty,0.1000000015,0.1000000015,8,1,0,1,1,0.01000000015,0.8,100.0000191,1814.783936,140.0000572,0,0.7071065903,0,-0.7071069479;
custom,killcuboid,empty,0.1000000015,0.1000000015,8,1,0,1,1,0.01000000015,0.8,99.99997139,1814.783936,-140.0000954,0,-0.7071070671,0,-0.7071064711;
custom,killcuboid,empty,0.1000000015,0.1000000015,8,1,0,1,1,0.01000000015,0.8,99.99997139,1774.783936,-140.0000954,0,-0.7071070671,0,-0.7071064711;
custom,killcuboid,empty,0.1000000015,0.1000000015,8,1,0,1,1,0.01000000015,0.8,140.0000572,1814.783936,-100.0000191,0,-3.26E-07,0,-1;
custom,killcuboid,empty,0.1000000015,0.1000000015,8,1,0,1,1,0.01000000015,0.8,140.0000572,1774.783936,-100.0000191,0,-3.26E-07,0,-1;
custom,killcuboid,empty,0.1000000015,0.1000000015,8,1,0,1,1,0.01000000015,0.8,-140.0001049,1774.78363,-99.99996185,0,-1,0,4.89E-07;
custom,killcuboid,empty,0.1000000015,0.1000000015,8,1,0,1,1,0.01000000015,0.8,-140.0001049,1734.783936,-99.99996185,0,-1,0,4.89E-07;
custom,killcuboid,empty,0.1000000015,0.1000000015,8,1,0,1,1,0.01000000015,0.8,-100.0000191,1774.78363,-140.0000572,0,-0.7071070671,0,-0.7071064711;
custom,killcuboid,empty,0.1000000015,0.1000000015,8,1,0,1,1,0.01000000015,0.8,-100.0000191,1734.783936,-140.0000572,0,-0.7071070671,0,-0.7071064711;
custom,killcuboid,empty,0.1000000015,0.1000000015,8,1,0,1,1,0.01000000015,0.8,-99.99995232,1734.78363,90.00011444,0,-0.7071062326,0,0.7071073651;
custom,killcuboid,empty,0.1000000015,0.1000000015,8,1,0,1,1,0.01000000015,0.8,-99.99995232,1694.78363,90.00011444,0,-0.7071062326,0,0.7071073651;
custom,killcuboid,empty,0.1000000015,0.1000000015,8,1,0,1,1,0.01000000015,0.8,-140.0000572,1734.78363,50.00001907,0,-1,0,4.89E-07;
custom,killcuboid,empty,0.1000000015,0.1000000015,8,1,0,1,1,0.01000000015,0.8,-140.0000572,1694.78363,50.00001907,0,-1,0,4.89E-07;
custom,killcuboid,empty,0.1000000015,0.1000000015,8,1,0,1,1,0.01000000015,0.8,-49.99999046,1654.785156,140.0000858,0.7071066499,-5.34E-08,0.7071068883,5.34E-08;
custom,killcuboid,empty,0.1000000015,0.1000000015,8,1,0,1,1,0.01000000015,0.8,-50,1614.785461,140.0000763,0.7071066499,-5.34E-08,0.7071068883,5.34E-08;
custom,killcuboid,empty,0.1000000015,0.1000000015,8,1,0,1,1,0.01000000015,0.8,-90.00007629,1654.785156,99.99996185,-3.02E-07,9.93E-14,1,7.55E-08;
custom,killcuboid,empty,0.1000000015,0.1000000015,8,1,0,1,1,0.01000000015,0.8,-90.00009537,1614.785461,99.99998093,-3.02E-07,9.93E-14,1,7.55E-08;
custom,killcuboid,empty,0.1000000015,0.1000000015,8,1,0,1,1,0.01000000015,0.8,140.0000763,1614.785156,100.0000572,1,-7.55E-08,-1.19E-08,6.24E-14;
custom,killcuboid,empty,0.1000000015,0.1000000015,8,1,0,1,1,0.01000000015,0.8,140.0000572,1574.785156,100.0000572,1,-7.55E-08,-1.19E-08,6.24E-14;
custom,killcuboid,empty,0.1000000015,0.1000000015,8,1,0,1,1,0.01000000015,0.8,99.99997139,1614.785156,140.0001431,0.7071066499,-5.34E-08,0.7071068883,5.34E-08;
custom,killcuboid,empty,0.1000000015,0.1000000015,8,1,0,1,1,0.01000000015,0.8,99.99997139,1574.785156,140.0001431,0.7071066499,-5.34E-08,0.7071068883,5.34E-08;
custom,killcuboid,empty,0.1000000015,0.1000000015,8,1,0,1,1,0.01000000015,0.8,100.0000381,1574.785156,-140.0000191,0.7071068287,-5.34E-08,-0.7071067095,-5.34E-08;
custom,killcuboid,empty,0.1000000015,0.1000000015,8,1,0,1,1,0.01000000015,0.8,100.0000381,1534.785156,-140.0000191,0.7071068287,-5.34E-08,-0.7071067095,-5.34E-08;
custom,killcuboid,empty,0.1000000015,0.1000000015,8,1,0,1,1,0.01000000015,0.8,140.0001144,1574.785156,-99.99994278,1,-7.55E-08,-1.19E-08,6.24E-14;
custom,killcuboid,empty,0.1000000015,0.1000000015,8,1,0,1,1,0.01000000015,0.8,140.0001144,1534.785156,-99.99994278,1,-7.55E-08,-1.19E-08,6.24E-14;
custom,killcuboid,empty,0.1000000015,0.1000000015,8,1,0,1,1,0.01000000015,0.8,-140.0000191,1534.785156,-100,1.51E-07,-2.55E-14,-1,-7.55E-08;
custom,killcuboid,empty,0.1000000015,0.1000000015,8,1,0,1,1,0.01000000015,0.8,-140.0000381,1494.785156,-100,1.51E-07,-2.55E-14,-1,-7.55E-08;
custom,killcuboid,empty,0.1000000015,0.1000000015,8,1,0,1,1,0.01000000015,0.8,-99.99995232,1534.785156,-140.0000668,0.7071068287,-5.34E-08,-0.7071067095,-5.34E-08;
custom,killcuboid,empty,0.1000000015,0.1000000015,8,1,0,1,1,0.01000000015,0.8,-99.99995232,1494.785156,-140.0000668,0.7071068287,-5.34E-08,-0.7071067095,-5.34E-08;
custom,killcuboid,empty,0.1000000015,0.1000000015,8,1,0,1,1,0.01000000015,0.8,-100.0000286,1494.784851,190.0000763,-0.7071065903,5.34E-08,-0.7071069479,-5.34E-08;
custom,killcuboid,empty,0.1000000015,0.1000000015,8,1,0,1,1,0.01000000015,0.8,-100.0000286,1454.784851,190.0000763,-0.7071065903,5.34E-08,-0.7071069479,-5.34E-08;
custom,killcuboid,empty,0.1000000015,0.1000000015,8,1,0,1,1,0.01000000015,0.8,-140.0000763,1494.784851,150,1.51E-07,-2.55E-14,-1,-7.55E-08;
custom,killcuboid,empty,0.1000000015,0.1000000015,8,1,0,1,1,0.01000000015,0.8,-140.0000763,1454.784851,150,1.51E-07,-2.55E-14,-1,-7.55E-08;
custom,killcuboid,empty,0.1000000015,0.1000000015,8,1,0,1,1,0.01000000015,0.8,190.0000572,1454.784851,150.0000572,-1,7.55E-08,-7.55E-08,-6.60E-15;
custom,killcuboid,empty,0.1000000015,0.1000000015,8,1,0,1,1,0.01000000015,0.8,190.0000191,1414.784851,150.0000572,-1,7.55E-08,-7.55E-08,-6.60E-15;
custom,killcuboid,empty,0.1000000015,0.1000000015,8,1,0,1,1,0.01000000015,0.8,150,1454.784851,190.0001144,-0.7071065903,5.34E-08,-0.7071069479,-5.34E-08;
custom,killcuboid,empty,0.1000000015,0.1000000015,8,1,0,1,1,0.01000000015,0.8,150,1414.784851,190.0001144,-0.7071065903,5.34E-08,-0.7071069479,-5.34E-08;
custom,killcuboid,empty,0.1000000015,0.1000000015,8,1,0,1,1,0.01000000015,0.8,150.0000477,1414.784546,-190.0000191,-0.7071068287,5.34E-08,0.7071067095,5.34E-08;
custom,killcuboid,empty,0.1000000015,0.1000000015,8,1,0,1,1,0.01000000015,0.8,150.0000286,1374.784546,-190.0000381,-0.7071068287,5.34E-08,0.7071067095,5.34E-08;
custom,killcuboid,empty,0.1000000015,0.1000000015,8,1,0,1,1,0.01000000015,0.8,190.0000572,1414.784546,-149.9999809,-1,7.55E-08,-7.55E-08,2.40E-15;
custom,killcuboid,empty,0.1000000015,0.1000000015,8,1,0,1,1,0.01000000015,0.8,190.0000572,1374.784546,-149.9999809,-1,7.55E-08,-7.55E-08,2.40E-15;
custom,killcuboid,empty,0.1000000015,0.1000000015,8,1,0,1,1,0.01000000015,0.8,-190.0000763,1374.784546,-150,-5.96E-08,1.20E-15,1,7.55E-08;
custom,killcuboid,empty,0.1000000015,0.1000000015,8,1,0,1,1,0.01000000015,0.8,-190.0000763,1334.784546,-150,-5.96E-08,1.20E-15,1,7.55E-08;
custom,killcuboid,empty,0.1000000015,0.1000000015,8,1,0,1,1,0.01000000015,0.8,-150.0000381,1374.784546,-190.0000381,-0.7071068287,5.34E-08,0.7071067691,5.34E-08;
custom,killcuboid,empty,0.1000000015,0.1000000015,8,1,0,1,1,0.01000000015,0.8,-150.0000381,1334.784546,-190.0000381,-0.7071068287,5.34E-08,0.7071067691,5.34E-08;
custom,killcuboid,empty,0.1000000015,0.1000000015,8,1,0,1,1,0.01000000015,0.8,49.99997139,1654.785156,90.00014305,0.7071066499,-5.34E-08,0.7071068883,5.34E-08;
custom,killcuboid,empty,0.1000000015,0.1000000015,8,1,0,1,1,0.01000000015,0.8,49.99997139,1694.785156,90.00014305,0.7071066499,-5.34E-08,0.7071068883,5.34E-08;
custom,killcuboid,empty,0.1000002399,0.1000000015,18.00000572,1,0,1,1,0.01000002399,1.800000572,90.00005722,1654.785156,2.86E-05,1,-7.55E-08,-1.19E-08,6.24E-14;
custom,killcuboid,empty,0.1000002399,0.1000000015,18.00000572,1,0,1,1,0.01000002399,1.800000572,90.00007629,1694.785156,2.86E-05,1,-7.55E-08,-1.19E-08,6.24E-14;
custom,killcuboid,empty,0.1000066325,0.1000015065,17.99999619,1,0,1,1,0.01000066325,1.799999619,-1.43E-05,1654.785156,-89.99994278,0.7071065307,-2.25E-08,-0.7071070075,-8.43E-08;
custom,killcuboid,empty,0.1000066325,0.1000015065,17.99999619,1,0,1,1,0.01000066325,1.799999619,-4.77E-06,1694.785156,-89.99995232,0.7071065307,-2.25E-08,-0.7071070075,-8.43E-08;
custom,killcuboid,empty,0.1000000015,0.1000000015,8,1,0,1,1,0.01000000015,0.8,-90.00002861,1654.785156,-49.99986649,-6.52E-07,-7.55E-08,-1,-1.63E-07;
custom,killcuboid,empty,0.1000000015,0.1000000015,8,1,0,1,1,0.01000000015,0.8,-90.00003815,1694.785156,-49.99987602,-6.52E-07,-7.55E-08,-1,-1.63E-07;
custom,killcuboid,empty,0.1000000015,0.1000000015,4,1,0,1,1,0.01000000015,0.4,-170.0000191,2014.784546,190.0000381,0,0.7071065903,0,-0.7071069479;
custom,killcuboid,empty,0.1000026241,0.1000000015,34.04999924,1,0,1,1,0.01000026241,3.404999924,-190.0000191,2014.784546,19.75000381,0,-1,0,-4.37E-08;
custom,killcuboid,empty,0.1000022814,0.1000000015,30.04999924,1,0,1,1,0.01000022814,3.004999924,-150.0000381,2014.784546,-0.2499771118,0,-1,0,-4.37E-08;
custom,killcuboid,empty,0.1000019535,0.1000000015,34.00000381,1,0,1,1,0.01000019535,3.400000381,19.99998093,1974.784546,190.0000572,0,-0.7071067691,0,0.7071068287;
custom,killcuboid,empty,0.1000000015,0.1000000015,4,1,0,1,1,0.01000000015,0.4,-170.0000191,1974.784546,190.0000381,0,0.7071065903,0,-0.7071069479;
custom,killcuboid,empty,0.1000026241,0.1000000015,34.04999924,1,0,1,1,0.01000026241,3.404999924,-190.0000191,1974.784546,19.75000381,0,-1,0,-4.37E-08;
custom,killcuboid,empty,0.1000022814,0.1000000015,30.04999924,1,0,1,1,0.01000022814,3.004999924,-150.0000381,1974.784546,-0.2499771118,0,-1,0,-4.37E-08;
custom,killcuboid,empty,0.1000000015,0.1000000015,4,1,0,1,1,0.01000000015,0.4,-170.0000191,2014.784546,-149.9999619,0,0.7071065903,0,-0.7071069479;
custom,killcuboid,empty,0.1000000015,0.1000000015,4,1,0,1,1,0.01000000015,0.4,-170.0000191,1974.784546,-149.9999619,0,0.7071065903,0,-0.7071069479;
custom,killcuboid,empty,0.1000000015,0.1000000015,4,1,0,1,1,0.01000000015,0.4,-190.0000191,1994.784546,-149.9999619,-0.499999851,0.4999998808,-0.5000001192,-0.5000001192;
custom,killcuboid,empty,0.1000000015,0.1000000015,4,1,0,1,1,0.01000000015,0.4,-150.0000191,1994.784546,-149.9999619,-0.499999851,0.4999998808,-0.5000001192,-0.5000001192;
custom,killcuboid,empty,22.37852669,0.1000000015,0.1000000015,1,0,1,1,2.237852669,0.01000000015,190.0000572,1994.794312,-0.002067551686,-0.7042490244,0.06350902468,0.7042489648,-0.06350891292;
custom,killcuboid,empty,22.37852669,0.1000000015,0.1000000015,1,0,1,1,2.237852669,0.01000000015,150.0000668,1994.794312,-0.002067551686,-0.7042490244,0.06350902468,0.7042489648,-0.06350891292;
custom,killcuboid,empty,22.37852478,0.1000000089,0.1000000015,1,0,1,1,2.237852478,0.01000000015,0.0008583062299,1954.778595,-190.0000572,-5.94E-08,5.33E-09,0.9959648252,-0.08974422514;
custom,killcuboid,empty,22.37852478,0.1000000089,0.1000000015,1,0,1,1,2.237852478,0.01000000015,0.0009155266889,1954.7789,-149.9999619,-5.94E-08,5.33E-09,0.9959648252,-0.08974422514;
custom,killcuboid,empty,12.68026161,0.1000000015,0.1000000015,1,0,1,1,1.268026161,0.01000000015,0.004630088806,1754.771729,-99.99991417,5.56E-16,-3.43E-15,0.9871028066,-0.1600877196;
custom,killcuboid,empty,22.37852669,0.1000000015,0.1000000015,1,0,1,1,2.237852669,0.01000000015,190.0000381,1954.774475,0.001832976268,-0.7042490244,0.06350902468,0.7042489648,-0.06350891292;
custom,killcuboid,empty,8.109566689,0.1000000015,0.1000000015,1,0,1,1,0.8109566689,0.01000000015,-100.0000381,1714.756775,-25.02009869,-0.683488369,0.1812211275,-0.6834914684,0.1812234968;
custom,killcuboid,empty,22.37852669,0.1000000015,0.1000000015,1,0,1,1,2.237852669,0.01000000015,150.0000477,1954.774475,0.001832976268,-0.7042490244,0.06350902468,0.7042489648,-0.06350891292;
custom,killcuboid,empty,8.109485626,0.1000000015,0.1000000015,1,0,1,1,0.8109485626,0.01000000015,-25.0195694,1674.758453,49.99990463,-0.9666062593,0.2562660277,-3.21E-07,9.56E-07;
custom,killcuboid,empty,22.37852478,0.1000000089,0.1000000015,1,0,1,1,2.237852478,0.01000000015,-0.001029968917,1914.789886,-190.0000763,-5.94E-08,5.33E-09,0.9959648252,-0.08974422514;
custom,killcuboid,empty,17.48698425,0.1000000089,0.1000000015,1,0,1,1,1.748698425,0.01000000015,-189.999752,1914.786682,-24.99854803,-0.7023952603,0.08147854358,-0.7023981214,0.08148042113;
custom,killcuboid,empty,22.37852478,0.1000000089,0.1000000015,1,0,1,1,2.237852478,0.01000000015,-0.0009727484576,1914.790192,-149.9999809,-5.94E-08,5.33E-09,0.9959648252,-0.08974422514;
custom,killcuboid,empty,17.48698425,0.1000000089,0.1000000015,1,0,1,1,1.748698425,0.01000000015,-149.9618244,1914.786682,-24.99837637,-0.7023952603,0.08147854358,-0.7023981214,0.08148042113;
custom,killcuboid,empty,17.48698425,0.1000000089,0.1000000015,1,0,1,1,1.748698425,0.01000000015,-190.0003815,1874.781189,-25.00071287,-0.7023952603,0.08147854358,-0.7023981214,0.08148042113;
custom,killcuboid,empty,17.48700714,0.1000000015,0.1000000015,1,0,1,1,1.748700714,0.01000000015,-24.99731302,1874.792023,140.0000668,-0.9933350682,0.1152622476,-7.50E-08,8.61E-09;
custom,killcuboid,empty,17.48698425,0.1000000089,0.1000000015,1,0,1,1,1.748698425,0.01000000015,-149.9624538,1874.781494,-25.00054121,-0.7023952603,0.08147854358,-0.7023981214,0.08148042113;
custom,killcuboid,empty,17.48700714,0.1000000015,0.1000000015,1,0,1,1,1.748700714,0.01000000015,-25.00211,1834.775543,140.0000668,-0.9933350682,0.1152622476,-7.50E-08,8.61E-09;
custom,killcuboid,empty,12.68026257,0.1000000015,0.1000000015,1,0,1,1,1.268026257,0.01000000015,140.0000572,1794.771423,0.004606246948,-0.6979871392,0.1131990552,0.6979870796,-0.1131989434;
custom,killcuboid,empty,12.68026161,0.1000000015,0.1000000015,1,0,1,1,1.268026161,0.01000000015,0.004606246948,1754.771271,-140.0000572,5.56E-16,-3.43E-15,0.9871028066,-0.1600877196;
custom,killcuboid,empty,8.109566689,0.1000000015,0.1000000015,1,0,1,1,0.8109566689,0.01000000015,-140.0002003,1714.756317,-25.02007484,-0.683488369,0.1812211275,-0.6834914684,0.1812234968;
custom,killcuboid,empty,8.109485626,0.1000000015,0.1000000015,1,0,1,1,0.8109485626,0.01000000015,-25.01946688,1674.757996,90.00004768,-0.9666067958,0.2562640905,-2.06E-07,9.26E-07;
custom,killcuboid,empty,17.48700714,0.1000000015,0.1000000015,1,0,1,1,1.748700714,0.01000000015,-24.99730349,1874.792023,99.99998093,-0.9933350682,0.1152622476,-7.50E-08,8.61E-09;
custom,killcuboid,empty,12.68026257,0.1000000015,0.1000000015,1,0,1,1,1.268026257,0.01000000015,140.0000763,1834.795837,-0.006432533264,-0.6979871392,0.1131990552,0.6979870796,-0.1131989434;
custom,killcuboid,empty,12.68026257,0.1000000015,0.1000000015,1,0,1,1,1.268026257,0.01000000015,100,1834.795837,-0.006437301636,-0.6979871392,0.1131990552,0.6979870796,-0.1131989434;
custom,killcuboid,empty,17.48700714,0.1000000015,0.1000000015,1,0,1,1,1.748700714,0.01000000015,-25.00210047,1834.775543,99.99998093,-0.9933350682,0.1152622476,-7.50E-08,8.61E-09;
custom,killcuboid,empty,12.68026161,0.1000000015,0.1000000015,1,0,1,1,1.268026161,0.01000000015,-0.006442070007,1794.795837,-140.0000858,5.56E-16,-3.43E-15,0.9871028066,-0.1600877196;
custom,killcuboid,empty,12.68026161,0.1000000015,0.1000000015,1,0,1,1,1.268026161,0.01000000015,-0.006418228149,1794.796448,-99.99994278,5.56E-16,-3.43E-15,0.9871028066,-0.1600877196;
custom,killcuboid,empty,12.68026257,0.1000000015,0.1000000015,1,0,1,1,1.268026257,0.01000000015,99.99998093,1794.771423,0.004601478577,-0.6979871392,0.1131990552,0.6979870796,-0.1131989434;
custom,killcuboid,empty,8.109566689,0.1000000015,0.1000000015,1,0,1,1,0.8109566689,0.01000000015,-139.9999619,1754.807434,-24.97347355,-0.683488369,0.1812211275,-0.6834914684,0.1812234968;
custom,killcuboid,empty,8.109566689,0.1000000015,0.1000000015,1,0,1,1,0.8109566689,0.01000000015,-99.99979973,1754.808044,-24.97349739,-0.683488369,0.1812211275,-0.6834914684,0.1812234968;
custom,killcuboid,empty,8.109485626,0.1000000015,0.1000000015,1,0,1,1,0.8109485626,0.01000000015,-24.97414827,1714.807129,90.00014305,-0.9666067958,0.2562640905,-2.06E-07,9.26E-07;
custom,killcuboid,empty,8.109485626,0.1000000015,0.1000000015,1,0,1,1,0.8109485626,0.01000000015,-24.97425079,1714.807434,50,-0.9666062593,0.2562660277,-3.21E-07,9.56E-07;
custom,killcuboid,empty,8.109485626,0.09999999404,0.1000000015,1,0,1,1,0.8109485626,0.01000000015,-50.0001812,1634.761353,24.9742651,-0.1812083423,-0.6834941506,-0.1812068522,-0.683493495;
custom,killcuboid,empty,8.109485626,0.1000000015,0.1000000015,1,0,1,1,0.8109485626,0.01000000015,-90.00031471,1634.76181,24.97415781,-0.1812069118,-0.6834943891,-0.1812055111,-0.6834939718;
custom,killcuboid,empty,8.109566689,0.1000000015,0.1000000015,1,0,1,1,0.8109566689,0.01000000015,24.97333288,1594.760742,99.99980927,-0.2562871277,-0.9666007161,1.94E-06,2.31E-06;
custom,killcuboid,empty,8.109566689,0.1000000015,0.1000000015,1,0,1,1,0.8109566689,0.01000000015,24.97330427,1594.761353,139.9999714,-0.2562871277,-0.9666007161,1.94E-06,2.31E-06;
custom,killcuboid,empty,12.68026161,0.1000000015,0.1000000015,1,0,1,1,1.268026161,0.01000000015,-0.004801750183,1554.797668,-100,-1.01E-07,-1.73E-07,-0.1600877196,-0.9871028066;
custom,killcuboid,empty,12.68026257,0.1000000015,0.1000000015,1,0,1,1,1.268026257,0.01000000015,99.99975204,1554.772644,0.006413459778,0.1131991893,0.6979870796,-0.113199085,-0.6979870796;
custom,killcuboid,empty,12.68026257,0.1000000015,0.1000000015,1,0,1,1,1.268026257,0.01000000015,139.9999142,1554.773102,0.006442070007,0.1131991893,0.6979870796,-0.113199085,-0.6979870796;
custom,killcuboid,empty,17.48700714,0.1000000015,0.1000000015,1,0,1,1,1.748700714,0.01000000015,-100.0001907,1514.793396,25.00211954,-0.08150293678,-0.7023941278,-0.08150278777,-0.7023937702;
custom,killcuboid,empty,12.68026161,0.1000000015,0.1000000015,1,0,1,1,1.268026161,0.01000000015,0.006241798401,1514.773102,-100.0000191,-1.01E-07,-1.73E-07,-0.1600877196,-0.9871028066;
custom,killcuboid,empty,12.68026161,0.1000000015,0.1000000015,1,0,1,1,1.268026161,0.01000000015,0.006222724915,1514.773102,-140.0000954,-1.01E-07,-1.73E-07,-0.1600877196,-0.9871028066;
custom,killcuboid,empty,17.48700714,0.1000000015,0.1000000015,1,0,1,1,1.748700714,0.01000000015,-100.0001907,1474.776764,24.99731302,-0.08150293678,-0.7023941278,-0.08150278777,-0.7023937702;
custom,killcuboid,empty,8.109485626,0.1000000015,0.1000000015,1,0,1,1,0.8109485626,0.01000000015,-90.00021935,1674.810791,25.01947641,-0.1812069118,-0.6834943891,-0.1812055111,-0.6834939718;
custom,killcuboid,empty,8.109566689,0.1000000015,0.1000000015,1,0,1,1,0.8109566689,0.01000000015,25.01991034,1634.812622,140.0002098,-0.2562871277,-0.9666007161,1.94E-06,2.31E-06;
custom,killcuboid,empty,12.68026257,0.1000000015,0.1000000015,1,0,1,1,1.268026257,0.01000000015,139.9998665,1594.797668,-0.00461101532,0.1131991893,0.6979870796,-0.113199085,-0.6979870796;
custom,killcuboid,empty,12.68026161,0.1000000015,0.1000000015,1,0,1,1,1.268026161,0.01000000015,-0.004801750183,1554.797668,-140.0000763,-1.01E-07,-1.73E-07,-0.1600877196,-0.9871028066;
custom,killcuboid,empty,17.48700714,0.1000000015,0.1000000015,1,0,1,1,1.748700714,0.01000000015,-140.0002766,1514.793396,25.00212908,-0.08150293678,-0.7023941278,-0.08150278777,-0.7023937702;
custom,killcuboid,empty,17.48698425,0.1000000015,0.1000000015,1,0,1,1,1.748698425,0.01000000015,25.00036001,1474.787292,149.9624634,-0.1152294502,-0.9933388829,1.58E-06,2.14E-06;
custom,killcuboid,empty,17.48700714,0.1000000015,0.1000000015,1,0,1,1,1.748700714,0.01000000015,-140.0002766,1474.776764,24.99734163,-0.08150293678,-0.7023941278,-0.08150278777,-0.7023937702;
custom,killcuboid,empty,17.48698425,0.1000000015,0.1000000015,1,0,1,1,1.748698425,0.01000000015,25.00054121,1474.787598,190.0004005,-0.1152294502,-0.9933388829,1.58E-06,2.14E-06;
custom,killcuboid,empty,17.48698425,0.1000000015,0.1000000015,1,0,1,1,1.748698425,0.01000000015,24.99820471,1434.782104,149.961834,-0.1152294502,-0.9933388829,1.58E-06,2.14E-06;
custom,killcuboid,empty,22.37852478,0.1000000089,0.1000000015,1,0,1,1,2.237852478,0.01000000015,149.9997711,1434.778595,0.0009632117144,0.06345882267,0.7042534351,-0.06345872581,-0.7042535543;
custom,killcuboid,empty,17.48698425,0.1000000015,0.1000000015,1,0,1,1,1.748698425,0.01000000015,24.99838591,1434.782104,189.9997711,-0.1152294502,-0.9933388829,1.58E-06,2.14E-06;
custom,killcuboid,empty,22.37852478,0.1000000089,0.1000000015,1,0,1,1,2.237852478,0.01000000015,189.9998856,1434.7789,0.00101089543,0.06345882267,0.7042534351,-0.06345872581,-0.7042535543;
custom,killcuboid,empty,8.109485626,0.09999999404,0.1000000015,1,0,1,1,0.8109485626,0.01000000015,-50.00007629,1674.810486,25.01957417,-0.1812083423,-0.6834941506,-0.1812068522,-0.683493495;
custom,killcuboid,empty,22.37852669,0.09999999404,0.1000000015,1,0,1,1,2.237852669,0.01000000015,-0.002061858104,1394.794464,-150.0000668,-8.98E-08,-1.69E-07,-0.08981534094,-0.9959584475;
custom,killcuboid,empty,8.109566689,0.1000000015,0.1000000015,1,0,1,1,0.8109566689,0.01000000015,25.01993895,1634.812012,100.0000477,-0.2562871277,-0.9666007161,1.94E-06,2.31E-06;
custom,killcuboid,empty,22.37852669,0.09999999404,0.1000000015,1,0,1,1,2.237852669,0.01000000015,-0.002061858104,1394.794464,-190.0000763,-8.98E-08,-1.69E-07,-0.08981534094,-0.9959584475;
custom,killcuboid,empty,12.68026257,0.1000000015,0.1000000015,1,0,1,1,1.268026257,0.01000000015,99.99974251,1594.797058,-0.004639625549,0.1131991893,0.6979870796,-0.113199085,-0.6979870796;
custom,killcuboid,empty,22.37852478,0.1000000089,0.1000000015,1,0,1,1,2.237852478,0.01000000015,149.999752,1394.790039,-0.0009250634321,0.06345882267,0.7042534351,-0.06345872581,-0.7042535543;
custom,killcuboid,empty,22.37852478,0.1000000089,0.1000000015,1,0,1,1,2.237852478,0.01000000015,189.9998283,1394.790344,-0.0008773797163,0.06345882267,0.7042534351,-0.06345872581,-0.7042535543;
custom,killcuboid,empty,22.37852669,0.09999999404,0.1000000015,1,0,1,1,2.237852669,0.01000000015,0.001848206593,1354.774475,-150.0000858,-8.98E-08,-1.69E-07,-0.08981534094,-0.9959584475;
custom,killcuboid,empty,22.37852669,0.09999999404,0.1000000015,1,0,1,1,2.237852669,0.01000000015,0.001848206593,1354.774475,-190.0000954,-8.98E-08,-1.69E-07,-0.08981534094,-0.9959584475;
custom,killcuboid,empty,0.1000000015,0.1000000015,9,1,0,1,1,0.01000000015,0.9,-190,1374.784546,-25.00027657,0,0,0,1;
custom,killcuboid,empty,0.1000000015,0.1000000015,9,1,0,1,1,0.01000000015,0.9,-150,1374.784546,-25.00027657,0,0,0,1;
custom,killcuboid,empty,0.1000000015,0.1000000015,5,1,0,1,1,0.01000000015,0.5,-190,1334.784546,-45.00027657,0,0,0,1;
custom,killcuboid,empty,0.1000000015,0.1000000015,5,1,0,1,1,0.01000000015,0.5,-150,1334.784546,-45.00027657,0,0,0,1;
custom,killcuboid,empty,0.1000000015,12,0.1000000015,1,0,1,1,0.01000000015,0.01000000015,-190,1314.784546,19.99972343,0,0,0,1;
custom,killcuboid,empty,0.1000000015,8,0.1000000015,1,0,1,1,0.01000000015,0.01000000015,-190,1294.784546,-20.00027657,0,0,0,1;
custom,killcuboid,empty,0.1000000015,8,0.1000000015,1,0,1,1,0.01000000015,0.01000000015,-150,1334.784546,19.99972343,0,0,0,1;
custom,killcuboid,empty,0.1000000015,4,0.1000000015,1,0,1,1,0.01000000015,0.01000000015,-150,1314.784546,-20.00027657,0,0,0,1;
custom,killcuboid,empty,17,0.1000000015,0.1000000015,1,0,1,1,1.7,0.01000000015,-65.00008583,1294.784546,19.99972343,0,0,0,1;
custom,killcuboid,empty,17,0.1000000015,0.1000000015,1,0,1,1,1.7,0.01000000015,-65.00008583,1294.784546,-20.00027657,0,0,0,1;
custom,killcuboid,empty,17,0.1000000015,0.1000000015,1,0,1,1,1.7,0.01000000015,-105.0000858,1254.78447,19.99972343,0,0,0,1;
custom,killcuboid,empty,17,0.1000000015,0.1000000015,1,0,1,1,1.7,0.01000000015,-105.0000858,1254.78447,-20.00027657,0,0,0,1;
custom,killcuboid,empty,0.1000000015,8,0.1000000015,1,0,1,1,0.01000000015,0.01000000015,20,1254.78447,19.99972343,0,0,0,1;
custom,killcuboid,empty,0.1000000015,8,0.1000000015,1,0,1,1,0.01000000015,0.01000000015,20,1254.78447,-20.00027657,0,0,0,1;
custom,killcuboid,empty,0.1000000015,4,0.1000000015,1,0,1,1,0.01000000015,0.01000000015,-20,1234.78447,19.99972343,0,0,0,1;
custom,killcuboid,empty,0.1000000015,4,0.1000000015,1,0,1,1,0.01000000015,0.01000000015,-20,1234.78447,-20.00027657,0,0,0,1;
custom,killcuboid,empty,0.1000000015,2,0.1000000015,1,0,1,1,0.01000000015,0.01000000015,-20.00001907,1204.784393,-20.00028372,0,0,0,1;
custom,killcuboid,empty,0.1000000015,2,0.1000000015,1,0,1,1,0.01000000015,0.01000000015,19.99998093,1204.784393,-20.00028372,0,0,0,1;
custom,killcuboid,empty,0.1000000015,2,0.1000000015,1,0,1,1,0.01000000015,0.01000000015,-20.00001907,1204.784393,19.99971628,0,0,0,1;
custom,killcuboid,empty,0.1000000015,2,0.1000000015,1,0,1,1,0.01000000015,0.01000000015,19.99998093,1204.784393,19.99971628,0,0,0,1;
custom,killcuboid,empty,4,0.1000000015,0.1000000015,1,0,1,1,0.4,0.01000000015,-1.19E-06,1194.784393,19.99988079,0,0,0,1;
custom,killcuboid,empty,4,0.1000000015,0.1000000015,1,0,1,1,0.4,0.01000000015,-1.19E-06,1194.784393,-20.00011921,0,0,0,1;
custom,killcuboid,empty,4,0.1000000015,0.1000000015,1,0,1,1,0.4,0.01000000015,19.99999881,1194.784393,-0.0001192092896,0,-0.7071067691,0,0.7071067691;
custom,killcuboid,empty,4,0.1000000015,0.1000000015,1,0,1,1,0.4,0.01000000015,-20,1194.784393,-0.0001192092896,0,-0.7071067691,0,0.7071067691;
custom,killcuboid,empty,4,0.1000000015,0.1000000015,1,0,1,1,0.4,0.01000000015,-1.19E-06,1214.784393,19.99988079,0,0,0,1;
custom,killcuboid,empty,4,0.1000000015,0.1000000015,1,0,1,1,0.4,0.01000000015,-1.19E-06,1214.784393,-20.00011921,0,0,0,1;
custom,killcuboid,empty,4,0.1000000015,0.1000000015,1,0,1,1,0.4,0.01000000015,19.99999881,1214.784393,-0.0001192092896,0,-0.7071067691,0,0.7071067691;
custom,killcuboid,empty,4,0.1000000015,0.1000000015,1,0,1,1,0.4,0.01000000015,-20,1214.784393,-0.0001192092896,0,-0.7071067691,0,0.7071067691;
custom,killcuboid,empty,4,0.1000000015,0.1000000015,1,0,1,1,0.4,0.01000000015,48.28417301,1194.784393,-0.0001811981201,0,-0.7071067691,0,0.7071067691;
custom,killcuboid,empty,3.999999762,0.1000000015,0.1000000015,1,0,1,1,0.3999999762,0.01000000015,34.14219618,1194.784393,34.1419363,0,-0.9238795042,0,0.3826834261;
custom,killcuboid,empty,4,0.1000000015,0.1000000015,1,0,1,1,0.4,0.01000000015,0.0001859664917,1194.784393,48.28417301,0,-1,0,-4.37E-08;
custom,killcuboid,empty,4,0.1000000015,0.1000000015,1,0,1,1,0.4,0.01000000015,-34.14193392,1194.784393,34.14219856,0,-0.9238795042,0,-0.3826835155;
custom,killcuboid,empty,4,0.1000000015,0.1000000015,1,0,1,1,0.4,0.01000000015,-48.28417301,1194.784393,0.0001883506775,0,-0.7071067691,0,-0.7071067691;
custom,killcuboid,empty,3.999999762,0.1000000015,0.1000000015,1,0,1,1,0.3999999762,0.01000000015,-34.14220095,1194.784393,-34.14193153,0,-0.3826832771,0,-0.9238796234;
custom,killcuboid,empty,4,0.1000000015,0.1000000015,1,0,1,1,0.4,0.01000000015,-0.0001931190491,1194.784393,-48.28417778,0,3.26E-07,0,-1;
custom,killcuboid,empty,4,0.1000000015,0.1000000089,1,0,1,1,0.4,0.01000000089,34.14193392,1194.784393,-34.1422081,0,0.3826838732,0,-0.9238793254;
custom,killcuboid,empty,3.999999762,0.1000000015,0.1000000015,1,0,1,1,0.3999999762,0.01000000015,34.14219618,1154.784393,34.1419363,0,-0.9238795042,0,0.3826834261;
custom,killcuboid,empty,4,0.1000000015,0.1000000015,1,0,1,1,0.4,0.01000000015,-34.14193392,1154.784393,34.14219856,0,-0.9238795042,0,-0.3826835155;
custom,killcuboid,empty,3.999999762,0.1000000015,0.1000000015,1,0,1,1,0.3999999762,0.01000000015,-34.14220095,1154.784393,-34.14193153,0,-0.3826832771,0,-0.9238796234;
custom,killcuboid,empty,4,0.1000000015,0.1000000089,1,0,1,1,0.4,0.01000000089,34.14193392,1154.784393,-34.1422081,0,0.3826838732,0,-0.9238793254;
custom,killcuboid,empty,4,0.1000000015,0.1000000015,1,0,1,1,0.4,0.01000000015,-14.14216518,1126.500092,14.14198995,0,-0.9238795042,0,-0.3826835155;
custom,killcuboid,empty,4,0.1000000015,0.1000000015,1,0,1,1,0.4,0.01000000015,14.14223433,1126.500092,-14.14220452,0,-0.9238795042,0,-0.3826835155;
custom,killcuboid,empty,4,0.1000000015,0.1000000015,1,0,1,1,0.4,0.01000000015,14.14198875,1126.500092,14.14216638,0,-0.9238795638,0,0.3826833069;
custom,killcuboid,empty,4,0.1000000015,0.1000000015,1,0,1,1,0.4,0.01000000015,-14.14220333,1126.500092,-14.14223552,0,-0.9238795638,0,0.3826833069;
custom,killcuboid,empty,0.1000000015,4,0.1000000015,1,0,1,1,0.01000000015,0.01000000015,9.999973774,1140.642242,-38.28447342,-0.1464466155,0.3535533845,-0.3535533845,0.8535533547;
custom,killcuboid,empty,0.1000000015,4,0.1000000015,1,0,1,1,0.01000000015,0.01000000015,38.28427315,1140.642319,-10.0001812,-0.1464466155,0.3535533845,-0.3535533845,0.8535533547;
custom,killcuboid,empty,0.1000000015,4,0.1000000015,1,0,1,1,0.01000000015,0.01000000015,38.28447342,1140.642242,9.99997139,0.1464466006,-0.3535533547,-0.3535534143,0.8535534143;
custom,killcuboid,empty,0.1000000015,4,0.1000000015,1,0,1,1,0.01000000015,0.01000000015,10.00018358,1140.642319,38.28427315,0.1464466006,-0.3535533547,-0.3535534143,0.8535534143;
custom,killcuboid,empty,0.1000000015,4,0.1000000015,1,0,1,1,0.01000000015,0.01000000015,-9.999966621,1140.642242,38.28447342,0.3535533547,-0.8535533547,-0.1464466453,0.3535535038;
custom,killcuboid,empty,0.1000000015,4,0.1000000015,1,0,1,1,0.01000000015,0.01000000015,-38.28427076,1140.642319,10.00018597,0.3535533547,-0.8535533547,-0.1464466453,0.3535535038;
custom,killcuboid,empty,0.1000000089,4,0.1000000015,1,0,1,1,0.01000000089,0.01000000015,-38.28447342,1140.642242,-9.999961853,0.3535533845,-0.8535534143,0.1464465857,-0.3535533547;
custom,killcuboid,empty,0.1000000089,4,0.1000000015,1,0,1,1,0.01000000089,0.01000000015,-10.00018835,1140.642319,-38.28426838,0.3535533845,-0.8535534143,0.1464465857,-0.3535533547;
custom,killcuboid,empty,0.1000000015,0.1000000015,34.64089966,1,0,1,1,0.01000000015,3.464089966,-86.60222054,1004.026031,-114.8865604,-0.8535532951,-0.1464468539,0.3535535336,-0.3535533547;
custom,killcuboid,empty,0.09999991208,0.1000000015,38.64089966,1,0,1,1,0.009999991208,3.864089966,-116.6023922,1018.168182,-144.8865891,-0.8535532951,-0.1464468539,0.3535535336,-0.3535533547;
custom,killcuboid,empty,0.1000000015,0.1000000015,34.64089966,1,0,1,1,0.01000000015,3.464089966,-114.8863029,1004.026031,-86.60238266,-0.8535532951,-0.1464468539,0.3535535336,-0.3535533547;
custom,killcuboid,empty,0.09999991208,0.1000000015,38.64089966,1,0,1,1,0.009999991208,3.864089966,-144.8864174,1018.168106,-116.6024017,-0.8535532951,-0.1464468539,0.3535535336,-0.3535533547;
custom,killcuboid,empty,0.1000000015,0.1000000015,34.64089966,1,0,1,1,0.01000000015,3.464089966,114.8865604,1004.026031,-86.60223007,-0.8535533547,0.1464463472,-0.3535533547,-0.3535535634;
custom,killcuboid,empty,0.09999998659,0.1000001281,38.64089966,1,0,1,1,0.009999998659,3.864089966,144.8865891,1018.168182,-116.6024017,-0.8535533547,0.1464463472,-0.3535533547,-0.3535535634;
custom,killcuboid,empty,0.1000000015,0.1000000015,34.64089966,1,0,1,1,0.01000000015,3.464089966,86.60236359,1004.026031,-114.8863125,-0.8535533547,0.1464463472,-0.3535533547,-0.3535535634;
custom,killcuboid,empty,0.09999998659,0.1000001281,38.64089966,1,0,1,1,0.009999998659,3.864089966,116.6024017,1018.168106,-144.8864269,-0.8535533547,0.1464463472,-0.3535533547,-0.3535535634;
custom,killcuboid,empty,0.1000000015,0.1000000015,34.64089966,1,0,1,1,0.01000000015,3.464089966,86.60223961,1004.026031,114.8865509,-0.3535532951,0.3535532951,-0.8535534143,-0.1464470029;
custom,killcuboid,empty,0.1000002474,0.1000002548,38.64089966,1,0,1,1,0.01000002474,3.864089966,116.6024113,1018.168182,144.8865795,-0.3535532951,0.3535532951,-0.8535534143,-0.1464470029;
custom,killcuboid,empty,0.1000000015,0.1000000015,34.64089966,1,0,1,1,0.01000000015,3.464089966,114.886322,1004.026031,86.60235405,-0.3535532951,0.3535532951,-0.8535534143,-0.1464470029;
custom,killcuboid,empty,0.1000002474,0.1000002548,38.64089966,1,0,1,1,0.01000002474,3.864089966,144.8864365,1018.168106,116.6024017,-0.3535532951,0.3535532951,-0.8535534143,-0.1464470029;
custom,killcuboid,empty,0.1000000015,0.1000000015,34.64090347,1,0,1,1,0.01000000015,3.464090347,-114.8865414,1004.026031,86.60224915,0.3535535634,0.353553623,-0.8535532951,0.1464461982;
custom,killcuboid,empty,0.09999982268,0.1000001281,38.64090347,1,0,1,1,0.009999982268,3.864090347,-144.88657,1018.168182,116.6024113,0.3535535634,0.353553623,-0.8535532951,0.1464461982;
custom,killcuboid,empty,0.1000000015,0.1000000015,34.64090347,1,0,1,1,0.01000000015,3.464090347,-86.60234451,1004.026031,114.8863316,0.3535535634,0.353553623,-0.8535532951,0.1464461982;
custom,killcuboid,empty,0.09999982268,0.1000001281,38.64090347,1,0,1,1,0.009999982268,3.864090347,-116.6024017,1018.168106,144.8864365,0.3535535634,0.353553623,-0.8535532951,0.1464461982;
custom,killcuboid,empty,0.1000000015,2,0.1000000015,1,0,1,1,0.01000000015,0.01000000015,19.99989986,558.3194733,-20.00028372,0,0,1,7.55E-08;
custom,killcuboid,empty,0.1000000015,2,0.1000000015,1,0,1,1,0.01000000015,0.01000000015,-20.0001049,558.3194733,-20.00028372,0,0,1,7.55E-08;
custom,killcuboid,empty,0.1000000015,2,0.1000000015,1,0,1,1,0.01000000015,0.01000000015,19.99989986,558.3194733,19.99971628,0,0,1,7.55E-08;
custom,killcuboid,empty,0.1000000015,2,0.1000000015,1,0,1,1,0.01000000015,0.01000000015,-20.0001049,558.3194733,19.99971628,0,0,1,7.55E-08;
custom,killcuboid,empty,4,0.1000000015,0.1000000015,1,0,1,1,0.4,0.01000000015,-0.0001180945947,568.3194733,19.99988079,0,0,1,7.55E-08;
custom,killcuboid,empty,4,0.1000000015,0.1000000015,1,0,1,1,0.4,0.01000000015,-0.0001180945947,568.3194733,-20.00011921,0,0,1,7.55E-08;
custom,killcuboid,empty,4,0.1000000015,0.1000000015,1,0,1,1,0.4,0.01000000015,-20.00011921,568.3194733,-0.0001192092896,0.7071068287,-5.34E-08,0.7071067691,5.34E-08;
custom,killcuboid,empty,4,0.1000000015,0.1000000015,1,0,1,1,0.4,0.01000000015,19.99988079,568.3194733,-0.0001192092896,0.7071068287,-5.34E-08,0.7071067691,5.34E-08;
custom,killcuboid,empty,4,0.1000000015,0.1000000015,1,0,1,1,0.4,0.01000000015,-0.0001211145081,548.3194733,19.99988079,0,0,1,7.55E-08;
custom,killcuboid,empty,4,0.1000000015,0.1000000015,1,0,1,1,0.4,0.01000000015,-0.0001211145081,548.3194733,-20.00011921,0,0,1,7.55E-08;
custom,killcuboid,empty,4,0.1000000015,0.1000000015,1,0,1,1,0.4,0.01000000015,-20.00011921,548.3194733,-0.0001192092896,0.7071068287,-5.34E-08,0.7071067691,5.34E-08;
custom,killcuboid,empty,4,0.1000000015,0.1000000015,1,0,1,1,0.4,0.01000000015,19.99987602,548.3194733,-0.0001192092896,0.7071068287,-5.34E-08,0.7071067691,5.34E-08;
custom,killcuboid,empty,4,0.1000000015,0.1000000015,1,0,1,1,0.4,0.01000000015,-48.28429699,568.3194733,-0.0001811981201,0.7071068287,-5.34E-08,0.7071067691,5.34E-08;
custom,killcuboid,empty,3.999999762,0.1000000015,0.1000000015,1,0,1,1,0.3999999762,0.01000000015,-34.14231539,568.3194733,34.1419363,0.9238795042,-7.82E-08,0.3826834559,4.93E-08;
custom,killcuboid,empty,4,0.1000000015,0.1000000015,1,0,1,1,0.4,0.01000000015,-0.0003052531974,568.3194733,48.28417301,1,-7.55E-08,-4.37E-08,-4.37E-08;
custom,killcuboid,empty,4,0.1000000015,0.1000000015,1,0,1,1,0.4,0.01000000015,34.14181471,568.3194733,34.14219856,0.9238795042,-7.82E-08,-0.3826834857,-4.93E-08;
custom,killcuboid,empty,4,0.1000000015,0.1000000015,1,0,1,1,0.4,0.01000000015,48.28404903,568.3194733,0.0001883506775,0.7071067691,-5.34E-08,-0.7071067691,-5.34E-08;
custom,killcuboid,empty,4,0.1000000015,0.1000000015,1,0,1,1,0.4,0.01000000015,34.14208174,568.3194733,-34.14193153,0.3826833963,-4.93E-08,-0.9238795638,-7.82E-08;
custom,killcuboid,empty,4,0.1000000015,0.1000000015,1,0,1,1,0.4,0.01000000015,7.38E-05,568.3194733,-48.28417778,-1.51E-07,3.78E-14,-1,-7.55E-08;
custom,killcuboid,empty,4,0.1000000015,0.1000000015,1,0,1,1,0.4,0.01000000015,-34.14205313,568.3194733,-34.1422081,-0.3826835752,4.93E-08,-0.9238795042,-7.82E-08;
custom,killcuboid,empty,3.999999762,0.1000000015,0.1000000015,1,0,1,1,0.3999999762,0.01000000015,-34.14230585,608.3194733,34.1419363,0.9238795042,-7.82E-08,0.3826834559,4.93E-08;
custom,killcuboid,empty,4,0.1000000015,0.1000000015,1,0,1,1,0.4,0.01000000015,34.14182425,608.3194733,34.14219856,0.9238795042,-7.82E-08,-0.3826834857,-4.93E-08;
custom,killcuboid,empty,4,0.1000000015,0.1000000015,1,0,1,1,0.4,0.01000000015,34.14209127,608.3194733,-34.14193153,0.3826833963,-4.93E-08,-0.9238795638,-7.82E-08;
custom,killcuboid,empty,4,0.1000000015,0.1000000015,1,0,1,1,0.4,0.01000000015,-34.14204359,608.3194733,-34.1422081,-0.3826835752,4.93E-08,-0.9238795042,-7.82E-08;
custom,killcuboid,empty,4,0.1000000015,0.1000000015,1,0,1,1,0.4,0.01000000015,14.14205551,636.6036987,14.14198995,0.9238795042,-7.82E-08,-0.3826834857,-4.93E-08;
custom,killcuboid,empty,4,0.1000000015,0.1000000015,1,0,1,1,0.4,0.01000000015,-14.142344,636.6036987,-14.14220452,0.9238795042,-7.82E-08,-0.3826834857,-4.93E-08;
custom,killcuboid,empty,4,0.1000000015,0.1000000015,1,0,1,1,0.4,0.01000000015,-14.14209843,636.6036987,14.14216638,0.9238795638,-7.82E-08,0.3826833069,4.93E-08;
custom,killcuboid,empty,4,0.1000000015,0.1000000015,1,0,1,1,0.4,0.01000000015,14.14209366,636.6036987,-14.14223552,0.9238795638,-7.82E-08,0.3826833069,4.93E-08;
custom,killcuboid,empty,0.1000000015,4,0.1000000015,1,0,1,1,0.01000000015,0.01000000015,-10.00008345,622.4615479,-38.28447342,-0.3535534441,-0.1464466006,0.8535533547,0.3535534441;
custom,killcuboid,empty,0.1000000015,4,0.1000000015,1,0,1,1,0.01000000015,0.01000000015,-38.28438759,622.4614716,-10.0001812,-0.3535534441,-0.1464466006,0.8535533547,0.3535534441;
custom,killcuboid,empty,0.1000000015,4,0.1000000015,1,0,1,1,0.01000000015,0.01000000015,-38.28458786,622.4615479,9.99997139,0.3535533547,0.1464465559,0.8535534143,0.3535534441;
custom,killcuboid,empty,0.1000000015,4,0.1000000015,1,0,1,1,0.01000000015,0.01000000015,-10.00029325,622.4614716,38.28427315,0.3535533547,0.1464465559,0.8535534143,0.3535534441;
custom,killcuboid,empty,0.1000000015,3.999999762,0.1000000015,1,0,1,1,0.01000000015,0.01000000015,9.999855757,622.4615479,38.28447342,0.8535533547,0.3535533249,0.3535534739,0.1464466751;
custom,killcuboid,empty,0.1000000015,3.999999762,0.1000000015,1,0,1,1,0.01000000015,0.01000000015,38.28416109,622.4614716,10.00018597,0.8535533547,0.3535533249,0.3535534739,0.1464466751;
custom,killcuboid,empty,0.1000000015,3.999999762,0.1000000089,1,0,1,1,0.01000000015,0.01000000089,38.28435898,622.4615479,-9.999961853,0.8535534739,0.3535533547,-0.3535532951,-0.1464466006;
custom,killcuboid,empty,0.1000000015,3.999999762,0.1000000089,1,0,1,1,0.01000000015,0.01000000089,10.00007868,622.4614716,-38.28426838,0.8535534739,0.3535533547,-0.3535532951,-0.1464466006;
custom,killcuboid,empty,0.1000000015,0.1000000015,34.64089966,1,0,1,1,0.01000000015,3.464089966,86.60214424,759.0778351,-114.8865604,0.1464467496,-0.8535533547,-0.3535533249,-0.3535535634;
custom,killcuboid,empty,0.1000000685,0.1000001281,38.64089966,1,0,1,1,0.01000000685,3.864089966,116.6022968,744.9356079,-144.8865891,0.1464467496,-0.8535533547,-0.3535533249,-0.3535535634;
custom,killcuboid,empty,0.1000000015,0.1000000015,34.64089966,1,0,1,1,0.01000000015,3.464089966,114.8862076,759.0778351,-86.60238266,0.1464467496,-0.8535533547,-0.3535533249,-0.3535535634;
custom,killcuboid,empty,0.1000000685,0.1000001281,38.64089966,1,0,1,1,0.01000000685,3.864089966,144.886322,744.9357605,-116.6024017,0.1464467496,-0.8535533547,-0.3535533249,-0.3535535634;
custom,killcuboid,empty,0.1000000015,0.1000000089,34.64089966,1,0,1,1,0.01000000015,3.464089966,-114.8866367,759.0778351,-86.60223007,-0.1464464366,-0.8535533547,-0.353553623,0.3535532951;
custom,killcuboid,empty,0.1000000834,0.1000000089,38.64089966,1,0,1,1,0.01000000834,3.864089966,-144.8866749,744.9356079,-116.6024017,-0.1464464366,-0.8535533547,-0.353553623,0.3535532951;
custom,killcuboid,empty,0.1000000015,0.1000000089,34.64089966,1,0,1,1,0.01000000015,3.464089966,-86.60245895,759.0778351,-114.8863125,-0.1464464366,-0.8535533547,-0.353553623,0.3535532951;
custom,killcuboid,empty,0.1000000834,0.1000000089,38.64089966,1,0,1,1,0.01000000834,3.864089966,-116.6024971,744.9357605,-144.8864269,-0.1464464366,-0.8535533547,-0.353553623,0.3535532951;
custom,killcuboid,empty,0.1000000015,0.1000000015,34.64089966,1,0,1,1,0.01000000015,3.464089966,-86.6023159,759.0778351,114.8865509,-0.3535533249,-0.3535533845,-0.1464471072,0.8535533547;
custom,killcuboid,empty,0.1000000015,0.1000001281,38.64089966,1,0,1,1,0.01000000015,3.864089966,-116.6025066,744.9356079,144.88657,-0.3535533249,-0.3535533845,-0.1464471072,0.8535533547;
custom,killcuboid,empty,0.1000000015,0.1000000015,34.64089966,1,0,1,1,0.01000000015,3.464089966,-114.8864174,759.0778351,86.60235405,-0.3535533249,-0.3535533845,-0.1464471072,0.8535533547;
custom,killcuboid,empty,0.1000000015,0.1000001281,38.64089966,1,0,1,1,0.01000000015,3.864089966,-144.8865318,744.9357605,116.6024017,-0.3535533249,-0.3535533845,-0.1464471072,0.8535533547;
custom,killcuboid,empty,0.1000000015,0.1000000015,34.64089966,1,0,1,1,0.01000000015,3.464089966,114.8864651,759.0778351,86.60224915,-0.3535535634,0.3535537124,0.1464461833,0.8535532355;
custom,killcuboid,empty,0.09999998659,0.1000002548,38.64089966,1,0,1,1,0.009999998659,3.864089966,144.8864841,744.9356079,116.6024113,-0.3535535634,0.3535537124,0.1464461833,0.8535532355;
custom,killcuboid,empty,0.1000000015,0.1000000015,34.64089966,1,0,1,1,0.01000000015,3.464089966,86.60224915,759.0778351,114.8863316,-0.3535535634,0.3535537124,0.1464461833,0.8535532355;
custom,killcuboid,empty,0.09999998659,0.1000002548,38.64089966,1,0,1,1,0.009999998659,3.864089966,116.6023064,744.9357605,144.8864365,-0.3535535634,0.3535537124,0.1464461833,0.8535532355;
custom,killcuboid,empty,0.1000000015,2,0.1000000015,1,0,1,1,0.01000000015,0.01000000015,-20.00001907,520.0003052,704.7843933,0.7071067691,0,0,0.7071068287;
custom,killcuboid,empty,0.1000000015,2,0.1000000015,1,0,1,1,0.01000000015,0.01000000015,19.99998093,520.0003052,704.7843933,0.7071067691,0,0,0.7071068287;
custom,killcuboid,empty,0.1000000015,2,0.1000000015,1,0,1,1,0.01000000015,0.01000000015,-20.00001907,480.0003052,704.7843933,0.7071067691,0,0,0.7071068287;
custom,killcuboid,empty,0.1000000015,2,0.1000000015,1,0,1,1,0.01000000015,0.01000000015,19.99998093,480.0003052,704.7843933,0.7071067691,0,0,0.7071068287;
custom,killcuboid,empty,4,0.1000000015,0.1000000015,1,0,1,1,0.4,0.01000000015,-1.19E-06,480.0001526,694.7843933,0.7071067691,0,0,0.7071068287;
custom,killcuboid,empty,4,0.1000000015,0.1000000015,1,0,1,1,0.4,0.01000000015,-1.19E-06,520.0001526,694.7843933,0.7071067691,0,0,0.7071068287;
custom,killcuboid,empty,4,0.1000000015,0.1000000015,1,0,1,1,0.4,0.01000000015,19.99999881,500.0001526,694.7843933,0.5,-0.5,-0.4999999702,0.5;
custom,killcuboid,empty,4,0.1000000015,0.1000000015,1,0,1,1,0.4,0.01000000015,-20,500.0001526,694.7843933,0.5,-0.5,-0.4999999702,0.5;
custom,killcuboid,empty,4,0.1000000015,0.1000000015,1,0,1,1,0.4,0.01000000015,-1.19E-06,480.0001526,714.7843933,0.7071067691,0,0,0.7071068287;
custom,killcuboid,empty,4,0.1000000015,0.1000000015,1,0,1,1,0.4,0.01000000015,-1.19E-06,520.0001526,714.7843933,0.7071067691,0,0,0.7071068287;
custom,killcuboid,empty,4,0.1000000015,0.1000000015,1,0,1,1,0.4,0.01000000015,19.99999881,500.0001526,714.7843933,0.5,-0.5,-0.4999999702,0.5;
custom,killcuboid,empty,4,0.1000000015,0.1000000015,1,0,1,1,0.4,0.01000000015,-20,500.0001526,714.7843933,0.5,-0.5,-0.4999999702,0.5;
custom,killcuboid,empty,4,0.1000000015,0.1000000015,1,0,1,1,0.4,0.01000000015,48.28417301,500.0002289,694.7843933,0.5,-0.5,-0.4999999702,0.5;
custom,killcuboid,empty,3.999999762,0.1000000015,0.1000000015,1,0,1,1,0.3999999762,0.01000000015,34.14219618,465.8581543,694.7843933,0.2705980241,-0.6532815099,-0.6532814503,0.2705980837;
custom,killcuboid,empty,4,0.1000000015,0.1000000015,1,0,1,1,0.4,0.01000000015,0.0001859664917,451.7158508,694.7843933,-1.12E-15,-0.7071068287,-0.7071067691,-6.18E-08;
custom,killcuboid,empty,4,0.1000000015,0.1000000015,1,0,1,1,0.4,0.01000000015,-34.14193392,465.8578491,694.7843933,-0.2705979943,-0.6532814503,-0.6532815099,-0.2705982029;
custom,killcuboid,empty,4,0.1000000015,0.1000000015,1,0,1,1,0.4,0.01000000015,-48.28417301,499.9998474,694.7843933,-0.5,-0.4999999404,-0.5,-0.5000000596;
custom,killcuboid,empty,3.999999762,0.1000000015,0.1000000015,1,0,1,1,0.3999999762,0.01000000015,-34.14220095,534.1419983,694.7843933,-0.6532814503,-0.2705978751,-0.2705979943,-0.6532815695;
custom,killcuboid,empty,4,0.1000000015,0.1000000015,1,0,1,1,0.4,0.01000000015,-0.0001931190491,548.2842255,694.7843933,-0.7071067691,2.92E-07,1.69E-07,-0.7071068287;
custom,killcuboid,empty,4,0.1000000015,0.1000000089,1,0,1,1,0.4,0.01000000089,34.14193392,534.1422272,694.7843933,-0.6532813311,0.2705984116,0.2705983222,-0.6532813311;
custom,killcuboid,empty,3.999999762,0.1000000015,0.1000000015,1,0,1,1,0.3999999762,0.01000000015,34.14219618,465.858078,654.7843933,0.2705980241,-0.6532815099,-0.6532814503,0.2705980837;
custom,killcuboid,empty,4,0.1000000015,0.1000000015,1,0,1,1,0.4,0.01000000015,-34.14193392,465.8578491,654.7843933,-0.2705979943,-0.6532814503,-0.6532815099,-0.2705982029;
custom,killcuboid,empty,3.999999762,0.1000000015,0.1000000015,1,0,1,1,0.3999999762,0.01000000015,-34.14220095,534.1419983,654.7843933,-0.6532814503,-0.2705978751,-0.2705979943,-0.6532815695;
custom,killcuboid,empty,4,0.1000000015,0.1000000089,1,0,1,1,0.4,0.01000000089,34.14193392,534.1422653,654.7843933,-0.6532813311,0.2705984116,0.2705983222,-0.6532813311;
custom,killcuboid,empty,4,0.1000000015,0.1000000015,1,0,1,1,0.4,0.01000000015,-14.14216518,485.8580399,626.5001297,-0.2705979943,-0.6532814503,-0.6532815099,-0.2705982029;
custom,killcuboid,empty,4,0.1000000015,0.1000000015,1,0,1,1,0.4,0.01000000015,14.14223433,514.1422653,626.5001297,-0.2705979943,-0.6532814503,-0.6532815099,-0.2705982029;
custom,killcuboid,empty,4,0.1000000015,0.1000000015,1,0,1,1,0.4,0.01000000015,14.14198875,485.8578873,626.5001297,0.2705979347,-0.6532815099,-0.6532815099,0.2705979943;
custom,killcuboid,empty,4,0.1000000015,0.1000000015,1,0,1,1,0.4,0.01000000015,-14.14220333,514.1422653,626.5001678,0.2705979347,-0.6532815099,-0.6532815099,0.2705979943;
custom,killcuboid,empty,0.1000000015,4,0.1000000015,1,0,1,1,0.01000000015,0.01000000015,9.999973774,538.2845306,640.6422424,0.4999999702,0.5,-1.09E-08,0.7071067691;
custom,killcuboid,empty,0.1000000015,4,0.1000000015,1,0,1,1,0.01000000015,0.01000000015,38.28427315,510.0002289,640.6423187,0.4999999702,0.5,-1.09E-08,0.7071067691;
custom,killcuboid,empty,0.1000000015,4,0.1000000015,1,0,1,1,0.01000000015,0.01000000015,38.28447342,490.0000763,640.6422424,0.7071067691,-5.47E-09,-0.4999999702,0.5;
custom,killcuboid,empty,0.1000000015,4,0.1000000015,1,0,1,1,0.01000000015,0.01000000015,10.00018358,461.7157745,640.6423187,0.7071067691,-5.47E-09,-0.4999999702,0.5;
custom,killcuboid,empty,0.1000000015,3.999999762,0.1000000089,1,0,1,1,0.01000000015,0.01000000089,-9.999966621,461.7155457,640.6422424,0.5000001192,-0.4999999702,-0.7071067095,5.66E-08;
custom,killcuboid,empty,0.1000000015,3.999999762,0.1000000089,1,0,1,1,0.01000000015,0.01000000089,-38.28427076,489.9998474,640.6423187,0.5000001192,-0.4999999702,-0.7071067095,5.66E-08;
custom,killcuboid,empty,0.1000000015,4,0.1000000015,1,0,1,1,0.01000000015,0.01000000015,-38.28447342,510,640.6422424,1.17E-07,-0.7071067095,-0.5,-0.5000000596;
custom,killcuboid,empty,0.1000000015,4,0.1000000015,1,0,1,1,0.01000000015,0.01000000015,-10.00018835,538.2843018,640.6423187,1.17E-07,-0.7071067095,-0.5,-0.5000000596;
custom,killcuboid,empty,0.1000000089,0.1000000015,34.64089966,1,0,1,1,0.01000000089,3.464089966,-86.60222054,614.8865891,504.0259933,-0.8535532951,-0.353553772,0.1464464813,0.3535532653;
custom,killcuboid,empty,0.09999991953,0.1000000015,38.64089966,1,0,1,1,0.009999991953,3.864089966,-116.6023922,644.8866272,518.1682205,-0.8535532951,-0.353553772,0.1464464813,0.3535532653;
custom,killcuboid,empty,0.1000000089,0.1000000015,34.64089966,1,0,1,1,0.01000000089,3.464089966,-114.8863029,586.6024399,504.0259552,-0.8535532951,-0.353553772,0.1464464813,0.3535532653;
custom,killcuboid,empty,0.09999991953,0.1000000015,38.64089966,1,0,1,1,0.009999991953,3.864089966,-144.8864174,616.6024399,518.1681061,-0.8535532951,-0.353553772,0.1464464813,0.3535532653;
custom,killcuboid,empty,0.1000000015,0.1000000015,34.64089966,1,0,1,1,0.01000000015,3.464089966,114.8865604,586.6022873,504.0259552,-0.8535535336,0.3535531759,-0.146446839,0.3535532057;
custom,killcuboid,empty,0.09999998659,0.1000001281,38.64089966,1,0,1,1,0.009999998659,3.864089966,144.8865891,616.6024399,518.1681824,-0.8535535336,0.3535531759,-0.146446839,0.3535532057;
custom,killcuboid,empty,0.1000000015,0.1000000015,34.64089966,1,0,1,1,0.01000000015,3.464089966,86.60236359,614.8863602,504.0259933,-0.8535535336,0.3535531759,-0.146446839,0.3535532057;
custom,killcuboid,empty,0.09999998659,0.1000001281,38.64089966,1,0,1,1,0.009999998659,3.864089966,116.6024017,644.8864746,518.1680679,-0.8535535336,0.3535531759,-0.146446839,0.3535532057;
custom,killcuboid,empty,0.1000000015,0.1000000015,34.64089966,1,0,1,1,0.01000000015,3.464089966,86.60223961,385.1134872,504.0259933,-0.3535536528,0.8535532951,-0.3535535336,0.1464462727;
custom,killcuboid,empty,0.1000002474,0.1000002548,38.64089966,1,0,1,1,0.01000002474,3.864089966,116.6024113,355.1134491,518.1681824,-0.3535536528,0.8535532951,-0.3535535336,0.1464462727;
custom,killcuboid,empty,0.1000000015,0.1000000015,34.64089966,1,0,1,1,0.01000000015,3.464089966,114.886322,413.3976746,504.0259933,-0.3535536528,0.8535532951,-0.3535535336,0.1464462727;
custom,killcuboid,empty,0.1000002474,0.1000002548,38.64089966,1,0,1,1,0.01000002474,3.864089966,144.8864365,383.3976364,518.1681061,-0.3535536528,0.8535532951,-0.3535535336,0.1464462727;
custom,killcuboid,empty,0.1000000015,0.1000000015,34.64089966,1,0,1,1,0.01000000015,3.464089966,-114.8865414,413.397789,504.0259933,0.3535532951,0.8535534143,-0.3535532653,-0.1464470327;
custom,killcuboid,empty,0.09999982268,0.1000001281,38.64089966,1,0,1,1,0.009999982268,3.864089966,-144.88657,383.3976364,518.1681824,0.3535532951,0.8535534143,-0.3535532653,-0.1464470327;
custom,killcuboid,empty,0.1000000015,0.1000000015,34.64089966,1,0,1,1,0.01000000015,3.464089966,-86.60234451,385.1137161,504.0259933,0.3535532951,0.8535534143,-0.3535532653,-0.1464470327;
custom,killcuboid,empty,0.09999982268,0.1000001281,38.64089966,1,0,1,1,0.009999982268,3.864089966,-116.6024017,355.1136017,518.1681061,0.3535532951,0.8535534143,-0.3535532653,-0.1464470327;
custom,killcuboid,empty,0.1000000015,2,0.1000000015,1,0,1,1,0.01000000015,0.01000000015,19.99989986,520.0003052,58.31947327,8.43E-08,-0.7071067691,0.7071068287,2.25E-08;
custom,killcuboid,empty,0.1000000015,2,0.1000000015,1,0,1,1,0.01000000015,0.01000000015,-20.0001049,520.0003052,58.31947327,8.43E-08,-0.7071067691,0.7071068287,2.25E-08;
custom,killcuboid,empty,0.1000000015,2,0.1000000015,1,0,1,1,0.01000000015,0.01000000015,19.99989986,480.0003052,58.31947803,8.43E-08,-0.7071067691,0.7071068287,2.25E-08;
custom,killcuboid,empty,0.1000000015,2,0.1000000015,1,0,1,1,0.01000000015,0.01000000015,-20.0001049,480.0003052,58.31947803,8.43E-08,-0.7071067691,0.7071068287,2.25E-08;
custom,killcuboid,empty,4,0.1000000015,0.1000000015,1,0,1,1,0.4,0.01000000015,-0.0001180945947,480.0001144,68.31947803,8.43E-08,-0.7071067691,0.7071068287,2.25E-08;
custom,killcuboid,empty,4,0.1000000015,0.1000000015,1,0,1,1,0.4,0.01000000015,-0.0001180945947,520.0001144,68.31947803,8.43E-08,-0.7071067691,0.7071068287,2.25E-08;
custom,killcuboid,empty,4,0.1000000015,0.1000000015,1,0,1,1,0.4,0.01000000015,-20.00011921,500.0001144,68.31947803,0.5,-0.4999999702,0.4999999702,-0.5;
custom,killcuboid,empty,4,0.1000000015,0.1000000015,1,0,1,1,0.4,0.01000000015,19.99988079,500.0001144,68.31947803,0.5,-0.4999999702,0.4999999702,-0.5;
custom,killcuboid,empty,4,0.1000000015,0.1000000015,1,0,1,1,0.4,0.01000000015,-0.0001211145081,480.0001144,48.31947803,8.43E-08,-0.7071067691,0.7071068287,2.25E-08;
custom,killcuboid,empty,4,0.1000000015,0.1000000015,1,0,1,1,0.4,0.01000000015,-0.0001211145081,520.0001144,48.31947803,8.43E-08,-0.7071067691,0.7071068287,2.25E-08;
custom,killcuboid,empty,4,0.1000000015,0.1000000015,1,0,1,1,0.4,0.01000000015,-20.00011921,500.0001144,48.31947803,0.5,-0.4999999702,0.4999999702,-0.5;
custom,killcuboid,empty,4,0.1000000015,0.1000000015,1,0,1,1,0.4,0.01000000015,19.99987602,500.0001144,48.31947803,0.5,-0.4999999702,0.4999999702,-0.5;
custom,killcuboid,empty,4,0.1000000015,0.1000000015,1,0,1,1,0.4,0.01000000015,-48.28429699,500.0001907,68.31947803,0.5,-0.4999999702,0.4999999702,-0.5;
custom,killcuboid,empty,3.999999762,0.1000000015,0.1000000015,1,0,1,1,0.3999999762,0.01000000015,-34.14231539,465.858078,68.3194828,0.6532815099,-0.2705980837,0.2705980241,-0.6532814503;
custom,killcuboid,empty,4,0.1000000015,0.1000000015,1,0,1,1,0.4,0.01000000015,-0.0003052531974,451.7158508,68.3194828,0.7071067691,-2.25E-08,-8.43E-08,-0.7071067691;
custom,killcuboid,empty,4,0.1000000015,0.1000000015,1,0,1,1,0.4,0.01000000015,34.14181471,465.857811,68.3194828,0.6532815099,0.2705981731,-0.2705980241,-0.6532814503;
custom,killcuboid,empty,4,0.1000000015,0.1000000015,1,0,1,1,0.4,0.01000000015,48.28404903,499.9998093,68.3194828,0.5,0.4999999702,-0.5,-0.5;
custom,killcuboid,empty,4,0.1000000015,0.1000000015,1,0,1,1,0.4,0.01000000015,34.14208174,534.141922,68.31947327,0.2705979645,0.6532814503,-0.6532815099,-0.2705980539;
custom,killcuboid,empty,4,0.1000000015,0.1000000015,1,0,1,1,0.4,0.01000000015,7.38E-05,548.2841873,68.31947327,-1.38E-07,0.7071067691,-0.7071068287,2.61E-07;
custom,killcuboid,empty,3.999999762,0.1000000015,0.1000000015,1,0,1,1,0.3999999762,0.01000000015,-34.14205313,534.1422272,68.31947327,-0.2705981433,0.6532814503,-0.6532814503,0.2705981731;
custom,killcuboid,empty,3.999999762,0.1000000015,0.1000000015,1,0,1,1,0.3999999762,0.01000000015,-34.14230585,465.858078,108.3194828,0.6532815099,-0.2705980837,0.2705980241,-0.6532814503;
custom,killcuboid,empty,4,0.1000000015,0.1000000015,1,0,1,1,0.4,0.01000000015,34.14182425,465.857811,108.3194828,0.6532815099,0.2705981731,-0.2705980241,-0.6532814503;
custom,killcuboid,empty,4,0.1000000015,0.1000000015,1,0,1,1,0.4,0.01000000015,34.14209127,534.141922,108.3194828,0.2705979645,0.6532814503,-0.6532815099,-0.2705980539;
custom,killcuboid,empty,3.999999762,0.1000000015,0.1000000015,1,0,1,1,0.3999999762,0.01000000015,-34.14204359,534.1422272,108.3194828,-0.2705981433,0.6532814503,-0.6532814503,0.2705981731;
custom,killcuboid,empty,4,0.1000000015,0.1000000015,1,0,1,1,0.4,0.01000000015,14.14205551,485.8580017,136.6037083,0.6532815099,0.2705981731,-0.2705980241,-0.6532814503;
custom,killcuboid,empty,4,0.1000000015,0.1000000015,1,0,1,1,0.4,0.01000000015,-14.142344,514.1422272,136.6037083,0.6532815099,0.2705981731,-0.2705980241,-0.6532814503;
custom,killcuboid,empty,4,0.1000000015,0.1000000015,1,0,1,1,0.4,0.01000000015,-14.14209843,485.8578491,136.6037083,0.6532815099,-0.2705979943,0.2705979347,-0.6532815099;
custom,killcuboid,empty,4,0.1000000015,0.1000000015,1,0,1,1,0.4,0.01000000015,14.14209366,514.1422272,136.6037083,0.6532815099,-0.2705979943,0.2705979347,-0.6532815099;
custom,killcuboid,empty,0.1000000015,4,0.1000000015,1,0,1,1,0.01000000015,0.01000000015,-10.00008345,538.2844925,122.4615669,-5.41E-08,-0.7071067691,0.4999999404,0.5000001192;
custom,killcuboid,empty,0.1000000015,4,0.1000000015,1,0,1,1,0.01000000015,0.01000000015,-38.28438759,510.0001907,122.4614811,-5.41E-08,-0.7071067691,0.4999999404,0.5000001192;
custom,killcuboid,empty,0.1000000015,4,0.1000000015,1,0,1,1,0.01000000015,0.01000000015,-38.28458786,490.0000381,122.4615574,0.5,-0.5,0.7071067691,8.09E-08;
custom,killcuboid,empty,0.1000000015,4,0.1000000015,1,0,1,1,0.01000000015,0.01000000015,-10.00029325,461.7157364,122.4614811,0.5,-0.5,0.7071067691,8.09E-08;
custom,killcuboid,empty,0.1000000015,3.999999762,0.1000000089,1,0,1,1,0.01000000015,0.01000000089,9.999855757,461.7155457,122.4615574,0.7071068287,-7.55E-08,0.5,-0.4999999404;
custom,killcuboid,empty,0.1000000015,3.999999762,0.1000000089,1,0,1,1,0.01000000015,0.01000000089,38.28416109,489.9998093,122.4614906,0.7071068287,-7.55E-08,0.5,-0.4999999404;
custom,killcuboid,empty,0.1000000015,4,0.1000000089,1,0,1,1,0.01000000015,0.01000000089,38.28435898,509.9999619,122.4615574,0.5000001192,0.499999851,-4.98E-09,-0.7071068287;
custom,killcuboid,empty,0.1000000015,4,0.1000000089,1,0,1,1,0.01000000015,0.01000000089,10.00007868,538.2842636,122.4614906,0.5000001192,0.499999851,-4.98E-09,-0.7071068287;
custom,killcuboid,empty,0.1000000089,0.1000000015,34.64089966,1,0,1,1,0.01000000089,3.464089966,86.60214424,614.8865891,259.0778351,-0.1464466602,-0.3535534143,-0.8535532355,-0.3535536826;
custom,killcuboid,empty,0.100000076,0.1000001281,38.64089966,1,0,1,1,0.0100000076,3.864089966,116.6022968,644.8866272,244.9356461,-0.1464466602,-0.3535534143,-0.8535532355,-0.3535536826;
custom,killcuboid,empty,0.1000000089,0.1000000015,34.64089966,1,0,1,1,0.01000000089,3.464089966,114.8862076,586.6024017,259.0778542,-0.1464466602,-0.3535534143,-0.8535532355,-0.3535536826;
custom,killcuboid,empty,0.100000076,0.1000001281,38.64089966,1,0,1,1,0.0100000076,3.864089966,144.886322,616.6024017,244.9357224,-0.1464466602,-0.3535534143,-0.8535532355,-0.3535536826;
custom,killcuboid,empty,0.1000000015,0.1000000015,34.64089966,1,0,1,1,0.01000000015,3.464089966,-114.8866367,586.6022491,259.0778542,0.1464467645,-0.3535533249,-0.8535534739,0.3535532057;
custom,killcuboid,empty,0.1000000834,0.1000000015,38.64089966,1,0,1,1,0.01000000834,3.864089966,-144.8866749,616.6024017,244.9356461,0.1464467645,-0.3535533249,-0.8535534739,0.3535532057;
custom,killcuboid,empty,0.1000000015,0.1000000015,34.64089966,1,0,1,1,0.01000000015,3.464089966,-86.60245895,614.886322,259.0778351,0.1464467645,-0.3535533249,-0.8535534739,0.3535532057;
custom,killcuboid,empty,0.1000000834,0.1000000015,38.64089966,1,0,1,1,0.01000000834,3.864089966,-116.6024971,644.8864746,244.9356842,0.1464467645,-0.3535533249,-0.8535534739,0.3535532057;
custom,killcuboid,empty,0.1000000015,0.1000000015,34.64089966,1,0,1,1,0.01000000015,3.464089966,-86.6023159,385.1134491,259.0778351,0.3535532951,-0.1464462876,-0.353553772,0.8535533547;
custom,killcuboid,empty,0.1000000015,0.1000001281,38.64089966,1,0,1,1,0.01000000015,3.864089966,-116.6025066,355.1134491,244.9356651,0.3535532951,-0.1464462876,-0.353553772,0.8535533547;
custom,killcuboid,empty,0.1000000015,0.1000000015,34.64089966,1,0,1,1,0.01000000015,3.464089966,-114.8864174,413.3976746,259.0778351,0.3535532951,-0.1464462876,-0.353553772,0.8535533547;
custom,killcuboid,empty,0.1000000015,0.1000001281,38.64089966,1,0,1,1,0.01000000015,3.864089966,-144.8865318,383.3976364,244.9357224,0.3535532951,-0.1464462876,-0.353553772,0.8535533547;
custom,killcuboid,empty,0.1000000015,0.1000000015,34.64089966,1,0,1,1,0.01000000015,3.464089966,114.8864651,413.3977509,259.0778351,0.3535532653,0.1464473009,0.3535532951,0.8535533547;
custom,killcuboid,empty,0.09999998659,0.1000002548,38.64089966,1,0,1,1,0.009999998659,3.864089966,144.8864841,383.3975983,244.9356461,0.3535532653,0.1464473009,0.3535532951,0.8535533547;
custom,killcuboid,empty,0.1000000015,0.1000000015,34.64089966,1,0,1,1,0.01000000015,3.464089966,86.60224915,385.113678,259.0778351,0.3535532653,0.1464473009,0.3535532951,0.8535533547;
custom,killcuboid,empty,0.09999998659,0.1000002548,38.64089966,1,0,1,1,0.009999998659,3.864089966,116.6023064,355.1135635,244.9357414,0.3535532653,0.1464473009,0.3535532951,0.8535533547;
custom,killcuboid,empty,0.1000000015,2,0.1000000015,1,0,1,1,0.01000000015,0.01000000015,704.7843933,520.0003052,20.00007629,0.5,0.5,-0.4999999702,0.5000000596;
custom,killcuboid,empty,0.1000000015,2,0.1000000015,1,0,1,1,0.01000000015,0.01000000015,704.7843933,520.0003052,-19.99992371,0.5,0.5,-0.4999999702,0.5000000596;
custom,killcuboid,empty,0.1000000015,2,0.1000000015,1,0,1,1,0.01000000015,0.01000000015,704.7843933,480.0003052,20.00007629,0.5,0.5,-0.4999999702,0.5000000596;
custom,killcuboid,empty,0.1000000015,2,0.1000000015,1,0,1,1,0.01000000015,0.01000000015,704.7843933,480.0003052,-19.99992371,0.5,0.5,-0.4999999702,0.5000000596;
custom,killcuboid,empty,4,0.1000000015,0.1000000015,1,0,1,1,0.4,0.01000000015,694.7843933,480.0001526,7.63E-05,0.5,0.5,-0.4999999702,0.5000000596;
custom,killcuboid,empty,4,0.1000000015,0.1000000015,1,0,1,1,0.4,0.01000000015,694.7843933,520.0001526,7.63E-05,0.5,0.5,-0.4999999702,0.5000000596;
custom,killcuboid,empty,4,0.1000000015,0.1000000015,1,0,1,1,0.4,0.01000000015,694.7843933,500.0001526,-19.99992371,4.21E-08,-4.21E-08,-0.7071067691,0.7071068287;
custom,killcuboid,empty,4,0.1000000015,0.1000000015,1,0,1,1,0.4,0.01000000015,694.7843933,500.0001526,20.00007629,4.21E-08,-4.21E-08,-0.7071067691,0.7071068287;
custom,killcuboid,empty,4,0.1000000015,0.1000000015,1,0,1,1,0.4,0.01000000015,714.7843933,480.0001526,7.63E-05,0.5,0.5,-0.4999999702,0.5000000596;
custom,killcuboid,empty,4,0.1000000015,0.1000000015,1,0,1,1,0.4,0.01000000015,714.7843933,520.0001526,7.63E-05,0.5,0.5,-0.4999999702,0.5000000596;
custom,killcuboid,empty,4,0.1000000015,0.1000000015,1,0,1,1,0.4,0.01000000015,714.7843933,500.0001526,-19.99992371,4.21E-08,-4.21E-08,-0.7071067691,0.7071068287;
custom,killcuboid,empty,4,0.1000000015,0.1000000015,1,0,1,1,0.4,0.01000000015,714.7843933,500.0001526,20.00007629,4.21E-08,-4.21E-08,-0.7071067691,0.7071068287;
custom,killcuboid,empty,4,0.1000000015,0.1000000015,1,0,1,1,0.4,0.01000000015,694.7843933,500.0002289,-48.28414917,4.21E-08,-4.21E-08,-0.7071067691,0.7071068287;
custom,killcuboid,empty,3.999999762,0.1000000015,0.1000000015,1,0,1,1,0.3999999762,0.01000000015,694.7843933,465.8581543,-34.14215088,-0.2705980539,-0.2705980539,-0.6532814503,0.6532815099;
custom,killcuboid,empty,4,0.1000000015,0.1000000015,1,0,1,1,0.4,0.01000000015,694.7843933,451.7158508,-0.0001525878906,-0.4999999702,-0.5000000596,-0.5,0.4999999702;
custom,killcuboid,empty,4,0.1000000015,0.1000000015,1,0,1,1,0.4,0.01000000015,694.7843933,465.8578491,34.14199829,-0.6532814503,-0.6532815695,-0.2705981135,0.2705979049;
custom,killcuboid,empty,4,0.1000000015,0.1000000015,1,0,1,1,0.4,0.01000000015,694.7843933,499.9998474,48.28422546,-0.7071068287,-0.7071067691,-1.15E-07,-1.15E-07;
custom,killcuboid,empty,3.999999762,0.1000000015,0.1000000015,1,0,1,1,0.3999999762,0.01000000015,694.7843933,534.1419983,34.14222717,-0.6532815099,-0.6532813907,0.2705979645,-0.270598352;
custom,killcuboid,empty,4,0.1000000015,0.1000000015,1,0,1,1,0.4,0.01000000015,694.7843933,548.2842255,0.0002288818359,-0.4999999404,-0.4999997318,0.5,-0.500000298;
custom,killcuboid,empty,4,0.1000000015,0.1000000089,1,0,1,1,0.4,0.01000000089,694.7843933,534.1422272,-34.1418457,-0.2705978751,-0.2705976069,0.6532815099,-0.6532816887;
custom,killcuboid,empty,3.999999762,0.1000000015,0.1000000015,1,0,1,1,0.3999999762,0.01000000015,654.7843933,465.858078,-34.14215088,-0.2705980539,-0.2705980539,-0.6532814503,0.6532815099;
custom,killcuboid,empty,4,0.1000000015,0.1000000015,1,0,1,1,0.4,0.01000000015,654.7843933,465.8578491,34.14199829,-0.6532814503,-0.6532815695,-0.2705981135,0.2705979049;
custom,killcuboid,empty,3.999999762,0.1000000015,0.1000000015,1,0,1,1,0.3999999762,0.01000000015,654.7843933,534.1419983,34.14226532,-0.6532815099,-0.6532813907,0.2705979645,-0.270598352;
custom,killcuboid,empty,4,0.1000000015,0.1000000089,1,0,1,1,0.4,0.01000000089,654.7843933,534.1422653,-34.1418457,-0.2705978751,-0.2705976069,0.6532815099,-0.6532816887;
custom,killcuboid,empty,4,0.1000000015,0.1000000015,1,0,1,1,0.4,0.01000000015,626.5001678,485.8580399,14.14222717,-0.6532814503,-0.6532815695,-0.2705981135,0.2705979049;
custom,killcuboid,empty,4,0.1000000015,0.1000000015,1,0,1,1,0.4,0.01000000015,626.5001297,514.1422653,-14.14218903,-0.6532814503,-0.6532815695,-0.2705981135,0.2705979049;
custom,killcuboid,empty,4,0.1000000015,0.1000000015,1,0,1,1,0.4,0.01000000015,626.5001297,485.8578873,-14.14196014,-0.2705981433,-0.2705981433,-0.6532814503,0.6532814503;
custom,killcuboid,empty,4,0.1000000015,0.1000000015,1,0,1,1,0.4,0.01000000015,626.500206,514.1422653,14.14226532,-0.2705981433,-0.2705981433,-0.6532814503,0.6532814503;
custom,killcuboid,empty,0.09999999404,3.999999762,0.1000000015,1,0,1,1,0.009999999404,0.01000000015,640.6422424,538.2845306,-9.999923706,0.3535533547,0.8535534143,-0.3535533845,0.1464466006;
custom,killcuboid,empty,0.09999999404,3.999999762,0.1000000015,1,0,1,1,0.009999999404,0.01000000015,640.6423187,510.0002289,-38.28422546,0.3535533547,0.8535534143,-0.3535533845,0.1464466006;
custom,killcuboid,empty,0.1000000015,4,0.1000000015,1,0,1,1,0.01000000015,0.01000000015,640.6422424,490.0000763,-38.28445435,0.1464466602,0.3535533845,-0.8535533547,0.3535534143;
custom,killcuboid,empty,0.1000000015,4,0.1000000015,1,0,1,1,0.01000000015,0.01000000015,640.6423187,461.7157745,-10.00015259,0.1464466602,0.3535533845,-0.8535533547,0.3535534143;
custom,killcuboid,empty,0.1000000015,4,0.1000000089,1,0,1,1,0.01000000015,0.01000000089,640.6422424,461.7155457,10,-0.1464464515,-0.3535533547,-0.8535534143,0.3535533845;
custom,killcuboid,empty,0.1000000015,4,0.1000000089,1,0,1,1,0.01000000015,0.01000000089,640.6423187,489.9998474,38.28430176,-0.1464464515,-0.3535533547,-0.8535534143,0.3535533845;
custom,killcuboid,empty,0.1000000015,4,0.1000000015,1,0,1,1,0.01000000015,0.01000000015,640.6422424,510,38.28453064,-0.3535532951,-0.8535534143,-0.3535534739,0.1464464962;
custom,killcuboid,empty,0.1000000015,4,0.1000000015,1,0,1,1,0.01000000015,0.01000000015,640.6423187,538.2843018,10.00022888,-0.3535532951,-0.8535534143,-0.3535534739,0.1464464962;
custom,killcuboid,empty,0.1000000015,0.1000000015,34.64089966,1,0,1,1,0.01000000015,3.464089966,504.0259933,614.8865891,86.60224915,-0.5,-4.66E-07,0.7071066499,0.5000002384;
custom,killcuboid,empty,0.09999991208,0.1000000015,38.64089966,1,0,1,1,0.009999991208,3.864089966,518.1682205,644.8866272,116.6024399,-0.5,-4.66E-07,0.7071066499,0.5000002384;
custom,killcuboid,empty,0.1000000015,0.1000000015,34.64089966,1,0,1,1,0.01000000015,3.464089966,504.0259552,586.6024399,114.886322,-0.5,-4.66E-07,0.7071066499,0.5000002384;
custom,killcuboid,empty,0.09999991208,0.1000000015,38.64089966,1,0,1,1,0.009999991208,3.864089966,518.1681061,616.6024399,144.8864746,-0.5,-4.66E-07,0.7071066499,0.5000002384;
custom,killcuboid,empty,0.1000000015,0.1000000015,34.64089966,1,0,1,1,0.01000000015,3.464089966,504.0259552,586.6022873,-114.8865128,-0.7071070671,0.499999702,0.4999999106,3.47E-08;
custom,killcuboid,empty,0.09999998659,0.1000001281,38.64089966,1,0,1,1,0.009999998659,3.864089966,518.1681824,616.6024399,-144.8865509,-0.7071070671,0.499999702,0.4999999106,3.47E-08;
custom,killcuboid,empty,0.1000000015,0.1000000015,34.64089966,1,0,1,1,0.01000000015,3.464089966,504.0259933,614.8863602,-86.60232544,-0.7071070671,0.499999702,0.4999999106,3.47E-08;
custom,killcuboid,empty,0.09999998659,0.1000001281,38.64089966,1,0,1,1,0.009999998659,3.864089966,518.1680679,644.8864746,-116.6023636,-0.7071070671,0.499999702,0.4999999106,3.47E-08;
custom,killcuboid,empty,0.1000000015,0.1000000089,34.64089966,1,0,1,1,0.01000000015,3.464089966,504.0259933,385.1134872,-86.602211,-0.5000003576,0.7071065307,-7.93E-08,-0.5;
custom,killcuboid,empty,0.1000002474,0.1000002697,38.64089966,1,0,1,1,0.01000002474,3.864089966,518.1681824,355.1134491,-116.6023636,-0.5000003576,0.7071065307,-7.93E-08,-0.5;
custom,killcuboid,empty,0.1000000015,0.1000000089,34.64089966,1,0,1,1,0.01000000015,3.464089966,504.0259933,413.3976746,-114.8862839,-0.5000003576,0.7071065307,-7.93E-08,-0.5;
custom,killcuboid,empty,0.1000002474,0.1000002697,38.64089966,1,0,1,1,0.01000002474,3.864089966,518.1681061,383.3976364,-144.8863983,-0.5000003576,0.7071065307,-7.93E-08,-0.5;
custom,killcuboid,empty,0.1000000015,0.1000000015,34.64089966,1,0,1,1,0.01000000015,3.464089966,504.0259933,413.397789,114.8865891,1.02E-07,0.499999702,-0.4999999702,-0.7071070075;
custom,killcuboid,empty,0.09999982268,0.1000001281,38.64089966,1,0,1,1,0.009999982268,3.864089966,518.1681824,383.3976364,144.8866272,1.02E-07,0.499999702,-0.4999999702,-0.7071070075;
custom,killcuboid,empty,0.1000000015,0.1000000015,34.64089966,1,0,1,1,0.01000000015,3.464089966,504.0260315,385.1137161,86.60236359,1.02E-07,0.499999702,-0.4999999702,-0.7071070075;
custom,killcuboid,empty,0.09999982268,0.1000001281,38.64089966,1,0,1,1,0.009999982268,3.864089966,518.1681061,355.1136017,116.6024399,1.02E-07,0.499999702,-0.4999999702,-0.7071070075;
custom,killcuboid,empty,0.1000000015,2,0.1000000015,1,0,1,1,0.01000000015,0.01000000015,58.31947327,520.0003052,-19.9998951,0.5000001192,-0.5000000596,0.4999999404,0.4999999106;
custom,killcuboid,empty,0.1000000015,2,0.1000000015,1,0,1,1,0.01000000015,0.01000000015,58.31947327,520.0003052,20.00010967,0.5000001192,-0.5000000596,0.4999999404,0.4999999106;
custom,killcuboid,empty,0.1000000015,2,0.1000000015,1,0,1,1,0.01000000015,0.01000000015,58.31947803,480.0003052,-19.9998951,0.5000001192,-0.5000000596,0.4999999404,0.4999999106;
custom,killcuboid,empty,0.1000000015,2,0.1000000015,1,0,1,1,0.01000000015,0.01000000015,58.31947803,480.0003052,20.00010967,0.5000001192,-0.5000000596,0.4999999404,0.4999999106;
custom,killcuboid,empty,4,0.1000000015,0.1000000015,1,0,1,1,0.4,0.01000000015,68.31947803,480.0001144,0.0001239776611,0.5000001192,-0.5000000596,0.4999999404,0.4999999106;
custom,killcuboid,empty,4,0.1000000015,0.1000000015,1,0,1,1,0.4,0.01000000015,68.31947803,520.0001144,0.0001239776611,0.5000001192,-0.5000000596,0.4999999404,0.4999999106;
custom,killcuboid,empty,4,0.1000000015,0.1000000015,1,0,1,1,0.4,0.01000000015,68.31947803,500.0001144,20.00012398,0.7071068287,-0.7071067691,1.15E-07,-1.15E-07;
custom,killcuboid,empty,4,0.1000000015,0.1000000015,1,0,1,1,0.4,0.01000000015,68.31947803,500.0001144,-19.99988079,0.7071068287,-0.7071067691,1.15E-07,-1.15E-07;
custom,killcuboid,empty,4,0.1000000015,0.1000000015,1,0,1,1,0.4,0.01000000015,48.31947803,480.0001144,0.0001239776611,0.5000001192,-0.5000000596,0.4999999404,0.4999999106;
custom,killcuboid,empty,4,0.1000000015,0.1000000015,1,0,1,1,0.4,0.01000000015,48.31947803,520.0001144,0.0001239776611,0.5000001192,-0.5000000596,0.4999999404,0.4999999106;
custom,killcuboid,empty,4,0.1000000015,0.1000000015,1,0,1,1,0.4,0.01000000015,48.31947803,500.0001144,20.00012398,0.7071068287,-0.7071067691,1.15E-07,-1.15E-07;
custom,killcuboid,empty,4,0.1000000015,0.1000000015,1,0,1,1,0.4,0.01000000015,48.31947803,500.0001144,-19.99987125,0.7071068287,-0.7071067691,1.15E-07,-1.15E-07;
custom,killcuboid,empty,4,0.1000000015,0.1000000015,1,0,1,1,0.4,0.01000000015,68.31947803,500.0001907,48.28430176,0.7071068287,-0.7071067691,1.15E-07,-1.15E-07;
custom,killcuboid,empty,3.999999762,0.1000000015,0.1000000015,1,0,1,1,0.3999999762,0.01000000015,68.3194828,465.858078,34.14232016,0.6532814503,-0.6532815099,-0.2705980539,-0.2705980241;
custom,killcuboid,empty,4,0.1000000015,0.1000000015,1,0,1,1,0.4,0.01000000015,68.3194828,451.7158508,0.0003099441528,0.4999999702,-0.5,-0.5,-0.5;
custom,killcuboid,empty,4,0.1000000015,0.1000000015,1,0,1,1,0.4,0.01000000015,68.31948757,465.857811,-34.14180756,0.2705981731,-0.2705978155,-0.6532814503,-0.6532815695;
custom,killcuboid,empty,4,0.1000000015,0.1000000015,1,0,1,1,0.4,0.01000000015,68.31948757,499.9998093,-48.28404427,8.15E-08,8.15E-08,-0.7071067691,-0.7071068287;
custom,killcuboid,empty,4,0.1000000015,0.1000000015,1,0,1,1,0.4,0.01000000015,68.31947803,534.141922,-34.14207458,-0.2705981135,0.2705980539,-0.6532814503,-0.6532815099;
custom,killcuboid,empty,4,0.1000000015,0.1000000015,1,0,1,1,0.4,0.01000000015,68.31947327,548.2841873,-6.68E-05,-0.5000001192,0.500000298,-0.4999999404,-0.4999996722;
custom,killcuboid,empty,3.999999762,0.1000000015,0.1000000015,1,0,1,1,0.3999999762,0.01000000015,68.31946373,534.1422272,34.1420579,-0.6532815099,0.6532815695,-0.2705980837,-0.2705978155;
custom,killcuboid,empty,3.999999762,0.1000000015,0.1000000015,1,0,1,1,0.3999999762,0.01000000015,108.3194828,465.858078,34.142313,0.6532814503,-0.6532815099,-0.2705980539,-0.2705980241;
custom,killcuboid,empty,4,0.1000000015,0.1000000015,1,0,1,1,0.4,0.01000000015,108.3194828,465.857811,-34.14181709,0.2705981731,-0.2705978155,-0.6532814503,-0.6532815695;
custom,killcuboid,empty,4,0.1000000015,0.1000000015,1,0,1,1,0.4,0.01000000015,108.3194828,534.141922,-34.14208412,-0.2705981135,0.2705980539,-0.6532814503,-0.6532815099;
custom,killcuboid,empty,3.999999762,0.1000000015,0.1000000015,1,0,1,1,0.3999999762,0.01000000015,108.3194828,534.1422272,34.14205074,-0.6532815099,0.6532815695,-0.2705980837,-0.2705978155;
custom,killcuboid,empty,4,0.1000000015,0.1000000015,1,0,1,1,0.4,0.01000000015,136.6037083,485.8580017,-14.14204597,0.2705981731,-0.2705978155,-0.6532814503,-0.6532815695;
custom,killcuboid,empty,4,0.1000000015,0.1000000015,1,0,1,1,0.4,0.01000000015,136.6037083,514.1422272,14.14235115,0.2705981731,-0.2705978155,-0.6532814503,-0.6532815695;
custom,killcuboid,empty,4,0.1000000015,0.1000000015,1,0,1,1,0.4,0.01000000015,136.6037178,485.8578491,14.14211273,0.6532814503,-0.6532814503,-0.2705981433,-0.2705981433;
custom,killcuboid,empty,4,0.1000000015,0.1000000015,1,0,1,1,0.4,0.01000000015,136.6037083,514.1422272,-14.14208412,0.6532814503,-0.6532814503,-0.2705981433,-0.2705981433;
custom,killcuboid,empty,0.1000000015,4,0.1000000015,1,0,1,1,0.01000000015,0.01000000015,122.4615669,538.2844925,10.00009537,0.3535533249,-0.1464464366,0.3535533547,0.8535534739;
custom,killcuboid,empty,0.1000000015,4,0.1000000015,1,0,1,1,0.01000000015,0.01000000015,122.4614811,510.0001907,38.28439713,0.3535533249,-0.1464464366,0.3535533547,0.8535534739;
custom,killcuboid,empty,0.1000000015,4,0.1000000015,1,0,1,1,0.01000000015,0.01000000015,122.4615669,490.0000381,38.2845974,0.8535534143,-0.3535533547,0.1464466006,0.3535534441;
custom,killcuboid,empty,0.1000000015,4,0.1000000015,1,0,1,1,0.01000000015,0.01000000015,122.4614811,461.7157364,10.00030518,0.8535534143,-0.3535533547,0.1464466006,0.3535534441;
custom,killcuboid,empty,0.1000000015,4,0.1000000015,1,0,1,1,0.01000000015,0.01000000015,122.4615574,461.7155457,-9.999847412,0.8535533547,-0.3535534143,-0.1464464962,-0.3535535038;
custom,killcuboid,empty,0.1000000015,4,0.1000000015,1,0,1,1,0.01000000015,0.01000000015,122.4614906,489.9998093,-38.28414917,0.8535533547,-0.3535534143,-0.1464464962,-0.3535535038;
custom,killcuboid,empty,0.1000000015,3.999999762,0.1000000089,1,0,1,1,0.01000000015,0.01000000089,122.4615574,509.9999619,-38.28434944,0.3535535038,-0.1464466006,-0.3535534143,-0.8535533547;
custom,killcuboid,empty,0.1000000015,3.999999762,0.1000000089,1,0,1,1,0.01000000015,0.01000000089,122.4614906,538.2842636,-10.00006676,0.3535535038,-0.1464466006,-0.3535534143,-0.8535533547;
custom,killcuboid,empty,0.1000000015,0.1000000015,34.64089966,1,0,1,1,0.01000000015,3.464089966,259.0778351,614.8865891,-86.6021347,-0.7071067095,-0.500000298,-0.4999998212,-2.78E-07;
custom,killcuboid,empty,0.1000000685,0.1000001281,38.64089966,1,0,1,1,0.01000000685,3.864089966,244.9356461,644.8866272,-116.6022873,-0.7071067095,-0.500000298,-0.4999998212,-2.78E-07;
custom,killcuboid,empty,0.1000000015,0.1000000015,34.64089966,1,0,1,1,0.01000000015,3.464089966,259.0778542,586.6024017,-114.8861885,-0.7071067095,-0.500000298,-0.4999998212,-2.78E-07;
custom,killcuboid,empty,0.1000000685,0.1000001281,38.64089966,1,0,1,1,0.01000000685,3.864089966,244.9357414,616.6024017,-144.8862839,-0.7071067095,-0.500000298,-0.4999998212,-2.78E-07;
custom,killcuboid,empty,0.1000000015,0.1000000015,34.64089966,1,0,1,1,0.01000000015,3.464089966,259.0778732,586.6022491,114.8866558,-0.4999998212,-1.66E-07,-0.7071070075,0.4999998212;
custom,killcuboid,empty,0.1000000834,0.1000000015,38.64089966,1,0,1,1,0.01000000834,3.864089966,244.9356461,616.6024017,144.886694,-0.4999998212,-1.66E-07,-0.7071070075,0.4999998212;
custom,killcuboid,empty,0.1000000015,0.1000000015,34.64089966,1,0,1,1,0.01000000015,3.464089966,259.0778542,614.886322,86.60247803,-0.4999998212,-1.66E-07,-0.7071070075,0.4999998212;
custom,killcuboid,empty,0.1000000834,0.1000000015,38.64089966,1,0,1,1,0.01000000834,3.864089966,244.9356651,644.8864746,116.6025162,-0.4999998212,-1.66E-07,-0.7071070075,0.4999998212;
custom,killcuboid,empty,0.1000000015,0.1000000015,34.64089966,1,0,1,1,0.01000000015,3.464089966,259.0778351,385.1134491,86.60232544,-3.02E-07,0.5000001788,-0.5000001788,0.7071065307;
custom,killcuboid,empty,0.1000000015,0.1000001281,38.64089966,1,0,1,1,0.01000000015,3.864089966,244.9356461,355.1134491,116.6025257,-3.02E-07,0.5000001788,-0.5000001788,0.7071065307;
custom,killcuboid,empty,0.1000000015,0.1000000015,34.64089966,1,0,1,1,0.01000000015,3.464089966,259.077816,413.3976746,114.8864365,-3.02E-07,0.5000001788,-0.5000001788,0.7071065307;
custom,killcuboid,empty,0.1000000015,0.1000001281,38.64089966,1,0,1,1,0.01000000015,3.864089966,244.9357033,383.3976364,144.8865509,-3.02E-07,0.5000001788,-0.5000001788,0.7071065307;
custom,killcuboid,empty,0.1000000089,0.1000000015,34.64089584,1,0,1,1,0.01000000089,3.464089584,259.0778351,413.3977509,-114.8864365,0.4999999702,0.7071071863,1.13E-07,0.4999994934;
custom,killcuboid,empty,0.09999999404,0.1000002548,38.64089584,1,0,1,1,0.009999999404,3.864089584,244.9356651,383.3975983,-144.8864746,0.4999999702,0.7071071863,1.13E-07,0.4999994934;
custom,killcuboid,empty,0.1000000089,0.1000000015,34.64089584,1,0,1,1,0.01000000089,3.464089584,259.0778351,385.113678,-86.60224915,0.4999999702,0.7071071863,1.13E-07,0.4999994934;
custom,killcuboid,empty,0.09999999404,0.1000002548,38.64089584,1,0,1,1,0.009999999404,3.864089584,244.9357414,355.1135635,-116.6022682,0.4999999702,0.7071071863,1.13E-07,0.4999994934;
custom,killcuboid,empty,0.1000000015,2,0.1000000015,1,0,1,1,0.01000000015,0.01000000015,20.00015259,520.0003052,-704.7843933,5.34E-08,0.7071068287,-0.7071067691,5.34E-08;
custom,killcuboid,empty,0.1000000015,2,0.1000000015,1,0,1,1,0.01000000015,0.01000000015,-19.99984741,520.0003052,-704.7843933,5.34E-08,0.7071068287,-0.7071067691,5.34E-08;
custom,killcuboid,empty,0.1000000015,2,0.1000000015,1,0,1,1,0.01000000015,0.01000000015,20.00015259,480.0003052,-704.7843933,5.34E-08,0.7071068287,-0.7071067691,5.34E-08;
custom,killcuboid,empty,0.1000000015,2,0.1000000015,1,0,1,1,0.01000000015,0.01000000015,-19.99984741,480.0003052,-704.7843933,5.34E-08,0.7071068287,-0.7071067691,5.34E-08;
custom,killcuboid,empty,4,0.1000000015,0.1000000015,1,0,1,1,0.4,0.01000000015,0.0001525878906,480.0001526,-694.7843933,5.34E-08,0.7071068287,-0.7071067691,5.34E-08;
custom,killcuboid,empty,4,0.1000000015,0.1000000015,1,0,1,1,0.4,0.01000000015,0.0001525878906,520.0001526,-694.7843933,5.34E-08,0.7071068287,-0.7071067691,5.34E-08;
custom,killcuboid,empty,4,0.1000000015,0.1000000015,1,0,1,1,0.4,0.01000000015,-19.99984741,500.0001526,-694.7843933,-0.4999999702,0.4999999404,-0.5,0.5000000596;
custom,killcuboid,empty,4,0.1000000015,0.1000000015,1,0,1,1,0.4,0.01000000015,20.00015259,500.0001526,-694.7843933,-0.4999999702,0.4999999404,-0.5,0.5000000596;
custom,killcuboid,empty,4,0.1000000015,0.1000000015,1,0,1,1,0.4,0.01000000015,0.0001525878906,480.0001526,-714.7843933,5.34E-08,0.7071068287,-0.7071067691,5.34E-08;
custom,killcuboid,empty,4,0.1000000015,0.1000000015,1,0,1,1,0.4,0.01000000015,0.0001525878906,520.0001526,-714.7843933,5.34E-08,0.7071068287,-0.7071067691,5.34E-08;
custom,killcuboid,empty,4,0.1000000015,0.1000000015,1,0,1,1,0.4,0.01000000015,-19.99984741,500.0001526,-714.7843933,-0.4999999702,0.4999999404,-0.5,0.5000000596;
custom,killcuboid,empty,4,0.1000000015,0.1000000015,1,0,1,1,0.4,0.01000000015,20.00015259,500.0001526,-714.7843933,-0.4999999702,0.4999999404,-0.5,0.5000000596;
custom,killcuboid,empty,4,0.1000000015,0.1000000015,1,0,1,1,0.4,0.01000000015,-48.28407288,500.0002289,-694.7843933,-0.4999999702,0.4999999404,-0.5,0.5000000596;
custom,killcuboid,empty,3.999999762,0.1000000015,0.1000000015,1,0,1,1,0.3999999762,0.01000000015,-34.14207458,465.8581543,-694.7843933,-0.6532814503,0.2705980539,-0.2705980539,0.6532815099;
custom,killcuboid,empty,4,0.1000000015,0.1000000015,1,0,1,1,0.4,0.01000000015,-7.63E-05,451.7158508,-694.7843933,-0.7071067691,-1.15E-07,-5.34E-08,0.7071068287;
custom,killcuboid,empty,4,0.1000000015,0.1000000015,1,0,1,1,0.4,0.01000000015,34.14207458,465.8578491,-694.7843933,-0.6532815099,-0.2705982327,0.2705979645,0.6532814503;
custom,killcuboid,empty,4,0.1000000015,0.1000000015,1,0,1,1,0.4,0.01000000015,48.28430176,499.9998474,-694.7843933,-0.5000000596,-0.5,0.4999999404,0.4999999702;
custom,killcuboid,empty,3.999999762,0.1000000015,0.1000000015,1,0,1,1,0.3999999762,0.01000000015,34.14230347,534.1419983,-694.7843933,-0.2705982029,-0.6532816887,0.6532813907,0.2705976665;
custom,killcuboid,empty,4,0.1000000015,0.1000000015,1,0,1,1,0.4,0.01000000015,0.0003051757813,548.2842255,-694.7843933,-5.34E-08,-0.7071068287,0.7071067691,-5.14E-07;
custom,killcuboid,empty,4,0.1000000015,0.1000000089,1,0,1,1,0.4,0.01000000089,-34.14176941,534.1422272,-694.7843933,0.2705981135,-0.6532812715,0.6532814503,-0.2705986202;
custom,killcuboid,empty,3.999999762,0.1000000015,0.1000000015,1,0,1,1,0.3999999762,0.01000000015,-34.14207458,465.858078,-654.7843933,-0.6532814503,0.2705980539,-0.2705980539,0.6532815099;
custom,killcuboid,empty,4,0.1000000015,0.1000000015,1,0,1,1,0.4,0.01000000015,34.14203644,465.8578491,-654.7843933,-0.6532815099,-0.2705982327,0.2705979645,0.6532814503;
custom,killcuboid,empty,3.999999762,0.1000000015,0.1000000015,1,0,1,1,0.3999999762,0.01000000015,34.14230347,534.1419983,-654.7843933,-0.2705982029,-0.6532816887,0.6532813907,0.2705976665;
custom,killcuboid,empty,4,0.1000000015,0.1000000089,1,0,1,1,0.4,0.01000000089,-34.14176941,534.1422653,-654.7843933,0.2705981135,-0.6532812715,0.6532814503,-0.2705986202;
custom,killcuboid,empty,4,0.1000000015,0.1000000015,1,0,1,1,0.4,0.01000000015,14.14226532,485.8580399,-626.5001678,-0.6532815099,-0.2705982327,0.2705979645,0.6532814503;
custom,killcuboid,empty,4,0.1000000015,0.1000000015,1,0,1,1,0.4,0.01000000015,-14.14211273,514.1422653,-626.5001297,-0.6532815099,-0.2705982327,0.2705979645,0.6532814503;
custom,killcuboid,empty,4,0.1000000015,0.1000000015,1,0,1,1,0.4,0.01000000015,-14.14188385,485.8578873,-626.5001297,-0.6532815099,0.2705979645,-0.2705979645,0.6532815695;
custom,killcuboid,empty,4,0.1000000015,0.1000000015,1,0,1,1,0.4,0.01000000015,14.14230347,514.1422653,-626.500206,-0.6532815099,0.2705979645,-0.2705979645,0.6532815695;
custom,killcuboid,empty,0.1000000015,4,0.1000000015,1,0,1,1,0.01000000015,0.01000000015,-9.999847412,538.2845306,-640.6422424,-4.77E-08,0.7071067691,-0.4999999404,-0.5000000596;
custom,killcuboid,empty,0.1000000015,4,0.1000000015,1,0,1,1,0.01000000015,0.01000000015,-38.28414917,510.0002289,-640.6423187,-4.77E-08,0.7071067691,-0.4999999404,-0.5000000596;
custom,killcuboid,empty,0.1000000015,4,0.1000000015,1,0,1,1,0.01000000015,0.01000000015,-38.28437805,490.0000763,-640.6422424,-0.5000001192,0.5,-0.7071067095,-7.60E-08;
custom,killcuboid,empty,0.1000000015,4,0.1000000015,1,0,1,1,0.01000000015,0.01000000015,-10.00007629,461.7157745,-640.6423187,-0.5000001192,0.5,-0.7071067095,-7.60E-08;
custom,killcuboid,empty,0.1000000089,4,0.1000000089,1,0,1,1,0.01000000089,0.01000000089,10.00003815,461.7155457,-640.6422424,-0.7071066499,3.97E-09,-0.5000001788,0.4999999702;
custom,killcuboid,empty,0.1000000089,4,0.1000000089,1,0,1,1,0.01000000089,0.01000000089,38.2843399,489.9998474,-640.6423187,-0.7071066499,3.97E-09,-0.5000001788,0.4999999702;
custom,killcuboid,empty,0.1000000015,4,0.1000000015,1,0,1,1,0.01000000015,0.01000000015,38.28456879,510,-640.6422424,-0.4999999702,-0.5000001192,-1.54E-07,0.7071067095;
custom,killcuboid,empty,0.1000000015,4,0.1000000015,1,0,1,1,0.01000000015,0.01000000015,10.00026703,538.2843018,-640.6423187,-0.4999999702,-0.5000001192,-1.54E-07,0.7071067095;
custom,killcuboid,empty,0.1000000015,0.1000000015,34.64089966,1,0,1,1,0.01000000015,3.464089966,86.60228729,614.8865891,-504.0259933,0.1464465111,0.3535531759,0.8535532355,0.3535539806;
custom,killcuboid,empty,0.09999991208,0.1000000015,38.64089966,1,0,1,1,0.009999991208,3.864089966,116.602478,644.8866272,-518.1682205,0.1464465111,0.3535531759,0.8535532355,0.3535539806;
custom,killcuboid,empty,0.1000000015,0.1000000015,34.64089966,1,0,1,1,0.01000000015,3.464089966,114.8863602,586.6024399,-504.0259552,0.1464465111,0.3535531759,0.8535532355,0.3535539806;
custom,killcuboid,empty,0.09999991208,0.1000000015,38.64089966,1,0,1,1,0.009999991208,3.864089966,144.8865128,616.6024399,-518.1681061,0.1464465111,0.3535531759,0.8535532355,0.3535539806;
custom,killcuboid,empty,0.1000000015,0.1000000015,34.64089966,1,0,1,1,0.01000000015,3.464089966,-114.8864746,586.6022873,-504.0259552,-0.1464469135,0.3535532057,0.8535535336,-0.3535531461;
custom,killcuboid,empty,0.09999998659,0.1000001281,38.64089966,1,0,1,1,0.009999998659,3.864089966,-144.8864746,616.6024399,-518.1681824,-0.1464469135,0.3535532057,0.8535535336,-0.3535531461;
custom,killcuboid,empty,0.1000000015,0.1000000015,34.64089966,1,0,1,1,0.01000000015,3.464089966,-86.60228729,614.8863602,-504.0259933,-0.1464469135,0.3535532057,0.8535535336,-0.3535531461;
custom,killcuboid,empty,0.09999998659,0.1000001281,38.64089966,1,0,1,1,0.009999998659,3.864089966,-116.6023254,644.8864746,-518.1680679,-0.1464469135,0.3535532057,0.8535535336,-0.3535531461;
custom,killcuboid,empty,0.1000000015,0.1000000015,34.64089966,1,0,1,1,0.01000000015,3.464089966,-86.60217285,385.1134872,-504.0259933,-0.3535538018,0.1464465261,0.3535535336,-0.8535531759;
custom,killcuboid,empty,0.1000002474,0.1000002548,38.64089966,1,0,1,1,0.01000002474,3.864089966,-116.6023254,355.1134491,-518.1681824,-0.3535538018,0.1464465261,0.3535535336,-0.8535531759;
custom,killcuboid,empty,0.1000000015,0.1000000015,34.64089966,1,0,1,1,0.01000000015,3.464089966,-114.8862457,413.3976746,-504.0259933,-0.3535538018,0.1464465261,0.3535535336,-0.8535531759;
custom,killcuboid,empty,0.1000002474,0.1000002548,38.64089966,1,0,1,1,0.01000002474,3.864089966,-144.8863983,383.3976364,-518.1681061,-0.3535538018,0.1464465261,0.3535535336,-0.8535531759;
custom,killcuboid,empty,0.1000000089,0.1000000015,34.64089966,1,0,1,1,0.01000000089,3.464089966,114.8866272,413.397789,-504.0259933,-0.3535533547,-0.1464470327,-0.3535535336,-0.8535532951;
custom,killcuboid,empty,0.09999983013,0.1000001281,38.64089966,1,0,1,1,0.009999983013,3.864089966,144.8866653,383.3976364,-518.1681824,-0.3535533547,-0.1464470327,-0.3535535336,-0.8535532951;
custom,killcuboid,empty,0.1000000089,0.1000000015,34.64089966,1,0,1,1,0.01000000089,3.464089966,86.60240173,385.1137161,-504.0260315,-0.3535533547,-0.1464470327,-0.3535535336,-0.8535532951;
custom,killcuboid,empty,0.09999983013,0.1000001281,38.64089966,1,0,1,1,0.009999983013,3.864089966,116.602478,355.1136017,-518.1681061,-0.3535533547,-0.1464470327,-0.3535535336,-0.8535532951;
custom,killcuboid,empty,0.1000000015,2,0.1000000015,1,0,1,1,0.01000000015,0.01000000015,-19.99989033,520.0003052,-58.31947327,0.7071068287,-2.53E-07,-1.46E-07,0.7071067691;
custom,killcuboid,empty,0.1000000015,2,0.1000000015,1,0,1,1,0.01000000015,0.01000000015,20.00011444,520.0003052,-58.31947327,0.7071068287,-2.53E-07,-1.46E-07,0.7071067691;
custom,killcuboid,empty,0.1000000015,2,0.1000000015,1,0,1,1,0.01000000015,0.01000000015,-19.99989033,480.0003052,-58.31947803,0.7071068287,-2.53E-07,-1.46E-07,0.7071067691;
custom,killcuboid,empty,0.1000000015,2,0.1000000015,1,0,1,1,0.01000000015,0.01000000015,20.00011444,480.0003052,-58.31947803,0.7071068287,-2.53E-07,-1.46E-07,0.7071067691;
custom,killcuboid,empty,4,0.1000000015,0.1000000015,1,0,1,1,0.4,0.01000000015,0.0001287460327,480.0001144,-68.31947803,0.7071068287,-2.53E-07,-1.46E-07,0.7071067691;
custom,killcuboid,empty,4,0.1000000015,0.1000000015,1,0,1,1,0.4,0.01000000015,0.0001287460327,520.0001144,-68.31947803,0.7071068287,-2.53E-07,-1.46E-07,0.7071067691;
custom,killcuboid,empty,4,0.1000000015,0.1000000015,1,0,1,1,0.4,0.01000000015,20.00012875,500.0001144,-68.3194828,0.5000001192,-0.5000000596,-0.4999998808,0.4999999106;
custom,killcuboid,empty,4,0.1000000015,0.1000000015,1,0,1,1,0.4,0.01000000015,-19.99988079,500.0001144,-68.31947803,0.5000001192,-0.5000000596,-0.4999998808,0.4999999106;
custom,killcuboid,empty,4,0.1000000015,0.1000000015,1,0,1,1,0.4,0.01000000015,0.0001287460327,480.0001144,-48.31947803,0.7071068287,-2.53E-07,-1.46E-07,0.7071067691;
custom,killcuboid,empty,4,0.1000000015,0.1000000015,1,0,1,1,0.4,0.01000000015,0.0001287460327,520.0001144,-48.31947803,0.7071068287,-2.53E-07,-1.46E-07,0.7071067691;
custom,killcuboid,empty,4,0.1000000015,0.1000000015,1,0,1,1,0.4,0.01000000015,20.00012875,500.0001144,-48.31947803,0.5000001192,-0.5000000596,-0.4999998808,0.4999999106;
custom,killcuboid,empty,4,0.1000000015,0.1000000015,1,0,1,1,0.4,0.01000000015,-19.99986649,500.0001144,-48.31947803,0.5000001192,-0.5000000596,-0.4999998808,0.4999999106;
custom,killcuboid,empty,4,0.1000000015,0.1000000015,1,0,1,1,0.4,0.01000000015,48.28430653,500.0001907,-68.31947327,0.5000001192,-0.5000000596,-0.4999998808,0.4999999106;
custom,killcuboid,empty,3.999999762,0.1000000015,0.1000000015,1,0,1,1,0.3999999762,0.01000000015,34.14232492,465.858078,-68.31947327,0.2705981135,-0.6532815099,-0.6532814503,0.2705979943;
custom,killcuboid,empty,4,0.1000000015,0.1000000015,1,0,1,1,0.4,0.01000000015,0.0003147125244,451.7158508,-68.3194828,2.25E-08,-0.7071067691,-0.7071067691,-8.43E-08;
custom,killcuboid,empty,4,0.1000000015,0.1000000015,1,0,1,1,0.4,0.01000000015,-34.14180279,465.857811,-68.31949234,-0.2705978155,-0.6532813311,-0.6532815695,-0.270598352;
custom,killcuboid,empty,4,0.1000000015,0.1000000015,1,0,1,1,0.4,0.01000000015,-48.2840395,499.9998093,-68.31949234,-0.4999999106,-0.499999851,-0.5000001192,-0.5000001192;
custom,killcuboid,empty,4,0.1000000015,0.1000000015,1,0,1,1,0.4,0.01000000015,-34.14206982,534.141922,-68.3194828,-0.6532815099,-0.2705980241,-0.2705980241,-0.6532815099;
custom,killcuboid,empty,4,0.1000000015,0.1000000015,1,0,1,1,0.4,0.01000000015,-6.20E-05,548.2841873,-68.31947327,-0.7071068287,6.52E-07,8.43E-08,-0.7071067691;
custom,killcuboid,empty,3.999999762,0.1000000015,0.1000000015,1,0,1,1,0.3999999762,0.01000000015,34.14206266,534.1422272,-68.31946373,-0.6532815695,0.2705983818,0.2705979347,-0.6532813311;
custom,killcuboid,empty,3.999999762,0.1000000015,0.1000000015,1,0,1,1,0.3999999762,0.01000000015,34.14232254,465.858078,-108.3194828,0.2705981135,-0.6532815099,-0.6532814503,0.2705979943;
custom,killcuboid,empty,4,0.1000000015,0.1000000015,1,0,1,1,0.4,0.01000000015,-34.14180756,465.857811,-108.3194828,-0.2705978155,-0.6532813311,-0.6532815695,-0.270598352;
custom,killcuboid,empty,4,0.1000000015,0.1000000015,1,0,1,1,0.4,0.01000000015,-34.14207458,534.141922,-108.3194828,-0.6532815099,-0.2705980241,-0.2705980241,-0.6532815099;
custom,killcuboid,empty,3.999999762,0.1000000015,0.1000000015,1,0,1,1,0.3999999762,0.01000000015,34.14205551,534.1422272,-108.3194733,-0.6532815695,0.2705983818,0.2705979347,-0.6532813311;
custom,killcuboid,empty,4,0.1000000015,0.1000000015,1,0,1,1,0.4,0.01000000015,-14.14203644,485.8580017,-136.6037083,-0.2705978155,-0.6532813311,-0.6532815695,-0.270598352;
custom,killcuboid,empty,4,0.1000000015,0.1000000015,1,0,1,1,0.4,0.01000000015,14.14236069,514.1422272,-136.6037083,-0.2705978155,-0.6532813311,-0.6532815695,-0.270598352;
custom,killcuboid,empty,4,0.1000000015,0.1000000015,1,0,1,1,0.4,0.01000000015,14.14212227,485.8578491,-136.6037178,0.2705979347,-0.6532815099,-0.6532815099,0.2705979943;
custom,killcuboid,empty,4,0.1000000015,0.1000000015,1,0,1,1,0.4,0.01000000015,-14.14207458,514.1422272,-136.6037083,0.2705979347,-0.6532815099,-0.6532815099,0.2705979943;
custom,killcuboid,empty,0.1000000015,3.999999762,0.1000000015,1,0,1,1,0.01000000015,0.01000000015,10.0001049,538.2844925,-122.4615669,0.4999999404,0.5000002384,-2.73E-08,0.7071066499;
custom,killcuboid,empty,0.1000000015,3.999999762,0.1000000015,1,0,1,1,0.01000000015,0.01000000015,38.28440666,510.0001907,-122.4614906,0.4999999404,0.5000002384,-2.73E-08,0.7071066499;
custom,killcuboid,empty,0.1000000015,4,0.1000000015,1,0,1,1,0.01000000015,0.01000000015,38.28460693,490.0000381,-122.4615574,0.7071068287,4.32E-08,-0.4999999702,0.5;
custom,killcuboid,empty,0.1000000015,4,0.1000000015,1,0,1,1,0.01000000015,0.01000000015,10.00031471,461.7157364,-122.4614811,0.7071068287,4.32E-08,-0.4999999702,0.5;
custom,killcuboid,empty,0.1000000015,4,0.1000000015,1,0,1,1,0.01000000015,0.01000000015,-9.999837875,461.7155457,-122.4615574,0.5000001192,-0.5000001192,-0.7071066499,-1.11E-07;
custom,killcuboid,empty,0.1000000015,4,0.1000000015,1,0,1,1,0.01000000015,0.01000000015,-38.2841301,489.9998093,-122.4614906,0.5000001192,-0.5000001192,-0.7071066499,-1.11E-07;
custom,killcuboid,empty,0.1000000015,4,0.1000000015,1,0,1,1,0.01000000015,0.01000000015,-38.28433037,509.9999619,-122.4615574,1.37E-07,-0.7071066499,-0.5000000596,-0.5000000596;
custom,killcuboid,empty,0.1000000015,4,0.1000000015,1,0,1,1,0.01000000015,0.01000000015,-10.00005722,538.2842636,-122.4614906,1.37E-07,-0.7071066499,-0.5000000596,-0.5000000596;
custom,killcuboid,empty,0.1000000015,0.1000000015,34.64089966,1,0,1,1,0.01000000015,3.464089966,-86.60209656,614.8865891,-259.0778351,-0.8535531759,-0.353553921,0.14644669,0.3535533547;
custom,killcuboid,empty,0.1000000685,0.1000001281,38.64089966,1,0,1,1,0.01000000685,3.864089966,-116.6022873,644.8866272,-244.9356461,-0.8535531759,-0.353553921,0.14644669,0.3535533547;
custom,killcuboid,empty,0.1000000015,0.1000000015,34.64089966,1,0,1,1,0.01000000015,3.464089966,-114.8861504,586.6024017,-259.0778542,-0.8535531759,-0.353553921,0.14644669,0.3535533547;
custom,killcuboid,empty,0.1000000685,0.1000001281,38.64089966,1,0,1,1,0.01000000685,3.864089966,-144.8862648,616.6024017,-244.9357605,-0.8535531759,-0.353553921,0.14644669,0.3535533547;
custom,killcuboid,empty,0.1000000015,0.1000000015,34.64089966,1,0,1,1,0.01000000015,3.464089966,114.8866749,586.6022491,-259.0778732,-0.8535534143,0.3535530865,-0.1464470327,0.3535534441;
custom,killcuboid,empty,0.1000000834,0.1000000015,38.64089966,1,0,1,1,0.01000000834,3.864089966,144.886713,616.6024017,-244.9356079,-0.8535534143,0.3535530865,-0.1464470327,0.3535534441;
custom,killcuboid,empty,0.1000000015,0.1000000015,34.64089966,1,0,1,1,0.01000000015,3.464089966,86.6024971,614.886322,-259.0778351,-0.8535534143,0.3535530865,-0.1464470327,0.3535534441;
custom,killcuboid,empty,0.1000000834,0.1000000015,38.64089966,1,0,1,1,0.01000000834,3.864089966,116.6025352,644.8864746,-244.9356461,-0.8535534143,0.3535530865,-0.1464470327,0.3535534441;
custom,killcuboid,empty,0.1000000015,0.1000000015,34.64089966,1,0,1,1,0.01000000015,3.464089966,86.60234451,385.1134491,-259.0778351,-0.3535537422,0.8535532951,-0.3535533249,0.1464463472;
custom,killcuboid,empty,0.1000000015,0.1000001281,38.64089966,1,0,1,1,0.01000000015,3.864089966,116.6025448,355.1134491,-244.9356461,-0.3535537422,0.8535532951,-0.3535533249,0.1464463472;
custom,killcuboid,empty,0.1000000015,0.1000000015,34.64089966,1,0,1,1,0.01000000015,3.464089966,114.8864555,413.3976746,-259.0777969,-0.3535537422,0.8535532951,-0.3535533249,0.1464463472;
custom,killcuboid,empty,0.1000000015,0.1000001281,38.64089966,1,0,1,1,0.01000000015,3.864089966,144.88657,383.3976364,-244.9356842,-0.3535537422,0.8535532951,-0.3535533249,0.1464463472;
custom,killcuboid,empty,0.1000000015,0.1000000015,34.64089966,1,0,1,1,0.01000000015,3.464089966,-114.8863983,413.3977509,-259.0778351,0.3535535932,0.8535532355,-0.3535533249,-0.1464472115;
custom,killcuboid,empty,0.09999998659,0.1000002548,38.64089966,1,0,1,1,0.009999998659,3.864089966,-144.8864555,383.3975983,-244.9356842,0.3535535932,0.8535532355,-0.3535533249,-0.1464472115;
custom,killcuboid,empty,0.1000000015,0.1000000015,34.64089966,1,0,1,1,0.01000000015,3.464089966,-86.60224915,385.113678,-259.0778351,0.3535535932,0.8535532355,-0.3535533249,-0.1464472115;
custom,killcuboid,empty,0.09999998659,0.1000002548,38.64089966,1,0,1,1,0.009999998659,3.864089966,-116.6022682,355.1135635,-244.9357414,0.3535535932,0.8535532355,-0.3535533249,-0.1464472115;
custom,killcuboid,empty,0.1000000015,2,0.1000000015,1,0,1,1,0.01000000015,0.01000000015,-704.7843933,520.0003052,-20.00022888,-0.4999999702,0.5,-0.4999999702,-0.5;
custom,killcuboid,empty,0.1000000015,2,0.1000000015,1,0,1,1,0.01000000015,0.01000000015,-704.7843933,520.0003052,19.99977112,-0.4999999702,0.5,-0.4999999702,-0.5;
custom,killcuboid,empty,0.1000000015,2,0.1000000015,1,0,1,1,0.01000000015,0.01000000015,-704.7843933,480.0003052,-20.00022888,-0.4999999702,0.5,-0.4999999702,-0.5;
custom,killcuboid,empty,0.1000000015,2,0.1000000015,1,0,1,1,0.01000000015,0.01000000015,-704.7843933,480.0003052,19.99977112,-0.4999999702,0.5,-0.4999999702,-0.5;
custom,killcuboid,empty,4,0.1000000015,0.1000000015,1,0,1,1,0.4,0.01000000015,-694.7843933,480.0001526,-0.0002288818359,-0.4999999702,0.5,-0.4999999702,-0.5;
custom,killcuboid,empty,4,0.1000000015,0.1000000015,1,0,1,1,0.4,0.01000000015,-694.7843933,520.0001526,-0.0002288818359,-0.4999999702,0.5,-0.4999999702,-0.5;
custom,killcuboid,empty,4,0.1000000015,0.1000000015,1,0,1,1,0.4,0.01000000015,-694.7843933,500.0001526,19.99977112,-0.7071068287,0.7071067691,-5.34E-08,5.34E-08;
custom,killcuboid,empty,4,0.1000000015,0.1000000015,1,0,1,1,0.4,0.01000000015,-694.7843933,500.0001526,-20.00022888,-0.7071068287,0.7071067691,-5.34E-08,5.34E-08;
custom,killcuboid,empty,4,0.1000000015,0.1000000015,1,0,1,1,0.4,0.01000000015,-714.7843933,480.0001526,-0.0002288818359,-0.4999999702,0.5,-0.4999999702,-0.5;
custom,killcuboid,empty,4,0.1000000015,0.1000000015,1,0,1,1,0.4,0.01000000015,-714.7843933,520.0001526,-0.0002288818359,-0.4999999702,0.5,-0.4999999702,-0.5;
custom,killcuboid,empty,4,0.1000000015,0.1000000015,1,0,1,1,0.4,0.01000000015,-714.7843933,500.0001526,19.99977112,-0.7071068287,0.7071067691,-5.34E-08,5.34E-08;
custom,killcuboid,empty,4,0.1000000015,0.1000000015,1,0,1,1,0.4,0.01000000015,-714.7843933,500.0001526,-20.00022888,-0.7071068287,0.7071067691,-5.34E-08,5.34E-08;
custom,killcuboid,empty,4,0.1000000015,0.1000000015,1,0,1,1,0.4,0.01000000015,-694.7843933,500.0002289,48.28399658,-0.7071068287,0.7071067691,-5.34E-08,5.34E-08;
custom,killcuboid,empty,3.999999762,0.1000000015,0.1000000015,1,0,1,1,0.3999999762,0.01000000015,-694.7843933,465.8581543,34.14199829,-0.6532815099,0.6532815099,0.2705979943,0.2705980837;
custom,killcuboid,empty,4,0.1000000015,0.1000000015,1,0,1,1,0.4,0.01000000015,-694.7843933,451.7158508,0,-0.5000000596,0.4999999106,0.4999999106,0.5000001192;
custom,killcuboid,empty,4,0.1000000015,0.1000000015,1,0,1,1,0.4,0.01000000015,-694.7843933,465.8578491,-34.14215088,-0.2705981731,0.2705978453,0.6532813907,0.6532815695;
custom,killcuboid,empty,4,0.1000000015,0.1000000015,1,0,1,1,0.4,0.01000000015,-694.7843933,499.9998474,-48.28437805,-1.69E-07,-1.69E-07,0.7071067691,0.7071068287;
custom,killcuboid,empty,3.999999762,0.1000000015,0.1000000015,1,0,1,1,0.3999999762,0.01000000015,-694.7843933,534.1419983,-34.14237976,0.2705978453,-0.2705984712,0.6532815695,0.6532813311;
custom,killcuboid,empty,4,0.1000000015,0.1000000015,1,0,1,1,0.4,0.01000000015,-694.7843933,548.2842255,-0.0003814697266,0.4999999106,-0.5000004172,0.5000000596,0.4999996424;
custom,killcuboid,empty,4,0.1000000015,0.1000000089,1,0,1,1,0.4,0.01000000089,-694.7843933,534.1422272,34.14169312,0.6532815099,-0.6532817483,0.2705979943,0.2705974579;
custom,killcuboid,empty,3.999999762,0.1000000015,0.1000000015,1,0,1,1,0.3999999762,0.01000000015,-654.7843933,465.858078,34.14199829,-0.6532815099,0.6532815099,0.2705979943,0.2705980837;
custom,killcuboid,empty,4,0.1000000015,0.1000000015,1,0,1,1,0.4,0.01000000015,-654.7843933,465.8578491,-34.14207458,-0.2705981731,0.2705978453,0.6532813907,0.6532815695;
custom,killcuboid,empty,3.999999762,0.1000000015,0.1000000015,1,0,1,1,0.3999999762,0.01000000015,-654.7843933,534.1419983,-34.14234161,0.2705978453,-0.2705984712,0.6532815695,0.6532813311;
custom,killcuboid,empty,4,0.1000000015,0.1000000089,1,0,1,1,0.4,0.01000000089,-654.7843933,534.1422653,34.14169312,0.6532815099,-0.6532817483,0.2705979943,0.2705974579;
custom,killcuboid,empty,4,0.1000000015,0.1000000015,1,0,1,1,0.4,0.01000000015,-626.5001297,485.8580399,-14.14230347,-0.2705981731,0.2705978453,0.6532813907,0.6532815695;
custom,killcuboid,empty,4,0.1000000015,0.1000000015,1,0,1,1,0.4,0.01000000015,-626.5001297,514.1422653,14.14203644,-0.2705981731,0.2705978453,0.6532813907,0.6532815695;
custom,killcuboid,empty,4,0.1000000015,0.1000000015,1,0,1,1,0.4,0.01000000015,-626.5001297,485.8578873,14.14180756,-0.6532814503,0.6532814503,0.2705980837,0.2705982029;
custom,killcuboid,empty,4,0.1000000015,0.1000000015,1,0,1,1,0.4,0.01000000015,-626.5002441,514.1422653,-14.14234161,-0.6532814503,0.6532814503,0.2705980837,0.2705982029;
custom,killcuboid,empty,0.1000000015,4,0.1000000015,1,0,1,1,0.01000000015,0.01000000015,-640.6422424,538.2845306,9.999771118,-0.3535534143,0.1464464664,-0.3535532951,-0.8535534739;
custom,killcuboid,empty,0.1000000015,4,0.1000000015,1,0,1,1,0.01000000015,0.01000000015,-640.6423187,510.0002289,38.28407288,-0.3535534143,0.1464464664,-0.3535532951,-0.8535534739;
custom,killcuboid,empty,0.1000000015,4,0.1000000015,1,0,1,1,0.01000000015,0.01000000015,-640.6422424,490.0000763,38.28430176,-0.8535534143,0.3535533249,-0.1464464217,-0.3535535038;
custom,killcuboid,empty,0.1000000015,4,0.1000000015,1,0,1,1,0.01000000015,0.01000000015,-640.6423187,461.7157745,10,-0.8535534143,0.3535533249,-0.1464464217,-0.3535535038;
custom,killcuboid,empty,0.1000000015,4,0.1000000089,1,0,1,1,0.01000000015,0.01000000089,-640.6422424,461.7155457,-10.00007629,-0.8535534739,0.3535533547,0.1464463323,0.3535533845;
custom,killcuboid,empty,0.1000000015,4,0.1000000089,1,0,1,1,0.01000000015,0.01000000089,-640.642395,489.9998474,-38.28437805,-0.8535534739,0.3535533547,0.1464463323,0.3535533845;
custom,killcuboid,empty,0.1000000015,3.999999762,0.1000000015,1,0,1,1,0.01000000015,0.01000000015,-640.6422424,510,-38.28460693,-0.3535535038,0.146446377,0.3535532355,0.8535534143;
custom,killcuboid,empty,0.1000000015,3.999999762,0.1000000015,1,0,1,1,0.01000000015,0.01000000015,-640.6422424,538.2843018,-10.00030518,-0.3535535038,0.146446377,0.3535532355,0.8535534143;
custom,killcuboid,empty,0.1000000015,0.1000000089,34.64089966,1,0,1,1,0.01000000015,3.464089966,-504.0259933,614.8865891,-86.60232544,0.7071065903,0.5000003576,0.4999999404,6.73E-07;
custom,killcuboid,empty,0.09999991208,0.1000000089,38.64089966,1,0,1,1,0.009999991208,3.864089966,-518.1682205,644.8866272,-116.6025162,0.7071065903,0.5000003576,0.4999999404,6.73E-07;
custom,killcuboid,empty,0.1000000015,0.1000000089,34.64089966,1,0,1,1,0.01000000015,3.464089966,-504.0259552,586.6024399,-114.8863983,0.7071065903,0.5000003576,0.4999999404,6.73E-07;
custom,killcuboid,empty,0.09999991208,0.1000000089,38.64089966,1,0,1,1,0.009999991208,3.864089966,-518.1681442,616.6024399,-144.8865509,0.7071065903,0.5000003576,0.4999999404,6.73E-07;
custom,killcuboid,empty,0.1000000015,0.1000000015,34.64089966,1,0,1,1,0.01000000015,3.464089966,-504.0259552,586.6022873,114.8864365,0.499999851,7.24E-08,0.7071071267,-0.499999702;
custom,killcuboid,empty,0.09999998659,0.1000001281,38.64089966,1,0,1,1,0.009999998659,3.864089966,-518.1681824,616.6024399,144.8864746,0.499999851,7.24E-08,0.7071071267,-0.499999702;
custom,killcuboid,empty,0.1000000015,0.1000000015,34.64089966,1,0,1,1,0.01000000015,3.464089966,-504.0259933,614.8863602,86.60224915,0.499999851,7.24E-08,0.7071071267,-0.499999702;
custom,killcuboid,empty,0.09999998659,0.1000001281,38.64089966,1,0,1,1,0.009999998659,3.864089966,-518.1680679,644.8864746,116.6022873,0.499999851,7.24E-08,0.7071071267,-0.499999702;
custom,killcuboid,empty,0.1000000015,0.1000000015,34.64089966,1,0,1,1,0.01000000015,3.464089966,-504.0259933,385.1134872,86.6021347,-2.86E-07,-0.4999998212,0.5000004768,-0.7071065903;
custom,killcuboid,empty,0.1000002474,0.1000002548,38.64089966,1,0,1,1,0.01000002474,3.864089966,-518.1681824,355.1134491,116.6022873,-2.86E-07,-0.4999998212,0.5000004768,-0.7071065903;
custom,killcuboid,empty,0.1000000015,0.1000000015,34.64089966,1,0,1,1,0.01000000015,3.464089966,-504.0259933,413.3976746,114.8862076,-2.86E-07,-0.4999998212,0.5000004768,-0.7071065903;
custom,killcuboid,empty,0.1000002474,0.1000002548,38.64089966,1,0,1,1,0.01000002474,3.864089966,-518.1681061,383.3976364,144.8863983,-2.86E-07,-0.4999998212,0.5000004768,-0.7071065903;
custom,killcuboid,empty,0.1000000015,0.1000000015,34.64089966,1,0,1,1,0.01000000015,3.464089966,-504.0259933,413.397789,-114.8866653,-0.5000001788,-0.7071070075,-1.39E-07,-0.4999995232;
custom,killcuboid,empty,0.09999982268,0.1000001281,38.64089966,1,0,1,1,0.009999982268,3.864089966,-518.1681442,383.3976364,-144.8867035,-0.5000001788,-0.7071070075,-1.39E-07,-0.4999995232;
custom,killcuboid,empty,0.1000000015,0.1000000015,34.64089966,1,0,1,1,0.01000000015,3.464089966,-504.0260315,385.1137161,-86.60243988,-0.5000001788,-0.7071070075,-1.39E-07,-0.4999995232;
custom,killcuboid,empty,0.09999982268,0.1000001281,38.64089966,1,0,1,1,0.009999982268,3.864089966,-518.1681061,355.1136017,-116.6025162,-0.5000001788,-0.7071070075,-1.39E-07,-0.4999995232;
custom,killcuboid,empty,0.1000000015,2,0.1000000015,1,0,1,1,0.01000000015,0.01000000015,-58.31947327,520.0003052,19.99988556,0.4999998212,0.4999997914,-0.5000002384,0.5000001788;
custom,killcuboid,empty,0.1000000015,2,0.1000000015,1,0,1,1,0.01000000015,0.01000000015,-58.31947327,520.0003052,-20.00011921,0.4999998212,0.4999997914,-0.5000002384,0.5000001788;
custom,killcuboid,empty,0.1000000015,2,0.1000000015,1,0,1,1,0.01000000015,0.01000000015,-58.31947803,480.0003052,19.99988556,0.4999998212,0.4999997914,-0.5000002384,0.5000001788;
custom,killcuboid,empty,0.1000000015,2,0.1000000015,1,0,1,1,0.01000000015,0.01000000015,-58.31947803,480.0003052,-20.00011921,0.4999998212,0.4999997914,-0.5000002384,0.5000001788;
custom,killcuboid,empty,4,0.1000000015,0.1000000015,1,0,1,1,0.4,0.01000000015,-68.31947803,480.0001144,-0.0001335144043,0.4999998212,0.4999997914,-0.5000002384,0.5000001788;
custom,killcuboid,empty,4,0.1000000015,0.1000000015,1,0,1,1,0.4,0.01000000015,-68.31947803,520.0001144,-0.0001335144043,0.4999998212,0.4999997914,-0.5000002384,0.5000001788;
custom,killcuboid,empty,4,0.1000000015,0.1000000015,1,0,1,1,0.4,0.01000000015,-68.31947803,500.0001144,-20.00013351,1.69E-07,-1.69E-07,-0.7071067691,0.7071068287;
custom,killcuboid,empty,4,0.1000000015,0.1000000015,1,0,1,1,0.4,0.01000000015,-68.31947803,500.0001144,19.99988079,1.69E-07,-1.69E-07,-0.7071067691,0.7071068287;
custom,killcuboid,empty,4,0.1000000015,0.1000000015,1,0,1,1,0.4,0.01000000015,-48.31947803,480.0001144,-0.0001335144043,0.4999998212,0.4999997914,-0.5000002384,0.5000001788;
custom,killcuboid,empty,4,0.1000000015,0.1000000015,1,0,1,1,0.4,0.01000000015,-48.31947803,520.0001144,-0.0001335144043,0.4999998212,0.4999997914,-0.5000002384,0.5000001788;
custom,killcuboid,empty,4,0.1000000015,0.1000000015,1,0,1,1,0.4,0.01000000015,-48.31947803,500.0001144,-20.00013351,1.69E-07,-1.69E-07,-0.7071067691,0.7071068287;
custom,killcuboid,empty,4,0.1000000015,0.1000000015,1,0,1,1,0.4,0.01000000015,-48.31947803,500.0001144,19.99986172,1.69E-07,-1.69E-07,-0.7071067691,0.7071068287;
custom,killcuboid,empty,4,0.1000000015,0.1000000015,1,0,1,1,0.4,0.01000000015,-68.3194685,500.0001907,-48.28431129,1.69E-07,-1.69E-07,-0.7071067691,0.7071068287;
custom,killcuboid,empty,3.999999762,0.1000000015,0.1000000015,1,0,1,1,0.3999999762,0.01000000015,-68.31947327,465.858078,-34.14232969,-0.2705980539,-0.2705980539,-0.6532815099,0.6532815099;
custom,killcuboid,empty,4,0.1000000015,0.1000000015,1,0,1,1,0.4,0.01000000015,-68.3194828,451.7158508,-0.000319480896,-0.5,-0.5,-0.4999999702,0.4999999702;
custom,killcuboid,empty,4,0.1000000015,0.1000000015,1,0,1,1,0.4,0.01000000015,-68.31949711,465.857811,34.14179802,-0.6532813907,-0.6532816291,-0.2705982924,0.2705976963;
custom,killcuboid,empty,4,0.1000000015,0.1000000015,1,0,1,1,0.4,0.01000000015,-68.31949711,499.9998093,48.28403473,-0.7071068287,-0.7071067691,-2.84E-07,-2.84E-07;
custom,killcuboid,empty,4,0.1000000015,0.1000000015,1,0,1,1,0.4,0.01000000015,-68.31948757,534.141922,34.14206505,-0.6532814503,-0.6532814503,0.2705980539,-0.2705981135;
custom,killcuboid,empty,4,0.1000000015,0.1000000015,1,0,1,1,0.4,0.01000000015,-68.31947327,548.2841873,5.72E-05,-0.4999999106,-0.4999994338,0.5000001192,-0.5000005364;
custom,killcuboid,empty,3.999999762,0.1000000015,0.1000000015,1,0,1,1,0.3999999762,0.01000000015,-68.31945419,534.1422272,-34.14206743,-0.2705982625,-0.2705976069,0.6532813907,-0.6532816291;
custom,killcuboid,empty,3.999999762,0.1000000015,0.1000000015,1,0,1,1,0.3999999762,0.01000000015,-108.3194828,465.858078,-34.14233208,-0.2705980539,-0.2705980539,-0.6532815099,0.6532815099;
custom,killcuboid,empty,4,0.1000000015,0.1000000015,1,0,1,1,0.4,0.01000000015,-108.3194828,465.857811,34.14179802,-0.6532813907,-0.6532816291,-0.2705982924,0.2705976963;
custom,killcuboid,empty,4,0.1000000015,0.1000000015,1,0,1,1,0.4,0.01000000015,-108.3194828,534.141922,34.14206505,-0.6532814503,-0.6532814503,0.2705980539,-0.2705981135;
custom,killcuboid,empty,3.999999762,0.1000000015,0.1000000015,1,0,1,1,0.3999999762,0.01000000015,-108.3194733,534.1422272,-34.14206505,-0.2705982625,-0.2705976069,0.6532813907,-0.6532816291;
custom,killcuboid,empty,4,0.1000000015,0.1000000015,1,0,1,1,0.4,0.01000000015,-136.6037083,485.8580017,14.1420269,-0.6532813907,-0.6532816291,-0.2705982924,0.2705976963;
custom,killcuboid,empty,4,0.1000000015,0.1000000015,1,0,1,1,0.4,0.01000000015,-136.6037083,514.1422272,-14.14237022,-0.6532813907,-0.6532816291,-0.2705982924,0.2705976963;
custom,killcuboid,empty,4,0.1000000015,0.1000000015,1,0,1,1,0.4,0.01000000015,-136.6037178,485.8578491,-14.14213181,-0.2705981433,-0.2705981433,-0.6532814503,0.6532814503;
custom,killcuboid,empty,4,0.1000000015,0.1000000015,1,0,1,1,0.4,0.01000000015,-136.6037083,514.1422272,14.14206505,-0.2705981433,-0.2705981433,-0.6532814503,0.6532814503;
custom,killcuboid,empty,0.1000000015,4,0.1000000015,1,0,1,1,0.01000000015,0.01000000015,-122.4615669,538.2844925,-10.00011444,0.3535532057,0.8535535336,-0.3535534739,0.1464460939;
custom,killcuboid,empty,0.1000000015,4,0.1000000015,1,0,1,1,0.01000000015,0.01000000015,-122.4614811,510.0001907,-38.2844162,0.3535532057,0.8535535336,-0.3535534739,0.1464460939;
custom,killcuboid,empty,0.1000000015,4,0.1000000015,1,0,1,1,0.01000000015,0.01000000015,-122.4615479,490.0000381,-38.28461647,0.14644669,0.3535534143,-0.8535533547,0.3535533845;
custom,killcuboid,empty,0.1000000015,4,0.1000000015,1,0,1,1,0.01000000015,0.01000000015,-122.4614811,461.7157364,-10.00032425,0.14644669,0.3535534143,-0.8535533547,0.3535533845;
custom,killcuboid,empty,0.1000000015,3.999999762,0.1000000015,1,0,1,1,0.01000000015,0.01000000015,-122.4615574,461.7155457,9.999828339,-0.1464464813,-0.3535535038,-0.8535533547,0.3535534143;
custom,killcuboid,empty,0.1000000015,3.999999762,0.1000000015,1,0,1,1,0.01000000015,0.01000000015,-122.4614906,489.9998093,38.2841301,-0.1464464813,-0.3535535038,-0.8535533547,0.3535534143;
custom,killcuboid,empty,0.1000000015,4,0.1000000015,1,0,1,1,0.01000000015,0.01000000015,-122.4615574,509.9999619,38.28433037,-0.3535533249,-0.8535533547,-0.3535535634,0.1464464366;
custom,killcuboid,empty,0.1000000015,4,0.1000000015,1,0,1,1,0.01000000015,0.01000000015,-122.4614906,538.2842636,10.00004768,-0.3535533249,-0.8535533547,-0.3535535634,0.1464464366;
custom,killcuboid,empty,0.1000000015,0.1000000015,34.64089966,1,0,1,1,0.01000000015,3.464089966,-259.0778351,614.8865891,86.60209656,-0.4999997616,-5.05E-07,0.7071066499,0.5000004172;
custom,killcuboid,empty,0.1000000685,0.1000001281,38.64089966,1,0,1,1,0.01000000685,3.864089966,-244.9356461,644.8866272,116.6022873,-0.4999997616,-5.05E-07,0.7071066499,0.5000004172;
custom,killcuboid,empty,0.1000000015,0.1000000015,34.64089966,1,0,1,1,0.01000000015,3.464089966,-259.0778542,586.6024017,114.8861504,-0.4999997616,-5.05E-07,0.7071066499,0.5000004172;
custom,killcuboid,empty,0.1000000685,0.1000001281,38.64089966,1,0,1,1,0.01000000685,3.864089966,-244.9357796,616.6024017,144.8862457,-0.4999997616,-5.05E-07,0.7071066499,0.5000004172;
custom,killcuboid,empty,0.1000000015,0.1000000015,34.64089966,1,0,1,1,0.01000000015,3.464089966,-259.0778732,586.6022491,-114.886694,-0.7071071267,0.4999999404,0.4999995828,4.31E-07;
custom,killcuboid,empty,0.1000000834,0.1000000015,38.64089966,1,0,1,1,0.01000000834,3.864089966,-244.9356079,616.6024017,-144.8867321,-0.7071071267,0.4999999404,0.4999995828,4.31E-07;
custom,killcuboid,empty,0.1000000015,0.1000000015,34.64089966,1,0,1,1,0.01000000015,3.464089966,-259.077816,614.886322,-86.60251617,-0.7071071267,0.4999999404,0.4999995828,4.31E-07;
custom,killcuboid,empty,0.1000000834,0.1000000015,38.64089966,1,0,1,1,0.01000000834,3.864089966,-244.935627,644.8864746,-116.6025543,-0.7071071267,0.4999999404,0.4999995828,4.31E-07;
custom,killcuboid,empty,0.1000000015,0.1000000015,34.64089966,1,0,1,1,0.01000000015,3.464089966,-259.077816,385.1134491,-86.60236359,-0.5000001788,0.7071065903,2.64E-07,-0.5000001192;
custom,killcuboid,empty,0.1000000015,0.1000001281,38.64089966,1,0,1,1,0.01000000015,3.864089966,-244.9356461,355.1134491,-116.6025639,-0.5000001788,0.7071065903,2.64E-07,-0.5000001192;
custom,killcuboid,empty,0.1000000015,0.1000000015,34.64089966,1,0,1,1,0.01000000015,3.464089966,-259.0777779,413.3976746,-114.8864746,-0.5000001788,0.7071065903,2.64E-07,-0.5000001192;
custom,killcuboid,empty,0.1000000015,0.1000001281,38.64089966,1,0,1,1,0.01000000015,3.864089966,-244.9356651,383.3976364,-144.8865891,-0.5000001788,0.7071065903,2.64E-07,-0.5000001192;
custom,killcuboid,empty,0.1000000015,0.1000000015,34.64089966,1,0,1,1,0.01000000015,3.464089966,-259.0778351,413.3977509,114.8863983,2.70E-07,0.4999994636,-0.5000001788,-0.7071070075;
custom,killcuboid,empty,0.09999998659,0.1000002548,38.64089966,1,0,1,1,0.009999998659,3.864089966,-244.9357033,383.3975983,144.8864365,2.70E-07,0.4999994636,-0.5000001788,-0.7071070075;
custom,killcuboid,empty,0.1000000015,0.1000000015,34.64089966,1,0,1,1,0.01000000015,3.464089966,-259.0778351,385.113678,86.60224915,2.70E-07,0.4999994636,-0.5000001788,-0.7071070075;
custom,killcuboid,empty,0.09999998659,0.1000002548,38.64089966,1,0,1,1,0.009999998659,3.864089966,-244.9357414,355.1135635,116.6022682,2.70E-07,0.4999994636,-0.5000001788,-0.7071070075;
custom,killcuboid,empty,9.65681076,0.1000000015,0.1000000015,1,0,1,1,0.965681076,0.01000000015,0.0001525878906,451.7156601,-48.28442574,0,0,0,1;
custom,killcuboid,empty,9.65681076,0.1000000015,0.1000000015,1,0,1,1,0.965681076,0.01000000015,-9.54E-06,451.7155838,48.28425407,0,0,0,1;
custom,killcuboid,empty,9.65681076,0.1000000015,0.1000000015,1,0,1,1,0.965681076,0.01000000015,48.28442574,451.7156601,0.000147819519,0,-0.7071067691,0,0.7071068287;
custom,killcuboid,empty,9.65681076,0.1000000015,0.1000000015,1,0,1,1,0.965681076,0.01000000015,-48.28425407,451.7155838,-4.77E-06,0,-0.7071067691,0,0.7071068287;
custom,killcuboid,empty,9.65681076,0.1000000015,0.1000000015,1,0,1,1,0.965681076,0.01000000015,0.0001525878906,548.284111,-48.28442574,0,0,0,1;
custom,killcuboid,empty,9.65681076,0.1000000015,0.1000000015,1,0,1,1,0.965681076,0.01000000015,-9.54E-06,548.2840347,48.28425407,0,0,0,1;
custom,killcuboid,empty,9.65681076,0.1000000015,0.1000000015,1,0,1,1,0.965681076,0.01000000015,48.28442574,548.284111,0.000147819519,0,-0.7071067691,0,0.7071068287;
custom,killcuboid,empty,9.65681076,0.1000000015,0.1000000015,1,0,1,1,0.965681076,0.01000000015,-48.28425407,548.2840347,-4.77E-06,0,-0.7071067691,0,0.7071068287;
custom,killcuboid,empty,0.1000000015,9.656809807,0.1000000015,1,0,1,1,0.01000000015,0.01000000015,48.28420639,499.9996948,-48.28442574,0,-0.7071067691,0,0.7071068287;
custom,killcuboid,empty,0.1000000015,9.656809807,0.1000000015,1,0,1,1,0.01000000015,0.01000000015,48.2844305,499.9996948,48.28419685,0,-1,0,7.55E-08;
custom,killcuboid,empty,0.1000000015,9.656809807,0.1000000015,1,0,1,1,0.01000000015,0.01000000015,-48.28419209,499.9996948,48.28443527,0,-0.7071067691,0,-0.7071067691;
custom,killcuboid,empty,0.1000000015,9.656809807,0.1000000015,1,0,1,1,0.01000000015,0.01000000015,-48.28444004,499.9996948,-48.28418732,0,8.74E-08,0,-1;
racing,killcuboid,4,1,4,-170,1329.784546,-130,0,0,0,1;
racing,killcuboid,4,1,4,-170,1329.784546,-170,0,0,0,1;
racing,killcuboid,4,1,4,-130,1329.784546,-170,0,0,0,1;
racing,killcuboid,4,1,4,130,1369.784546,-170,0,0,0,1;
racing,killcuboid,4,1,4,170,1369.784546,-170,0,0,0,1;
racing,killcuboid,4,1,4,170,1369.784546,-130,0,0,0,1;
racing,killcuboid,4,1,4,170,1409.784546,130,0,0,0,1;
racing,killcuboid,4,1,4,170,1409.784546,170,0,0,0,1;
racing,killcuboid,4,1,4,130,1409.784546,170,0,0,0,1;
racing,killcuboid,4,1,4,-80,1449.784546,170,0,0,0,1;
racing,killcuboid,4,1,4,-120,1449.784546,170,0,0,0,1;
racing,killcuboid,4,1,4,-120,1449.784546,130,0,0,0,1;
racing,killcuboid,4,1,4,-120,1489.784546,-120,0,0,0,1;
racing,killcuboid,4,1,4,-120,1489.784546,-80,0,0,0,1;
racing,killcuboid,4,1,4,-80,1489.784546,-120,0,0,0,1;
racing,killcuboid,4,1,4,80,1529.784546,-120,0,0,0,1;
racing,killcuboid,4,1,4,120,1529.784546,-120,0,0,0,1;
racing,killcuboid,4,1,4,120,1529.784546,-80,0,0,0,1;
racing,killcuboid,4,1,4,120,1569.784546,80,0,0,0,1;
racing,killcuboid,4,1,4,120,1569.784546,120,0,0,0,1;
racing,killcuboid,4,1,4,80,1569.784546,120,0,0,0,1;
racing,killcuboid,4,1,4,-30,1609.784546,120,0,0,0,1;
racing,killcuboid,4,1,4,-70,1609.784546,120,0,0,0,1;
racing,killcuboid,4,1,4,-70,1609.784546,80,0,0,0,1;
racing,killcuboid,4,1,4,-70,1649.784546,-70,0,0,0,1;
racing,killcuboid,4,1,4,-70,1649.784546,-30,0,0,0,1;
racing,killcuboid,4,1,4,70,1649.784546,-69.99999523,0,0,0,1;
racing,killcuboid,4,1,4,-170,1379.784546,-170,0,0,0,1;
racing,killcuboid,4,1,4,-170,1379.784546,-130,0,0,0,1;
racing,killcuboid,4,1,4,-130,1379.784546,-170,0,0,0,1;
racing,killcuboid,4,1,4,130,1419.784546,-170,0,0,0,1;
racing,killcuboid,4,1,4,170,1419.784546,-170,0,0,0,1;
racing,killcuboid,4,1,4,170,1419.784546,-130,0,0,0,1;
racing,killcuboid,4,1,4,170,1459.784546,130,0,0,0,1;
racing,killcuboid,4,1,4,170,1459.784546,170,0,0,0,1;
racing,killcuboid,4,1,4,130,1459.784546,170,0,0,0,1;
racing,killcuboid,4,1,4,-80,1499.784546,170,0,0,0,1;
racing,killcuboid,4,1,4,-120,1499.784546,170,0,0,0,1;
racing,killcuboid,4,1,4,-120,1499.784546,130,0,0,0,1;
racing,killcuboid,4,1,4,-120,1539.784546,-120,0,0,0,1;
racing,killcuboid,4,1,4,-120,1539.784546,-80,0,0,0,1;
racing,killcuboid,4,1,4,-80,1539.784546,-120,0,0,0,1;
racing,killcuboid,4,1,4,80,1579.784546,-120,0,0,0,1;
racing,killcuboid,4,1,4,120,1579.784546,-120,0,0,0,1;
racing,killcuboid,4,1,4,120,1579.784546,-80,0,0,0,1;
racing,killcuboid,4,1,4,120,1619.784546,80,0,0,0,1;
racing,killcuboid,4,1,4,120,1619.784546,120,0,0,0,1;
racing,killcuboid,4,1,4,80,1619.784546,120,0,0,0,1;
racing,killcuboid,4,1,4,-30,1659.784546,120,0,0,0,1;
racing,killcuboid,4,1,4,-70,1659.784546,120,0,0,0,1;
racing,killcuboid,4,1,4,-70,1659.784546,80,0,0,0,1;
racing,killcuboid,4,1,4,-70,1699.784546,-70,0,0,0,1;
racing,killcuboid,4,1,4,-70,1699.784546,-30,0,0,0,1;
racing,killcuboid,4,1,4,70,1699.784546,-69.99999523,0,0,0,1;
racing,killcuboid,10,1.000000238,4,4.77E-06,1649.784546,-70,0,0,0,1;
racing,killcuboid,10,1.000000238,4,0,1699.784546,-70,0,0,0,1;
racing,killcuboid,22.53875732,0.9999999404,4,-0.004959106445,1349.811859,-170,0,0,0.08957208693,0.9959803224;
racing,killcuboid,22.53875732,0.9999999404,4,-0.006656646729,1399.811554,-170,0,0,0.08957208693,0.9959803224;
racing,killcuboid,22.53875923,0.9999999404,4.000000477,170,1389.811859,-0.004959106445,-0.06333702803,-0.7042644024,0.06333702803,0.704264462;
racing,killcuboid,22.53875923,0.9999999404,4.000000477,170,1439.811554,-0.006656646729,-0.06333702803,-0.7042644024,0.06333702803,0.704264462;
racing,killcuboid,17.69176292,1,4,24.99837875,1429.777527,170.0003433,0.1145018116,0.9934230447,-1.09E-06,-2.04E-06;
racing,killcuboid,17.69176292,1,4,24.99809265,1479.777527,170.0003242,0.1145018116,0.9934230447,-1.09E-06,-2.04E-06;
racing,killcuboid,17.69176483,1,4,-120,1469.810638,25.00614166,0.08110051602,0.7024405599,0.08110051602,0.7024405003;
racing,killcuboid,17.69176483,1,4,-120,1519.810181,25.00782013,0.08110051602,0.7024405599,0.08110051602,0.7024405003;
racing,killcuboid,12.96134758,1,4,-9.54E-06,1509.784546,-120,0,0,0.1582283378,0.9874025583;
racing,killcuboid,12.96134758,1,4,-0.0006437301636,1559.784241,-120,0,0,0.1582283378,0.9874025583;
racing,killcuboid,12.96134758,1,4,120,1599.784241,-0.0006437301636,-0.1118843332,-0.6981990337,0.1118843332,0.6981990337;
racing,killcuboid,12.96134758,1,4,120,1549.784241,-0.0006437301636,-0.1118843332,-0.6981990337,0.1118843332,0.6981990337;
racing,killcuboid,8.541180611,1.000000238,4,25.01146555,1639.776459,120.0001335,0.2491991222,0.9684522748,-1.46E-06,-2.25E-06;
racing,killcuboid,8.541180611,1.000000238,4,25.01146078,1589.776459,120.0001335,0.2491991222,0.9684522748,-1.46E-06,-2.25E-06;
racing,killcuboid,8.541180611,1.000000238,4,-69.99999046,1629.776459,25.01154661,0.1762110591,0.6847993731,0.176209718,0.6847989559;
racing,killcuboid,8.541180611,1.000000238,4,-69.99999046,1679.776459,25.01154661,0.1762110591,0.6847993731,0.176209718,0.6847989559;
racing,killcuboid,4.000000477,4,1.000000119,-195,1354.784546,-130,0,-0.7071067691,0,0.7071067691;
racing,killcuboid,4.000000477,4,1.000000119,-195,1354.784546,-170,0,-0.7071067691,0,0.7071067691;
racing,killcuboid,4,4,1,-170,1354.784546,-195,0,0,0,1;
racing,killcuboid,4,4,1,-130,1354.784546,-195,0,0,0,1;
racing,killcuboid,4,4,1,130,1394.784546,-195,0,0,0,1;
racing,killcuboid,4,4,1,170,1394.784546,-195,0,0,0,1;
racing,killcuboid,4.000000477,4,1.000000119,195,1394.784546,-130,0,-0.7071067691,0,0.7071067691;
racing,killcuboid,4.000000477,4,1.000000119,195,1394.784546,-170,0,-0.7071067691,0,0.7071067691;
racing,killcuboid,4.000000477,4,1.000000119,195,1434.784546,170,0,-0.7071067691,0,0.7071067691;
racing,killcuboid,4.000000477,4,1.000000119,195,1434.784546,130,0,-0.7071067691,0,0.7071067691;
racing,killcuboid,4,4,1,130,1434.784546,195,0,0,0,1;
racing,killcuboid,4,4,1,170,1434.784546,195,0,0,0,1;
racing,killcuboid,4,4,1,-120,1474.784546,195,0,0,0,1;
racing,killcuboid,4,4,1,-80,1474.784546,195,0,0,0,1;
racing,killcuboid,4.000000477,4,1.000000119,-145,1474.784546,170,0,-0.7071067691,0,0.7071067691;
racing,killcuboid,4.000000477,4,1.000000119,-145,1474.784546,130,0,-0.7071067691,0,0.7071067691;
racing,killcuboid,4.000000477,4,1.000000119,-145,1514.784546,-80,0,-0.7071067691,0,0.7071067691;
racing,killcuboid,4.000000477,4,1.000000119,-145,1514.784546,-120,0,-0.7071067691,0,0.7071067691;
racing,killcuboid,4,4,1,-120,1514.784546,-145,0,0,0,1;
racing,killcuboid,4,4,1,-80,1514.784546,-145,0,0,0,1;
racing,killcuboid,4,4,1,80,1554.784546,-145,0,0,0,1;
racing,killcuboid,4,4,1,120,1554.784546,-145,0,0,0,1;
racing,killcuboid,4.000000477,4,1.000000119,145,1554.784546,-80,0,-0.7071067691,0,0.7071067691;
racing,killcuboid,4.000000477,4,1.000000119,145,1554.784546,-120,0,-0.7071067691,0,0.7071067691;
racing,killcuboid,4.000000477,4,1.000000119,145,1594.784546,120,0,-0.7071067691,0,0.7071067691;
racing,killcuboid,4.000000477,4,1.000000119,145,1594.784546,80,0,-0.7071067691,0,0.7071067691;
racing,killcuboid,4,4,1,80,1594.784546,145,0,0,0,1;
racing,killcuboid,4,4,1,120,1594.784546,145,0,0,0,1;
racing,killcuboid,4,4,1,-70,1634.784546,145,0,0,0,1;
racing,killcuboid,4,4,1,-30,1634.784546,145,0,0,0,1;
racing,killcuboid,4.000000477,4,1.000000119,-95,1634.784546,120,0,-0.7071067691,0,0.7071067691;
racing,killcuboid,4.000000477,4,1.000000119,-95,1634.784546,80,0,-0.7071067691,0,0.7071067691;
racing,killcuboid,4.000000477,4,1.000000119,-95,1674.784546,-30,0,-0.7071067691,0,0.7071067691;
racing,killcuboid,4.000000477,4,1.000000119,-95,1674.784546,-70,0,-0.7071067691,0,0.7071067691;
racing,killcuboid,4,4,1,-70,1674.784546,-95,0,0,0,1;
racing,killcuboid,4.000000477,4,1.000000119,-45,1674.784546,-30,0,-0.7071067691,0,0.7071067691;
racing,killcuboid,4.000000477,4,1.000000119,95,1674.784546,-70,0,-0.7071067691,0,0.7071067691;
racing,killcuboid,4.000000477,4,1.000000119,-45,1634.784546,80,0,-0.7071067691,0,0.7071067691;
racing,killcuboid,4,4,1,-30,1634.784546,95,0,0,0,1;
racing,killcuboid,4,4,1,80,1594.784546,95,0,0,0,1;
racing,killcuboid,4.000000477,4,1.000000119,95,1594.784546,79.99999523,0,-0.7071067691,0,0.7071067691;
racing,killcuboid,4.000000477,4,1.000000119,95,1554.784546,-80,0,-0.7071067691,0,0.7071067691;
racing,killcuboid,4,4,1,80,1554.784546,-95,0,0,0,1;
racing,killcuboid,4.000000477,4,1.000000119,-95,1514.784546,-80,0,-0.7071067691,0,0.7071067691;
racing,killcuboid,4,4,1,-80,1514.784546,-95,0,0,0,1;
racing,killcuboid,4.000000477,4,1.000000119,-95,1474.784546,130,0,-0.7071067691,0,0.7071067691;
racing,killcuboid,4,4,1,-80,1474.784546,145,0,0,0,1;
racing,killcuboid,4,4,1,130,1434.784546,145,0,0,0,1;
racing,killcuboid,4.000000477,4,1.000000119,145,1434.784546,130,0,-0.7071067691,0,0.7071067691;
racing,killcuboid,4.000000477,4,1.000000119,145,1394.784546,-130,0,-0.7071067691,0,0.7071067691;
racing,killcuboid,4,4,1,130,1394.784546,-145,0,0,0,1;
racing,killcuboid,4.000000477,4,1.000000119,-145,1354.784546,-130,0,-0.7071067691,0,0.7071067691;
racing,killcuboid,4,4,1,-130,1354.784546,-145,0,0,0,1;
racing,killcuboid,23.07437325,3.946299553,1,-9.54E-06,1374.784546,-195,0,0,0.08957208693,0.9959803224;
racing,killcuboid,23.07437325,3.946299553,1,0,1374.784546,-145,0,0,0.08957208693,0.9959803224;
racing,killcuboid,23.07437515,3.946299553,1.000000119,195,1414.784546,-9.54E-06,-0.06333702803,-0.7042644024,0.06333702803,0.704264462;
racing,killcuboid,23.07437515,3.946299553,1.000000119,144.9999905,1414.784546,0,-0.06333702803,-0.7042644024,0.06333702803,0.704264462;
racing,killcuboid,18.37421608,3.922771931,1,24.99998093,1454.784546,195.0002861,0.1145018116,0.9934230447,-1.09E-06,-2.04E-06;
racing,killcuboid,18.37421608,3.922771931,1,25.00000954,1454.784546,144.9997044,0.1145018116,0.9934230447,-1.09E-06,-2.04E-06;
racing,killcuboid,18.37573051,3.915682316,1,-145,1494.784546,24.99999046,0.08110051602,0.7024405599,0.08110051602,0.7024405003;
racing,killcuboid,18.37573051,3.915682316,1,-94.99999046,1494.784546,24.99999046,0.08110051602,0.7024405599,0.08110051602,0.7024405003;
racing,killcuboid,13.89889145,3.849780083,1,-4.77E-06,1534.784546,-145,0,0,0.1582283378,0.9874025583;
racing,killcuboid,13.89889145,3.849780083,1,0,1534.784546,-95,0,0,0.1582283378,0.9874025583;
racing,killcuboid,13.89889145,3.849780083,1,145,1574.784546,-4.77E-06,-0.1118843332,-0.6981990337,0.1118843332,0.6981990337;
racing,killcuboid,13.89889145,3.849780083,1,95.00000954,1574.784546,-4.77E-06,-0.1118843332,-0.6981990337,0.1118843332,0.6981990337;
racing,killcuboid,9.991995811,3.627672195,1,24.99998093,1614.784546,145.0001144,0.2491991222,0.9684522748,-1.46E-06,-2.25E-06;
racing,killcuboid,9.991995811,3.627672195,1,25.00002861,1614.784546,94.9998951,0.2491991222,0.9684522748,-1.46E-06,-2.25E-06;
racing,killcuboid,9.991995811,3.627671957,1,-94.99997139,1654.784546,25,0.1762110591,0.6847993731,0.176209718,0.6847989559;
racing,killcuboid,9.991995811,3.627671957,1,-45.00003338,1654.784546,25.00000954,0.1762110591,0.6847993731,0.176209718,0.6847989559;
racing,killcuboid,10,4,1,4.77E-06,1674.784546,-95,0,0,0,1;
racing,killcuboid,10,4,1,0,1674.784546,-45,0,0,0,1;
racing,killcuboid,4.000001907,1.000004053,30,3.81E-05,2019.784546,170.0000191,-0.7071068287,5.34E-08,0.7071067691,5.34E-08;
racing,killcuboid,4,1.000000119,4,170.0000381,2019.784546,170.0000191,-0.7071068287,5.34E-08,0.7071067691,5.34E-08;
racing,killcuboid,4,1.000000119,4,170.0000191,2019.784546,130.0000095,-0.7071068287,5.34E-08,0.7071067691,5.34E-08;
racing,killcuboid,4,1.000000119,4,170.0000381,1979.784546,-129.9999809,-0.7071068287,5.34E-08,0.7071067691,5.34E-08;
racing,killcuboid,4,1.000000119,4,170.0000572,1979.784546,-169.9999809,-0.7071068287,5.34E-08,0.7071067691,5.34E-08;
racing,killcuboid,4,1.000000119,4,130.0000572,1979.784546,-169.9999809,-0.7071068287,5.34E-08,0.7071067691,5.34E-08;
racing,killcuboid,4,1.000000119,4,-129.9999428,1939.784546,-170,-0.7071068287,5.34E-08,0.7071067691,5.34E-08;
racing,killcuboid,4,1.000000119,4,-169.9999237,1939.784546,-170,-0.7071068287,5.34E-08,0.7071067691,5.34E-08;
racing,killcuboid,4,1.000000119,4,-169.9999428,1939.784546,-130.0000095,-0.7071068287,5.34E-08,0.7071067691,5.34E-08;
racing,killcuboid,4,1.000000119,4,-169.9999428,1899.784546,79.99999046,-0.7071068287,5.34E-08,0.7071067691,5.34E-08;
racing,killcuboid,4,1.000000119,4,-169.9999619,1899.784546,119.9999905,-0.7071068287,5.34E-08,0.7071067691,5.34E-08;
racing,killcuboid,4,1.000000119,4,-129.9999619,1899.784546,119.9999905,-0.7071068287,5.34E-08,0.7071067691,5.34E-08;
racing,killcuboid,4,1.000000119,4,120.0000381,1859.784546,120.0000095,-0.7071068287,5.34E-08,0.7071067691,5.34E-08;
racing,killcuboid,4,1.000000119,4,80.00001907,1859.784546,120.0000095,-0.7071068287,5.34E-08,0.7071067691,5.34E-08;
racing,killcuboid,4,1.000000119,4,120.0000381,1859.784546,80.00000954,-0.7071068287,5.34E-08,0.7071067691,5.34E-08;
racing,killcuboid,4,1.000000119,4,120.0000572,1819.784546,-79.99998093,-0.7071068287,5.34E-08,0.7071067691,5.34E-08;
racing,killcuboid,4,1.000000119,4,120.0000572,1819.784546,-119.9999809,-0.7071068287,5.34E-08,0.7071067691,5.34E-08;
racing,killcuboid,4,1.000000119,4,80.00003815,1819.784546,-119.9999905,-0.7071068287,5.34E-08,0.7071067691,5.34E-08;
racing,killcuboid,4,1.000000119,4,-79.99997616,1779.784546,-120.0000095,-0.7071068287,5.34E-08,0.7071067691,5.34E-08;
racing,killcuboid,4,1.000000119,4,-119.9999809,1779.784546,-120.0000095,-0.7071068287,5.34E-08,0.7071067691,5.34E-08;
racing,killcuboid,4,1.000000119,4,-119.9999809,1779.784546,-80.00000954,-0.7071068287,5.34E-08,0.7071067691,5.34E-08;
racing,killcuboid,4,1.000000119,4,-119.9999809,1739.784546,29.99999046,-0.7071068287,5.34E-08,0.7071067691,5.34E-08;
racing,killcuboid,4,1.000000119,4,-120,1739.784546,69.99999046,-0.7071068287,5.34E-08,0.7071067691,5.34E-08;
racing,killcuboid,4,1.000000119,4,-79.99999523,1739.784546,69.99999046,-0.7071068287,5.34E-08,0.7071067691,5.34E-08;
racing,killcuboid,4,1.000000119,4,70.00000477,1699.784546,70,-0.7071068287,5.34E-08,0.7071067691,5.34E-08;
racing,killcuboid,4,1.000000119,4,30.00000477,1699.784546,70,-0.7071068287,5.34E-08,0.7071067691,5.34E-08;
racing,killcuboid,4,1.000000119,4,170.0000381,1969.784546,170.0000191,-0.7071068287,5.34E-08,0.7071067691,5.34E-08;
racing,killcuboid,4.000001907,1.000004053,30,3.81E-05,1969.784546,170.0000191,-0.7071068287,5.34E-08,0.7071067691,5.34E-08;
racing,killcuboid,4,1.000000119,4,170.0000191,1969.784546,130.0000095,-0.7071068287,5.34E-08,0.7071067691,5.34E-08;
racing,killcuboid,4,1.000000119,4,170.0000381,1929.784546,-129.9999809,-0.7071068287,5.34E-08,0.7071067691,5.34E-08;
racing,killcuboid,4,1.000000119,4,170.0000572,1929.784546,-169.9999809,-0.7071068287,5.34E-08,0.7071067691,5.34E-08;
racing,killcuboid,4,1.000000119,4,130.0000572,1929.784546,-169.9999809,-0.7071068287,5.34E-08,0.7071067691,5.34E-08;
racing,killcuboid,4,1.000000119,4,-129.9999428,1889.784546,-170,-0.7071068287,5.34E-08,0.7071067691,5.34E-08;
racing,killcuboid,4,1.000000119,4,-169.9999619,1889.784546,-170,-0.7071068287,5.34E-08,0.7071067691,5.34E-08;
racing,killcuboid,4,1.000000119,4,-169.9999809,1889.784546,-130.0000095,-0.7071068287,5.34E-08,0.7071067691,5.34E-08;
racing,killcuboid,4,1.000000119,4,-169.9999809,1849.784546,79.99999046,-0.7071068287,5.34E-08,0.7071067691,5.34E-08;
racing,killcuboid,4,1.000000119,4,-170,1849.784546,119.9999905,-0.7071068287,5.34E-08,0.7071067691,5.34E-08;
racing,killcuboid,4,1.000000119,4,-129.9999809,1849.784546,119.9999905,-0.7071068287,5.34E-08,0.7071067691,5.34E-08;
racing,killcuboid,4,1.000000119,4,120.0000381,1809.784546,120.0000095,-0.7071068287,5.34E-08,0.7071067691,5.34E-08;
racing,killcuboid,4,1.000000119,4,80,1809.784546,120.0000095,-0.7071068287,5.34E-08,0.7071067691,5.34E-08;
racing,killcuboid,4,1.000000119,4,120.0000381,1809.784546,80.00000954,-0.7071068287,5.34E-08,0.7071067691,5.34E-08;
racing,killcuboid,4,1.000000119,4,120.0000191,1769.784546,-79.99998093,-0.7071068287,5.34E-08,0.7071067691,5.34E-08;
racing,killcuboid,4,1.000000119,4,120.0000191,1769.784546,-119.9999809,-0.7071068287,5.34E-08,0.7071067691,5.34E-08;
racing,killcuboid,4,1.000000119,4,80.00003815,1769.784546,-120,-0.7071068287,5.34E-08,0.7071067691,5.34E-08;
racing,killcuboid,4,1.000000119,4,-79.99997616,1729.784546,-120.0000095,-0.7071068287,5.34E-08,0.7071067691,5.34E-08;
racing,killcuboid,4,1.000000119,4,-119.9999809,1729.784546,-120.0000095,-0.7071068287,5.34E-08,0.7071067691,5.34E-08;
racing,killcuboid,4,1.000000119,4,-119.9999809,1729.784546,-80.00000954,-0.7071068287,5.34E-08,0.7071067691,5.34E-08;
racing,killcuboid,4,1.000000119,4,-119.9999809,1689.784546,29.99999046,-0.7071068287,5.34E-08,0.7071067691,5.34E-08;
racing,killcuboid,4,1.000000119,4,-120,1689.784546,69.99999046,-0.7071068287,5.34E-08,0.7071067691,5.34E-08;
racing,killcuboid,4,1.000000119,4,-79.99999523,1689.784546,69.99999046,-0.7071068287,5.34E-08,0.7071067691,5.34E-08;
racing,killcuboid,4,1.000000119,4,70.00000477,1649.784546,70,-0.7071068287,5.34E-08,0.7071067691,5.34E-08;
racing,killcuboid,4,1.000000119,4,30.00000477,1649.784546,70,-0.7071068287,5.34E-08,0.7071067691,5.34E-08;
racing,killcuboid,4,1.000000119,4,-169.9999619,2019.784546,170.0000191,-0.7071068287,5.34E-08,0.7071067691,5.34E-08;
racing,killcuboid,4,1.000000119,4,-170,1969.784546,170.0000191,-0.7071068287,5.34E-08,0.7071067691,5.34E-08;
racing,killcuboid,30.00000381,1.000000119,4.000001907,-169.9999619,2019.784546,0,-0.7071068287,5.34E-08,0.7071067691,5.34E-08;
racing,killcuboid,30.00000381,1.000000119,4.000001907,-170,1969.784546,0,-0.7071068287,5.34E-08,0.7071067691,5.34E-08;
racing,killcuboid,10,1.000000358,4,70.00001907,1699.784546,0,-0.7071068287,5.34E-08,0.7071067691,5.34E-08;
racing,killcuboid,10,1.000000358,4,70.00000477,1649.784546,4.77E-06,-0.7071068287,5.34E-08,0.7071067691,5.34E-08;
racing,killcuboid,22.53875923,1.000000238,4.000000477,170.0000381,1999.756927,0.004968643188,-0.704264462,0.06333708763,0.7042644024,-0.06333697587;
racing,killcuboid,22.53875923,1.000000238,4.000000477,170.0000381,1949.757233,0.006666183472,-0.704264462,0.06333708763,0.7042644024,-0.06333697587;
racing,killcuboid,22.53875732,0.9999999404,4,0.005016326904,1959.756927,-170,-5.94E-08,5.34E-09,0.9959803224,-0.08957219124;
racing,killcuboid,22.53875732,0.9999999404,4,0.006732940674,1909.757233,-170,-5.94E-08,5.34E-09,0.9959803224,-0.08957219124;
racing,killcuboid,17.69176292,1,4,-170.000267,1919.791412,-24.99838829,-0.7024547458,0.0809641555,-0.7024576068,0.08096586168;
racing,killcuboid,17.69176292,1,4,-170.0002861,1869.791412,-24.99810219,-0.7024547458,0.0809641555,-0.7024576068,0.08096586168;
racing,killcuboid,17.69176483,1,4,-25.00610352,1879.758148,120,-0.9934009314,0.1146934852,-7.50E-08,8.66E-09;
racing,killcuboid,17.69176483,1,4,-25.00780106,1829.758453,120,-0.9934009314,0.1146934852,-7.50E-08,8.66E-09;
racing,killcuboid,12.96134949,1.000000238,4.000000477,120.0000381,1839.784546,1.91E-05,-0.6981990933,0.1118843928,0.6981989741,-0.1118842736;
racing,killcuboid,12.96134949,1.000000238,4.000000477,120.0000381,1789.784851,0.0006580352783,-0.6981990933,0.1118843928,0.6981989741,-0.1118842736;
racing,killcuboid,12.96134949,1.000000119,4,0.0006866455078,1749.784698,-120.0000095,5.50E-16,-3.43E-15,0.9874025583,-0.158228457;
racing,killcuboid,12.96134949,1.000000119,4,0.0006866455078,1799.784698,-120.0000095,5.50E-16,-3.43E-15,0.9874025583,-0.158228457;
racing,killcuboid,8.541181564,1.000000477,4.000000477,-120.0001431,1709.79248,-25.01147509,-0.6847975254,0.1762092412,-0.6848008037,0.1762115359;
racing,killcuboid,8.541181564,1.000000477,4.000000477,-120.000124,1759.79248,-25.01147032,-0.6847975254,0.1762092412,-0.6848008037,0.1762115359;
racing,killcuboid,8.541180611,1.000000596,4.000001431,-25.01154184,1719.792328,69.99998569,-0.9684522152,0.2491992265,-3.15E-07,9.59E-07;
racing,killcuboid,8.541180611,1.000000596,4.000001431,-25.01154184,1669.792328,69.99998569,-0.9684522152,0.2491992265,-3.15E-07,9.59E-07;
racing,killcuboid,30,4.000003815,1,3.81E-05,1994.784546,195.0000191,-2.49E-22,-3.30E-15,1,7.55E-08;
racing,killcuboid,4,4,1,170.0000381,1994.784546,195.0000191,-2.49E-22,-3.30E-15,1,7.55E-08;
racing,killcuboid,4,4.000000477,1,195.0000381,1994.784546,170.0000191,-0.7071068287,5.34E-08,0.7071067691,5.34E-08;
racing,killcuboid,4,4.000000477,1,195.0000381,1994.784546,130.0000095,-0.7071068287,5.34E-08,0.7071067691,5.34E-08;
racing,killcuboid,4,4.000000477,1,195.0000381,1954.784546,-129.9999809,-0.7071068287,5.34E-08,0.7071067691,5.34E-08;
racing,killcuboid,4,4.000000477,1,195.0000572,1954.784546,-169.9999809,-0.7071068287,5.34E-08,0.7071067691,5.34E-08;
racing,killcuboid,4,4,1,130.0000572,1954.784546,-194.9999809,-2.49E-22,-3.30E-15,1,7.55E-08;
racing,killcuboid,4,4,1,170.0000572,1954.784546,-194.9999809,-2.49E-22,-3.30E-15,1,7.55E-08;
racing,killcuboid,4,4,1,-169.9999237,1914.784546,-195.0000191,-2.49E-22,-3.30E-15,1,7.55E-08;
racing,killcuboid,4,4,1,-129.9999619,1914.784546,-195.0000191,-2.49E-22,-3.30E-15,1,7.55E-08;
racing,killcuboid,4,4.000000477,1,-194.9999619,1914.784546,-130.0000191,-0.7071068287,5.34E-08,0.7071067691,5.34E-08;
racing,killcuboid,4,4.000000477,1,-194.9999619,1914.784546,-170,-0.7071068287,5.34E-08,0.7071067691,5.34E-08;
racing,killcuboid,4,4.000000477,1,-195.0000191,1874.784546,119.9999809,-0.7071068287,5.34E-08,0.7071067691,5.34E-08;
racing,killcuboid,4,4.000000477,1,-195,1874.784546,79.99998093,-0.7071068287,5.34E-08,0.7071067691,5.34E-08;
racing,killcuboid,4,4,1,-170,1874.784546,144.9999809,-2.49E-22,-3.30E-15,1,7.55E-08;
racing,killcuboid,4,4,1,-129.9999619,1874.784546,144.9999809,-2.49E-22,-3.30E-15,1,7.55E-08;
racing,killcuboid,4,4,1,80.00001907,1834.784546,145.0000191,-2.49E-22,-3.30E-15,1,7.55E-08;
racing,killcuboid,4,4,1,120.0000381,1834.784546,145.0000191,-2.49E-22,-3.30E-15,1,7.55E-08;
racing,killcuboid,4,4.000000477,1,145.0000381,1834.784546,120.0000095,-0.7071068287,5.34E-08,0.7071067691,5.34E-08;
racing,killcuboid,4,4.000000477,1,145.0000381,1834.784546,80.00000954,-0.7071068287,5.34E-08,0.7071067691,5.34E-08;
racing,killcuboid,4,4.000000477,1,145.0000191,1794.784546,-79.99998093,-0.7071068287,5.34E-08,0.7071067691,5.34E-08;
racing,killcuboid,4,4.000000477,1,145.0000191,1794.784546,-119.9999809,-0.7071068287,5.34E-08,0.7071067691,5.34E-08;
racing,killcuboid,4,4,1,80.00003815,1794.784546,-145,-2.49E-22,-3.30E-15,1,7.55E-08;
racing,killcuboid,4,4,1,120.0000191,1794.784546,-144.9999809,-2.49E-22,-3.30E-15,1,7.55E-08;
racing,killcuboid,4,4,1,-119.9999809,1754.784546,-145.0000095,-2.49E-22,-3.30E-15,1,7.55E-08;
racing,killcuboid,4,4,1,-79.99997616,1754.784546,-145.0000095,-2.49E-22,-3.30E-15,1,7.55E-08;
racing,killcuboid,4,4.000000477,1,-144.9999809,1754.784546,-80.00000954,-0.7071068287,5.34E-08,0.7071067691,5.34E-08;
racing,killcuboid,4,4.000000477,1,-144.9999809,1754.784546,-120.0000095,-0.7071068287,5.34E-08,0.7071067691,5.34E-08;
racing,killcuboid,4,4.000000477,1,-145,1714.784546,69.99999046,-0.7071068287,5.34E-08,0.7071067691,5.34E-08;
racing,killcuboid,4,4.000000477,1,-144.9999809,1714.784546,29.99999046,-0.7071068287,5.34E-08,0.7071067691,5.34E-08;
racing,killcuboid,4,4,1,-120,1714.784546,94.99999046,-2.49E-22,-3.30E-15,1,7.55E-08;
racing,killcuboid,4,4,1,-79.99999523,1714.784546,94.99999046,-2.49E-22,-3.30E-15,1,7.55E-08;
racing,killcuboid,4,4,1,30.00000477,1674.784546,95,-2.49E-22,-3.30E-15,1,7.55E-08;
racing,killcuboid,4,4,1,70.00000477,1674.784546,95,-2.49E-22,-3.30E-15,1,7.55E-08;
racing,killcuboid,4,4.000000477,1,95,1674.784546,70,-0.7071068287,5.34E-08,0.7071067691,5.34E-08;
racing,killcuboid,4,4,1,30.00000477,1674.784546,45,-2.49E-22,-3.30E-15,1,7.55E-08;
racing,killcuboid,4,4,1,70.00000954,1674.784546,-95,-2.49E-22,-3.30E-15,1,7.55E-08;
racing,killcuboid,4,4,1,-79.99998569,1714.784546,44.99999046,-2.49E-22,-3.30E-15,1,7.55E-08;
racing,killcuboid,4,4.000000477,1,-94.99998093,1714.784546,29.99999046,-0.7071068287,5.34E-08,0.7071067691,5.34E-08;
racing,killcuboid,4,4.000000477,1,-94.99998093,1754.784546,-80.00000954,-0.7071068287,5.34E-08,0.7071067691,5.34E-08;
racing,killcuboid,4,4,1,-79.99995708,1754.784546,-95.00000954,-2.49E-22,-3.30E-15,1,7.55E-08;
racing,killcuboid,4,4,1,80.00003815,1794.784546,-94.99999046,-2.49E-22,-3.30E-15,1,7.55E-08;
racing,killcuboid,4,4.000000477,1,95.00001907,1794.784546,-79.99999046,-0.7071068287,5.34E-08,0.7071067691,5.34E-08;
racing,killcuboid,4,4,1,80.00001907,1834.784546,95.00000954,-2.49E-22,-3.30E-15,1,7.55E-08;
racing,killcuboid,4,4.000000477,1,95.00001907,1834.784546,80.00000954,-0.7071068287,5.34E-08,0.7071067691,5.34E-08;
racing,killcuboid,4,4,1,-129.9999619,1874.784546,94.99999046,-2.49E-22,-3.30E-15,1,7.55E-08;
racing,killcuboid,4,4.000000477,1,-144.9999809,1874.784546,79.99999046,-0.7071068287,5.34E-08,0.7071067691,5.34E-08;
racing,killcuboid,4,4.000000477,1,-144.9999619,1914.784546,-130.0000095,-0.7071068287,5.34E-08,0.7071067691,5.34E-08;
racing,killcuboid,4,4,1,-129.9999428,1914.784546,-145.0000095,-2.49E-22,-3.30E-15,1,7.55E-08;
racing,killcuboid,4,4,1,130.0000572,1954.784546,-144.9999809,-2.49E-22,-3.30E-15,1,7.55E-08;
racing,killcuboid,4,4.000000477,1,145.0000572,1954.784546,-129.9999809,-0.7071068287,5.34E-08,0.7071067691,5.34E-08;
racing,killcuboid,30,4.000003815,1,3.81E-05,1994.784546,145.0000191,-2.49E-22,-3.30E-15,1,7.55E-08;
racing,killcuboid,4,4.000000477,1,145.0000381,1994.784546,130.0000095,-0.7071068287,5.34E-08,0.7071067691,5.34E-08;
racing,killcuboid,4,4.000000477,1,-195.0000191,1994.784546,170,-0.7071068287,5.34E-08,0.7071067691,5.34E-08;
racing,killcuboid,4,4,1,-170,1994.784546,195,-2.49E-22,-3.30E-15,1,7.55E-08;
racing,killcuboid,30.00000381,4.000000477,1.000001907,-195.0000191,1994.784546,-9.54E-06,-0.7071068287,5.34E-08,0.7071067691,5.34E-08;
racing,killcuboid,30.00000381,4.000000477,1.000001907,-145,1994.784546,0,-0.7071068287,5.34E-08,0.7071067691,5.34E-08;
racing,killcuboid,23.07437515,3.946300507,1.000000119,195.0000381,1974.784393,1.91E-05,-0.704264462,0.06333708763,0.7042644024,-0.06333697587;
racing,killcuboid,23.07437515,3.946300507,1.000000119,145.0000286,1974.784393,9.54E-06,-0.704264462,0.06333708763,0.7042644024,-0.06333697587;
racing,killcuboid,23.07437325,3.946299076,1,7.63E-05,1934.784393,-195,-5.94E-08,5.34E-09,0.9959803224,-0.08957219124;
racing,killcuboid,23.07437325,3.946299076,1,7.63E-05,1934.784393,-144.9999905,-5.94E-08,5.34E-09,0.9959803224,-0.08957219124;
racing,killcuboid,18.37421608,3.922771931,1,-195.000267,1894.784546,-25,-0.7024547458,0.0809641555,-0.7024576068,0.08096586168;
racing,killcuboid,18.37421608,3.922771931,1,-144.9996567,1894.784546,-25.00001907,-0.7024547458,0.0809641555,-0.7024576068,0.08096586168;
racing,killcuboid,18.37573051,3.915682316,1,-24.99995232,1854.784546,144.9999905,-0.9934009314,0.1146934852,-7.50E-08,8.66E-09;
racing,killcuboid,18.37573051,3.915682316,1,-24.99995232,1854.784546,94.99998093,-0.9934009314,0.1146934852,-7.50E-08,8.66E-09;
racing,killcuboid,13.89889431,3.849781036,1.000000119,145.0000286,1814.784546,9.54E-06,-0.6981990933,0.1118843928,0.6981989741,-0.1118842736;
racing,killcuboid,13.89889431,3.849781036,1.000000119,95.00002861,1814.784546,9.54E-06,-0.6981990933,0.1118843928,0.6981989741,-0.1118842736;
racing,killcuboid,13.89889431,3.84978056,1,3.81E-05,1774.784546,-145.0000095,5.50E-16,-3.43E-15,0.9874025583,-0.158228457;
racing,killcuboid,13.89889431,3.84978056,1,3.34E-05,1774.784546,-95.00000954,5.50E-16,-3.43E-15,0.9874025583,-0.158228457;
racing,killcuboid,9.991997719,3.627673149,1.000000119,-145.0001144,1734.784546,-24.99998569,-0.6847975254,0.1762092412,-0.6848008037,0.1762115359;
racing,killcuboid,9.991997719,3.627673149,1.000000119,-94.99986649,1734.784393,-25.00003815,-0.6847975254,0.1762092412,-0.6848008037,0.1762115359;
racing,killcuboid,9.991995811,3.627673149,1.000000358,-25.00000954,1694.784546,94.99996185,-0.9684522152,0.2491992265,-3.15E-07,9.59E-07;
racing,killcuboid,9.991995811,3.627673149,1.000000358,-25.00000477,1694.784393,45.00003815,-0.9684522152,0.2491992265,-3.15E-07,9.59E-07;
racing,killcuboid,10,4.000000477,1,95.00001907,1674.784546,0,-0.7071068287,5.34E-08,0.7071067691,5.34E-08;
racing,killcuboid,10,4.000000477,1,45.00000477,1674.784546,4.77E-06,-0.7071068287,5.34E-08,0.7071067691,5.34E-08;
racing,killcuboid,4.99997282,4,1.000000119,-145,1354.784546,-45.00013828,0,-0.7071067691,0,0.7071067691;
racing,killcuboid,4.999970436,4,1.000000119,-195,1354.784546,-45.00014305,0,-0.7071067691,0,0.7071067691;
racing,killcuboid,4,1,4.999972343,-170,1379.784546,-45.00013828,0,0,0,1;
racing,killcuboid,4,1,4.999972343,-170,1329.784546,-45.00013828,0,0,0,1;
racing,killcuboid,4,1,4,-170,1379.784546,-0.0002765655518,0,0,0,1;
racing,killcuboid,4.000000477,4,1.000000119,-195,1354.784546,-0.0002765655518,0,-0.7071067691,0,0.7071067691;
racing,killcuboid,4.000000477,4,1.000000119,-145,1354.784546,-0.0002765655518,0,-0.7071067691,0,0.7071067691;
racing,killcuboid,4.000000477,4,1.000000119,-195,1314.784546,-0.0002765655518,0,-0.7071067691,0,0.7071067691;
racing,killcuboid,4.000000477,4,1.000000119,-145,1314.784546,-0.0002765655518,0,-0.7071067691,0,0.7071067691;
racing,killcuboid,4.000000477,4,1.000000119,-195,1274.78447,-0.0002765655518,0,-0.7071067691,0,0.7071067691;
racing,killcuboid,4,1,4,-170,1249.78447,-0.0002765655518,0,0,0,1;
racing,killcuboid,12.99999142,1,4,-85.00003815,1249.78447,-0.0002765655518,0,0,0,1;
racing,killcuboid,12.99999142,1,4,-85.00003815,1299.784546,-0.0002765655518,0,0,0,1;
racing,killcuboid,4,1,4,-8.58E-05,1299.784546,-0.0002765655518,0,0,0,1;
racing,killcuboid,4.000000477,4,1.000000119,24.99991417,1274.78447,-0.0002765655518,0,-0.7071067691,0,0.7071067691;
racing,killcuboid,4.000000477,4,1.000000119,-25.00008583,1234.78447,-0.0002765655518,0,-0.7071067691,0,0.7071067691;
racing,killcuboid,4.000000477,4,1.000000119,24.99991417,1234.78447,-0.0002765655518,0,-0.7071067691,0,0.7071067691;
racing,killcuboid,4,4,1,-170,1354.784546,24.99972343,0,0,0,1;
racing,killcuboid,4,4,1,-170,1314.784546,24.99972343,0,0,0,1;
racing,killcuboid,4,4,1,-170,1314.784546,-25.00027657,0,0,0,1;
racing,killcuboid,4,4,1,-170,1274.78447,24.99972343,0,0,0,1;
racing,killcuboid,4,4,1,-170,1274.78447,-25.00027657,0,0,0,1;
racing,killcuboid,13.00000095,4,1,-85.00000954,1274.78447,24.99972343,0,0,0,1;
racing,killcuboid,12.99999142,4,1,-85.00003815,1274.78447,-25.00027657,0,0,0,1;
racing,killcuboid,4,4,1,-8.58E-05,1274.78447,24.99972343,0,0,0,1;
racing,killcuboid,4,4,1,-8.58E-05,1274.78447,-25.00027657,0,0,0,1;
racing,killcuboid,4,4,1,-8.58E-05,1234.78447,24.99972343,0,0,0,1;
racing,killcuboid,4,4,1,-8.58E-05,1234.78447,-25.00027895,0,0,0,1;
racing,killcuboid,9.65681076,2,9.656840324,-9.54E-06,441.7155838,5.25E-05,0,0,0,1;
racing,killcuboid,3.999999762,0.9999999404,34.64089966,-98.24427605,1000.490494,-98.2444191,-0.8535532951,-0.1464468539,0.3535535336,-0.3535533547;
racing,killcuboid,4,1.000000119,34.64090347,-123.2444572,1035.845947,-123.244524,-0.1464466304,0.8535532951,-0.3535534441,-0.353553623;
racing,killcuboid,1,4.000000477,34.64090347,-93.06679726,1018.168182,-128.4221935,-0.1464466304,0.8535532951,-0.3535534441,-0.353553623;
racing,killcuboid,1,4.000000477,34.64090347,-128.4221077,1018.168182,-93.06682587,-0.1464466304,0.8535532951,-0.3535534441,-0.353553623;
racing,killcuboid,0.9999999404,4,34.64089966,93.06674004,1018.168182,-128.422184,0.1464465708,0.8535532951,-0.3535534739,0.3535535038;
racing,killcuboid,0.9999999404,4,34.64089966,128.4220886,1018.168182,-93.06685448,0.1464465708,0.8535532951,-0.3535534739,0.3535535038;
racing,killcuboid,3.999999762,1,34.64089966,123.244381,1035.845947,-123.2445526,0.1464465708,0.8535532951,-0.3535534739,0.3535535038;
racing,killcuboid,3.999999762,1.000000119,34.64090347,98.24445724,1000.490494,-98.24446678,-0.8535532951,0.1464463174,-0.3535535932,-0.3535535932;
racing,killcuboid,4.000000477,1.000000119,34.64089966,-98.2442379,1000.49057,98.24416161,0.3535535336,0.3535535336,-0.8535533547,0.1464462727;
racing,killcuboid,3.999999762,1,34.64089966,-123.2444,1035.845947,123.2442379,0.3535533547,-0.3535533547,0.1464467049,0.8535534143;
racing,killcuboid,0.9999999404,4,34.64089966,-128.4220695,1018.168182,93.06657791,0.3535533547,-0.3535533547,0.1464467049,0.8535534143;
racing,killcuboid,0.9999999404,4,34.64089966,-93.06670189,1018.168259,128.4218979,0.3535533547,-0.3535533547,0.1464467049,0.8535534143;
racing,killcuboid,0.9999999404,4,34.64089966,128.4219456,1018.168182,93.06665421,0.3535533547,0.3535534143,-0.1464467347,0.8535533547;
racing,killcuboid,0.9999999404,4,34.64089966,93.06682587,1018.168182,128.421793,0.3535533547,0.3535534143,-0.1464467347,0.8535533547;
racing,killcuboid,3.999999762,1,34.64089966,123.2443047,1035.845947,123.2442951,0.3535533547,0.3535534143,-0.1464467347,0.8535533547;
racing,killcuboid,4.000001431,1.000000358,34.64090347,98.24433327,1000.49057,98.24426651,-0.3535532951,0.3535532355,-0.8535534143,-0.146446988;
racing,killcuboid,4,1,4,0,1121.500244,-0.0001731064185,1.80E-07,0.3826834559,-4.09E-08,-0.9238795042;
racing,killcuboid,3.999999762,1,34.64089966,98.24445724,762.5779724,98.24427605,-0.3535536528,0.353553623,0.1464463323,0.8535532355;
racing,killcuboid,4,1.000000119,34.64089966,123.244381,727.2226715,123.244381,0.3535535336,0.3535535634,0.8535532951,-0.1464465708;
racing,killcuboid,1,4.000000477,34.64089966,128.4220886,744.9002838,93.06667328,0.3535535336,0.3535535634,0.8535532951,-0.1464465708;
racing,killcuboid,1,4.000000477,34.64089966,93.06674004,744.9002838,128.4220123,0.3535535336,0.3535535634,0.8535532951,-0.1464465708;
racing,killcuboid,1.000000358,4.000001431,34.64090347,-128.4221172,744.9002838,93.0666256,-0.3535537124,0.3535535336,0.8535531759,0.1464466453;
racing,killcuboid,1.000000358,4.000001431,34.64090347,-93.06680679,744.9002838,128.4219837,-0.3535537124,0.3535535336,0.8535531759,0.1464466453;
racing,killcuboid,4.000001431,1.000000358,34.64090347,-123.2444763,727.2226715,123.2443237,-0.3535537124,0.3535535336,0.8535531759,0.1464466453;
racing,killcuboid,3.999999762,1,34.64089966,-98.24429512,762.5779724,98.24422836,-0.3535534441,-0.353553623,-0.146446839,0.8535532355;
racing,killcuboid,4,1,34.64090347,-98.24416161,762.5779724,-98.24432373,0.1464463472,0.8535533547,0.3535536826,-0.3535533249;
racing,killcuboid,4,1.000000477,34.64091492,-123.2443333,727.2225952,-123.2444191,0.8535534143,-0.1464467496,-0.3535531759,-0.3535535038;
racing,killcuboid,1,4.000001907,34.64091492,-128.4220123,744.9002838,-93.06677818,0.8535534143,-0.1464467496,-0.3535531759,-0.3535535038;
racing,killcuboid,1,4.000001907,34.64091492,-93.06664467,744.9002838,-128.4220982,0.8535534143,-0.1464467496,-0.3535531759,-0.3535535038;
racing,killcuboid,1,4.000000477,34.64090347,128.421936,744.9002838,-93.06677818,0.8535532951,0.1464468986,0.3535535336,-0.3535534441;
racing,killcuboid,1,4.000000477,34.64090347,93.06681633,744.9003601,-128.421917,0.8535532951,0.1464468986,0.3535535336,-0.3535534441;
racing,killcuboid,4,1.000000119,34.64090347,123.2443047,727.2225952,-123.2444096,0.8535532951,0.1464468986,0.3535535336,-0.3535534441;
racing,killcuboid,3.999999762,1,34.64089584,98.24433327,762.5779724,-98.24438095,-0.1464471221,0.8535532951,0.3535533547,0.3535534143;
racing,killcuboid,4,0.9999999404,3.999999762,0,641.5682983,1.11E-05,-0.9238795042,1.53E-07,0.3826834559,-5.03E-08;
racing,killcuboid,1,4.000000477,4.000000477,-225.0244713,881.5162659,-189.6689224,-0.1464466304,0.8535532951,-0.3535534441,-0.353553623;
racing,killcuboid,1,4.000000477,4.000000477,-189.6691513,881.5162659,-225.0242996,-0.1464466304,0.8535532951,-0.3535534441,-0.353553623;
racing,killcuboid,4,1.000000119,4.000000477,-219.8468208,899.1941071,-219.846611,-0.1464466304,0.8535532951,-0.3535534441,-0.353553623;
racing,killcuboid,4,1.000000119,4,-219.8466873,863.8386536,-219.8467445,-0.3535535634,0.3535532951,-0.8535533547,-0.1464467645;
racing,killcuboid,3.999999762,1,4,-219.846611,863.8389587,219.8465538,-0.8535533547,0.146446541,-0.3535533249,-0.3535535634;
racing,killcuboid,3.999999762,1,4,-219.8464966,899.1941071,219.8466682,-0.3535533845,0.3535532951,-0.1464466751,-0.8535534143;
racing,killcuboid,0.9999999404,4,4,-225.0241852,881.516571,189.6689606,-0.3535533845,0.3535532951,-0.1464466751,-0.8535534143;
racing,killcuboid,0.9999999404,4,4,-189.668808,881.516571,225.0242615,-0.3535533845,0.3535532951,-0.1464466751,-0.8535534143;
racing,killcuboid,0.9999999404,4,4,225.024395,881.516571,189.6686745,-0.3535533547,-0.3535533845,0.1464467198,-0.8535534143;
racing,killcuboid,0.9999999404,4,4,189.6690941,881.516571,225.0240517,-0.3535533547,-0.3535533845,0.1464467198,-0.8535534143;
racing,killcuboid,3.999999762,1,4,219.8467827,899.1941071,219.8463631,-0.3535533547,-0.3535533845,0.1464467198,-0.8535534143;
racing,killcuboid,4,1.000000358,4.000001431,219.8466682,863.8389587,219.8464775,-0.8535534739,-0.1464464217,0.3535535038,-0.3535531461;
racing,killcuboid,0.9999999404,3.999999762,4,189.6688461,881.5162659,-225.0245285,-0.1464465857,-0.8535532951,0.3535534739,-0.3535535038;
racing,killcuboid,0.9999999404,3.999999762,4,225.0242233,881.5162659,-189.6692276,-0.1464465857,-0.8535532951,0.3535534739,-0.3535535038;
racing,killcuboid,3.999999762,0.9999999404,4,219.8465347,899.1941071,-219.8469162,-0.1464465857,-0.8535532951,0.3535534739,-0.3535535038;
racing,killcuboid,3.999999523,0.9999999404,4,219.8466492,863.8386536,-219.8468018,-0.3535534441,-0.3535532951,0.8535533547,-0.1464467347;
racing,killcuboid,4,4,1,1.91E-05,1174.784393,-53.28435898,1.51E-07,0,0,-1;
racing,killcuboid,3.999999762,4,0.9999999404,37.67760992,1174.784393,-37.67777681,1.80E-07,0.3826834261,-4.09E-08,-0.9238795638;
racing,killcuboid,4,4,1,53.28417301,1174.784393,-0.0001748927025,1.07E-07,0.7071067691,-1.07E-07,-0.7071068287;
racing,killcuboid,4,4,1,37.67759323,1174.784393,37.67741919,4.09E-08,0.9238794446,-1.80E-07,-0.3826836646;
racing,killcuboid,4,4,1,-9.54E-06,1174.784393,53.28398705,2.46E-14,1,-1.51E-07,-3.14E-07;
racing,killcuboid,4,4,1,-37.67760992,1174.784393,37.67740726,-4.09E-08,0.9238795638,-1.80E-07,0.3826833963;
racing,killcuboid,3.999999762,4,0.9999999404,-53.28417778,1174.784393,-0.0001963503746,-2.30E-07,0.7071066499,-1.69E-07,0.7071068883;
racing,killcuboid,4,4,1,-37.67760038,1174.784393,-37.67779827,-1.80E-07,0.3826832771,-4.09E-08,0.9238796234;
racing,killcuboid,2.828419924,2,4,34.14209843,1204.784393,-0.0001124268783,1.51E-07,0,0,-1;
racing,killcuboid,2.828422308,2,4,-8.34E-05,1204.784393,34.14189816,1.07E-07,0.7071067691,-1.07E-07,-0.7071068287;
racing,killcuboid,2.828422308,2,4,-34.14209843,1204.784393,-0.0002793198655,6.60E-15,1,-1.51E-07,-1.95E-07;
racing,killcuboid,2.828419685,2,3.999999762,7.87E-05,1204.784393,-34.1422987,-2.30E-07,0.7071066499,-1.69E-07,0.7071068883;
racing,killcuboid,2.828419924,2,2.828419924,34.1421032,1204.78447,-34.14221287,1.51E-07,0,0,-1;
racing,killcuboid,2.828419924,2,2.828419924,-34.1421175,1204.784393,-34.14237976,1.51E-07,0,0,-1;
racing,killcuboid,2.828419924,2,2.828419924,-34.14217949,1204.78447,34.14191246,1.51E-07,0,0,-1;
racing,killcuboid,2.828419924,2,2.828419924,34.14209843,1204.784393,34.14198399,1.51E-07,0,0,-1;
racing,killcuboid,4,4,1,-6.34E-05,588.2840729,-53.28416824,6.60E-15,-1.51E-07,-1,-1.95E-07;
racing,killcuboid,4,4.000000477,1,-37.67765284,588.2840729,-37.67759562,-0.3826835454,-1.31E-07,-0.9238795042,-1.19E-07;
racing,killcuboid,4,4.000000477,1,-53.2842207,588.2840729,2.23E-06,-0.7071067691,-1.46E-07,-0.7071068287,-2.53E-07;
racing,killcuboid,4,4.000000477,1,-37.67764091,588.284111,37.67760038,-0.9238795042,-5.39E-08,-0.3826835454,-9.41E-09;
racing,killcuboid,4,4,1,-3.47E-05,588.284111,53.28417778,-1,7.55E-08,-1.95E-07,1.19E-08;
racing,killcuboid,4,4.000000477,1.000000119,37.67756701,588.284111,37.67757893,-0.9238796234,1.19E-07,0.3826832771,-1.31E-07;
racing,killcuboid,4.000000477,4.000000954,1.000000119,53.28413963,588.2840729,-1.92E-05,-0.7071067691,2.53E-07,0.7071067691,-1.46E-07;
racing,killcuboid,4,4,1,37.67755747,588.2840729,-37.67762661,-0.3826835155,9.41E-09,0.9238795042,-5.39E-08;
racing,killcuboid,2.828419924,2,4,-34.14214611,558.284111,8.28E-05,6.60E-15,-1.51E-07,-1,-1.95E-07;
racing,killcuboid,2.828422308,2.000000238,4,3.54E-05,558.284111,34.14209843,-0.7071067691,-1.46E-07,-0.7071068287,-2.53E-07;
racing,killcuboid,2.828422308,2,4,34.14205074,558.284111,-8.41E-05,-1,7.55E-08,-7.55E-08,1.19E-08;
racing,killcuboid,2.828420401,2.000000477,4.000000477,-0.0001267325752,558.284111,-34.14209843,-0.7071067691,2.53E-07,0.7071067691,-1.46E-07;
racing,killcuboid,2.828419924,2,2.828419924,-34.14215088,558.2840729,-34.1420126,6.60E-15,-1.51E-07,-1,-1.95E-07;
racing,killcuboid,2.828419924,2,2.828419924,34.14206982,558.284111,-34.14217949,6.60E-15,-1.51E-07,-1,-1.95E-07;
racing,killcuboid,2.828419924,2,2.828419924,34.14213181,558.2840729,34.14211273,6.60E-15,-1.51E-07,-1,-1.95E-07;
racing,killcuboid,2.828419924,2,2.828419924,-34.14214611,558.284111,34.14218426,6.60E-15,-1.51E-07,-1,-1.95E-07;
racing,killcuboid,3.999999762,0.9999999404,34.64089966,500.4906845,401.7554092,-98.24449539,-0.5000001788,0.7071065307,-2.35E-07,-0.5000001788;
racing,killcuboid,4,1,34.64090347,535.8460236,376.7554474,-123.2445717,0.7071067691,0.5000000596,-0.4999999702,9.77E-08;
racing,killcuboid,1,4,34.64090347,518.1684113,371.5777969,-93.06687355,0.7071067691,0.5000000596,-0.4999999702,9.77E-08;
racing,killcuboid,1,4,34.64090347,518.168335,406.933136,-128.4222126,0.7071067691,0.5000000596,-0.4999999702,9.77E-08;
racing,killcuboid,1,4,34.64089966,518.1682968,628.4218979,-93.06693077,0.5000000596,0.7071068287,-1.50E-07,-0.4999998808;
racing,killcuboid,1,4,34.64089966,518.1682968,593.066597,-128.4222794,0.5000000596,0.7071068287,-1.50E-07,-0.4999998808;
racing,killcuboid,4,1,34.64089966,535.8460236,623.2442856,-123.2446098,0.5000000596,0.7071068287,-1.50E-07,-0.4999998808;
racing,killcuboid,4,1.000000119,34.64090347,500.4906464,598.2441711,-98.24447632,-0.7071069479,0.4999999404,0.4999998808,2.29E-08;
racing,killcuboid,4.000000477,1.000000119,34.64090347,500.4906082,598.2441711,98.24412346,0.5000003576,-6.93E-08,-0.7071064115,-0.5000001192;
racing,killcuboid,4.000000477,1.000000119,34.64090347,535.8459854,623.2443619,123.2441711,-2.39E-08,-0.5000001788,-0.4999999702,0.7071066499;
racing,killcuboid,1.000000119,4.000000477,34.64090347,518.1682587,628.4220123,93.06651115,-2.39E-08,-0.5000001788,-0.4999999702,0.7071066499;
racing,killcuboid,1.000000119,4.000000477,34.64090347,518.168335,593.0666733,128.4218407,-2.39E-08,-0.5000001788,-0.4999999702,0.7071066499;
racing,killcuboid,1,4,34.64089966,518.168335,371.5779877,93.06671143,0.4999999404,-1.15E-07,-0.7071067095,0.5000001788;
racing,killcuboid,1,4,34.64089966,518.168335,406.933136,128.4218407,0.4999999404,-1.15E-07,-0.7071067095,0.5000001788;
racing,killcuboid,4,1,34.64089966,535.8460236,376.7556381,123.2443523,0.4999999404,-1.15E-07,-0.7071067095,0.5000001788;
racing,killcuboid,3.999999762,1,34.64089966,500.4906082,401.7555618,98.24424744,2.18E-07,0.5,-0.4999999404,-0.7071068287;
racing,killcuboid,4,1,3.999999762,621.5002441,499.9999237,-0.0001523115498,0.2705981731,0.2705981433,0.6532814503,-0.6532814503;
racing,killcuboid,3.999999762,0.9999999404,34.64089966,262.5779533,401.7554474,98.24430466,1.02E-08,0.4999999702,-0.500000298,0.7071065903;
racing,killcuboid,3.999999762,0.9999999404,34.64089584,227.2226334,376.7555237,123.2443523,0.4999998808,-7.39E-08,0.7071067691,0.5000001192;
racing,killcuboid,0.9999999404,3.999999762,34.64089584,244.9002838,371.5777588,93.06665421,0.4999998808,-7.39E-08,0.7071067691,0.5000001192;
racing,killcuboid,0.9999999404,3.999999762,34.64089584,244.9002838,406.933136,128.4219837,0.4999998808,-7.39E-08,0.7071067691,0.5000001192;
racing,killcuboid,1,4,34.64089966,244.900341,628.4219742,93.06653023,-1.56E-07,0.5000001788,0.499999851,0.7071067691;
racing,killcuboid,1,4,34.64089966,244.900341,593.0666733,128.421917,-1.56E-07,0.5000001788,0.499999851,0.7071067691;
racing,killcuboid,4,1,34.64089966,227.2226715,623.2443237,123.2442284,-1.56E-07,0.5000001788,0.499999851,0.7071067691;
racing,killcuboid,3.999999762,1,34.64089966,262.5780106,598.2441711,98.24412346,-0.5000001192,-2.60E-07,-0.7071068883,0.4999997318;
racing,killcuboid,3.999999762,1,34.64089966,262.5780487,598.2440186,-98.24450493,0.7071065307,0.5000003576,0.5,2.72E-07;
racing,killcuboid,3.999999762,0.9999999404,34.64089966,227.2226715,623.2442474,-123.2445908,0.5000001788,-0.7071067691,1.72E-07,-0.4999998212;
racing,killcuboid,0.9999999404,3.999999762,34.64089966,244.900322,628.421936,-93.06693077,0.5000001788,-0.7071067691,1.72E-07,-0.4999998212;
racing,killcuboid,0.9999999404,3.999999762,34.64089966,244.9003029,593.0665207,-128.4222412,0.5000001788,-0.7071067691,1.72E-07,-0.4999998212;
racing,killcuboid,0.9999999404,4,34.64089966,244.900322,371.5778351,-93.06688309,0.7071068883,-0.4999997318,0.5000001192,3.30E-07;
racing,killcuboid,0.9999999404,4,34.64089966,244.9003792,406.9329453,-128.4220314,0.7071068883,-0.4999997318,0.5000001192,3.30E-07;
racing,killcuboid,3.999999762,1,34.64089966,227.2226715,376.7554474,-123.2445335,0.7071068883,-0.4999997318,0.5000001192,3.30E-07;
racing,killcuboid,3.999999762,1,34.64089584,262.5780106,401.7555237,-98.24449539,0.4999996722,0.7071070075,-1.66E-07,0.5;
racing,killcuboid,4,1,4,141.5683937,499.9998856,-0.0001130578221,-0.6532815695,0.6532815695,0.2705978453,0.2705978155;
racing,killcuboid,1,4,4,381.5164948,725.0242615,-189.6690369,0.5000000596,0.7071068287,-1.50E-07,-0.4999998808;
racing,killcuboid,1,4,4,381.5164948,689.6689606,-225.0244141,0.5000000596,0.7071068287,-1.50E-07,-0.4999998808;
racing,killcuboid,4,1,4,399.1942215,719.8466492,-219.8467255,0.5000000596,0.7071068287,-1.50E-07,-0.4999998808;
racing,killcuboid,4,1,4,363.8388443,719.8464966,-219.8468399,8.07E-08,0.4999998808,-0.5000001788,-0.7071067691;
racing,killcuboid,1,4,4,381.5164948,689.6687317,225.0241661,-2.19E-08,0.5000001192,0.499999851,-0.7071068287;
racing,killcuboid,1,4,4,381.5164948,725.0241089,189.6688652,-2.19E-08,0.5000001192,0.499999851,-0.7071068287;
racing,killcuboid,4,1,4,399.1942215,719.8464203,219.8465538,-2.19E-08,0.5000001192,0.499999851,-0.7071068287;
racing,killcuboid,4,1,4,363.8388443,719.8465729,219.8464394,-0.5000000596,0.7071067691,-2.33E-07,-0.4999999702;
racing,killcuboid,1,4.000000477,4,381.5165329,274.9755669,189.6687317,-0.4999999404,-1.20E-08,0.7071067691,-0.5000001192;
racing,killcuboid,1,4.000000477,4,381.5165329,310.3308678,225.0241089,-0.4999999404,-1.20E-08,0.7071067691,-0.5000001192;
racing,killcuboid,4,1.000000119,4,399.1942215,280.1531792,219.8464203,-0.4999999404,-1.20E-08,0.7071067691,-0.5000001192;
racing,killcuboid,4,1.000000119,4,363.8388443,280.1532936,219.8465157,-0.7071068287,0.5000001788,0.4999997616,1.96E-07;
racing,killcuboid,0.9999999404,4,3.999999523,381.5165329,310.3309631,-225.0244713,-0.7071067691,-0.5,0.5,-1.60E-07;
racing,killcuboid,0.9999999404,4,3.999999523,381.5165329,274.9755859,-189.6691704,-0.7071067691,-0.5,0.5,-1.60E-07;
racing,killcuboid,3.999999762,1,3.999999523,399.1942215,280.1532745,-219.846859,-0.7071067691,-0.5,0.5,-1.60E-07;
racing,killcuboid,4,1,4,363.8388443,280.1531601,-219.8467445,-0.4999999702,1.76E-07,0.7071068287,0.5;
racing,killcuboid,3.999999762,3.999999762,1,674.7844696,499.9998856,-53.28431606,-6.18E-08,6.18E-08,0.7071067095,-0.7071068287;
racing,killcuboid,4,4,0.9999999404,674.7844696,462.3222733,-37.67772436,0.2705981731,0.2705981433,0.6532814503,-0.6532814503;
racing,killcuboid,4,4,1,674.7844696,446.7156982,-0.0001219150727,0.5000001192,0.5000001788,0.4999998808,-0.499999851;
racing,killcuboid,4,4,1,674.7844696,462.3223495,37.67747164,0.6532815099,0.6532815695,0.2705979347,-0.2705978751;
racing,killcuboid,4,4,1.000000119,674.7844696,499.9999237,53.28402996,-0.7071069479,-0.7071066499,8.43E-09,8.43E-09;
racing,killcuboid,4,4,1,674.7844696,537.677536,37.67743111,0.6532815695,0.6532815695,-0.2705978453,0.2705979049;
racing,killcuboid,4,4,1,674.7844696,553.2840729,-0.0001755554695,0.4999999404,0.4999997914,-0.5000000596,0.5000002384;
racing,killcuboid,4,4,1,674.7844696,537.6774979,-37.67777443,0.2705978155,0.2705978751,-0.6532815695,0.6532815695;
racing,killcuboid,2.828419685,1.999999881,4,704.7844696,465.8577728,-5.62E-05,-6.18E-08,6.18E-08,0.7071067095,-0.7071068287;
racing,killcuboid,2.828422308,2,4,704.7844696,500.0000381,34.14195061,0.5000001192,0.5000001788,0.4999998808,-0.499999851;
racing,killcuboid,2.82842207,1.999999881,3.999999762,704.7844696,534.1419983,-0.0002436844807,-0.7071068287,-0.7071067095,8.43E-09,8.43E-09;
racing,killcuboid,2.828419924,2,4,704.7844696,499.9998474,-34.14224625,0.4999999404,0.4999997914,-0.5000000596,0.5000002384;
racing,killcuboid,2.828419685,1.999999881,2.828419924,704.7845459,465.8577347,-34.14216042,-6.18E-08,6.18E-08,0.7071067095,-0.7071068287;
racing,killcuboid,2.828419685,1.999999881,2.828419924,704.7844696,534.1419983,-34.14234638,-6.18E-08,6.18E-08,0.7071067095,-0.7071068287;
racing,killcuboid,2.828419685,1.999999881,2.828419924,704.7845459,534.1421127,34.14194584,-6.18E-08,6.18E-08,0.7071067095,-0.7071068287;
racing,killcuboid,2.828419685,1.999999881,2.828419924,704.7844696,465.857811,34.14203644,-6.18E-08,6.18E-08,0.7071067095,-0.7071068287;
racing,killcuboid,3.999999762,3.999999762,1,88.28416824,499.9999237,-53.28431606,-6.18E-08,-6.18E-08,-0.7071067095,-0.7071068287;
racing,killcuboid,4.000000477,4.000000477,1,88.28416824,537.6774979,-37.67774343,-0.2705979645,0.2705980539,-0.6532814503,-0.6532815099;
racing,killcuboid,4.000000477,4.000000954,1.000000119,88.28416824,553.2840729,-0.0001540977973,-0.4999998212,0.4999998808,-0.5000001192,-0.5000001192;
racing,killcuboid,4,4,1,88.28416824,537.677536,37.67745256,-0.6532813907,0.6532814503,-0.2705981731,-0.2705982327;
racing,killcuboid,4,4,1.000000119,88.28416824,499.9999237,53.28402996,-0.7071069479,0.7071066499,-3.46E-07,3.46E-07;
racing,killcuboid,4,4,1,88.28417778,462.3223114,37.67745018,-0.6532815695,0.6532815695,0.2705977857,0.2705979049;
racing,killcuboid,4,4,1,88.28417778,446.7157364,-0.0001433727448,-0.5000000596,0.5000001192,0.4999999106,0.4999999404;
racing,killcuboid,4.000000477,4.000000477,1,88.28417778,462.3222733,-37.67775536,-0.2705979645,0.2705981731,0.6532814503,0.6532814503;
racing,killcuboid,2.828419685,1.999999881,4,58.28420639,534.1419983,-7.68E-05,-6.18E-08,-6.18E-08,-0.7071067095,-0.7071068287;
racing,killcuboid,2.828422546,2.000000477,4.000000477,58.28421116,499.9998474,34.14195061,-0.4999998212,0.4999998808,-0.5000001192,-0.5000001192;
racing,killcuboid,2.82842207,1.999999881,3.999999762,58.28421116,465.857811,-0.0002230632526,-0.7071068287,0.7071067095,-3.46E-07,3.46E-07;
racing,killcuboid,2.828419924,2,4,58.28421116,500,-34.14224625,-0.5000000596,0.5000001192,0.4999999106,0.4999999404;
racing,killcuboid,2.828419685,1.999999881,2.828419924,58.28416824,534.1419983,-34.14217949,-6.18E-08,-6.18E-08,-0.7071067095,-0.7071068287;
racing,killcuboid,2.828419685,1.999999881,2.828419924,58.28421116,465.8577347,-34.14232731,-6.18E-08,-6.18E-08,-0.7071067095,-0.7071068287;
racing,killcuboid,2.828419685,1.999999881,2.828419924,58.28417301,465.8577728,34.14196491,-6.18E-08,-6.18E-08,-0.7071067095,-0.7071068287;
racing,killcuboid,2.828419685,1.999999881,2.828419924,58.28420639,534.1420364,34.14201736,-6.18E-08,-6.18E-08,-0.7071067095,-0.7071068287;
racing,killcuboid,3.999999762,1,34.64089966,-98.24454308,401.7552948,-500.4906464,-0.3535535336,0.1464464962,0.3535535634,-0.8535532951;
racing,killcuboid,4.000000477,1.000000119,34.64089966,-123.2446098,376.7553711,-535.8460999,0.1464469582,0.3535535038,-0.8535533547,-0.3535532951;
racing,killcuboid,1.000000119,4.000000477,34.64089966,-93.06694984,371.5776825,-518.1684494,0.1464469582,0.3535535038,-0.8535533547,-0.3535532951;
racing,killcuboid,1.000000119,4.000000477,34.64089966,-128.4222889,406.9330215,-518.1683731,0.1464469582,0.3535535038,-0.8535533547,-0.3535532951;
racing,killcuboid,0.9999999404,3.999999762,34.64089966,-93.06679726,628.4217834,-518.1682968,0.3535534441,0.1464465111,-0.3535532951,-0.8535534143;
racing,killcuboid,0.9999999404,3.999999762,34.64089966,-128.4221363,593.0664825,-518.1682968,0.3535534441,0.1464465111,-0.3535532951,-0.8535534143;
racing,killcuboid,3.999999762,0.9999999404,34.64089966,-123.244524,623.2441711,-535.8460236,0.3535534441,0.1464465111,-0.3535532951,-0.8535534143;
racing,killcuboid,4.000001431,1.000000358,34.64090347,-98.2444191,598.2439423,-500.4906082,-0.1464466751,0.3535532951,0.8535534143,-0.3535533547;
racing,killcuboid,4,1,34.64089966,98.24416161,598.2439423,-500.4905701,-0.1464460343,-0.3535534441,-0.8535532355,-0.3535539508;
racing,killcuboid,4,1.000000119,34.64090347,123.2441616,623.244133,-535.8459473,-0.3535532653,0.1464461535,-0.3535535932,0.8535534143;
racing,killcuboid,1,4.000000477,34.64090347,93.06652069,628.4218216,-518.1682205,-0.3535532653,0.1464461535,-0.3535535932,0.8535534143;
racing,killcuboid,1,4.000000477,34.64090347,128.4218216,593.0664444,-518.1682968,-0.3535532653,0.1464461535,-0.3535535932,0.8535534143;
racing,killcuboid,0.9999999404,3.999999762,34.64089966,93.06668282,371.5777588,-518.1682587,-0.1464465261,0.3535533547,-0.8535534143,0.3535533547;
racing,killcuboid,0.9999999404,3.999999762,34.64089966,128.421793,406.9329071,-518.1682587,-0.1464465261,0.3535533547,-0.8535534143,0.3535533547;
racing,killcuboid,3.999999762,0.9999999404,34.64089966,123.2443333,376.7553711,-535.8459854,-0.1464465261,0.3535533547,-0.8535534143,0.3535533547;
racing,killcuboid,3.999999762,0.9999999404,34.64089966,98.24432373,401.7554474,-500.4906464,-0.3535531759,-0.1464469135,-0.3535534739,-0.8535534143;
racing,killcuboid,3.999999762,1,3.999999762,-0.000114440918,499.999733,-621.5002441,0.6532814503,-0.2705979645,0.2705981433,-0.6532815099;
racing,killcuboid,4,1,34.64090347,98.24428558,401.7553711,-262.5779343,-0.3535535932,0.8535532355,-0.3535537124,0.1464464217;
racing,killcuboid,4,1.000000119,34.64090347,123.2443142,376.7554092,-227.2226143,0.8535533547,0.3535534143,0.1464465708,0.3535535336;
racing,killcuboid,1,4.000000477,34.64090347,93.06661606,371.5777206,-244.9002838,0.8535533547,0.3535534143,0.1464465708,0.3535535336;
racing,killcuboid,1,4.000000477,34.64090347,128.4219456,406.9330597,-244.9003029,0.8535533547,0.3535534143,0.1464465708,0.3535535336;
racing,killcuboid,1,4,34.64089966,93.06665421,628.421936,-244.9002647,0.3535530865,0.8535534143,0.3535535634,0.1464468837;
racing,killcuboid,1,4,34.64089966,128.4220123,593.0666351,-244.9002647,0.3535530865,0.8535534143,0.3535535634,0.1464468837;
racing,killcuboid,4,1,34.64089966,123.2443523,623.2442856,-227.2225952,0.3535530865,0.8535534143,0.3535535634,0.1464468837;
racing,killcuboid,4,1.000000119,34.64090347,98.24429512,598.244133,-262.5779152,-0.8535533547,0.3535530567,-0.1464471221,0.3535536528;
racing,killcuboid,4,1.000000358,34.6409111,-98.24447632,598.2439423,-262.5781059,0.8535532355,0.353553921,-0.1464463621,-0.3535532653;
racing,killcuboid,3.999999762,1,34.64089584,-123.244524,623.2442093,-227.2227097,0.3535535634,-0.8535533547,-0.3535532653,0.1464465857;
racing,killcuboid,0.9999999404,4,34.64089584,-93.06686401,628.4218597,-244.9003983,0.3535535634,-0.8535533547,-0.3535532653,0.1464465857;
racing,killcuboid,0.9999999404,4,34.64089584,-128.422184,593.0665207,-244.9003601,0.3535535634,-0.8535533547,-0.3535532653,0.1464465857;
racing,killcuboid,0.9999999404,4,34.64089966,-93.0668354,371.5778351,-244.9003601,0.8535534739,-0.3535532653,-0.1464462876,0.3535534441;
racing,killcuboid,0.9999999404,4,34.64089966,-128.4219742,406.9329071,-244.9004364,0.8535534739,-0.3535532653,-0.1464462876,0.3535534441;
racing,killcuboid,3.999999762,1,34.64089966,-123.2444859,376.7554474,-227.2226715,0.8535534739,-0.3535532653,-0.1464462876,0.3535534441;
racing,killcuboid,3.999999762,0.9999999404,34.64089584,-98.24443817,401.7555237,-262.5780869,0.3535535336,0.8535534739,-0.3535530567,-0.1464464515;
racing,killcuboid,3.999999762,1,3.999999762,-0.000114440918,499.9998474,-141.5683937,-0.2705980241,0.6532816291,0.6532813311,-0.2705980837;
racing,killcuboid,0.9999999404,3.999999762,4,-189.6689034,725.0242615,-381.5164948,0.3535534441,0.1464465111,-0.3535532951,-0.8535534143;
racing,killcuboid,0.9999999404,3.999999762,4,-225.0242805,689.6688843,-381.5164948,0.3535534441,0.1464465111,-0.3535532951,-0.8535534143;
racing,killcuboid,3.999999762,0.9999999404,4,-219.8465919,719.8465729,-399.1942215,0.3535534441,0.1464465111,-0.3535532951,-0.8535534143;
racing,killcuboid,4,1,4,-219.8467064,719.8464203,-363.8388443,-0.3535534441,-0.1464466453,-0.3535532355,-0.8535534143;
racing,killcuboid,0.9999999404,4,4,225.0242996,689.6685791,-381.5164948,0.3535533845,-0.1464465261,0.3535535038,-0.8535533547;
racing,killcuboid,0.9999999404,4,4,189.6689987,725.0239563,-381.5164948,0.3535533845,-0.1464465261,0.3535535038,-0.8535533547;
racing,killcuboid,3.999999762,1,4,219.8466682,719.8462677,-399.1942215,0.3535533845,-0.1464465261,0.3535535038,-0.8535533547;
racing,killcuboid,4,1.000000119,4,219.8465538,719.8464203,-363.8388443,-0.3535534441,0.1464467645,0.3535533845,-0.8535533547;
racing,killcuboid,1,4.000000477,4,189.6686935,274.9754143,-381.5165329,0.1464467198,-0.3535534143,0.8535534143,-0.3535532951;
racing,killcuboid,1,4.000000477,4,225.0240707,310.3307152,-381.5165329,0.1464467198,-0.3535534143,0.8535534143,-0.3535532951;
racing,killcuboid,4,1.000000119,4,219.8463821,280.1530266,-399.1942215,0.1464467198,-0.3535534143,0.8535534143,-0.3535532951;
racing,killcuboid,3.999999762,1,4,219.8464966,280.153141,-363.8388443,-0.1464465857,0.3535536528,0.8535532951,-0.3535533547;
racing,killcuboid,1,4,4,-225.0245285,310.3309631,-381.5165329,-0.1464468688,-0.3535534739,0.8535533547,0.3535532951;
racing,killcuboid,1,4,4,-189.6692276,274.9755859,-381.5165329,-0.1464468688,-0.3535534739,0.8535533547,0.3535532951;
racing,killcuboid,4,1,4,-219.8469353,280.1532745,-399.1942596,-0.1464468688,-0.3535534739,0.8535533547,0.3535532951;
racing,killcuboid,3.999999762,0.9999999404,4,-219.8468018,280.1531792,-363.8388443,0.1464464664,0.3535535932,0.8535532951,0.3535534441;
racing,killcuboid,4,4,1,-53.28430176,499.9996948,-674.7844696,0.5000000596,-0.4999999404,0.4999999404,-0.5000000596;
racing,killcuboid,3.999999762,4,0.9999999404,-37.6776886,462.3221207,-674.7844696,0.6532814503,-0.2705979645,0.2705981433,-0.6532815099;
racing,killcuboid,4,4.000000477,1.000000119,-7.63E-05,446.7155075,-674.7844696,0.7071067691,1.55E-08,6.88E-08,-0.7071067691;
racing,killcuboid,4,4,1,37.67749786,462.3221207,-674.7844696,0.6532815099,0.2705979049,-0.2705980241,-0.6532815695;
racing,killcuboid,4,4,1,53.28407288,499.9996948,-674.7844696,-0.4999999404,-0.4999997318,0.5000000596,0.500000298;
racing,killcuboid,4,4,1,37.67749786,537.6773071,-674.7844696,0.2705984116,0.6532815695,-0.6532813311,-0.2705979049;
racing,killcuboid,4.000000954,4.000000477,1.000000119,-0.0001525878906,553.2838821,-674.7844696,1.95E-07,0.7071067691,-0.7071067691,2.04E-07;
racing,killcuboid,4,4,1,-37.6776886,537.6773071,-674.7844696,-0.2705981135,0.6532814503,-0.6532814503,0.2705981731;
racing,killcuboid,2.828419924,2,4,5.80E-14,465.8575821,-704.7844696,0.5000000596,-0.4999999404,0.4999999404,-0.5000000596;
racing,killcuboid,2.828422308,2.000000238,4.000000477,34.14199829,499.9998093,-704.7844696,0.7071067691,1.55E-08,6.88E-08,-0.7071067691;
racing,killcuboid,2.828422308,2,4,-0.0002288818359,534.1418076,-704.7844696,-0.4999998808,-0.4999997914,0.5000001192,0.5000002384;
racing,killcuboid,2.828420639,2.000000238,4.000000477,-34.14222717,499.9996567,-704.7845459,1.95E-07,0.7071067691,-0.7071067691,2.04E-07;
racing,killcuboid,2.828419924,2,2.828419924,-34.14215088,465.8575821,-704.7845459,0.5000000596,-0.4999999404,0.4999999404,-0.5000000596;
racing,killcuboid,2.828419924,2,2.828419924,-34.14230347,534.1418076,-704.7844696,0.5000000596,-0.4999999404,0.4999999404,-0.5000000596;
racing,killcuboid,2.828419924,2,2.828419924,34.14199829,534.1418839,-704.7845459,0.5000000596,-0.4999999404,0.4999999404,-0.5000000596;
racing,killcuboid,2.828419924,2,2.828419924,34.14207458,465.8575821,-704.7844696,0.5000000596,-0.4999999404,0.4999999404,-0.5000000596;
racing,killcuboid,4,4,1,-53.28433037,499.9999237,-88.28416824,-0.5000001192,-0.5000000596,-0.4999998808,-0.4999999702;
racing,killcuboid,3.999999762,4,0.9999999404,-37.67774582,537.6774979,-88.28416824,-0.6532814503,-0.2705981433,-0.2705979645,-0.6532815099;
racing,killcuboid,4,3.999999762,0.9999999404,-0.0001430511475,553.2840729,-88.28416824,-0.7071067095,2.67E-08,-5.76E-08,-0.7071068287;
racing,killcuboid,4,4,1,37.67745018,537.6774979,-88.28416824,-0.6532815099,0.2705980837,0.2705978453,-0.6532815099;
racing,killcuboid,4,4,1,53.28401566,499.9998856,-88.28416824,-0.500000298,0.5000001192,0.499999702,-0.4999999106;
racing,killcuboid,4,4,1,37.67744064,462.3223114,-88.28413963,-0.2705982029,0.6532815099,0.6532813907,-0.2705981135;
racing,killcuboid,3.999999762,3.999999762,0.9999999404,-0.000171661377,446.7156982,-88.28413963,-2.04E-07,0.7071068287,0.7071067095,1.95E-07;
racing,killcuboid,4.000000954,4.000000477,1.000000119,-37.67776489,462.3222733,-88.28413963,0.2705978453,0.6532813907,0.6532815099,0.2705983222;
racing,killcuboid,2.828419924,2,4,-7.63E-05,534.1419983,-58.28420639,-0.5000001192,-0.5000000596,-0.4999998808,-0.4999999702;
racing,killcuboid,2.828422308,1.999999881,3.999999762,34.1419363,499.9998093,-58.28418732,-0.7071067095,2.67E-08,-5.76E-08,-0.7071068287;
racing,killcuboid,2.828422308,2,4,-0.0002431869507,465.8577728,-58.28419209,-0.5000002384,0.5000001788,0.4999997616,-0.499999851;
racing,killcuboid,2.828419685,1.999999881,3.999999762,-34.14226055,499.9999619,-58.28419685,-2.04E-07,0.7071068287,0.7071067095,1.95E-07;
racing,killcuboid,2.828419924,2,2.828419924,-34.14216995,534.1419983,-58.28417301,-0.5000001192,-0.5000000596,-0.4999998808,-0.4999999702;
racing,killcuboid,2.828419924,2,2.828419924,-34.14233685,465.8577347,-58.28417778,-0.5000001192,-0.5000000596,-0.4999998808,-0.4999999702;
racing,killcuboid,2.828419924,2,2.828419924,34.14195061,465.8576965,-58.2841444,-0.5000001192,-0.5000000596,-0.4999998808,-0.4999999702;
racing,killcuboid,2.828419924,2,2.828419924,34.14202213,534.1419983,-58.28420639,-0.5000001192,-0.5000000596,-0.4999998808,-0.4999999702;
racing,killcuboid,3.999999762,1,34.64089966,-500.4906464,401.7554855,98.24447632,5.16E-08,-0.5,0.5000002384,-0.7071065903;
racing,killcuboid,3.999999762,0.9999999404,34.64089966,-535.8460999,376.7556,123.2445812,-0.4999996126,-2.80E-08,-0.7071068883,-0.5000002384;
racing,killcuboid,0.9999999404,3.999999762,34.64089966,-518.1684494,371.5779114,93.06697845,-0.4999996126,-2.80E-08,-0.7071068883,-0.5000002384;
racing,killcuboid,0.9999999404,3.999999762,34.64089966,-518.1683731,406.9332504,128.4222698,-0.4999996126,-2.80E-08,-0.7071068883,-0.5000002384;
racing,killcuboid,0.9999999404,4,34.64089966,-518.1682587,628.4219742,93.06674957,1.34E-07,-0.5000001788,-0.4999997616,-0.7071068287;
racing,killcuboid,0.9999999404,4,34.64089966,-518.1682587,593.0667114,128.42206,1.34E-07,-0.5000001788,-0.4999997616,-0.7071068287;
racing,killcuboid,3.999999762,1,34.64089966,-535.8459854,623.2443619,123.2444286,1.34E-07,-0.5000001788,-0.4999997616,-0.7071068287;
racing,killcuboid,3.999999762,1,34.64089966,-500.4906464,598.2441711,98.24435234,0.4999999702,2.21E-07,0.7071069479,-0.4999997914;
racing,killcuboid,4,1.000000119,34.64090347,-500.4904938,598.2440567,-98.24419022,-0.7071062922,-0.5000004172,-0.500000298,-5.96E-07;
racing,killcuboid,3.999999762,0.9999999404,34.64089584,-535.845871,623.2442474,-123.2441998,-0.4999999702,0.7071065307,-3.90E-07,0.5000003576;
racing,killcuboid,0.9999999404,3.999999762,34.64089584,-518.1681442,628.421936,-93.06655884,-0.4999999702,0.7071065307,-3.90E-07,0.5000003576;
racing,killcuboid,0.9999999404,3.999999762,34.64089584,-518.1682587,593.0665588,-128.4218407,-0.4999999702,0.7071065307,-3.90E-07,0.5000003576;
racing,killcuboid,0.9999999404,4,34.64089966,-518.1682968,371.5779114,-93.06669235,-0.7071066499,0.5,-0.5000001788,-7.01E-08;
racing,killcuboid,0.9999999404,4,34.64089966,-518.168335,406.9330215,-128.4218025,-0.7071066499,0.5,-0.5000001788,-7.01E-08;
racing,killcuboid,3.999999762,1,34.64089966,-535.8460236,376.7555237,-123.2443428,-0.7071066499,0.5,-0.5000001788,-7.01E-08;
racing,killcuboid,4,1,34.64090347,-500.4906464,401.7556,-98.24426651,-0.4999998808,-0.7071068883,-2.14E-07,-0.5;
racing,killcuboid,4,1,4,-621.5002441,499.9999237,9.09E-05,0.6532815099,-0.6532815099,-0.2705979645,-0.2705980539;
racing,killcuboid,3.999999762,1,34.64089966,-262.5778961,401.7553329,-98.24428558,-0.500000298,0.7071065903,-4.63E-07,-0.4999999702;
racing,killcuboid,4,1.000000119,34.64090347,-227.2226334,376.7553711,-123.2443142,0.7071068287,0.5000000596,-0.4999999404,3.04E-07;
racing,killcuboid,1,4.000000477,34.64090347,-244.9002457,371.5777588,-93.06659698,0.7071068287,0.5000000596,-0.4999999404,3.04E-07;
racing,killcuboid,1,4.000000477,34.64090347,-244.9002838,406.9330597,-128.421936,0.7071068287,0.5000000596,-0.4999999404,3.04E-07;
racing,killcuboid,0.9999999404,4,34.64089584,-244.9002457,628.421936,-93.06671143,0.5000001192,0.7071068883,1.93E-07,-0.499999702;
racing,killcuboid,0.9999999404,4,34.64089584,-244.9002457,593.066597,-128.4220505,0.5000001192,0.7071068883,1.93E-07,-0.499999702;
racing,killcuboid,3.999999762,1,34.64089584,-227.2225952,623.2442856,-123.2444096,0.5000001192,0.7071068883,1.93E-07,-0.499999702;
racing,killcuboid,4,1,34.64089966,-262.5779152,598.2441711,-98.24428558,-0.7071070075,0.5000000596,0.4999996424,2.81E-07;
racing,killcuboid,4,1,34.64089966,-262.5780869,598.2440567,98.24445724,0.5000001788,3.16E-07,-0.7071064115,-0.5000003576;
racing,killcuboid,4,1,34.64089966,-227.2227478,623.2442474,123.2444763,2.77E-07,-0.5000001788,-0.5,0.7071066499;
racing,killcuboid,1,4,34.64089966,-244.9004173,628.421936,93.06680679,2.77E-07,-0.5000001788,-0.5,0.7071066499;
racing,killcuboid,1,4,34.64089966,-244.9003983,593.0665588,128.4221363,2.77E-07,-0.5000001788,-0.5,0.7071066499;
racing,killcuboid,1.000000119,4.000000954,34.64089966,-244.9004173,371.5779114,93.06684494,0.500000298,-9.13E-08,-0.7071066499,0.499999851;
racing,killcuboid,1.000000119,4.000000954,34.64089966,-244.9004745,406.9330215,128.4219742,0.500000298,-9.13E-08,-0.7071066499,0.499999851;
racing,killcuboid,4.000000477,1.000000238,34.64089966,-227.2227478,376.7556,123.2444859,0.500000298,-9.13E-08,-0.7071066499,0.499999851;
racing,killcuboid,4,1,34.64089966,-262.5781059,401.7556,98.24444771,5.06E-07,0.5000001788,-0.4999999404,-0.7071067095;
racing,killcuboid,4.000000477,1.000000119,4,-141.5683937,499.9998856,0.0001194856304,0.2705980241,0.2705981135,0.6532814503,-0.6532814503;
racing,killcuboid,0.9999999404,4,4,-381.5164948,725.0244141,189.6688461,1.34E-07,-0.5000001788,-0.4999997616,-0.7071068287;
racing,killcuboid,0.9999999404,4,4,-381.5164948,689.6690369,225.0242233,1.34E-07,-0.5000001788,-0.4999997616,-0.7071068287;
racing,killcuboid,3.999999762,1,4,-399.1942215,719.8467255,219.8465347,1.34E-07,-0.5000001788,-0.4999997616,-0.7071068287;
racing,killcuboid,4,1.000000119,4.000000477,-363.8388443,719.8466492,219.8466682,-0.4999999702,-0.7071067095,3.29E-07,-0.5000000596;
racing,killcuboid,0.9999999404,4,4,-381.5164948,689.6686554,-225.0244141,0.5,-0.7071067691,1.05E-07,-0.5;
racing,killcuboid,0.9999999404,4,4,-381.5164948,725.0240326,-189.6691132,0.5,-0.7071067691,1.05E-07,-0.5;
racing,killcuboid,3.999999762,1,4,-399.1942215,719.846344,-219.8467827,0.5,-0.7071067691,1.05E-07,-0.5;
racing,killcuboid,4,1.000000119,4,-363.8388443,719.8464203,-219.8466682,-5.96E-08,-0.4999998808,0.5000001192,-0.7071068287;
racing,killcuboid,0.9999999404,3.999999762,4,-381.5165329,274.9753952,-189.6686554,0.7071067691,-0.5,0.5,2.03E-07;
racing,killcuboid,0.9999999404,3.999999762,4,-381.5165329,310.3306961,-225.0240326,0.7071067691,-0.5,0.5,2.03E-07;
racing,killcuboid,3.999999762,0.9999999404,4,-399.1942215,280.1530075,-219.846344,0.7071067691,-0.5,0.5,2.03E-07;
racing,killcuboid,4,1.000000119,4,-363.8388443,280.153141,-219.8464584,0.4999999106,3.25E-07,0.7071068287,-0.5000000596;
racing,killcuboid,0.9999999404,4,3.999999523,-381.5165329,310.3311157,225.0245667,0.4999999106,-2.79E-08,0.7071067691,0.5000001192;
racing,killcuboid,0.9999999404,4,3.999999523,-381.5165329,274.9757385,189.6692657,0.4999999106,-2.79E-08,0.7071067691,0.5000001192;
racing,killcuboid,3.999999762,1,3.999999523,-399.1942215,280.1534271,219.8469734,0.4999999106,-2.79E-08,0.7071067691,0.5000001192;
racing,killcuboid,4.000000477,1.000000238,4.000000954,-363.8388443,280.1533318,219.8468399,0.7071067691,0.5000002384,0.4999997318,-2.64E-07;
racing,killcuboid,3.999999762,3.999999762,0.9999999404,-674.7844696,499.9999237,53.28424454,0.7071068287,-0.7071067095,1.15E-07,-1.15E-07;
racing,killcuboid,4,4,1,-674.7844696,462.3223495,37.67763138,0.6532815099,-0.6532815099,-0.2705979645,-0.2705980539;
racing,killcuboid,4,4,1,-674.7844696,446.7156982,3.07E-05,0.5000001192,-0.5000000596,-0.499999851,-0.5;
racing,killcuboid,4,4,1,-674.7845459,462.3222733,-37.67751694,0.2705982924,-0.2705981731,-0.6532813907,-0.6532814503;
racing,killcuboid,4,4,1,-674.7844696,499.9998856,-53.28409195,1.24E-07,1.24E-07,0.7071066499,0.7071069479;
racing,killcuboid,3.999999762,4,0.9999999404,-674.7845459,537.6774979,-37.67753601,-0.2705976069,0.2705979049,-0.6532816291,-0.6532815695;
racing,killcuboid,4,4,1,-674.7844696,553.2840729,7.48E-05,-0.4999997318,0.4999999702,-0.5000002384,-0.5000000596;
racing,killcuboid,4,4,1,-674.7844696,537.677536,37.6776123,-0.6532814503,0.6532815695,-0.2705981135,-0.2705978453;
racing,killcuboid,2.828419685,1.999999881,3.999999762,-704.7844696,465.8577728,-5.14E-05,0.7071068287,-0.7071067095,1.15E-07,-1.15E-07;
racing,killcuboid,2.828422308,2,4,-704.7844696,500,-34.14205551,0.5000001192,-0.5000000596,-0.499999851,-0.5;
racing,killcuboid,2.82842207,1.999999881,4,-704.7844696,534.1419983,0.0001568587322,1.24E-07,1.24E-07,0.7071067095,0.7071068287;
racing,killcuboid,2.828419924,2,4,-704.7845459,499.9998856,34.14216995,-0.4999997318,0.4999999702,-0.5000002384,-0.5000000596;
racing,killcuboid,2.828419685,1.999999881,2.828419685,-704.7845459,465.857811,34.14209366,0.7071068287,-0.7071067095,1.15E-07,-1.15E-07;
racing,killcuboid,2.828419685,1.999999881,2.828419685,-704.7844696,534.1420364,34.14222717,0.7071068287,-0.7071067095,1.15E-07,-1.15E-07;
racing,killcuboid,2.828419685,1.999999881,2.828419685,-704.7845459,534.1420746,-34.14207458,0.7071068287,-0.7071067095,1.15E-07,-1.15E-07;
racing,killcuboid,2.828419685,1.999999881,2.828419685,-704.7844696,465.8577347,-34.14213181,0.7071068287,-0.7071067095,1.15E-07,-1.15E-07;
racing,killcuboid,3.999999762,3.999999762,0.9999999404,-88.28416824,499.9999619,53.2843399,-0.7071068287,-0.7071067095,8.43E-09,8.43E-09;
racing,killcuboid,4,4,1,-88.28416824,537.677536,37.67773628,-0.6532815099,-0.6532813907,0.2705982327,-0.2705980837;
racing,killcuboid,4.000000477,4.000000954,1.000000119,-88.28416824,553.2840729,0.0001320044612,-0.4999999404,-0.4999998808,0.5,-0.5000001192;
racing,killcuboid,4,4,1,-88.28416824,537.6774979,-37.67745972,-0.2705979943,-0.2705979943,0.6532814503,-0.6532815695;
racing,killcuboid,4,4,1,-88.28416824,499.9998856,-53.28400135,-2.30E-07,2.30E-07,0.7071066499,-0.7071069479;
racing,killcuboid,4,4,1,-88.28417778,462.3223114,-37.67743111,0.2705978453,0.2705981135,0.6532815695,-0.6532814503;
racing,killcuboid,4,4,1,-88.28417778,446.7157364,0.0001927974517,0.5000000596,0.5000002384,0.4999999702,-0.4999997616;
racing,killcuboid,4,4,1,-88.28417778,462.3223495,37.67777443,0.6532815099,0.6532816291,0.2705979943,-0.2705976963;
racing,killcuboid,2.828419685,1.999999881,3.999999762,-58.28420639,534.1419983,7.58E-05,-0.7071068287,-0.7071067095,8.43E-09,8.43E-09;
racing,killcuboid,2.828422546,2.000000477,4.000000477,-58.28420162,499.9998474,-34.141922,-0.4999999404,-0.4999998808,0.5,-0.5000001192;
racing,killcuboid,2.82842207,1.999999881,4,-58.28421116,465.857811,0.0002633106487,-2.30E-07,2.30E-07,0.7071067095,-0.7071068287;
racing,killcuboid,2.828419924,2,4,-58.2842207,500,34.14227486,0.5000000596,0.5000002384,0.4999999702,-0.4999997616;
racing,killcuboid,2.828419685,1.999999881,2.828419685,-58.28417778,534.1420364,34.14216518,-0.7071068287,-0.7071067095,8.43E-09,8.43E-09;
racing,killcuboid,2.828419685,1.999999881,2.828419685,-58.2842207,465.857811,34.14235115,-0.7071068287,-0.7071067095,8.43E-09,8.43E-09;
racing,killcuboid,2.828419685,1.999999881,2.828419685,-58.28415871,465.8576965,-34.1419363,-0.7071068287,-0.7071067095,8.43E-09,8.43E-09;
racing,killcuboid,2.828419685,1.999999881,2.828419685,-58.28420162,534.1419983,-34.1420269,-0.7071068287,-0.7071067095,8.43E-09,8.43E-09;
racing,killcuboid,3.999999762,1,34.64089584,98.24430466,401.7557144,500.4905701,0.3535536528,-0.8535533547,0.3535533249,-0.1464462727;
racing,killcuboid,3.999999762,1,34.64089966,123.2444,376.7556763,535.8460617,-0.8535532951,-0.3535533845,-0.1464467496,-0.3535535336;
racing,killcuboid,0.9999999404,4,34.64089966,93.06682587,371.5779877,518.1684113,-0.8535532951,-0.3535533845,-0.1464467496,-0.3535535336;
racing,killcuboid,0.9999999404,4,34.64089966,128.4220886,406.9333649,518.168335,-0.8535532951,-0.3535533845,-0.1464467496,-0.3535535336;
racing,killcuboid,0.9999999404,3.999999762,34.64089584,93.0668354,628.4221649,518.1683731,-0.3535531163,-0.8535533547,-0.3535535634,-0.1464469284;
racing,killcuboid,0.9999999404,3.999999762,34.64089584,128.4220982,593.066864,518.1683731,-0.3535531163,-0.8535533547,-0.3535535634,-0.1464469284;
racing,killcuboid,3.999999762,0.9999999404,34.64089584,123.2444954,623.2445526,535.8460999,-0.3535531163,-0.8535533547,-0.3535535634,-0.1464469284;
racing,killcuboid,4,1,34.64090347,98.24435234,598.2443237,500.4906845,0.8535534143,-0.3535532355,0.1464470029,-0.3535533845;
racing,killcuboid,4,0.9999999404,34.64089584,-98.2442379,598.2442093,500.4904556,-0.8535532355,-0.3535541892,0.1464460492,0.3535531759;
racing,killcuboid,3.999999762,1,34.64089966,-123.2441998,623.2444763,535.845871,-0.353553623,0.8535535336,0.3535529971,-0.1464460939;
racing,killcuboid,0.9999999404,4,34.64089966,-93.06655884,628.4221649,518.1681442,-0.353553623,0.8535535336,0.3535529971,-0.1464460939;
racing,killcuboid,0.9999999404,4,34.64089966,-128.4218597,593.0667877,518.1682205,-0.353553623,0.8535535336,0.3535529971,-0.1464460939;
racing,killcuboid,0.9999999404,3.999999762,34.64089966,-93.06672096,371.5781403,518.1682587,-0.8535534143,0.3535534441,0.1464463025,-0.3535533845;
racing,killcuboid,0.9999999404,3.999999762,34.64089966,-128.4218311,406.9332504,518.1682587,-0.8535534143,0.3535534441,0.1464463025,-0.3535533845;
racing,killcuboid,3.999999762,0.9999999404,34.64089966,-123.2443619,376.7557526,535.8459854,-0.8535534143,0.3535534441,0.1464463025,-0.3535533845;
racing,killcuboid,3.999999762,1,34.64089966,-98.24442863,401.7557526,500.4907227,-0.353553772,-0.8535531759,0.3535534441,0.1464467943;
racing,killcuboid,3.999999762,1,3.999999762,3.81E-05,500.0001144,621.5002441,0.2705979645,-0.6532815099,-0.6532814503,0.2705981433;
racing,killcuboid,3.999999762,1,34.64089966,-98.24436188,401.7554092,262.5778961,-0.3535538316,0.1464466453,0.3535535038,-0.8535531759;
racing,killcuboid,4,1.000000119,34.64089966,-123.2444382,376.7554855,227.2226334,0.1464469433,0.3535536528,-0.8535532951,-0.3535532653;
racing,killcuboid,1,4.000000477,34.64089966,-93.0667305,371.5777969,244.9002075,0.1464469433,0.3535536528,-0.8535532951,-0.3535532653;
racing,killcuboid,1,4.000000477,34.64089966,-128.42206,406.933136,244.9002266,0.1464469433,0.3535536528,-0.8535532951,-0.3535532653;
racing,killcuboid,1,4.000000477,34.64089966,-93.06661606,628.4220123,244.9003029,0.3535535038,0.1464466453,-0.3535531759,-0.8535534143;
racing,killcuboid,1,4.000000477,34.64089966,-128.4219742,593.0667114,244.900322,0.3535535038,0.1464466453,-0.3535531759,-0.8535534143;
racing,killcuboid,4,1.000000119,34.64089966,-123.2443142,623.2443619,227.2226334,0.3535535038,0.1464466453,-0.3535531759,-0.8535534143;
racing,killcuboid,3.999999762,0.9999999404,34.64089966,-98.24424744,598.2442474,262.5779343,-0.1464468688,0.3535535932,0.8535533547,-0.3535531461;
racing,killcuboid,4,1,34.64089966,98.24439049,598.2439423,262.5782013,-0.1464461088,-0.3535529673,-0.8535532951,-0.3535542786;
racing,killcuboid,3.999999762,1,34.64089966,123.2443619,623.2442093,227.2228622,-0.3535528183,0.1464461535,-0.3535537422,0.8535535932;
racing,killcuboid,0.9999999404,4,34.64089966,93.06671143,628.4218979,244.9005508,-0.3535528183,0.1464461535,-0.3535537422,0.8535535932;
racing,killcuboid,0.9999999404,4,34.64089966,128.4220314,593.0665207,244.9005318,-0.3535528183,0.1464461535,-0.3535537422,0.8535535932;
racing,killcuboid,1,4.000000477,34.64089966,93.06679726,371.5779114,244.9004364,-0.146446228,0.3535532057,-0.8535535932,0.3535532951;
racing,killcuboid,1,4.000000477,34.64089966,128.421936,406.9330597,244.9004936,-0.146446228,0.3535532057,-0.8535535932,0.3535532951;
racing,killcuboid,4,1.000000119,34.64089966,123.2444382,376.7555618,227.2228241,-0.146446228,0.3535532057,-0.8535535932,0.3535532951;
racing,killcuboid,4,1,34.64089584,98.24443817,401.7556763,262.578125,-0.3535528779,-0.1464465111,-0.3535537422,-0.8535534739;
racing,killcuboid,3.999999762,1,3.999999762,9.54E-05,499.9999237,141.5683937,0.6532815099,-0.2705979943,0.2705981135,-0.6532814503;
racing,killcuboid,0.9999999404,3.999999762,3.999999523,189.6688271,725.0244141,381.5165329,-0.3535531163,-0.8535533547,-0.3535535634,-0.1464469284;
racing,killcuboid,0.9999999404,3.999999762,3.999999523,225.0242043,689.6691132,381.5165329,-0.3535531163,-0.8535533547,-0.3535535634,-0.1464469284;
racing,killcuboid,3.999999762,0.9999999404,3.999999523,219.8465157,719.8468018,399.1942596,-0.3535531163,-0.8535533547,-0.3535535634,-0.1464469284;
racing,killcuboid,3.999999762,1,4,219.8466492,719.8467255,363.8388443,-0.3535534143,-0.8535534739,0.3535533249,0.1464462131;
racing,killcuboid,1,4,4,-225.0243759,689.668808,381.5165329,0.3535533845,-0.8535533547,-0.3535534441,0.1464467794;
racing,killcuboid,1,4,4,-189.669075,725.0241852,381.5165329,0.3535533845,-0.8535533547,-0.3535534441,0.1464467794;
racing,killcuboid,4,1,4,-219.8467636,719.8464966,399.1942215,0.3535533845,-0.8535533547,-0.3535534441,0.1464467794;
racing,killcuboid,4,1,4,-219.8466301,719.8465729,363.8388443,0.3535534739,-0.8535532951,0.3535535932,-0.1464466006;
racing,killcuboid,0.9999999404,3.999999762,3.999999523,-189.6687698,274.9755669,381.5164948,0.8535533547,-0.3535533845,-0.1464465111,0.3535534739;
racing,killcuboid,0.9999999404,3.999999762,3.999999523,-225.024147,310.3308678,381.5164948,0.8535533547,-0.3535533845,-0.1464465111,0.3535534739;
racing,killcuboid,3.999999762,0.9999999404,3.999999523,-219.8464584,280.1531601,399.1942215,0.8535533547,-0.3535533845,-0.1464465111,0.3535534739;
racing,killcuboid,3.999999762,1.000000119,4.000000477,-219.8465538,280.1533127,363.8388824,0.8535531759,-0.3535532057,0.1464469433,-0.3535540104;
racing,killcuboid,1,4.000001431,4.000001431,225.0244522,310.3311157,381.5164948,0.8535533547,0.3535535038,0.1464463919,0.3535534143;
racing,killcuboid,1,4.000001431,4.000001431,189.6691513,274.9757385,381.5164948,0.8535533547,0.3535535038,0.1464463919,0.3535534143;
racing,killcuboid,4,1.000000358,4.000001431,219.8468399,280.1534271,399.1942215,0.8535533547,0.3535535038,0.1464463919,0.3535534143;
racing,killcuboid,4,1.000000119,4,219.8467255,280.1533127,363.8388443,0.8535532951,0.3535532653,-0.1464469582,-0.3535536528;
racing,killcuboid,4.000000954,4.000000954,1.000000238,53.28414917,500.0001144,674.7844696,0.5,-0.4999999404,-0.4999999702,0.5000000596;
racing,killcuboid,3.999999762,4,0.9999999404,37.67753601,462.3225021,674.7844696,0.2705979645,-0.6532815099,-0.6532814503,0.2705981433;
racing,killcuboid,3.999999762,3.999999762,0.9999999404,-7.63E-05,446.715889,674.7844696,1.64E-07,-0.7071068287,-0.7071067095,-1.11E-07;
racing,killcuboid,4,4,1,-37.67757416,462.3225021,674.7845459,-0.2705976963,-0.6532814503,-0.6532815695,-0.2705982327;
racing,killcuboid,4,3.999999762,0.9999999404,-53.28414917,500.0001144,674.7843933,0.5000003576,0.5000001192,0.4999996424,0.499999851;
racing,killcuboid,3.999999762,4,1,-37.67757416,537.6777267,674.7845459,-0.6532813907,-0.2705980837,-0.2705982327,-0.6532815099;
racing,killcuboid,4,3.999999762,0.9999999404,0,553.2843018,674.7844696,-0.7071067095,1.73E-07,-1.64E-07,-0.7071068287;
racing,killcuboid,4,4,1,37.67753601,537.6777267,674.7844696,-0.6532815099,0.2705983818,0.2705979049,-0.6532813907;
racing,killcuboid,2.828420639,2.000000477,4.000000954,-0.0001525878906,465.8579636,704.7844696,0.5,-0.4999999404,-0.4999999702,0.5000000596;
racing,killcuboid,2.82842207,1.999999881,3.999999762,-34.14215088,500.0002289,704.7844696,1.64E-07,-0.7071068287,-0.7071067095,-1.11E-07;
racing,killcuboid,2.828422308,1.999999881,3.999999762,7.63E-05,534.1422272,704.7844696,0.500000298,0.5000001788,0.499999702,0.4999997914;
racing,killcuboid,2.828419924,1.999999881,3.999999762,34.14207458,500.0000763,704.7845459,-0.7071067095,1.73E-07,-1.64E-07,-0.7071068287;
racing,killcuboid,2.828420639,2.000000477,2.828420639,34.14199829,465.8579636,704.7845459,0.5,-0.4999999404,-0.4999999702,0.5000000596;
racing,killcuboid,2.828420639,2.000000477,2.828420639,34.14215088,534.1422272,704.7844696,0.5,-0.4999999404,-0.4999999702,0.5000000596;
racing,killcuboid,2.828420639,2.000000477,2.828420639,-34.14215088,534.1423035,704.7845459,0.5,-0.4999999404,-0.4999999702,0.5000000596;
racing,killcuboid,2.828420639,2.000000477,2.828420639,-34.14222717,465.8579636,704.7844696,0.5,-0.4999999404,-0.4999999702,0.5000000596;
racing,killcuboid,4,4,1,53.28432083,499.9999619,88.28416824,-0.4999998808,-0.4999997914,0.5000001192,0.5000002384;
racing,killcuboid,3.999999762,4,0.9999999404,37.67772675,537.677536,88.28416824,-0.2705982625,-0.6532815695,0.6532813907,0.2705978453;
racing,killcuboid,4.000000954,4.000000477,1.000000119,0.0001239776611,553.284111,88.28416824,-1.53E-07,-0.7071067691,0.7071067691,-1.22E-07;
racing,killcuboid,3.999999762,3.999999762,0.9999999404,-37.67746925,537.677536,88.28416824,0.2705979049,-0.6532815099,0.6532815099,-0.2705979943;
racing,killcuboid,4,4,1,-53.28402519,499.9999237,88.28416824,0.4999998808,-0.4999996424,0.5000001192,-0.5000003576;
racing,killcuboid,3.999999762,4,1,-37.67745972,462.3223114,88.28421593,0.6532813311,-0.2705979049,0.2705984116,-0.6532815695;
racing,killcuboid,4,4.000000477,1.000000119,0.0001525878906,446.7157745,88.28421593,0.7071067691,1.64E-07,1.73E-07,-0.7071067691;
racing,killcuboid,4,4,1,37.67774582,462.3223495,88.28421593,0.6532815099,0.2705981433,-0.2705980241,-0.6532814503;
racing,killcuboid,2.828419924,2,4,6.68E-05,534.1420364,58.28420639,-0.4999998808,-0.4999997914,0.5000001192,0.5000002384;
racing,killcuboid,2.828423023,2.000000238,4.000000477,-34.14194584,499.9998474,58.28421593,-1.53E-07,-0.7071067691,0.7071067691,-1.22E-07;
racing,killcuboid,2.828422308,2,4,0.0002336502075,465.8578491,58.28423023,0.4999998212,-0.499999702,0.5000001788,-0.500000298;
racing,killcuboid,2.828419924,2.000000238,4.000000477,34.14225101,500,58.28424454,0.7071067691,1.64E-07,1.73E-07,-0.7071067691;
racing,killcuboid,2.828419924,2,2.828419924,34.14216042,534.1420364,58.28418255,-0.4999998808,-0.4999997914,0.5000001192,0.5000002384;
racing,killcuboid,2.828419924,2,2.828419924,34.14232731,465.857811,58.28426361,-0.4999998808,-0.4999997914,0.5000001192,0.5000002384;
racing,killcuboid,2.828419924,2,2.828419924,-34.14196014,465.8577728,58.28417301,-0.4999998808,-0.4999997914,0.5000001192,0.5000002384;
racing,killcuboid,2.828419924,2,2.828419924,-34.14203167,534.1420364,58.28419685,-0.4999998808,-0.4999997914,0.5000001192,0.5000002384;
custom,pyramid,empty,15.55555556,22.22222222,15.55555556,1,0,0,0,0,0,0,1524.784546,0,0,0,0,1;
custom,pyramid,empty,15.55555556,22.22222222,15.55555556,1,0,0,0,0,0,0.00E+00,1.82E+03,0.00E+00,0,0,-1,-4.37E-08;
custom,pyramid,bombtex,15.61111111,22.27777778,15.61111111,1,0,0,1,15.61111111,0.7,0,1524.784546,0,0,0,0,1;
custom,pyramid,bombtex,15.61111111,22.27777778,15.61111111,1,0,0,1,15.61111111,0.7,0.00E+00,1.82E+03,0.00E+00,0,0,-1,-4.37E-08;
custom,pyramid,bombtex,15.61111111,22.27777778,15.61111111,1,0,1,1,15.61111111,0.6,0,1524.784546,0,0,0,0,1;
custom,pyramid,bombtex,15.61111111,22.27777778,15.61111111,1,0,1,1,15.61111111,0.6,0.00E+00,1.82E+03,0.00E+00,0,0,-1,-4.37E-08;
custom,pyramid,bombtex,15.61111111,22.27777778,15.61111111,1,0,1,0,15.61111111,0.5,0,1524.784546,0,0,0,0,1;
custom,pyramid,bombtex,15.61111111,22.27777778,15.61111111,1,0,1,0,15.61111111,0.5,0.00E+00,1.82E+03,0.00E+00,0,0,-1,-4.37E-08;
custom,pyramid,bombtex,15.61111111,22.27777778,15.61111111,1,1,1,1,15.61111111,0.4,0,1524.784546,0,0,0,0,1;
custom,pyramid,bombtex,15.61111111,22.27777778,15.61111111,1,1,1,1,15.61111111,0.4,0.00E+00,1.82E+03,0.00E+00,0,0,-1,-4.37E-08;
custom,pyramid,default,19.2464447,13.60822254,19.2464447,1,0,0,0,1,1,0.00E+00,1004.47,-1.38E-04,1.51E-07,0,0,-1;
custom,pyramid,default,19.2464447,13.60822254,19.2464447,1,0,0,0,1,1,-3.81E-05,759.53,-6.37E-05,6.60E-15,1.51E-07,1,1.63E-07;
custom,pyramid,default,19.2464447,13.60822254,19.2464447,1,0,0,0,1,1,5.04E+02,5.00E+02,-1.52E-04,-6.18E-08,6.18E-08,0.7071067095,-0.7071068287;
custom,pyramid,default,19.2464447,13.60822254,19.2464447,1,0,0,0,1,1,2.59E+02,5.00E+02,-1.52E-04,6.18E-08,6.18E-08,0.7071065903,0.7071069479;
custom,pyramid,default,19.2464447,13.60822254,19.2464447,1,0,0,0,1,1,-0.000114440918,499.9997711,-504.0083313,0.5000000596,-0.4999999404,0.4999999404,-0.5000000596;
custom,pyramid,default,19.2464447,13.60822254,19.2464447,1,0,0,0,1,1,-0.0001525878906,499.9998474,-259.0603447,0.5000001788,0.4999999702,0.4999997914,0.5000000596;
custom,pyramid,default,19.2464447,13.60822254,19.2464447,1,0,0,0,1,1,-5.04E+02,5.00E+02,9.09E-05,0.7071068287,-0.7071067095,1.15E-07,-1.15E-07;
custom,pyramid,default,19.2464447,13.60822254,19.2464447,1,0,0,0,1,1,-2.59E+02,5.00E+02,1.48E-04,0.7071069479,0.7071065903,-8.43E-09,-8.43E-09;
custom,pyramid,default,19.2464447,13.60822254,19.2464447,1,0,0,0,1,1,3.81E-05,500.0000763,504.0083313,0.5,-0.4999999404,-0.4999999702,0.5000000596;
custom,pyramid,default,19.2464447,13.60822254,19.2464447,1,0,0,0,1,1,0.000114440918,500,259.0603447,0.4999999702,0.499999702,-0.5000000596,-0.500000298;
custom,pyramid,bombtex,19.30200026,13.66377809,19.30200026,1,1,0,1,19.30200026,0.7,0.00E+00,1004.47,-1.38E-04,1.51E-07,0,0,-1;
custom,pyramid,bombtex,19.30200026,13.66377809,19.30200026,1,1,0,1,19.30200026,0.7,-3.81E-05,759.53,-6.37E-05,6.60E-15,1.51E-07,1,1.63E-07;
custom,pyramid,bombtex,19.30200026,13.66377809,19.30200026,1,1,0,1,19.30200026,0.7,5.04E+02,5.00E+02,-1.52E-04,-6.18E-08,6.18E-08,0.7071067095,-0.7071068287;
custom,pyramid,bombtex,19.30200026,13.66377809,19.30200026,1,1,0,1,19.30200026,0.7,2.59E+02,5.00E+02,-1.52E-04,6.18E-08,6.18E-08,0.7071065903,0.7071069479;
custom,pyramid,bombtex,19.30200026,13.66377809,19.30200026,1,1,0,1,19.30200026,0.7,-0.000114440918,499.9997711,-504.0083313,0.5000000596,-0.4999999404,0.4999999404,-0.5000000596;
custom,pyramid,bombtex,19.30200026,13.66377809,19.30200026,1,1,0,1,19.30200026,0.7,-0.0001525878906,499.9998474,-259.0603447,0.5000001788,0.4999999702,0.4999997914,0.5000000596;
custom,pyramid,bombtex,19.30200026,13.66377809,19.30200026,1,1,0,1,19.30200026,0.7,-5.04E+02,5.00E+02,9.09E-05,0.7071068287,-0.7071067095,1.15E-07,-1.15E-07;
custom,pyramid,bombtex,19.30200026,13.66377809,19.30200026,1,1,0,1,19.30200026,0.7,-2.59E+02,5.00E+02,1.48E-04,0.7071069479,0.7071065903,-8.43E-09,-8.43E-09;
custom,pyramid,bombtex,19.30200026,13.66377809,19.30200026,1,1,0,1,19.30200026,0.7,3.81E-05,500.0000763,504.0083313,0.5,-0.4999999404,-0.4999999702,0.5000000596;
custom,pyramid,bombtex,19.30200026,13.66377809,19.30200026,1,1,0,1,19.30200026,0.7,0.000114440918,500,259.0603447,0.4999999702,0.499999702,-0.5000000596,-0.500000298;
custom,pyramid,bombtex,19.30200026,13.66377809,19.30200026,1,0,0,1,19.30200026,0.6,0.00E+00,1004.47,-1.38E-04,1.51E-07,0,0,-1;
custom,pyramid,bombtex,19.30200026,13.66377809,19.30200026,1,0,0,1,19.30200026,0.6,-3.81E-05,759.53,-6.37E-05,6.60E-15,1.51E-07,1,1.63E-07;
custom,pyramid,bombtex,19.30200026,13.66377809,19.30200026,1,0,0,1,19.30200026,0.6,5.04E+02,5.00E+02,-1.52E-04,-6.18E-08,6.18E-08,0.7071067095,-0.7071068287;
custom,pyramid,bombtex,19.30200026,13.66377809,19.30200026,1,0,0,1,19.30200026,0.6,2.59E+02,5.00E+02,-1.52E-04,6.18E-08,6.18E-08,0.7071065903,0.7071069479;
custom,pyramid,bombtex,19.30200026,13.66377809,19.30200026,1,0,0,1,19.30200026,0.6,-0.000114440918,499.9997711,-504.0083313,0.5000000596,-0.4999999404,0.4999999404,-0.5000000596;
custom,pyramid,bombtex,19.30200026,13.66377809,19.30200026,1,0,0,1,19.30200026,0.6,-0.0001525878906,499.9998474,-259.0603447,0.5000001788,0.4999999702,0.4999997914,0.5000000596;
custom,pyramid,bombtex,19.30200026,13.66377809,19.30200026,1,0,0,1,19.30200026,0.6,-5.04E+02,5.00E+02,9.09E-05,0.7071068287,-0.7071067095,1.15E-07,-1.15E-07;
custom,pyramid,bombtex,19.30200026,13.66377809,19.30200026,1,0,0,1,19.30200026,0.6,-2.59E+02,5.00E+02,1.48E-04,0.7071069479,0.7071065903,-8.43E-09,-8.43E-09;
custom,pyramid,bombtex,19.30200026,13.66377809,19.30200026,1,0,0,1,19.30200026,0.6,3.81E-05,500.0000763,504.0083313,0.5,-0.4999999404,-0.4999999702,0.5000000596;
custom,pyramid,bombtex,19.30200026,13.66377809,19.30200026,1,0,0,1,19.30200026,0.6,0.000114440918,500,259.0603447,0.4999999702,0.499999702,-0.5000000596,-0.500000298;
custom,pyramid,bombtex,19.30200026,13.66377809,19.30200026,1,0,1,1,19.30200026,0.5,0.00E+00,1004.47,-1.38E-04,1.51E-07,0,0,-1;
custom,pyramid,bombtex,19.30200026,13.66377809,19.30200026,1,0,1,1,19.30200026,0.5,-3.81E-05,759.53,-6.37E-05,6.60E-15,1.51E-07,1,1.63E-07;
custom,pyramid,bombtex,19.30200026,13.66377809,19.30200026,1,0,1,1,19.30200026,0.5,5.04E+02,5.00E+02,-1.52E-04,-6.18E-08,6.18E-08,0.7071067095,-0.7071068287;
custom,pyramid,bombtex,19.30200026,13.66377809,19.30200026,1,0,1,1,19.30200026,0.5,2.59E+02,5.00E+02,-1.52E-04,6.18E-08,6.18E-08,0.7071065903,0.7071069479;
custom,pyramid,bombtex,19.30200026,13.66377809,19.30200026,1,0,1,1,19.30200026,0.5,-0.000114440918,499.9997711,-504.0083313,0.5000000596,-0.4999999404,0.4999999404,-0.5000000596;
custom,pyramid,bombtex,19.30200026,13.66377809,19.30200026,1,0,1,1,19.30200026,0.5,-0.0001525878906,499.9998474,-259.0603447,0.5000001788,0.4999999702,0.4999997914,0.5000000596;
custom,pyramid,bombtex,19.30200026,13.66377809,19.30200026,1,0,1,1,19.30200026,0.5,-5.04E+02,5.00E+02,9.09E-05,0.7071068287,-0.7071067095,1.15E-07,-1.15E-07;
custom,pyramid,bombtex,19.30200026,13.66377809,19.30200026,1,0,1,1,19.30200026,0.5,-2.59E+02,5.00E+02,1.48E-04,0.7071069479,0.7071065903,-8.43E-09,-8.43E-09;
custom,pyramid,bombtex,19.30200026,13.66377809,19.30200026,1,0,1,1,19.30200026,0.5,3.81E-05,500.0000763,504.0083313,0.5,-0.4999999404,-0.4999999702,0.5000000596;
custom,pyramid,bombtex,19.30200026,13.66377809,19.30200026,1,0,1,1,19.30200026,0.5,0.000114440918,500,259.0603447,0.4999999702,0.499999702,-0.5000000596,-0.500000298;
custom,pyramid,bombtex,19.30200026,13.66377809,19.30200026,1,1,1,1,19.30200026,0.4,0.00E+00,1004.47,-1.38E-04,1.51E-07,0,0,-1;
custom,pyramid,bombtex,19.30200026,13.66377809,19.30200026,1,1,1,1,19.30200026,0.4,-3.81E-05,759.53,-6.37E-05,6.60E-15,1.51E-07,1,1.63E-07;
custom,pyramid,bombtex,19.30200026,13.66377809,19.30200026,1,1,1,1,19.30200026,0.4,5.04E+02,5.00E+02,-1.52E-04,-6.18E-08,6.18E-08,0.7071067095,-0.7071068287;
custom,pyramid,bombtex,19.30200026,13.66377809,19.30200026,1,1,1,1,19.30200026,0.4,2.59E+02,5.00E+02,-1.52E-04,6.18E-08,6.18E-08,0.7071065903,0.7071069479;
custom,pyramid,bombtex,19.30200026,13.66377809,19.30200026,1,1,1,1,19.30200026,0.4,-0.000114440918,499.9997711,-504.0083313,0.5000000596,-0.4999999404,0.4999999404,-0.5000000596;
custom,pyramid,bombtex,19.30200026,13.66377809,19.30200026,1,1,1,1,19.30200026,0.4,-0.0001525878906,499.9998474,-259.0603447,0.5000001788,0.4999999702,0.4999997914,0.5000000596;
custom,pyramid,bombtex,19.30200026,13.66377809,19.30200026,1,1,1,1,19.30200026,0.4,-5.04E+02,5.00E+02,9.09E-05,0.7071068287,-0.7071067095,1.15E-07,-1.15E-07;
custom,pyramid,bombtex,19.30200026,13.66377809,19.30200026,1,1,1,1,19.30200026,0.4,-2.59E+02,5.00E+02,1.48E-04,0.7071069479,0.7071065903,-8.43E-09,-8.43E-09;
custom,pyramid,bombtex,19.30200026,13.66377809,19.30200026,1,1,1,1,19.30200026,0.4,3.81E-05,500.0000763,504.0083313,0.5,-0.4999999404,-0.4999999702,0.5000000596;
custom,pyramid,bombtex,19.30200026,13.66377809,19.30200026,1,1,1,1,19.30200026,0.4,0.000114440918,500,259.0603447,0.4999999702,0.499999702,-0.5000000596,-0.500000298;
racing,killpyramid,2.222222222,1.111111111,3.142694367,-2.62E-05,1126.500092,38.28400135,0.7071067691,0,0,-0.7071067691;
racing,killpyramid,2.222222222,1.111111111,3.142694367,-38.28417301,1126.500092,-0.0001984582559,0.5000001192,0.5000000596,0.4999999106,-0.4999999404;
racing,killpyramid,2.222222222,1.111111111,3.142694367,2.15E-05,1.13E+03,-3.83E+01,1.38E-07,0.7071068287,0.7071067095,-1.38E-07;
racing,killpyramid,2.222222222,1.111111111,3.142694367,38.28417301,1126.500092,-0.0001555429117,-0.5000001788,0.5000001192,0.4999998808,0.499999851;
racing,killpyramid,2.222222222,1.111111111,3.142694367,-1.08E-05,6.37E+02,3.83E+01,1.38E-07,0.7071067095,-0.7071068287,-1.38E-07;
racing,killpyramid,2.222222222,1.111111111,3.142694367,38.28413486,636.5683365,-5.05E-05,-0.4999997914,0.4999999106,-0.5000001192,-0.5000001788;
racing,killpyramid,2.222222222,1.111111111,3.142694367,-5.84E-05,6.37E+02,-3.83E+01,-0.7071067095,1.07E-07,-3.28E-14,-0.7071068287;
racing,killpyramid,2.222222222,1.111111111,3.142694367,-38.28421116,636.5683365,-7.59E-06,-0.4999999106,-0.4999999106,0.5000001192,-0.5000000596;
racing,killpyramid,2.222222222,1.111111111,3.142694367,626.5002441,499.9999619,38.28402519,0.5000000596,-0.4999999404,0.4999999404,-0.5000000596;
racing,killpyramid,2.222222222,1.111111111,3.142694367,6.27E+02,5.38E+02,-1.88E-04,0.7071067691,1.38E-07,0.7071068287,2.61E-07;
racing,killpyramid,2.222222222,1.111111111,3.142694367,626.5002441,499.9998856,-38.28432083,-0.5000001192,-0.5000000596,-0.4999998808,-0.4999999702;
racing,killpyramid,2.222222222,1.111111111,3.142694367,6.27E+02,4.62E+02,-1.22E-04,-3.15E-07,0.7071066499,-8.43E-08,0.7071068883;
racing,killpyramid,2.222222222,1.111111111,3.142694367,136.5684128,499.9999237,38.28402519,0.5000000596,0.4999999404,-0.4999999404,-0.5000000596;
racing,killpyramid,2.222222222,1.111111111,3.142694367,1.37E+02,4.62E+02,-1.65E-04,3.15E-07,0.7071068287,-8.43E-08,-0.7071067691;
racing,killpyramid,2.222222222,1.111111111,3.142694367,136.5684128,499.9999237,-38.28432083,-0.5000001192,0.5000000596,0.4999998808,-0.4999999702;
racing,killpyramid,2.222222222,1.111111111,3.142694367,1.37E+02,5.38E+02,-1.45E-04,-0.7071067691,-1.15E-07,0.7071067691,-3.29E-07;
racing,killpyramid,2.222222222,1.111111111,3.142694367,3.83E+01,5.00E+02,-6.27E+02,0.7071068287,-0.7071067095,1.15E-07,-1.15E-07;
racing,killpyramid,2.222222222,1.111111111,3.142694367,-1.53E-04,5.38E+02,-6.27E+02,1,-3.77E-08,5.96E-08,7.55E-08;
racing,killpyramid,2.222222222,1.111111111,3.142694367,-3.83E+01,5.00E+02,-6.27E+02,-0.7071068287,-0.7071067095,8.43E-09,8.43E-09;
racing,killpyramid,2.222222222,1.111111111,3.142694367,-1.14E-04,4.62E+02,-6.27E+02,-5.96E-09,1,-1.51E-07,2.82E-07;
racing,killpyramid,2.222222222,1.111111111,3.142694367,3.83E+01,5.00E+02,-1.37E+02,-6.18E-08,-6.18E-08,-0.7071067095,-0.7071068287;
racing,killpyramid,2.222222222,1.111111111,3.142694367,-1.81E-04,4.62E+02,-1.37E+02,1.51E-07,5.96E-08,-2.19E-08,-1;
racing,killpyramid,2.222222222,1.111111111,3.142694367,-3.83E+01,5.00E+02,-1.37E+02,-6.18E-08,6.18E-08,0.7071067095,-0.7071068287;
racing,killpyramid,2.222222222,1.111111111,3.142694367,-1.34E-04,5.38E+02,-1.37E+02,-2.82E-07,-4.89E-07,1,-5.96E-09;
racing,killpyramid,2.222222222,1.111111111,3.142694367,-626.5002441,499.9999237,-38.28409195,0.5,-0.4999999404,-0.4999999702,0.5000000596;
racing,killpyramid,2.222222222,1.111111111,3.142694367,-6.27E+02,5.38E+02,1.17E-04,0.7071068287,-1.60E-07,-0.7071067095,5.34E-08;
racing,killpyramid,2.222222222,1.111111111,3.142694367,-626.5002441,499.9999237,38.28424454,-0.4999998808,-0.4999997914,0.5000001192,0.5000002384;
racing,killpyramid,2.222222222,1.111111111,3.142694367,-6.27E+02,4.62E+02,1.02E-04,3.15E-07,0.7071069479,-8.43E-08,-0.7071066499;
racing,killpyramid,2.222222222,1.111111111,3.142694367,-136.5683937,499.9998856,-38.28400612,-0.5000001192,-0.5000000596,-0.4999998808,-0.4999999702;
racing,killpyramid,2.222222222,1.111111111,3.142694367,-1.37E+02,4.62E+02,1.98E-04,1.49E-07,-0.7071067095,6.46E-08,-0.7071068287;
racing,killpyramid,2.222222222,1.111111111,3.142694367,-136.5684128,499.9999619,38.28435898,0.5000000596,-0.4999999404,0.4999999404,-0.5000000596;
racing,killpyramid,2.222222222,1.111111111,3.142694367,-1.37E+02,5.38E+02,1.27E-04,0.7071066499,-1.99E-07,0.7071069479,5.98E-07;
racing,killpyramid,2.222222222,1.111111111,3.142694367,-3.83E+01,5.00E+02,6.27E+02,-1.15E-07,1.15E-07,-0.7071067095,0.7071068287;
racing,killpyramid,2.222222222,1.111111111,3.142694367,7.63E-05,5.38E+02,6.27E+02,1.95E-07,1.19E-08,-1,3.77E-08;
racing,killpyramid,2.222222222,1.111111111,3.142694367,3.83E+01,5.00E+02,6.27E+02,1.24E-07,1.24E-07,0.7071067095,0.7071068287;
racing,killpyramid,2.222222222,1.111111111,3.142694367,3.81E-05,4.62E+02,6.27E+02,1.51E-07,2.38E-07,5.96E-09,-1;
racing,killpyramid,2.222222222,1.111111111,3.142694367,-3.83E+01,5.00E+02,1.37E+02,-0.7071068287,-0.7071067095,8.43E-09,8.43E-09;
racing,killpyramid,2.222222222,1.111111111,3.142694367,1.62E-04,4.62E+02,1.37E+02,-2.19E-08,-1,1.51E-07,-1.95E-07;
racing,killpyramid,2.222222222,1.111111111,3.142694367,3.83E+01,5.00E+02,1.37E+02,0.7071068287,-0.7071067095,1.15E-07,-1.15E-07;
racing,killpyramid,2.222222222,1.111111111,3.142694367,1.14E-04,5.38E+02,1.37E+02,1,-5.96E-09,2.38E-07,6.72E-07;
racing,startcuboid,4,4,1,-169.9999619,1994.784546,-145.0000381,-2.49E-22,-3.30E-15,1,7.55E-08;
spawnpoint,playerC,-169.9999619,1994.784546,-170.0000381,-2.49E-22,-3.30E-15,1,7.55E-08;
spawnpoint,playerM,-169.9999619,1994.784546,-170.0000381,-2.49E-22,-3.30E-15,1,7.55E-08;
custom,cuboid,default,4,1,4,1,0,0.5,1,0.4,0.4,-169.9999619,2019.784546,-170.0000191,-0.7071068287,5.34E-08,0.7071067691,5.34E-08;
custom,cuboid,default,4,1,4,1,0,0.5,1,0.4,0.4,-170,1969.784546,-170.0000191,-0.7071068287,5.34E-08,0.7071067691,5.34E-08;
custom,cuboid,default,4,4,1,1,0,0.5,1,0.4,0.1,-169.9999619,1994.784546,-195.0000381,-2.49E-22,-3.30E-15,1,7.55E-08;
custom,cuboid,default,4,4,1,1,0,0.5,1,0.4,0.1,-195,1994.784546,-170.0000191,-0.7071068287,5.34E-08,0.7071067691,5.34E-08;
custom,cuboid,default,4,4,1,1,0,0.5,1,0.4,0.1,-145,1994.784546,-170.0000191,-0.7071068287,5.34E-08,0.7071067691,5.34E-08;
racing,checkpointcuboid,4,4,4,-170,1354.784546,-90,0,0,0,1;
custom,cuboid,default,4.000000477,4,1.000000119,1,0,1,0.5,0.4000000477,0.1000000119,-145,1354.784546,-90,0,-0.7071067691,0,0.7071067691;
custom,cuboid,default,4.000000477,4,1.000000119,1,0,1,0.5,0.4000000477,0.1000000119,-195,1354.784546,-90,0,-0.7071067691,0,0.7071067691;
custom,cuboid,default,4,1,4,1,0,1,0.5,0.4,0.4,-170,1379.784546,-90,0,0,0,1;
custom,cuboid,default,4,1,4,1,0,1,0.5,0.4,0.4,-170,1329.784546,-90,0,0,0,1;
racing,endcuboid,3.999999762,0.9999999404,3.999999762,7.63E-05,500.0000763,704.7844696,0.500000298,0.5000001788,0.499999702,0.4999997914;
racing,endcuboid,3.999999523,0.9999999404,3.999999762,704.7844696,500.0000763,0,0.7071068287,0.7071067095,-2.39E-07,-2.39E-07;
racing,endcuboid,3.999999762,1,4,7.63E-05,500.0000763,-704.7844696,0.4999997318,0.4999996126,-0.500000298,-0.5000003576;
racing,endcuboid,3.999999523,0.9999999404,4,-704.7844696,500.0000763,-0.0001525878906,-6.91E-07,-6.91E-07,-0.7071067095,-0.7071068287;
custom,cuboid,ice1,2,4.828421593,2,1,0,0.5,1,0.2,0.2,58.28420639,499.9998856,-58.28442097,1,0,0,7.55E-08;
custom,cuboid,ice1,2,4.828421593,2,1,0,0.5,1,0.2,0.2,58.28442574,499.9999237,58.28425884,1,0,0,7.55E-08;
custom,cuboid,ice1,2,4.828421593,2,1,0,0.5,1,0.2,0.2,-58.28421593,499.9999619,58.28445911,1,0,0,7.55E-08;
custom,cuboid,ice1,2,4.828421593,2,1,0,0.5,1,0.2,0.2,-58.28444004,499.9998856,-58.28418255,1,0,0,7.55E-08;
custom,cuboid,cannonregionmat,2.05,4.828421593,2.05,1,0,0.5,1,0.2,0.2,58.28420639,499.9998856,-58.28442097,1,0,0,7.55E-08;
custom,cuboid,cannonregionmat,2.05,4.828421593,2.05,1,0,0.5,1,0.2,0.2,58.28442574,499.9999237,58.28425884,1,0,0,7.55E-08;
custom,cuboid,cannonregionmat,2.05,4.828421593,2.05,1,0,0.5,1,0.2,0.2,-58.28421593,499.9999619,58.28445911,1,0,0,7.55E-08;
custom,cuboid,cannonregionmat,2.05,4.828421593,2.05,1,0,0.5,1,0.2,0.2,-58.28444004,499.9998856,-58.28418255,1,0,0,7.55E-08;
