map,disablebounds;









custom,cuboid,metal4,1.9509,2.43643,2.43645,1,1,1,1,0.05,0.05,-0.00002,2006.71197,-4432.36145,0,-0.29927,-0.95417,0;
custom,cuboid,metal4,1.9509,2.43643,2.43645,1,1,1,1,0.05,0.05,6.71197,2000.00002,-4432.36115,-0.21162,-0.21162,-0.6747,-0.6747;
custom,cuboid,metal4,1.9509,2.43643,2.43645,1,1,1,1,0.05,0.05,0.00002,1993.28803,-4432.36084,-0.29927,0,0,-0.95417;
custom,cuboid,metal4,1.9509,2.43643,2.43645,1,1,1,1,0.05,0.05,-6.71197,1999.99998,-4432.36053,-0.21162,0.21162,0.6747,-0.6747;
custom,cuboid,arena2tex,1.9509,1.9509,3.4,1,0,0.5,1,1,1,0,2000,-4432.31854,0,0,0,1;



custom,pyramid,arena2tex,1.09324,1.11111,1.09324,1,0,0.5,1,1,10,9.75451,2009.75453,-4439.31885,-0.65328,0.2706,-0.2706,0.65328;
custom,pyramid,arena2tex,1.09324,1.11111,1.09324,1,0,0.5,1,1,10,-9.75451,2009.75451,-4439.31885,-0.65328,0.2706,-0.2706,0.65328;
custom,pyramid,arena2tex,1.09324,1.11111,1.09324,1,0,0.5,1,1,10,-9.75447,1990.24551,-4439.31824,-0.65328,0.2706,-0.2706,0.65328;
custom,pyramid,arena2tex,1.09324,1.11111,1.09324,1,0,0.5,1,1,10,9.75453,1990.24551,-4439.31824,-0.65328,0.2706,-0.2706,0.65328;



custom,prism,arena2tex,1.96784,4,1.13614,1,0,0.5,1,3,40,-13.34614,2013.59518,-4408.51885,0.2706,-0.65328,-0.65328,0.2706;
custom,prism,arena2tex,1.96784,4,1.13614,1,0,0.5,1,3,40,13.59519,2013.34614,-4408.51854,-0.2706,-0.65328,-0.65328,-0.2706;
custom,prism,arena2tex,1.96784,4,1.13614,1,0,0.5,1,3,40,13.34614,1986.40482,-4408.51824,-0.65328,-0.2706,-0.2706,-0.65328;
custom,prism,arena2tex,1.96784,4,1.13614,1,0,0.5,1,3,40,-13.59519,1986.65386,-4408.51793,-0.65328,0.2706,0.2706,-0.65328;

custom,cuboid,metal4,1.9509,1.39147,4,1,1,1,1,0.05,0.05,-0.00001,2016.71186,-4409.31885,0,0,-1,0;
custom,cuboid,metal4,1.9509,1.39147,4,1,1,1,1,0.05,0.05,0.00001,1983.28814,-4409.31824,0,0,0,-1;
custom,cuboid,metal4,1.9509,1.39147,4,1,1,1,1,0.05,0.05,-16.71188,1999.99999,-4409.31885,0,0,-0.70711,-0.70711;
custom,cuboid,metal4,1.9509,1.39147,4,1,1,1,1,0.05,0.05,16.71186,2000.00001,-4409.31824,0,0,-0.70711,-0.70711;

spawnpoint,playerC,0,2000.00001,-4409.31824,0,1,0,0;
spawnpoint,playerM,0,2000.00001,-4409.31824,0,1,0,0;
racing,startcuboid,1.9509,1.9509,0.8,0.00003,2000,-4394.31732,0,0,0,-1;

custom,cuboid,default,1.9509,0.1,1,1,0,0,0,0,0,0.00003,1990.7455,-4394.31732,0,0,0,-1;
custom,cuboid,default,1.9509,0.1,1,1,0,0,0,0,0,0.00003,2009.25449,-4394.31732,0,0,0,-1;
custom,cuboid,default,0.1,1.9509,1,1,0,0,0,0,0,9.25453,2000,-4394.31732,0,0,0,-1;
custom,cuboid,default,0.1,1.9509,1,1,0,0,0,0,0,-9.25448,1999.99999,-4394.31732,0,0,0,-1;



custom,prism,arena2tex,1.96784,3.52234,1.13614,1,0,0.5,1,3,35,-13.34616,2013.59517,-4371.00177,0.2706,-0.65328,-0.65328,0.2706;
custom,prism,arena2tex,1.96784,3.52234,1.13614,1,0,0.5,1,3,35,13.59518,2013.34616,-4371.00146,-0.2706,-0.65328,-0.65328,-0.2706;
custom,prism,arena2tex,1.96784,3.52234,1.13614,1,0,0.5,1,3,35,13.34616,1986.40483,-4371.00116,-0.65328,-0.2706,-0.2706,-0.65328;
custom,prism,arena2tex,1.96784,3.52234,1.13614,1,0,0.5,1,3,35,-13.59518,1986.65384,-4371.00085,-0.65328,0.2706,0.2706,-0.65328;

custom,cuboid,bombtex,1.9509,1.39147,4,1,0,0,0,9999,9999,-0.00001,2016.71186,-4369.31885,0,0,-1,0;
custom,cuboid,bombtex,1.9509,1.39147,4,1,0,0,0,9999,9999,0.00001,1983.28814,-4369.31824,0,0,0,-1;
custom,cuboid,bombtex,1.9509,1.39147,4,1,0,0,0,9999,9999,-16.71188,1999.99999,-4369.31885,0,0,-0.70711,-0.70711;
custom,cuboid,bombtex,1.9509,1.39147,4,1,0,0,0,9999,9999,16.71186,2000.00001,-4369.31854,0,0,-0.70711,-0.70711;

custom,cuboid,bombtex,1.9509,1.39147,4,1,0,0,0,1,0.5,-0.00001,2016.71186,-4369.31885,0,0,-1,0;
custom,cuboid,bombtex,1.9509,1.39147,4,1,0,0,0,1,0.5,0.00001,1983.28814,-4369.31824,0,0,0,-1;
custom,cuboid,bombtex,1.9509,1.39147,4,1,0,0,0,1,0.5,-16.71188,1999.99999,-4369.31885,0,0,0.70711,-0.70711;
custom,cuboid,bombtex,1.9509,1.39147,4,1,0,0,0,1,0.5,16.71186,2000.00001,-4369.31854,0,0,-0.70711,-0.70711;


custom,cuboid,empty,1.9509,0.5,4,1,0,0,0,0,0,-0.00001,2021.16921,-4369.31885,0,0,-1,0;
custom,cuboid,empty,1.9509,0.5,4,1,0,0,0,0,0,0.00001,1978.83079,-4369.31824,0,0,0,-1;
custom,cuboid,empty,1.9509,0.5,4,1,0,0,0,0,0,-21.16923,1999.99999,-4369.31885,0,0,-0.70711,-0.70711;
custom,cuboid,empty,1.9509,0.5,4,1,0,0,0,0,0,21.16921,2000.00001,-4369.31854,0,0,-0.70711,-0.70711;

custom,cuboid,metal4,1.3509,1.47118,7.81391,1,0.4,0.4,0.4,0.05,0.05,-0.00001,2029.39687,-4314.75433,-0.16458,0,0,0.98636;
custom,cuboid,metal4,1.3509,1.47118,7.81391,1,0.4,0.4,0.4,0.05,0.05,29.39687,2000.00001,-4314.75403,-0.11638,0.11638,-0.69746,0.69746;
custom,cuboid,metal4,1.3509,1.47118,7.81391,1,0.4,0.4,0.4,0.05,0.05,0.00001,1970.60313,-4314.75372,0,0.16458,-0.98636,0;
custom,cuboid,metal4,1.3509,1.47118,7.81391,1,0.4,0.4,0.4,0.05,0.05,-29.39687,2000,-4314.75342,0.11638,0.11638,-0.69746,-0.69746;

custom,cuboid,empty,0.3,1.47118,7.81391,1,0,0,0,0,0,8.25449,2029.39687,-4314.75433,-0.16458,0,0,0.98636;
custom,cuboid,empty,0.3,1.47118,7.81391,1,0,0,0,0,0,-8.25449,1970.60313,-4314.75372,0,0.16458,-0.98636,0;
custom,cuboid,empty,0.3,1.47118,7.81391,1,0,0,0,0,0,-8.25449,2029.39687,-4314.75433,-0.16458,0,0,0.98636;
custom,cuboid,empty,0.3,1.47118,7.81391,1,0,0,0,0,0,8.25449,1970.60313,-4314.75372,0,0.16458,-0.98636,0;

custom,cuboid,empty,0.3,1.47118,7.81391,1,0,0,0,0,0,29.39687,2008.25449,-4314.75403,-0.11638,0.11638,-0.69746,0.69746;
custom,cuboid,empty,0.3,1.47118,7.81391,1,0,0,0,0,0,-29.39687,1991.74551,-4314.75342,0.11638,0.11638,-0.69746,-0.69746;
custom,cuboid,empty,0.3,1.47118,7.81391,1,0,0,0,0,0,29.39687,1991.74551,-4314.75403,-0.11638,0.11638,-0.69746,0.69746;
custom,cuboid,empty,0.3,1.47118,7.81391,1,0,0,0,0,0,-29.39687,2008.25449,-4314.75342,0.11638,0.11638,-0.69746,-0.69746;

custom,cuboid,arena2tex,1.9509,1.08904,7.68272,1,0,0.5,1,1,75,22.21519,2022.2152,-4314.75433,-0.15205,0.06298,-0.37746,0.91128;
custom,cuboid,arena2tex,1.9509,1.08904,7.68272,1,0,0.5,1,1,75,22.2152,1977.78481,-4314.75403,-0.06298,0.15205,-0.91128,0.37746;
custom,cuboid,arena2tex,1.9509,1.08904,7.68272,1,0,0.5,1,1,75,-22.21519,1977.7848,-4314.75372,0.06298,0.15205,-0.91128,-0.37746;
custom,cuboid,arena2tex,1.9509,1.08904,7.68272,1,0,0.5,1,1,75,-22.2152,2022.21519,-4314.75342,0.15205,0.06298,-0.37746,-0.91128;

custom,cuboid,arena2tex,1.9509,0.5,0.1322,1,0,0.5,1,1,1,15.21414,2015.21415,-4352.66846,-0.15205,0.06298,-0.37746,0.91128;
custom,cuboid,arena2tex,1.9509,0.5,0.1322,1,0,0.5,1,1,1,15.21415,1984.78586,-4352.66815,-0.06298,0.15205,-0.91128,0.37746;
custom,cuboid,arena2tex,1.9509,0.5,0.1322,1,0,0.5,1,1,1,-15.21414,1984.78585,-4352.66785,0.06298,0.15205,-0.91128,-0.37746;
custom,cuboid,arena2tex,1.9509,0.5,0.1322,1,0,0.5,1,1,1,-15.21415,2015.21414,-4352.66754,0.15205,0.06298,-0.37746,-0.91128;

custom,cuboid,empty,1.36563,0.6,0.91,1,0,0,0,0,0,-25.55316,2025.55316,-4285.33051,0.11259,0.04664,-0.37983,-0.91699;
custom,cuboid,empty,1.36563,0.6,0.91,1,0,0,0,0,0,25.55316,2025.55316,-4285.3302,0.11259,-0.04664,0.37983,-0.91699;
custom,cuboid,empty,1.36563,0.6,0.91,1,0,0,0,0,0,25.55316,1974.44684,-4285.3299,0.04664,-0.11259,0.91699,-0.37983;
custom,cuboid,empty,1.36563,0.6,0.91,1,0,0,0,0,0,-25.55316,1974.44684,-4285.32959,-0.04664,-0.11259,0.91699,0.37983;



custom,prism,empty,1.9509,1.41027,8.95283,1,0,0,0,0,0,29.18999,2012.27984,-4312.57337,-0.12718,0.08498,-0.54903,0.82169;
custom,prism,empty,1.9509,1.41027,8.95283,1,0,0,0,0,0,11.95727,2029.32356,-4312.57335,-0.15001,0.02984,-0.19279,0.96924;
custom,prism,empty,1.9509,1.41027,8.95283,1,0,0,0,0,0,12.27982,1970.81004,-4312.57306,-0.02984,0.15001,-0.96924,0.19279;
custom,prism,empty,1.9509,1.41027,8.95283,1,0,0,0,0,0,29.3236,1988.04271,-4312.57307,-0.08498,0.12718,-0.82169,0.54903;
custom,prism,empty,1.9509,1.41027,8.95283,1,0,0,0,0,0,-29.18999,1987.72017,-4312.57276,0.08498,0.12718,-0.82169,-0.54903;
custom,prism,empty,1.9509,1.41027,8.95283,1,0,0,0,0,0,-11.95727,1970.67644,-4312.57274,0.02984,0.15001,-0.96924,-0.19279;
custom,prism,empty,1.9509,1.41027,8.95283,1,0,0,0,0,0,-12.27982,2029.18996,-4312.57245,0.15001,0.02984,-0.19279,-0.96924;
custom,prism,empty,1.9509,1.41027,8.95283,1,0,0,0,0,0,-29.3236,2011.95729,-4312.57246,0.12718,0.08498,-0.54903,-0.82169;








racing,killtube,8.33333,76.41529,8.33333,1.23081,1998.3856,-3228.65923,-0.7037,-0.06931,-0.06931,-0.7037;
custom,killtube,empty,8.41667,76.41529,8.41667,1,0,0,0,0,0,1.24312,1998.36946,-3228.65923,-0.7037,-0.06931,-0.06931,-0.7037;
custom,killtube,empty,8.25,76.41529,8.25,1,0,0,0,0,0,1.2185,1998.40175,-3228.65923,-0.7037,-0.06931,-0.06931,-0.7037;

racing,killtube,8.33333,76.41529,8.33333,1.23081,1998.3856,-3998.84966,-0.7037,-0.06931,-0.06931,-0.7037;


racing,killtube,8.33333,2.77778,8.33333,1.23081,1998.3856,-3700.5,-0.7037,-0.06931,-0.06931,-0.7037;
racing,killtube,8.33333,2.77778,8.33333,1.23081,1998.3856,-3680.49969,-0.7037,-0.06931,-0.06931,-0.7037;
racing,killtube,8.33333,2.77778,8.33333,1.23081,1998.3856,-3660.49969,-0.7037,-0.06931,-0.06931,-0.7037;
racing,killtube,8.33333,2.77778,8.33333,1.23081,1998.3856,-3640.49969,-0.7037,-0.06931,-0.06931,-0.7037;
racing,killtube,8.33333,2.77778,8.33333,1.23081,1998.3856,-3620.49969,-0.7037,-0.06931,-0.06931,-0.7037;
racing,killtube,8.33333,2.77778,8.33333,1.23081,1998.3856,-3600.49969,-0.7037,-0.06931,-0.06931,-0.7037;
racing,killtube,8.33333,2.77778,8.33333,1.23081,1998.3856,-3580.49969,-0.7037,-0.06931,-0.06931,-0.7037;
racing,killtube,8.33333,2.77778,8.33333,1.23081,1998.3856,-3560.49969,-0.7037,-0.06931,-0.06931,-0.7037;
racing,killtube,8.33333,2.77778,8.33333,1.23081,1998.3856,-3540.49969,-0.7037,-0.06931,-0.06931,-0.7037;
racing,killtube,8.33333,2.77778,8.33333,1.23081,1998.3856,-3520.49969,-0.7037,-0.06931,-0.06931,-0.7037;
racing,killtube,8.33333,2.77778,8.33333,1.23081,1998.3856,-3500.49969,-0.7037,-0.06931,-0.06931,-0.7037;

custom,tube,ice1,8.41667,2.83333,8.41667,1,0,0,0,0,0,1.24312,1998.36946,-3700.51,-0.7037,-0.06931,-0.06931,-0.7037;
custom,killtube,transparent0.1,8.41667,2.77778,8.41667,1,0,0,0,0,0,1.24312,1998.36946,-3680.49969,-0.7037,-0.06931,-0.06931,-0.7037;
custom,killtube,transparent0.2,8.41667,2.77778,8.41667,1,0,0,0,0,0,1.24312,1998.36946,-3660.49969,-0.7037,-0.06931,-0.06931,-0.7037;
custom,killtube,transparent0.3,8.41667,2.77778,8.41667,1,0,0,0,0,0,1.24312,1998.36946,-3640.49969,-0.7037,-0.06931,-0.06931,-0.7037;
custom,killtube,transparent0.4,8.41667,2.77778,8.41667,1,0,0,0,0,0,1.24312,1998.36946,-3620.49969,-0.7037,-0.06931,-0.06931,-0.7037;
custom,killtube,transparent0.5,8.41667,2.77778,8.41667,1,0,0,0,0,0,1.24312,1998.36946,-3600.49969,-0.7037,-0.06931,-0.06931,-0.7037;
custom,killtube,transparent0.6,8.41667,2.77778,8.41667,1,0,0,0,0,0,1.24312,1998.36946,-3580.49969,-0.7037,-0.06931,-0.06931,-0.7037;
custom,killtube,transparent0.7,8.41667,2.77778,8.41667,1,0,0,0,0,0,1.24312,1998.36946,-3560.49969,-0.7037,-0.06931,-0.06931,-0.7037;
custom,killtube,transparent0.8,8.41667,2.77778,8.41667,1,0,0,0,0,0,1.24312,1998.36946,-3540.49969,-0.7037,-0.06931,-0.06931,-0.7037;
custom,killtube,transparent0.9,8.41667,2.77778,8.41667,1,0,0,0,0,0,1.24312,1998.36946,-3520.49969,-0.7037,-0.06931,-0.06931,-0.7037;
custom,killtube,empty,8.41667,2.77778,8.41667,1,0,0,0,0,0,1.24312,1998.36946,-3500.49969,-0.7037,-0.06931,-0.06931,-0.7037;

custom,tube,ice1,8.25,2.83333,8.25,1,0,0,0,0,0,1.2185,1998.40175,-3700.51,-0.7037,-0.06931,-0.06931,-0.7037;
custom,killtube,transparent0.1,8.25,2.77778,8.25,1,0,0,0,0,0,1.2185,1998.40175,-3680.49969,-0.7037,-0.06931,-0.06931,-0.7037;
custom,killtube,transparent0.2,8.25,2.77778,8.25,1,0,0,0,0,0,1.2185,1998.40175,-3660.49969,-0.7037,-0.06931,-0.06931,-0.7037;
custom,killtube,transparent0.3,8.25,2.77778,8.25,1,0,0,0,0,0,1.2185,1998.40175,-3640.49969,-0.7037,-0.06931,-0.06931,-0.7037;
custom,killtube,transparent0.4,8.25,2.77778,8.25,1,0,0,0,0,0,1.2185,1998.40175,-3620.49969,-0.7037,-0.06931,-0.06931,-0.7037;
custom,killtube,transparent0.5,8.25,2.77778,8.25,1,0,0,0,0,0,1.2185,1998.40175,-3600.49969,-0.7037,-0.06931,-0.06931,-0.7037;
custom,killtube,transparent0.6,8.25,2.77778,8.25,1,0,0,0,0,0,1.2185,1998.40175,-3580.49969,-0.7037,-0.06931,-0.06931,-0.7037;
custom,killtube,transparent0.7,8.25,2.77778,8.25,1,0,0,0,0,0,1.2185,1998.40175,-3560.49969,-0.7037,-0.06931,-0.06931,-0.7037;
custom,killtube,transparent0.8,8.25,2.77778,8.25,1,0,0,0,0,0,1.2185,1998.40175,-3540.49969,-0.7037,-0.06931,-0.06931,-0.7037;
custom,killtube,transparent0.9,8.25,2.77778,8.25,1,0,0,0,0,0,1.2185,1998.40175,-3520.49969,-0.7037,-0.06931,-0.06931,-0.7037;
custom,killtube,empty,8.25,2.77778,8.25,1,0,0,0,0,0,1.2185,1998.40175,-3500.49969,-0.7037,-0.06931,-0.06931,-0.7037;



racing,killtube,8.33333,2.77778,8.33333,-1.23082,1998.3856,-2729.30957,-0.06931,-0.7037,0.7037,0.06931;
racing,killtube,8.33333,2.77778,8.33333,-1.23082,1998.3856,-2749.30957,-0.06931,-0.7037,0.7037,0.06931;
racing,killtube,8.33333,2.77778,8.33333,-1.23082,1998.3856,-2769.30957,-0.06931,-0.7037,0.7037,0.06931;
racing,killtube,8.33333,2.77778,8.33333,-1.23081,1998.3856,-2789.30957,-0.06931,-0.7037,0.7037,0.06931;
racing,killtube,8.33333,2.77778,8.33333,-1.23081,1998.3856,-2809.30957,-0.06931,-0.7037,0.7037,0.06931;
racing,killtube,8.33333,2.77778,8.33333,-1.23081,1998.3856,-2829.30957,-0.06931,-0.7037,0.7037,0.06931;
racing,killtube,8.33333,2.77778,8.33333,-1.23081,1998.3856,-2849.30957,-0.06931,-0.7037,0.7037,0.06931;
racing,killtube,8.33333,2.77778,8.33333,-1.23081,1998.3856,-2869.30957,-0.06931,-0.7037,0.7037,0.06931;
racing,killtube,8.33333,2.77778,8.33333,-1.2308,1998.3856,-2889.30957,-0.06931,-0.7037,0.7037,0.06931;
racing,killtube,8.33333,2.77778,8.33333,-1.2308,1998.3856,-2909.30957,-0.06931,-0.7037,0.7037,0.06931;
racing,killtube,8.33333,2.77778,8.33333,-1.2308,1998.3856,-2929.30957,-0.06931,-0.7037,0.7037,0.06931;

custom,tube,ice1,8.41667,2.83333,8.41667,1,0,0,0,0,0,-1.24313,1998.36946,-2729.29957,-0.06931,-0.7037,0.7037,0.06931;
custom,killtube,transparent0.1,8.41667,2.77778,8.41667,1,0,0,0,0,0,-1.24313,1998.36946,-2749.30957,-0.06931,-0.7037,0.7037,0.06931;
custom,killtube,transparent0.2,8.41667,2.77778,8.41667,1,0,0,0,0,0,-1.24313,1998.36946,-2769.30957,-0.06931,-0.7037,0.7037,0.06931;
custom,killtube,transparent0.3,8.41667,2.77778,8.41667,1,0,0,0,0,0,-1.24312,1998.36946,-2789.30957,-0.06931,-0.7037,0.7037,0.06931;
custom,killtube,transparent0.4,8.41667,2.77778,8.41667,1,0,0,0,0,0,-1.24312,1998.36946,-2809.30957,-0.06931,-0.7037,0.7037,0.06931;
custom,killtube,transparent0.5,8.41667,2.77778,8.41667,1,0,0,0,0,0,-1.24312,1998.36946,-2829.30957,-0.06931,-0.7037,0.7037,0.06931;
custom,killtube,transparent0.6,8.41667,2.77778,8.41667,1,0,0,0,0,0,-1.24312,1998.36946,-2849.30957,-0.06931,-0.7037,0.7037,0.06931;
custom,killtube,transparent0.7,8.41667,2.77778,8.41667,1,0,0,0,0,0,-1.24312,1998.36946,-2869.30957,-0.06931,-0.7037,0.7037,0.06931;
custom,killtube,transparent0.8,8.41667,2.77778,8.41667,1,0,0,0,0,0,-1.24311,1998.36946,-2889.30957,-0.06931,-0.7037,0.7037,0.06931;
custom,killtube,transparent0.9,8.41667,2.77778,8.41667,1,0,0,0,0,0,-1.24311,1998.36946,-2909.30957,-0.06931,-0.7037,0.7037,0.06931;
custom,killtube,empty,8.41667,2.77778,8.41667,1,0,0,0,0,0,-1.24311,1998.36946,-2929.30957,-0.06931,-0.7037,0.7037,0.06931;

custom,tube,ice1,8.25,2.83333,8.25,1,0,0,0,0,0,-1.21851,1998.40175,-2729.29957,-0.06931,-0.7037,0.7037,0.06931;
custom,killtube,transparent0.1,8.25,2.77778,8.25,1,0,0,0,0,0,-1.21851,1998.40175,-2749.30957,-0.06931,-0.7037,0.7037,0.06931;
custom,killtube,transparent0.2,8.25,2.77778,8.25,1,0,0,0,0,0,-1.21851,1998.40175,-2769.30957,-0.06931,-0.7037,0.7037,0.06931;
custom,killtube,transparent0.3,8.25,2.77778,8.25,1,0,0,0,0,0,-1.2185,1998.40175,-2789.30957,-0.06931,-0.7037,0.7037,0.06931;
custom,killtube,transparent0.4,8.25,2.77778,8.25,1,0,0,0,0,0,-1.2185,1998.40175,-2809.30957,-0.06931,-0.7037,0.7037,0.06931;
custom,killtube,transparent0.5,8.25,2.77778,8.25,1,0,0,0,0,0,-1.2185,1998.40175,-2829.30957,-0.06931,-0.7037,0.7037,0.06931;
custom,killtube,transparent0.6,8.25,2.77778,8.25,1,0,0,0,0,0,-1.2185,1998.40175,-2849.30957,-0.06931,-0.7037,0.7037,0.06931;
custom,killtube,transparent0.7,8.25,2.77778,8.25,1,0,0,0,0,0,-1.2185,1998.40175,-2869.30957,-0.06931,-0.7037,0.7037,0.06931;
custom,killtube,transparent0.8,8.25,2.77778,8.25,1,0,0,0,0,0,-1.21849,1998.40175,-2889.30957,-0.06931,-0.7037,0.7037,0.06931;
custom,killtube,transparent0.9,8.25,2.77778,8.25,1,0,0,0,0,0,-1.21849,1998.40175,-2909.30957,-0.06931,-0.7037,0.7037,0.06931;
custom,killtube,empty,8.25,2.77778,8.25,1,0,0,0,0,0,-1.21849,1998.40175,-2929.30957,-0.06931,-0.7037,0.7037,0.06931;




custom,cuboid,arena2tex,0.26445,0.1,0.33428,1,1,0,0,1,1,-5.50588,2034.32755,-2975.81543,-1,0,0,0;
custom,cuboid,arena2tex,0.26445,0.1,0.33428,1,1,0,0,1,1,5.50588,2034.32755,-2944.12506,-1,0,0,0;
custom,cuboid,arena2tex,0.28284,0.1,3.1047,1,1,0,0,1,1,0.00001,2034.32755,-2959.80927,-0.98361,0,0.18029,0;
custom,prism,arena2tex,0.374,0.1,0.21593,1,1,0,0,1,1,-6.14555,2034.30755,-2977.89442,0.92388,0,0.38268,0;
custom,prism,arena2tex,0.374,0.1,0.21593,1,1,0,0,1,1,6.14555,2034.30755,-2941.7238,0.38268,0,-0.92388,0;

custom,cuboid,arena2tex,0.26445,0.1,0.33428,1,1,0.33,0,1,1,-18.22333,2029.60739,-3009.82819,-0.98079,-0.19509,0,0;
custom,cuboid,arena2tex,0.26445,0.1,0.33428,1,1,0.33,0,1,1,-8.04978,2033.82141,-2978.13782,-0.98079,-0.19509,0,0;
custom,cuboid,arena2tex,0.28284,0.1,3.1047,1,1,0.33,0,1,1,-13.13655,2031.71448,-2993.82172,-0.96471,-0.19189,0.17683,-0.03517;
custom,prism,arena2tex,0.374,0.1,0.21593,1,1,0.33,0,1,1,-18.80665,2029.34414,-3011.90718,0.90613,0.18024,0.37533,-0.07466;
custom,prism,arena2tex,0.374,0.1,0.21593,1,1,0.33,0,1,1,-7.45115,2034.04771,-2975.73656,0.37533,0.07466,-0.90613,0.18024;

custom,cuboid,arena2tex,0.26445,0.1,0.33427,1,1,0.66,0,1,1,-28.16644,2020.37995,-3043.84094,-0.92388,-0.38268,0,0;
custom,cuboid,arena2tex,0.26446,0.1,0.33427,1,1,0.66,0,1,1,-20.37994,2028.16651,-3012.15057,-0.92388,-0.38268,0,0;
custom,cuboid,arena2tex,0.28284,0.1,3.1047,1,1,0.66,0,1,1,-24.27319,2024.27323,-3027.83447,-0.90874,-0.37641,0.16657,-0.069;
custom,prism,arena2tex,0.374,0.1,0.21593,1,1,0.66,0,1,1,-28.60461,2019.91346,-3045.91994,0.85355,0.35355,0.35355,-0.14645;
custom,prism,arena2tex,0.374,0.1,0.21593,1,1,0.66,0,1,1,-19.91349,2028.60456,-3009.74901,0.35355,0.14645,-0.85355,0.35355;

custom,cuboid,arena2tex,0.26445,0.1,0.33427,1,1,1,0,1,1,-33.82146,2008.04978,-3077.8537,-0.83147,-0.55557,0,0;
custom,cuboid,arena2tex,0.26445,0.1,0.33427,1,1,1,0,1,1,-29.60744,2018.22327,-3046.16302,-0.83147,-0.55557,0,0;
custom,cuboid,arena2tex,0.28284,0.1,3.1047,1,1,1,0,1,1,-31.71445,2013.1366,-3061.84723,-0.81784,-0.54647,0.14991,-0.10017;
custom,prism,arena2tex,0.374,0.1,0.21593,1,1,1,0,1,1,-34.04778,2007.45115,-3079.93269,0.76818,0.51328,0.31819,-0.21261;
custom,prism,arena2tex,0.374,0.1,0.21593,1,1,1,0,1,1,-29.34418,2018.80659,-3043.76177,0.31819,0.21261,-0.76818,0.51328;

custom,cuboid,arena2tex,0.26445,0.1,0.33428,1,1,1,0.33,1,1,-34.32748,1994.49417,-3111.86615,-0.70711,-0.70711,0,0;
custom,cuboid,arena2tex,0.26445,0.1,0.33428,1,1,1,0.33,1,1,-34.32748,2005.50583,-3080.17578,-0.70711,-0.70711,0,0;
custom,cuboid,arena2tex,0.28284,0.1,3.1047,1,1,1,0.33,1,1,-34.32748,2000,-3095.85999,-0.69552,-0.69552,0.12749,-0.12749;
custom,prism,arena2tex,0.374,0.1,0.21593,1,1,1,0.33,1,1,-34.30748,1993.85448,-3113.94545,0.65328,0.65328,0.2706,-0.2706;
custom,prism,arena2tex,0.374,0.1,0.21593,1,1,1,0.33,1,1,-34.30748,2006.14553,-3077.77452,0.2706,0.2706,-0.65328,0.65328;

custom,cuboid,arena2tex,0.26446,0.1,0.33428,1,1,1,0.66,1,1,-29.60744,1981.77674,-3145.87891,-0.55557,-0.83147,0,0;
custom,cuboid,arena2tex,0.26445,0.1,0.33428,1,1,1,0.66,1,1,-33.82146,1991.95023,-3114.18854,-0.55557,-0.83147,0,0;
custom,cuboid,arena2tex,0.28284,0.1,3.1047,1,1,1,0.66,1,1,-31.71446,1986.86341,-3129.87274,-0.54647,-0.81784,0.10017,-0.14991;
custom,prism,arena2tex,0.374,0.1,0.21593,1,1,1,0.66,1,1,-29.34418,1981.19342,-3147.9579,0.51328,0.76818,0.21261,-0.31819;
custom,prism,arena2tex,0.374,0.1,0.21593,1,1,1,0.66,1,1,-34.04778,1992.54886,-3111.78728,0.21261,0.31819,-0.51328,0.76818;

custom,cuboid,arena2tex,0.26445,0.1,0.33428,1,1,1,1,1,1,-20.37994,1971.8335,-3179.89166,-0.38268,-0.92388,0,0;
custom,cuboid,arena2tex,0.26445,0.1,0.33428,1,1,1,1,1,1,-28.16644,1979.62006,-3148.20129,-0.38268,-0.92388,0,0;
custom,cuboid,arena2tex,0.28284,0.1,3.1047,1,1,1,1,1,1,-24.2732,1975.72678,-3163.88519,-0.37641,-0.90874,0.069,-0.16657;
custom,prism,arena2tex,0.374,0.1,0.21593,1,1,1,1,1,1,-19.91349,1971.39544,-3181.97066,-0.35355,-0.85355,-0.14645,0.35355;
custom,prism,arena2tex,0.374,0.1,0.21593,1,1,1,1,1,1,-28.60461,1980.08655,-3145.80004,-0.14645,-0.35355,0.35355,-0.85355;

custom,cuboid,arena2tex,0.26446,0.1,0.33428,1,0.66,1,0.66,1,1,-8.04978,1966.17859,-3213.90442,-0.19509,-0.98079,0,0;
custom,cuboid,arena2tex,0.26445,0.1,0.33428,1,0.66,1,0.66,1,1,-18.22333,1970.39261,-3182.21405,-0.19509,-0.98079,0,0;
custom,cuboid,arena2tex,0.28284,0.1,3.1047,1,0.66,1,0.66,1,1,-13.13656,1968.28552,-3197.89795,-0.19189,-0.96471,0.03517,-0.17683;
custom,prism,arena2tex,0.374,0.1,0.21593,1,0.66,1,0.66,1,1,-7.45115,1965.95229,-3215.98341,0.18024,0.90613,0.07466,-0.37533;
custom,prism,arena2tex,0.374,0.1,0.21593,1,0.66,1,0.66,1,1,-18.80665,1970.65586,-3179.81249,0.07466,0.37533,-0.18024,0.90613;

custom,cuboid,arena2tex,0.26445,0.1,0.33428,1,0.33,1,0.33,1,1,5.50588,1965.67246,-3247.91718,0,-1,0,0;
custom,cuboid,arena2tex,0.26445,0.1,0.33428,1,0.33,1,0.33,1,1,-5.50588,1965.67246,-3216.2265,0,-1,0,0;
custom,cuboid,arena2tex,0.28284,0.1,3.1047,1,0.33,1,0.33,1,1,0,1965.67246,-3231.91071,0,-0.98361,0,-0.1803;
custom,prism,arena2tex,0.374,0.1,0.21593,1,0.33,1,0.33,1,1,6.14555,1965.69246,-3249.99617,0,0.92388,0,-0.38268;
custom,prism,arena2tex,0.374,0.1,0.21593,1,0.33,1,0.33,1,1,-6.14555,1965.69246,-3213.82524,0,0.38268,0,0.92388;

custom,cuboid,arena2tex,0.26446,0.1,0.33428,1,0,1,0,1,1,18.22333,1970.39261,-3281.92963,0.19509,-0.98079,0,0;
custom,cuboid,arena2tex,0.26446,0.1,0.33428,1,0,1,0,1,1,8.04978,1966.17859,-3250.23926,0.19509,-0.98079,0,0;
custom,cuboid,arena2tex,0.28284,0.1,3.1047,1,0,1,0,1,1,13.13655,1968.28552,-3265.92346,0.19189,-0.96471,-0.03517,-0.17683;
custom,prism,arena2tex,0.374,0.1,0.21593,1,0,1,0,1,1,18.80665,1970.65586,-3284.00892,-0.18024,0.90613,-0.07466,-0.37533;
custom,prism,arena2tex,0.374,0.1,0.21593,1,0,1,0,1,1,7.45116,1965.95229,-3247.838,-0.07466,0.37533,0.18024,0.90613;

custom,cuboid,arena2tex,0.26445,0.1,0.33428,1,0,1,0.33,1,1,28.16644,1979.62006,-3315.94238,0.38268,-0.92388,0,0;
custom,cuboid,arena2tex,0.26445,0.1,0.33428,1,0,1,0.33,1,1,20.37994,1971.8335,-3284.25201,0.38268,-0.92388,0,0;
custom,cuboid,arena2tex,0.28284,0.1,3.1047,1,0,1,0.33,1,1,24.27319,1975.72678,-3299.93622,0.37641,-0.90874,-0.069,-0.16657;
custom,prism,arena2tex,0.374,0.1,0.21593,1,0,1,0.33,1,1,28.60461,1980.08655,-3318.02138,0.35355,-0.85355,0.14645,0.35355;
custom,prism,arena2tex,0.374,0.1,0.21593,1,0,1,0.33,1,1,19.91349,1971.39544,-3281.85076,0.14645,-0.35355,-0.35355,-0.85355;

custom,cuboid,arena2tex,0.26446,0.1,0.33428,1,0,1,0.66,1,1,33.82146,1991.95023,-3349.95514,0.55557,-0.83147,0,0;
custom,cuboid,arena2tex,0.26446,0.1,0.33428,1,0,1,0.66,1,1,29.60745,1981.77674,-3318.26477,0.55557,-0.83147,0,0;
custom,cuboid,arena2tex,0.28284,0.1,3.1047,1,0,1,0.66,1,1,31.71446,1986.86341,-3333.94897,0.54647,-0.81784,-0.10017,-0.14991;
custom,prism,arena2tex,0.374,0.1,0.21593,1,0,1,0.66,1,1,34.04778,1992.54886,-3352.03413,-0.51328,0.76818,-0.21261,-0.31819;
custom,prism,arena2tex,0.374,0.1,0.21593,1,0,1,0.66,1,1,29.34418,1981.19342,-3315.86351,-0.21261,0.31819,0.51328,0.76818;

custom,cuboid,arena2tex,0.26445,0.1,0.33427,1,0,1,1,1,1,34.32747,2005.50583,-3383.9679,0.70711,-0.70711,0,0;
custom,cuboid,arena2tex,0.26445,0.1,0.33427,1,0,1,1,1,1,34.32748,1994.49417,-3352.27753,0.70711,-0.70711,0,0;
custom,cuboid,arena2tex,0.28284,0.1,3.1047,1,0,1,1,1,1,34.32748,2000,-3367.96143,-0.69552,0.69552,0.12749,0.12749;
custom,prism,arena2tex,0.374,0.1,0.21593,1,0,1,1,1,1,34.30748,2006.14553,-3386.04689,-0.65328,0.65328,-0.2706,-0.2706;
custom,prism,arena2tex,0.374,0.1,0.21593,1,0,1,1,1,1,34.30748,1993.85448,-3349.87627,-0.2706,0.2706,0.65328,0.65328;

custom,cuboid,arena2tex,0.26446,0.1,0.33428,1,0,0.66,1,1,1,29.60744,2018.22327,-3417.98065,0.83147,-0.55557,0,0;
custom,cuboid,arena2tex,0.26446,0.1,0.33428,1,0,0.66,1,1,1,33.82147,2008.04978,-3386.29028,0.83147,-0.55557,0,0;
custom,cuboid,arena2tex,0.28284,0.1,3.1047,1,0,0.66,1,1,1,31.71446,2013.1366,-3401.97418,0.81784,-0.54647,-0.14991,-0.10017;
custom,prism,arena2tex,0.374,0.1,0.21593,1,0,0.66,1,1,1,29.34418,2018.80659,-3420.05964,-0.76818,0.51328,-0.31819,-0.21261;
custom,prism,arena2tex,0.374,0.1,0.21593,1,0,0.66,1,1,1,34.04778,2007.45115,-3383.88872,-0.31819,0.21261,0.76818,0.51328;

custom,cuboid,arena2tex,0.26446,0.1,0.33428,1,0,0.33,1,1,1,20.37994,2028.16651,-3451.99341,0.92388,-0.38268,0,0;
custom,cuboid,arena2tex,0.26446,0.1,0.33428,1,0,0.33,1,1,1,28.16643,2020.37995,-3420.30273,0.92388,-0.38268,0,0;
custom,cuboid,arena2tex,0.28284,0.1,3.1047,1,0,0.33,1,1,1,24.2732,2024.27323,-3435.98694,0.90874,-0.37641,-0.16657,-0.069;
custom,prism,arena2tex,0.374,0.1,0.21593,1,0,0.33,1,1,1,19.91349,2028.60456,-3454.0724,-0.85355,0.35355,-0.35355,-0.14645;
custom,prism,arena2tex,0.374,0.1,0.21593,1,0,0.33,1,1,1,28.60461,2019.91346,-3417.90148,-0.35355,0.14645,0.85355,0.35355;

custom,cuboid,arena2tex,0.26445,0.1,0.33428,1,0,0,1,1,1,8.04978,2033.82141,-3486.00586,0.98079,-0.19509,0,0;
custom,cuboid,arena2tex,0.26445,0.1,0.33428,1,0,0,1,1,1,18.22333,2029.60739,-3454.31549,0.98079,-0.19509,0,0;
custom,cuboid,arena2tex,0.28284,0.1,3.1047,1,0,0,1,1,1,13.13656,2031.71448,-3469.99969,0.96471,-0.19189,-0.17683,-0.03517;
custom,prism,arena2tex,0.374,0.1,0.21593,1,0,0,1,1,1,7.45115,2034.04771,-3488.08516,0.90613,-0.18024,0.37533,0.07466;
custom,prism,arena2tex,0.374,0.1,0.21593,1,0,0,1,1,1,18.80665,2029.34414,-3451.91423,0.37533,-0.07466,-0.90613,-0.18024;





custom,cuboid,arena2tex,0.26445,0.1,0.33428,1,1,1,0.33,1,1,-34.32748,1994.49417,-2975.81543,-0.70711,-0.70711,0,0;
custom,cuboid,arena2tex,0.26445,0.1,0.33428,1,1,1,0.33,1,1,-34.32748,2005.50583,-2944.12506,-0.70711,-0.70711,0,0;
custom,cuboid,arena2tex,0.28284,0.1,3.1047,1,1,1,0.33,1,1,-34.32748,2000,-2959.80927,-0.69552,-0.69552,0.12749,-0.12749;
custom,prism,arena2tex,0.374,0.1,0.21593,1,1,1,0.33,1,1,-34.30748,1993.85448,-2977.89442,0.65328,0.65328,0.2706,-0.2706;
custom,prism,arena2tex,0.374,0.1,0.21593,1,1,1,0.33,1,1,-34.30748,2006.14553,-2941.7238,0.2706,0.2706,-0.65328,0.65328;

custom,cuboid,arena2tex,0.26446,0.1,0.33428,1,1,1,0.66,1,1,-29.60744,1981.77674,-3009.82819,-0.55557,-0.83147,0,0;
custom,cuboid,arena2tex,0.26446,0.1,0.33428,1,1,1,0.66,1,1,-33.82146,1991.95023,-2978.13782,-0.55557,-0.83147,0,0;
custom,cuboid,arena2tex,0.28284,0.1,3.1047,1,1,1,0.66,1,1,-31.71446,1986.86341,-2993.82202,-0.54647,-0.81784,0.10017,-0.14991;
custom,prism,arena2tex,0.374,0.1,0.21593,1,1,1,0.66,1,1,-29.34418,1981.19342,-3011.90718,0.51328,0.76818,0.21261,-0.31819;
custom,prism,arena2tex,0.374,0.1,0.21593,1,1,1,0.66,1,1,-34.04778,1992.54886,-2975.73656,0.21261,0.31819,-0.51328,0.76818;

custom,cuboid,arena2tex,0.26445,0.1,0.33428,1,1,1,1,1,1,-20.37994,1971.8335,-3043.84094,-0.38268,-0.92388,0,0;
custom,cuboid,arena2tex,0.26445,0.1,0.33428,1,1,1,1,1,1,-28.16644,1979.62006,-3012.15057,-0.38268,-0.92388,0,0;
custom,cuboid,arena2tex,0.28284,0.1,3.1047,1,1,1,1,1,1,-24.2732,1975.72678,-3027.83447,-0.37641,-0.90874,0.069,-0.16657;
custom,prism,arena2tex,0.374,0.1,0.21593,1,1,1,1,1,1,-19.91349,1971.39544,-3045.91994,-0.35355,-0.85355,-0.14645,0.35355;
custom,prism,arena2tex,0.374,0.1,0.21593,1,1,1,1,1,1,-28.60461,1980.08655,-3009.74932,-0.14645,-0.35355,0.35355,-0.85355;

custom,cuboid,arena2tex,0.26446,0.1,0.33428,1,0.66,1,0.66,1,1,-8.04978,1966.17859,-3077.8537,-0.19509,-0.98079,0,0;
custom,cuboid,arena2tex,0.26445,0.1,0.33428,1,0.66,1,0.66,1,1,-18.22333,1970.39261,-3046.16333,-0.19509,-0.98079,0,0;
custom,cuboid,arena2tex,0.28284,0.1,3.1047,1,0.66,1,0.66,1,1,-13.13656,1968.28552,-3061.84723,-0.19189,-0.96471,0.03517,-0.17683;
custom,prism,arena2tex,0.374,0.1,0.21593,1,0.66,1,0.66,1,1,-7.45116,1965.95229,-3079.93269,0.18024,0.90613,0.07466,-0.37533;
custom,prism,arena2tex,0.374,0.1,0.21593,1,0.66,1,0.66,1,1,-18.80665,1970.65586,-3043.76177,0.07466,0.37533,-0.18024,0.90613;

custom,cuboid,arena2tex,0.26445,0.1,0.33428,1,0.33,1,0.33,1,1,5.50589,1965.67246,-3111.86646,0,-1,0,0;
custom,cuboid,arena2tex,0.26445,0.1,0.33428,1,0.33,1,0.33,1,1,-5.50588,1965.67246,-3080.17578,0,-1,0,0;
custom,cuboid,arena2tex,0.28284,0.1,3.1047,1,0.33,1,0.33,1,1,0,1965.67246,-3095.85999,0,-0.98361,0,-0.1803;
custom,prism,arena2tex,0.374,0.1,0.21593,1,0.33,1,0.33,1,1,6.14555,1965.69246,-3113.94545,0,0.92388,0,-0.38268;
custom,prism,arena2tex,0.374,0.1,0.21593,1,0.33,1,0.33,1,1,-6.14555,1965.69246,-3077.77452,0,0.38268,0,0.92388;

custom,cuboid,arena2tex,0.26446,0.1,0.33428,1,0,1,0,1,1,18.22333,1970.39261,-3145.87891,0.19509,-0.98079,0,0;
custom,cuboid,arena2tex,0.26446,0.1,0.33428,1,0,1,0,1,1,8.04979,1966.17859,-3114.18854,0.19509,-0.98079,0,0;
custom,cuboid,arena2tex,0.28284,0.1,3.1047,1,0,1,0,1,1,13.13655,1968.28552,-3129.87274,0.19189,-0.96471,-0.03517,-0.17683;
custom,prism,arena2tex,0.374,0.1,0.21593,1,0,1,0,1,1,18.80665,1970.65586,-3147.9579,-0.18024,0.90613,-0.07466,-0.37533;
custom,prism,arena2tex,0.374,0.1,0.21593,1,0,1,0,1,1,7.45115,1965.95229,-3111.78728,-0.07466,0.37533,0.18024,0.90613;

custom,cuboid,arena2tex,0.26445,0.1,0.33428,1,0,1,0.33,1,1,28.16644,1979.62006,-3179.89166,0.38268,-0.92388,0,0;
custom,cuboid,arena2tex,0.26445,0.1,0.33428,1,0,1,0.33,1,1,20.37994,1971.8335,-3148.20129,0.38268,-0.92388,0,0;
custom,cuboid,arena2tex,0.28284,0.1,3.1047,1,0,1,0.33,1,1,24.27319,1975.72678,-3163.88519,0.37641,-0.90874,-0.069,-0.16657;
custom,prism,arena2tex,0.374,0.1,0.21593,1,0,1,0.33,1,1,28.60461,1980.08655,-3181.97066,0.35355,-0.85355,0.14645,0.35355;
custom,prism,arena2tex,0.374,0.1,0.21593,1,0,1,0.33,1,1,19.91349,1971.39544,-3145.80004,0.14645,-0.35355,-0.35355,-0.85355;

custom,cuboid,arena2tex,0.26446,0.1,0.33428,1,0,1,0.66,1,1,33.82146,1991.95023,-3213.90442,0.55557,-0.83147,0,0;
custom,cuboid,arena2tex,0.26446,0.1,0.33428,1,0,1,0.66,1,1,29.60745,1981.77674,-3182.21405,0.55557,-0.83147,0,0;
custom,cuboid,arena2tex,0.28284,0.1,3.1047,1,0,1,0.66,1,1,31.71446,1986.86341,-3197.89795,0.54647,-0.81784,-0.10017,-0.14991;
custom,prism,arena2tex,0.374,0.1,0.21593,1,0,1,0.66,1,1,34.04778,1992.54886,-3215.98341,-0.51328,0.76818,-0.21261,-0.31819;
custom,prism,arena2tex,0.374,0.1,0.21593,1,0,1,0.66,1,1,29.34418,1981.19342,-3179.81249,-0.21261,0.31819,0.51328,0.76818;

custom,cuboid,arena2tex,0.26445,0.1,0.33427,1,0,1,1,1,1,34.32748,2005.50583,-3247.91718,0.70711,-0.70711,0,0;
custom,cuboid,arena2tex,0.26445,0.1,0.33427,1,0,1,1,1,1,34.32748,1994.49417,-3216.2265,0.70711,-0.70711,0,0;
custom,cuboid,arena2tex,0.28284,0.1,3.1047,1,0,1,1,1,1,34.32748,2000,-3231.91071,0.69552,-0.69552,-0.12749,-0.12749;
custom,prism,arena2tex,0.374,0.1,0.21593,1,0,1,1,1,1,34.30748,2006.14553,-3249.99617,-0.65328,0.65328,-0.2706,-0.2706;
custom,prism,arena2tex,0.374,0.1,0.21593,1,0,1,1,1,1,34.30748,1993.85448,-3213.82524,-0.2706,0.2706,0.65328,0.65328;

custom,cuboid,arena2tex,0.26446,0.1,0.33428,1,0,0.66,1,1,1,29.60744,2018.22327,-3281.92963,0.83147,-0.55557,0,0;
custom,cuboid,arena2tex,0.26446,0.1,0.33428,1,0,0.66,1,1,1,33.82146,2008.04978,-3250.23926,0.83147,-0.55557,0,0;
custom,cuboid,arena2tex,0.28284,0.1,3.1047,1,0,0.66,1,1,1,31.71446,2013.1366,-3265.92346,0.81784,-0.54647,-0.14991,-0.10017;
custom,prism,arena2tex,0.374,0.1,0.21593,1,0,0.66,1,1,1,29.34418,2018.80659,-3284.00892,-0.76818,0.51328,-0.31819,-0.21261;
custom,prism,arena2tex,0.374,0.1,0.21593,1,0,0.66,1,1,1,34.04778,2007.45115,-3247.838,-0.31819,0.21261,0.76818,0.51328;

custom,cuboid,arena2tex,0.26446,0.1,0.33428,1,0,0.33,1,1,1,20.37994,2028.16651,-3315.94238,0.92388,-0.38268,0,0;
custom,cuboid,arena2tex,0.26446,0.1,0.33428,1,0,0.33,1,1,1,28.16644,2020.37995,-3284.25201,0.92388,-0.38268,0,0;
custom,cuboid,arena2tex,0.28284,0.1,3.1047,1,0,0.33,1,1,1,24.2732,2024.27323,-3299.93622,0.90874,-0.37641,-0.16657,-0.069;
custom,prism,arena2tex,0.374,0.1,0.21593,1,0,0.33,1,1,1,19.91349,2028.60456,-3318.02138,-0.85355,0.35355,-0.35355,-0.14645;
custom,prism,arena2tex,0.374,0.1,0.21593,1,0,0.33,1,1,1,28.60461,2019.91346,-3281.85076,-0.35355,0.14645,0.85355,0.35355;

custom,cuboid,arena2tex,0.26445,0.1,0.33428,1,0,0,1,1,1,8.04978,2033.82141,-3349.95514,0.98079,-0.19509,0,0;
custom,cuboid,arena2tex,0.26445,0.1,0.33428,1,0,0,1,1,1,18.22333,2029.60739,-3318.26477,0.98079,-0.19509,0,0;
custom,cuboid,arena2tex,0.28284,0.1,3.1047,1,0,0,1,1,1,13.13656,2031.71448,-3333.94897,0.96471,-0.19189,-0.17683,-0.03517;
custom,prism,arena2tex,0.374,0.1,0.21593,1,0,0,1,1,1,7.45115,2034.04787,-3352.03413,0.90613,-0.18024,0.37533,0.07466;
custom,prism,arena2tex,0.374,0.1,0.21593,1,0,0,1,1,1,18.80665,2029.34414,-3315.86351,-0.37533,0.07466,0.90613,0.18024;

custom,cuboid,arena2tex,0.26445,0.1,0.33428,1,0.33,0,1,1,1,-5.50588,2034.32755,-3383.9679,1,0,0,0;
custom,cuboid,arena2tex,0.26445,0.1,0.33428,1,0.33,0,1,1,1,5.50588,2034.32755,-3352.27753,1,0,0,0;
custom,cuboid,arena2tex,0.28284,0.1,3.1047,1,0.33,0,1,1,1,0,2034.32755,-3367.96143,-0.98361,0,0.18029,0;
custom,prism,arena2tex,0.374,0.1,0.21593,1,0.33,0,1,1,1,-6.14555,2034.30755,-3386.04689,-0.92388,0,-0.38268,0;
custom,prism,arena2tex,0.374,0.1,0.21593,1,0.33,0,1,1,1,6.14555,2034.30755,-3349.87627,-0.38268,0,0.92388,0;

custom,cuboid,arena2tex,0.26445,0.1,0.33428,1,0.66,0,1,1,1,-18.22334,2029.60739,-3417.98065,0.98079,0.19509,0,0;
custom,cuboid,arena2tex,0.26446,0.1,0.33428,1,0.66,0,1,1,1,-8.04979,2033.82141,-3386.28998,0.98079,0.19509,0,0;
custom,cuboid,arena2tex,0.28284,0.1,3.1047,1,0.66,0,1,1,1,-13.13656,2031.71448,-3401.97418,0.96471,0.19189,-0.17683,0.03517;
custom,prism,arena2tex,0.374,0.1,0.21593,1,0.66,0,1,1,1,-18.80666,2029.34414,-3420.05964,0.90613,0.18024,0.37533,-0.07466;
custom,prism,arena2tex,0.374,0.1,0.21593,1,0.66,0,1,1,1,-7.45116,2034.04771,-3383.88872,-0.37533,-0.07466,0.90613,-0.18024;

custom,cuboid,arena2tex,0.26445,0.1,0.33428,1,1,0,1,1,1,-28.16644,2020.37995,-3451.99341,0.92388,0.38268,0,0;
custom,cuboid,arena2tex,0.26446,0.1,0.33428,1,1,0,1,1,1,-20.37995,2028.16651,-3420.30273,0.92388,0.38268,0,0;
custom,cuboid,arena2tex,0.28284,0.1,3.1047,1,1,0,1,1,1,-24.27319,2024.27323,-3435.98694,0.90874,0.37641,-0.16657,0.069;
custom,prism,arena2tex,0.374,0.1,0.21593,1,1,0,1,1,1,-28.60462,2019.91346,-3454.0724,-0.85355,-0.35355,-0.35355,0.14645;
custom,prism,arena2tex,0.374,0.1,0.21593,1,1,0,1,1,1,-19.91349,2028.60456,-3417.90148,-0.35355,-0.14645,0.85355,-0.35355;

custom,cuboid,arena2tex,0.26445,0.1,0.33428,1,1,0,0.66,1,1,-33.82147,2008.04978,-3486.00586,0.83147,0.55557,0,0;
custom,cuboid,arena2tex,0.26445,0.1,0.33428,1,1,0,0.66,1,1,-29.60744,2018.22327,-3454.31549,0.83147,0.55557,0,0;
custom,cuboid,arena2tex,0.28284,0.1,3.1047,1,1,0,0.66,1,1,-31.71445,2013.1366,-3469.99969,0.81784,0.54647,-0.14991,0.10017;
custom,prism,arena2tex,0.374,0.1,0.21593,1,1,0,0.66,1,1,-34.04778,2007.45115,-3488.08485,-0.76818,-0.51328,-0.31819,0.21261;
custom,prism,arena2tex,0.374,0.1,0.21593,1,1,0,0.66,1,1,-29.34418,2018.80659,-3451.91423,-0.31819,-0.21261,0.76818,-0.51328;





custom,cuboid,arena2tex,0.26445,0.1,0.33428,1,0.33,1,0.33,1,1,5.50589,1965.67246,-2975.81543,0,-1,0,0;
custom,cuboid,arena2tex,0.26445,0.1,0.33428,1,0.33,1,0.33,1,1,-5.50588,1965.67246,-2944.12506,0,-1,0,0;
custom,cuboid,arena2tex,0.28284,0.1,3.1047,1,0.33,1,0.33,1,1,0,1965.67246,-2959.80927,0,-0.98361,0,-0.18029;
custom,prism,arena2tex,0.374,0.1,0.21593,1,0.33,1,0.33,1,1,6.14555,1965.69246,-2977.89473,0,0.92388,0,-0.38268;
custom,prism,arena2tex,0.374,0.1,0.21593,1,0.33,1,0.33,1,1,-6.14554,1965.69246,-2941.7238,0,0.38268,0,0.92388;

custom,cuboid,arena2tex,0.26446,0.1,0.33428,1,0,1,0,1,1,18.22333,1970.39261,-3009.82819,0.19509,-0.98079,0,0;
custom,cuboid,arena2tex,0.26446,0.1,0.33428,1,0,1,0,1,1,8.04979,1966.17859,-2978.13782,0.19509,-0.98079,0,0;
custom,cuboid,arena2tex,0.28284,0.1,3.1047,1,0,1,0,1,1,13.13655,1968.28552,-2993.82202,0.19189,-0.96471,-0.03517,-0.17683;
custom,prism,arena2tex,0.374,0.1,0.21593,1,0,1,0,1,1,18.80666,1970.65586,-3011.90718,-0.18024,0.90613,-0.07466,-0.37533;
custom,prism,arena2tex,0.374,0.1,0.21593,1,0,1,0,1,1,7.45116,1965.95229,-2975.73656,-0.07466,0.37533,0.18024,0.90613;

custom,cuboid,arena2tex,0.26445,0.1,0.33428,1,0,1,0.33,1,1,28.16644,1979.62006,-3043.84094,0.38268,-0.92388,0,0;
custom,cuboid,arena2tex,0.26445,0.1,0.33428,1,0,1,0.33,1,1,20.37995,1971.8335,-3012.15057,0.38268,-0.92388,0,0;
custom,cuboid,arena2tex,0.28284,0.1,3.1047,1,0,1,0.33,1,1,24.27319,1975.72678,-3027.83447,0.37641,-0.90874,-0.069,-0.16657;
custom,prism,arena2tex,0.374,0.1,0.21593,1,0,1,0.33,1,1,28.60461,1980.08655,-3045.91994,0.35355,-0.85355,0.14645,0.35355;
custom,prism,arena2tex,0.374,0.1,0.21593,1,0,1,0.33,1,1,19.91349,1971.39544,-3009.74932,0.14645,-0.35355,-0.35355,-0.85355;

custom,cuboid,arena2tex,0.26446,0.1,0.33428,1,0,1,0.66,1,1,33.82146,1991.95023,-3077.8537,0.55557,-0.83147,0,0;
custom,cuboid,arena2tex,0.26446,0.1,0.33428,1,0,1,0.66,1,1,29.60744,1981.77674,-3046.16333,0.55557,-0.83147,0,0;
custom,cuboid,arena2tex,0.28284,0.1,3.1047,1,0,1,0.66,1,1,31.71446,1986.86341,-3061.84723,0.54647,-0.81784,-0.10017,-0.14991;
custom,prism,arena2tex,0.374,0.1,0.21593,1,0,1,0.66,1,1,34.04778,1992.54886,-3079.93269,-0.51328,0.76818,-0.21261,-0.31819;
custom,prism,arena2tex,0.374,0.1,0.21593,1,0,1,0.66,1,1,29.34418,1981.19342,-3043.76177,-0.21261,0.31819,0.51328,0.76818;

custom,cuboid,arena2tex,0.26445,0.1,0.33427,1,0,1,1,1,1,34.32748,2005.50583,-3111.86646,0.70711,-0.70711,0,0;
custom,cuboid,arena2tex,0.26445,0.1,0.33427,1,0,1,1,1,1,34.32748,1994.49417,-3080.17578,0.70711,-0.70711,0,0;
custom,cuboid,arena2tex,0.28284,0.1,3.1047,1,0,1,1,1,1,34.32748,2000,-3095.85999,0.69552,-0.69552,-0.12749,-0.12749;
custom,prism,arena2tex,0.374,0.1,0.21593,1,0,1,1,1,1,34.30748,2006.14553,-3113.94545,-0.65328,0.65328,-0.2706,-0.2706;
custom,prism,arena2tex,0.374,0.1,0.21593,1,0,1,1,1,1,34.30748,1993.85448,-3077.77452,-0.2706,0.2706,0.65328,0.65328;

custom,cuboid,arena2tex,0.26446,0.1,0.33428,1,0,0.66,1,1,1,29.60744,2018.22327,-3145.87891,0.83147,-0.55557,0,0;
custom,cuboid,arena2tex,0.26446,0.1,0.33428,1,0,0.66,1,1,1,33.82147,2008.04978,-3114.18854,0.83147,-0.55557,0,0;
custom,cuboid,arena2tex,0.28284,0.1,3.1047,1,0,0.66,1,1,1,31.71446,2013.1366,-3129.87274,0.81784,-0.54647,-0.14991,-0.10017;
custom,prism,arena2tex,0.374,0.1,0.21593,1,0,0.66,1,1,1,29.34418,2018.80659,-3147.9579,-0.76818,0.51328,-0.31819,-0.21261;
custom,prism,arena2tex,0.374,0.1,0.21593,1,0,0.66,1,1,1,34.04779,2007.45115,-3111.78728,-0.31819,0.21261,0.76818,0.51328;

custom,cuboid,arena2tex,0.26446,0.1,0.33428,1,0,0.33,1,1,1,20.37994,2028.16651,-3179.89166,0.92388,-0.38268,0,0;
custom,cuboid,arena2tex,0.26446,0.1,0.33428,1,0,0.33,1,1,1,28.16644,2020.37995,-3148.20129,0.92388,-0.38268,0,0;
custom,cuboid,arena2tex,0.28284,0.1,3.1047,1,0,0.33,1,1,1,24.2732,2024.27323,-3163.88519,0.90874,-0.37641,-0.16657,-0.069;
custom,prism,arena2tex,0.374,0.1,0.21593,1,0,0.33,1,1,1,19.91349,2028.60456,-3181.97066,-0.85355,0.35355,-0.35355,-0.14645;
custom,prism,arena2tex,0.374,0.1,0.21593,1,0,0.33,1,1,1,28.60462,2019.91346,-3145.80004,-0.35355,0.14645,0.85355,0.35355;

custom,cuboid,arena2tex,0.26445,0.1,0.33428,1,0,0,1,1,1,8.04978,2033.82141,-3213.90442,0.98079,-0.19509,0,0;
custom,cuboid,arena2tex,0.26445,0.1,0.33428,1,0,0,1,1,1,18.22333,2029.60739,-3182.21405,0.98079,-0.19509,0,0;
custom,cuboid,arena2tex,0.28284,0.1,3.1047,1,0,0,1,1,1,13.13656,2031.71448,-3197.89795,0.96471,-0.19189,-0.17683,-0.03517;
custom,prism,arena2tex,0.374,0.1,0.21593,1,0,0,1,1,1,7.45115,2034.04787,-3215.98341,0.90613,-0.18024,0.37533,0.07466;
custom,prism,arena2tex,0.374,0.1,0.21593,1,0,0,1,1,1,18.80665,2029.34414,-3179.81249,-0.37533,0.07466,0.90613,0.18024;

custom,cuboid,arena2tex,0.26445,0.1,0.33428,1,0.33,0,1,1,1,-5.50589,2034.32755,-3247.91718,1,0,0,0;
custom,cuboid,arena2tex,0.26445,0.1,0.33428,1,0.33,0,1,1,1,5.50588,2034.32755,-3216.2265,1,0,0,0;
custom,cuboid,arena2tex,0.28284,0.1,3.1047,1,0.33,0,1,1,1,0,2034.32755,-3231.91071,0.98361,0,-0.18029,0;
custom,prism,arena2tex,0.374,0.1,0.21593,1,0.33,0,1,1,1,-6.14555,2034.30755,-3249.99617,-0.92388,0,-0.38268,0;
custom,prism,arena2tex,0.374,0.1,0.21593,1,0.33,0,1,1,1,6.14554,2034.30755,-3213.82524,-0.38268,0,0.92388,0;

custom,cuboid,arena2tex,0.26445,0.1,0.33428,1,0.66,0,1,1,1,-18.22334,2029.60739,-3281.92963,0.98079,0.19509,0,0;
custom,cuboid,arena2tex,0.26446,0.1,0.33428,1,0.66,0,1,1,1,-8.04979,2033.82141,-3250.23926,0.98079,0.19509,0,0;
custom,cuboid,arena2tex,0.28284,0.1,3.1047,1,0.66,0,1,1,1,-13.13656,2031.71448,-3265.92346,0.96471,0.19189,-0.17683,0.03517;
custom,prism,arena2tex,0.374,0.1,0.21593,1,0.66,0,1,1,1,-18.80666,2029.34414,-3284.00892,0.90613,0.18024,0.37533,-0.07466;
custom,prism,arena2tex,0.374,0.1,0.21593,1,0.66,0,1,1,1,-7.45116,2034.04771,-3247.838,-0.37533,-0.07466,0.90613,-0.18024;

custom,cuboid,arena2tex,0.26445,0.1,0.33428,1,1,0,1,1,1,-28.16644,2020.37995,-3315.94238,0.92388,0.38268,0,0;
custom,cuboid,arena2tex,0.26446,0.1,0.33428,1,1,0,1,1,1,-20.37994,2028.16651,-3284.25201,0.92388,0.38268,0,0;
custom,cuboid,arena2tex,0.28284,0.1,3.1047,1,1,0,1,1,1,-24.27319,2024.27323,-3299.93622,0.90874,0.37641,-0.16657,0.069;
custom,prism,arena2tex,0.374,0.1,0.21593,1,1,0,1,1,1,-28.60461,2019.91346,-3318.02138,-0.85355,-0.35355,-0.35355,0.14645;
custom,prism,arena2tex,0.374,0.1,0.21593,1,1,0,1,1,1,-19.91349,2028.60456,-3281.85076,-0.35355,-0.14645,0.85355,-0.35355;

custom,cuboid,arena2tex,0.26445,0.1,0.33428,1,1,0,0.66,1,1,-33.82146,2008.04978,-3349.95514,0.83147,0.55557,0,0;
custom,cuboid,arena2tex,0.26445,0.1,0.33428,1,1,0,0.66,1,1,-29.60744,2018.22327,-3318.26477,0.83147,0.55557,0,0;
custom,cuboid,arena2tex,0.28284,0.1,3.1047,1,1,0,0.66,1,1,-31.71446,2013.1366,-3333.94897,0.81784,0.54647,-0.14991,0.10017;
custom,prism,arena2tex,0.374,0.1,0.21593,1,1,0,0.66,1,1,-34.04778,2007.45115,-3352.03413,-0.76818,-0.51328,-0.31819,0.21261;
custom,prism,arena2tex,0.374,0.1,0.21593,1,1,0,0.66,1,1,-29.34418,2018.80659,-3315.86351,-0.31819,-0.21261,0.76818,-0.51328;

custom,cuboid,arena2tex,0.26445,0.1,0.33427,1,1,0,0.33,1,1,-34.32747,1994.49417,-3383.9679,0.70711,0.70711,0,0;
custom,cuboid,arena2tex,0.26445,0.1,0.33427,1,1,0,0.33,1,1,-34.32747,2005.50583,-3352.27753,0.70711,0.70711,0,0;
custom,cuboid,arena2tex,0.28284,0.1,3.1047,1,1,0,0.33,1,1,-34.32748,2000,-3367.96143,-0.69552,-0.69552,0.12749,-0.12749;
custom,prism,arena2tex,0.374,0.1,0.21593,1,1,0,0.33,1,1,-34.30748,1993.85448,-3386.04689,-0.65328,-0.65328,-0.2706,0.2706;
custom,prism,arena2tex,0.374,0.1,0.21593,1,1,0,0.33,1,1,-34.30748,2006.14553,-3349.87627,-0.2706,-0.2706,0.65328,-0.65328;

custom,cuboid,arena2tex,0.26445,0.1,0.33427,1,1,0,0,1,1,-29.60744,1981.77674,-3417.98065,0.55557,0.83147,0,0;
custom,cuboid,arena2tex,0.26445,0.1,0.33427,1,1,0,0,1,1,-33.82146,1991.95023,-3386.28998,0.55557,0.83147,0,0;
custom,cuboid,arena2tex,0.28284,0.1,3.1047,1,1,0,0,1,1,-31.71446,1986.86341,-3401.97418,0.54647,0.81784,-0.10017,0.14991;
custom,prism,arena2tex,0.374,0.1,0.21593,1,1,0,0,1,1,-29.34418,1981.19342,-3420.05964,-0.51328,-0.76818,-0.21261,0.31819;
custom,prism,arena2tex,0.374,0.1,0.21593,1,1,0,0,1,1,-34.04778,1992.54886,-3383.88872,-0.21261,-0.31819,0.51328,-0.76818;

custom,cuboid,arena2tex,0.26445,0.1,0.33427,1,1,0.33,0,1,1,-20.37994,1971.8335,-3451.99341,0.38268,0.92388,0,0;
custom,cuboid,arena2tex,0.26445,0.1,0.33427,1,1,0.33,0,1,1,-28.16643,1979.62006,-3420.30273,0.38268,0.92388,0,0;
custom,cuboid,arena2tex,0.28284,0.1,3.1047,1,1,0.33,0,1,1,-24.2732,1975.72678,-3435.98694,0.37641,0.90874,-0.069,0.16657;
custom,prism,arena2tex,0.374,0.1,0.21593,1,1,0.33,0,1,1,-19.91349,1971.39544,-3454.0724,-0.35355,-0.85355,-0.14645,0.35355;
custom,prism,arena2tex,0.374,0.1,0.21593,1,1,0.33,0,1,1,-28.60461,1980.08655,-3417.90148,0.14645,0.35355,-0.35355,0.85355;

custom,cuboid,arena2tex,0.26445,0.1,0.33428,1,1,0.66,0,1,1,-8.04978,1966.17859,-3486.00586,0.19509,0.98079,0,0;
custom,cuboid,arena2tex,0.26445,0.1,0.33428,1,1,0.66,0,1,1,-18.22332,1970.39261,-3454.31549,0.19509,0.98079,0,0;
custom,cuboid,arena2tex,0.28284,0.1,3.1047,1,1,0.66,0,1,1,-13.13656,1968.28552,-3469.99969,0.19189,0.96471,-0.03517,0.17683;
custom,prism,arena2tex,0.374,0.1,0.21593,1,1,0.66,0,1,1,-7.45115,1965.95229,-3488.08485,-0.18024,-0.90613,-0.07466,0.37533;
custom,prism,arena2tex,0.374,0.1,0.21593,1,1,0.66,0,1,1,-18.80665,1970.65586,-3451.91423,-0.07466,-0.37533,0.18024,-0.90613;





custom,cuboid,arena2tex,0.26445,0.1,0.33427,1,0,1,1,1,1,34.32748,2005.50583,-2975.81543,0.70711,-0.70711,0,0;
custom,cuboid,arena2tex,0.26445,0.1,0.33427,1,0,1,1,1,1,34.32748,1994.49417,-2944.12506,0.70711,-0.70711,0,0;
custom,cuboid,arena2tex,0.28284,0.1,3.1047,1,0,1,1,1,1,34.32748,2000,-2959.80927,0.69552,-0.69552,-0.12749,-0.12749;
custom,prism,arena2tex,0.374,0.1,0.21593,1,0,1,1,1,1,34.30748,2006.14553,-2977.89473,-0.65328,0.65328,-0.2706,-0.2706;
custom,prism,arena2tex,0.374,0.1,0.21593,1,0,1,1,1,1,34.30747,1993.85448,-2941.7238,-0.2706,0.2706,0.65328,0.65328;

custom,cuboid,arena2tex,0.26446,0.1,0.33428,1,0,0.66,1,1,1,29.60744,2018.22327,-3009.82819,0.83147,-0.55557,0,0;
custom,cuboid,arena2tex,0.26446,0.1,0.33428,1,0,0.66,1,1,1,33.82146,2008.04978,-2978.13782,0.83147,-0.55557,0,0;
custom,cuboid,arena2tex,0.28284,0.1,3.1047,1,0,0.66,1,1,1,31.71446,2013.1366,-2993.82202,0.81784,-0.54647,-0.14991,-0.10017;
custom,prism,arena2tex,0.374,0.1,0.21593,1,0,0.66,1,1,1,29.34418,2018.80659,-3011.90718,-0.76818,0.51328,-0.31819,-0.21261;
custom,prism,arena2tex,0.374,0.1,0.21593,1,0,0.66,1,1,1,34.04778,2007.45115,-2975.73656,-0.31819,0.21261,0.76818,0.51328;

custom,cuboid,arena2tex,0.26446,0.1,0.33428,1,0,0.33,1,1,1,20.37993,2028.16651,-3043.84094,0.92388,-0.38268,0,0;
custom,cuboid,arena2tex,0.26446,0.1,0.33428,1,0,0.33,1,1,1,28.16644,2020.37995,-3012.15057,0.92388,-0.38268,0,0;
custom,cuboid,arena2tex,0.28284,0.1,3.1047,1,0,0.33,1,1,1,24.2732,2024.27323,-3027.83447,0.90874,-0.37641,-0.16657,-0.069;
custom,prism,arena2tex,0.374,0.1,0.21593,1,0,0.33,1,1,1,19.91349,2028.60456,-3045.91994,-0.85355,0.35355,-0.35355,-0.14645;
custom,prism,arena2tex,0.374,0.1,0.21593,1,0,0.33,1,1,1,28.60461,2019.91346,-3009.74932,-0.35355,0.14645,0.85355,0.35355;

custom,cuboid,arena2tex,0.26445,0.1,0.33428,1,0,0,1,1,1,8.04978,2033.82141,-3077.8537,0.98079,-0.19509,0,0;
custom,cuboid,arena2tex,0.26445,0.1,0.33428,1,0,0,1,1,1,18.22333,2029.60739,-3046.16333,0.98079,-0.19509,0,0;
custom,cuboid,arena2tex,0.28284,0.1,3.1047,1,0,0,1,1,1,13.13656,2031.7145,-3061.84723,0.96471,-0.19189,-0.17683,-0.03517;
custom,prism,arena2tex,0.374,0.1,0.21593,1,0,0,1,1,1,7.45115,2034.04771,-3079.93269,0.90613,-0.18024,0.37533,0.07466;
custom,prism,arena2tex,0.374,0.1,0.21593,1,0,0,1,1,1,18.80665,2029.34414,-3043.76177,-0.37533,0.07466,0.90613,0.18024;

custom,cuboid,arena2tex,0.26445,0.1,0.33428,1,0.33,0,1,1,1,-5.50589,2034.32755,-3111.86646,1,0,0,0;
custom,cuboid,arena2tex,0.26445,0.1,0.33428,1,0.33,0,1,1,1,5.50588,2034.32755,-3080.17578,1,0,0,0;
custom,cuboid,arena2tex,0.28284,0.1,3.1047,1,0.33,0,1,1,1,0,2034.32755,-3095.85999,0.98361,0,-0.18029,0;
custom,prism,arena2tex,0.374,0.1,0.21593,1,0.33,0,1,1,1,-6.14555,2034.30755,-3113.94545,-0.92388,0,-0.38268,0;
custom,prism,arena2tex,0.374,0.1,0.21593,1,0.33,0,1,1,1,6.14554,2034.30757,-3077.77452,-0.38268,0,0.92388,0;

custom,cuboid,arena2tex,0.26445,0.1,0.33428,1,0.66,0,1,1,1,-18.22334,2029.60739,-3145.87891,0.98079,0.19509,0,0;
custom,cuboid,arena2tex,0.26446,0.1,0.33428,1,0.66,0,1,1,1,-8.04979,2033.82141,-3114.18854,0.98079,0.19509,0,0;
custom,cuboid,arena2tex,0.28284,0.1,3.1047,1,0.66,0,1,1,1,-13.13655,2031.71448,-3129.87274,0.96471,0.19189,-0.17683,0.03517;
custom,prism,arena2tex,0.374,0.1,0.21593,1,0.66,0,1,1,1,-18.80665,2029.34414,-3147.9579,0.90613,0.18024,0.37533,-0.07466;
custom,prism,arena2tex,0.374,0.1,0.21593,1,0.66,0,1,1,1,-7.45116,2034.04787,-3111.78728,-0.37533,-0.07466,0.90613,-0.18024;

custom,cuboid,arena2tex,0.26445,0.1,0.33428,1,1,0,1,1,1,-28.16644,2020.37995,-3179.89166,0.92388,0.38268,0,0;
custom,cuboid,arena2tex,0.26446,0.1,0.33428,1,1,0,1,1,1,-20.37995,2028.16651,-3148.20129,0.92388,0.38268,0,0;
custom,cuboid,arena2tex,0.28284,0.1,3.1047,1,1,0,1,1,1,-24.27318,2024.27323,-3163.88519,0.90874,0.37641,-0.16657,0.069;
custom,prism,arena2tex,0.374,0.1,0.21593,1,1,0,1,1,1,-28.60461,2019.91346,-3181.97066,-0.85355,-0.35355,-0.35355,0.14645;
custom,prism,arena2tex,0.374,0.1,0.21593,1,1,0,1,1,1,-19.91349,2028.60456,-3145.80004,-0.35355,-0.14645,0.85355,-0.35355;

custom,cuboid,arena2tex,0.26445,0.1,0.33428,1,1,0,0.66,1,1,-33.82147,2008.04978,-3213.90442,0.83147,0.55557,0,0;
custom,cuboid,arena2tex,0.26445,0.1,0.33428,1,1,0,0.66,1,1,-29.60745,2018.22327,-3182.21405,0.83147,0.55557,0,0;
custom,cuboid,arena2tex,0.28284,0.1,3.1047,1,1,0,0.66,1,1,-31.71446,2013.1366,-3197.89795,0.81784,0.54647,-0.14991,0.10017;
custom,prism,arena2tex,0.374,0.1,0.21593,1,1,0,0.66,1,1,-34.04779,2007.45115,-3215.98341,-0.76818,-0.51328,-0.31819,0.21261;
custom,prism,arena2tex,0.374,0.1,0.21593,1,1,0,0.66,1,1,-29.34418,2018.80659,-3179.81249,-0.31819,-0.21261,0.76818,-0.51328;

custom,cuboid,arena2tex,0.26445,0.1,0.33427,1,1,0,0.33,1,1,-34.32748,1994.49417,-3247.91718,0.70711,0.70711,0,0;
custom,cuboid,arena2tex,0.26445,0.1,0.33427,1,1,0,0.33,1,1,-34.32748,2005.50583,-3216.2265,0.70711,0.70711,0,0;
custom,cuboid,arena2tex,0.28284,0.1,3.1047,1,1,0,0.33,1,1,-34.32748,2000,-3231.91071,0.69552,0.69552,-0.12749,0.12749;
custom,prism,arena2tex,0.374,0.1,0.21593,1,1,0,0.33,1,1,-34.30748,1993.85448,-3249.99617,-0.65328,-0.65328,-0.2706,0.2706;
custom,prism,arena2tex,0.374,0.1,0.21593,1,1,0,0.33,1,1,-34.30748,2006.14553,-3213.82524,-0.2706,-0.2706,0.65328,-0.65328;

custom,cuboid,arena2tex,0.26445,0.1,0.33427,1,1,0,0,1,1,-29.60744,1981.77674,-3281.92963,0.55557,0.83147,0,0;
custom,cuboid,arena2tex,0.26445,0.1,0.33427,1,1,0,0,1,1,-33.82147,1991.95023,-3250.23926,0.55557,0.83147,0,0;
custom,cuboid,arena2tex,0.28284,0.1,3.1047,1,1,0,0,1,1,-31.71446,1986.86341,-3265.92346,0.54647,0.81784,-0.10017,0.14991;
custom,prism,arena2tex,0.374,0.1,0.21593,1,1,0,0,1,1,-29.34418,1981.19342,-3284.00892,-0.51328,-0.76818,-0.21261,0.31819;
custom,prism,arena2tex,0.374,0.1,0.21593,1,1,0,0,1,1,-34.04778,1992.54886,-3247.838,-0.21261,-0.31819,0.51328,-0.76818;

custom,cuboid,arena2tex,0.26445,0.1,0.33427,1,1,0.33,0,1,1,-20.37993,1971.8335,-3315.94238,0.38268,0.92388,0,0;
custom,cuboid,arena2tex,0.26445,0.1,0.33427,1,1,0.33,0,1,1,-28.16644,1979.62006,-3284.25201,0.38268,0.92388,0,0;
custom,cuboid,arena2tex,0.28284,0.1,3.1047,1,1,0.33,0,1,1,-24.2732,1975.72678,-3299.93622,0.37641,0.90874,-0.069,0.16657;
custom,prism,arena2tex,0.374,0.1,0.21593,1,1,0.33,0,1,1,-19.91349,1971.39544,-3318.02138,-0.35355,-0.85355,-0.14645,0.35355;
custom,prism,arena2tex,0.374,0.1,0.21593,1,1,0.33,0,1,1,-28.60462,1980.08655,-3281.85076,0.14645,0.35355,-0.35355,0.85355;

custom,cuboid,arena2tex,0.26445,0.1,0.33428,1,1,0.66,0,1,1,-8.04978,1966.17859,-3349.95514,0.19509,0.98079,0,0;
custom,cuboid,arena2tex,0.26445,0.1,0.33428,1,1,0.66,0,1,1,-18.22332,1970.39261,-3318.26477,0.19509,0.98079,0,0;
custom,cuboid,arena2tex,0.28284,0.1,3.1047,1,1,0.66,0,1,1,-13.13656,1968.28552,-3333.94897,0.19189,0.96471,-0.03517,0.17683;
custom,prism,arena2tex,0.374,0.1,0.21593,1,1,0.66,0,1,1,-7.45115,1965.95229,-3352.03413,-0.18024,-0.90613,-0.07466,0.37533;
custom,prism,arena2tex,0.374,0.1,0.21593,1,1,0.66,0,1,1,-18.80665,1970.65586,-3315.86351,-0.07466,-0.37533,0.18024,-0.90613;

custom,cuboid,arena2tex,0.26445,0.1,0.33428,1,1,1,0,1,1,5.50589,1965.67246,-3383.9679,0,1,0,0;
custom,cuboid,arena2tex,0.26445,0.1,0.33428,1,1,1,0,1,1,-5.50588,1965.67246,-3352.27753,0,1,0,0;
custom,cuboid,arena2tex,0.28284,0.1,3.1047,1,1,1,0,1,1,0,1965.67246,-3367.96143,0,-0.98361,0,-0.18029;
custom,prism,arena2tex,0.374,0.1,0.21593,1,1,1,0,1,1,6.14555,1965.69246,-3386.04689,0,-0.92388,0,0.38268;
custom,prism,arena2tex,0.374,0.1,0.21593,1,1,1,0,1,1,-6.14554,1965.69246,-3349.87627,0,-0.38268,0,-0.92388;

custom,cuboid,arena2tex,0.26446,0.1,0.33428,1,1,1,0.33,1,1,18.22334,1970.39261,-3417.98065,-0.19509,0.98079,0,0;
custom,cuboid,arena2tex,0.26446,0.1,0.33428,1,1,1,0.33,1,1,8.04979,1966.17859,-3386.28998,-0.19509,0.98079,0,0;
custom,cuboid,arena2tex,0.28284,0.1,3.1047,1,1,1,0.33,1,1,13.13655,1968.28552,-3401.97418,-0.19189,0.96471,0.03517,0.17683;
custom,prism,arena2tex,0.374,0.1,0.21593,1,1,1,0.33,1,1,18.80666,1970.65586,-3420.05964,0.18024,-0.90613,0.07466,0.37533;
custom,prism,arena2tex,0.374,0.1,0.21593,1,1,1,0.33,1,1,7.45116,1965.95229,-3383.88872,0.07466,-0.37533,-0.18024,-0.90613;

custom,cuboid,arena2tex,0.26446,0.1,0.33428,1,1,1,0.66,1,1,28.16644,1979.62006,-3451.99341,-0.38268,0.92388,0,0;
custom,cuboid,arena2tex,0.26446,0.1,0.33428,1,1,1,0.66,1,1,20.37995,1971.8335,-3420.30273,-0.38268,0.92388,0,0;
custom,cuboid,arena2tex,0.28284,0.1,3.1047,1,1,1,0.66,1,1,24.27319,1975.72678,-3435.98694,-0.37641,0.90874,0.069,0.16657;
custom,prism,arena2tex,0.374,0.1,0.21593,1,1,1,0.66,1,1,28.60461,1980.08655,-3454.0724,0.35355,-0.85355,0.14645,0.35355;
custom,prism,arena2tex,0.374,0.1,0.21593,1,1,1,0.66,1,1,19.91349,1971.39544,-3417.90148,0.14645,-0.35355,-0.35355,-0.85355;

custom,cuboid,arena2tex,0.26446,0.1,0.33428,1,1,1,1,1,1,33.82147,1991.95023,-3486.00586,-0.55557,0.83147,0,0;
custom,cuboid,arena2tex,0.26445,0.1,0.33428,1,1,1,1,1,1,29.60744,1981.77674,-3454.31549,-0.55557,0.83147,0,0;
custom,cuboid,arena2tex,0.28284,0.1,3.1047,1,1,1,1,1,1,31.71445,1986.86341,-3469.99969,-0.54647,0.81784,0.10017,0.14991;
custom,prism,arena2tex,0.374,0.1,0.21593,1,1,1,1,1,1,34.04778,1992.54886,-3488.08485,0.51328,-0.76818,0.21261,0.31819;
custom,prism,arena2tex,0.374,0.1,0.21593,1,1,1,1,1,1,29.34418,1981.19342,-3451.91423,0.21261,-0.31819,-0.51328,-0.76818;





custom,killcylinder,empty,8,0,8,1,0,0,0,0,0,0,2000,-3489.99939,-0.70711,0,0,0.70711;

custom,cuboid,OutsidePillars,2,2,2,1,0,1,0.5,0.35,1,29.47452,2029.47447,-4150.18982,0,0,-0.38268,0.92388;
custom,cuboid,OutsidePillars,2,2,2,1,0,1,0.5,0.35,1,29.47447,1970.52547,-4150.18951,0,0,-0.92388,0.38268;
custom,cuboid,OutsidePillars,2,2,2,1,0,1,0.5,0.35,1,-29.47453,1970.52554,-4150.18921,0,0,-0.92388,-0.38268;
custom,cuboid,OutsidePillars,2,2,2,1,0,1,0.5,0.35,1,-29.47446,2029.47453,-4150.1889,0,0,-0.38268,-0.92388;
custom,cuboid,OutsidePillars,2,2,2,1,0,0.5,1,0.35,1,41.68323,1999.99996,-4050.18982,0,0,-0.70711,0.70711;
custom,cuboid,OutsidePillars,2,2,2,1,0,0.5,1,0.35,1,-0.00004,1958.31677,-4050.18951,0,0,-1,0;
custom,cuboid,OutsidePillars,2,2,2,1,0,0.5,1,0.35,1,-41.68324,2000.00005,-4050.18921,0,0,-0.70711,-0.70711;
custom,cuboid,OutsidePillars,2,2,2,1,0,0.5,1,0.35,1,0.00005,2041.68323,-4050.1889,0,0,0,-1;
custom,cuboid,OutsidePillars,2,2,2,1,0.5,0,1,0.35,1,29.47452,2029.47447,-3950.18982,0,0,-0.38268,0.92388;
custom,cuboid,OutsidePillars,2,2,2,1,0.5,0,1,0.35,1,29.47447,1970.52547,-3950.18951,0,0,-0.92388,0.38268;
custom,cuboid,OutsidePillars,2,2,2,1,0.5,0,1,0.35,1,-29.47453,1970.52554,-3950.18921,0,0,-0.92388,-0.38268;
custom,cuboid,OutsidePillars,2,2,2,1,0.5,0,1,0.35,1,-29.47446,2029.47453,-3950.1889,0,0,-0.38268,-0.92388;
custom,cuboid,OutsidePillars,2,2,2,1,1,0,0.5,0.35,1,41.68323,1999.99996,-3850.18982,0,0,-0.70711,0.70711;
custom,cuboid,OutsidePillars,2,2,2,1,1,0,0.5,0.35,1,-0.00004,1958.31677,-3850.18951,0,0,-1,0;
custom,cuboid,OutsidePillars,2,2,2,1,1,0,0.5,0.35,1,-41.68324,2000.00005,-3850.18921,0,0,-0.70711,-0.70711;
custom,cuboid,OutsidePillars,2,2,2,1,1,0,0.5,0.35,1,0.00005,2041.68323,-3850.1889,0,0,0,-1;
custom,cuboid,OutsidePillars,2,2,2,1,1,0.5,0,0.35,1,29.47452,2029.47447,-3750.18982,0,0,-0.38268,0.92388;
custom,cuboid,OutsidePillars,2,2,2,1,1,0.5,0,0.35,1,29.47447,1970.52547,-3750.18951,0,0,-0.92388,0.38268;
custom,cuboid,OutsidePillars,2,2,2,1,1,0.5,0,0.35,1,-29.47453,1970.52554,-3750.18921,0,0,-0.92388,-0.38268;
custom,cuboid,OutsidePillars,2,2,2,1,1,0.5,0,0.35,1,-29.47446,2029.47453,-3750.1889,0,0,-0.38268,-0.92388;

custom,cuboid,arena2tex,2,2,0.2,1,0,1,0.5,1,1,29.47452,2029.47447,-4161.18988,0,0,-0.38268,0.92388;
custom,cuboid,arena2tex,2,2,0.2,1,0,1,0.5,1,1,29.47447,1970.52547,-4161.18958,0,0,-0.92388,0.38268;
custom,cuboid,arena2tex,2,2,0.2,1,0,1,0.5,1,1,-29.47453,1970.52554,-4161.18927,0,0,-0.92388,-0.38268;
custom,cuboid,arena2tex,2,2,0.2,1,0,1,0.5,1,1,-29.47446,2029.47453,-4161.18896,0,0,-0.38268,-0.92388;
custom,cuboid,arena2tex,2,2,0.2,1,0,1,0.5,1,1,29.47452,2029.47447,-4139.18976,0,0,-0.38268,0.92388;
custom,cuboid,arena2tex,2,2,0.2,1,0,1,0.5,1,1,29.47447,1970.52547,-4139.18945,0,0,-0.92388,0.38268;
custom,cuboid,arena2tex,2,2,0.2,1,0,1,0.5,1,1,-29.47453,1970.52554,-4139.18915,0,0,-0.92388,-0.38268;
custom,cuboid,arena2tex,2,2,0.2,1,0,1,0.5,1,1,-29.47446,2029.47453,-4139.18884,0,0,-0.38268,-0.92388;
custom,cuboid,arena2tex,2,2,0.2,1,0,0.5,1,1,1,41.68323,1999.99996,-4061.18988,0,0,-0.70711,0.70711;
custom,cuboid,arena2tex,2,2,0.2,1,0,0.5,1,1,1,-0.00004,1958.31677,-4061.18958,0,0,-1,0;
custom,cuboid,arena2tex,2,2,0.2,1,0,0.5,1,1,1,-41.68324,2000.00005,-4061.18927,0,0,-0.70711,-0.70711;
custom,cuboid,arena2tex,2,2,0.2,1,0,0.5,1,1,1,0.00005,2041.68323,-4061.18896,0,0,0,-1;
custom,cuboid,arena2tex,2,2,0.2,1,0,0.5,1,1,1,41.68323,1999.99996,-4039.18976,0,0,-0.70711,0.70711;
custom,cuboid,arena2tex,2,2,0.2,1,0,0.5,1,1,1,-0.00004,1958.31677,-4039.18945,0,0,-1,0;
custom,cuboid,arena2tex,2,2,0.2,1,0,0.5,1,1,1,-41.68324,2000.00005,-4039.18915,0,0,-0.70711,-0.70711;
custom,cuboid,arena2tex,2,2,0.2,1,0,0.5,1,1,1,0.00005,2041.68323,-4039.18884,0,0,0,-1;
custom,cuboid,arena2tex,2,2,0.2,1,0.5,0,1,1,1,29.47452,2029.47447,-3961.18988,0,0,-0.38268,0.92388;
custom,cuboid,arena2tex,2,2,0.2,1,0.5,0,1,1,1,29.47447,1970.52547,-3961.18958,0,0,-0.92388,0.38268;
custom,cuboid,arena2tex,2,2,0.2,1,0.5,0,1,1,1,-29.47453,1970.52554,-3961.18927,0,0,-0.92388,-0.38268;
custom,cuboid,arena2tex,2,2,0.2,1,0.5,0,1,1,1,-29.47446,2029.47453,-3961.18896,0,0,-0.38268,-0.92388;
custom,cuboid,arena2tex,2,2,0.2,1,0.5,0,1,1,1,29.47452,2029.47447,-3939.18976,0,0,-0.38268,0.92388;
custom,cuboid,arena2tex,2,2,0.2,1,0.5,0,1,1,1,29.47447,1970.52547,-3939.18945,0,0,-0.92388,0.38268;
custom,cuboid,arena2tex,2,2,0.2,1,0.5,0,1,1,1,-29.47453,1970.52554,-3939.18915,0,0,-0.92388,-0.38268;
custom,cuboid,arena2tex,2,2,0.2,1,0.5,0,1,1,1,-29.47446,2029.47453,-3939.18884,0,0,-0.38268,-0.92388;
custom,cuboid,arena2tex,2,2,0.2,1,1,0,0.5,1,1,41.68323,1999.99996,-3861.18988,0,0,-0.70711,0.70711;
custom,cuboid,arena2tex,2,2,0.2,1,1,0,0.5,1,1,-0.00004,1958.31677,-3861.18958,0,0,-1,0;
custom,cuboid,arena2tex,2,2,0.2,1,1,0,0.5,1,1,-41.68324,2000.00005,-3861.18927,0,0,-0.70711,-0.70711;
custom,cuboid,arena2tex,2,2,0.2,1,1,0,0.5,1,1,0.00005,2041.68323,-3861.18896,0,0,0,-1;
custom,cuboid,arena2tex,2,2,0.2,1,1,0,0.5,1,1,41.68323,1999.99996,-3839.18976,0,0,-0.70711,0.70711;
custom,cuboid,arena2tex,2,2,0.2,1,1,0,0.5,1,1,-0.00004,1958.31677,-3839.18945,0,0,-1,0;
custom,cuboid,arena2tex,2,2,0.2,1,1,0,0.5,1,1,-41.68324,2000.00005,-3839.18915,0,0,-0.70711,-0.70711;
custom,cuboid,arena2tex,2,2,0.2,1,1,0,0.5,1,1,0.00005,2041.68323,-3839.18884,0,0,0,-1;
custom,cuboid,arena2tex,2,2,0.2,1,1,0.5,0,1,1,29.47452,2029.47447,-3761.18988,0,0,-0.38268,0.92388;
custom,cuboid,arena2tex,2,2,0.2,1,1,0.5,0,1,1,29.47447,1970.52547,-3761.18958,0,0,-0.92388,0.38268;
custom,cuboid,arena2tex,2,2,0.2,1,1,0.5,0,1,1,-29.47453,1970.52554,-3761.18927,0,0,-0.92388,-0.38268;
custom,cuboid,arena2tex,2,2,0.2,1,1,0.5,0,1,1,-29.47446,2029.47453,-3761.18896,0,0,-0.38268,-0.92388;
custom,cuboid,arena2tex,2,2,0.2,1,1,0.5,0,1,1,29.47452,2029.47447,-3739.18976,0,0,-0.38268,0.92388;
custom,cuboid,arena2tex,2,2,0.2,1,1,0.5,0,1,1,29.47447,1970.52547,-3739.18945,0,0,-0.92388,0.38268;
custom,cuboid,arena2tex,2,2,0.2,1,1,0.5,0,1,1,-29.47453,1970.52554,-3739.18915,0,0,-0.92388,-0.38268;
custom,cuboid,arena2tex,2,2,0.2,1,1,0.5,0,1,1,-29.47446,2029.47453,-3739.18884,0,0,-0.38268,-0.92388;



custom,tube,ice1,8.33333,2.77778,8.33333,1,0,0,0,0,0,1.23081,1998.3856,-4270.68982,-0.7037,-0.06931,-0.06931,-0.7037;








custom,tube,metal4,8.33333,2.77778,8.33333,1,1,1,1,0.4,0.8,-1.23082,1998.3856,-2709.30957,-0.06931,-0.7037,0.7037,0.06931;
custom,tube,empty,11.90476,2.77778,11.90477,1,0,0,0,0,0,-1.75831,1997.69372,-2709.30957,-0.06931,-0.7037,0.7037,0.06931;
custom,tube,ice1,8.16667,2.5,8.16667,1,0,0,0,0,0,-1.2062,1998.41789,-2709.35957,-0.06931,-0.7037,0.7037,0.06931;


custom,cuboid,empty,2.10168,14.01122,2,1,0,0,0,0,0,-59.54769,2000,-2709.80957,0,0,0,1;
custom,cuboid,empty,2.10168,14.01122,2,1,0,0,0,0,0,59.54766,2000,-2709.80957,0,0,0,1;
custom,cuboid,empty,2.10168,14.01122,2,1,0,0,0,0,0,0,2059.54768,-2709.80957,0,0,-0.70711,0.70711;
custom,cuboid,empty,2.10168,14.01122,2,1,0,0,0,0,0,-0.00001,1940.45232,-2709.80957,0,0,-0.70711,0.70711;
custom,cuboid,metal4,2,18.0112,2,1,1,1,1,0.05,0.45,-80.0561,1999.99998,-2709.80957,0,0,0,1;
custom,cuboid,metal4,2,18.0112,2,1,1,1,1,0.05,0.45,80.0561,1999.99998,-2709.80957,0,0,0,1;
custom,cuboid,metal4,2,18.0112,2,1,1,1,1,0.05,0.45,0,2080.05608,-2709.80957,0,0,-0.70711,0.70711;
custom,cuboid,metal4,2,18.0112,2,1,1,1,1,0.05,0.45,0,1919.94389,-2709.80957,0,0,-0.70711,0.70711;

custom,cuboid,ice1,11.63621,2.1,1.9,1,0,0,0,0,0,0,1948.8588,-2509.80957,0,0,0,1;
custom,cuboid,ice1,10.07737,2.1,1.9,1,0,0,0,0,0,-37.25555,2005.77316,-2509.80957,0,0,0.4597,0.88807;
custom,cuboid,ice1,10.07737,2.1,1.9,1,0,0,0,0,0,37.25557,2005.7732,-2509.80957,0,0,-0.4597,0.88807;


custom,cuboid,default,11.63621,2,2,1,0,0,0,0,0,0,1948.8588,-2509.80957,0,0,0,1;
custom,cuboid,default,10.07737,2,2,1,0,0,0,0,0,-37.25555,2005.77316,-2509.80957,0,0,0.4597,0.88807;
custom,cuboid,default,10.07737,2,2,1,0,0,0,0,0,37.25557,2005.7732,-2509.80957,0,0,-0.4597,0.88807;
custom,prism,default,3.26601,2,1.33333,1,0,0,0,0,0,-0.29228,2047.30822,-2510.20957,-0.70711,0,0,0.70711;
custom,prism,default,3.55229,2,1.06165,1,0,0,0,0,0,62.68838,1956.88362,-2510.20957,-0.36752,0.60409,-0.60409,0.36752;
custom,prism,default,3.55229,2,1.06165,1,0,0,0,0,0,-62.39612,1956.31891,-2510.20957,-0.36752,-0.60409,0.60409,0.36752;

custom,cuboid,default,2,18.0112,2,1,0,0,0,0,0,-80.0561,1999.99998,-2509.80957,0,0,0,1;
custom,cuboid,default,2,18.0112,2,1,0,0,0,0,0,80.0561,1999.99998,-2509.80957,0,0,0,1;
custom,cuboid,default,2,18.0112,2,1,0,0,0,0,0,0,2080.05608,-2509.80957,0,0,-0.70711,0.70711;
custom,cuboid,default,2,18.0112,2,1,0,0,0,0,0,0,1919.94389,-2509.80957,0,0,-0.70711,0.70711;
custom,cuboid,default,2,18.0112,2,1,0,0,0,0,0,0,2060.05608,-2509.80957,0,0,-0.70711,0.70711;
custom,cuboid,default,2,18.0112,2,1,0,0,0,0,0,0,1939.94389,-2509.80957,0,0,-0.70711,0.70711;
custom,cuboid,default,2,18.0112,2,1,0,0,0,0,0,68.18107,1999.99998,-2509.80957,0,0,0,1;
custom,cuboid,default,2,18.0112,2,1,0,0,0,0,0,-68.18107,1999.99998,-2509.80957,0,0,0,1;
custom,cuboid,default,8,2,2,1,0,0,0,0,0,-47.58879,2025.80092,-2509.80957,0,0,0.4597,0.88807;
custom,cuboid,default,5,2,2,1,0,0,0,0,0,-55.25866,2049.59532,-2509.80957,0,0,0.4597,0.88807;
custom,cuboid,default,8,2,2,1,0,0,0,0,0,47.58881,2025.80096,-2509.80957,0,0,-0.4597,0.88807;
custom,cuboid,default,5,2,2,1,0,0,0,0,0,55.25869,2049.59535,-2509.80957,0,0,-0.4597,0.88807;

custom,cuboid,metal4,14.0112,2,18,1,1,1,1,0.05,0.05,0,2080.05608,-2609.80957,0,0,0,1;
custom,cuboid,metal4,14.0112,2,18,1,1,1,1,0.05,0.05,0,1919.94389,-2609.80957,0,0,0,1;
custom,cuboid,medievalartilleryassets_texture-psd,2,18.0112,18,1,1,1,1,1,1,-80.0561,1999.99998,-2609.80957,0,0,0,1;
custom,cuboid,medievalartilleryassets_texture-psd,2,18.0112,18,1,1,1,1,1,1,80.0561,1999.99998,-2609.80957,0,0,0,1;

custom,cuboid,metal4,9.0056,1,1,1,1,1,1,0.45,0.05,-28.3041,1971.69588,-2609.80957,0,0,-0.38268,0.92388;
custom,cuboid,metal4,9.0056,1,1,1,1,1,1,0.45,0.05,28.3041,2028.30408,-2609.80957,0,0,-0.38268,0.92388;
custom,cuboid,metal4,1,9.0056,1,1,1,1,1,0.05,0.45,28.3041,1971.69588,-2609.80957,0,0,-0.38268,0.92388;
custom,cuboid,metal4,1,9.0056,1,1,1,1,1,0.05,0.45,-28.3041,2028.30408,-2609.80957,0,0,-0.38268,0.92388;
custom,cuboid,cannonregionmat,1.1,9.10561,0.9,1,1,1,1,0,0,-28.3041,2028.30408,-2609.80957,0,0,-0.38268,0.92388;
custom,cuboid,cannonregionmat,1.1,9.10561,0.9,1,1,1,1,0,0,28.3041,1971.69588,-2609.80957,0,0,-0.38268,0.92388;
custom,cuboid,cannonregionmat,9.10561,1.1,0.9,1,1,1,1,0,0,28.3041,2028.30408,-2609.80957,0,0,-0.38268,0.92388;
custom,cuboid,cannonregionmat,9.10561,1.1,0.9,1,1,1,1,0,0,-28.3041,1971.69588,-2609.80957,0,0,-0.38268,0.92388;
racing,checkpointcuboid,8,8,0.8,0,2000,-2609.80957,0,0,-0.38268,0.92388;






custom,cuboid,arena2tex,5.43926,1,141.42101,1,1,0,0,2,2,-353.55339,2356.83399,-1777.25189,-0.46194,-0.19134,0.19134,0.84462;
custom,cuboid,arena2tex,5.43926,1,136.09082,1,1,0.25,0,2,2,-326.357,2356.83399,-1750.05554,-0.44721,-0.20054,0.20054,0.84828;
custom,cuboid,arena2tex,5.43927,1,130.99527,1,1,0.5,0,2,2,-299.16058,2356.83399,-1722.85919,-0.4311,-0.21037,0.21037,0.85185;
custom,cuboid,arena2tex,5.43926,1,126.16322,1,1,0.75,0,2,2,-271.96417,2356.83399,-1695.66269,-0.4135,-0.22088,0.22088,0.85525;
custom,cuboid,arena2tex,5.43926,1,121.62607,1,1,1,0,2,2,-244.76776,2356.83399,-1668.46634,-0.39429,-0.23205,0.23205,0.85839;
custom,cuboid,arena2tex,5.43926,1,117.41799,1,1,1,0.25,2,2,-217.57133,2356.83399,-1641.26984,-0.37337,-0.2439,0.2439,0.86117;
custom,cuboid,arena2tex,5.43926,1,113.57558,1,1,1,0.5,2,2,-190.37493,2356.83399,-1614.07349,-0.35067,-0.25639,0.25639,0.86346;
custom,cuboid,arena2tex,5.43926,1,110.13709,1,1,1,0.75,2,2,-163.17852,2356.83399,-1586.87714,-0.32614,-0.26948,0.26948,0.8651;
custom,cuboid,arena2tex,5.43926,1,107.14146,1,1,1,1,2,2,-135.98209,2356.83399,-1559.68063,-0.29981,-0.28307,0.28307,0.86594;
custom,cuboid,arena2tex,5.43926,1,104.62671,1,0.75,1,0.75,2,2,-108.78569,2356.83399,-1532.48428,-0.27174,-0.29705,0.29705,0.86584;
custom,cuboid,arena2tex,5.43926,1,102.62817,1,0.5,1,0.5,2,2,-81.58927,2356.83399,-1505.28778,-0.24209,-0.31128,0.31128,0.86464;
custom,cuboid,arena2tex,5.43926,1,101.1765,1,0.25,1,0.25,2,2,-54.39283,2356.83399,-1478.09143,-0.2111,-0.32557,0.32557,0.86224;
custom,cuboid,arena2tex,5.43926,1,100.29543,1,0,1,0,2,2,-27.19645,2356.83399,-1450.89508,-0.17909,-0.33972,0.33972,0.85854;
custom,cuboid,arena2tex,5.43926,1,99.99999,1,0,1,0.25,2,2,0,2356.83399,-1423.69858,-0.14645,-0.35355,0.35355,0.85355;
custom,cuboid,arena2tex,5.43926,1,100.29541,1,0,1,0.5,2,2,27.1964,2356.83399,-1396.50223,-0.11358,-0.36686,0.36686,0.8473;
custom,cuboid,arena2tex,5.43926,1,101.17651,1,0,1,0.75,2,2,54.39282,2356.83399,-1369.30573,-0.08094,-0.37948,0.37948,0.8399;
custom,cuboid,arena2tex,5.43926,1,102.62801,1,0,1,1,2,2,81.58923,2356.83399,-1342.10938,-0.04892,-0.39129,0.39129,0.8315;
custom,cuboid,arena2tex,5.43926,1,104.62669,1,0,0.75,1,2,2,108.78565,2356.83399,-1314.91287,-0.0179,-0.40219,0.40219,0.82229;
custom,cuboid,arena2tex,5.43926,1,107.14145,1,0,0.5,1,2,2,135.98207,2356.83399,-1287.71652,0.01184,-0.41216,0.41216,0.81247;
custom,cuboid,arena2tex,5.43926,1,110.13708,1,0,0.25,1,2,2,163.17846,2356.83399,-1260.52017,0.04007,-0.42117,0.42117,0.80227;
custom,cuboid,arena2tex,5.43926,1,113.57558,1,0,0,1,2,2,190.37489,2356.83399,-1233.32367,0.06666,-0.42926,0.42926,0.79185;
custom,cuboid,arena2tex,5.43926,1,117.41796,1,0.25,0,1,2,2,217.5713,2356.83399,-1206.12732,0.09155,-0.43648,0.43648,0.78141;
custom,cuboid,arena2tex,5.43926,1,121.62605,1,0.5,0,1,2,2,244.76772,2356.83399,-1178.93082,0.11472,-0.44289,0.44289,0.77106;
custom,cuboid,arena2tex,5.43926,1,126.16322,1,0.75,0,1,2,2,271.96415,2356.83399,-1151.73447,0.1362,-0.44857,0.44857,0.76093;
custom,cuboid,arena2tex,5.43926,1,130.99527,1,1,0,1,2,2,299.16056,2356.83399,-1124.53796,0.15607,-0.45359,0.45359,0.7511;
custom,cuboid,arena2tex,5.43926,1,136.09084,1,1,0,0.75,2,2,326.35693,2356.83399,-1097.34161,0.17442,-0.45802,0.45802,0.74162;
custom,cuboid,arena2tex,5.43926,1,141.42136,1,1,0,0.5,2,2,353.55339,2356.83399,-1070.14526,0.19134,-0.46194,0.46194,0.73254;

custom,cuboid,arena2tex,5.43926,1,141.42102,1,1,0,0.5,2,2,-353.55339,2356.83399,-1777.25189,-0.19134,-0.46194,-0.46194,0.73254;
custom,cuboid,arena2tex,5.43926,1,136.09081,1,1,0,0.75,2,2,-326.357,2356.83399,-1750.05554,-0.17442,-0.45802,-0.45802,0.74162;
custom,cuboid,arena2tex,5.43926,1,130.99527,1,1,0,1,2,2,-299.16058,2356.83399,-1722.85919,-0.15607,-0.45359,-0.45359,0.7511;
custom,cuboid,arena2tex,5.43926,1,126.16321,1,0.75,0,1,2,2,-271.96417,2356.83399,-1695.66269,-0.1362,-0.44857,-0.44857,0.76093;
custom,cuboid,arena2tex,5.43926,1,121.62608,1,0.5,0,1,2,2,-244.76776,2356.83399,-1668.46634,-0.11472,-0.44289,-0.44289,0.77106;
custom,cuboid,arena2tex,5.43926,1,117.418,1,0.25,0,1,2,2,-217.57133,2356.83399,-1641.26984,-0.09155,-0.43648,-0.43648,0.78141;
custom,cuboid,arena2tex,5.43926,1,113.57557,1,0,0,1,2,2,-190.37493,2356.83399,-1614.07349,-0.06666,-0.42926,-0.42926,0.79185;
custom,cuboid,arena2tex,5.43926,1,110.13709,1,0,0.25,1,2,2,-163.17852,2356.83399,-1586.87714,-0.04007,-0.42117,-0.42117,0.80227;
custom,cuboid,arena2tex,5.43926,1,107.14144,1,0,0.5,1,2,2,-135.98209,2356.83399,-1559.68063,-0.01184,-0.41216,-0.41216,0.81247;
custom,cuboid,arena2tex,5.43926,1,104.62671,1,0,0.75,1,2,2,-108.78569,2356.83399,-1532.48428,0.0179,-0.40219,-0.40219,0.82229;
custom,cuboid,arena2tex,5.43926,1,102.62816,1,0,1,1,2,2,-81.58927,2356.83399,-1505.28778,0.04892,-0.39129,-0.39129,0.8315;
custom,cuboid,arena2tex,5.43926,1,101.17651,1,0,1,0.75,2,2,-54.39283,2356.83399,-1478.09143,0.08094,-0.37948,-0.37948,0.8399;
custom,cuboid,arena2tex,5.43926,1,100.29541,1,0,1,0.5,2,2,-27.19645,2356.83399,-1450.89508,0.11358,-0.36686,-0.36686,0.8473;
custom,cuboid,arena2tex,5.43926,1,99.99999,1,0,1,0.25,2,2,0,2356.83399,-1423.69858,0.14645,-0.35355,-0.35355,0.85355;
custom,cuboid,arena2tex,5.43926,1,100.29543,1,0,1,0,2,2,27.1964,2356.83399,-1396.50223,0.17909,-0.33972,-0.33972,0.85854;
custom,cuboid,arena2tex,5.43926,1,101.1765,1,0.25,1,0.25,2,2,54.39282,2356.83399,-1369.30573,0.2111,-0.32557,-0.32557,0.86224;
custom,cuboid,arena2tex,5.43926,1,102.628,1,0.5,1,0.5,2,2,81.58923,2356.83399,-1342.10938,0.24209,-0.31128,-0.31128,0.86464;
custom,cuboid,arena2tex,5.43926,1,104.62669,1,0.75,1,0.75,2,2,108.78565,2356.83399,-1314.91287,0.27174,-0.29705,-0.29705,0.86584;
custom,cuboid,arena2tex,5.43926,1,107.14146,1,1,1,1,2,2,135.98207,2356.83399,-1287.71652,0.29981,-0.28307,-0.28307,0.86594;
custom,cuboid,arena2tex,5.43926,1,110.13708,1,1,1,0.75,2,2,163.17846,2356.83399,-1260.52017,0.32614,-0.26948,-0.26948,0.8651;
custom,cuboid,arena2tex,5.43926,1,113.57557,1,1,1,0.5,2,2,190.37489,2356.83399,-1233.32367,0.35067,-0.25639,-0.25639,0.86346;
custom,cuboid,arena2tex,5.43926,1,117.41795,1,1,1,0.25,2,2,217.5713,2356.83399,-1206.12732,0.37337,-0.2439,-0.2439,0.86117;
custom,cuboid,arena2tex,5.43926,1,121.62605,1,1,1,0,2,2,244.76772,2356.83399,-1178.93082,0.39429,-0.23205,-0.23205,0.85839;
custom,cuboid,arena2tex,5.43926,1,126.16322,1,1,0.75,0,2,2,271.96415,2356.83399,-1151.73447,0.4135,-0.22088,-0.22088,0.85525;
custom,cuboid,arena2tex,5.43926,1,130.99527,1,1,0.5,0,2,2,299.16056,2356.83399,-1124.53796,0.4311,-0.21037,-0.21037,0.85185;
custom,cuboid,arena2tex,5.43926,1,136.09084,1,1,0.25,0,2,2,326.35693,2356.83399,-1097.34161,0.44721,-0.20054,-0.20054,0.84828;
custom,cuboid,arena2tex,5.43926,1,141.42133,1,1,0,0,2,2,353.55339,2356.83399,-1070.14526,0.46194,-0.19134,-0.19134,0.84462;

custom,cuboid,arena2tex,5.43926,1,141.42099,1,1,0,0,2,2,353.55339,2356.83399,-1777.25189,-0.19134,-0.84462,0.46194,0.19134;
custom,cuboid,arena2tex,5.43926,1,136.09081,1,1,0.25,0,2,2,326.357,2356.83399,-1750.05554,-0.20054,-0.84828,0.44721,0.20054;
custom,cuboid,arena2tex,5.43927,1,130.99535,1,1,0.5,0,2,2,299.16058,2356.83399,-1722.85919,-0.21037,-0.85185,0.4311,0.21037;
custom,cuboid,arena2tex,5.43926,1,126.16321,1,1,0.75,0,2,2,271.96419,2356.83399,-1695.66269,-0.22088,-0.85525,0.4135,0.22088;
custom,cuboid,arena2tex,5.43926,1,121.62606,1,1,1,0,2,2,244.76778,2356.83399,-1668.46634,-0.23205,-0.85839,0.39429,0.23205;
custom,cuboid,arena2tex,5.43926,1,117.41798,1,1,1,0.25,2,2,217.57135,2356.83399,-1641.26984,-0.2439,-0.86117,0.37337,0.2439;
custom,cuboid,arena2tex,5.43926,1,113.57556,1,1,1,0.5,2,2,190.37493,2356.83399,-1614.07349,-0.25639,-0.86346,0.35067,0.25639;
custom,cuboid,arena2tex,5.43926,1,110.1371,1,1,1,0.75,2,2,163.17852,2356.83399,-1586.87714,-0.26948,-0.8651,0.32614,0.26948;
custom,cuboid,arena2tex,5.43926,1,107.14143,1,1,1,1,2,2,135.98211,2356.83399,-1559.68063,-0.28307,-0.86594,0.29981,0.28307;
custom,cuboid,arena2tex,5.43926,1,104.62672,1,0.75,1,0.75,2,2,108.78571,2356.83399,-1532.48428,-0.29705,-0.86584,0.27174,0.29705;
custom,cuboid,arena2tex,5.43926,1,102.62817,1,0.5,1,0.5,2,2,81.58927,2356.83399,-1505.28778,-0.31128,-0.86464,0.24209,0.31128;
custom,cuboid,arena2tex,5.43926,1,101.17651,1,0.25,1,0.25,2,2,54.39284,2356.83399,-1478.09143,-0.32557,-0.86224,0.2111,0.32557;
custom,cuboid,arena2tex,5.43926,1,100.29543,1,0,1,0,2,2,27.19645,2356.83399,-1450.89508,-0.33972,-0.85854,0.17909,0.33972;
custom,cuboid,arena2tex,5.43926,1,100.00001,1,0,1,0.25,2,2,0,2356.83399,-1423.69858,-0.35355,-0.85355,0.14645,0.35355;
custom,cuboid,arena2tex,5.43926,1,100.29543,1,0,1,0.5,2,2,-27.19641,2356.83399,-1396.50223,-0.36686,-0.8473,0.11358,0.36686;
custom,cuboid,arena2tex,5.43926,1,101.17651,1,0,1,0.75,2,2,-54.39282,2356.83399,-1369.30573,-0.37948,-0.8399,0.08094,0.37948;
custom,cuboid,arena2tex,5.43926,1,102.62801,1,0,1,1,2,2,-81.58923,2356.83399,-1342.10938,-0.39129,-0.8315,0.04892,0.39129;
custom,cuboid,arena2tex,5.43926,1,104.62669,1,0,0.75,1,2,2,-108.78567,2356.83399,-1314.91287,-0.40219,-0.82229,0.0179,0.40219;
custom,cuboid,arena2tex,5.43926,1,107.14145,1,0,0.5,1,2,2,-135.98208,2356.83399,-1287.71652,-0.41216,-0.81247,-0.01184,0.41216;
custom,cuboid,arena2tex,5.43926,1,110.13709,1,0,0.25,1,2,2,-163.17846,2356.83399,-1260.52017,-0.42117,-0.80227,-0.04007,0.42117;
custom,cuboid,arena2tex,5.43926,1,113.57557,1,0,0,1,2,2,-190.37489,2356.83399,-1233.32367,-0.42926,-0.79185,-0.06666,0.42926;
custom,cuboid,arena2tex,5.43926,1,117.418,1,0.25,0,1,2,2,-217.57133,2356.83399,-1206.12732,-0.43648,-0.78141,-0.09155,0.43648;
custom,cuboid,arena2tex,5.43926,1,121.62611,1,0.5,0,1,2,2,-244.76774,2356.83399,-1178.93097,-0.44289,-0.77106,-0.11472,0.44289;
custom,cuboid,arena2tex,5.43926,1,126.16322,1,0.75,0,1,2,2,-271.96417,2356.83399,-1151.73447,-0.44857,-0.76093,-0.1362,0.44857;
custom,cuboid,arena2tex,5.43926,1,130.9953,1,1,0,1,2,2,-299.16056,2356.83399,-1124.53796,-0.45359,-0.7511,-0.15608,0.45359;
custom,cuboid,arena2tex,5.43926,1,136.09084,1,1,0,0.75,2,2,-326.35693,2356.83399,-1097.34161,-0.45802,-0.74162,-0.17442,0.45802;
custom,cuboid,arena2tex,5.43926,1,141.42134,1,1,0,0.5,2,2,-353.55339,2356.83399,-1070.14526,-0.46194,-0.73254,-0.19134,0.46194;

custom,cuboid,arena2tex,5.43926,1,141.42099,1,1,0,0.5,2,2,353.55339,2356.83399,-1777.25189,0.46194,-0.73254,0.19134,0.46194;
custom,cuboid,arena2tex,5.43926,1,136.09081,1,1,0,0.75,2,2,326.357,2356.83399,-1750.05554,0.45802,-0.74162,0.17442,0.45802;
custom,cuboid,arena2tex,5.43926,1,130.99527,1,1,0,1,2,2,299.16058,2356.83399,-1722.85919,0.45359,-0.7511,0.15608,0.45359;
custom,cuboid,arena2tex,5.43926,1,126.16322,1,0.75,0,1,2,2,271.96419,2356.83399,-1695.66269,0.44857,-0.76093,0.1362,0.44857;
custom,cuboid,arena2tex,5.43926,1,121.62606,1,0.5,0,1,2,2,244.76778,2356.83399,-1668.46634,0.44289,-0.77106,0.11472,0.44289;
custom,cuboid,arena2tex,5.43926,1,117.418,1,0.25,0,1,2,2,217.57135,2356.83399,-1641.26984,0.43648,-0.78141,0.09155,0.43648;
custom,cuboid,arena2tex,5.43926,1,113.57558,1,0,0,1,2,2,190.37493,2356.83399,-1614.07349,0.42926,-0.79185,0.06666,0.42926;
custom,cuboid,arena2tex,5.43926,1,110.13709,1,0,0.25,1,2,2,163.17852,2356.83399,-1586.87714,0.42117,-0.80227,0.04007,0.42117;
custom,cuboid,arena2tex,5.43926,1,107.14143,1,0,0.5,1,2,2,135.98211,2356.83399,-1559.68063,0.41216,-0.81247,0.01184,0.41216;
custom,cuboid,arena2tex,5.43926,1,104.62671,1,0,0.75,1,2,2,108.78571,2356.83399,-1532.48428,0.40219,-0.82229,-0.0179,0.40219;
custom,cuboid,arena2tex,5.43926,1,102.62817,1,0,1,1,2,2,81.58927,2356.83399,-1505.28778,0.39129,-0.8315,-0.04892,0.39129;
custom,cuboid,arena2tex,5.43926,1,101.1765,1,0,1,0.75,2,2,54.39284,2356.83399,-1478.09143,0.37948,-0.8399,-0.08094,0.37948;
custom,cuboid,arena2tex,5.43926,1,100.29543,1,0,1,0.5,2,2,27.19645,2356.83399,-1450.89508,0.36686,-0.8473,-0.11358,0.36686;
custom,cuboid,arena2tex,5.43926,1,99.99998,1,0,1,0.25,2,2,0,2356.83399,-1423.69858,0.35355,-0.85355,-0.14645,0.35355;
custom,cuboid,arena2tex,5.43926,1,100.29543,1,0,1,0,2,2,-27.19641,2356.83399,-1396.50223,0.33972,-0.85854,-0.17909,0.33972;
custom,cuboid,arena2tex,5.43926,1,101.17651,1,0.25,1,0.25,2,2,-54.39282,2356.83399,-1369.30573,0.32557,-0.86224,-0.2111,0.32557;
custom,cuboid,arena2tex,5.43926,1,102.62801,1,0.5,1,0.5,2,2,-81.58923,2356.83399,-1342.10938,0.31128,-0.86464,-0.24209,0.31128;
custom,cuboid,arena2tex,5.43926,1,104.62669,1,0.75,1,0.75,2,2,-108.78567,2356.83399,-1314.91287,0.29705,-0.86584,-0.27174,0.29705;
custom,cuboid,arena2tex,5.43926,1,107.14143,1,1,1,1,2,2,-135.98208,2356.83399,-1287.71652,0.28307,-0.86594,-0.29981,0.28307;
custom,cuboid,arena2tex,5.43926,1,110.13709,1,1,1,0.75,2,2,-163.17846,2356.83399,-1260.52017,0.26948,-0.8651,-0.32614,0.26948;
custom,cuboid,arena2tex,5.43926,1,113.57558,1,1,1,0.5,2,2,-190.37489,2356.83399,-1233.32367,0.25639,-0.86346,-0.35067,0.25639;
custom,cuboid,arena2tex,5.43926,1,117.41795,1,1,1,0.25,2,2,-217.57133,2356.83399,-1206.12732,0.2439,-0.86117,-0.37337,0.2439;
custom,cuboid,arena2tex,5.43926,1,121.62605,1,1,1,0,2,2,-244.76774,2356.83399,-1178.93097,0.23205,-0.85839,-0.39429,0.23205;
custom,cuboid,arena2tex,5.43926,1,126.16322,1,1,0.75,0,2,2,-271.96417,2356.83399,-1151.73447,0.22088,-0.85525,-0.4135,0.22088;
custom,cuboid,arena2tex,5.43926,1,130.99529,1,1,0.5,0,2,2,-299.16056,2356.83399,-1124.53796,0.21037,-0.85185,-0.4311,0.21037;
custom,cuboid,arena2tex,5.43926,1,136.09082,1,1,0.25,0,2,2,-326.35693,2356.83399,-1097.34161,0.20054,-0.84828,-0.44721,0.20054;
custom,cuboid,arena2tex,5.43926,1,141.42133,1,1,0,0,2,2,-353.55339,2356.83399,-1070.14526,0.19134,-0.84462,-0.46194,0.19134;





custom,cuboid,arena2tex,5.43926,1,141.42101,1,1,0,0.5,2,2,-353.55339,2556.83399,-1777.25189,-0.46194,-0.19134,0.19134,0.84462;
custom,cuboid,arena2tex,5.43926,1,136.09082,1,1,0,0.75,2,2,-326.357,2556.83399,-1750.05554,-0.44721,-0.20054,0.20054,0.84828;
custom,cuboid,arena2tex,5.43927,1,130.99527,1,1,0,1,2,2,-299.16058,2556.83399,-1722.85919,-0.4311,-0.21037,0.21037,0.85185;
custom,cuboid,arena2tex,5.43926,1,126.16322,1,0.75,0,1,2,2,-271.96417,2556.83399,-1695.66269,-0.4135,-0.22088,0.22088,0.85525;
custom,cuboid,arena2tex,5.43926,1,121.62607,1,0.5,0,1,2,2,-244.76776,2556.83399,-1668.46634,-0.39429,-0.23205,0.23205,0.85839;
custom,cuboid,arena2tex,5.43926,1,117.41799,1,0.25,0,1,2,2,-217.57133,2556.83399,-1641.26984,-0.37337,-0.2439,0.2439,0.86117;
custom,cuboid,arena2tex,5.43926,1,113.57558,1,0,0,1,2,2,-190.37493,2556.83399,-1614.07349,-0.35067,-0.25639,0.25639,0.86346;
custom,cuboid,arena2tex,5.43926,1,110.13709,1,0,0.25,1,2,2,-163.17852,2556.83399,-1586.87714,-0.32614,-0.26948,0.26948,0.8651;
custom,cuboid,arena2tex,5.43926,1,107.14146,1,0,0.5,1,2,2,-135.98209,2556.83399,-1559.68063,-0.29981,-0.28307,0.28307,0.86594;
custom,cuboid,arena2tex,5.43926,1,104.62671,1,0,0.75,1,2,2,-108.78569,2556.83399,-1532.48428,-0.27174,-0.29705,0.29705,0.86584;
custom,cuboid,arena2tex,5.43926,1,102.62817,1,0,1,1,2,2,-81.58927,2556.83399,-1505.28778,-0.24209,-0.31128,0.31128,0.86464;
custom,cuboid,arena2tex,5.43926,1,101.1765,1,0,1,0.75,2,2,-54.39283,2556.83399,-1478.09143,-0.2111,-0.32557,0.32557,0.86224;
custom,cuboid,arena2tex,5.43926,1,100.29543,1,0,1,0.5,2,2,-27.19645,2556.83399,-1450.89508,-0.17909,-0.33972,0.33972,0.85854;
custom,cuboid,arena2tex,5.43926,1,99.99999,1,0,1,0.25,2,2,0,2556.83399,-1423.69858,-0.14645,-0.35355,0.35355,0.85355;
custom,cuboid,arena2tex,5.43926,1,100.29541,1,0,1,0,2,2,27.1964,2556.83399,-1396.50223,-0.11358,-0.36686,0.36686,0.8473;
custom,cuboid,arena2tex,5.43926,1,101.17651,1,0.25,1,0.25,2,2,54.39282,2556.83399,-1369.30573,-0.08094,-0.37948,0.37948,0.8399;
custom,cuboid,arena2tex,5.43926,1,102.62801,1,0.5,1,0.5,2,2,81.58923,2556.83399,-1342.10938,-0.04892,-0.39129,0.39129,0.8315;
custom,cuboid,arena2tex,5.43926,1,104.62669,1,0.75,1,0.75,2,2,108.78565,2556.83399,-1314.91287,-0.0179,-0.40219,0.40219,0.82229;
custom,cuboid,arena2tex,5.43926,1,107.14145,1,1,1,1,2,2,135.98207,2556.83399,-1287.71652,0.01184,-0.41216,0.41216,0.81247;
custom,cuboid,arena2tex,5.43926,1,110.13708,1,1,1,0.75,2,2,163.17846,2556.83399,-1260.52017,0.04007,-0.42117,0.42117,0.80227;
custom,cuboid,arena2tex,5.43926,1,113.57558,1,1,1,0.5,2,2,190.37489,2556.83399,-1233.32367,0.06666,-0.42926,0.42926,0.79185;
custom,cuboid,arena2tex,5.43926,1,117.41796,1,1,1,0.25,2,2,217.5713,2556.83399,-1206.12732,0.09155,-0.43648,0.43648,0.78141;
custom,cuboid,arena2tex,5.43926,1,121.62605,1,1,1,0,2,2,244.76772,2556.83399,-1178.93082,0.11472,-0.44289,0.44289,0.77106;
custom,cuboid,arena2tex,5.43926,1,126.16322,1,1,0.75,0,2,2,271.96415,2556.83399,-1151.73447,0.1362,-0.44857,0.44857,0.76093;
custom,cuboid,arena2tex,5.43926,1,130.99527,1,1,0.5,0,2,2,299.16056,2556.83399,-1124.53796,0.15607,-0.45359,0.45359,0.7511;
custom,cuboid,arena2tex,5.43926,1,136.09084,1,1,0.25,0,2,2,326.35693,2556.83399,-1097.34161,0.17442,-0.45802,0.45802,0.74162;
custom,cuboid,arena2tex,5.43926,1,141.42136,1,1,0,0,2,2,353.55339,2556.83399,-1070.14526,0.19134,-0.46194,0.46194,0.73254;

custom,cuboid,arena2tex,5.43926,1,141.42102,1,1,0,0,2,2,-353.55339,2556.83399,-1777.25189,-0.19134,-0.46194,-0.46194,0.73254;
custom,cuboid,arena2tex,5.43926,1,136.09081,1,1,0.25,0,2,2,-326.357,2556.83399,-1750.05554,-0.17442,-0.45802,-0.45802,0.74162;
custom,cuboid,arena2tex,5.43926,1,130.99527,1,1,0.5,0,2,2,-299.16058,2556.83399,-1722.85919,-0.15607,-0.45359,-0.45359,0.7511;
custom,cuboid,arena2tex,5.43926,1,126.16321,1,1,0.75,0,2,2,-271.96417,2556.83399,-1695.66269,-0.1362,-0.44857,-0.44857,0.76093;
custom,cuboid,arena2tex,5.43926,1,121.62608,1,1,1,0,2,2,-244.76776,2556.83399,-1668.46634,-0.11472,-0.44289,-0.44289,0.77106;
custom,cuboid,arena2tex,5.43926,1,117.418,1,1,1,0.25,2,2,-217.57133,2556.83399,-1641.26984,-0.09155,-0.43648,-0.43648,0.78141;
custom,cuboid,arena2tex,5.43926,1,113.57557,1,1,1,0.5,2,2,-190.37493,2556.83399,-1614.07349,-0.06666,-0.42926,-0.42926,0.79185;
custom,cuboid,arena2tex,5.43926,1,110.13709,1,1,1,0.75,2,2,-163.17852,2556.83399,-1586.87714,-0.04007,-0.42117,-0.42117,0.80227;
custom,cuboid,arena2tex,5.43926,1,107.14144,1,1,1,1,2,2,-135.98209,2556.83399,-1559.68063,-0.01184,-0.41216,-0.41216,0.81247;
custom,cuboid,arena2tex,5.43926,1,104.62671,1,0.75,1,0.75,2,2,-108.78569,2556.83399,-1532.48428,0.0179,-0.40219,-0.40219,0.82229;
custom,cuboid,arena2tex,5.43926,1,102.62816,1,0.5,1,0.5,2,2,-81.58927,2556.83399,-1505.28778,0.04892,-0.39129,-0.39129,0.8315;
custom,cuboid,arena2tex,5.43926,1,101.17651,1,0.25,1,0.25,2,2,-54.39283,2556.83399,-1478.09143,0.08094,-0.37948,-0.37948,0.8399;
custom,cuboid,arena2tex,5.43926,1,100.29541,1,0,1,0,2,2,-27.19645,2556.83399,-1450.89508,0.11358,-0.36686,-0.36686,0.8473;
custom,cuboid,arena2tex,5.43926,1,99.99999,1,0,1,0.25,2,2,0,2556.83399,-1423.69858,0.14645,-0.35355,-0.35355,0.85355;
custom,cuboid,arena2tex,5.43926,1,100.29543,1,0,1,0.5,2,2,27.1964,2556.83399,-1396.50223,0.17909,-0.33972,-0.33972,0.85854;
custom,cuboid,arena2tex,5.43926,1,101.1765,1,0,1,0.75,2,2,54.39282,2556.83399,-1369.30573,0.2111,-0.32557,-0.32557,0.86224;
custom,cuboid,arena2tex,5.43926,1,102.628,1,0,1,1,2,2,81.58923,2556.83399,-1342.10938,0.24209,-0.31128,-0.31128,0.86464;
custom,cuboid,arena2tex,5.43926,1,104.62669,1,0,0.75,1,2,2,108.78565,2556.83399,-1314.91287,0.27174,-0.29705,-0.29705,0.86584;
custom,cuboid,arena2tex,5.43926,1,107.14146,1,0,0.5,1,2,2,135.98207,2556.83399,-1287.71652,0.29981,-0.28307,-0.28307,0.86594;
custom,cuboid,arena2tex,5.43926,1,110.13708,1,0,0.25,1,2,2,163.17846,2556.83399,-1260.52017,0.32614,-0.26948,-0.26948,0.8651;
custom,cuboid,arena2tex,5.43926,1,113.57557,1,0,0,1,2,2,190.37489,2556.83399,-1233.32367,0.35067,-0.25639,-0.25639,0.86346;
custom,cuboid,arena2tex,5.43926,1,117.41795,1,0.25,0,1,2,2,217.5713,2556.83399,-1206.12732,0.37337,-0.2439,-0.2439,0.86117;
custom,cuboid,arena2tex,5.43926,1,121.62605,1,0.5,0,1,2,2,244.76772,2556.83399,-1178.93082,0.39429,-0.23205,-0.23205,0.85839;
custom,cuboid,arena2tex,5.43926,1,126.16322,1,0.75,0,1,2,2,271.96415,2556.83399,-1151.73447,0.4135,-0.22088,-0.22088,0.85525;
custom,cuboid,arena2tex,5.43926,1,130.99527,1,1,0,1,2,2,299.16056,2556.83399,-1124.53796,0.4311,-0.21037,-0.21037,0.85185;
custom,cuboid,arena2tex,5.43926,1,136.09084,1,1,0,0.75,2,2,326.35693,2556.83399,-1097.34161,0.44721,-0.20054,-0.20054,0.84828;
custom,cuboid,arena2tex,5.43926,1,141.42133,1,1,0,0.5,2,2,353.55339,2556.83399,-1070.14526,0.46194,-0.19134,-0.19134,0.84462;

custom,cuboid,arena2tex,5.43926,1,141.42099,1,1,0,0.5,2,2,353.55339,2556.83399,-1777.25189,-0.19134,-0.84462,0.46194,0.19134;
custom,cuboid,arena2tex,5.43926,1,136.09081,1,1,0,0.75,2,2,326.357,2556.83399,-1750.05554,-0.20054,-0.84828,0.44721,0.20054;
custom,cuboid,arena2tex,5.43927,1,130.99535,1,1,0,1,2,2,299.16058,2556.83399,-1722.85919,-0.21037,-0.85185,0.4311,0.21037;
custom,cuboid,arena2tex,5.43926,1,126.16321,1,0.75,0,1,2,2,271.96419,2556.83399,-1695.66269,-0.22088,-0.85525,0.4135,0.22088;
custom,cuboid,arena2tex,5.43926,1,121.62606,1,0.5,0,1,2,2,244.76778,2556.83399,-1668.46634,-0.23205,-0.85839,0.39429,0.23205;
custom,cuboid,arena2tex,5.43926,1,117.41798,1,0.25,0,1,2,2,217.57135,2556.83399,-1641.26984,-0.2439,-0.86117,0.37337,0.2439;
custom,cuboid,arena2tex,5.43926,1,113.57556,1,0,0,1,2,2,190.37493,2556.83399,-1614.07349,-0.25639,-0.86346,0.35067,0.25639;
custom,cuboid,arena2tex,5.43926,1,110.1371,1,0,0.25,1,2,2,163.17852,2556.83399,-1586.87714,-0.26948,-0.8651,0.32614,0.26948;
custom,cuboid,arena2tex,5.43926,1,107.14143,1,0,0.5,1,2,2,135.98211,2556.83399,-1559.68063,-0.28307,-0.86594,0.29981,0.28307;
custom,cuboid,arena2tex,5.43926,1,104.62672,1,0,0.75,1,2,2,108.78571,2556.83399,-1532.48428,-0.29705,-0.86584,0.27174,0.29705;
custom,cuboid,arena2tex,5.43926,1,102.62817,1,0,1,1,2,2,81.58927,2556.83399,-1505.28778,-0.31128,-0.86464,0.24209,0.31128;
custom,cuboid,arena2tex,5.43926,1,101.17651,1,0,1,0.75,2,2,54.39284,2556.83399,-1478.09143,-0.32557,-0.86224,0.2111,0.32557;
custom,cuboid,arena2tex,5.43926,1,100.29543,1,0,1,0.5,2,2,27.19645,2556.83399,-1450.89508,-0.33972,-0.85854,0.17909,0.33972;
custom,cuboid,arena2tex,5.43926,1,100.00001,1,0,1,0.25,2,2,0,2556.83399,-1423.69858,-0.35355,-0.85355,0.14645,0.35355;
custom,cuboid,arena2tex,5.43926,1,100.29543,1,0,1,0,2,2,-27.19641,2556.83399,-1396.50223,-0.36686,-0.8473,0.11358,0.36686;
custom,cuboid,arena2tex,5.43926,1,101.17651,1,0.25,1,0.25,2,2,-54.39282,2556.83399,-1369.30573,-0.37948,-0.8399,0.08094,0.37948;
custom,cuboid,arena2tex,5.43926,1,102.62801,1,0.5,1,0.5,2,2,-81.58923,2556.83399,-1342.10938,-0.39129,-0.8315,0.04892,0.39129;
custom,cuboid,arena2tex,5.43926,1,104.62669,1,0.75,1,0.75,2,2,-108.78567,2556.83399,-1314.91287,-0.40219,-0.82229,0.0179,0.40219;
custom,cuboid,arena2tex,5.43926,1,107.14145,1,1,1,1,2,2,-135.98208,2556.83399,-1287.71652,-0.41216,-0.81247,-0.01184,0.41216;
custom,cuboid,arena2tex,5.43926,1,110.13709,1,1,1,0.75,2,2,-163.17846,2556.83399,-1260.52017,-0.42117,-0.80227,-0.04007,0.42117;
custom,cuboid,arena2tex,5.43926,1,113.57557,1,1,1,0.5,2,2,-190.37489,2556.83399,-1233.32367,-0.42926,-0.79185,-0.06666,0.42926;
custom,cuboid,arena2tex,5.43926,1,117.418,1,1,1,0.25,2,2,-217.57133,2556.83399,-1206.12732,-0.43648,-0.78141,-0.09155,0.43648;
custom,cuboid,arena2tex,5.43926,1,121.62611,1,1,1,0,2,2,-244.76774,2556.83399,-1178.93097,-0.44289,-0.77106,-0.11472,0.44289;
custom,cuboid,arena2tex,5.43926,1,126.16322,1,1,0.75,0,2,2,-271.96417,2556.83399,-1151.73447,-0.44857,-0.76093,-0.1362,0.44857;
custom,cuboid,arena2tex,5.43926,1,130.9953,1,1,0.5,0,2,2,-299.16056,2556.83399,-1124.53796,-0.45359,-0.7511,-0.15608,0.45359;
custom,cuboid,arena2tex,5.43926,1,136.09084,1,1,0.25,0,2,2,-326.35693,2556.83399,-1097.34161,-0.45802,-0.74162,-0.17442,0.45802;
custom,cuboid,arena2tex,5.43926,1,141.42134,1,1,0,0,2,2,-353.55339,2556.83399,-1070.14526,-0.46194,-0.73254,-0.19134,0.46194;

custom,cuboid,arena2tex,5.43926,1,141.42099,1,1,0,0,2,2,353.55339,2556.83399,-1777.25189,0.46194,-0.73254,0.19134,0.46194;
custom,cuboid,arena2tex,5.43926,1,136.09081,1,1,0.25,0,2,2,326.357,2556.83399,-1750.05554,0.45802,-0.74162,0.17442,0.45802;
custom,cuboid,arena2tex,5.43926,1,130.99527,1,1,0.5,0,2,2,299.16058,2556.83399,-1722.85919,0.45359,-0.7511,0.15608,0.45359;
custom,cuboid,arena2tex,5.43926,1,126.16322,1,1,0.75,0,2,2,271.96419,2556.83399,-1695.66269,0.44857,-0.76093,0.1362,0.44857;
custom,cuboid,arena2tex,5.43926,1,121.62606,1,1,1,0,2,2,244.76778,2556.83399,-1668.46634,0.44289,-0.77106,0.11472,0.44289;
custom,cuboid,arena2tex,5.43926,1,117.418,1,1,1,0.25,2,2,217.57135,2556.83399,-1641.26984,0.43648,-0.78141,0.09155,0.43648;
custom,cuboid,arena2tex,5.43926,1,113.57558,1,1,1,0.5,2,2,190.37493,2556.83399,-1614.07349,0.42926,-0.79185,0.06666,0.42926;
custom,cuboid,arena2tex,5.43926,1,110.13709,1,1,1,0.75,2,2,163.17852,2556.83399,-1586.87714,0.42117,-0.80227,0.04007,0.42117;
custom,cuboid,arena2tex,5.43926,1,107.14143,1,1,1,1,2,2,135.98211,2556.83399,-1559.68063,0.41216,-0.81247,0.01184,0.41216;
custom,cuboid,arena2tex,5.43926,1,104.62671,1,0.75,1,0.75,2,2,108.78571,2556.83399,-1532.48428,0.40219,-0.82229,-0.0179,0.40219;
custom,cuboid,arena2tex,5.43926,1,102.62817,1,0.5,1,0.5,2,2,81.58927,2556.83399,-1505.28778,0.39129,-0.8315,-0.04892,0.39129;
custom,cuboid,arena2tex,5.43926,1,101.1765,1,0.25,1,0.25,2,2,54.39284,2556.83399,-1478.09143,0.37948,-0.8399,-0.08094,0.37948;
custom,cuboid,arena2tex,5.43926,1,100.29543,1,0,1,0,2,2,27.19645,2556.83399,-1450.89508,0.36686,-0.8473,-0.11358,0.36686;
custom,cuboid,arena2tex,5.43926,1,99.99998,1,0,1,0.25,2,2,0,2556.83399,-1423.69858,0.35355,-0.85355,-0.14645,0.35355;
custom,cuboid,arena2tex,5.43926,1,100.29543,1,0,1,0.5,2,2,-27.19641,2556.83399,-1396.50223,0.33972,-0.85854,-0.17909,0.33972;
custom,cuboid,arena2tex,5.43926,1,101.17651,1,0,1,0.75,2,2,-54.39282,2556.83399,-1369.30573,0.32557,-0.86224,-0.2111,0.32557;
custom,cuboid,arena2tex,5.43926,1,102.62801,1,0,1,1,2,2,-81.58923,2556.83399,-1342.10938,0.31128,-0.86464,-0.24209,0.31128;
custom,cuboid,arena2tex,5.43926,1,104.62669,1,0,0.75,1,2,2,-108.78567,2556.83399,-1314.91287,0.29705,-0.86584,-0.27174,0.29705;
custom,cuboid,arena2tex,5.43926,1,107.14143,1,0,0.5,1,2,2,-135.98208,2556.83399,-1287.71652,0.28307,-0.86594,-0.29981,0.28307;
custom,cuboid,arena2tex,5.43926,1,110.13709,1,0,0.25,1,2,2,-163.17846,2556.83399,-1260.52017,0.26948,-0.8651,-0.32614,0.26948;
custom,cuboid,arena2tex,5.43926,1,113.57558,1,0,0,1,2,2,-190.37489,2556.83399,-1233.32367,0.25639,-0.86346,-0.35067,0.25639;
custom,cuboid,arena2tex,5.43926,1,117.41795,1,0.25,0,1,2,2,-217.57133,2556.83399,-1206.12732,0.2439,-0.86117,-0.37337,0.2439;
custom,cuboid,arena2tex,5.43926,1,121.62605,1,0.5,0,1,2,2,-244.76774,2556.83399,-1178.93097,0.23205,-0.85839,-0.39429,0.23205;
custom,cuboid,arena2tex,5.43926,1,126.16322,1,0.75,0,1,2,2,-271.96417,2556.83399,-1151.73447,0.22088,-0.85525,-0.4135,0.22088;
custom,cuboid,arena2tex,5.43926,1,130.99529,1,1,0,1,2,2,-299.16056,2556.83399,-1124.53796,0.21037,-0.85185,-0.4311,0.21037;
custom,cuboid,arena2tex,5.43926,1,136.09082,1,1,0,0.75,2,2,-326.35693,2556.83399,-1097.34161,0.20054,-0.84828,-0.44721,0.20054;
custom,cuboid,arena2tex,5.43926,1,141.42133,1,1,0,0.5,2,2,-353.55339,2556.83399,-1070.14526,0.19134,-0.84462,-0.46194,0.19134;




custom,cuboid,metal4,3.13902,18.69541,127.27873,1,0,0,0,0.4,0.05,353.55469,2456.83556,-1070.14648,0.35355,-0.35355,0.14645,0.85355;
custom,cuboid,metal4,3.13902,18.69541,127.27873,1,0,0,0,0.4,0.05,-353.55247,2456.83224,-1070.14404,0.35355,0.35355,-0.14645,0.85355;
custom,cuboid,metal4,3.13902,18.69541,127.27873,1,0,0,0,0.4,0.05,-353.55469,2456.83556,-1777.25067,-0.14645,-0.85355,0.35355,-0.35355;
custom,cuboid,metal4,3.13902,18.69541,127.27875,1,0,0,0,0.4,0.05,353.55251,2456.83224,-1777.25311,0.14645,-0.85355,0.35355,0.35355;

custom,prism,metal4,26.43929,3.13902,15.2648,1,0,0,0,0.05,0.05,675.38397,2975.29467,-1456.30959,-0.2706,0.2706,-0.65328,0.65328;
custom,prism,metal4,26.43929,3.13902,15.2648,1,0,0,0,0.05,0.05,674.49818,2975.29803,-1391.97786,0.65328,-0.65328,0.2706,-0.2706;
custom,prism,metal4,26.43929,3.13902,15.2648,1,0,0,0,0.05,0.05,-675.38397,2975.29467,-1391.08771,0.65328,-0.65328,-0.2706,0.2706;
custom,prism,metal4,26.43929,3.13902,15.26481,1,0,0,0,0.05,0.05,-674.49819,2975.29803,-1455.41929,0.2706,-0.2706,-0.65328,0.65328;

custom,cuboid,metal2,3.13902,17.9887,46.07662,1,0,0,0,0,0.5,-163.22128,2456.83395,-1586.92017,-0.20717,-0.37294,-0.08581,0.90035;
custom,cuboid,metal2,3.13902,17.9887,46.07662,1,0,0,0,0,0.5,163.22126,2456.83395,-1586.92001,-0.20717,0.37294,0.08581,0.90035;
custom,cuboid,metal2,3.13902,17.9887,46.07662,1,0,0,0,0,0.5,163.22128,2456.83395,-1260.47699,0.08581,-0.90035,-0.20717,-0.37294;
custom,cuboid,metal2,3.13902,17.9887,46.07662,1,0,0,0,0,0.5,-163.22126,2456.83395,-1260.47714,-0.08581,-0.90035,-0.20717,0.37294;
custom,prism,metal2,17.48216,3.13902,20.77166,1,0,0,0,0,0.5,-19.14695,2351.30531,-1730.10657,0.57597,0.11722,-0.4102,0.69732;
custom,prism,metal2,17.48216,3.13902,20.77166,1,0,0,0,0,0.5,-306.40801,2562.36265,-1442.84546,0.4102,0.69732,0.57597,-0.11722;
custom,prism,metal2,17.48216,3.13902,20.77166,1,0,0,0,0,0.5,20.0348,2351.30533,-1730.99441,0.11722,0.57597,-0.69732,0.4102;
custom,prism,metal2,17.48216,3.13902,20.77166,1,0,0,0,0,0.5,307.29581,2562.36267,-1443.7333,0.69732,0.4102,0.11722,-0.57597;
custom,prism,metal2,17.48216,3.13902,20.77166,1,0,0,0,0,0.5,19.14692,2351.30531,-1117.29058,0.4102,-0.69732,0.57597,0.11722;
custom,prism,metal2,17.48216,3.13902,20.77166,1,0,0,0,0,0.5,306.40801,2562.36265,-1404.55154,-0.57597,0.11722,0.4102,0.69732;
custom,prism,metal2,17.48216,3.13902,20.77166,1,0,0,0,0,0.5,-20.03483,2351.30533,-1116.40274,0.69732,-0.4102,0.11722,0.57597;
custom,prism,metal2,17.48216,3.13902,20.77166,1,0,0,0,0,0.5,-307.29581,2562.36267,-1403.66385,-0.11722,0.57597,0.69732,0.4102;

custom,cuboid,arena2tex,3.2,22,3.2,1,1,0,1,1,110,-0.00001,2337.04243,-1750.1413,0,-0.38268,0,0.92388;
custom,cuboid,arena2tex,3.2,22,3.2,1,1,0,1,1,110,-326.44276,2576.62556,-1423.69858,0,-0.38268,0,0.92388;
custom,cuboid,arena2tex,3.2,22,3.2,1,1,0,1,1,110,326.44283,2576.62556,-1423.69843,0,-0.38268,0,0.92388;
custom,cuboid,arena2tex,3.2,22,3.2,1,1,0,1,1,110,-0.00004,2337.04243,-1097.25578,0,-0.38268,0,0.92388;




custom,cuboid,arena2tex,19.32542,11.81217,46.21986,1,1,0,0.5,230,1,-0.00105,1899.79794,-2268.71033,0,0,0,1;
custom,prism,arena2tex,18.6954,3.13902,18.6955,1,0.5,0,1,1,90,-40.77779,2011.74905,-2132.761,0.32506,-0.62796,0.32506,0.62796;
custom,prism,arena2tex,18.6954,3.13902,18.6955,1,0.5,0,1,1,90,39.75048,2011.02081,-2132.76314,-0.62796,0.32506,-0.62796,-0.32506;
custom,cuboid,arena2tex,3.15902,16.1907,36.87215,1,0.5,0,1,1,180,-37.07462,2015.89546,-2315.44861,0,0,-0.30291,0.95302;
custom,cuboid,arena2tex,3.15902,16.1907,36.87215,1,0.5,0,1,1,180,37.07252,2015.89546,-2315.44861,0,0,0.30291,0.95302;

custom,cuboid,arena2tex,19.32542,11.81217,46.21986,1,1,0,0.5,230,1,0.00098,1899.79794,-578.68713,0,-1,0,0;
custom,prism,arena2tex,18.6954,3.13902,18.6955,1,0.5,0,1,1,90,40.77773,2011.74905,-714.63615,-0.32506,-0.62796,0.32506,-0.62796;
custom,prism,arena2tex,18.6954,3.13902,18.6955,1,0.5,0,1,1,90,-39.75054,2011.02081,-714.63371,0.62796,0.32506,-0.62796,0.32506;
custom,cuboid,arena2tex,3.15902,16.1907,36.87217,1,0.5,0,1,1,180,37.07454,2015.89546,-531.94855,0.30291,-0.95302,0,0;
custom,cuboid,arena2tex,3.15902,16.1907,36.87217,1,0.5,0,1,1,180,-37.0726,2015.89546,-531.94855,-0.30291,-0.95302,0,0;






custom,cuboid,ice1,11.63621,2.1,1.9,1,0,0,0,0,0,0,1948.8588,-337.58789,0,0,0,1;
custom,cuboid,ice1,10.07737,2.1,1.9,1,0,0,0,0,0,-37.25555,2005.77316,-337.58789,0,0,0.4597,0.88807;
custom,cuboid,ice1,10.07737,2.1,1.9,1,0,0,0,0,0,37.25557,2005.7732,-337.58789,0,0,-0.4597,0.88807;
custom,cuboid,default,11.63621,2,2,1,0,0,0,0,0,0,1948.8588,-337.58789,0,0,0,1;
custom,cuboid,default,10.07737,2,2,1,0,0,0,0,0,-37.25555,2005.77316,-337.58789,0,0,0.4597,0.88807;
custom,cuboid,default,10.07737,2,2,1,0,0,0,0,0,37.25557,2005.7732,-337.58789,0,0,-0.4597,0.88807;
custom,cuboid,default,2,18.0112,2,1,0,0,0,0,0,0,1919.94389,-337.58789,0,0,-0.70711,0.70711;
custom,cuboid,default,2,18.0112,2,1,0,0,0,0,0,0,2080.05608,-337.58789,0,0,-0.70711,0.70711;
custom,cuboid,default,2,18.0112,2,1,0,0,0,0,0,80.0561,1999.99998,-337.58789,0,0,0,1;
custom,cuboid,default,2,18.0112,2,1,0,0,0,0,0,-80.0561,1999.99998,-337.58789,0,0,0,1;
custom,cuboid,default,2,18.0112,2,1,0,0,0,0,0,0,2060.05608,-337.58789,0,0,-0.70711,0.70711;
custom,cuboid,default,2,18.0112,2,1,0,0,0,0,0,0,1939.94389,-337.58789,0,0,-0.70711,0.70711;
custom,cuboid,default,2,18.0112,2,1,0,0,0,0,0,68.18107,1999.99998,-337.58789,0,0,0,1;
custom,cuboid,default,2,18.0112,2,1,0,0,0,0,0,-68.18107,1999.99998,-337.58789,0,0,0,1;
custom,cuboid,default,8,2,2,1,0,0,0,0,0,-47.58879,2025.80092,-337.58789,0,0,0.4597,0.88807;
custom,cuboid,default,5,2,2,1,0,0,0,0,0,-55.25866,2049.59532,-337.58789,0,0,0.4597,0.88807;
custom,cuboid,default,8,2,2,1,0,0,0,0,0,47.58881,2025.80096,-337.58789,0,0,-0.4597,0.88807;
custom,cuboid,default,5,2,2,1,0,0,0,0,0,55.25869,2049.59535,-337.58789,0,0,-0.4597,0.88807;



custom,prism,default,3.26601,2,1.33333,1,0,0,0,0,0,-0.29228,2047.30822,-337.98789,-0.70711,0,0,0.70711;
custom,prism,default,3.55229,2,1.06165,1,0,0,0,0,0,62.68838,1956.88362,-337.98789,-0.36752,0.60409,-0.60409,0.36752;
custom,prism,default,3.55229,2,1.06165,1,0,0,0,0,0,-62.39612,1956.31891,-337.98789,-0.36752,-0.60409,0.60409,0.36752;





custom,cuboid,metal4,7.41749,5.29686,2,1,1,1,1,0.05,0.05,0,2063.57169,-158.08746,0,0,0,1;
custom,cuboid,metal4,7.41749,5.29686,2,1,1,1,1,0.05,0.05,0,1936.42827,-158.08746,0,0,0,1;
custom,cuboid,metal4,18.0112,5.29686,2,1,1,1,1,0.15,0.05,63.57171,1999.99998,-158.08746,0,0,-0.70711,0.70711;
custom,cuboid,metal4,18.0112,5.29686,2,1,1,1,1,0.15,0.05,-63.57171,1999.99999,-158.08746,0,0,-0.70711,0.70711;

custom,cuboid,ice1,7.51749,0.1,2.1,1,1,1,1,0,0,0,2037.0874,-158.08746,0,0,0,1;
custom,cuboid,ice1,7.51749,0.1,2.1,1,1,1,1,0,0,0,1962.91256,-158.08746,0,0,0,1;
custom,cuboid,ice1,7.51749,0.1,2.1,1,1,1,1,0,0,37.08742,1999.99998,-158.08746,0,0,-0.70711,0.70711;
custom,cuboid,ice1,7.51749,0.1,2.1,1,1,1,1,0,0,-37.08742,1999.99998,-158.08746,0,0,-0.70711,0.70711;

custom,cuboid,metal4,14.0112,2,15.95001,1,1,1,1,0.05,0.05,0,2080.05608,-247.83752,0,0,0,1;
custom,cuboid,metal4,14.0112,2,15.95001,1,1,1,1,0.05,0.05,0,1919.94389,-247.83752,0,0,0,1;
custom,cuboid,medievalartilleryassets_texture-psd,2,18.0112,15.95001,1,1,1,1,1,1,-80.0561,1999.99998,-247.83783,0,0,0,1;
custom,cuboid,medievalartilleryassets_texture-psd,2,18.0112,15.95001,1,1,1,1,1,1,80.0561,1999.99998,-247.83752,0,0,0,1;

custom,cuboid,empty,9.0056,1,1,1,0,0,0,0,0,-28.3041,1971.69588,-247.83783,0,0,-0.38268,0.92388;
custom,cuboid,empty,9.0056,1,1,1,0,0,0,0,0,28.3041,2028.30408,-247.83783,0,0,-0.38268,0.92388;
custom,cuboid,empty,1,9.0056,1,1,0,0,0,0,0,28.3041,1971.69588,-247.83783,0,0,-0.38268,0.92388;
custom,cuboid,empty,1,9.0056,1,1,0,0,0,0,0,-28.3041,2028.30408,-247.83783,0,0,-0.38268,0.92388;
custom,cuboid,cannonregionmat,1.1,9.10561,0.9,1,1,1,1,0,0,-28.3041,2028.30408,-247.83783,0,0,-0.38268,0.92388;
custom,cuboid,cannonregionmat,1.1,9.10561,0.9,1,1,1,1,0,0,28.3041,1971.69588,-247.83783,0,0,-0.38268,0.92388;
custom,cuboid,cannonregionmat,9.10561,1.1,0.9,1,1,1,1,0,0,28.3041,2028.30408,-247.83783,0,0,-0.38268,0.92388;
custom,cuboid,cannonregionmat,9.10561,1.1,0.9,1,1,1,1,0,0,-28.3041,1971.69588,-247.83783,0,0,-0.38268,0.92388;
racing,checkpointcuboid,8,8,0.8,0,2000,-247.83783,0,0,-0.38268,0.92388;






racing,killcuboid,2,8.00001,15.3812,-111.60265,2010.18925,2482.05566,0.15038,0.4924,0.08682,0.85287;
racing,killcuboid,2,8.00001,15.3812,-223.20545,2076.30207,2300.4126,0.17365,0,0,0.98481;
racing,killcuboid,2,8.00001,15.3812,-111.6032,2142.41505,2118.76831,0.15038,-0.4924,-0.08682,0.85287;
racing,killcuboid,2,8.00001,15.38121,111.60183,2142.41512,2118.76831,0.08682,-0.85287,-0.15038,0.4924;
racing,killcuboid,2,8.00001,15.38121,223.20457,2076.3023,2300.41199,0,-0.98481,-0.17365,0;
racing,killcuboid,2,8.00001,15.3812,111.60229,2010.18932,2482.05566,-0.08682,-0.85287,-0.15038,-0.4924;
racing,killcuboid,8,8.00001,2,-201.86577,2036.44058,2409.93103,0.15038,-0.4924,-0.08682,0.85287;
racing,killcuboid,8,8.00001,2,-201.86613,2116.16352,2190.89355,0.08682,-0.85287,-0.15038,0.4924;
racing,killcuboid,8,8.00001,2,201.86491,2116.16375,2190.89355,-0.08682,-0.85287,-0.15038,-0.4924;
racing,killcuboid,8,8.00001,2,201.86525,2036.44079,2409.93042,-0.15038,-0.4924,-0.08682,-0.85287;

racing,killcuboid,2,8.00001,15.38121,-61.60293,2039.809,2400.67627,0.08682,-0.85287,-0.15038,0.4924;
racing,killcuboid,2,8.00001,15.38121,-123.20568,2076.30215,2300.4126,0,-0.98481,-0.17365,0;
racing,killcuboid,2,8.00001,15.3812,-61.60319,2112.79533,2200.14771,-0.08682,-0.85287,-0.15038,-0.4924;
racing,killcuboid,2,8.00001,15.3812,61.60207,2112.79537,2200.14771,-0.15038,-0.4924,-0.08682,-0.85287;
racing,killcuboid,2,8.00001,15.3812,123.20482,2076.30222,2300.41199,-0.17365,0,0,-0.98481;
racing,killcuboid,2,8.00001,15.3812,61.6023,2039.80906,2400.67627,-0.15038,0.4924,0.08682,-0.85287;

custom,cuboid,medievalartilleryassets_texture-psd,2,8.00001,15.3812,1,1,0.5,0,2,1,-111.60265,2142.41512,1795.41443,-0.15038,0.4924,-0.08682,0.85287;
custom,cuboid,medievalartilleryassets_texture-psd,2,8.00001,15.3812,1,1,0.5,0,2,1,-223.20545,2076.3023,1613.77075,-0.17365,0,0,0.98481;
custom,cuboid,medievalartilleryassets_texture-psd,2,8.00001,15.3812,1,1,0.5,0,2,1,-111.6032,2010.1893,1432.12708,-0.15038,-0.4924,0.08682,0.85287;
custom,cuboid,medievalartilleryassets_texture-psd,2,8.00001,15.38121,1,1,0.5,0,2,1,111.60183,2010.18921,1432.12646,-0.08682,-0.85287,0.15038,0.4924;
custom,cuboid,medievalartilleryassets_texture-psd,2,8.00001,15.38121,1,1,0.5,0,2,1,223.20457,2076.30207,1613.77014,0,-0.98481,0.17365,0;
custom,cuboid,medievalartilleryassets_texture-psd,2,8.00001,15.38121,1,1,0.5,0,2,1,111.60229,2142.41505,1795.41382,0.08682,-0.85287,0.15038,-0.4924;
custom,cuboid,metal4,8,8.00001,2,1,1,0.5,0,0.05,0.05,-201.86577,2116.16371,1723.28918,-0.15038,-0.4924,0.08682,0.85287;
custom,cuboid,metal4,8,8.00001,2,1,1,0.5,0,0.05,0.05,-201.86613,2036.44073,1504.25232,-0.08682,-0.85287,0.15038,0.4924;
custom,cuboid,metal4,8,8.00001,2,1,1,0.5,0,0.05,0.05,201.86491,2036.44056,1504.25171,0.08682,-0.85287,0.15038,-0.4924;
custom,cuboid,metal4,8,8.00001,2,1,1,0.5,0,0.05,0.05,201.86525,2116.16348,1723.28857,0.15038,-0.4924,0.08682,-0.85287;

racing,killcuboid,2,8.00001,15.38121,-61.60293,2112.79537,1714.03442,-0.08682,-0.85287,0.15038,0.4924;
racing,killcuboid,2,8.00001,15.38121,-123.20568,2076.30226,1613.77075,0,-0.98481,0.17365,0;
racing,killcuboid,2,8.00001,15.38121,-61.60319,2039.80902,1513.50647,0.08682,-0.85287,0.15038,-0.4924;
racing,killcuboid,2,8.00001,15.3812,61.60207,2039.80896,1513.50647,0.15038,-0.4924,0.08682,-0.85287;
racing,killcuboid,2,8.00001,15.3812,123.20482,2076.30211,1613.77014,0.17365,0,0,-0.98481;
racing,killcuboid,2,8.00001,15.3812,61.6023,2112.7953,1714.03442,0.15038,0.4924,-0.08682,-0.85287;

custom,cuboid,medievalartilleryassets_texture-psd,2,8.00001,15.3812,1,1,1,0.5,2,1,-111.60265,2010.18925,1163.4967,0.15038,0.4924,0.08682,0.85287;
custom,cuboid,medievalartilleryassets_texture-psd,2,8.00001,15.3812,1,1,1,0.5,2,1,-223.20545,2076.30207,981.85303,0.17365,0,0,0.98481;
custom,cuboid,medievalartilleryassets_texture-psd,2,8.00001,15.3812,1,1,1,0.5,2,1,-111.6032,2142.41505,800.20935,0.15038,-0.4924,-0.08682,0.85287;
custom,cuboid,medievalartilleryassets_texture-psd,2,8.00001,15.38121,1,1,1,0.5,2,1,111.60183,2142.41512,800.20905,0.08682,-0.85287,-0.15038,0.4924;
custom,cuboid,medievalartilleryassets_texture-psd,2,8.00001,15.38121,1,1,1,0.5,2,1,223.20457,2076.3023,981.85242,0,-0.98481,-0.17365,0;
custom,cuboid,medievalartilleryassets_texture-psd,2,8.00001,15.3812,1,1,1,0.5,2,1,111.60229,2010.18932,1163.4964,-0.08682,-0.85287,-0.15038,-0.4924;
custom,cuboid,metal4,8,8.00001,2,1,1,1,0.5,0.05,0.05,-201.86577,2036.44058,1091.37146,0.15038,-0.4924,-0.08682,0.85287;
custom,cuboid,metal4,8,8.00001,2,1,1,1,0.5,0.05,0.05,-201.86613,2116.16352,872.33459,0.08682,-0.85287,-0.15038,0.4924;
custom,cuboid,metal4,8,8.00001,2,1,1,1,0.5,0.05,0.05,201.86491,2116.16375,872.33398,-0.08682,-0.85287,-0.15038,-0.4924;
custom,cuboid,metal4,8,8.00001,2,1,1,1,0.5,0.05,0.05,201.86525,2036.44079,1091.37085,-0.15038,-0.4924,-0.08682,-0.85287;

racing,killcuboid,2,8.00001,15.38121,-61.60293,2039.809,1082.117,0.08682,-0.85287,-0.15038,0.4924;
racing,killcuboid,2,8.00001,15.38121,-123.20568,2076.30215,981.85303,0,-0.98481,-0.17365,0;
racing,killcuboid,2,8.00001,15.3812,-61.60319,2112.79533,881.58875,-0.08682,-0.85287,-0.15038,-0.4924;
racing,killcuboid,2,8.00001,15.3812,61.60207,2112.79537,881.58875,-0.15038,-0.4924,-0.08682,-0.85287;
racing,killcuboid,2,8.00001,15.3812,123.20482,2076.30222,981.85272,-0.17365,0,0,-0.98481;
racing,killcuboid,2,8.00001,15.3812,61.6023,2039.80906,1082.1167,-0.15038,0.4924,0.08682,-0.85287;

custom,cuboid,medievalartilleryassets_texture-psd,2,8.00001,15.3812,1,1,1,1,2,1,-111.60265,2142.41512,476.85547,-0.15038,0.4924,-0.08682,0.85287;
custom,cuboid,medievalartilleryassets_texture-psd,2,8.00001,15.3812,1,1,1,1,2,1,-223.20545,2076.3023,295.21179,-0.17365,0,0,0.98481;
custom,cuboid,medievalartilleryassets_texture-psd,2,8.00001,15.3812,1,1,1,1,2,1,-111.6032,2010.1893,113.56781,-0.15038,-0.4924,0.08682,0.85287;
custom,cuboid,medievalartilleryassets_texture-psd,2,8.00001,15.38121,1,1,1,1,2,1,111.60183,2010.18921,113.5675,-0.08682,-0.85287,0.15038,0.4924;
custom,cuboid,medievalartilleryassets_texture-psd,2,8.00001,15.38121,1,1,1,1,2,1,223.20457,2076.30207,295.21118,0,-0.98481,0.17365,0;
custom,cuboid,medievalartilleryassets_texture-psd,2,8.00001,15.38121,1,1,1,1,2,1,111.60229,2142.41505,476.85516,0.08682,-0.85287,0.15038,-0.4924;
custom,cuboid,metal4,8,8.00001,2,1,1,1,1,0.05,0.05,-201.86577,2116.16371,404.73022,-0.15038,-0.4924,0.08682,0.85287;
custom,cuboid,metal4,8,8.00001,2,1,1,1,1,0.05,0.05,-201.86613,2036.44073,185.69336,-0.08682,-0.85287,0.15038,0.4924;
custom,cuboid,metal4,8,8.00001,2,1,1,1,1,0.05,0.05,201.86491,2036.44056,185.69275,0.08682,-0.85287,0.15038,-0.4924;
custom,cuboid,metal4,8,8.00001,2,1,1,1,1,0.05,0.05,201.86525,2116.16348,404.72961,0.15038,-0.4924,0.08682,-0.85287;

racing,killcuboid,2,8.00001,15.38121,-61.60293,2112.79537,395.47577,-0.08682,-0.85287,0.15038,0.4924;
racing,killcuboid,2,8.00001,15.38121,-123.20568,2076.30226,295.21179,0,-0.98481,0.17365,0;
racing,killcuboid,2,8.00001,15.38121,-61.60319,2039.80902,194.94751,0.08682,-0.85287,0.15038,-0.4924;
racing,killcuboid,2,8.00001,15.3812,61.60207,2039.80896,194.9472,0.15038,-0.4924,0.08682,-0.85287;
racing,killcuboid,2,8.00001,15.3812,123.20482,2076.30211,295.21149,0.17365,0,0,-0.98481;
racing,killcuboid,2,8.00001,15.3812,61.6023,2112.7953,395.47546,0.15038,0.4924,-0.08682,-0.85287;





racing,killcuboid,2,7.51754,21.94788,-50,1999.99969,-37.84821,0,0,0,1;
racing,killcuboid,2,7.51754,21.94788,50,1999.99969,-37.84821,0,0,0,1;
racing,killprism,5.47217,2,8.68055,49.6,1997.43377,71.40147,-0.5,0.5,-0.5,-0.5;
racing,killprism,5.47217,2,8.68055,-49.6,1997.43377,72.38087,0.5,0.5,-0.5,0.5;

racing,killcuboid,2,7.51754,24.00003,50.00015,2152.60494,638.5321,0,0,0,1;
racing,killcuboid,2,7.51754,24.00003,-49.99985,2152.60494,638.5321,0,0,0,1;
racing,killprism,5.47217,2,8.68055,50.40015,2155.17086,518.0424,-0.5,-0.5,-0.5,0.5;
racing,killprism,5.47217,2,8.68055,-50.39985,2155.17086,519.0218,-0.5,0.5,0.5,0.5;
racing,killprism,5.47217,2,8.68055,50.40015,2155.17086,758.04301,-0.5,-0.5,-0.5,0.5;
racing,killprism,5.47217,2,8.68055,-50.39985,2155.17086,759.02241,-0.5,0.5,0.5,0.5;

racing,killcuboid,2,7.51754,18.52768,-50,1999.99969,1297.81189,0,0,0,1;
racing,killcuboid,2,7.51754,18.52768,50,1999.99969,1297.81189,0,0,0,1;
racing,killprism,5.47217,2,8.68055,49.6,1997.43377,1204.68364,-0.5,0.5,-0.5,-0.5;
racing,killprism,5.47217,2,8.68055,49.6,1997.43377,1389.96043,-0.5,0.5,-0.5,-0.5;
racing,killprism,5.47217,2,8.68055,-49.6,1997.43377,1205.66304,0.5,0.5,-0.5,0.5;
racing,killprism,5.47217,2,8.68055,-49.6,1997.43377,1390.93983,0.5,0.5,-0.5,0.5;

racing,killcuboid,2,7.51754,24.00003,50.00015,2152.60494,1957.09045,0,0,0,1;
racing,killcuboid,2,7.51754,24.00003,-49.99985,2152.60494,1957.09045,0,0,0,1;
racing,killprism,5.47217,2,8.68055,50.40015,2155.17086,1836.60075,-0.5,-0.5,-0.5,0.5;
racing,killprism,5.47217,2,8.68055,-50.39985,2155.17086,1837.58015,-0.5,0.5,0.5,0.5;
racing,killprism,5.47217,2,8.68055,50.40015,2155.17086,2076.60136,-0.5,-0.5,-0.5,0.5;
racing,killprism,5.47217,2,8.68055,-50.39985,2155.17086,2077.58076,-0.5,0.5,0.5,0.5;

racing,killcuboid,2,7.51754,21.94788,-50,1999.99969,2633.47168,0,0,0,1;
racing,killcuboid,2,7.51754,21.94788,50,1999.99969,2633.47168,0,0,0,1;
racing,killprism,5.47217,2,8.68055,49.6,1997.43377,2523.24199,-0.5,0.5,-0.5,-0.5;
racing,killprism,5.47217,2,8.68055,-49.6,1997.43377,2524.22139,0.5,0.5,-0.5,0.5;




custom,cuboid,metal2,8,1.87938,25.36806,1,1,1,1,0.8,2.4,0.00009,1953.01502,-20.74738,0,-1,0,0;
custom,cuboid,metal2,8,1.87938,24,1,1,1,1,0.8,2.4,0.00009,2105.62035,638.5321,0,-1,0,0;
custom,cuboid,metal2,8,1.87939,25.36808,1,1,1,1,0.8,2.4,0,1953.01506,1297.81189,0,0,0,1;
custom,cuboid,metal2,8,1.87938,24,1,1,1,1,0.8,2.4,-0.00004,2105.62035,1957.09106,0,0,0,1;
custom,cuboid,metal2,8,1.87938,25.36801,1,1,1,1,0.8,2.4,0.00002,1953.01504,2616.37085,0,0,0,1;

custom,cuboid,metal4,8,2,15.38121,1,1,1,1,0.05,0.05,173.20515,2029.31759,312.31232,0,-0.98481,0.17365,0;
custom,cuboid,metal4,8,2,15.3812,1,1,1,1,0.05,0.05,86.60258,2080.62069,453.2666,0.08682,-0.85287,0.15038,-0.4924;
custom,cuboid,metal4,8,2,15.3812,1,1,1,1,0.05,0.05,-86.60243,2080.62069,453.2666,0.15038,-0.4924,0.08682,-0.85287;
custom,cuboid,metal4,8,2,15.3812,1,1,1,1,0.05,0.05,-173.20507,2029.31765,312.31232,0.17365,0,0,-0.98481;
custom,cuboid,metal4,8,2,15.3812,1,1,1,1,0.05,0.05,-86.6025,1978.01464,171.35864,0.15038,0.4924,-0.08682,-0.85287;
custom,cuboid,metal4,8,2,15.3812,1,1,1,1,0.05,0.05,86.60268,1978.01456,171.35834,0.08682,0.85287,-0.15038,-0.4924;

custom,prism,metal4,8,2,8.00003,1,1,1,1,0.05,0.05,-0.7159,2094.95703,491.48567,0.17365,0,0,-0.98481;
custom,prism,metal4,8,2,8.00003,1,1,1,1,0.05,0.05,-165.61093,2062.11326,401.248,0.15038,0.4924,-0.08682,-0.85287;
custom,prism,metal4,8,2,8.00003,1,1,1,1,0.05,0.05,-164.895,1996.84969,221.9378,0.08682,0.85287,-0.15038,-0.4924;
custom,prism,metal4,8,2,8.00003,1,1,1,1,0.05,0.05,165.61105,1997.27377,223.10302,-0.08682,0.85287,-0.15038,0.4924;
custom,prism,metal4,8,2,8.00003,1,1,1,1,0.05,0.05,164.89512,2062.53731,402.41323,-0.15038,0.4924,-0.08682,0.85287;
custom,prism,metal4,8,2,8.00003,1,1,1,1,0.05,0.05,0.71598,1964.43003,132.86565,0,0.98481,-0.17365,0;

custom,cuboid,metal4,8,2,15.38121,1,1,1,1,0.05,0.05,173.20518,2029.31774,964.75159,0,-0.98481,-0.17365,0;
custom,cuboid,metal4,8,2,15.3812,1,1,1,1,0.05,0.05,86.60258,1978.01468,1105.70557,-0.08682,-0.85287,-0.15038,-0.4924;
custom,cuboid,metal4,8,2,15.3812,1,1,1,1,0.05,0.05,-86.60243,1978.01464,1105.70587,-0.15038,-0.4924,-0.08682,-0.85287;
custom,cuboid,metal4,8,2,15.3812,1,1,1,1,0.05,0.05,-173.20503,2029.3177,964.75159,-0.17365,0,0,-0.98481;
custom,cuboid,metal4,8,2,15.3812,1,1,1,1,0.05,0.05,-86.6025,2080.62073,823.79791,-0.15038,0.4924,0.08682,-0.85287;
custom,cuboid,metal4,8,2,15.3812,1,1,1,1,0.05,0.05,86.60268,2080.62077,823.79761,-0.08682,0.85287,0.15038,-0.4924;

custom,prism,metal4,8,2,8.00003,1,1,1,1,0.05,0.05,-0.7159,1964.43005,1144.19856,-0.17365,0,0,-0.98481;
custom,prism,metal4,8,2,8.00003,1,1,1,1,0.05,0.05,-165.61093,1997.27387,1053.96088,-0.15038,0.4924,0.08682,-0.85287;
custom,prism,metal4,8,2,8.00003,1,1,1,1,0.05,0.05,-164.89496,2062.53739,874.65098,-0.08682,0.85287,0.15038,-0.4924;
custom,prism,metal4,8,2,8.00003,1,1,1,1,0.05,0.05,0.71598,2094.95711,785.57854,0,0.98481,0.17365,0;
custom,prism,metal4,8,2,8.00003,1,1,1,1,0.05,0.05,165.61108,2062.11333,875.81621,0.08682,0.85287,0.15038,0.4924;
custom,prism,metal4,8,2,8.00003,1,1,1,1,0.05,0.05,164.89508,1996.84979,1055.1261,0.15038,0.4924,0.08682,0.85287;

custom,killcuboid,bombtex,8,2,15.3812,1,1,1,0,99999,99999,-173.20515,2029.31774,1630.87158,-0.17365,0,0,0.98481;
custom,killcuboid,bombtex,8,2,15.3812,1,1,1,0,99999,99999,-86.60256,1978.01468,1489.9176,-0.15038,-0.4924,0.08682,0.85287;
custom,killcuboid,bombtex,8,2,15.3812,1,1,1,0,99999,99999,86.60245,1978.01464,1489.9176,-0.08682,-0.85287,0.15038,0.4924;
custom,killcuboid,bombtex,8,2,15.38121,1,1,1,0,99999,99999,173.20507,2029.3177,1630.87158,0,-0.98481,0.17365,0;
custom,killcuboid,bombtex,8,2,15.3812,1,1,1,0,99999,99999,86.60254,2080.62073,1771.82556,0.08682,-0.85287,0.15038,-0.4924;
custom,killcuboid,bombtex,8,2,15.3812,1,1,1,0,99999,99999,-86.60264,2080.62077,1771.82556,0.15038,-0.4924,0.08682,-0.85287;

custom,killprism,bombtex,8,2,8.00003,1,1,1,0,99999,99999,0.71591,1964.43005,1451.42522,0,-0.98481,0.17365,0;
custom,killprism,bombtex,8,2,8.00003,1,1,1,0,99999,99999,165.61093,1997.27387,1541.66259,0.08682,-0.85287,0.15038,-0.4924;
custom,killprism,bombtex,8,2,8.00003,1,1,1,0,99999,99999,164.895,2062.53739,1720.9728,0.15038,-0.4924,0.08682,-0.85287;
custom,killprism,bombtex,8,2,8.00003,1,1,1,0,99999,99999,-0.71593,2094.95711,1810.04493,0.17365,0,0,-0.98481;
custom,killprism,bombtex,8,2,8.00003,1,1,1,0,99999,99999,-165.61105,2062.11333,1719.80757,0.15038,0.4924,-0.08682,-0.85287;
custom,killprism,bombtex,8,2,8.00003,1,1,1,0,99999,99999,-164.89508,1996.84979,1540.49737,0.08682,0.85287,-0.15038,-0.4924;

custom,killcuboid,bombtex,8,2,15.3812,1,1,1,0,99999,99999,-173.20507,2029.31759,2283.31116,0.17365,0,0,0.98481;
custom,killcuboid,bombtex,8,2,15.3812,1,1,1,0,99999,99999,-86.60251,2080.62069,2142.35718,0.15038,-0.4924,-0.08682,0.85287;
custom,killcuboid,bombtex,8,2,15.38121,1,1,1,0,99999,99999,86.60251,2080.62069,2142.35718,0.08682,-0.85287,-0.15038,0.4924;
custom,killcuboid,bombtex,8,2,15.38121,1,1,1,0,99999,99999,173.20515,2029.31765,2283.31116,0,-0.98481,-0.17365,0;
custom,killcuboid,bombtex,8,2,15.3812,1,1,1,0,99999,99999,86.60259,1978.01464,2424.26514,-0.08682,-0.85287,-0.15038,-0.4924;
custom,killcuboid,bombtex,8,2,15.3812,1,1,1,0,99999,99999,-86.60258,1978.01456,2424.26514,-0.15038,-0.4924,-0.08682,-0.85287;

custom,killprism,bombtex,8,2,8.00003,1,1,1,0,99999,99999,0.71597,2094.95703,2104.1378,0,-0.98481,-0.17365,0;
custom,killprism,bombtex,8,2,8.00003,1,1,1,0,99999,99999,165.61101,2062.11326,2194.37517,-0.08682,-0.85287,-0.15038,-0.4924;
custom,killprism,bombtex,8,2,8.00003,1,1,1,0,99999,99999,164.89508,1996.84969,2373.68537,-0.15038,-0.4924,-0.08682,-0.85287;
custom,killprism,bombtex,8,2,8.00003,1,1,1,0,99999,99999,-0.71587,1964.43003,2462.75813,-0.17365,0,0,-0.98481;
custom,killprism,bombtex,8,2,8.00003,1,1,1,0,99999,99999,-165.61097,1997.27377,2372.52015,-0.15038,0.4924,0.08682,-0.85287;
custom,killprism,bombtex,8,2,8.00003,1,1,1,0,99999,99999,-164.89504,2062.53731,2193.20994,-0.08682,0.85287,0.15038,-0.4924;

racing,killcuboid,8,2,15.3812,-173.20515,2029.31774,1630.87158,-0.17365,0,0,0.98481;
racing,killcuboid,8,2,15.3812,-86.60256,1978.01468,1489.9176,-0.15038,-0.4924,0.08682,0.85287;
racing,killcuboid,8,2,15.3812,86.60245,1978.01464,1489.9176,-0.08682,-0.85287,0.15038,0.4924;
racing,killcuboid,8,2,15.38121,173.20507,2029.3177,1630.87158,0,-0.98481,0.17365,0;
racing,killcuboid,8,2,15.3812,86.60254,2080.62073,1771.82556,0.08682,-0.85287,0.15038,-0.4924;
racing,killcuboid,8,2,15.3812,-86.60264,2080.62077,1771.82556,0.15038,-0.4924,0.08682,-0.85287;

racing,killprism,8,2,8.00003,0.71591,1964.43005,1451.42522,0,-0.98481,0.17365,0;
racing,killprism,8,2,8.00003,165.61093,1997.27387,1541.66259,0.08682,-0.85287,0.15038,-0.4924;
racing,killprism,8,2,8.00003,164.895,2062.53739,1720.9728,0.15038,-0.4924,0.08682,-0.85287;
racing,killprism,8,2,8.00003,-0.71593,2094.95711,1810.04493,0.17365,0,0,-0.98481;
racing,killprism,8,2,8.00003,-165.61105,2062.11333,1719.80757,0.15038,0.4924,-0.08682,-0.85287;
racing,killprism,8,2,8.00003,-164.89508,1996.84979,1540.49737,0.08682,0.85287,-0.15038,-0.4924;

racing,killcuboid,8,2,15.3812,-173.20507,2029.31759,2283.31116,0.17365,0,0,0.98481;
racing,killcuboid,8,2,15.3812,-86.60251,2080.62069,2142.35718,0.15038,-0.4924,-0.08682,0.85287;
racing,killcuboid,8,2,15.38121,86.60251,2080.62069,2142.35718,0.08682,-0.85287,-0.15038,0.4924;
racing,killcuboid,8,2,15.38121,173.20515,2029.31765,2283.31116,0,-0.98481,-0.17365,0;
racing,killcuboid,8,2,15.3812,86.60259,1978.01464,2424.26514,-0.08682,-0.85287,-0.15038,-0.4924;
racing,killcuboid,8,2,15.3812,-86.60258,1978.01456,2424.26514,-0.15038,-0.4924,-0.08682,-0.85287;

racing,killprism,8,2,8.00003,0.71597,2094.95703,2104.1378,0,-0.98481,-0.17365,0;
racing,killprism,8,2,8.00003,165.61101,2062.11326,2194.37517,-0.08682,-0.85287,-0.15038,-0.4924;
racing,killprism,8,2,8.00003,164.89508,1996.84969,2373.68537,-0.15038,-0.4924,-0.08682,-0.85287;
racing,killprism,8,2,8.00003,-0.71587,1964.43003,2462.75813,-0.17365,0,0,-0.98481;
racing,killprism,8,2,8.00003,-165.61097,1997.27377,2372.52015,-0.15038,0.4924,0.08682,-0.85287;
racing,killprism,8,2,8.00003,-164.89504,2062.53731,2193.20994,-0.08682,0.85287,0.15038,-0.4924;




custom,cuboid,arena2tex,8,1.87938,21.94784,1,1,1,1,1,105,0.0001,2046.98427,-37.84821,0,-1,0,0;
custom,cuboid,arena2tex,8,1.87938,30.84045,1,1,1,1,1,150,0.00009,2199.58958,638.53271,0,-1,0,0;
custom,cuboid,arena2tex,8,1.87939,18.52768,1,1,1,1,1,90,0,2046.98431,1297.81189,0,0,0,1;
custom,cuboid,arena2tex,8,1.87938,30.84034,1,1,1,1,1,150,-0.00004,2199.58958,1957.09106,0,0,0,1;
custom,cuboid,arena2tex,8,1.87938,21.94783,1,1,1,1,1,105,0.00002,2046.98429,2633.47168,0,0,0,1;

custom,cuboid,metal4,8,2,15.38121,1,1,1,1,0.05,0.05,173.20517,2123.28686,278.11035,0,-0.98481,0.17365,0;
custom,cuboid,metal4,8,2,15.3812,1,1,1,1,0.05,0.05,86.60259,2174.58996,419.06433,0.08682,-0.85287,0.15038,-0.4924;
custom,cuboid,metal4,8,2,15.3812,1,1,1,1,0.05,0.05,-86.60242,2174.58996,419.06433,0.15038,-0.4924,0.08682,-0.85287;
custom,cuboid,metal4,8,2,15.3812,1,1,1,1,0.05,0.05,-173.20507,2123.2869,278.11035,0.17365,0,0,-0.98481;
custom,cuboid,metal4,8,2,15.3812,1,1,1,1,0.05,0.05,-86.60248,2071.98389,137.15668,0.15038,0.4924,-0.08682,-0.85287;
custom,cuboid,metal4,8,2,15.3812,1,1,1,1,0.05,0.05,86.60271,2071.98383,137.15637,0.08682,0.85287,-0.15038,-0.4924;

custom,prism,metal4,8,2,8.00003,1,1,1,1,0.05,0.05,-0.71589,2188.92626,457.2837,0.17365,0,0,-0.98481;
custom,prism,metal4,8,2,8.00003,1,1,1,1,0.05,0.05,-165.61093,2156.08249,367.04604,0.15038,0.4924,-0.08682,-0.85287;
custom,prism,metal4,8,2,8.00003,1,1,1,1,0.05,0.05,-164.89498,2090.81892,187.73584,0.08682,0.85287,-0.15038,-0.4924;
custom,prism,metal4,8,2,8.00003,1,1,1,1,0.05,0.05,0.71599,2058.39928,98.66368,0,0.98481,-0.17365,0;
custom,prism,metal4,8,2,8.00003,1,1,1,1,0.05,0.05,165.61107,2091.24302,188.90106,-0.08682,0.85287,-0.15038,0.4924;
custom,prism,metal4,8,2,8.00003,1,1,1,1,0.05,0.05,164.89512,2156.50654,368.21127,-0.15038,0.4924,-0.08682,0.85287;

racing,killcuboid,8,2,15.38121,173.20517,2123.28701,998.95386,0,-0.98481,-0.17365,0;
racing,killcuboid,8,2,15.3812,86.60257,2071.98395,1139.90784,-0.08682,-0.85287,-0.15038,-0.4924;
racing,killcuboid,8,2,15.3812,-86.60245,2071.98391,1139.90784,-0.15038,-0.4924,-0.08682,-0.85287;
racing,killcuboid,8,2,15.3812,-173.20505,2123.28697,998.95386,-0.17365,0,0,-0.98481;
racing,killcuboid,8,2,15.3812,-86.60251,2174.59,857.99988,-0.15038,0.4924,0.08682,-0.85287;
racing,killcuboid,8,2,15.3812,86.60265,2174.59003,857.99988,-0.08682,0.85287,0.15038,-0.4924;

racing,killprism,8,2,8.00003,-0.71591,2058.39931,1178.40052,-0.17365,0,0,-0.98481;
racing,killprism,8,2,8.00003,-165.61095,2091.2431,1088.16285,-0.15038,0.4924,0.08682,-0.85287;
racing,killprism,8,2,8.00003,-164.89498,2156.50666,908.85264,-0.08682,0.85287,0.15038,-0.4924;
racing,killprism,8,2,8.00003,0.71596,2188.92638,819.7805,0,0.98481,0.17365,0;
racing,killprism,8,2,8.00003,165.61105,2156.08257,910.01787,0.08682,0.85287,0.15038,0.4924;
racing,killprism,8,2,8.00003,164.89504,2090.81904,1089.32807,0.15038,0.4924,0.08682,0.85287;

racing,killcuboid,8,2,15.3812,-173.20515,2123.28697,1596.66992,-0.17365,0,0,0.98481;
racing,killcuboid,8,2,15.3812,-86.60256,2071.98395,1455.71594,-0.15038,-0.4924,0.08682,0.85287;
racing,killcuboid,8,2,15.3812,86.60246,2071.98391,1455.71533,-0.08682,-0.85287,0.15038,0.4924;
racing,killcuboid,8,2,15.38121,173.20507,2123.28693,1596.66992,0,-0.98481,0.17365,0;
racing,killcuboid,8,2,15.3812,86.60254,2174.59,1737.62329,0.08682,-0.85287,0.15038,-0.4924;
racing,killcuboid,8,2,15.3812,-86.60264,2174.59003,1737.6239,0.15038,-0.4924,0.08682,-0.85287;

racing,killprism,8,2,8.00003,0.71592,2058.39931,1417.22295,0,-0.98481,0.17365,0;
racing,killprism,8,2,8.00003,165.61095,2091.2431,1507.46032,0.08682,-0.85287,0.15038,-0.4924;
racing,killprism,8,2,8.00003,164.895,2156.50666,1686.77053,0.15038,-0.4924,0.08682,-0.85287;
racing,killprism,8,2,8.00003,-0.71593,2188.92634,1775.84266,0.17365,0,0,-0.98481;
racing,killprism,8,2,8.00003,-165.61103,2156.08257,1685.6053,0.15038,0.4924,-0.08682,-0.85287;
racing,killprism,8,2,8.00003,-164.89506,2090.81904,1506.2951,0.08682,0.85287,-0.15038,-0.4924;

racing,killcuboid,8,2,15.3812,-173.20507,2123.28686,2317.51343,0.17365,0,0,0.98481;
racing,killcuboid,8,2,15.3812,-86.60251,2174.58996,2176.55884,0.15038,-0.4924,-0.08682,0.85287;
racing,killcuboid,8,2,15.38121,86.60251,2174.58996,2176.55884,0.08682,-0.85287,-0.15038,0.4924;
racing,killcuboid,8,2,15.38121,173.20515,2123.2869,2317.51343,0,-0.98481,-0.17365,0;
racing,killcuboid,8,2,15.3812,86.60258,2071.98389,2458.4668,-0.08682,-0.85287,-0.15038,-0.4924;
racing,killcuboid,8,2,15.3812,-86.60258,2071.98383,2458.4668,-0.15038,-0.4924,-0.08682,-0.85287;

racing,killprism,8,2,8.00003,0.71597,2188.92626,2138.34008,0,-0.98481,-0.17365,0;
racing,killprism,8,2,8.00003,165.61101,2156.08249,2228.57744,-0.08682,-0.85287,-0.15038,-0.4924;
racing,killprism,8,2,8.00003,164.89508,2090.81892,2407.88764,-0.15038,-0.4924,-0.08682,-0.85287;
racing,killprism,8,2,8.00003,-0.71587,2058.39928,2496.95979,-0.17365,0,0,-0.98481;
racing,killprism,8,2,8.00003,-165.61095,2091.24302,2406.72242,-0.15038,0.4924,0.08682,-0.85287;
racing,killprism,8,2,8.00003,-164.89502,2156.50654,2227.41221,-0.08682,0.85287,0.15038,-0.4924;

custom,killcuboid,bombtex,8,2,15.38121,1,0,1,1,99999,99999,173.20517,2123.28701,998.95386,0,-0.98481,-0.17365,0;
custom,killcuboid,bombtex,8,2,15.3812,1,0,1,1,99999,99999,86.60257,2071.98395,1139.90784,-0.08682,-0.85287,-0.15038,-0.4924;
custom,killcuboid,bombtex,8,2,15.3812,1,0,1,1,99999,99999,-86.60245,2071.98391,1139.90784,-0.15038,-0.4924,-0.08682,-0.85287;
custom,killcuboid,bombtex,8,2,15.3812,1,0,1,1,99999,99999,-173.20505,2123.28697,998.95386,-0.17365,0,0,-0.98481;
custom,killcuboid,bombtex,8,2,15.3812,1,0,1,1,99999,99999,-86.60251,2174.59,857.99988,-0.15038,0.4924,0.08682,-0.85287;
custom,killcuboid,bombtex,8,2,15.3812,1,0,1,1,99999,99999,86.60265,2174.59003,857.99988,-0.08682,0.85287,0.15038,-0.4924;

custom,killprism,bombtex,8,2,8.00003,1,0,1,1,99999,99999,-0.71591,2058.39931,1178.40052,-0.17365,0,0,-0.98481;
custom,killprism,bombtex,8,2,8.00003,1,0,1,1,99999,99999,-165.61095,2091.2431,1088.16285,-0.15038,0.4924,0.08682,-0.85287;
custom,killprism,bombtex,8,2,8.00003,1,0,1,1,99999,99999,-164.89498,2156.50666,908.85264,-0.08682,0.85287,0.15038,-0.4924;
custom,killprism,bombtex,8,2,8.00003,1,0,1,1,99999,99999,0.71596,2188.92638,819.7805,0,0.98481,0.17365,0;
custom,killprism,bombtex,8,2,8.00003,1,0,1,1,99999,99999,165.61105,2156.08257,910.01787,0.08682,0.85287,0.15038,0.4924;
custom,killprism,bombtex,8,2,8.00003,1,0,1,1,99999,99999,164.89504,2090.81904,1089.32807,0.15038,0.4924,0.08682,0.85287;

custom,killcuboid,bombtex,8,2,15.3812,1,0,1,1,99999,99999,-173.20515,2123.28697,1596.66992,-0.17365,0,0,0.98481;
custom,killcuboid,bombtex,8,2,15.3812,1,0,1,1,99999,99999,-86.60256,2071.98395,1455.71594,-0.15038,-0.4924,0.08682,0.85287;
custom,killcuboid,bombtex,8,2,15.3812,1,0,1,1,99999,99999,86.60246,2071.98391,1455.71533,-0.08682,-0.85287,0.15038,0.4924;
custom,killcuboid,bombtex,8,2,15.38121,1,0,1,1,99999,99999,173.20507,2123.28693,1596.66992,0,-0.98481,0.17365,0;
custom,killcuboid,bombtex,8,2,15.3812,1,0,1,1,99999,99999,86.60254,2174.59,1737.62329,0.08682,-0.85287,0.15038,-0.4924;
custom,killcuboid,bombtex,8,2,15.3812,1,0,1,1,99999,99999,-86.60264,2174.59003,1737.6239,0.15038,-0.4924,0.08682,-0.85287;

custom,killprism,bombtex,8,2,8.00003,1,0,1,1,99999,99999,0.71592,2058.39931,1417.22295,0,-0.98481,0.17365,0;
custom,killprism,bombtex,8,2,8.00003,1,0,1,1,99999,99999,165.61095,2091.2431,1507.46032,0.08682,-0.85287,0.15038,-0.4924;
custom,killprism,bombtex,8,2,8.00003,1,0,1,1,99999,99999,164.895,2156.50666,1686.77053,0.15038,-0.4924,0.08682,-0.85287;
custom,killprism,bombtex,8,2,8.00003,1,0,1,1,99999,99999,-0.71593,2188.92634,1775.84266,0.17365,0,0,-0.98481;
custom,killprism,bombtex,8,2,8.00003,1,0,1,1,99999,99999,-165.61103,2156.08257,1685.6053,0.15038,0.4924,-0.08682,-0.85287;
custom,killprism,bombtex,8,2,8.00003,1,0,1,1,99999,99999,-164.89506,2090.81904,1506.2951,0.08682,0.85287,-0.15038,-0.4924;

custom,killcuboid,bombtex,8,2,15.3812,1,0,1,1,99999,99999,-173.20507,2123.28686,2317.51343,0.17365,0,0,0.98481;
custom,killcuboid,bombtex,8,2,15.3812,1,0,1,1,99999,99999,-86.60251,2174.58996,2176.55884,0.15038,-0.4924,-0.08682,0.85287;
custom,killcuboid,bombtex,8,2,15.38121,1,0,1,1,99999,99999,86.60251,2174.58996,2176.55884,0.08682,-0.85287,-0.15038,0.4924;
custom,killcuboid,bombtex,8,2,15.38121,1,0,1,1,99999,99999,173.20515,2123.2869,2317.51343,0,-0.98481,-0.17365,0;
custom,killcuboid,bombtex,8,2,15.3812,1,0,1,1,99999,99999,86.60258,2071.98389,2458.4668,-0.08682,-0.85287,-0.15038,-0.4924;
custom,killcuboid,bombtex,8,2,15.3812,1,0,1,1,99999,99999,-86.60258,2071.98383,2458.4668,-0.15038,-0.4924,-0.08682,-0.85287;

custom,killprism,bombtex,8,2,8.00003,1,0,1,1,99999,99999,0.71597,2188.92626,2138.34008,0,-0.98481,-0.17365,0;
custom,killprism,bombtex,8,2,8.00003,1,0,1,1,99999,99999,165.61101,2156.08249,2228.57744,-0.08682,-0.85287,-0.15038,-0.4924;
custom,killprism,bombtex,8,2,8.00003,1,0,1,1,99999,99999,164.89508,2090.81892,2407.88764,-0.15038,-0.4924,-0.08682,-0.85287;
custom,killprism,bombtex,8,2,8.00003,1,0,1,1,99999,99999,-0.71587,2058.39928,2496.95979,-0.17365,0,0,-0.98481;
custom,killprism,bombtex,8,2,8.00003,1,0,1,1,99999,99999,-165.61095,2091.24302,2406.72242,-0.15038,0.4924,0.08682,-0.85287;
custom,killprism,bombtex,8,2,8.00003,1,0,1,1,99999,99999,-164.89502,2156.50654,2227.41221,-0.08682,0.85287,0.15038,-0.4924;




custom,killcuboid,empty,2.04,2.16836,15.3812,1,0,0,0,0,0,-111.60265,1962.60153,2464.73511,0.15038,0.4924,0.08682,0.85287;
custom,killcuboid,empty,2.04,2.16836,15.3812,1,0,0,0,0,0,-223.20545,2028.71435,2283.09204,0.17365,0,0,0.98481;
custom,killcuboid,empty,2.04,2.16836,15.3812,1,0,0,0,0,0,-111.6032,2094.82733,2101.44775,0.15038,-0.4924,-0.08682,0.85287;
custom,killcuboid,empty,2.04,2.16836,15.38121,1,0,0,0,0,0,111.60183,2094.82735,2101.44775,0.08682,-0.85287,-0.15038,0.4924;
custom,killcuboid,empty,2.04,2.16836,15.38121,1,0,0,0,0,0,223.20457,2028.71453,2283.09143,0,-0.98481,-0.17365,0;
custom,killcuboid,empty,2.04,2.16836,15.3812,1,0,0,0,0,0,111.60229,1962.60155,2464.73511,-0.08682,-0.85287,-0.15038,-0.4924;
custom,killcuboid,empty,8,2.16836,2.04,1,0,0,0,0,0,-201.86577,1988.85286,2392.61047,0.15038,-0.4924,-0.08682,0.85287;
custom,killcuboid,empty,8,2.16836,2.04,1,0,0,0,0,0,-201.86613,2068.5758,2173.573,0.08682,-0.85287,-0.15038,0.4924;
custom,killcuboid,empty,8,2.16836,2.04,1,0,0,0,0,0,201.86491,2068.57598,2173.573,-0.08682,-0.85287,-0.15038,-0.4924;
custom,killcuboid,empty,8,2.16836,2.04,1,0,0,0,0,0,201.86525,1988.85302,2392.60986,-0.15038,-0.4924,-0.08682,-0.85287;
custom,killcuboid,empty,2.04,2.16836,15.38121,1,0,0,0,0,0,-61.60292,1992.22123,2383.35571,0.08682,-0.85287,-0.15038,0.4924;
custom,killcuboid,empty,2.04,2.16836,15.38121,1,0,0,0,0,0,-123.20568,2028.71438,2283.09204,0,-0.98481,-0.17365,0;
custom,killcuboid,empty,2.04,2.16836,15.3812,1,0,0,0,0,0,-61.6032,2065.20757,2182.82715,-0.08682,-0.85287,-0.15038,-0.4924;
custom,killcuboid,empty,2.04,2.16836,15.3812,1,0,0,0,0,0,61.60207,2065.20761,2182.82715,-0.15038,-0.4924,-0.08682,-0.85287;
custom,killcuboid,empty,2.04,2.16836,15.3812,1,0,0,0,0,0,123.20482,2028.71446,2283.09143,-0.17365,0,0,-0.98481;
custom,killcuboid,empty,2.04,2.16836,15.3812,1,0,0,0,0,0,61.6023,1992.22129,2383.35571,-0.15038,0.4924,0.08682,-0.85287;
custom,killcuboid,empty,2.04,2.16836,15.3812,1,0,0,0,0,0,-111.60265,1962.60153,1146.17622,0.15038,0.4924,0.08682,0.85287;
custom,killcuboid,empty,2.04,2.16836,15.3812,1,0,0,0,0,0,-223.20545,2028.71435,964.53255,0.17365,0,0,0.98481;
custom,killcuboid,empty,2.04,2.16836,15.3812,1,0,0,0,0,0,-111.6032,2094.82733,782.88887,0.15038,-0.4924,-0.08682,0.85287;
custom,killcuboid,empty,2.04,2.16836,15.38121,1,0,0,0,0,0,111.60183,2094.82735,782.88857,0.08682,-0.85287,-0.15038,0.4924;
custom,killcuboid,empty,2.04,2.16836,15.38121,1,0,0,0,0,0,223.20457,2028.71453,964.53194,0,-0.98481,-0.17365,0;
custom,killcuboid,empty,2.04,2.16836,15.3812,1,0,0,0,0,0,111.60229,1962.60155,1146.17592,-0.08682,-0.85287,-0.15038,-0.4924;
custom,killcuboid,empty,8,2.16836,2.04,1,0,0,0,0,0,-201.86577,1988.85286,1074.05098,0.15038,-0.4924,-0.08682,0.85287;
custom,killcuboid,empty,8,2.16836,2.04,1,0,0,0,0,0,-201.86613,2068.5758,855.01411,0.08682,-0.85287,-0.15038,0.4924;
custom,killcuboid,empty,8,2.16836,2.04,1,0,0,0,0,0,201.86491,2068.57598,855.0135,-0.08682,-0.85287,-0.15038,-0.4924;
custom,killcuboid,empty,8,2.16836,2.04,1,0,0,0,0,0,201.86525,1988.85302,1074.05037,-0.15038,-0.4924,-0.08682,-0.85287;
custom,killcuboid,empty,2.04,2.16836,15.38121,1,0,0,0,0,0,-61.60292,1992.22123,1064.79652,0.08682,-0.85287,-0.15038,0.4924;
custom,killcuboid,empty,2.04,2.16836,15.38121,1,0,0,0,0,0,-123.20568,2028.71438,964.53255,0,-0.98481,-0.17365,0;
custom,killcuboid,empty,2.04,2.16836,15.3812,1,0,0,0,0,0,-61.6032,2065.20757,864.26826,-0.08682,-0.85287,-0.15038,-0.4924;
custom,killcuboid,empty,2.04,2.16836,15.3812,1,0,0,0,0,0,61.60207,2065.20761,864.26826,-0.15038,-0.4924,-0.08682,-0.85287;
custom,killcuboid,empty,2.04,2.16836,15.3812,1,0,0,0,0,0,123.20482,2028.71446,964.53224,-0.17365,0,0,-0.98481;
custom,killcuboid,empty,2.04,2.16836,15.3812,1,0,0,0,0,0,61.6023,1992.22129,1064.79622,-0.15038,0.4924,0.08682,-0.85287;
custom,killcuboid,empty,2.04,2.16836,15.3812,1,0,0,0,0,0,-111.60265,2094.8274,1812.73499,-0.15038,0.4924,-0.08682,0.85287;
custom,killcuboid,empty,2.04,2.16836,15.3812,1,0,0,0,0,0,-223.20545,2028.71458,1631.09131,-0.17365,0,0,0.98481;
custom,killcuboid,empty,2.04,2.16836,15.3812,1,0,0,0,0,0,-111.6032,1962.60158,1449.44763,-0.15038,-0.4924,0.08682,0.85287;
custom,killcuboid,empty,2.04,2.16836,15.38121,1,0,0,0,0,0,111.60183,1962.60144,1449.44702,-0.08682,-0.85287,0.15038,0.4924;
custom,killcuboid,empty,2.04,2.16836,15.38121,1,0,0,0,0,0,223.20457,2028.7143,1631.0907,0,-0.98481,0.17365,0;
custom,killcuboid,empty,2.04,2.16836,15.38121,1,0,0,0,0,0,111.60229,2094.82727,1812.73438,0.08682,-0.85287,0.15038,-0.4924;
custom,killcuboid,empty,8,2.16836,2.04,1,0,0,0,0,0,-201.86577,2068.57599,1740.60974,-0.15038,-0.4924,0.08682,0.85287;
custom,killcuboid,empty,8,2.16836,2.04,1,0,0,0,0,0,-201.86613,1988.85301,1521.57288,-0.08682,-0.85287,0.15038,0.4924;
custom,killcuboid,empty,8,2.16836,2.04,1,0,0,0,0,0,201.86491,1988.85279,1521.57227,0.08682,-0.85287,0.15038,-0.4924;
custom,killcuboid,empty,8,2.16836,2.04,1,0,0,0,0,0,201.86525,2068.57571,1740.60913,0.15038,-0.4924,0.08682,-0.85287;
custom,killcuboid,empty,2.04,2.16836,15.38121,1,0,0,0,0,0,-61.60292,2065.20765,1731.35498,-0.08682,-0.85287,0.15038,0.4924;
custom,killcuboid,empty,2.04,2.16836,15.38121,1,0,0,0,0,0,-123.20568,2028.71455,1631.09131,0,-0.98481,0.17365,0;
custom,killcuboid,empty,2.04,2.16836,15.38121,1,0,0,0,0,0,-61.6032,1992.2213,1530.82703,0.08682,-0.85287,0.15038,-0.4924;
custom,killcuboid,empty,2.04,2.16836,15.3812,1,0,0,0,0,0,61.60207,1992.22124,1530.82703,0.15038,-0.4924,0.08682,-0.85287;
custom,killcuboid,empty,2.04,2.16836,15.3812,1,0,0,0,0,0,123.20482,2028.71439,1631.0907,0.17365,0,0,-0.98481;
custom,killcuboid,empty,2.04,2.16836,15.3812,1,0,0,0,0,0,61.6023,2065.20758,1731.35498,0.15038,0.4924,-0.08682,-0.85287;
custom,killcuboid,empty,2.04,2.16836,15.3812,1,0,0,0,0,0,-111.60265,2094.8274,494.17595,-0.15038,0.4924,-0.08682,0.85287;
custom,killcuboid,empty,2.04,2.16836,15.3812,1,0,0,0,0,0,-223.20545,2028.71458,312.53231,-0.17365,0,0,0.98481;
custom,killcuboid,empty,2.04,2.16836,15.3812,1,0,0,0,0,0,-111.6032,1962.60158,130.88832,-0.15038,-0.4924,0.08682,0.85287;
custom,killcuboid,empty,2.04,2.16836,15.38121,1,0,0,0,0,0,111.60183,1962.60144,130.88804,-0.08682,-0.85287,0.15038,0.4924;
custom,killcuboid,empty,2.04,2.16836,15.38121,1,0,0,0,0,0,223.20457,2028.7143,312.53172,0,-0.98481,0.17365,0;
custom,killcuboid,empty,2.04,2.16836,15.38121,1,0,0,0,0,0,111.60229,2094.82727,494.17572,0.08682,-0.85287,0.15038,-0.4924;
custom,killcuboid,empty,8,2.16836,2.04,1,0,0,0,0,0,-201.86577,2068.57599,422.0507,-0.15038,-0.4924,0.08682,0.85287;
custom,killcuboid,empty,8,2.16836,2.04,1,0,0,0,0,0,-201.86613,1988.85301,203.01388,-0.08682,-0.85287,0.15038,0.4924;
custom,killcuboid,empty,8,2.16836,2.04,1,0,0,0,0,0,201.86491,1988.85279,203.01329,0.08682,-0.85287,0.15038,-0.4924;
custom,killcuboid,empty,8,2.16836,2.04,1,0,0,0,0,0,201.86525,2068.57571,422.05013,0.15038,-0.4924,0.08682,-0.85287;
custom,killcuboid,empty,2.04,2.16836,15.38121,1,0,0,0,0,0,-61.60292,2065.20762,412.79633,-0.08682,-0.85287,0.15038,0.4924;
custom,killcuboid,empty,2.04,2.16836,15.38121,1,0,0,0,0,0,-123.20568,2028.71452,312.53233,0,-0.98481,0.17365,0;
custom,killcuboid,empty,2.04,2.16836,15.38121,1,0,0,0,0,0,-61.6032,1992.22127,212.26805,0.08682,-0.85287,0.15038,-0.4924;
custom,killcuboid,empty,2.04,2.16836,15.3812,1,0,0,0,0,0,61.60207,1992.22121,212.26774,0.15038,-0.4924,0.08682,-0.85287;
custom,killcuboid,empty,2.04,2.16836,15.3812,1,0,0,0,0,0,123.20482,2028.71436,312.53202,0.17365,0,0,-0.98481;
custom,killcuboid,empty,2.04,2.16836,15.3812,1,0,0,0,0,0,61.6023,2065.20755,412.79598,0.15038,0.4924,-0.08682,-0.85287;
custom,killcuboid,empty,2.04,2.04,24.00001,1,0,0,0,0,0,-50,1952.41199,1297.81189,0,0,0,1;
custom,killcuboid,empty,2.04,2.04,24.00001,1,0,0,0,0,0,50,1952.41199,1297.81189,0,0,0,1;
custom,killcuboid,empty,2.04,2.04,24.68402,1,0,0,0,0,0,-50,1952.41199,2619.79095,0,0,0,1;
custom,killcuboid,empty,2.04,2.04,24.68402,1,0,0,0,0,0,50,1952.41199,2619.79095,0,0,0,1;
custom,killcuboid,empty,2.04,2.04,24.68402,1,0,0,0,0,0,-50,1952.41199,-24.16751,0,0,0,1;
custom,killcuboid,empty,2.04,2.04,24.68402,1,0,0,0,0,0,50,1952.41199,-24.16751,0,0,0,1;
custom,killcuboid,empty,2.04,2.04,24.00003,1,0,0,0,0,0,50.00015,2105.01724,638.5321,0,0,0,1;
custom,killcuboid,empty,2.04,2.04,24.00003,1,0,0,0,0,0,-49.99985,2105.01724,638.5321,0,0,0,1;
custom,killcuboid,empty,2.04,2.04,24.00003,1,0,0,0,0,0,50.00015,2105.01724,1957.09045,0,0,0,1;
custom,killcuboid,empty,2.04,2.04,24.00003,1,0,0,0,0,0,-49.99985,2105.01724,1957.09045,0,0,0,1;
custom,killcuboid,empty,2.04,2.16836,15.38121,1,0,0,0,0,0,-61.60293,2160.38313,378.15525,-0.08682,-0.85287,0.15038,0.4924;
custom,killcuboid,empty,2.04,2.16836,15.38121,1,0,0,0,0,0,-123.20569,2123.89002,277.89127,0,-0.98481,0.17365,0;
custom,killcuboid,empty,2.04,2.16836,15.38121,1,0,0,0,0,0,-61.60319,2087.39677,177.62699,0.08682,-0.85287,0.15038,-0.4924;
custom,killcuboid,empty,2.04,2.16836,15.3812,1,0,0,0,0,0,61.60207,2087.39672,177.62671,0.15038,-0.4924,0.08682,-0.85287;
custom,killcuboid,empty,2.04,2.16836,15.3812,1,0,0,0,0,0,123.20482,2123.88987,277.89099,0.17365,0,0,-0.98481;
custom,killcuboid,empty,2.04,2.16836,15.3812,1,0,0,0,0,0,61.60229,2160.38305,378.15491,0.15038,0.4924,-0.08682,-0.85287;
custom,killcuboid,empty,2.04,2.16836,15.38121,1,0,0,0,0,0,-61.60293,2087.39672,1099.43756,0.08682,-0.85287,-0.15038,0.4924;
custom,killcuboid,empty,2.04,2.16836,15.38121,1,0,0,0,0,0,-123.20569,2123.88987,999.17358,0,-0.98481,-0.17365,0;
custom,killcuboid,empty,2.04,2.16836,15.3812,1,0,0,0,0,0,-61.60319,2160.38305,898.9093,-0.08682,-0.85287,-0.15038,-0.4924;
custom,killcuboid,empty,2.04,2.16836,15.3812,1,0,0,0,0,0,61.60207,2160.38309,898.9093,-0.15038,-0.4924,-0.08682,-0.85287;
custom,killcuboid,empty,2.04,2.16836,15.3812,1,0,0,0,0,0,123.20482,2123.88994,999.17328,-0.17365,0,0,-0.98481;
custom,killcuboid,empty,2.04,2.16836,15.3812,1,0,0,0,0,0,61.60229,2087.39677,1099.43726,-0.15038,0.4924,0.08682,-0.85287;
custom,killcuboid,empty,2.04,2.16836,15.38121,1,0,0,0,0,0,-61.60293,2160.38317,1696.71402,-0.08682,-0.85287,0.15038,0.4924;
custom,killcuboid,empty,2.04,2.16836,15.38121,1,0,0,0,0,0,-123.20569,2123.89005,1596.45035,0,-0.98481,0.17365,0;
custom,killcuboid,empty,2.04,2.16836,15.38121,1,0,0,0,0,0,-61.60319,2087.39681,1496.18607,0.08682,-0.85287,0.15038,-0.4924;
custom,killcuboid,empty,2.04,2.16836,15.3812,1,0,0,0,0,0,61.60207,2087.39676,1496.18607,0.15038,-0.4924,0.08682,-0.85287;
custom,killcuboid,empty,2.04,2.16836,15.3812,1,0,0,0,0,0,123.20482,2123.8899,1596.44974,0.17365,0,0,-0.98481;
custom,killcuboid,empty,2.04,2.16836,15.3812,1,0,0,0,0,0,61.60229,2160.38309,1696.71402,0.15038,0.4924,-0.08682,-0.85287;
custom,killcuboid,empty,2.04,2.16836,15.38121,1,0,0,0,0,0,-61.60293,2087.39677,2417.99683,0.08682,-0.85287,-0.15038,0.4924;
custom,killcuboid,empty,2.04,2.16836,15.38121,1,0,0,0,0,0,-123.20569,2123.88992,2317.73315,0,-0.98481,-0.17365,0;
custom,killcuboid,empty,2.04,2.16836,15.3812,1,0,0,0,0,0,-61.60319,2160.38311,2217.46826,-0.08682,-0.85287,-0.15038,-0.4924;
custom,killcuboid,empty,2.04,2.16836,15.3812,1,0,0,0,0,0,61.60207,2160.38315,2217.46826,-0.15038,-0.4924,-0.08682,-0.85287;
custom,killcuboid,empty,2.04,2.16836,15.3812,1,0,0,0,0,0,123.20481,2123.89,2317.73254,-0.17365,0,0,-0.98481;
custom,killcuboid,empty,2.04,2.16836,15.3812,1,0,0,0,0,0,61.60229,2087.39683,2417.99683,-0.15038,0.4924,0.08682,-0.85287;
custom,killcuboid,empty,2.04,2.04,18.52768,1,0,0,0,0,0,-50,2047.58739,1297.81189,0,0,0,1;
custom,killcuboid,empty,2.04,2.04,18.52768,1,0,0,0,0,0,50,2047.58739,1297.81189,0,0,0,1;
custom,killcuboid,empty,2.04,2.04,21.94788,1,0,0,0,0,0,-50,2047.58739,2633.47168,0,0,0,1;
custom,killcuboid,empty,2.04,2.04,21.94788,1,0,0,0,0,0,50,2047.58739,2633.47168,0,0,0,1;
custom,killcuboid,empty,2.04,2.04,21.94788,1,0,0,0,0,0,-50,2047.58739,-37.84821,0,0,0,1;
custom,killcuboid,empty,2.04,2.04,21.94788,1,0,0,0,0,0,50,2047.58739,-37.84821,0,0,0,1;
custom,killcuboid,empty,2.04,2.04,29.47242,1,0,0,0,0,0,50.00015,2200.19264,638.5321,0,0,0,1;
custom,killcuboid,empty,2.04,2.04,29.47242,1,0,0,0,0,0,-49.99985,2200.19264,638.5321,0,0,0,1;
custom,killcuboid,empty,2.04,2.04,29.47217,1,0,0,0,0,0,50.00015,2200.19264,1957.09045,0,0,0,1;
custom,killcuboid,empty,2.04,2.04,29.47217,1,0,0,0,0,0,-49.99985,2200.19264,1957.09045,0,0,0,1;
custom,killcuboid,empty,2.04,2.16836,15.3812,1,0,0,0,0,0,-111.60265,2190.0029,459.53491,-0.15038,0.4924,-0.08682,0.85287;
custom,killcuboid,empty,2.04,2.16836,15.3812,1,0,0,0,0,0,-223.20545,2123.89006,277.89127,-0.17365,0,0,0.98481;
custom,killcuboid,empty,2.04,2.16836,15.3812,1,0,0,0,0,0,-111.6032,2057.77706,96.24729,-0.15038,-0.4924,0.08682,0.85287;
custom,killcuboid,empty,2.04,2.16836,15.38121,1,0,0,0,0,0,111.60182,2057.77692,96.24699,-0.08682,-0.85287,0.15038,0.4924;
custom,killcuboid,empty,2.04,2.16836,15.38121,1,0,0,0,0,0,223.20456,2123.88976,277.89066,0,-0.98481,0.17365,0;
custom,killcuboid,empty,2.04,2.16836,15.38121,1,0,0,0,0,0,111.6023,2190.00275,459.53468,0.08682,-0.85287,0.15038,-0.4924;
custom,killcuboid,empty,8,2.16836,2.04,1,0,0,0,0,0,-201.86577,2163.75149,387.40967,-0.15038,-0.4924,0.08682,0.85287;
custom,killcuboid,empty,8,2.16836,2.04,1,0,0,0,0,0,-201.86613,2084.02849,168.37282,-0.08682,-0.85287,0.15038,0.4924;
custom,killcuboid,empty,8,2.16836,2.04,1,0,0,0,0,0,201.86489,2084.02827,168.37225,0.08682,-0.85287,0.15038,-0.4924;
custom,killcuboid,empty,8,2.16836,2.04,1,0,0,0,0,0,201.86525,2163.75118,387.4091,0.15038,-0.4924,0.08682,-0.85287;
custom,killcuboid,empty,2.04,2.16836,15.3812,1,0,0,0,0,0,-111.60265,2057.77699,1180.81726,0.15038,0.4924,0.08682,0.85287;
custom,killcuboid,empty,2.04,2.16836,15.3812,1,0,0,0,0,0,-223.20545,2123.88981,999.17358,0.17365,0,0,0.98481;
custom,killcuboid,empty,2.04,2.16836,15.3812,1,0,0,0,0,0,-111.6032,2190.0028,817.52991,0.15038,-0.4924,-0.08682,0.85287;
custom,killcuboid,empty,2.04,2.16836,15.38121,1,0,0,0,0,0,111.60182,2190.0028,817.5296,0.08682,-0.85287,-0.15038,0.4924;
custom,killcuboid,empty,2.04,2.16836,15.38121,1,0,0,0,0,0,223.20457,2123.88999,999.17297,0,-0.98481,-0.17365,0;
custom,killcuboid,empty,2.04,2.16836,15.3812,1,0,0,0,0,0,111.6023,2057.77701,1180.81696,-0.08682,-0.85287,-0.15038,-0.4924;
custom,killcuboid,empty,8,2.16836,2.04,1,0,0,0,0,0,-201.86577,2084.02832,1108.69202,0.15038,-0.4924,-0.08682,0.85287;
custom,killcuboid,empty,8,2.16836,2.04,1,0,0,0,0,0,-201.86613,2163.75128,889.65515,0.08682,-0.85287,-0.15038,0.4924;
custom,killcuboid,empty,8,2.16836,2.04,1,0,0,0,0,0,201.86489,2163.75145,889.65454,-0.08682,-0.85287,-0.15038,-0.4924;
custom,killcuboid,empty,8,2.16836,2.04,1,0,0,0,0,0,201.86525,2084.02848,1108.69141,-0.15038,-0.4924,-0.08682,-0.85287;
custom,killcuboid,empty,2.04,2.16836,15.3812,1,0,0,0,0,0,-111.60265,2190.00288,1778.09387,-0.15038,0.4924,-0.08682,0.85287;
custom,killcuboid,empty,2.04,2.16836,15.3812,1,0,0,0,0,0,-223.20545,2123.89007,1596.4502,-0.17365,0,0,0.98481;
custom,killcuboid,empty,2.04,2.16836,15.3812,1,0,0,0,0,0,-111.6032,2057.77707,1414.80652,-0.15038,-0.4924,0.08682,0.85287;
custom,killcuboid,empty,2.04,2.16836,15.38121,1,0,0,0,0,0,111.60183,2057.77693,1414.80591,-0.08682,-0.85287,0.15038,0.4924;
custom,killcuboid,empty,2.04,2.16836,15.38121,1,0,0,0,0,0,223.20457,2123.88979,1596.44958,0,-0.98481,0.17365,0;
custom,killcuboid,empty,2.04,2.16836,15.38121,1,0,0,0,0,0,111.6023,2190.00277,1778.09326,0.08682,-0.85287,0.15038,-0.4924;
custom,killcuboid,empty,8,2.16836,2.04,1,0,0,0,0,0,-201.86577,2163.75147,1705.96863,-0.15038,-0.4924,0.08682,0.85287;
custom,killcuboid,empty,8,2.16836,2.04,1,0,0,0,0,0,-201.86613,2084.0285,1486.93176,-0.08682,-0.85287,0.15038,0.4924;
custom,killcuboid,empty,8,2.16836,2.04,1,0,0,0,0,0,201.86489,2084.02828,1486.93115,0.08682,-0.85287,0.15038,-0.4924;
custom,killcuboid,empty,8,2.16836,2.04,1,0,0,0,0,0,201.86525,2163.7512,1705.96802,0.15038,-0.4924,0.08682,-0.85287;
custom,killcuboid,empty,2.04,2.16836,15.3812,1,0,0,0,0,0,-111.60265,2057.77701,2499.37607,0.15038,0.4924,0.08682,0.85287;
custom,killcuboid,empty,2.04,2.16836,15.3812,1,0,0,0,0,0,-223.20545,2123.88984,2317.733,0.17365,0,0,0.98481;
custom,killcuboid,empty,2.04,2.16836,15.3812,1,0,0,0,0,0,-111.6032,2190.0028,2136.08871,0.15038,-0.4924,-0.08682,0.85287;
custom,killcuboid,empty,2.04,2.16836,15.38121,1,0,0,0,0,0,111.60182,2190.00282,2136.08871,0.08682,-0.85287,-0.15038,0.4924;
custom,killcuboid,empty,2.04,2.16836,15.38121,1,0,0,0,0,0,223.20456,2123.89001,2317.73239,0,-0.98481,-0.17365,0;
custom,killcuboid,empty,2.04,2.16836,15.3812,1,0,0,0,0,0,111.6023,2057.77703,2499.37607,-0.08682,-0.85287,-0.15038,-0.4924;
custom,killcuboid,empty,8,2.16836,2.04,1,0,0,0,0,0,-201.86577,2084.02835,2427.25143,0.15038,-0.4924,-0.08682,0.85287;
custom,killcuboid,empty,8,2.16836,2.04,1,0,0,0,0,0,-201.86613,2163.75128,2208.21396,0.08682,-0.85287,-0.15038,0.4924;
custom,killcuboid,empty,8,2.16836,2.04,1,0,0,0,0,0,201.86489,2163.75145,2208.21396,-0.08682,-0.85287,-0.15038,-0.4924;
custom,killcuboid,empty,8,2.16836,2.04,1,0,0,0,0,0,201.86525,2084.0285,2427.25082,-0.15038,-0.4924,-0.08682,-0.85287;





custom,cylinder,ice1,5.9,15,5.9,1,1,1,1,0,0,0,2076.30226,295.21149,-0.17365,0,0,0.98481;
custom,cylinder,ice1,5.9,15,5.9,1,1,1,1,0,0,0,2076.30226,1613.77075,-0.17365,0,0,0.98481;
custom,cylinder,ice1,5.9,15,5.9,1,1,1,1,0,0,-0.00009,2076.30226,2300.41199,0,-0.98481,-0.17365,0;
custom,cylinder,ice1,5.9,15,5.9,1,1,1,1,0,0,0.00003,2076.30226,981.85272,0,-0.98481,-0.17365,0;
custom,cylinder,cannonregionmat,6,15,6,1,1,1,1,0,0,0,2076.30226,295.21149,-0.17365,0,0,0.98481;
custom,cylinder,cannonregionmat,6,15,6,1,1,1,1,0,0,0,2076.30226,1613.77075,-0.17365,0,0,0.98481;
custom,cylinder,cannonregionmat,6,15,6,1,1,1,1,0,0,-0.00009,2076.30226,2300.41199,0,-0.98481,-0.17365,0;
custom,cylinder,cannonregionmat,6,15,6,1,1,1,1,0,0,0.00003,2076.30226,981.85272,0,-0.98481,-0.17365,0;

custom,cylinder,empty,6,0.5,6,1,0,0,0,0,0,0,2221.95461,242.19818,-0.17365,0,0,0.98481;
custom,cylinder,empty,6,0.5,6,1,0,0,0,0,0,0,2221.95461,1560.75745,-0.17365,0,0,0.98481;
custom,cylinder,empty,6,0.5,6,1,0,0,0,0,0,-0.0001,2221.95461,2353.42529,0,-0.98481,-0.17365,0;
custom,cylinder,empty,6,0.5,6,1,0,0,0,0,0,0.00001,2221.95461,1034.86572,0,-0.98481,-0.17365,0;
custom,cylinder,empty,6,0.5,6,1,0,0,0,0,0,0,1930.64987,348.22449,-0.17365,0,0,0.98481;
custom,cylinder,empty,6,0.5,6,1,0,0,0,0,0,0,1930.64987,1666.78406,-0.17365,0,0,0.98481;
custom,cylinder,empty,6,0.5,6,1,0,0,0,0,0,-0.00007,1930.64987,2247.39868,0,-0.98481,-0.17365,0;
custom,cylinder,empty,6,0.5,6,1,0,0,0,0,0,0.00004,1930.64987,928.83972,0,-0.98481,-0.17365,0;

custom,cylinder,metal4,8,1,8,1,1,1,1,0.05,0.05,0,1916.55447,353.3548,-0.17365,0,0,0.98481;
custom,cylinder,metal4,8,1,8,1,1,1,1,0.05,0.05,0,1916.55449,1671.91406,-0.17365,0,0,0.98481;
custom,cylinder,metal4,8,1,8,1,1,1,1,0.05,0.05,-0.00007,1916.55445,2242.26868,0,-0.98481,-0.17365,0;
custom,cylinder,metal4,8,1,8,1,1,1,1,0.05,0.05,0.00005,1916.55449,923.70911,0,-0.98481,-0.17365,0;
custom,cylinder,metal4,8,1,8,1,1,1,1,0.05,0.05,0,2236.05,237.07184,-0.17365,0,0,0.98481;
custom,cylinder,metal4,8,1,8,1,1,1,1,0.05,0.05,0,2236.05,1555.62744,-0.17365,0,0,0.98481;
custom,cylinder,metal4,8,1,8,1,1,1,1,0.05,0.05,-0.00011,2236.05007,2358.5553,0,-0.98481,-0.17365,0;
custom,cylinder,metal4,8,1,8,1,1,1,1,0.05,0.05,0.00001,2236.05,1039.99573,0,-0.98481,-0.17365,0;

custom,cuboid,ice1,2.9,20,2.9,1,1,1,1,0,0,-99.99985,2152.60494,2037.09045,0,-0.38268,0,0.92388;
custom,cuboid,ice1,2.9,20,2.9,1,1,1,1,0,0,-100,1999.99969,1357.81189,0,-0.38268,0,0.92388;
custom,cuboid,ice1,2.9,20,2.9,1,1,1,1,0,0,-99.99985,2152.60494,718.5321,0,-0.38268,0,0.92388;
custom,cuboid,ice1,2.9,20,2.9,1,1,1,1,0,0,-100,1999.99969,32.15179,0,-0.38268,0,0.92388;
custom,cuboid,ice1,2.9,20,2.9,1,1,1,1,0,0,-100,1999.99969,2563.47168,0,-0.38268,0,0.92388;
custom,cuboid,ice1,2.9,20,2.9,1,1,1,1,0,0,-99.99985,2152.60494,1877.09045,0,-0.38268,0,0.92388;
custom,cuboid,ice1,2.9,20,2.9,1,1,1,1,0,0,-99.99985,2152.60494,558.5321,0,-0.38268,0,0.92388;
custom,cuboid,ice1,2.9,20,2.9,1,1,1,1,0,0,-100,1999.99969,1237.81189,0,-0.38268,0,0.92388;
custom,cuboid,ice1,2.9,20,2.9,1,1,1,1,0,0,100.00015,2152.60494,2037.09045,0,-0.38268,0,0.92388;
custom,cuboid,ice1,2.9,20,2.9,1,1,1,1,0,0,100,1999.99969,1357.81189,0,-0.38268,0,0.92388;
custom,cuboid,ice1,2.9,20,2.9,1,1,1,1,0,0,100.00015,2152.60494,718.5321,0,-0.38268,0,0.92388;
custom,cuboid,ice1,2.9,20,2.9,1,1,1,1,0,0,100,1999.99969,32.15179,0,-0.38268,0,0.92388;
custom,cuboid,ice1,2.9,20,2.9,1,1,1,1,0,0,100,1999.99969,2563.47168,0,-0.38268,0,0.92388;
custom,cuboid,ice1,2.9,20,2.9,1,1,1,1,0,0,100.00015,2152.60494,1877.09045,0,-0.38268,0,0.92388;
custom,cuboid,ice1,2.9,20,2.9,1,1,1,1,0,0,100.00015,2152.60494,558.5321,0,-0.38268,0,0.92388;
custom,cuboid,ice1,2.9,20,2.9,1,1,1,1,0,0,100,1999.99969,1237.81189,0,-0.38268,0,0.92388;

custom,cuboid,cannonregionmat,3,20,3,1,1,1,1,0,0,-99.99985,2152.60494,2037.09045,0,-0.38268,0,0.92388;
custom,cuboid,cannonregionmat,3,20,3,1,1,1,1,0,0,-100,1999.99969,1357.81189,0,-0.38268,0,0.92388;
custom,cuboid,cannonregionmat,3,20,3,1,1,1,1,0,0,-99.99985,2152.60494,718.5321,0,-0.38268,0,0.92388;
custom,cuboid,cannonregionmat,3,20,3,1,1,1,1,0,0,-100,1999.99969,32.15179,0,-0.38268,0,0.92388;
custom,cuboid,cannonregionmat,3,20,3,1,1,1,1,0,0,-100,1999.99969,2563.47168,0,-0.38268,0,0.92388;
custom,cuboid,cannonregionmat,3,20,3,1,1,1,1,0,0,-99.99985,2152.60494,1877.09045,0,-0.38268,0,0.92388;
custom,cuboid,cannonregionmat,3,20,3,1,1,1,1,0,0,-99.99985,2152.60494,558.5321,0,-0.38268,0,0.92388;
custom,cuboid,cannonregionmat,3,20,3,1,1,1,1,0,0,-100,1999.99969,1237.81189,0,-0.38268,0,0.92388;
custom,cuboid,cannonregionmat,3,20,3,1,1,1,1,0,0,100.00015,2152.60494,2037.09045,0,-0.38268,0,0.92388;
custom,cuboid,cannonregionmat,3,20,3,1,1,1,1,0,0,100,1999.99969,1357.81189,0,-0.38268,0,0.92388;
custom,cuboid,cannonregionmat,3,20,3,1,1,1,1,0,0,100.00015,2152.60494,718.5321,0,-0.38268,0,0.92388;
custom,cuboid,cannonregionmat,3,20,3,1,1,1,1,0,0,100,1999.99969,32.15179,0,-0.38268,0,0.92388;
custom,cuboid,cannonregionmat,3,20,3,1,1,1,1,0,0,100,1999.99969,2563.47168,0,-0.38268,0,0.92388;
custom,cuboid,cannonregionmat,3,20,3,1,1,1,1,0,0,100.00015,2152.60494,1877.09045,0,-0.38268,0,0.92388;
custom,cuboid,cannonregionmat,3,20,3,1,1,1,1,0,0,100.00015,2152.60494,558.5321,0,-0.38268,0,0.92388;
custom,cuboid,cannonregionmat,3,20,3,1,1,1,1,0,0,100,1999.99969,1237.81189,0,-0.38268,0,0.92388;

custom,cuboid,default,3,1,3,1,0,0,0,0,0,-99.99985,2257.6049,2037.09045,0,-0.38268,0,0.92388;
custom,cuboid,default,3,1,3,1,0,0,0,0,0,-100,2104.99969,1357.81189,0,-0.38268,0,0.92388;
custom,cuboid,default,3,1,3,1,0,0,0,0,0,-99.99985,2257.6049,718.5321,0,-0.38268,0,0.92388;
custom,cuboid,default,3,1,3,1,0,0,0,0,0,-100,2104.99969,32.15179,0,-0.38268,0,0.92388;
custom,cuboid,default,3,1,3,1,0,0,0,0,0,-100,2104.99969,2563.47168,0,-0.38268,0,0.92388;
custom,cuboid,default,3,1,3,1,0,0,0,0,0,-99.99985,2257.6049,1877.09045,0,-0.38268,0,0.92388;
custom,cuboid,default,3,1,3,1,0,0,0,0,0,-99.99985,2257.6049,558.5321,0,-0.38268,0,0.92388;
custom,cuboid,default,3,1,3,1,0,0,0,0,0,-100,2104.99969,1237.81189,0,-0.38268,0,0.92388;
custom,cuboid,default,3,1,3,1,0,0,0,0,0,100.00015,2257.6049,2037.09045,0,-0.38268,0,0.92388;
custom,cuboid,default,3,1,3,1,0,0,0,0,0,100,2104.99969,1357.81189,0,-0.38268,0,0.92388;
custom,cuboid,default,3,1,3,1,0,0,0,0,0,100.00015,2257.6049,718.5321,0,-0.38268,0,0.92388;
custom,cuboid,default,3,1,3,1,0,0,0,0,0,100,2104.99969,32.15179,0,-0.38268,0,0.92388;
custom,cuboid,default,3,1,3,1,0,0,0,0,0,100,2104.99969,2563.47168,0,-0.38268,0,0.92388;
custom,cuboid,default,3,1,3,1,0,0,0,0,0,100.00015,2257.6049,1877.09045,0,-0.38268,0,0.92388;
custom,cuboid,default,3,1,3,1,0,0,0,0,0,100.00015,2257.6049,558.5321,0,-0.38268,0,0.92388;
custom,cuboid,default,3,1,3,1,0,0,0,0,0,100,2104.99969,1237.81189,0,-0.38268,0,0.92388;
custom,cuboid,default,3,1,3,1,0,0,0,0,0,-99.99985,2047.6049,2037.09045,0,-0.38268,0,0.92388;
custom,cuboid,default,3,1,3,1,0,0,0,0,0,-100,1894.99969,1357.81189,0,-0.38268,0,0.92388;
custom,cuboid,default,3,1,3,1,0,0,0,0,0,-99.99985,2047.6049,718.5321,0,-0.38268,0,0.92388;
custom,cuboid,default,3,1,3,1,0,0,0,0,0,-100,1894.99969,32.15179,0,-0.38268,0,0.92388;
custom,cuboid,default,3,1,3,1,0,0,0,0,0,-100,1894.99969,2563.47168,0,-0.38268,0,0.92388;
custom,cuboid,default,3,1,3,1,0,0,0,0,0,-99.99985,2047.6049,1877.09045,0,-0.38268,0,0.92388;
custom,cuboid,default,3,1,3,1,0,0,0,0,0,-99.99985,2047.6049,558.5321,0,-0.38268,0,0.92388;
custom,cuboid,default,3,1,3,1,0,0,0,0,0,-100,1894.99969,1237.81189,0,-0.38268,0,0.92388;
custom,cuboid,default,3,1,3,1,0,0,0,0,0,100.00015,2047.6049,2037.09045,0,-0.38268,0,0.92388;
custom,cuboid,default,3,1,3,1,0,0,0,0,0,100,1894.99969,1357.81189,0,-0.38268,0,0.92388;
custom,cuboid,default,3,1,3,1,0,0,0,0,0,100.00015,2047.6049,718.5321,0,-0.38268,0,0.92388;
custom,cuboid,default,3,1,3,1,0,0,0,0,0,100,1894.99969,32.15179,0,-0.38268,0,0.92388;
custom,cuboid,default,3,1,3,1,0,0,0,0,0,100,1894.99969,2563.47168,0,-0.38268,0,0.92388;
custom,cuboid,default,3,1,3,1,0,0,0,0,0,100.00015,2047.6049,1877.09045,0,-0.38268,0,0.92388;
custom,cuboid,default,3,1,3,1,0,0,0,0,0,100.00015,2047.6049,558.5321,0,-0.38268,0,0.92388;
custom,cuboid,default,3,1,3,1,0,0,0,0,0,100,1894.99969,1237.81189,0,-0.38268,0,0.92388;

custom,cuboid,metal4,5,2,5,1,1,1,1,0.05,0.05,-99.99985,2272.6049,2037.09045,0,-0.38268,0,0.92388;
custom,cuboid,metal4,5,2,5,1,1,1,1,0.05,0.05,-100,2119.99969,1357.81189,0,-0.38268,0,0.92388;
custom,cuboid,metal4,5,2,5,1,1,1,1,0.05,0.05,-99.99985,2272.6049,718.5321,0,-0.38268,0,0.92388;
custom,cuboid,metal4,5,2,5,1,1,1,1,0.05,0.05,-100,2119.99969,32.15179,0,-0.38268,0,0.92388;
custom,cuboid,metal4,5,2,5,1,1,1,1,0.05,0.05,-100,2119.99969,2563.47168,0,-0.38268,0,0.92388;
custom,cuboid,metal4,5,2,5,1,1,1,1,0.05,0.05,-99.99985,2272.6049,1877.09045,0,-0.38268,0,0.92388;
custom,cuboid,metal4,5,2,5,1,1,1,1,0.05,0.05,-99.99985,2272.6049,558.5321,0,-0.38268,0,0.92388;
custom,cuboid,metal4,5,2,5,1,1,1,1,0.05,0.05,-100,2119.99969,1237.81189,0,-0.38268,0,0.92388;
custom,cuboid,metal4,5,2,5,1,1,1,1,0.05,0.05,100.00015,2272.6049,2037.09045,0,-0.38268,0,0.92388;
custom,cuboid,metal4,5,2,5,1,1,1,1,0.05,0.05,100,2119.99969,1357.81189,0,-0.38268,0,0.92388;
custom,cuboid,metal4,5,2,5,1,1,1,1,0.05,0.05,100.00015,2272.6049,718.5321,0,-0.38268,0,0.92388;
custom,cuboid,metal4,5,2,5,1,1,1,1,0.05,0.05,100,2119.99969,32.15179,0,-0.38268,0,0.92388;
custom,cuboid,metal4,5,2,5,1,1,1,1,0.05,0.05,100,2119.99969,2563.47168,0,-0.38268,0,0.92388;
custom,cuboid,metal4,5,2,5,1,1,1,1,0.05,0.05,100.00015,2272.6049,1877.09045,0,-0.38268,0,0.92388;
custom,cuboid,metal4,5,2,5,1,1,1,1,0.05,0.05,100.00015,2272.6049,558.5321,0,-0.38268,0,0.92388;
custom,cuboid,metal4,5,2,5,1,1,1,1,0.05,0.05,100,2119.99969,1237.81189,0,-0.38268,0,0.92388;
custom,cuboid,metal4,5,2,5,1,1,1,1,0.05,0.05,-99.99985,2032.6049,2037.09045,0,-0.38268,0,0.92388;
custom,cuboid,metal4,5,2,5,1,1,1,1,0.05,0.05,-100,1879.99969,1357.81189,0,-0.38268,0,0.92388;
custom,cuboid,metal4,5,2,5,1,1,1,1,0.05,0.05,-99.99985,2032.6049,718.5321,0,-0.38268,0,0.92388;
custom,cuboid,metal4,5,2,5,1,1,1,1,0.05,0.05,-100,1879.99969,32.15179,0,-0.38268,0,0.92388;
custom,cuboid,metal4,5,2,5,1,1,1,1,0.05,0.05,-100,1879.99969,2563.47168,0,-0.38268,0,0.92388;
custom,cuboid,metal4,5,2,5,1,1,1,1,0.05,0.05,-99.99985,2032.6049,1877.09045,0,-0.38268,0,0.92388;
custom,cuboid,metal4,5,2,5,1,1,1,1,0.05,0.05,-99.99985,2032.6049,558.5321,0,-0.38268,0,0.92388;
custom,cuboid,metal4,5,2,5,1,1,1,1,0.05,0.05,-100,1879.99969,1237.81189,0,-0.38268,0,0.92388;
custom,cuboid,metal4,5,2,5,1,1,1,1,0.05,0.05,100.00015,2032.6049,2037.09045,0,-0.38268,0,0.92388;
custom,cuboid,metal4,5,2,5,1,1,1,1,0.05,0.05,100,1879.99969,1357.81189,0,-0.38268,0,0.92388;
custom,cuboid,metal4,5,2,5,1,1,1,1,0.05,0.05,100.00015,2032.6049,718.5321,0,-0.38268,0,0.92388;
custom,cuboid,metal4,5,2,5,1,1,1,1,0.05,0.05,100,1879.99969,32.15179,0,-0.38268,0,0.92388;
custom,cuboid,metal4,5,2,5,1,1,1,1,0.05,0.05,100,1879.99969,2563.47168,0,-0.38268,0,0.92388;
custom,cuboid,metal4,5,2,5,1,1,1,1,0.05,0.05,100.00015,2032.6049,1877.09045,0,-0.38268,0,0.92388;
custom,cuboid,metal4,5,2,5,1,1,1,1,0.05,0.05,100.00015,2032.6049,558.5321,0,-0.38268,0,0.92388;
custom,cuboid,metal4,5,2,5,1,1,1,1,0.05,0.05,100,1879.99969,1237.81189,0,-0.38268,0,0.92388;

custom,cuboid,ice1,1,1,12,1,1,1,1,0,0,100,2119.99969,1297.81189,0,0,0,1;
custom,cuboid,ice1,1,1,12,1,1,1,1,0,0,-99.68817,2119.99958,1308.97583,0,0,0,1;
custom,cuboid,ice1,1,1,9.97268,1,1,1,1,0,0,100,1879.99969,1187.9483,0,0,0,1;
custom,cuboid,ice1,1,1,9.97268,1,1,1,1,0,0,-100,1879.99958,1187.9483,0,0,0,1;
custom,cuboid,ice1,1,1,9.97269,1,1,1,1,0,0,100,1879.99969,1407.67517,0,0,0,1;
custom,cuboid,ice1,1,1,9.97269,1,1,1,1,0,0,-100,1879.99958,1407.67517,0,0,0,1;
custom,cuboid,ice1,21,1,1,1,1,1,1,0,0,0,1822.06236,1452.53845,0,-1,0,0;
custom,cuboid,ice1,21,1,1,1,1,1,1,0,0,0,1822.06238,1143.08502,0,0,0,1;
custom,cuboid,ice1,1,6.79373,1,1,1,1,1,0,0,100,1851.03104,1143.08472,0,0,0,1;
custom,cuboid,ice1,1,6.79373,1,1,1,1,1,0,0,100,1851.03104,1452.53845,0,0,0,1;
custom,cuboid,ice1,1,6.79373,1,1,1,1,1,0,0,-100,1851.03092,1143.08472,0,0,0,1;
custom,cuboid,ice1,1,6.79373,1,1,1,1,1,0,0,-100,1851.03092,1452.53845,0,0,0,1;
custom,cuboid,ice1,21,1,1,1,1,1,1,0,0,0.00001,2179.14547,1297.81189,0,-1,0,0;
custom,cuboid,ice1,1,6.91458,1,1,1,1,1,0,0,100.00001,2149.57256,1297.81189,0,-1,0,0;
custom,cuboid,ice1,1,6.91458,1,1,1,1,1,0,0,-99.99999,2149.57256,1297.81189,0,-1,0,0;
custom,cuboid,ice1,1,1,15.99998,1,1,1,1,0,0,-99.99985,2032.6049,1957.09045,0,0,0,1;
custom,cuboid,ice1,1,1,15.99998,1,1,1,1,0,0,100.00015,2032.6049,1957.09045,0,0,0,1;
custom,cuboid,ice1,21,1,1,1,1,1,1,0,0,0,2330.54226,1775.00366,0,0,0,1;
custom,cuboid,ice1,21,1,1,1,1,1,1,0,0,-0.00003,2330.54222,2139.17603,0,-1,0,0;
custom,cuboid,ice1,1,1,10.70867,1,1,1,1,0,0,-99.99985,2272.6049,1823.54736,0,0,0,1;
custom,cuboid,ice1,1,1,10.70867,1,1,1,1,0,0,100.00015,2272.6049,1823.54736,0,0,0,1;
custom,cuboid,ice1,1,1,10.70867,1,1,1,1,0,0,-99.99985,2272.6049,2090.63232,0,0,0,1;
custom,cuboid,ice1,1,1,10.70867,1,1,1,1,0,0,100.00015,2272.6049,2090.63232,0,0,0,1;
custom,cuboid,ice1,1,6.79374,1,1,1,1,1,0,0,100,2301.5736,1775.00366,0,0,0,1;
custom,cuboid,ice1,1,6.79374,1,1,1,1,1,0,0,-100,2301.5736,1775.00366,0,0,0,1;
custom,cuboid,ice1,1,6.79374,1,1,1,1,1,0,0,99.99997,2301.57356,2139.17603,0,0,0,1;
custom,cuboid,ice1,1,6.79374,1,1,1,1,1,0,0,-100.00003,2301.57356,2139.17603,0,0,0,1;
custom,cuboid,ice1,1,5.41458,1,1,1,1,1,0,0,0.00013,2010.53202,1957.09045,0,0,0,1;
custom,cuboid,ice1,21,1,1,1,1,1,1,0,0,0.00013,2032.6049,1957.09045,0,0,0,1;
custom,cuboid,ice1,1,1,15.99998,1,1,1,1,0,0,-99.99985,2032.6049,638.5321,0,0,0,1;
custom,cuboid,ice1,1,1,15.99998,1,1,1,1,0,0,100.00015,2032.6049,638.5321,0,0,0,1;
custom,cuboid,ice1,21,1,1,1,1,1,1,0,0,0,2330.54226,456.44562,0,0,0,1;
custom,cuboid,ice1,1,1,10.70867,1,1,1,1,0,0,-99.99985,2272.6049,504.98901,0,0,0,1;
custom,cuboid,ice1,1,1,10.70867,1,1,1,1,0,0,100.00015,2272.6049,504.98901,0,0,0,1;
custom,cuboid,ice1,1,1,10.70867,1,1,1,1,0,0,-99.99985,2272.6049,772.07428,0,0,0,1;
custom,cuboid,ice1,1,1,10.70867,1,1,1,1,0,0,100.00015,2272.6049,772.07428,0,0,0,1;
custom,cuboid,ice1,1,6.79374,1,1,1,1,1,0,0,100,2301.5736,456.44562,0,0,0,1;
custom,cuboid,ice1,1,6.79374,1,1,1,1,1,0,0,-100,2301.5736,456.44562,0,0,0,1;
custom,cuboid,ice1,1,6.79374,1,1,1,1,1,0,0,99.99997,2301.57356,820.61768,0,0,0,1;
custom,cuboid,ice1,1,6.79374,1,1,1,1,1,0,0,-100.00003,2301.57356,820.61768,0,0,0,1;
custom,cuboid,ice1,1,5.41458,1,1,1,1,1,0,0,0.00013,2010.53202,638.5321,0,0,0,1;
custom,cuboid,ice1,21,1,1,1,1,1,1,0,0,0.00013,2032.6049,638.5321,0,0,0,1;
custom,cuboid,ice1,21,1,1,1,1,1,1,0,0,0,2330.54226,820.61768,0,0,0,1;
custom,cuboid,ice1,1,1,17.47395,1,1,1,1,0,0,-100,2119.99969,-55.2179,0,0,0,1;
custom,cuboid,ice1,21,1,1,1,1,1,1,0,0,0,2119.99969,-137.58789,0,0,0,1;
custom,cuboid,ice1,1,1,17.47395,1,1,1,1,0,0,100,2119.99969,-55.2179,0,0,0,1;
custom,cuboid,ice1,20,1,1,1,1,1,1,0,0,0,1879.99969,32.15179,0,0,0,1;
custom,cuboid,ice1,1,5.29362,1,1,1,1,1,0,0,0,1858.53157,32.15179,0,0,0,1;
custom,cuboid,ice1,1,1,17.47395,1,1,1,1,0,0,99.99989,2119.99969,2650.84106,0,-1,0,0;
custom,cuboid,ice1,21,1,1,1,1,1,1,0,0,-0.00013,2119.99969,2733.21045,0,-1,0,0;
custom,cuboid,ice1,1,1,17.47395,1,1,1,1,0,0,-100.00011,2119.99969,2650.84106,0,-1,0,0;
custom,cuboid,ice1,20,1,1,1,1,1,1,0,0,-0.00011,1879.99969,2563.47107,0,-1,0,0;
custom,cuboid,ice1,1,5.29362,1,1,1,1,1,0,0,-0.00011,1858.53157,2563.47107,0,-1,0,0;





custom,cuboid,metal4,9,2,44.61811,1,1,1,1,0.05,0.45,0,2254.84383,230.23132,-0.17365,0,0,0.98481;
custom,cuboid,metal4,9,2,44.61813,1,1,1,1,0.05,0.45,-0.00008,2254.84383,2365.39185,0,-0.98481,-0.17365,0;
custom,cuboid,metal4,9,2,44.61811,1,1,1,1,0.05,0.45,0,1897.76184,360.19867,-0.17365,0,0,0.98481;
custom,cuboid,metal4,9,2,44.61813,1,1,1,1,0.05,0.45,-0.00005,1897.7618,2235.4248,0,-0.98481,-0.17365,0;
custom,cuboid,metal4,9,2,44.61813,1,1,1,1,0.05,0.45,0,2254.84383,1046.83594,0,-0.98481,-0.17365,0;
custom,cuboid,metal4,9,2,44.61813,1,1,1,1,0.05,0.45,0,1897.76077,916.86859,0,-0.98481,-0.17365,0;
custom,cuboid,metal4,9,2,44.61811,1,1,1,1,0.05,0.45,0,2254.84386,1548.78723,-0.17365,0,0,0.98481;
custom,cuboid,metal4,9,2,44.61811,1,1,1,1,0.05,0.45,0,1897.76075,1678.75488,-0.17365,0,0,0.98481;

custom,cuboid,ice1,0.5,2,44.61811,1,1,1,1,0,0,47.5,2254.84383,230.23132,-0.17365,0,0,0.98481;
custom,cuboid,ice1,0.5,2,44.61813,1,1,1,1,0,0,47.5,2254.84383,2365.39185,0,-0.98481,-0.17365,0;
custom,cuboid,ice1,0.5,2,44.61811,1,1,1,1,0,0,47.5,1897.76184,360.19867,-0.17365,0,0,0.98481;
custom,cuboid,ice1,0.5,2,44.61813,1,1,1,1,0,0,47.5,1897.7618,2235.4248,0,-0.98481,-0.17365,0;
custom,cuboid,ice1,0.5,2,44.61813,1,1,1,1,0,0,47.5,2254.84383,1046.83594,0,-0.98481,-0.17365,0;
custom,cuboid,ice1,0.5,2,44.61813,1,1,1,1,0,0,47.5,1897.76077,916.86859,0,-0.98481,-0.17365,0;
custom,cuboid,ice1,0.5,2,44.61811,1,1,1,1,0,0,47.5,2254.84386,1548.78723,-0.17365,0,0,0.98481;
custom,cuboid,ice1,0.5,2,44.61811,1,1,1,1,0,0,47.5,1897.76075,1678.75488,-0.17365,0,0,0.98481;
custom,cuboid,ice1,0.5,2,44.61811,1,1,1,1,0,0,-47.5,2254.84383,230.23132,-0.17365,0,0,0.98481;
custom,cuboid,ice1,0.5,2,44.61813,1,1,1,1,0,0,-47.5,2254.84383,2365.39185,0,-0.98481,-0.17365,0;
custom,cuboid,ice1,0.5,2,44.61811,1,1,1,1,0,0,-47.5,1897.76184,360.19867,-0.17365,0,0,0.98481;
custom,cuboid,ice1,0.5,2,44.61813,1,1,1,1,0,0,-47.5,1897.7618,2235.4248,0,-0.98481,-0.17365,0;
custom,cuboid,ice1,0.5,2,44.61813,1,1,1,1,0,0,-47.5,2254.84383,1046.83594,0,-0.98481,-0.17365,0;
custom,cuboid,ice1,0.5,2,44.61813,1,1,1,1,0,0,-47.5,1897.76077,916.86859,0,-0.98481,-0.17365,0;
custom,cuboid,ice1,0.5,2,44.61811,1,1,1,1,0,0,-47.5,2254.84386,1548.78723,-0.17365,0,0,0.98481;
custom,cuboid,ice1,0.5,2,44.61811,1,1,1,1,0,0,-47.5,1897.76075,1678.75488,-0.17365,0,0,0.98481;

custom,cuboid,ice1,10,2,4,1,0.5,0.85,1,0,0,0,2330.54226,1775.00366,0,0,0,1;
custom,cuboid,ice1,10,2,8.95185,1,0.5,0.85,1,0,0,0.00001,2179.14547,1297.81189,0,-1,0,0;
custom,prism,arena2tex,10,2,5.77353,1,0.5,0.85,1,1,50,0.8949,2330.94226,1818.29704,0,-1,0,0;
custom,cuboid,ice1,10,2,4,1,0.5,0.85,1,0,0,0,2330.54222,456.44775,0,0,0,1;
custom,cuboid,ice1,10,2,4,1,0.5,0.85,1,0,0,0.00007,2330.54222,820.61981,0,-1,0,0;
custom,prism,arena2tex,10,2,5.77353,1,0.5,0.85,1,1,50,0.8949,2330.94222,499.74113,0,-1,0,0;
custom,prism,arena2tex,10,2,5.77353,1,0.5,0.85,1,1,50,-0.89483,2330.94222,777.32644,0,0,0,-1;
custom,cuboid,ice1,10,2,4,1,0.5,0.85,1,0,0,-0.00003,2330.54222,2139.17603,0,-1,0,0;
custom,prism,arena2tex,10,2,5.77353,1,0.5,0.85,1,1,50,-0.89492,2330.94222,2095.88266,0,0,0,-1;
custom,cuboid,ice1,10,2,4,1,0.5,0.85,1,0,0,-0.00016,2179.14543,2591.60889,0,0,0,1;
custom,prism,arena2tex,10,2,5.77353,1,0.5,0.85,1,1,50,0.89474,2179.54543,2634.90227,0,-1,0,0;
custom,cuboid,ice1,10,2,4,1,0.5,0.85,1,0,0,0,2179.14543,4.0152,0,-1,0,0;
custom,prism,arena2tex,10,2,5.77353,1,0.5,0.85,1,1,50,-0.8949,2179.54543,-39.27818,0,0,0,-1;
custom,cuboid,ice1,10,2,1,1,0.5,0.85,1,0,0,0,1973.46024,571.4151,0,0,0,1;
custom,cuboid,ice1,10,2,1,1,0.5,0.85,1,0,0,0.00007,1973.45917,705.65216,0,-1,0,0;
custom,prism,arena2tex,10,2,5.77353,1,0.5,0.85,1,1,50,0.8949,1973.86024,599.70848,0,-1,0,0;
custom,prism,arena2tex,10,2,5.77353,1,0.5,0.85,1,1,50,-0.89483,1973.85917,677.35879,0,0,0,-1;
custom,cuboid,ice1,10,2,1,1,0.5,0.85,1,0,0,0,1973.45913,1889.97131,0,0,0,1;
custom,cuboid,ice1,10,2,1,1,0.5,0.85,1,0,0,0.00001,1973.4602,2024.20837,0,-1,0,0;
custom,prism,arena2tex,10,2,5.77353,1,0.5,0.85,1,1,50,0.8949,1973.85913,1918.26469,0,-1,0,0;
custom,prism,arena2tex,10,2,5.77353,1,0.5,0.85,1,1,50,-0.89488,1973.8602,1995.915,0,0,0,-1;
custom,cuboid,ice1,10,2,4,1,0.5,0.85,1,0,0,0,1822.06238,1143.08502,0,0,0,1;
custom,prism,arena2tex,10,2,5.77353,1,0.5,0.85,1,1,50,0.8949,1822.46238,1186.3784,0,-1,0,0;
custom,cuboid,ice1,10,2,4,1,0.5,0.85,1,0,0,0,1822.06236,1452.53845,0,-1,0,0;
custom,prism,arena2tex,10,2,5.77353,1,0.5,0.85,1,1,50,-0.89489,1822.46236,1409.24508,0,0,0,-1;
custom,cuboid,ice1,10,2,4,1,0.5,0.85,1,0,0,-0.00012,1822.06341,2461.64124,0,0,0,1;
custom,prism,arena2tex,10,2,5.77353,1,0.5,0.85,1,1,50,0.89478,1822.46341,2504.93462,0,-1,0,0;
custom,cuboid,ice1,10,2,4,1,0.5,0.85,1,0,0,0,1822.06345,133.98254,0,-1,0,0;
custom,prism,arena2tex,10,2,5.77353,1,0.5,0.85,1,1,50,-0.89489,1822.46345,90.68917,0,0,0,-1;

custom,cuboid,arena2tex,2,2,32.41722,1,0.5,0.85,1,1,320,0,2330.54226,1957.08984,0,0,0,1;
custom,cuboid,arena2tex,2,2,32.41722,1,0.5,0.85,1,0.2,320,0,2330.54226,638.53394,0,0,0,1;
custom,cuboid,arena2tex,2,2,13.16027,1,0.5,0.85,1,0.2,130,0,2179.14543,-81.78619,0,0,0,1;
custom,cuboid,arena2tex,2,2,13.16027,1,0.5,0.85,1,0.2,130,0,2179.14543,2677.40967,0,0,0,1;
custom,cuboid,arena2tex,2,2,26.15692,1,0.5,0.85,1,0.2,260,0,1822.06341,2612.42554,0,0,0,1;
custom,cuboid,arena2tex,2,2,26.15692,1,0.5,0.85,1,0.2,260,0,1822.06341,-16.80298,0,0,0,1;
custom,cuboid,arena2tex,2,2,26.94537,1,0.5,0.85,1,0.2,260,0,1822.06341,1297.81189,0,0,0,1;
custom,cuboid,arena2tex,2,2,12.42371,1,0.5,0.85,1,0.2,120,0,1973.46024,638.53363,0,0,0,1;
custom,cuboid,arena2tex,2,2,12.42371,1,0.5,0.85,1,0.2,120,0,1973.46024,1957.08984,0,0,0,1;

custom,cuboid,arena2tex,2,13.1558,2,1,0.5,0.85,1,1,130,0,2123.36643,-137.58789,0,0,0,1;
custom,cuboid,arena2tex,2,13.03485,2,1,0.5,0.85,1,1,130,0,1877.23768,-137.58789,0,0,0,1;
custom,cuboid,default,12.1,2.1,2.1,1,0,0,0,0,0,0,2047.58739,-137.58759,0,0,0,1;
custom,cuboid,default,12.1,2.1,2.1,1,0,0,0,0,0,0,1952.41196,-137.58759,0,0,0,1;
custom,cuboid,default,11.6175,2.1,2.1,1,0,0,0,0,0,50,1999.99968,-137.58759,0,0,-0.70711,0.70711;
custom,cuboid,default,11.6175,2.1,2.1,1,0,0,0,0,0,-50,1999.99968,-137.58759,0,0,-0.70711,0.70711;

custom,cuboid,arena2tex,2,13.1558,2,1,0.5,0.85,1,1,130,0,2123.36643,2733.21045,0,0,0,1;
custom,cuboid,arena2tex,2,13.03485,2,1,0.5,0.85,1,1,130,0,1877.23768,2733.21045,0,0,0,1;
custom,cuboid,default,12.1,2.1,2.1,1,0,0,0,0,0,0,2047.58739,2733.21045,0,0,0,1;
custom,cuboid,default,12.1,2.1,2.1,1,0,0,0,0,0,0,1952.41196,2733.21045,0,0,0,1;
custom,cuboid,default,11.6175,2.1,2.1,1,0,0,0,0,0,50,1999.99968,2733.21045,0,0,-0.70711,0.70711;
custom,cuboid,default,11.6175,2.1,2.1,1,0,0,0,0,0,-50,1999.99968,2733.21045,0,0,-0.70711,0.70711;







custom,cuboid,empty,7.41749,5.29686,2,1,0,0,0,0,0,0,2063.57169,2754.21051,0,0,0,1;
custom,cuboid,empty,7.41749,5.29686,2,1,0,0,0,0,0,0,1936.42827,2754.21051,0,0,0,1;
custom,cuboid,empty,18.0112,5.29686,2,1,0,0,0,0,0,63.57171,1999.99998,2754.21051,0,0,-0.70711,0.70711;
custom,cuboid,empty,18.0112,5.29686,2,1,0,0,0,0,0,-63.57171,1999.99999,2754.21051,0,0,-0.70711,0.70711;
custom,cuboid,cannonregionmat,7.51749,0.1,2.1,1,1,1,1,0,0,0,2037.0874,2754.21051,0,0,0,1;
custom,cuboid,cannonregionmat,7.51749,0.1,2.1,1,1,1,1,0,0,0,1962.91256,2754.21051,0,0,0,1;
custom,cuboid,cannonregionmat,7.51749,0.1,2.1,1,1,1,1,0,0,37.08742,1999.99998,2754.21051,0,0,-0.70711,0.70711;
custom,cuboid,cannonregionmat,7.51749,0.1,2.1,1,1,1,1,0,0,-37.08742,1999.99998,2754.21051,0,0,-0.70711,0.70711;

custom,prism,default,12.0112,2,24.03024,1,0.3,0.3,0.3,0,0,40.65312,2062.58068,2897.18701,0,-0.9894,-0.14521,0;
custom,prism,default,12.0112,2,24.03024,1,0.3,0.3,0.3,0,0,-38.50341,2062.58069,2897.18701,0,-0.9894,-0.14521,0;
custom,prism,default,12.0112,2,24.03024,1,0.3,0.3,0.3,0,0,40.65314,1938.18552,2896.95714,0,-0.9894,0.14521,0;
custom,prism,default,12.0112,2,24.03024,1,0.3,0.3,0.3,0,0,-38.50341,1938.18553,2896.95714,0,-0.9894,0.14521,0;
custom,cuboid,default,7.91566,2,20.81069,1,0.3,0.3,0.3,0,0,-0.00001,1939.84346,2903.87573,-0.14521,0,0,0.9894;
custom,cuboid,default,7.91565,2,20.81069,1,0.3,0.3,0.3,0,0,-0.00003,2060.1565,2903.87573,0.14521,0,0,0.9894;
custom,cuboid,default,19.9269,2,6.28735,1,0,0,0,0,0,0,2089.63425,2775.64728,0,0,0,1;
custom,cuboid,default,19.92686,2,6.28735,1,0,0,0,0,0,0,1910.36572,2775.64728,0,0,0,1;

custom,prism,default,12.0112,2,24.03024,1,0.1,0.2,0.4,0,0,62.58077,1959.34683,2897.18702,0.69961,0.69961,0.10268,0.10268;
custom,prism,default,12.0112,2,24.03024,1,0.1,0.2,0.4,0,0,62.58073,2038.50336,2897.18702,0.69961,0.69961,0.10268,0.10268;
custom,prism,default,12.0112,2,24.03024,1,0.1,0.2,0.4,0,0,-61.81449,1959.34684,2896.95714,-0.69961,-0.69961,0.10268,0.10268;
custom,prism,default,12.0112,2,24.03024,1,0.1,0.2,0.4,0,0,-61.8145,2038.50337,2896.95714,-0.69961,-0.69961,0.10268,0.10268;
custom,cuboid,default,7.91565,2,20.81069,1,0.1,0.2,0.4,0,0,-60.15653,1999.99999,2903.87573,-0.10268,0.10268,-0.69961,0.69961;
custom,cuboid,default,7.91565,2,20.81069,1,0.1,0.2,0.4,0,0,60.15651,2000,2903.87573,0.10268,-0.10268,-0.69961,0.69961;
custom,cuboid,default,19.9269,2,6.28735,1,0,0,0,0,0,89.63426,1999.99998,2775.64728,0,0,-0.70711,0.70711;
custom,cuboid,default,19.92685,2,6.28735,1,0,0,0,0,0,-89.63428,1999.99998,2775.64728,0,0,-0.70711,0.70711;

custom,cuboid,default,4.13576,1.91565,2,1,0,0,0,0,0,0,2030.25703,3010.66742,0,0,0,1;
custom,cuboid,default,4.13576,1.91565,2,1,0,0,0,0,0,0,1969.74292,3010.66742,0,0,0,1;
custom,cuboid,default,7.96707,1.91565,2,1,0,0,0,0,0,30.25706,1999.99997,3010.66742,0,0,-0.70711,0.70711;
custom,cuboid,default,7.96707,1.91565,2,1,0,0,0,0,0,-30.25706,1999.99998,3010.66742,0,0,-0.70711,0.70711;
custom,cuboid,cannonregionmat,4.23576,0.1,2.1,1,0,1,0,0,0,0,2020.67878,3010.66742,0,0,0,1;
custom,cuboid,cannonregionmat,4.23576,0.1,2.1,1,0,1,0,0,0,0,1979.32117,3010.66742,0,0,0,1;
custom,cuboid,cannonregionmat,4.23576,0.1,2.1,1,0,1,0,0,0,-20.67881,1999.99997,3010.66742,0,0,-0.70711,0.70711;
custom,cuboid,cannonregionmat,4.23576,0.1,2.1,1,0,1,0,0,0,20.67881,1999.99997,3010.66742,0,0,-0.70711,0.70711;

custom,cuboid,ice1,9.0056,1,1,1,1,1,1,0,0,-28.3041,1971.69588,2901.74927,0,0,-0.38268,0.92388;
custom,cuboid,ice1,9.0056,1,1,1,1,1,1,0,0,28.3041,2028.30408,2901.74927,0,0,-0.38268,0.92388;
custom,cuboid,ice1,1,9.0056,1,1,1,1,1,0,0,28.3041,1971.69588,2901.74927,0,0,-0.38268,0.92388;
custom,cuboid,ice1,1,9.0056,1,1,1,1,1,0,0,-28.3041,2028.30408,2901.74927,0,0,-0.38268,0.92388;
custom,cuboid,cannonregionmat,1.1,9.10561,0.9,1,1,1,1,0,0,-28.3041,2028.30408,2901.74927,0,0,-0.38268,0.92388;
custom,cuboid,cannonregionmat,1.1,9.10561,0.9,1,1,1,1,0,0,28.3041,1971.69588,2901.74927,0,0,-0.38268,0.92388;
custom,cuboid,cannonregionmat,9.10561,1.1,0.9,1,1,1,1,0,0,28.3041,2028.30408,2901.74927,0,0,-0.38268,0.92388;
custom,cuboid,cannonregionmat,9.10561,1.1,0.9,1,1,1,1,0,0,-28.3041,1971.69588,2901.74927,0,0,-0.38268,0.92388;
racing,checkpointcuboid,8,8,0.8,0,2000,2901.74927,0,0,-0.38268,0.92388;







custom,cuboid,default,1.13639,0.3,35.8891,1,0,0.3,0.6,0,0,150.72719,2038.49976,3158.01147,0,-0.38268,0,0.92388;
custom,cuboid,default,7.8794,0.3,35.8891,1,0,0.3,0.6,0,0,179.44555,2038.49976,3261.05835,0,-0.70711,0,0.70711;
custom,cuboid,default,7.8794,0.3,35.88911,1,0,0.3,0.6,0,0,126.88727,2038.49976,3387.94617,0,-0.92388,0,0.38268;
custom,cuboid,default,7.8794,0.3,35.8891,1,0,0.3,0.6,0,0,0.00015,2038.49976,3440.50415,0,-1,0,0;
custom,cuboid,default,7.8794,0.3,35.8891,1,0,0.3,0.6,0,0,-126.88706,2038.49976,3387.94617,0,-0.92388,0,-0.38268;
custom,cuboid,default,7.8794,0.3,35.8891,1,0,0.3,0.6,0,0,-179.44555,2038.49976,3261.05896,0,-0.70711,0,-0.70711;
custom,cuboid,default,1.13637,0.3,35.8891,1,0,0.3,0.6,0,0,-150.7275,2038.49976,3158.01208,0,-0.38268,0,-0.92388;
custom,cylinder,default,7.8794,0.15,7.8794,1,0,0.3,0.6,0,0,-358.8913,2038.49976,3261.05988,0,0,0,1;
custom,cylinder,default,7.8794,0.15,7.8794,1,0,0.3,0.6,0,0,358.8913,2038.49976,3261.05835,0,-1,0,0;
custom,cylinder,default,7.8794,0.15,7.8794,1,0,0.3,0.6,0,0,253.77476,2038.49976,3514.83276,0,-0.92388,0,-0.38268;
custom,cylinder,default,7.8794,0.15,7.8794,1,0,0.3,0.6,0,0,-253.7742,2038.49976,3514.83337,0,-0.38268,0,-0.92388;
custom,prism,default,12.8576,0.3,17.92161,1,0,0.3,0.6,0,0,172.2,2038.55976,3190.94311,0,-0.83147,0,-0.55557;
custom,prism,default,12.8576,0.3,17.92161,1,0,0.3,0.6,0,0,171.34307,2038.55976,3333.24352,0,-0.55557,0,-0.83147;
custom,prism,default,12.8576,0.3,17.92161,1,0,0.3,0.6,0,0,70.1157,2038.55976,3433.2588,0,-0.19509,0,-0.98079;
custom,prism,default,12.8576,0.3,17.92161,1,0,0.3,0.6,0,0,-72.18448,2038.55976,3432.40197,0,0.19509,0,-0.98079;
custom,prism,default,12.8576,0.3,17.92161,1,0,0.3,0.6,0,0,-172.2,2038.55976,3331.17481,0,0.55557,0,-0.83147;
custom,prism,default,12.8576,0.3,17.92161,1,0,0.3,0.6,0,0,-171.34307,2038.55976,3188.8744,0,0.83147,0,-0.55557;

custom,cuboid,default,19.42247,0.3,11.50038,1,1,0,0.5,0,0,-456.40141,2038.49976,3078.927,0,-0.19509,0,0.98079;
custom,cuboid,default,19.42248,0.3,11.50535,1,1,0,0.5,0,0,456.39172,2038.49976,3078.90381,0,-0.98079,0,0.19509;
custom,cuboid,default,19.42247,0.3,12.7782,1,1,0,0.5,0,0,453.95638,2038.49976,3449.09363,0,-0.98079,0,-0.19509;
custom,cuboid,default,19.42247,0.3,11.50539,1,1,0,0.5,0,0,193.91466,2038.49976,3712.57935,0,-0.83147,0,-0.55557;
custom,cuboid,default,19.42247,0.3,11.50035,1,1,0,0.5,0,0,-193.93759,2038.49976,3712.57019,0,-0.55557,0,-0.83147;
custom,cuboid,default,19.42247,0.3,12.7782,1,1,0,0.5,0,0,-453.95622,2038.49976,3449.09363,0,-0.19509,0,-0.98079;
custom,cuboid,default,10,0.3,23.41085,1,1,0,0.5,0,0,-538.47111,2038.49976,3261.05896,0,0,0,1;
custom,cuboid,default,10,0.3,23.41085,1,1,0,0.5,0,0,538.47107,2038.49976,3261.05896,0,-1,0,0;
custom,cuboid,default,10,0.3,23.41085,1,1,0,0.5,0,0,380.75657,2038.49976,3641.81519,0,-0.92388,0,-0.38268;
custom,cuboid,default,10,0.3,23.41085,1,1,0,0.5,0,0,-380.75649,2038.49976,3641.81519,0,-0.38268,0,-0.92388;
custom,cylinder,default,10.22256,0.15,10.22256,1,1,0,0.5,0,0,-364.23634,2038.49976,3110.18738,0,-0.19509,0,0.98079;
custom,cylinder,default,10.22256,0.15,10.22256,1,1,0,0.5,0,0,364.23615,2038.49976,3110.18677,0,-0.98079,0,0.19509;
custom,cylinder,default,10.22256,0.15,10.22256,1,1,0,0.5,0,0,364.23634,2038.49976,3411.92993,0,-0.98079,0,-0.19509;
custom,cylinder,default,10.22256,0.15,10.22256,1,1,0,0.5,0,0,150.87181,2038.49976,3625.2948,0,-0.83147,0,-0.55557;
custom,cylinder,default,10.22256,0.15,10.22256,1,1,0,0.5,0,0,-150.87135,2038.49976,3625.29541,0,-0.55557,0,-0.83147;
custom,cylinder,default,10.22256,0.15,10.22256,1,1,0,0.5,0,0,-364.23615,2038.49976,3411.93054,0,-0.19509,0,-0.98079;
custom,cuboid,default,9.23879,0.3,5.3163,1,1,0,0.5,0,0,-535.62119,2038.49976,3137.12402,0,-0.19509,0,0.98079;
custom,cuboid,default,3.09181,0.3,8.48529,1,1,0,0.5,0,0,-484.72481,2038.49976,3175.35645,0,-0.19509,0,0.98079;
custom,cuboid,default,3.20853,0.3,6.27126,1,1,0,0.5,0,0,-457.60914,2038.49976,3157.90833,0,-0.4714,0,0.88192;
custom,cuboid,default,9.2388,0.3,5.3163,1,1,0,0.5,0,0,535.62111,2038.49976,3137.12402,0,-0.98079,0,0.19509;
custom,cuboid,default,3.09181,0.3,8.48529,1,1,0,0.5,0,0,484.72473,2038.49976,3175.35645,0,-0.98079,0,0.19509;
custom,cuboid,default,3.20853,0.3,6.27126,1,1,0,0.5,0,0,457.6091,2038.49976,3157.90771,0,-0.88192,0,0.4714;
custom,cuboid,default,9.23879,0.3,5.3163,1,1,0,0.5,0,0,535.62119,2038.49976,3384.99329,0,-0.98079,0,-0.19509;
custom,cuboid,default,9.23879,0.3,5.3163,1,1,0,0.5,0,0,466.37642,2038.49976,3552.16492,0,-0.98079,0,-0.19509;
custom,cuboid,default,3.09181,0.3,8.48529,1,1,0,0.5,0,0,484.72481,2038.49976,3346.76086,0,-0.98079,0,-0.19509;
custom,cuboid,default,3.20853,0.3,6.27126,1,1,0,0.5,0,0,457.6091,2038.49976,3364.20898,0,-0.88192,0,-0.4714;
custom,cuboid,default,3.09181,0.3,8.48529,1,1,0,0.5,0,0,403.35281,2038.49976,3543.21045,0,-0.98079,0,-0.19509;
custom,cuboid,default,3.20853,0.3,6.27126,1,1,0,0.5,0,0,396.51726,2038.49976,3511.69861,0,-0.99518,0,0.09802;
custom,cuboid,default,9.23879,0.3,5.3163,1,1,0,0.5,0,0,291.10638,2038.49976,3727.4353,0,-0.83147,0,-0.55557;
custom,cuboid,default,3.09181,0.3,8.48529,1,1,0,0.5,0,0,282.1516,2038.49976,3664.41162,0,-0.83147,0,-0.55557;
custom,cuboid,default,3.20853,0.3,6.27126,1,1,0,0.5,0,0,250.64026,2038.49976,3657.57568,0,-0.63439,0,-0.77301;
custom,cuboid,default,9.23879,0.3,5.3163,1,1,0,0.5,0,0,-291.10622,2038.49976,3727.4353,0,-0.55557,0,-0.83147;
custom,cuboid,default,3.09181,0.3,8.48529,1,1,0,0.5,0,0,-282.15149,2038.49976,3664.41162,0,-0.55557,0,-0.83147;
custom,cuboid,default,3.20853,0.3,6.27126,1,1,0,0.5,0,0,-250.63972,2038.49976,3657.57629,0,-0.77301,0,-0.63439;
custom,cuboid,default,9.23879,0.3,5.3163,1,1,0,0.5,0,0,-466.37638,2038.49976,3552.16492,0,-0.19509,0,-0.98079;
custom,cuboid,default,9.23879,0.3,5.3163,1,1,0,0.5,0,0,-535.62111,2038.49976,3384.99329,0,-0.19509,0,-0.98079;
custom,cuboid,default,3.09181,0.3,8.48529,1,1,0,0.5,0,0,-403.35278,2038.49976,3543.21045,0,-0.19509,0,-0.98079;
custom,cuboid,default,3.20853,0.3,6.27126,1,1,0,0.5,0,0,-396.51672,2038.49976,3511.69922,0,0.09802,0,-0.99518;
custom,cuboid,default,3.09181,0.3,8.48529,1,1,0,0.5,0,0,-484.72473,2038.49976,3346.76086,0,-0.19509,0,-0.98079;
custom,cuboid,default,3.20853,0.3,6.27126,1,1,0,0.5,0,0,-457.6091,2038.49976,3364.20959,0,-0.4714,0,-0.88192;

custom,cuboid,default,1.13639,0.3,35.8891,1,0,0.3,0.6,0,0,150.72719,1961.49963,3158.01147,0,-0.38268,0,0.92388;
custom,cuboid,default,7.8794,0.3,35.8891,1,0,0.3,0.6,0,0,179.44555,1961.49963,3261.05835,0,-0.70711,0,0.70711;
custom,cuboid,default,7.8794,0.3,35.88911,1,0,0.3,0.6,0,0,126.88727,1961.49963,3387.94617,0,-0.92388,0,0.38268;
custom,cuboid,default,7.8794,0.3,35.8891,1,0,0.3,0.6,0,0,0.00015,1961.49963,3440.50415,0,-1,0,0;
custom,cuboid,default,7.8794,0.3,35.8891,1,0,0.3,0.6,0,0,-126.88706,1961.49963,3387.94617,0,-0.92388,0,-0.38268;
custom,cuboid,default,7.8794,0.3,35.8891,1,0,0.3,0.6,0,0,-179.44555,1961.49963,3261.05896,0,-0.70711,0,-0.70711;
custom,cuboid,default,1.13637,0.3,35.8891,1,0,0.3,0.6,0,0,-150.7275,1961.49963,3158.01208,0,-0.38268,0,-0.92388;
custom,cylinder,default,7.8794,0.15,7.8794,1,0,0.3,0.6,0,0,-358.8913,1961.49963,3261.05896,0,0,0,1;
custom,cylinder,default,7.8794,0.15,7.8794,1,0,0.3,0.6,0,0,358.8913,1961.49963,3261.05835,0,-1,0,0;
custom,cylinder,default,7.8794,0.15,7.8794,1,0,0.3,0.6,0,0,253.77476,1961.49963,3514.83276,0,-0.92388,0,-0.38268;
custom,cylinder,default,7.8794,0.15,7.8794,1,0,0.3,0.6,0,0,-253.7742,1961.49963,3514.83337,0,-0.38268,0,-0.92388;
custom,prism,default,12.8576,0.3,17.92161,1,0,0.3,0.6,0,0,172.2,1961.55963,3190.94311,0,-0.83147,0,-0.55557;
custom,prism,default,12.8576,0.3,17.92161,1,0,0.3,0.6,0,0,171.34307,1961.55963,3333.24352,0,-0.55557,0,-0.83147;
custom,prism,default,12.8576,0.3,17.92161,1,0,0.3,0.6,0,0,70.1157,1961.55963,3433.2588,0,-0.19509,0,-0.98079;
custom,prism,default,12.8576,0.3,17.92161,1,0,0.3,0.6,0,0,-72.18448,1961.55963,3432.40197,0,0.19509,0,-0.98079;
custom,prism,default,12.8576,0.3,17.92161,1,0,0.3,0.6,0,0,-172.2,1961.55963,3331.17481,0,0.55557,0,-0.83147;
custom,prism,default,12.8576,0.3,17.92161,1,0,0.3,0.6,0,0,-171.34307,1961.55963,3188.8744,0,0.83147,0,-0.55557;

custom,cuboid,default,19.42247,0.3,11.50038,1,1,0,0.5,0,0,-456.40141,1961.49963,3078.927,0,-0.19509,0,0.98079;
custom,cuboid,default,19.42248,0.3,11.50535,1,1,0,0.5,0,0,456.39172,1961.49963,3078.90381,0,-0.98079,0,0.19509;
custom,cuboid,default,19.42247,0.3,12.7782,1,1,0,0.5,0,0,453.95638,1961.49963,3449.09363,0,-0.98079,0,-0.19509;
custom,cuboid,default,19.42247,0.3,11.50539,1,1,0,0.5,0,0,193.91466,1961.49963,3712.57935,0,-0.83147,0,-0.55557;
custom,cuboid,default,19.42247,0.3,11.50035,1,1,0,0.5,0,0,-193.93759,1961.49963,3712.57019,0,-0.55557,0,-0.83147;
custom,cuboid,default,19.42247,0.3,12.7782,1,1,0,0.5,0,0,-453.95622,1961.49963,3449.09363,0,-0.19509,0,-0.98079;
custom,cuboid,default,10,0.3,23.41085,1,1,0,0.5,0,0,-538.47111,1961.49963,3261.05896,0,0,0,1;
custom,cuboid,default,10,0.3,23.41085,1,1,0,0.5,0,0,538.47107,1961.49963,3261.05896,0,-1,0,0;
custom,cuboid,default,10,0.3,23.41085,1,1,0,0.5,0,0,380.75657,1961.49963,3641.81519,0,-0.92388,0,-0.38268;
custom,cuboid,default,10,0.3,23.41085,1,1,0,0.5,0,0,-380.75649,1961.49963,3641.81519,0,-0.38268,0,-0.92388;
custom,cylinder,default,10.22256,0.15,10.22256,1,1,0,0.5,0,0,-364.23634,1961.49963,3110.18738,0,-0.19509,0,0.98079;
custom,cylinder,default,10.22256,0.15,10.22256,1,1,0,0.5,0,0,364.23615,1961.49963,3110.18677,0,-0.98079,0,0.19509;
custom,cylinder,default,10.22256,0.15,10.22256,1,1,0,0.5,0,0,364.23634,1961.49963,3411.92993,0,-0.98079,0,-0.19509;
custom,cylinder,default,10.22256,0.15,10.22256,1,1,0,0.5,0,0,150.87181,1961.49963,3625.2948,0,-0.83147,0,-0.55557;
custom,cylinder,default,10.22256,0.15,10.22256,1,1,0,0.5,0,0,-150.87135,1961.49963,3625.29541,0,-0.55557,0,-0.83147;
custom,cylinder,default,10.22256,0.15,10.22256,1,1,0,0.5,0,0,-364.23615,1961.49963,3411.93054,0,-0.19509,0,-0.98079;
custom,cuboid,default,9.23879,0.3,5.3163,1,1,0,0.5,0,0,-535.62119,1961.49963,3137.12402,0,-0.19509,0,0.98079;
custom,cuboid,default,3.09181,0.3,8.48529,1,1,0,0.5,0,0,-484.72481,1961.49963,3175.35645,0,-0.19509,0,0.98079;
custom,cuboid,default,3.20853,0.3,6.27126,1,1,0,0.5,0,0,-457.60914,1961.49963,3157.90833,0,-0.4714,0,0.88192;
custom,cuboid,default,9.2388,0.3,5.3163,1,1,0,0.5,0,0,535.62111,1961.49963,3137.12402,0,-0.98079,0,0.19509;
custom,cuboid,default,3.09181,0.3,8.48529,1,1,0,0.5,0,0,484.72473,1961.49963,3175.35645,0,-0.98079,0,0.19509;
custom,cuboid,default,3.20853,0.3,6.27126,1,1,0,0.5,0,0,457.6091,1961.49963,3157.90771,0,-0.88192,0,0.4714;
custom,cuboid,default,9.23879,0.3,5.3163,1,1,0,0.5,0,0,535.62119,1961.49963,3384.99329,0,-0.98079,0,-0.19509;
custom,cuboid,default,9.23879,0.3,5.3163,1,1,0,0.5,0,0,466.37642,1961.49963,3552.16492,0,-0.98079,0,-0.19509;
custom,cuboid,default,3.09181,0.3,8.48529,1,1,0,0.5,0,0,484.72481,1961.49963,3346.76086,0,-0.98079,0,-0.19509;
custom,cuboid,default,3.20853,0.3,6.27126,1,1,0,0.5,0,0,457.6091,1961.49963,3364.20898,0,-0.88192,0,-0.4714;
custom,cuboid,default,3.09181,0.3,8.48529,1,1,0,0.5,0,0,403.35281,1961.49963,3543.21045,0,-0.98079,0,-0.19509;
custom,cuboid,default,3.20853,0.3,6.27126,1,1,0,0.5,0,0,396.51726,1961.49963,3511.69861,0,-0.99518,0,0.09802;
custom,cuboid,default,9.23879,0.3,5.3163,1,1,0,0.5,0,0,291.10638,1961.49963,3727.4353,0,-0.83147,0,-0.55557;
custom,cuboid,default,3.09181,0.3,8.48529,1,1,0,0.5,0,0,282.1516,1961.49963,3664.41162,0,-0.83147,0,-0.55557;
custom,cuboid,default,3.20853,0.3,6.27126,1,1,0,0.5,0,0,250.64026,1961.49963,3657.57568,0,-0.63439,0,-0.77301;
custom,cuboid,default,9.23879,0.3,5.3163,1,1,0,0.5,0,0,-291.10622,1961.49963,3727.4353,0,-0.55557,0,-0.83147;
custom,cuboid,default,3.09181,0.3,8.48529,1,1,0,0.5,0,0,-282.15149,1961.49963,3664.41162,0,-0.55557,0,-0.83147;
custom,cuboid,default,3.20853,0.3,6.27126,1,1,0,0.5,0,0,-250.63972,1961.49963,3657.57629,0,-0.77301,0,-0.63439;
custom,cuboid,default,9.23879,0.3,5.3163,1,1,0,0.5,0,0,-466.37638,1961.49963,3552.16492,0,-0.19509,0,-0.98079;
custom,cuboid,default,9.23879,0.3,5.3163,1,1,0,0.5,0,0,-535.62111,1961.49963,3384.99329,0,-0.19509,0,-0.98079;
custom,cuboid,default,3.09181,0.3,8.48529,1,1,0,0.5,0,0,-403.35278,1961.49963,3543.21045,0,-0.19509,0,-0.98079;
custom,cuboid,default,3.20853,0.3,6.27126,1,1,0,0.5,0,0,-396.51672,1961.49963,3511.69922,0,0.09802,0,-0.99518;
custom,cuboid,default,3.09181,0.3,8.48529,1,1,0,0.5,0,0,-484.72473,1961.49963,3346.76086,0,-0.19509,0,-0.98079;
custom,cuboid,default,3.20853,0.3,6.27126,1,1,0,0.5,0,0,-457.6091,1961.49963,3364.20959,0,-0.4714,0,-0.88192;

custom,cuboid,default,19.55431,8.2,4,1,0,0,0,0,0,568.07098,2000,3076.48132,0,-0.58779,0,0.80902;
custom,cuboid,default,19.55432,8.2,4,1,0,0,0,0,0,597.30518,2000,3261.05835,0,-0.70711,0,0.70711;
custom,cuboid,default,19.55431,8.2,4,1,0,0,0,0,0,568.07102,2000,3445.63599,0,-0.80902,0,0.58779;
custom,cuboid,default,19.55431,8.2,4,1,0,0,0,0,0,483.23017,2000,3612.146,0,-0.89101,0,0.45399;
custom,cuboid,default,19.55431,8.2,4,1,0,0,0,0,0,351.0873,2000,3744.28894,0,-0.95106,0,0.30902;
custom,cuboid,default,9.24043,8.2,4,1,0,0,0,0,0,233.62295,2000,3813.19397,0,-0.98769,0,0.15643;
custom,cuboid,default,9.24043,8.2,4,1,0,0,0,0,0,-233.6227,2000,3813.19397,0,-0.98769,0,-0.15643;
custom,cuboid,default,19.55431,8.2,4,1,0,0,0,0,0,-351.08704,2000,3744.28894,0,-0.95106,0,-0.30902;
custom,cuboid,default,19.55431,8.2,4,1,0,0,0,0,0,-483.22998,2000,3612.146,0,-0.89101,0,-0.45399;
custom,cuboid,default,19.55431,8.2,4,1,0,0,0,0,0,-568.07098,2000,3445.6366,0,-0.80902,0,-0.58779;
custom,cuboid,default,19.55432,8.2,4,1,0,0,0,0,0,-597.30518,2000,3261.05896,0,-0.70711,0,-0.70711;
custom,cuboid,default,19.55431,8.2,4,1,0,0,0,0,0,-568.07102,2000,3076.48132,0,-0.58779,0,-0.80902;




racing,killarc180,11.48051,12.02,11.48052,-446.1295,1998.6778,3263.26207,0,0,0,1;
racing,killarc180,11.48051,12.02,11.48052,446.12961,1998.6778,3258.85585,0,-1,0,0;
racing,killarc180,11.48051,12.02,11.48052,317.01897,1998.6778,3574.96211,0,-0.92388,0,-0.38268;
racing,killarc180,11.48051,12.02,11.48052,-313.90355,1998.6778,3578.07841,0,-0.38268,0,-0.92388;
racing,killarc180,11.48051,12.02,11.48052,-269.83011,1998.6778,3146.90721,0,-0.98079,0,-0.19509;
racing,killarc180,11.48051,12.02,11.48052,271.51606,1998.6778,3150.97742,0,-0.19509,0,-0.98079;
racing,killarc180,11.48051,12.02,11.48052,269.82973,1998.6778,3375.21071,0,0.19509,0,-0.98079;
racing,killarc180,11.48051,12.02,11.48052,110.08085,1998.6778,3532.5754,0,0.55557,0,-0.83147;
racing,killarc180,11.48051,12.02,11.48051,-114.15209,1998.6778,3530.88921,0,0.83147,0,-0.55557;
racing,killarc180,11.48051,12.02,11.48052,-271.51644,1998.6778,3371.1405,0,0.98079,0,-0.19509;
racing,killarc180,6.3891,12.02,6.3891,-334.23242,1998.6778,3121.28867,0,-0.98079,0,-0.19509;
racing,killarc180,5.11128,12.02,5.11627,-340.2326,1998.6778,3119.06753,0,-0.98079,0,-0.19509;


racing,killprism,0.89589,6.01,2.60037,-386.26081,2001.202,3157.43314,0,-0.99518,0,-0.09802;
racing,killprism,0.89589,6.01,2.60037,-346.53576,2001.202,3061.11704,0,-0.29028,0,0.95694;


racing,killarc180,6.3891,12.02,6.3891,335.17069,1998.6778,3123.55354,0,-0.19509,0,-0.98079;
racing,killarc180,5.11128,12.02,5.11627,340.98389,1998.6778,3120.88107,0,-0.19509,0,-0.98079;


racing,killprism,0.89589,6.01,2.60037,346.40221,2001.202,3061.20612,0,-0.29028,0,-0.95694;
racing,killprism,0.89589,6.01,2.60037,386.41835,2001.202,3157.40186,0,-0.99518,0,0.09802;


racing,killarc180,6.3891,12.02,6.3891,334.2323,1998.6778,3400.82925,0,0.19509,0,-0.98079;
racing,killarc180,5.11128,12.02,5.11627,340.23249,1998.6778,3403.05039,0,0.19509,0,-0.98079;


racing,killprism,0.89589,6.01,2.60037,386.26089,2001.202,3364.68478,0,0.09802,0,-0.99518;
racing,killprism,0.89589,6.01,2.60037,346.5358,2001.202,3461.00149,0,-0.95694,0,-0.29028;


racing,killarc180,6.3891,12.02,6.3891,137.50526,1998.6778,3596.22946,0,0.55557,0,-0.83147;
racing,killarc180,5.11128,12.02,5.11627,140.17757,1998.6778,3602.04289,0,0.55557,0,-0.83147;


racing,killprism,0.89589,6.01,2.60037,199.85301,2001.202,3607.46121,0,0.4714,0,-0.88192;


racing,killarc180,6.3891,12.02,6.3891,-139.77072,1998.6778,3595.29107,0,0.83147,0,-0.55557;
racing,killarc180,5.11128,12.02,5.11627,-141.99166,1998.6778,3601.29145,0,0.83147,0,-0.55557;


racing,killprism,0.89589,6.01,2.60037,-199.94232,2001.202,3607.59453,0,-0.4714,0,-0.88192;


racing,killarc180,6.3891,12.02,6.38911,-335.17061,1998.6778,3398.56438,0,0.98079,0,-0.19509;
racing,killarc180,5.11128,12.02,5.11627,-340.98382,1998.6778,3401.23685,0,0.98079,0,-0.19509;


racing,killprism,0.89589,6.01,2.60037,-346.40236,2001.202,3460.91241,0,0.95694,0,-0.29028;
racing,killprism,0.89589,6.01,2.60037,-386.4185,2001.202,3364.71606,0,-0.09802,0,-0.99518;


racing,killarc180,4.92462,12.02,4.92463,-383.53191,1998.6778,3262.004,0,0,0,1;
racing,killarc180,3.9397,12.02,3.9397,-378.60379,1998.6778,3261.81499,0,0,0,1;
racing,killarc180,3.28566,12.02,3.28566,-375.33128,1998.6778,3261.68948,0,0,0,1;
racing,killarc180,4.92462,12.02,4.92463,383.53149,1998.6778,3260.11392,0,-1,0,0;
racing,killarc180,3.9397,12.02,3.9397,378.60337,1998.6778,3260.30293,0,-1,0,0;
racing,killarc180,3.28566,12.02,3.28566,375.33086,1998.6778,3260.42844,0,-1,0,0;
racing,killarc180,4.92462,12.02,4.92463,271.8659,1998.6778,3531.5884,0,-0.92388,0,-0.38268;
racing,killarc180,3.9397,12.02,3.9397,268.24749,1998.6778,3528.23752,0,-0.92388,0,-0.38268;
racing,killarc180,3.28566,12.02,3.28566,265.84478,1998.6778,3526.01199,0,-0.92388,0,-0.38268;
racing,killarc180,4.92462,12.02,4.92463,-270.53011,1998.6778,3532.9255,0,-0.38268,0,-0.92388;
racing,killarc180,3.9397,12.02,3.9397,-267.17908,1998.6778,3529.30671,0,-0.38268,0,-0.92388;
racing,killarc180,3.28565,12.02,3.28566,-264.95379,1998.6778,3526.90431,0,-0.38268,0,-0.92388;




custom,arc180,default,11.48051,2,11.48052,1,0,0,0,0,0,-446.1295,2035.77976,3263.26207,0,0,0,1;
custom,arc180,default,11.48051,2,11.48052,1,0,0,0,0,0,446.12961,2035.77976,3258.85585,0,-1,0,0;
custom,arc180,default,11.48051,2,11.48052,1,0,0,0,0,0,317.01897,2035.77976,3574.96211,0,-0.92388,0,-0.38268;
custom,arc180,default,11.48051,2,11.48052,1,0,0,0,0,0,-313.90355,2035.77976,3578.07841,0,-0.38268,0,-0.92388;
custom,arc180,default,11.48051,2,11.48052,1,0,0,0,0,0,-269.83011,2035.77976,3146.90721,0,-0.98079,0,-0.19509;
custom,arc180,default,11.48051,2,11.48052,1,0,0,0,0,0,271.51606,2035.77976,3150.97742,0,-0.19509,0,-0.98079;
custom,arc180,default,11.48051,2,11.48052,1,0,0,0,0,0,269.82973,2035.77976,3375.21071,0,0.19509,0,-0.98079;
custom,arc180,default,11.48051,2,11.48052,1,0,0,0,0,0,110.08085,2035.77976,3532.5754,0,0.55557,0,-0.83147;
custom,arc180,default,11.48051,2,11.48051,1,0,0,0,0,0,-114.15209,2035.77976,3530.88921,0,0.83147,0,-0.55557;
custom,arc180,default,11.48051,2,11.48052,1,0,0,0,0,0,-271.51644,2035.77976,3371.1405,0,0.98079,0,-0.19509;
custom,arc180,default,6.3891,2,6.3891,1,0,0,0,0,0,-334.23242,2035.77976,3121.28867,0,-0.98079,0,-0.19509;
custom,arc180,default,5.11128,2,5.11627,1,0,0,0,0,0,-340.2326,2035.77976,3119.06753,0,-0.98079,0,-0.19509;


custom,prism,default,0.89589,1,2.60037,1,0,0,0,0,0,-386.26081,2036.19976,3157.43314,0,-0.99518,0,-0.09802;


custom,arc180,default,6.3891,2,6.3891,1,0,0,0,0,0,335.17069,2035.77976,3123.55354,0,-0.19509,0,-0.98079;
custom,arc180,default,5.11128,2,5.11627,1,0,0,0,0,0,340.98389,2035.77976,3120.88107,0,-0.19509,0,-0.98079;


custom,prism,default,0.89589,1,2.60037,1,0,0,0,0,0,386.41835,2036.19976,3157.40186,0,-0.99518,0,0.09802;


custom,arc180,default,6.3891,2,6.3891,1,0,0,0,0,0,334.2323,2035.77976,3400.82925,0,0.19509,0,-0.98079;
custom,arc180,default,5.11128,2,5.11627,1,0,0,0,0,0,340.23249,2035.77976,3403.05039,0,0.19509,0,-0.98079;


custom,prism,default,0.89589,1,2.60037,1,0,0,0,0,0,386.26089,2036.19976,3364.68478,0,0.09802,0,-0.99518;
custom,prism,default,0.89589,1,2.60037,1,0,0,0,0,0,346.5358,2036.19976,3461.00149,0,-0.95694,0,-0.29028;


custom,arc180,default,6.3891,2,6.3891,1,0,0,0,0,0,137.50526,2035.77976,3596.22946,0,0.55557,0,-0.83147;
custom,arc180,default,5.11128,2,5.11627,1,0,0,0,0,0,140.17757,2035.77976,3602.04289,0,0.55557,0,-0.83147;


custom,prism,default,0.89589,1,2.60037,1,0,0,0,0,0,199.85301,2036.19976,3607.46121,0,0.4714,0,-0.88192;


custom,arc180,default,6.3891,2,6.3891,1,0,0,0,0,0,-139.77072,2035.77976,3595.29107,0,0.83147,0,-0.55557;
custom,arc180,default,5.11128,2,5.11627,1,0,0,0,0,0,-141.99166,2035.77976,3601.29145,0,0.83147,0,-0.55557;


custom,prism,default,0.89589,1,2.60037,1,0,0,0,0,0,-199.94232,2036.19976,3607.59453,0,-0.4714,0,-0.88192;


custom,arc180,default,6.3891,2,6.38911,1,0,0,0,0,0,-335.17061,2035.77976,3398.56438,0,0.98079,0,-0.19509;
custom,arc180,default,5.11128,2,5.11627,1,0,0,0,0,0,-340.98382,2035.77976,3401.23685,0,0.98079,0,-0.19509;


custom,prism,default,0.89589,1,2.60037,1,0,0,0,0,0,-346.40236,2036.19976,3460.91241,0,0.95694,0,-0.29028;
custom,prism,default,0.89589,1,2.60037,1,0,0,0,0,0,-386.4185,2036.19976,3364.71606,0,-0.09802,0,-0.99518;


custom,arc180,default,4.92462,2,4.92463,1,0,0,0,0,0,-383.53191,2035.77976,3262.004,0,0,0,1;
custom,arc180,default,3.9397,2,3.9397,1,0,0,0,0,0,-378.60379,2035.77976,3261.81499,0,0,0,1;
custom,arc180,default,3.28566,2,3.28566,1,0,0,0,0,0,-375.33128,2035.77976,3261.68948,0,0,0,1;
custom,arc180,default,4.92462,2,4.92463,1,0,0,0,0,0,383.53149,2035.77976,3260.11392,0,-1,0,0;
custom,arc180,default,3.9397,2,3.9397,1,0,0,0,0,0,378.60337,2035.77976,3260.30293,0,-1,0,0;
custom,arc180,default,3.28566,2,3.28566,1,0,0,0,0,0,375.33086,2035.77976,3260.42844,0,-1,0,0;
custom,arc180,default,4.92462,2,4.92463,1,0,0,0,0,0,271.8659,2035.77976,3531.5884,0,-0.92388,0,-0.38268;
custom,arc180,default,3.9397,2,3.9397,1,0,0,0,0,0,268.24749,2035.77976,3528.23752,0,-0.92388,0,-0.38268;
custom,arc180,default,3.28566,2,3.28566,1,0,0,0,0,0,265.84478,2035.77976,3526.01199,0,-0.92388,0,-0.38268;
custom,arc180,default,4.92462,2,4.92463,1,0,0,0,0,0,-270.53011,2035.77976,3532.9255,0,-0.38268,0,-0.92388;
custom,arc180,default,3.9397,2,3.9397,1,0,0,0,0,0,-267.17908,2035.77976,3529.30671,0,-0.38268,0,-0.92388;
custom,arc180,default,3.28565,2,3.28566,1,0,0,0,0,0,-264.95379,2035.77976,3526.90431,0,-0.38268,0,-0.92388;
custom,arc180,default,11.48051,2,11.48052,1,0,0,0,0,0,-446.1295,1963.77963,3263.26207,0,0,0,1;
custom,arc180,default,11.48051,2,11.48052,1,0,0,0,0,0,446.12961,1963.77963,3258.85585,0,-1,0,0;
custom,arc180,default,11.48051,2,11.48052,1,0,0,0,0,0,317.01897,1963.77963,3574.96211,0,-0.92388,0,-0.38268;
custom,arc180,default,11.48051,2,11.48052,1,0,0,0,0,0,-313.90355,1963.77963,3578.07841,0,-0.38268,0,-0.92388;
custom,arc180,default,11.48051,2,11.48052,1,0,0,0,0,0,-269.83011,1963.77963,3146.90721,0,-0.98079,0,-0.19509;
custom,arc180,default,11.48051,2,11.48052,1,0,0,0,0,0,271.51606,1963.77963,3150.97742,0,-0.19509,0,-0.98079;
custom,arc180,default,11.48051,2,11.48052,1,0,0,0,0,0,269.82973,1963.77963,3375.21071,0,0.19509,0,-0.98079;
custom,arc180,default,11.48051,2,11.48052,1,0,0,0,0,0,110.08085,1963.77963,3532.5754,0,0.55557,0,-0.83147;
custom,arc180,default,11.48051,2,11.48051,1,0,0,0,0,0,-114.15209,1963.77963,3530.88921,0,0.83147,0,-0.55557;
custom,arc180,default,11.48051,2,11.48052,1,0,0,0,0,0,-271.51644,1963.77963,3371.1405,0,0.98079,0,-0.19509;
custom,arc180,default,6.3891,2,6.3891,1,0,0,0,0,0,-334.23242,1963.77963,3121.28867,0,-0.98079,0,-0.19509;
custom,arc180,default,5.11128,2,5.11627,1,0,0,0,0,0,-340.2326,1963.77963,3119.06753,0,-0.98079,0,-0.19509;


custom,prism,default,0.89589,1,2.60037,1,0,0,0,0,0,-386.26081,1964.19963,3157.43314,0,-0.99518,0,-0.09802;


custom,arc180,default,6.3891,2,6.3891,1,0,0,0,0,0,335.17069,1963.77963,3123.55354,0,-0.19509,0,-0.98079;
custom,arc180,default,5.11128,2,5.11627,1,0,0,0,0,0,340.98389,1963.77963,3120.88107,0,-0.19509,0,-0.98079;


custom,prism,default,0.89589,1,2.60037,1,0,0,0,0,0,386.41835,1964.19963,3157.40186,0,-0.99518,0,0.09802;


custom,arc180,default,6.3891,2,6.3891,1,0,0,0,0,0,334.2323,1963.77963,3400.82925,0,0.19509,0,-0.98079;
custom,arc180,default,5.11128,2,5.11627,1,0,0,0,0,0,340.23249,1963.77963,3403.05039,0,0.19509,0,-0.98079;


custom,prism,default,0.89589,1,2.60037,1,0,0,0,0,0,386.26089,1964.19963,3364.68478,0,0.09802,0,-0.99518;
custom,prism,default,0.89589,1,2.60037,1,0,0,0,0,0,346.5358,1964.19963,3461.00149,0,-0.95694,0,-0.29028;


custom,arc180,default,6.3891,2,6.3891,1,0,0,0,0,0,137.50526,1963.77963,3596.22946,0,0.55557,0,-0.83147;
custom,arc180,default,5.11128,2,5.11627,1,0,0,0,0,0,140.17757,1963.77963,3602.04289,0,0.55557,0,-0.83147;


custom,prism,default,0.89589,1,2.60037,1,0,0,0,0,0,199.85301,1964.19963,3607.46121,0,0.4714,0,-0.88192;


custom,arc180,default,6.3891,2,6.3891,1,0,0,0,0,0,-139.77072,1963.77963,3595.29107,0,0.83147,0,-0.55557;
custom,arc180,default,5.11128,2,5.11627,1,0,0,0,0,0,-141.99166,1963.77963,3601.29145,0,0.83147,0,-0.55557;


custom,prism,default,0.89589,1,2.60037,1,0,0,0,0,0,-199.94232,1964.19963,3607.59453,0,-0.4714,0,-0.88192;


custom,arc180,default,6.3891,2,6.38911,1,0,0,0,0,0,-335.17061,1963.77963,3398.56438,0,0.98079,0,-0.19509;
custom,arc180,default,5.11128,2,5.11627,1,0,0,0,0,0,-340.98382,1963.77963,3401.23685,0,0.98079,0,-0.19509;


custom,prism,default,0.89589,1,2.60037,1,0,0,0,0,0,-346.40236,1964.19963,3460.91241,0,0.95694,0,-0.29028;
custom,prism,default,0.89589,1,2.60037,1,0,0,0,0,0,-386.4185,1964.19963,3364.71606,0,-0.09802,0,-0.99518;


custom,arc180,default,4.92462,2,4.92463,1,0,0,0,0,0,-383.53191,1963.77963,3262.004,0,0,0,1;
custom,arc180,default,3.9397,2,3.9397,1,0,0,0,0,0,-378.60379,1963.77963,3261.81499,0,0,0,1;
custom,arc180,default,3.28566,2,3.28566,1,0,0,0,0,0,-375.33128,1963.77963,3261.68948,0,0,0,1;
custom,arc180,default,4.92462,2,4.92463,1,0,0,0,0,0,383.53149,1963.77963,3260.11392,0,-1,0,0;
custom,arc180,default,3.9397,2,3.9397,1,0,0,0,0,0,378.60337,1963.77963,3260.30293,0,-1,0,0;
custom,arc180,default,3.28566,2,3.28566,1,0,0,0,0,0,375.33086,1963.77963,3260.42844,0,-1,0,0;
custom,arc180,default,4.92462,2,4.92463,1,0,0,0,0,0,271.8659,1963.77963,3531.5884,0,-0.92388,0,-0.38268;
custom,arc180,default,3.9397,2,3.9397,1,0,0,0,0,0,268.24749,1963.77963,3528.23752,0,-0.92388,0,-0.38268;
custom,arc180,default,3.28566,2,3.28566,1,0,0,0,0,0,265.84478,1963.77963,3526.01199,0,-0.92388,0,-0.38268;
custom,arc180,default,4.92462,2,4.92463,1,0,0,0,0,0,-270.53011,1963.77963,3532.9255,0,-0.38268,0,-0.92388;
custom,arc180,default,3.9397,2,3.9397,1,0,0,0,0,0,-267.17908,1963.77963,3529.30671,0,-0.38268,0,-0.92388;
custom,arc180,default,3.28565,2,3.28566,1,0,0,0,0,0,-264.95379,1963.77963,3526.90431,0,-0.38268,0,-0.92388;




custom,arc180,default,11.48051,0.2,11.48052,1,1,0.5,0,0,0,-446.1295,2030.47788,3263.26207,0,0,0,1;
custom,arc180,default,11.48051,0.2,11.48052,1,1,0.5,0,0,0,446.12961,2030.47788,3258.85585,0,-1,0,0;
custom,arc180,default,11.48051,0.2,11.48052,1,1,0.5,0,0,0,317.01897,2030.47788,3574.96211,0,-0.92388,0,-0.38268;
custom,arc180,default,11.48051,0.2,11.48051,1,1,0.5,0,0,0,-313.90355,2030.47788,3578.07841,0,-0.38268,0,-0.92388;
custom,arc180,default,11.48051,0.2,11.48052,1,1,0.5,0,0,0,-269.83011,2030.47788,3146.90721,0,-0.98079,0,-0.19509;
custom,arc180,default,11.48051,0.2,11.48052,1,1,0.5,0,0,0,271.51606,2030.47788,3150.97742,0,-0.19509,0,-0.98079;
custom,arc180,default,11.48051,0.2,11.48052,1,1,0.5,0,0,0,269.82973,2030.47788,3375.21071,0,0.19509,0,-0.98079;
custom,arc180,default,11.48051,0.2,11.48052,1,1,0.5,0,0,0,110.08085,2030.47788,3532.5754,0,0.55557,0,-0.83147;
custom,arc180,default,11.48051,0.2,11.48051,1,1,0.5,0,0,0,-114.15209,2030.47788,3530.88921,0,0.83147,0,-0.55557;
custom,arc180,default,11.48051,0.2,11.48052,1,1,0.5,0,0,0,-271.51644,2030.47788,3371.1405,0,0.98079,0,-0.19509;
custom,arc180,default,4.92462,0.2,4.92463,1,1,0.5,0,0,0,-383.53191,2030.47788,3262.004,0,0,0,1;
custom,arc180,default,3.9397,0.2,3.9397,1,1,0.5,0,0,0,-378.60379,2030.47788,3261.81499,0,0,0,1;
custom,arc180,default,3.28566,0.2,3.28566,1,1,0.5,0,0,0,-375.33128,2030.47788,3261.68948,0,0,0,1;
custom,arc180,default,4.92462,0.2,4.92463,1,1,0.5,0,0,0,383.53149,2030.47788,3260.11392,0,-1,0,0;
custom,arc180,default,3.9397,0.2,3.9397,1,1,0.5,0,0,0,378.60337,2030.47788,3260.30293,0,-1,0,0;
custom,arc180,default,3.28566,0.2,3.28566,1,1,0.5,0,0,0,375.33086,2030.47788,3260.42844,0,-1,0,0;
custom,arc180,default,4.92462,0.2,4.92463,1,1,0.5,0,0,0,271.8659,2030.47788,3531.5884,0,-0.92388,0,-0.38268;
custom,arc180,default,3.9397,0.2,3.9397,1,1,0.5,0,0,0,268.24749,2030.47788,3528.23752,0,-0.92388,0,-0.38268;
custom,arc180,default,3.28566,0.2,3.28566,1,1,0.5,0,0,0,265.84478,2030.47788,3526.01199,0,-0.92388,0,-0.38268;
custom,arc180,default,4.92462,0.2,4.92463,1,1,0.5,0,0,0,-270.53011,2030.47788,3532.9255,0,-0.38268,0,-0.92388;
custom,arc180,default,3.9397,0.2,3.9397,1,1,0.5,0,0,0,-267.17908,2030.47788,3529.30671,0,-0.38268,0,-0.92388;
custom,arc180,default,3.28565,0.2,3.28566,1,1,0.5,0,0,0,-264.95379,2030.47788,3526.90431,0,-0.38268,0,-0.92388;
custom,arc180,default,6.3891,0.2,6.3891,1,1,0.5,0,0,0,-334.23242,2030.47788,3121.28867,0,-0.98079,0,-0.19509;
custom,arc180,default,5.11128,0.2,5.11627,1,1,0.5,0,0,0,-340.2326,2030.47788,3119.06753,0,-0.98079,0,-0.19509;


custom,prism,default,0.89589,0.1,2.60037,1,1,0.5,0,0,0,-386.26081,2030.51988,3157.43314,0,-0.99518,0,-0.09802;
custom,prism,default,0.89589,0.1,2.60037,1,1,0.5,0,0,0,-346.53576,2030.51988,3061.11704,0,-0.29028,0,0.95694;


custom,arc180,default,6.3891,0.2,6.3891,1,1,0.5,0,0,0,335.17069,2030.47788,3123.55354,0,-0.19509,0,-0.98079;
custom,arc180,default,5.11128,0.2,5.11627,1,1,0.5,0,0,0,340.98389,2030.47788,3120.88107,0,-0.19509,0,-0.98079;


custom,prism,default,0.89589,0.1,2.60037,1,1,0.5,0,0,0,346.40221,2030.51988,3061.20612,0,-0.29028,0,-0.95694;
custom,prism,default,0.89589,0.1,2.60037,1,1,0.5,0,0,0,386.41835,2030.51988,3157.40186,0,-0.99518,0,0.09802;


custom,arc180,default,6.3891,0.2,6.3891,1,1,0.5,0,0,0,334.2323,2030.47788,3400.82925,0,0.19509,0,-0.98079;
custom,arc180,default,5.11128,0.2,5.11627,1,1,0.5,0,0,0,340.23249,2030.47788,3403.05039,0,0.19509,0,-0.98079;


custom,prism,default,0.89589,0.1,2.60037,1,1,0.5,0,0,0,386.26089,2030.51988,3364.68478,0,0.09802,0,-0.99518;
custom,prism,default,0.89589,0.1,2.60037,1,1,0.5,0,0,0,346.5358,2030.51988,3461.00149,0,-0.95694,0,-0.29028;


custom,arc180,default,6.3891,0.2,6.3891,1,1,0.5,0,0,0,137.50526,2030.47788,3596.22946,0,0.55557,0,-0.83147;
custom,arc180,default,5.11128,0.2,5.11627,1,1,0.5,0,0,0,140.17757,2030.47788,3602.04289,0,0.55557,0,-0.83147;


custom,prism,default,0.89589,0.1,2.60037,1,1,0.5,0,0,0,199.85301,2030.51988,3607.46121,0,0.4714,0,-0.88192;


custom,arc180,default,6.3891,0.2,6.3891,1,1,0.5,0,0,0,-139.77072,2030.47788,3595.29107,0,0.83147,0,-0.55557;
custom,arc180,default,5.11128,0.2,5.11627,1,1,0.5,0,0,0,-141.99166,2030.47788,3601.29145,0,0.83147,0,-0.55557;


custom,prism,default,0.89589,0.1,2.60037,1,1,0.5,0,0,0,-199.94232,2030.51988,3607.59453,0,-0.4714,0,-0.88192;


custom,arc180,default,6.3891,0.2,6.38911,1,1,0.5,0,0,0,-335.17061,2030.47788,3398.56438,0,0.98079,0,-0.19509;
custom,arc180,default,5.11128,0.2,5.11627,1,1,0.5,0,0,0,-340.98382,2030.47788,3401.23685,0,0.98079,0,-0.19509;


custom,prism,default,0.89589,0.1,2.60037,1,1,0.5,0,0,0,-346.40236,2030.51988,3460.91241,0,0.95694,0,-0.29028;
custom,prism,default,0.89589,0.1,2.60037,1,1,0.5,0,0,0,-386.4185,2030.51988,3364.71606,0,-0.09802,0,-0.99518;


custom,arc180,default,11.48051,0.2,11.48052,1,1,0.5,0,0,0,-446.1295,1969.47812,3263.26207,0,0,0,1;
custom,arc180,default,11.48051,0.2,11.48052,1,1,0.5,0,0,0,446.12961,1969.47812,3258.85585,0,-1,0,0;
custom,arc180,default,11.48051,0.2,11.48052,1,1,0.5,0,0,0,317.01897,1969.47812,3574.96211,0,-0.92388,0,-0.38268;
custom,arc180,default,11.48051,0.2,11.48051,1,1,0.5,0,0,0,-313.90355,1969.47812,3578.07841,0,-0.38268,0,-0.92388;
custom,arc180,default,11.48051,0.2,11.48052,1,1,0.5,0,0,0,-269.83011,1969.47812,3146.90721,0,-0.98079,0,-0.19509;
custom,arc180,default,11.48051,0.2,11.48052,1,1,0.5,0,0,0,271.51606,1969.47812,3150.97742,0,-0.19509,0,-0.98079;
custom,arc180,default,11.48051,0.2,11.48052,1,1,0.5,0,0,0,269.82973,1969.47812,3375.21071,0,0.19509,0,-0.98079;
custom,arc180,default,11.48051,0.2,11.48052,1,1,0.5,0,0,0,110.08085,1969.47812,3532.5754,0,0.55557,0,-0.83147;
custom,arc180,default,11.48051,0.2,11.48051,1,1,0.5,0,0,0,-114.15209,1969.47812,3530.88921,0,0.83147,0,-0.55557;
custom,arc180,default,11.48051,0.2,11.48052,1,1,0.5,0,0,0,-271.51644,1969.47812,3371.1405,0,0.98079,0,-0.19509;
custom,arc180,default,4.92462,0.2,4.92463,1,1,0.5,0,0,0,-383.53191,1969.47812,3262.004,0,0,0,1;
custom,arc180,default,3.9397,0.2,3.9397,1,1,0.5,0,0,0,-378.60379,1969.47812,3261.81499,0,0,0,1;
custom,arc180,default,3.28566,0.2,3.28566,1,1,0.5,0,0,0,-375.33128,1969.47812,3261.68948,0,0,0,1;
custom,arc180,default,4.92462,0.2,4.92463,1,1,0.5,0,0,0,383.53149,1969.47812,3260.11392,0,-1,0,0;
custom,arc180,default,3.9397,0.2,3.9397,1,1,0.5,0,0,0,378.60337,1969.47812,3260.30293,0,-1,0,0;
custom,arc180,default,3.28566,0.2,3.28566,1,1,0.5,0,0,0,375.33086,1969.47812,3260.42844,0,-1,0,0;
custom,arc180,default,4.92462,0.2,4.92463,1,1,0.5,0,0,0,271.8659,1969.47812,3531.5884,0,-0.92388,0,-0.38268;
custom,arc180,default,3.9397,0.2,3.9397,1,1,0.5,0,0,0,268.24749,1969.47812,3528.23752,0,-0.92388,0,-0.38268;
custom,arc180,default,3.28566,0.2,3.28566,1,1,0.5,0,0,0,265.84478,1969.47812,3526.01199,0,-0.92388,0,-0.38268;
custom,arc180,default,4.92462,0.2,4.92463,1,1,0.5,0,0,0,-270.53011,1969.47812,3532.9255,0,-0.38268,0,-0.92388;
custom,arc180,default,3.9397,0.2,3.9397,1,1,0.5,0,0,0,-267.17908,1969.47812,3529.30671,0,-0.38268,0,-0.92388;
custom,arc180,default,3.28565,0.2,3.28566,1,1,0.5,0,0,0,-264.95379,1969.47812,3526.90431,0,-0.38268,0,-0.92388;
custom,arc180,default,6.3891,0.2,6.3891,1,1,0.5,0,0,0,-334.23242,1969.47812,3121.28867,0,-0.98079,0,-0.19509;
custom,arc180,default,5.11128,0.2,5.11627,1,1,0.5,0,0,0,-340.2326,1969.47812,3119.06753,0,-0.98079,0,-0.19509;


custom,prism,default,0.89589,0.1,2.60037,1,1,0.5,0,0,0,-386.26081,1969.52012,3157.43314,0,-0.99518,0,-0.09802;
custom,prism,default,0.89589,0.1,2.60037,1,1,0.5,0,0,0,-346.53576,1969.52012,3061.11704,0,-0.29028,0,0.95694;


custom,arc180,default,6.3891,0.2,6.3891,1,1,0.5,0,0,0,335.17069,1969.47812,3123.55354,0,-0.19509,0,-0.98079;
custom,arc180,default,5.11128,0.2,5.11627,1,1,0.5,0,0,0,340.98389,1969.47812,3120.88107,0,-0.19509,0,-0.98079;


custom,prism,default,0.89589,0.1,2.60037,1,1,0.5,0,0,0,346.40221,1969.52012,3061.20612,0,-0.29028,0,-0.95694;
custom,prism,default,0.89589,0.1,2.60037,1,1,0.5,0,0,0,386.41835,1969.52012,3157.40186,0,-0.99518,0,0.09802;


custom,arc180,default,6.3891,0.2,6.3891,1,1,0.5,0,0,0,334.2323,1969.47812,3400.82925,0,0.19509,0,-0.98079;
custom,arc180,default,5.11128,0.2,5.11627,1,1,0.5,0,0,0,340.23249,1969.47812,3403.05039,0,0.19509,0,-0.98079;


custom,prism,default,0.89589,0.1,2.60037,1,1,0.5,0,0,0,386.26089,1969.52012,3364.68478,0,0.09802,0,-0.99518;
custom,prism,default,0.89589,0.1,2.60037,1,1,0.5,0,0,0,346.5358,1969.52012,3461.00149,0,-0.95694,0,-0.29028;


custom,arc180,default,6.3891,0.2,6.3891,1,1,0.5,0,0,0,137.50526,1969.47812,3596.22946,0,0.55557,0,-0.83147;
custom,arc180,default,5.11128,0.2,5.11627,1,1,0.5,0,0,0,140.17757,1969.47812,3602.04289,0,0.55557,0,-0.83147;


custom,prism,default,0.89589,0.1,2.60037,1,1,0.5,0,0,0,199.85301,1969.52012,3607.46121,0,0.4714,0,-0.88192;


custom,arc180,default,6.3891,0.2,6.3891,1,1,0.5,0,0,0,-139.77072,1969.47812,3595.29107,0,0.83147,0,-0.55557;
custom,arc180,default,5.11128,0.2,5.11627,1,1,0.5,0,0,0,-141.99166,1969.47812,3601.29145,0,0.83147,0,-0.55557;


custom,prism,default,0.89589,0.1,2.60037,1,1,0.5,0,0,0,-199.94232,1969.52012,3607.59453,0,-0.4714,0,-0.88192;


custom,arc180,default,6.3891,0.2,6.38911,1,1,0.5,0,0,0,-335.17061,1969.47812,3398.56438,0,0.98079,0,-0.19509;
custom,arc180,default,5.11128,0.2,5.11627,1,1,0.5,0,0,0,-340.98382,1969.47812,3401.23685,0,0.98079,0,-0.19509;


custom,prism,default,0.89589,0.1,2.60037,1,1,0.5,0,0,0,-346.40236,1969.52012,3460.91241,0,0.95694,0,-0.29028;
custom,prism,default,0.89589,0.1,2.60037,1,1,0.5,0,0,0,-386.4185,1969.52012,3364.71606,0,-0.09802,0,-0.99518;




custom,cylinder,ice1,1.9,3,1.9,1,1,1,1,0,0,-253.77478,2000,3514.83337,0,-0.38268,0,0.92388;
custom,cylinder,ice1,1.9,3,1.9,1,1,1,1,0,0,-358.89145,2000,3261.05835,0,-0.70711,0,0.70711;
custom,cylinder,ice1,1.9,3,1.9,1,1,1,1,0,0,358.89145,2000,3261.05896,0,-0.70711,0,-0.70711;
custom,cylinder,ice1,1.9,3,1.9,1,1,1,1,0,0,253.77432,2000,3514.83337,0,-0.38268,0,-0.92388;
custom,cylinder,ice1,1.9,3,1.9,1,1,1,1,0,0,-150.87151,2000,3625.29541,0,-0.19509,0,0.98079;
custom,cylinder,ice1,1.9,3,1.9,1,1,1,1,0,0,-364.2363,2000,3411.93054,0,-0.55557,0,0.83147;
custom,cylinder,ice1,1.9,3,1.9,1,1,1,1,0,0,-364.23641,2000,3110.18738,0,-0.83147,0,0.55557;
custom,cylinder,ice1,1.9,3,1.9,1,1,1,1,0,0,364.2363,2000,3110.18677,0,-0.83147,0,-0.55557;
custom,cylinder,ice1,1.9,3,1.9,1,1,1,1,0,0,364.23641,2000,3411.93054,0,-0.55557,0,-0.83147;
custom,cylinder,ice1,1.9,3,1.9,1,1,1,1,0,0,150.87173,2000,3625.2948,0,-0.19509,0,-0.98079;

custom,cylinder,cannonregionmat,2,3,2,1,1,1,1,0,0,-253.77478,2000,3514.83337,0,-0.38268,0,0.92388;
custom,cylinder,cannonregionmat,2,3,2,1,1,1,1,0,0,-358.89145,2000,3261.05835,0,-0.70711,0,0.70711;
custom,cylinder,cannonregionmat,2,3,2,1,1,1,1,0,0,358.89145,2000,3261.05896,0,-0.70711,0,-0.70711;
custom,cylinder,cannonregionmat,2,3,2,1,1,1,1,0,0,253.77432,2000,3514.83337,0,-0.38268,0,-0.92388;
custom,cylinder,cannonregionmat,2,3,2,1,1,1,1,0,0,-150.87151,2000,3625.29541,0,-0.19509,0,0.98079;
custom,cylinder,cannonregionmat,2,3,2,1,1,1,1,0,0,-364.2363,2000,3411.93054,0,-0.55557,0,0.83147;
custom,cylinder,cannonregionmat,2,3,2,1,1,1,1,0,0,-364.23641,2000,3110.18738,0,-0.83147,0,0.55557;
custom,cylinder,cannonregionmat,2,3,2,1,1,1,1,0,0,364.2363,2000,3110.18677,0,-0.83147,0,-0.55557;
custom,cylinder,cannonregionmat,2,3,2,1,1,1,1,0,0,364.23641,2000,3411.93054,0,-0.55557,0,-0.83147;
custom,cylinder,cannonregionmat,2,3,2,1,1,1,1,0,0,150.87173,2000,3625.2948,0,-0.19509,0,-0.98079;

custom,cylinder,metal4,2,0.25,2,1,1,1,1,0.05,0.05,-253.77478,2033.49976,3514.83337,0,-0.38268,0,0.92388;
custom,cylinder,metal4,2,0.25,2,1,1,1,1,0.05,0.05,-358.89145,2033.49976,3261.05835,0,-0.70711,0,0.70711;
custom,cylinder,metal4,2,0.25,2,1,1,1,1,0.05,0.05,358.89145,2033.49976,3261.05896,0,-0.70711,0,-0.70711;
custom,cylinder,metal4,2,0.25,2,1,1,1,1,0.05,0.05,253.77432,2033.49976,3514.83337,0,-0.38268,0,-0.92388;
custom,cylinder,metal4,2,0.25,2,1,1,1,1,0.05,0.05,-253.77478,1966.49963,3514.83337,0,-0.38268,0,0.92388;
custom,cylinder,metal4,2,0.25,2,1,1,1,1,0.05,0.05,-358.89145,1966.49963,3261.05835,0,-0.70711,0,0.70711;
custom,cylinder,metal4,2,0.25,2,1,1,1,1,0.05,0.05,358.89145,1966.49963,3261.05896,0,-0.70711,0,-0.70711;
custom,cylinder,metal4,2,0.25,2,1,1,1,1,0.05,0.05,253.77432,1966.49963,3514.83337,0,-0.38268,0,-0.92388;
custom,cylinder,metal4,2,0.25,2,1,1,1,1,0.05,0.05,-150.87151,2033.49976,3625.29541,0,-0.19509,0,0.98079;
custom,cylinder,metal4,2,0.25,2,1,1,1,1,0.05,0.05,-364.2363,2033.49976,3411.93054,0,-0.55557,0,0.83147;
custom,cylinder,metal4,2,0.25,2,1,1,1,1,0.05,0.05,-364.23641,2033.49976,3110.18738,0,-0.83147,0,0.55557;
custom,cylinder,metal4,2,0.25,2,1,1,1,1,0.05,0.05,364.2363,2033.49976,3110.18677,0,-0.83147,0,-0.55557;
custom,cylinder,metal4,2,0.25,2,1,1,1,1,0.05,0.05,364.23641,2033.49976,3411.93054,0,-0.55557,0,-0.83147;
custom,cylinder,metal4,2,0.25,2,1,1,1,1,0.05,0.05,150.87173,2033.49976,3625.2948,0,-0.19509,0,-0.98079;
custom,cylinder,metal4,2,0.25,2,1,1,1,1,0.05,0.05,-150.87151,1966.49963,3625.29541,0,-0.19509,0,0.98079;
custom,cylinder,metal4,2,0.25,2,1,1,1,1,0.05,0.05,-364.2363,1966.49963,3411.93054,0,-0.55557,0,0.83147;
custom,cylinder,metal4,2,0.25,2,1,1,1,1,0.05,0.05,-364.23641,1966.49963,3110.18738,0,-0.83147,0,0.55557;
custom,cylinder,metal4,2,0.25,2,1,1,1,1,0.05,0.05,364.2363,1966.49963,3110.18677,0,-0.83147,0,-0.55557;
custom,cylinder,metal4,2,0.25,2,1,1,1,1,0.05,0.05,364.23641,1966.49963,3411.93054,0,-0.55557,0,-0.83147;
custom,cylinder,metal4,2,0.25,2,1,1,1,1,0.05,0.05,150.87173,1966.49963,3625.2948,0,-0.19509,0,-0.98079;

custom,cylinder,default,2,0.05,2,1,0,0,0,0,0,-253.77478,2030.49988,3514.83337,0,-0.38268,0,0.92388;
custom,cylinder,default,2,0.05,2,1,0,0,0,0,0,-358.89145,2030.49988,3261.05835,0,-0.70711,0,0.70711;
custom,cylinder,default,2,0.05,2,1,0,0,0,0,0,358.89145,2030.49988,3261.05896,0,-0.70711,0,-0.70711;
custom,cylinder,default,2,0.05,2,1,0,0,0,0,0,253.77432,2030.49988,3514.83337,0,-0.38268,0,-0.92388;
custom,cylinder,default,2,0.05,2,1,0,0,0,0,0,-253.77478,1969.50012,3514.83337,0,-0.38268,0,0.92388;
custom,cylinder,default,2,0.05,2,1,0,0,0,0,0,-358.89145,1969.50012,3261.05835,0,-0.70711,0,0.70711;
custom,cylinder,default,2,0.05,2,1,0,0,0,0,0,358.89145,1969.50012,3261.05896,0,-0.70711,0,-0.70711;
custom,cylinder,default,2,0.05,2,1,0,0,0,0,0,253.77432,1969.50012,3514.83337,0,-0.38268,0,-0.92388;
custom,cylinder,default,2,0.05,2,1,0,0,0,0,0,-150.87151,2030.49988,3625.29541,0,-0.19509,0,0.98079;
custom,cylinder,default,2,0.05,2,1,0,0,0,0,0,-364.2363,2030.49988,3411.93054,0,-0.55557,0,0.83147;
custom,cylinder,default,2,0.05,2,1,0,0,0,0,0,-364.23641,2030.49988,3110.18738,0,-0.83147,0,0.55557;
custom,cylinder,default,2,0.05,2,1,0,0,0,0,0,364.2363,2030.49988,3110.18677,0,-0.83147,0,-0.55557;
custom,cylinder,default,2,0.05,2,1,0,0,0,0,0,364.23641,2030.49988,3411.93054,0,-0.55557,0,-0.83147;
custom,cylinder,default,2,0.05,2,1,0,0,0,0,0,150.87173,2030.49988,3625.2948,0,-0.19509,0,-0.98079;
custom,cylinder,default,2,0.05,2,1,0,0,0,0,0,-150.87151,1969.50012,3625.29541,0,-0.19509,0,0.98079;
custom,cylinder,default,2,0.05,2,1,0,0,0,0,0,-364.2363,1969.50012,3411.93054,0,-0.55557,0,0.83147;
custom,cylinder,default,2,0.05,2,1,0,0,0,0,0,-364.23641,1969.50012,3110.18738,0,-0.83147,0,0.55557;
custom,cylinder,default,2,0.05,2,1,0,0,0,0,0,364.2363,1969.50012,3110.18677,0,-0.83147,0,-0.55557;
custom,cylinder,default,2,0.05,2,1,0,0,0,0,0,364.23641,1969.50012,3411.93054,0,-0.55557,0,-0.83147;
custom,cylinder,default,2,0.05,2,1,0,0,0,0,0,150.87173,1969.50012,3625.2948,0,-0.19509,0,-0.98079;





custom,cuboid,default,18.89502,1,2,1,0,0,0,0,0,-430.8968,2035.99976,3024.245,0,-0.19509,0,0.98079;
custom,cuboid,default,18.89502,1,2,1,0,0,0,0,0,430.89676,2035.99976,3024.24438,0,0.19509,0,0.98079;
custom,cuboid,default,20.43624,1,2.12132,1,0,0,0,0,0,-353.34972,2035.99976,2962.35413,0,-0.38268,0,0.92388;
custom,cuboid,default,20.43625,1,2.12132,1,0,0,0,0,0,353.34969,2035.99976,2962.35352,0,-0.92388,0,0.38268;
custom,cuboid,default,11.4906,1,2.12132,1,0,0,0,0,0,-466.22814,2035.99976,2945.72632,0,0.38268,0,0.92388;
custom,cuboid,default,11.4906,1,2.12132,1,0,0,0,0,0,466.22814,2035.99976,2945.72632,0,-0.38268,0,0.92388;
custom,prism,default,9.84924,1,23.09412,1,0,0,0,0,0,0.88112,2036.19976,3713.12345,0,-1,0,0;
custom,cuboid,default,2.29608,1,19.42247,1,0,0,0,0,0,-139.61389,2035.99976,3735.07141,0,-0.19509,0,0.98079;
custom,cuboid,default,2.29608,1,19.42247,1,0,0,0,0,0,139.61384,2035.99976,3735.07202,0,0.19509,0,0.98079;

custom,cuboid,default,18.89502,1,2,1,0,0,0,0,0,-430.8968,1963.99963,3024.245,0,-0.19509,0,0.98079;
custom,cuboid,default,18.89502,1,2,1,0,0,0,0,0,430.89676,1963.99963,3024.24438,0,0.19509,0,0.98079;
custom,cuboid,default,20.43624,1,2.12132,1,0,0,0,0,0,-353.34972,1963.99963,2962.35413,0,-0.38268,0,0.92388;
custom,cuboid,default,20.43625,1,2.12132,1,0,0,0,0,0,353.34969,1963.99963,2962.35352,0,-0.92388,0,0.38268;
custom,prism,default,9.84924,1,23.09412,1,0,0,0,0,0,0.88112,1964.19963,3713.12345,0,-1,0,0;
custom,cuboid,default,11.4906,1,2.12132,1,0,0,0,0,0,-466.22814,1963.99963,2945.72632,0,0.38268,0,0.92388;
custom,cuboid,default,11.4906,1,2.12132,1,0,0,0,0,0,466.22814,1963.99963,2945.72632,0,-0.38268,0,0.92388;
custom,cuboid,default,2.29608,1,19.42247,1,0,0,0,0,0,-139.61389,1963.99963,3735.07141,0,-0.19509,0,0.98079;
custom,cuboid,default,2.29608,1,19.42247,1,0,0,0,0,0,139.61384,1963.99963,3735.07202,0,0.19509,0,0.98079;

custom,cuboid,default,18.89502,0.1,2,1,1,0.5,0,0,0,430.89676,2030.49988,3024.24438,0,0.19509,0,0.98079;
custom,cuboid,default,18.89502,0.1,2,1,1,0.5,0,0,0,430.89676,1969.49966,3024.24438,0,0.19509,0,0.98079;
custom,cuboid,default,18.89502,0.1,2,1,1,0.5,0,0,0,-430.8968,2030.49988,3024.245,0,-0.19509,0,0.98079;
custom,cuboid,default,18.89502,0.1,2,1,1,0.5,0,0,0,-430.8968,1969.49966,3024.245,0,-0.19509,0,0.98079;
custom,cuboid,default,20.43624,0.1,2.12132,1,1,0.5,0,0,0,-353.34972,2030.49988,2962.35413,0,-0.38268,0,0.92388;
custom,cuboid,default,20.43624,0.1,2.12132,1,1,0.5,0,0,0,-353.34972,1969.49966,2962.35413,0,-0.38268,0,0.92388;
custom,cuboid,default,20.43625,0.1,2.12132,1,1,0.5,0,0,0,353.34969,2030.49988,2962.35352,0,-0.92388,0,0.38268;
custom,cuboid,default,20.43625,0.1,2.12132,1,1,0.5,0,0,0,353.34969,1969.49966,2962.35352,0,-0.92388,0,0.38268;
custom,cuboid,default,11.4906,0.1,2.12132,1,1,0.5,0,0,0,-466.22814,1969.49966,2945.72632,0,0.38268,0,0.92388;
custom,cuboid,default,11.4906,0.1,2.12132,1,1,0.5,0,0,0,-466.22814,2030.49988,2945.72632,0,0.38268,0,0.92388;
custom,cuboid,default,11.4906,0.1,2.12132,1,1,0.5,0,0,0,466.22814,1969.49966,2945.72632,0,-0.38268,0,0.92388;
custom,cuboid,default,11.4906,0.1,2.12132,1,1,0.5,0,0,0,466.22814,2030.49988,2945.72632,0,-0.38268,0,0.92388;
custom,prism,default,9.84924,0.1,23.09412,1,1,0.5,0,0,0,0.88112,2030.51988,3713.12345,0,-1,0,0;
custom,prism,default,9.84924,0.1,23.09412,1,1,0.5,0,0,0,0.88112,1969.51966,3713.12345,0,-1,0,0;
custom,cuboid,default,2.29608,0.1,19.42247,1,1,0.5,0,0,0,-139.61389,1969.49966,3735.07141,0,-0.19509,0,0.98079;
custom,cuboid,default,2.29608,0.1,19.42247,1,1,0.5,0,0,0,-139.61389,2030.49973,3735.07141,0,-0.19509,0,0.98079;
custom,cuboid,default,2.29608,0.1,19.42247,1,1,0.5,0,0,0,139.61384,1969.49966,3735.07202,0,0.19509,0,0.98079;
custom,cuboid,default,2.29608,0.1,19.42247,1,1,0.5,0,0,0,139.61384,2030.49973,3735.07202,0,0.19509,0,0.98079;



racing,killcuboid,20.43624,6.01,2.12132,-353.34969,1999.99985,2962.35413,0,-0.38268,0,0.92388;
racing,killcuboid,18.89502,6.01,2,-430.8968,1999.99969,3024.245,0,-0.19509,0,0.98079;
racing,killcuboid,20.43625,6.01,2.12132,353.34969,1999.99985,2962.35352,0,0.38268,0,0.92388;
racing,killcuboid,18.89502,6.01,2,430.8968,1999.99969,3024.24438,0,0.19509,0,0.98079;
racing,killcuboid,19.42247,6.01,2.29608,139.61385,2000,3735.07202,0,-0.55557,0,0.83147;
racing,killcuboid,19.42247,6.01,2.29608,-139.6139,2000.00015,3735.07141,0,-0.83147,0,0.55557;

custom,cuboid,default,47.45041,8.2,2,1,0,0,0,0,0,-246.8045,1999.99969,3046.828,0,-0.38268,0,0.92388;
custom,cuboid,default,47.45042,8.2,2,1,0,0,0,0,0,246.80471,1999.99969,3046.82739,0,-0.92388,0,0.38268;
custom,cuboid,metal4,17.22264,8.2,2,1,1,1,1,0.1,0.05,0.00012,2000,3211.66199,0,0,0,1;

custom,prism,default,9.84924,6,23.09412,1,1,0,0,0,0,0.88112,2001.19985,3713.12345,0,-1,0,0;

custom,cuboid,empty,4,8.2,3.62132,1,0,0,0,0,0,-434.44141,1999.99969,2870.65613,0,-0.38268,0,0.92388;
custom,cuboid,empty,4,8.2,1.48537,1,0,0,0,0,0,-535.67329,2000,2978.05969,0,-0.19509,0,0.98079;
custom,cuboid,empty,4,8.2,3.62132,1,0,0,0,0,0,434.4416,2000,2870.65491,0,0.38268,0,0.92388;
custom,cuboid,empty,4,8.2,1.48537,1,0,0,0,0,0,535.55931,2000,2978.10669,0,0.19509,0,0.98079;
custom,cuboid,empty,2.29608,8.2,2.73523,1,0,0,0,0,0,-182.01082,1999.99969,3837.42676,0,-0.19509,0,0.98079;
custom,cuboid,empty,2.29608,8.2,2.73523,1,0,0,0,0,0,182.01077,1999.99969,3837.42737,0,0.19509,0,0.98079;




custom,cuboid,default,6,1,10,1,0.2,0.2,0.2,0,0,0,1965,3070.66742,0,0,0,1;
custom,cuboid,default,17.22266,1,8.09946,1,0.2,0.2,0.2,0,0,0,1965,3161.16455,0,0,0,1;
custom,cuboid,default,71.45044,1,8.40204,1,0.2,0.2,0.2,0,0,-294.88066,1964.99969,2925.19836,0,-0.38268,0,0.92388;
custom,cuboid,default,71.45044,1,8.40204,1,0.2,0.2,0.2,0,0,294.88052,1965,2925.19806,0,0.38268,0,0.92388;
custom,cuboid,default,2.2313,1,36.74487,1,0.2,0.2,0.2,0,0,-572.37125,1965,2804.17236,0,0.12965,0,0.99156;
custom,cuboid,default,2.2313,1,36.75233,1,0.2,0.2,0.2,0,0,572.36179,1965,2804.20837,0,-0.12965,0,0.99156;
custom,cuboid,default,15.11193,1,7.33483,1,0.2,0.2,0.2,0,0,-486.85738,1965,2899.49097,0,0.38268,0,0.92388;
custom,cuboid,default,15.11193,1,7.33483,1,0.2,0.2,0.2,0,0,486.85699,1965,2899.49097,0,-0.38268,0,0.92388;
custom,cuboid,default,9.39527,1,24.26146,1,0.2,0.2,0.2,0,0,521.47175,1965,2769.38354,0,-0.12965,0,0.99156;
custom,cuboid,default,9.39527,1,24.26146,1,0.2,0.2,0.2,0,0,-521.47202,1965,2769.38354,0,0.12965,0,0.99156;
custom,cuboid,default,9,1,4.74897,1,0.2,0.2,0.2,0,0,-563.82614,1965,2642.0108,0,0,0,1;
custom,cuboid,default,9,1,4.74897,1,0.2,0.2,0.2,0,0,563.82599,1965,2642.0108,0,0,0,1;

custom,cuboid,default,6,1,10,1,0.1,0.4,0.8,0.6,0.1,0,2035,3070.66742,0,0,0,1;
custom,cuboid,default,17.22266,1,8.09946,1,0.1,0.4,0.8,1.72227,0.1,0,2035,3161.16455,0,0,0,1;
custom,cuboid,default,71.45044,1,8.40204,1,0.1,0.4,0.8,7.14504,0.1,-294.88066,2034.99969,2925.19836,0,-0.38268,0,0.92388;
custom,cuboid,default,71.45044,1,8.40204,1,0.1,0.4,0.8,7.14504,0.1,294.88052,2035,2925.19806,0,0.38268,0,0.92388;
custom,cuboid,default,2.2313,1,36.74486,1,0.1,0.4,0.8,0.22313,0.1,-572.37129,2035,2804.17236,0,0.12965,0,0.99156;
custom,cuboid,default,2.2313,1,36.75233,1,0.1,0.4,0.8,0.22313,0.1,572.36179,2035,2804.20837,0,-0.12965,0,0.99156;
custom,cuboid,default,15.11193,1,7.33483,1,0.1,0.4,0.8,1.51119,0.1,-486.85738,2035,2899.49097,0,0.38268,0,0.92388;
custom,cuboid,default,15.11193,1,7.33483,1,0.1,0.4,0.8,1.51119,0.1,486.85699,2035,2899.49097,0,-0.38268,0,0.92388;
custom,cuboid,default,9.39527,1,24.26146,1,0.1,0.4,0.8,0.93953,0.1,521.47175,2035,2769.38354,0,-0.12965,0,0.99156;
custom,cuboid,default,9.39527,1,24.26146,1,0.1,0.4,0.8,0.93953,0.1,-521.47202,2035,2769.38354,0,0.12965,0,0.99156;
custom,cuboid,default,9,1,4.74897,1,0.1,0.4,0.8,0.9,0.1,-563.82614,2035,2642.0108,0,0,0,1;
custom,cuboid,default,9,1,4.74897,1,0.1,0.4,0.8,0.9,0.1,563.82599,2035,2642.0108,0,0,0,1;

custom,cuboid,default,1,8.2,10,1,0,0,0,0,0,35,2000,3070.66742,0,0,0,1;
custom,cuboid,default,1,8.2,10,1,0,0,0,0,0,-35,2000,3070.66742,0,0,0,1;
custom,cuboid,default,1,8.2,47.56979,1,0,0,0,0,0,204.64907,2000,2948.94745,0,-0.38268,0,0.92388;
custom,cuboid,default,1,8.2,47.56979,1,0,0,0,0,0,-204.64909,2000,2948.94714,0,0.38268,0,0.92388;
custom,cuboid,default,1,8.2,20,1,0,0,0,0,0,-443.54439,2000,2710.05188,0,0.38268,0,0.92388;
custom,cuboid,default,1,8.2,20,1,0,0,0,0,0,443.54435,2000,2710.05219,0,-0.38268,0,0.92388;


custom,arc90,default,10.50334,16.4,10.50334,1,0,0,0,0,0,-576.0582,1990.16,2632.91254,0,-0.38268,0,0.92388;
custom,arc90,default,10.50334,16.4,10.50334,1,0,0,0,0,0,578.3538,1990.16,2632.91254,0,-0.38268,0,0.92388;


custom,cuboid,default,2,8.2,37.18224,1,0,0,0,0,0,-594.01329,2000,2805.11353,0,0.12965,0,0.99156;
custom,cuboid,default,2,8.2,37.18224,1,0,0,0,0,0,594.01344,2000,2805.11353,0,-0.12965,0,0.99156;



custom,prism,ice1,3.62132,8.2,11.54706,1,0,0,0,0,0,-481.75454,2001.64,2823.80115,0,0.38268,0,0.92388;
custom,prism,ice1,3.62132,8.2,11.54706,1,0,0,0,0,0,481.29642,2001.64,2823.34224,0,-0.38268,0,0.92388;
custom,cuboid,ice1,1.81066,8.2,10,1,0,0,0,0,0,-477.53727,2000,2814.75677,0,0.38268,0,0.92388;
custom,cuboid,ice1,1.81066,8.2,10,1,0,0,0,0,0,477.5375,2000,2814.75586,0,-0.38268,0,0.92388;



misc,barrier,100,2,100,0,2050.9997,3500,0,0,0,1;
misc,barrier,20,2,15,400,2050.9997,2925,0,0,0,1;
misc,barrier,20,2,15,-400,2050.9997,2925,0,0,0,1;







custom,prism,default,19.5543,2,71.28058,1,0.15,0.15,0.15,0,0,-313.04438,1949.4,3157.50471,0,-0.80902,0,0.58779;
custom,prism,default,19.5543,2,71.28059,1,0.3,0.3,0.3,0,0,-329.72282,1949.4,3259.30905,0,-0.70711,0,0.70711;
custom,prism,default,19.5543,2,71.28058,1,0.45,0.45,0.45,0,0,-314.12579,1949.4,3361.28437,0,-0.58779,0,0.80902;
custom,prism,default,19.5543,2,71.28058,1,0.6,0.6,0.6,0,0,-267.77981,1949.4,3453.44925,0,-0.45399,0,0.89101;
custom,prism,default,19.5543,2,71.28058,1,0.75,0.75,0.75,0,0,-195.22182,1949.4,3526.78166,0,-0.30902,0,0.95106;
custom,prism,default,19.5543,2,71.28058,1,0.9,0.9,0.9,0,0,-103.55392,1949.4,3574.10334,0,-0.15643,0,0.98769;
custom,prism,default,19.5543,2,71.28058,1,1,1,1,0,0,-1.74986,1949.4,3590.78207,0,0,0,1;
custom,prism,default,19.5543,2,71.28058,1,0.9,0.9,0.9,0,0,100.22564,1949.4,3575.18481,0,0.15643,0,0.98769;
custom,prism,default,19.5543,2,71.28058,1,0.75,0.75,0.75,0,0,192.39079,1949.4,3528.83881,0,0.30902,0,0.95106;
custom,prism,default,19.5543,2,71.28058,1,0.6,0.6,0.6,0,0,265.7228,1949.4,3456.28037,0,0.45399,0,0.89101;
custom,prism,default,19.5543,2,71.28058,1,0.45,0.45,0.45,0,0,313.04442,1949.4,3364.6126,0,0.58779,0,0.80902;
custom,prism,default,19.5543,2,71.28058,1,0.3,0.3,0.3,0,0,329.72285,1949.4,3262.80826,0,0.70711,0,0.70711;
custom,prism,default,19.5543,2,71.28059,1,0.15,0.15,0.15,0,0,314.12587,1949.4,3160.83324,0,0.80902,0,0.58779;
custom,prism,default,19.5543,2,71.28058,1,0,0,0,0,0,267.78,1949.4,3068.66836,0,0.89101,0,0.45399;
custom,prism,default,19.5543,2,71.28059,1,0,0,0,0,0,-265.72284,1949.4,3065.83694,0,-0.89101,0,0.45399;



custom,prism,bombtex,19.5543,2.05,71.28058,1,0.9,0.9,0.9,40,140,-313.04438,1949.41,3157.50471,0,-0.80902,0,0.58779;
custom,prism,bombtex,19.5543,2.05,71.28059,1,0.75,0.75,0.75,40,140,-329.72282,1949.41,3259.30905,0,-0.70711,0,0.70711;
custom,prism,bombtex,19.5543,2.05,71.28058,1,0.6,0.6,0.6,40,140,-314.12579,1949.41,3361.28437,0,-0.58779,0,0.80902;
custom,prism,bombtex,19.5543,2.05,71.28058,1,0.45,0.45,0.45,40,140,-267.77981,1949.41,3453.44925,0,-0.45399,0,0.89101;
custom,prism,bombtex,19.5543,2.05,71.28058,1,0.3,0.3,0.3,40,140,-195.22182,1949.41,3526.78166,0,-0.30902,0,0.95106;
custom,prism,bombtex,19.5543,2.05,71.28058,1,0.15,0.15,0.15,40,140,-103.55392,1949.41,3574.10334,0,-0.15643,0,0.98769;
custom,prism,bombtex,19.5543,2.05,71.28058,1,0,0,0,40,140,-1.74986,1949.41,3590.78207,0,0,0,1;
custom,prism,bombtex,19.5543,2.05,71.28058,1,0.15,0.15,0.15,40,140,100.22564,1949.41,3575.18481,0,0.15643,0,0.98769;
custom,prism,bombtex,19.5543,2.05,71.28058,1,0.3,0.3,0.3,40,140,192.39079,1949.41,3528.83881,0,0.30902,0,0.95106;
custom,prism,bombtex,19.5543,2.05,71.28058,1,0.45,0.45,0.45,40,140,265.7228,1949.41,3456.28037,0,0.45399,0,0.89101;
custom,prism,bombtex,19.5543,2.05,71.28058,1,0.6,0.6,0.6,40,140,313.04442,1949.41,3364.6126,0,0.58779,0,0.80902;
custom,prism,bombtex,19.5543,2.05,71.28058,1,0.75,0.75,0.75,40,140,329.72285,1949.41,3262.80826,0,0.70711,0,0.70711;
custom,prism,bombtex,19.5543,2.05,71.28059,1,0.9,0.9,0.9,40,140,314.12587,1949.41,3160.83324,0,0.80902,0,0.58779;
custom,prism,bombtex,19.5543,2.05,71.28058,1,1,1,1,40,140,267.78,1949.41,3068.66836,0,0.89101,0,0.45399;
custom,prism,bombtex,19.5543,2.05,71.28059,1,1,1,1,40,140,-265.72284,1949.41,3065.83694,0,-0.89101,0,0.45399;

custom,cuboid,default,13.18,2,12.16357,1,1,1,1,0,0,0.00004,1949,3939.18213,0,0,0,1;


custom,prism,default,18.37946,2,5.40674,1,0.9,0.9,0.9,0,0,114.29368,1949.4,3897.21195,0,0.38268,0,0.92388;
custom,prism,default,18.37946,2,5.40674,1,0.9,0.9,0.9,0,0,-116.61953,1949.4,3894.8859,0,-0.38268,0,0.92388;
custom,prism,default,6.37432,2,11.32657,1,1,1,1,0,0,66.47038,1949.4,3924.06129,0,-1,0,0;
custom,prism,default,6.37432,2,11.32657,1,1,1,1,0,0,-65.32941,1949.4,3924.06129,0,-1,0,0;




custom,prism,bombtex,18.37946,2.05,5.40674,1,0.15,0.15,0.15,36,11,114.29368,1949.41,3897.21195,0,0.38268,0,0.92388;
custom,prism,bombtex,18.37946,2.05,5.40674,1,0.15,0.15,0.15,36,11,-116.61953,1949.41,3894.8859,0,-0.38268,0,0.92388;
custom,prism,bombtex,6.37432,2.05,11.32657,1,0,0,0,13,23,66.47038,1949.41,3924.06129,0,-1,0,0;
custom,prism,bombtex,6.37432,2.05,11.32657,1,0,0,0,13,23,-65.32941,1949.41,3924.06129,0,-1,0,0;



custom,cuboid,default,2,2,16,1,0,0,0,0,0,0,2050,3810,0,0,0,1;
custom,cuboid,ice1,12,2,2.62286,1,0,0,0,0,0,0.00005,2050,3986.88568,0,0,0,1;
custom,prism,default,12,2,13.85647,1,0,0,0,0,0,-1.07383,2050.4,3917.86726,0,0,0,1;
custom,prism,default,4,2,11.54706,1,0,0,0,0,0,0.4,2040.35796,3683.41325,0,0,-0.70711,0.70711;




custom,cuboid,default,2,8.2,20,1,0,0,0,0,0,118.08068,2000,3910.13184,0,-0.38268,0,0.92388;
custom,cuboid,default,2,8.2,20,1,0,0,0,0,0,-118.08045,2000,3910.13184,0,0.38268,0,0.92388;
custom,cuboid,ice1,2.56011,8.2,2.62286,1,0,0,0,0,0,-53.09926,2000,3986.88568,0,0,0,1;
custom,cuboid,ice1,2.56011,8.2,2.62286,1,0,0,0,0,0,53.09948,2000,3986.88568,0,0,0,1;




custom,cuboid,default,2,1,9.88215,1,0,0,0,0,0,0,2035.99976,3824.36066,0,0,0,1;
custom,cuboid,default,2,1,5,1,0,0,0,0,0,0,1963.99963,3799.94995,0,0,0,1;
custom,cuboid,default,2,0.1,5,1,1,0.5,0,0,0,0,1969.49963,3799.94995,0,0,0,1;
custom,cuboid,default,2,0.1,9.88214,1,1,0.5,0,0,0,0,2030.49976,3824.36066,0,0,0,1;
custom,cuboid,default,2,6,5,1,1,0,0,0,0,0,2000,3799.94995,0,0,0,1;
custom,prism,default,9.76428,2,6.92824,1,1,0,0,0,0,0.4,2002.04771,3824.07614,-0.5,-0.5,-0.5,0.5;






custom,cuboid,default,8,2,2,1,0.4,0.4,0.4,0,0,0.00005,1950,4010,0,0,0,1;
custom,cuboid,default,8,2,2,1,0.4,0.4,0.4,0,0,0.00005,2050,4010,0,0,0,1;
custom,cuboid,default,2,12,2,1,0.4,0.4,0.4,0,0,-49.99995,2000,4010,0,0,0,1;
custom,cuboid,default,2,12,2,1,0.4,0.4,0.4,0,0,50.00005,2000,4010,0,0,0,1;
custom,cuboid,cannonregionmat,0.1,8.1,2.1,1,1,1,1,0,0,40.00005,2000,4010,0,0,0,1;
custom,cuboid,cannonregionmat,0.1,8.1,2.1,1,1,1,1,0,0,-39.99995,2000,4010,0,0,0,1;
custom,cuboid,cannonregionmat,0.1,8.1,2.1,1,1,1,1,0,0,0.00005,1960,4010,0,0,-0.70711,0.70711;
custom,cuboid,cannonregionmat,0.1,8.1,2.1,1,1,1,1,0,0,0.00005,2040,4010,0,0,-0.70711,0.70711;
racing,checkpointcuboid,8,8,1,0,2000,4010,0,0,0,1;




custom,cuboid,bombtex,8,2.1,4,1,1,1,1,16,8,0.00005,2050,4040,0,0,0,1;
custom,cuboid,bombtex,8,2.1,10,1,0.8,0.9,1,16,20,0.00005,2037.39979,4105.70801,0.13053,0,0,0.99144;
custom,cuboid,bombtex,8,2.1,8,1,0.6,0.8,1,16,16,0.00005,2005.45784,4186.23352,0.25882,0,0,0.96593;
custom,cuboid,bombtex,8,2.1,6,1,0.4,0.7,1,16,12,0.00005,1965.83383,4240.01678,0.38268,0,0,0.92388;
custom,cuboid,bombtex,8,2.1,4,1,0.2,0.6,1,16,8,0.00005,1929.37119,4269.64081,0.5,0,0,0.86603;
custom,cuboid,bombtex,8,2.1,2,1,0,0.5,1,16,4,0.00005,1904.80323,4281.23016,0.60876,0,0,0.79335;

custom,cuboid,bombtex,7.99984,2.1,29.70227,1,0,0.5,1,16,60,0.00087,1819.11587,4144.96582,0,0,0,1;

custom,cuboid,default,8,2,4,1,0,0,0,0,0,0.00005,2050,4040,0,0,0,1;
custom,cuboid,default,8,2,10,1,0,0,0,0,0,0.00005,2037.39979,4105.70801,0.13053,0,0,0.99144;
custom,cuboid,default,8,2,8,1,0,0,0,0,0,0.00005,2005.45784,4186.23352,0.25882,0,0,0.96593;
custom,cuboid,default,8,2,6,1,0,0,0,0,0,0.00005,1965.83383,4240.01678,0.38268,0,0,0.92388;
custom,cuboid,default,8,2,4,1,0,0,0,0,0,0.00005,1929.37119,4269.64081,0.5,0,0,0.86603;
custom,cuboid,default,8,2,2,1,0,0,0,0,0,0.00005,1904.80323,4281.23016,0.60876,0,0,0.79335;
custom,cuboid,arena2tex,7.99984,6.86163,2,1,0,0.5,1,1,1,-0.00077,1863.42403,4283.47748,0,0,0,1;
custom,cuboid,default,7.99984,2,29.70227,1,0,0,0,0,0,0.00087,1819.11587,4144.96582,0,0,0,1;



custom,cuboid,default,2,8.86163,14.06576,1,0,0,0,0,0,50.00005,1853.42402,4223.1485,0,0,0,1;
custom,cuboid,default,2,1.99999,12,1,0,0,0,0,0,50.00005,1891.86231,4232.93365,-0.13053,0,0,0.99144;
custom,cuboid,default,2,3.99999,12,1,0,0,0,0,0,50.00005,1904.37112,4226.33972,-0.25882,0,0,0.96593;
custom,cuboid,default,2,6.00001,12,1,0,0,0,0,0,50.00005,1930.47842,4204.66156,-0.38268,0,0,0.92388;
custom,cuboid,default,2,8.00001,12,1,0,0,0,0,0,50.00005,1962.15654,4161.23352,-0.5,0,0,0.86603;
custom,cuboid,default,2,10,12,1,0,0,0,0,0,50.00005,1989.10348,4092.76703,-0.60876,0,0,0.79335;
custom,cuboid,default,2,3.99999,12,1,0,0,0,0,0,50.00005,2000.00001,4040,-0.70711,0,0,0.70711;
custom,cuboid,default,2,8.86163,14.06576,1,0,0,0,0,0,-49.99995,1853.42402,4223.1485,0,0,0,1;
custom,cuboid,default,2,1.99999,12,1,0,0,0,0,0,-49.99995,1891.86231,4232.93365,-0.13053,0,0,0.99144;
custom,cuboid,default,2,3.99999,12,1,0,0,0,0,0,-49.99995,1904.37112,4226.33972,-0.25882,0,0,0.96593;
custom,cuboid,default,2,6.00001,12,1,0,0,0,0,0,-49.99995,1930.47842,4204.66156,-0.38268,0,0,0.92388;
custom,cuboid,default,2,8.00001,12,1,0,0,0,0,0,-49.99995,1962.15654,4161.23352,-0.5,0,0,0.86603;
custom,cuboid,default,2,10,12,1,0,0,0,0,0,-49.99995,1989.10348,4092.76703,-0.60876,0,0,0.79335;
custom,cuboid,default,2,3.99999,12,1,0,0,0,0,0,-49.99995,2000.00001,4040,-0.70711,0,0,0.70711;
custom,cuboid,default,2,10.86163,17.63656,1,0,0,0,0,0,50.00005,1863.42402,4064.63715,0,0,0,1;
custom,cuboid,default,2,10.8616,17.63656,1,0,0,0,0,0,-49.99995,1863.42402,4064.63715,0,0,0,1;


custom,cuboid,default,8,2,2.68349,1,0,0,0,0,0,0.00005,1950,4033.41736,0,0,0,1;
custom,cuboid,default,8,2,9.6835,1,0,0,0,0,0,0.00005,1937.80939,4091.0144,0.13053,0,0,0.99144;
custom,cuboid,default,8,2.00001,3.72051,1,0,0,0,0,0,0.00005,1916.33473,4130.37048,-0.70711,0,0,0.70711;
custom,cuboid,default,8,2.63082,2.63082,1,0,0,0,0,0,0.00005,1916.33455,4140.37048,-0.38268,0,0,0.92388;
custom,cuboid,default,8,1.86027,1.86028,1,0,0,0,0,0,0.00005,1907.03321,4149.67163,-0.70711,0,0,0.70711;
custom,cuboid,default,8,2,12.3916,1,0,0,0,0,0,0.00005,1907.73218,4058.41248,0,0,0,1;

custom,cuboid,bombtex,8,2.1,2.68349,1,0,0.4,0.2,16,5,0.00005,1950,4033.41736,0,0,0,1;
custom,cuboid,bombtex,8,2.1,9.6835,1,0,0.5,0.3,16,17,0.00005,1937.80939,4091.0144,0.13053,0,0,0.99144;
custom,cuboid,bombtex,8,2.10001,3.82051,1,0,0.6,0.4,16,7,0.00005,1916.33473,4130.37048,-0.70711,0,0,0.70711;
custom,cuboid,bombtex,8,2.73082,2.73082,1,0,0.7,0.5,16,5,0.00005,1916.33455,4140.37048,-0.38268,0,0,0.92388;
custom,cuboid,bombtex,8,1.96027,1.96028,1,0,0.8,0.6,16,4,0.00005,1907.03321,4149.67163,-0.70711,0,0,0.70711;
custom,cuboid,bombtex,8,2.1,12.3916,1,0,0.9,0.7,16,25,0.00005,1907.73218,4058.41248,0,0,0,1;





custom,cuboid,medievalartilleryassets_texture-psd,2,15.11514,17.42051,1,1,1,1,1,1,-61.73869,1863.42398,3891.51764,0,0.06807,0,0.99768;
custom,cuboid,medievalartilleryassets_texture-psd,2,15.11514,17.42051,1,1,1,1,1,1,61.73878,1863.42398,3891.51764,0,-0.06807,0,0.99768;
custom,cuboid,ice1,2,15.11514,1.81731,1,1,1,1,0,0,-70,1863.42399,3822.85797,0,0,0,1;
custom,cuboid,ice1,2,15.11514,1.81731,1,1,1,1,0,0,70,1863.42399,3822.85797,0,0,0,1;
custom,cuboid,gatemat,12,1,16.26828,1,1,1,1,0.42,0.34,0.00005,1928.9997,3895.11292,0,0,0,1;
custom,cuboid,metal4,12,1,16.26828,1,1,1,1,0.05,0.05,0.00005,1797.84826,3895.11292,0,0,0,1;
custom,cuboid,ice1,2,2.12675,2.35455,1,1,1,1,0.2,0.21268,-49.99995,1928.36593,3988.22723,0,0,0,1;
custom,cuboid,ice1,2,2.12675,2.35455,1,1,1,1,0.2,0.21268,50.00005,1928.36593,3988.22723,0,0,0,1;
custom,cuboid,ice1,2,2.12675,2.35455,1,1,1,1,0.2,0.21268,-49.99995,1798.48204,3988.22723,0,0,0,1;
custom,cuboid,ice1,2,2.12675,2.35455,1,1,1,1,0.2,0.21268,50.00005,1798.48204,3988.22723,0,0,0,1;
custom,cuboid,ice1,8,4.12675,2,1,1,1,1,0.8,0.41267,0.00005,1918.36595,3986.45447,0,0,0,1;
custom,cuboid,ice1,8,4.12675,2,1,1,1,1,0.8,0.41267,0.00005,1808.48211,3986.45447,0,0,0,1;





custom,cuboid,default,8,2,2,1,0,0,0,0,0,-99.99994,1907.73216,4182.82013,0,0,0,1;
custom,cuboid,default,8,2,2,1,0,0,0,0,0,100.00005,1907.73216,4182.81982,0,0,0,1;
custom,cuboid,default,8,2,2,1,0,0,0,0,0,-99.99994,1819.11587,4182.81982,0,0,0,1;
custom,cuboid,default,8,2,2,1,0,0,0,0,0,100.00005,1819.11587,4182.81982,0,0,0,1;


custom,arc90,medievalartilleryassets_texture-psd,20,24,20,1,1,0,0,0,0.5,-110.68965,1849.024,4180.63467,0,0.38268,0,0.92388;
custom,arc90,medievalartilleryassets_texture-psd,20.00001,24,20.00001,1,1,0,0,0,0.5,110.68965,1849.024,4185.00559,0,-0.92388,0,0.38268;
custom,cuboid,medievalartilleryassets_texture-psd,4,12,8,1,1,1,1,0,0.5,77.57359,1863.424,4338.38379,0,-0.38268,0,0.92388;
custom,cuboid,medievalartilleryassets_texture-psd,4,12,8,1,1,1,1,0,0.5,-77.5736,1863.424,4338.38348,0,-0.92388,0,0.38268;
custom,cuboid,medievalartilleryassets_texture-psd,2.82843,12,28.82843,1,1,1,1,0,0.5,105.85787,1863.424,3925.54108,0,0,0,1;
custom,cuboid,medievalartilleryassets_texture-psd,2.82843,12,28.82843,1,1,1,1,0,0.5,-105.85787,1863.424,3925.54108,0,0,0,1;
custom,cylinder,medievalartilleryassets_texture-psd,4,6,4,1,1,1,1,0,0.5,-49.28933,1863.424,4366.66779,0,-0.38268,0,0.92388;
custom,cylinder,medievalartilleryassets_texture-psd,4,6,4,1,1,1,1,0,0.5,49.28932,1863.424,4366.66809,0,-0.38268,0,0.92388;


custom,arc90,default,20,2,20,1,0,0,0,0,0,-110.68965,1927.224,4180.63467,0,0.38268,0,0.92388;
custom,arc90,default,20.00001,2,20,1,0,0,0,0,0,110.68965,1927.224,4185.0056,0,-0.92388,0,0.38268;
custom,arc90,default,20,2,20,1,0,0,0,0,0,-110.68965,1797.224,4180.63467,0,0.38268,0,0.92388;
custom,arc90,default,20.00001,2,20,1,0,0,0,0,0,110.68965,1797.224,4185.0056,0,-0.92388,0,0.38268;
custom,cuboid,default,4,1,8,1,0,0,0,0,0,77.57359,1928.424,4338.38379,0,-0.38268,0,0.92388;
custom,cuboid,default,4,1,8,1,0,0,0,0,0,-77.5736,1928.424,4338.38348,0,-0.92388,0,0.38268;
custom,cuboid,default,4,1,8,1,0,0,0,0,0,77.57359,1798.424,4338.38379,0,-0.38268,0,0.92388;
custom,cuboid,default,4,1,8,1,0,0,0,0,0,-77.5736,1798.424,4338.38348,0,-0.92388,0,0.38268;
custom,cuboid,default,2.82843,1,28.82843,1,0,0,0,0,0,105.85787,1798.424,3925.54108,0,0,0,1;
custom,cuboid,default,2.82843,1,28.82843,1,0,0,0,0,0,-105.85787,1798.424,3925.54108,0,0,0,1;
custom,cuboid,default,2.82843,1,28.82843,1,0,0,0,0,0,105.85787,1928.424,3925.54108,0,0,0,1;
custom,cuboid,default,2.82843,1,28.82843,1,0,0,0,0,0,-105.85787,1928.424,3925.54108,0,0,0,1;
custom,cuboid,default,2.82843,1,38.82843,1,0,0,0,0,0,213.01308,1798.424,4098.04443,0,-0.19509,0,0.98079;
custom,cuboid,default,2.82843,1,28.97073,1,0,0,0,0,0,286.23158,1798.424,3779.23859,0,0,0,1;
custom,cuboid,default,2.82843,1,38.82843,1,0,0,0,0,0,213.01308,1928.424,4098.04443,0,-0.19509,0,0.98079;
custom,cuboid,default,2.82843,1,28.97073,1,0,0,0,0,0,286.23158,1928.424,3779.23859,0,0,0,1;
custom,cuboid,default,2.82843,1,38.82843,1,0,0,0,0,0,-213.01308,1798.424,4098.04382,0,0.19509,0,0.98079;
custom,cuboid,default,2.82843,1,38.82843,1,0,0,0,0,0,-213.01308,1928.424,4098.04382,0,0.19509,0,0.98079;
custom,cuboid,default,2.82843,1,28.97073,1,0,0,0,0,0,-286.23158,1798.424,3779.23859,0,0,0,1;
custom,cuboid,default,2.82843,1,28.97073,1,0,0,0,0,0,-286.23158,1928.424,3779.23859,0,0,0,1;
custom,cuboid,default,2.82843,12,2.82843,1,0,0,0,0,0,-286.23156,1863.424,3909.94995,0,0,0,1;
custom,cuboid,default,2.82843,12,2.82843,1,0,0,0,0,0,286.23156,1863.424,3909.94995,0,0,0,1;
custom,cylinder,default,4,0.5,4,1,0,0,0,0,0,-49.28933,1928.424,4366.66779,0,-0.38268,0,0.92388;
custom,cylinder,default,4,0.5,4,1,0,0,0,0,0,49.28932,1928.424,4366.66809,0,-0.38268,0,0.92388;
custom,cylinder,default,4,0.5,4,1,0,0,0,0,0,-49.28933,1798.424,4366.66779,0,-0.38268,0,0.92388;
custom,cylinder,default,4,0.5,4,1,0,0,0,0,0,49.28932,1798.424,4366.66809,0,-0.38268,0,0.92388;








custom,arc90,metal2,58.51582,32.92122,58.51584,1,1,0,0.7,0,1.750061,-20.69608,1752.33535,3398.35172,-0.58794,-0.69352,-0.39285,0.13795;
custom,arc90,metal2,58.51582,32.92122,58.51583,1,0.9,0,0.8,0,1.750061,-18.48889,1752.33518,3390.55719,-0.5,-0.70711,-0.5,0;
custom,arc90,metal2,58.51583,32.92122,58.51582,1,0.8,0,0.9,0,1.750061,-13.46662,1752.33537,3384.20104,0.39285,0.69352,0.58794,0.13795;
custom,arc90,metal2,58.51583,32.92124,58.51585,1,0.7,0,1,0,1.750062,-6.39421,1752.33532,3380.24726,0.2706,0.65328,0.65328,0.2706;
custom,arc90,metal2,58.51583,32.92122,58.51583,1,0.7,0,1,0,1.750061,1.6515,1752.3352,3379.30679,0.13795,0.58794,0.69352,0.39285;
custom,arc90,metal2,58.51583,32.92124,58.51584,1,0.8,0,0.9,0,1.750062,9.44569,1752.33537,3381.51432,0,-0.5,-0.70711,-0.5;
custom,arc90,metal2,58.51583,32.92122,58.51583,1,0.9,0,0.8,0,1.750061,15.8022,1752.33518,3386.53626,0.13795,-0.39285,-0.69352,-0.58794;
custom,arc90,metal2,58.51585,32.9212,58.51584,1,1,0,0.7,0,1.75006,19.75272,1752.33524,3393.60847,-0.2706,0.2706,0.65328,0.65328;


custom,arc180,metal4,42.18751,16.55078,42.18751,1,1,1,1,0.4,0.45,208.61115,1764.65123,3433.24322,0,0.99518,0,0.09802;
custom,arc180,metal4,42.1875,16.55078,42.18751,1,1,1,1,0.4,0.45,-208.61093,1764.65123,3366.76135,0,-0.09802,0,0.99518;


custom,arc90,metal2,29.25793,16.4609,29.25792,1,1,1,1,0,1.691061,9.87653,1891.24237,3396.80576,-0.2706,0.2706,0.65328,0.65328;
custom,arc90,metal2,29.25791,16.4609,29.25792,1,1,1,1,0,1.691061,7.90125,1891.24234,3393.26959,0.13795,-0.39285,-0.69352,-0.58794;
custom,arc90,metal2,29.25792,16.4609,29.25792,1,1,1,1,0,1.691061,4.72296,1891.24243,3390.75857,0,-0.5,-0.70711,-0.5;
custom,arc90,metal2,29.25791,16.4609,29.25792,1,1,1,1,0,1.691062,0.82581,1891.24235,3389.65476,0.13795,0.58794,0.69352,0.39285;
custom,arc90,metal2,29.25792,16.4609,29.25792,1,1,1,1,0,1.691061,-3.19712,1891.24241,3390.12651,0.2706,0.65328,0.65328,0.2706;
custom,arc90,metal2,29.25792,16.4609,29.25792,1,1,1,1,0,1.691062,-6.73339,1891.24244,3392.10188,0.39285,0.69352,0.58794,0.13795;
custom,arc90,metal2,29.25792,16.4609,29.25792,1,1,1,1,0,1.691061,-9.24458,1891.24234,3395.28,-0.5,-0.70711,-0.5,0;
custom,arc90,metal2,29.25791,16.4609,29.25792,1,1,1,1,0,1.69106,-10.34821,1891.24242,3399.17732,-0.58794,-0.69352,-0.39285,0.13795;


custom,arc180,metal4,21.09375,8.27538,21.09375,1,1,1,1,0.4,0.45,-104.30546,1897.40083,3383.38204,0,-0.09802,0,0.99518;
custom,arc180,metal4,21.09375,8.27538,21.09376,1,1,1,1,0.4,0.45,104.30558,1897.40083,3416.62314,0,0.99518,0,0.09802;


custom,cuboid,medievalartilleryassets_texture-psd,16.46073,11.11506,8.27537,1,1,1,1,0,1.5,142.50881,1863.42419,3055.95734,0,0.98079,0,0.19509;
custom,cuboid,medievalartilleryassets_texture-psd,16.46073,11.11506,8.27537,1,1,1,1,0,1.5,263.32157,1863.42419,3136.68213,0,0.92388,0,0.38268;
custom,cuboid,medievalartilleryassets_texture-psd,16.46073,11.11506,8.27538,1,1,1,1,0,1.5,344.04594,1863.42419,3257.49481,0,0.83147,0,0.55557;
custom,cuboid,medievalartilleryassets_texture-psd,16.46073,11.11506,8.27538,1,1,1,1,0,1.5,372.3925,1863.42419,3400.00336,0,0.70711,0,0.70711;
custom,cuboid,medievalartilleryassets_texture-psd,16.46073,11.11506,8.27537,1,1,1,1,0,1.5,344.04572,1863.42419,3542.5116,0,0.55557,0,0.83147;
custom,cuboid,medievalartilleryassets_texture-psd,16.46073,11.11506,8.27537,1,1,1,1,0,1.5,263.32109,1863.42419,3663.32458,0,0.38268,0,0.92388;
custom,cuboid,medievalartilleryassets_texture-psd,16.46073,11.11506,8.27537,1,1,1,1,0,1.5,142.50816,1863.42419,3744.04877,0,0.19509,0,0.98079;
custom,cuboid,medievalartilleryassets_texture-psd,16.46073,11.11506,8.27537,1,1,1,1,0,1.5,-142.50875,1863.42419,3744.04877,0,-0.19509,0,0.98079;
custom,cuboid,medievalartilleryassets_texture-psd,16.46073,11.11506,8.27538,1,1,1,1,0,1.5,-263.32153,1863.42419,3663.32397,0,-0.38268,0,0.92388;
custom,cuboid,medievalartilleryassets_texture-psd,16.46073,11.11506,8.27537,1,1,1,1,0,1.5,-344.04594,1863.42419,3542.51099,0,-0.55557,0,0.83147;
custom,cuboid,medievalartilleryassets_texture-psd,16.46073,11.11506,8.27537,1,1,1,1,0,1.5,-372.3925,1863.42419,3400.00275,0,-0.70711,0,0.70711;
custom,cuboid,medievalartilleryassets_texture-psd,16.46073,11.11506,8.27537,1,1,1,1,0,1.5,-344.04572,1863.42419,3257.4942,0,-0.83147,0,0.55557;
custom,cuboid,medievalartilleryassets_texture-psd,16.46073,11.11506,8.27538,1,1,1,1,0,1.5,-263.32102,1863.42419,3136.68152,0,-0.92388,0,0.38268;
custom,cuboid,medievalartilleryassets_texture-psd,16.46073,11.11506,8.27537,1,1,1,1,0,1.5,-142.50805,1863.42419,3055.95703,0,-0.98079,0,0.19509;


custom,cuboid,metal4,3.375,11.11506,8.27537,1,1,1,1,0.05,0.05,-65.42868,1863.42419,3027.61047,0,1,0,0;
custom,cuboid,metal4,3.375,11.11506,8.27538,1,1,1,1,0.05,0.05,-65.42936,1863.42419,3772.39532,0,0,0,1;
custom,cuboid,metal4,3.375,11.11506,8.27537,1,1,1,1,0.05,0.05,65.42937,1863.42419,3027.61078,0,1,0,0;
custom,cuboid,metal4,3.375,11.11506,8.27538,1,1,1,1,0.05,0.05,65.42869,1863.42419,3772.39563,0,0,0,1;




custom,cuboid,cannonregionmat,0.225,11.34007,8.50037,1,1,1,1,0,0,48.55437,1863.42419,3027.61078,0,1,0,0;
custom,cuboid,cannonregionmat,0.225,11.34007,8.50037,1,1,1,1,0,0,-48.55368,1863.42419,3027.61078,0,1,0,0;
custom,cuboid,cannonregionmat,0.225,9.9358,8.50036,1,1,1,1,0,0,0.00035,1918.9996,3027.61078,-0.70711,0.70711,0,0;
custom,cuboid,cannonregionmat,0.225,9.9358,8.50036,1,1,1,1,0,0,0.00037,1807.84878,3027.61078,-0.70711,0.70711,0,0;
custom,cuboid,cannonregionmat,0.225,11.34007,8.50037,1,1,1,1,0,0,48.55431,1863.42419,3772.39532,0,1,0,0;
custom,cuboid,cannonregionmat,0.225,11.34007,8.50037,1,1,1,1,0,0,-48.55373,1863.42419,3772.39532,0,1,0,0;
custom,cuboid,cannonregionmat,0.225,9.9358,8.50036,1,1,1,1,0,0,0.00029,1918.9996,3772.39532,-0.70711,0.70711,0,0;
custom,cuboid,cannonregionmat,0.225,9.9358,8.50036,1,1,1,1,0,0,0.00031,1807.84878,3772.39532,-0.70711,0.70711,0,0;

custom,tube,metal4,70.31248,2.77778,70.31248,1,1,1,1,0.4,0.8,-4.38154,1928.49973,3383.44425,0,0.99518,0,0.09802;
custom,tube,metal4,49.21875,2.77778,49.21875,1,1,1,1,0.4,0.8,-3.06707,1928.49973,3388.41189,0,0.99518,0,0.09802;





custom,cuboid,arena2tex,2.2,15.75,5.80452,1,1,0.5,0,1,31,190.1762,1782.29061,3400.00305,-0.35792,0.93375,0,0;
custom,cuboid,arena2tex,2.2,15.75,5.80451,1,1,0.5,0,1,31,175.69988,1782.29061,3472.78046,-0.35104,0.91581,-0.06983,0.18217;
custom,cuboid,arena2tex,2.2,15.75,5.80451,1,1,0.5,0,1,31,134.47487,1782.29061,3534.47784,-0.33067,0.86267,-0.13697,0.35733;
custom,cuboid,arena2tex,2.2,15.75,5.80451,1,1,0.5,0,1,31,72.77726,1782.29061,3575.70282,-0.2976,0.77639,-0.19885,0.51877;
custom,cuboid,arena2tex,2.2,15.75,5.80451,1,1,0.5,0,1,31,-0.00001,1782.29061,3590.17914,-0.25309,0.66026,-0.25309,0.66026;
custom,cuboid,arena2tex,2.2,15.75,5.80451,1,1,0.5,0,1,31,-175.69981,1782.29061,3472.78015,-0.06983,0.18217,-0.35104,0.91581;
custom,cuboid,arena2tex,2.2,15.75,5.80451,1,1,0.5,0,1,31,-190.17612,1782.29061,3400.00305,0,0,-0.35792,0.93375;
custom,cuboid,arena2tex,2.2,15.75,5.80451,1,1,0.5,0,1,31,-175.69981,1782.29061,3327.22565,0.06983,-0.18217,-0.35104,0.91581;
custom,cuboid,arena2tex,2.2,15.75,5.80451,1,1,0.5,0,1,31,-134.47477,1782.29061,3265.52826,0.13697,-0.35733,-0.33067,0.86268;
custom,cuboid,arena2tex,2.2,15.75,5.80451,1,1,0.5,0,1,31,-72.77718,1782.29061,3224.30328,0.19885,-0.51877,-0.2976,0.77639;
custom,cuboid,arena2tex,2.2,15.75,5.80451,1,1,0.5,0,1,31,0.00009,1782.29061,3209.82697,0.25309,-0.66026,-0.25309,0.66026;
custom,cuboid,arena2tex,2.2,15.75,5.80451,1,1,0.5,0,1,31,175.69988,1782.29061,3327.22595,0.35104,-0.91581,-0.06983,0.18217;
custom,prism,arena2tex,4.10764,2.2,18.03133,1,0,0.5,1,1,36,191.9715,1778.66404,3438.56333,0.31815,0.57817,-0.2611,0.7045;
custom,prism,arena2tex,4.10765,2.2,18.03133,1,0,0.5,1,1,36,162.60215,1778.66409,3509.09252,0.36297,0.42962,-0.19401,0.80376;
custom,prism,arena2tex,4.10765,2.2,18.03133,1,0,0.5,1,1,36,108.47808,1778.66405,3563.01347,0.39385,0.26456,-0.11947,0.87213;
custom,prism,arena2tex,4.10764,2.2,18.03133,1,0,0.5,1,1,36,37.83916,1778.66407,3592.118,0.40959,0.08933,-0.04034,0.90699;
custom,prism,arena2tex,4.10765,2.2,18.03133,1,0,0.5,1,1,36,-38.56037,1778.66407,3591.97457,0.40959,-0.08933,0.04034,0.90699;
custom,prism,arena2tex,4.10764,2.2,18.03133,1,0,0.5,1,1,36,-163.01063,1778.66409,3508.48092,0.36297,-0.42962,0.19401,0.80376;
custom,prism,arena2tex,4.10764,2.2,18.03133,1,0,0.5,1,1,36,-192.11484,1778.66404,3437.84227,0.31815,-0.57817,0.2611,0.7045;
custom,prism,arena2tex,4.10764,2.2,18.03133,1,0,0.5,1,1,36,-191.97139,1778.66404,3361.44278,0.2611,-0.7045,0.31815,0.57817;
custom,prism,arena2tex,4.10765,2.2,18.03133,1,0,0.5,1,1,36,-162.60204,1778.66409,3290.91359,0.19401,-0.80376,0.36297,0.42962;
custom,prism,arena2tex,4.10765,2.2,18.03133,1,0,0.5,1,1,36,-108.47795,1778.66405,3236.99233,-0.11947,0.87213,-0.39385,-0.26456;
custom,prism,arena2tex,4.10765,2.2,18.03133,1,0,0.5,1,1,36,-37.83903,1778.66407,3207.8881,0.04034,-0.90699,0.40959,0.08933;
custom,prism,arena2tex,4.10764,2.2,18.03133,1,0,0.5,1,1,36,38.56048,1778.66407,3208.03153,-0.04034,-0.90699,0.40959,-0.08933;
custom,prism,arena2tex,4.10764,2.2,18.03133,1,0,0.5,1,1,36,163.0107,1778.66409,3291.52518,-0.19401,-0.80376,0.36297,-0.42962;
custom,prism,arena2tex,4.10765,2.2,18.03133,1,0,0.5,1,1,36,192.1149,1778.66404,3362.16414,-0.2611,-0.7045,0.31815,-0.57817;
custom,cuboid,arena2tex,2.2,15.75,3.18326,1,1,0.5,0,1,31,98.44233,1744.29317,3400.00305,-0.18672,0.98241,0,0;
custom,cuboid,arena2tex,2.2,15.75,3.18326,1,1,0.5,0,1,31,90.94885,1744.29317,3437.67517,-0.18313,0.96354,-0.03643,0.19166;
custom,cuboid,arena2tex,2.2,15.75,3.18325,1,1,0.5,0,1,31,-37.6722,1744.29317,3490.95184,-0.10374,0.5458,-0.15525,0.81685;
custom,cuboid,arena2tex,2.2,15.75,3.18326,1,1,0.5,0,1,31,-69.60919,1744.29317,3469.61212,-0.07145,0.37595,-0.17251,0.90763;
custom,cuboid,arena2tex,2.2,15.75,3.18326,1,1,0.5,0,1,31,-90.94877,1744.29317,3437.67517,-0.03643,0.19166,-0.18313,0.96354;
custom,cuboid,arena2tex,2.2,15.75,3.18326,1,1,0.5,0,1,31,-98.44225,1744.29317,3400.00305,0,0,-0.18672,0.98241;
custom,cuboid,arena2tex,2.2,15.75,3.18326,1,1,0.5,0,1,31,-90.94877,1744.29317,3362.33093,0.03643,-0.19166,-0.18313,0.96354;
custom,cuboid,ice1,2.2,15.75,1.60826,1,1,0.5,0,0,0,-75.17766,1744.29317,3335.96222,0.07145,-0.37595,-0.17251,0.90763;
custom,cuboid,ice1,2.2,15.75,1.60826,1,1,0.5,0,0,0,7.87506,1744.29317,3301.56067,0.13203,-0.69467,-0.13203,0.69467;
custom,cuboid,arena2tex,2.2,15.75,3.18326,1,1,0.5,0,1,31,37.6723,1744.29317,3309.05426,0.15525,-0.81685,-0.10374,0.5458;
custom,cuboid,arena2tex,2.2,15.75,3.18326,1,1,0.5,0,1,31,69.60925,1744.29317,3330.39398,0.17251,-0.90763,-0.07145,0.37595;
custom,cuboid,arena2tex,2.2,15.75,3.18326,1,1,0.5,0,1,31,90.94885,1744.29317,3362.33093,0.18313,-0.96354,-0.03643,0.19166;
custom,prism,arena2tex,2.25457,2.2,18.13998,1,0,0.5,1,1,36,99.77771,1739.51984,3420.05595,0.43703,0.52328,-0.35866,0.63762;
custom,prism,arena2tex,2.25457,2.2,18.13998,1,0,0.5,1,1,36,84.50868,1739.51984,3456.71273,0.4986,0.38883,-0.26651,0.72745;
custom,prism,arena2tex,2.25457,2.2,18.13998,1,0,0.5,1,1,36,-20.0528,1739.51987,3499.78081,0.56263,-0.08085,0.05541,0.82088;
custom,prism,arena2tex,2.25457,2.2,18.13998,1,0,0.5,1,1,36,-56.70964,1739.51986,3484.51175,-0.54101,0.23944,-0.16411,-0.78933;
custom,prism,arena2tex,2.25457,2.2,18.13998,1,0,0.5,1,1,36,-84.73287,1739.51984,3456.3769,0.4986,-0.38883,0.26651,0.72745;
custom,prism,arena2tex,2.25457,2.2,18.13998,1,0,0.5,1,1,36,-99.85638,1739.51984,3419.65988,0.43703,-0.52328,0.35866,0.63762;
custom,prism,arena2tex,2.25457,2.2,18.13998,1,0,0.5,1,1,36,-99.77762,1739.51984,3379.95015,0.35866,-0.63762,0.43703,0.52328;
custom,prism,arena2tex,2.25457,2.2,18.13998,1,0,0.5,1,1,36,-84.5086,1739.51984,3343.29337,0.26651,-0.72745,0.4986,0.38883;
custom,prism,arena2tex,2.25457,2.2,18.13998,1,0,0.5,1,1,36,20.0529,1739.51987,3300.2253,-0.05541,-0.82088,0.56263,-0.08085;
custom,prism,arena2tex,2.25457,2.2,18.13998,1,0,0.5,1,1,36,56.70973,1739.51986,3315.49436,-0.16411,-0.78933,0.54101,-0.23944;
custom,prism,arena2tex,2.25457,2.2,18.13998,1,0,0.5,1,1,36,84.73295,1739.51984,3343.6292,-0.26651,-0.72745,0.4986,-0.38883;
custom,prism,arena2tex,2.25457,2.2,18.13998,1,0,0.5,1,1,36,99.85648,1739.51987,3380.34618,-0.35866,-0.63762,0.43702,-0.52328;


racing,killcuboid,2.25,15.75,5.80452,190.1762,1782.29061,3400.00305,-0.35792,0.93375,0,0;
racing,killcuboid,2.25,15.75,5.80451,175.69988,1782.29061,3472.78046,-0.35104,0.91581,-0.06983,0.18217;
racing,killcuboid,2.25,15.75,5.80451,134.47487,1782.29061,3534.47784,-0.33067,0.86267,-0.13697,0.35733;
racing,killcuboid,2.25,15.75,5.80451,72.77726,1782.29061,3575.70282,-0.2976,0.77639,-0.19885,0.51877;
racing,killcuboid,2.25,15.75,5.80451,-0.00001,1782.29061,3590.17914,-0.25309,0.66026,-0.25309,0.66026;
racing,killcuboid,2.25,15.75,5.80451,-175.69981,1782.29061,3472.78015,-0.06983,0.18217,-0.35104,0.91581;
racing,killcuboid,2.25,15.75,5.80451,-190.17612,1782.29061,3400.00305,0,0,-0.35792,0.93375;
racing,killcuboid,2.25,15.75,5.80451,-175.69981,1782.29061,3327.22565,0.06983,-0.18217,-0.35104,0.91581;
racing,killcuboid,2.25,15.75,5.80451,-134.47477,1782.29061,3265.52826,0.13697,-0.35733,-0.33067,0.86268;
racing,killcuboid,2.25,15.75,5.80451,-72.77718,1782.29061,3224.30328,0.19885,-0.51877,-0.2976,0.77639;
racing,killcuboid,2.25,15.75,5.80451,0.00009,1782.29061,3209.82697,0.25309,-0.66026,-0.25309,0.66026;
racing,killcuboid,2.25,15.75,5.80451,175.69988,1782.29061,3327.22595,0.35104,-0.91581,-0.06983,0.18217;
racing,killprism,4.10764,2.25,18.03133,191.97886,1778.67065,3438.56479,0.31815,0.57817,-0.2611,0.7045;
racing,killprism,4.10765,2.25,18.03133,162.60839,1778.6707,3509.09669,0.36297,0.42962,-0.19401,0.80376;
racing,killprism,4.10765,2.25,18.03133,108.48225,1778.67067,3563.01971,0.39385,0.26456,-0.11947,0.87213;
racing,killprism,4.10764,2.25,18.03133,37.84063,1778.67068,3592.12536,0.40959,0.08933,-0.04034,0.90699;
racing,killprism,4.10765,2.25,18.03133,-38.56184,1778.67068,3591.98193,0.40959,-0.08933,0.04034,0.90699;
racing,killprism,4.10764,2.25,18.03133,-163.01687,1778.6707,3508.48509,0.36297,-0.42962,0.19401,0.80376;
racing,killprism,4.10764,2.25,18.03133,-192.1222,1778.67065,3437.84374,0.31815,-0.57817,0.2611,0.7045;
racing,killprism,4.10764,2.25,18.03133,-191.97875,1778.67065,3361.44132,0.2611,-0.7045,0.31815,0.57817;
racing,killprism,4.10765,2.25,18.03133,-162.60828,1778.6707,3290.90942,0.19401,-0.80376,0.36297,0.42962;
racing,killprism,4.10765,2.25,18.03133,-108.48212,1778.67067,3236.98609,-0.11947,0.87213,-0.39385,-0.26456;
racing,killprism,4.10765,2.25,18.03133,-37.8405,1778.67068,3207.88074,0.04034,-0.90699,0.40959,0.08933;
racing,killprism,4.10764,2.25,18.03133,38.56195,1778.67068,3208.02417,-0.04034,-0.90699,0.40959,-0.08933;
racing,killprism,4.10764,2.25,18.03133,163.01694,1778.6707,3291.52101,-0.19401,-0.80376,0.36297,-0.42962;
racing,killprism,4.10765,2.25,18.03133,192.12226,1778.67065,3362.16268,-0.2611,-0.7045,0.31815,-0.57817;
racing,killcuboid,2.25,15.75,3.18326,98.44233,1744.29317,3400.00305,-0.18672,0.98241,0,0;
racing,killcuboid,2.25,15.75,3.18326,90.94885,1744.29317,3437.67517,-0.18313,0.96354,-0.03643,0.19166;
racing,killcuboid,2.25,15.75,3.18325,-37.6722,1744.29317,3490.95184,-0.10374,0.5458,-0.15525,0.81685;
racing,killcuboid,2.25,15.75,3.18326,-69.60919,1744.29317,3469.61212,-0.07145,0.37595,-0.17251,0.90763;
racing,killcuboid,2.25,15.75,3.18326,-90.94877,1744.29317,3437.67517,-0.03643,0.19166,-0.18313,0.96354;
racing,killcuboid,2.25,15.75,3.18326,-98.44225,1744.29317,3400.00305,0,0,-0.18672,0.98241;
racing,killcuboid,2.25,15.75,3.18326,-90.94877,1744.29317,3362.33093,0.03643,-0.19166,-0.18313,0.96354;


racing,killcuboid,2.25,15.75,3.18326,37.6723,1744.29317,3309.05426,0.15525,-0.81685,-0.10374,0.5458;
racing,killcuboid,2.25,15.75,3.18326,69.60925,1744.29317,3330.39398,0.17251,-0.90763,-0.07145,0.37595;
racing,killcuboid,2.25,15.75,3.18326,90.94885,1744.29317,3362.33093,0.18313,-0.96354,-0.03643,0.19166;
racing,killprism,2.25457,2.25,18.13998,99.78685,1739.52345,3420.05777,0.43703,0.52328,-0.35866,0.63762;
racing,killprism,2.25457,2.25,18.13998,84.51643,1739.52344,3456.71791,0.4986,0.38883,-0.26651,0.72745;
racing,killprism,2.25457,2.25,18.13998,-20.05462,1739.52348,3499.78995,0.56263,-0.08085,0.05541,0.82088;
racing,killprism,2.25457,2.25,18.13998,-56.71482,1739.52347,3484.5195,-0.54101,0.23944,-0.16411,-0.78933;
racing,killprism,2.25457,2.25,18.13998,-84.74063,1739.52344,3456.38208,0.4986,-0.38883,0.26651,0.72745;
racing,killprism,2.25457,2.25,18.13998,-99.86553,1739.52345,3419.6617,0.43703,-0.52328,0.35866,0.63762;
racing,killprism,2.25457,2.25,18.13998,-99.78676,1739.52345,3379.94833,0.35866,-0.63762,0.43703,0.52328;
racing,killprism,2.25457,2.25,18.13998,-84.51635,1739.52344,3343.28819,0.26651,-0.72745,0.4986,0.38883;
racing,killprism,2.25457,2.25,18.13998,20.05472,1739.52348,3300.21616,-0.05541,-0.82088,0.56263,-0.08085;
racing,killprism,2.25457,2.25,18.13998,56.71491,1739.52347,3315.48661,-0.16411,-0.78933,0.54101,-0.23944;
racing,killprism,2.25457,2.25,18.13998,84.74071,1739.52344,3343.62402,-0.26651,-0.72745,0.4986,-0.38883;
racing,killprism,2.25457,2.25,18.13998,99.86563,1739.52348,3380.34436,-0.35866,-0.63762,0.43702,-0.52328;





custom,cuboid,default,2.05382,0.225,16.89002,1,0,0,0,0,0,-71.23919,1751.8417,3352.40265,0.26651,-0.72745,0.4986,0.38883;
custom,cuboid,default,2.05382,0.225,16.89001,1,0,0,0,0,0,20.82436,1753.51955,3295.31219,-0.05541,-0.82088,0.56263,-0.08085;


custom,cuboid,default,2.05382,9.33338,16.80215,1,0.2,0.2,0.2,0,0,-45.15892,1825.1181,3627.03217,0.40959,-0.08933,0.04034,0.90699;
custom,cuboid,default,2.05382,9.33346,16.80214,1,0.2,0.2,0.2,0,0,45.15905,1825.11837,3172.97363,-0.04034,-0.90699,0.40959,-0.08933;
custom,cuboid,default,2.05382,12.63295,16.89001,1,0.2,0.2,0.2,0,0,32.52213,1776.71169,3236.5036,-0.05541,-0.82088,0.56263,-0.08085;
custom,cuboid,default,2.05382,15.91504,6.05994,1,0.2,0.2,0.2,0,0,-25.19323,1753.11337,3383.16956,0,-0.88192,0,0.4714;
custom,cuboid,default,2.05382,12.63295,16.89002,1,0.2,0.2,0.2,0,0,-32.52205,1776.71169,3563.5025,0.56263,-0.08085,0.05541,0.82088;
custom,cuboid,default,2.05382,15.91504,13.40593,1,0.2,0.2,0.2,0,0,-13.07681,1753.11337,3465.74463,0,-0.09802,0,0.99518;
custom,cuboid,default,2.05382,5.05134,16.89002,1,0.2,0.2,0.2,0,0,-50.78067,1742.32479,3366.07239,0.26651,-0.72745,0.4986,0.38883;
custom,cuboid,default,2.05382,14.33338,13,1,0.2,0.2,0.2,0,0,-55.13331,1853.99944,3677.17651,-0.7037,-0.06931,-0.06931,0.7037;
custom,cuboid,default,2.05382,14.33338,13,1,0.2,0.2,0.2,0,0,55.13347,1853.99994,3122.82898,-0.7037,-0.06931,-0.06931,0.7037;



custom,cuboid,ice1,2.25,15.75,2.42951,1,1,1,1,0,0,-57.18681,1782.29061,3582.16064,-0.19885,0.51877,-0.2976,0.77639;
custom,cuboid,ice1,2.25,15.75,2.42951,1,1,1,1,0,0,-146.40726,1782.29061,3522.54547,-0.13697,0.35733,-0.33067,0.86268;
custom,cuboid,ice1,2.25,15.75,2.42951,1,1,1,1,0,0,57.18689,1782.29061,3217.84546,0.2976,-0.77639,-0.19885,0.51876;
custom,cuboid,ice1,2.25,15.75,2.4295,1,1,1,1,0,0,146.40738,1782.29061,3277.46063,0.33067,-0.86268,-0.13697,0.35733;
custom,cuboid,ice1,2.25,15.75,1.60826,1,1,1,1,0,0,75.17772,1744.29317,3464.04388,-0.17251,0.90763,-0.07145,0.37595;
custom,cuboid,ice1,2.25,15.75,1.60826,1,1,1,1,0,0,-7.87497,1744.29317,3498.44543,-0.13203,0.69467,-0.13203,0.69467;
custom,cuboid,ice1,7.29531,1.8,2.42951,1,1,1,1,0,0,78.76479,1831.83193,3282.12341,-0.11947,-0.87213,0.39385,-0.26456;
custom,cuboid,ice1,10.72795,1.8,2.42951,1,1,1,1,0,0,127.20407,1732.91134,3209.62891,-0.11947,-0.87213,0.39385,-0.26456;
custom,cuboid,ice1,7.29531,1.8,2.42951,1,1,1,1,0,0,-78.76475,1831.83193,3517.88269,-0.39385,0.26456,-0.11947,-0.87213;
custom,cuboid,ice1,10.72794,1.8,2.42951,1,1,1,1,0,0,-127.20392,1732.91134,3590.3772,-0.39385,0.26456,-0.11947,-0.87213;
custom,cuboid,ice1,1.8,2.4295,6.76849,1,1,1,1,0,0,26.01497,1806.25149,3462.80884,-0.15525,0.81685,-0.10374,0.5458;
custom,cuboid,ice1,1.8,2.4295,6.76849,1,1,1,1,0,0,-26.0149,1806.25149,3337.19727,0.10374,-0.5458,-0.15525,0.81685;
custom,cuboid,ice1,1.8,2.4295,10.51595,1,1,1,1,0,0,43.03325,1682.33486,3503.89435,-0.15525,0.81685,-0.10374,0.5458;
custom,cuboid,ice1,1.8,2.4295,10.51595,1,1,1,1,0,0,-43.03313,1682.33486,3296.11176,0.10374,-0.5458,-0.15525,0.81685;


custom,cylinder,ice1,4.4,6.05952,4.4,1,1,1,1,0,0,0.00004,1731.33297,3400.00305,0,1,0,0;
custom,cylinder,cannonregionmat,4.5,6.05952,4.5,1,1,1,1,0,0,0.00004,1731.33297,3400.00305,0,1,0,0;
custom,cylinder,metal4,4.95,0.3375,4.95,1,1,1,1,0.05,0.05,0.00003,1790.80288,3400.00305,0,1,0,0;
custom,cylinder,metal4,4.95,0.3375,4.95,1,1,1,1,0.05,0.05,0.00005,1675.46291,3400.00305,0,1,0,0;
custom,cylinder,default,4.95,0.05625,4.95,1,0,0,0,0,0,0.00005,1679.40029,3400.00305,0,1,0,0;
custom,cylinder,default,4.95,0.05625,4.95,1,0,0,0,0,0,0.00003,1786.86581,3400.00305,0,1,0,0;





custom,cuboid,metal1,2,23.39042,6,1,1,1,1,0.12,0.467808,-59.99989,1802.04735,2956.23352,0,0,0,1;
custom,cuboid,default,2,8.89952,4.00002,1,0,0.2,0.4,0,0,-59.9999,1639.4886,2968.91113,0.38268,0,0,0.92388;
custom,cuboid,default,2,4.41195,13.20306,1,0,0.2,0.4,0,0,-59.9999,1684.44468,2892.22351,0.38268,0,0,0.92388;
custom,cuboid,default,2,6.65365,4.00002,1,0,0.2,0.4,0,0,-59.9999,1748.79416,2809.94507,0,0,0,1;
custom,cylinder,default,9,1,9,1,0,0.2,0.4,0,0,-59.99989,1625.34645,2983.05328,-0.2706,-0.2706,-0.65328,0.65328;
custom,prism,default,6,2,3.46412,1,0,0.2,0.4,0,0,-59.59989,1671.11918,2955.69658,-0.5,-0.5,-0.5,0.5;
custom,prism,default,6.23944,2,3.60236,1,0,0.2,0.4,0,0,-59.5999,1746.16475,2844.47868,0.70711,0.70711,0,0;
custom,cuboid,metal1,2,23.39042,6,1,1,1,1,0.12,0.467808,60.00011,1802.04735,2956.23352,0,0,0,1;
custom,cuboid,default,2,8.89952,4.00002,1,0,0.2,0.4,0,0,60.00011,1639.48845,2968.91113,0.38268,0,0,0.92388;
custom,cuboid,default,2,4.41195,13.20306,1,0,0.2,0.4,0,0,60.0001,1684.44466,2892.22351,0.38268,0,0,0.92388;
custom,cylinder,default,9,1,9,1,0,0.2,0.4,0,0,60.00011,1625.34645,2983.05328,-0.2706,-0.2706,-0.65328,0.65328;
custom,prism,default,6,2,3.46412,1,0,0.2,0.4,0,0,60.40011,1671.11918,2955.69658,-0.5,-0.5,-0.5,0.5;
custom,prism,default,6.23944,2,3.60236,1,0,0.2,0.4,0,0,60.4001,1746.16475,2844.47868,0.70711,0.70711,0,0;

custom,prism,ice1,2.39828,6.65365,4.61882,1,0,0,0,0,0,50.21472,1750.12487,2808.57977,0,-1,0,0;
custom,prism,ice1,2.39828,6.65365,4.61882,1,0,0,0,0,0,-49.78528,1750.12489,2808.57977,0,-1,0,0;

custom,cuboid,default,2,6.65365,4.00002,1,0,0.2,0.4,0.2,0.66536,60.0001,1748.79416,2809.94476,0,0,0,1;
custom,cuboid,metal1,1.03552,8.65365,4.67344,1,1,1,1,0.0934,0.173072,-43.1861,1748.79414,2766.57776,0,0,0,1;
custom,cuboid,metal1,1.03552,8.65365,4.67344,1,1,1,1,0.0934,0.173072,43.1863,1748.79414,2766.57776,0,0,0,1;



custom,cuboid,metal4,14,1,6,1,1,1,1,0.05,0.05,0.00011,1923.99946,2956.23352,0,0,0,1;
custom,cuboid,medievalartilleryassets_texture-psd,14,24.39042,1,1,1,1,1,1,2,0.00011,1807.04735,2921.23352,0,0,0,1;
custom,cuboid,metal2,14,4.94975,1,1,1,1,1,1.4,0.49497,0.00012,1671.13075,2937.26898,-0.38268,0,0,0.92388;
custom,cuboid,metal2,14,4,1,1,1,1,1,1.4,0.4,0.00011,1639.4886,2968.91113,-0.38268,0,0,0.92388;
custom,cuboid,metal4,14,1,4,1,1,1,1,0.05,0.05,0.0001,1787.06238,2809.94507,0,0,0,1;
custom,cuboid,metal2,7.60172,1,4.67345,1,1,1,1,0.76017,0.1,0.0001,1787.06238,2766.57776,0,0,0,1;
custom,cuboid,metal4,14,13.20304,1,1,1,1,1,0.05,0.05,0.0001,1741.84706,2873.08899,-0.38268,0,0,0.92388;
custom,cylinder,ice1,1,7,1,1,1,1,1,0.1,1.4,0.00011,1625.34653,2983.05328,-0.2706,-0.2706,-0.65328,0.65328;
custom,arc180,metal4,5.5622,28,5.5622,1,1,1,1,0.8,0.45,-3.0799,1604.91225,3001.97804,-0.65328,-0.65328,0.2706,-0.2706;

custom,cuboid,metal4,14,4,1,1,1,1,1,0.3,0.05,0.00011,1705.09523,2991.23352,0,0,0,1;
custom,cuboid,metal4,14,4.00001,1,1,1,1,1,0.3,0.05,0.00011,1674.4886,3003.91113,-0.38268,0,0,0.92388;
custom,cuboid,metal4,14,17.20308,1,1,1,1,1,0.3,0.05,0.0001,1651.16833,2887.23145,-0.38268,0,0,0.92388;
custom,cuboid,metal4,14,1,4,1,1,1,1,0.3,0.05,0.0001,1710.52591,2809.94507,0,0,0,1;
custom,cuboid,metal2,7.60172,1,4.67345,1,1,1,1,0.76017,0.1,0.0001,1710.52591,2766.57776,0,0,0,1;

custom,cuboid,empty,9.2,1,0.4,1,0,0,0,0,0,0.00012,1655.04498,2963.25439,-0.38268,0,0,0.92388;
custom,cuboid,empty,0.4,1,3.94978,1,0,0,0,0,0,-47.9999,1667.59514,2975.80505,-0.38268,0,0,0.92388;
custom,cuboid,empty,0.4,1,3.94978,1,0,0,0,0,0,48.00012,1667.59514,2975.80505,-0.38268,0,0,0.92388;
custom,cuboid,empty,9.2,1,0.4,1,0,0,0,0,0,0.00011,1680.14549,2988.3551,-0.38268,0,0,0.92388;
racing,checkpointcuboid,9.21,0.9,3.15976,0.0001,1667.59529,2975.80475,-0.38268,0,0,0.92388;







custom,prism,metal4,15.3073,10,8.83772,1,1,1,1,0.15,0.1,-97.62612,1756.40652,2297.80364,0.65328,-0.2706,-0.2706,-0.65328;
custom,prism,metal4,15.3073,10,8.83772,1,1,1,1,0.15,0.1,-136.71807,1756.40652,2394.92027,0.5,-0.5,-0.5,-0.5;
custom,prism,metal4,15.3073,10,8.83772,1,1,1,1,0.15,0.1,-95.6886,1756.40652,2491.23401,0.2706,-0.65328,-0.65328,-0.2706;
custom,prism,metal4,15.3073,10,8.83772,1,1,1,1,0.15,0.1,136.83367,1756.40652,2392.17995,-0.5,-0.5,-0.5,0.5;
custom,prism,metal4,15.3073,10,8.83772,1,1,1,1,0.15,0.1,95.8042,1756.40652,2295.86621,-0.65328,-0.2706,-0.2706,0.65328;
custom,prism,metal4,15.3073,10,8.83772,1,1,1,1,0.15,0.1,97.7417,1756.40652,2489.29597,-0.2706,-0.65328,-0.65328,0.2706;

custom,prism,metal4,15.3073,10,8.83772,1,0.3,0.3,0.3,0.15,0.1,53.66544,1674.6452,2267.70997,-0.13795,-0.69352,0.69352,-0.13795;
custom,prism,metal4,15.3073,10,8.83772,1,0.3,0.3,0.3,0.15,0.1,126.94653,1674.6452,2342.4741,-0.39285,-0.58794,0.58794,-0.39285;
custom,prism,metal4,15.3073,10,8.83772,1,0.3,0.3,0.3,0.15,0.1,125.89793,1674.6452,2447.15774,-0.58794,-0.39285,0.39285,-0.58794;
custom,prism,metal4,15.3073,10,8.83772,1,0.3,0.3,0.3,0.15,0.1,51.13388,1674.6452,2520.43884,-0.69352,-0.13795,0.13795,-0.69352;
custom,prism,metal4,15.3073,10,8.83772,1,0.3,0.3,0.3,0.15,0.1,-53.54983,1674.6452,2519.39025,-0.69352,0.13795,-0.13795,-0.69352;
custom,prism,metal4,15.3073,10,8.83772,1,0.3,0.3,0.3,0.15,0.1,-126.83093,1674.6452,2444.62612,-0.58794,0.39285,-0.39285,-0.58794;
custom,prism,metal4,15.3073,10,8.83772,1,0.3,0.3,0.3,0.15,0.1,-125.78234,1674.6452,2339.94248,-0.39285,0.58794,-0.58794,-0.39285;
custom,prism,metal4,15.3073,10,8.83772,1,0.3,0.3,0.3,0.15,0.1,-51.01828,1674.6452,2266.66138,-0.13795,0.69352,-0.69352,-0.13795;

custom,cuboid,metal4,2.92891,15.3073,14.14213,1,0,0.5,1,0.05,0.05,-131.00831,1715.52586,2524.61594,0,-0.38268,0,-0.92388;
custom,cuboid,metal4,2.92891,15.3073,14.14213,1,0,0.5,1,0.05,0.05,-185.29747,1715.52586,2393.5498,0,0,0,-1;
custom,cuboid,metal4,2.92891,15.3073,14.14213,1,0,0.5,1,0.05,0.05,-131.00801,1715.52586,2262.48398,0,0.38268,0,-0.92388;
custom,cuboid,metal4,2.92891,15.3073,14.14214,1,0,0.5,1,0.05,0.05,131.12393,1715.52586,2262.48428,0,0.92388,0,-0.38268;
custom,cuboid,metal4,2.92891,15.3073,14.14213,1,0,0.5,1,0.05,0.05,185.41306,1715.52586,2393.55042,0,1,0,0;
custom,cuboid,metal4,2.92891,15.3073,14.14213,1,0,0.5,1,0.05,0.05,131.12359,1715.52586,2524.61624,0,0.92388,0,0.38268;
custom,prism,metal4,2.24169,15.3073,3.12459,1,0,0,0,0,0,-76.36949,1718.58735,2577.5371,0,0.19509,0,-0.98079;
custom,prism,metal4,2.24169,15.3073,3.12459,1,0,0,0,0,0,-184.08291,1718.58735,2469.60628,0,0.55557,0,-0.83147;
custom,prism,metal4,2.24169,15.3073,3.12459,1,0,0,0,0,0,-183.92922,1718.58735,2317.12295,0,0.83147,0,-0.55557;
custom,prism,metal4,2.24169,15.3073,3.12459,1,0,0,0,0,0,-75.9984,1718.58735,2209.40943,0,0.98079,0,-0.19509;
custom,prism,metal4,2.24169,15.3073,3.12459,1,0,0,0,0,0,76.4851,1718.58735,2209.56312,0,0.98079,0,0.19509;
custom,prism,metal4,2.24169,15.3073,3.12459,1,0,0,0,0,0,184.19849,1718.58735,2317.49394,0,0.83147,0,0.55557;
custom,prism,metal4,2.24169,15.3073,3.12459,1,0,0,0,0,0,184.0448,1718.58735,2469.97742,0,0.55557,0,0.83147;
custom,prism,metal4,2.24169,15.3073,3.12459,1,0,0,0,0,0,76.11397,1718.58735,2577.69094,0,0.19509,0,0.98079;

custom,cuboid,metal1,2.69849,15.3073,7.60172,1,1,1,1,0.1520344,0.306146,78.32624,1715.52586,2393.55042,0,-1,0,0;
custom,cuboid,metal1,2.69849,15.3073,7.60172,1,1,1,1,0.1520344,0.306146,55.40179,1715.52586,2448.89435,0,-0.92388,0,-0.38268;
custom,cuboid,metal1,2.69849,15.3073,7.60172,1,1,1,1,0.1520344,0.306146,0.05757,1715.52586,2471.81854,0,-0.70711,0,-0.70711;
custom,cuboid,metal1,2.69849,15.3073,7.60172,1,1,1,1,0.1520344,0.306146,-55.2865,1715.52586,2448.89404,0,-0.38268,0,-0.92388;
custom,cuboid,metal1,2.69849,15.3073,7.60172,1,1,1,1,0.1520344,0.306146,-78.21064,1715.52586,2393.5498,0,0,0,-1;
custom,cuboid,metal1,2.69849,15.3073,7.60172,1,1,1,1,0.1520344,0.306146,-55.28617,1715.52586,2338.20587,0,0.38268,0,-0.92388;
custom,cuboid,metal1,2.69849,15.3073,7.60172,1,1,1,1,0.1520344,0.306146,0.05804,1715.52586,2315.28168,0,0.70711,0,-0.70711;
custom,cuboid,metal1,2.69849,15.3073,7.60172,1,1,1,1,0.1520344,0.306146,55.40211,1715.52586,2338.20618,0,0.92388,0,-0.38268;

custom,cuboid,metal2,7.60172,7.65365,15.78996,1,1,1,1,0.76017,1.57,0.05757,1677.25758,2564.26086,0,-1,0,0;
custom,prism,metal2,15.78996,7.65365,3.77614,1,1,1,1,1.579,0.377,-53.18593,1678.78831,2565.6739,0,-0.70711,0,-0.70711;
custom,prism,metal2,15.78996,7.65365,3.77614,1,1,1,1,1.579,0.377,53.30106,1678.78831,2562.84782,0,0.70711,0,-0.70711;
custom,prism,empty,4.46088,7.60172,4.41885,1,0,0,0,0,0,-1.46276,1774.23443,2485.71017,0.5,-0.5,-0.5,-0.5;
custom,cuboid,metal4,7.60172,7.65365,10,1,1,1,1,0.05,0.05,0.05755,1677.25761,2693.21045,0,-1,0,0;

custom,cuboid,metal2,7.60172,7.65365,15.78996,1,1,1,1,0.76017,1.57,0.05806,1677.25758,2222.83936,0,0,0,-1;
custom,prism,metal2,15.78996,7.65365,3.77614,1,1,1,1,1.579,0.377,53.30155,1678.78831,2221.42632,0,0.70711,0,-0.70711;
custom,prism,metal2,15.78996,7.65365,3.77614,1,1,1,1,1.579,0.377,-53.18543,1678.78831,2224.2524,0,0.70711,0,0.70711;
custom,prism,empty,4.46088,7.60172,4.41885,1,0,0,0,0,0,1.57838,1774.23443,2301.39005,0.5,0.5,0.5,-0.5;
custom,cuboid,metal4,7.60172,7.65365,10,1,1,1,1,0.05,0.05,0.05809,1677.25761,2093.88977,0,0,0,-1;

custom,cuboid,medievalartilleryassets_texture-psd,1.12084,15.3073,8.54545,1,1,1,1,1,2,59.5948,1715.52586,2605.88043,0,-0.98079,0,-0.19509;
custom,cuboid,medievalartilleryassets_texture-psd,1.12084,15.3073,8.54545,1,1,1,1,1,2,-59.47968,1715.52586,2605.88043,0,-0.98079,0,0.19509;
custom,cuboid,medievalartilleryassets_texture-psd,1.03552,15.3073,10,1,1,1,1,1,2,-43.12866,1715.52586,2693.21045,0,-1,0,0;
custom,cuboid,medievalartilleryassets_texture-psd,1.03552,15.3073,10,1,1,1,1,1,2,43.24378,1715.52586,2693.21045,0,-1,0,0;
custom,cuboid,medievalartilleryassets_texture-psd,1.12084,15.3073,8.54545,1,1,1,1,1,2,-59.47917,1715.52586,2181.21979,0,0.19509,0,-0.98079;
custom,cuboid,medievalartilleryassets_texture-psd,1.12084,15.3073,8.54545,1,1,1,1,1,2,59.59531,1715.52586,2181.21979,0,-0.19509,0,-0.98079;
custom,cuboid,medievalartilleryassets_texture-psd,1.03552,15.3073,10,1,1,1,1,1,2,43.24429,1715.52586,2093.88962,0,0,0,-1;
custom,cuboid,medievalartilleryassets_texture-psd,1.03552,15.3073,10,1,1,1,1,1,2,-43.12816,1715.52586,2093.88962,0,0,0,-1;


custom,cuboid,metal2,7.60172,1,15.78996,1,1,1,1,0.76017,1,0.05757,1787.06238,2564.26086,0,-1,0,0;
custom,cuboid,metal4,7.60172,1,10,1,1,1,1,0.05,0.05,0.05755,1787.06238,2693.21045,0,-1,0,0;
custom,prism,metal2,15.78996,1,3.77614,1,1,1,1,1.579,0.377,-53.18593,1787.26238,2565.6739,0,-0.70711,0,-0.70711;
custom,prism,metal2,15.78996,1,3.77614,1,1,1,1,1.579,0.377,53.30106,1787.26238,2562.84782,0,0.70711,0,-0.70711;

custom,cuboid,metal4,7.60172,1,10,1,1,1,1,0.05,0.05,0.05809,1787.06238,2093.88977,0,0,0,-1;
custom,cuboid,metal2,7.60172,1,15.78996,1,1,1,1,0.76017,1,0.05806,1787.06238,2222.83936,0,0,0,-1;
custom,prism,metal2,15.78996,1,3.77614,1,1,1,1,1.579,0.377,-53.18543,1787.26238,2224.2524,0,0.70711,0,0.70711;
custom,prism,metal2,15.78996,1,3.77614,1,1,1,1,1.579,0.377,53.30155,1787.26238,2221.42632,0,0.70711,0,-0.70711;

custom,cuboid,ice1,7.60172,1,25.78996,1,0,0,0,0,0,0.05806,1797.06238,2172.83936,0,0,0,-1;
custom,cuboid,ice1,7.60172,1,25.78996,1,0,0,0,0,0,0.05756,1797.06238,2614.26086,0,-1,0,0;
custom,cuboid,ice1,10,1,15.30731,1,0,0,0,0,0,95.35856,1797.06238,2298.24905,0,-0.92388,0,0.38268;
custom,cuboid,ice1,9.30149,1,15.3073,1,0,0,0,0,0,138.32616,1797.06238,2393.5498,0,-1,0,0;
custom,cuboid,ice1,9.30149,1,15.3073,1,0,0,0,0,0,97.82845,1797.06238,2491.3205,0,-0.92388,0,-0.38268;
custom,cuboid,ice1,9.3015,1,15.3073,1,0,0,0,0,0,-97.71255,1797.06238,2491.3208,0,-0.38268,0,-0.92388;
custom,cuboid,ice1,9.30149,1,15.3073,1,0,0,0,0,0,-138.21054,1797.06238,2393.55042,0,0,0,-1;
custom,cuboid,ice1,9.30149,1,15.3073,1,0,0,0,0,0,-97.71282,1797.06238,2295.77972,0,0.38268,0,-0.92388;
custom,prism,ice1,15.78996,1,3.77614,1,0,0,0,0,0,-53.18543,1797.26238,2224.2524,0,0.70711,0,0.70711;
custom,prism,ice1,15.78996,1,3.77614,1,0,0,0,0,0,53.30155,1797.26238,2221.42632,0,0.70711,0,-0.70711;
custom,prism,ice1,15.78996,1,3.77614,1,0,0,0,0,0,-53.18593,1797.26238,2565.6739,0,-0.70711,0,-0.70711;
custom,prism,ice1,15.78996,1,3.77614,1,0,0,0,0,0,53.30106,1797.26238,2562.84782,0,0.70711,0,-0.70711;


custom,cuboid,empty,1.03552,2,10,1,0,0,0,0,0,43.24429,1802.06238,2093.88962,0,0,0,-1;
custom,cuboid,empty,1.03552,2,10,1,0,0,0,0,0,43.24378,1802.06238,2693.21045,0,-1,0,0;
custom,cuboid,empty,1.03552,2,10,1,0,0,0,0,0,-43.12866,1802.06238,2693.21045,0,-1,0,0;
custom,cuboid,empty,1.12084,2,8.54545,1,0,0,0,0,0,59.59531,1802.06238,2181.21979,0,-0.19509,0,-0.98079;
custom,cuboid,empty,1.12084,2,8.54545,1,0,0,0,0,0,-59.47917,1802.06238,2181.21979,0,0.19509,0,-0.98079;
custom,cuboid,empty,1.12084,2,8.54545,1,0,0,0,0,0,-59.47968,1802.06238,2605.88043,0,-0.98079,0,0.19509;
custom,cuboid,empty,1.12084,2,8.54545,1,0,0,0,0,0,59.5948,1802.06238,2605.88043,0,-0.98079,0,-0.19509;
custom,cuboid,empty,2.92891,2,14.14213,1,0,0,0,0,0,131.12359,1802.06238,2524.61624,0,0.92388,0,0.38268;
custom,cuboid,empty,2.92891,2,14.14213,1,0,0,0,0,0,185.41306,1802.06238,2393.55042,0,1,0,0;
custom,cuboid,empty,2.92891,2,14.14214,1,0,0,0,0,0,131.12393,1802.06238,2262.48428,0,0.92388,0,-0.38268;
custom,cuboid,empty,2.92891,2,14.14213,1,0,0,0,0,0,-131.00831,1802.06238,2524.61594,0,-0.38268,0,-0.92388;
custom,cuboid,empty,2.92891,2,14.14213,1,0,0,0,0,0,-131.00801,1802.06238,2262.48398,0,0.38268,0,-0.92388;
custom,cuboid,empty,2.92891,2,14.14213,1,0,0,0,0,0,-185.29747,1802.06238,2393.5498,0,0,0,-1;
custom,cuboid,empty,1.03552,2,10,1,0,0,0,0,0,-43.12811,1802.06238,2093.88962,0,0,0,-1;
custom,prism,empty,2.24169,2,3.12459,1,0,0,0,0,0,76.11397,1802.46238,2577.69094,0,0.19509,0,0.98079;
custom,prism,empty,2.24169,2,3.12459,1,0,0,0,0,0,184.0448,1802.46238,2469.97742,0,0.55557,0,0.83147;
custom,prism,empty,2.24169,2,3.12459,1,0,0,0,0,0,184.19849,1802.46238,2317.49394,0,0.83147,0,0.55557;
custom,prism,empty,2.24169,2,3.12459,1,0,0,0,0,0,76.4851,1802.46238,2209.56312,0,0.98079,0,0.19509;
custom,prism,empty,2.24169,2,3.12459,1,0,0,0,0,0,-75.9984,1802.46238,2209.40943,0,0.98079,0,-0.19509;
custom,prism,empty,2.24169,2,3.12459,1,0,0,0,0,0,-183.92922,1802.46238,2317.12295,0,0.83147,0,-0.55557;
custom,prism,empty,2.24169,2,3.12459,1,0,0,0,0,0,-184.08291,1802.46238,2469.60628,0,0.55557,0,-0.83147;
custom,prism,empty,2.24169,2,3.12459,1,0,0,0,0,0,-76.36949,1802.46238,2577.5371,0,0.19509,0,-0.98079;



custom,cuboid,default,2.69849,2,7.60172,1,0,0,0,0,0,78.32624,1802.06238,2393.55042,0,-1,0,0;
custom,cuboid,default,2.69849,2,7.60172,1,0,0,0,0,0,55.40179,1802.06238,2448.89435,0,-0.92388,0,-0.38268;
custom,cuboid,default,2.69849,2,7.60172,1,0,0,0,0,0,0.05757,1802.06238,2471.81854,0,-0.70711,0,-0.70711;
custom,cuboid,default,2.69849,2,7.60172,1,0,0,0,0,0,-55.2865,1802.06238,2448.89404,0,-0.38268,0,-0.92388;
custom,cuboid,default,2.69849,2,7.60172,1,0,0,0,0,0,-78.21064,1802.06238,2393.5498,0,0,0,-1;
custom,cuboid,default,2.69849,2,7.60172,1,0,0,0,0,0,-55.28617,1802.06238,2338.20587,0,0.38268,0,-0.92388;
custom,cuboid,default,2.69849,2,7.60172,1,0,0,0,0,0,0.05804,1802.06238,2315.28168,0,0.70711,0,-0.70711;
custom,cuboid,default,2.69849,2,7.60172,1,0,0,0,0,0,55.40211,1802.06238,2338.20618,0,0.92388,0,-0.38268;



custom,cuboid,ice1,7.60172,1,25.78996,1,0,0,0,0,0,-0.06,1633.98933,2172.83936,0,0,-1,0;
custom,cuboid,ice1,7.60172,1,25.78996,1,0,0,0,0,0,-0.05958,1633.98933,2614.26086,1,0,0,0;
custom,cuboid,ice1,10,1,15.3073,1,0,0,0,0,0,-95.36053,1633.98933,2298.24905,0.92388,0,0.38268,0;
custom,cuboid,ice1,9.30149,1,15.3073,1,0,0,0,0,0,-138.32812,1633.98933,2393.5498,1,0,0,0;
custom,cuboid,ice1,9.30149,1,15.3073,1,0,0,0,0,0,-97.83045,1633.98933,2491.3205,0.92388,0,-0.38268,0;
custom,cuboid,ice1,9.3015,1,15.3073,1,0,0,0,0,0,97.71054,1633.98933,2491.3208,0.38268,0,-0.92388,0;
custom,cuboid,ice1,9.30149,1,15.3073,1,0,0,0,0,0,138.20857,1633.98937,2393.55042,0,0,-1,0;
custom,cuboid,ice1,9.30149,1,15.3073,1,0,0,0,0,0,97.71086,1633.98933,2295.77972,-0.38268,0,-0.92388,0;
custom,prism,ice1,15.78996,1,3.77614,1,0,0,0,0,0,53.18347,1633.78933,2224.2524,-0.70711,0,0.70711,0;
custom,prism,ice1,15.78996,1,3.77614,1,0,0,0,0,0,-53.30349,1633.78933,2221.42632,-0.70711,0,-0.70711,0;
custom,prism,ice1,15.78996,1,3.77614,1,0,0,0,0,0,53.18391,1633.78933,2565.6739,0.70711,0,-0.70711,0;
custom,prism,ice1,15.78996,1,3.77614,1,0,0,0,0,0,-53.30306,1633.78933,2562.84782,-0.70711,0,-0.70711,0;
custom,cuboid,default,1.03552,2,10,1,0,0,0,0,0,-43.24621,1628.98933,2093.88962,0,0,-1,0;
custom,cuboid,default,1.03552,2,10,1,0,0,0,0,0,-43.24582,1628.98933,2693.21045,1,0,0,0;
custom,cuboid,default,1.03552,2,10,1,0,0,0,0,0,43.12662,1628.98933,2693.21045,1,0,0,0;
custom,cuboid,default,1.12084,2,8.54545,1,0,0,0,0,0,-59.59725,1628.98933,2181.21979,0.19509,0,-0.98079,0;
custom,cuboid,default,1.12084,2,8.54545,1,0,0,0,0,0,59.47723,1628.98933,2181.21979,-0.19509,0,-0.98079,0;
custom,cuboid,default,1.12084,2,8.54545,1,0,0,0,0,0,59.47766,1628.98933,2605.88043,0.98079,0,0.19509,0;
custom,cuboid,default,1.12084,2,8.54545,1,0,0,0,0,0,-59.59682,1628.98933,2605.88043,0.98079,0,-0.19509,0;
custom,cuboid,default,2.92891,2,14.14213,1,0,0,0,0,0,-131.12559,1628.98933,2524.61624,-0.92388,0,0.38268,0;
custom,cuboid,default,2.92891,2,14.14213,1,0,0,0,0,0,-185.41508,1628.98933,2393.55042,-1,0,0,0;
custom,cuboid,default,2.92891,2,14.14214,1,0,0,0,0,0,-131.1259,1628.98933,2262.48428,-0.92388,0,-0.38268,0;
custom,cuboid,default,2.92891,2,14.14213,1,0,0,0,0,0,131.00631,1628.98937,2524.61594,0.38268,0,-0.92388,0;
custom,cuboid,default,2.92891,2,14.14213,1,0,0,0,0,0,131.00604,1628.98937,2262.48398,-0.38268,0,-0.92388,0;
custom,cuboid,default,2.92891,2,14.14213,1,0,0,0,0,0,185.29545,1628.98937,2393.5498,0,0,-1,0;
custom,cuboid,default,1.03552,2,10,1,0,0,0,0,0,43.12617,1628.98933,2093.88962,0,0,-1,0;
custom,prism,default,2.24169,2,3.12459,1,0,0,0,0,0,-76.116,1628.58933,2577.69094,-0.19509,0,0.98079,0;
custom,prism,default,2.24169,2,3.12459,1,0,0,0,0,0,-184.04682,1628.58933,2469.97742,-0.55557,0,0.83147,0;
custom,prism,default,2.24169,2,3.12459,1,0,0,0,0,0,-184.20052,1628.58933,2317.49394,-0.83147,0,0.55557,0;
custom,prism,default,2.24169,2,3.12459,1,0,0,0,0,0,-76.48707,1628.58933,2209.56312,-0.98079,0,0.19509,0;
custom,prism,default,2.24169,2,3.12459,1,0,0,0,0,0,75.99643,1628.58933,2209.40943,-0.98079,0,-0.19509,0;
custom,prism,default,2.24169,2,3.12459,1,0,0,0,0,0,183.92719,1628.58933,2317.12295,-0.83147,0,-0.55557,0;
custom,prism,default,2.24169,2,3.12459,1,0,0,0,0,0,184.08089,1628.58933,2469.60628,-0.55557,0,-0.83147,0;
custom,prism,default,2.24169,2,3.12459,1,0,0,0,0,0,76.36747,1628.58933,2577.5371,-0.19509,0,-0.98079,0;

custom,cuboid,default,2.69849,2,7.60172,1,0,0,0,0,0,-78.32822,1628.98933,2393.55042,1,0,0,0;
custom,cuboid,default,2.69849,2,7.60172,1,0,0,0,0,0,-55.40377,1628.98933,2448.89435,0.92388,0,-0.38268,0;
custom,cuboid,default,2.69849,2,7.60172,1,0,0,0,0,0,-0.05957,1628.98933,2471.81854,0.70711,0,-0.70711,0;
custom,cuboid,default,2.69849,2,7.60172,1,0,0,0,0,0,55.2845,1628.98933,2448.89404,0.38268,0,-0.92388,0;
custom,cuboid,default,2.69849,2,7.60172,1,0,0,0,0,0,78.20865,1628.98933,2393.5498,0,0,-1,0;
custom,cuboid,default,2.69849,2,7.60172,1,0,0,0,0,0,55.28419,1628.98933,2338.20587,-0.38268,0,-0.92388,0;
custom,cuboid,default,2.69849,2,7.60172,1,0,0,0,0,0,-0.06001,1628.98933,2315.28168,-0.70711,0,-0.70711,0;
custom,cuboid,default,2.69849,2,7.60172,1,0,0,0,0,0,-55.40407,1628.98933,2338.20618,-0.92388,0,-0.38268,0;





racing,killprism,15.3073,10,8.83772,-97.62607,1756.40652,1598.48281,0.65328,-0.2706,-0.2706,-0.65328;
racing,killprism,15.3073,10,8.83772,-136.718,1756.40652,1695.59928,0.5,-0.5,-0.5,-0.5;
racing,killprism,15.3073,10,8.83772,-95.68854,1756.40652,1791.91317,0.2706,-0.65328,-0.65328,-0.2706;
racing,killprism,15.3073,10,8.83772,136.83371,1756.40652,1692.85912,-0.5,-0.5,-0.5,0.5;
racing,killprism,15.3073,10,8.83772,95.80426,1756.40652,1596.54538,-0.65328,-0.2706,-0.2706,0.65328;
racing,killprism,15.3073,10,8.83772,97.74177,1756.40652,1789.9756,-0.2706,-0.65328,-0.65328,0.2706;

custom,prism,metal4,15.15423,10,8.74933,1,1,1,1,0.15,0.1,-97.61638,1756.76305,1598.47313,0.65328,-0.2706,-0.2706,-0.65328;
custom,prism,metal4,15.15423,10,8.74933,1,1,1,1,0.15,0.1,-136.718,1756.76305,1695.58558,0.5,-0.5,-0.5,-0.5;
custom,prism,metal4,15.15423,10,8.74933,1,1,1,1,0.15,0.1,-95.69823,1756.76305,1791.90348,0.2706,-0.65328,-0.65328,-0.2706;
custom,prism,metal4,15.15423,10,8.74933,1,1,1,1,0.15,0.1,136.83371,1756.76305,1692.87282,-0.5,-0.5,-0.5,0.5;
custom,prism,metal4,15.15423,10,8.74933,1,1,1,1,0.15,0.1,95.81395,1756.76305,1596.55507,-0.65328,-0.2706,-0.2706,0.65328;
custom,prism,metal4,15.15423,10,8.74933,1,1,1,1,0.15,0.1,97.73208,1756.76305,1789.98528,-0.2706,-0.65328,-0.65328,0.2706;

racing,killprism,15.3073,10,8.83772,53.6655,1674.6452,1568.38898,-0.13795,-0.69352,0.69352,-0.13795;
racing,killprism,15.3073,10,8.83772,126.9466,1674.6452,1643.15311,-0.39285,-0.58794,0.58794,-0.39285;
racing,killprism,15.3073,10,8.83772,125.89799,1674.6452,1747.83691,-0.58794,-0.39285,0.39285,-0.58794;
racing,killprism,15.3073,10,8.83772,51.13394,1674.6452,1821.11801,-0.69352,-0.13795,0.13795,-0.69352;
racing,killprism,15.3073,10,8.83772,-53.54977,1674.6452,1820.06927,-0.69352,0.13795,-0.13795,-0.69352;
racing,killprism,15.3073,10,8.83772,-126.83087,1674.6452,1745.30529,-0.58794,0.39285,-0.39285,-0.58794;
racing,killprism,15.3073,10,8.83772,-125.78226,1674.6452,1640.6215,-0.39285,0.58794,-0.58794,-0.39285;
racing,killprism,15.3073,10,8.83772,-51.01822,1674.6452,1567.34054,-0.13795,0.69352,-0.69352,-0.13795;

custom,prism,metal4,15.15423,10,8.74933,1,0.3,0.3,0.3,0.15,0.1,53.65285,1674.28863,1568.38374,-0.13795,-0.69352,0.69352,-0.13795;
custom,prism,metal4,15.15423,10,8.74933,1,0.3,0.3,0.3,0.15,0.1,126.94135,1674.28863,1643.14045,-0.39285,-0.58794,0.58794,-0.39285;
custom,prism,metal4,15.15423,10,8.74933,1,0.3,0.3,0.3,0.15,0.1,125.90323,1674.28863,1747.82425,-0.58794,-0.39285,0.39285,-0.58794;
custom,prism,metal4,15.15423,10,8.74933,1,0.3,0.3,0.3,0.15,0.1,51.1466,1674.28863,1821.11277,-0.69352,-0.13795,0.13795,-0.69352;
custom,prism,metal4,15.15423,10,8.74933,1,0.3,0.3,0.3,0.15,0.1,-53.53712,1674.28863,1820.07451,-0.69352,0.13795,-0.13795,-0.69352;
custom,prism,metal4,15.15423,10,8.74933,1,0.3,0.3,0.3,0.15,0.1,-126.82562,1674.28863,1745.31795,-0.58794,0.39285,-0.39285,-0.58794;
custom,prism,metal4,15.15423,10,8.74933,1,0.3,0.3,0.3,0.15,0.1,-125.7875,1674.28863,1640.63416,-0.39285,0.58794,-0.58794,-0.39285;
custom,prism,metal4,15.15423,10,8.74933,1,0.3,0.3,0.3,0.15,0.1,-51.03088,1674.28863,1567.34578,-0.13795,0.69352,-0.69352,-0.13795;

custom,cuboid,metal4,2.92891,15.3073,14.14213,1,1,0.5,0,0.05,0.05,-131.00825,1715.52586,1825.29495,0,-0.38268,0,-0.92388;
custom,cuboid,metal4,2.92891,15.3073,14.14213,1,1,0.5,0,0.05,0.05,-185.29739,1715.52586,1694.22897,0,0,0,-1;
custom,cuboid,metal4,2.92891,15.3073,14.14213,1,1,0.5,0,0.05,0.05,-131.00795,1715.52586,1563.16315,0,0.38268,0,-0.92388;
custom,cuboid,metal4,2.92891,15.3073,14.14214,1,1,0.5,0,0.05,0.05,131.12399,1715.52586,1563.16345,0,0.92388,0,-0.38268;
custom,cuboid,metal4,2.92891,15.3073,14.14213,1,1,0.5,0,0.05,0.05,185.41313,1715.52586,1694.22943,0,1,0,0;
custom,cuboid,metal4,2.92891,15.3073,14.14213,1,1,0.5,0,0.05,0.05,131.12365,1715.52586,1825.29541,0,0.92388,0,0.38268;
custom,prism,metal4,2.24169,15.3073,3.12459,1,0,0,0,0,0,-76.36942,1718.58735,1878.21612,0,0.19509,0,-0.98079;
custom,prism,metal4,2.24169,15.3073,3.12459,1,0,0,0,0,0,-184.08283,1718.58735,1770.28545,0,0.55557,0,-0.83147;
custom,prism,metal4,2.24169,15.3073,3.12459,1,0,0,0,0,0,-183.92914,1718.58735,1617.80197,0,0.83147,0,-0.55557;
custom,prism,metal4,2.24169,15.3073,3.12459,1,0,0,0,0,0,-75.99833,1718.58735,1510.0886,0,0.98079,0,-0.19509;
custom,prism,metal4,2.24169,15.3073,3.12459,1,0,0,0,0,0,76.48517,1718.58735,1510.24214,0,0.98079,0,0.19509;
custom,prism,metal4,2.24169,15.3073,3.12459,1,0,0,0,0,0,184.19857,1718.58735,1618.17311,0,0.83147,0,0.55557;
custom,prism,metal4,2.24169,15.3073,3.12459,1,0,0,0,0,0,184.04488,1718.58735,1770.65659,0,0.55557,0,0.83147;
custom,prism,metal4,2.24169,15.3073,3.12459,1,0,0,0,0,0,76.11404,1718.58735,1878.36996,0,0.19509,0,0.98079;

custom,cuboid,metal1,2.69849,15.3073,7.60172,1,1,1,1,0.1520344,0.306146,78.3263,1715.52586,1694.22943,0,-1,0,0;
custom,cuboid,metal1,2.69849,15.3073,7.60172,1,1,1,1,0.1520344,0.306146,55.40184,1715.52586,1749.57352,0,-0.92388,0,-0.38268;
custom,cuboid,metal1,2.69849,15.3073,7.60172,1,1,1,1,0.1520344,0.306146,0.05764,1715.52586,1772.49756,0,-0.70711,0,-0.70711;
custom,cuboid,metal1,2.69849,15.3073,7.60172,1,1,1,1,0.1520344,0.306146,-55.28645,1715.52586,1749.57321,0,-0.38268,0,-0.92388;
custom,cuboid,metal1,2.69849,15.3073,7.60172,1,1,1,1,0.1520344,0.306146,-78.21058,1715.52586,1694.22897,0,0,0,-1;
custom,cuboid,metal1,2.69849,15.3073,7.60172,1,1,1,1,0.1520344,0.306146,-55.28611,1715.52586,1638.88489,0,0.38268,0,-0.92388;
custom,cuboid,metal1,2.69849,15.3073,7.60172,1,1,1,1,0.1520344,0.306146,0.0581,1715.52586,1615.96069,0,0.70711,0,-0.70711;
custom,cuboid,metal1,2.69849,15.3073,7.60172,1,1,1,1,0.1520344,0.306146,55.40216,1715.52586,1638.88519,0,0.92388,0,-0.38268;



custom,cuboid,metal2,7.60172,7.65365,15.78996,1,1,1,1,0.76017,1.57,0.05763,1677.25758,1864.93988,0,-1,0,0;
custom,prism,metal2,15.78996,7.65365,3.77614,1,1,1,1,1.579,0.377,-53.18588,1678.78831,1866.35292,0,-0.70711,0,-0.70711;
custom,prism,metal2,15.78996,7.65365,3.77614,1,1,1,1,1.579,0.377,53.30111,1678.78831,1863.52684,0,0.70711,0,-0.70711;
custom,prism,empty,4.46088,7.60172,4.41885,1,0,0,0,0,0,-1.4627,1774.23443,1786.38919,0.5,-0.5,-0.5,-0.5;
custom,cuboid,metal4,7.60172,7.65365,10,1,1,1,1,0.05,0.05,0.05761,1677.25761,1993.88962,0,-1,0,0;
custom,cuboid,metal2,7.60172,7.65365,15.78996,1,1,1,1,0.76017,1.57,0.05812,1677.25758,1523.51852,0,0,0,-1;
custom,prism,metal2,15.78996,7.65365,3.77614,1,1,1,1,1.579,0.377,53.30161,1678.78831,1522.10548,0,0.70711,0,-0.70711;
custom,prism,metal2,15.78996,7.65365,3.77614,1,1,1,1,1.579,0.377,-53.18537,1678.78831,1524.93156,0,0.70711,0,0.70711;
custom,prism,empty,4.46088,7.60172,4.41885,1,0,0,0,0,0,1.57844,1774.23443,1602.06906,0.5,0.5,0.5,-0.5;
custom,cuboid,metal4,7.60172,7.65365,10,1,1,1,1,0.05,0.05,0.05815,1677.25761,1394.56879,0,0,0,-1;

custom,cuboid,medievalartilleryassets_texture-psd,1.12084,15.3073,8.54545,1,1,1,1,1,2,59.59486,1715.52586,1906.55945,0,-0.98079,0,-0.19509;
custom,cuboid,medievalartilleryassets_texture-psd,1.12084,15.3073,8.54545,1,1,1,1,1,2,-59.47962,1715.52586,1906.55945,0,-0.98079,0,0.19509;
custom,cuboid,medievalartilleryassets_texture-psd,1.03552,15.3073,10,1,1,1,1,1,2,-43.1286,1715.52586,1993.88962,0,-1,0,0;
custom,cuboid,medievalartilleryassets_texture-psd,1.03552,15.3073,10,1,1,1,1,1,2,43.24384,1715.52586,1993.88962,0,-1,0,0;
custom,cuboid,medievalartilleryassets_texture-psd,1.12084,15.3073,8.54545,1,1,1,1,1,2,-59.47912,1715.52586,1481.89896,0,0.19509,0,-0.98079;
custom,cuboid,medievalartilleryassets_texture-psd,1.12084,15.3073,8.54545,1,1,1,1,1,2,59.59537,1715.52586,1481.89896,0,-0.19509,0,-0.98079;
custom,cuboid,medievalartilleryassets_texture-psd,1.03552,15.3073,10,1,1,1,1,1,2,43.24434,1715.52586,1394.56879,0,0,0,-1;
custom,cuboid,medievalartilleryassets_texture-psd,1.03552,15.3073,10,1,1,1,1,1,2,-43.1281,1715.52586,1394.56879,0,0,0,-1;


custom,cuboid,metal2,7.60172,1,15.78996,1,1,1,1,0.76017,1,0.05763,1787.06238,1864.93988,0,-1,0,0;
custom,cuboid,metal4,7.60172,1,10,1,1,1,1,0.05,0.05,0.05761,1787.06238,1993.88962,0,-1,0,0;
custom,prism,metal2,15.78996,1,3.77614,1,1,1,1,1.579,0.377,-53.18588,1787.26238,1866.35292,0,-0.70711,0,-0.70711;
custom,prism,metal2,15.78996,1,3.77614,1,1,1,1,1.579,0.377,53.30111,1787.26238,1863.52684,0,0.70711,0,-0.70711;
custom,cuboid,metal4,7.60172,1,10,1,1,1,1,0.05,0.05,0.05815,1787.06238,1394.56879,0,0,0,-1;
custom,cuboid,metal2,7.60172,1,15.78996,1,1,1,1,0.76017,1,0.05812,1787.06238,1523.51852,0,0,0,-1;
custom,prism,metal2,15.78996,1,3.77614,1,1,1,1,1.579,0.377,-53.18537,1787.26238,1524.93156,0,0.70711,0,0.70711;
custom,prism,metal2,15.78996,1,3.77614,1,1,1,1,1.579,0.377,53.30161,1787.26238,1522.10548,0,0.70711,0,-0.70711;

custom,cuboid,ice1,7.60172,1,25.78996,1,0,0,0,0,0,0.05812,1797.06238,1473.51852,0,0,0,-1;
custom,cuboid,ice1,7.60172,1,25.78996,1,0,0,0,0,0,0.05762,1797.06238,1914.93988,0,-1,0,0;
custom,cuboid,ice1,10,1,15.30731,1,0,0,0,0,0,95.35862,1797.06238,1598.92822,0,-0.92388,0,0.38268;
custom,cuboid,ice1,9.30149,1,15.3073,1,0,0,0,0,0,138.3262,1797.06238,1694.22897,0,-1,0,0;
custom,cuboid,ice1,9.30149,1,15.3073,1,0,0,0,0,0,97.8285,1797.06238,1791.99951,0,-0.92388,0,-0.38268;
custom,cuboid,ice1,9.3015,1,15.3073,1,0,0,0,0,0,-97.71249,1797.06238,1791.99982,0,-0.38268,0,-0.92388;
custom,cuboid,ice1,9.30149,1,15.3073,1,0,0,0,0,0,-138.2105,1797.06238,1694.22943,0,0,0,-1;
custom,cuboid,ice1,9.30149,1,15.3073,1,0,0,0,0,0,-97.71276,1797.06238,1596.45889,0,0.38268,0,-0.92388;
custom,prism,ice1,15.78996,1,3.77614,1,0,0,0,0,0,-53.18537,1797.26238,1524.93156,0,0.70711,0,0.70711;
custom,prism,ice1,15.78996,1,3.77614,1,0,0,0,0,0,53.30161,1797.26238,1522.10548,0,0.70711,0,-0.70711;
custom,prism,ice1,15.78996,1,3.77614,1,0,0,0,0,0,-53.18588,1797.26238,1866.35292,0,-0.70711,0,-0.70711;
custom,prism,ice1,15.78996,1,3.77614,1,0,0,0,0,0,53.30111,1797.26238,1863.52684,0,0.70711,0,-0.70711;
custom,cuboid,empty,1.03552,2,10,1,0,0,0,0,0,43.24434,1802.06238,1394.56879,0,0,0,-1;
custom,cuboid,empty,1.03552,2,10,1,0,0,0,0,0,43.24384,1802.06238,1993.88962,0,-1,0,0;
custom,cuboid,empty,1.03552,2,10,1,0,0,0,0,0,-43.1286,1802.06238,1993.88962,0,-1,0,0;
custom,cuboid,empty,1.12084,2,8.54545,1,0,0,0,0,0,59.59537,1802.06238,1481.89896,0,-0.19509,0,-0.98079;
custom,cuboid,empty,1.12084,2,8.54545,1,0,0,0,0,0,-59.47912,1802.06238,1481.89896,0,0.19509,0,-0.98079;
custom,cuboid,empty,1.12084,2,8.54545,1,0,0,0,0,0,-59.47962,1802.06238,1906.55945,0,-0.98079,0,0.19509;
custom,cuboid,empty,1.12084,2,8.54545,1,0,0,0,0,0,59.59486,1802.06238,1906.55945,0,-0.98079,0,-0.19509;
custom,cuboid,empty,2.92891,2,14.14213,1,0,0,0,0,0,131.12365,1802.06238,1825.29541,0,0.92388,0,0.38268;
custom,cuboid,empty,2.92891,2,14.14213,1,0,0,0,0,0,185.41313,1802.06238,1694.22943,0,1,0,0;
custom,cuboid,empty,2.92891,2,14.14214,1,0,0,0,0,0,131.12399,1802.06238,1563.16345,0,0.92388,0,-0.38268;
custom,cuboid,empty,2.92891,2,14.14213,1,0,0,0,0,0,-131.00825,1802.06238,1825.29495,0,-0.38268,0,-0.92388;
custom,cuboid,empty,2.92891,2,14.14213,1,0,0,0,0,0,-131.00795,1802.06238,1563.16315,0,0.38268,0,-0.92388;
custom,cuboid,empty,2.92891,2,14.14213,1,0,0,0,0,0,-185.29739,1802.06238,1694.22897,0,0,0,-1;
custom,cuboid,empty,1.03552,2,10,1,0,0,0,0,0,-43.12805,1802.06238,1394.56879,0,0,0,-1;
custom,prism,empty,2.24169,2,3.12459,1,0,0,0,0,0,76.11404,1802.46238,1878.36996,0,0.19509,0,0.98079;
custom,prism,empty,2.24169,2,3.12459,1,0,0,0,0,0,184.04488,1802.46238,1770.65659,0,0.55557,0,0.83147;
custom,prism,empty,2.24169,2,3.12459,1,0,0,0,0,0,184.19857,1802.46238,1618.17311,0,0.83147,0,0.55557;
custom,prism,empty,2.24169,2,3.12459,1,0,0,0,0,0,76.48517,1802.46238,1510.24214,0,0.98079,0,0.19509;
custom,prism,empty,2.24169,2,3.12459,1,0,0,0,0,0,-75.99833,1802.46238,1510.0886,0,0.98079,0,-0.19509;
custom,prism,empty,2.24169,2,3.12459,1,0,0,0,0,0,-183.92914,1802.46238,1617.80197,0,0.83147,0,-0.55557;
custom,prism,empty,2.24169,2,3.12459,1,0,0,0,0,0,-184.08283,1802.46238,1770.28545,0,0.55557,0,-0.83147;
custom,prism,empty,2.24169,2,3.12459,1,0,0,0,0,0,-76.36942,1802.46238,1878.21612,0,0.19509,0,-0.98079;
custom,cuboid,default,2.69849,2,7.60172,1,0,0,0,0,0,78.3263,1802.06238,1694.22943,0,-1,0,0;
custom,cuboid,default,2.69849,2,7.60172,1,0,0,0,0,0,55.40184,1802.06238,1749.57352,0,-0.92388,0,-0.38268;
custom,cuboid,default,2.69849,2,7.60172,1,0,0,0,0,0,0.05764,1802.06238,1772.49756,0,-0.70711,0,-0.70711;
custom,cuboid,default,2.69849,2,7.60172,1,0,0,0,0,0,-55.28645,1802.06238,1749.57321,0,-0.38268,0,-0.92388;
custom,cuboid,default,2.69849,2,7.60172,1,0,0,0,0,0,-78.21058,1802.06238,1694.22897,0,0,0,-1;
custom,cuboid,default,2.69849,2,7.60172,1,0,0,0,0,0,-55.28611,1802.06238,1638.88489,0,0.38268,0,-0.92388;
custom,cuboid,default,2.69849,2,7.60172,1,0,0,0,0,0,0.0581,1802.06238,1615.96069,0,0.70711,0,-0.70711;
custom,cuboid,default,2.69849,2,7.60172,1,0,0,0,0,0,55.40216,1802.06238,1638.88519,0,0.92388,0,-0.38268;




custom,cuboid,ice1,7.60172,1,25.78996,1,0,0,0,0,0,-0.05994,1633.98933,1473.51852,0,0,-1,0;
custom,cuboid,ice1,7.60172,1,25.78996,1,0,0,0,0,0,-0.05952,1633.98933,1914.93988,1,0,0,0;
custom,cuboid,ice1,10,1,15.3073,1,0,0,0,0,0,-95.36047,1633.98933,1598.92822,0.92388,0,0.38268,0;
custom,cuboid,ice1,9.30149,1,15.3073,1,0,0,0,0,0,-138.32808,1633.98933,1694.22897,1,0,0,0;
custom,cuboid,ice1,9.30149,1,15.3073,1,0,0,0,0,0,-97.83039,1633.98933,1791.99951,0.92388,0,-0.38268,0;
custom,cuboid,ice1,9.3015,1,15.3073,1,0,0,0,0,0,97.7106,1633.98933,1791.99982,0.38268,0,-0.92388,0;
custom,cuboid,ice1,9.30149,1,15.3073,1,0,0,0,0,0,138.20861,1633.98937,1694.22943,0,0,-1,0;
custom,cuboid,ice1,9.30149,1,15.3073,1,0,0,0,0,0,97.71091,1633.98933,1596.45889,-0.38268,0,-0.92388,0;
custom,prism,ice1,15.78996,1,3.77614,1,0,0,0,0,0,53.18354,1633.78933,1524.93156,-0.70711,0,0.70711,0;
custom,prism,ice1,15.78996,1,3.77614,1,0,0,0,0,0,-53.30344,1633.78933,1522.10548,-0.70711,0,-0.70711,0;
custom,prism,ice1,15.78996,1,3.77614,1,0,0,0,0,0,53.18397,1633.78933,1866.35292,0.70711,0,-0.70711,0;
custom,prism,ice1,15.78996,1,3.77614,1,0,0,0,0,0,-53.303,1633.78933,1863.52684,-0.70711,0,-0.70711,0;
custom,cuboid,empty,1.03552,2,10,1,0,0,0,0,0,-43.24615,1628.98933,1394.56879,0,0,-1,0;
custom,cuboid,empty,1.03552,2,10,1,0,0,0,0,0,-43.24576,1628.98933,1993.88962,1,0,0,0;
custom,cuboid,empty,1.03552,2,10,1,0,0,0,0,0,43.12668,1628.98933,1993.88962,1,0,0,0;
custom,cuboid,empty,1.12084,2,8.54545,1,0,0,0,0,0,-59.5972,1628.98933,1481.89896,0.19509,0,-0.98079,0;
custom,cuboid,empty,1.12084,2,8.54545,1,0,0,0,0,0,59.47729,1628.98933,1481.89896,-0.19509,0,-0.98079,0;
custom,cuboid,empty,1.12084,2,8.54545,1,0,0,0,0,0,59.47773,1628.98933,1906.55945,0.98079,0,0.19509,0;
custom,cuboid,empty,1.12084,2,8.54545,1,0,0,0,0,0,-59.59676,1628.98933,1906.55945,0.98079,0,-0.19509,0;
custom,cuboid,empty,2.92891,2,14.14213,1,0,0,0,0,0,-131.12554,1628.98933,1825.29526,-0.92388,0,0.38268,0;
custom,cuboid,empty,2.92891,2,14.14213,1,0,0,0,0,0,-185.415,1628.98933,1694.22943,-1,0,0,0;
custom,cuboid,empty,2.92891,2,14.14214,1,0,0,0,0,0,-131.12584,1628.98933,1563.16345,-0.92388,0,-0.38268,0;
custom,cuboid,empty,2.92891,2,14.14213,1,0,0,0,0,0,131.00636,1628.98937,1825.2951,0.38268,0,-0.92388,0;
custom,cuboid,empty,2.92891,2,14.14213,1,0,0,0,0,0,131.0061,1628.98937,1563.16315,-0.38268,0,-0.92388,0;
custom,cuboid,empty,2.92891,2,14.14213,1,0,0,0,0,0,185.29552,1628.98937,1694.22897,0,0,-1,0;
custom,cuboid,empty,1.03552,2,10,1,0,0,0,0,0,43.12624,1628.98933,1394.56879,0,0,-1,0;
custom,prism,empty,2.24169,2,3.12459,1,0,0,0,0,0,-76.11593,1628.58933,1878.36996,-0.19509,0,0.98079,0;
custom,prism,empty,2.24169,2,3.12459,1,0,0,0,0,0,-184.04675,1628.58933,1770.65644,-0.55557,0,0.83147,0;
custom,prism,empty,2.24169,2,3.12459,1,0,0,0,0,0,-184.20044,1628.58933,1618.17295,-0.83147,0,0.55557,0;
custom,prism,empty,2.24169,2,3.12459,1,0,0,0,0,0,-76.487,1628.58933,1510.24214,-0.98079,0,0.19509,0;
custom,prism,empty,2.24169,2,3.12459,1,0,0,0,0,0,75.9965,1628.58933,1510.0886,-0.98079,0,-0.19509,0;
custom,prism,empty,2.24169,2,3.12459,1,0,0,0,0,0,183.92727,1628.58933,1617.80197,-0.83147,0,-0.55557,0;
custom,prism,empty,2.24169,2,3.12459,1,0,0,0,0,0,184.08096,1628.58933,1770.28545,-0.55557,0,-0.83147,0;
custom,prism,empty,2.24169,2,3.12459,1,0,0,0,0,0,76.36753,1628.58933,1878.21612,-0.19509,0,-0.98079,0;
custom,cuboid,default,2.69849,2,7.60172,1,0,0,0,0,0,-78.32817,1628.98933,1694.22943,1,0,0,0;
custom,cuboid,default,2.69849,2,7.60172,1,0,0,0,0,0,-55.40371,1628.98933,1749.57352,0.92388,0,-0.38268,0;
custom,cuboid,default,2.69849,2,7.60172,1,0,0,0,0,0,-0.0595,1628.98933,1772.49756,0.70711,0,-0.70711,0;
custom,cuboid,default,2.69849,2,7.60172,1,0,0,0,0,0,55.28456,1628.98933,1749.57321,0.38268,0,-0.92388,0;
custom,cuboid,default,2.69849,2,7.60172,1,0,0,0,0,0,78.20871,1628.98933,1694.22897,0,0,-1,0;
custom,cuboid,default,2.69849,2,7.60172,1,0,0,0,0,0,55.28426,1628.98933,1638.88489,-0.38268,0,-0.92388,0;
custom,cuboid,default,2.69849,2,7.60172,1,0,0,0,0,0,-0.05995,1628.98933,1615.96069,-0.70711,0,-0.70711,0;
custom,cuboid,default,2.69849,2,7.60172,1,0,0,0,0,0,-55.40401,1628.98933,1638.88519,-0.92388,0,-0.38268,0;





racing,killprism,15.3073,10,8.83772,-97.62601,1756.40652,899.16197,0.65328,-0.2706,-0.2706,-0.65328;
racing,killprism,15.3073,10,8.83772,-136.71794,1756.40652,996.2783,0.5,-0.5,-0.5,-0.5;
racing,killprism,15.3073,10,8.83772,-95.68848,1756.40652,1092.59219,0.2706,-0.65328,-0.65328,-0.2706;
racing,killprism,15.3073,10,8.83772,136.83378,1756.40652,993.53829,-0.5,-0.5,-0.5,0.5;
racing,killprism,15.3073,10,8.83772,95.80433,1756.40652,897.2244,-0.65328,-0.2706,-0.2706,0.65328;
racing,killprism,15.3073,10,8.83772,97.74183,1756.40652,1090.65431,-0.2706,-0.65328,-0.65328,0.2706;
custom,prism,metal4,9.94975,10,5.74451,1,1,1,1,0.15,0.05,-97.28699,1768.88608,898.82295,0.65328,-0.2706,-0.2706,-0.65328;
custom,prism,metal4,9.94975,10,5.74451,1,1,1,1,0.15,0.05,-136.71794,1768.88608,995.79885,0.5,-0.5,-0.5,-0.5;
custom,prism,metal4,9.94975,10,5.74451,1,1,1,1,0.15,0.05,-96.02749,1768.88608,1092.25317,0.2706,-0.65328,-0.65328,-0.2706;
custom,prism,metal4,9.94974,10,5.74451,1,1,1,1,0.15,0.05,136.83378,1768.88608,994.01774,-0.5,-0.5,-0.5,0.5;
custom,prism,metal4,9.94975,10,5.74451,1,1,1,1,0.15,0.05,96.14333,1768.88608,897.56342,-0.65328,-0.2706,-0.2706,0.65328;
custom,prism,metal4,9.94975,10,5.74451,1,1,1,1,0.15,0.05,97.40281,1768.88608,1090.99333,-0.2706,-0.65328,-0.65328,0.2706;
custom,prism,default,15.46037,0.2,8.9261,1,0,0,0,0,0,-120.95225,1756.04996,875.85498,0.65328,-0.2706,-0.2706,-0.65328;
custom,prism,default,15.46037,0.2,8.9261,1,0,0,0,0,0,-169.69256,1756.04996,996.292,0.5,-0.5,-0.5,-0.5;
custom,prism,default,15.46037,0.2,8.9261,1,0,0,0,0,0,-118.99537,1756.04996,1115.91841,0.2706,-0.65328,-0.65328,-0.2706;
custom,prism,default,15.46037,0.2,8.9261,1,0,0,0,0,0,169.80868,1756.04996,993.52459,-0.5,-0.5,-0.5,0.5;
custom,prism,default,15.46037,0.2,8.9261,1,0,0,0,0,0,119.11139,1756.04996,873.89802,-0.65328,-0.2706,-0.2706,0.65328;
custom,prism,default,15.46037,0.2,8.9261,1,0,0,0,0,0,121.06833,1756.04996,1113.96131,-0.2706,-0.65328,-0.65328,0.2706;
custom,prism,default,8.18678,0.2,4.72666,1,0,0,0,0,0,-35.71709,1772.99256,909.32125,0.65328,-0.2706,-0.2706,-0.65328;
custom,prism,default,8.18678,0.2,4.72666,1,0,0,0,0,0,-34.68074,1772.9926,1081.5316,0.2706,-0.65328,-0.65328,-0.2706;
custom,prism,default,8.18678,0.2,4.72666,1,0,0,0,0,0,34.79664,1772.99256,908.28514,-0.65328,-0.2706,-0.2706,0.65328;
custom,prism,default,8.18678,0.2,4.72666,1,0,0,0,0,0,35.83295,1772.99252,1080.49534,-0.2706,-0.65328,-0.65328,0.2706;
custom,prism,default,7.19103,0.2,4.15176,1,0,0,0,0,0,-61.07824,1734.37818,934.68244,0.65328,-0.2706,-0.2706,-0.65328;
custom,prism,default,7.19102,0.2,4.15176,1,0,0,0,0,0,-85.75794,1734.37818,995.55197,0.5,-0.5,-0.5,-0.5;
custom,prism,default,7.19102,0.2,4.15176,1,0,0,0,0,0,-60.16787,1734.37814,1056.04455,0.2706,-0.65328,-0.65328,-0.2706;
custom,prism,default,7.19103,0.2,4.15176,1,0,0,0,0,0,61.19406,1734.37818,1055.1337,-0.2706,-0.65328,-0.65328,0.2706;
custom,prism,default,7.19102,0.2,4.15176,1,0,0,0,0,0,85.87378,1734.37814,994.26462,-0.5,-0.5,-0.5,0.5;
custom,prism,default,7.19102,0.2,4.15176,1,0,0,0,0,0,60.28376,1734.37818,933.77219,-0.65328,-0.2706,-0.2706,0.65328;
custom,cuboid,default,0.2,4.09339,7.18851,1,0,0,0,0,0,-85.71794,1771.59542,994.91516,0,-1,0,0;
custom,cuboid,default,0.2,4.09339,7.19103,1,0,0,0,0,0,-60.5949,1771.59538,934.25568,0,-0.92388,0,-0.38268;
custom,cuboid,default,0.2,4.09339,7.18909,1,0,0,0,0,0,-60.58777,1771.59546,1055.56793,0,-0.92388,0,0.38268;
custom,cuboid,default,0.2,4.09339,7.18851,1,0,0,0,0,0,85.83381,1771.59538,994.90143,0,0,0,-1;
custom,cuboid,default,0.2,4.09339,7.19103,1,0,0,0,0,0,60.71075,1771.59534,1055.56091,0,0.38268,0,-0.92388;
custom,cuboid,default,0.2,4.09339,7.18909,1,0,0,0,0,0,60.70364,1771.59538,934.24866,0,-0.38268,0,-0.92388;

racing,killprism,15.3073,10,8.83772,53.66556,1674.6452,869.06815,-0.13795,-0.69352,0.69352,-0.13795;
racing,killprism,15.3073,10,8.83772,126.94666,1674.6452,943.83213,-0.39285,-0.58794,0.58794,-0.39285;
racing,killprism,15.3073,10,8.83772,125.89807,1674.6452,1048.51593,-0.58794,-0.39285,0.39285,-0.58794;
racing,killprism,15.3073,10,8.83772,51.134,1674.6452,1121.79703,-0.69352,-0.13795,0.13795,-0.69352;
racing,killprism,15.3073,10,8.83772,-53.54971,1674.6452,1120.74844,-0.69352,0.13795,-0.13795,-0.69352;
racing,killprism,15.3073,10,8.83772,-126.8308,1674.6452,1045.98446,-0.58794,0.39285,-0.39285,-0.58794;
racing,killprism,15.3073,10,8.83772,-125.78221,1674.6452,941.30066,-0.39285,0.58794,-0.58794,-0.39285;
racing,killprism,15.3073,10,8.83772,-51.01815,1674.6452,868.01956,-0.13795,0.69352,-0.69352,-0.13795;
custom,prism,metal4,9.94975,10,5.74451,1,0.3,0.3,0.3,0.15,0.05,53.22261,1662.16563,868.88467,-0.13795,-0.69352,0.69352,-0.13795;
custom,prism,metal4,9.94975,10,5.74451,1,0.3,0.3,0.3,0.15,0.05,126.76318,1662.16563,943.38917,-0.39285,-0.58794,0.58794,-0.39285;
custom,prism,metal4,9.94975,10,5.74451,1,0.3,0.3,0.3,0.15,0.05,126.08154,1662.16563,1048.07298,-0.58794,-0.39285,0.39285,-0.58794;
custom,prism,metal4,9.94975,10,5.74451,1,0.3,0.3,0.3,0.15,0.05,51.57695,1662.16563,1121.61355,-0.69352,-0.13795,0.13795,-0.69352;
custom,prism,metal4,9.94975,10,5.74451,1,0.3,0.3,0.3,0.15,0.05,-53.10676,1662.16563,1120.93192,-0.69352,0.13795,-0.13795,-0.69352;
custom,prism,metal4,9.94975,10,5.74451,1,0.3,0.3,0.3,0.15,0.05,-126.64732,1662.16563,1046.42742,-0.58794,0.39285,-0.39285,-0.58794;
custom,prism,metal4,9.94975,10,5.74451,1,0.3,0.3,0.3,0.15,0.05,-125.96568,1662.16563,941.74361,-0.39285,0.58794,-0.58794,-0.39285;
custom,prism,metal4,9.94975,10,5.74451,1,0.3,0.3,0.3,0.15,0.05,-51.4611,1662.16563,868.20304,-0.13795,0.69352,-0.69352,-0.13795;
custom,prism,default,15.46037,0.2,8.9261,1,0,0,0,0,0,71.67965,1675.00176,825.61412,-0.13795,-0.69352,0.69352,-0.13795;
custom,prism,default,15.46037,0.2,8.9261,1,0,0,0,0,0,170.41121,1675.00176,925.84347,-0.39285,-0.58794,0.58794,-0.39285;
custom,prism,default,15.46037,0.2,8.9261,1,0,0,0,0,0,169.35209,1675.00176,1066.53005,-0.58794,-0.39285,0.39285,-0.58794;
custom,prism,default,15.46037,0.2,8.9261,1,0,0,0,0,0,69.12279,1675.00176,1165.26155,-0.69352,-0.13795,0.13795,-0.69352;
custom,prism,default,15.46037,0.2,8.9261,1,0,0,0,0,0,-71.56381,1675.00176,1164.20247,-0.69352,0.13795,-0.13795,-0.69352;
custom,prism,default,15.46037,0.2,8.9261,1,0,0,0,0,0,-170.29532,1675.00176,1063.97312,-0.58794,0.39285,-0.39285,-0.58794;
custom,prism,default,15.46037,0.2,8.9261,1,0,0,0,0,0,-169.23622,1675.00176,923.28654,-0.39285,0.58794,-0.58794,-0.39285;
custom,prism,default,15.46037,0.2,8.9261,1,0,0,0,0,0,-69.00688,1675.00176,824.55504,-0.13795,0.69352,-0.69352,-0.13795;
custom,prism,default,7.26806,0.2,4.19624,1,0,0,0,0,0,33.49935,1696.47155,915.87372,-0.13795,-0.69352,0.69352,-0.13795;
custom,prism,default,7.26806,0.2,4.19624,1,0,0,0,0,0,79.59047,1696.47155,962.66904,-0.39285,-0.58794,0.58794,-0.39285;
custom,prism,default,7.26806,0.2,4.19624,1,0,0,0,0,0,79.09247,1696.47155,1028.34968,-0.58794,-0.39285,0.39285,-0.58794;
custom,prism,default,7.26806,0.2,4.19624,1,0,0,0,0,0,32.29712,1696.47155,1074.44083,-0.69352,-0.13795,0.13795,-0.69352;
custom,prism,default,7.26806,0.2,4.19624,1,0,0,0,0,0,-33.38349,1696.47155,1073.94287,-0.69352,0.13795,-0.13795,-0.69352;
custom,prism,default,7.26806,0.2,4.19624,1,0,0,0,0,0,-79.47458,1696.47155,1027.14755,-0.58794,0.39285,-0.39285,-0.58794;
custom,prism,default,7.26806,0.2,4.19624,1,0,0,0,0,0,-78.97662,1696.47155,961.46691,-0.39285,0.58794,-0.58794,-0.39285;
custom,prism,default,7.26806,0.2,4.19624,1,0,0,0,0,0,-32.18132,1696.47155,915.37576,-0.13795,0.69352,-0.69352,-0.13795;
custom,cuboid,default,7.26806,4.05525,0.2,1,0,0,0,0,0,32.88314,1659.26559,915.66177,0,-0.98079,0,-0.19509;
custom,cuboid,default,7.26806,4.05525,0.2,1,0,0,0,0,0,79.30461,1659.26559,962.08344,0,-0.83147,0,-0.55557;
custom,cuboid,default,7.26806,4.05525,0.2,1,0,0,0,0,0,79.30442,1659.26559,1027.73346,0,-0.55557,0,-0.83147;
custom,cuboid,default,7.26806,4.05525,0.2,1,0,0,0,0,0,32.88272,1659.26559,1074.15497,0,-0.19509,0,-0.98079;
custom,cuboid,default,7.26806,4.05525,0.2,1,0,0,0,0,0,-32.76727,1659.26559,1074.15482,0,0.19509,0,-0.98079;
custom,cuboid,default,7.26806,4.05525,0.2,1,0,0,0,0,0,-79.18872,1659.26559,1027.73315,0,0.55557,0,-0.83147;
custom,cuboid,default,7.26806,4.05525,0.2,1,0,0,0,0,0,-79.18857,1659.26559,962.08313,0,0.83147,0,-0.55557;
custom,cuboid,default,7.26806,4.05525,0.2,1,0,0,0,0,0,-32.76692,1659.26559,915.66162,0,0.98079,0,-0.19509;





racing,killcuboid,2.97891,15.3073,14.14213,-131.0082,1715.52586,1125.97412,0,-0.38268,0,-0.92388;
racing,killcuboid,2.97891,15.3073,14.14213,-185.29736,1715.52586,994.90814,0,0,0,-1;
racing,killcuboid,2.97891,15.3073,14.14213,-131.00789,1715.52586,863.84216,0,0.38268,0,-0.92388;
racing,killcuboid,2.97891,15.3073,14.14214,131.12405,1715.52586,863.84247,0,0.92388,0,-0.38268;
racing,killcuboid,2.97891,15.3073,14.14213,185.41317,1715.52586,994.90845,0,1,0,0;
racing,killcuboid,2.97891,15.3073,14.14213,131.1237,1715.52586,1125.97443,0,0.92388,0,0.38268;


custom,cuboid,metal4,2.92891,15.3073,14.14213,1,1,0,0,0.05,0.05,-131.0082,1715.52586,1125.97412,0,-0.38268,0,-0.92388;
custom,cuboid,metal4,2.92891,15.3073,14.14213,1,1,0,0,0.05,0.05,-185.29736,1715.52586,994.90814,0,0,0,-1;
custom,cuboid,metal4,2.92891,15.3073,14.14213,1,1,0,0,0.05,0.05,-131.00789,1715.52586,863.84216,0,0.38268,0,-0.92388;
custom,cuboid,metal4,2.92891,15.3073,14.14214,1,1,0,0,0.05,0.05,131.12405,1715.52586,863.84247,0,0.92388,0,-0.38268;
custom,cuboid,metal4,2.92891,15.3073,14.14213,1,1,0,0,0.05,0.05,185.41317,1715.52586,994.90845,0,1,0,0;
custom,cuboid,metal4,2.92891,15.3073,14.14213,1,1,0,0,0.05,0.05,131.1237,1715.52586,1125.97443,0,0.92388,0,0.38268;
custom,prism,metal4,2.24169,15.3073,3.12459,1,0,0,0,0,0,-76.36936,1718.58735,1178.89528,0,0.19509,0,-0.98079;
custom,prism,metal4,2.24169,15.3073,3.12459,1,0,0,0,0,0,-184.08279,1718.58735,1070.96462,0,0.55557,0,-0.83147;
custom,prism,metal4,2.24169,15.3073,3.12459,1,0,0,0,0,0,-183.92906,1718.58735,918.48099,0,0.83147,0,-0.55557;
custom,prism,metal4,2.24169,15.3073,3.12459,1,0,0,0,0,0,-75.99826,1718.58735,810.76761,0,0.98079,0,-0.19509;
custom,prism,metal4,2.24169,15.3073,3.12459,1,0,0,0,0,0,76.48524,1718.58735,810.92131,0,0.98079,0,0.19509;
custom,prism,metal4,2.24169,15.3073,3.12459,1,0,0,0,0,0,184.19865,1718.58735,918.85212,0,0.83147,0,0.55557;
custom,prism,metal4,2.24169,15.3073,3.12459,1,0,0,0,0,0,184.04492,1718.58735,1071.3356,0,0.55557,0,0.83147;
custom,prism,metal4,2.24169,15.3073,3.12459,1,0,0,0,0,0,76.1141,1718.58735,1179.04898,0,0.19509,0,0.98079;

custom,cuboid,metal1,1.99999,15.3073,7.04711,1,1,1,1,0.1409422,0.306146,74.83386,1715.52586,994.90845,0,-1,0,0;
custom,cuboid,metal1,1.99999,15.3073,7.09659,1,1,1,1,0.1419318,0.306146,52.61238,1715.52586,1048.1031,0,-0.92388,0,-0.38268;
custom,cuboid,metal1,2.05797,15.3073,6.90422,1,1,1,1,0.1380844,0.306146,0.0577,1715.52586,1069.97414,0,-0.70711,0,-0.70711;
custom,cuboid,metal1,1.99998,15.3073,7.09656,1,1,1,1,0.1419312,0.306146,-52.49669,1715.52586,1048.1028,0,-0.38268,0,-0.92388;
custom,cuboid,metal1,1.99998,15.3073,7.04713,1,1,1,1,0.1409426,0.306146,-74.71801,1715.52586,994.90814,0,0,0,-1;
custom,cuboid,metal1,1.99998,15.3073,6.98906,1,1,1,1,0.1397812,0.306146,-52.81647,1715.52586,942.03346,0,0.38268,0,-0.92388;
custom,cuboid,metal1,1.98796,15.3073,7.04707,1,1,1,1,0.1409414,0.306146,0.05816,1715.52586,920.19241,0,0.70711,0,-0.70711;
custom,cuboid,metal1,1.99998,15.3073,6.98909,1,1,1,1,0.1397818,0.306146,52.93263,1715.52586,942.03377,0,0.92388,0,-0.38268;

custom,cuboid,metal2,7.60172,7.65365,15.78996,1,1,1,1,0.76017,1.57,0.05769,1677.25758,1165.6189,0,-1,0,0;
custom,prism,metal2,15.78996,7.65365,3.77614,1,1,1,1,1.579,0.377,-53.18581,1678.78831,1167.03194,0,-0.70711,0,-0.70711;
custom,prism,metal2,15.78996,7.65365,3.77614,1,1,1,1,1.579,0.377,53.30117,1678.78831,1164.20586,0,0.70711,0,-0.70711;
custom,prism,empty,4.46088,7.60172,4.41885,1,0,0,0,0,0,-1.46264,1774.23443,1087.06836,0.5,-0.5,-0.5,-0.5;
custom,cuboid,metal4,7.60172,7.65365,10,1,1,1,1,0.05,0.05,0.05767,1677.25761,1294.56879,0,-1,0,0;
custom,cuboid,metal2,7.60172,7.65365,15.78996,1,1,1,1,0.76017,1.57,0.05818,1677.25758,824.19769,0,0,0,-1;
custom,prism,metal2,15.78996,7.65365,3.77614,1,1,1,1,1.579,0.377,53.30166,1678.78831,822.78465,0,0.70711,0,-0.70711;
custom,prism,metal2,15.78996,7.65365,3.77614,1,1,1,1,1.579,0.377,-53.18531,1678.78831,825.61073,0,0.70711,0,0.70711;
custom,prism,empty,4.46088,7.60172,4.41885,1,0,0,0,0,0,1.5785,1774.23443,902.74823,0.5,0.5,0.5,-0.5;
custom,cuboid,metal4,7.60172,7.65365,10,1,1,1,1,0.05,0.05,0.05821,1677.25761,695.2478,0,0,0,-1;

custom,cuboid,medievalartilleryassets_texture-psd,1.12084,15.3073,8.54545,1,1,1,1,1,2,59.59491,1715.52586,1207.23846,0,-0.98079,0,-0.19509;
custom,cuboid,medievalartilleryassets_texture-psd,1.12084,15.3073,8.54545,1,1,1,1,1,2,-59.47956,1715.52586,1207.23846,0,-0.98079,0,0.19509;
custom,cuboid,medievalartilleryassets_texture-psd,1.03552,15.3073,10,1,1,1,1,1,2,-43.12854,1715.52586,1294.56879,0,-1,0,0;
custom,cuboid,medievalartilleryassets_texture-psd,1.03552,15.3073,10,1,1,1,1,1,2,43.2439,1715.52586,1294.56879,0,-1,0,0;
custom,cuboid,medievalartilleryassets_texture-psd,1.12084,15.3073,8.54545,1,1,1,1,1,2,-59.47906,1715.52586,782.57813,0,0.19509,0,-0.98079;
custom,cuboid,medievalartilleryassets_texture-psd,1.12084,15.3073,8.54545,1,1,1,1,1,2,59.59543,1715.52586,782.57813,0,-0.19509,0,-0.98079;
custom,cuboid,medievalartilleryassets_texture-psd,1.03552,15.3073,10,1,1,1,1,1,2,43.2444,1715.52586,695.2478,0,0,0,-1;
custom,cuboid,medievalartilleryassets_texture-psd,1.03552,15.3073,10,1,1,1,1,1,2,-43.12804,1715.52586,695.2478,0,0,0,-1;

custom,cuboid,metal2,7.60172,1,15.78996,1,1,1,1,0.76017,1,0.05769,1787.06238,1165.6189,0,-1,0,0;
custom,cuboid,metal4,7.60172,1,10,1,1,1,1,0.05,0.05,0.05767,1787.06238,1294.56879,0,-1,0,0;
custom,prism,metal2,15.78996,1,3.77614,1,1,1,1,1.579,0.377,-53.18581,1787.26238,1167.03194,0,-0.70711,0,-0.70711;
custom,prism,metal2,15.78996,1,3.77614,1,1,1,1,1.579,0.377,53.30117,1787.26238,1164.20586,0,0.70711,0,-0.70711;
custom,cuboid,metal4,7.60172,1,10,1,1,1,1,0.05,0.05,0.05821,1787.06238,695.2478,0,0,0,-1;
custom,cuboid,metal2,7.60172,1,15.78996,1,1,1,1,0.76017,1,0.05818,1787.06238,824.19769,0,0,0,-1;
custom,prism,metal2,15.78996,1,3.77614,1,1,1,1,1.579,0.377,-53.18531,1787.26238,825.61073,0,0.70711,0,0.70711;
custom,prism,metal2,15.78996,1,3.77614,1,1,1,1,1.579,0.377,53.30166,1787.26238,822.78465,0,0.70711,0,-0.70711;

custom,cuboid,ice1,7.60172,1,25.78996,1,0,0,0,0,0,0.05819,1797.06238,774.19769,0,0,0,-1;
custom,cuboid,ice1,7.60172,1,25.78996,1,0,0,0,0,0,0.05769,1797.06238,1215.6189,0,-1,0,0;
custom,cuboid,ice1,10,1,15.30731,1,0,0,0,0,0,95.3587,1797.06238,899.60724,0,-0.92388,0,0.38268;
custom,cuboid,ice1,9.30149,1,15.3073,1,0,0,0,0,0,138.32627,1797.06238,994.90814,0,-1,0,0;
custom,cuboid,ice1,9.30149,1,15.3073,1,0,0,0,0,0,97.82856,1797.06238,1092.67853,0,-0.92388,0,-0.38268;
custom,cuboid,ice1,9.3015,1,15.3073,1,0,0,0,0,0,-97.71241,1797.06238,1092.67883,0,-0.38268,0,-0.92388;
custom,cuboid,ice1,9.30149,1,15.3073,1,0,0,0,0,0,-138.21042,1797.06238,994.90845,0,0,0,-1;
custom,cuboid,ice1,9.30149,1,15.3073,1,0,0,0,0,0,-97.71269,1797.06238,897.13806,0,0.38268,0,-0.92388;
custom,prism,ice1,15.78996,1,3.77614,1,0,0,0,0,0,-53.18531,1797.26238,825.61073,0,0.70711,0,0.70711;
custom,prism,ice1,15.78996,1,3.77614,1,0,0,0,0,0,53.30166,1797.26238,822.78465,0,0.70711,0,-0.70711;
custom,prism,ice1,15.78996,1,3.77614,1,0,0,0,0,0,-53.18581,1797.26238,1167.03194,0,-0.70711,0,-0.70711;
custom,prism,ice1,15.78996,1,3.77614,1,0,0,0,0,0,53.30117,1797.26238,1164.20586,0,0.70711,0,-0.70711;
custom,cuboid,empty,1.03552,2,10,1,0,0,0,0,0,43.2444,1802.06238,695.2478,0,0,0,-1;
custom,cuboid,empty,1.03552,2,10,1,0,0,0,0,0,43.2439,1802.06238,1294.56879,0,-1,0,0;
custom,cuboid,empty,1.03552,2,10,1,0,0,0,0,0,-43.12854,1802.06238,1294.56879,0,-1,0,0;
custom,cuboid,empty,1.12084,2,8.54545,1,0,0,0,0,0,59.59543,1802.06238,782.57813,0,-0.19509,0,-0.98079;
custom,cuboid,empty,1.12084,2,8.54545,1,0,0,0,0,0,-59.47906,1802.06238,782.57813,0,0.19509,0,-0.98079;
custom,cuboid,empty,1.12084,2,8.54545,1,0,0,0,0,0,-59.47956,1802.06238,1207.23846,0,-0.98079,0,0.19509;
custom,cuboid,empty,1.12084,2,8.54545,1,0,0,0,0,0,59.59491,1802.06238,1207.23846,0,-0.98079,0,-0.19509;
custom,cuboid,empty,2.92891,2,14.14213,1,0,0,0,0,0,131.1237,1802.06238,1125.97443,0,0.92388,0,0.38268;
custom,cuboid,empty,2.92891,2,14.14213,1,0,0,0,0,0,185.41317,1802.06238,994.90845,0,1,0,0;
custom,cuboid,empty,2.92891,2,14.14214,1,0,0,0,0,0,131.12405,1802.06238,863.84247,0,0.92388,0,-0.38268;
custom,cuboid,empty,2.92891,2,14.14213,1,0,0,0,0,0,-131.0082,1802.06238,1125.97412,0,-0.38268,0,-0.92388;
custom,cuboid,empty,2.92891,2,14.14213,1,0,0,0,0,0,-131.00789,1802.06238,863.84216,0,0.38268,0,-0.92388;
custom,cuboid,empty,2.92891,2,14.14213,1,0,0,0,0,0,-185.29736,1802.06238,994.90814,0,0,0,-1;
custom,cuboid,empty,1.03552,2,10,1,0,0,0,0,0,-43.12798,1802.06238,695.2478,0,0,0,-1;
custom,prism,empty,2.24169,2,3.12459,1,0,0,0,0,0,76.1141,1802.46238,1179.04898,0,0.19509,0,0.98079;
custom,prism,empty,2.24169,2,3.12459,1,0,0,0,0,0,184.04492,1802.46238,1071.3356,0,0.55557,0,0.83147;
custom,prism,empty,2.24169,2,3.12459,1,0,0,0,0,0,184.19865,1802.46238,918.85212,0,0.83147,0,0.55557;
custom,prism,empty,2.24169,2,3.12459,1,0,0,0,0,0,76.48524,1802.46238,810.92131,0,0.98079,0,0.19509;
custom,prism,empty,2.24169,2,3.12459,1,0,0,0,0,0,-75.99826,1802.46238,810.76761,0,0.98079,0,-0.19509;
custom,prism,empty,2.24169,2,3.12459,1,0,0,0,0,0,-183.92906,1802.46238,918.48099,0,0.83147,0,-0.55557;
custom,prism,empty,2.24169,2,3.12459,1,0,0,0,0,0,-184.08279,1802.46238,1070.96462,0,0.55557,0,-0.83147;
custom,prism,empty,2.24169,2,3.12459,1,0,0,0,0,0,-76.36936,1802.46238,1178.89528,0,0.19509,0,-0.98079;
custom,cuboid,default,2.69849,2,7.60172,1,0,0,0,0,0,78.32635,1802.06238,994.90845,0,-1,0,0;
custom,cuboid,default,2.69849,2,7.60172,1,0,0,0,0,0,55.4019,1802.06238,1050.25269,0,-0.92388,0,-0.38268;
custom,cuboid,default,2.69849,2,7.60172,1,0,0,0,0,0,0.0577,1802.06238,1073.17673,0,-0.70711,0,-0.70711;
custom,cuboid,default,2.69849,2,7.60172,1,0,0,0,0,0,-55.28638,1802.06238,1050.25238,0,-0.38268,0,-0.92388;
custom,cuboid,default,2.69849,2,7.60172,1,0,0,0,0,0,-78.21052,1802.06238,994.90814,0,0,0,-1;
custom,cuboid,default,2.69849,2,7.60172,1,0,0,0,0,0,-55.28605,1802.06238,939.5639,0,0.38268,0,-0.92388;
custom,cuboid,default,2.69849,2,7.60172,1,0,0,0,0,0,0.05817,1802.06238,916.63986,0,0.70711,0,-0.70711;
custom,cuboid,default,2.69849,2,7.60172,1,0,0,0,0,0,55.40222,1802.06238,939.56421,0,0.92388,0,-0.38268;
custom,cuboid,ice1,7.60172,1,25.78996,1,0,0,0,0,0,-0.05988,1633.98933,774.19769,0,0,-1,0;
custom,cuboid,ice1,7.60172,1,25.78996,1,0,0,0,0,0,-0.05946,1633.98933,1215.6189,1,0,0,0;
custom,cuboid,ice1,10,1,15.3073,1,0,0,0,0,0,-95.36039,1633.98933,899.60724,0.92388,0,0.38268,0;
custom,cuboid,ice1,9.30149,1,15.3073,1,0,0,0,0,0,-138.32801,1633.98933,994.90814,1,0,0,0;
custom,cuboid,ice1,9.30149,1,15.3073,1,0,0,0,0,0,-97.83033,1633.98933,1092.67853,0.92388,0,-0.38268,0;
custom,cuboid,ice1,9.3015,1,15.3073,1,0,0,0,0,0,97.71068,1633.98933,1092.67883,0.38268,0,-0.92388,0;
custom,cuboid,ice1,9.30149,1,15.3073,1,0,0,0,0,0,138.20868,1633.98937,994.90845,0,0,-1,0;
custom,cuboid,ice1,9.30149,1,15.3073,1,0,0,0,0,0,97.71099,1633.98933,897.13806,-0.38268,0,-0.92388,0;
custom,prism,ice1,15.78996,1,3.77614,1,0,0,0,0,0,53.18359,1633.78933,825.61073,-0.70711,0,0.70711,0;
custom,prism,ice1,15.78996,1,3.77614,1,0,0,0,0,0,-53.30338,1633.78933,822.78465,-0.70711,0,-0.70711,0;
custom,prism,ice1,15.78996,1,3.77614,1,0,0,0,0,0,53.18404,1633.78933,1167.03194,0.70711,0,-0.70711,0;
custom,prism,ice1,15.78996,1,3.77614,1,0,0,0,0,0,-53.30295,1633.78933,1164.20586,-0.70711,0,-0.70711,0;
custom,cuboid,empty,1.03552,2,10,1,0,0,0,0,0,-43.2461,1628.98933,695.2478,0,0,-1,0;
custom,cuboid,empty,1.03552,2,10,1,0,0,0,0,0,-43.2457,1628.98933,1294.56879,1,0,0,0;
custom,cuboid,empty,1.03552,2,10,1,0,0,0,0,0,43.12675,1628.98933,1294.56879,1,0,0,0;
custom,cuboid,empty,1.12084,2,8.54545,1,0,0,0,0,0,-59.59713,1628.98933,782.57813,0.19509,0,-0.98079,0;
custom,cuboid,empty,1.12084,2,8.54545,1,0,0,0,0,0,59.47734,1628.98933,782.57813,-0.19509,0,-0.98079,0;
custom,cuboid,empty,1.12084,2,8.54545,1,0,0,0,0,0,59.47779,1628.98933,1207.23846,0.98079,0,0.19509,0;
custom,cuboid,empty,1.12084,2,8.54545,1,0,0,0,0,0,-59.59671,1628.98933,1207.23846,0.98079,0,-0.19509,0;
custom,cuboid,empty,2.92891,2,14.14213,1,0,0,0,0,0,-131.12548,1628.98933,1125.97443,-0.92388,0,0.38268,0;
custom,cuboid,empty,2.92891,2,14.14213,1,0,0,0,0,0,-185.41496,1628.98933,994.90845,-1,0,0,0;
custom,cuboid,empty,2.92891,2,14.14214,1,0,0,0,0,0,-131.12578,1628.98933,863.84247,-0.92388,0,-0.38268,0;
custom,cuboid,empty,2.92891,2,14.14213,1,0,0,0,0,0,131.00642,1628.98937,1125.97412,0.38268,0,-0.92388,0;
custom,cuboid,empty,2.92891,2,14.14213,1,0,0,0,0,0,131.00616,1628.98937,863.84216,-0.38268,0,-0.92388,0;
custom,cuboid,empty,2.92891,2,14.14213,1,0,0,0,0,0,185.29556,1628.98937,994.90814,0,0,-1,0;
custom,cuboid,empty,1.03552,2,10,1,0,0,0,0,0,43.1263,1628.98933,695.2478,0,0,-1,0;
custom,prism,empty,2.24169,2,3.12459,1,0,0,0,0,0,-76.11587,1628.58933,1179.04898,-0.19509,0,0.98079,0;
custom,prism,empty,2.24169,2,3.12459,1,0,0,0,0,0,-184.04671,1628.58933,1071.3356,-0.55557,0,0.83147,0;
custom,prism,empty,2.24169,2,3.12459,1,0,0,0,0,0,-184.20036,1628.58933,918.85212,-0.83147,0,0.55557,0;
custom,prism,empty,2.24169,2,3.12459,1,0,0,0,0,0,-76.48693,1628.58933,810.92131,-0.98079,0,0.19509,0;
custom,prism,empty,2.24169,2,3.12459,1,0,0,0,0,0,75.99657,1628.58933,810.76761,-0.98079,0,-0.19509,0;
custom,prism,empty,2.24169,2,3.12459,1,0,0,0,0,0,183.92735,1628.58933,918.48099,-0.83147,0,-0.55557,0;
custom,prism,empty,2.24169,2,3.12459,1,0,0,0,0,0,184.081,1628.58933,1070.96462,-0.55557,0,-0.83147,0;
custom,prism,empty,2.24169,2,3.12459,1,0,0,0,0,0,76.36759,1628.58933,1178.89528,-0.19509,0,-0.98079,0;
custom,cuboid,default,2.69849,2,7.60172,1,0,0,0,0,0,-78.32811,1628.98933,994.90845,1,0,0,0;
custom,cuboid,default,2.69849,2,7.60172,1,0,0,0,0,0,-55.40366,1628.98933,1050.25269,0.92388,0,-0.38268,0;
custom,cuboid,default,2.69849,2,7.60172,1,0,0,0,0,0,-0.05944,1628.98933,1073.17673,0.70711,0,-0.70711,0;
custom,cuboid,default,2.69849,2,7.60172,1,0,0,0,0,0,55.28462,1628.98933,1050.25238,0.38268,0,-0.92388,0;
custom,cuboid,default,2.69849,2,7.60172,1,0,0,0,0,0,78.20877,1628.98933,994.90814,0,0,-1,0;
custom,cuboid,default,2.69849,2,7.60172,1,0,0,0,0,0,55.28431,1628.98933,939.5639,-0.38268,0,-0.92388,0;
custom,cuboid,default,2.69849,2,7.60172,1,0,0,0,0,0,-0.05988,1628.98933,916.63986,-0.70711,0,-0.70711,0;
custom,cuboid,default,2.69849,2,7.60172,1,0,0,0,0,0,-55.40396,1628.98933,939.56421,-0.92388,0,-0.38268,0;







custom,cuboid,metal4,7.60172,10,4,1,1,1,1,0.05,0.05,0.05825,1748.79412,465.2478,0,0,0,1;


custom,arc90,metal2,20,20,20,1,0.5,1,0.85,1,0,-129.82162,1736.79414,550.28603,0,0,0,1;

custom,cuboid,metal4,1,10,4,1,1,1,1,0.05,0.05,-42.95035,1748.79412,625.2478,0,0,0,1;
custom,cuboid,metal2,1,10,21.63605,1,0.5,1,0.85,0,0.5,-120.90979,1748.79412,685.27832,0,-0.38268,0,0.92388;
custom,cuboid,metal2,1,10,16.56496,1,0.5,1,0.85,0,0.5,-260.05188,1748.79412,700.2784,0,-0.38268,0,0.92388;
custom,cuboid,metal4,1,10,4,1,1,1,1,0.05,0.05,-317.1534,1748.79412,775.30884,0,0,0,1;
custom,cuboid,metal4,2.17476,10,1,1,1,1,1,0.05,0.05,-204.74306,1748.79414,760.30884,0,0,0,1;
custom,cuboid,metal4,1,10,3,1,1,1,1,0.05,0.05,-220.61687,1748.79412,780.30884,0,0,0,1;
custom,cuboid,ice1,1,10,1,1,0,0,0,0,0,-220.61687,1748.79414,760.30884,0,0,0,1;
custom,prism,metal4,2.65364,1,5.77353,1,1,1,1,0.05,0.05,-42.75033,1799.03164,621.95443,0,0,0.70711,-0.70711;
custom,cuboid,ice1,1,10,1,1,0,0,0,0,0,-42.95035,1748.7941,600.2478,0,0,0,1;

custom,arc90,metal2,20,20,20,1,0.5,1,0.85,1,0,129.93809,1760.7941,550.28603,0,0,-1,0;

custom,cuboid,metal2,1,10.00001,21.63605,1,0.5,1,0.85,0,0.5,121.02626,1748.79412,685.27832,-0.38268,0,-0.92388,0;
custom,cuboid,metal2,1,10.00001,16.56496,1,0.5,1,0.85,0,0.5,260.16834,1748.79412,700.2784,-0.38268,0,-0.92388,0;
custom,cuboid,metal4,1,10,4,1,1,1,1,0.05,0.05,317.26986,1748.7941,775.30884,0,0,-1,0;
custom,cuboid,metal4,2.17476,10,1,1,1,1,1,0.05,0.05,204.85954,1748.7941,760.30884,0,0,-1,0;
custom,cuboid,metal4,1,10,3,1,1,1,1,0.05,0.05,220.73334,1748.79412,780.30884,0,0,-1,0;
custom,cuboid,ice1,1,10,1,1,0,0,0,0,0,220.73334,1748.7941,760.30884,0,0,-1,0;
custom,cuboid,ice1,1,10,1,1,0,0,0,0,0,43.06682,1748.7941,600.2478,0,0,0,1;
custom,prism,metal4,2.65364,1,5.77353,1,1,1,1,0.05,0.05,43.62204,1799.03164,621.95443,0,0,0.70711,-0.70711;
custom,cuboid,metal4,1,10,4,1,1,1,1,0.05,0.05,43.42205,1748.79412,625.2478,0,0,0,1;





custom,cuboid,medievalartilleryassets_texture-psd,7.60172,1,16.00001,1,1,1,1,1,2,0.05825,1787.06238,565.24788,0,0,0,1;
custom,cuboid,empty,9.99999,1,11.99998,1,0.1,0.3,0.2,50,60,-87.95033,1787.06238,545.24788,0,0,0,1;
custom,cuboid,empty,5.45482,1,8.43141,1,0.1,0.3,0.2,27,42,-165.22438,1787.06238,563.09078,0,0,0,1;
custom,cuboid,empty,7.77817,1,8.20101,1,0.1,0.3,0.2,39,41,-199.44532,1787.06238,701.74286,0,-0.38268,0,0.92388;
custom,cuboid,empty,11,1,4,1,0.1,0.3,0.2,55,20,-142.95035,1787.06238,625.2478,0,0,0,1;
custom,cuboid,empty,8.65365,1,4,1,0.1,0.3,0.2,43,20,-268.88514,1787.06238,775.30884,0,0,0,1;
custom,prism,empty,11,1,6.35088,1,0.1,0.3,0.2,55,32,-141.96597,1787.26238,670.87067,0,-1,0,0;
custom,prism,empty,11,1,6.35088,1,0.1,0.3,0.2,55,32,-256.92467,1787.26238,732.61505,0,0,0,-1;
custom,prism,empty,8,1,4.61882,1,0.1,0.3,0.2,40,23,-87.23442,1787.26238,623.8825,0,-1,0,0;
custom,cuboid,empty,9.99999,1,11.99998,1,0.1,0.3,0.2,50,60,88.0668,1710.52586,545.24788,0,0,-1,0;
custom,cuboid,empty,5.45482,1,8.43141,1,0.1,0.3,0.2,27,42,165.34084,1710.52586,563.09078,0,0,-1,0;
custom,cuboid,empty,7.77817,1,8.20101,1,0.1,0.3,0.2,39,41,199.56181,1710.52586,701.74286,-0.38268,0,-0.92388,0;
custom,cuboid,empty,11,1,4,1,0.1,0.3,0.2,55,20,143.06682,1710.52586,625.2478,0,0,-1,0;
custom,cuboid,empty,8.65365,1,4,1,0.1,0.3,0.2,43,20,269.00162,1710.52586,775.30884,0,0,-1,0;
custom,prism,empty,11,1,6.35088,1,0.1,0.3,0.2,55,32,142.08245,1710.32586,670.87067,-1,0,0,0;
custom,prism,empty,11,1,6.35088,1,0.1,0.3,0.2,55,32,257.04114,1710.32586,732.61505,0,0,1,0;
custom,prism,empty,8,1,4.61882,1,0.1,0.3,0.2,40,23,87.3509,1710.32586,623.8825,-1,0,0,0;
custom,cuboid,medievalartilleryassets_texture-psd,7.60172,1,16.00001,1,1,1,1,1,2,0.05825,1710.52586,565.24773,0,0,0,1;
custom,cuboid,empty,9.99999,1,11.99998,1,0.1,0.3,0.2,50,60,-87.95033,1710.52586,545.24788,0,0,0,1;
custom,cuboid,empty,5.45482,1,8.43141,1,0.1,0.3,0.2,27,42,-165.22438,1710.52586,563.09078,0,0,0,1;
custom,cuboid,empty,7.77817,1,8.20101,1,0.1,0.3,0.2,39,41,-199.44532,1710.52586,701.74286,0,-0.38268,0,0.92388;
custom,cuboid,empty,11,1,4,1,0.1,0.3,0.2,55,20,-142.95035,1710.52586,625.2478,0,0,0,1;
custom,cuboid,empty,8.65365,1,4,1,0.1,0.3,0.2,43,20,-268.88514,1710.52586,775.30884,0,0,0,1;
custom,prism,empty,11,1,6.35088,1,0.1,0.3,0.2,55,32,-141.96597,1710.72586,670.87067,0,-1,0,0;
custom,prism,empty,11,1,6.35088,1,0.1,0.3,0.2,55,32,-256.92467,1710.72586,732.61505,0,0,0,-1;
custom,prism,empty,8,1,4.61882,1,0.1,0.3,0.2,40,23,-87.23442,1710.72586,623.8825,0,-1,0,0;
custom,cuboid,empty,9.99999,1,11.99998,1,0.1,0.3,0.2,50,60,88.0668,1787.06238,545.24788,0,0,-1,0;
custom,cuboid,empty,5.45482,1,8.43141,1,0.1,0.3,0.2,27,42,165.34084,1787.06238,563.09078,0,0,-1,0;
custom,cuboid,empty,7.77817,1,8.20101,1,0.1,0.3,0.2,39,41,199.56181,1787.06238,701.74286,-0.38268,0,-0.92388,0;
custom,cuboid,empty,11,1,4,1,0.1,0.3,0.2,55,20,143.06684,1787.06238,625.2478,0,0,-1,0;
custom,cuboid,empty,8.65365,1,4,1,0.1,0.3,0.2,43,20,269.00162,1787.06238,775.30884,0,0,-1,0;
custom,prism,empty,11,1,6.35088,1,0.1,0.3,0.2,55,32,142.08245,1786.86238,670.87067,-1,0,0,0;
custom,prism,empty,11,1,6.35088,1,0.1,0.3,0.2,55,32,257.04114,1786.86238,732.61505,0,0,1,0;
custom,prism,empty,8,1,4.61882,1,0.1,0.3,0.2,40,23,87.3509,1786.86238,623.8825,-1,0,0,0;


custom,cuboid,bombtex,9.99999,1.05,11.99998,1,0.5,1,0.85,50,60,-87.95033,1787.06238,545.24788,0,0,0,1;
custom,cuboid,bombtex,5.45482,1.05,8.43141,1,0.5,1,0.85,27,42,-165.22438,1787.06238,563.09078,0,0,0,1;
custom,cuboid,bombtex,7.77817,1.05,8.20101,1,0.5,1,0.85,39,41,-199.44532,1787.06238,701.74286,0,-0.38268,0,0.92388;
custom,cuboid,bombtex,11,1.05,4,1,0.5,1,0.85,55,20,-142.95035,1787.06238,625.2478,0,0,0,1;

custom,prism,bombtex,11,1.05,6.35088,1,0.5,1,0.85,55,32,-141.96597,1787.27238,670.87067,0,-1,0,0;
custom,prism,bombtex,11,1.05,6.35088,1,0.5,1,0.85,55,32,-256.92467,1787.27238,732.61505,0,0,0,-1;
custom,prism,bombtex,8,1.05,4.61882,1,0.5,1,0.85,40,23,-87.23442,1787.27238,623.8825,0,-1,0,0;
custom,cuboid,bombtex,9.99999,1.05,11.99998,1,0.5,1,0.85,50,60,88.0668,1710.52586,545.24788,0,0,-1,0;
custom,cuboid,bombtex,5.45482,1.05,8.43141,1,0.5,1,0.85,27,42,165.34084,1710.52586,563.09078,0,0,-1,0;
custom,cuboid,bombtex,7.77817,1.05,8.20101,1,0.5,1,0.85,39,41,199.56181,1710.52586,701.74286,-0.38268,0,-0.92388,0;
custom,cuboid,bombtex,11,1.05,4,1,0.5,1,0.85,55,20,143.06682,1710.52586,625.2478,0,0,-1,0;

custom,prism,bombtex,11,1.05,6.35088,1,0.5,1,0.85,55,32,142.08245,1710.31586,670.87067,-1,0,0,0;
custom,prism,bombtex,11,1.05,6.35088,1,0.5,1,0.85,55,32,257.04114,1710.31586,732.61505,0,0,1,0;
custom,prism,bombtex,8,1.05,4.61882,1,0.5,1,0.85,40,23,87.3509,1710.31586,623.8825,-1,0,0,0;

custom,cuboid,bombtex,9.99999,1.05,11.99998,1,0.5,1,0.85,50,60,-87.95033,1710.52586,545.24788,0,0,0,1;
custom,cuboid,bombtex,5.45482,1.05,8.43141,1,0.5,1,0.85,27,42,-165.22438,1710.52586,563.09078,0,0,0,1;
custom,cuboid,bombtex,7.77817,1.05,8.20101,1,0.5,1,0.85,39,41,-199.44532,1710.52586,701.74286,0,-0.38268,0,0.92388;
custom,cuboid,bombtex,11,1.05,4,1,0.5,1,0.85,55,20,-142.95035,1710.52586,625.2478,0,0,0,1;

custom,prism,bombtex,11,1.05,6.35088,1,0.5,1,0.85,55,32,-141.96597,1710.73586,670.87067,0,-1,0,0;
custom,prism,bombtex,11,1.05,6.35088,1,0.5,1,0.85,55,32,-256.92467,1710.73586,732.61505,0,0,0,-1;
custom,prism,bombtex,8,1.05,4.61882,1,0.5,1,0.85,40,23,-87.23442,1710.73586,623.8825,0,-1,0,0;
custom,cuboid,bombtex,9.99999,1.05,11.99998,1,0.5,1,0.85,50,60,88.0668,1787.06238,545.24788,0,0,-1,0;
custom,cuboid,bombtex,5.45482,1.05,8.43141,1,0.5,1,0.85,27,42,165.34084,1787.06238,563.09078,0,0,-1,0;
custom,cuboid,bombtex,7.77817,1.05,8.20101,1,0.5,1,0.85,39,41,199.56181,1787.06238,701.74286,-0.38268,0,-0.92388,0;
custom,cuboid,bombtex,11,1.05,4,1,0.5,1,0.85,55,20,143.06684,1787.06238,625.2478,0,0,-1,0;

custom,prism,bombtex,11,1.05,6.35088,1,0.5,1,0.85,55,32,142.08245,1786.85238,670.87067,-1,0,0,0;
custom,prism,bombtex,11,1.05,6.35088,1,0.5,1,0.85,55,32,257.04114,1786.85238,732.61505,0,0,1,0;
custom,prism,bombtex,8,1.05,4.61882,1,0.5,1,0.85,40,23,87.3509,1786.85238,623.8825,-1,0,0,0;





custom,cuboid,default,8.65365,0.2,2,1,0,0,0,0,0,269.00162,1716.52588,780.30884,0,0,0,1;
custom,cuboid,default,8.65365,0.2,2,1,0,0,0,0,0,269.00162,1781.06239,780.30884,0,0,0,1;
custom,cuboid,default,0.2,6.65365,2,1,0,0,0,0,0,226.73334,1748.79414,780.30884,0,0,0,1;
custom,cuboid,default,0.2,6.65365,2,1,0,0,0,0,0,311.26987,1748.79414,780.30884,0,0,0,1;
racing,checkpointcuboid,8.6536598,6.65365,1,269.00162,1748.79414,780.30884,0,0,0,1;
custom,cuboid,default,8.65365,0.2,2,1,0,0,0,0,0,-268.88512,1716.52588,780.30884,0,0,0,1;
custom,cuboid,default,8.65365,0.2,2,1,0,0,0,0,0,-268.88512,1781.06239,780.30884,0,0,0,1;
custom,cuboid,default,0.2,6.65365,2,1,0,0,0,0,0,-311.15339,1748.79414,780.30884,0,0,0,1;
custom,cuboid,default,0.2,6.65365,2,1,0,0,0,0,0,-226.61686,1748.79414,780.30884,0,0,0,1;
racing,checkpointcuboid,8.6536598,6.65365,1,-268.88512,1748.79414,780.30884,0,0,0,1;





custom,cuboid,metal4,8.65365,1,48.37144,1,1,1,1,0.05,0.3,-268.88514,1838.20562,997.58583,-0.27629,0,0,0.96107;
custom,cuboid,metal4,8.65365,1,14.27083,1,1,1,1,0.05,0.1,-268.88514,1965.88538,1271.21696,0,0,0,1;
custom,cuboid,metal4,7.65365,2,9.25089,1,1,1,1,0.05,0.05,-177.34863,2179.14547,1296.31653,0,0,0,1;
custom,cuboid,metal4,1,21.49918,9.25089,1,1,1,1,0.05,0.1,-220.61687,2061.64955,1296.31653,0,0,0,1;
custom,cuboid,metal4,8.90804,2,9.25089,1,1,1,1,0.05,0.05,-94.5402,2179.14547,1296.31653,0,0,0,1;
custom,cuboid,ice1,1,2,9.25089,1,0,0,0,0,0,-220.61687,2179.14547,1296.31653,0,0,0,1;
custom,cuboid,metal4,8.65365,1,48.37144,1,1,1,1,0.05,0.3,269.0016,1838.20562,997.58583,-0.27629,0,0,0.96107;
custom,cuboid,metal4,8.65365,1,14.27083,1,1,1,1,0.05,0.1,269.0016,1965.88538,1271.21696,0,0,0,1;
custom,cuboid,medievalartilleryassets_texture-psd,1,21.49918,9.25089,1,1,1,1,1,2,317.26986,2061.64955,1296.31653,0,0,0,1;
custom,cuboid,metal4,7.65365,2,9.25089,1,1,1,1,0.05,0.05,177.4651,2179.14547,1296.31653,0,-1,0,0;
custom,cuboid,metal4,8.90804,2,9.25089,1,1,1,1,0.05,0.05,94.65666,2179.14547,1296.31653,0,-1,0,0;
custom,cuboid,ice1,1,2,9.25089,1,0,0,0,0,0,220.73334,2179.14547,1296.31653,0,-1,0,0;


custom,cuboid,ice1,8.65365,1,1,1,0,0,0,0,0,269.0016,2042.4219,1255.0621,0,0,0,1;
custom,cuboid,ice1,8.65365,1,1,1,0,0,0,0,0,-268.88514,2042.4219,1255.0621,0,0,0,1;
custom,cuboid,metal2,8.65365,12.17244,1,1,1,1,1,0.86537,1.21724,-268.88514,2108.28411,1255.0621,0,0,0,1;
custom,cuboid,metal2,8.65365,19.8261,1,1,1,1,1,0.86537,1.98261,-268.88514,2070.01586,1337.57111,0,0,0,1;
custom,cuboid,bombtex,1.05,10,5.06992,1,0.9,1,0.8,99999,99999,-317.1534,2004.15364,1224.96246,0,0,0,1;
custom,cuboid,bombtex,1.05,10,5.06992,1,0.9,1,0.8,99999,99999,-220.61687,2004.15364,1224.96246,0,0,0,1;
custom,cuboid,bombtex,1.05,8.45629,42.5029,1,0.9,1,0.8,99999,99999,-317.1534,1876.47389,997.58583,-0.27782,0,0,0.96063;
custom,cuboid,bombtex,1.05,8.45629,42.5029,1,0.9,1,0.8,99999,99999,-220.61687,1876.47374,997.58591,-0.27782,0,0,0.96063;
custom,cuboid,metal2,17.56169,6.65365,1,1,1,1,1,1.75617,0.66537,-137.80843,2222.41373,1337.57111,0,0,0,1;
custom,cuboid,metal2,17.56169,6.65365,1,1,1,1,1,1.75617,0.66537,-137.80843,2222.41373,1255.0621,0,0,0,1;
custom,prism,metal2,12.23799,1,7.06565,1,1,1,1,1.2238,0.706,-247.95409,2193.03148,1255.2621,0.2706,-0.65328,-0.65328,0.2706;
custom,prism,metal2,12.23799,1,7.06565,1,1,1,1,1.2238,0.706,-247.95409,2193.03148,1337.77111,0.2706,-0.65328,-0.65328,0.2706;
custom,prism,default,9.40959,9.25089,5.43266,1,0,0,0,0,0,-198.4422,2150.78058,1298.16686,0.65328,0.2706,0.2706,0.65328;
custom,prism,bombtex,10.67542,1.05,9.76453,1,0.9,1,0.8,99999,99999,-317.3634,1992.85877,1176.56141,-0.61923,0.61923,0.3414,0.3414;
custom,prism,bombtex,10.67542,1.05,9.76453,1,0.9,1,0.8,99999,99999,-317.3634,1760.08897,818.61026,0.3414,-0.3414,0.61923,0.61923;
custom,prism,bombtex,10.67542,1.05,9.76453,1,0.9,1,0.8,99999,99999,-220.82687,1992.85861,1176.56148,-0.61923,0.61923,0.3414,0.3414;
custom,prism,bombtex,10.67542,1.05,9.76453,1,0.9,1,0.8,99999,99999,-220.82687,1760.08881,818.61033,0.3414,-0.3414,0.61923,0.61923;
custom,cuboid,bombtex,1.05,10,5.06992,1,0.9,1,0.8,99999,99999,220.73334,2004.15364,1224.96246,0,0,0,1;
custom,cuboid,bombtex,1.05,10,5.06992,1,0.9,1,0.8,99999,99999,317.26986,2004.15364,1224.96246,0,0,0,1;
custom,cuboid,bombtex,1.05,8.45629,42.5029,1,0.9,1,0.8,99999,99999,220.73334,1876.47389,997.58583,-0.27782,0,0,0.96063;
custom,cuboid,bombtex,1.05,8.45629,42.5029,1,0.9,1,0.8,99999,99999,317.26986,1876.47374,997.58591,-0.27782,0,0,0.96063;
custom,prism,bombtex,10.67542,1.05,9.76453,1,0.9,1,0.8,99999,99999,220.52334,1992.85877,1176.56141,-0.61923,0.61923,0.3414,0.3414;
custom,prism,bombtex,10.67542,1.05,9.76453,1,0.9,1,0.8,99999,99999,220.52334,1760.08897,818.61026,0.3414,-0.3414,0.61923,0.61923;
custom,prism,bombtex,10.67542,1.05,9.76453,1,0.9,1,0.8,99999,99999,317.05986,1992.85861,1176.56148,-0.61923,0.61923,0.3414,0.3414;
custom,prism,bombtex,10.67542,1.05,9.76453,1,0.9,1,0.8,99999,99999,317.05986,1760.08881,818.61033,0.3414,-0.3414,0.61923,0.61923;
custom,cuboid,metal2,8.65365,12.17244,1,1,1,1,1,0.86537,1.21724,269.0016,2108.28411,1255.0621,0,0,0,1;
custom,cuboid,metal2,8.65365,19.8261,1,1,1,1,1,0.86537,1.98261,269.0016,2070.01586,1337.57111,0,0,0,1;
custom,cuboid,metal2,17.56169,6.65365,1,1,1,1,1,1.75617,0.66537,137.9249,2222.41373,1255.0621,0,-1,0,0;
custom,cuboid,metal2,17.56169,6.65365,1,1,1,1,1,1.75617,0.66537,137.92488,2222.41373,1337.57111,0,-1,0,0;
custom,prism,metal2,12.23799,1,7.06565,1,1,1,1,1.2238,0.706,248.07056,2193.03148,1337.37111,0.65328,-0.2706,0.2706,-0.65328;
custom,prism,metal2,12.23799,1,7.06565,1,1,1,1,1.2238,0.706,248.07056,2193.03148,1254.8621,0.65328,-0.2706,0.2706,-0.65328;
custom,prism,default,9.40959,9.25089,5.43266,1,0,0,0,0,0,198.55866,2150.78058,1294.46635,-0.2706,-0.65328,0.65328,0.2706;




custom,cuboid,medievalartilleryassets_texture-psd,8.65365,1,48.37144,1,1,1,1,1,6,-268.88514,1914.74215,997.58583,-0.27629,0,0,0.96107;
custom,cuboid,medievalartilleryassets_texture-psd,8.65365,1,5.01993,1,1,1,1,1,1,-268.88514,2042.4219,1224.96246,0,0,0,1;
custom,cuboid,medievalartilleryassets_texture-psd,8.65374,1,9.25089,1,1,1,1,1,1,-182.34905,2260.68199,1296.31653,0,0,0,1;
custom,cuboid,medievalartilleryassets_texture-psd,1,21.49927,9.25089,1,1,1,1,1,2,-317.1534,2061.64998,1296.31653,0,0,0,1;
custom,cuboid,metal4,0.70711,13.6522,9.25089,1,1,1,1,0.05,0.05,-271.38557,2214.91415,1296.31653,0,0,-0.38268,0.92388;
custom,cuboid,medievalartilleryassets_texture-psd,8.90804,1,9.25089,1,1,1,1,1,1,-94.54018,2260.68199,1296.31653,0,0,0,1;
custom,cuboid,medievalartilleryassets_texture-psd,8.65365,1,48.37144,1,1,1,1,1,6,269.0016,1914.74215,997.58583,-0.27629,0,0,0.96107;
custom,cuboid,medievalartilleryassets_texture-psd,8.65365,1,5.01993,1,1,1,1,1,1,269.0016,2042.4219,1224.96246,0,0,0,1;
custom,cuboid,metal4,1,21.49927,9.25089,1,1,1,1,0.05,0.1,220.73334,2061.64998,1296.31653,0,0,0,1;
custom,cuboid,medievalartilleryassets_texture-psd,8.65374,1,9.25089,1,1,1,1,1,1,182.46552,2260.68199,1296.31653,0,-1,0,0;
custom,cuboid,metal4,0.70711,13.6522,9.25089,1,1,1,1,0.05,0.05,271.50204,2214.91415,1296.31653,0.38268,-0.92388,0,0;
custom,cuboid,medievalartilleryassets_texture-psd,8.90804,1,9.25089,1,1,1,1,1,1,94.65664,2260.68199,1296.31653,0,-1,0,0;







custom,cylinder,default,6,0.5,6,1,0,0,0,0,0,-268.88515,2024.15364,1347.57111,-0.70711,0,0,0.70711;
custom,cylinder,default,6,0.5,6,1,0,0,0,0,0,-268.88515,2115.87808,1347.57111,-0.70711,0,0,0.70711;
custom,cylinder,ice1,6,0.05,6,1,0,0,0,0,0,-268.88515,2024.15364,1353.07114,-0.70711,0,0,0.70711;
custom,cylinder,ice1,6,0.05,6,1,0,0,0,0,0,-268.88515,2115.87808,1353.07114,-0.70711,0,0,0.70711;
custom,cylinder,arena2tex,4.5,0.1,4.5,1,0,0.5,1,1,1,-268.88515,2024.15364,1354.57123,-0.70711,0,0,0.70711;
custom,cylinder,arena2tex,4.5,0.1,4.5,1,0,1,0.5,1,1,-268.88515,2115.87808,1354.57123,-0.70711,0,0,0.70711;
custom,cylinder,default,6,0.5,6,1,0,0,0,0,0,269.00158,2024.15364,1347.57111,-0.70711,0,0,0.70711;
custom,cylinder,default,6,0.5,6,1,0,0,0,0,0,269.00158,2115.87808,1347.57111,-0.70711,0,0,0.70711;
custom,cylinder,ice1,6,0.05,6,1,0,0,0,0,0,269.00158,2024.15364,1353.07114,-0.70711,0,0,0.70711;
custom,cylinder,ice1,6,0.05,6,1,0,0,0,0,0,269.00158,2115.87808,1353.07114,-0.70711,0,0,0.70711;
custom,cylinder,arena2tex,4.5,0.1,4.5,1,0,0.5,1,1,1,269.00158,2024.15364,1354.57123,-0.70711,0,0,0.70711;
custom,cylinder,arena2tex,4.5,0.1,4.5,1,0,1,0.5,1,1,269.00158,2115.87808,1354.57123,-0.70711,0,0,0.70711;




custom,cuboid,metal4,8.01164,7.55588,3.99998,1,1,1,1,0.05,0.05,0.05823,2378.32165,820.61966,0,0,0,1;

custom,cuboid,arena2tex,10.01164,1,9.25089,1,0.5,1,0.85,1,100,0.05822,2260.68199,1296.31653,0,0,0,1;
custom,cuboid,arena2tex,10.01164,1,46.84962,1,0.5,1,0.85,1,450,0.05823,2385.03201,1054.70154,0.27804,0,0,0.96057;
custom,cuboid,arena2tex,10.0116,1,5.87212,1,0.5,1,0.85,1,60,0.05823,2509.38202,829.98039,0,0,0,1;





custom,cuboid,default,1,7.55588,3.99998,1,0.25,0.31,0.31,0,0,-44.99999,2378.32165,820.61966,0,0,0,1;
custom,cuboid,default,1,8.82809,5.87212,1,0.25,0.31,0.31,0,0,45.11644,2460.24155,829.98039,0,0,0,1;
custom,cuboid,default,1,8.82809,5.87212,1,0.25,0.31,0.31,0,0,-44.99999,2460.24155,829.98039,0,0,0,1;
custom,cuboid,default,1,6,46.84961,1,0.25,0.31,0.31,0,0,-44.99999,2355.44327,1036.00647,0.27804,0,0,0.96057;
custom,cuboid,default,1,6,46.84961,1,0.25,0.31,0.31,0,0,45.11645,2355.44327,1036.00647,0.27804,0,0,0.96057;
custom,cuboid,default,1,6.0295,43.96166,1,0.25,0.31,0.31,0,0,-44.99999,2302.53149,1033.19878,0.17365,0,0,0.98481;
custom,cuboid,default,1,6.0295,43.96166,1,0.25,0.31,0.31,0,0,45.11642,2302.53149,1033.19878,0.17365,0,0,0.98481;
custom,cuboid,default,1,4,22,1,0.25,0.31,0.31,0,0,45.11642,2381.90407,936.04065,0.21644,0,0,0.9763;
custom,cuboid,default,1,4,22,1,0.25,0.31,0.31,0,0,-44.99999,2381.90407,936.04065,0.21644,0,0,0.9763;
custom,cuboid,default,1,7.55588,3.99998,1,0.25,0.31,0.31,0,0,45.11644,2378.32165,820.61966,0,0,0,1;
custom,prism,default,6.48146,1,6.9623,1,0.25,0.31,0.31,0,0,-44.80007,2225.22035,1239.59206,0.57923,0.57923,-0.40558,0.40558;
custom,prism,default,6.48146,1,6.9623,1,0.25,0.31,0.31,0,0,45.31646,2225.22035,1239.59206,0.57923,0.57923,-0.40558,0.40558;

custom,cuboid,metal4,10.01164,6.65365,1,1,1,1,1,0.05,0.05,0.05823,2222.41373,1337.57111,0,0,0,1;
custom,cuboid,ice1,1.1,6.65365,1.1,1,0,0,0,0,0,-44.99999,2222.41373,1255.0621,0,0,0,1;
custom,cuboid,ice1,1.1,6.65365,1.1,1,0,0,0,0,0,45.11646,2222.41373,1255.0621,0,0,0,1;





custom,cuboid,medievalartilleryassets_texture-psd,1,11.82809,13.5392,1,1,1,1,0,1.5,89.42127,2455.24155,688.61938,0,0,0,1;
custom,cuboid,medievalartilleryassets_texture-psd,1,11.82809,9.53338,1,1,1,1,0,1.5,39.36311,2455.24155,668.59024,0,0,0,1;
custom,cuboid,medievalartilleryassets_texture-psd,0.70714,11.82809,12.6378,1,1,1,1,0,1.5,-2.81839,2455.24158,758.43842,0,-0.38268,0,0.92388;
custom,cuboid,medievalartilleryassets_texture-psd,0.70714,11.82809,6.97273,1,1,1,1,0,1.5,67.26883,2455.24158,778.46756,0,-0.38268,0,0.92388;
custom,cuboid,medievalartilleryassets_texture-psd,0.70714,11.82809,6.97273,1,1,1,1,0,1.5,-67.15196,2455.24158,778.46756,0,0.38268,0,0.92388;
custom,cuboid,medievalartilleryassets_texture-psd,1,11.82809,9.53338,1,1,1,1,0,1.5,-39.24622,2455.24155,668.59024,0,0,0,1;
custom,cuboid,medievalartilleryassets_texture-psd,1,11.82809,13.5392,1,1,1,1,0,1.5,-89.30441,2455.24155,688.61938,0,0,0,1;
custom,cuboid,medievalartilleryassets_texture-psd,0.70714,11.82809,5.55852,1,1,1,1,0,1.5,-22.09377,2455.24155,733.40942,0,0.38268,0,0.92388;
custom,cuboid,metal4,1,6.00182,9.53338,1,0.5,1,0.85,0.05,0.05,-39.24622,2563.6227,668.59024,0,0,0,1;
custom,cuboid,metal4,1,6.00182,9.53338,1,0.5,1,0.85,0.05,0.05,-89.30441,2563.6227,668.59024,0,0,0,1;
custom,cuboid,metal4,1,1.92315,6,1,0.5,1,0.85,0.05,0.05,-39.24622,2523.9978,686.25717,0,0,0,1;
custom,cuboid,metal4,1,1.92315,6,1,0.5,1,0.85,0.05,0.05,-89.30441,2523.9978,686.25717,0,0,0,1;
custom,cuboid,metal4,1,1.92315,6,1,0.5,1,0.85,0.05,0.05,39.36311,2523.9978,686.25717,0,0,0,1;
custom,cuboid,metal4,1,1.92315,6,1,0.5,1,0.85,0.05,0.05,89.42128,2523.9978,686.25717,0,0,0,1;
custom,cuboid,metal4,1,6.00182,9.53338,1,0.5,1,0.85,0.05,0.05,89.42128,2563.6227,668.59024,0,0,0,1;
custom,cuboid,metal4,1,6.00182,9.53338,1,0.5,1,0.85,0.05,0.05,39.36309,2563.6227,668.59024,0,0,0,1;
custom,cuboid,metal4,18.87257,1,4.00581,1,0.5,1,0.85,0.05,0.05,0.05844,2519.38202,736.28632,0,0,0,1;
custom,prism,metal4,8.23959,1,4.75716,1,0.5,1,0.85,0.05,0.05,-39.04622,2609.71324,673.03304,-0.2706,-0.2706,-0.65328,0.65328;
custom,prism,metal4,8.23959,1,4.75716,1,0.5,1,0.85,0.05,0.05,-89.20033,2609.71324,673.03304,-0.2706,-0.2706,-0.65328,0.65328;
custom,prism,metal4,8.23959,1,4.75716,1,0.5,1,0.85,0.05,0.05,89.62127,2609.71324,673.03304,-0.2706,-0.2706,-0.65328,0.65328;
custom,prism,metal4,8.23959,1,4.75716,1,0.5,1,0.85,0.05,0.05,39.46717,2609.71324,673.03304,-0.2706,-0.2706,-0.65328,0.65328;
custom,prism,metal4,5.66508,1,3.27075,1,0.5,1,0.85,0.05,0.05,89.62127,2535.43868,726.5969,-0.2706,-0.2706,-0.65328,0.65328;
custom,prism,metal4,5.66508,1,3.27075,1,0.5,1,0.85,0.05,0.05,-89.10441,2535.43868,726.5969,-0.2706,-0.2706,-0.65328,0.65328;
custom,prism,metal4,5.66508,1,3.27075,1,0.5,1,0.85,0.05,0.05,39.56309,2535.43868,726.5969,-0.2706,-0.2706,-0.65328,0.65328;
custom,prism,metal4,5.66508,1,3.27075,1,0.5,1,0.85,0.05,0.05,-39.04622,2535.43868,726.5969,-0.2706,-0.2706,-0.65328,0.65328;
custom,cuboid,metal4,1,5.82627,3.70711,1,0.5,1,0.85,0.05,0.05,-39.24622,2622.76318,639.45892,0,0,0,1;
custom,cuboid,metal4,1,5.82627,3.70711,1,0.5,1,0.85,0.05,0.05,-89.40033,2622.76318,639.45892,0,0,0,1;
custom,cuboid,metal4,1,5.82627,3.70711,1,0.5,1,0.85,0.05,0.05,89.42128,2622.76318,639.45892,0,0,0,1;
custom,cuboid,metal4,1,5.82627,3.70711,1,0.5,1,0.85,0.05,0.05,39.26717,2622.76318,639.45892,0,0,0,1;





custom,cuboid,metal3,4.33737,11.82809,1,1,1,1,1,0.43374,1.18281,116.10809,2455.24158,625.92339,0,0,0,1;
custom,cuboid,metal3,4.33737,11.82809,1,1,1,1,1,0.43374,1.18281,-116.08716,2455.24158,625.92339,0,0,0,1;
custom,cuboid,metal3,6.86093,11.82809,1,1,1,1,1,0.68609,1.18281,0.05844,2455.24158,625.92339,0,0,0,1;
custom,cuboid,metal3,27.54729,1.92316,1,1,1,1,1,2.75473,0.19232,0.05845,2523.9978,625.92339,0,0,0,1;
custom,cuboid,metal3,6.86093,11.82809,1,1,1,1,1,0.68609,1.18281,0.05844,2592.7541,625.92339,0,0,0,1;
custom,cuboid,metal3,4.33737,11.82809,1,1,1,1,1,0.43374,1.18281,-116.08716,2592.7541,625.92339,0,0,0,1;
custom,cuboid,metal3,4.33737,11.82809,1,1,1,1,1,0.43374,1.18281,116.10809,2592.7541,625.92339,0,0,0,1;



custom,cuboid,default,4.00582,2,9.53338,1,0,0,0,0,0,64.3922,2406.10104,668.59024,0,0,0,1;
custom,cuboid,default,5.66508,2,6.26562,1,0,0,0,0,0,42.23987,2406.10107,758.43857,0,-0.38268,0,0.92388;
custom,cuboid,default,5.66508,2,6.26562,1,0,0,0,0,0,-42.12297,2406.10107,758.43857,0,0.38268,0,0.92388;
custom,cuboid,default,4.00582,2,9.53338,1,0,0,0,0,0,-64.27531,2406.10107,668.59024,0,0,0,1;
custom,prism,default,8.01164,2,4.62554,1,0,0,0,0,0,-0.65851,2406.50107,781.95819,0,0,0,1;
custom,prism,default,5.66508,2,3.27075,1,0,0,0,0,0,73.36461,2406.50107,726.59691,0,-0.38268,0,0.92388;
custom,prism,default,5.66508,2,3.27075,1,0,0,0,0,0,-73.96468,2406.50107,727.3138,0,0.38268,0,0.92388;

custom,cuboid,bombtex,4.00582,2.05,9.53338,1,0.5,1,0.85,20,48,64.3922,2406.10104,668.59024,0,0,0,1;
custom,cuboid,bombtex,5.66508,2.05,6.26562,1,0.5,1,0.85,28,31,42.23987,2406.10107,758.43857,0,-0.38268,0,0.92388;
custom,cuboid,bombtex,5.66508,2.05,6.26562,1,0.5,1,0.85,28,31,-42.12297,2406.10107,758.43857,0,0.38268,0,0.92388;
custom,cuboid,bombtex,4.00582,2.05,9.53338,1,0.5,1,0.85,20,48,-64.27531,2406.10107,668.59024,0,0,0,1;
custom,prism,bombtex,8.01164,2.05,4.62554,1,0.5,1,0.85,40,20,-0.65851,2406.51107,781.95819,0,0,0,1;
custom,prism,bombtex,5.66508,2.05,3.27075,1,0.5,1,0.85,28,14,73.36461,2406.51107,726.59691,0,-0.38268,0,0.92388;
custom,prism,bombtex,5.66508,2.05,3.27075,1,0.5,1,0.85,28,14,-73.96468,2406.51107,727.3138,0,0.38268,0,0.92388;

custom,cuboid,metal4,4.00582,1,9.53338,1,1,1,1,0.05,0.05,64.3922,2509.38198,668.59024,0,0,0,1;
custom,cuboid,metal4,4.00582,1,3.53338,1,1,1,1,0.05,0.05,-64.27531,2509.38202,638.59032,0,0,0,1;
custom,cuboid,metal4,4.00582,1,3.53338,1,1,1,1,0.05,0.05,-64.27531,2538.6132,638.59032,0,0,0,1;
custom,cuboid,metal4,4.00582,1,8.53338,1,1,1,1,0.05,0.05,64.39219,2538.6132,663.59032,0,0,0,1;
custom,cuboid,metal4,4.00582,1.92312,1,1,1,1,1,0.05,0.05,-64.27531,2523.99799,661.25717,0,0,0,1;
custom,cuboid,metal4,4.00582,1.92312,1,1,1,1,1,0.05,0.05,64.39219,2523.99799,661.25717,0,0,0,1;
custom,cuboid,medievalartilleryassets_texture-psd,4.00582,10.82813,1,1,1,1,1,1,2.5,64.39218,2597.75387,652.99446,0,0,0,1;
custom,cuboid,metal4,5.66508,1,6.26562,1,1,1,1,0.05,0.05,42.23987,2509.38202,758.43857,0,-0.38268,0,0.92388;
custom,cuboid,metal4,5.66508,1,6.26562,1,1,1,1,0.05,0.05,-42.12299,2509.38202,758.43857,0,0.38268,0,0.92388;
custom,cuboid,medievalartilleryassets_texture-psd,4.00582,17.75308,1,1,1,1,1,1,4,-64.27531,2504.86645,711.25717,0,0,0,1;
custom,cuboid,medievalartilleryassets_texture-psd,4.00582,7.92498,1,1,1,1,1,1,2,64.39219,2554.00692,711.25717,0,0,0,1;
custom,cuboid,metal4,4.00582,2,3.70711,1,1,1,1,0.05,0.05,-64.27531,2641.89453,639.45892,0,0,0,1;
custom,cuboid,metal4,4.00582,8.23959,1.41421,1,1,1,1,0.05,0.05,-64.27531,2617.76318,682.12585,-0.38268,0,0,0.92388;
custom,cuboid,metal4,4.00582,8.23959,1.41421,1,1,1,1,0.05,0.05,64.39218,2617.76318,682.12585,-0.38268,0,0,0.92388;
custom,prism,metal4,8.01164,1.05,4.62554,1,1,1,1,0.05,0.05,-0.65851,2509.59202,781.95819,0,0,0,1;
custom,prism,metal4,5.66508,1.05,3.27075,1,1,1,1,0.05,0.05,73.36461,2509.59202,726.59691,0,-0.38268,0,0.92388;
custom,prism,metal4,5.66508,1.05,3.27075,1,1,1,1,0.05,0.05,-73.96471,2509.59202,727.31387,0,0.38268,0,0.92388;
custom,prism,ice1,3.58271,11.8781,2.06848,1,0,0,0,0,0,-101.29686,2595.12972,637.46268,0,-0.38268,0,0.92388;
custom,prism,ice1,3.58271,11.8781,2.06848,1,0,0,0,0,0,-101.29686,2457.61732,637.46268,0,-0.38268,0,0.92388;
custom,prism,ice1,3.58271,11.8781,2.06848,1,0,0,0,0,0,27.37066,2595.12953,637.46268,0,-0.38268,0,0.92388;
custom,prism,ice1,3.58271,11.8781,2.06848,1,0,0,0,0,0,27.37066,2457.61713,637.46268,0,-0.38268,0,0.92388;
custom,prism,ice1,3.58271,11.8781,2.06848,1,0,0,0,0,0,-27.7072,2595.12953,637.9161,0,0.38268,0,0.92388;
custom,prism,ice1,3.58271,11.8781,2.06848,1,0,0,0,0,0,-27.7072,2457.61713,637.9161,0,0.38268,0,0.92388;
custom,prism,ice1,3.58271,11.8781,2.06848,1,0,0,0,0,0,100.9603,2595.12953,637.9161,0,0.38268,0,0.92388;
custom,prism,ice1,3.58271,11.8781,2.06848,1,0,0,0,0,0,100.9603,2457.61713,637.9161,0,0.38268,0,0.92388;
custom,prism,metal4,5.66508,4.05582,3.27075,1,1,1,1,0.05,0.05,-63.46415,2535.43868,726.5969,-0.2706,-0.2706,-0.65328,0.65328;
custom,prism,metal4,5.66508,4.05582,3.27075,1,1,1,1,0.05,0.05,65.20334,2535.43868,726.5969,-0.2706,-0.2706,-0.65328,0.65328;

custom,cuboid,ice1,4.00582,1,1,1,0,0,0,0,0,-64.27531,2538.61359,661.25717,0,0,0,1;
custom,cuboid,ice1,4.00582,1,1,1,0,0,0,0,0,-64.27531,2509.38202,661.25717,0,0,0,1;





custom,cuboid,empty,27.55689,2,5.08805,1,0.25,0.31,0.31,2.75569,0.2,0.01046,2641.89453,595.48309,0,0,0,1;
custom,cuboid,empty,27.55689,2,0.39017,1,0.25,0.31,0.31,2.75569,0.2,0.01046,2406.10104,618.97247,0,0,0,1;
custom,cuboid,empty,23.55689,3.92312,2.9342,1,0.25,0.31,0.31,2.35569,0.39231,0.01046,2523.99761,606.25237,0,0,0,1;
custom,cuboid,empty,2,21.61778,5.08805,1,0.4,0.65,0.8,0.2,2.16178,127.7949,2523.80562,595.48309,0,0,0,1;
custom,cuboid,empty,2,21.61778,5.08805,1,0.4,0.65,0.8,0.2,2.16178,-127.77398,2523.80562,595.48309,0,0,0,1;
custom,cuboid,empty,2.19577,8.82813,5.08805,1,0.4,0.65,0.8,0.21958,0.88281,0.01063,2587.75387,595.48309,0,0,0,1;
custom,cuboid,empty,2.19577,8.86653,5.08805,1,0.4,0.65,0.8,0.21958,0.88665,0.01063,2460.04936,595.48309,0,0,0,1;



custom,cuboid,cannonregionmat,8.11164,0.1,1.1,1,1,1,1,0,0,0.05823,2504.38202,805.61981,0,0,0,1;
custom,cuboid,cannonregionmat,8.11164,0.1,1.1,1,1,1,1,0,0,0.05823,2416.10107,805.61981,0,0,0,1;
custom,cuboid,cannonregionmat,0.1,8.92809,1.1,1,1,1,1,0,0,40.11644,2460.24155,805.61981,0,0,0,1;
custom,cuboid,cannonregionmat,0.1,8.92809,1.1,1,1,1,1,0,0,-40,2460.24155,805.61981,0,0,0,1;





custom,cuboid,medievalartilleryassets_texture-psd,1,6,3.70711,1,0.85,1,1,0,1.5,89.42128,2681.89453,639.45892,0,0,0,1;
custom,cuboid,medievalartilleryassets_texture-psd,1,6,3.70711,1,0.85,1,1,0,1.5,39.26717,2681.89453,639.45892,0,0,0,1;
custom,cuboid,medievalartilleryassets_texture-psd,1,6,4.00578,1,0.85,1,1,0,1.5,89.42128,2681.89453,600.89447,0,0,0,1;
custom,cuboid,medievalartilleryassets_texture-psd,0.70711,6,8.39663,1,0.85,1,1,0,1.5,62.23471,2681.89453,553.67897,0,0.38268,0,0.92388;
custom,cuboid,medievalartilleryassets_texture-psd,1,6,8.13961,1,0.85,1,1,0,1.5,35,2681.89499,485.84251,0,0,0,1;
custom,cuboid,medievalartilleryassets_texture-psd,0.70711,6,6.26565,1,0.85,1,1,0,1.5,19.61475,2681.89453,601.27094,0,0.38268,0,0.92388;
custom,cuboid,medievalartilleryassets_texture-psd,1,6,10.15117,1,0.85,1,1,0,1.5,-35,2681.89499,495.90034,0,0,0,1;
custom,cuboid,medievalartilleryassets_texture-psd,1,6,3.70711,1,0.85,1,1,0,1.5,-39.24622,2681.89453,639.45892,0,0,0,1;
custom,cuboid,medievalartilleryassets_texture-psd,1,6,3.70711,1,0.85,1,1,0,1.5,-89.40033,2681.89453,639.45892,0,0,0,1;
custom,cuboid,medievalartilleryassets_texture-psd,1,6,4.00578,1,0.85,1,1,0,1.5,-89.40032,2681.89453,600.89447,0,0,0,1;
custom,cuboid,medievalartilleryassets_texture-psd,0.70711,6,8.39663,1,0.85,1,1,0,1.5,-62.21375,2681.89453,553.67897,0,-0.38268,0,0.92388;
custom,cuboid,medievalartilleryassets_texture-psd,0.70711,6,5.55174,1,0.85,1,1,0,1.5,-22.11787,2681.89453,603.79501,0,-0.38268,0,0.92388;

custom,cuboid,metal2,1,18.51576,6,1,1,1,1,0.3,0.925788,-35,2532.9052,167.53769,0,0,0,1;
custom,cuboid,metal2,1,18.51576,6,1,1,1,1,0.3,0.925788,35,2532.9052,167.53769,0,0,0,1;
custom,cuboid,metal2,1,7.31125,4,1,1,1,1,0.2,0.3655625,35,2476.88267,117.53769,0,0,0,1;
custom,cuboid,metal2,1,7.31125,4,1,1,1,1,0.2,0.3655625,-35,2476.88267,117.53769,0,0,0,1;


custom,cuboid,default,1,6,35.15117,1,0.25,0.31,0.31,0,0,-35,2681.89499,269.38866,0,0,0,1;
custom,cuboid,default,1,6,35.15117,1,0.25,0.31,0.31,0,0,35,2681.89499,269.38866,0,0,0,1;
custom,cuboid,default,1,5.74841,18.96293,1,0.25,0.31,0.31,0,0,-35,2596.74191,42.72301,0,0,0,1;
custom,cuboid,default,1,5.74841,18.96293,1,0.25,0.31,0.31,0,0,35,2596.74191,42.72301,0,0,0,1;
custom,cuboid,default,1,5.31272,9.61856,1,0.25,0.31,0.31,0,0,35,2594.56345,-100.18448,0,0,0,1;
custom,cuboid,default,1,5.31272,9.61856,1,0.25,0.31,0.31,0,0,-35,2594.56345,-100.18448,0,0,0,1;
custom,cuboid,default,1,5.79509,21.38583,1,0.25,0.31,0.31,0,0,35,2656.20277,-2.13673,-0.13068,0,0,0.99143;
custom,cuboid,default,1,5.79509,21.38583,1,0.25,0.31,0.31,0,0,-35,2656.20277,-2.13673,-0.13068,0,0,0.99143;
custom,cuboid,default,1,5,5.01956,1,0.25,0.31,0.31,0,0,-35,2621.05782,-112.85271,0.38268,0,0,0.92388;
custom,cuboid,default,1,5,5.01956,1,0.25,0.31,0.31,0,0,35,2621.05782,-112.85271,0.38268,0,0,0.92388;

custom,cuboid,medievalartilleryassets_texture-psd,0.70711,4,4.95123,1,1,1,1,1,1,-19.99476,2681.89453,561.66145,0,0.38268,0,0.92388;

custom,cuboid,metal4,4.00582,5,1,1,1,1,1,0.05,0.05,64.39218,2676.89453,652.99446,0,0,0,1;
custom,cuboid,metal4,4.00582,5,1,1,1,1,1,0.05,0.05,-64.27531,2676.89453,652.99446,0,0,0,1;






custom,cuboid,default,5.66503,1,10.50296,1,0.25,0.31,0.31,0,0,27.16249,2656.89453,563.76087,0,0.38268,0,0.92388;
custom,cuboid,default,6,1,10.15117,1,0.25,0.31,0.31,0,0,0,2656.89499,495.90034,0,0,0,1;
custom,cuboid,default,0.70711,1,4.95123,1,0.25,0.31,0.31,0,0,-19.99476,2656.89453,561.66145,0,0.38268,0,0.92388;
custom,cuboid,default,5.66503,1,5.55854,1,0.25,0.31,0.31,0,0,-44.71899,2656.89453,581.24207,0,-0.38268,0,0.92388;

custom,cuboid,default,6,1,35.15117,1,0.2,0.2,0.2,0.6,0.1,0,2656.89499,269.38866,0,0,0,1;
custom,cuboid,default,6,1,14.05236,1,0.2,0.2,0.2,0.6,0.1,0,2638.86024,27.06612,-0.13068,0,0,0.99143;
custom,cuboid,default,6,1,6,1,0.2,0.2,0.2,0.6,0.1,0,2620.48397,-12.09164,0,0,0,1;
custom,cuboid,default,6,1,17.96294,1,0.2,0.2,0.2,0.6,0.1,0,2620.48397,107.72301,0,0,0,1;
custom,cuboid,default,6,1,10,1,0.2,0.2,0.2,0.6,0.1,0,2445.32642,147.53769,0,0,0,1;
custom,cuboid,default,6,16.51575,1,1,0.2,0.2,0.2,0.6,1.65158,0,2532.9052,192.53769,0,0,0,1;

custom,cuboid,bombtex,6,1.05,35.15117,1,1,1,1,30,175,0,2656.89499,269.38866,0,0,0,1;
custom,cuboid,bombtex,6,1.05,14.05236,1,1,1,1,30,70,0,2638.86024,27.06612,-0.13068,0,0,0.99143;
custom,cuboid,bombtex,6,1.05,6,1,1,1,1,30,30,0,2620.48397,-12.09164,0,0,0,1;
custom,cuboid,bombtex,6,1.05,17.96294,1,1,1,1,30,90,0,2620.48397,107.72301,0,0,0,1;
custom,cuboid,bombtex,6,1.05,10,1,1,1,1,30,50,0,2445.32642,147.53769,0,0,0,1;
custom,cuboid,bombtex,6,16.51575,1.05,1,1,1,1,30,80,0,2532.9052,192.53769,0,0,0,1;


custom,prism,default,5.66503,1,3.27073,1,0.25,0.31,0.31,0,0,73.98538,2657.09453,609.86681,0,-0.92388,0,0.38268;
custom,prism,default,1.01909,1,0.58837,1,0.25,0.31,0.31,0,0,-42.37379,2657.09453,541.65195,0,0.70711,0,0.70711;




custom,cuboid,default,4.00582,1,3.70711,1,0.25,0.31,0.31,0,0,64.39219,2706.89453,639.45892,0,0,0,1;
custom,cuboid,default,5.66503,1,10.50296,1,0.25,0.31,0.31,0,0,27.16249,2706.89453,563.76087,0,0.38268,0,0.92388;
custom,cuboid,default,6,1,10.15117,1,0.25,0.31,0.31,0,0,0,2706.89499,495.90034,0,0,0,1;
custom,cuboid,default,4.00582,1,3.70711,1,0.25,0.31,0.31,0,0,-64.27531,2706.89453,639.45892,0,0,0,1;
custom,cuboid,default,5.66503,1,5.55854,1,0.25,0.31,0.31,0,0,-44.71899,2706.89453,581.24207,0,-0.38268,0,0.92388;
custom,cuboid,default,0.70711,1,4.95123,1,0.25,0.31,0.31,0,0,-19.99476,2706.89499,561.66145,0,0.38268,0,0.92388;
custom,cuboid,arena2tex,6,1,35.15117,1,0.5,1,0.85,1,350,0,2706.89499,269.38866,0,0,0,1;
custom,cuboid,arena2tex,6,1,21.38583,1,0.5,1,0.85,1,210,0,2679.35944,-8.34896,-0.13068,0,0,0.99143;
custom,cuboid,arena2tex,6,5,1,1,0.5,1,0.85,1,50,0,2635.26917,-127.06398,0.38268,0,0,0.92388;
custom,cuboid,arena2tex,6,5.31271,1,1,0.5,1,0.85,1,50,0,2594.56348,-143.27728,0,0,0,1;
custom,cuboid,arena2tex,6,1,15.61856,1,0.5,1,0.85,1,160,0,2572.99995,-60.18448,0,0,0,1;
custom,cuboid,arena2tex,6,1,11.96294,1,0.5,1,0.85,1,120,0,2572.99988,77.72301,0,0,0,1;
custom,cuboid,arena2tex,6,5.45609,1,1,0.5,1,0.85,1,55,0,2540.71941,142.53769,0,0,0,1;
custom,cuboid,arena2tex,6,1,4,1,0.5,1,0.85,1,40,0,2508.43895,117.53769,0,0,0,1;
custom,prism,default,5.66503,1,3.27073,1,0.25,0.31,0.31,0,0,73.98538,2707.09453,609.86681,0,-0.92388,0,0.38268;
custom,prism,default,5.66503,1,3.27073,1,0.25,0.31,0.31,0,0,-73.34376,2707.09453,610.58376,0,-0.92388,0,-0.38268;
custom,prism,default,1.01909,1,0.58837,1,0.25,0.31,0.31,0,0,-42.37379,2707.09453,541.65195,0,0.70711,0,0.70711;

custom,cuboid,ice1,6,1,1,1,1,1,1,0,0,0,2572.99988,142.53769,0,0,0,1;
custom,cuboid,ice1,6,1,1,1,1,1,1,0,0,0,2508.43895,142.53769,0,0,0,1;
custom,cuboid,ice1,6,1,1,1,1,1,1,0,0,0,2620.48397,-47.09164,0,0,0,1;

custom,cuboid,metal4,3,2.64111,3,1,1,1,1,0.05,0.05,0,2638.6895,107.72301,0,-0.38268,0,0.92388;
custom,cuboid,metal4,3,2.64111,3,1,1,1,1,0.05,0.05,0,2638.6895,167.72301,0,-0.38268,0,0.92388;




custom,cuboid,default,0.1,8.9281,1.1,1,0,0,0,0,0,-84.30441,2460.24155,625.92342,0,0,0,1;
custom,cuboid,default,0.1,8.9281,1.1,1,0,0,0,0,0,-44.24622,2460.24155,625.92342,0,0,0,1;
custom,cuboid,default,4.10582,0.1,1.1,1,0,0,0,0,0,-64.27531,2504.38206,625.92342,0,0,0,1;
custom,cuboid,default,4.10582,0.1,1.1,1,0,0,0,0,0,-64.27531,2416.10104,625.92342,0,0,0,1;
racing,checkpointcuboid,4.1058202,8.9281,0.8,-64.27531,2460.24155,625.92342,0,0,0,1;
custom,cuboid,default,6.1,0.1,1.1,1,0,0,0,0,0,0,2615.48397,22.90833,0,0,0,1;
custom,cuboid,default,6.1,0.1,1.1,1,0,0,0,0,0,0,2577.99988,22.90833,0,0,0,1;
custom,cuboid,default,0.1,3.84841,1.1,1,0,0,0,0,0,-30,2596.74194,22.90833,0,0,0,1;
custom,cuboid,default,0.1,3.84841,1.1,1,0,0,0,0,0,30,2596.74194,22.90833,0,0,0,1;
racing,checkpointcuboid,6.0999999,3.84841,0.7,0,2596.74194,22.90833,0,0,0,1;







racing,killcuboid,12.74216,16.00002,2,55.62655,2585.90149,434.30485,-0.59498,-0.03295,0.03636,-0.80224;
racing,killcuboid,12.6999,16.00002,2,161.56654,2585.84515,401.59607,-0.54956,-0.10375,0.10375,-0.82247;
racing,killcuboid,12.62916,16.00002,2,256.97834,2580.86414,349.7414,-0.4987,-0.18004,0.16318,-0.83202;
racing,killcuboid,12.53147,16.00002,2,338.29128,2571.49681,281.70521,-0.44384,-0.26042,0.21372,-0.83037;
racing,killcuboid,12.40771,16.00001,2,402.7536,2558.40889,201.03668,-0.38651,-0.34342,0.25469,-0.8172;
racing,killcuboid,12.2584,16.00001,2,448.5144,2542.35222,111.65798,-0.32824,-0.42746,0.28562,-0.79244;
racing,killcuboid,12.08591,16.00002,2,474.64706,2524.12346,17.65839,-0.27059,-0.51095,0.30625,-0.75626;
racing,killcuboid,11.89096,16.00003,2,481.13289,2504.52038,-76.9289,-0.21509,-0.59226,0.31657,-0.70905;
racing,killcuboid,11.67632,16.00002,2,468.78525,2484.30798,-168.29697,-0.16318,-0.66981,0.3168,-0.65143;
racing,killcuboid,11.44322,16.00002,2,439.14165,2464.18343,-253.03886,-0.11622,-0.74207,0.30737,-0.58425;
racing,killcuboid,11.1947,16.00002,2,394.32831,2444.75567,-328.25119,-0.07543,-0.80759,0.28896,-0.50854;
racing,killcuboid,10.93238,16.00002,2,336.90285,2426.52672,-391.62682,-0.04191,-0.86506,0.26241,-0.4255;
racing,killcuboid,10.6594,16.00002,2,269.70409,2409.88598,-441.48048,-0.01653,-0.91333,0.22878,-0.33648;
racing,killcuboid,10.37826,16.00002,2,195.69736,2395.1083,-476.75613,0,-0.95139,0.18924,-0.24298;
racing,killcuboid,10.0913,16.00002,2,117.84094,2382.36038,-496.99059,0.0072,-0.97847,0.14514,-0.14655;
racing,killcuboid,9.80225,16.00002,2,38.9836,2371.71219,-502.2554,0.00481,-0.99399,0.0979,-0.04883;
racing,killcuboid,10.09144,16.00002,2,-38.23951,2363.14995,-493.08426,-0.0072,-0.99759,0.04901,0.04854;
racing,killcuboid,10.37775,16.00002,2,-111.42979,2356.59164,-470.39215,-0.02863,-0.98918,0,0.14391;
racing,killcuboid,10.65902,16.00002,2,-178.49426,2351.90281,-435.39131,-0.05904,-0.96886,-0.0476,0.2357;
racing,killcuboid,10.93204,16.00002,2,-237.62531,2348.90846,-389.52583,-0.09779,-0.93701,-0.09229,0.32238;
racing,killcuboid,11.19468,16.00002,2,-287.30877,2347.40482,-334.40659,0.14404,0.89421,0.13264,-0.40256;
racing,killcuboid,11.44291,16.00002,2,-326.29944,2347.16484,-271.77849,0.19674,0.84125,0.16733,-0.47497;
racing,killcuboid,11.67584,16.00002,2,-353.6166,2347.94647,-203.47359,0.25469,0.77914,0.19516,-0.53851;
racing,killcuboid,11.89071,16.00002,2,-368.51936,2349.49036,-131.41544,0.31657,0.70905,0.21509,-0.59226;
racing,killcuboid,12.08542,16.00002,2,-370.50915,2351.52191,-57.60345,0.38092,0.6323,0.22624,-0.63554;
racing,killcuboid,12.25819,16.00002,2,-359.33811,2353.75042,15.8881,0.44624,0.55035,0.22796,-0.66784;
racing,killcuboid,12.40767,16.00002,2,-335.03006,2355.86929,86.9175,0.51095,0.46474,0.21981,-0.68893;
racing,killcuboid,12.53123,16.00002,2,-297.91912,2357.55604,153.28285,0.57348,0.37707,0.20155,-0.69879;
racing,killcuboid,12.62899,16.00001,2,-248.67828,2358.48095,212.76855,0.6323,0.28896,0.1732,-0.69764;
racing,killcuboid,12.81322,16.00002,2,-188.36864,2358.31207,263.17806,0.68592,0.20203,0.13499,-0.68592;
racing,killcuboid,12.74199,16.00002,2,-118.47769,2356.72886,302.40644,0.73293,0.11786,0.08741,-0.66429;
racing,killcuboid,12.75657,16.00001,2,-40.92,2353.4396,328.5318,0.77208,0.03793,0.03113,-0.63363;



custom,cuboid,arena2tex,9.8017,16.00002,2,1,1,0,1,20,1,40.01934,2539.60552,281.94639,-0.59498,-0.03295,0.03636,-0.80224;
custom,cuboid,arena2tex,9.80171,16.00002,2,1,0.9375,0,1,20,1,116.01345,2525.93407,260.40268,-0.54956,-0.10375,0.10375,-0.82247;
custom,cuboid,arena2tex,9.8017,16.00002,2,1,0.875,0,1,20,1,184.80259,2508.9677,226.3657,-0.4987,-0.18004,0.16318,-0.83202;
custom,cuboid,arena2tex,9.8017,16.00002,2,1,0.8125,0,1,20,1,244.51485,2489.15157,181.57909,-0.44384,-0.26042,0.21372,-0.83037;
custom,cuboid,arena2tex,9.80171,16.00001,2,1,0.75,0,1,20,1,293.67611,2466.97067,127.95353,-0.38651,-0.34342,0.25469,-0.8172;
custom,cuboid,arena2tex,9.80172,16.00001,2,1,0.6875,0,1,20,1,331.18797,2442.93442,67.49241,-0.32824,-0.42746,0.28562,-0.79244;
custom,cuboid,arena2tex,9.80172,16.00002,2,1,0.625,0,1,20,1,356.29112,2417.56657,2.24751,-0.27059,-0.51095,0.30625,-0.75626;
custom,cuboid,arena2tex,9.8017,16.00003,2,1,0.5625,0,1,20,1,368.54061,2391.39374,-65.73326,-0.21509,-0.59226,0.31657,-0.70905;
custom,cuboid,arena2tex,9.8017,16.00002,2,1,0.5,0,1,20,1,367.77111,2364.94377,-134.41002,-0.16318,-0.66981,0.3168,-0.65143;
custom,cuboid,arena2tex,9.8017,16.00002,2,1,0.4375,0,1,20,1,354.07803,2338.73859,-201.77704,-0.11622,-0.74207,0.30737,-0.58425;
custom,cuboid,arena2tex,9.80168,16.00002,2,1,0.375,0,1,20,1,327.81075,2313.29592,-265.85136,-0.07543,-0.80759,0.28896,-0.50854;
custom,cuboid,arena2tex,9.8017,16.00002,2,1,0.3125,0,1,20,1,289.57195,2289.12434,-324.69131,-0.04191,-0.86506,0.26241,-0.4255;
custom,cuboid,arena2tex,9.80172,16.00002,2,1,0.25,0,1,20,1,240.23935,2266.72184,-376.39709,-0.01653,-0.91333,0.22878,-0.33648;
custom,cuboid,arena2tex,9.80169,16.00002,2,1,0.1875,0,1,20,1,180.98297,2246.56853,-419.14177,0,-0.95139,0.18924,-0.24298;
custom,cuboid,arena2tex,9.80169,16.00002,2,1,0.125,0,1,20,1,113.28847,2229.11819,-451.20735,0.0072,-0.97847,0.14514,-0.14655;
custom,cuboid,arena2tex,9.80128,16.00001,2,1,0.0625,0,1,20,1,38.98364,2214.78653,-471.04103,0.00481,-0.99399,0.0979,-0.04883;
custom,cuboid,arena2tex,10.09146,16.00002,2,1,0,0,1,20,1,-39.77658,2203.93513,-477.32742,-0.0072,-0.99759,0.04901,0.04854;
custom,cuboid,arena2tex,10.37773,16.00002,2,1,0,0.0625,1,20,1,-120.49077,2196.85387,-469.07394,-0.02863,-0.98918,0,0.14391;
custom,cuboid,arena2tex,10.659,16.00002,2,1,0,0.125,1,20,1,-200.38845,2193.74317,-445.69527,-0.05904,-0.96886,-0.0476,0.2357;
custom,cuboid,arena2tex,10.93204,16.00002,2,1,0,0.1875,1,20,1,-276.46872,2194.69425,-407.10899,-0.09779,-0.93701,-0.09229,0.32238;
custom,cuboid,arena2tex,11.19466,16.00002,2,1,0,0.25,1,20,1,-345.61188,2199.67405,-353.80669,0.14404,0.89421,0.13264,-0.40256;
custom,cuboid,arena2tex,11.44289,16.00003,2,1,0,0.3125,1,20,1,-404.69444,2208.51103,-286.92261,0.19674,0.84125,0.16733,-0.47497;
custom,cuboid,arena2tex,11.67581,16.00002,2,1,0,0.375,1,20,1,-450.74879,2220.89298,-208.24318,0.25469,0.77914,0.19516,-0.53851;
custom,cuboid,arena2tex,11.8907,16.00002,2,1,0,0.4375,1,20,1,-481.11164,2236.36372,-120.21984,0.31657,0.70905,0.21509,-0.59226;
custom,cuboid,arena2tex,12.0854,16.00002,2,1,0,0.5,1,20,1,-493.59528,2254.33441,-25.91129,0.38092,0.6323,0.22624,-0.63554;
custom,cuboid,arena2tex,12.25817,16.00002,2,1,0,0.5625,1,20,1,-486.64478,2274.10124,71.10596,0.44624,0.55035,0.22796,-0.66784;
custom,cuboid,arena2tex,12.40765,16.00002,2,1,0,0.625,1,20,1,-459.47563,2294.87198,166.87134,0.51095,0.46474,0.21981,-0.68893;
custom,cuboid,arena2tex,12.53122,16.00002,2,1,0,0.6875,1,20,1,-412.18605,2315.79805,257.20268,0.57348,0.37707,0.20155,-0.69879;
custom,cuboid,arena2tex,12.62899,16.00001,2,1,0,0.75,1,20,1,-345.81039,2336.01791,337.91153,0.6323,0.28896,0.1732,-0.69764;
custom,cuboid,arena2tex,12.81322,16.00002,2,1,0,0.8125,1,20,1,-262.34283,2354.69715,405.00454,0.68592,0.20203,0.13499,-0.68592;
custom,cuboid,arena2tex,12.74199,16.00002,2,1,0,0.875,1,20,1,-164.69965,2371.07399,454.91135,0.73293,0.11786,0.08741,-0.66429;
custom,cuboid,arena2tex,12.75657,16.00001,2,1,0,0.9375,1,20,1,-56.60269,2384.50378,484.70181,0.77208,0.03793,0.03113,-0.63363;



racing,killcuboid,12.93537,16.00001,2,41.94083,2348.19901,339.91066,-0.59498,-0.03295,0.03636,-0.80224;
racing,killcuboid,13.08374,16.00002,2,127.3398,2340.83038,335.29148,-0.54956,-0.10375,0.10375,-0.82247;
racing,killcuboid,13.20107,16.00002,2,212.17043,2331.24607,313.92147,-0.4987,-0.18004,0.16318,-0.83202;
racing,killcuboid,13.28539,16.00001,2,293.06913,2319.46831,275.65392,-0.44384,-0.26042,0.21372,-0.83037;
racing,killcuboid,13.33596,16.00001,2,366.55502,2305.644,221.02528,-0.38651,-0.34342,0.25469,-0.8172;
racing,killcuboid,13.35295,16.00003,2,429.18179,2290.05436,151.30703,-0.32824,-0.42746,0.28562,-0.79244;
racing,killcuboid,13.33526,16.00002,2,477.70638,2273.12044,68.53207,-0.27059,-0.51095,0.30625,-0.75626;
racing,killcuboid,13.28397,16.00002,2,509.28101,2255.39412,-24.54803,-0.21509,-0.59226,0.31657,-0.70905;
racing,killcuboid,13.19874,16.00002,2,521.62876,2237.54673,-124.51969,-0.16318,-0.66981,0.3168,-0.65143;
racing,killcuboid,13.08118,16.00002,2,513.2114,2220.34204,-227.44484,-0.11622,-0.74207,0.30737,-0.58425;
racing,killcuboid,12.93165,16.00002,2,483.36788,2204.60699,-329.00757,-0.07543,-0.80759,0.28896,-0.50854;
racing,killcuboid,12.75234,16.00002,2,432.4057,2191.18973,-424.72786,-0.04191,-0.86506,0.26241,-0.4255;
racing,killcuboid,12.54443,16.00002,2,361.65462,2180.9178,-510.17303,-0.01653,-0.91333,0.22878,-0.33648;
racing,killcuboid,12.31,16.00002,2,273.45081,2174.55055,-581.20056,0,-0.95139,0.18924,-0.24298;
racing,killcuboid,12.05167,16.00002,2,171.06586,2172.73327,-634.18968,0.0072,-0.97847,0.14514,-0.14655;
racing,killcuboid,11.77099,16.00002,2,58.58707,2175.95634,-666.25351,0.00481,-0.99399,0.0979,-0.04883;
racing,killcuboid,12.05155,16.00002,2,-59.2856,2184.51864,-675.42435,-0.0072,-0.99759,0.04901,0.04854;
racing,killcuboid,12.30972,16.00002,2,-177.43217,2198.5017,-660.78957,-0.02863,-0.98918,0,0.14391;
racing,killcuboid,12.54402,16.00002,2,-290.60816,2217.75543,-622.56775,-0.05904,-0.96886,-0.0476,0.2357;
racing,killcuboid,12.75193,16.00002,2,-393.68927,2241.89478,-562.1299,-0.09779,-0.93701,-0.09229,0.32238;
racing,killcuboid,12.9319,16.00002,2,-481.95869,2270.31178,-481.94641,0.14404,0.89421,0.13264,-0.40256;
racing,killcuboid,13.08078,16.00002,2,-551.35262,2302.19685,-385.48386,0.19674,0.84125,0.16733,-0.47497;
racing,killcuboid,13.19854,16.00001,2,-598.69385,2336.57829,-277.01225,0.25469,0.77914,0.19516,-0.53851;
racing,killcuboid,13.28359,16.00002,2,-621.85211,2372.36336,-161.40526,0.31657,0.70905,0.21509,-0.59226;
racing,killcuboid,13.33507,16.00002,2,-619.8629,2408.39199,-43.87527,0.38092,0.6323,0.22624,-0.63554;
racing,killcuboid,13.35257,16.00002,2,-592.97424,2443.49243,70.29861,0.44624,0.55035,0.22796,-0.66784;
racing,killcuboid,13.33623,16.00002,2,-542.62257,2476.53744,176.0495,0.51095,0.46474,0.21981,-0.68893;
racing,killcuboid,13.28505,16.00002,2,-471.34975,2506.49605,268.77621,0.57348,0.37707,0.20155,-0.69879;
racing,killcuboid,13.20081,16.00002,2,-382.6413,2532.48386,344.58988,0.6323,0.28896,0.1732,-0.69764;
racing,killcuboid,13.08403,16.00002,2,-280.73591,2553.79829,400.48592,0.68592,0.20203,0.13499,-0.68592;
racing,killcuboid,12.93506,16.00002,2,-170.39024,2569.94633,434.48002,0.73293,0.11786,0.08741,-0.66429;
racing,killcuboid,12.75657,16.00002,2,-56.6027,2580.66082,445.68367,0.77208,0.03793,0.03113,-0.63363;




custom,cuboid,arena2tex,12.93537,16.00001,2,1,0,1,1,20,1,57.54804,2394.49497,492.26913,-0.59498,-0.03295,0.03636,-0.80224;
custom,cuboid,arena2tex,13.08374,16.00002,2,1,0.0625,1,1,20,1,172.89289,2400.7415,476.48487,-0.54956,-0.10375,0.10375,-0.82247;
custom,cuboid,arena2tex,13.20107,16.00002,2,1,0.125,1,1,20,1,284.34616,2403.14251,437.29717,-0.4987,-0.18004,0.16318,-0.83202;
custom,cuboid,arena2tex,13.28539,16.00001,2,1,0.1875,1,1,20,1,386.84555,2401.81358,375.78003,-0.44384,-0.26042,0.21372,-0.83037;
custom,cuboid,arena2tex,13.33596,16.00001,2,1,0.25,1,1,20,1,475.63251,2397.08221,294.10845,-0.38651,-0.34342,0.25469,-0.8172;
custom,cuboid,arena2tex,13.35295,16.00003,2,1,0.3125,1,1,20,1,546.50822,2389.47216,195.47262,-0.32824,-0.42746,0.28562,-0.79244;
custom,cuboid,arena2tex,13.33526,16.00002,2,1,0.375,1,1,20,1,596.06232,2379.67731,83.94295,-0.27059,-0.51095,0.30625,-0.75626;
custom,cuboid,arena2tex,13.28397,16.00002,2,1,0.4375,1,1,20,1,621.87328,2368.52074,-35.74364,-0.21509,-0.59226,0.31657,-0.70905;
custom,cuboid,arena2tex,13.19874,16.00002,2,1,0.5,1,1,20,1,622.6429,2356.91093,-158.4066,-0.16318,-0.66981,0.3168,-0.65143;
custom,cuboid,arena2tex,13.08118,16.00002,2,1,0.5625,1,1,20,1,598.27499,2345.78686,-278.70667,-0.11622,-0.74207,0.30737,-0.58425;
custom,cuboid,arena2tex,12.93165,16.00002,2,1,0.625,1,1,20,1,549.88544,2336.06674,-391.40739,-0.07543,-0.80759,0.28896,-0.50854;
custom,cuboid,arena2tex,12.75234,16.00002,2,1,0.6875,1,1,20,1,479.7366,2328.59211,-491.66336,-0.04191,-0.86506,0.26241,-0.4255;
custom,cuboid,arena2tex,12.54443,16.00002,2,1,0.75,1,1,20,1,391.11938,2324.08195,-575.25642,-0.01653,-0.91333,0.22878,-0.33648;
custom,cuboid,arena2tex,12.31001,16.00002,2,1,0.8125,1,1,20,1,288.16521,2323.09032,-638.81493,0,-0.95139,0.18924,-0.24298;
custom,cuboid,arena2tex,12.05169,16.00002,2,1,0.875,1,1,20,1,175.61832,2325.97546,-679.97292,0.0072,-0.97847,0.14514,-0.14655;
custom,cuboid,arena2tex,11.771,16.00002,2,1,0.9375,1,1,20,1,58.58703,2332.882,-697.46788,0.00481,-0.99399,0.0979,-0.04883;
custom,cuboid,arena2tex,11.75198,16.00003,2,1,1,1,1,20,1,-57.74853,2343.73344,-691.18118,-0.0072,-0.99759,0.04901,0.04854;
custom,cuboid,arena2tex,11.72428,16.00002,2,1,1,0.9375,1,20,1,-168.3712,2358.23948,-662.10777,-0.02863,-0.98918,0,0.14391;
custom,cuboid,arena2tex,11.67756,16.00002,2,1,1,0.875,1,20,1,-268.71397,2375.91507,-612.26379,-0.05904,-0.96886,-0.0476,0.2357;
custom,cuboid,arena2tex,11.61278,16.00002,2,1,1,0.8125,1,20,1,-354.84585,2396.10901,-544.54674,-0.09779,-0.93701,-0.09229,0.32238;
custom,cuboid,arena2tex,11.53,16.00002,2,1,1,0.75,1,20,1,-423.65562,2418.04253,-462.54631,0.14404,0.89421,0.13264,-0.40256;
custom,cuboid,arena2tex,11.43155,16.00002,2,1,1,0.6875,1,20,1,-472.95761,2440.85064,-370.33974,0.19674,0.84125,0.16733,-0.47497;
custom,cuboid,arena2tex,11.47714,16.00001,2,1,1,0.625,1,20,1,-501.56166,2463.63174,-272.24266,0.25469,0.77914,0.19516,-0.53851;
custom,cuboid,arena2tex,11.18783,16.00002,2,1,1,0.5625,1,20,1,-509.25983,2485.49,-172.60086,0.31657,0.70905,0.21509,-0.59226;
custom,cuboid,arena2tex,11.04528,16.00002,2,1,1,0.5,1,20,1,-496.77677,2505.57949,-75.56744,0.38092,0.6323,0.22624,-0.63554;
custom,cuboid,arena2tex,10.89077,16.00002,2,1,1,0.4375,1,20,1,-465.66757,2523.14163,15.08076,0.44624,0.55035,0.22796,-0.66784;
custom,cuboid,arena2tex,10.72537,16.00002,2,1,1,0.375,1,20,1,-418.17696,2537.53475,96.09566,0.51095,0.46474,0.21981,-0.68893;
custom,cuboid,arena2tex,10.55186,16.00002,2,1,1,0.3125,1,20,1,-357.08282,2548.25401,164.85638,0.57348,0.37707,0.20155,-0.69879;
custom,cuboid,arena2tex,10.37074,16.00002,2,1,1,0.25,1,20,1,-285.50919,2554.9469,219.44691,0.6323,0.28896,0.1732,-0.69764;
custom,cuboid,arena2tex,10.18378,16.00002,2,1,1,0.1875,1,20,1,-206.76172,2557.41322,258.65944,0.68592,0.20203,0.13499,-0.68592;
custom,cuboid,arena2tex,9.99383,16.00002,2,1,1,0.125,1,20,1,-124.16828,2555.6012,281.97514,0.73293,0.11786,0.08741,-0.66429;
custom,cuboid,arena2tex,9.80136,16.00002,2,1,1,0.0625,1,20,1,-40.92,2549.59663,289.5137,0.77208,0.03793,0.03113,-0.63363;



custom,cuboid,medievalartilleryassets_texture-psd,12.74216,32.00003,2,1,1,1,1,0,2.5,48.78366,2467.05025,387.10773,-0.59498,-0.03295,0.03636,-0.80224;
custom,cuboid,medievalartilleryassets_texture-psd,12.6999,32.00002,2,1,1,1,1,0,2.5,144.45318,2463.33775,368.44376,-0.54956,-0.10375,0.10375,-0.82247;
custom,cuboid,medievalartilleryassets_texture-psd,12.62917,32.00005,2,1,1,1,1,0,2.5,234.57441,2456.05515,331.83144,-0.4987,-0.18004,0.16318,-0.83202;
custom,cuboid,medievalartilleryassets_texture-psd,12.53149,32.00004,2,1,1,1,1,0,2.5,315.68022,2445.48252,278.67958,-0.44384,-0.26042,0.21372,-0.83037;
custom,cuboid,medievalartilleryassets_texture-psd,12.40772,32.00003,2,1,1,1,1,0,2.5,384.65435,2432.02644,211.03096,-0.38651,-0.34342,0.25469,-0.8172;
custom,cuboid,medievalartilleryassets_texture-psd,12.25839,32.00003,2,1,1,1,1,0,2.5,438.84811,2416.20327,131.48247,-0.32824,-0.42746,0.28562,-0.79244;
custom,cuboid,medievalartilleryassets_texture-psd,12.08592,32.00005,2,1,1,1,1,0,2.5,476.17672,2398.62198,43.09521,-0.27059,-0.51095,0.30625,-0.75626;
custom,cuboid,medievalartilleryassets_texture-psd,11.89096,32.00005,2,1,1,1,1,0,2.5,495.20691,2379.95724,-50.73845,-0.21509,-0.59226,0.31657,-0.70905;
custom,cuboid,medievalartilleryassets_texture-psd,11.67632,32.00003,2,1,1,1,1,0,2.5,495.20702,2360.92735,-146.40839,-0.16318,-0.66981,0.3168,-0.65143;
custom,cuboid,medievalartilleryassets_texture-psd,11.44323,32.00005,2,1,1,1,1,0,2.5,476.17661,2342.26273,-240.24185,-0.11622,-0.74207,0.30737,-0.58425;
custom,cuboid,medievalartilleryassets_texture-psd,11.19469,32.00004,2,1,1,1,1,0,2.5,438.848,2324.68132,-328.62946,-0.07543,-0.80759,0.28896,-0.50854;
custom,cuboid,medievalartilleryassets_texture-psd,10.9324,32.00005,2,1,1,1,1,0,2.5,384.65431,2308.85822,-408.17734,-0.04191,-0.86506,0.26241,-0.4255;
custom,cuboid,medievalartilleryassets_texture-psd,10.6594,32.00005,2,1,1,1,1,0,2.5,315.67934,2295.40192,-475.82672,-0.01653,-0.91333,0.22878,-0.33648;
custom,cuboid,medievalartilleryassets_texture-psd,10.37826,32.00005,2,1,1,1,1,0,2.5,234.57407,2284.82941,-528.97835,0,-0.95139,0.18924,-0.24298;
custom,cuboid,medievalartilleryassets_texture-psd,10.0913,32.00004,2,1,1,1,1,0,2.5,144.45343,2277.54684,-565.59021,0.0072,-0.97847,0.14514,-0.14655;
custom,cuboid,medievalartilleryassets_texture-psd,9.80225,32.00004,2,1,1,1,1,0,2.5,48.78534,2273.83427,-584.25446,0.00481,-0.99399,0.0979,-0.04883;
custom,cuboid,medievalartilleryassets_texture-psd,10.09144,32.00004,2,1,1,1,1,0,2.5,-48.76256,2273.8343,-584.2543,-0.0072,-0.99759,0.04901,0.04854;
custom,cuboid,medievalartilleryassets_texture-psd,10.37775,32.00004,2,1,1,1,1,0,2.5,-144.43096,2277.54669,-565.59074,-0.02863,-0.98918,0,0.14391;
custom,cuboid,medievalartilleryassets_texture-psd,10.65902,32.00004,2,1,1,1,1,0,2.5,-234.5512,2284.8291,-528.97949,-0.05904,-0.96886,-0.0476,0.2357;
custom,cuboid,medievalartilleryassets_texture-psd,10.93204,32.00003,2,1,1,1,1,0,2.5,-315.65741,2295.40165,-475.82787,-0.09779,-0.93701,-0.09229,0.32238;
custom,cuboid,medievalartilleryassets_texture-psd,11.19467,32,2,1,1,1,1,0,2.5,-384.63371,2308.85834,-408.1765,0.14404,0.89421,0.13264,-0.40256;
custom,cuboid,medievalartilleryassets_texture-psd,11.44292,32.00002,2,1,1,1,1,0,2.5,-438.82603,2324.68082,-328.63121,0.19674,0.84125,0.16733,-0.47497;
custom,cuboid,medievalartilleryassets_texture-psd,11.67585,32.00004,2,1,1,1,1,0,2.5,-476.15528,2342.26234,-240.24292,0.25469,0.77914,0.19516,-0.53851;
custom,cuboid,medievalartilleryassets_texture-psd,11.89071,32.00004,2,1,1,1,1,0,2.5,-495.18578,2360.92682,-146.41029,0.31657,0.70905,0.21509,-0.59226;
custom,cuboid,medievalartilleryassets_texture-psd,12.08542,32.00003,2,1,1,1,1,0,2.5,-495.18604,2379.95693,-50.73944,0.38092,0.6323,0.22624,-0.63554;
custom,cuboid,medievalartilleryassets_texture-psd,12.25819,32.00004,2,1,1,1,1,0,2.5,-476.15616,2398.62144,43.09338,0.44624,0.55035,0.22796,-0.66784;
custom,cuboid,medievalartilleryassets_texture-psd,12.40767,32.00004,2,1,1,1,1,0,2.5,-438.82626,2416.20331,131.48346,0.51095,0.46474,0.21981,-0.68893;
custom,cuboid,medievalartilleryassets_texture-psd,12.53123,32.00004,2,1,1,1,1,0,2.5,-384.63444,2432.02602,211.02959,0.57348,0.37707,0.20155,-0.69879;
custom,cuboid,medievalartilleryassets_texture-psd,12.629,32.00004,2,1,1,1,1,0,2.5,-315.65979,2445.48244,278.67924,0.6323,0.28896,0.1732,-0.69764;
custom,cuboid,medievalartilleryassets_texture-psd,12.81321,32.00003,2,1,1,1,1,0,2.5,-234.55231,2456.05515,331.83201,0.68592,0.20203,0.13499,-0.68592;
custom,cuboid,medievalartilleryassets_texture-psd,12.74199,32.00004,2,1,1,1,1,0,2.5,-144.43396,2463.33763,368.44326,0.73293,0.11786,0.08741,-0.66429;
custom,cuboid,medievalartilleryassets_texture-psd,12.75658,32.00003,2,1,1,1,1,0,2.5,-48.76134,2467.05025,387.10773,0.77208,0.03793,0.03113,-0.63363;




custom,cuboid,empty,9.8017,2,10,1,1,0,1,0,0.5,48.3033,2514.90189,372.61665,-0.59498,-0.03295,0.03636,-0.80224;
custom,cuboid,empty,9.8017,2.00003,10,1,0.9375,0,1,0,0.5,141.62161,2509.61365,349.72153,-0.54956,-0.10375,0.10375,-0.82247;
custom,cuboid,empty,9.8017,2.00004,10,1,0.875,0,1,0,0.5,227.73247,2500.48553,309.94253,-0.4987,-0.18004,0.16318,-0.83202;
custom,cuboid,empty,9.8017,2.00004,10,1,0.8125,0,1,0,0.5,303.5416,2487.90337,255.16083,-0.44384,-0.26042,0.21372,-0.83037;
custom,cuboid,empty,9.8017,2.00004,10,1,0.75,0,1,0,0.5,366.43459,2472.35809,187.76302,-0.38651,-0.34342,0.25469,-0.8172;
custom,cuboid,empty,9.8017,2.00004,10,1,0.6875,0,1,0,0.5,414.34967,2454.42326,110.52879,-0.32824,-0.42746,0.28562,-0.79244;
custom,cuboid,empty,9.8017,2.00004,10,1,0.625,0,1,0,0.5,445.82291,2434.73347,26.52405,-0.27059,-0.51095,0.30625,-0.75626;
custom,cuboid,empty,9.8017,2.00004,10,1,0.5625,0,1,0,0.5,460.02186,2413.95718,-61.03477,-0.21509,-0.59226,0.31657,-0.70905;
custom,cuboid,empty,9.8017,2.00004,10,1,0.5,0,1,0,0.5,456.74259,2392.77664,-148.88092,-0.16318,-0.66981,0.3168,-0.65143;
custom,cuboid,empty,9.8017,2.00003,10,1,0.4375,0,1,0,0.5,436.39328,2371.8618,-233.82492,-0.11622,-0.74207,0.30737,-0.58425;
custom,cuboid,empty,9.8017,2.00003,10,1,0.375,0,1,0,0.5,399.95888,2351.85356,-312.84027,-0.07543,-0.80759,0.28896,-0.50854;
custom,cuboid,empty,9.8017,2.00003,10,1,0.3125,0,1,0,0.5,348.94581,2333.34187,-383.16826,-0.04191,-0.86506,0.26241,-0.4255;
custom,cuboid,empty,9.8017,2.00004,10,1,0.25,0,1,0,0.5,285.32553,2316.85287,-442.38289,-0.01653,-0.91333,0.22878,-0.33648;
custom,cuboid,empty,9.8017,2.00003,10,1,0.1875,0,1,0,0.5,211.45712,2302.83394,-488.46359,0,-0.95139,0.18924,-0.24298;
custom,cuboid,empty,9.8017,2.00003,10,1,0.125,0,1,0,0.5,130.00912,2291.64314,-519.84451,0.0072,-0.97847,0.14514,-0.14655;
custom,cuboid,empty,9.8017,2.00003,10,1,0.0625,0,1,0,0.5,43.8845,2283.54179,-535.45135,0.00481,-0.99399,0.0979,-0.04883;
custom,cuboid,empty,9.8017,2.00003,10,1,0,0,1,0,0.5,-43.88531,2278.68835,-534.73022,-0.0072,-0.99759,0.04901,0.04854;
custom,cuboid,empty,9.8017,2.00003,10,1,0,0.0625,1,0,0.5,-130.19562,2277.13474,-517.66182,-0.02863,-0.98918,0,0.14391;
custom,cuboid,empty,9.8017,2.00004,10,1,0,0.125,1,0,0.5,-211.99629,2278.82607,-484.76135,-0.05904,-0.96886,-0.0476,0.2357;
custom,cuboid,empty,9.8017,2.00003,10,1,0,0.1875,1,0,0.5,-286.3522,2283.60146,-437.07275,-0.09779,-0.93701,-0.09229,0.32238;
custom,cuboid,empty,9.8017,2.00003,10,1,0,0.25,1,0,0.5,-350.54707,2291.19888,-376.14151,0.14404,0.89421,0.13264,-0.40256;
custom,cuboid,empty,9.8017,2.00004,10.00001,1,0,0.3125,1,0,0.5,-402.16141,2301.25938,-303.99094,0.19674,0.84125,0.16733,-0.47497;
custom,cuboid,empty,9.8017,2.00004,10,1,0,0.375,1,0,0.5,-439.16893,2313.34106,-223.05069,0.25469,0.77914,0.19516,-0.53851;
custom,cuboid,empty,9.8017,2.00004,10,1,0,0.4375,1,0,0.5,-460.00069,2326.92692,-136.11404,0.31657,0.70905,0.21509,-0.59226;
custom,cuboid,empty,9.8017,2.00003,10,1,0,0.5,1,0,0.5,-463.61916,2341.44257,-46.2484,0.38092,0.6323,0.22624,-0.63554;
custom,cuboid,empty,9.8017,2.00004,10,1,0,0.5625,1,0,0.5,-449.57382,2356.27365,43.29517,0.44624,0.55035,0.22796,-0.66784;
custom,cuboid,empty,9.8017,2.00004,10,1,0,0.625,1,0,0.5,-418.03955,2370.78701,129.189,0.51095,0.46474,0.21981,-0.68893;
custom,cuboid,empty,9.8017,2.00003,10,1,0,0.6875,1,0,0.5,-369.84352,2384.35158,208.13606,0.57348,0.37707,0.20155,-0.69879;
custom,cuboid,empty,9.8017,2.00003,10,1,0,0.75,1,0,0.5,-306.45205,2396.36593,277.00966,0.6323,0.28896,0.1732,-0.69764;
custom,cuboid,empty,9.8017,2.00004,10,1,0,0.8125,1,0,0.5,-229.95405,2406.27987,332.96165,0.68592,0.20203,0.13499,-0.68592;
custom,cuboid,empty,9.8017,2.00003,10,1,0,0.875,1,0,0.5,-143.01133,2413.61954,373.5511,0.73293,0.11786,0.08741,-0.66429;
custom,cuboid,empty,9.8017,2.00004,10,1,0,0.9375,1,0,0.5,-48.76134,2418.01098,396.86226,0.77208,0.03793,0.03113,-0.63363;
custom,cuboid,empty,9.99354,2.00004,10,1,0,1,1,0,0.5,49.26407,2419.19865,401.59882,-0.59498,-0.03295,0.03636,-0.80224;
custom,cuboid,empty,10.18413,2.00004,10,1,0.0625,1,1,0,0.5,147.28477,2417.06184,387.16595,-0.54956,-0.10375,0.10375,-0.82247;
custom,cuboid,empty,10.37047,2.00004,10,1,0.125,1,1,0,0.5,241.41634,2411.62472,353.72044,-0.4987,-0.18004,0.16318,-0.83202;
custom,cuboid,empty,10.55162,2.00004,10,1,0.1875,1,1,0,0.5,327.81876,2403.06175,302.19826,-0.44384,-0.26042,0.21372,-0.83037;
custom,cuboid,empty,10.72579,2.00004,10,1,0.25,1,1,0,0.5,402.87399,2391.69479,234.29893,-0.38651,-0.34342,0.25469,-0.8172;
custom,cuboid,empty,10.89055,2.00004,10,1,0.3125,1,1,0,0.5,463.34656,2377.98328,152.43614,-0.32824,-0.42746,0.28562,-0.79244;
custom,cuboid,empty,11.04531,2.00004,10,1,0.375,1,1,0,0.5,506.53053,2362.51041,59.6664,-0.27059,-0.51095,0.30625,-0.75626;
custom,cuboid,empty,11.18764,2.00003,10,1,0.4375,1,1,0,0.5,530.39204,2345.95734,-40.44212,-0.21509,-0.59226,0.31657,-0.70905;
custom,cuboid,empty,11.31705,2.00004,10,1,0.5,1,1,0,0.5,533.67142,2329.0781,-143.93585,-0.16318,-0.66981,0.3168,-0.65143;
custom,cuboid,empty,11.43146,2.00003,10,1,0.5625,1,1,0,0.5,515.95993,2312.66354,-246.65878,-0.11622,-0.74207,0.30737,-0.58425;
custom,cuboid,empty,11.53056,2.00003,10,1,0.625,1,1,0,0.5,477.73731,2297.50908,-344.41849,-0.07543,-0.80759,0.28896,-0.50854;
custom,cuboid,empty,11.61265,2.00004,10,1,0.6875,1,1,0,0.5,420.36266,2284.37454,-433.18649,-0.04191,-0.86506,0.26241,-0.4255;
custom,cuboid,empty,11.67749,2,10,1,0.75,1,1,0,0.5,346.03325,2273.95088,-509.27078,-0.01653,-0.91333,0.22878,-0.33648;
custom,cuboid,empty,11.72437,2.00003,10,1,0.8125,1,1,0,0.5,257.69104,2266.82491,-569.4931,0,-0.95139,0.18924,-0.24298;
custom,cuboid,empty,11.75249,2.00003,10,1,0.875,1,1,0,0.5,158.89778,2263.45062,-611.33575,0.0072,-0.97847,0.14514,-0.14655;
custom,cuboid,empty,11.76249,2.00003,10,1,0.9375,1,1,0,0.5,53.68623,2264.12674,-633.05756,0.00481,-0.99399,0.0979,-0.04883;
custom,cuboid,empty,11.75198,2,10,1,1,1,1,0,0.5,-53.6398,2268.98014,-633.77853,-0.0072,-0.99759,0.04901,0.04854;
custom,cuboid,empty,11.72429,2.00003,10,1,1,0.9375,1,0,0.5,-158.66628,2277.95864,-613.51974,-0.02863,-0.98918,0,0.14391;
custom,cuboid,empty,11.67755,2.00003,10,1,1,0.875,1,0,0.5,-257.10613,2290.83221,-573.19763,-0.05904,-0.96886,-0.0476,0.2357;
custom,cuboid,empty,11.61275,2.00004,10,1,1,0.8125,1,0,0.5,-344.9625,2307.20181,-514.58298,-0.09779,-0.93701,-0.09229,0.32238;
custom,cuboid,empty,11.53003,2.00003,10,1,1,0.75,1,0,0.5,-418.7204,2326.51775,-440.21149,0.14404,0.89421,0.13264,-0.40256;
custom,cuboid,empty,11.4316,2.00004,10.00001,1,1,0.6875,1,0,0.5,-475.49049,2348.1023,-353.27164,0.19674,0.84125,0.16733,-0.47497;
custom,cuboid,empty,11.31702,2.00004,10,1,1,0.625,1,0,0.5,-513.14148,2371.1837,-257.43515,0.25469,0.77914,0.19516,-0.53851;
custom,cuboid,empty,11.18783,2.00004,10,1,1,0.5625,1,0,0.5,-530.37083,2394.92676,-156.7067,0.31657,0.70905,0.21509,-0.59226;
custom,cuboid,empty,11.04528,2.00004,10,1,1,0.5,1,0,0.5,-526.75297,2418.47137,-55.23033,0.38092,0.6323,0.22624,-0.63554;
custom,cuboid,empty,10.89077,2.00003,10,1,1,0.4375,1,0,0.5,-502.73853,2440.96924,42.8915,0.44624,0.55035,0.22796,-0.66784;
custom,cuboid,empty,10.72535,2.00004,10,1,1,0.375,1,0,0.5,-459.61304,2461.61972,133.77811,0.51095,0.46474,0.21981,-0.68893;
custom,cuboid,empty,10.55186,2.00003,10,1,1,0.3125,1,0,0.5,-399.42532,2479.70055,213.92288,0.57348,0.37707,0.20155,-0.69879;
custom,cuboid,empty,10.37074,2.00003,10,1,1,0.25,1,0,0.5,-324.86748,2494.59892,280.34887,0.6323,0.28896,0.1732,-0.69764;
custom,cuboid,empty,10.18377,2.00004,10,1,1,0.1875,1,0,0.5,-239.15054,2505.83046,330.7024,0.68592,0.20203,0.13499,-0.68592;
custom,cuboid,empty,9.99384,2.00003,10,1,1,0.125,1,0,0.5,-145.85662,2513.05569,363.33546,0.73293,0.11786,0.08741,-0.66429;
custom,cuboid,empty,9.80136,2.00004,10,1,1,0.0625,1,0,0.5,-48.76134,2516.08948,377.35321,0.77208,0.03793,0.03113,-0.63363;




custom,cuboid,default,6.86124,2.00004,10,1,0.9375,0,1,0,0.5,33.67154,2471.4994,229.78054,-0.59498,-0.03295,0.03636,-0.80224;
custom,cuboid,default,6.90353,2.00003,10,1,0.875,0,1,0,0.5,98.91557,2453.44696,217.35268,-0.54956,-0.10375,0.10375,-0.82247;
custom,cuboid,default,6.97424,2.00004,10,1,0.8125,0,1,0,0.5,160.06773,2433.08266,194.27773,-0.4987,-0.18004,0.16318,-0.83202;
custom,cuboid,default,7.07188,2.00004,10,1,0.75,0,1,0,0.5,215.6262,2410.70473,161.29257,-0.44384,-0.26042,0.21372,-0.83037;
custom,cuboid,default,7.19563,2.00004,10,1,0.6875,0,1,0,0.5,264.17435,2386.63471,119.24759,-0.38651,-0.34342,0.25469,-0.8172;
custom,cuboid,default,7.34499,2.00004,10,1,0.625,0,1,0,0.5,304.356,2361.2191,69.12365,-0.32824,-0.42746,0.28562,-0.79244;
custom,cuboid,default,7.51745,2.00004,10,1,0.5625,0,1,0,0.5,334.86412,2334.83639,12.07642,-0.27059,-0.51095,0.30625,-0.75626;
custom,cuboid,default,7.71236,2.00004,10,1,0.5,0,1,0,0.5,354.46655,2307.90096,-50.53894,-0.21509,-0.59226,0.31657,-0.70905;
custom,cuboid,default,7.92716,2.00004,10,1,0.4375,0,1,0,0.5,362.04182,2280.87265,-117.11182,-0.16318,-0.66981,0.3168,-0.65143;
custom,cuboid,default,8.16026,2.00004,10,1,0.375,0,1,0,0.5,356.64604,2254.2573,-185.76691,-0.11622,-0.74207,0.30737,-0.58425;
custom,cuboid,default,8.4088,2.00003,10,1,0.3125,0,1,0,0.5,337.59865,2228.61,-254.34036,-0.07543,-0.80759,0.28896,-0.50854;
custom,cuboid,default,8.67109,2.00003,10,1,0.25,0,1,0,0.5,304.57306,2204.52713,-320.41626,-0.04191,-0.86506,0.26241,-0.4255;
custom,cuboid,default,8.9441,2.00004,10,1,0.1875,0,1,0,0.5,257.70235,2182.63651,-381.36703,-0.01653,-0.91333,0.22878,-0.33648;
custom,cuboid,default,9.22524,2.00003,10,1,0.125,0,1,0,0.5,197.66239,2163.57784,-434.45015,0,-0.95139,0.18924,-0.24298;
custom,cuboid,default,9.51221,2.00003,10,1,0.0625,0,1,0,0.5,125.74117,2147.97852,-476.92268,0.0072,-0.97847,0.14514,-0.14655;
custom,cuboid,default,9.80129,2.00003,10,1,0,0,1,0,0.5,43.88452,2136.42403,-506.1879,0.00481,-0.99399,0.0979,-0.04883;
custom,cuboid,default,10.09144,2.00003,10,1,0,0.0625,1,0,0.5,-45.32638,2129.4245,-519.95811,-0.0072,-0.99759,0.04901,0.04854;
custom,cuboid,default,10.37775,2.00004,10,1,0,0.125,1,0,0.5,-138.69038,2127.38056,-516.42609,-0.02863,-0.98918,0,0.14391;
custom,cuboid,default,10.65902,2.00004,10,1,0,0.1875,1,0,0.5,-232.52216,2130.55141,-494.42139,-0.05904,-0.96886,-0.0476,0.2357;
custom,cuboid,default,10.93205,2.00003,10,1,0,0.25,1,0,0.5,-322.76794,2139.02561,-453.5569,-0.09779,-0.93701,-0.09229,0.32238;
custom,cuboid,default,11.19467,2.00003,10,1,0,0.3125,1,0,0.5,-405.20615,2152.70126,-394.32907,0.14404,0.89421,0.13264,-0.40256;
custom,cuboid,default,11.44291,2.00004,10.00001,1,0,0.375,1,0,0.5,-475.65685,2171.27151,-318.1884,0.19674,0.84125,0.16733,-0.47497;
custom,cuboid,default,11.67585,2.00004,10,1,0,0.4375,1,0,0.5,-530.23052,2194.22844,-227.52205,0.25469,0.77914,0.19516,-0.53851;
custom,cuboid,default,11.89071,2.00004,10,1,0,0.5,1,0,0.5,-565.55595,2220.87069,-125.61806,0.31657,0.70905,0.21509,-0.59226;
custom,cuboid,default,12.08542,2.00004,10,1,0,0.5625,1,0,0.5,-579.01234,2250.32925,-16.53687,0.38092,0.6323,0.22624,-0.63554;
custom,cuboid,default,12.25819,2.00004,10,1,0,0.625,1,0,0.5,-568.92387,2281.60255,95.06199,0.44624,0.55035,0.22796,-0.66784;
custom,cuboid,default,12.40767,2.00004,10,1,0,0.6875,1,0,0.5,-534.7073,2313.60199,204.14581,0.51095,0.46474,0.21981,-0.68893;
custom,cuboid,default,12.53123,2.00003,10,1,0,0.75,1,0,0.5,-476.96873,2345.20348,305.56103,0.57348,0.37707,0.20155,-0.69879;
custom,cuboid,default,12.629,2.00003,10,1,0,0.8125,1,0,0.5,-397.51343,2375.30685,394.33125,0.6323,0.28896,0.1732,-0.69764;
custom,cuboid,default,12.81321,2.00004,10,1,0,0.875,1,0,0.5,-299.30483,2402.89089,465.92407,0.68592,0.20203,0.13499,-0.68592;
custom,cuboid,default,12.742,2.00003,10,1,0,0.9375,1,0,0.5,-186.34434,2427.06814,516.52454,0.73293,0.11786,0.08741,-0.66429;



racing,killcuboid,7.05432,2.00003,10,34.63228,2375.79617,258.76274,-0.59498,-0.03295,0.03636,-0.80224;
racing,killcuboid,7.28782,2.00004,10,104.57875,2360.8952,254.79721,-0.54956,-0.10375,0.10375,-0.82247;
racing,killcuboid,7.54604,2.00003,10,173.7516,2344.2218,238.05569,-0.4987,-0.18004,0.16318,-0.83202;
racing,killcuboid,7.82568,2.00004,10,239.90335,2325.86311,208.33,-0.44384,-0.26042,0.21372,-0.83037;
racing,killcuboid,8.12419,2.00004,10,300.6138,2305.97141,165.7835,-0.38651,-0.34342,0.25469,-0.8172;
racing,killcuboid,8.29396,2.00004,10,353.35297,2284.77905,111.031,-0.32824,-0.42746,0.28562,-0.79244;
racing,killcuboid,8.76708,2.00004,10,395.57175,2262.61333,45.21877,-0.27059,-0.51095,0.30625,-0.75626;
racing,killcuboid,9.10521,2.00003,10,424.83673,2239.90116,-29.94621,-0.21509,-0.59226,0.31657,-0.70905;
racing,killcuboid,9.44986,2.00004,10,438.97064,2217.17411,-112.16675,-0.16318,-0.66981,0.3168,-0.65143;
racing,killcuboid,9.79787,2.00003,10,436.21273,2195.05901,-198.60077,-0.11622,-0.74207,0.30737,-0.58425;
racing,killcuboid,10.14616,2.00003,10,415.37708,2174.26554,-285.91858,-0.07543,-0.80759,0.28896,-0.50854;
racing,killcuboid,10.49075,2.00004,10,375.98995,2155.55979,-370.43457,-0.04191,-0.86506,0.26241,-0.4255;
racing,killcuboid,10.82889,2.00004,10,318.40998,2139.7345,-448.255,-0.01653,-0.91333,0.22878,-0.33648;
racing,killcuboid,11.15727,2.00003,10,243.89635,2127.56886,-515.47958,0,-0.95139,0.18924,-0.24298;
racing,killcuboid,11.47232,2.00003,10,154.62986,2119.78607,-568.41385,0.0072,-0.97847,0.14514,-0.14655;
racing,killcuboid,11.77197,2.00003,10,53.68624,2117.00893,-603.79402,0.00481,-0.99399,0.0979,-0.04883;
racing,killcuboid,12.05156,2.00003,10.00001,-55.08091,2119.7163,-619.0065,-0.0072,-0.99759,0.04901,0.04854;
racing,killcuboid,12.30972,2.00004,10,-167.1611,2128.2045,-612.28386,-0.02863,-0.98918,0,0.14391;
racing,killcuboid,12.54403,2.00003,10,-277.63206,2142.55754,-582.85736,-0.05904,-0.96886,-0.0476,0.2357;
racing,killcuboid,12.75192,2.00004,10,-381.37817,2162.62596,-531.0672,-0.09779,-0.93701,-0.09229,0.32238;
racing,killcuboid,12.9319,2,10,-473.37967,2188.02013,-458.39905,0.14404,0.89421,0.13264,-0.40256;
racing,killcuboid,13.08077,2.00003,10.00001,-548.9859,2218.11438,-367.46902,0.19674,0.84125,0.16733,-0.47497;
racing,killcuboid,13.19854,2.00004,10,-604.203,2252.07102,-261.90666,0.25469,0.77914,0.19516,-0.53851;
racing,killcuboid,13.28359,2.00004,10,-635.92613,2288.87054,-146.21063,0.31657,0.70905,0.21509,-0.59226;
racing,killcuboid,13.33507,2.00004,10,-642.14622,2327.35809,-25.51888,0.38092,0.6323,0.22624,-0.63554;
racing,killcuboid,13.35257,2.00003,10,-622.08855,2366.29807,94.65828,0.44624,0.55035,0.22796,-0.66784;
racing,killcuboid,13.33624,2.00004,10,-576.28078,2404.4347,208.73486,0.51095,0.46474,0.21981,-0.68893;
racing,killcuboid,13.28505,2.00003,10,-506.55067,2440.55241,311.34777,0.57348,0.37707,0.20155,-0.69879;
racing,killcuboid,13.20083,2.00003,10,-415.92888,2473.53989,397.6704,0.6323,0.28896,0.1732,-0.69764;
racing,killcuboid,13.08403,2.00004,10,-308.50132,2502.44144,463.6647,0.68592,0.20203,0.13499,-0.68592;
racing,killcuboid,12.93507,2.00003,10,-189.18964,2526.50421,506.30875,0.73293,0.11786,0.08741,-0.66429;



racing,killcuboid,12.6999,2.00003,10,184.32762,2565.78033,482.0903,-0.54956,-0.10375,0.10375,-0.82247;
racing,killcuboid,12.62917,2.00004,10,295.39726,2567.88841,425.60719,-0.4987,-0.18004,0.16318,-0.83202;
racing,killcuboid,12.53148,2.00004,10,391.45718,2565.10201,349.02905,-0.44384,-0.26042,0.21372,-0.83037;
racing,killcuboid,12.40772,2.00004,10,468.69469,2558.08147,256.27846,-0.38651,-0.34342,0.25469,-0.8172;
racing,killcuboid,12.2584,2.00004,10,524.34326,2547.62741,151.93398,-0.32824,-0.42746,0.28562,-0.79244;
racing,killcuboid,12.08591,2.00004,10,556.78165,2534.63055,40.97168,-0.27059,-0.51095,0.30625,-0.75626;
racing,killcuboid,11.89096,2.00004,10,565.57716,2520.01339,-71.53076,-0.21509,-0.59226,0.31657,-0.70905;
racing,killcuboid,11.67632,2.00004,10,551.44341,2504.68052,-180.64995,-0.16318,-0.66981,0.3168,-0.65143;
racing,killcuboid,11.44323,2.00004,10,516.14033,2489.46632,-281.88278,-0.11622,-0.74207,0.30737,-0.58425;
racing,killcuboid,11.1947,2.00003,10,462.31911,2475.09705,-371.34026,-0.07543,-0.80759,0.28896,-0.50854;
racing,killcuboid,10.9324,2.00003,10,393.31863,2462.15664,-445.92026,-0.04191,-0.86506,0.26241,-0.4255;
racing,killcuboid,10.65941,2.00004,10,312.94872,2451.06934,-503.39851,-0.01653,-0.91333,0.22878,-0.33648;
racing,killcuboid,10.37826,2.00003,10,225.25188,2442.08996,-542.47711,0,-0.95139,0.18924,-0.24298;
racing,killcuboid,10.09131,2.00003,10.00001,134.27702,2435.30769,-562.76634,0.0072,-0.97847,0.14514,-0.14655;
racing,killcuboid,9.80225,2.00003,10,43.88445,2430.6596,-564.71497,0.00481,-0.99399,0.0979,-0.04883;
racing,killcuboid,9.51204,2.00003,10,-42.44423,2427.95231,-549.50226,-0.0072,-0.99759,0.04901,0.04854;
racing,killcuboid,9.2257,2.00004,10,-121.70089,2426.88889,-518.89771,-0.02863,-0.98918,0,0.14391;
racing,killcuboid,8.94445,2.00004,10,-191.47036,2427.10072,-475.10147,-0.05904,-0.96886,-0.0476,0.2357;
racing,killcuboid,8.67147,2.00003,10,-249.93643,2428.1773,-420.58853,-0.09779,-0.93701,-0.09229,0.32238;
racing,killcuboid,8.40882,2.00003,10,-295.88783,2429.69646,-357.95403,0.14404,0.89421,0.13264,-0.40256;
racing,killcuboid,8.16055,2.00004,10.00001,-328.666,2431.24733,-289.7934,0.19674,0.84125,0.16733,-0.47497;
racing,killcuboid,7.92767,2.00004,10,-348.10757,2432.45369,-218.57925,0.25469,0.77914,0.19516,-0.53851;
racing,killcuboid,7.71284,2.00004,10,-354.44534,2432.98309,-146.60988,0.31657,0.70905,0.21509,-0.59226;
racing,killcuboid,7.51801,2.00004,10,-348.22582,2432.55585,-75.95985,0.38092,0.6323,0.22624,-0.63554;
racing,killcuboid,7.3453,2.00004,10,-330.22381,2430.94479,-8.4716,0.44624,0.55035,0.22796,-0.66784;
racing,killcuboid,7.07183,2.00004,10,-301.37186,2427.97199,54.23225,0.51095,0.46474,0.21981,-0.68893;
racing,killcuboid,7.07223,2.00003,10,-262.7183,2423.49964,110.71125,0.57348,0.37707,0.20155,-0.69879;
racing,killcuboid,6.97459,2.00003,10,-215.39066,2417.425,159.68811,0.6323,0.28896,0.1732,-0.69764;
racing,killcuboid,6.90372,2.00004,10,-160.60324,2409.66885,199.99931,0.68592,0.20203,0.13499,-0.68592;
racing,killcuboid,6.86154,2.00003,10,-99.67829,2400.17097,230.57774,0.73293,0.11786,0.08741,-0.66429;
racing,killcuboid,6.84698,2.00004,10,-34.05886,2388.88832,250.45292,0.77208,0.03793,0.03113,-0.63363;



custom,cuboid,default,13.08374,2.00003,10,1,0,1,1,0,0.5,189.99081,2473.22845,519.53476,-0.54956,-0.10375,0.10375,-0.82247;
custom,cuboid,default,13.20107,2.00004,10,1,0.0625,1,1,0,0.5,309.08117,2479.02763,469.38519,-0.4987,-0.18004,0.16318,-0.83202;
custom,cuboid,default,13.28539,2.00004,10,1,0.125,1,1,0,0.5,415.73429,2480.26039,396.06644,-0.44384,-0.26042,0.21372,-0.83037;
custom,cuboid,default,13.33597,2.00004,10,1,0.1875,1,1,0,0.5,505.13412,2477.41817,302.81435,-0.38651,-0.34342,0.25469,-0.8172;
custom,cuboid,default,13.35295,2.00004,10,1,0.25,1,1,0,0.5,573.34023,2471.18748,193.84132,-0.32824,-0.42746,0.28562,-0.79244;
custom,cuboid,default,13.33525,2.00004,10,1,0.3125,1,1,0,0.5,617.48928,2462.40749,74.11404,-0.27059,-0.51095,0.30625,-0.75626;
custom,cuboid,default,13.28397,2.00003,10,1,0.375,1,1,0,0.5,635.94734,2452.01355,-50.93803,-0.21509,-0.59226,0.31657,-0.70905;
custom,cuboid,default,13.19874,2.00004,10,1,0.4375,1,1,0,0.5,628.37219,2440.98209,-175.70473,-0.16318,-0.66981,0.3168,-0.65143;
custom,cuboid,default,13.08117,2.00003,10,1,0.5,1,1,0,0.5,595.70709,2430.2681,-294.71664,-0.11622,-0.74207,0.30737,-0.58425;
custom,cuboid,default,12.93166,2.00003,10,1,0.5625,1,1,0,0.5,540.09766,2420.7526,-402.9184,-0.07543,-0.80759,0.28896,-0.50854;
custom,cuboid,default,12.75235,2.00004,10,1,0.625,1,1,0,0.5,464.73537,2413.18935,-495.93857,-0.04191,-0.86506,0.26241,-0.4255;
custom,cuboid,default,12.54444,2.00004,10,1,0.6875,1,1,0,0.5,373.65646,2408.16734,-570.28641,-0.01653,-0.91333,0.22878,-0.33648;
custom,cuboid,default,12.31001,2.00003,10,1,0.75,1,1,0,0.5,271.48581,2406.08097,-623.50647,0,-0.95139,0.18924,-0.24298;
custom,cuboid,default,12.05167,2.00003,10,1,0.8125,1,1,0,0.5,163.16572,2407.11521,-654.25751,0.0072,-0.97847,0.14514,-0.14655;
custom,cuboid,default,11.77099,2.00003,10,1,0.875,1,1,0,0.5,53.68618,2411.24451,-662.32117,0.00481,-0.99399,0.0979,-0.04883;
custom,cuboid,default,11.47249,2.00003,10.00001,1,0.9375,1,1,0,0.5,-52.19876,2418.24409,-648.55057,-0.0072,-0.99759,0.04901,0.04854;
custom,cuboid,default,11.15682,2.00004,10,1,1,1,1,0,0.5,-150.17154,2427.71278,-614.75571,-0.02863,-0.98918,0,0.14391;
custom,cuboid,default,10.82853,2.00004,10,1,1,0.9375,1,0,0.5,-236.58022,2439.10683,-563.53775,-0.05904,-0.96886,-0.0476,0.2357;
custom,cuboid,default,10.49035,2.00004,10,1,1,0.875,1,0,0.5,-308.54675,2451.77757,-498.09898,-0.09779,-0.93701,-0.09229,0.32238;
custom,cuboid,default,10.1461,2.00003,10,1,1,0.8125,1,0,0.5,-364.0612,2465.01537,-422.02393,0.14404,0.89421,0.13264,-0.40256;
custom,cuboid,default,9.7976,2.00004,10.00001,1,1,0.75,1,0,0.5,-401.9952,2478.09021,-339.0741,0.19674,0.84125,0.16733,-0.47497;
custom,cuboid,default,9.45039,2.00004,10,1,1,0.6875,1,0,0.5,-422.07993,2490.29629,-252.96379,0.25469,0.77914,0.19516,-0.53851;
custom,cuboid,default,9.10575,2.00004,10,1,1,0.625,1,0,0.5,-424.81552,2500.98301,-167.20253,0.31657,0.70905,0.21509,-0.59226;
custom,cuboid,default,8.76765,2.00004,10,1,1,0.5625,1,0,0.5,-411.35963,2509.58466,-84.94186,0.38092,0.6323,0.22624,-0.63554;
custom,cuboid,default,8.43968,2.00003,10,1,1,0.5,1,0,0.5,-383.38848,2515.64041,-8.87531,0.44624,0.55035,0.22796,-0.66784;
custom,cuboid,default,8.12442,2.00004,10,1,1,0.4375,1,0,0.5,-342.94529,2518.8047,58.8213,0.51095,0.46474,0.21981,-0.68893;
custom,cuboid,default,7.82606,2.00003,10,1,1,0.375,1,0,0.5,-292.30019,2518.84865,116.49796,0.57348,0.37707,0.20155,-0.69879;
custom,cuboid,default,7.5464,2.00003,10,1,1,0.3125,1,0,0.5,-233.8061,2515.658,163.02734,0.6323,0.28896,0.1732,-0.69764;
custom,cuboid,default,7.28802,2.00004,10,1,1,0.25,1,0,0.5,-169.79975,2509.21944,197.73998,0.68592,0.20203,0.13499,-0.68592;
custom,cuboid,default,7.05462,2.00003,10,1,1,0.1875,1,0,0.5,-102.52359,2499.60712,220.36205,0.73293,0.11786,0.08741,-0.66429;
custom,cuboid,default,6.84695,2.00004,10,1,1,0.125,1,0,0.5,-34.05889,2486.96678,230.94383,0.77208,0.03793,0.03113,-0.63363;




custom,sphere,ice1,1.72727,1.72727,1.72727,1,0,1,0,0,0,-116.58421,2258.34795,313.90737,0.73293,0.11786,0.08741,-0.66429;
custom,sphere,ice1,1.72727,1.72727,1.72727,1,0,1,0,0,0,-231.77991,2260.8924,210.40633,0.6323,0.28896,0.1732,-0.69764;
custom,sphere,ice1,1.72727,1.72727,1.72727,1,0,1,0,0,0,-295.31847,2265.20358,82.74897,0.51095,0.46474,0.21981,-0.68893;
custom,sphere,ice1,1.72727,1.72727,1.72727,1,0,1,0,0,0,-309.24624,2274.15822,-48.86399,0.38092,0.6323,0.22624,-0.63554;
custom,sphere,ice1,1.72727,1.72727,1.72727,1,0,1,0,0,0,-281.17042,2289.29362,-169.91681,0.25469,0.77914,0.19516,-0.53851;
custom,sphere,ice1,1.72727,1.72727,1.72727,1,0,1,0,0,0,-220.0529,2310.8742,-271.50331,0.14404,0.89421,0.13264,-0.40256;
custom,sphere,ice1,1.72727,1.72727,1.72727,1,0,1,0,0,0,-133.60109,2338.38926,-348.11793,-0.05904,-0.96886,-0.0476,0.2357;
custom,sphere,ice1,1.72727,1.72727,1.72727,1,0,1,0,0,0,-28.10968,2371.17036,-394.86146,-0.0072,-0.99759,0.04901,0.04854;
custom,sphere,ice1,1.72727,1.72727,1.72727,1,0,1,0,0,0,89.64406,2408.78658,-405.7697,0.0072,-0.97847,0.14514,-0.14655;
custom,sphere,ice1,1.72727,1.72727,1.72727,1,0,1,0,0,0,209.65151,2451.01576,-374.27416,-0.01653,-0.91333,0.22878,-0.33648;
custom,sphere,ice1,1.72727,1.72727,1.72727,1,0,1,0,0,0,316.85058,2497.3598,-295.92997,-0.07543,-0.80759,0.28896,-0.50854;
custom,sphere,ice1,1.72727,1.72727,1.72727,1,0,1,0,0,0,391.62422,2546.30904,-172.38413,-0.16318,-0.66981,0.3168,-0.65143;
custom,sphere,ice1,1.72727,1.72727,1.72727,1,0,1,0,0,0,413.19275,2594.69253,-14.869,-0.27059,-0.51095,0.30625,-0.75626;
custom,sphere,ice1,1.72727,1.72727,1.72727,1,0,1,0,0,0,365.26365,2637.47179,154.58,-0.38651,-0.34342,0.25469,-0.8172;
custom,sphere,ice1,1.72727,1.72727,1.72727,1,0,1,0,0,0,242.27651,2668.21324,305.3719,-0.4987,-0.18004,0.16318,-0.83202;
custom,sphere,ice1,1.72727,1.72727,1.72727,1,0,1,0,0,0,54.03653,2680.24819,404.12475,-0.59498,-0.03295,0.03636,-0.80224;
custom,sphere,ice1,1.72727,1.72727,1.72727,1,0,1,0,0,0,42.27227,2251.13919,367.69488,-0.59498,-0.03295,0.03636,-0.80224;
custom,sphere,ice1,1.72727,1.72727,1.72727,1,0,1,0,0,0,224.83646,2240.87353,357.10776,-0.4987,-0.18004,0.16318,-0.83202;
custom,sphere,ice1,1.72727,1.72727,1.72727,1,0,1,0,0,0,401.94395,2223.38016,267.64038,-0.38651,-0.34342,0.25469,-0.8172;
custom,sphere,ice1,1.72727,1.72727,1.72727,1,0,1,0,0,0,537.66731,2199.24343,102.28937,-0.27059,-0.51095,0.30625,-0.75626;
custom,sphere,ice1,1.72727,1.72727,1.72727,1,0,1,0,0,0,598.32539,2172.15079,-118.71652,-0.16318,-0.66981,0.3168,-0.65143;
custom,sphere,ice1,1.72727,1.72727,1.72727,1,0,1,0,0,0,561.44725,2148.52222,-359.84255,-0.07543,-0.80759,0.28896,-0.50854;
custom,sphere,ice1,1.72727,1.72727,1.72727,1,0,1,0,0,0,423.01737,2136.24354,-576.74258,-0.01653,-0.91333,0.22878,-0.33648;
custom,sphere,ice1,1.72727,1.72727,1.72727,1,0,1,0,0,0,200.64654,2142.77457,-725.95109,0.0072,-0.97847,0.14514,-0.14655;
custom,sphere,ice1,1.72727,1.72727,1.72727,1,0,1,0,0,0,-335.93467,2228.25412,-712.16666,-0.05904,-0.96886,-0.0476,0.2357;
custom,sphere,ice1,1.72727,1.72727,1.72727,1,0,1,0,0,0,-551.04972,2304.4189,-547.18305,0.14404,0.89421,0.13264,-0.40256;
custom,sphere,ice1,1.72727,1.72727,1.72727,1,0,1,0,0,0,-674.19263,2393.61071,-312.22467,0.25469,0.77914,0.19516,-0.53851;
custom,sphere,ice1,1.72727,1.72727,1.72727,1,0,1,0,0,0,-684.86769,2485.08598,-53.09983,0.38092,0.6323,0.22624,-0.63554;
custom,sphere,ice1,1.72727,1.72727,1.72727,1,0,1,0,0,0,-586.05789,2567.53723,181.05921,0.51095,0.46474,0.21981,-0.68893;
custom,sphere,ice1,1.72727,1.72727,1.72727,1,0,1,0,0,0,-402.57392,2631.3613,348.90597,0.6323,0.28896,0.1732,-0.69764;
custom,sphere,ice1,1.72727,1.72727,1.72727,1,0,1,0,0,0,-174.18738,2670.4377,425.5496,0.73293,0.11786,0.08741,-0.66429;
custom,sphere,ice1,1.72727,1.72727,1.72727,1,0,1,0,0,0,211.93358,2601.78045,569.42096,-0.54956,-0.10375,0.10375,-0.82247;
custom,sphere,ice1,1.72727,1.72727,1.72727,1,0,1,0,0,0,448.98723,2615.00534,411.35635,-0.44384,-0.26042,0.21372,-0.83037;
custom,sphere,ice1,1.72727,1.72727,1.72727,1,0,1,0,0,0,596.73733,2608.13379,179.91298,-0.32824,-0.42746,0.28562,-0.79244;
custom,sphere,ice1,1.72727,1.72727,1.72727,1,0,1,0,0,0,635.44267,2589.04161,-77.7483,-0.21509,-0.59226,0.31657,-0.70905;
custom,sphere,ice1,1.72727,1.72727,1.72727,1,0,1,0,0,0,569.3501,2566.15019,-313.07649,-0.11622,-0.74207,0.30737,-0.58425;
custom,sphere,ice1,1.72727,1.72727,1.72727,1,0,1,0,0,0,423.41145,2546.27411,-487.19275,-0.04191,-0.86506,0.26241,-0.4255;
custom,sphere,ice1,1.72727,1.72727,1.72727,1,0,1,0,0,0,235.16653,2533.15122,-578.45337,0,-0.95139,0.18924,-0.24298;
custom,sphere,ice1,1.72727,1.72727,1.72727,1,0,1,0,0,0,44.45987,2526.99993,-584.78864,0.00481,-0.99399,0.0979,-0.04883;
custom,sphere,ice1,1.72727,1.72727,1.72727,1,0,1,0,0,0,-115.9329,2525.11329,-520.7525,-0.02863,-0.98918,0,0.14391;
custom,sphere,ice1,1.72727,1.72727,1.72727,1,0,1,0,0,0,-226.22529,2523.18718,-410.80871,-0.09779,-0.93701,-0.09229,0.32238;
custom,sphere,ice1,1.72727,1.72727,1.72727,1,0,1,0,0,0,-280.91476,2516.88327,-281.36464,0.19674,0.84125,0.16733,-0.47497;
custom,sphere,ice1,1.72727,1.72727,1.72727,1,0,1,0,0,0,-285.8148,2503.10822,-154.1637,0.31657,0.70905,0.21509,-0.59226;
custom,sphere,ice1,1.72727,1.72727,1.72727,1,0,1,0,0,0,-252.56919,2480.64155,-42.89159,0.44624,0.55035,0.22796,-0.66784;
custom,sphere,ice1,1.72727,1.72727,1.72727,1,0,1,0,0,0,-193.02763,2450.01015,46.48393,0.57348,0.37707,0.20155,-0.69879;
custom,sphere,ice1,1.72727,1.72727,1.72727,1,0,1,0,0,0,-115.6214,2412.78835,112.52564,0.68592,0.20203,0.13499,-0.68592;
custom,sphere,ice1,1.72727,1.72727,1.72727,1,0,1,0,0,0,-24.89628,2370.70042,154.17212,0.77208,0.03793,0.03113,-0.63363;
custom,sphere,ice1,1.72727,1.72727,1.72727,1,0,1,0,0,0,180.21286,2272.83486,145.49966,-0.44384,-0.26042,0.21372,-0.83037;
custom,sphere,ice1,1.72727,1.72727,1.72727,1,0,1,0,0,0,279.08894,2221.01312,83.80301,-0.32824,-0.42746,0.28562,-0.79244;
custom,sphere,ice1,1.72727,1.72727,1.72727,1,0,1,0,0,0,353.96188,2167.52108,-22.16923,-0.21509,-0.59226,0.31657,-0.70905;
custom,sphere,ice1,1.72727,1.72727,1.72727,1,0,1,0,0,0,346.9191,2067.92425,-328.03763,-0.04191,-0.86506,0.26241,-0.4255;
custom,sphere,ice1,1.72727,1.72727,1.72727,1,0,1,0,0,0,235.41801,2032.95536,-479.43787,0,-0.95139,0.18924,-0.24298;
custom,sphere,ice1,1.72727,1.72727,1.72727,1,0,1,0,0,0,54.26171,2017.19219,-584.84975,0.00481,-0.99399,0.0979,-0.04883;
custom,sphere,ice1,1.72727,1.72727,1.72727,1,0,1,0,0,0,-172.71934,2026.75665,-612.49086,-0.02863,-0.98918,0,0.14391;
custom,sphere,ice1,1.72727,1.72727,1.72727,1,0,1,0,0,0,-406.22129,2064.86809,-543.26629,-0.09779,-0.93701,-0.09229,0.32238;
custom,sphere,ice1,1.72727,1.72727,1.72727,1,0,1,0,0,0,-599.22842,2130.43305,-377.97038,0.19674,0.84125,0.16733,-0.47497;
custom,sphere,ice1,1.72727,1.72727,1.72727,1,0,1,0,0,0,-708.03595,2217.58736,-139.76996,0.31657,0.70905,0.21509,-0.59226;
custom,sphere,ice1,1.72727,1.72727,1.72727,1,0,1,0,0,0,-703.56734,2316.43334,129.26064,0.44624,0.55035,0.22796,-0.66784;
custom,sphere,ice1,1.72727,1.72727,1.72727,1,0,1,0,0,0,-579.69372,2414.86542,377.02026,0.57348,0.37707,0.20155,-0.69879;
custom,sphere,ice1,1.72727,1.72727,1.72727,1,0,1,0,0,0,-355.98721,2501.04228,553.47416,0.68592,0.20203,0.13499,-0.68592;

custom,sphere,cannonregionmat,1.81818,1.81818,1.81818,1,0,1,0,0,0,-116.63431,2258.40349,313.97502,0.73293,0.11786,0.08741,-0.66429;
custom,sphere,cannonregionmat,1.81818,1.81818,1.81818,1,0,1,0,0,0,-231.85976,2260.92631,210.45775,0.6323,0.28896,0.1732,-0.69764;
custom,sphere,cannonregionmat,1.81818,1.81818,1.81818,1,0,1,0,0,0,-295.41646,2265.21237,82.7711,0.51095,0.46474,0.21981,-0.68893;
custom,sphere,cannonregionmat,1.81818,1.81818,1.81818,1,0,1,0,0,0,-309.34471,2274.1406,-48.87675,0.38092,0.6323,0.22624,-0.63554;
custom,sphere,cannonregionmat,1.81818,1.81818,1.81818,1,0,1,0,0,0,-281.25076,2289.25097,-169.96038,0.25469,0.77914,0.19516,-0.53851;
custom,sphere,cannonregionmat,1.81818,1.81818,1.81818,1,0,1,0,0,0,-220.10119,2310.81042,-271.56472,0.14404,0.89421,0.13264,-0.40256;
custom,sphere,cannonregionmat,1.81818,1.81818,1.81818,1,0,1,0,0,0,-133.6125,2338.30992,-348.17913,-0.05904,-0.96886,-0.0476,0.2357;
custom,sphere,cannonregionmat,1.81818,1.81818,1.81818,1,0,1,0,0,0,-28.08993,2371.08152,-394.90492,-0.0072,-0.99759,0.04901,0.04854;
custom,sphere,cannonregionmat,1.81818,1.81818,1.81818,1,0,1,0,0,0,89.68047,2408.69362,-405.78392,0.0072,-0.97847,0.14514,-0.14655;
custom,sphere,cannonregionmat,1.81818,1.81818,1.81818,1,0,1,0,0,0,209.68599,2450.92248,-374.25741,-0.01653,-0.91333,0.22878,-0.33648;
custom,sphere,cannonregionmat,1.81818,1.81818,1.81818,1,0,1,0,0,0,316.86641,2497.26821,-295.89085,-0.07543,-0.80759,0.28896,-0.50854;
custom,sphere,cannonregionmat,1.81818,1.81818,1.81818,1,0,1,0,0,0,391.612,2546.2197,-172.33897,-0.16318,-0.66981,0.3168,-0.65143;
custom,sphere,cannonregionmat,1.81818,1.81818,1.81818,1,0,1,0,0,0,413.15345,2594.60548,-14.83663,-0.27059,-0.51095,0.30625,-0.75626;
custom,sphere,cannonregionmat,1.81818,1.81818,1.81818,1,0,1,0,0,0,365.20836,2637.38755,154.58417,-0.38651,-0.34342,0.25469,-0.8172;
custom,sphere,cannonregionmat,1.81818,1.81818,1.81818,1,0,1,0,0,0,242.22294,2668.13368,305.34076,-0.4987,-0.18004,0.16318,-0.83202;
custom,sphere,cannonregionmat,1.81818,1.81818,1.81818,1,0,1,0,0,0,54.00341,2680.17679,404.0617,-0.59498,-0.03295,0.03636,-0.80224;
custom,sphere,cannonregionmat,1.81818,1.81818,1.81818,1,0,1,0,0,0,42.23915,2251.06779,367.63183,-0.59498,-0.03295,0.03636,-0.80224;
custom,sphere,cannonregionmat,1.81818,1.81818,1.81818,1,0,1,0,0,0,224.78289,2240.79397,357.07662,-0.4987,-0.18004,0.16318,-0.83202;
custom,sphere,cannonregionmat,1.81818,1.81818,1.81818,1,0,1,0,0,0,401.88866,2223.29592,267.64455,-0.38651,-0.34342,0.25469,-0.8172;
custom,sphere,cannonregionmat,1.81818,1.81818,1.81818,1,0,1,0,0,0,537.62801,2199.15638,102.32174,-0.27059,-0.51095,0.30625,-0.75626;
custom,sphere,cannonregionmat,1.81818,1.81818,1.81818,1,0,1,0,0,0,598.31317,2172.06145,-118.67136,-0.16318,-0.66981,0.3168,-0.65143;
custom,sphere,cannonregionmat,1.81818,1.81818,1.81818,1,0,1,0,0,0,561.46308,2148.43063,-359.80343,-0.07543,-0.80759,0.28896,-0.50854;
custom,sphere,cannonregionmat,1.81818,1.81818,1.81818,1,0,1,0,0,0,423.05185,2136.15026,-576.72583,-0.01653,-0.91333,0.22878,-0.33648;
custom,sphere,cannonregionmat,1.81818,1.81818,1.81818,1,0,1,0,0,0,200.68295,2142.68161,-725.96531,0.0072,-0.97847,0.14514,-0.14655;
custom,sphere,cannonregionmat,1.81818,1.81818,1.81818,1,0,1,0,0,0,-335.94608,2228.17478,-712.22786,-0.05904,-0.96886,-0.0476,0.2357;
custom,sphere,cannonregionmat,1.81818,1.81818,1.81818,1,0,1,0,0,0,-551.09801,2304.35512,-547.24446,0.14404,0.89421,0.13264,-0.40256;
custom,sphere,cannonregionmat,1.81818,1.81818,1.81818,1,0,1,0,0,0,-674.27297,2393.56806,-312.26824,0.25469,0.77914,0.19516,-0.53851;
custom,sphere,cannonregionmat,1.81818,1.81818,1.81818,1,0,1,0,0,0,-684.96616,2485.06836,-53.11259,0.38092,0.6323,0.22624,-0.63554;
custom,sphere,cannonregionmat,1.81818,1.81818,1.81818,1,0,1,0,0,0,-586.15588,2567.54602,181.08134,0.51095,0.46474,0.21981,-0.68893;
custom,sphere,cannonregionmat,1.81818,1.81818,1.81818,1,0,1,0,0,0,-402.65377,2631.39521,348.95739,0.6323,0.28896,0.1732,-0.69764;
custom,sphere,cannonregionmat,1.81818,1.81818,1.81818,1,0,1,0,0,0,-174.23748,2670.49324,425.61725,0.73293,0.11786,0.08741,-0.66429;
custom,sphere,cannonregionmat,1.81818,1.81818,1.81818,1,0,1,0,0,0,211.88807,2601.70444,569.37279,-0.54956,-0.10375,0.10375,-0.82247;
custom,sphere,cannonregionmat,1.81818,1.81818,1.81818,1,0,1,0,0,0,448.93038,2614.92311,411.34311,-0.44384,-0.26042,0.21372,-0.83037;
custom,sphere,cannonregionmat,1.81818,1.81818,1.81818,1,0,1,0,0,0,596.68812,2608.04801,179.93274,-0.32824,-0.42746,0.28562,-0.79244;
custom,sphere,cannonregionmat,1.81818,1.81818,1.81818,1,0,1,0,0,0,635.4161,2588.95341,-77.70726,-0.21509,-0.59226,0.31657,-0.70905;
custom,sphere,cannonregionmat,1.81818,1.81818,1.81818,1,0,1,0,0,0,569.35247,2566.05971,-313.03202,-0.11622,-0.74207,0.30737,-0.58425;
custom,sphere,cannonregionmat,1.81818,1.81818,1.81818,1,0,1,0,0,0,423.43834,2546.18153,-487.16316,-0.04191,-0.86506,0.26241,-0.4255;
custom,sphere,cannonregionmat,1.81818,1.81818,1.81818,1,0,1,0,0,0,235.20433,2533.05774,-578.45165,0,-0.95139,0.18924,-0.24298;
custom,sphere,cannonregionmat,1.81818,1.81818,1.81818,1,0,1,0,0,0,44.49016,2526.90845,-584.81836,0.00481,-0.99399,0.0979,-0.04883;
custom,sphere,cannonregionmat,1.81818,1.81818,1.81818,1,0,1,0,0,0,-115.92738,2525.02846,-520.80676,-0.02863,-0.98918,0,0.14391;
custom,sphere,cannonregionmat,1.81818,1.81818,1.81818,1,0,1,0,0,0,-226.25508,2523.11487,-410.87238,-0.09779,-0.93701,-0.09229,0.32238;
custom,sphere,cannonregionmat,1.81818,1.81818,1.81818,1,0,1,0,0,0,-280.98032,2516.82945,-281.41918,0.19674,0.84125,0.16733,-0.47497;
custom,sphere,cannonregionmat,1.81818,1.81818,1.81818,1,0,1,0,0,0,-285.90635,2503.07775,-154.193,0.31657,0.70905,0.21509,-0.59226;
custom,sphere,cannonregionmat,1.81818,1.81818,1.81818,1,0,1,0,0,0,-252.66983,2480.63713,-42.88679,0.44624,0.55035,0.22796,-0.66784;
custom,sphere,cannonregionmat,1.81818,1.81818,1.81818,1,0,1,0,0,0,-193.11848,2450.03182,46.52196,0.57348,0.37707,0.20155,-0.69879;
custom,sphere,cannonregionmat,1.81818,1.81818,1.81818,1,0,1,0,0,0,-115.6873,2412.83362,112.58711,0.68592,0.20203,0.13499,-0.68592;
custom,sphere,cannonregionmat,1.81818,1.81818,1.81818,1,0,1,0,0,0,-24.92992,2370.76501,154.24188,0.77208,0.03793,0.03113,-0.63363;
custom,sphere,cannonregionmat,1.81818,1.81818,1.81818,1,0,1,0,0,0,180.15601,2272.75263,145.48642,-0.44384,-0.26042,0.21372,-0.83037;
custom,sphere,cannonregionmat,1.81818,1.81818,1.81818,1,0,1,0,0,0,279.03973,2220.92734,83.82277,-0.32824,-0.42746,0.28562,-0.79244;
custom,sphere,cannonregionmat,1.81818,1.81818,1.81818,1,0,1,0,0,0,353.93531,2167.43288,-22.12819,-0.21509,-0.59226,0.31657,-0.70905;
custom,sphere,cannonregionmat,1.81818,1.81818,1.81818,1,0,1,0,0,0,346.94599,2067.83167,-328.00804,-0.04191,-0.86506,0.26241,-0.4255;
custom,sphere,cannonregionmat,1.81818,1.81818,1.81818,1,0,1,0,0,0,235.45581,2032.86188,-479.43615,0,-0.95139,0.18924,-0.24298;
custom,sphere,cannonregionmat,1.81818,1.81818,1.81818,1,0,1,0,0,0,54.292,2017.10071,-584.87947,0.00481,-0.99399,0.0979,-0.04883;
custom,sphere,cannonregionmat,1.81818,1.81818,1.81818,1,0,1,0,0,0,-172.71382,2026.67182,-612.54512,-0.02863,-0.98918,0,0.14391;
custom,sphere,cannonregionmat,1.81818,1.81818,1.81818,1,0,1,0,0,0,-406.25108,2064.79578,-543.32996,-0.09779,-0.93701,-0.09229,0.32238;
custom,sphere,cannonregionmat,1.81818,1.81818,1.81818,1,0,1,0,0,0,-599.29398,2130.37923,-378.02492,0.19674,0.84125,0.16733,-0.47497;
custom,sphere,cannonregionmat,1.81818,1.81818,1.81818,1,0,1,0,0,0,-708.1275,2217.55689,-139.79926,0.31657,0.70905,0.21509,-0.59226;
custom,sphere,cannonregionmat,1.81818,1.81818,1.81818,1,0,1,0,0,0,-703.66798,2316.42892,129.26544,0.44624,0.55035,0.22796,-0.66784;
custom,sphere,cannonregionmat,1.81818,1.81818,1.81818,1,0,1,0,0,0,-579.78457,2414.88709,377.05829,0.57348,0.37707,0.20155,-0.69879;
custom,sphere,cannonregionmat,1.81818,1.81818,1.81818,1,0,1,0,0,0,-356.05311,2501.08755,553.53563,0.68592,0.20203,0.13499,-0.68592;




custom,cuboid,metal3,15,11,2,1,0.5,0.75,1,0.3,0.22,-0.96823,2435.66315,485.60524,-0.7037,0.06931,0.7037,-0.06931;
custom,cuboid,metal3,16.5555,11,2,1,0.5,0.75,1,0.33111,0.22,-0.96824,2547.13341,455.50251,-0.7037,0.06931,0.7037,-0.06931;

custom,cuboid,default,6.32633,10.87632,2,1,0.25,0.31,0.31,0,0,63.41333,2508.01888,566.41026,-0.44858,-0.44858,0.5466,-0.5466;
custom,cuboid,default,6.32633,10.87632,2,1,0.25,0.31,0.31,0,0,63.41334,2399.73785,587.94868,-0.44858,-0.44858,0.5466,-0.5466;
custom,cuboid,default,5,13.04023,2,1,0.4,0.65,0.8,0,0,-0.96824,2455.17212,583.68366,-0.7037,0.06931,0.7037,-0.06931;
custom,cuboid,default,6.32633,13.04023,2,1,0.4,0.65,0.8,0,0,127.79491,2453.87836,577.17945,-0.7037,0.06931,0.7037,-0.06931;
custom,cuboid,default,1.32634,0.52012,2,1,0.4,0.65,0.8,0,0,-0.96822,2387.60334,564.87263,-0.7037,0.06931,0.7037,-0.06931;

custom,cuboid,metal4,2.5,10.87632,2.5,1,0,0,0,0.05,0.05,63.41333,2418.07312,564.79507,-0.44858,-0.44858,0.5466,-0.5466;
custom,cuboid,metal4,2.5,10.87632,2.5,1,0,0,0,0.05,0.05,63.41333,2482.21878,552.03571,-0.44858,-0.44858,0.5466,-0.5466;
custom,cuboid,metal4,2.5,4.04024,2.5,1,0,0,0,0.05,0.05,105.29488,2450.14595,558.41537,0.06931,-0.7037,0.06931,-0.7037;
custom,cuboid,metal4,2.5,4.04024,2.5,1,0,0,0,0.05,0.05,21.53177,2450.14595,558.41537,0.06931,-0.7037,0.06931,-0.7037;

custom,cuboid,cannonregionmat,2.55,4.09025,0.05,1,1,1,1,0,0,34.03178,2450.14595,558.41537,0.06931,-0.7037,0.06931,-0.7037;
custom,cuboid,cannonregionmat,2.55,4.09025,0.05,1,1,1,1,0,0,92.7949,2450.14595,558.41537,0.06931,-0.7037,0.06931,-0.7037;
custom,cuboid,cannonregionmat,2.55,5.92631,0.05,1,1,1,1,0,0,63.41333,2430.33283,562.35638,-0.44858,-0.44858,0.5466,-0.5466;
custom,cuboid,cannonregionmat,2.55,5.92631,0.05,1,1,1,1,0,0,63.41333,2469.95903,554.47426,-0.44858,-0.44858,0.5466,-0.5466;



custom,cuboid,default,8.64454,10.87632,2,1,0.25,0.31,0.31,0,0,63.41332,2633.65421,529.60155,-0.44858,-0.44858,0.5466,-0.5466;
custom,cuboid,default,6.32633,10.87632,2,1,0.25,0.31,0.31,0,0,63.41333,2527.63432,562.50847,-0.44858,-0.44858,0.5466,-0.5466;
custom,cuboid,default,5,13.04023,2,1,0.4,0.65,0.8,0,0,-0.96825,2583.06881,558.24345,-0.7037,0.06931,0.7037,-0.06931;
custom,cuboid,default,8.64454,13.04023,2,1,0.4,0.65,0.8,0,0,127.79491,2579.51374,540.37079,-0.7037,0.06931,0.7037,-0.06931;
custom,cuboid,default,3.64455,2.54023,2,1,0.4,0.65,0.8,0,0,-0.96824,2626.1277,505.60894,-0.7037,0.06931,0.7037,-0.06931;

custom,cuboid,metal4,2.5,10.87632,0.5,1,0,0,0,0.05,0.05,63.41333,2536.16196,541.30573,-0.44858,-0.44858,0.5466,-0.5466;
custom,cuboid,metal4,2.5,10.87632,4.5,1,0,0,0,0.05,0.05,63.41332,2600.30762,528.54637,-0.44858,-0.44858,0.5466,-0.5466;
custom,cuboid,metal4,2.5,4.04024,2.5,1,0,0,0,0.05,0.05,105.29489,2558.42697,536.87695,0.06931,-0.7037,0.06931,-0.7037;
custom,cuboid,metal4,2.5,4.04024,2.5,1,0,0,0,0.05,0.05,21.53177,2558.42697,536.87695,0.06931,-0.7037,0.06931,-0.7037;

custom,cuboid,cannonregionmat,2.55,4.09025,0.05,1,1,1,1,0,0,34.03177,2558.42697,536.87695,0.06931,-0.7037,0.06931,-0.7037;
custom,cuboid,cannonregionmat,2.55,4.09025,0.05,1,1,1,1,0,0,92.7949,2558.42697,536.87695,0.06931,-0.7037,0.06931,-0.7037;
custom,cuboid,cannonregionmat,2.55,5.92631,0.05,1,1,1,1,0,0,63.41334,2538.61385,540.81795,-0.44858,-0.44858,0.5466,-0.5466;
custom,cuboid,cannonregionmat,2.55,5.92631,0.05,1,1,1,1,0,0,63.41332,2578.23997,532.93583,-0.44858,-0.44858,0.5466,-0.5466;



custom,cuboid,default,6.32633,10.87632,2,1,0.25,0.31,0.31,0,0,-63.39242,2508.01884,566.41026,-0.44858,-0.44858,0.5466,-0.5466;
custom,cuboid,default,6.32633,10.87632,2,1,0.25,0.31,0.31,0,0,-63.39241,2399.73785,587.94868,-0.44858,-0.44858,0.5466,-0.5466;
custom,cuboid,default,5,13.04023,2,1,0.4,0.65,0.8,0,0,0.98953,2455.17212,583.68366,-0.7037,0.06931,0.7037,-0.06931;
custom,cuboid,default,8.64455,11.54023,2,1,0.4,0.65,0.8,0,0,-127.77398,2444.26117,567.27417,-0.7037,0.06931,0.7037,-0.06931;
custom,cuboid,default,1.32634,0.52012,2,1,0.4,0.65,0.8,0,0,0.98978,2387.60334,564.87263,-0.7037,0.06931,0.7037,-0.06931;

custom,cuboid,metal4,2.5,10.87632,2.5,1,0,0,0,0.05,0.05,-63.39241,2418.07312,564.79507,-0.44858,-0.44858,0.5466,-0.5466;
custom,cuboid,metal4,2.5,10.87632,2.5,1,0,0,0,0.05,0.05,-63.39241,2482.21878,552.03571,-0.44858,-0.44858,0.5466,-0.5466;
custom,cuboid,metal4,2.5,4.04024,2.5,1,0,0,0,0.05,0.05,-21.51086,2450.14595,558.41537,0.06931,-0.7037,0.06931,-0.7037;
custom,cuboid,metal4,2.5,4.04024,2.5,1,0,0,0,0.05,0.05,-105.27397,2450.14591,558.41537,0.06931,-0.7037,0.06931,-0.7037;

custom,cuboid,cannonregionmat,2.55,4.09025,0.05,1,1,1,1,0,0,-92.77394,2450.14591,558.41537,0.06931,-0.7037,0.06931,-0.7037;
custom,cuboid,cannonregionmat,2.55,4.09025,0.05,1,1,1,1,0,0,-34.01086,2450.14591,558.41537,0.06931,-0.7037,0.06931,-0.7037;
custom,cuboid,cannonregionmat,2.55,5.92631,0.05,1,1,1,1,0,0,-63.39241,2430.33283,562.35638,-0.44858,-0.44858,0.5466,-0.5466;
custom,cuboid,cannonregionmat,2.55,5.92631,0.05,1,1,1,1,0,0,-63.39241,2469.95903,554.47426,-0.44858,-0.44858,0.5466,-0.5466;



custom,cuboid,default,8.64454,10.87632,2,1,0.25,0.31,0.31,0,0,-63.39243,2633.65421,529.60155,-0.44858,-0.44858,0.5466,-0.5466;
custom,cuboid,default,6.32633,10.87632,2,1,0.25,0.31,0.31,0,0,-63.39242,2527.63432,562.50847,-0.44858,-0.44858,0.5466,-0.5466;
custom,cuboid,default,5,13.04023,2,1,0.4,0.65,0.8,0,0,0.98952,2583.06881,558.24345,-0.7037,0.06931,0.7037,-0.06931;
custom,cuboid,default,8.64454,14.54023,2,1,0.4,0.65,0.8,0,0,-127.77398,2572.15786,541.83395,-0.7037,0.06931,0.7037,-0.06931;
custom,cuboid,default,3.64455,2.54023,2,1,0.4,0.65,0.8,0,0,0.98953,2626.1277,505.60894,-0.7037,0.06931,0.7037,-0.06931;

custom,cuboid,metal4,2.5,10.87632,0.5,1,0,0,0,0.05,0.05,-63.39241,2536.16196,541.30573,-0.44858,-0.44858,0.5466,-0.5466;
custom,cuboid,metal4,2.5,10.87632,4.5,1,0,0,0,0.05,0.05,-63.39241,2600.30762,528.54637,-0.44858,-0.44858,0.5466,-0.5466;
custom,cuboid,metal4,2.5,4.04024,2.5,1,0,0,0,0.05,0.05,-21.51087,2558.42697,536.87695,0.06931,-0.7037,0.06931,-0.7037;
custom,cuboid,metal4,2.5,4.04024,2.5,1,0,0,0,0.05,0.05,-105.27397,2558.42697,536.87695,0.06931,-0.7037,0.06931,-0.7037;

custom,cuboid,cannonregionmat,2.55,4.09025,0.05,1,1,1,1,0,0,-92.77394,2558.42697,536.87695,0.06931,-0.7037,0.06931,-0.7037;
custom,cuboid,cannonregionmat,2.55,4.09025,0.05,1,1,1,1,0,0,-34.01086,2558.42697,536.87695,0.06931,-0.7037,0.06931,-0.7037;
custom,cuboid,cannonregionmat,2.55,5.92631,0.05,1,1,1,1,0,0,-63.39241,2538.61385,540.81795,-0.44858,-0.44858,0.5466,-0.5466;
custom,cuboid,cannonregionmat,2.55,5.92631,0.05,1,1,1,1,0,0,-63.39241,2578.23997,532.93583,-0.44858,-0.44858,0.5466,-0.5466;







racing,killcuboid,3.31125,0.9793,16.5613,-40.49862,2296.32,-86.84132,0.10048,0.15562,-0.01591,0.98256;
racing,killcuboid,3.31125,0.9793,16.56132,-40.49861,2359.43253,-86.84132,0.10048,0.15562,-0.01591,0.98256;
racing,killcuboid,3.31125,0.9793,16.56131,25.02939,2329.43253,-134.45019,0.04619,-0.88638,0.09065,0.45163;
racing,killcuboid,3.31125,0.9793,16.56132,25.02943,2392.54501,-134.45015,0.04619,-0.88638,0.09065,0.45163;
racing,killcuboid,3.31125,0.9793,16.5613,-0.00002,2362.54509,-57.41722,-0.07194,-0.70344,0.07194,-0.70344;
racing,killcuboid,3.31125,0.9793,16.56131,0.00001,2425.65758,-57.41722,-0.07194,-0.70344,0.07194,-0.70344;
racing,killcuboid,3.31125,0.9793,16.56131,-25.02944,2395.65762,-134.45,-0.09065,0.45164,-0.04619,-0.88638;
racing,killcuboid,3.31125,0.9793,16.56132,-25.02942,2458.77014,-134.45004,-0.09065,0.45164,-0.04619,-0.88638;
racing,killcuboid,3.31125,0.9793,16.56129,40.49854,2428.77014,-86.84124,0.01591,0.98256,-0.10048,0.15562;
racing,killcuboid,3.31125,0.9793,16.56131,40.49857,2491.88271,-86.84132,0.01591,0.98256,-0.10048,0.15562;
racing,killcuboid,3.31125,1,4.83327,-8.27814,2279.76374,12.32311,0,0.15643,0,0.98769;
racing,killcuboid,3.31125,1,4.74659,-72.58518,2312.87628,-185.59357,0,0.15643,0,0.98769;
racing,killcuboid,3.31125,1,4.74659,-58.97435,2312.87626,-195.48248,0,0.45399,0,0.89101;
racing,killcuboid,3.31125,1,4.74659,109.03313,2345.98881,-73.41785,0,-0.89101,0,0.45399;
racing,killcuboid,3.31125,1,4.74659,103.83426,2345.98877,-57.41737,0,-0.70711,0,0.70711;
racing,killcuboid,3.31125,1,4.74659,-103.83431,2379.10133,-57.4173,0,-0.70711,0,-0.70711;
racing,killcuboid,3.31125,1,4.74659,-109.03318,2379.10133,-73.41778,0,-0.89101,0,-0.45399;
racing,killcuboid,3.31125,1,4.74659,58.97436,2412.2139,-195.48218,0,0.45399,0,-0.89101;
racing,killcuboid,3.31125,1,4.74659,72.58517,2412.2139,-185.59334,0,0.15643,0,-0.98769;
racing,killcuboid,3.31125,1,4.83326,8.27788,2445.32639,12.32307,0,0.98769,0,0.15644;
racing,killcuboid,3.31125,1,4.83327,-8.27814,2342.87628,12.32311,0,0.15643,0,0.98769;
racing,killcuboid,3.31125,1,4.74659,-72.58518,2375.98885,-185.59357,0,0.15643,0,0.98769;
racing,killcuboid,3.31125,1,4.74659,-58.97435,2375.98885,-195.48248,0,0.45399,0,0.89101;
racing,killcuboid,3.31125,1,4.74659,109.03313,2409.10137,-73.41785,0,-0.89101,0,0.45399;
racing,killcuboid,3.31125,1,4.74659,103.83426,2409.10133,-57.41737,0,-0.70711,0,0.70711;
racing,killcuboid,3.31125,1,4.74659,-103.83431,2442.2139,-57.4173,0,-0.70711,0,-0.70711;
racing,killcuboid,3.31125,1,4.74659,-109.03318,2442.2139,-73.41778,0,-0.89101,0,-0.45399;
racing,killcuboid,3.31125,1,4.74659,58.97436,2475.32646,-195.48218,0,0.45399,0,-0.89101;
racing,killcuboid,3.31125,1,4.74659,72.58517,2475.32646,-185.59334,0,0.15643,0,-0.98769;
racing,killcuboid,3.31125,1,4.83326,8.27788,2508.43895,12.32307,0,0.98769,0,0.15644;
racing,killcuboid,3.3648,1,0.54664,-80.44755,2312.87626,-210.72647,0,0.30902,0,0.95106;
racing,killcuboid,3.3648,1,0.54664,-80.44755,2375.98885,-210.72647,0,0.30902,0,0.95106;
racing,killcuboid,3.3648,1,0.54664,80.44756,2412.2139,-210.72624,0,-0.30902,0,0.95106;
racing,killcuboid,3.3648,1,0.54664,80.44756,2475.32646,-210.72624,0,-0.30902,0,0.95106;
racing,killcuboid,3.3648,1,0.54664,130.16667,2345.98877,-57.7063,0,-0.80902,0,0.58779;
racing,killcuboid,3.3648,1,0.54664,130.16667,2409.10133,-57.7063,0,-0.80902,0,0.58779;
racing,killcuboid,3.3648,1,0.54664,-130.16673,2379.10133,-57.70622,0,-0.80902,0,-0.58779;
racing,killcuboid,3.3648,1,0.54664,-130.16673,2442.2139,-57.70622,0,-0.80902,0,-0.58779;
racing,killcuboid,3.31125,1,3.71148,0,2445.32639,58.98026,0,0,0,1;
racing,killcuboid,3.31125,1,3.71148,0,2508.43895,58.98026,0,0,0,1;
racing,killcuboid,3.31125,1,3.71148,0,2279.76374,58.98029,0,0,0,1;
racing,killcuboid,3.31125,1,3.71148,0,2342.87628,58.98029,0,0,0,1;
racing,killprism,1.03599,1,3.77644,-0.6829,2508.63895,37.59852,0,-0.76041,0,0.64945;
racing,killprism,1.03599,1,3.77644,-0.6829,2445.52639,37.59852,0,-0.76041,0,0.64945;
racing,killprism,1.03599,1,3.77644,0.71191,2343.07628,37.7817,0,-0.76041,0,-0.64945;
racing,killprism,1.03599,1,3.77644,0.71191,2279.96374,37.7817,0,-0.76041,0,-0.64945;


custom,cuboid,bombtex,3.31125,0.9793,16.5613,1,0.5,0.25,0.8,99999,99999,-40.49862,2296.32,-86.84132,0.10048,0.15562,-0.01591,0.98256;
custom,cuboid,bombtex,3.31125,0.9793,16.56132,1,0.5,0.25,0.8,99999,99999,-40.49861,2359.43253,-86.84132,0.10048,0.15562,-0.01591,0.98256;
custom,cuboid,bombtex,3.31125,0.9793,16.56131,1,0.5,0.25,0.8,99999,99999,25.02939,2329.43253,-134.45019,0.04619,-0.88638,0.09065,0.45163;
custom,cuboid,bombtex,3.31125,0.9793,16.56132,1,0.5,0.25,0.8,99999,99999,25.02943,2392.54501,-134.45015,0.04619,-0.88638,0.09065,0.45163;
custom,cuboid,bombtex,3.31125,0.9793,16.5613,1,0.5,0.25,0.8,99999,99999,-0.00002,2362.54509,-57.41722,-0.07194,-0.70344,0.07194,-0.70344;
custom,cuboid,bombtex,3.31125,0.9793,16.56131,1,0.5,0.25,0.8,99999,99999,0.00001,2425.65758,-57.41722,-0.07194,-0.70344,0.07194,-0.70344;
custom,cuboid,bombtex,3.31125,0.9793,16.56131,1,0.5,0.25,0.8,99999,99999,-25.02944,2395.65762,-134.45,-0.09065,0.45164,-0.04619,-0.88638;
custom,cuboid,bombtex,3.31125,0.9793,16.56132,1,0.5,0.25,0.8,99999,99999,-25.02942,2458.77014,-134.45004,-0.09065,0.45164,-0.04619,-0.88638;
custom,cuboid,bombtex,3.31125,0.9793,16.56129,1,0.5,0.25,0.8,99999,99999,40.49854,2428.77014,-86.84124,0.01591,0.98256,-0.10048,0.15562;
custom,cuboid,bombtex,3.31125,0.9793,16.56131,1,0.5,0.25,0.8,99999,99999,40.49857,2491.88271,-86.84132,0.01591,0.98256,-0.10048,0.15562;
custom,cuboid,bombtex,3.31125,1,4.83327,1,0.5,0.25,0.8,99999,99999,-8.27814,2279.76374,12.32311,0,0.15643,0,0.98769;
custom,cuboid,bombtex,3.31125,1,4.74659,1,0.5,0.25,0.8,99999,99999,-72.58518,2312.87628,-185.59357,0,0.15643,0,0.98769;
custom,cuboid,bombtex,3.31125,1,4.74659,1,0.5,0.25,0.8,99999,99999,-58.97435,2312.87626,-195.48248,0,0.45399,0,0.89101;
custom,cuboid,bombtex,3.31125,1,4.74659,1,0.5,0.25,0.8,99999,99999,109.03313,2345.98881,-73.41785,0,-0.89101,0,0.45399;
custom,cuboid,bombtex,3.31125,1,4.74659,1,0.5,0.25,0.8,99999,99999,103.83426,2345.98877,-57.41737,0,-0.70711,0,0.70711;
custom,cuboid,bombtex,3.31125,1,4.74659,1,0.5,0.25,0.8,99999,99999,-103.83431,2379.10133,-57.4173,0,-0.70711,0,-0.70711;
custom,cuboid,bombtex,3.31125,1,4.74659,1,0.5,0.25,0.8,99999,99999,-109.03318,2379.10133,-73.41778,0,-0.89101,0,-0.45399;
custom,cuboid,bombtex,3.31125,1,4.74659,1,0.5,0.25,0.8,99999,99999,58.97436,2412.2139,-195.48218,0,0.45399,0,-0.89101;
custom,cuboid,bombtex,3.31125,1,4.74659,1,0.5,0.25,0.8,99999,99999,72.58517,2412.2139,-185.59334,0,0.15643,0,-0.98769;
custom,cuboid,bombtex,3.31125,1,4.83326,1,0.5,0.25,0.8,99999,99999,8.27788,2445.32639,12.32307,0,0.98769,0,0.15644;
custom,cuboid,bombtex,3.31125,1,4.83327,1,0.5,0.25,0.8,99999,99999,-8.27814,2342.87628,12.32311,0,0.15643,0,0.98769;
custom,cuboid,bombtex,3.31125,1,4.74659,1,0.5,0.25,0.8,99999,99999,-72.58518,2375.98885,-185.59357,0,0.15643,0,0.98769;
custom,cuboid,bombtex,3.31125,1,4.74659,1,0.5,0.25,0.8,99999,99999,-58.97435,2375.98885,-195.48248,0,0.45399,0,0.89101;
custom,cuboid,bombtex,3.31125,1,4.74659,1,0.5,0.25,0.8,99999,99999,109.03313,2409.10137,-73.41785,0,-0.89101,0,0.45399;
custom,cuboid,bombtex,3.31125,1,4.74659,1,0.5,0.25,0.8,99999,99999,103.83426,2409.10133,-57.41737,0,-0.70711,0,0.70711;
custom,cuboid,bombtex,3.31125,1,4.74659,1,0.5,0.25,0.8,99999,99999,-103.83431,2442.2139,-57.4173,0,-0.70711,0,-0.70711;
custom,cuboid,bombtex,3.31125,1,4.74659,1,0.5,0.25,0.8,99999,99999,-109.03318,2442.2139,-73.41778,0,-0.89101,0,-0.45399;
custom,cuboid,bombtex,3.31125,1,4.74659,1,0.5,0.25,0.8,99999,99999,58.97436,2475.32646,-195.48218,0,0.45399,0,-0.89101;
custom,cuboid,bombtex,3.31125,1,4.74659,1,0.5,0.25,0.8,99999,99999,72.58517,2475.32646,-185.59334,0,0.15643,0,-0.98769;
custom,cuboid,bombtex,3.31125,1,4.83326,1,0.5,0.25,0.8,99999,99999,8.27788,2508.43895,12.32307,0,0.98769,0,0.15644;
custom,cuboid,bombtex,3.3648,1,0.54664,1,0.5,0.25,0.8,99999,99999,-80.44755,2312.87626,-210.72647,0,0.30902,0,0.95106;
custom,cuboid,bombtex,3.3648,1,0.54664,1,0.5,0.25,0.8,99999,99999,-80.44755,2375.98885,-210.72647,0,0.30902,0,0.95106;
custom,cuboid,bombtex,3.3648,1,0.54664,1,0.5,0.25,0.8,99999,99999,80.44756,2412.2139,-210.72624,0,-0.30902,0,0.95106;
custom,cuboid,bombtex,3.3648,1,0.54664,1,0.5,0.25,0.8,99999,99999,80.44756,2475.32646,-210.72624,0,-0.30902,0,0.95106;
custom,cuboid,bombtex,3.3648,1,0.54664,1,0.5,0.25,0.8,99999,99999,130.16667,2345.98877,-57.7063,0,-0.80902,0,0.58779;
custom,cuboid,bombtex,3.3648,1,0.54664,1,0.5,0.25,0.8,99999,99999,130.16667,2409.10133,-57.7063,0,-0.80902,0,0.58779;
custom,cuboid,bombtex,3.3648,1,0.54664,1,0.5,0.25,0.8,99999,99999,-130.16673,2379.10133,-57.70622,0,-0.80902,0,-0.58779;
custom,cuboid,bombtex,3.3648,1,0.54664,1,0.5,0.25,0.8,99999,99999,-130.16673,2442.2139,-57.70622,0,-0.80902,0,-0.58779;
custom,cuboid,bombtex,3.31125,1,3.71148,1,0.5,0.25,0.8,99999,99999,0,2445.32639,58.98026,0,0,0,1;
custom,cuboid,bombtex,3.31125,1,3.71148,1,0.5,0.25,0.8,99999,99999,0,2508.43895,58.98026,0,0,0,1;
custom,cuboid,bombtex,3.31125,1,3.71148,1,0.5,0.25,0.8,99999,99999,0,2279.76374,58.98029,0,0,0,1;
custom,cuboid,bombtex,3.31125,1,3.71148,1,0.5,0.25,0.8,99999,99999,0,2342.87628,58.98029,0,0,0,1;
custom,prism,bombtex,1.03599,1,3.77644,1,0.5,0.25,0.8,99999,99999,-0.6829,2508.63895,37.59852,0,-0.76041,0,0.64945;
custom,prism,bombtex,1.03599,1,3.77644,1,0.5,0.25,0.8,99999,99999,-0.6829,2445.52639,37.59852,0,-0.76041,0,0.64945;
custom,prism,bombtex,1.03599,1,3.77644,1,0.5,0.25,0.8,99999,99999,0.71191,2343.07628,37.7817,0,-0.76041,0,-0.64945;
custom,prism,bombtex,1.03599,1,3.77644,1,0.5,0.25,0.8,99999,99999,0.71191,2279.96374,37.7817,0,-0.76041,0,-0.64945;





custom,cylinder,ice1,1.9,14,1.9,1,0,1,0,0,0,0,2394.00002,-100,0,0,0,1;
custom,cylinder,cannonregionmat,2,14,2,1,0,1,0,0,0,0,2394.00002,-100,0,0,0,1;
custom,cylinder,default,3,0.05,3,1,0,0,0,0,0,0,2253.5,-100,0,0,0,1;
custom,cylinder,default,3,0.05,3,1,0,0,0,0,0,0,2534.49997,-100,0,0,0,1;
custom,cylinder,metal4,3,0.25,3,1,1,1,1,0.05,0.05,0,2537.5,-100,0,0,0,1;
custom,cylinder,metal4,3,0.25,3,1,1,1,1,0.05,0.05,0,2250.49999,-100,0,0,0,1;





racing,killcuboid,1,5.20132,17.43395,60.99971,2460.32646,-80.17994,0.01591,0.98256,-0.10048,0.15562;
racing,killcuboid,1,5.31125,4.83326,28.77913,2476.88274,18.98438,0,0.98769,0,0.15644;
racing,killcuboid,1,5.31125,4.74664,93.08647,2443.77018,-178.93234,0,0.98769,0,0.15644;
racing,killcuboid,1,5.20132,17.43395,-37.6998,2427.2139,-151.8895,-0.09065,0.45164,-0.04619,-0.88638;
racing,killcuboid,1,5.31125,4.74664,46.30414,2443.77018,-212.92183,0,0.45399,0,-0.89101;
racing,killcuboid,1,5.31125,4.74664,-121.70374,2410.65762,-90.85724,0,0.45399,0,-0.89101;
racing,killcuboid,1,5.20132,17.43395,-0.00012,2394.10133,-35.8609,-0.07194,-0.70344,0.07194,-0.70344;
racing,killcuboid,1,5.31125,4.74664,-103.83461,2410.65762,-35.86102,0,-0.70711,0,-0.70711;
racing,killcuboid,1,5.31125,4.74664,103.83438,2377.54505,-35.86079,0,-0.70711,0,-0.70711;
racing,killcuboid,1,5.20132,17.43395,37.70001,2360.98881,-151.8895,0.04619,-0.88638,0.09065,0.45163;
racing,killcuboid,1,5.31125,4.74664,121.70383,2377.54509,-90.85709,0,-0.89101,0,0.45399;
racing,killcuboid,1,5.31125,4.74664,-46.30379,2344.43253,-212.92206,0,-0.89101,0,0.45399;
racing,killcuboid,1,5.20132,17.434,-60.99995,2327.87628,-80.18013,0.10048,0.15562,-0.01591,0.98256;
racing,killcuboid,1,5.31125,4.74664,-93.08649,2344.43256,-178.93265,0,0.15643,0,0.98769;
racing,killcuboid,1,5.31125,4.83328,-28.77957,2311.32,18.98438,0,0.15643,0,0.98769;
racing,killcuboid,1,5.31125,5.26689,84.99335,2443.77018,-216.98296,0,0.89101,0,-0.45399;
racing,killcuboid,1,5.31125,5.26688,-137.52191,2410.65762,-55.31662,0,-0.15643,0,-0.98769;
racing,killcuboid,1,5.31125,5.26689,137.52181,2377.54505,-55.31628,0,-0.98769,0,-0.15644;
racing,killcuboid,1,5.31125,5.26688,-84.99307,2344.43253,-216.98318,0,-0.45399,0,0.89101;
racing,killcuboid,1,5.31125,3.71148,21.55625,2476.88271,58.98026,0,0,0,1;
racing,killcuboid,1,5.31125,3.71148,-21.55625,2311.32,58.98029,0,0,0,1;
racing,killprism,3.78188,7.84082,6.72007,-31.50799,2346.00065,-142.79112,0,0.30902,0,0.95106;
racing,killprism,3.78188,7.84082,6.72007,30.96033,2445.33826,-143.18891,0,-0.30902,0,0.95106;
racing,killprism,3.78188,7.84082,6.72007,50.64228,2379.11317,-83.90109,0,-0.80902,0,0.58779;
racing,killprism,3.78188,7.84082,6.72007,-50.43317,2412.22574,-83.25742,0,-0.80902,0,-0.58779;
racing,killcuboid,1,5.20132,11.51718,-11.04463,2321.88816,-65.94906,0.10048,0.15562,-0.01591,0.98256;
racing,killcuboid,1,5.20132,11.51718,11.04459,2466.31454,-65.94906,0.01591,0.98256,-0.10048,0.15562;
racing,killcuboid,1,5.20132,5.42861,-13.03964,2427.04002,-116.51623,-0.09065,0.45164,-0.04619,-0.88638;
racing,killcuboid,1,5.20132,5.42861,0.8413,2393.92754,-78.97358,-0.07194,-0.70344,0.07194,-0.70344;
racing,killcuboid,1,5.20132,5.42861,11.67838,2360.81497,-117.50523,0.04619,-0.88638,0.09065,0.45163;
racing,killcuboid,1,5.31125,4.83326,-12.22305,2476.88271,5.66189,0,0.98769,0,0.15644;
racing,killcuboid,1,5.31125,1.03599,-20.68437,2476.88271,34.52446,0,-0.07846,0,0.99692;
racing,killcuboid,1,5.31125,3.71148,-21.55625,2476.88271,58.98026,0,0,0,1;
racing,killcuboid,1,5.31125,4.83326,12.22304,2311.32004,5.66196,0.98769,0,-0.15644,0;
racing,killcuboid,1,5.31125,1.03599,20.68436,2311.32004,34.52454,-0.07846,0,-0.99692,0;
racing,killcuboid,1,5.31125,3.71148,21.55624,2311.32004,58.98033,0,0,-1,0;







custom,cuboid,default,0.1,0.1,3.71148,1,1,1,0.5,0,0,-16.55625,2284.76374,58.98026,0,0,0,1;
custom,cuboid,default,0.1,0.1,4.84872,1,1,1,0.5,0,0,-24.00019,2284.76374,17.51274,0,0.15643,0,0.98769;
custom,cuboid,default,0.1,0.1,16.37913,1,1,1,0.5,0,0,-56.24454,2301.32002,-81.72516,0.10048,0.15562,-0.01591,0.98256;
custom,cuboid,default,0.1,0.1,4.74659,1,1,1,0.5,0,0,-88.33111,2317.87628,-180.47745,0,0.15643,0,0.98769;
custom,cuboid,default,0.1,0.1,3.45991,1,1,1,0.5,0,0,-82.0541,2317.87626,-212.9377,0,-0.45399,0,0.89101;
custom,cuboid,default,0.1,0.1,16.37913,1,1,1,0.5,0,0,-24.75268,2301.32002,-91.95747,0.10048,0.15562,-0.01591,0.98256;
custom,cuboid,default,0.1,0.1,4.83327,1,1,1,0.5,0,0,7.4678,2284.76374,7.20695,0,0.15643,0,0.98769;
custom,cuboid,default,0.1,0.1,3.71148,1,1,1,0.5,0,0,16.55625,2284.76374,58.98026,0,0,0,1;
custom,cuboid,default,0.1,0.1,4.74659,1,1,1,0.5,0,0,-49.24283,2317.87626,-208.87672,0,-0.89101,0,0.45399;
custom,cuboid,default,0.1,0.1,1.05163,1,1,1,0.5,0,0,15.74593,2284.76374,35.3067,0,0.07846,0,0.99692;
custom,cuboid,default,0.1,0.1,3.71148,1,1,1,0.5,0,0,-16.55625,2337.87636,58.98026,0,0,0,1;
custom,cuboid,default,0.1,0.1,4.84872,1,1,1,0.5,0,0,-24.00019,2337.87636,17.51274,0,0.15643,0,0.98769;
custom,cuboid,default,0.1,0.1,16.37913,1,1,1,0.5,0,0,-56.24454,2354.4326,-81.72516,0.10048,0.15562,-0.01591,0.98256;
custom,cuboid,default,0.1,0.1,4.74659,1,1,1,0.5,0,0,-88.33111,2370.98888,-180.47745,0,0.15643,0,0.98769;
custom,cuboid,default,0.1,0.1,3.45991,1,1,1,0.5,0,0,-82.0541,2370.98885,-212.9377,0,-0.45399,0,0.89101;
custom,cuboid,default,0.1,0.1,16.37913,1,1,1,0.5,0,0,-24.75268,2354.4326,-91.95747,0.10048,0.15562,-0.01591,0.98256;
custom,cuboid,default,0.1,0.1,4.83327,1,1,1,0.5,0,0,7.4678,2337.87636,7.20695,0,0.15643,0,0.98769;
custom,cuboid,default,0.1,0.1,3.71148,1,1,1,0.5,0,0,16.55625,2337.87636,58.98026,0,0,0,1;
custom,cuboid,default,0.1,0.1,4.74659,1,1,1,0.5,0,0,-49.24283,2370.98885,-208.87672,0,-0.89101,0,0.45399;
custom,cuboid,default,0.1,0.1,1.05163,1,1,1,0.5,0,0,15.74593,2337.87636,35.3067,0,0.07846,0,0.99692;
custom,cuboid,default,0.1,0.1,16.37913,1,1,1,0.5,0,0,34.76112,2334.43264,-147.84439,0.04619,-0.88638,0.09065,0.45163;
custom,cuboid,default,0.1,0.1,4.74659,1,1,1,0.5,0,0,118.76482,2350.98888,-86.8121,0,-0.89101,0,0.45399;
custom,cuboid,default,0.1,0.1,3.45991,1,1,1,0.5,0,0,132.76628,2350.98885,-56.86165,0,-0.98769,0,-0.15643;
custom,cuboid,default,0.1,0.1,16.37913,1,1,1,0.5,0,0,15.29808,2334.43264,-121.05579,0.04619,-0.88638,0.09065,0.45163;
custom,cuboid,default,0.1,0.1,4.74659,1,1,1,0.5,0,0,103.83443,2350.98885,-40.86105,0,-0.70711,0,-0.70711;
custom,cuboid,default,0.1,0.1,16.37913,1,1,1,0.5,0,0,34.76112,2387.54524,-147.84439,0.04619,-0.88638,0.09065,0.45163;
custom,cuboid,default,0.1,0.1,4.74659,1,1,1,0.5,0,0,118.76482,2404.10149,-86.8121,0,-0.89101,0,0.45399;
custom,cuboid,default,0.1,0.1,3.45991,1,1,1,0.5,0,0,132.76628,2404.10149,-56.86165,0,-0.98769,0,-0.15643;
custom,cuboid,default,0.1,0.1,16.37913,1,1,1,0.5,0,0,15.29808,2387.54524,-121.05579,0.04619,-0.88638,0.09065,0.45163;
custom,cuboid,default,0.1,0.1,4.74659,1,1,1,0.5,0,0,103.83443,2404.10149,-40.86105,0,-0.70711,0,-0.70711;
custom,cuboid,default,0.1,0.1,16.37913,1,1,1,0.5,0,0,-0.00013,2367.54524,-40.86102,-0.07194,-0.70344,0.07194,-0.70344;
custom,cuboid,default,0.1,0.1,4.74659,1,1,1,0.5,0,0,-103.83442,2384.10149,-40.86105,0,-0.70711,0,-0.70711;
custom,cuboid,default,0.1,0.1,3.45991,1,1,1,0.5,0,0,-132.76628,2384.10149,-56.86161,0,-0.15643,0,-0.98769;
custom,cuboid,default,0.1,0.1,16.37913,1,1,1,0.5,0,0,-0.00012,2367.54524,-73.97354,-0.07194,-0.70344,0.07194,-0.70344;
custom,cuboid,default,0.1,0.1,4.74659,1,1,1,0.5,0,0,-118.76479,2384.10149,-86.81206,0,0.45399,0,-0.89101;
custom,cuboid,default,0.1,0.1,16.37913,1,1,1,0.5,0,0,-0.00013,2420.65781,-40.86102,-0.07194,-0.70344,0.07194,-0.70344;
custom,cuboid,default,0.1,0.1,4.74659,1,1,1,0.5,0,0,-103.83442,2437.21409,-40.86105,0,-0.70711,0,-0.70711;
custom,cuboid,default,0.1,0.1,3.45991,1,1,1,0.5,0,0,-132.76628,2437.21405,-56.86161,0,-0.15643,0,-0.98769;
custom,cuboid,default,0.1,0.1,16.37913,1,1,1,0.5,0,0,-0.00012,2420.65781,-73.97354,-0.07194,-0.70344,0.07194,-0.70344;
custom,cuboid,default,0.1,0.1,4.74659,1,1,1,0.5,0,0,-118.76479,2437.21405,-86.81206,0,0.45399,0,-0.89101;
custom,cuboid,default,0.1,0.1,16.37913,1,1,1,0.5,0,0,-34.76091,2400.65781,-147.84454,-0.09065,0.45164,-0.04619,-0.88638;
custom,cuboid,default,0.1,0.1,4.74659,1,1,1,0.5,0,0,49.24282,2417.21409,-208.8768,0,0.45399,0,-0.89101;
custom,cuboid,default,0.1,0.1,3.45991,1,1,1,0.5,0,0,82.05408,2417.21405,-212.93777,0,0.89101,0,-0.45399;
custom,cuboid,default,0.1,0.1,16.37913,1,1,1,0.5,0,0,-15.29788,2400.65781,-121.05595,-0.09065,0.45164,-0.04619,-0.88638;
custom,cuboid,default,0.1,0.1,4.74659,1,1,1,0.5,0,0,88.33108,2417.21405,-180.47745,0,0.98769,0,0.15643;
custom,cuboid,default,0.1,0.1,16.37913,1,1,1,0.5,0,0,-34.76091,2453.77045,-147.84454,-0.09065,0.45164,-0.04619,-0.88638;
custom,cuboid,default,0.1,0.1,4.74659,1,1,1,0.5,0,0,49.24282,2470.32669,-208.8768,0,0.45399,0,-0.89101;
custom,cuboid,default,0.1,0.1,3.45991,1,1,1,0.5,0,0,82.05408,2470.32669,-212.93777,0,0.89101,0,-0.45399;
custom,cuboid,default,0.1,0.1,16.37913,1,1,1,0.5,0,0,-15.29788,2453.77045,-121.05595,-0.09065,0.45164,-0.04619,-0.88638;
custom,cuboid,default,0.1,0.1,4.74659,1,1,1,0.5,0,0,88.33108,2470.32669,-180.47745,0,0.98769,0,0.15643;
custom,cuboid,default,0.1,0.1,16.37913,1,1,1,0.5,0,0,56.24447,2433.77045,-81.72493,0.01591,0.98256,-0.10048,0.15562;
custom,cuboid,default,0.1,0.1,16.37913,1,1,1,0.5,0,0,24.75261,2433.77045,-91.95724,0.01591,0.98256,-0.10048,0.15562;
custom,cuboid,default,0.1,0.1,16.37913,1,1,1,0.5,0,0,56.24447,2486.88301,-81.72493,0.01591,0.98256,-0.10048,0.15562;
custom,cuboid,default,0.1,0.1,16.37913,1,1,1,0.5,0,0,24.75261,2486.88301,-91.95724,0.01591,0.98256,-0.10048,0.15562;
custom,cuboid,default,0.1,0.1,3.71148,1,1,1,0.5,0,0,-16.55625,2450.32623,58.98026,0,0,0,1;
custom,cuboid,default,0.1,0.1,3.71148,1,1,1,0.5,0,0,16.55625,2450.32623,58.98026,0,0,0,1;
custom,cuboid,default,0.1,0.1,3.71148,1,1,1,0.5,0,0,-16.55625,2503.43884,58.98026,0,0,0,1;
custom,cuboid,default,0.1,0.1,3.71148,1,1,1,0.5,0,0,16.55625,2503.43884,58.98026,0,0,0,1;
custom,cuboid,default,0.1,0.1,4.84872,1,1,1,0.5,0,0,24.00018,2503.4388,17.51274,0.15643,0,-0.98769,0;
custom,cuboid,default,0.1,0.1,4.83327,1,1,1,0.5,0,0,-7.4678,2503.4388,7.20695,0.15643,0,-0.98769,0;
custom,cuboid,default,0.1,0.1,1.05163,1,1,1,0.5,0,0,-15.74593,2503.4388,35.3067,0.07846,0,-0.99692,0;
custom,cuboid,default,0.1,0.1,4.84872,1,1,1,0.5,0,0,24.00018,2450.32623,17.51274,0.15643,0,-0.98769,0;
custom,cuboid,default,0.1,0.1,4.83327,1,1,1,0.5,0,0,-7.46781,2450.32623,7.20695,0.15643,0,-0.98769,0;
custom,cuboid,default,0.1,0.1,1.05163,1,1,1,0.5,0,0,-15.74594,2450.32623,35.3067,0.07846,0,-0.99692,0;
custom,cuboid,default,3.41125,0.1,0.1,1,1,1,0.5,0,0,0,2450.32623,77.0377,0,0,0,1;
custom,cuboid,default,3.41125,0.1,0.1,1,1,1,0.5,0,0,0,2503.43884,77.0377,0,0,0,1;
custom,cuboid,default,0.1,5.41126,0.1,1,1,1,0.5,0,0,-16.55625,2476.88255,77.0377,0,0,0,1;
custom,cuboid,default,0.1,5.41126,0.1,1,1,1,0.5,0,0,16.55625,2476.88255,77.0377,0,0,0,1;
custom,cuboid,default,3.41125,0.1,0.1,1,1,1,0.5,0,0,0,2284.76324,77.0377,0,0,0,1;
custom,cuboid,default,3.41125,0.1,0.1,1,1,1,0.5,0,0,0,2337.87582,77.0377,0,0,0,1;
custom,cuboid,default,0.1,5.41126,0.1,1,1,1,0.5,0,0,-16.55625,2311.31954,77.0377,0,0,0,1;
custom,cuboid,default,0.1,5.41126,0.1,1,1,1,0.5,0,0,16.55625,2311.31954,77.0377,0,0,0,1;




custom,cuboid,default,3.3648,1,0.54664,1,1,1,0.5,0,0,-80.44755,2245,-210.72647,0,0.30902,0,0.95106;
custom,cuboid,default,3.31125,1,4.74659,1,1,1,0.5,0,0,-58.97435,2245,-195.48248,0,0.45399,0,0.89101;
custom,cuboid,default,3.31125,1,4.74659,1,1,1,0.5,0,0,-72.58518,2245,-185.59357,0,0.15643,0,0.98769;
custom,cuboid,default,3.31125,1,4.74659,1,1,1,0.5,0,0,58.97431,2245,-195.48248,0,-0.45399,0,0.89101;
custom,cuboid,default,3.31125,1,4.74659,1,1,1,0.5,0,0,72.58513,2245,-185.59364,0,-0.15643,0,0.98769;
custom,cuboid,default,3.3648,1,0.54664,1,1,1,0.5,0,0,80.44751,2245,-210.72655,0,-0.30902,0,0.95106;
custom,cuboid,default,3.31125,1,4.74659,1,1,1,0.5,0,0,109.0333,2245,-73.41782,0,-0.89101,0,0.45399;
custom,cuboid,default,3.31125,1,4.74659,1,1,1,0.5,0,0,103.83443,2245,-57.4173,0,-0.70711,0,0.70711;
custom,cuboid,default,3.3648,1,0.54664,1,1,1,0.5,0,0,130.16685,2245,-57.70626,0,-0.80902,0,0.58779;
custom,cuboid,default,3.31125,1,4.74659,1,1,1,0.5,0,0,8.41197,2245,11.91116,0,-0.98769,0,-0.15643;
custom,cuboid,default,3.31125,1,4.74659,1,1,1,0.5,0,0,-8.41193,2245,11.91116,0,-0.98769,0,0.15643;
custom,cuboid,default,3.3648,1,0.54664,1,1,1,0.5,0,0,0.00002,2245,36.86554,0,-1,0,0;
custom,cuboid,default,3.31125,1,4.74659,1,1,1,0.5,0,0,-103.83442,2245,-57.4173,0,-0.70711,0,-0.70711;
custom,cuboid,default,3.31125,1,4.74659,1,1,1,0.5,0,0,-109.03329,2245,-73.41778,0,-0.89101,0,-0.45399;
custom,cuboid,default,3.3648,1,0.54664,1,1,1,0.5,0,0,-130.16684,2245,-57.70622,0,-0.80902,0,-0.58779;
custom,cuboid,default,3.31125,1,16.0203,1,1,1,0.5,0,0,-40.49854,2245,-86.84128,0,0.15643,0,0.98769;
custom,cuboid,default,3.31125,1,16.0203,1,1,1,0.5,0,0,-25.02944,2245,-134.45015,0,-0.45399,0,0.89101;
custom,cuboid,default,3.31125,1,16.0203,1,1,1,0.5,0,0,25.0295,2245,-134.45007,0,-0.89101,0,0.45399;
custom,cuboid,default,3.31125,1,16.02031,1,1,1,0.5,0,0,40.49852,2245,-86.8412,0,-0.98769,0,-0.15643;
custom,cuboid,default,3.31125,1,16.0203,1,1,1,0.5,0,0,-0.00004,2245,-57.4173,0,-0.70711,0,-0.70711;
custom,cuboid,default,1.6301,1.2,0.1,1,0,0,0,0,0,0.00003,2246,-40.36087,0,0,0,1;
custom,cuboid,default,0.1,1.2,2.63756,1,0,0,0,0,0,-3.59969,2246,-28.47305,0,0.15643,0,0.98769;
custom,cuboid,default,0.1,1.2,2.63756,1,0,0,0,0,0,3.59974,2246,-28.47305,0,-0.15643,0,0.98769;
custom,cuboid,default,3.78188,1.2,0.1,1,0,0,0,0,0,0.00001,2246,-74.47342,0,0,0,1;
custom,cuboid,default,0.1,1.2,8.46002,1,0,0,0,0,0,-104.03759,2246,-98.13011,0,-0.45399,0,0.89101;
custom,cuboid,default,0.1,1.2,8.46002,1,0,0,0,0,0,-85.26726,2246,-40.36095,0,-0.70711,0,0.70711;
custom,cuboid,default,3.55502,1.2,0.1,1,0,0,0,0,0,-132.58465,2246,-56.92059,0,-0.58779,0,0.80902;
custom,cuboid,default,1.6301,1.2,0.1,1,0,0,0,0,0,-56.72019,2246,-81.57047,0,-0.58779,0,0.80902;
custom,cuboid,default,0.1,1.2,2.63756,1,0,0,0,0,0,-69.13855,2246,-81.32046,0,-0.45399,0,0.89101;
custom,cuboid,default,0.1,1.2,2.63756,1,0,0,0,0,0,-66.91381,2246,-74.47342,0,-0.70711,0,0.70711;
custom,cuboid,default,3.78188,1.2,0.1,1,0,0,0,0,0,-24.27722,2246,-92.11185,0,-0.58779,0,0.80902;
custom,cuboid,default,1.6301,1.2,0.1,1,0,0,0,0,0,-35.05503,2246,-148.24905,0,-0.95106,0,0.30902;
custom,cuboid,default,0.1,1.2,2.63756,1,0,0,0,0,0,-39.13028,2246,-159.98238,0,-0.89101,0,0.45399;
custom,cuboid,default,0.1,1.2,2.63756,1,0,0,0,0,0,-44.95474,2246,-155.75066,0,-0.98769,0,0.15643;
custom,cuboid,default,3.78188,1.2,0.1,1,0,0,0,0,0,-15.00416,2246,-120.65144,0,-0.95106,0,0.30902;
custom,cuboid,default,1.6301,1.2,0.1,1,0,0,0,0,0,35.055,2246,-148.24905,0,-0.95106,0,-0.30902;
custom,cuboid,default,0.1,1.2,2.63756,1,0,0,0,0,0,44.95471,2246,-155.75066,0,-0.98769,0,-0.15643;
custom,cuboid,default,0.1,1.2,2.63756,1,0,0,0,0,0,39.13025,2246,-159.98238,0,-0.89101,0,-0.45399;
custom,cuboid,default,3.78188,1.2,0.1,1,0,0,0,0,0,15.00414,2246,-120.65144,0,-0.95106,0,-0.30902;
custom,cuboid,default,1.6301,1.2,0.1,1,0,0,0,0,0,56.7202,2246,-81.57051,0,-0.58779,0,-0.80902;
custom,cuboid,default,0.1,1.2,2.63756,1,0,0,0,0,0,66.91382,2246,-74.47346,0,-0.70711,0,-0.70711;
custom,cuboid,default,0.1,1.2,2.63756,1,0,0,0,0,0,69.13856,2246,-81.3205,0,-0.45399,0,-0.89101;
custom,cuboid,default,3.78188,1.2,0.1,1,0,0,0,0,0,24.27723,2246,-92.11185,0,-0.58779,0,-0.80902;
custom,cuboid,default,0.1,1.2,8.46002,1,0,0,0,0,0,-33.92776,2246,-198.36777,0,-0.89101,0,0.45399;
custom,cuboid,default,0.1,1.2,8.46003,1,0,0,0,0,0,-83.06915,2246,-162.66449,0,-0.98769,0,0.15643;
custom,cuboid,default,3.55502,1.2,0.1,1,0,0,0,0,0,-81.94186,2246,-212.7832,0,-0.95106,0,0.30902;
custom,cuboid,default,0.1,1.2,8.46003,1,0,0,0,0,0,83.06908,2246,-162.66457,0,-0.98769,0,-0.15643;
custom,cuboid,default,0.1,1.2,8.46002,1,0,0,0,0,0,33.9277,2246,-198.36784,0,-0.89101,0,-0.45399;
custom,cuboid,default,3.55502,1.2,0.1,1,0,0,0,0,0,81.9418,2246,-212.78328,0,-0.95106,0,-0.30902;
custom,cuboid,default,0.1,1.2,8.46002,1,0,0,0,0,0,85.26727,2246,-40.36102,0,-0.70711,0,-0.70711;
custom,cuboid,default,0.1,1.2,8.46002,1,0,0,0,0,0,104.03763,2246,-98.13019,0,-0.45399,0,-0.89101;
custom,cuboid,default,3.55502,1.2,0.1,1,0,0,0,0,0,132.58468,2246,-56.92066,0,-0.58779,0,-0.80902;
custom,cuboid,default,0.1,1.2,8.46002,1,0,0,0,0,0,-30.37102,2246,-0.47653,0,-0.15643,0,-0.98769;
custom,cuboid,default,0.1,1.2,8.46002,1,0,0,0,0,0,30.37108,2246,-0.47653,0,0.15643,0,-0.98769;
custom,cuboid,default,3.55502,1.2,0.1,1,0,0,0,0,0,0.00003,2246,39.40777,0,0,0,-1;
custom,cylinder,default,36,0.3,36,1,0.25,0.31,0.31,0,0,0,2243.00001,-100,0,-0.07846,0,0.99692;
custom,cylinder,default,31.8,0.1,31.8,1,0.5,0.25,0.8,0,0,0,2247.00001,-100,0,-0.07846,0,0.99692;
custom,cylinder,ice1,40,1,40,1,0,0,0,0,0,0,2230,-100,0,-0.07846,0,0.99692;
custom,cuboid,default,5.0059,0.6,0.1,1,0,0,0,0,0,0.00001,2249.00002,57.53014,0,0,0,1;
custom,cuboid,default,5.0059,0.6,0.1,1,0,0,0,0,0,-48.67948,2249.00002,49.8201,0,-0.15643,0,0.98769;
custom,cuboid,default,5.0059,0.6,0.1,1,0,0,0,0,0,-92.59389,2249.00002,27.44457,0,-0.30902,0,0.95106;
custom,cuboid,default,5.0059,0.6,0.1,1,0,0,0,0,0,-127.44455,2249.00002,-7.40608,0,-0.45399,0,0.89101;
custom,cuboid,default,5.0059,0.6,0.1,1,0,0,0,0,0,-149.82008,2249.00002,-51.3205,0,-0.58779,0,0.80902;
custom,cuboid,default,5.0059,0.6,0.1,1,0,0,0,0,0,-157.53016,2249.00002,-100,0,-0.70711,0,0.70711;
custom,cuboid,default,5.0059,0.6,0.1,1,0,0,0,0,0,-149.82008,2249.00002,-148.6795,0,-0.80902,0,0.58779;
custom,cuboid,default,5.0059,0.6,0.1,1,0,0,0,0,0,-127.44457,2249.00002,-192.59392,0,-0.89101,0,0.45399;
custom,cuboid,default,5.0059,0.6,0.1,1,0,0,0,0,0,-92.59391,2249.00002,-227.44461,0,-0.95106,0,0.30902;
custom,cuboid,default,5.0059,0.6,0.1,1,0,0,0,0,0,-48.6795,2249.00002,-249.8201,0,-0.98769,0,0.15643;
custom,cuboid,default,5.0059,0.6,0.1,1,0,0,0,0,0,0,2249.00002,-257.53014,0,-1,0,0;
custom,cuboid,default,5.0059,0.6,0.1,1,0,0,0,0,0,48.67949,2249.00002,-249.8201,0,-0.98769,0,-0.15643;
custom,cuboid,default,5.0059,0.6,0.1,1,0,0,0,0,0,92.59391,2249.00002,-227.44461,0,-0.95106,0,-0.30902;
custom,cuboid,default,5.0059,0.6,0.1,1,0,0,0,0,0,127.44457,2249.00002,-192.59392,0,-0.89101,0,-0.45399;
custom,cuboid,default,5.0059,0.6,0.1,1,0,0,0,0,0,149.82008,2249.00002,-148.6795,0,-0.80902,0,-0.58779;
custom,cuboid,default,5.0059,0.6,0.1,1,0,0,0,0,0,157.53016,2249.00002,-100,0,-0.70711,0,-0.70711;
custom,cuboid,default,5.0059,0.6,0.1,1,0,0,0,0,0,149.82009,2249.00002,-51.3205,0,-0.58779,0,-0.80902;
custom,cuboid,default,5.0059,0.6,0.1,1,0,0,0,0,0,127.44457,2249.00002,-7.40608,0,-0.45399,0,-0.89101;
custom,cuboid,default,5.0059,0.6,0.1,1,0,0,0,0,0,92.5939,2249.00002,27.44457,0,-0.30902,0,-0.95106;
custom,cuboid,default,5.0059,0.6,0.1,1,0,0,0,0,0,48.67949,2249.00002,49.8201,0,-0.15643,0,-0.98769;
custom,cuboid,default,3.3648,1,0.54664,1,1,1,0.5,0,0,80.44755,2542.99995,-210.72647,0.30902,0,-0.95106,0;
custom,cuboid,default,3.31125,1,4.74659,1,1,1,0.5,0,0,58.97435,2542.99995,-195.48248,0.45399,0,-0.89101,0;
custom,cuboid,default,3.31125,1,4.74659,1,1,1,0.5,0,0,72.58518,2542.99995,-185.59357,0.15643,0,-0.98769,0;
custom,cuboid,default,3.31125,1,4.74659,1,1,1,0.5,0,0,-58.97431,2542.99995,-195.48248,-0.45399,0,-0.89101,0;
custom,cuboid,default,3.31125,1,4.74659,1,1,1,0.5,0,0,-72.58513,2542.99995,-185.59364,-0.15643,0,-0.98769,0;
custom,cuboid,default,3.3648,1,0.54664,1,1,1,0.5,0,0,-80.44751,2542.99995,-210.72655,-0.30902,0,-0.95106,0;
custom,cuboid,default,3.31125,1,4.74659,1,1,1,0.5,0,0,-109.0333,2542.99995,-73.41782,-0.89101,0,-0.45399,0;
custom,cuboid,default,3.31125,1,4.74659,1,1,1,0.5,0,0,-103.83443,2542.99995,-57.4173,-0.70711,0,-0.70711,0;
custom,cuboid,default,3.3648,1,0.54664,1,1,1,0.5,0,0,-130.16685,2542.99995,-57.70626,-0.80902,0,-0.58779,0;
custom,cuboid,default,3.31125,1,4.74659,1,1,1,0.5,0,0,-8.41197,2542.99995,11.91116,-0.98769,0,0.15643,0;
custom,cuboid,default,3.31125,1,4.74659,1,1,1,0.5,0,0,8.41193,2542.99995,11.91116,-0.98769,0,-0.15643,0;
custom,cuboid,default,3.3648,1,0.54664,1,1,1,0.5,0,0,-0.00002,2542.99995,36.86554,-1,0,0,0;
custom,cuboid,default,3.31125,1,4.74659,1,1,1,0.5,0,0,103.83442,2542.99995,-57.4173,-0.70711,0,0.70711,0;
custom,cuboid,default,3.31125,1,4.74659,1,1,1,0.5,0,0,109.03329,2542.99995,-73.41778,-0.89101,0,0.45399,0;
custom,cuboid,default,3.3648,1,0.54664,1,1,1,0.5,0,0,130.16684,2542.99995,-57.70622,-0.80902,0,0.58779,0;
custom,cuboid,default,3.31125,1,16.0203,1,1,1,0.5,0,0,40.49854,2542.99995,-86.84128,0.15643,0,-0.98769,0;
custom,cuboid,default,3.31125,1,16.0203,1,1,1,0.5,0,0,25.02944,2542.99995,-134.45015,-0.45399,0,-0.89101,0;
custom,cuboid,default,3.31125,1,16.0203,1,1,1,0.5,0,0,-25.0295,2542.99995,-134.45007,-0.89101,0,-0.45399,0;
custom,cuboid,default,3.31125,1,16.02031,1,1,1,0.5,0,0,-40.49852,2542.99995,-86.8412,-0.98769,0,0.15643,0;
custom,cuboid,default,3.31125,1,16.0203,1,1,1,0.5,0,0,0.00004,2542.99995,-57.4173,-0.70711,0,0.70711,0;
custom,cuboid,default,1.6301,1.2,0.1,1,0,0,0,0,0,-0.00003,2541.99997,-40.36087,0,0,-1,0;
custom,cuboid,default,0.1,1.2,2.63756,1,0,0,0,0,0,3.59969,2541.99997,-28.47305,0.15643,0,-0.98769,0;
custom,cuboid,default,0.1,1.2,2.63756,1,0,0,0,0,0,-3.59974,2541.99997,-28.47305,-0.15643,0,-0.98769,0;
custom,cuboid,default,3.78188,1.2,0.1,1,0,0,0,0,0,-0.00001,2541.99997,-74.47342,0,0,-1,0;
custom,cuboid,default,0.1,1.2,8.46002,1,0,0,0,0,0,104.03759,2541.99997,-98.13011,-0.45399,0,-0.89101,0;
custom,cuboid,default,0.1,1.2,8.46003,1,0,0,0,0,0,85.26726,2541.99997,-40.36095,-0.70711,0,-0.70711,0;
custom,cuboid,default,3.55502,1.2,0.1,1,0,0,0,0,0,132.58465,2541.99997,-56.92059,-0.58779,0,-0.80902,0;
custom,cuboid,default,1.6301,1.2,0.1,1,0,0,0,0,0,56.72019,2541.99997,-81.57047,-0.58779,0,-0.80902,0;
custom,cuboid,default,0.1,1.2,2.63756,1,0,0,0,0,0,69.13855,2541.99997,-81.32046,-0.45399,0,-0.89101,0;
custom,cuboid,default,0.1,1.2,2.63756,1,0,0,0,0,0,66.91381,2541.99997,-74.47342,-0.70711,0,-0.70711,0;
custom,cuboid,default,3.78188,1.2,0.1,1,0,0,0,0,0,24.27722,2541.99997,-92.11185,-0.58779,0,-0.80902,0;
custom,cuboid,default,1.6301,1.2,0.1,1,0,0,0,0,0,35.05503,2541.99997,-148.24905,-0.95106,0,-0.30902,0;
custom,cuboid,default,0.1,1.2,2.63756,1,0,0,0,0,0,39.13028,2541.99997,-159.98238,-0.89101,0,-0.45399,0;
custom,cuboid,default,0.1,1.2,2.63756,1,0,0,0,0,0,44.95474,2541.99997,-155.75066,-0.98769,0,-0.15643,0;
custom,cuboid,default,3.78188,1.2,0.1,1,0,0,0,0,0,15.00416,2541.99997,-120.65144,-0.95106,0,-0.30902,0;
custom,cuboid,default,1.6301,1.2,0.1,1,0,0,0,0,0,-35.055,2541.99997,-148.24905,-0.95106,0,0.30902,0;
custom,cuboid,default,0.1,1.2,2.63756,1,0,0,0,0,0,-44.95471,2541.99997,-155.75066,-0.98769,0,0.15643,0;
custom,cuboid,default,0.1,1.2,2.63756,1,0,0,0,0,0,-39.13025,2541.99997,-159.98238,-0.89101,0,0.45399,0;
custom,cuboid,default,3.78188,1.2,0.1,1,0,0,0,0,0,-15.00414,2541.99997,-120.65144,-0.95106,0,0.30902,0;
custom,cuboid,default,1.6301,1.2,0.1,1,0,0,0,0,0,-56.7202,2541.99997,-81.57051,-0.58779,0,0.80902,0;
custom,cuboid,default,0.1,1.2,2.63756,1,0,0,0,0,0,-66.91382,2541.99997,-74.47346,-0.70711,0,0.70711,0;
custom,cuboid,default,0.1,1.2,2.63756,1,0,0,0,0,0,-69.13856,2541.99997,-81.3205,-0.45399,0,0.89101,0;
custom,cuboid,default,3.78188,1.2,0.1,1,0,0,0,0,0,-24.27723,2541.99997,-92.11185,-0.58779,0,0.80902,0;
custom,cuboid,default,0.1,1.2,8.46002,1,0,0,0,0,0,33.92776,2541.99997,-198.36777,-0.89101,0,-0.45399,0;
custom,cuboid,default,0.1,1.2,8.46003,1,0,0,0,0,0,83.06915,2541.99997,-162.66449,-0.98769,0,-0.15643,0;
custom,cuboid,default,3.55502,1.2,0.1,1,0,0,0,0,0,81.94186,2541.99997,-212.7832,-0.95106,0,-0.30902,0;
custom,cuboid,default,0.1,1.2,8.46003,1,0,0,0,0,0,-83.06908,2541.99997,-162.66457,-0.98769,0,0.15643,0;
custom,cuboid,default,0.1,1.2,8.46002,1,0,0,0,0,0,-33.9277,2541.99997,-198.36784,-0.89101,0,0.45399,0;
custom,cuboid,default,3.55502,1.2,0.1,1,0,0,0,0,0,-81.9418,2541.99997,-212.78328,-0.95106,0,0.30902,0;
custom,cuboid,default,0.1,1.2,8.46002,1,0,0,0,0,0,-85.26727,2541.99997,-40.36102,-0.70711,0,0.70711,0;
custom,cuboid,default,0.1,1.2,8.46002,1,0,0,0,0,0,-104.03763,2541.99997,-98.13019,-0.45399,0,0.89101,0;
custom,cuboid,default,3.55502,1.2,0.1,1,0,0,0,0,0,-132.58468,2541.99997,-56.92066,-0.58779,0,0.80902,0;
custom,cuboid,default,0.1,1.2,8.46002,1,0,0,0,0,0,30.37102,2541.99997,-0.47653,-0.15643,0,0.98769,0;
custom,cuboid,default,0.1,1.2,8.46002,1,0,0,0,0,0,-30.37108,2541.99997,-0.47653,0.15643,0,0.98769,0;
custom,cuboid,default,3.55502,1.2,0.1,1,0,0,0,0,0,-0.00003,2541.99997,39.40777,0,0,1,0;
custom,cylinder,default,36.00002,0.3,36,1,0.25,0.31,0.31,0,0,0,2545,-100,-0.07846,0,-0.99692,0;
custom,cylinder,default,31.80001,0.1,31.8,1,0.5,0.25,0.8,0,0,0,2540.99998,-100,-0.07846,0,-0.99692,0;
custom,cylinder,ice1,40.00002,1,40,1,0,0,0,0,0,0,2557.99988,-100,-0.07846,0,-0.99692,0;
custom,cuboid,default,5.0059,0.6,0.1,1,0,0,0,0,0,-0.00001,2538.99994,57.53014,0,0,-1,0;
custom,cuboid,default,5.0059,0.6,0.1,1,0,0,0,0,0,48.67948,2538.99994,49.8201,-0.15643,0,-0.98769,0;
custom,cuboid,default,5.0059,0.6,0.1,1,0,0,0,0,0,92.59389,2538.99994,27.44457,-0.30902,0,-0.95106,0;
custom,cuboid,default,5.0059,0.6,0.1,1,0,0,0,0,0,127.44455,2538.99994,-7.40608,-0.45399,0,-0.89101,0;
custom,cuboid,default,5.0059,0.6,0.1,1,0,0,0,0,0,149.82008,2538.99994,-51.3205,-0.58779,0,-0.80902,0;
custom,cuboid,default,5.0059,0.6,0.1,1,0,0,0,0,0,157.53016,2538.99994,-100,-0.70711,0,-0.70711,0;
custom,cuboid,default,5.0059,0.6,0.1,1,0,0,0,0,0,149.82008,2538.99994,-148.6795,-0.80902,0,-0.58779,0;
custom,cuboid,default,5.0059,0.6,0.1,1,0,0,0,0,0,127.44457,2538.99994,-192.59392,-0.89101,0,-0.45399,0;
custom,cuboid,default,5.0059,0.6,0.1,1,0,0,0,0,0,92.59391,2538.99994,-227.44461,-0.95106,0,-0.30902,0;
custom,cuboid,default,5.0059,0.6,0.1,1,0,0,0,0,0,48.6795,2538.99994,-249.8201,-0.98769,0,-0.15643,0;
custom,cuboid,default,5.0059,0.6,0.1,1,0,0,0,0,0,0,2538.99994,-257.53014,-1,0,0,0;
custom,cuboid,default,5.0059,0.6,0.1,1,0,0,0,0,0,-48.67949,2538.99994,-249.8201,-0.98769,0,0.15643,0;
custom,cuboid,default,5.0059,0.6,0.1,1,0,0,0,0,0,-92.59391,2538.99994,-227.44461,-0.95106,0,0.30902,0;
custom,cuboid,default,5.0059,0.6,0.1,1,0,0,0,0,0,-127.44457,2538.99994,-192.59392,-0.89101,0,0.45399,0;
custom,cuboid,default,5.0059,0.6,0.1,1,0,0,0,0,0,-149.82008,2538.99994,-148.6795,-0.80902,0,0.58779,0;
custom,cuboid,default,5.0059,0.6,0.1,1,0,0,0,0,0,-157.53016,2538.99994,-100,-0.70711,0,0.70711,0;
custom,cuboid,default,5.0059,0.6,0.1,1,0,0,0,0,0,-149.82009,2538.99994,-51.3205,-0.58779,0,0.80902,0;
custom,cuboid,default,5.0059,0.6,0.1,1,0,0,0,0,0,-127.44457,2538.99994,-7.40608,-0.45399,0,0.89101,0;
custom,cuboid,default,5.0059,0.6,0.1,1,0,0,0,0,0,-92.5939,2538.99994,27.44457,-0.30902,0,0.95106,0;
custom,cuboid,default,5.0059,0.6,0.1,1,0,0,0,0,0,-48.67949,2538.99994,49.8201,-0.15643,0,0.98769,0;





custom,cuboid,default,6.25738,30.8,2,1,0,0,0,0,0,-57.95226,2394.00002,78.35896,0,-0.98769,0,-0.15643;
custom,cuboid,default,6.25738,30.8,2,1,0,0,0,0,0,-110.23182,2394.00002,51.72123,0,-0.95106,0,-0.30902;
custom,cuboid,default,6.25738,30.8,2,1,0,0,0,0,0,-151.72113,2394.00002,10.23193,0,-0.89101,0,-0.45399;
custom,cuboid,default,6.25738,30.8,2,1,0,0,0,0,0,-178.35892,2394.00002,-42.04758,0,-0.80902,0,-0.58779;
custom,cuboid,default,6.25738,30.8,2,1,0,0,0,0,0,-187.53769,2394.00002,-99.99992,0,-0.70711,0,-0.70711;
custom,cuboid,default,6.25738,30.8,2,1,0,0,0,0,0,-178.35897,2394.00002,-157.95227,0,-0.58779,0,-0.80902;
custom,cuboid,default,6.25738,30.8,2,1,0,0,0,0,0,-151.72122,2394.00002,-210.23186,0,-0.45399,0,-0.89101;
custom,cuboid,default,6.25738,30.8,2,1,0,0,0,0,0,-110.23195,2394.00002,-251.72119,0,-0.30902,0,-0.95106;
custom,cuboid,default,6.25738,30.8,2,1,0,0,0,0,0,-57.9524,2394.00002,-278.35892,0,-0.15643,0,-0.98769;
custom,cuboid,default,6.25738,30.8,2,1,0,0,0,0,0,-0.0001,2394.00002,-287.53769,0,0,0,-1;
custom,cuboid,default,6.25738,30.8,2,1,0,0,0,0,0,57.95228,2394.00002,-278.35892,0,0.15643,0,-0.98769;
custom,cuboid,default,6.25738,30.8,2,1,0,0,0,0,0,110.23186,2394.00002,-251.72119,0,0.30902,0,-0.95106;
custom,cuboid,default,6.25738,30.8,2,1,0,0,0,0,0,151.72113,2394.00002,-210.23193,0,0.45399,0,-0.89101;
custom,cuboid,default,6.25738,30.8,2,1,0,0,0,0,0,178.35892,2394.00002,-157.95242,0,0.58779,0,-0.80902;
custom,cuboid,default,6.25738,30.8,2,1,0,0,0,0,0,187.53769,2394.00002,-100.00004,0,0.70711,0,-0.70711;
custom,cuboid,default,6.25738,30.8,2,1,0,0,0,0,0,178.35897,2394.00002,-42.04773,0,0.80902,0,-0.58778;
custom,cuboid,default,6.25738,30.8,2,1,0,0,0,0,0,151.72122,2394.00002,10.23186,0,0.89101,0,-0.45399;
custom,cuboid,default,6.25738,30.8,2,1,0,0,0,0,0,110.23196,2394.00002,51.72112,0,0.95106,0,-0.30902;
custom,cuboid,default,6.25738,30.8,2,1,0,0,0,0,0,57.95237,2394.00002,78.35892,0,0.98769,0,-0.15643;
custom,cuboid,default,1.47306,30.8,2,1,0,0,0,0,0,23.92158,2393.99994,87.53769,0,0,0,-1;
custom,cuboid,default,1.47306,30.8,2,1,0,0,0,0,0,-23.9215,2394.00002,87.53769,0,0,0,-1;
custom,cuboid,default,3.31124,4.45611,2,1,0,0,0,0,0,0.00004,2525.71949,87.53769,0,0,0,-1;
custom,cuboid,default,3.31124,4.47637,2,1,0,0,0,0,0,0.00004,2262.38186,87.53769,0,0,0,-1;
custom,cuboid,default,3.31124,11.24502,2,1,0,0,0,0,0,0.00004,2394.10133,87.53769,0,0,0,-1;




custom,cuboid,cannonregionmat,3.41125,0.1,2.1,1,1,1,1,0,0,0,2450.32623,88.03772,0,0,0,1;
custom,cuboid,cannonregionmat,3.41125,0.1,2.1,1,1,1,1,0,0,0,2503.43887,88.03772,0,0,0,1;
custom,cuboid,cannonregionmat,0.1,5.41126,2.1,1,1,1,1,0,0,-16.55625,2476.88255,88.03772,0,0,0,1;
custom,cuboid,cannonregionmat,0.1,5.41126,2.1,1,1,1,1,0,0,16.55625,2476.88255,88.03772,0,0,0,1;
custom,cuboid,cannonregionmat,3.41125,0.1,2.1,1,1,1,1,0,0,0,2284.76324,88.03772,0,0,0,1;
custom,cuboid,cannonregionmat,3.41125,0.1,2.1,1,1,1,1,0,0,0,2337.87586,88.03772,0,0,0,1;
custom,cuboid,cannonregionmat,0.1,5.41126,2.1,1,1,1,1,0,0,-16.55625,2311.31954,88.03772,0,0,0,1;
custom,cuboid,cannonregionmat,0.1,5.41126,2.1,1,1,1,1,0,0,16.55625,2311.31954,88.03772,0,0,0,1;








custom,cuboid,arena2tex,6,1,4,1,1,0,0.75,1,20,0,2342.87624,117.53769,0,0,0,1;
custom,cuboid,arena2tex,6,1,10,1,1,0,0.75,1,50,0,2342.87624,187.53769,0,0,0,1;
custom,prism,arena2tex,14.142,1,8.16493,1,1,0,0.75,1,70,55.81146,2343.07621,165.13992,0,0.38268,0,0.92388;
custom,prism,arena2tex,14.142,1,8.16493,1,1,0,0.75,1,70,-57.60125,2343.07621,163.35011,0,-0.38268,0,0.92388;
custom,prism,arena2tex,8,1,4.61882,1,1,0,0.75,1,40,-90.71497,2343.07621,118.9039,0,0,0,1;
custom,prism,arena2tex,8,1,4.61882,1,1,0,0.75,1,40,89.28313,2343.07624,118.90387,0,0,0,1;
custom,cuboid,arena2tex,5.65686,1,62.264,1,1,0,0.75,1,310,-298.8751,2187.88605,-71.33743,-0.23912,0.36964,0.09905,0.8924;
custom,cuboid,arena2tex,8.00001,1,10,1,1,0,0.75,1,50,-507.75101,2032.89592,-330.21355,0,0,0,1;
custom,cuboid,arena2tex,5.65686,1,62.26399,1,1,0,0.75,1,310,298.87508,2187.88607,-71.33747,-0.23912,-0.36964,-0.09905,0.8924;
custom,cuboid,arena2tex,8.00001,1,10,1,1,0,0.75,1,50,507.75105,2032.89598,-330.21339,0,0,0,1;
custom,prism,arena2tex,8,1,4.61882,1,1,0,0.75,1,23,-507.03509,2033.09593,-261.57885,0,-1,0,0;
custom,prism,arena2tex,8,1,4.61882,1,1,0,0.75,1,23,508.467,2033.09598,-261.57869,0,-1,0,0;
custom,cuboid,arena2tex,8.00001,1,60,1,1,0,0.75,1,300,-507.75101,2032.89592,-680.21347,0,0,0,1;
custom,cuboid,arena2tex,8.00001,1,60,1,1,0,0.75,1,300,507.75105,2032.89592,-680.21347,0,0,0,1;
custom,cuboid,arena2tex,8.00001,1,8,1,1,0,0.75,1,40,-507.75101,2032.89589,-1020.21347,0,0,0,1;
custom,cuboid,arena2tex,93.5502,1,8,1,1,0,0.75,470,1,0,2032.89587,-1020.21347,0,0,0,1;
custom,cuboid,arena2tex,8.00001,1,8,1,1,0,0.75,1,40,507.75101,2032.89589,-1020.21347,0,0,0,1;



custom,cuboid,default,6,1,4,1,0,0,0,0,0,0,2279.7637,117.53769,0,0,0,1;
custom,cuboid,default,6,1,10,1,0,0,0,0,0,0,2279.7637,187.53769,0,0,0,1;
custom,prism,default,14.142,1,8.16493,1,0,0,0,0,0,55.81146,2279.9637,165.13992,0,0.38268,0,0.92388;
custom,prism,default,14.142,1,8.16493,1,0,0,0,0,0,-57.60125,2279.9637,163.35011,0,-0.38268,0,0.92388;
custom,prism,default,8,1,4.61882,1,0,0,0,0,0,-90.71497,2279.9637,118.9039,0,0,0,1;
custom,prism,default,8,1,4.61882,1,0,0,0,0,0,89.28313,2279.96374,118.90387,0,0,0,1;
custom,cuboid,default,5.65686,1,62.264,1,0,0,0,0,0,-298.8751,2124.77353,-71.33743,-0.23912,0.36964,0.09905,0.8924;
custom,cuboid,default,8.00001,1,10,1,0,0,0,0,0,-507.75101,1969.7834,-330.21347,0,0,0,1;
custom,cuboid,default,5.65686,1,62.26399,1,0,0,0,0,0,298.87508,2124.77354,-71.33747,-0.23912,-0.36964,-0.09905,0.8924;
custom,cuboid,default,8.00001,1,10,1,0,0,0,0,0,507.75105,1969.78346,-330.21332,0,0,0,1;
custom,prism,default,8,1,4.61882,1,0,0,0,0,0,-507.03516,1969.98341,-261.57877,0,-1,0,0;
custom,prism,default,8,1,4.61882,1,0,0,0,0,0,508.46693,1969.98347,-261.57862,0,-1,0,0;
custom,cuboid,default,8.00001,1,60,1,0,0,0,0,0,-507.75101,1969.7834,-680.21347,0,0,0,1;
custom,cuboid,default,8.00001,1,60,1,0,0,0,0,0,507.75105,1969.7834,-680.21347,0,0,0,1;
custom,cuboid,default,8.00001,1,8,1,0,0,0,0,0,-507.75101,1969.78333,-1020.21347,0,0,0,1;
custom,cuboid,default,93.5502,1,8,1,0,0,0,0,0,0,1969.7834,-1020.21347,0,0,0,1;
custom,cuboid,default,8.00001,1,8,1,0,0,0,0,0,507.75101,1969.78333,-1020.21347,0,0,0,1;

custom,cuboid,bombtex,6,1.05,4,1,1,0,0.25,30,20,0,2279.7637,117.53769,0,0,0,1;
custom,cuboid,bombtex,6,1.05,10,1,1,0,0.25,30,50,0,2279.7637,187.53769,0,0,0,1;
custom,prism,bombtex,14.142,1.05,8.16493,1,1,0,0.25,71,41,55.81146,2279.9737,165.13992,0,0.38268,0,0.92388;
custom,prism,bombtex,14.142,1.05,8.16493,1,1,0,0.25,71,41,-57.60125,2279.9737,163.35011,0,-0.38268,0,0.92388;
custom,prism,bombtex,8,1.05,4.61882,1,1,0,0.25,40,23,-90.71497,2279.9737,118.9039,0,0,0,1;
custom,prism,bombtex,8,1.05,4.61882,1,1,0,0.25,40,23,89.28313,2279.97374,118.90387,0,0,0,1;
custom,cuboid,bombtex,5.65686,1.05,62.264,1,1,0,0.25,28,311,-298.8751,2124.77353,-71.33743,-0.23912,0.36964,0.09905,0.8924;
custom,cuboid,bombtex,8.00001,1.05,10,1,1,0,0.25,40,50,-507.75101,1969.7834,-330.21347,0,0,0,1;
custom,cuboid,bombtex,5.65686,1.05,62.26399,1,1,0,0.25,28,311,298.87508,2124.77354,-71.33747,-0.23912,-0.36964,-0.09905,0.8924;
custom,cuboid,bombtex,8.00001,1.05,10,1,1,0,0.25,40,50,507.75105,1969.78346,-330.21332,0,0,0,1;
custom,prism,bombtex,8,1.05,4.61882,1,1,0,0.25,40,23,-507.03516,1969.99341,-261.57877,0,-1,0,0;
custom,prism,bombtex,8,1.05,4.61882,1,1,0,0.25,40,23,508.46693,1969.99347,-261.57862,0,-1,0,0;
custom,cuboid,bombtex,8.00001,1.05,60,1,1,0,0.25,40,300,-507.75101,1969.7834,-680.21347,0,0,0,1;
custom,cuboid,bombtex,8.00001,1.05,60,1,1,0,0.25,40,300,507.75105,1969.7834,-680.21347,0,0,0,1;
custom,cuboid,bombtex,8.00001,1.05,8,1,1,0,0.25,40,40,-507.75101,1969.78333,-1020.21347,0,0,0,1;
custom,cuboid,bombtex,93.5502,1.05,8,1,1,0,0.25,468,40,0,1969.7834,-1020.21347,0,0,0,1;
custom,cuboid,bombtex,8.00001,1.05,8,1,1,0,0.25,40,40,507.75101,1969.78333,-1020.21347,0,0,0,1;





custom,cuboid,metal4,1,7.31125,4,1,1,1,1,0.05,0.05,-35,2311.31996,117.53769,0,0,0,1;
custom,cuboid,metal4,1,7.31125,4,1,1,1,1,0.05,0.05,35,2311.31996,117.53769,0,0,0,1;
custom,cuboid,metal4,7.41421,7.31126,0.7071,1,1,1,1,0.05,0.05,0,2311.31996,241.07319,0,0,0,1;
custom,cuboid,metal4,14.142,7.31126,1,1,1,1,1,0.1,0.05,-83.53506,2311.31998,191.07363,0,-0.38268,0,0.92388;
custom,cuboid,metal4,6.36383,7.31126,1,1,1,1,1,0.05,0.05,-63.96399,2311.31992,116.50261,0,-0.38268,0,0.92388;
custom,cuboid,metal4,14.142,7.31126,1,1,1,1,1,0.1,0.05,83.53504,2311.31998,191.07363,0,0.38268,0,0.92388;
custom,cuboid,metal4,6.36383,7.31126,1,1,1,1,1,0.05,0.05,63.96397,2311.31996,116.50257,0,0.38268,0,0.92388;



custom,cuboid,medievalartilleryassets_texture-psd,59.1084,6.46571,1,1,1,1,1,0,1.5,-322.41058,2156.32985,-47.80186,-0.09905,-0.36964,0.23912,0.8924;
custom,cuboid,medievalartilleryassets_texture-psd,59.1084,6.46571,1,1,1,1,1,0,1.5,-275.33955,2156.32984,-94.87301,-0.09905,-0.36964,0.23912,0.8924;
custom,cuboid,medievalartilleryassets_texture-psd,5.65685,7.31126,1,1,1,1,1,0,1.5,-531.28662,2001.33969,-256.67793,0,-0.38268,0,0.92388;
custom,cuboid,medievalartilleryassets_texture-psd,0.70711,7.31126,10.70712,1,1,1,1,0,1.5,-551.28654,2001.33962,-326.67793,0,0,0,1;
custom,cuboid,medievalartilleryassets_texture-psd,1,7.31126,10,1,1,1,1,0,1.5,-462.75093,2001.33962,-330.21347,0,0,0,1;
custom,cuboid,medievalartilleryassets_texture-psd,59.1084,6.46571,1,1,1,1,1,0,1.5,275.33951,2156.32986,-94.87301,-0.23912,-0.8924,0.09905,0.36964;
custom,cuboid,medievalartilleryassets_texture-psd,59.1084,6.46571,1,1,1,1,1,0,1.5,322.41062,2156.32982,-47.80193,-0.23912,-0.8924,0.09905,0.36964;
custom,cuboid,medievalartilleryassets_texture-psd,5.65685,7.31126,1,1,1,1,1,0,1.5,531.28662,2001.3397,-256.67786,0,-0.92388,0,0.38268;
custom,cuboid,medievalartilleryassets_texture-psd,1,7.31126,10,1,1,1,1,0,1.5,462.75101,2001.33968,-330.21339,0,0,0,1;
custom,cuboid,medievalartilleryassets_texture-psd,0.70711,7.31126,10.70712,1,1,1,1,0,1.5,551.28662,2001.33968,-326.67778,0,0,0,1;
custom,prism,medievalartilleryassets_texture-psd,6.31124,1,7.46599,1,1,1,1,0,1.5,-142.41355,2305.7297,131.91232,0.70106,0.43046,0.0923,-0.56099;
custom,prism,medievalartilleryassets_texture-psd,6.31124,1,7.46599,1,1,1,1,0,1.5,-95.34249,2305.7297,84.84124,0.70106,0.43046,0.0923,-0.56099;
custom,prism,medievalartilleryassets_texture-psd,6.31124,1,7.46599,1,1,1,1,0,1.5,-502.12484,2006.93,-227.79896,0.0923,0.56099,-0.70106,0.43046;
custom,prism,medievalartilleryassets_texture-psd,6.31124,1,7.46599,1,1,1,1,0,1.5,-455.05377,2006.93,-274.87011,0.0923,0.56099,-0.70106,0.43046;
custom,prism,medievalartilleryassets_texture-psd,6.31124,1,7.46599,1,1,1,1,0,1.5,95.62534,2305.72968,85.12405,0.43046,0.70106,0.56099,-0.0923;
custom,prism,medievalartilleryassets_texture-psd,6.31124,1,7.46599,1,1,1,1,0,1.5,142.69637,2305.72968,132.19513,0.43046,0.70106,0.56099,-0.0923;
custom,prism,medievalartilleryassets_texture-psd,6.31124,1,7.46599,1,1,1,1,0,1.5,455.33661,2006.93,-274.5871,0.56099,0.0923,-0.43046,0.70106;
custom,prism,medievalartilleryassets_texture-psd,6.31124,1,7.46599,1,1,1,1,0,1.5,502.40768,2006.93,-227.51603,0.56099,0.0923,-0.43046,0.70106;
custom,prism,medievalartilleryassets_texture-psd,1,7.31126,2.30941,1,1,1,1,0,1.5,-552.66156,2002.80189,-370.89612,0,-1,0,0;
custom,prism,medievalartilleryassets_texture-psd,1,7.31126,2.30941,1,1,1,1,0,1.5,552.84061,2002.80189,-370.89612,0,-1,0,0;




custom,cuboid,medievalartilleryassets_texture-psd,1,7.31126,59,1,1,1,1,8,1,-462.75093,2001.33962,-675.21347,0,0,0,1;
custom,cuboid,medievalartilleryassets_texture-psd,1,7.31126,60.00001,1,1,1,1,8,1,-552.75105,2001.33962,-680.21347,0,0,0,1;
custom,cuboid,medievalartilleryassets_texture-psd,1,7.31126,60.00001,1,1,1,1,8,1,552.75112,2001.33962,-680.21347,0,0,0,1;
custom,cuboid,medievalartilleryassets_texture-psd,1,7.31126,59,1,1,1,1,8,1,462.75101,2001.33962,-675.21347,0,0,0,1;
custom,cuboid,medievalartilleryassets_texture-psd,1,7.31126,8,1,1,1,1,1,1,-552.75105,2001.33958,-1020.21347,0,0,0,1;
custom,cuboid,medievalartilleryassets_texture-psd,52.51195,7.31126,1,1,1,1,1,7,1,-295.19131,2001.33956,-1065.21347,0,0,0,1;
custom,cuboid,medievalartilleryassets_texture-psd,91.55019,7.31126,1,1,1,1,1,13,1,0.00008,2001.33958,-975.21347,0,0,0,1;
custom,cuboid,medievalartilleryassets_texture-psd,1,7.31126,8,1,1,1,1,1,1,552.75112,2001.33958,-1020.21347,0,0,0,1;
custom,cuboid,medievalartilleryassets_texture-psd,52.51195,7.31126,1,1,1,1,1,7,1,295.19138,2001.33956,-1065.21347,0,0,0,1;





racing,checkpointcuboid,6,5.31125,1,0,2311.31994,127.53769,0,0,0,1;
custom,cuboid,default,6,0.1,2,1,0,0,0,0,0,0,2285.26369,127.53769,0,0,0,1;
custom,cuboid,default,6,0.1,2,1,0,0,0,0,0,0,2337.37621,127.53769,0,0,0,1;
custom,cuboid,default,0.1,5.31125,2,1,0,0,0,0,0,-29.49999,2311.31994,127.5386,0,0,0,1;
custom,cuboid,default,0.1,5.31125,2,1,0,0,0,0,0,29.5,2311.31994,127.5386,0,0,0,1;




custom,cuboid,ice1,1.5,7.31126,0.5,1,1,1,1,0,0,-37.49999,2311.31994,140.03769,0,0,0,1;
custom,cuboid,ice1,1.5,7.31126,0.5,1,1,1,1,0,0,37.49996,2311.31994,140.03769,0,0,0,1;
custom,cuboid,ice1,1.3,5.31126,1.5,1,1,1,1,0,0,-465.25101,2001.33963,-287.71347,0,0,0,1;
custom,cuboid,ice1,1.3,5.31126,1.5,1,1,1,1,0,0,465.25101,2001.33963,-287.71347,0,0,0,1;
custom,cuboid,ice1,1,7.31126,1,1,1,1,1,0,0,-462.75093,2001.33957,-975.21347,0,0,0,1;
custom,cuboid,ice1,1,7.31126,1,1,1,1,1,0,0,462.75101,2001.33957,-975.21347,0,0,0,1;
custom,cuboid,ice1,1,4.52631,1,1,1,1,1,0,0,-27.63157,2000.00002,-1065.21332,0,0,0,1;
custom,cuboid,ice1,1,4.52631,1,1,1,1,1,0,0,27.63165,2000.00002,-1065.21332,0,0,0,1;

custom,cuboid,empty,1,1,11.17656,1,0,0,0,0,0,27.6316,1972.36846,-1116.09619,0,0,0,1;
custom,cuboid,empty,1,1,11.17656,1,0,0,0,0,0,27.6316,2027.63154,-1116.09619,0,0,0,1;
custom,cuboid,empty,1,1,11.17656,1,0,0,0,0,0,-27.6316,1972.36846,-1116.09619,0,0,0,1;
custom,cuboid,empty,1,1,11.17656,1,0,0,0,0,0,-27.6316,2027.63154,-1116.09619,0,0,0,1;
custom,cuboid,metal4,4.52632,1,11.17656,1,1,1,1,0.05,0.05,0.00004,1972.36846,-1116.09619,0,0,0,1;
custom,cuboid,metal2,4.52632,1,11.17656,1,1,1,1,0.652,1.11,0.00004,2027.63154,-1116.09619,0,0,0,1;



custom,cuboid,bombtex,1,4.57631,10.17656,1,1,1,0.7,99999,99999,-27.63157,2000,-1121.09619,0,0,0,1;
custom,cuboid,bombtex,1,4.57631,10.17656,1,1,1,0.7,99999,99999,27.63165,2000,-1121.09619,0,0,0,1;
custom,cuboid,metal2,6.52632,1,1,1,0,0,0,0,0,0.00004,2032.89585,-1065.21347,0,0,0,1;
custom,cuboid,metal4,6.52632,1,1,1,0,0,0,0,0,0.00004,1969.78328,-1065.21347,0,0,0,1;







custom,cuboid,OutsidePillars,6.78961,6.78961,1,1,1,0,1,0.35,1,65.44524,2000,-1185.59509,0,0.13053,0,0.99144;
custom,cuboid,OutsidePillars,6.78961,6.78961,1,1,0.95,0,1,0.35,1,126.43049,2000,-1210.85602,0,0.25882,0,0.96593;
custom,cuboid,OutsidePillars,6.78961,6.78961,1,1,0.9,0,1,0.35,1,178.79972,2000,-1251.04034,0,0.38268,0,0.92388;
custom,cuboid,OutsidePillars,6.78961,6.78961,1,1,0.85,0,1,0.35,1,172.70727,2065.44524,-1257.13287,-0.12059,0.37941,0.04995,0.91598;
custom,cuboid,OutsidePillars,6.78961,6.78961,1,1,0.8,0,1,0.35,1,154.8451,2126.43049,-1274.99496,-0.23912,0.36964,0.09905,0.8924;
custom,cuboid,OutsidePillars,6.78961,6.78961,1,1,0.75,0,1,0.35,1,126.43049,2178.79972,-1303.40958,-0.35355,0.35355,0.14645,0.85355;
custom,cuboid,OutsidePillars,6.78961,6.78961,1,1,0.7,0,1,0.35,1,89.39985,2218.98405,-1340.44022,-0.46194,0.33141,0.19134,0.8001;
custom,cuboid,OutsidePillars,6.78961,6.78961,1,1,0.65,0,1,0.35,1,40.07685,2211.52235,-1297.20963,-0.43301,0.22414,0.25,0.83652;
custom,cuboid,OutsidePillars,6.78961,6.78961,1,1,0.6,0,1,0.35,1,-11.97732,2189.64573,-1263.01773,-0.39668,0.11304,0.30438,0.85862;
custom,cuboid,OutsidePillars,6.78961,6.78961,1,1,0.55,0,1,0.35,1,-63.21526,2154.84509,-1240.1944,-0.35355,0,0.35355,0.86603;
custom,cuboid,OutsidePillars,6.78961,6.78961,1,1,0.5,0,1,0.35,1,-101.13811,2182.29147,-1286.73325,-0.46357,-0.04615,0.35053,0.81247;
custom,cuboid,OutsidePillars,6.78961,6.78961,1,1,0.45,0,1,0.35,1,-132.16856,2197.31501,-1343.0246,-0.56565,-0.09151,0.34151,0.74501;
custom,cuboid,OutsidePillars,6.78961,6.78961,1,1,0.4,0,1,0.35,1,-154.19194,2198.89183,-1405.23239,-0.65805,-0.1353,0.32664,0.6648;
custom,cuboid,OutsidePillars,6.78961,6.78961,1,1,0.35,0,1,0.35,1,-99.85406,2232.1916,-1422.4321,-0.69506,-0.04737,0.23795,0.67678;
custom,cuboid,OutsidePillars,6.78961,6.78961,1,1,0.3,0,1,0.35,1,-38.71129,2249.66791,-1440.13672,-0.72017,0.04138,0.14519,0.67717;
custom,cuboid,OutsidePillars,6.78961,6.78961,1,1,0.25,0,1,0.35,1,25.06959,2250.12976,-1457.13974,-0.73296,0.12941,0.04995,0.66598;
custom,cuboid,OutsidePillars,6.78961,6.78961,1,1,0.2,0,1,0.35,1,87.14202,2233.54567,-1472.28226,-0.73321,0.21523,-0.04615,0.64339;
custom,cuboid,OutsidePillars,6.78961,6.78961,1,1,0.15,0,1,0.35,1,143.27585,2201.04582,-1484.53232,-0.72092,0.29737,-0.14146,0.60979;
custom,cuboid,OutsidePillars,6.78961,6.78961,1,1,0.1,0,1,0.35,1,189.64567,2154.84503,-1493.05527,-0.69628,0.37442,-0.23434,0.56576;
custom,cuboid,OutsidePillars,6.78961,6.78961,1,1,0.05,0,1,0.35,1,223.09145,2098.09181,-1497.2702,-0.65974,0.44506,-0.32322,0.51205;
custom,cuboid,OutsidePillars,6.78961,6.78961,1,1,0,0,1,0.35,1,232.25922,2099.94966,-1431.92642,-0.58726,0.39906,-0.37855,0.59378;
custom,cuboid,OutsidePillars,6.78961,6.78961,1,1,0,0.05,1,0.35,1,225.59889,2094.99609,-1366.44043,-0.50473,0.34624,-0.4274,0.66535;
custom,cuboid,OutsidePillars,6.78961,6.78961,1,1,0,0.1,1,0.35,1,243.75589,2031.66358,-1370.51804,-0.44463,0.43012,-0.48962,0.61447;
custom,cuboid,OutsidePillars,6.78961,6.78961,1,1,0,0.15,1,0.35,1,245.30134,1966.17324,-1378.63846,-0.37691,0.50665,-0.54347,0.55307;
custom,cuboid,OutsidePillars,6.78961,6.78961,1,1,0,0.2,1,0.35,1,230.12991,1902.98815,-1390.24796,-0.30275,0.5745,-0.58802,0.48221;
custom,cuboid,OutsidePillars,6.78961,6.78961,1,1,0,0.25,1,0.35,1,199.27551,1846.41425,-1404.55582,-0.22341,0.63253,-0.62251,0.40309;
custom,cuboid,OutsidePillars,6.78961,6.78961,1,1,0,0.3,1,0.35,1,154.84081,1800.30697,-1420.58655,-0.14025,0.67973,-0.64634,0.31708;
custom,cuboid,OutsidePillars,6.78961,6.78961,1,1,0,0.35,1,0.35,1,163.91214,1815.30182,-1484.2276,-0.18043,0.75828,-0.55209,0.29606;
custom,cuboid,OutsidePillars,6.78961,6.78961,1,1,0,0.4,1,0.35,1,161.81313,1842.88355,-1544.16214,-0.21753,0.82385,-0.44839,0.26998;
custom,cuboid,OutsidePillars,6.78961,6.78961,1,1,0,0.45,1,0.35,1,206.01025,1887.54005,-1523.92059,-0.2742,0.78157,-0.41616,0.37521;
custom,cuboid,OutsidePillars,6.78961,6.78961,1,1,0,0.5,1,0.35,1,236.1681,1939.86053,-1497.26761,-0.32617,0.72591,-0.37681,0.47401;
custom,cuboid,OutsidePillars,6.78961,6.78961,1,1,0,0.55,1,0.35,1,220.50821,1974.84506,-1551.00922,-0.38525,0.76888,-0.27884,0.42738;
custom,cuboid,OutsidePillars,6.78961,6.78961,1,1,0,0.6,1,0.35,1,189.82105,2011.54387,-1596.49338,-0.43774,0.7987,-0.17609,0.37344;
custom,cuboid,OutsidePillars,6.78961,6.78961,1,1,0,0.65,1,0.35,1,161.24243,1956.78085,-1619.76532,-0.41101,0.84061,-0.23172,0.26599;
custom,cuboid,OutsidePillars,6.78961,6.78961,1,1,0,0.7,1,0.35,1,121.67541,1904.96315,-1630.09415,-0.37725,0.86813,-0.28339,0.154;
custom,cuboid,OutsidePillars,6.78961,6.78961,1,1,0,0.75,1,0.35,1,73.81639,1859.62206,-1626.77597,-0.33703,0.88081,-0.3302,0.03936;
custom,cuboid,OutsidePillars,6.78961,6.78961,1,1,0,0.8,1,0.35,1,20.92692,1823.8475,-1610.03708,-0.29105,0.87841,-0.37137,-0.07594;
custom,cuboid,OutsidePillars,6.78961,6.78961,1,1,0,0.85,1,0.35,1,-33.38868,1800.07744,-1581.01791,-0.24009,0.86098,-0.40618,-0.18995;
custom,cuboid,OutsidePillars,6.78961,6.78961,1,1,0,0.9,1,0.35,1,4.90417,1770.5842,-1536.0611,-0.26283,0.8006,-0.51509,-0.15698;
custom,cuboid,OutsidePillars,6.78961,6.78961,1,1,0,0.95,1,0.35,1,42.86283,1756.72527,-1483.86551,-0.28107,0.72652,-0.61518,-0.12134;
custom,cuboid,OutsidePillars,6.78961,6.78961,1,1,0,1,1,0.35,1,-11.77557,1748.05677,-1447.85431,-0.19837,0.70447,-0.64661,-0.21513;
custom,cuboid,OutsidePillars,6.78961,6.78961,1,1,0.05,1,1,0.35,1,-65.61147,1756.55779,-1410.61539,-0.11227,0.67036,-0.66697,-0.30524;
custom,cuboid,OutsidePillars,6.78961,6.78961,1,1,0.1,1,1,0.35,1,-26.87764,1759.28331,-1357.23404,-0.15115,0.57757,-0.74876,-0.28797;
custom,cuboid,OutsidePillars,6.78961,6.78961,1,1,0.15,1,1,0.35,1,13.68786,1778.4133,-1308.80066,-0.18745,0.47489,-0.81774,-0.26578;
custom,cuboid,OutsidePillars,6.78961,6.78961,1,1,0.2,1,1,0.35,1,53.32058,1812.64404,-1268.61603,-0.22053,0.36409,-0.87273,-0.23904;
custom,cuboid,OutsidePillars,6.78961,6.78961,1,1,0.25,1,1,0.35,1,-0.09648,1835.82417,-1237.52563,-0.10473,0.32978,-0.89405,-0.28452;
custom,cuboid,OutsidePillars,6.78961,6.78961,1,1,0.3,1,1,0.35,1,-53.50696,1870.1926,-1219.54132,0.01286,0.28982,-0.90007,-0.32513;
custom,cuboid,OutsidePillars,6.78961,6.78961,1,1,0.35,1,1,0.35,1,-89.49963,1834.00095,-1261.39816,0.05519,0.40482,-0.85454,-0.32067;
custom,cuboid,OutsidePillars,6.78961,6.78961,1,1,0.4,1,1,0.35,1,-119.39305,1809.12188,-1314.73404,0.09657,0.5129,-0.79439,-0.31072;
custom,cuboid,OutsidePillars,6.78961,6.78961,1,1,0.45,1,1,0.35,1,-166.9121,1854.41741,-1307.83752,0.19943,0.46795,-0.77499,-0.37501;
custom,cuboid,OutsidePillars,6.78961,6.78961,1,1,0.5,1,1,0.35,1,-203.05635,1909.63415,-1309.25537,0.29888,0.415,-0.74233,-0.43288;
custom,cuboid,OutsidePillars,6.78961,6.78961,1,1,0.55,1,1,0.35,1,-170.31218,1931.08838,-1256.10611,0.23982,0.31456,-0.79015,-0.46819;
custom,cuboid,OutsidePillars,6.78961,6.78961,1,1,0.6,1,1,0.35,1,-125.9615,1957.23882,-1214.79645,0.17666,0.20873,-0.82445,-0.49549;
custom,cuboid,OutsidePillars,6.78961,6.78961,1,1,0.65,1,1,0.35,1,-150.89477,2016.99176,-1227.65045,0.28276,0.14227,-0.79433,-0.5185;
custom,cuboid,OutsidePillars,6.78961,6.78961,1,1,0.7,1,1,0.35,1,-165.54482,2075.58673,-1254.28345,0.38402,0.07338,-0.75063,-0.53263;
custom,cuboid,OutsidePillars,6.78961,6.78961,1,1,0.75,1,1,0.35,1,-208.54671,2045.40366,-1294.24759,0.45026,0.17073,-0.73463,-0.47795;
custom,cuboid,OutsidePillars,6.78961,6.78961,1,1,0.8,1,1,0.35,1,-237.3365,2012.12641,-1343.452,0.50879,0.26515,-0.70606,-0.41509;
custom,cuboid,OutsidePillars,6.78961,6.78961,1,1,0.85,1,1,0.35,1,-249.95218,1978.02276,-1398.5437,0.55862,0.35505,-0.66541,-0.34513;
custom,cuboid,OutsidePillars,6.78961,6.78961,1,1,0.9,1,1,0.35,1,-250.44449,2034.79103,-1432.22504,0.6407,0.30696,-0.5868,-0.38852;
custom,cuboid,OutsidePillars,6.78961,6.78961,1,1,0.95,1,1,0.35,1,-233.86942,2089.18832,-1465.74371,0.71181,0.25362,-0.49816,-0.42526;
custom,cuboid,OutsidePillars,6.78961,6.78961,1,1,1,1,1,0.35,1,-201.35654,2137.50756,-1496.8158,0.77074,0.19595,-0.40099,-0.45473;
custom,cuboid,OutsidePillars,6.78961,6.78961,1,1,1,1,0.95,0.35,1,-155.12157,2176.45586,-1523.32352,0.81649,0.13492,-0.29695,-0.47641;
custom,cuboid,OutsidePillars,6.78961,6.78961,1,1,1,1,0.9,0.35,1,-98.31532,2203.37898,-1543.46054,0.84826,0.07158,-0.18784,-0.48995;
custom,cuboid,OutsidePillars,6.78961,6.78961,1,1,1,1,0.85,0.35,1,-99.06416,2163.09414,-1595.74707,0.90495,0.09548,-0.17689,-0.37503;
custom,cuboid,OutsidePillars,6.78961,6.78961,1,1,1,1,0.8,0.35,1,-93.06192,2111.69471,-1636.72729,0.94616,0.11775,-0.16291,-0.25371;
custom,cuboid,OutsidePillars,6.78961,6.78961,1,1,1,1,0.75,0.35,1,-29.73465,2127.88193,-1645.9433,0.95933,0.08363,-0.03802,-0.26691;
custom,cuboid,OutsidePillars,6.78961,6.78961,1,1,1,1,0.7,0.35,1,35.61898,2135.35417,-1640.43228,0.95609,0.04808,0.08752,-0.27554;
custom,cuboid,OutsidePillars,6.78961,6.78961,1,1,1,1,0.65,0.35,1,43.57845,2075.53674,-1667.18719,0.98387,0.03624,0.09305,-0.14839;
custom,cuboid,OutsidePillars,6.78961,6.78961,1,1,1,1,0.6,0.35,1,48.56812,2010.57161,-1677.76733,0.99483,0.02379,0.09698,-0.0187;
custom,cuboid,OutsidePillars,6.78961,6.78961,1,1,1,1,0.55,0.35,1,-17.22677,2007.35122,-1682.00607,0.99897,0.02602,-0.0337,-0.01543;
custom,cuboid,OutsidePillars,6.78961,6.78961,1,1,1,1,0.5,0.35,1,-81.84768,2003.62979,-1669.06036,0.98603,0.02782,-0.1638,-0.0119;
custom,cuboid,OutsidePillars,6.78961,6.78961,1,1,1,1,0.45,0.35,1,-140.89078,1999.66093,-1639.81201,0.95621,0.02913,-0.2911,-0.00817;
custom,cuboid,OutsidePillars,6.78961,6.78961,1,1,1,1,0.4,0.35,1,-190.33241,1995.71512,-1596.25443,0.91004,0.02995,-0.41342,-0.0043;
custom,cuboid,OutsidePillars,6.78961,6.78962,1,1,1,1,0.35,0.35,1,-180.51203,1930.53578,-1592.71637,0.90281,0.08365,-0.40598,0.11452;
custom,cuboid,OutsidePillars,6.78961,6.78961,1,1,1,1,0.3,0.35,1,-158.39003,1870.09031,-1578.07846,0.88014,0.13593,-0.39158,0.23138;
custom,cuboid,OutsidePillars,6.78961,6.78961,1,1,1,1,0.25,0.35,1,-195.94921,1870.71701,-1523.79929,0.8215,0.10457,-0.50312,0.24715;
custom,cuboid,OutsidePillars,6.78961,6.78961,1,1,1,1,0.2,0.35,1,-220.15476,1880.15408,-1463.11707,0.7488,0.07141,-0.60604,0.25868;





base,levelbottom,default,0.005221,1.0877183,0.001,1,1,1,1,0.5221,0.65263,0,2000,-1236.55136,0,0,0,1;
base,levelbottom,default,0.005221,1.0877183,0.001,1,1,1,1,0.5221,0.65263,50.02682,2000,-1243.13751,0,0.13053,0,0.99144;
base,levelbottom,default,0.005221,1.0877183,0.001,1,1,1,1,0.5221,0.65263,96.64439,2000,-1262.44705,0,0.25882,0,0.96593;
base,levelbottom,default,0.005221,0.978945,0.001,1,1,1,1,0.5221,0.58737,136.67582,1996.73683,-1293.16422,0,0.38268,0,0.92388;
base,levelbottom,default,0.005221,0.8701733,0.001,1,1,1,1,0.5221,0.5221,132.0187,2050.02682,-1297.82135,-0.12059,0.37941,0.04995,0.91598;
base,levelbottom,default,0.005221,0.8701733,0.001,1,1,1,1,0.5221,0.5221,118.36473,2096.6444,-1311.47537,-0.23912,0.36964,0.09905,0.8924;
base,levelbottom,default,0.005221,0.8701733,0.001,1,1,1,1,0.5221,0.5221,96.6444,2136.67583,-1333.19565,-0.35355,0.35355,0.14645,0.85355;
base,levelbottom,default,0.005221,0.978945,0.001,1,1,1,1,0.5221,0.58737,66.33964,2169.0246,-1363.50052,-0.46194,0.33141,0.19134,0.8001;
base,levelbottom,default,0.005221,1.0877183,0.001,1,1,1,1,0.5221,0.65263,30.63505,2161.68922,-1328.45642,-0.43301,0.22414,0.25,0.83652;
base,levelbottom,default,0.005221,1.0877183,0.001,1,1,1,1,0.5221,0.65263,-9.15555,2144.96658,-1302.31979,-0.39668,0.11304,0.30438,0.85862;
base,levelbottom,default,0.005221,0.978945,0.001,1,1,1,1,0.5221,0.58737,-46.32392,2116.73312,-1282.87521,-0.35355,0,0.35355,0.86603;
base,levelbottom,default,0.005221,0.8701733,0.001,1,1,1,1,0.5221,0.5221,-77.3107,2139.34493,-1320.44815,-0.46357,-0.04615,0.35053,0.81247;
base,levelbottom,default,0.005221,0.8701733,0.001,1,1,1,1,0.5221,0.5221,-101.03061,2150.82903,-1363.47763,-0.56565,-0.09151,0.34151,0.74501;
base,levelbottom,default,0.005221,0.978945,0.001,1,1,1,1,0.5221,0.58737,-118.70159,2151.77508,-1414.17328,-0.65805,-0.1353,0.32664,0.6648;
base,levelbottom,default,0.005221,1.0877183,0.001,1,1,1,1,0.5221,0.65263,-76.32917,2177.48898,-1424.1774,-0.69506,-0.04737,0.23795,0.67678;
base,levelbottom,default,0.005221,1.0877183,0.001,1,1,1,1,0.5221,0.65263,-29.59119,2190.84799,-1437.71088,-0.72017,0.04138,0.14519,0.67717;
base,levelbottom,default,0.005221,1.0877183,0.001,1,1,1,1,0.5221,0.65263,19.16337,2191.20102,-1450.70816,-0.73296,0.12941,0.04995,0.66598;
base,levelbottom,default,0.005221,1.0877183,0.001,1,1,1,1,0.5221,0.65263,66.612,2178.52404,-1462.28317,-0.73321,0.21523,-0.04615,0.64339;
base,levelbottom,default,0.005221,1.0877183,0.001,1,1,1,1,0.5221,0.65263,109.52112,2153.68093,-1471.64719,-0.72092,0.29737,-0.14146,0.60979;
base,levelbottom,default,0.005221,1.0877183,0.001,1,1,1,1,0.5221,0.65263,144.96656,2118.36472,-1478.16223,-0.69628,0.37442,-0.23434,0.56576;
base,levelbottom,default,0.005221,0.978945,0.001,1,1,1,1,0.5221,0.58737,169.69664,2074.72285,-1484.52774,-0.65974,0.44506,-0.32322,0.51205;
base,levelbottom,default,0.005221,0.8701733,0.001,1,1,1,1,0.5221,0.5221,177.54068,2076.40228,-1431.43494,-0.58726,0.39906,-0.37855,0.59378;
base,levelbottom,default,0.005221,0.9789467,0.001,1,1,1,1,0.5221,0.58737,171.7341,2072.20735,-1378.21945,-0.50473,0.34624,-0.4274,0.66535;
base,levelbottom,default,0.005221,1.0877183,0.001,1,1,1,1,0.5221,0.65263,186.32885,2024.20389,-1384.49387,-0.44463,0.43012,-0.48962,0.61447;
base,levelbottom,default,0.005221,1.0877183,0.001,1,1,1,1,0.5221,0.65263,187.5102,1974.14258,-1390.70114,-0.37691,0.50665,-0.54347,0.55307;
base,levelbottom,default,0.005221,1.0877183,0.001,1,1,1,1,0.5221,0.65263,175.91305,1925.84342,-1399.5755,-0.30275,0.5745,-0.58802,0.48221;
base,levelbottom,default,0.005221,1.0877183,0.001,1,1,1,1,0.5221,0.65263,152.32772,1882.5979,-1410.51254,-0.22341,0.63253,-0.62251,0.40309;
base,levelbottom,default,0.005221,0.978945,0.001,1,1,1,1,0.5221,0.58737,117.64612,1846.94476,-1419.60907,-0.14025,0.67973,-0.64634,0.31708;
base,levelbottom,default,0.005221,0.8701733,0.001,1,1,1,1,0.5221,0.5221,125.29572,1858.81533,-1471.41434,-0.18043,0.75828,-0.55209,0.29606;
base,levelbottom,default,0.005221,0.978945,0.001,1,1,1,1,0.5221,0.58737,123.31165,1881.54119,-1520.02289,-0.21753,0.82385,-0.44839,0.26998;
base,levelbottom,default,0.005221,1.0877183,0.001,1,1,1,1,0.5221,0.65263,157.47583,1914.03479,-1501.75583,-0.2742,0.78157,-0.41616,0.37521;
base,levelbottom,default,0.005221,0.978945,0.001,1,1,1,1,0.5221,0.58737,180.9083,1952.38676,-1478.58795,-0.32617,0.72591,-0.37681,0.47401;
base,levelbottom,default,0.005221,0.8701733,0.001,1,1,1,1,0.5221,0.5221,168.5582,1980.77139,-1522.46262,-0.38525,0.76888,-0.27884,0.42738;
base,levelbottom,default,0.005221,0.978945,0.001,1,1,1,1,0.5221,0.58737,143.24811,2010.63447,-1559.21585,-0.43774,0.7987,-0.17609,0.37344;
base,levelbottom,default,0.005221,1.0877183,0.001,1,1,1,1,0.5221,0.65263,123.255,1966.96297,-1575.02029,-0.41101,0.84061,-0.23172,0.26599;
base,levelbottom,default,0.005221,1.0877183,0.001,1,1,1,1,0.5221,0.65263,93.00967,1927.35312,-1582.9158,-0.37725,0.86813,-0.28339,0.154;
base,levelbottom,default,0.005221,1.0877183,0.001,1,1,1,1,0.5221,0.65263,56.42589,1892.69404,-1580.37933,-0.33703,0.88081,-0.3302,0.03936;
base,levelbottom,default,0.005221,1.0877183,0.001,1,1,1,1,0.5221,0.65263,15.99677,1865.34768,-1567.58408,-0.29105,0.87841,-0.37137,-0.07594;
base,levelbottom,default,0.005221,0.9789467,0.001,1,1,1,1,0.5221,0.58737,-27.37509,1848.98788,-1547.38632,-0.24009,0.86098,-0.40618,-0.18995;
base,levelbottom,default,0.005221,0.8701733,0.001,1,1,1,1,0.5221,0.5221,3.74886,1824.6328,-1511.03622,-0.26283,0.8006,-0.51509,-0.15698;
base,levelbottom,default,0.005221,0.978945,0.001,1,1,1,1,0.5221,0.58737,34.58458,1813.76123,-1468.4433,-0.28107,0.72652,-0.61518,-0.12134;
base,levelbottom,default,0.005221,1.0877183,0.001,1,1,1,1,0.5221,0.65263,-9.00126,1807.41266,-1443.61023,-0.19837,0.70447,-0.64661,-0.21513;
base,levelbottom,default,0.005221,0.978945,0.001,1,1,1,1,0.5221,0.58737,-51.97368,1814.18861,-1417.8389,-0.11227,0.67036,-0.66697,-0.30524;
base,levelbottom,default,0.005221,0.8701733,0.001,1,1,1,1,0.5221,0.5221,-20.54541,1815.99432,-1374.33945,-0.15115,0.57757,-0.74876,-0.28797;
base,levelbottom,default,0.005221,0.8701733,0.001,1,1,1,1,0.5221,0.5221,10.46317,1830.61743,-1337.31659,-0.18745,0.47489,-0.81774,-0.26578;
base,levelbottom,default,0.005221,0.978945,0.001,1,1,1,1,0.5221,0.58737,42.64427,1858.80877,-1304.86938,-0.22053,0.36409,-0.87273,-0.23904;
base,levelbottom,default,0.005221,1.0877183,0.001,1,1,1,1,0.5221,0.65263,-0.07368,1874.50273,-1282.8334,-0.10473,0.32978,-0.89405,-0.28452;
base,levelbottom,default,0.005221,0.9789467,0.001,1,1,1,1,0.5221,0.58737,-39.01552,1902.79932,-1267.35626,0.01286,0.28982,-0.90007,-0.32513;
base,levelbottom,default,0.005221,0.8701733,0.001,1,1,1,1,0.5221,0.5221,-68.41414,1873.10905,-1301.0817,0.05519,0.40482,-0.85454,-0.32067;
base,levelbottom,default,0.005221,0.978945,0.001,1,1,1,1,0.5221,0.58737,-92.5526,1853.17508,-1344.70703,0.09657,0.5129,-0.79439,-0.31072;
base,levelbottom,default,0.005221,1.0877183,0.001,1,1,1,1,0.5221,0.65263,-127.58884,1888.71553,-1336.58035,0.19943,0.46795,-0.77499,-0.37501;
base,levelbottom,default,0.005221,0.9789467,0.001,1,1,1,1,0.5221,0.58737,-156.50548,1930.00743,-1340.5191,0.29888,0.415,-0.74233,-0.43288;
base,levelbottom,default,0.005221,0.8701733,0.001,1,1,1,1,0.5221,0.5221,-130.18789,1947.32341,-1297.03644,0.23982,0.31456,-0.79015,-0.46819;
base,levelbottom,default,0.005221,0.978945,0.001,1,1,1,1,0.5221,0.58737,-93.8605,1968.68955,-1263.76465,0.17666,0.20873,-0.82445,-0.49549;
base,levelbottom,default,0.005221,1.0877183,0.001,1,1,1,1,0.5221,0.65263,-115.34507,2012.98861,-1275.28488,0.28276,0.14227,-0.79433,-0.5185;
base,levelbottom,default,0.005221,0.9789467,0.001,1,1,1,1,0.5221,0.58737,-124.1183,2059.1556,-1293.94882,0.38402,0.07338,-0.75063,-0.53263;
base,levelbottom,default,0.005221,0.8701733,0.001,1,1,1,1,0.5221,0.5221,-159.41466,2034.70689,-1326.19202,0.45026,0.17073,-0.73463,-0.47795;
base,levelbottom,default,0.005221,0.8701733,0.001,1,1,1,1,0.5221,0.5221,-181.42179,2009.2695,-1363.80432,0.50879,0.26515,-0.70606,-0.41509;
base,levelbottom,default,0.005221,0.9789467,0.001,1,1,1,1,0.5221,0.58737,-191.2697,1981.53731,-1408.71689,0.55862,0.35505,-0.66541,-0.34513;
base,levelbottom,default,0.005221,1.0877183,0.001,1,1,1,1,0.5221,0.65263,-191.44167,2026.59451,-1431.66306,0.6407,0.30696,-0.5868,-0.38852;
base,levelbottom,default,0.005221,1.0877183,0.001,1,1,1,1,0.5221,0.65263,-178.77159,2068.17621,-1457.285,0.71181,0.25362,-0.49816,-0.42526;
base,levelbottom,default,0.005221,1.0877183,0.001,1,1,1,1,0.5221,0.65263,-153.91851,2105.11182,-1481.03668,0.77074,0.19595,-0.40099,-0.45473;
base,levelbottom,default,0.005221,1.0877183,0.001,1,1,1,1,0.5221,0.65263,-118.57615,2134.8842,-1501.29944,0.81649,0.13492,-0.29695,-0.47641;
base,levelbottom,default,0.005221,0.978945,0.001,1,1,1,1,0.5221,0.58737,-74.94864,2157.12756,-1513.89236,0.84826,0.07158,-0.18784,-0.48995;
base,levelbottom,default,0.005221,0.8701733,0.001,1,1,1,1,0.5221,0.5221,-75.72544,2124.67043,-1556.66061,0.90495,0.09548,-0.17689,-0.37503;
base,levelbottom,default,0.005221,0.9789467,0.001,1,1,1,1,0.5221,0.58737,-70.67991,2082.62772,-1589.67804,0.94616,0.11775,-0.16291,-0.25371;
base,levelbottom,default,0.005221,1.0877183,0.001,1,1,1,1,0.5221,0.65263,-22.72945,2097.75395,-1595.03098,0.95933,0.08363,-0.03802,-0.26691;
base,levelbottom,default,0.005221,0.978945,0.001,1,1,1,1,0.5221,0.58737,26.76999,2106.2184,-1589.12643,0.95609,0.04808,0.08752,-0.27554;
base,levelbottom,default,0.005221,0.8701733,0.001,1,1,1,1,0.5221,0.5221,33.31165,2057.74091,-1611.26999,0.98387,0.03624,0.09305,-0.14839;
base,levelbottom,default,0.005221,0.9789467,0.001,1,1,1,1,0.5221,0.58737,37.29208,2004.82388,-1619.46381,0.99483,0.02379,0.09698,-0.0187;
base,levelbottom,default,0.005221,1.0877183,0.001,1,1,1,1,0.5221,0.65263,-13.16831,2005.61938,-1622.59766,0.99897,0.02602,-0.0337,-0.01543;
base,levelbottom,default,0.005221,1.0877183,0.001,1,1,1,1,0.5221,0.65263,-62.56502,2002.77469,-1612.70187,0.98603,0.02782,-0.1638,-0.0119;
base,levelbottom,default,0.005221,1.0877183,0.001,1,1,1,1,0.5221,0.65263,-107.69802,1999.74087,-1590.34424,0.95621,0.02913,-0.2911,-0.00817;
base,levelbottom,default,0.005221,0.978945,0.001,1,1,1,1,0.5221,0.58737,-145.65785,1999.98186,-1556.94214,0.91004,0.02995,-0.41342,-0.0043;
base,levelbottom,default,0.005221,0.8701733,0.001,1,1,1,1,0.5221,0.5221,-137.98481,1946.90108,-1554.34387,0.90281,0.08365,-0.40598,0.11452;
base,levelbottom,default,0.005221,0.9789467,0.001,1,1,1,1,0.5221,0.58737,-119.70247,1897.90293,-1542.17285,0.88014,0.13593,-0.39158,0.23138;
base,levelbottom,default,0.005221,1.0877183,0.001,1,1,1,1,0.5221,0.65263,-149.78512,1901.17516,-1501.66321,0.8215,0.10457,-0.50312,0.24715;
base,levelbottom,default,0.005221,0.978945,0.001,1,1,1,1,0.5221,0.58737,-169.66015,1911.1821,-1456.25885,0.7488,0.07141,-0.60604,0.25868;
base,levelbottom,default,0.005221,0.9789467,0.001,1,1,1,1,0.5221,0.58737,-139.45724,1866.39146,-1438.30078,0.70863,0.1499,-0.59153,0.35421;


custom,killcuboid,bombtex,5.22104,6.52631,1,1,1,0,1,99999,99999,0,2000,-1236.55136,0,0,0,1;
custom,killcuboid,bombtex,5.22104,6.52631,1,1,1,0,1,99999,99999,50.02682,2000,-1243.13751,0,0.13053,0,0.99144;
custom,killcuboid,bombtex,5.22104,6.52631,1,1,0.95,0,1,99999,99999,96.64439,2000,-1262.44705,0,0.25882,0,0.96593;
custom,killcuboid,bombtex,5.22104,5.87367,1,1,0.9,0,1,99999,99999,136.67582,1996.73683,-1293.16422,0,0.38268,0,0.92388;
custom,killcuboid,bombtex,5.22104,5.22104,1,1,0.85,0,1,99999,99999,132.0187,2050.02682,-1297.82135,-0.12059,0.37941,0.04995,0.91598;
custom,killcuboid,bombtex,5.22104,5.22104,1,1,0.8,0,1,99999,99999,118.36473,2096.6444,-1311.47537,-0.23912,0.36964,0.09905,0.8924;
custom,killcuboid,bombtex,5.22104,5.22104,1,1,0.75,0,1,99999,99999,96.6444,2136.67583,-1333.19565,-0.35355,0.35355,0.14645,0.85355;
custom,killcuboid,bombtex,5.22104,5.87367,1,1,0.7,0,1,99999,99999,66.33964,2169.0246,-1363.50052,-0.46194,0.33141,0.19134,0.8001;
custom,killcuboid,bombtex,5.22104,6.52631,1,1,0.65,0,1,99999,99999,30.63505,2161.68922,-1328.45642,-0.43301,0.22414,0.25,0.83652;
custom,killcuboid,bombtex,5.22104,6.52631,1,1,0.6,0,1,99999,99999,-9.15555,2144.96658,-1302.31979,-0.39668,0.11304,0.30438,0.85862;
custom,killcuboid,bombtex,5.22104,5.87367,1,1,0.55,0,1,99999,99999,-46.32392,2116.73312,-1282.87521,-0.35355,0,0.35355,0.86603;
custom,killcuboid,bombtex,5.22104,5.22104,1,1,0.5,0,1,99999,99999,-77.3107,2139.34493,-1320.44815,-0.46357,-0.04615,0.35053,0.81247;
custom,killcuboid,bombtex,5.22104,5.22104,1,1,0.45,0,1,99999,99999,-101.03061,2150.82903,-1363.47763,-0.56565,-0.09151,0.34151,0.74501;
custom,killcuboid,bombtex,5.22104,5.87367,1,1,0.4,0,1,99999,99999,-118.70159,2151.77508,-1414.17328,-0.65805,-0.1353,0.32664,0.6648;
custom,killcuboid,bombtex,5.22104,6.52631,1,1,0.35,0,1,99999,99999,-76.32917,2177.48898,-1424.1774,-0.69506,-0.04737,0.23795,0.67678;
custom,killcuboid,bombtex,5.22104,6.52631,1,1,0.3,0,1,99999,99999,-29.59119,2190.84799,-1437.71088,-0.72017,0.04138,0.14519,0.67717;
custom,killcuboid,bombtex,5.22104,6.52631,1,1,0.25,0,1,99999,99999,19.16337,2191.20102,-1450.70816,-0.73296,0.12941,0.04995,0.66598;
custom,killcuboid,bombtex,5.22104,6.52631,1,1,0.2,0,1,99999,99999,66.612,2178.52404,-1462.28317,-0.73321,0.21523,-0.04615,0.64339;
custom,killcuboid,bombtex,5.22104,6.52631,1,1,0.15,0,1,99999,99999,109.52112,2153.68093,-1471.64719,-0.72092,0.29737,-0.14146,0.60979;
custom,killcuboid,bombtex,5.22104,6.52631,1,1,0.1,0,1,99999,99999,144.96656,2118.36472,-1478.16223,-0.69628,0.37442,-0.23434,0.56576;
custom,killcuboid,bombtex,5.22104,5.87367,1,1,0.05,0,1,99999,99999,169.69664,2074.72285,-1484.52774,-0.65974,0.44506,-0.32322,0.51205;
custom,killcuboid,bombtex,5.22104,5.22104,1,1,0,0,1,99999,99999,177.54068,2076.40228,-1431.43494,-0.58726,0.39906,-0.37855,0.59378;
custom,killcuboid,bombtex,5.22105,5.87368,1,1,0,0.05,1,99999,99999,171.7341,2072.20735,-1378.21945,-0.50473,0.34624,-0.4274,0.66535;
custom,killcuboid,bombtex,5.22104,6.52631,1,1,0,0.1,1,99999,99999,186.32885,2024.20389,-1384.49387,-0.44463,0.43012,-0.48962,0.61447;
custom,killcuboid,bombtex,5.22105,6.52631,1,1,0,0.15,1,99999,99999,187.5102,1974.14258,-1390.70114,-0.37691,0.50665,-0.54347,0.55307;
custom,killcuboid,bombtex,5.22104,6.52631,1,1,0,0.2,1,99999,99999,175.91305,1925.84342,-1399.5755,-0.30275,0.5745,-0.58802,0.48221;
custom,killcuboid,bombtex,5.22104,6.52631,1,1,0,0.25,1,99999,99999,152.32772,1882.5979,-1410.51254,-0.22341,0.63253,-0.62251,0.40309;
custom,killcuboid,bombtex,5.22104,5.87367,1,1,0,0.3,1,99999,99999,117.64612,1846.94476,-1419.60907,-0.14025,0.67973,-0.64634,0.31708;
custom,killcuboid,bombtex,5.22105,5.22104,1,1,0,0.35,1,99999,99999,125.29572,1858.81533,-1471.41434,-0.18043,0.75828,-0.55209,0.29606;
custom,killcuboid,bombtex,5.22104,5.87367,1,1,0,0.4,1,99999,99999,123.31165,1881.54119,-1520.02289,-0.21753,0.82385,-0.44839,0.26998;
custom,killcuboid,bombtex,5.22104,6.52631,1,1,0,0.45,1,99999,99999,157.47583,1914.03479,-1501.75583,-0.2742,0.78157,-0.41616,0.37521;
custom,killcuboid,bombtex,5.22104,5.87367,1,1,0,0.5,1,99999,99999,180.9083,1952.38676,-1478.58795,-0.32617,0.72591,-0.37681,0.47401;
custom,killcuboid,bombtex,5.22104,5.22104,1,1,0,0.55,1,99999,99999,168.5582,1980.77139,-1522.46262,-0.38525,0.76888,-0.27884,0.42738;
custom,killcuboid,bombtex,5.22104,5.87367,1,1,0,0.6,1,99999,99999,143.24811,2010.63447,-1559.21585,-0.43774,0.7987,-0.17609,0.37344;
custom,killcuboid,bombtex,5.22104,6.52631,1,1,0,0.65,1,99999,99999,123.255,1966.96297,-1575.02029,-0.41101,0.84061,-0.23172,0.26599;
custom,killcuboid,bombtex,5.22104,6.52631,1,1,0,0.7,1,99999,99999,93.00967,1927.35312,-1582.9158,-0.37725,0.86813,-0.28339,0.154;
custom,killcuboid,bombtex,5.22104,6.52631,1,1,0,0.75,1,99999,99999,56.42589,1892.69404,-1580.37933,-0.33703,0.88081,-0.3302,0.03936;
custom,killcuboid,bombtex,5.22104,6.52631,1,1,0,0.8,1,99999,99999,15.99677,1865.34768,-1567.58408,-0.29105,0.87841,-0.37137,-0.07594;
custom,killcuboid,bombtex,5.22105,5.87368,1,1,0,0.85,1,99999,99999,-27.37509,1848.98788,-1547.38632,-0.24009,0.86098,-0.40618,-0.18995;
custom,killcuboid,bombtex,5.22104,5.22104,1,1,0,0.9,1,99999,99999,3.74886,1824.6328,-1511.03622,-0.26283,0.8006,-0.51509,-0.15698;
custom,killcuboid,bombtex,5.22104,5.87367,1,1,0,0.95,1,99999,99999,34.58458,1813.76123,-1468.4433,-0.28107,0.72652,-0.61518,-0.12134;
custom,killcuboid,bombtex,5.22105,6.52631,1,1,0,1,1,99999,99999,-9.00126,1807.41266,-1443.61023,-0.19837,0.70447,-0.64661,-0.21513;
custom,killcuboid,bombtex,5.22104,5.87367,1,1,0.05,1,1,99999,99999,-51.97368,1814.18861,-1417.8389,-0.11227,0.67036,-0.66697,-0.30524;
custom,killcuboid,bombtex,5.22104,5.22104,1,1,0.1,1,1,99999,99999,-20.54541,1815.99432,-1374.33945,-0.15115,0.57757,-0.74876,-0.28797;
custom,killcuboid,bombtex,5.22104,5.22104,1,1,0.15,1,1,99999,99999,10.46317,1830.61743,-1337.31659,-0.18745,0.47489,-0.81774,-0.26578;
custom,killcuboid,bombtex,5.22104,5.87367,1,1,0.2,1,1,99999,99999,42.64427,1858.80877,-1304.86938,-0.22053,0.36409,-0.87273,-0.23904;
custom,killcuboid,bombtex,5.22104,6.52631,1,1,0.25,1,1,99999,99999,-0.07368,1874.50273,-1282.8334,-0.10473,0.32978,-0.89405,-0.28452;
custom,killcuboid,bombtex,5.22104,5.87368,1,1,0.3,1,1,99999,99999,-39.01552,1902.79932,-1267.35626,0.01286,0.28982,-0.90007,-0.32513;
custom,killcuboid,bombtex,5.22104,5.22104,1,1,0.35,1,1,99999,99999,-68.41414,1873.10905,-1301.0817,0.05519,0.40482,-0.85454,-0.32067;
custom,killcuboid,bombtex,5.22104,5.87367,1,1,0.4,1,1,99999,99999,-92.5526,1853.17508,-1344.70703,0.09657,0.5129,-0.79439,-0.31072;
custom,killcuboid,bombtex,5.22104,6.52631,1,1,0.45,1,1,99999,99999,-127.58884,1888.71553,-1336.58035,0.19943,0.46795,-0.77499,-0.37501;
custom,killcuboid,bombtex,5.22104,5.87368,1,1,0.5,1,1,99999,99999,-156.50548,1930.00743,-1340.5191,0.29888,0.415,-0.74233,-0.43288;
custom,killcuboid,bombtex,5.22104,5.22104,1,1,0.55,1,1,99999,99999,-130.18789,1947.32341,-1297.03644,0.23982,0.31456,-0.79015,-0.46819;
custom,killcuboid,bombtex,5.22104,5.87367,1,1,0.6,1,1,99999,99999,-93.8605,1968.68955,-1263.76465,0.17666,0.20873,-0.82445,-0.49549;
custom,killcuboid,bombtex,5.22104,6.52631,1,1,0.65,1,1,99999,99999,-115.34507,2012.98861,-1275.28488,0.28276,0.14227,-0.79433,-0.5185;
custom,killcuboid,bombtex,5.22105,5.87368,1,1,0.7,1,1,99999,99999,-124.1183,2059.1556,-1293.94882,0.38402,0.07338,-0.75063,-0.53263;
custom,killcuboid,bombtex,5.22104,5.22104,1,1,0.75,1,1,99999,99999,-159.41466,2034.70689,-1326.19202,0.45026,0.17073,-0.73463,-0.47795;
custom,killcuboid,bombtex,5.22104,5.22104,1,1,0.8,1,1,99999,99999,-181.42179,2009.2695,-1363.80432,0.50879,0.26515,-0.70606,-0.41509;
custom,killcuboid,bombtex,5.22104,5.87368,1,1,0.85,1,1,99999,99999,-191.2697,1981.53731,-1408.71689,0.55862,0.35505,-0.66541,-0.34513;
custom,killcuboid,bombtex,5.22104,6.52631,1,1,0.9,1,1,99999,99999,-191.44167,2026.59451,-1431.66306,0.6407,0.30696,-0.5868,-0.38852;
custom,killcuboid,bombtex,5.22104,6.52631,1,1,0.95,1,1,99999,99999,-178.77159,2068.17621,-1457.285,0.71181,0.25362,-0.49816,-0.42526;
custom,killcuboid,bombtex,5.22104,6.52631,1,1,1,1,1,99999,99999,-153.91851,2105.11182,-1481.03668,0.77074,0.19595,-0.40099,-0.45473;
custom,killcuboid,bombtex,5.22104,6.52631,1,1,1,1,0.95,99999,99999,-118.57615,2134.8842,-1501.29944,0.81649,0.13492,-0.29695,-0.47641;
custom,killcuboid,bombtex,5.22104,5.87367,1,1,1,1,0.9,99999,99999,-74.94864,2157.12756,-1513.89236,0.84826,0.07158,-0.18784,-0.48995;
custom,killcuboid,bombtex,5.22104,5.22104,1,1,1,1,0.85,99999,99999,-75.72544,2124.67043,-1556.66061,0.90495,0.09548,-0.17689,-0.37503;
custom,killcuboid,bombtex,5.22104,5.87368,1,1,1,1,0.8,99999,99999,-70.67991,2082.62772,-1589.67804,0.94616,0.11775,-0.16291,-0.25371;
custom,killcuboid,bombtex,5.22104,6.52631,1,1,1,1,0.75,99999,99999,-22.72945,2097.75395,-1595.03098,0.95933,0.08363,-0.03802,-0.26691;
custom,killcuboid,bombtex,5.22104,5.87367,1,1,1,1,0.7,99999,99999,26.76999,2106.2184,-1589.12643,0.95609,0.04808,0.08752,-0.27554;
custom,killcuboid,bombtex,5.22104,5.22104,1,1,1,1,0.65,99999,99999,33.31165,2057.74091,-1611.26999,0.98387,0.03624,0.09305,-0.14839;
custom,killcuboid,bombtex,5.22104,5.87368,1,1,1,1,0.6,99999,99999,37.29208,2004.82388,-1619.46381,0.99483,0.02379,0.09698,-0.0187;
custom,killcuboid,bombtex,5.22104,6.52631,1,1,1,1,0.55,99999,99999,-13.16831,2005.61938,-1622.59766,0.99897,0.02602,-0.0337,-0.01543;
custom,killcuboid,bombtex,5.22104,6.52631,1,1,1,1,0.5,99999,99999,-62.56502,2002.77469,-1612.70187,0.98603,0.02782,-0.1638,-0.0119;
custom,killcuboid,bombtex,5.22104,6.52631,1,1,1,1,0.45,99999,99999,-107.69802,1999.74087,-1590.34424,0.95621,0.02913,-0.2911,-0.00817;
custom,killcuboid,bombtex,5.22104,5.87367,1,1,1,1,0.4,99999,99999,-145.65785,1999.98186,-1556.94214,0.91004,0.02995,-0.41342,-0.0043;
custom,killcuboid,bombtex,5.22105,5.22104,1,1,1,1,0.35,99999,99999,-137.98481,1946.90108,-1554.34387,0.90281,0.08365,-0.40598,0.11452;
custom,killcuboid,bombtex,5.22104,5.87368,1,1,1,1,0.3,99999,99999,-119.70247,1897.90293,-1542.17285,0.88014,0.13593,-0.39158,0.23138;
custom,killcuboid,bombtex,5.22104,6.52631,1,1,1,1,0.25,99999,99999,-149.78512,1901.17516,-1501.66321,0.8215,0.10457,-0.50312,0.24715;
custom,killcuboid,bombtex,5.22104,5.87367,1,1,1,1,0.2,99999,99999,-169.66015,1911.1821,-1456.25885,0.7488,0.07141,-0.60604,0.25868;
custom,killcuboid,bombtex,5.22104,5.87368,1,1,1,1,0.15,99999,99999,-139.45724,1866.39146,-1438.30078,0.70863,0.1499,-0.59153,0.35421;




custom,cuboid,metal4,0.78428,6.52631,5.95722,1,1,1,1,0,1.5,-30.02663,2000,-1211.76514,0,0,0,1;
custom,cuboid,medievalartilleryassets_texture-psd,6.78961,1,6.95722,1,1,1,1,0,1.5,0,2037.63155,-1206.76514,0,0,0,1;
custom,cuboid,medievalartilleryassets_texture-psd,6.78961,1,6.95722,1,1,1,1,0,1.5,0,1962.36845,-1206.76514,0,0,0,1;
custom,cuboid,medievalartilleryassets_texture-psd,6.78961,1,6.95722,1,1,1,1,0,1.5,57.73603,2037.63155,-1214.3663,0,0.13053,0,0.99144;
custom,cuboid,medievalartilleryassets_texture-psd,6.78961,1,6.95722,1,1,1,1,0,1.5,57.73603,1962.36845,-1214.3663,0,0.13053,0,0.99144;
custom,cuboid,medievalartilleryassets_texture-psd,4.98895,1,6.95722,1,1,1,1,0,1.5,103.74036,2037.63155,-1232.14996,0,0.25882,0,0.96593;
custom,cuboid,medievalartilleryassets_texture-psd,6.78961,1,6.95722,1,1,1,1,0,1.5,111.53746,1962.36845,-1236.65161,0,0.25882,0,0.96593;
custom,cuboid,metal4,0.78428,6.52631,5.95722,1,1,1,1,0,1.5,175.43427,2000,-1296.86996,0,0.38268,0,0.92388;
custom,cuboid,medievalartilleryassets_texture-psd,6.78961,1,6.95722,1,1,1,1,0,1.5,157.73779,1962.36845,-1272.10236,0,0.38268,0,0.92388;
custom,cuboid,metal4,0.78428,4.98445,5.95722,1,1,1,1,0,1.5,126.305,2063.88848,-1261.07101,-0.12059,0.37941,0.04995,0.91598;
custom,cuboid,metal4,0.78428,6.52631,5.95722,1,1,1,1,0,1.5,170.17994,2056.44193,-1302.12418,-0.12059,0.37941,0.04995,0.91598;
custom,cuboid,metal4,0.78428,6.52631,5.95722,1,1,1,1,0,1.5,112.31102,2109.03744,-1275.065,-0.23912,0.36964,0.09905,0.8924;
custom,cuboid,metal4,0.78428,6.52631,5.95722,1,1,1,1,0,1.5,154.77507,2109.03744,-1317.52914,-0.23912,0.36964,0.09905,0.8924;
custom,cuboid,metal4,0.78428,4.98445,5.95722,1,1,1,1,0,1.5,91.66003,2148.75096,-1295.71594,-0.35355,0.35355,0.14645,0.85355;
custom,cuboid,metal4,0.78428,6.52631,5.95722,1,1,1,1,0,1.5,130.26946,2154.20221,-1342.03476,-0.35355,0.35355,0.14645,0.85355;
custom,cuboid,metal4,0.78428,6.52631,5.95722,1,1,1,1,0,1.5,98.33313,2188.85838,-1373.97095,-0.46194,0.33141,0.19134,0.8001;
custom,cuboid,medievalartilleryassets_texture-psd,6.78961,1,6.95722,1,1,1,1,0,1.5,55.82437,2212.0043,-1374.01581,-0.46194,0.33141,0.19134,0.8001;
custom,cuboid,medievalartilleryassets_texture-psd,6.78961,1,6.95722,1,1,1,1,0,1.5,12.31144,2205.42154,-1335.87753,-0.43301,0.22414,0.25,0.83652;
custom,cuboid,medievalartilleryassets_texture-psd,4.98895,1,6.95722,1,1,1,1,0,1.5,51.42724,2165.77196,-1284.46304,-0.43301,0.22414,0.25,0.83652;
custom,cuboid,medievalartilleryassets_texture-psd,4.98895,1,6.95722,1,1,1,1,0,1.5,-26.50599,2190.02045,-1309.63516,-0.39668,0.11304,0.30438,0.85862;
custom,cuboid,medievalartilleryassets_texture-psd,6.78961,1,6.95722,1,1,1,1,0,1.5,12.47809,2148.49037,-1259.62433,-0.39668,0.11304,0.30438,0.85862;
custom,cuboid,metal4,0.78428,6.52631,5.95722,1,1,1,1,0,1.5,-77.03867,2115.15555,-1258.77731,-0.35355,0,0.35355,0.86603;
custom,cuboid,medievalartilleryassets_texture-psd,6.78961,1,6.95722,1,1,1,1,0,1.5,-32.72419,2117.78912,-1239.48944,-0.35355,0,0.35355,0.86603;
custom,cuboid,metal4,0.78428,6.52631,5.95722,1,1,1,1,0,1.5,-109.74446,2138.82614,-1298.91388,-0.46357,-0.04615,0.35053,0.81247;
custom,cuboid,metal4,0.78428,4.98445,5.95722,1,1,1,1,0,1.5,-68.76576,2178.10249,-1319.98367,-0.46357,-0.04615,0.35053,0.81247;
custom,cuboid,metal4,0.78428,6.52631,5.95722,1,1,1,1,0,1.5,-136.50605,2151.78288,-1347.46124,-0.56565,-0.09151,0.34151,0.74501;
custom,cuboid,metal4,0.78428,4.98446,5.95722,1,1,1,1,0,1.5,-88.34132,2187.58007,-1355.49515,-0.56565,-0.09151,0.34151,0.74501;
custom,cuboid,metal4,0.78428,6.52631,5.95722,1,1,1,1,0,1.5,-155.49967,2153.1428,-1401.11099,-0.65805,-0.1353,0.32664,0.6648;
custom,cuboid,medievalartilleryassets_texture-psd,6.78961,1,6.95722,1,1,1,1,0,1.5,-145.67122,2172.47293,-1444.38309,-0.65805,-0.1353,0.32664,0.6648;
custom,cuboid,medievalartilleryassets_texture-psd,6.78961,1,6.95722,1,1,1,1,0,1.5,-97.73414,2201.85013,-1459.55688,-0.69506,-0.04737,0.23795,0.67678;
custom,cuboid,medievalartilleryassets_texture-psd,4.98895,1,6.95722,1,1,1,1,0,1.5,-70.5057,2211.32311,-1389.45358,-0.69506,-0.04737,0.23795,0.67678;
custom,cuboid,medievalartilleryassets_texture-psd,6.78961,1,6.95722,1,1,1,1,0,1.5,-43.79375,2217.26778,-1475.17593,-0.72017,0.04138,0.14519,0.67717;
custom,cuboid,medievalartilleryassets_texture-psd,6.78961,1,6.95722,1,1,1,1,0,1.5,-24.50865,2223.2481,-1402.67181,-0.72017,0.04138,0.14519,0.67717;
custom,cuboid,medievalartilleryassets_texture-psd,6.78961,1,6.95722,1,1,1,1,0,1.5,12.47398,2217.67521,-1490.17593,-0.73296,0.12941,0.04995,0.66598;
custom,cuboid,medievalartilleryassets_texture-psd,6.78961,1,6.95722,1,1,1,1,0,1.5,31.75907,2223.65553,-1417.67181,-0.73296,0.12941,0.04995,0.66598;
custom,cuboid,medievalartilleryassets_texture-psd,6.78961,1,6.95722,1,1,1,1,0,1.5,67.2345,2203.04466,-1503.5347,-0.73321,0.21523,-0.04615,0.64339;
custom,cuboid,medievalartilleryassets_texture-psd,6.78961,1,6.95722,1,1,1,1,0,1.5,86.51958,2209.02498,-1431.03058,-0.73321,0.21523,-0.04615,0.64339;
custom,cuboid,medievalartilleryassets_texture-psd,6.78961,1,6.95722,1,1,1,1,0,1.5,116.75597,2174.37317,-1514.34189,-0.72092,0.29737,-0.14146,0.60979;
custom,cuboid,medievalartilleryassets_texture-psd,6.78961,1,6.95722,1,1,1,1,0,1.5,136.04105,2180.35351,-1441.83777,-0.72092,0.29737,-0.14146,0.60979;
custom,cuboid,medievalartilleryassets_texture-psd,6.78961,1,6.95722,1,1,1,1,0,1.5,157.66359,2133.61465,-1521.86096,-0.69628,0.37442,-0.23434,0.56576;
custom,cuboid,medievalartilleryassets_texture-psd,4.98895,1,6.95722,1,1,1,1,0,1.5,171.45855,2146.67668,-1448.48053,-0.69628,0.37442,-0.23434,0.56576;
custom,cuboid,metal4,0.78428,6.52631,5.95722,1,1,1,1,0,1.5,204.25814,2057.02513,-1488.8736,-0.65974,0.44506,-0.32322,0.51205;
custom,cuboid,medievalartilleryassets_texture-psd,6.78961,1,6.95722,1,1,1,1,0,1.5,187.16957,2083.54675,-1525.57938,-0.65974,0.44506,-0.32322,0.51205;
custom,cuboid,metal4,0.78428,4.98445,5.95722,1,1,1,1,0,1.5,188.59753,2113.58942,-1423.05405,-0.58726,0.39906,-0.37855,0.59378;
custom,cuboid,metal4,0.78428,4.98445,5.95722,1,1,1,1,0,1.5,212.017,2058.80972,-1440.22476,-0.58726,0.39906,-0.37855,0.59378;
custom,cuboid,metal4,0.78428,6.52631,5.95722,1,1,1,1,0,1.5,182.70576,2109.49965,-1374.28268,-0.50473,0.34624,-0.4274,0.66535;
custom,cuboid,medievalartilleryassets_texture-psd,6.78961,1,6.95722,1,1,1,1,0,1.5,190.77429,2079.09626,-1337.49588,-0.50473,0.34624,-0.4274,0.66535;
custom,cuboid,medievalartilleryassets_texture-psd,4.98895,1,6.95722,1,1,1,1,0,1.5,224.6475,2023.78217,-1414.75784,-0.44463,0.43012,-0.48962,0.61447;
custom,cuboid,medievalartilleryassets_texture-psd,6.78961,1,6.95722,1,1,1,1,0,1.5,206.79245,2023.2241,-1341.09329,-0.44463,0.43012,-0.48962,0.61447;
custom,cuboid,medievalartilleryassets_texture-psd,6.78961,1,6.95722,1,1,1,1,0,1.5,224.65567,1974.86743,-1421.08261,-0.37691,0.50665,-0.54347,0.55307;
custom,cuboid,medievalartilleryassets_texture-psd,6.78961,1,6.95722,1,1,1,1,0,1.5,208.15586,1965.4483,-1348.25699,-0.37691,0.50665,-0.54347,0.55307;
custom,cuboid,medievalartilleryassets_texture-psd,6.78961,1,6.95722,1,1,1,1,0,1.5,211.27136,1919.12531,-1431.32462,-0.30275,0.5745,-0.58802,0.48221;
custom,cuboid,medievalartilleryassets_texture-psd,6.78961,1,6.95722,1,1,1,1,0,1.5,194.77158,1909.70619,-1358.49899,-0.30275,0.5745,-0.58802,0.48221;
custom,cuboid,medievalartilleryassets_texture-psd,4.98894,1,6.95722,1,1,1,1,0,1.5,189.23023,1876.27855,-1441.8602,-0.22341,0.63253,-0.62251,0.4031;
custom,cuboid,medievalartilleryassets_texture-psd,6.78961,1,6.95722,1,1,1,1,0,1.5,167.55171,1859.7965,-1371.12137,-0.22341,0.63253,-0.62251,0.40309;
custom,cuboid,metal4,0.78428,6.52631,5.95722,1,1,1,1,0,1.5,110.73177,1809.74642,-1429.35928,-0.14025,0.67973,-0.64634,0.31708;
custom,cuboid,medievalartilleryassets_texture-psd,6.78961,1,6.95722,1,1,1,1,0,1.5,128.35126,1819.1205,-1385.26382,-0.14025,0.67973,-0.64634,0.31708;
custom,cuboid,metal4,0.78428,3.4426,5.95722,1,1,1,1,0,1.5,164.1703,1858.74317,-1469.24576,-0.18043,0.75828,-0.55209,0.29606;
custom,cuboid,metal4,0.78428,6.52631,5.95722,1,1,1,1,0,1.5,118.55516,1822.67843,-1484.24515,-0.18043,0.75828,-0.55209,0.29606;
custom,cuboid,metal4,0.78428,6.52631,5.95722,1,1,1,1,0,1.5,116.74493,1846.46574,-1535.9346,-0.21753,0.82385,-0.44839,0.26998;
custom,cuboid,medievalartilleryassets_texture-psd,6.78961,1,6.95722,1,1,1,1,0,1.5,138.37481,1880.32938,-1562.9184,-0.21753,0.82385,-0.44839,0.26998;
custom,cuboid,medievalartilleryassets_texture-psd,4.98894,1,6.95722,1,1,1,1,0,1.5,172.25119,1913.05495,-1548.2869,-0.2742,0.78157,-0.41616,0.37521;
custom,cuboid,medievalartilleryassets_texture-psd,4.98895,1,6.95722,1,1,1,1,0,1.5,191.23486,1888.51992,-1477.38968,-0.2742,0.78157,-0.41616,0.37521;
custom,cuboid,metal4,0.78428,6.52631,5.95722,1,1,1,1,0,1.5,213.82292,1973.07904,-1474.70886,-0.32617,0.72591,-0.37681,0.47401;
custom,cuboid,medievalartilleryassets_texture-psd,6.78961,1,6.95722,1,1,1,1,0,1.5,212.72572,1928.00669,-1457.1019,-0.32617,0.72591,-0.37681,0.47401;
custom,cuboid,metal4,0.78428,6.52631,5.95722,1,1,1,1,0,1.5,200.31736,2003.25075,-1521.05728,-0.38525,0.76888,-0.27884,0.42738;
custom,cuboid,metal4,0.78428,3.4426,5.95722,1,1,1,1,0,1.5,180.02842,1953.36057,-1547.62253,-0.38525,0.76888,-0.27884,0.42738;
custom,cuboid,metal4,0.78428,6.52631,5.95722,1,1,1,1,0,1.5,173.85187,2034.90089,-1560.28412,-0.43774,0.7987,-0.17609,0.37344;
custom,cuboid,medievalartilleryassets_texture-psd,6.78961,1,6.95722,1,1,1,1,0,1.5,146.09635,2031.06002,-1599.75082,-0.43774,0.7987,-0.17609,0.37344;
custom,cuboid,medievalartilleryassets_texture-psd,6.78961,1,6.95722,1,1,1,1,0,1.5,120.88417,1982.74787,-1620.28137,-0.41101,0.84061,-0.23172,0.26599;
custom,cuboid,medievalartilleryassets_texture-psd,4.98894,1,6.95722,1,1,1,1,0,1.5,158.92582,1933.66487,-1576.81549,-0.41101,0.84061,-0.23172,0.266;
custom,cuboid,medievalartilleryassets_texture-psd,6.78961,1,6.95722,1,1,1,1,0,1.5,85.97798,1937.03409,-1629.39362,-0.37725,0.86813,-0.28339,0.154;
custom,cuboid,medievalartilleryassets_texture-psd,6.78961,1,6.95722,1,1,1,1,0,1.5,128.70703,1895.28227,-1583.61649,-0.37725,0.86813,-0.28339,0.154;
custom,cuboid,medievalartilleryassets_texture-psd,6.78961,1,6.95722,1,1,1,1,0,1.5,43.75658,1897.03401,-1626.46637,-0.33703,0.88081,-0.3302,0.03936;
custom,cuboid,medievalartilleryassets_texture-psd,6.78961,1,6.95722,1,1,1,1,0,1.5,86.48562,1855.28219,-1580.68924,-0.33703,0.88081,-0.3302,0.03936;
custom,cuboid,medievalartilleryassets_texture-psd,6.78961,1,6.95722,1,1,1,1,0,1.5,-2.90272,1865.47354,-1611.69907,-0.29105,0.87841,-0.37137,-0.07594;
custom,cuboid,medievalartilleryassets_texture-psd,4.98895,1,6.95722,1,1,1,1,0,1.5,47.20043,1827.81748,-1569.06952,-0.29105,0.87841,-0.37137,-0.07594;
custom,cuboid,metal4,0.78428,6.52631,5.95722,1,1,1,1,0,1.5,-53.19366,1819.80043,-1544.54285,-0.24009,0.86098,-0.40618,-0.18995;
custom,cuboid,medievalartilleryassets_texture-psd,6.78961,1,6.95722,1,1,1,1,0,1.5,-50.82016,1844.50348,-1586.09833,-0.24009,0.86098,-0.40618,-0.18995;
custom,cuboid,metal4,0.78428,4.98444,5.95722,1,1,1,1,0,1.5,33.11899,1807.37192,-1531.40366,-0.26283,0.8006,-0.51509,-0.15698;
custom,cuboid,metal4,0.78428,4.98445,5.95722,1,1,1,1,0,1.5,-24.65985,1796.91795,-1511.49292,-0.26283,0.8006,-0.51509,-0.15698;
custom,cuboid,metal4,0.78428,6.52631,5.95722,1,1,1,1,0,1.5,61.36459,1797.97295,-1492.11075,-0.28107,0.72652,-0.61518,-0.12134;
custom,cuboid,medievalartilleryassets_texture-psd,6.78961,1,6.95722,1,1,1,1,0,1.5,58.80049,1782.17957,-1446.43021,-0.28107,0.72652,-0.61518,-0.12134;
custom,cuboid,medievalartilleryassets_texture-psd,4.98894,1,6.95722,1,1,1,1,0,1.5,-38.83662,1780.92571,-1471.76514,-0.19837,0.70447,-0.64661,-0.21513;
custom,cuboid,medievalartilleryassets_texture-psd,4.98895,1,6.95722,1,1,1,1,0,1.5,18.05967,1774.54369,-1419.6994,-0.19837,0.70447,-0.64661,-0.21513;
custom,cuboid,metal4,0.78428,6.52631,5.95722,1,1,1,1,0,1.5,-80.25973,1797.75431,-1396.47522,-0.11227,0.67036,-0.66697,-0.30524;
custom,cuboid,medievalartilleryassets_texture-psd,6.78961,1,6.95722,1,1,1,1,0,1.5,-78.86943,1788.43687,-1443.95142,-0.11227,0.67036,-0.66697,-0.30524;
custom,cuboid,metal4,0.78428,4.98445,5.95722,1,1,1,1,0,1.5,5.16508,1785.97984,-1378.01056,-0.15115,0.57757,-0.74876,-0.28797;
custom,cuboid,metal4,0.78428,6.52631,5.95722,1,1,1,1,0,1.5,-46.85452,1800.1049,-1350.43762,-0.15115,0.57757,-0.74876,-0.28797;
custom,cuboid,metal4,0.78428,6.52631,5.95722,1,1,1,1,0,1.5,35.4794,1801.19089,-1342.23694,-0.18745,0.47489,-0.81774,-0.26578;
custom,cuboid,metal4,0.78428,4.98444,5.95722,1,1,1,1,0,1.5,-16.59316,1813.46031,-1313.88672,-0.18745,0.47489,-0.81774,-0.26578;
custom,cuboid,metal4,0.78428,6.52631,5.95722,1,1,1,1,0,1.5,69.65983,1830.71255,-1307.58041,-0.22053,0.36409,-0.87273,-0.23904;
custom,cuboid,medievalartilleryassets_texture-psd,6.78961,1,6.95722,1,1,1,1,0,1.5,68.78405,1858.06763,-1267.65991,-0.22053,0.36409,-0.87273,-0.23904;
custom,cuboid,medievalartilleryassets_texture-psd,3.18829,1,6.95722,1,1,1,1,0,1.5,-21.82955,1831.80962,-1280.12726,-0.10473,0.32978,-0.89405,-0.28452;
custom,cuboid,medievalartilleryassets_texture-psd,6.78961,1,6.95722,1,1,1,1,0,1.5,21.6593,1878.51723,-1240.23178,-0.10473,0.32978,-0.89405,-0.28452;
custom,cuboid,metal4,0.78428,6.52631,5.95722,1,1,1,1,0,1.5,-69.81451,1905.84797,-1243.50845,0.01286,0.28982,-0.90007,-0.32513;
custom,cuboid,medievalartilleryassets_texture-psd,6.78961,1,6.95722,1,1,1,1,0,1.5,-25.45964,1908.8372,-1224.366,0.01286,0.28982,-0.90007,-0.32513;
custom,cuboid,metal4,0.78428,4.98445,5.95722,1,1,1,1,0,1.5,-57.39911,1835.44277,-1295.14099,0.05519,0.40482,-0.85454,-0.32067;
custom,cuboid,metal4,0.78428,4.98444,5.95722,1,1,1,1,0,1.5,-96.97508,1878.23217,-1274.0004,0.05519,0.40482,-0.85454,-0.32067;
custom,cuboid,metal4,0.78428,6.52631,5.95722,1,1,1,1,0,1.5,-79.29953,1817.58326,-1335.53268,0.09657,0.5129,-0.79439,-0.31072;
custom,cuboid,medievalartilleryassets_texture-psd,6.78961,1,6.95722,1,1,1,1,0,1.5,-120.17869,1821.04073,-1361.21704,0.09657,0.5129,-0.79439,-0.31072;
custom,cuboid,medievalartilleryassets_texture-psd,6.78961,1,6.95722,1,1,1,1,0,1.5,-162.10018,1861.00061,-1355.1329,0.19943,0.46795,-0.77499,-0.37501;
custom,cuboid,medievalartilleryassets_texture-psd,3.18829,1,6.95722,1,1,1,1,0,1.5,-132.4008,1882.13228,-1289.28513,0.19943,0.46795,-0.77499,-0.37501;
custom,cuboid,metal4,0.78428,6.52631,5.95722,1,1,1,1,0,1.5,-188.53056,1948.81224,-1328.37982,0.29888,0.415,-0.74233,-0.43288;
custom,cuboid,medievalartilleryassets_texture-psd,6.78961,1,6.95722,1,1,1,1,0,1.5,-193.9868,1909.71304,-1356.38367,0.29888,0.415,-0.74233,-0.43288;
custom,cuboid,metal4,0.78428,4.98444,5.95722,1,1,1,1,0,1.5,-128.93271,1916.62596,-1271.9075,0.23982,0.31456,-0.79015,-0.46819;
custom,cuboid,metal4,0.78428,4.98444,5.95722,1,1,1,1,0,1.5,-164.83177,1964.51117,-1288.10577,0.23982,0.31456,-0.79015,-0.46819;
custom,cuboid,metal4,0.78428,6.52631,5.95722,1,1,1,1,0,1.5,-95.2241,1936.37506,-1241.84433,0.17666,0.20873,-0.82445,-0.49549;
custom,cuboid,medievalartilleryassets_texture-psd,6.78961,1,6.95722,1,1,1,1,0,1.5,-83.1538,1978.15048,-1220.58792,0.17666,0.20873,-0.82445,-0.49549;
custom,cuboid,medievalartilleryassets_texture-psd,3.18829,1,6.95722,1,1,1,1,0,1.5,-161.08988,1999.1156,-1271.00769,0.28276,0.14227,-0.79433,-0.5185;
custom,cuboid,medievalartilleryassets_texture-psd,6.78961,1,6.95722,1,1,1,1,0,1.5,-105.15,2030.86475,-1231.9278,0.28276,0.14227,-0.79433,-0.5185;
custom,cuboid,metal4,0.78428,6.52631,5.95722,1,1,1,1,0,1.5,-146.9043,2090.8902,-1293.39874,0.38402,0.07338,-0.75063,-0.53263;
custom,cuboid,medievalartilleryassets_texture-psd,6.78961,1,6.95722,1,1,1,1,0,1.5,-118.07432,2082.55747,-1255.42343,0.38402,0.07338,-0.75063,-0.53263;
custom,cuboid,metal4,0.78428,4.98445,5.95722,1,1,1,1,0,1.5,-179.95173,2009.71782,-1303.18893,0.45026,0.17073,-0.73463,-0.47795;
custom,cuboid,metal4,0.78428,6.52631,5.95722,1,1,1,1,0,1.5,-183.99038,2064.85942,-1327.86499,0.45026,0.17073,-0.73463,-0.47795;
custom,cuboid,metal4,0.78428,6.52631,5.95722,1,1,1,1,0,1.5,-200.55252,1984.75623,-1340.37247,0.50879,0.26515,-0.70606,-0.41509;
custom,cuboid,metal4,0.78428,4.98444,5.95722,1,1,1,1,0,1.5,-206.38081,2040.12874,-1364.15756,0.50879,0.26515,-0.70606,-0.41509;
custom,cuboid,metal4,0.78428,6.52631,5.95722,1,1,1,1,0,1.5,-211.43272,1955.34423,-1387.88513,0.55862,0.35505,-0.66541,-0.34513;
custom,cuboid,medievalartilleryassets_texture-psd,6.78961,1,6.95722,1,1,1,1,0,1.5,-222.86556,1961.4323,-1434.52164,0.55862,0.35505,-0.66541,-0.34513;
custom,cuboid,medievalartilleryassets_texture-psd,6.78961,1,6.95722,1,1,1,1,0,1.5,-223.2999,2011.51347,-1464.23538,0.6407,0.30696,-0.5868,-0.38852;
custom,cuboid,medievalartilleryassets_texture-psd,4.98895,1,6.95722,1,1,1,1,0,1.5,-217.48003,2057.5186,-1404.27505,0.64069,0.30696,-0.58681,-0.38852;
custom,cuboid,medievalartilleryassets_texture-psd,6.78961,1,6.95722,1,1,1,1,0,1.5,-208.67733,2059.50295,-1493.80569,0.71181,0.25362,-0.49816,-0.42526;
custom,cuboid,medievalartilleryassets_texture-psd,6.78961,1,6.95722,1,1,1,1,0,1.5,-203.96362,2097.86161,-1429.22318,0.71181,0.25362,-0.49816,-0.42526;
custom,cuboid,medievalartilleryassets_texture-psd,6.78961,1,6.95722,1,1,1,1,0,1.5,-179.99437,2102.13035,-1521.21765,0.77074,0.19595,-0.40099,-0.45473;
custom,cuboid,medievalartilleryassets_texture-psd,6.78961,1,6.95722,1,1,1,1,0,1.5,-175.28061,2140.48903,-1456.63498,0.77074,0.19595,-0.40099,-0.45473;
custom,cuboid,medievalartilleryassets_texture-psd,4.98894,1,6.95722,1,1,1,1,0,1.5,-146.29339,2131.95971,-1541.39435,0.81648,0.13491,-0.29695,-0.47641;
custom,cuboid,medievalartilleryassets_texture-psd,6.78961,1,6.95722,1,1,1,1,0,1.5,-134.4919,2174.84936,-1480.02029,0.81649,0.13492,-0.29695,-0.47641;
custom,cuboid,metal4,0.78428,6.52631,5.95722,1,1,1,1,0,1.5,-57.19004,2184.57298,-1535.29251,0.84826,0.07158,-0.18784,-0.48995;
custom,cuboid,medievalartilleryassets_texture-psd,6.78961,1,6.95722,1,1,1,1,0,1.5,-84.37718,2198.601,-1497.78534,0.84826,0.07158,-0.18784,-0.48995;
custom,cuboid,metal4,0.78428,4.98444,5.95722,1,1,1,1,0,1.5,-112.7265,2126.08438,-1570.95367,0.90495,0.09548,-0.17689,-0.37503;
custom,cuboid,metal4,0.78428,4.98444,5.95722,1,1,1,1,0,1.5,-58.14526,2155.23015,-1574.89273,0.90495,0.09548,-0.17689,-0.37503;
custom,cuboid,metal4,0.78428,6.52631,5.95722,1,1,1,1,0,1.5,-107.85941,2087.15601,-1600.80292,0.94616,0.11775,-0.16291,-0.25371;
custom,cuboid,medievalartilleryassets_texture-psd,6.78961,1,6.95722,1,1,1,1,0,1.5,-76.82498,2066.79388,-1631.86707,0.94616,0.11775,-0.16291,-0.25371;
custom,cuboid,medievalartilleryassets_texture-psd,4.98893,1,6.95722,1,1,1,1,0,1.5,-29.80874,2079.4469,-1639.74274,0.95933,0.08363,-0.03802,-0.26691;
custom,cuboid,medievalartilleryassets_texture-psd,4.98895,1,6.95722,1,1,1,1,0,1.5,-22.65537,2146.18878,-1601.23169,0.95933,0.08363,-0.03802,-0.26691;
custom,cuboid,metal4,0.78428,6.52631,5.95722,1,1,1,1,0,1.5,60.14663,2118.04564,-1605.64026,0.95609,0.04808,0.08752,-0.27554;
custom,cuboid,medievalartilleryassets_texture-psd,6.78961,1,6.95722,1,1,1,1,0,1.5,26.14861,2151.15336,-1596.11496,0.95609,0.04808,0.08752,-0.27554;
custom,cuboid,metal4,0.78428,3.4426,5.95722,1,1,1,1,0,1.5,8.1556,2063.83303,-1640.35599,0.98387,0.03624,0.09305,-0.14839;
custom,cuboid,metal4,0.78428,6.52631,5.95722,1,1,1,1,0,1.5,67.01111,2066.45731,-1628.71445,0.98387,0.03624,0.09305,-0.14839;
custom,cuboid,metal4,0.78428,6.52631,5.95722,1,1,1,1,0,1.5,71.31434,2010.42946,-1637.83905,0.99483,0.02379,0.09698,-0.0187;
custom,cuboid,medievalartilleryassets_texture-psd,6.78961,1,6.95722,1,1,1,1,0,1.5,44.76436,1971.76356,-1649.78851,0.99483,0.02379,0.09698,-0.0187;
custom,cuboid,medievalartilleryassets_texture-psd,6.78961,1,6.95722,1,1,1,1,0,1.5,-13.28011,1968.92253,-1653.52798,0.99897,0.02602,-0.0337,-0.01543;
custom,cuboid,medievalartilleryassets_texture-psd,4.98894,1,6.95722,1,1,1,1,0,1.5,-26.08574,2043.57024,-1650.47699,0.99897,0.02602,-0.0337,-0.01543;
custom,cuboid,medievalartilleryassets_texture-psd,6.78961,1,6.95722,1,1,1,1,0,1.5,-70.28886,1965.63951,-1642.10693,0.98603,0.02782,-0.1638,-0.0119;
custom,cuboid,medievalartilleryassets_texture-psd,6.78961,1,6.95722,1,1,1,1,0,1.5,-74.12388,2040.7647,-1639.655,0.98603,0.02782,-0.1638,-0.0119;
custom,cuboid,medievalartilleryassets_texture-psd,4.98897,1,6.95722,1,1,1,1,0,1.5,-114.91465,1962.68261,-1621.31195,0.95621,0.02913,-0.2911,-0.00817;
custom,cuboid,medievalartilleryassets_texture-psd,6.78961,1,6.95722,1,1,1,1,0,1.5,-126.21197,2037.2634,-1613.85208,0.95621,0.02913,-0.2911,-0.00817;
custom,cuboid,metal4,0.78428,6.52631,5.95722,1,1,1,1,0,1.5,-183.85687,1994.56135,-1550.77469,0.91004,0.02995,-0.41342,-0.0043;
custom,cuboid,medievalartilleryassets_texture-psd,6.78961,1,6.95722,1,1,1,1,0,1.5,-169.82958,2033.78242,-1575.42542,0.91004,0.02995,-0.41342,-0.0043;
custom,cuboid,metal4,0.78428,4.98445,5.95722,1,1,1,1,0,1.5,-177.26883,1945.74782,-1548.79395,0.90281,0.08365,-0.40598,0.11452;
custom,cuboid,metal4,0.78428,4.98444,5.95722,1,1,1,1,0,1.5,-134.08903,1934.43628,-1591.8248,0.90281,0.08365,-0.40598,0.11452;
custom,cuboid,metal4,0.78428,6.52631,5.95722,1,1,1,1,0,1.5,-116.89168,1889.70539,-1580.27115,0.88014,0.13593,-0.39158,0.23138;
custom,cuboid,medievalartilleryassets_texture-psd,6.78961,1,6.95722,1,1,1,1,0,1.5,-123.90872,1853.18186,-1549.29504,0.88014,0.13593,-0.39158,0.23138;
custom,cuboid,medievalartilleryassets_texture-psd,4.98896,1,6.95722,1,1,1,1,0,1.5,-152.79504,1853.04252,-1509.31747,0.8215,0.10456,-0.50312,0.24715;
custom,cuboid,medievalartilleryassets_texture-psd,4.98893,1,6.95722,1,1,1,1,0,1.5,-192.93934,1918.8496,-1516.14487,0.8215,0.10456,-0.50312,0.24715;
custom,cuboid,metal4,0.78428,6.52631,5.95722,1,1,1,1,0,1.5,-197.53193,1902.84477,-1430.17761,0.7488,0.07141,-0.60604,0.25868;
custom,cuboid,medievalartilleryassets_texture-psd,6.78961,1,6.95722,1,1,1,1,0,1.5,-210.04505,1926.4828,-1470.51834,0.7488,0.07141,-0.60604,0.25868;
custom,cuboid,metal4,0.78428,6.52631,5.95722,1,1,1,1,0,1.5,-167.3291,1858.05424,-1412.21939,0.70863,0.1499,-0.59153,0.35421;
custom,cuboid,metal4,0.78428,4.98444,5.95722,1,1,1,1,0,1.5,-147.13284,1840.21912,-1466.43967,0.70863,0.1499,-0.59153,0.35421;
custom,cuboid,medievalartilleryassets_texture-psd,6.78961,1,6.95722,1,1,1,1,0,1.5,-139.56158,1821.95656,-1428.60977,0.70863,0.1499,-0.59153,0.35421;
custom,prism,medievalartilleryassets_texture-psd,3.6013,1,8.03354,1,1,1,1,0,1.5,126.25136,2037.83155,-1242.40483,0,0.25882,0,0.96593;
custom,prism,medievalartilleryassets_texture-psd,3.6013,1,8.03354,1,1,1,1,0,1.5,70.75168,2173.37736,-1297.90425,-0.43301,0.22414,0.25,0.83652;
custom,prism,medievalartilleryassets_texture-psd,3.6013,1,8.03354,1,1,1,1,0,1.5,-46.68039,2180.96052,-1297.18466,-0.39668,0.11304,0.30438,0.85862;
custom,prism,medievalartilleryassets_texture-psd,3.6013,1,8.03354,1,1,1,1,0,1.5,-93.78702,2203.68604,-1382.83882,-0.69506,-0.04737,0.23795,0.67678;
custom,prism,medievalartilleryassets_texture-psd,3.6013,1,8.03354,1,1,1,1,0,1.5,188.20279,2128.74779,-1451.66301,-0.69628,0.37442,-0.23434,0.56576;
custom,prism,medievalartilleryassets_texture-psd,3.6013,1,8.03354,1,1,1,1,0,1.5,223.17713,2048.97248,-1412.03956,-0.44463,0.43012,-0.48962,0.61447;
custom,prism,medievalartilleryassets_texture-psd,3.6013,1,8.03354,1,1,1,1,0,1.5,176.98259,1855.54534,-1447.52341,-0.22341,0.63253,-0.62251,0.4031;
custom,prism,medievalartilleryassets_texture-psd,3.6013,1,8.03354,1,1,1,1,0,1.5,179.15901,1869.3216,-1487.26606,-0.2742,0.78157,-0.41616,0.37521;
custom,prism,medievalartilleryassets_texture-psd,3.6013,1,8.03354,1,1,1,1,0,1.5,188.51608,1930.81984,-1540.28929,-0.2742,0.78157,-0.41616,0.37521;
custom,prism,medievalartilleryassets_texture-psd,3.6013,1,8.03354,1,1,1,1,0,1.5,173.48131,1953.94421,-1572.23452,-0.41101,0.84061,-0.23172,0.266;
custom,prism,medievalartilleryassets_texture-psd,3.6013,1,8.03354,1,1,1,1,0,1.5,27.11651,1815.07289,-1562.2757,-0.29105,0.87841,-0.37137,-0.07594;
custom,prism,medievalartilleryassets_texture-psd,3.6013,1,8.03354,1,1,1,1,0,1.5,-18.1189,1778.609,-1486.23962,-0.19837,0.70447,-0.64661,-0.21513;
custom,prism,medievalartilleryassets_texture-psd,3.6013,1,8.03354,1,1,1,1,0,1.5,-2.56812,1772.16316,-1406.25426,-0.19837,0.70447,-0.64661,-0.21513;
custom,prism,medievalartilleryassets_texture-psd,3.6013,1,8.03354,1,1,1,1,0,1.5,-8.67222,1822.99301,-1284.52491,-0.10473,0.32978,-0.89405,-0.28452;
custom,prism,medievalartilleryassets_texture-psd,3.6013,1,8.03354,1,1,1,1,0,1.5,-34.6938,1837.01094,-1272.57117,-0.10473,0.32978,-0.89405,-0.28452;
custom,prism,medievalartilleryassets_texture-psd,3.6013,1,8.03354,1,1,1,1,0,1.5,-123.6517,1868.21981,-1288.99509,0.19943,0.46795,-0.77499,-0.37501;
custom,prism,medievalartilleryassets_texture-psd,3.6013,1,8.03354,1,1,1,1,0,1.5,-144.03075,1892.70305,-1287.66056,0.19943,0.46795,-0.77499,-0.37501;
custom,prism,medievalartilleryassets_texture-psd,3.6013,1,8.03354,1,1,1,1,0,1.5,-157.7372,1984.48557,-1264.30624,0.28276,0.14227,-0.79433,-0.5185;
custom,prism,medievalartilleryassets_texture-psd,3.6013,1,8.03354,1,1,1,1,0,1.5,-167.37911,2013.31327,-1273.92461,0.28276,0.14227,-0.79433,-0.5185;
custom,prism,medievalartilleryassets_texture-psd,3.6013,1,8.03354,1,1,1,1,0,1.5,-222.94915,2036.28404,-1391.49671,0.64069,0.30696,-0.58681,-0.38852;
custom,prism,medievalartilleryassets_texture-psd,3.6013,1,8.03354,1,1,1,1,0,1.5,-128.37912,2145.90634,-1551.21849,0.81648,0.13491,-0.29695,-0.47641;
custom,prism,medievalartilleryassets_texture-psd,3.6013,1,8.03354,1,1,1,1,0,1.5,-47.7471,2142.65387,-1602.64954,0.95933,0.08363,-0.03802,-0.26691;
custom,prism,medievalartilleryassets_texture-psd,3.6013,1,8.03354,1,1,1,1,0,1.5,-5.85317,2084.92981,-1642.57294,0.95933,0.08363,-0.03802,-0.26691;
custom,prism,medievalartilleryassets_texture-psd,3.6013,1,8.03354,1,1,1,1,0,1.5,-1.7042,2044.74551,-1654.4896,0.99897,0.02602,-0.0337,-0.01543;
custom,prism,medievalartilleryassets_texture-psd,3.6013,1,8.03354,1,1,1,1,0,1.5,-137.16954,1960.95198,-1609.23598,0.95621,0.02913,-0.2911,-0.00817;
custom,prism,medievalartilleryassets_texture-psd,3.6013,1,8.03354,1,1,1,1,0,1.5,-183.07662,1915.57114,-1538.59304,0.8215,0.10456,-0.50312,0.24715;
custom,prism,medievalartilleryassets_texture-psd,3.6013,1,8.03354,1,1,1,1,0,1.5,-166.47416,1853.59982,-1487.94744,0.8215,0.10456,-0.50312,0.24715;






custom,cuboid,ice1,1,2,6.35818,1,1,1,1,0,0,134.38769,2040.0781,-1252.98843,0,0.38268,0,0.92388;
custom,cuboid,ice1,1,2,6.35818,1,1,1,1,0,0,81.12057,2170.55542,-1306.25549,-0.46194,0.33141,0.19134,0.8001;
custom,cuboid,ice1,1,2,6.35818,1,1,1,1,0,0,-57.04264,2173.19715,-1296.82983,-0.35355,0,0.35355,0.86603;
custom,cuboid,ice1,1,2,6.35818,1,1,1,1,0,0,-101.41272,2194.67916,-1377.32025,-0.65805,-0.1353,0.32664,0.6648;
custom,cuboid,ice1,1,2,6.35818,1,1,1,1,0,0,192.58148,2116.13178,-1449.03992,-0.65974,0.44506,-0.32322,0.51205;
custom,cuboid,ice1,1,2,6.35818,1,1,1,1,0,0,216.99543,2060.12421,-1414.31946,-0.50473,0.34624,-0.4274,0.66535;
custom,cuboid,ice1,1,2,6.35818,1,1,1,1,0,0,166.36082,1849.24376,-1453.06671,-0.14025,0.67973,-0.64634,0.31708;
custom,cuboid,ice1,1,2,6.35818,1,1,1,1,0,0,168.30492,1861.11552,-1487.52365,-0.21753,0.82385,-0.44839,0.26998;
custom,cuboid,ice1,1,2,6.35818,1,1,1,1,0,0,190.74444,1942.8814,-1536.12671,-0.32617,0.72591,-0.37681,0.47401;
custom,cuboid,ice1,1,2,6.35818,1,1,1,1,0,0,177.82135,1962.86909,-1563.79425,-0.43774,0.7987,-0.17609,0.37344;
custom,cuboid,ice1,1,2,6.35818,1,1,1,1,0,0,18.09177,1811.54293,-1552.72003,-0.24009,0.86098,-0.40618,-0.18995;
custom,cuboid,ice1,1,2,6.35818,1,1,1,1,0,0,-9.44333,1783.89423,-1494.27551,-0.28107,0.72652,-0.61518,-0.12134;
custom,cuboid,ice1,1,2,6.35818,1,1,1,1,0,0,-11.07989,1777.00109,-1396.80115,-0.11227,0.67036,-0.66697,-0.30524;
custom,cuboid,ice1,1,2,6.35818,1,1,1,1,0,0,-0.42462,1819.7673,-1293.97705,-0.22053,0.36409,-0.87273,-0.23904;
custom,cuboid,ice1,1,2,6.35818,1,1,1,1,0,0,-46.06006,1844.35111,-1273.013,0.01286,0.28982,-0.90007,-0.32513;
custom,cuboid,ice1,1,2,6.35818,1,1,1,1,0,0,-111.76838,1862.91811,-1289.62875,0.09657,0.5129,-0.79439,-0.31072;
custom,cuboid,ice1,1,2,6.35818,1,1,1,1,0,0,-147.5082,1905.85552,-1287.28836,0.29889,0.415,-0.74233,-0.43288;
custom,cuboid,ice1,1,2,6.35818,1,1,1,1,0,0,-152.82886,1972.62224,-1266.02127,0.17666,0.20873,-0.82445,-0.49549;
custom,cuboid,ice1,1,2,6.35818,1,1,1,1,0,0,-169.7385,2023.17879,-1282.88971,0.38403,0.07338,-0.75063,-0.53263;
custom,cuboid,ice1,1,2,6.35818,1,1,1,1,0,0,-219.17149,2027.00021,-1383.17459,0.55862,0.35505,-0.66541,-0.34513;
custom,cuboid,ice1,1,2,6.35818,1,1,1,1,0,0,-115.67942,2147.41363,-1555.65857,0.84826,0.07158,-0.18784,-0.48995;
custom,cuboid,ice1,1,2,6.35818,1,1,1,1,0,0,-59.01427,2140.19506,-1596.58981,0.94616,0.11776,-0.16291,-0.25371;
custom,cuboid,ice1,1,2,6.35818,1,1,1,1,0,0,7.19169,2082.68762,-1639.73022,0.95609,0.04808,0.08752,-0.27554;
custom,cuboid,ice1,1,2,6.35818,1,1,1,1,0,0,10.80257,2047.89417,-1650.14053,0.99483,0.02379,0.09699,-0.01869;
custom,cuboid,ice1,1,2,6.35818,1,1,1,1,0,0,-143.90635,1958.00985,-1598.57239,0.91004,0.02995,-0.41342,-0.0043;
custom,cuboid,ice1,1,2,6.35818,1,1,1,1,0,0,-174.41677,1919.49461,-1548.33282,0.88014,0.13593,-0.39158,0.23139;
custom,cuboid,ice1,1,2,6.35818,1,1,1,1,0,0,-167.09766,1855.1828,-1475.10757,0.7488,0.07141,-0.60604,0.25868;




custom,cuboid,default,1.13164,6.78961,1,1,0,0,0,0,0,28.28985,2000,-1176.97906,0,0,0,1;
custom,cuboid,default,1.13165,6.78961,1,1,0,0,0,0,0,-28.28981,2000,-1176.97906,0,0,0,1;
custom,cuboid,default,4.52632,1.13165,1,1,0,0,0,0,0,0.00004,1971.7102,-1176.97906,0,0,0,1;
custom,cuboid,default,4.52632,1.13165,1,1,0,0,0,0,0,0.00004,2028.2898,-1176.97906,0,0,0,1;
custom,cuboid,default,0.7843,6.65794,1,1,0,0,0,0,0,-177.88603,1822.47902,-1470.8696,0.70863,0.1499,-0.59153,0.35421;
custom,cuboid,default,0.78429,6.65794,1,1,0,0,0,0,0,-193.21373,1834.88575,-1414.14642,0.70863,0.1499,-0.59153,0.35421;
custom,cuboid,default,5.22103,1,1,1,0,0,0,0,0,-203.41488,1848.60211,-1451.69235,0.70863,0.1499,-0.59153,0.35421;
custom,cuboid,default,5.22103,1,1,1,0,0,0,0,0,-167.6849,1808.76268,-1433.32352,0.70863,0.1499,-0.59153,0.35421;
racing,endcuboid,5.7895703,5.65794,0.8,-185.54989,1828.6824,-1442.50793,0.70863,0.1499,-0.59153,0.35421;




custom,sphere,bombtex,27.27273,27.27273,27.27273,1,0,0.5,1,99999,99999,7.6602,1974.82145,-1444.76209,0,-1,0,0;
custom,sphere,cannonregionmat,26.36364,26.36364,26.36364,1,0,0.04,0,0,0,7.40486,1975.66073,-1444.26469,0,-1,0,0;
custom,sphere,cannonregionmat,24.54545,24.54545,24.54545,1,0,0.04,0,0,0,6.89418,1977.3393,-1443.26989,0,-1,0,0;
custom,sphere,cannonregionmat,22.72727,22.72727,22.72727,1,0,0.04,0,0,0,6.3835,1979.01787,-1442.27509,0,-1,0,0;
custom,sphere,cannonregionmat,20.90909,20.90909,20.90909,1,0,0.04,0,0,0,5.87282,1980.69644,-1441.28029,0,-1,0,0;
custom,sphere,cannonregionmat,19.09091,19.09091,19.09091,1,0,0.04,0,0,0,5.36214,1982.37501,-1440.28549,0,-1,0,0;
custom,sphere,cannonregionmat,17.27273,17.27273,17.27273,1,0,0.04,0,0,0,4.85146,1984.05358,-1439.29069,0,-1,0,0;
custom,sphere,cannonregionmat,15.45455,15.45455,15.45455,1,0,0.04,0,0,0,4.34078,1985.73215,-1438.29589,0,-1,0,0;
custom,sphere,cannonregionmat,13.63636,13.63636,13.63636,1,0,0.04,0,0,0,3.8301,1987.41072,-1437.30109,0,-1,0,0;
custom,sphere,cannonregionmat,11.81818,11.81818,11.81818,1,0,0.04,0,0,0,3.31942,1989.08929,-1436.30629,0,-1,0,0;
custom,sphere,cannonregionmat,10,10,10,1,0,0.04,0,0,0,2.80874,1990.76786,-1435.31149,0,-1,0,0;
custom,sphere,cannonregionmat,8.18182,8.18182,8.18182,1,0,0.04,0,0,0,2.29806,1992.44643,-1434.31669,0,-1,0,0;
custom,sphere,cannonregionmat,6.36364,6.36364,6.36364,1,0,0.04,0,0,0,1.78738,1994.125,-1433.32189,0,-1,0,0;
custom,sphere,cannonregionmat,4.54545,4.54545,4.54545,1,0,0.04,0,0,0,1.2767,1995.80357,-1432.32709,0,-1,0,0;
custom,sphere,cannonregionmat,2.72727,2.72727,2.72727,1,0,0.04,0,0,0,0.76602,1997.48214,-1431.33229,0,-1,0,0;
custom,sphere,cannonregionmat,0.90909,0.90909,0.90909,1,0,0.04,0,0,0,0.25534,1999.16071,-1430.33749,0,-1,0,0;






custom,cuboid,default,10.00001,2,4,1,0,0,0,0,0,0.00002,2350.54222,2139.17603,0,0,0,1;
custom,cuboid,default,10.00001,2,4,1,0,0,0,0,0,0.00005,2350.54226,1775.00366,0,0,0,1;
custom,cuboid,default,10,9.2509,4,1,0,0,0,0,0,0.00002,2285.68199,1296.31653,-0.70711,0,0,0.70711;
custom,prism,default,2.8284,4,1.63299,1,0,0,0,0,0,-35.16252,2366.06248,2139.97603,0.2706,-0.65328,-0.65328,0.2706;
custom,prism,default,2.8284,4,1.63299,1,0,0,0,0,0,-35.16249,2366.06252,1775.80366,0.2706,-0.65328,-0.65328,0.2706;
custom,prism,default,2.8284,9.2509,1.63299,1,0,0,0,0,0,-35.16249,2311.20225,1298.16671,0.2706,-0.65328,-0.65328,0.2706;
custom,prism,default,2.8284,4,1.63299,1,0,0,0,0,0,35.16262,2366.06248,1774.20366,0.65328,-0.2706,0.2706,-0.65328;
custom,prism,default,2.8284,4,1.63299,1,0,0,0,0,0,35.16256,2366.06252,2138.37603,0.65328,-0.2706,0.2706,-0.65328;
custom,prism,default,2.8284,9.2509,1.63299,1,0,0,0,0,0,35.16254,2311.20225,1294.46635,0.65328,-0.2706,0.2706,-0.65328;


custom,cuboid,ice1,4,5,4,1,0,0,0,0,0,0.00002,2385.54222,2139.17603,0,0,0,1;
custom,cuboid,ice1,4,16,4,1,0,0,0,0,0,0.00002,2430.54218,2039.17603,-0.70711,0,0,0.70711;
custom,cuboid,ice1,4,10,4,1,0,0,0,0,0,0.00002,2438.92075,1913.40866,-0.64279,0,0,0.76604;
custom,cuboid,ice1,4,10,4,1,0,0,0,0,0,0.00002,2463.80184,1820.55115,-0.57358,0,0,0.81915;
custom,cuboid,ice1,4,30,4,1,0,0,0,0,0,0.00002,2554.42951,1646.8222,-0.5,0,0,0.86603;
custom,cuboid,ice1,4,10,4,1,0,0,0,0,0,0.00002,2645.05722,1473.09357,-0.57358,0,0,0.81915;
custom,cuboid,ice1,4,10,4,1,0,0,0,0,0,0.00002,2669.93828,1380.2359,-0.64279,0,0,0.76604;
custom,cuboid,ice1,4,8.44065,4,1,0,0,0,0,0,0.00002,2678.31688,1292.26532,-0.70711,0,0,0.70711;
custom,cuboid,ice1,4,10.83348,4,1,0,0,0,0,0,0.00002,2414.70963,1775.00351,0,0,0,1;
custom,cuboid,ice1,4,4,35.2635,1,0,0,0,0,0,0.00002,2481.99947,1270.0621,-0.70711,0,0,0.70711;
custom,cuboid,ice1,4,5.2509,5,1,0,0,0,0,0,0.00002,2330.68199,1316.31653,-0.70711,0,0,0.70711;
custom,cuboid,ice1,4,27.4517,2,1,0,0,0,0,0,0.00002,2310.49759,1472.56439,-0.60876,0,0,0.79335;
custom,cuboid,ice1,4,10,4,1,0,0,0,0,0,0.00002,2686.69548,1204.29466,-0.64279,0,0,0.76604;
custom,cuboid,ice1,4,10,4,1,0,0,0,0,0,0.00002,2711.57661,1111.43715,-0.57358,0,0,0.81915;
custom,cuboid,ice1,4,10,4,1,0,0,0,0,0,0.00002,2752.20428,1024.31084,-0.5,0,0,0.86603;
custom,cuboid,ice1,4,10,4,1,0,0,0,0,0,0.00002,2807.34406,945.56305,-0.42262,0,0,0.90631;
custom,cuboid,ice1,4,10,4,1,0,0,0,0,0,0.00002,2875.32051,877.58659,-0.34202,0,0,0.93969;
custom,cuboid,ice1,4,20,4,1,0,0,0,0,0,0.00002,2975.4364,771.30791,-0.42262,0,0,0.90631;
custom,cuboid,ice1,4,10,4,1,0,0,0,0,0,0.00002,3062.71561,654.25797,-0.5,0,0,0.86603;
custom,cuboid,ice1,4,10,4,1,0,0,0,0,0,0.00002,3103.34328,567.13161,-0.57358,0,0,0.81915;
custom,cuboid,ice1,4,10,4,1,0,0,0,0,0,0.00002,3128.22441,474.27402,-0.64279,0,0,0.76604;
custom,cuboid,ice1,4,10,4,1,0,0,0,0,0,0.00002,3136.60301,378.50658,-0.70711,0,0,0.70711;
custom,cuboid,ice1,4,4,28.17464,1,0,0,0,0,0,0.00002,2651.90331,902.89352,-0.5,0,0,0.86603;
custom,cuboid,ice1,4,2.55215,3.4641,1,0,0,0,0,0,0.00002,2527.14279,832.45689,0,0,0,1;
custom,cuboid,ice1,4,10,4,1,0,0,0,0,0,0.00002,3128.22449,282.73922,-0.76604,0,0,0.64279;
custom,cuboid,ice1,4,10,4,1,0,0,0,0,0,0.00002,3103.34335,189.88163,-0.81915,0,0,0.57358;
custom,cuboid,ice1,4,10,4,1,0,0,0,0,0,0.00002,3053.87825,152.8751,-0.93969,0,0,-0.34202;
custom,cuboid,ice1,4,10,4,1,0,0,0,0,0,0.00002,2975.13054,208.01487,-0.96593,0,0,-0.25882;
custom,cuboid,ice1,4,10,4,1,0,0,0,0,0,0.00002,2888.00423,248.64262,-0.98481,0,0,-0.17365;
custom,cuboid,ice1,4,10,4,1,0,0,0,0,0,0.00002,2795.14664,273.52375,-0.99619,0,0,-0.08716;
custom,cuboid,ice1,4,3.7484,4,1,0,0,0,0,0,0.00002,2730.63721,281.9025,-1,0,0,0;
custom,cuboid,ice1,4,13.95478,2,1,0,0,0,0,0,0.00002,2365.68199,1180.28816,-0.70711,0,0,0.70711;
custom,prism,ice1,5.65685,4,3.26599,1,0,0,0,0,0,0.80002,2421.58283,2129.50071,-0.2706,-0.2706,-0.65328,0.65328;
custom,prism,ice1,5.65685,4,3.26601,1,0,0,0,0,0,0.80002,2399.50165,2108.85135,0.65328,0.65328,-0.2706,0.2706;
custom,prism,ice1,7.42582,4,4.28732,1,0,0,0,0,0,0.80002,2370.17515,1303.61592,-0.2706,-0.2706,-0.65328,0.65328;
custom,prism,ice1,7,4,2.30941,1,0,0,0,0,0,0.80002,2366.36464,1109.88779,-0.5,-0.5,-0.5,0.5;




custom,cuboid,default,1,5,4,1,0,0,0,0,0,-24.99998,2385.54222,2139.17603,0,0,0,1;
custom,cuboid,default,1,16,4,1,0,0,0,0,0,-24.99998,2430.54218,2039.17603,-0.70711,0,0,0.70711;
custom,cuboid,default,1,10,4,1,0,0,0,0,0,-24.99998,2438.92075,1913.40866,-0.64279,0,0,0.76604;
custom,cuboid,default,1,10,4,1,0,0,0,0,0,-24.99998,2463.80184,1820.55115,-0.57358,0,0,0.81915;
custom,cuboid,default,1,30,4,1,0,0,0,0,0,-24.99998,2554.42951,1646.8222,-0.5,0,0,0.86603;
custom,cuboid,default,1,10,4,1,0,0,0,0,0,-24.99998,2645.05722,1473.09357,-0.57358,0,0,0.81915;
custom,cuboid,default,1,10,4,1,0,0,0,0,0,-24.99998,2669.93828,1380.2359,-0.64279,0,0,0.76604;
custom,cuboid,default,1,8.44065,4,1,0,0,0,0,0,-24.99998,2678.31688,1292.26532,-0.70711,0,0,0.70711;
custom,cuboid,default,1,10.83348,4,1,0,0,0,0,0,-24.99998,2414.70963,1775.00351,0,0,0,1;
custom,cuboid,default,1,4,35.2635,1,0,0,0,0,0,-24.99998,2481.99947,1270.0621,-0.70711,0,0,0.70711;
custom,cuboid,default,1,5.2509,5,1,0,0,0,0,0,-24.99998,2330.68199,1316.31653,-0.70711,0,0,0.70711;
custom,cuboid,default,1,27.4517,2,1,0,0,0,0,0,-24.99998,2310.49759,1472.56439,-0.60876,0,0,0.79335;
custom,cuboid,default,1,10,4,1,0,0,0,0,0,-24.99998,2686.69548,1204.29466,-0.64279,0,0,0.76604;
custom,cuboid,default,1,10,4,1,0,0,0,0,0,-24.99998,2711.57661,1111.43715,-0.57358,0,0,0.81915;
custom,cuboid,default,1,10,4,1,0,0,0,0,0,-24.99998,2752.20428,1024.31084,-0.5,0,0,0.86603;
custom,cuboid,default,1,10,4,1,0,0,0,0,0,-24.99998,2807.34406,945.56305,-0.42262,0,0,0.90631;
custom,cuboid,default,1,10,4,1,0,0,0,0,0,-24.99998,2875.32051,877.58659,-0.34202,0,0,0.93969;
custom,cuboid,default,1,20,4,1,0,0,0,0,0,-24.99998,2975.4364,771.30791,-0.42262,0,0,0.90631;
custom,cuboid,default,1,10,4,1,0,0,0,0,0,-24.99998,3062.71561,654.25797,-0.5,0,0,0.86603;
custom,cuboid,default,1,10,4,1,0,0,0,0,0,-24.99998,3103.34328,567.13161,-0.57358,0,0,0.81915;
custom,cuboid,default,1,10,4,1,0,0,0,0,0,-24.99998,3128.22441,474.27402,-0.64279,0,0,0.76604;
custom,cuboid,default,1,10,4,1,0,0,0,0,0,-24.99998,3136.60301,378.50658,-0.70711,0,0,0.70711;
custom,cuboid,default,1,4,28.17464,1,0,0,0,0,0,-24.99998,2651.90331,902.89352,-0.5,0,0,0.86603;
custom,cuboid,default,1,2.55215,3.4641,1,0,0,0,0,0,-24.99998,2527.14279,832.45689,0,0,0,1;
custom,cuboid,default,1,10,4,1,0,0,0,0,0,-24.99998,3128.22449,282.73922,-0.76604,0,0,0.64279;
custom,cuboid,default,1,10,4,1,0,0,0,0,0,-24.99998,3103.34335,189.88163,-0.81915,0,0,0.57358;
custom,cuboid,default,1,10,4,1,0,0,0,0,0,-24.99998,3053.87825,152.8751,-0.93969,0,0,-0.34202;
custom,cuboid,default,1,10,4,1,0,0,0,0,0,-24.99998,2975.13054,208.01487,-0.96593,0,0,-0.25882;
custom,cuboid,default,1,10,4,1,0,0,0,0,0,-24.99998,2888.00423,248.64262,-0.98481,0,0,-0.17365;
custom,cuboid,default,1,10,4,1,0,0,0,0,0,-24.99998,2795.14664,273.52375,-0.99619,0,0,-0.08716;
custom,cuboid,default,1,3.7484,4,1,0,0,0,0,0,-24.99998,2730.63721,281.9025,-1,0,0,0;
custom,cuboid,default,1,13.95478,2,1,0,0,0,0,0,-24.99998,2365.68199,1180.28816,-0.70711,0,0,0.70711;
custom,prism,default,5.65685,1,3.26599,1,0,0,0,0,0,-24.79998,2421.58283,2129.50071,-0.2706,-0.2706,-0.65328,0.65328;
custom,prism,default,5.65685,1,3.26601,1,0,0,0,0,0,-24.79998,2399.50165,2108.85135,0.65328,0.65328,-0.2706,0.2706;
custom,prism,default,7.42582,1,4.28732,1,0,0,0,0,0,-24.79998,2370.17515,1303.61592,-0.2706,-0.2706,-0.65328,0.65328;
custom,prism,default,7,1,2.30941,1,0,0,0,0,0,-24.79998,2366.36464,1109.88779,-0.5,-0.5,-0.5,0.5;
custom,cuboid,default,1,5,4,1,0,0,0,0,0,25.00002,2385.54222,2139.17603,0,0,0,1;
custom,cuboid,default,1,16,4,1,0,0,0,0,0,25.00002,2430.54218,2039.17603,-0.70711,0,0,0.70711;
custom,cuboid,default,1,10,4,1,0,0,0,0,0,25.00002,2438.92075,1913.40866,-0.64279,0,0,0.76604;
custom,cuboid,default,1,10,4,1,0,0,0,0,0,25.00002,2463.80184,1820.55115,-0.57358,0,0,0.81915;
custom,cuboid,default,1,30,4,1,0,0,0,0,0,25.00002,2554.42951,1646.8222,-0.5,0,0,0.86603;
custom,cuboid,default,1,10,4,1,0,0,0,0,0,25.00002,2645.05722,1473.09357,-0.57358,0,0,0.81915;
custom,cuboid,default,1,10,4,1,0,0,0,0,0,25.00002,2669.93828,1380.2359,-0.64279,0,0,0.76604;
custom,cuboid,default,1,8.44065,4,1,0,0,0,0,0,25.00002,2678.31688,1292.26532,-0.70711,0,0,0.70711;
custom,cuboid,default,1,10.83348,4,1,0,0,0,0,0,25.00002,2414.70963,1775.00351,0,0,0,1;
custom,cuboid,default,1,4,35.2635,1,0,0,0,0,0,25.00002,2481.99947,1270.0621,-0.70711,0,0,0.70711;
custom,cuboid,default,1,5.2509,5,1,0,0,0,0,0,25.00002,2330.68199,1316.31653,-0.70711,0,0,0.70711;
custom,cuboid,default,1,27.4517,2,1,0,0,0,0,0,25.00002,2310.49759,1472.56439,-0.60876,0,0,0.79335;
custom,cuboid,default,1,10,4,1,0,0,0,0,0,25.00002,2686.69548,1204.29466,-0.64279,0,0,0.76604;
custom,cuboid,default,1,10,4,1,0,0,0,0,0,25.00002,2711.57661,1111.43715,-0.57358,0,0,0.81915;
custom,cuboid,default,1,10,4,1,0,0,0,0,0,25.00002,2752.20428,1024.31084,-0.5,0,0,0.86603;
custom,cuboid,default,1,10,4,1,0,0,0,0,0,25.00002,2807.34406,945.56305,-0.42262,0,0,0.90631;
custom,cuboid,default,1,10,4,1,0,0,0,0,0,25.00002,2875.32051,877.58659,-0.34202,0,0,0.93969;
custom,cuboid,default,1,20,4,1,0,0,0,0,0,25.00002,2975.4364,771.30791,-0.42262,0,0,0.90631;
custom,cuboid,default,1,10,4,1,0,0,0,0,0,25.00002,3062.71561,654.25797,-0.5,0,0,0.86603;
custom,cuboid,default,1,10,4,1,0,0,0,0,0,25.00002,3103.34328,567.13161,-0.57358,0,0,0.81915;
custom,cuboid,default,1,10,4,1,0,0,0,0,0,25.00002,3128.22441,474.27402,-0.64279,0,0,0.76604;
custom,cuboid,default,1,10,4,1,0,0,0,0,0,25.00002,3136.60301,378.50658,-0.70711,0,0,0.70711;
custom,cuboid,default,1,4,28.17464,1,0,0,0,0,0,25.00002,2651.90331,902.89352,-0.5,0,0,0.86603;
custom,cuboid,default,1,2.55215,3.4641,1,0,0,0,0,0,25.00002,2527.14279,832.45689,0,0,0,1;
custom,cuboid,default,1,10,4,1,0,0,0,0,0,25.00002,3128.22449,282.73922,-0.76604,0,0,0.64279;
custom,cuboid,default,1,10,4,1,0,0,0,0,0,25.00002,3103.34335,189.88163,-0.81915,0,0,0.57358;
custom,cuboid,default,1,10,4,1,0,0,0,0,0,25.00002,3053.87825,152.8751,-0.93969,0,0,-0.34202;
custom,cuboid,default,1,10,4,1,0,0,0,0,0,25.00002,2975.13054,208.01487,-0.96593,0,0,-0.25882;
custom,cuboid,default,1,10,4,1,0,0,0,0,0,25.00002,2888.00423,248.64262,-0.98481,0,0,-0.17365;
custom,cuboid,default,1,10,4,1,0,0,0,0,0,25.00002,2795.14664,273.52375,-0.99619,0,0,-0.08716;
custom,cuboid,default,1,3.7484,4,1,0,0,0,0,0,25.00002,2730.63721,281.9025,-1,0,0,0;
custom,cuboid,default,1,13.95478,2,1,0,0,0,0,0,25.00002,2365.68199,1180.28816,-0.70711,0,0,0.70711;
custom,prism,default,5.65685,1,3.26599,1,0,0,0,0,0,25.20002,2421.58283,2129.50071,-0.2706,-0.2706,-0.65328,0.65328;
custom,prism,default,5.65685,1,3.26601,1,0,0,0,0,0,25.20002,2399.50165,2108.85135,0.65328,0.65328,-0.2706,0.2706;
custom,prism,default,7.42582,1,4.28732,1,0,0,0,0,0,25.20002,2370.17515,1303.61592,-0.2706,-0.2706,-0.65328,0.65328;
custom,prism,default,7,1,2.30941,1,0,0,0,0,0,25.20002,2366.36464,1109.88779,-0.5,-0.5,-0.5,0.5;




custom,cuboid,ice1,0.2,18.6954,0.2,1,1,1,1,0,0,24.25957,2006.83725,-763.04771,0.24666,0.0784,0.29258,0.92055;
custom,cuboid,ice1,0.2,18.6954,0.2,1,1,1,1,0,0,-24.2596,2006.83725,-763.04771,0.24666,-0.0784,-0.29258,0.92055;
custom,cuboid,ice1,0.2,18.6954,0.2,1,1,1,1,0,0,24.2595,2006.83722,-2084.34937,-0.24666,-0.0784,0.29258,0.92055;
custom,cuboid,ice1,0.2,18.6954,0.2,1,1,1,1,0,0,-24.25967,2006.83722,-2084.34937,-0.24666,0.0784,-0.29258,0.92055;
custom,killprism,cannonregionmat,1,0,2.30941,1,1,1,1,0,0,14.45401,1999.58058,-2070,0.65328,-0.2706,-0.2706,0.65328;
custom,killprism,cannonregionmat,1,0,2.30941,1,1,1,1,0,0,-14.58057,1999.45402,-2070,0.65328,0.2706,0.2706,0.65328;
custom,killprism,cannonregionmat,1,0,2.30941,1,1,1,1,0,0,450.38607,2650.41943,-1400.38607,0.5,0.70711,0.5,0;
custom,killprism,cannonregionmat,1,0,2.30941,1,1,1,1,0,0,435.38607,2629.20624,-1385.38607,0.5,0.70711,0.5,0;
custom,killprism,cannonregionmat,1,0,2.30941,1,1,1,1,0,0,420.38607,2607.99305,-1370.38607,0.5,0.70711,0.5,0;
custom,killprism,cannonregionmat,1,0,2.30941,1,1,1,1,0,0,-450.29658,2650.54599,-1400.29658,0.5,-0.70711,-0.5,0;
custom,killprism,cannonregionmat,1,0,2.30941,1,1,1,1,0,0,-435.29658,2629.3328,-1385.29658,0.5,-0.70711,-0.5,0;
custom,killprism,cannonregionmat,1,0,2.30941,1,1,1,1,0,0,-420.29658,2608.11961,-1370.29658,0.5,-0.70711,-0.5,0;
custom,killprism,cannonregionmat,1,0,2.30941,1,1,1,1,0,0,0.08949,2000,-750.68265,0,-1,0,0;
custom,killprism,cannonregionmat,1,0,2.30941,1,1,1,1,0,0,0.08949,2000,-780.68265,0,-1,0,0;
custom,killprism,cannonregionmat,1,0,2.30941,1,1,1,1,0,0,0.08949,2000,-720.68265,0,-1,0,0;
custom,killprism,cannonregionmat,1,0,2.30941,1,1,1,1,0,0,14.31735,2000.08949,3200,0.5,-0.5,-0.5,0.5;
custom,killprism,cannonregionmat,1,0,2.30941,1,1,1,1,0,0,-14.31735,1999.91051,3200,0.5,0.5,0.5,0.5;
custom,killprism,cannonregionmat,1,0,2.30941,1,1,1,1,0,0,-117.68487,1975,3102.52261,0,0.38268,0,0.92388;
custom,killprism,cannonregionmat,1,0,2.30941,1,1,1,1,0,0,-138.89807,1975,3081.30954,0,0.38268,0,0.92388;
custom,killprism,cannonregionmat,1,0,2.30941,1,1,1,1,0,0,-160.11128,1975,3060.09647,0,0.38268,0,0.92388;
custom,killprism,cannonregionmat,1,0,2.30941,1,1,1,1,0,0,117.55802,1975,3102.39605,0,-0.38268,0,0.92388;
custom,killprism,cannonregionmat,1,0,2.30941,1,1,1,1,0,0,138.77102,1975,3081.18298,0,-0.38268,0,0.92388;
custom,killprism,cannonregionmat,1,0,2.30941,1,1,1,1,0,0,159.98503,1975,3059.96991,0,-0.38268,0,0.92388;
custom,killprism,cannonregionmat,1,0,2.30941,1,1,1,1,0,0,0.08949,2018.25797,4099.87436,0,-0.99144,-0.13053,0;
custom,killprism,cannonregionmat,1,0,2.30941,1,1,1,1,0,0,0.08949,1988.47865,4175.63867,0,-0.96593,-0.25882,0;
custom,killprism,cannonregionmat,1,0,2.30941,1,1,1,1,0,0,0.08949,1952.17437,4225.39528,0,-0.92388,-0.38268,0;
custom,killprism,cannonregionmat,1,0,2.30941,1,1,1,1,0,0,0.08949,1919.96239,4251.97801,0,-0.86603,-0.5,0;
custom,killprism,cannonregionmat,1,0,2.30941,1,1,1,1,0,0,-0.08949,1834.116,4253.00199,0,0,0,1;
custom,killprism,cannonregionmat,1,0,2.30941,1,1,1,1,0,0,0.08949,1876.75258,4267.31934,0,-0.70711,-0.70711,0;
custom,killprism,cannonregionmat,1,0,2.30941,1,1,1,1,0,0,-0.08949,1834.116,4223.00199,0,0,0,1;
custom,killprism,cannonregionmat,1,0,2.30941,1,1,1,1,0,0,-0.08949,1834.116,4193.00199,0,0,0,1;
custom,killprism,cannonregionmat,1,0,2.30941,1,1,1,1,0,0,-145.90455,1863.49345,3614.19515,-0.1666,-0.44098,-0.31169,-0.82501;
custom,killprism,cannonregionmat,1,0,2.30941,1,1,1,1,0,0,-59.17903,1734.06349,3534.94082,-0.70117,-0.53221,0.09142,-0.46556;
custom,killprism,cannonregionmat,1,0,2.30941,1,1,1,1,0,0,-51.80289,1774.91946,3238.03454,-0.68738,-0.46782,-0.45929,-0.31259;
custom,killprism,cannonregionmat,1,0,2.30941,1,1,1,1,0,0,24.39662,1763.28211,3537.29703,0.00603,0.26502,0.70708,0.65557;
custom,killprism,cannonregionmat,1,0,2.30941,1,1,1,1,0,0,58.32159,1747.84532,3291.95008,0.36297,0.80376,-0.19401,-0.42962;
custom,killprism,cannonregionmat,1,0,2.30941,1,1,1,1,0,0,122.03519,1867.53305,3163.36197,0.56045,0.70553,0.43116,-0.04713;
custom,killprism,cannonregionmat,1,0,2.30941,1,1,1,1,0,0,109.53161,1847.69657,3182.07504,0.56045,0.70553,0.43116,-0.04713;
custom,killprism,cannonregionmat,1,0,2.30941,1,1,1,1,0,0,97.02803,1827.86008,3200.78811,0.56045,0.70553,0.43116,-0.04713;
custom,killprism,cannonregionmat,1,0,2.30941,1,1,1,1,0,0,83.26568,1747.84532,3308.61726,0.36297,0.80376,-0.19401,-0.42962;
custom,killprism,cannonregionmat,1,0,2.30941,1,1,1,1,0,0,13.71663,1752.27596,3511.51334,0.00603,0.26502,0.70708,0.65557;
custom,killprism,cannonregionmat,1,0,2.30941,1,1,1,1,0,0,-79.51928,1774.91946,3249.51495,-0.68738,-0.46782,-0.45929,-0.31259;
custom,killprism,cannonregionmat,1,0,2.30941,1,1,1,1,0,0,-70.19968,1756.56925,3551.43436,-0.70117,-0.53221,0.09142,-0.46556;
custom,killprism,cannonregionmat,1,0,2.30941,1,1,1,1,0,0,-170.84863,1863.49345,3597.52798,-0.1666,-0.44098,-0.31169,-0.82501;
custom,killprism,cannonregionmat,1,0,2.30941,1,1,1,1,0,0,-120.96047,1863.49345,3630.86233,-0.1666,-0.44098,-0.31169,-0.82501;
custom,killprism,cannonregionmat,1,0,2.30941,1,1,1,1,0,0,-0.08949,1894.68215,2931.22986,-0.70711,0,0,0.70711;
custom,killprism,cannonregionmat,1,0,2.30941,1,1,1,1,0,0,-0.08949,1864.68215,2931.22986,-0.70711,0,0,0.70711;
custom,killprism,cannonregionmat,1,0,2.30941,1,1,1,1,0,0,-0.08949,1834.68215,2931.22986,-0.70711,0,0,0.70711;
custom,killprism,cannonregionmat,1,0,2.30941,1,1,1,1,0,0,-0.08949,1804.68215,2931.22986,-0.70711,0,0,0.70711;
custom,killprism,cannonregionmat,1,0,2.30941,1,1,1,1,0,0,-0.08949,1686.99036,2938.41042,-0.92388,0,0,0.38268;
custom,killprism,cannonregionmat,1,0,2.30941,1,1,1,1,0,0,-0.08949,1635.4934,3019.729,-0.70711,0,0,0.70711;
custom,killprism,cannonregionmat,1,0,2.30941,1,1,1,1,0,0,-0.08949,1601.1513,3006.06956,-0.38268,0,0,0.92388;
custom,killprism,cannonregionmat,1,0,2.30941,1,1,1,1,0,0,-0.08949,1590.6686,2976.2695,0,0,0,1;
custom,killprism,cannonregionmat,1,0,2.30941,1,1,1,1,0,0,-0.08949,1604.32801,2947.78557,0.38268,0,0,0.92388;
custom,killprism,cannonregionmat,1,0,2.30941,1,1,1,1,0,0,-0.08949,1625.5412,2926.57249,0.38268,0,0,0.92388;
custom,killprism,cannonregionmat,1,0,2.30941,1,1,1,1,0,0,14.45401,1760.41942,2506.82007,-0.65328,-0.2706,0.2706,0.65328;
custom,killprism,cannonregionmat,1,0,2.30941,1,1,1,1,0,0,35.66722,1739.20621,2506.82007,-0.65328,-0.2706,0.2706,0.65328;
custom,killprism,cannonregionmat,1,0,2.30941,1,1,1,1,0,0,-14.58057,1760.54598,2506.82007,-0.65328,0.2706,-0.2706,0.65328;
custom,killprism,cannonregionmat,1,0,2.30941,1,1,1,1,0,0,-35.79377,1739.33277,2506.82007,-0.65328,0.2706,-0.2706,0.65328;
custom,killprism,cannonregionmat,1,0,2.30941,1,1,1,1,0,0,0,1747.98961,2173.52262,0,0,-0.70711,0.70711;
custom,killprism,cannonregionmat,1,0,2.30941,1,1,1,1,0,0,0,1747.98961,2203.52262,0,0,-0.70711,0.70711;
custom,killprism,cannonregionmat,1,0,2.30941,1,1,1,1,0,0,0,1747.98961,2233.52262,0,0,-0.70711,0.70711;
custom,killprism,cannonregionmat,1,0,2.30941,1,1,1,1,0,0,14.45401,1760.41942,1796.82007,-0.65328,-0.2706,0.2706,0.65328;
custom,killprism,cannonregionmat,1,0,2.30941,1,1,1,1,0,0,35.66722,1739.20621,1796.82007,-0.65328,-0.2706,0.2706,0.65328;
custom,killprism,cannonregionmat,1,0,2.30941,1,1,1,1,0,0,-14.58057,1760.54598,1796.82007,-0.65328,0.2706,-0.2706,0.65328;
custom,killprism,cannonregionmat,1,0,2.30941,1,1,1,1,0,0,-35.79377,1739.33277,1796.82007,-0.65328,0.2706,-0.2706,0.65328;
custom,killprism,cannonregionmat,1,0,2.30941,1,1,1,1,0,0,0,1747.98961,1463.52262,0,0,-0.70711,0.70711;
custom,killprism,cannonregionmat,1,0,2.30941,1,1,1,1,0,0,0,1747.98961,1493.52262,0,0,-0.70711,0.70711;
custom,killprism,cannonregionmat,1,0,2.30941,1,1,1,1,0,0,0,1747.98961,1523.52262,0,0,-0.70711,0.70711;
custom,killprism,cannonregionmat,1,0,2.30941,1,1,1,1,0,0,14.45401,1760.41942,1096.82007,-0.65328,-0.2706,0.2706,0.65328;
custom,killprism,cannonregionmat,1,0,2.30941,1,1,1,1,0,0,35.66722,1739.20621,1096.82007,-0.65328,-0.2706,0.2706,0.65328;
custom,killprism,cannonregionmat,1,0,2.30941,1,1,1,1,0,0,-14.58057,1760.54598,1096.82007,-0.65328,0.2706,-0.2706,0.65328;
custom,killprism,cannonregionmat,1,0,2.30941,1,1,1,1,0,0,-35.79377,1739.33277,1096.82007,-0.65328,0.2706,-0.2706,0.65328;
custom,killprism,cannonregionmat,1,0,2.30941,1,1,1,1,0,0,0,1747.98961,763.52262,0,0,-0.70711,0.70711;
custom,killprism,cannonregionmat,1,0,2.30941,1,1,1,1,0,0,0,1747.98961,793.52262,0,0,-0.70711,0.70711;
custom,killprism,cannonregionmat,1,0,2.30941,1,1,1,1,0,0,0,1747.98961,823.52262,0,0,-0.70711,0.70711;
custom,killprism,cannonregionmat,1,0,2.30941,1,1,1,1,0,0,-14.31735,1747.98961,495.24796,-0.5,0.5,-0.5,0.5;
custom,killprism,cannonregionmat,1,0,2.30941,1,1,1,1,0,0,14.31735,1747.98961,495.24796,0.5,-0.5,-0.5,0.5;
custom,killprism,cannonregionmat,1,0,2.30941,1,1,1,1,0,0,268.91051,1999.31735,1320,0.70711,0,0,0.70711;
custom,killprism,cannonregionmat,1,0,2.30941,1,1,1,1,0,0,-269.09149,1999.31735,1320,0.70711,0,0,0.70711;
custom,killprism,cannonregionmat,1,0,2.30941,1,1,1,1,0,0,268.91051,2029.31735,1320,0.70711,0,0,0.70711;
custom,killprism,cannonregionmat,1,0,2.30941,1,1,1,1,0,0,-269.09149,2029.31735,1320,0.70711,0,0,0.70711;
custom,killprism,cannonregionmat,1,0,2.30941,1,1,1,1,0,0,268.91051,2149.31735,1320,0.70711,0,0,0.70711;
custom,killprism,cannonregionmat,1,0,2.30941,1,1,1,1,0,0,-269.09149,2149.31735,1320,0.70711,0,0,0.70711;
custom,killprism,cannonregionmat,1,0,2.30941,1,1,1,1,0,0,260.41943,2179.45402,1320,0.65328,0.2706,0.2706,0.65328;
custom,killprism,cannonregionmat,1,0,2.30941,1,1,1,1,0,0,-260.54599,2179.58058,1320,0.65328,-0.2706,-0.2706,0.65328;
custom,killprism,cannonregionmat,1,0,2.30941,1,1,1,1,0,0,230.68265,2201.12372,1320,0.5,0.5,0.5,0.5;
custom,killprism,cannonregionmat,1,0,2.30941,1,1,1,1,0,0,-230.68265,2201.3027,1320,0.5,-0.5,-0.5,0.5;
custom,killprism,cannonregionmat,1,0,2.30941,1,1,1,1,0,0,200.68265,2201.12372,1320,0.5,0.5,0.5,0.5;
custom,killprism,cannonregionmat,1,0,2.30941,1,1,1,1,0,0,-200.68265,2201.3027,1320,0.5,-0.5,-0.5,0.5;
custom,killprism,cannonregionmat,1,0,2.30941,1,1,1,1,0,0,40.11644,2222.50349,1307.00269,0,0,-0.70711,0.70711;
custom,killprism,cannonregionmat,1,0,2.30941,1,1,1,1,0,0,40.11644,2222.50349,1277.00269,0,0,-0.70711,0.70711;
custom,killprism,cannonregionmat,1,0,2.30941,1,1,1,1,0,0,48.58145,2428.15494,420,0.5,-0.5,-0.5,0.5;
custom,killprism,cannonregionmat,1,0,2.30941,1,1,1,1,0,0,78.58145,2428.15494,420,0.5,-0.5,-0.5,0.5;
custom,killprism,cannonregionmat,1,0,2.30941,1,1,1,1,0,0,-48.7613,2433.67441,484.91783,0.70385,-0.70385,0.06777,0.06777;
custom,killprism,cannonregionmat,1,0,2.30941,1,1,1,1,0,0,-48.76129,2427.95015,455.46902,0.70385,-0.70385,0.06777,0.06777;
custom,killprism,cannonregionmat,1,0,2.30941,1,1,1,1,0,0,-64.36479,2496.88315,700,0.70711,0,0,0.70711;
custom,killprism,cannonregionmat,1,0,2.30941,1,1,1,1,0,0,-64.36479,2466.88315,700,0.70711,0,0,0.70711;
custom,killprism,cannonregionmat,1,0,2.30941,1,1,1,1,0,0,-64.36479,2572.60175,693.41781,0.38268,0,0,0.92388;
custom,killprism,cannonregionmat,1,0,2.30941,1,1,1,1,0,0,-64.36479,2593.81494,672.20459,0.38268,0,0,0.92388;
custom,killprism,cannonregionmat,1,0,2.30941,1,1,1,1,0,0,-64.36479,2605.51086,651.1913,0,0,0,1;
custom,killprism,cannonregionmat,1,0,2.30941,1,1,1,1,0,0,-48.07865,2516.17847,390,-0.5,0.5,-0.5,0.5;
custom,killprism,cannonregionmat,1,0,2.30941,1,1,1,1,0,0,-78.07865,2516.17847,390,-0.5,0.5,-0.5,0.5;
custom,killprism,cannonregionmat,1,0,2.30941,1,1,1,1,0,0,63.4133,2540.17237,456.16058,-0.70385,0.70385,-0.06777,-0.06777;
custom,killprism,cannonregionmat,1,0,2.30941,1,1,1,1,0,0,63.4133,2534.44811,426.71177,-0.70385,0.70385,-0.06777,-0.06777;
custom,killprism,cannonregionmat,1,0,2.30941,1,1,1,1,0,0,64.30271,2586.13296,645,0.70711,0,0,0.70711;
custom,killprism,cannonregionmat,1,0,2.30941,1,1,1,1,0,0,64.30271,2616.13296,645,0.70711,0,0,0.70711;
custom,killprism,cannonregionmat,1,0,2.30941,1,1,1,1,0,0,64.30271,2646.13299,645,0.70711,0,0,0.70711;
custom,killprism,cannonregionmat,1,0,2.30941,1,1,1,1,0,0,64.30271,2683.40402,638.41163,0.38268,0,0,0.92388;
custom,killprism,cannonregionmat,1,0,2.30941,1,1,1,1,0,0,64.81162,2700.95779,607.26173,0,0.38268,0,0.92388;
custom,killprism,cannonregionmat,1,0,2.30941,1,1,1,1,0,0,-0.08949,2580,-120.68265,-1,0,0,0;
custom,killprism,cannonregionmat,1,0,2.30941,1,1,1,1,0,0,-0.08949,2580,-90.68265,-1,0,0,0;
custom,killprism,cannonregionmat,1,0,2.30941,1,1,1,1,0,0,-0.08949,2580,-60.68265,-1,0,0,0;
custom,killprism,cannonregionmat,1,0,2.30941,1,1,1,1,0,0,-0.08949,2580.68269,182.53769,-0.70711,0,0,0.70711;
custom,killprism,cannonregionmat,1,0,2.30941,1,1,1,1,0,0,-0.08949,2455.32642,173.22034,0,0,0,1;
custom,killprism,cannonregionmat,1,0,2.30941,1,1,1,1,0,0,-0.08949,2455.32642,143.22034,0,0,0,1;
custom,killprism,cannonregionmat,1,0,2.30941,1,1,1,1,0,0,14.31735,2311.23051,230,-0.5,-0.5,0.5,0.5;
custom,killprism,cannonregionmat,1,0,2.30941,1,1,1,1,0,0,-14.31735,2311.40949,230,0.5,-0.5,0.5,-0.5;
custom,killprism,cannonregionmat,1,0,2.30941,1,1,1,1,0,0,508.4337,2001.42905,-1050,0.5,-0.5,0.5,-0.5;
custom,killprism,cannonregionmat,1,0,2.30941,1,1,1,1,0,0,478.4337,2001.42905,-1050,0.5,-0.5,0.5,-0.5;
custom,killprism,cannonregionmat,1,0,2.30941,1,1,1,1,0,0,-508.43366,2001.25007,-1050,0.5,0.5,-0.5,-0.5;
custom,killprism,cannonregionmat,1,0,2.30941,1,1,1,1,0,0,-478.43366,2001.25007,-1050,0.5,0.5,-0.5,-0.5;
custom,killprism,cannonregionmat,1,0,2.30941,1,1,1,1,0,0,0,2001.42907,-1029.52739,0,0,-0.70711,0.70711;
custom,killprism,cannonregionmat,1,0,2.30941,1,1,1,1,0,0,0,2001.42907,-1059.52739,0,0,-0.70711,0.70711;
custom,killprism,cannonregionmat,1,0,2.30941,1,1,1,1,0,0,0,2001.42907,-999.52739,0,0,-0.70711,0.70711;
