//map based from valor;
//map,disablebounds;
custom,cuboid,lava1,1000,1,1000,1,1,0.75,0.75,100,100,41.9339054,1397.9827295,174.1932809,0.1721626,-0.0446426,0.1226545,0.9763826;
custom,cuboid,rock3,0.4,3.9,1.1,0,1,1,1,0.04,0.4,-146.9745564,855.6281936,1712.2331537,-0.0350075,-0.6588397,-0.2084672,-0.7219738;
custom,cuboid,rock3,0.4,3.9,1.1,0,1,1,1,0.04,0.4,-148.9970119,840.0066981,1754.3861909,-0.0350075,-0.6588397,-0.2084672,-0.7219738;
custom,cuboid,rock3,0.4,3.9,1.1,0,1,1,1,0.04,0.4,24.0618976,1579.6909435,-181.0027444,0.1721626,-0.0446426,0.1226545,0.9763826;
custom,cuboid,rock3,0.4,3.9,1.1,0,1,1,1,0.04,0.4,-40.6566783,1079.803087,1167.8944485,-0.1721626,0.0446426,-0.1226545,-0.9763826;
custom,cuboid,rock3,0.4,3.9,1.1,0,1,1,1,0.04,0.4,1.1407353,1402.6473276,296.7316781,0.1721626,-0.0446426,0.1226545,0.9763826;
custom,cuboid,rock3,0.4,3.9,1.1,0,1,1,1,0.04,0.4,-63.5778406,902.7594711,1645.6288709,0.1226545,-0.9763826,-0.1721626,-0.0446426;
custom,cuboid,rock3,0.4,3.9,1.1,0,1,1,1,0.04,0.4,-639.5967278,741.3148209,1646.2342972,0.2084672,-0.7219738,-0.0350075,0.6588397;
custom,cuboid,rock3,0.4,3.9,1.1,0,1,1,1,0.04,0.4,-641.6191833,725.6933254,1688.3873344,0.2084672,-0.7219738,-0.0350075,0.6588397;
custom,cuboid,rock3,0.4,3.9,1.1,0,1,1,1,0.04,0.4,-725.015899,678.5620478,1754.9916171,0.1721626,-0.0446426,0.1226545,0.9763826;
custom,cuboid,rock3,0.4,3.9,1.1,0,1,1,1,0.04,0.4,-747.9370613,501.5184319,2232.7260396,-0.1226545,0.9763826,0.1721626,0.0446426;
custom,cuboid,rock3,0.4,3.9,1.1,0,1,1,1,0.04,0.4,-768.4825612,668.4755737,1749.1681886,0.1721626,-0.0446426,0.1226545,0.9763826;
custom,cuboid,rock3,0.4,3.9,1.1,0,1,1,1,0.04,0.4,-791.4037235,491.4319579,2226.9026111,-0.1226545,0.9763826,0.1721626,0.0446426;
custom,cuboid,rock3,0.4,3.9,1.1,0,1,1,1,0.04,0.4,120.5884431,1402.5862623,390.5119605,0.0350075,0.6588397,0.2084672,0.7219738;
custom,cuboid,rock3,0.4,3.9,1.1,0,1,1,1,0.04,0.4,118.5659876,1386.9647668,432.6649978,0.0350075,0.6588397,0.2084672,0.7219738;
custom,cuboid,rock3,0.4,3.9,1.1,0,1,1,1,0.04,0.4,88.2291551,1152.6423341,1064.960557,-0.2084672,0.7219738,0.0350075,-0.6588397;
custom,cuboid,rock3,0.4,3.9,1.1,0,1,1,1,0.04,0.4,86.2066996,1137.0208386,1107.1135943,-0.2084672,0.7219738,0.0350075,-0.6588397;
custom,cuboid,rock3,0.4,3.9,1.1,0,1,1,1,0.04,0.4,67.5285598,1589.7774176,-175.1793159,0.1721626,-0.0446426,0.1226545,0.9763826;
custom,cuboid,rock3,0.4,3.9,1.1,0,1,1,1,0.04,0.4,2.8099839,1089.889561,1173.717877,-0.1721626,0.0446426,-0.1226545,-0.9763826;
custom,cuboid,rock3,0.4,3.9,1.1,0,1,1,1,0.04,0.4,44.6073975,1412.7338017,302.5551066,0.1721626,-0.0446426,0.1226545,0.9763826;
custom,cuboid,rock3,0.4,3.9,1.1,0,1,1,1,0.04,0.4,-20.1111784,912.8459452,1651.4522994,0.1226545,-0.9763826,-0.1721626,-0.0446426;
custom,cuboid,rock3,0.4,3.9,1.1,0,1,1,1,0.04,0.4,613.2106145,1516.899635,456.510817,-0.2084672,0.7219738,0.0350075,-0.6588397;
custom,cuboid,rock3,0.4,3.9,1.1,0,1,1,1,0.04,0.4,611.188159,1501.2781395,498.6638543,-0.2084672,0.7219738,0.0350075,-0.6588397;
custom,cuboid,rock3,0.4,3.9,1.1,0,1,1,1,0.04,0.4,580.8513265,1266.9557068,1130.9594135,0.0350075,0.6588397,0.2084672,0.7219738;
custom,cuboid,rock3,0.4,3.9,1.1,0,1,1,1,0.04,0.4,578.828871,1251.3342113,1173.1124508,0.0350075,0.6588397,0.2084672,0.7219738;
custom,cuboid,rock3,0.4,3.9,1.1,0,1,1,1,0.04,0.4,687.1692046,1491.1306002,586.6207083,-0.1226545,0.9763826,0.1721626,0.0446426;
custom,cuboid,rock3,0.4,3.9,1.1,0,1,1,1,0.04,0.4,664.2480423,1314.0869844,1064.3551307,-0.1226545,0.9763826,0.1721626,0.0446426;
custom,cuboid,rock3,0.4,3.9,1.1,0,1,1,1,0.04,0.4,730.6358668,1501.2170743,592.4441368,-0.1226545,0.9763826,0.1721626,0.0446426;
custom,cuboid,rock3,0.4,3.9,1.1,0,1,1,1,0.04,0.4,707.7147045,1324.1734585,1070.1785592,-0.1226545,0.9763826,0.1721626,0.0446426;
custom,cuboid,rock3,1,10,20,0,1,1,1,2,1,-83.2672082,1347.7053023,384.4124794,0.1721626,-0.0446426,0.1226545,0.9763826;
custom,cuboid,rock3,1,10,20,0,1,1,1,2,1,-737.3111045,746.4191232,1555.3657289,0.2084672,-0.7219738,-0.0350075,0.6588397;
custom,cuboid,rock3,1,10,20,0,1,1,1,2,1,-51.2826352,834.9023958,1845.2547591,-0.0350075,-0.6588397,-0.2084672,-0.7219738;
custom,cuboid,rock3,1,10,20,0,1,1,1,2,1,-9.4852216,1157.7466364,974.0919887,-0.2084672,0.7219738,0.0350075,-0.6588397;
custom,cuboid,rock3,1,10,20,0,1,1,1,2,1,676.5432477,1246.229909,1263.981019,0.0350075,0.6588397,0.2084672,0.7219738;
custom,cuboid,rock3,1,10,20,0,1,1,1,2,1,815.0438103,1556.1590996,504.7633354,-0.1226545,0.9763826,0.1721626,0.0446426;
custom,cuboid,rock3,20,10,1,0,1,1,1,2,1,-115.6264962,1097.7613741,1058.8610759,-0.2084672,0.7219738,0.0350075,-0.6588397;
custom,cuboid,rock3,20,10,1,0,1,1,1,2,1,-843.4523791,686.4338608,1640.1348161,0.2084672,-0.7219738,-0.0350075,0.6588397;
custom,cuboid,rock3,20,10,1,0,1,1,1,2,1,13.4359408,1334.7902523,496.3575663,0.1721626,-0.0446426,0.1226545,0.9763826;
custom,cuboid,rock3,20,10,1,0,1,1,1,2,1,54.8586394,894.8876581,1760.4856721,-0.0350075,-0.6588397,-0.2084672,-0.7219738;
custom,cuboid,rock3,20,10,1,0,1,1,1,2,1,718.3406613,1569.0741496,392.8182486,-0.1226545,0.9763826,0.1721626,0.0446426;
custom,cuboid,rock3,20,10,1,0,1,1,1,2,1,782.6845223,1306.2151714,1179.2119319,0.0350075,0.6588397,0.2084672,0.7219738;
custom,cuboid,rock3,4.9,0.4,1.1,0,1,1,1,0.5,0.04,-142.2508266,827.3282296,1725.9917298,-0.0350075,-0.6588397,-0.2084672,-0.7219738;
custom,cuboid,rock3,4.9,0.4,1.1,0,1,1,1,0.5,0.04,-153.7207417,868.306662,1740.6276148,-0.0350075,-0.6588397,-0.2084672,-0.7219738;
custom,cuboid,rock3,4.9,0.4,1.1,0,1,1,1,0.5,0.04,-634.872998,713.0148569,1659.9928733,0.2084672,-0.7219738,-0.0350075,0.6588397;
custom,cuboid,rock3,4.9,0.4,1.1,0,1,1,1,0.5,0.04,-646.3429131,753.9932893,1674.6287583,0.2084672,-0.7219738,-0.0350075,0.6588397;
custom,cuboid,rock3,4.9,0.4,1.1,0,1,1,1,0.5,0.04,-741.0142726,653.0295946,1744.7619604,0.1721626,-0.0446426,0.1226545,0.9763826;
custom,cuboid,rock3,4.9,0.4,1.1,0,1,1,1,0.5,0.04,-763.9354349,475.9859788,2222.4963829,-0.1226545,0.9763826,0.1721626,0.0446426;
custom,cuboid,rock3,4.9,0.4,1.1,0,1,1,1,0.5,0.04,-752.4841877,694.008027,1759.3978455,0.1721626,-0.0446426,0.1226545,0.9763826;
custom,cuboid,rock3,4.9,0.4,1.1,0,1,1,1,0.5,0.04,-775.40535,516.9644111,2237.1322679,-0.1226545,0.9763826,0.1721626,0.0446426;
custom,cuboid,rock3,4.9,0.4,1.1,0,1,1,1,0.5,0.04,51.5301863,1564.2449643,-185.4089726,0.1721626,-0.0446426,0.1226545,0.9763826;
custom,cuboid,rock3,4.9,0.4,1.1,0,1,1,1,0.5,0.04,-13.1883897,1064.3571078,1163.4882203,-0.1721626,0.0446426,-0.1226545,-0.9763826;
custom,cuboid,rock3,4.9,0.4,1.1,0,1,1,1,0.5,0.04,28.609024,1387.2013484,292.3254499,0.1721626,-0.0446426,0.1226545,0.9763826;
custom,cuboid,rock3,4.9,0.4,1.1,0,1,1,1,0.5,0.04,-36.109552,887.313492,1641.2226427,0.1226545,-0.9763826,-0.1721626,-0.0446426;
custom,cuboid,rock3,4.9,0.4,1.1,0,1,1,1,0.5,0.04,40.0602712,1605.2233967,-170.7730877,0.1721626,-0.0446426,0.1226545,0.9763826;
custom,cuboid,rock3,4.9,0.4,1.1,0,1,1,1,0.5,0.04,-24.6583048,1105.3355402,1178.1241053,-0.1721626,0.0446426,-0.1226545,-0.9763826;
custom,cuboid,rock3,4.9,0.4,1.1,0,1,1,1,0.5,0.04,17.1391089,1428.1797808,306.9613348,0.1721626,-0.0446426,0.1226545,0.9763826;
custom,cuboid,rock3,4.9,0.4,1.1,0,1,1,1,0.5,0.04,-47.5794671,928.2919244,1655.8585277,0.1226545,-0.9763826,-0.1721626,-0.0446426;
custom,cuboid,rock3,4.9,0.4,1.1,0,1,1,1,0.5,0.04,125.3121729,1374.2862984,404.2705367,0.0350075,0.6588397,0.2084672,0.7219738;
custom,cuboid,rock3,4.9,0.4,1.1,0,1,1,1,0.5,0.04,92.9528849,1124.3423702,1078.7191331,-0.2084672,0.7219738,0.0350075,-0.6588397;
custom,cuboid,rock3,4.9,0.4,1.1,0,1,1,1,0.5,0.04,113.8422578,1415.2647308,418.9064217,0.0350075,0.6588397,0.2084672,0.7219738;
custom,cuboid,rock3,4.9,0.4,1.1,0,1,1,1,0.5,0.04,81.4829698,1165.3208025,1093.3550181,-0.2084672,0.7219738,0.0350075,-0.6588397;
custom,cuboid,rock3,4.9,0.4,1.1,0,1,1,1,0.5,0.04,617.9343443,1488.5996711,470.2693932,-0.2084672,0.7219738,0.0350075,-0.6588397;
custom,cuboid,rock3,4.9,0.4,1.1,0,1,1,1,0.5,0.04,585.5750563,1238.6557429,1144.7179896,0.0350075,0.6588397,0.2084672,0.7219738;
custom,cuboid,rock3,4.9,0.4,1.1,0,1,1,1,0.5,0.04,606.4644292,1529.5781035,484.9052782,-0.2084672,0.7219738,0.0350075,-0.6588397;
custom,cuboid,rock3,4.9,0.4,1.1,0,1,1,1,0.5,0.04,574.1051412,1279.6341752,1159.3538746,0.0350075,0.6588397,0.2084672,0.7219738;
custom,cuboid,rock3,4.9,0.4,1.1,0,1,1,1,0.5,0.04,714.6374932,1475.684621,582.21448,-0.1226545,0.9763826,0.1721626,0.0446426;
custom,cuboid,rock3,4.9,0.4,1.1,0,1,1,1,0.5,0.04,691.7163309,1298.6410053,1059.9489025,-0.1226545,0.9763826,0.1721626,0.0446426;
custom,cuboid,rock3,4.9,0.4,1.1,0,1,1,1,0.5,0.04,703.1675781,1516.6630534,596.850365,-0.1226545,0.9763826,0.1721626,0.0446426;
custom,cuboid,rock3,4.9,0.4,1.1,0,1,1,1,0.5,0.04,680.2464158,1339.6194375,1074.5847875,-0.1226545,0.9763826,0.1721626,0.0446426;
custom,cuboid,stone1,20.1,0.9,1.1,0,1,1,1,1,0.05,-146.1751273,804.5975748,1717.3796921,-0.0350075,-0.6588397,-0.2084672,-0.7219738;
custom,cuboid,stone1,20.1,0.9,1.1,0,1,1,1,1,0.05,-619.4787822,694.7670794,1653.9690261,-0.0350075,-0.6588397,-0.2084672,-0.7219738;
custom,cuboid,stone1,20.1,0.9,1.1,0,1,1,1,1,0.05,-735.7287496,629.0689349,1746.8113596,0.1226545,-0.9763826,-0.1721626,-0.0446426;
custom,cuboid,stone1,20.1,0.9,1.1,0,1,1,1,1,0.05,-757.7510428,458.968206,2205.8110989,0.1226545,-0.9763826,-0.1721626,-0.0446426;
custom,cuboid,stone1,20.1,0.9,1.1,0,1,1,1,1,0.05,56.8157093,1540.2843047,-183.3595734,0.1721626,-0.0446426,0.1226545,0.9763826;
custom,cuboid,stone1,20.1,0.9,1.1,0,1,1,1,1,0.05,34.7934161,1370.1835757,275.6401657,0.1721626,-0.0446426,0.1226545,0.9763826;
custom,cuboid,stone1,20.1,0.9,1.1,0,1,1,1,1,0.05,-7.9028667,1040.3964482,1165.5376194,-0.1721626,0.0446426,-0.1226545,-0.9763826;
custom,cuboid,stone1,20.1,0.9,1.1,0,1,1,1,1,0.05,-29.9251599,870.2957193,1624.5373587,-0.1721626,0.0446426,-0.1226545,-0.9763826;
custom,cuboid,stone1,20.1,0.9,1.1,0,1,1,1,1,0.05,140.7063887,1356.038521,398.2466895,0.0350075,0.6588397,0.2084672,0.7219738;
custom,cuboid,stone1,20.1,0.9,1.1,0,1,1,1,1,0.05,108.3471007,1106.0945927,1072.6952859,-0.2084672,0.7219738,0.0350075,-0.6588397;
custom,cuboid,stone1,20.1,0.9,1.1,0,1,1,1,1,0.05,614.0100436,1465.8690163,461.6573555,0.0350075,0.6588397,0.2084672,0.7219738;
custom,cuboid,stone1,20.1,0.9,1.1,0,1,1,1,1,0.05,581.6507556,1215.925088,1136.1059519,-0.2084672,0.7219738,0.0350075,-0.6588397;
custom,cuboid,stone1,20.1,0.9,1.1,0,1,1,1,1,0.05,719.9230162,1451.7239615,584.2638792,-0.1226545,0.9763826,0.1721626,0.0446426;
custom,cuboid,stone1,20.1,0.9,1.1,0,1,1,1,1,0.05,697.900723,1281.6232325,1043.2636184,-0.1226545,0.9763826,0.1721626,0.0446426;
custom,cuboid,stone1,20.1,0.9,20.1,0,1,1,1,1,0.05,-762.9195402,419.0466064,2313.5355274,0.1721626,-0.0446426,0.1226545,0.9763826;
custom,cuboid,stone1,20.1,0.9,20.1,0,1,1,1,1,0.05,61.9842067,1580.2059043,-291.084002,0.1721626,-0.0446426,0.1226545,0.9763826;
custom,cuboid,stone1,5,1,5,0,1,1,1,0.1,0.1,34.4653018,1548.5664818,-224.064178,0.1721626,-0.0446426,0.1226545,0.9763826;
custom,cuboid,stone1,5,1,5,0,1,1,1,0.1,0.1,36.7124746,1565.923699,-270.9008861,0.1721626,-0.0446426,0.1226545,0.9763826;
custom,cuboid,stone1,5,1,5,0,1,1,1,0.1,0.1,38.9596474,1583.2809163,-317.7375942,0.1721626,-0.0446426,0.1226545,0.9763826;
custom,cuboid,stone1,5,1,5,0,1,1,1,0.1,0.1,41.2068202,1600.6381335,-364.5743022,0.1721626,-0.0446426,0.1226545,0.9763826;
custom,cuboid,stone1,5,1,5,0,1,1,1,0.1,0.1,-687.104344,461.8932223,2252.9861795,0.1721626,-0.0446426,0.1226545,0.9763826;
custom,cuboid,stone1,5,1,5,0,1,1,1,0.1,0.1,-689.3515168,444.5360051,2299.8228876,0.1721626,-0.0446426,0.1226545,0.9763826;
custom,cuboid,stone1,5,1,5,0,1,1,1,0.1,0.1,-691.5986896,427.1787879,2346.6595957,0.1721626,-0.0446426,0.1226545,0.9763826;
custom,cuboid,stone1,5,1,5,0,1,1,1,0.1,0.1,-693.8458624,409.8215706,2393.4963037,0.1721626,-0.0446426,0.1226545,0.9763826;
custom,cuboid,stone1,5,1,5,0,1,1,1,0.1,0.1,-735.4006354,450.6860289,2246.5157034,0.1721626,-0.0446426,0.1226545,0.9763826;
custom,cuboid,stone1,5,1,5,0,1,1,1,0.1,0.1,-737.6478081,433.3288117,2293.3524114,0.1721626,-0.0446426,0.1226545,0.9763826;
custom,cuboid,stone1,5,1,5,0,1,1,1,0.1,0.1,-739.8949809,415.9715945,2340.1891196,0.1721626,-0.0446426,0.1226545,0.9763826;
custom,cuboid,stone1,5,1,5,0,1,1,1,0.1,0.1,-742.1421537,398.6143772,2387.0258276,0.1721626,-0.0446426,0.1226545,0.9763826;
custom,cuboid,stone1,5,1,5,0,1,1,1,0.1,0.1,-783.6969267,439.4788355,2240.0452272,0.1721626,-0.0446426,0.1226545,0.9763826;
custom,cuboid,stone1,5,1,5,0,1,1,1,0.1,0.1,-785.9440995,422.1216183,2286.8819353,0.1721626,-0.0446426,0.1226545,0.9763826;
custom,cuboid,stone1,5,1,5,0,1,1,1,0.1,0.1,-788.1912722,404.7644011,2333.7186434,0.1721626,-0.0446426,0.1226545,0.9763826;
custom,cuboid,stone1,5,1,5,0,1,1,1,0.1,0.1,-790.438445,387.4071838,2380.5553514,0.1721626,-0.0446426,0.1226545,0.9763826;
custom,cuboid,stone1,5,1,5,0,1,1,1,0.1,0.1,-13.8309895,1537.3592884,-230.5346541,0.1721626,-0.0446426,0.1226545,0.9763826;
custom,cuboid,stone1,5,1,5,0,1,1,1,0.1,0.1,-11.5838167,1554.7165056,-277.3713622,0.1721626,-0.0446426,0.1226545,0.9763826;
custom,cuboid,stone1,5,1,5,0,1,1,1,0.1,0.1,-9.3366439,1572.0737229,-324.2080703,0.1721626,-0.0446426,0.1226545,0.9763826;
custom,cuboid,stone1,5,1,5,0,1,1,1,0.1,0.1,-7.0894711,1589.4309401,-371.0447784,0.1721626,-0.0446426,0.1226545,0.9763826;
custom,cuboid,stone1,5,1,5,0,1,1,1,0.1,0.1,-831.993218,428.2716421,2233.5747511,0.1721626,-0.0446426,0.1226545,0.9763826;
custom,cuboid,stone1,5,1,5,0,1,1,1,0.1,0.1,-834.2403908,410.9144249,2280.4114592,0.1721626,-0.0446426,0.1226545,0.9763826;
custom,cuboid,stone1,5,1,5,0,1,1,1,0.1,0.1,-836.4875636,393.5572077,2327.2481673,0.1721626,-0.0446426,0.1226545,0.9763826;
custom,cuboid,stone1,5,1,5,0,1,1,1,0.1,0.1,-838.7347363,376.1999904,2374.0848753,0.1721626,-0.0446426,0.1226545,0.9763826;
custom,cuboid,stone1,5,1,5,0,1,1,1,0.1,0.1,82.7615931,1559.7736752,-217.5937019,0.1721626,-0.0446426,0.1226545,0.9763826;
custom,cuboid,stone1,5,1,5,0,1,1,1,0.1,0.1,85.0087659,1577.1308924,-264.4304099,0.1721626,-0.0446426,0.1226545,0.9763826;
custom,cuboid,stone1,5,1,5,0,1,1,1,0.1,0.1,87.2559387,1594.4881097,-311.2671181,0.1721626,-0.0446426,0.1226545,0.9763826;
custom,cuboid,stone1,5,1,5,0,1,1,1,0.1,0.1,89.5031115,1611.8453269,-358.1038261,0.1721626,-0.0446426,0.1226545,0.9763826;
custom,cuboid,stone1,5,1,5,0,1,1,1,0.1,0.1,131.0578845,1570.9808686,-211.1232258,0.1721626,-0.0446426,0.1226545,0.9763826;
custom,cuboid,stone1,5,1,5,0,1,1,1,0.1,0.1,133.3050572,1588.3380858,-257.9599338,0.1721626,-0.0446426,0.1226545,0.9763826;
custom,cuboid,stone1,5,1,5,0,1,1,1,0.1,0.1,135.55223,1605.6953031,-304.7966419,0.1721626,-0.0446426,0.1226545,0.9763826;
custom,cuboid,stone1,5,1,5,0,1,1,1,0.1,0.1,137.7994028,1623.0525203,-351.63335,0.1721626,-0.0446426,0.1226545,0.9763826;
custom,field2,lava1,0.25,2,0.25,1,1,0.5,0.5,-0.05,0.05,21.0411026,1395.8229035,247.9607239,0.2796665,-0.0227636,-0.8174835,-0.5029804;
custom,field2,lava1,0.25,2,0.25,1,1,0.5,0.5,-0.05,0.05,-229.2374725,824.5064459,1777.5708814,-0.5054039,-0.2514079,0.5942816,0.572879;
custom,field2,lava1,0.25,2,0.25,1,1,0.5,0.5,-0.05,0.05,9.3521455,1504.683846,65.0330175,0.5184484,0.7165459,-0.0097763,-0.4665594;
custom,field2,lava1,0.25,2,0.25,1,1,0.5,0.5,-0.05,0.05,-269.6043062,810.9184704,1699.2453362,-0.5054039,-0.2514079,0.5942816,0.572879;
custom,field2,lava1,0.25,2,0.25,1,1,0.5,0.5,-0.05,0.05,-43.989016,1028.7143825,1255.2789826,-0.2512356,-0.0082195,0.8420999,0.4771591;
custom,field2,lava1,0.25,2,0.25,1,1,0.5,0.5,-0.05,0.05,-298.9962142,844.9635963,1665.6249109,-0.0169472,0.1844578,0.9230882,0.3370404;
custom,field2,lava1,0.25,2,0.25,1,1,0.5,0.5,-0.05,0.05,-60.9083901,921.4560637,1542.327835,-0.2512356,-0.0082195,0.8420999,0.4771591;
custom,field2,lava1,0.25,2,0.25,1,1,0.5,0.5,-0.05,0.05,-342.4306496,798.2398778,1762.4058712,-0.5054039,-0.2514079,0.5942816,0.572879;
custom,field2,lava1,0.25,2,0.25,1,1,0.5,0.5,-0.05,0.05,-358.4393863,786.6703978,1697.5179126,-0.0169472,0.1844578,0.9230882,0.3370404;
custom,field2,lava1,0.25,2,0.25,1,1,0.5,0.5,-0.05,0.05,-382.7975799,784.6518798,1684.0803131,-0.5054039,-0.2514079,0.5942816,0.572879;
custom,field2,lava1,0.25,2,0.25,1,1,0.5,0.5,-0.05,0.05,-408.1983904,819.4305323,1651.533846,-0.0143454,0.1864653,0.9233747,0.3352672;
custom,field2,lava1,0.25,2,0.25,1,1,0.5,0.5,-0.05,0.05,-69.0065583,989.9036802,1386.4930607,-0.6490923,-0.5674775,-0.3820258,0.3327233;
custom,field2,lava1,0.25,2,0.25,1,1,0.5,0.5,-0.05,0.05,-459.1374784,771.1579639,1746.7701209,-0.5054039,-0.2514079,0.5942816,0.572879;
custom,field2,lava1,0.25,2,0.25,1,1,0.5,0.5,-0.05,0.05,-467.2793194,761.0543819,1683.9429858,-0.0143454,0.1864653,0.9233747,0.3352672;
custom,field2,lava1,0.25,2,0.25,1,1,0.5,0.5,-0.05,0.05,-499.5044087,757.5699659,1668.4445628,-0.5054039,-0.2514079,0.5942816,0.572879;
custom,field2,lava1,0.25,2,0.25,1,1,0.5,0.5,-0.05,0.05,-507.0472677,796.6851813,1637.751355,-0.0169472,0.1844578,0.9230882,0.3370404;
custom,field2,lava1,0.25,2,0.25,1,1,0.5,0.5,-0.05,0.05,-554.8031587,748.9586656,1733.9533501,-0.5054039,-0.2514079,0.5942816,0.572879;
custom,field2,lava1,0.25,2,0.25,1,1,0.5,0.5,-0.05,0.05,-566.4912126,738.3918035,1669.6442532,-0.0169472,0.1844578,0.9230882,0.3370404;
custom,field2,lava1,0.25,2,0.25,1,1,0.5,0.5,-0.05,0.05,-595.1700889,735.3706676,1655.627792,-0.5054039,-0.2514079,0.5942816,0.572879;
custom,field2,lava1,0.25,2,0.25,1,1,0.5,0.5,-0.05,0.05,-18.6663378,1559.9667611,-112.9735108,0.7095823,0.5264648,0.4683241,-0.0005337;
custom,field2,lava1,0.25,2,0.25,1,1,0.5,0.5,-0.05,0.05,-629.3116589,768.1210198,1621.9102851,-0.0143454,0.1864653,0.9233747,0.3352672;
custom,field2,lava1,0.25,2,0.25,1,1,0.5,0.5,-0.05,0.05,-639.2339155,691.4812686,1828.7149594,-0.0143454,0.1864653,0.9233747,0.3352672;
custom,field2,lava1,0.25,2,0.25,1,1,0.5,0.5,-0.05,0.05,-716.8823999,549.5075792,2165.369539,-0.5545113,-0.3055184,0.5130363,0.5796288;
custom,field2,lava1,0.25,2,0.25,1,1,0.5,0.5,-0.05,0.05,-688.3926845,709.744847,1654.319412,-0.0143454,0.1864653,0.9233747,0.3352672;
custom,field2,lava1,0.25,2,0.25,1,1,0.5,0.5,-0.05,0.05,-698.314941,633.1050957,1861.1240863,-0.0143454,0.1864653,0.9233747,0.3352672;
custom,field2,lava1,0.25,2,0.25,1,1,0.5,0.5,-0.05,0.05,-741.5737664,542.8370511,2079.9607275,-0.5545113,-0.3055184,0.5130363,0.5796288;
custom,field2,lava1,0.25,2,0.25,1,1,0.5,0.5,-0.05,0.05,-757.2397622,529.407373,2105.2847524,-0.6939469,-0.5209509,-0.0069654,0.4969904;
custom,field2,lava1,0.25,2,0.25,1,1,0.5,0.5,-0.05,0.05,-822.6044799,519.9838928,2165.1789872,-0.6939469,-0.5209509,-0.0069654,0.4969904;
custom,field2,lava1,0.25,2,0.25,1,1,0.5,0.5,-0.05,0.05,-66.6940013,1458.2788978,113.531471,0.5184484,0.7165459,-0.0097763,-0.4665594;
custom,field2,lava1,0.25,2,0.25,1,1,0.5,0.5,-0.05,0.05,212.2792803,1167.619933,1070.0347074,-0.7145762,-0.3730378,0.3435818,0.4818457;
custom,field2,lava1,0.25,2,0.25,1,1,0.5,0.5,-0.05,0.05,206.475593,1187.3622213,1079.6809724,-0.6356584,-0.40688,0.3228439,0.5711032;
custom,field2,lava1,0.25,2,0.25,1,1,0.5,0.5,-0.05,0.05,203.1469541,1198.6685307,1085.2522658,-0.4822556,-0.4488615,0.2770758,0.6994154;
custom,field2,lava1,0.25,2,0.25,1,1,0.5,0.5,-0.05,0.05,2.6088968,1139.8079524,1092.8951063,-0.3713817,-0.2217188,0.5385588,0.723098;
custom,field2,lava1,0.25,2,0.25,1,1,0.5,0.5,-0.05,0.05,244.4490382,1403.2536045,481.2314952,0.0927827,-0.1499803,-0.8825299,-0.4359337;
custom,field2,lava1,0.25,2,0.25,1,1,0.5,0.5,-0.05,0.05,251.7828706,1446.551301,382.095427,0.3484679,0.0740827,-0.6663554,-0.6550209;
custom,field2,lava1,0.25,2,0.25,1,1,0.5,0.5,-0.05,0.05,18.9221323,1097.5465093,1084.4770854,-0.4928334,-0.2380942,0.6125572,0.5702631;
custom,field2,lava1,0.25,2,0.25,1,1,0.5,0.5,-0.05,0.05,7.9286755,976.9065253,1384.4709784,-0.6490923,-0.5674775,-0.3820258,0.3327233;
custom,field2,lava1,0.25,2,0.25,1,1,0.5,0.5,-0.05,0.05,-45.4879396,870.4682109,1770.1276872,-0.2119091,-0.1286548,0.5009569,0.8292072;
custom,field2,lava1,0.25,2,0.25,1,1,0.5,0.5,-0.05,0.05,317.2653543,1452.2364995,464.9160358,0.0927827,-0.1499803,-0.8825299,-0.4359337;
custom,field2,lava1,0.25,2,0.25,1,1,0.5,0.5,-0.05,0.05,325.4067263,1463.2301175,432.2722747,0.3484679,0.0740827,-0.6663554,-0.6550209;
custom,field2,lava1,0.25,2,0.25,1,1,0.5,0.5,-0.05,0.05,387.7969668,1471.9170373,455.0923542,-0.6049335,-0.6103831,-0.3867905,0.3344863;
custom,field2,lava1,0.25,2,0.25,1,1,0.5,0.5,-0.05,0.05,-0.3636216,966.6915476,1561.8278536,-0.2512356,-0.0082195,0.8420999,0.4771591;
custom,field2,lava1,0.25,2,0.25,1,1,0.5,0.5,-0.05,0.05,16.5557139,1073.9498576,1274.7789961,-0.2512356,-0.0082195,0.8420999,0.4771591;
custom,field2,lava1,0.25,2,0.25,1,1,0.5,0.5,-0.05,0.05,440.6021426,1199.4475126,1159.8549425,0.3014662,0.2887564,0.9071844,0.052482;
custom,field2,lava1,0.25,2,0.25,1,1,0.5,0.5,-0.05,0.05,434.952957,1220.8716516,1164.9133411,0.2719334,0.3899402,0.8726919,0.1113895;
custom,field2,lava1,0.25,2,0.25,1,1,0.5,0.5,-0.05,0.05,431.7154642,1233.1714439,1167.7744508,0.2133341,0.5444173,0.7848058,0.2053735;
custom,field2,lava1,0.25,2,0.25,1,1,0.5,0.5,-0.05,0.05,482.1579782,1471.582169,459.4955909,-0.6049335,-0.6103831,-0.3867905,0.3344863;
custom,field2,lava1,0.25,2,0.25,1,1,0.5,0.5,-0.05,0.05,89.4026946,1558.4125718,12.6284717,0.5184484,0.7165459,-0.0097763,-0.4665594;
custom,field2,lava1,0.25,2,0.25,1,1,0.5,0.5,-0.05,0.05,98.0031684,1588.2015806,-100.5949842,0.3642102,0.1644336,0.867122,0.2973414;
custom,field2,lava1,0.25,2,0.25,1,1,0.5,0.5,-0.05,0.05,15.9984493,841.6428704,1808.606968,-0.2119091,-0.1286548,0.5009569,0.8292072;
custom,field2,lava1,0.25,2,0.25,1,1,0.5,0.5,-0.05,0.05,621.5696605,1472.9680892,626.9949344,-0.6049335,-0.6103831,-0.3867905,0.3344863;
custom,field2,lava1,0.25,2,0.25,1,1,0.5,0.5,-0.05,0.05,602.6341962,1326.7101017,1021.6574295,-0.6049335,-0.6103831,-0.3867905,0.3344863;
custom,field2,lava1,0.25,2,0.25,1,1,0.5,0.5,-0.05,0.05,53.8691181,1516.9456043,-65.9536149,0.7095823,0.5264648,0.4683241,-0.0005337;
custom,field2,lava1,0.25,2,0.25,1,1,0.5,0.5,-0.05,0.05,53.549728,1512.4294419,-53.5592925,0.3611613,0.1616169,0.8683899,0.2989003;
custom,field2,lava1,0.25,2,0.25,1,1,0.5,0.5,-0.05,0.05,717.6320494,1467.649796,634.7479988,0.6064238,0.61031,0.3816707,-0.3377859;
custom,field2,lava1,0.25,2,0.25,1,1,0.5,0.5,-0.05,0.05,698.8079146,1322.2517198,1027.0901098,0.6064238,0.61031,0.3816707,-0.3377859;
custom,field2,lava1,0.25,2,0.25,1,1,0.5,0.5,-0.05,0.05,715.0526771,1452.2814802,692.7305646,0.238033,-0.0101887,-0.8158328,-0.5269281;
custom,field2,lava1,0.25,2,0.25,1,1,0.5,0.5,-0.05,0.05,700.5395948,1340.1820797,995.2195423,0.238033,-0.0101887,-0.8158328,-0.5269281;
custom,field2,lava1,0.25,2,0.25,1,1,0.5,0.5,-0.05,0.05,794.41344,1491.33946,711.0127031,0.238033,-0.0101887,-0.8158328,-0.5269281;
custom,field2,lava1,0.25,2,0.25,1,1,0.5,0.5,-0.05,0.05,779.7556578,1378.1223935,1016.5175902,0.238033,-0.0101887,-0.8158328,-0.5269281;
custom,field2,lava1,0.25,2,0.25,1,1,0.5,0.5,-0.05,0.05,110.6161674,1453.714508,273.7124868,0.2796665,-0.0227636,-0.8174835,-0.5029804;
custom,field2,lava1,0.25,2,0.25,1,1,0.5,0.5,-0.05,0.05,75.0314251,1095.1765799,1165.3069954,-0.5555354,-0.2429304,0.6441763,0.4662639;
custom,field2,lava1,0.25,2,0.25,1,1,0.5,0.5,-0.05,0.05,70.8202315,1115.5148343,1174.5327125,-0.4928334,-0.2380942,0.6125572,0.5702631;
custom,field2,lava1,0.25,2,0.25,1,1,0.5,0.5,-0.05,0.05,68.432375,1127.1736049,1179.854348,-0.3713817,-0.2217188,0.5385588,0.723098;
custom,field2,lava1,0.9072368,7.257895,0.9072368,1,1,0.5,0.5,-0.05,0.05,752.5628814,1411.1500471,1360.6890094,0.4834276,0.133097,-0.7826273,-0.3688867;
custom,field2,lava1,0.9072368,7.257895,0.9072368,1,1,0.5,0.5,-0.05,0.05,772.3178317,1418.3504762,1356.010461,0.6929064,0.2627894,-0.5094418,-0.4373689;
custom,log2,rock3,2.1,-2.1,0.2,0,1,1,1,0.1,1,-108.2294323,1429.0975242,136.9630658,-0.0551628,0.8121441,-0.5686694,0.1182969;
custom,log2,rock3,2.1,-2.1,0.2,0,1,1,1,0.1,1,-182.9554054,888.1536646,1592.9687189,-0.249246,0.7749177,-0.580418,-0.0222261;
custom,log2,rock3,2.1,-2.1,0.2,0,1,1,1,0.1,1,-207.1603451,808.2494681,1797.7203595,-0.4745086,0.6614095,-0.5457468,-0.1988452;
custom,log2,rock3,2.1,-2.1,0.2,0,1,1,1,0.1,1,-273.86701,843.9811443,1645.3996857,0.6596853,0.4769027,-0.2008219,0.5450226;
custom,log2,rock3,2.1,-2.1,0.2,0,1,1,1,0.1,1,-329.0359396,779.968138,1781.3921259,-0.4745086,0.6614095,-0.5457468,-0.1988452;
custom,log2,rock3,2.1,-2.1,0.2,0,1,1,1,0.1,1,-375.9500581,820.0354402,1632.4434157,0.6596853,0.4769027,-0.2008219,0.5450226;
custom,log2,rock3,2.1,-2.1,0.2,0,1,1,1,0.1,1,-436.2706101,755.0842461,1767.0254042,-0.4745086,0.6614095,-0.5457468,-0.1988452;
custom,log2,rock3,2.1,-2.1,0.2,0,1,1,1,0.1,1,-483.2182168,794.8740684,1618.8273545,0.6596853,0.4769027,-0.2008219,0.5450226;
custom,log2,rock3,2.1,-2.1,0.2,0,1,1,1,0.1,1,-538.3208668,731.4034016,1753.3532623,-0.4745086,0.6614095,-0.5457468,-0.1988452;
custom,log2,rock3,2.1,-2.1,0.2,0,1,1,1,0.1,1,-608.721213,692.1989039,1807.9486295,-0.249246,0.7749177,-0.580418,-0.0222261;
custom,log2,rock3,2.1,-2.1,0.2,0,1,1,1,0.1,1,-605.1313674,766.2766024,1603.3548251,0.6596853,0.4769027,-0.2008219,0.5450226;
custom,log2,rock3,2.1,-2.1,0.2,0,1,1,1,0.1,1,-702.495063,530.0314262,2188.5058579,-0.4745086,0.6614095,-0.5457468,-0.1988452;
custom,log2,rock3,2.1,-2.1,0.2,0,1,1,1,0.1,1,-94.7813925,987.6587697,1383.4690245,0.0210286,-0.8137436,0.5632035,-0.1420596;
custom,log2,rock3,2.1,-2.1,0.2,0,1,1,1,0.1,1,-28.6716637,1552.3018949,-145.643707,-0.0551628,0.8121441,-0.5686694,0.1182969;
custom,log2,rock3,2.1,-2.1,0.2,0,1,1,1,0.1,1,-835.8451802,499.0874239,2170.6403298,-0.4745086,0.6614095,-0.5457468,-0.1988452;
custom,log2,rock3,2.1,-2.1,0.2,0,1,1,1,0.1,1,165.3120603,1454.35174,280.6250604,-0.7928302,0.1845026,-0.2792669,-0.5093025;
custom,log2,rock3,2.1,-2.1,0.2,0,1,1,1,0.1,1,121.1216013,1102.9001234,1230.0090621,-0.249246,0.7749177,-0.580418,-0.0222261;
custom,log2,rock3,2.1,-2.1,0.2,0,1,1,1,0.1,1,207.7147714,1172.6663954,1102.5349699,0.0210286,-0.8137436,0.5632035,-0.1420596;
custom,log2,rock3,2.1,-2.1,0.2,0,1,1,1,0.1,1,355.4185882,1448.4508551,446.1302077,0.8133338,0.0333012,0.1335478,0.5652823;
custom,log2,rock3,2.1,-2.1,0.2,0,1,1,1,0.1,1,441.0562744,1226.8134796,1133.7968035,0.0210286,-0.8137436,0.5632035,-0.1420596;
custom,log2,rock3,2.1,-2.1,0.2,0,1,1,1,0.1,1,544.8568077,1300.9575322,1007.5506799,-0.2492457,0.7749178,-0.580418,-0.0222258;
custom,log2,rock3,2.1,-2.1,0.2,0,1,1,1,0.1,1,564.7060902,1447.6306209,612.4421352,-0.7928302,0.1845026,-0.2792669,-0.5093025;
custom,log2,rock3,2.1,-2.1,0.2,0,1,1,1,0.1,1,42.7507975,1065.965843,1272.0019992,-0.8139923,-0.0061147,-0.1523555,-0.5605059;
custom,log2,rock3,2.1,-2.1,0.2,0,1,1,1,0.1,1,28.9052919,959.0228204,1560.5770086,-0.8139923,-0.0061147,-0.1523555,-0.5605059;
custom,log2,rock3,2.1,-2.1,0.2,0,1,1,1,0.1,1,839.7264953,1379.2218351,1019.5064441,-0.7989943,0.1556566,-0.260631,-0.5190863;
custom,log2,rock3,2.1,-2.1,0.2,0,1,1,1,0.1,1,884.5413944,1499.3401513,718.3125932,0.8131429,-0.0376755,0.1822823,0.5515;
custom,log2,rock3,2.1,2.1,0.2,0,1,1,1,0.1,1,116.2172102,1585.9234751,-126.2322787,0.8121441,0.0551628,0.1182969,0.5686694;
custom,log2,rock3,7.756444,-7.756444,0.738709,0,1,1,1,0.1,1,821.9738925,1376.9085867,1417.8256481,-0.7228566,0.3742984,-0.3962256,-0.4247168;
custom,sphere,bombtex,12.92741,-12.92741,12.92741,1,1,0.5,0,1000000000,1000000000,805.9910908,1428.3110614,1431.726877,-0.959048,-0.160034,0.188528,0.1381057;
custom,sphere,bombtex,13.11209,-13.11209,13.11209,1,1,0.5,0,1000000000,1000000000,805.9910908,1428.3110614,1431.726877,-0.959048,-0.160034,0.188528,0.1381057;
custom,sphere,bombtex,3.5,-3.5,3.5,1,1,0.5,0,1000000000,1000000000,-110.8453301,1443.0371815,142.003456,-0.6588397,0.0350075,-0.7219738,0.2084672;
custom,sphere,bombtex,3.5,-3.5,3.5,1,1,0.5,0,1000000000,1000000000,-210.391663,822.4224372,1801.6252448,-0.940256,-0.0800011,-0.2668982,0.1956627;
custom,sphere,bombtex,3.5,-3.5,3.5,1,1,0.5,0,1000000000,1000000000,-278.2736005,857.1278219,1651.257001,0.2634893,0.1953716,-0.9412169,0.0807095;
custom,sphere,bombtex,3.5,-3.5,3.5,1,1,0.5,0,1000000000,1000000000,-332.2672576,794.1411071,1785.2970112,-0.940256,-0.0800011,-0.2668982,0.1956627;
custom,sphere,bombtex,3.5,-3.5,3.5,1,1,0.5,0,1000000000,1000000000,-380.3578077,833.1818488,1638.3005757,0.2634893,0.1953716,-0.9412169,0.0807095;
custom,sphere,bombtex,3.5,-3.5,3.5,1,1,0.5,0,1000000000,1000000000,-439.501928,769.2572152,1770.9302895,-0.940256,-0.0800011,-0.2668982,0.1956627;
custom,sphere,bombtex,3.5,-3.5,3.5,1,1,0.5,0,1000000000,1000000000,-487.6252386,808.0203092,1624.6855548,0.2634893,0.1953716,-0.9412169,0.0807095;
custom,sphere,bombtex,3.5,-3.5,3.5,1,1,0.5,0,1000000000,1000000000,-541.5521847,745.5763707,1757.2581476,-0.940256,-0.0800011,-0.2668982,0.1956627;
custom,sphere,bombtex,3.5,-3.5,3.5,1,1,0.5,0,1000000000,1000000000,-611.4504943,706.3092386,1812.4223208,-0.8134035,-0.01626,-0.5419324,0.2107598;
custom,sphere,bombtex,3.5,-3.5,3.5,1,1,0.5,0,1000000000,1000000000,-609.5382476,779.4232128,1609.2121017,0.2634893,0.1953716,-0.9412169,0.0807095;
custom,sphere,bombtex,3.5,-3.5,3.5,1,1,0.5,0,1000000000,1000000000,-705.726381,544.2043953,2192.4107433,-0.940256,-0.0800011,-0.2668982,0.1956627;
custom,sphere,bombtex,3.5,-3.5,3.5,1,1,0.5,0,1000000000,1000000000,-97.404842,1001.5613292,1388.6073958,0.627959,-0.0437257,0.7489883,-0.2068142;
custom,sphere,bombtex,3.5,-3.5,3.5,1,1,0.5,0,1000000000,1000000000,-31.2875615,1566.2415522,-140.6033168,-0.6588397,0.0350075,-0.7219738,0.2084672;
custom,sphere,bombtex,3.5,-3.5,3.5,1,1,0.5,0,1000000000,1000000000,-839.0765948,513.2603705,2174.5452022,-0.940256,-0.0800011,-0.2668982,0.1956627;
custom,sphere,bombtex,3.5,-3.5,3.5,1,1,0.5,0,1000000000,1000000000,160.5189599,1468.021324,284.7153781,-0.8829517,-0.1891457,0.4191803,0.094382;
custom,sphere,bombtex,3.5,-3.5,3.5,1,1,0.5,0,1000000000,1000000000,118.3923201,1117.010458,1234.4827535,-0.8134035,-0.01626,-0.5419324,0.2107598;
custom,sphere,bombtex,3.5,-3.5,3.5,1,1,0.5,0,1000000000,1000000000,205.0913823,1186.5692046,1107.6726894,0.627959,-0.0437257,0.7489883,-0.2068142;
custom,sphere,bombtex,3.5,-3.5,3.5,1,1,0.5,0,1000000000,1000000000,350.3914506,1461.8534508,450.784675,0.7394307,0.2074503,-0.6391856,-0.0406011;
custom,sphere,bombtex,3.5,-3.5,3.5,1,1,0.5,0,1000000000,1000000000,438.4328853,1240.7162888,1138.934523,0.627959,-0.0437257,0.7489883,-0.2068142;
custom,sphere,bombtex,3.5,-3.5,3.5,1,1,0.5,0,1000000000,1000000000,559.9129916,1461.3002189,616.5324154,-0.8829517,-0.1891457,0.4191803,0.094382;
custom,sphere,bombtex,3.5,-3.5,3.5,1,1,0.5,0,1000000000,1000000000,542.1274388,1315.0679139,1012.024171,-0.8134029,-0.0162597,-0.5419333,0.2107598;
custom,sphere,bombtex,3.5,-3.5,3.5,1,1,0.5,0,1000000000,1000000000,37.7354524,1079.400907,1276.5748009,-0.760369,-0.2059783,0.6141294,0.047508;
custom,sphere,bombtex,3.5,-3.5,3.5,1,1,0.5,0,1000000000,1000000000,23.8899468,972.4578845,1565.1498104,-0.760369,-0.2059783,0.6141294,0.047508;
custom,sphere,bombtex,3.5,-3.5,3.5,1,1,0.5,0,1000000000,1000000000,35.7591774,830.9051464,1819.5188955,-0.8134035,-0.01626,-0.5419324,0.2107598;
custom,sphere,bombtex,3.5,-3.5,3.5,1,1,0.5,0,1000000000,1000000000,834.8815406,1392.8534825,1023.6623727,-0.8671834,-0.1924414,0.4508978,0.0874665;
custom,sphere,bombtex,3.5,-3.5,3.5,1,1,0.5,0,1000000000,1000000000,879.5535219,1512.824589,722.7686858,0.7922996,0.2031249,-0.5723437,-0.0585178;
custom,sphere,bombtex,3.5,3.5,3.5,1,1,0.5,0,1000000000,1000000000,111.1864979,1599.3027727,-121.5154122,0.2084672,-0.7219738,-0.0350075,0.6588397;
custom,sphere,bombtex,3.55,-3.55,3.55,1,1,0.5,0,1000000000,1000000000,-110.8453301,1443.0371815,142.003456,-0.6588397,0.0350075,-0.7219738,0.2084672;
custom,sphere,bombtex,3.55,-3.55,3.55,1,1,0.5,0,1000000000,1000000000,-210.391663,822.4224372,1801.6252448,-0.940256,-0.0800011,-0.2668982,0.1956627;
custom,sphere,bombtex,3.55,-3.55,3.55,1,1,0.5,0,1000000000,1000000000,-278.2736005,857.1278219,1651.257001,0.2634893,0.1953716,-0.9412169,0.0807095;
custom,sphere,bombtex,3.55,-3.55,3.55,1,1,0.5,0,1000000000,1000000000,-332.2672576,794.1411071,1785.2970112,-0.940256,-0.0800011,-0.2668982,0.1956627;
custom,sphere,bombtex,3.55,-3.55,3.55,1,1,0.5,0,1000000000,1000000000,-380.3578077,833.1818488,1638.3005757,0.2634893,0.1953716,-0.9412169,0.0807095;
custom,sphere,bombtex,3.55,-3.55,3.55,1,1,0.5,0,1000000000,1000000000,-439.501928,769.2572152,1770.9302895,-0.940256,-0.0800011,-0.2668982,0.1956627;
custom,sphere,bombtex,3.55,-3.55,3.55,1,1,0.5,0,1000000000,1000000000,-487.6252386,808.0203092,1624.6855548,0.2634893,0.1953716,-0.9412169,0.0807095;
custom,sphere,bombtex,3.55,-3.55,3.55,1,1,0.5,0,1000000000,1000000000,-541.5521847,745.5763707,1757.2581476,-0.940256,-0.0800011,-0.2668982,0.1956627;
custom,sphere,bombtex,3.55,-3.55,3.55,1,1,0.5,0,1000000000,1000000000,-611.4504943,706.3092386,1812.4223208,-0.8134035,-0.01626,-0.5419324,0.2107598;
custom,sphere,bombtex,3.55,-3.55,3.55,1,1,0.5,0,1000000000,1000000000,-609.5382476,779.4232128,1609.2121017,0.2634893,0.1953716,-0.9412169,0.0807095;
custom,sphere,bombtex,3.55,-3.55,3.55,1,1,0.5,0,1000000000,1000000000,-705.726381,544.2043953,2192.4107433,-0.940256,-0.0800011,-0.2668982,0.1956627;
custom,sphere,bombtex,3.55,-3.55,3.55,1,1,0.5,0,1000000000,1000000000,-97.404842,1001.5613292,1388.6073958,0.627959,-0.0437257,0.7489883,-0.2068142;
custom,sphere,bombtex,3.55,-3.55,3.55,1,1,0.5,0,1000000000,1000000000,-31.2875615,1566.2415522,-140.6033168,-0.6588397,0.0350075,-0.7219738,0.2084672;
custom,sphere,bombtex,3.55,-3.55,3.55,1,1,0.5,0,1000000000,1000000000,-839.0765948,513.2603705,2174.5452022,-0.940256,-0.0800011,-0.2668982,0.1956627;
custom,sphere,bombtex,3.55,-3.55,3.55,1,1,0.5,0,1000000000,1000000000,160.5189599,1468.021324,284.7153781,-0.8829517,-0.1891457,0.4191803,0.094382;
custom,sphere,bombtex,3.55,-3.55,3.55,1,1,0.5,0,1000000000,1000000000,118.3923201,1117.010458,1234.4827535,-0.8134035,-0.01626,-0.5419324,0.2107598;
custom,sphere,bombtex,3.55,-3.55,3.55,1,1,0.5,0,1000000000,1000000000,205.0913823,1186.5692046,1107.6726894,0.627959,-0.0437257,0.7489883,-0.2068142;
custom,sphere,bombtex,3.55,-3.55,3.55,1,1,0.5,0,1000000000,1000000000,350.3914506,1461.8534508,450.784675,0.7394307,0.2074503,-0.6391856,-0.0406011;
custom,sphere,bombtex,3.55,-3.55,3.55,1,1,0.5,0,1000000000,1000000000,438.4328853,1240.7162888,1138.934523,0.627959,-0.0437257,0.7489883,-0.2068142;
custom,sphere,bombtex,3.55,-3.55,3.55,1,1,0.5,0,1000000000,1000000000,559.9129916,1461.3002189,616.5324154,-0.8829517,-0.1891457,0.4191803,0.094382;
custom,sphere,bombtex,3.55,-3.55,3.55,1,1,0.5,0,1000000000,1000000000,542.1274388,1315.0679139,1012.024171,-0.8134029,-0.0162597,-0.5419333,0.2107598;
custom,sphere,bombtex,3.55,-3.55,3.55,1,1,0.5,0,1000000000,1000000000,37.7354524,1079.400907,1276.5748009,-0.760369,-0.2059783,0.6141294,0.047508;
custom,sphere,bombtex,3.55,-3.55,3.55,1,1,0.5,0,1000000000,1000000000,23.8899468,972.4578845,1565.1498104,-0.760369,-0.2059783,0.6141294,0.047508;
custom,sphere,bombtex,3.55,-3.55,3.55,1,1,0.5,0,1000000000,1000000000,35.7591774,830.9051464,1819.5188955,-0.8134035,-0.01626,-0.5419324,0.2107598;
custom,sphere,bombtex,3.55,-3.55,3.55,1,1,0.5,0,1000000000,1000000000,834.8815406,1392.8534825,1023.6623727,-0.8671834,-0.1924414,0.4508978,0.0874665;
custom,sphere,bombtex,3.55,-3.55,3.55,1,1,0.5,0,1000000000,1000000000,879.5535219,1512.824589,722.7686858,0.7922996,0.2031249,-0.5723437,-0.0585178;
custom,sphere,bombtex,3.55,3.55,3.55,1,1,0.5,0,1000000000,1000000000,111.1864979,1599.3027727,-121.5154122,0.2084672,-0.7219738,-0.0350075,0.6588397;
custom,sphere,metal1,12.00402,-12.00402,12.00402,1,1,0.75,0,0.1,0.1,805.9910908,1428.3110614,1431.726877,-0.959048,-0.160034,0.188528,0.1381057;
custom,sphere,metal1,3.25,-3.25,3.25,1,1,0.75,0,0.1,0.1,-110.8453301,1443.0371815,142.003456,-0.6588397,0.0350075,-0.7219738,0.2084672;
custom,sphere,metal1,3.25,-3.25,3.25,1,1,0.75,0,0.1,0.1,-210.391663,822.4224372,1801.6252448,-0.940256,-0.0800011,-0.2668982,0.1956627;
custom,sphere,metal1,3.25,-3.25,3.25,1,1,0.75,0,0.1,0.1,-278.2736005,857.1278219,1651.257001,0.2634893,0.1953716,-0.9412169,0.0807095;
custom,sphere,metal1,3.25,-3.25,3.25,1,1,0.75,0,0.1,0.1,-332.2672576,794.1411071,1785.2970112,-0.940256,-0.0800011,-0.2668982,0.1956627;
custom,sphere,metal1,3.25,-3.25,3.25,1,1,0.75,0,0.1,0.1,-380.3578077,833.1818488,1638.3005757,0.2634893,0.1953716,-0.9412169,0.0807095;
custom,sphere,metal1,3.25,-3.25,3.25,1,1,0.75,0,0.1,0.1,-439.501928,769.2572152,1770.9302895,-0.940256,-0.0800011,-0.2668982,0.1956627;
custom,sphere,metal1,3.25,-3.25,3.25,1,1,0.75,0,0.1,0.1,-487.6252386,808.0203092,1624.6855548,0.2634893,0.1953716,-0.9412169,0.0807095;
custom,sphere,metal1,3.25,-3.25,3.25,1,1,0.75,0,0.1,0.1,-541.5521847,745.5763707,1757.2581476,-0.940256,-0.0800011,-0.2668982,0.1956627;
custom,sphere,metal1,3.25,-3.25,3.25,1,1,0.75,0,0.1,0.1,-611.4504943,706.3092386,1812.4223208,-0.8134035,-0.01626,-0.5419324,0.2107598;
custom,sphere,metal1,3.25,-3.25,3.25,1,1,0.75,0,0.1,0.1,-609.5382476,779.4232128,1609.2121017,0.2634893,0.1953716,-0.9412169,0.0807095;
custom,sphere,metal1,3.25,-3.25,3.25,1,1,0.75,0,0.1,0.1,-705.726381,544.2043953,2192.4107433,-0.940256,-0.0800011,-0.2668982,0.1956627;
custom,sphere,metal1,3.25,-3.25,3.25,1,1,0.75,0,0.1,0.1,-97.404842,1001.5613292,1388.6073958,0.627959,-0.0437257,0.7489883,-0.2068142;
custom,sphere,metal1,3.25,-3.25,3.25,1,1,0.75,0,0.1,0.1,-31.2875615,1566.2415522,-140.6033168,-0.6588397,0.0350075,-0.7219738,0.2084672;
custom,sphere,metal1,3.25,-3.25,3.25,1,1,0.75,0,0.1,0.1,-839.0765948,513.2603705,2174.5452022,-0.940256,-0.0800011,-0.2668982,0.1956627;
custom,sphere,metal1,3.25,-3.25,3.25,1,1,0.75,0,0.1,0.1,160.5189599,1468.021324,284.7153781,-0.8829517,-0.1891457,0.4191803,0.094382;
custom,sphere,metal1,3.25,-3.25,3.25,1,1,0.75,0,0.1,0.1,118.3923201,1117.010458,1234.4827535,-0.8134035,-0.01626,-0.5419324,0.2107598;
custom,sphere,metal1,3.25,-3.25,3.25,1,1,0.75,0,0.1,0.1,205.0913823,1186.5692046,1107.6726894,0.627959,-0.0437257,0.7489883,-0.2068142;
custom,sphere,metal1,3.25,-3.25,3.25,1,1,0.75,0,0.1,0.1,350.3914506,1461.8534508,450.784675,0.7394307,0.2074503,-0.6391856,-0.0406011;
custom,sphere,metal1,3.25,-3.25,3.25,1,1,0.75,0,0.1,0.1,438.4328853,1240.7162888,1138.934523,0.627959,-0.0437257,0.7489883,-0.2068142;
custom,sphere,metal1,3.25,-3.25,3.25,1,1,0.75,0,0.1,0.1,559.9129916,1461.3002189,616.5324154,-0.8829517,-0.1891457,0.4191803,0.094382;
custom,sphere,metal1,3.25,-3.25,3.25,1,1,0.75,0,0.1,0.1,542.1274388,1315.0679139,1012.024171,-0.8134029,-0.0162597,-0.5419333,0.2107598;
custom,sphere,metal1,3.25,-3.25,3.25,1,1,0.75,0,0.1,0.1,37.7354524,1079.400907,1276.5748009,-0.760369,-0.2059783,0.6141294,0.047508;
custom,sphere,metal1,3.25,-3.25,3.25,1,1,0.75,0,0.1,0.1,23.8899468,972.4578845,1565.1498104,-0.760369,-0.2059783,0.6141294,0.047508;
custom,sphere,metal1,3.25,-3.25,3.25,1,1,0.75,0,0.1,0.1,35.7591774,830.9051464,1819.5188955,-0.8134035,-0.01626,-0.5419324,0.2107598;
custom,sphere,metal1,3.25,-3.25,3.25,1,1,0.75,0,0.1,0.1,834.8815406,1392.8534825,1023.6623727,-0.8671834,-0.1924414,0.4508978,0.0874665;
custom,sphere,metal1,3.25,-3.25,3.25,1,1,0.75,0,0.1,0.1,879.5535219,1512.824589,722.7686858,0.7922996,0.2031249,-0.5723437,-0.0585178;
custom,sphere,metal1,3.25,3.25,3.25,1,1,0.75,0,0.1,0.1,111.1864979,1599.3027727,-121.5154122,0.2084672,-0.7219738,-0.0350075,0.6588397;
custom,tree1,rock3,-1.5,1.5,1.5,0,1,1,1,0.1,0.1,-44.5076614,1201.4394938,55.6525678,0.1721626,-0.0446426,0.1226545,0.9763826;
custom,tree1,rock3,-1.5,1.5,1.5,0,1,1,1,0.1,0.1,-119.2336319,660.4956251,1511.6582176,0.1375321,0.1919596,0.1605273,0.9583671;
custom,tree1,rock3,-1.5,1.5,1.5,0,1,1,1,0.1,0.1,-143.4385894,580.5914923,1716.4098809,0.0817846,0.4761382,0.194924,0.8535856;
custom,tree1,rock3,-1.5,1.5,1.5,0,1,1,1,0.1,0.1,-210.1452544,616.3231686,1564.0892071,0.1952191,-0.8518547,-0.0810778,0.4792281;
custom,tree1,rock3,-1.5,1.5,1.5,0,1,1,1,0.1,0.1,-265.314184,552.3101622,1700.0816474,0.0817846,0.4761382,0.194924,0.8535856;
custom,tree1,rock3,-1.5,1.5,1.5,0,1,1,1,0.1,0.1,-312.2283024,592.3774644,1551.1329372,0.1952191,-0.8518547,-0.0810778,0.4792281;
custom,tree1,rock3,-1.5,1.5,1.5,0,1,1,1,0.1,0.1,-372.5488544,527.4262703,1685.7149257,0.0817846,0.4761382,0.194924,0.8535856;
custom,tree1,rock3,-1.5,1.5,1.5,0,1,1,1,0.1,0.1,-419.4964611,567.2160927,1537.516876,0.1952191,-0.8518547,-0.0810778,0.4792281;
custom,tree1,rock3,-1.5,1.5,1.5,0,1,1,1,0.1,0.1,-474.5991111,503.7454258,1672.0427838,0.0817846,0.4761382,0.194924,0.8535856;
custom,tree1,rock3,-1.5,1.5,1.5,0,1,1,1,0.1,0.1,-544.9994395,464.5408643,1726.6381282,0.1375321,0.1919596,0.1605273,0.9583671;
custom,tree1,rock3,-1.5,1.5,1.5,0,1,1,1,0.1,0.1,-541.4096117,538.6186267,1522.0443467,0.1952191,-0.8518547,-0.0810778,0.4792281;
custom,tree1,rock3,-1.5,1.5,1.5,0,1,1,1,0.1,0.1,-638.7733099,302.3734595,2107.1953827,0.0817846,0.4761382,0.194924,0.8535856;
custom,tree1,rock3,-1.5,1.5,1.5,0,1,1,1,0.1,0.1,-31.0596368,760.0007939,1302.1585459,-0.1771588,0.085582,-0.1153207,-0.9736486;
custom,tree1,rock3,-1.5,1.5,1.5,0,1,1,1,0.1,0.1,35.0500868,1324.6439373,-226.9541791,0.1721626,-0.0446426,0.1226545,0.9763826;
custom,tree1,rock3,-1.5,1.5,1.5,0,1,1,1,0.1,0.1,-772.1234271,271.4294572,2089.3298546,0.0817846,0.4761382,0.194924,0.8535856;
custom,tree1,rock3,-1.5,1.5,1.5,0,1,1,1,0.1,0.1,229.0338363,1226.6936913,199.3145559,-0.0670083,0.9207468,0.2004844,0.3279349;
custom,tree1,rock3,-1.5,1.5,1.5,0,1,1,1,0.1,0.1,184.8433748,875.2420839,1148.6985607,0.1375321,0.1919596,0.1605273,0.9583671;
custom,tree1,rock3,-1.5,1.5,1.5,0,1,1,1,0.1,0.1,271.4365449,945.0083559,1021.2244685,-0.1771588,0.085582,-0.1153207,-0.9736486;
custom,tree1,rock3,-1.5,1.5,1.5,0,1,1,1,0.1,0.1,419.1403617,1220.7928155,364.8197065,0.1179802,-0.9748289,-0.1753989,-0.0708839;
custom,tree1,rock3,-1.5,1.5,1.5,0,1,1,1,0.1,0.1,504.7780479,999.1554401,1052.4863022,-0.1771588,0.085582,-0.1153207,-0.9736486;
custom,tree1,rock3,-1.5,1.5,1.5,0,1,1,1,0.1,0.1,608.5785812,1073.2994927,926.2401785,0.1375323,0.1919582,0.1605271,0.9583673;
custom,tree1,rock3,-1.5,1.5,1.5,0,1,1,1,0.1,0.1,628.4278663,1219.9725723,531.1316307,-0.0670083,0.9207468,0.2004844,0.3279349;
custom,tree1,rock3,-1.5,1.5,1.5,0,1,1,1,0.1,0.1,106.4725531,838.3078671,1190.6915206,-0.1120555,0.9719171,0.1792419,0.103407;
custom,tree1,rock3,-1.5,1.5,1.5,0,1,1,1,0.1,0.1,92.6270475,731.3648446,1479.2665301,-0.1120555,0.9719171,0.1792419,0.103407;
custom,tree1,rock3,-1.5,1.5,1.5,0,1,1,1,0.1,0.1,179.9389608,1358.2655175,-207.5427507,0.1721626,-0.0446426,0.1226545,0.9763826;
custom,tree1,rock3,-1.5,1.5,1.5,0,1,1,1,0.1,0.1,903.4482509,1151.5638594,938.1959656,-0.074228,0.9320235,0.197925,0.2943604;
custom,tree1,rock3,-1.5,1.5,1.5,0,1,1,1,0.1,0.1,948.2631679,1271.6821117,637.002092,0.1022523,-0.9649481,-0.1850097,-0.1555345;
custom,tree1,rock3,-5.540325,5.540325,5.540325,0,1,1,1,0.1,0.1,1057.3341289,536.0398056,1117.5003784,-0.0155061,0.81146,0.2108167,0.5448381;
custom,tree1,rock3,1.5,1.5,1.5,0,1,1,1,0.1,0.1,-44.5076614,1201.4394938,55.6525678,0.1721626,-0.0446426,0.1226545,0.9763826;
custom,tree1,rock3,1.5,1.5,1.5,0,1,1,1,0.1,0.1,-119.2336319,660.4956251,1511.6582176,0.1375321,0.1919596,0.1605273,0.9583671;
custom,tree1,rock3,1.5,1.5,1.5,0,1,1,1,0.1,0.1,-143.4385894,580.5914923,1716.4098809,0.0817846,0.4761382,0.194924,0.8535856;
custom,tree1,rock3,1.5,1.5,1.5,0,1,1,1,0.1,0.1,-210.1452544,616.3231686,1564.0892071,0.1952191,-0.8518547,-0.0810778,0.4792281;
custom,tree1,rock3,1.5,1.5,1.5,0,1,1,1,0.1,0.1,-265.314184,552.3101622,1700.0816474,0.0817846,0.4761382,0.194924,0.8535856;
custom,tree1,rock3,1.5,1.5,1.5,0,1,1,1,0.1,0.1,-312.2283024,592.3774644,1551.1329372,0.1952191,-0.8518547,-0.0810778,0.4792281;
custom,tree1,rock3,1.5,1.5,1.5,0,1,1,1,0.1,0.1,-372.5488544,527.4262703,1685.7149257,0.0817846,0.4761382,0.194924,0.8535856;
custom,tree1,rock3,1.5,1.5,1.5,0,1,1,1,0.1,0.1,-419.4964611,567.2160927,1537.516876,0.1952191,-0.8518547,-0.0810778,0.4792281;
custom,tree1,rock3,1.5,1.5,1.5,0,1,1,1,0.1,0.1,-474.5991111,503.7454258,1672.0427838,0.0817846,0.4761382,0.194924,0.8535856;
custom,tree1,rock3,1.5,1.5,1.5,0,1,1,1,0.1,0.1,-544.9994395,464.5408643,1726.6381282,0.1375321,0.1919596,0.1605273,0.9583671;
custom,tree1,rock3,1.5,1.5,1.5,0,1,1,1,0.1,0.1,-541.4096117,538.6186267,1522.0443467,0.1952191,-0.8518547,-0.0810778,0.4792281;
custom,tree1,rock3,1.5,1.5,1.5,0,1,1,1,0.1,0.1,-638.7733099,302.3734595,2107.1953827,0.0817846,0.4761382,0.194924,0.8535856;
custom,tree1,rock3,1.5,1.5,1.5,0,1,1,1,0.1,0.1,-31.0596368,760.0007939,1302.1585459,-0.1771588,0.085582,-0.1153207,-0.9736486;
custom,tree1,rock3,1.5,1.5,1.5,0,1,1,1,0.1,0.1,35.0500868,1324.6439373,-226.9541791,0.1721626,-0.0446426,0.1226545,0.9763826;
custom,tree1,rock3,1.5,1.5,1.5,0,1,1,1,0.1,0.1,-772.1234271,271.4294572,2089.3298546,0.0817846,0.4761382,0.194924,0.8535856;
custom,tree1,rock3,1.5,1.5,1.5,0,1,1,1,0.1,0.1,229.0338363,1226.6936913,199.3145559,-0.0670083,0.9207468,0.2004844,0.3279349;
custom,tree1,rock3,1.5,1.5,1.5,0,1,1,1,0.1,0.1,184.8433748,875.2420839,1148.6985607,0.1375321,0.1919596,0.1605273,0.9583671;
custom,tree1,rock3,1.5,1.5,1.5,0,1,1,1,0.1,0.1,271.4365449,945.0083559,1021.2244685,-0.1771588,0.085582,-0.1153207,-0.9736486;
custom,tree1,rock3,1.5,1.5,1.5,0,1,1,1,0.1,0.1,419.1403617,1220.7928155,364.8197065,0.1179802,-0.9748289,-0.1753989,-0.0708839;
custom,tree1,rock3,1.5,1.5,1.5,0,1,1,1,0.1,0.1,504.7780479,999.1554401,1052.4863022,-0.1771588,0.085582,-0.1153207,-0.9736486;
custom,tree1,rock3,1.5,1.5,1.5,0,1,1,1,0.1,0.1,608.5785812,1073.2994927,926.2401785,0.1375323,0.1919582,0.1605271,0.9583673;
custom,tree1,rock3,1.5,1.5,1.5,0,1,1,1,0.1,0.1,628.4278663,1219.9725723,531.1316307,-0.0670083,0.9207468,0.2004844,0.3279349;
custom,tree1,rock3,1.5,1.5,1.5,0,1,1,1,0.1,0.1,106.4725531,838.3078671,1190.6915206,-0.1120555,0.9719171,0.1792419,0.103407;
custom,tree1,rock3,1.5,1.5,1.5,0,1,1,1,0.1,0.1,92.6270475,731.3648446,1479.2665301,-0.1120555,0.9719171,0.1792419,0.103407;
custom,tree1,rock3,1.5,1.5,1.5,0,1,1,1,0.1,0.1,179.9389608,1358.2655175,-207.5427507,0.1721626,-0.0446426,0.1226545,0.9763826;
custom,tree1,rock3,1.5,1.5,1.5,0,1,1,1,0.1,0.1,903.4482509,1151.5638594,938.1959656,-0.074228,0.9320235,0.197925,0.2943604;
custom,tree1,rock3,1.5,1.5,1.5,0,1,1,1,0.1,0.1,948.2631679,1271.6821117,637.002092,0.1022523,-0.9649481,-0.1850097,-0.1555345;
custom,tree1,rock3,5.540325,5.540325,5.540325,0,1,1,1,0.1,0.1,1057.3341289,536.0398056,1117.5003784,-0.0155061,0.81146,0.2108167,0.5448381;
custom,trunk1,rock3,2,3,2,0,1,1,1,1,1,-95.4850834,1383.565937,120.700973,0.1721626,-0.0446426,0.1226545,0.9763826;
custom,trunk1,rock3,2,3,2,0,1,1,1,1,1,-170.2110578,842.6220822,1576.7066278,0.1375321,0.1919596,0.1605273,0.9583671;
custom,trunk1,rock3,2,3,2,0,1,1,1,1,1,-194.4159977,762.7178862,1781.4582685,0.0817846,0.4761382,0.194924,0.8535856;
custom,trunk1,rock3,2,3,2,0,1,1,1,1,1,-261.1226626,798.4495624,1629.1375947,0.1952191,-0.8518547,-0.0810778,0.4792281;
custom,trunk1,rock3,2,3,2,0,1,1,1,1,1,-316.2915922,734.436556,1765.130035,0.0817846,0.4761382,0.194924,0.8535856;
custom,trunk1,rock3,2,3,2,0,1,1,1,1,1,-363.2057107,774.5038583,1616.1813247,0.1952191,-0.8518547,-0.0810778,0.4792281;
custom,trunk1,rock3,2,3,2,0,1,1,1,1,1,-423.5262626,709.5526642,1750.7633133,0.0817846,0.4761382,0.194924,0.8535856;
custom,trunk1,rock3,2,3,2,0,1,1,1,1,1,-470.4738694,749.3424866,1602.5652635,0.1952191,-0.8518547,-0.0810778,0.4792281;
custom,trunk1,rock3,2,3,2,0,1,1,1,1,1,-525.5765194,685.8718197,1737.0911714,0.0817846,0.4761382,0.194924,0.8535856;
custom,trunk1,rock3,2,3,2,0,1,1,1,1,1,-595.9768655,646.6673215,1791.6865383,0.1375321,0.1919596,0.1605273,0.9583671;
custom,trunk1,rock3,2,3,2,0,1,1,1,1,1,-592.3870199,720.7450205,1587.0927341,0.1952191,-0.8518547,-0.0810778,0.4792281;
custom,trunk1,rock3,2,3,2,0,1,1,1,1,1,-689.7507143,484.4998395,2172.2437652,0.0817846,0.4761382,0.194924,0.8535856;
custom,trunk1,rock3,2,3,2,0,1,1,1,1,1,-82.0370451,942.1271878,1367.2069334,-0.1771588,0.085582,-0.1153207,-0.9736486;
custom,trunk1,rock3,2,3,2,0,1,1,1,1,1,-15.9273136,1506.7703033,-161.9058014,0.1721626,-0.0446426,0.1226545,0.9763826;
custom,trunk1,rock3,2,3,2,0,1,1,1,1,1,-823.1008315,453.5558371,2154.3782371,0.0817846,0.4761382,0.194924,0.8535856;
custom,trunk1,rock3,2,3,2,0,1,1,1,1,1,178.0564104,1408.8201484,264.362966,-0.0670083,0.9207468,0.2004844,0.3279349;
custom,trunk1,rock3,2,3,2,0,1,1,1,1,1,133.8659489,1057.368541,1213.7469709,0.1375321,0.1919596,0.1605273,0.9583671;
custom,trunk1,rock3,2,3,2,0,1,1,1,1,1,220.4591189,1127.134813,1086.2728787,-0.1771588,0.085582,-0.1153207,-0.9736486;
custom,trunk1,rock3,2,3,2,0,1,1,1,1,1,368.1629358,1402.9192727,429.8681166,0.1179802,-0.9748289,-0.1753989,-0.0708839;
custom,trunk1,rock3,2,3,2,0,1,1,1,1,1,453.800622,1181.2818973,1117.5347123,-0.1771588,0.085582,-0.1153207,-0.9736486;
custom,trunk1,rock3,2,3,2,0,1,1,1,1,1,557.6011552,1255.4259499,991.2885887,0.1375323,0.1919582,0.1605271,0.9583673;
custom,trunk1,rock3,2,3,2,0,1,1,1,1,1,577.4504404,1402.0990294,596.1800408,-0.0670083,0.9207468,0.2004844,0.3279349;
custom,trunk1,rock3,2,3,2,0,1,1,1,1,1,55.4951449,1020.434261,1255.7399081,-0.1120555,0.9719171,0.1792419,0.103407;
custom,trunk1,rock3,2,3,2,0,1,1,1,1,1,41.6496393,913.4912384,1544.3149177,-0.1120555,0.9719171,0.1792419,0.103407;
custom,trunk1,rock3,2,3,2,0,1,1,1,1,1,128.9615603,1540.3918836,-142.4943731,0.1721626,-0.0446426,0.1226545,0.9763826;
custom,trunk1,rock3,2,3,2,0,1,1,1,1,1,852.4708427,1333.6902532,1003.2443532,-0.074228,0.9320235,0.197925,0.2943604;
custom,trunk1,rock3,2,3,2,0,1,1,1,1,1,897.285742,1453.8085688,702.0505021,0.1022523,-0.9649481,-0.1850097,-0.1555345;
custom,trunk1,rock3,7.387095,11.08065,7.387095,0,1,1,1,1,1,869.0456311,1208.7359333,1357.760988,-0.0155061,0.81146,0.2108167,0.5448381;
misc,barrier,1000,1,1000,14.0237787,1497.696915,209.8072676,0.1721626,-0.0446426,0.1226545,0.9763826;

custom,killplane,transparent0.1,1000,0.9,1000,1,1,0.75,0,1,1,12.7493437,1502.2500741,211.433477,0.1721626,-0.0446426,0.1226545,0.9763826;
custom,killplane,transparent0.075,1000,0.9,1000,1,1,0.75,0,1,1,11.4749087,1506.8032333,213.0596865,0.1721626,-0.0446426,0.1226545,0.9763826;
custom,killplane,transparent0.075,1000,0.9,1000,1,1,0.75,0,1,1,10.2004736,1511.3563925,214.6858959,0.1721626,-0.0446426,0.1226545,0.9763826;

custom,killcuboid,transparent0.075,1000,0.9,1000,1,1,0,0,1,1,39.5124789,1406.633732,177.2830788,0.1721626,-0.0446426,0.1226545,0.9763826;
custom,killcuboid,transparent0.1,1000,0.9,1000,1,1,0,0,1,1,38.8752614,1408.9103115,178.0961835,0.1721626,-0.0446426,0.1226545,0.9763826;

racing,endCuboid,4,4,1,-769.6703924,496.4751949,2229.8143254,0.1721626,-0.0446426,0.1226545,0.9763826;
racing,killCuboid,0.5,4,1,-146.9745564,855.6281936,1712.2331537,-0.0350075,-0.6588397,-0.2084672,-0.7219738;
racing,killCuboid,0.5,4,1,-148.9970119,840.0066981,1754.3861909,-0.0350075,-0.6588397,-0.2084672,-0.7219738;
racing,killCuboid,0.5,4,1,24.0618976,1579.6909435,-181.0027444,0.1721626,-0.0446426,0.1226545,0.9763826;
racing,killCuboid,0.5,4,1,-40.6566783,1079.803087,1167.8944485,-0.1721626,0.0446426,-0.1226545,-0.9763826;
racing,killCuboid,0.5,4,1,1.1407353,1402.6473276,296.7316781,0.1721626,-0.0446426,0.1226545,0.9763826;
racing,killCuboid,0.5,4,1,-63.5778406,902.7594711,1645.6288709,-0.1721626,0.0446426,-0.1226545,-0.9763826;
racing,killCuboid,0.5,4,1,-639.5967278,741.3148209,1646.2342972,-0.0350075,-0.6588397,-0.2084672,-0.7219738;
racing,killCuboid,0.5,4,1,-641.6191833,725.6933254,1688.3873344,-0.0350075,-0.6588397,-0.2084672,-0.7219738;
racing,killCuboid,0.5,4,1,-725.015899,678.5620478,1754.9916171,0.1226545,-0.9763826,-0.1721626,-0.0446426;
racing,killCuboid,0.5,4,1,-747.9370613,501.5184319,2232.7260396,0.1226545,-0.9763826,-0.1721626,-0.0446426;
racing,killCuboid,0.5,4,1,-768.4825612,668.4755737,1749.1681886,0.1226545,-0.9763826,-0.1721626,-0.0446426;
racing,killCuboid,0.5,4,1,-791.4037235,491.4319579,2226.9026111,0.1226545,-0.9763826,-0.1721626,-0.0446426;
racing,killCuboid,0.5,4,1,120.5884431,1402.5862623,390.5119605,0.0350075,0.6588397,0.2084672,0.7219738;
racing,killCuboid,0.5,4,1,118.5659876,1386.9647668,432.6649978,0.0350075,0.6588397,0.2084672,0.7219738;
racing,killCuboid,0.5,4,1,88.2291551,1152.6423341,1064.960557,-0.2084672,0.7219738,0.0350075,-0.6588397;
racing,killCuboid,0.5,4,1,86.2066996,1137.0208386,1107.1135943,-0.2084672,0.7219738,0.0350075,-0.6588397;
racing,killCuboid,0.5,4,1,67.5285598,1589.7774176,-175.1793159,0.1721626,-0.0446426,0.1226545,0.9763826;
racing,killCuboid,0.5,4,1,2.8099839,1089.889561,1173.717877,-0.1721626,0.0446426,-0.1226545,-0.9763826;
racing,killCuboid,0.5,4,1,44.6073975,1412.7338017,302.5551066,0.1721626,-0.0446426,0.1226545,0.9763826;
racing,killCuboid,0.5,4,1,-20.1111784,912.8459452,1651.4522994,-0.1721626,0.0446426,-0.1226545,-0.9763826;
racing,killCuboid,0.5,4,1,613.2106145,1516.899635,456.510817,0.0350075,0.6588397,0.2084672,0.7219738;
racing,killCuboid,0.5,4,1,611.188159,1501.2781395,498.6638543,0.0350075,0.6588397,0.2084672,0.7219738;
racing,killCuboid,0.5,4,1,580.8513265,1266.9557068,1130.9594135,-0.2084672,0.7219738,0.0350075,-0.6588397;
racing,killCuboid,0.5,4,1,578.828871,1251.3342113,1173.1124508,-0.2084672,0.7219738,0.0350075,-0.6588397;
racing,killCuboid,0.5,4,1,687.1692046,1491.1306002,586.6207083,-0.1226545,0.9763826,0.1721626,0.0446426;
racing,killCuboid,0.5,4,1,664.2480423,1314.0869844,1064.3551307,-0.1226545,0.9763826,0.1721626,0.0446426;
racing,killCuboid,0.5,4,1,730.6358668,1501.2170743,592.4441368,-0.1226545,0.9763826,0.1721626,0.0446426;
racing,killCuboid,0.5,4,1,707.7147045,1324.1734585,1070.1785592,-0.1226545,0.9763826,0.1721626,0.0446426;
racing,killCuboid,20,10,1,-50.9079202,1597.6492305,-290.0361169,0.0350075,0.6588397,0.2084672,0.7219738;
racing,killCuboid,20,10,1,55.2333544,1657.6344929,-374.8052041,0.1721626,-0.0446426,0.1226545,0.9763826;
racing,killCuboid,20,10,1,151.9365033,1644.7194428,-262.8601172,0.0350075,0.6588397,0.2084672,0.7219738;
racing,killCuboid,4,3,1,-139.064739,815.9453318,1721.9262062,-0.0350075,-0.6588397,-0.2084672,-0.7219738;
racing,killCuboid,4,3,1,-156.9068292,879.6895598,1744.6931384,-0.0350075,-0.6588397,-0.2084672,-0.7219738;
racing,killCuboid,4,3,1,-631.6869105,701.6319591,1655.9273497,-0.0350075,-0.6588397,-0.2084672,-0.7219738;
racing,killCuboid,4,3,1,-649.5290006,765.3761871,1678.6942819,-0.0350075,-0.6588397,-0.2084672,-0.7219738;
racing,killCuboid,4,3,1,-737.8281851,641.6466967,1740.6964369,0.1226545,-0.9763826,-0.1721626,-0.0446426;
racing,killCuboid,4,3,1,-760.7493474,464.6030809,2218.4308593,0.1226545,-0.9763826,-0.1721626,-0.0446426;
racing,killCuboid,4,3,1,-755.6702752,705.3909249,1763.463369,0.1226545,-0.9763826,-0.1721626,-0.0446426;
racing,killCuboid,4,3,1,-778.5914375,528.347309,2241.1977915,0.1226545,-0.9763826,-0.1721626,-0.0446426;
racing,killCuboid,4,3,1,54.7162738,1552.8620664,-189.4744962,0.1721626,-0.0446426,0.1226545,0.9763826;
racing,killCuboid,4,3,1,-10.0023022,1052.97421,1159.4226967,-0.1721626,0.0446426,-0.1226545,-0.9763826;
racing,killCuboid,4,3,1,31.7951115,1375.8184506,288.2599263,0.1721626,-0.0446426,0.1226545,0.9763826;
racing,killCuboid,4,3,1,-32.9234645,875.9305942,1637.1571191,-0.1721626,0.0446426,-0.1226545,-0.9763826;
racing,killCuboid,4,3,1,36.8741837,1616.6062945,-166.7075641,0.1721626,-0.0446426,0.1226545,0.9763826;
racing,killCuboid,4,3,1,-27.8443923,1116.7184381,1182.1896289,-0.1721626,0.0446426,-0.1226545,-0.9763826;
racing,killCuboid,4,3,1,13.9530213,1439.5626787,311.0268585,0.1721626,-0.0446426,0.1226545,0.9763826;
racing,killCuboid,4,3,1,-50.7655546,939.6748223,1659.9240513,-0.1721626,0.0446426,-0.1226545,-0.9763826;
racing,killCuboid,4,3,1,128.4982604,1362.9034005,400.2050132,0.0350075,0.6588397,0.2084672,0.7219738;
racing,killCuboid,4,3,1,96.1389724,1112.9594723,1074.6536095,-0.2084672,0.7219738,0.0350075,-0.6588397;
racing,killCuboid,4,3,1,110.6561703,1426.6476287,422.9719453,0.0350075,0.6588397,0.2084672,0.7219738;
racing,killCuboid,4,3,1,78.2968823,1176.7037004,1097.4205417,-0.2084672,0.7219738,0.0350075,-0.6588397;
racing,killCuboid,4,3,1,621.1204318,1477.2167732,466.2038697,0.0350075,0.6588397,0.2084672,0.7219738;
racing,killCuboid,4,3,1,588.7611439,1227.272845,1140.652466,-0.2084672,0.7219738,0.0350075,-0.6588397;
racing,killCuboid,4,3,1,603.2783417,1540.9610014,488.9708018,0.0350075,0.6588397,0.2084672,0.7219738;
racing,killCuboid,4,3,1,570.9190537,1291.0170731,1163.4193982,-0.2084672,0.7219738,0.0350075,-0.6588397;
racing,killCuboid,4,3,1,717.8235808,1464.3017232,578.1489564,-0.1226545,0.9763826,0.1721626,0.0446426;
racing,killCuboid,4,3,1,694.9024185,1287.2581073,1055.8833789,-0.1226545,0.9763826,0.1721626,0.0446426;
racing,killCuboid,4,3,1,699.9814906,1528.0459513,600.9158886,-0.1226545,0.9763826,0.1721626,0.0446426;
racing,killCuboid,4,3,1,677.0603283,1351.0023355,1078.6503111,-0.1226545,0.9763826,0.1721626,0.0446426;
racing,killCuboid,5,0.5,1,-142.2508266,827.3282296,1725.9917298,-0.0350075,-0.6588397,-0.2084672,-0.7219738;
racing,killCuboid,5,0.5,1,-153.7207417,868.306662,1740.6276148,-0.0350075,-0.6588397,-0.2084672,-0.7219738;
racing,killCuboid,5,0.5,1,-634.872998,713.0148569,1659.9928733,-0.0350075,-0.6588397,-0.2084672,-0.7219738;
racing,killCuboid,5,0.5,1,-646.3429131,753.9932893,1674.6287583,-0.0350075,-0.6588397,-0.2084672,-0.7219738;
racing,killCuboid,5,0.5,1,-741.0142726,653.0295946,1744.7619604,0.1226545,-0.9763826,-0.1721626,-0.0446426;
racing,killCuboid,5,0.5,1,-763.9354349,475.9859788,2222.4963829,0.1226545,-0.9763826,-0.1721626,-0.0446426;
racing,killCuboid,5,0.5,1,-752.4841877,694.008027,1759.3978455,0.1226545,-0.9763826,-0.1721626,-0.0446426;
racing,killCuboid,5,0.5,1,-775.40535,516.9644111,2237.1322679,0.1226545,-0.9763826,-0.1721626,-0.0446426;
racing,killCuboid,5,0.5,1,51.5301863,1564.2449643,-185.4089726,0.1721626,-0.0446426,0.1226545,0.9763826;
racing,killCuboid,5,0.5,1,-13.1883897,1064.3571078,1163.4882203,-0.1721626,0.0446426,-0.1226545,-0.9763826;
racing,killCuboid,5,0.5,1,28.609024,1387.2013484,292.3254499,0.1721626,-0.0446426,0.1226545,0.9763826;
racing,killCuboid,5,0.5,1,-36.109552,887.313492,1641.2226427,-0.1721626,0.0446426,-0.1226545,-0.9763826;
racing,killCuboid,5,0.5,1,40.0602712,1605.2233967,-170.7730877,0.1721626,-0.0446426,0.1226545,0.9763826;
racing,killCuboid,5,0.5,1,-24.6583048,1105.3355402,1178.1241053,-0.1721626,0.0446426,-0.1226545,-0.9763826;
racing,killCuboid,5,0.5,1,17.1391089,1428.1797808,306.9613348,0.1721626,-0.0446426,0.1226545,0.9763826;
racing,killCuboid,5,0.5,1,-47.5794671,928.2919244,1655.8585277,-0.1721626,0.0446426,-0.1226545,-0.9763826;
racing,killCuboid,5,0.5,1,125.3121729,1374.2862984,404.2705367,0.0350075,0.6588397,0.2084672,0.7219738;
racing,killCuboid,5,0.5,1,92.9528849,1124.3423702,1078.7191331,-0.2084672,0.7219738,0.0350075,-0.6588397;
racing,killCuboid,5,0.5,1,113.8422578,1415.2647308,418.9064217,0.0350075,0.6588397,0.2084672,0.7219738;
racing,killCuboid,5,0.5,1,81.4829698,1165.3208025,1093.3550181,-0.2084672,0.7219738,0.0350075,-0.6588397;
racing,killCuboid,5,0.5,1,617.9343443,1488.5996711,470.2693932,0.0350075,0.6588397,0.2084672,0.7219738;
racing,killCuboid,5,0.5,1,585.5750563,1238.6557429,1144.7179896,-0.2084672,0.7219738,0.0350075,-0.6588397;
racing,killCuboid,5,0.5,1,606.4644292,1529.5781035,484.9052782,0.0350075,0.6588397,0.2084672,0.7219738;
racing,killCuboid,5,0.5,1,574.1051412,1279.6341752,1159.3538746,-0.2084672,0.7219738,0.0350075,-0.6588397;
racing,killCuboid,5,0.5,1,714.6374932,1475.684621,582.21448,-0.1226545,0.9763826,0.1721626,0.0446426;
racing,killCuboid,5,0.5,1,691.7163309,1298.6410053,1059.9489025,-0.1226545,0.9763826,0.1721626,0.0446426;
racing,killCuboid,5,0.5,1,703.1675781,1516.6630534,596.850365,-0.1226545,0.9763826,0.1721626,0.0446426;
racing,killCuboid,5,0.5,1,680.2464158,1339.6194375,1074.5847875,-0.1226545,0.9763826,0.1721626,0.0446426;
racing,killCuboid,50,10,1,-67.0875642,1472.6772664,47.1881813,0.0350075,0.6588397,0.2084672,0.7219738;
racing,killCuboid,50,10,1,-131.8061401,972.7894099,1396.0853741,-0.0350075,-0.6588397,-0.2084672,-0.7219738;
racing,killCuboid,50,10,1,-389.577807,827.1109157,1601.9531571,0.1226545,-0.9763826,-0.1721626,-0.0446426;
racing,killCuboid,50,10,1,-399.0159327,754.2106033,1798.667331,0.1226545,-0.9763826,-0.1721626,-0.0446426;
racing,killCuboid,50,10,1,-656.7875995,608.532109,2004.535114,0.2084672,-0.7219738,-0.0350075,0.6588397;
racing,killCuboid,50,10,1,-859.632023,561.4618967,1977.3591143,0.2084672,-0.7219738,-0.0350075,0.6588397;
racing,killCuboid,50,10,1,135.7568593,1519.7474787,74.364181,0.0350075,0.6588397,0.2084672,0.7219738;
racing,killCuboid,50,10,1,71.0382834,1019.8596222,1423.2613738,-0.0350075,-0.6588397,-0.2084672,-0.7219738;
racing,killCuboid,50,10,1,328.8099502,1165.5381165,1217.3935909,-0.1721626,0.0446426,-0.1226545,-0.9763826;
racing,killCuboid,50,10,1,370.6073639,1488.3823571,346.2308205,-0.1226545,0.9763826,0.1721626,0.0446426;
racing,killCuboid,50,10,1,361.1692382,1415.4820448,542.9449944,-0.1226545,0.9763826,0.1721626,0.0446426;
racing,killCuboid,50,10,1,338.2480759,1238.4384289,1020.6794169,-0.1721626,0.0446426,-0.1226545,-0.9763826;
racing,killCuboid,50,10,1,596.0197428,1384.1169232,814.8116339,-0.2084672,0.7219738,0.0350075,-0.6588397;
racing,killCuboid,50,10,1,798.8641663,1431.1871355,841.9876336,-0.2084672,0.7219738,0.0350075,-0.6588397;
racing,killCuboid,8,10,1,-145.2891768,868.6461065,1677.1056226,-0.0350075,-0.6588397,-0.2084672,-0.7219738;
racing,killCuboid,8,10,1,-150.6823915,826.9887851,1789.513722,-0.0350075,-0.6588397,-0.2084672,-0.7219738;
racing,killCuboid,8,10,1,-12.1603208,1571.2855484,-185.8556015,0.1721626,-0.0446426,0.1226545,0.9763826;
racing,killCuboid,8,10,1,-76.8788968,1071.3976919,1163.0415914,-0.1721626,0.0446426,-0.1226545,-0.9763826;
racing,killCuboid,8,10,1,-35.0814832,1394.2419326,291.878821,0.1721626,-0.0446426,0.1226545,0.9763826;
racing,killCuboid,8,10,1,-99.8000591,894.3540761,1640.7760138,-0.1721626,0.0446426,-0.1226545,-0.9763826;
racing,killCuboid,8,10,1,-637.9113482,754.3327338,1611.1067661,-0.0350075,-0.6588397,-0.2084672,-0.7219738;
racing,killCuboid,8,10,1,-643.3045629,712.6754124,1723.5148655,-0.0350075,-0.6588397,-0.2084672,-0.7219738;
racing,killCuboid,8,10,1,-688.7936805,686.9674429,1759.8444742,0.1226545,-0.9763826,-0.1721626,-0.0446426;
racing,killCuboid,8,10,1,-711.7148429,509.923827,2237.5788967,0.1226545,-0.9763826,-0.1721626,-0.0446426;
racing,killCuboid,8,10,1,-804.7047797,660.0701787,1744.3153315,0.1226545,-0.9763826,-0.1721626,-0.0446426;
racing,killCuboid,8,10,1,-827.625942,483.0265628,2222.049754,0.1226545,-0.9763826,-0.1721626,-0.0446426;
racing,killCuboid,8,10,1,84.52132,1124.0029257,1142.2411253,-0.2084672,0.7219738,0.0350075,-0.6588397;
racing,killCuboid,8,10,1,122.2738227,1415.6041753,355.3844295,0.0350075,0.6588397,0.2084672,0.7219738;
racing,killCuboid,8,10,1,116.880608,1373.9468539,467.7925289,0.0350075,0.6588397,0.2084672,0.7219738;
racing,killCuboid,8,10,1,89.9145347,1165.6602471,1029.8330259,-0.2084672,0.7219738,0.0350075,-0.6588397;
racing,killCuboid,8,10,1,103.7507783,1598.1828126,-170.3264588,0.1721626,-0.0446426,0.1226545,0.9763826;
racing,killCuboid,8,10,1,39.0322024,1098.2949561,1178.5707341,-0.1721626,0.0446426,-0.1226545,-0.9763826;
racing,killCuboid,8,10,1,80.829616,1421.1391967,307.4079637,0.1721626,-0.0446426,0.1226545,0.9763826;
racing,killCuboid,8,10,1,16.11104,921.2513402,1656.3051565,-0.1721626,0.0446426,-0.1226545,-0.9763826;
racing,killCuboid,8,10,1,577.1434914,1238.3162984,1208.2399818,-0.2084672,0.7219738,0.0350075,-0.6588397;
racing,killCuboid,8,10,1,614.8959941,1529.917548,421.383286,0.0350075,0.6588397,0.2084672,0.7219738;
racing,killCuboid,8,10,1,609.5027794,1488.2602266,533.7913854,0.0350075,0.6588397,0.2084672,0.7219738;
racing,killCuboid,8,10,1,582.5367061,1279.9736198,1095.8318824,-0.2084672,0.7219738,0.0350075,-0.6588397;
racing,killCuboid,8,10,1,650.9469861,1482.7252052,581.7678512,-0.1226545,0.9763826,0.1721626,0.0446426;
racing,killCuboid,8,10,1,628.0258238,1305.6815893,1059.5022736,-0.1226545,0.9763826,0.1721626,0.0446426;
racing,killCuboid,8,10,1,766.8580853,1509.6224693,597.2969939,-0.1226545,0.9763826,0.1721626,0.0446426;
racing,killCuboid,8,10,1,743.9369229,1332.5788535,1075.0314163,-0.1226545,0.9763826,0.1721626,0.0446426;
base,levelBottom,default,0.001,1,0.001,0,1,1,1,1,1,-39.2802998,985.8676839,1386.5431576,-0.4535911,-0.3970538,-0.6012576,0.5244928;
base,levelBottom,default,0.001,1,0.001,0,1,1,1,1,1,-39.2802998,985.8676839,1386.5431576,-0.6490923,-0.5674775,-0.3820258,0.3327233;
base,levelBottom,default,0.001,1,0.001,0,1,1,1,1,1,-68.7750624,882.71608,1755.7171683,-0.2119091,-0.1286548,0.5009569,0.8292072;
base,levelBottom,default,0.001,1,0.001,0,1,1,1,1,1,-68.7750624,882.71608,1755.7171683,-0.3874123,0.1983187,0.3817965,0.8153606;
base,levelBottom,default,0.001,1,0.001,0,1,1,1,1,1,-242.0399799,817.9908104,1751.2344287,-0.5054039,-0.2514079,0.5942816,0.572879;
base,levelBottom,default,0.001,1,0.001,0,1,1,1,1,1,-242.0399799,817.9908104,1751.2344287,-0.6942841,-0.0131493,0.35576,0.6254851;
base,levelBottom,default,0.001,1,0.001,0,1,1,1,1,1,-282.4068136,804.4028349,1672.9088836,-0.5054039,-0.2514079,0.5942816,0.572879;
base,levelBottom,default,0.001,1,0.001,0,1,1,1,1,1,-282.4068136,804.4028349,1672.9088836,-0.6942841,-0.0131493,0.35576,0.6254851;
base,levelBottom,default,0.001,1,0.001,0,1,1,1,1,1,-317.8515957,823.8212548,1675.4976475,-0.0169472,0.1844578,0.9230882,0.3370404;
base,levelBottom,default,0.001,1,0.001,0,1,1,1,1,1,-317.8515957,823.8212548,1675.4976475,-0.3687524,0.2993638,0.8463994,0.2408547;
base,levelBottom,default,0.001,1,0.001,0,1,1,1,1,1,-355.2331569,791.7242422,1736.0694185,-0.5054039,-0.2514079,0.5942816,0.572879;
base,levelBottom,default,0.001,1,0.001,0,1,1,1,1,1,-355.2331569,791.7242422,1736.0694185,-0.6942841,-0.0131493,0.35576,0.6254851;
base,levelBottom,default,0.001,1,0.001,0,1,1,1,1,1,-377.2951542,765.5279666,1707.3905975,-0.0169472,0.1844578,0.9230882,0.3370404;
base,levelBottom,default,0.001,1,0.001,0,1,1,1,1,1,-377.2951542,765.5279666,1707.3905975,-0.3687524,0.2993638,0.8463994,0.2408547;
base,levelBottom,default,0.001,1,0.001,0,1,1,1,1,1,-395.6000872,778.1362443,1657.7438604,-0.5054039,-0.2514079,0.5942816,0.572879;
base,levelBottom,default,0.001,1,0.001,0,1,1,1,1,1,-395.6000872,778.1362443,1657.7438604,-0.6942841,-0.0131493,0.35576,0.6254851;
base,levelBottom,default,0.001,1,0.001,0,1,1,1,1,1,-4.0116741,1381.0336764,240.6369866,0.2796665,-0.0227636,-0.8174835,-0.5029804;
base,levelBottom,default,0.001,1,0.001,0,1,1,1,1,1,-4.0116741,1381.0336764,240.6369866,0.5710944,-0.2134315,-0.6483377,-0.4560224;
base,levelBottom,default,0.001,1,0.001,0,1,1,1,1,1,-426.9328744,798.2616973,1661.5755061,-0.0143454,0.1864653,0.9233747,0.3352672;
base,levelBottom,default,0.001,1,0.001,0,1,1,1,1,1,-426.9328744,798.2616973,1661.5755061,-0.3664586,0.3005389,0.8476595,0.2384486;
base,levelBottom,default,0.001,1,0.001,0,1,1,1,1,1,-471.9399858,764.6423283,1720.4336682,-0.5054039,-0.2514079,0.5942816,0.572879;
base,levelBottom,default,0.001,1,0.001,0,1,1,1,1,1,-471.9399858,764.6423283,1720.4336682,-0.6942841,-0.0131493,0.35576,0.6254851;
base,levelBottom,default,0.001,1,0.001,0,1,1,1,1,1,-486.0148142,739.8849756,1693.9854532,-0.0143454,0.1864653,0.9233747,0.3352672;
base,levelBottom,default,0.001,1,0.001,0,1,1,1,1,1,-486.0148142,739.8849756,1693.9854532,-0.3664586,0.3005389,0.8476595,0.2384486;
base,levelBottom,default,0.001,1,0.001,0,1,1,1,1,1,-512.3069161,751.0543304,1642.1081102,-0.5054039,-0.2514079,0.5942816,0.572879;
base,levelBottom,default,0.001,1,0.001,0,1,1,1,1,1,-512.3069161,751.0543304,1642.1081102,-0.6942841,-0.0131493,0.35576,0.6254851;
base,levelBottom,default,0.001,1,0.001,0,1,1,1,1,1,-525.9026492,775.5428398,1647.6240917,-0.0169472,0.1844578,0.9230882,0.3370404;
base,levelBottom,default,0.001,1,0.001,0,1,1,1,1,1,-525.9026492,775.5428398,1647.6240917,-0.3687524,0.2993638,0.8463994,0.2408547;
base,levelBottom,default,0.001,1,0.001,0,1,1,1,1,1,-67.9732843,1012.3801229,1247.6703333,-0.2512356,-0.0082195,0.8420999,0.4771591;
base,levelBottom,default,0.001,1,0.001,0,1,1,1,1,1,-67.9732843,1012.3801229,1247.6703333,-0.554242,0.174933,0.6819532,0.4440203;
base,levelBottom,default,0.001,1,0.001,0,1,1,1,1,1,-567.605666,742.44303,1707.6168974,-0.5054039,-0.2514079,0.5942816,0.572879;
base,levelBottom,default,0.001,1,0.001,0,1,1,1,1,1,-567.605666,742.44303,1707.6168974,-0.6942841,-0.0131493,0.35576,0.6254851;
base,levelBottom,default,0.001,1,0.001,0,1,1,1,1,1,-84.8927324,905.1214501,1534.7201185,-0.2512356,-0.0082195,0.8420999,0.4771591;
base,levelBottom,default,0.001,1,0.001,0,1,1,1,1,1,-84.8927324,905.1214501,1534.7201185,-0.554242,0.174933,0.6819532,0.4440203;
base,levelBottom,default,0.001,1,0.001,0,1,1,1,1,1,-585.3473668,717.2492826,1679.5168864,-0.0169472,0.1844578,0.9230882,0.3370404;
base,levelBottom,default,0.001,1,0.001,0,1,1,1,1,1,-585.3473668,717.2492826,1679.5168864,-0.3687524,0.2993638,0.8463994,0.2408547;
base,levelBottom,default,0.001,1,0.001,0,1,1,1,1,1,-607.9727895,728.8549873,1629.2913134,-0.5054039,-0.2514079,0.5942816,0.572879;
base,levelBottom,default,0.001,1,0.001,0,1,1,1,1,1,-607.9727895,728.8549873,1629.2913134,-0.6942841,-0.0131493,0.35576,0.6254851;
base,levelBottom,default,0.001,1,0.001,0,1,1,1,1,1,-648.0461429,746.9521848,1631.9519453,-0.0143454,0.1864653,0.9233747,0.3352672;
base,levelBottom,default,0.001,1,0.001,0,1,1,1,1,1,-648.0461429,746.9521848,1631.9519453,-0.3664586,0.3005389,0.8476595,0.2384486;
base,levelBottom,default,0.001,1,0.001,0,1,1,1,1,1,-657.9683994,670.3124335,1838.7566196,-0.0143454,0.1864653,0.9233747,0.3352672;
base,levelBottom,default,0.001,1,0.001,0,1,1,1,1,1,-657.9683994,670.3124335,1838.7566196,-0.3664586,0.3005389,0.8476595,0.2384486;
base,levelBottom,default,0.001,1,0.001,0,1,1,1,1,1,-724.5581505,545.2671815,2136.680498,-0.5545113,-0.3055184,0.5130363,0.5796288;
base,levelBottom,default,0.001,1,0.001,0,1,1,1,1,1,-724.5581505,545.2671815,2136.680498,-0.7085762,-0.060563,0.2619088,0.6524229;
base,levelBottom,default,0.001,1,0.001,0,1,1,1,1,1,-707.1281793,688.5754407,1664.3618794,-0.0143454,0.1864653,0.9233747,0.3352672;
base,levelBottom,default,0.001,1,0.001,0,1,1,1,1,1,-707.1281793,688.5754407,1664.3618794,-0.3664586,0.3005389,0.8476595,0.2384486;
base,levelBottom,default,0.001,1,0.001,0,1,1,1,1,1,-717.0504359,611.9356894,1871.1665538,-0.0143454,0.1864653,0.9233747,0.3352672;
base,levelBottom,default,0.001,1,0.001,0,1,1,1,1,1,-717.0504359,611.9356894,1871.1665538,-0.3664586,0.3005389,0.8476595,0.2384486;
base,levelBottom,default,0.001,1,0.001,0,1,1,1,1,1,-735.3402151,530.5116982,2084.8089342,-0.6384951,-0.2912297,-0.2718788,0.6584765;
base,levelBottom,default,0.001,1,0.001,0,1,1,1,1,1,-735.3402151,530.5116982,2084.8089342,-0.6939469,-0.5209509,-0.0069654,0.4969904;
base,levelBottom,default,0.001,1,0.001,0,1,1,1,1,1,-749.25208,538.5963953,2051.2704003,-0.5545113,-0.3055184,0.5130363,0.5796288;
base,levelBottom,default,0.001,1,0.001,0,1,1,1,1,1,-749.25208,538.5963953,2051.2704003,-0.7085762,-0.060563,0.2619088,0.6524229;
base,levelBottom,default,0.001,1,0.001,0,1,1,1,1,1,-800.7050227,521.0875237,2144.7050425,-0.6384951,-0.2912297,-0.2718788,0.6584765;
base,levelBottom,default,0.001,1,0.001,0,1,1,1,1,1,-800.7050227,521.0875237,2144.7050425,-0.6939469,-0.5209509,-0.0069654,0.4969904;
base,levelBottom,default,0.001,1,0.001,0,1,1,1,1,1,-44.6781084,1472.1459295,98.5982608,0.4827598,0.483588,0.1892783,-0.7051662;
base,levelBottom,default,0.001,1,0.001,0,1,1,1,1,1,-44.6781084,1472.1459295,98.5982608,0.5184484,0.7165459,-0.0097763,-0.4665594;
base,levelBottom,default,0.001,1,0.001,0,1,1,1,1,1,31.3680395,1518.550875,50.0997851,0.4827598,0.483588,0.1892783,-0.7051662;
base,levelBottom,default,0.001,1,0.001,0,1,1,1,1,1,31.3680395,1518.550875,50.0997851,0.5184484,0.7165459,-0.0097763,-0.4665594;
base,levelBottom,default,0.001,1,0.001,0,1,1,1,1,1,-24.3479144,950.3573018,1554.2192082,-0.2512356,-0.0082195,0.8420999,0.4771591;
base,levelBottom,default,0.001,1,0.001,0,1,1,1,1,1,-24.3479144,950.3573018,1554.2192082,-0.554242,0.174933,0.6819532,0.4440203;
base,levelBottom,default,0.001,1,0.001,0,1,1,1,1,1,-7.4286561,1057.6155938,1267.1703403,-0.2512356,-0.0082195,0.8420999,0.4771591;
base,levelBottom,default,0.001,1,0.001,0,1,1,1,1,1,-7.4286561,1057.6155938,1267.1703403,-0.554242,0.174933,0.6819532,0.4440203;
base,levelBottom,default,0.001,1,0.001,0,1,1,1,1,1,220.5304259,1386.0059839,486.7461877,0.0927827,-0.1499803,-0.8825299,-0.4359337;
base,levelBottom,default,0.001,1,0.001,0,1,1,1,1,1,220.5304259,1386.0059839,486.7461877,0.4233054,-0.3053269,-0.779922,-0.3454124;
base,levelBottom,default,0.001,1,0.001,0,1,1,1,1,1,227.1431474,1442.6241283,365.4382037,0.3484679,0.0740827,-0.6663554,-0.6550209;
base,levelBottom,default,0.001,1,0.001,0,1,1,1,1,1,227.1431474,1442.6241283,365.4382037,0.5768544,-0.1821077,-0.4823852,-0.6335459;
base,levelBottom,default,0.001,1,0.001,0,1,1,1,1,1,204.5077852,1210.1086436,1057.5526579,-0.4822556,-0.4488615,0.2770758,0.6994154;
base,levelBottom,default,0.001,1,0.001,0,1,1,1,1,1,204.5077852,1210.1086436,1057.5526579,-0.5515613,-0.1471885,0.0715351,0.8179232;
base,levelBottom,default,0.001,1,0.001,0,1,1,1,1,1,210.9312216,1186.8651819,1050.0185621,-0.6356584,-0.40688,0.3228439,0.5711032;
base,levelBottom,default,0.001,1,0.001,0,1,1,1,1,1,210.9312216,1186.8651819,1050.0185621,-0.7108032,-0.1574797,0.055143,0.6833141;
base,levelBottom,default,0.001,1,0.001,0,1,1,1,1,1,218.3398701,1159.9003973,1041.6859929,-0.7145762,-0.3730378,0.3435818,0.4818457;
base,levelBottom,default,0.001,1,0.001,0,1,1,1,1,1,218.3398701,1159.9003973,1041.6859929,-0.7916536,-0.1603536,0.0441168,0.5878988;
base,levelBottom,default,0.001,1,0.001,0,1,1,1,1,1,293.3466537,1434.9887762,470.4307929,0.0927827,-0.1499803,-0.8825299,-0.4359337;
base,levelBottom,default,0.001,1,0.001,0,1,1,1,1,1,293.3466537,1434.9887762,470.4307929,0.4233054,-0.3053269,-0.779922,-0.3454124;
base,levelBottom,default,0.001,1,0.001,0,1,1,1,1,1,300.7670076,1459.3029796,415.6149577,0.3484679,0.0740827,-0.6663554,-0.6550209;
base,levelBottom,default,0.001,1,0.001,0,1,1,1,1,1,300.7670076,1459.3029796,415.6149577,0.5768544,-0.1821077,-0.4823852,-0.6335459;
base,levelBottom,default,0.001,1,0.001,0,1,1,1,1,1,-15.8159601,1144.1303248,1069.618503,-0.3713817,-0.2217188,0.5385588,0.723098;
base,levelBottom,default,0.001,1,0.001,0,1,1,1,1,1,-15.8159601,1144.1303248,1069.618503,-0.5491397,0.0717407,0.3555429,0.7529197;
base,levelBottom,default,0.001,1,0.001,0,1,1,1,1,1,-7.2887186,853.8907123,1794.1975045,-0.2119091,-0.1286548,0.5009569,0.8292072;
base,levelBottom,default,0.001,1,0.001,0,1,1,1,1,1,-7.2887186,853.8907123,1794.1975045,-0.3874123,0.1983187,0.3817965,0.8153606;
base,levelBottom,default,0.001,1,0.001,0,1,1,1,1,1,417.7135144,1470.9840302,457.1181849,-0.4109743,-0.4360184,-0.5887695,0.5425298;
base,levelBottom,default,0.001,1,0.001,0,1,1,1,1,1,417.7135144,1470.9840302,457.1181849,-0.6049335,-0.6103831,-0.3867905,0.3344863;
base,levelBottom,default,0.001,1,0.001,0,1,1,1,1,1,442.9682384,1174.6161789,1176.5215531,-0.0684732,0.2868759,0.9535063,-0.0619631;
base,levelBottom,default,0.001,1,0.001,0,1,1,1,1,1,442.9682384,1174.6161789,1176.5215531,0.3014662,0.2887564,0.9071844,0.052482;
base,levelBottom,default,0.001,1,0.001,0,1,1,1,1,1,435.4824506,1200.7397851,1187.1488211,-0.0825654,0.4028972,0.9103399,-0.0462401;
base,levelBottom,default,0.001,1,0.001,0,1,1,1,1,1,435.4824506,1200.7397851,1187.1488211,0.2719334,0.3899402,0.8726919,0.1113895;
base,levelBottom,default,0.001,1,0.001,0,1,1,1,1,1,429.0130836,1223.4859438,1196.0393313,-0.1030898,0.5815758,0.8067218,-0.0184933;
base,levelBottom,default,0.001,1,0.001,0,1,1,1,1,1,429.0130836,1223.4859438,1196.0393313,0.2133341,0.5444173,0.7848058,0.2053735;
base,levelBottom,default,0.001,1,0.001,0,1,1,1,1,1,512.0745284,1470.6491528,461.5214185,-0.4109743,-0.4360184,-0.5887695,0.5425298;
base,levelBottom,default,0.001,1,0.001,0,1,1,1,1,1,512.0745284,1470.6491528,461.5214185,-0.6049335,-0.6103831,-0.3867905,0.3344863;
base,levelBottom,default,0.001,1,0.001,0,1,1,1,1,1,37.6553409,972.8709426,1384.5201806,-0.4535911,-0.3970538,-0.6012576,0.5244928;
base,levelBottom,default,0.001,1,0.001,0,1,1,1,1,1,37.6553409,972.8709426,1384.5201806,-0.6490923,-0.5674775,-0.3820258,0.3327233;
base,levelBottom,default,0.001,1,0.001,0,1,1,1,1,1,85.5634293,1438.9252899,266.3887546,0.2796665,-0.0227636,-0.8174835,-0.5029804;
base,levelBottom,default,0.001,1,0.001,0,1,1,1,1,1,85.5634293,1438.9252899,266.3887546,0.5710944,-0.2134315,-0.6483377,-0.4560224;
base,levelBottom,default,0.001,1,0.001,0,1,1,1,1,1,651.4862203,1472.0350896,629.0206617,-0.4109743,-0.4360184,-0.5887695,0.5425298;
base,levelBottom,default,0.001,1,0.001,0,1,1,1,1,1,651.4862203,1472.0350896,629.0206617,-0.6049335,-0.6103831,-0.3867905,0.3344863;
base,levelBottom,default,0.001,1,0.001,0,1,1,1,1,1,632.5507559,1325.7771021,1023.6831569,-0.4109743,-0.4360184,-0.5887695,0.5425298;
base,levelBottom,default,0.001,1,0.001,0,1,1,1,1,1,632.5507559,1325.7771021,1023.6831569,-0.6049335,-0.6103831,-0.3867905,0.3344863;
base,levelBottom,default,0.001,1,0.001,0,1,1,1,1,1,689.1137741,1438.9476566,685.703656,0.238033,-0.0101887,-0.8158328,-0.5269281;
base,levelBottom,default,0.001,1,0.001,0,1,1,1,1,1,689.1137741,1438.9476566,685.703656,0.5319963,-0.2109732,-0.6627381,-0.4829581;
base,levelBottom,default,0.001,1,0.001,0,1,1,1,1,1,674.6006874,1326.8482213,988.1927273,0.238033,-0.0101887,-0.8158328,-0.5269281;
base,levelBottom,default,0.001,1,0.001,0,1,1,1,1,1,674.6006874,1326.8482213,988.1927273,0.5319963,-0.2109732,-0.6627381,-0.4829581;
base,levelBottom,default,0.001,1,0.001,0,1,1,1,1,1,50.0074866,1131.4958354,1156.5781174,-0.3713817,-0.2217188,0.5385588,0.723098;
base,levelBottom,default,0.001,1,0.001,0,1,1,1,1,1,50.0074866,1131.4958354,1156.5781174,-0.5491397,0.0717407,0.3555429,0.7529197;
base,levelBottom,default,0.001,1,0.001,0,1,1,1,1,1,56.9021647,1108.428631,1148.9198307,-0.4928334,-0.2380942,0.6125572,0.5702631;
base,levelBottom,default,0.001,1,0.001,0,1,1,1,1,1,56.9021647,1108.428631,1148.9198307,-0.6896602,-0.0018495,0.3774546,0.6179752;
base,levelBottom,default,0.001,1,0.001,0,1,1,1,1,1,747.5737469,1466.8449338,636.4344751,0.4143094,0.4346884,0.5846088,-0.5455513;
base,levelBottom,default,0.001,1,0.001,0,1,1,1,1,1,747.5737469,1466.8449338,636.4344751,0.6064238,0.61031,0.3816707,-0.3377859;
base,levelBottom,default,0.001,1,0.001,0,1,1,1,1,1,728.7496165,1321.4468923,1028.7764925,0.4143094,0.4346884,0.5846088,-0.5455513;
base,levelBottom,default,0.001,1,0.001,0,1,1,1,1,1,728.7496165,1321.4468923,1028.7764925,0.6064238,0.61031,0.3816707,-0.3377859;
base,levelBottom,default,0.001,1,0.001,0,1,1,1,1,1,65.1074583,1081.7619458,1140.3769429,-0.5555354,-0.2429304,0.6441763,0.4662639;
base,levelBottom,default,0.001,1,0.001,0,1,1,1,1,1,65.1074583,1081.7619458,1140.3769429,-0.75969,-0.0460985,0.3826854,0.5237345;
base,levelBottom,default,0.001,1,0.001,0,1,1,1,1,1,768.474537,1478.0056364,703.9857945,0.238033,-0.0101887,-0.8158328,-0.5269281;
base,levelBottom,default,0.001,1,0.001,0,1,1,1,1,1,768.474537,1478.0056364,703.9857945,0.5319963,-0.2109732,-0.6627381,-0.4829581;
base,levelBottom,default,0.001,1,0.001,0,1,1,1,1,1,753.8167548,1364.7885699,1009.4906816,0.238033,-0.0101887,-0.8158328,-0.5269281;
base,levelBottom,default,0.001,1,0.001,0,1,1,1,1,1,753.8167548,1364.7885699,1009.4906816,0.5319963,-0.2109732,-0.6627381,-0.4829581;
base,levelBottom,default,0.001,1,0.001,0,1,1,1,1,1,111.4185883,1572.2796105,-2.3047572,0.4827598,0.483588,0.1892783,-0.7051662;
base,levelBottom,default,0.001,1,0.001,0,1,1,1,1,1,111.4185883,1572.2796105,-2.3047572,0.5184484,0.7165459,-0.0097763,-0.4665594;
base,levelBottom,default,0.001,1,0.001,0,1,1,1,1,1,5.0040948,1090.4603025,1058.8639902,-0.4928334,-0.2380942,0.6125572,0.5702631;
base,levelBottom,default,0.001,1,0.001,0,1,1,1,1,1,5.0040948,1090.4603025,1058.8639902,-0.6896602,-0.0018495,0.3774546,0.6179752;
racing,killcuboid,1,10,20,-779.1085181,423.5748826,2426.5284994,0.0350075,0.6588397,0.2084672,0.7219738;
racing,killcuboid,1,6,1,3.7631374,1546.5970497,-98.2025769,0.4764801,0.4862235,0.7041309,-0.2018739;
racing,killcuboid,1,6,1,3.7631374,1546.5970497,-98.2025769,0.7095823,0.5264648,0.4683241,-0.0005337;
racing,killcuboid,1,6,1,41.4779728,1489.3574534,-38.6612095,0.0015263,0.2636602,0.9404976,0.2143482;
racing,killcuboid,1,6,1,41.4779728,1489.3574534,-38.6612095,0.3611613,0.1616169,0.8683899,0.2989003;
racing,killcuboid,1,6,1,76.2985627,1503.5759508,-51.182661,0.4764801,0.4862235,0.7041309,-0.2018739;
racing,killcuboid,1,6,1,76.2985627,1503.5759508,-51.182661,0.7095823,0.5264648,0.4683241,-0.0005337;
racing,killcuboid,1,6,1,86.126495,1565.1287334,-85.5418204,0.0048282,0.2656647,0.9404934,0.2118278;
racing,killcuboid,1,6,1,86.126495,1565.1287334,-85.5418204,0.3642102,0.1644336,0.867122,0.2973414;
racing,killcuboid,1.1,10.1,20.1,-83.2672082,1347.7053023,384.4124794,0.1721626,-0.0446426,0.1226545,0.9763826;
racing,killcuboid,1.1,10.1,20.1,-737.3111045,746.4191232,1555.3657289,0.2084672,-0.7219738,-0.0350075,0.6588397;
racing,killcuboid,1.1,10.1,20.1,-51.2826352,834.9023958,1845.2547591,-0.0350075,-0.6588397,-0.2084672,-0.7219738;
racing,killcuboid,1.1,10.1,20.1,-9.4852216,1157.7466364,974.0919887,-0.2084672,0.7219738,0.0350075,-0.6588397;
racing,killcuboid,1.1,10.1,20.1,676.5432477,1246.229909,1263.981019,0.0350075,0.6588397,0.2084672,0.7219738;
racing,killcuboid,1.1,10.1,20.1,815.0438103,1556.1590996,504.7633354,-0.1226545,0.9763826,0.1721626,0.0446426;
base,levelBottom,default,1,0.2,1,0,1,1,1,1,1,41.9339054,1397.9827295,174.1932809,0.1721626,-0.0446426,0.1226545,0.9763826;
custom,killcuboid,bombtex,1000,1.2,1000,1,1,0,0,10000000000,10000000000,41.9339054,1397.9827295,174.1932809,0.1721626,-0.0446426,0.1226545,0.9763826;
racing,killcuboid,20,10,1,-672.9672435,483.5601449,2341.7594123,0.0350075,0.6588397,0.2084672,0.7219738;
racing,killcuboid,20,10,1,-875.811667,436.4899326,2314.5834125,0.0350075,0.6588397,0.2084672,0.7219738;
racing,killcuboid,20.1,10.1,1.1,-115.6264962,1097.7613741,1058.8610759,-0.2084672,0.7219738,0.0350075,-0.6588397;
racing,killcuboid,20.1,10.1,1.1,-843.4523791,686.4338608,1640.1348161,0.2084672,-0.7219738,-0.0350075,0.6588397;
racing,killcuboid,20.1,10.1,1.1,13.4359408,1334.7902523,496.3575663,0.1721626,-0.0446426,0.1226545,0.9763826;
racing,killcuboid,20.1,10.1,1.1,54.8586394,894.8876581,1760.4856721,-0.0350075,-0.6588397,-0.2084672,-0.7219738;
racing,killcuboid,20.1,10.1,1.1,718.3406613,1569.0741496,392.8182486,-0.1226545,0.9763826,0.1721626,0.0446426;
racing,killcuboid,20.1,10.1,1.1,782.6845223,1306.2151714,1179.2119319,0.0350075,0.6588397,0.2084672,0.7219738;
base,levelBottom,default,0.0036289,3.628948,0.0036289,0,1,1,1,1,1,703.7079351,1335.7686786,1299.1775067,0.4834276,0.133097,-0.7826273,-0.3688867;
base,levelBottom,default,0.0036289,3.628948,0.0036289,0,1,1,1,1,1,703.7079351,1335.7686786,1299.1775067,0.7460269,-0.0181318,-0.5381915,-0.3917462;
base,levelBottom,default,0.0036289,3.628948,0.0036289,0,1,1,1,1,1,763.4488562,1366.1721683,1260.870014,0.6929064,0.2627894,-0.5094418,-0.4373689;
base,levelBottom,default,0.0036289,3.628948,0.0036289,0,1,1,1,1,1,763.4488562,1366.1721683,1260.870014,0.8350768,0.0755033,-0.2056537,-0.5046311;
racing,startCuboid,4,4,1,45.7952287,1584.7341805,-178.0910301,0.1721626,-0.0446426,0.1226545,0.9763826;
spawnpoint,playerC,68.1218571,1569.6432849,-241.3269893,0.1721626,-0.0446426,0.1226545,0.9763826;
spawnpoint,playerM,48.8033406,1565.1604076,-243.9151798,0.1721626,-0.0446426,0.1226545,0.9763826;
custom,boulder1,rock3,15,5,3,0,1,1,1,1.5,1.5,61.6024181,1678.0354439,-457.6800267,0.1721626,-0.0446426,0.1226545,0.9763826;
custom,boulder1,rock3,15,5,3,0,1,1,1,1.5,1.5,53.6541108,1731.8179344,-491.5070593,0.1721626,-0.0446426,0.1226545,0.9763826;
custom,boulder4,metal1,2.5,2.5,2.5,1,1,0.75,0,0.1,0.1,57.9299617,1678.4631536,-431.0092538,0.6402693,-0.0046803,0.2992483,0.7074488;
custom,boulder4,bombtex,2.6,2.6,2.6,1,1,0.5,0,10000000000,10000000000,57.9299617,1678.4631536,-431.0092538,0.6402693,-0.0046803,0.2992483,0.7074488;
custom,boulder4,bombtex,2.65,2.65,2.65,1,1,0.5,0,10000000000,10000000000,57.9299617,1678.4631536,-431.0092538,0.6402693,-0.0046803,0.2992483,0.7074488;
custom,boulder1,rock3,15,5,3,0,1,1,1,1.5,1.5,267.0924454,1709.5936364,-384.9991288,0.1926532,-0.232846,0.0869992,0.9492622;
custom,boulder1,rock3,15,5,3,0,1,1,1,1.5,1.5,277.3243945,1766.3326931,-412.8565501,0.1926532,-0.232846,0.0869992,0.9492622;
custom,boulder1,rock3,15,5,3,0,1,1,1,1.5,1.5,390.2894414,1682.229065,-211.8345863,0.2113394,-0.6189263,-0.0044418,0.7564696;
custom,boulder1,rock3,15,5,3,0,1,1,1,1.5,1.5,427.0082697,1734.3667443,-206.0514392,0.2113394,-0.6189263,-0.0044418,0.7564696;
custom,boulder1,rock3,15,5,3,0,1,1,1,1.5,1.5,405.2373673,1601.6718598,25.4286014,0.2087525,-0.7164433,-0.0332643,0.6648496;
custom,boulder1,rock3,15,5,3,0,1,1,1,1.5,1.5,443.3696434,1649.5929535,44.1252963,0.2087525,-0.7164433,-0.0332643,0.6648496;
custom,boulder1,rock3,15,5,3,0,1,1,1,1.5,1.5,543.0554198,1559.0267015,252.8348535,0.1936798,-0.2441813,0.084689,0.9464098;
custom,boulder1,rock3,15,5,3,0,1,1,1,1.5,1.5,554.3292667,1615.8501479,225.5576725,0.1936798,-0.2441813,0.084689,0.9464098;
custom,boulder1,rock3,15,5,3,0,1,1,1,1.5,1.5,779.0028081,1595.7729528,334.8587792,0.1752974,-0.0700463,0.1181309,0.9748894;
custom,boulder1,rock3,15,5,3,0,1,1,1,1.5,1.5,773.5645183,1650.1151814,301.4316197,0.1752974,-0.0700463,0.1181309,0.9748894;
custom,boulder1,rock3,15,5,3,0,1,1,1,1.5,1.5,938.8336559,1607.9261451,426.0884856,0.2095364,-0.4960692,0.0279032,0.8421587;
custom,boulder1,rock3,15,5,3,0,1,1,1,1.5,1.5,969.8311155,1663.3821554,418.0970223,0.2095364,-0.4960692,0.0279032,0.8421587;
custom,boulder1,rock3,15,5,3,0,1,1,1,1.5,1.5,980.7274331,1541.7118874,644.3107459,0.2060954,-0.7588453,-0.0469976,0.6160111;
custom,boulder1,rock3,15,5,3,0,1,1,1,1.5,1.5,1018.2467012,1587.2666609,669.1524016,0.2060954,-0.7588453,-0.0469976,0.6160111;
custom,boulder1,rock3,15,5,3,0,1,1,1,1.5,1.5,968.4143956,1438.0055159,925.0244637,0.2102522,-0.679237,-0.0218656,0.7028179;
custom,boulder1,rock3,15,5,3,0,1,1,1,1.5,1.5,1006.4178515,1487.7227904,938.5911487,0.2102522,-0.679237,-0.0218656,0.7028179;
custom,boulder1,rock3,15,5,3,0,1,1,1,1.5,1.5,996.4537225,1364.5932889,1152.5424229,0.2102522,-0.679237,-0.0218656,0.7028179;
custom,boulder1,rock3,15,5,3,0,1,1,1,1.5,1.5,1034.4571784,1414.3105635,1166.109108,0.2102522,-0.679237,-0.0218656,0.7028179;
custom,boulder1,rock3,15,5,3,0,1,1,1,1.5,1.5,1026.3975389,1279.8827184,1413.1866837,0.2102522,-0.679237,-0.0218656,0.7028179;
custom,boulder1,rock3,15,5,3,0,1,1,1,1.5,1.5,1064.3999974,1329.5995258,1426.753895,0.2102522,-0.679237,-0.0218656,0.7028179;
custom,boulder1,rock3,15,5,3,0,1,1,1,1.5,1.5,949.5876627,1214.5541369,1535.9028777,0.1868165,-0.8927965,-0.0989125,0.3977817;
custom,boulder1,rock3,15,5,3,0,1,1,1,1.5,1.5,976.7548182,1249.5806459,1582.1094133,0.1868165,-0.8927965,-0.0989125,0.3977817;
custom,boulder1,rock3,15,5,3,0,1,1,1,1.5,1.5,777.3143592,1150.4123241,1580.4832683,0.1103785,-0.9709101,-0.1802795,-0.1124696;
custom,boulder1,rock3,15,5,3,0,1,1,1,1.5,1.5,758.1905133,1168.092974,1638.9782482,0.1103785,-0.9709101,-0.1802795,-0.1124696;
custom,boulder1,rock3,15,5,3,0,1,1,1,1.5,1.5,511.917303,1106.5301969,1495.359552,0.1103785,-0.9709101,-0.1802795,-0.1124696;
custom,boulder1,rock3,15,5,3,0,1,1,1,1.5,1.5,492.7934055,1124.2111715,1553.8535822,0.1103785,-0.9709101,-0.1802795,-0.1124696;
custom,boulder1,rock3,15,5,3,0,1,1,1,1.5,1.5,288.4182963,1038.6465004,1510.271724,0.1633472,-0.9541765,-0.1341707,0.2118092;
custom,boulder1,rock3,15,5,3,0,1,1,1,1.5,1.5,300.6257169,1065.7303499,1566.9928847,0.1633472,-0.9541765,-0.1341707,0.2118092;
custom,boulder1,rock3,15,5,3,0,1,1,1,1.5,1.5,123.2130812,926.1857096,1695.6775588,0.2046731,-0.7760842,-0.0528491,0.5941458;
custom,boulder1,rock3,15,5,3,0,1,1,1,1.5,1.5,160.2087346,970.6703502,1723.1050884,0.2046731,-0.7760842,-0.0528491,0.5941458;
custom,boulder1,rock3,15,5,3,0,1,1,1,1.5,1.5,95.7110312,830.5948537,1941.7656671,0.2046731,-0.7760842,-0.0528491,0.5941458;
custom,boulder1,rock3,15,5,3,0,1,1,1,1.5,1.5,132.7067295,875.0798414,1969.19226,0.2046731,-0.7760842,-0.0528491,0.5941458;
custom,boulder1,rock3,15,5,3,0,1,1,1,1.5,1.5,-49.6809586,758.9093686,2028.5334761,0.1473195,-0.9718771,-0.1515951,0.1037824;
custom,boulder1,rock3,15,5,3,0,1,1,1,1.5,1.5,-47.5547108,782.1315845,2088.166213,0.1473195,-0.9718771,-0.1515951,0.1037824;
custom,boulder1,rock3,15,5,3,0,1,1,1,1.5,1.5,-303.0478574,700.0005844,1994.9102385,0.1020461,-0.9647743,-0.1851234,-0.1566093;
custom,boulder1,rock3,15,5,3,0,1,1,1,1.5,1.5,-326.4601844,716.9685927,2052.039699,0.1020461,-0.9647743,-0.1851234,-0.1566093;
custom,boulder1,rock3,15,5,3,0,1,1,1,1.5,1.5,-510.5809726,611.9190487,2078.8857578,0.1977715,-0.8356899,-0.0746357,0.5068908;
custom,boulder1,rock3,15,5,3,0,1,1,1,1.5,1.5,-476.9396875,652.1328956,2115.6421467,0.1977715,-0.8356899,-0.0746357,0.5068908;
custom,boulder1,rock3,15,5,3,0,1,1,1,1.5,1.5,-569.3259721,524.8203492,2276.7124021,0.2058958,-0.7614308,-0.0478644,0.6128124;
custom,boulder1,rock3,15,5,3,0,1,1,1,1.5,1.5,-531.8750176,570.2194327,2301.9364319,0.2058958,-0.7614308,-0.0478644,0.6128124;
custom,boulder1,rock3,15,5,3,0,1,1,1,1.5,1.5,-608.9689877,442.0835703,2477.2962055,0.2058958,-0.7614308,-0.0478644,0.6128124;
custom,boulder1,rock3,15,5,3,0,1,1,1,1.5,1.5,-571.51784,487.4826986,2502.5202612,0.2058958,-0.7614308,-0.0478644,0.6128124;
custom,boulder1,rock3,15,5,3,0,1,1,1,1.5,1.5,-645.6274843,345.2064036,2719.8101323,0.2058958,-0.7614308,-0.0478644,0.6128124;
custom,boulder1,rock3,15,5,3,0,1,1,1,1.5,1.5,-608.1763366,390.6055318,2745.034188,0.2058958,-0.7614308,-0.0478644,0.6128124;
custom,boulder1,rock3,15,5,3,0,1,1,1,1.5,1.5,-670.3654395,254.7959078,2953.5602265,0.2058958,-0.7614308,-0.0478644,0.6128124;
custom,boulder1,rock3,15,5,3,0,1,1,1,1.5,1.5,-632.9143435,300.1953608,2978.7833324,0.2058958,-0.7614308,-0.0478644,0.6128124;
custom,boulder1,rock3,15,5,3,0,1,1,1,1.5,1.5,-690.0767506,168.8146189,3178.848463,0.2058958,-0.7614308,-0.0478644,0.6128124;
custom,boulder1,rock3,15,5,3,0,1,1,1,1.5,1.5,-652.625558,214.2140944,3204.071582,0.2058958,-0.7614308,-0.0478644,0.6128124;
custom,boulder1,rock3,15,5,3,0,1,1,1,1.5,1.5,-713.6199041,83.5808914,3399.040585,0.2058958,-0.7614308,-0.0478644,0.6128124;
custom,boulder1,rock3,15,5,3,0,1,1,1,1.5,1.5,-676.1688081,128.9803444,3424.263691,0.2058958,-0.7614308,-0.0478644,0.6128124;
custom,boulder1,rock3,15,5,3,0,1,1,1,1.5,1.5,-739.543235,-4.3207397,3624.8371561,0.2058958,-0.7614308,-0.0478644,0.6128124;
custom,boulder1,rock3,15,5,3,0,1,1,1,1.5,1.5,-702.0920873,41.0783886,3650.0612119,0.2058958,-0.7614308,-0.0478644,0.6128124;
custom,boulder1,rock3,15,5,3,0,1,1,1,1.5,1.5,-762.9746484,-115.8296973,3918.683819,0.2058958,-0.7614308,-0.0478644,0.6128124;
custom,boulder1,rock3,15,5,3,0,1,1,1,1.5,1.5,-725.5235007,-70.430569,3943.9078746,0.2058958,-0.7614308,-0.0478644,0.6128124;
custom,boulder1,rock3,15,5,3,0,1,1,1,1.5,1.5,-795.7467029,-220.4360905,4185.8840589,0.2058958,-0.7614308,-0.0478644,0.6128124;
custom,boulder1,rock3,15,5,3,0,1,1,1,1.5,1.5,-758.2955103,-175.036615,4211.1071778,0.2058958,-0.7614308,-0.0478644,0.6128124;
custom,boulder1,rock3,15,5,3,0,1,1,1,1.5,1.5,-1003.6278495,-81.0957949,3632.8373967,-0.0388065,-0.645553,-0.2077935,-0.7338782;
custom,boulder1,rock3,15,5,3,0,1,1,1,1.5,1.5,-1062.0049307,-55.2386163,3637.6770896,-0.0388065,-0.645553,-0.2077935,-0.7338782;
custom,boulder1,rock3,15,5,3,0,1,1,1,1.5,1.5,-1000.171163,4.4612756,3395.9986004,-0.0388065,-0.645553,-0.2077935,-0.7338782;
custom,boulder1,rock3,15,5,3,0,1,1,1,1.5,1.5,-1058.5491651,30.3185773,3400.8372271,-0.0388065,-0.645553,-0.2077935,-0.7338782;
custom,boulder1,rock3,15,5,3,0,1,1,1,1.5,1.5,-1000.9209862,85.6518371,3168.0888431,-0.0388065,-0.645553,-0.2077935,-0.7338782;
custom,boulder1,rock3,15,5,3,0,1,1,1,1.5,1.5,-1059.2978876,111.5104043,3172.9247891,-0.0388065,-0.645553,-0.2077935,-0.7338782;
custom,boulder1,rock3,15,5,3,0,1,1,1,1.5,1.5,-997.4272677,166.320623,2944.9654898,-0.0388065,-0.645553,-0.2077935,-0.7338782;
custom,boulder1,rock3,15,5,3,0,1,1,1,1.5,1.5,-1055.8041691,192.1791903,2949.8014356,-0.0388065,-0.645553,-0.2077935,-0.7338782;
custom,boulder1,rock3,15,5,3,0,1,1,1,1.5,1.5,-992.0851426,249.590146,2716.0090033,-0.0388065,-0.645553,-0.2077935,-0.7338782;
custom,boulder1,rock3,15,5,3,0,1,1,1,1.5,1.5,-1050.4618958,275.448411,2720.8459119,-0.0388065,-0.645553,-0.2077935,-0.7338782;
custom,boulder1,rock3,15,5,3,0,1,1,1,1.5,1.5,-995.3161501,354.7878194,2418.9381302,-0.0388065,-0.645553,-0.2077935,-0.7338782;
custom,boulder1,rock3,15,5,3,0,1,1,1,1.5,1.5,-1053.692427,380.6468683,2423.7732171,-0.0388065,-0.645553,-0.2077935,-0.7338782;
custom,boulder1,rock3,15,5,3,0,1,1,1,1.5,1.5,-986.9239534,453.9697956,2147.8192003,-0.0388065,-0.645553,-0.2077935,-0.7338782;
custom,boulder1,rock3,15,5,3,0,1,1,1,1.5,1.5,-1045.3003135,479.8274784,2152.658047,-0.0388065,-0.645553,-0.2077935,-0.7338782;
custom,boulder1,rock3,15,5,3,0,1,1,1,1.5,1.5,-1018.0772839,-173.2362425,3879.4938833,-0.0388065,-0.645553,-0.2077935,-0.7338782;
custom,boulder1,rock3,15,5,3,0,1,1,1,1.5,1.5,-1076.4539787,-147.3789742,3884.3336279,-0.0388065,-0.645553,-0.2077935,-0.7338782;
custom,boulder1,rock3,15,5,3,0,1,1,1,1.5,1.5,-1039.242985,-252.3133195,4084.3114165,-0.0388065,-0.645553,-0.2077935,-0.7338782;
custom,boulder1,rock3,15,5,3,0,1,1,1,1.5,1.5,-1097.6190754,-226.4535539,4089.1446427,-0.0388065,-0.645553,-0.2077935,-0.7338782;
custom,boulder1,rock3,15,5,3,0,1,1,1,1.5,1.5,-987.6333939,527.3996593,1941.6698671,-0.0388065,-0.645553,-0.2077935,-0.7338782;
custom,boulder1,rock3,15,5,3,0,1,1,1,1.5,1.5,-1046.0093677,553.2574317,1946.5087656,-0.0388065,-0.645553,-0.2077935,-0.7338782;
custom,boulder1,rock3,15,5,3,0,1,1,1,1.5,1.5,-1012.8367055,608.0688291,1696.0560236,-0.0163312,-0.7204301,-0.2107543,-0.6605274;
custom,boulder1,rock3,15,5,3,0,1,1,1,1.5,1.5,-1070.9607866,630.3882618,1710.9991829,-0.0163312,-0.7204301,-0.2107543,-0.6605274;
custom,boulder1,rock3,15,5,3,0,1,1,1,1.5,1.5,-975.7695128,712.8786988,1431.6523872,-0.0721828,-0.5171929,-0.1986799,-0.8293536;
custom,boulder1,rock3,15,5,3,0,1,1,1,1.5,1.5,-1030.29404,745.0129314,1421.9363931,-0.0721828,-0.5171929,-0.1986799,-0.8293536;
custom,boulder1,rock3,15,5,3,0,1,1,1,1.5,1.5,-830.8643315,784.9973426,1343.2901981,-0.1527379,-0.0962098,-0.1461343,-0.9726559;
custom,boulder1,rock3,15,5,3,0,1,1,1,1.5,1.5,-852.6539389,834.8712844,1309.559344,-0.1527379,-0.0962098,-0.1461343,-0.9726559;
custom,boulder1,rock3,15,5,3,0,1,1,1,1.5,1.5,-584.1513437,853.3820667,1345.1674697,-0.1690877,0.0205681,-0.1268598,-0.9771862;
custom,boulder1,rock3,15,5,3,0,1,1,1,1.5,1.5,-594.4862975,906.5901943,1311.0781952,-0.1690877,0.0205681,-0.1268598,-0.9771862;
custom,boulder1,rock3,15,5,3,0,1,1,1,1.5,1.5,-356.1532047,935.6708692,1293.4485452,-0.1319264,-0.2248257,-0.1651651,-0.9511936;
custom,boulder1,rock3,15,5,3,0,1,1,1,1.5,1.5,-389.9168812,980.929774,1263.2552582,-0.1319264,-0.2248257,-0.1651651,-0.9511936;
custom,boulder1,rock3,15,5,3,0,1,1,1,1.5,1.5,-206.4885006,1040.6603765,1116.7825881,-0.0624627,-0.5568047,-0.2019468,-0.803296;
custom,boulder1,rock3,15,5,3,0,1,1,1,1.5,1.5,-262.6744702,1070.8571497,1111.1891627,-0.0624627,-0.5568047,-0.2019468,-0.803296;
custom,boulder1,rock3,15,5,3,0,1,1,1,1.5,1.5,-141.9117497,1137.7115056,895.6607847,-0.0624627,-0.5568047,-0.2019468,-0.803296;
custom,boulder1,rock3,15,5,3,0,1,1,1,1.5,1.5,-198.0976451,1167.9081276,890.0678407,-0.0624627,-0.5568047,-0.2019468,-0.803296;
custom,boulder1,rock3,15,5,3,0,1,1,1,1.5,1.5,10.8330797,1203.6327635,830.7942195,-0.1581221,-0.0595861,-0.1402906,-0.9755847;
custom,boulder1,rock3,15,5,3,0,1,1,1,1.5,1.5,-7.3973124,1254.6472845,796.6592048,-0.1581221,-0.0595861,-0.1402906,-0.9755847;
custom,boulder1,rock3,15,5,3,0,1,1,1,1.5,1.5,240.917242,1273.1922722,816.3505992,-0.1581221,-0.0595861,-0.1402906,-0.9755847;
custom,boulder1,rock3,15,5,3,0,1,1,1,1.5,1.5,222.68686,1324.2067956,782.2155858,-0.1581221,-0.0595861,-0.1402906,-0.9755847;
custom,boulder1,rock3,15,5,3,0,1,1,1,1.5,1.5,13.151762,1257.9960885,680.4015303,-0.1152716,0.9736248,0.1771908,0.0858524;
custom,boulder1,rock3,15,5,3,0,1,1,1,1.5,1.5,-3.3568899,1276.1806625,739.5350802,-0.1152716,0.9736248,0.1771908,0.0858524;
custom,boulder1,rock3,15,5,3,0,1,1,1,1.5,1.5,243.6025322,1303.6076139,733.296406,-0.1152716,0.9736248,0.1771908,0.0858524;
custom,boulder1,rock3,15,5,3,0,1,1,1,1.5,1.5,227.0938019,1321.7921022,792.4301338,-0.1152716,0.9736248,0.1771908,0.0858524;
custom,boulder1,rock3,15,5,3,0,1,1,1,1.5,1.5,-151.553913,1252.5056956,566.696591,-0.0635933,0.9150438,0.2015936,0.3435269;
custom,boulder1,rock3,15,5,3,0,1,1,1,1.5,1.5,-191.8988574,1268.2999515,613.842566,-0.0635933,0.9150438,0.2015936,0.3435269;
custom,boulder1,rock3,15,5,3,0,1,1,1,1.5,1.5,-236.0653336,1303.0250827,359.0190837,0.0180013,0.7151717,0.2106182,0.6662172;
custom,boulder1,rock3,15,5,3,0,1,1,1,1.5,1.5,-294.2849138,1325.5860028,373.211271,0.0180013,0.7151717,0.2106182,0.6662172;
custom,boulder1,rock3,15,5,3,0,1,1,1,1.5,1.5,-279.2128803,1394.0800846,70.2637442,0.0180013,0.7151717,0.2106182,0.6662172;
custom,boulder1,rock3,15,5,3,0,1,1,1,1.5,1.5,-337.4323674,1416.6409993,84.4560194,0.0180013,0.7151717,0.2106182,0.6662172;
custom,boulder1,rock3,15,5,3,0,1,1,1,1.5,1.5,-250.2933943,1482.4878944,-154.6018322,0.0693013,0.5291357,0.1997033,0.8217854;
custom,boulder1,rock3,15,5,3,0,1,1,1,1.5,1.5,-305.357052,1514.0400314,-163.1105484,0.0693013,0.5291357,0.1997033,0.8217854;
custom,boulder1,rock3,15,5,3,0,1,1,1,1.5,1.5,-137.5588548,1592.014765,-372.9132751,0.1061389,0.3625818,0.1828076,0.907662;
custom,boulder1,rock3,15,5,3,0,1,1,1,1.5,1.5,-182.606072,1631.444534,-395.6285312,0.1061389,0.3625818,0.1828076,0.907662;
custom,boulder4,metal1,2.5,2.5,2.5,1,1,0.75,0,0.1,0.1,121.9510939,1746.7206398,-444.9434833,0.4009302,0.142742,0.2890198,0.8575239;
custom,boulder4,bombtex,2.6,2.6,2.6,1,1,0.5,0,10000000000,10000000000,121.9510939,1746.7206398,-444.9434833,0.4009302,0.142742,0.2890198,0.8575239;
custom,boulder4,bombtex,2.65,2.65,2.65,1,1,0.5,0,10000000000,10000000000,121.9510939,1746.7206398,-444.9434833,0.4009302,0.142742,0.2890198,0.8575239;
custom,boulder4,metal1,2.5,2.5,2.5,1,1,0.75,0,0.1,0.1,-18.0683163,1680.7152465,-482.4983804,0.652157,-0.4369187,-0.1924309,0.5888664;
custom,boulder4,bombtex,2.6,2.6,2.6,1,1,0.5,0,10000000000,10000000000,-18.0683163,1680.7152465,-482.4983804,0.652157,-0.4369187,-0.1924309,0.5888664;
custom,boulder4,bombtex,2.65,2.65,2.65,1,1,0.5,0,10000000000,10000000000,-18.0683163,1680.7152465,-482.4983804,0.652157,-0.4369187,-0.1924309,0.5888664;
custom,boulder4,metal1,2.5,2.5,2.5,1,1,0.75,0,0.1,0.1,36.7893703,1736.7326224,-479.3846803,0.2949536,0.6737328,0.3502197,0.5800282;
custom,boulder4,bombtex,2.6,2.6,2.6,1,1,0.5,0,10000000000,10000000000,36.7893703,1736.7326224,-479.3846803,0.2949536,0.6737328,0.3502197,0.5800282;
custom,boulder4,bombtex,2.65,2.65,2.65,1,1,0.5,0,10000000000,10000000000,36.7893703,1736.7326224,-479.3846803,0.2949536,0.6737328,0.3502197,0.5800282;
custom,boulder4,metal1,2.5,2.5,2.5,1,1,0.75,0,0.1,0.1,247.3222887,1706.7100937,-361.6729214,0.6065559,-0.1986368,0.3661436,0.6771796;
custom,boulder4,bombtex,2.6,2.6,2.6,1,1,0.5,0,10000000000,10000000000,247.3222887,1706.7100937,-361.6729214,0.6065559,-0.1986368,0.3661436,0.6771796;
custom,boulder4,bombtex,2.65,2.65,2.65,1,1,0.5,0,10000000000,10000000000,247.3222887,1706.7100937,-361.6729214,0.6065559,-0.1986368,0.3661436,0.6771796;
custom,boulder4,metal1,2.5,2.5,2.5,1,1,0.75,0,0.1,0.1,319.0919444,1765.233978,-342.2820285,0.3924579,-0.0662143,0.3082531,0.8640442;
custom,boulder4,bombtex,2.6,2.6,2.6,1,1,0.5,0,10000000000,10000000000,319.0919444,1765.233978,-342.2820285,0.3924579,-0.0662143,0.3082531,0.8640442;
custom,boulder4,bombtex,2.65,2.65,2.65,1,1,0.5,0,10000000000,10000000000,319.0919444,1765.233978,-342.2820285,0.3924579,-0.0662143,0.3082531,0.8640442;
custom,boulder4,metal1,2.5,2.5,2.5,1,1,0.75,0,0.1,0.1,197.3172824,1724.6022823,-436.5816079,0.6760462,-0.5733926,-0.127382,0.4449229;
custom,boulder4,bombtex,2.6,2.6,2.6,1,1,0.5,0,10000000000,10000000000,197.3172824,1724.6022823,-436.5816079,0.6760462,-0.5733926,-0.127382,0.4449229;
custom,boulder4,bombtex,2.65,2.65,2.65,1,1,0.5,0,10000000000,10000000000,197.3172824,1724.6022823,-436.5816079,0.6760462,-0.5733926,-0.127382,0.4449229;
custom,boulder4,metal1,2.5,2.5,2.5,1,1,0.75,0,0.1,0.1,252.825134,1771.1374114,-406.4094175,0.2984821,0.5097989,0.3950754,0.7035119;
custom,boulder4,bombtex,2.6,2.6,2.6,1,1,0.5,0,10000000000,10000000000,252.825134,1771.1374114,-406.4094175,0.2984821,0.5097989,0.3950754,0.7035119;
custom,boulder4,bombtex,2.65,2.65,2.65,1,1,0.5,0,10000000000,10000000000,252.825134,1771.1374114,-406.4094175,0.2984821,0.5097989,0.3950754,0.7035119;
custom,boulder4,metal1,2.5,2.5,2.5,1,1,0.75,0,0.1,0.1,416.120877,1681.5859671,19.7920747,0.1767094,-0.6363906,-0.3290615,-0.6749069;
custom,boulder4,bombtex,2.6,2.6,2.6,1,1,0.5,0,10000000000,10000000000,416.120877,1681.5859671,19.7920747,0.1767094,-0.6363906,-0.3290615,-0.6749069;
custom,boulder4,bombtex,2.65,2.65,2.65,1,1,0.5,0,10000000000,10000000000,416.120877,1681.5859671,19.7920747,0.1767094,-0.6363906,-0.3290615,-0.6749069;
custom,boulder4,metal1,2.5,2.5,2.5,1,1,0.75,0,0.1,0.1,410.8547678,1642.74377,-66.3212854,0.4656198,-0.6202975,-0.3250012,-0.5411131;
custom,boulder4,bombtex,2.6,2.6,2.6,1,1,0.5,0,10000000000,10000000000,410.8547678,1642.74377,-66.3212854,0.4656198,-0.6202975,-0.3250012,-0.5411131;
custom,boulder4,bombtex,2.65,2.65,2.65,1,1,0.5,0,10000000000,10000000000,410.8547678,1642.74377,-66.3212854,0.4656198,-0.6202975,-0.3250012,-0.5411131;
custom,boulder4,metal1,2.5,2.5,2.5,1,1,0.75,0,0.1,0.1,397.9005649,1627.4646223,91.7005203,-0.0133534,-0.0520139,-0.3726437,-0.9264194;
custom,boulder4,bombtex,2.6,2.6,2.6,1,1,0.5,0,10000000000,10000000000,397.9005649,1627.4646223,91.7005203,-0.0133534,-0.0520139,-0.3726437,-0.9264194;
custom,boulder4,bombtex,2.65,2.65,2.65,1,1,0.5,0,10000000000,10000000000,397.9005649,1627.4646223,91.7005203,-0.0133534,-0.0520139,-0.3726437,-0.9264194;
custom,boulder4,metal1,2.5,2.5,2.5,1,1,0.75,0,0.1,0.1,387.8455817,1608.3006299,16.2783993,0.5271442,-0.8112696,0.1459066,-0.2065715;
custom,boulder4,bombtex,2.6,2.6,2.6,1,1,0.5,0,10000000000,10000000000,387.8455817,1608.3006299,16.2783993,0.5271442,-0.8112696,0.1459066,-0.2065715;
custom,boulder4,bombtex,2.65,2.65,2.65,1,1,0.5,0,10000000000,10000000000,387.8455817,1608.3006299,16.2783993,0.5271442,-0.8112696,0.1459066,-0.2065715;
custom,boulder4,metal1,2.5,2.5,2.5,1,1,0.75,0,0.1,0.1,418.4251038,1742.6906584,-137.5777513,0.2386694,-0.8364665,-0.2682251,-0.4140241;
custom,boulder4,bombtex,2.6,2.6,2.6,1,1,0.5,0,10000000000,10000000000,418.4251038,1742.6906584,-137.5777513,0.2386694,-0.8364665,-0.2682251,-0.4140241;
custom,boulder4,bombtex,2.65,2.65,2.65,1,1,0.5,0,10000000000,10000000000,418.4251038,1742.6906584,-137.5777513,0.2386694,-0.8364665,-0.2682251,-0.4140241;
custom,boulder4,metal1,2.5,2.5,2.5,1,1,0.75,0,0.1,0.1,379.3838877,1673.4700809,-188.9226057,0.4854356,-0.7702912,-0.3389414,-0.2369017;
custom,boulder4,bombtex,2.6,2.6,2.6,1,1,0.5,0,10000000000,10000000000,379.3838877,1673.4700809,-188.9226057,0.4854356,-0.7702912,-0.3389414,-0.2369017;
custom,boulder4,bombtex,2.65,2.65,2.65,1,1,0.5,0,10000000000,10000000000,379.3838877,1673.4700809,-188.9226057,0.4854356,-0.7702912,-0.3389414,-0.2369017;
custom,boulder4,metal1,2.5,2.5,2.5,1,1,0.75,0,0.1,0.1,590.0025406,1611.1148184,293.8776719,0.1934836,-0.8265136,-0.3860232,-0.3611446;
custom,boulder4,bombtex,2.6,2.6,2.6,1,1,0.5,0,10000000000,10000000000,590.0025406,1611.1148184,293.8776719,0.1934836,-0.8265136,-0.3860232,-0.3611446;
custom,boulder4,bombtex,2.65,2.65,2.65,1,1,0.5,0,10000000000,10000000000,590.0025406,1611.1148184,293.8776719,0.1934836,-0.8265136,-0.3860232,-0.3611446;
custom,boulder4,metal1,2.5,2.5,2.5,1,1,0.75,0,0.1,0.1,520.270853,1554.8708417,265.4584377,0.4494272,-0.7323489,-0.4639245,-0.2155328;
custom,boulder4,bombtex,2.6,2.6,2.6,1,1,0.5,0,10000000000,10000000000,520.270853,1554.8708417,265.4584377,0.4494272,-0.7323489,-0.4639245,-0.2155328;
custom,boulder4,bombtex,2.65,2.65,2.65,1,1,0.5,0,10000000000,10000000000,520.270853,1554.8708417,265.4584377,0.4494272,-0.7323489,-0.4639245,-0.2155328;
custom,boulder4,metal1,2.5,2.5,2.5,1,1,0.75,0,0.1,0.1,459.4918035,1617.8808718,191.3390218,0.2708755,-0.9129976,-0.3003851,-0.0532038;
custom,boulder4,bombtex,2.6,2.6,2.6,1,1,0.5,0,10000000000,10000000000,459.4918035,1617.8808718,191.3390218,0.2708755,-0.9129976,-0.3003851,-0.0532038;
custom,boulder4,bombtex,2.65,2.65,2.65,1,1,0.5,0,10000000000,10000000000,459.4918035,1617.8808718,191.3390218,0.2708755,-0.9129976,-0.3003851,-0.0532038;
custom,boulder4,metal1,2.5,2.5,2.5,1,1,0.75,0,0.1,0.1,414.7536769,1548.2555847,189.3792976,0.4527384,-0.7697664,-0.4333992,0.1210485;
custom,boulder4,bombtex,2.6,2.6,2.6,1,1,0.5,0,10000000000,10000000000,414.7536769,1548.2555847,189.3792976,0.4527384,-0.7697664,-0.4333992,0.1210485;
custom,boulder4,bombtex,2.65,2.65,2.65,1,1,0.5,0,10000000000,10000000000,414.7536769,1548.2555847,189.3792976,0.4527384,-0.7697664,-0.4333992,0.1210485;
custom,boulder4,metal1,2.5,2.5,2.5,1,1,0.75,0,0.1,0.1,977.3750139,1600.882268,685.5975861,0.1764527,-0.6343142,-0.3283539,-0.6772693;
custom,boulder4,bombtex,2.6,2.6,2.6,1,1,0.5,0,10000000000,10000000000,977.3750139,1600.882268,685.5975861,0.1764527,-0.6343142,-0.3283539,-0.6772693;
custom,boulder4,bombtex,2.65,2.65,2.65,1,1,0.5,0,10000000000,10000000000,977.3750139,1600.882268,685.5975861,0.1764527,-0.6343142,-0.3283539,-0.6772693;
custom,boulder4,metal1,2.5,2.5,2.5,1,1,0.75,0,0.1,0.1,972.5351039,1562.1926815,599.3908514,0.4654757,-0.6189236,-0.3235711,-0.5436614;
custom,boulder4,bombtex,2.6,2.6,2.6,1,1,0.5,0,10000000000,10000000000,972.5351039,1562.1926815,599.3908514,0.4654757,-0.6189236,-0.3235711,-0.5436614;
custom,boulder4,bombtex,2.65,2.65,2.65,1,1,0.5,0,10000000000,10000000000,972.5351039,1562.1926815,599.3908514,0.4654757,-0.6189236,-0.3235711,-0.5436614;
custom,boulder4,metal1,2.5,2.5,2.5,1,1,0.75,0,0.1,0.1,984.8722075,1647.4573185,523.0651505,0.2382385,-0.8352728,-0.2677749,-0.4169633;
custom,boulder4,bombtex,2.6,2.6,2.6,1,1,0.5,0,10000000000,10000000000,984.8722075,1647.4573185,523.0651505,0.2382385,-0.8352728,-0.2677749,-0.4169633;
custom,boulder4,bombtex,2.65,2.65,2.65,1,1,0.5,0,10000000000,10000000000,984.8722075,1647.4573185,523.0651505,0.2382385,-0.8352728,-0.2677749,-0.4169633;
custom,boulder4,metal1,2.5,2.5,2.5,1,1,0.75,0,0.1,0.1,941.8508203,1593.1864565,476.6570506,0.4854264,-0.7698208,-0.3378959,-0.2399242;
custom,boulder4,bombtex,2.6,2.6,2.6,1,1,0.5,0,10000000000,10000000000,941.8508203,1593.1864565,476.6570506,0.4854264,-0.7698208,-0.3378959,-0.2399242;
custom,boulder4,bombtex,2.65,2.65,2.65,1,1,0.5,0,10000000000,10000000000,941.8508203,1593.1864565,476.6570506,0.4854264,-0.7698208,-0.3378959,-0.2399242;
custom,boulder4,metal1,2.5,2.5,2.5,1,1,0.75,0,0.1,0.1,989.2751505,1397.6223258,1199.5151024,0.1764527,-0.6343142,-0.3283539,-0.6772693;
custom,boulder4,bombtex,2.6,2.6,2.6,1,1,0.5,0,10000000000,10000000000,989.2751505,1397.6223258,1199.5151024,0.1764527,-0.6343142,-0.3283539,-0.6772693;
custom,boulder4,bombtex,2.65,2.65,2.65,1,1,0.5,0,10000000000,10000000000,989.2751505,1397.6223258,1199.5151024,0.1764527,-0.6343142,-0.3283539,-0.6772693;
custom,boulder4,metal1,2.5,2.5,2.5,1,1,0.75,0,0.1,0.1,979.0875506,1378.0383688,1120.1321474,0.4654757,-0.6189236,-0.3235711,-0.5436614;
custom,boulder4,bombtex,2.6,2.6,2.6,1,1,0.5,0,10000000000,10000000000,979.0875506,1378.0383688,1120.1321474,0.4654757,-0.6189236,-0.3235711,-0.5436614;
custom,boulder4,bombtex,2.65,2.65,2.65,1,1,0.5,0,10000000000,10000000000,979.0875506,1378.0383688,1120.1321474,0.4654757,-0.6189236,-0.3235711,-0.5436614;
custom,boulder4,metal1,2.5,2.5,2.5,1,1,0.75,0,0.1,0.1,991.734895,1462.1946121,1043.4105718,0.2382385,-0.8352728,-0.2677749,-0.4169633;
custom,boulder4,bombtex,2.6,2.6,2.6,1,1,0.5,0,10000000000,10000000000,991.734895,1462.1946121,1043.4105718,0.2382385,-0.8352728,-0.2677749,-0.4169633;
custom,boulder4,bombtex,2.65,2.65,2.65,1,1,0.5,0,10000000000,10000000000,991.734895,1462.1946121,1043.4105718,0.2382385,-0.8352728,-0.2677749,-0.4169633;
custom,boulder4,metal1,2.5,2.5,2.5,1,1,0.75,0,0.1,0.1,948.4035567,1409.0322111,997.3983853,0.4854264,-0.7698208,-0.3378959,-0.2399242;
custom,boulder4,bombtex,2.6,2.6,2.6,1,1,0.5,0,10000000000,10000000000,948.4035567,1409.0322111,997.3983853,0.4854264,-0.7698208,-0.3378959,-0.2399242;
custom,boulder4,bombtex,2.65,2.65,2.65,1,1,0.5,0,10000000000,10000000000,948.4035567,1409.0322111,997.3983853,0.4854264,-0.7698208,-0.3378959,-0.2399242;
custom,boulder4,metal1,2.5,2.5,2.5,1,1,0.75,0,0.1,0.1,980.8533296,1523.1158303,764.8272668,-0.6284409,0.5353586,-0.4716152,-0.3098908;
custom,boulder4,bombtex,2.6,2.6,2.6,1,1,0.5,0,10000000000,10000000000,980.8533296,1523.1158303,764.8272668,-0.6284409,0.5353586,-0.4716152,-0.3098908;
custom,boulder4,bombtex,2.65,2.65,2.65,1,1,0.5,0,10000000000,10000000000,980.8533296,1523.1158303,764.8272668,-0.6284409,0.5353586,-0.4716152,-0.3098908;
custom,boulder4,metal1,2.5,2.5,2.5,1,1,0.75,0,0.1,0.1,1007.552929,1539.8913572,854.0327265,-0.5255542,0.468449,-0.3909646,-0.5928701;
custom,boulder4,bombtex,2.6,2.6,2.6,1,1,0.5,0,10000000000,10000000000,1007.552929,1539.8913572,854.0327265,-0.5255542,0.468449,-0.3909646,-0.5928701;
custom,boulder4,bombtex,2.65,2.65,2.65,1,1,0.5,0,10000000000,10000000000,1007.552929,1539.8913572,854.0327265,-0.5255542,0.468449,-0.3909646,-0.5928701;
custom,boulder4,metal1,2.5,2.5,2.5,1,1,0.75,0,0.1,0.1,969.8831121,1436.8031732,909.5142177,-0.4187999,0.4192024,-0.6746348,-0.4401634;
custom,boulder4,bombtex,2.6,2.6,2.6,1,1,0.5,0,10000000000,10000000000,969.8831121,1436.8031732,909.5142177,-0.4187999,0.4192024,-0.6746348,-0.4401634;
custom,boulder4,bombtex,2.65,2.65,2.65,1,1,0.5,0,10000000000,10000000000,969.8831121,1436.8031732,909.5142177,-0.4187999,0.4192024,-0.6746348,-0.4401634;
custom,boulder4,metal1,2.5,2.5,2.5,1,1,0.75,0,0.1,0.1,979.9775283,1503.375604,975.9833649,-0.2463122,0.4114655,-0.5547791,-0.6798871;
custom,boulder4,bombtex,2.6,2.6,2.6,1,1,0.5,0,10000000000,10000000000,979.9775283,1503.375604,975.9833649,-0.2463122,0.4114655,-0.5547791,-0.6798871;
custom,boulder4,bombtex,2.65,2.65,2.65,1,1,0.5,0,10000000000,10000000000,979.9775283,1503.375604,975.9833649,-0.2463122,0.4114655,-0.5547791,-0.6798871;
custom,boulder4,metal1,2.5,2.5,2.5,1,1,0.75,0,0.1,0.1,551.8833053,1162.9351558,1578.3370668,0.0578467,0.0574797,-0.0550014,-0.9951506;
custom,boulder4,bombtex,2.6,2.6,2.6,1,1,0.5,0,10000000000,10000000000,551.8833053,1162.9351558,1578.3370668,0.0578467,0.0574797,-0.0550014,-0.9951506;
custom,boulder4,bombtex,2.65,2.65,2.65,1,1,0.5,0,10000000000,10000000000,551.8833053,1162.9351558,1578.3370668,0.0578467,0.0574797,-0.0550014,-0.9951506;
custom,boulder4,metal1,2.5,2.5,2.5,1,1,0.75,0,0.1,0.1,635.532373,1127.8183467,1551.4744577,0.2761704,-0.0941021,0.1150647,-0.9495445;
custom,boulder4,bombtex,2.6,2.6,2.6,1,1,0.5,0,10000000000,10000000000,635.532373,1127.8183467,1551.4744577,0.2761704,-0.0941021,0.1150647,-0.9495445;
custom,boulder4,bombtex,2.65,2.65,2.65,1,1,0.5,0,10000000000,10000000000,635.532373,1127.8183467,1551.4744577,0.2761704,-0.0941021,0.1150647,-0.9495445;
custom,boulder4,metal1,2.5,2.5,2.5,1,1,0.75,0,0.1,0.1,712.5055507,1198.6393467,1616.1561495,0.0585606,-0.2796986,-0.0740757,-0.955433;
custom,boulder4,bombtex,2.6,2.6,2.6,1,1,0.5,0,10000000000,10000000000,712.5055507,1198.6393467,1616.1561495,0.0585606,-0.2796986,-0.0740757,-0.955433;
custom,boulder4,bombtex,2.65,2.65,2.65,1,1,0.5,0,10000000000,10000000000,712.5055507,1198.6393467,1616.1561495,0.0585606,-0.2796986,-0.0740757,-0.955433;
custom,boulder4,metal1,2.5,2.5,2.5,1,1,0.75,0,0.1,0.1,761.1717885,1161.372131,1544.0814061,0.3203323,-0.4030621,0.0166764,-0.8571173;
custom,boulder4,bombtex,2.6,2.6,2.6,1,1,0.5,0,10000000000,10000000000,761.1717885,1161.372131,1544.0814061,0.3203323,-0.4030621,0.0166764,-0.8571173;
custom,boulder4,bombtex,2.65,2.65,2.65,1,1,0.5,0,10000000000,10000000000,761.1717885,1161.372131,1544.0814061,0.3203323,-0.4030621,0.0166764,-0.8571173;
custom,boulder4,metal1,2.5,2.5,2.5,1,1,0.75,0,0.1,0.1,297.5695316,1094.3337833,1556.3187407,0.2120005,0.0957271,-0.1595409,-0.959395;
custom,boulder4,bombtex,2.6,2.6,2.6,1,1,0.5,0,10000000000,10000000000,297.5695316,1094.3337833,1556.3187407,0.2120005,0.0957271,-0.1595409,-0.959395;
custom,boulder4,bombtex,2.65,2.65,2.65,1,1,0.5,0,10000000000,10000000000,297.5695316,1094.3337833,1556.3187407,0.2120005,0.0957271,-0.1595409,-0.959395;
custom,boulder4,metal1,2.5,2.5,2.5,1,1,0.75,0,0.1,0.1,320.3729509,1047.614357,1471.1531478,0.2353411,-0.1444115,0.060285,-0.9592318;
custom,boulder4,bombtex,2.6,2.6,2.6,1,1,0.5,0,10000000000,10000000000,320.3729509,1047.614357,1471.1531478,0.2353411,-0.1444115,0.060285,-0.9592318;
custom,boulder4,bombtex,2.65,2.65,2.65,1,1,0.5,0,10000000000,10000000000,320.3729509,1047.614357,1471.1531478,0.2353411,-0.1444115,0.060285,-0.9592318;
custom,boulder4,metal1,2.5,2.5,2.5,1,1,0.75,0,0.1,0.1,434.9049873,1143.9457822,1545.0731326,0.0139498,-0.3274618,-0.1256306,-0.9363713;
custom,boulder4,bombtex,2.6,2.6,2.6,1,1,0.5,0,10000000000,10000000000,434.9049873,1143.9457822,1545.0731326,0.0139498,-0.3274618,-0.1256306,-0.9363713;
custom,boulder4,bombtex,2.65,2.65,2.65,1,1,0.5,0,10000000000,10000000000,434.9049873,1143.9457822,1545.0731326,0.0139498,-0.3274618,-0.1256306,-0.9363713;
custom,boulder4,metal1,2.5,2.5,2.5,1,1,0.75,0,0.1,0.1,477.0392039,1117.9323197,1464.4517865,0.2894816,-0.4402315,-0.0531894,-0.8482733;
custom,boulder4,bombtex,2.6,2.6,2.6,1,1,0.5,0,10000000000,10000000000,477.0392039,1117.9323197,1464.4517865,0.2894816,-0.4402315,-0.0531894,-0.8482733;
custom,boulder4,bombtex,2.65,2.65,2.65,1,1,0.5,0,10000000000,10000000000,477.0392039,1117.9323197,1464.4517865,0.2894816,-0.4402315,-0.0531894,-0.8482733;
custom,boulder4,metal1,2.5,2.5,2.5,1,1,0.75,0,0.1,0.1,124.7474559,969.3529114,1696.4421409,0.2226368,-0.1830393,-0.3223287,-0.9016838;
custom,boulder4,bombtex,2.6,2.6,2.6,1,1,0.5,0,10000000000,10000000000,124.7474559,969.3529114,1696.4421409,0.2226368,-0.1830393,-0.3223287,-0.9016838;
custom,boulder4,bombtex,2.65,2.65,2.65,1,1,0.5,0,10000000000,10000000000,124.7474559,969.3529114,1696.4421409,0.2226368,-0.1830393,-0.3223287,-0.9016838;
custom,boulder4,metal1,2.5,2.5,2.5,1,1,0.75,0,0.1,0.1,136.1953019,942.5444719,1604.5677373,0.3347774,-0.3896115,-0.1013869,-0.8519669;
custom,boulder4,bombtex,2.6,2.6,2.6,1,1,0.5,0,10000000000,10000000000,136.1953019,942.5444719,1604.5677373,0.3347774,-0.3896115,-0.1013869,-0.8519669;
custom,boulder4,bombtex,2.65,2.65,2.65,1,1,0.5,0,10000000000,10000000000,136.1953019,942.5444719,1604.5677373,0.3347774,-0.3896115,-0.1013869,-0.8519669;
custom,boulder4,metal1,2.5,2.5,2.5,1,1,0.75,0,0.1,0.1,216.8065697,1035.4159935,1603.6536812,0.0878904,-0.5947141,-0.1945354,-0.7750783;
custom,boulder4,bombtex,2.6,2.6,2.6,1,1,0.5,0,10000000000,10000000000,216.8065697,1035.4159935,1603.6536812,0.0878904,-0.5947141,-0.1945354,-0.7750783;
custom,boulder4,bombtex,2.65,2.65,2.65,1,1,0.5,0,10000000000,10000000000,216.8065697,1035.4159935,1603.6536812,0.0878904,-0.5947141,-0.1945354,-0.7750783;
custom,boulder4,metal1,2.5,2.5,2.5,1,1,0.75,0,0.1,0.1,213.5677403,999.088714,1516.3510321,0.3745451,-0.6404671,-0.1886257,-0.6433803;
custom,boulder4,bombtex,2.6,2.6,2.6,1,1,0.5,0,10000000000,10000000000,213.5677403,999.088714,1516.3510321,0.3745451,-0.6404671,-0.1886257,-0.6433803;
custom,boulder4,bombtex,2.65,2.65,2.65,1,1,0.5,0,10000000000,10000000000,213.5677403,999.088714,1516.3510321,0.3745451,-0.6404671,-0.1886257,-0.6433803;
custom,boulder4,metal1,2.5,2.5,2.5,1,1,0.75,0,0.1,0.1,-246.3783982,764.2313766,2069.0660454,0.0687474,0.0037253,-0.0781765,-0.9945594;
custom,boulder4,bombtex,2.6,2.6,2.6,1,1,0.5,0,10000000000,10000000000,-246.3783982,764.2313766,2069.0660454,0.0687474,0.0037253,-0.0781765,-0.9945594;
custom,boulder4,bombtex,2.65,2.65,2.65,1,1,0.5,0,10000000000,10000000000,-246.3783982,764.2313766,2069.0660454,0.0687474,0.0037253,-0.0781765,-0.9945594;
custom,boulder4,metal1,2.5,2.5,2.5,1,1,0.75,0,0.1,0.1,-251.5037179,719.092761,2004.8877895,0.0546277,-0.5878781,0.3439693,-0.7301372;
custom,boulder4,bombtex,2.6,2.6,2.6,1,1,0.5,0,10000000000,10000000000,-251.5037179,719.092761,2004.8877895,0.0546277,-0.5878781,0.3439693,-0.7301372;
custom,boulder4,bombtex,2.65,2.65,2.65,1,1,0.5,0,10000000000,10000000000,-251.5037179,719.092761,2004.8877895,0.0546277,-0.5878781,0.3439693,-0.7301372;
custom,boulder4,metal1,2.5,2.5,2.5,1,1,0.75,0,0.1,0.1,-84.1893669,807.0601426,2088.165487,0.0743495,-0.330977,-0.0913716,-0.9362572;
custom,boulder4,bombtex,2.6,2.6,2.6,1,1,0.5,0,10000000000,10000000000,-84.1893669,807.0601426,2088.165487,0.0743495,-0.330977,-0.0913716,-0.9362572;
custom,boulder4,bombtex,2.65,2.65,2.65,1,1,0.5,0,10000000000,10000000000,-84.1893669,807.0601426,2088.165487,0.0743495,-0.330977,-0.0913716,-0.9362572;
custom,boulder4,metal1,2.5,2.5,2.5,1,1,0.75,0,0.1,0.1,-42.0999264,769.3045125,2012.3040405,0.3414736,-0.4423485,-0.0111933,-0.8292155;
custom,boulder4,bombtex,2.6,2.6,2.6,1,1,0.5,0,10000000000,10000000000,-42.0999264,769.3045125,2012.3040405,0.3414736,-0.4423485,-0.0111933,-0.8292155;
custom,boulder4,bombtex,2.65,2.65,2.65,1,1,0.5,0,10000000000,10000000000,-42.0999264,769.3045125,2012.3040405,0.3414736,-0.4423485,-0.0111933,-0.8292155;
custom,boulder4,metal1,2.5,2.5,2.5,1,1,0.75,0,0.1,0.1,-436.7644102,647.3676717,1939.4986777,-0.3487213,0.7225008,-0.4965196,-0.3314427;
custom,boulder4,bombtex,2.6,2.6,2.6,1,1,0.5,0,10000000000,10000000000,-436.7644102,647.3676717,1939.4986777,-0.3487213,0.7225008,-0.4965196,-0.3314427;
custom,boulder4,bombtex,2.65,2.65,2.65,1,1,0.5,0,10000000000,10000000000,-436.7644102,647.3676717,1939.4986777,-0.3487213,0.7225008,-0.4965196,-0.3314427;
custom,boulder4,metal1,2.5,2.5,2.5,1,1,0.75,0,0.1,0.1,-392.3601319,706.3798439,1966.4854416,-0.2113772,0.1572486,-0.4730083,-0.8407471;
custom,boulder4,bombtex,2.6,2.6,2.6,1,1,0.5,0,10000000000,10000000000,-392.3601319,706.3798439,1966.4854416,-0.2113772,0.1572486,-0.4730083,-0.8407471;
custom,boulder4,bombtex,2.65,2.65,2.65,1,1,0.5,0,10000000000,10000000000,-392.3601319,706.3798439,1966.4854416,-0.2113772,0.1572486,-0.4730083,-0.8407471;
custom,boulder4,metal1,2.5,2.5,2.5,1,1,0.75,0,0.1,0.1,-541.0291734,601.2545773,2064.0250227,-0.1397171,0.576562,-0.6091707,-0.5262761;
custom,boulder4,bombtex,2.6,2.6,2.6,1,1,0.5,0,10000000000,10000000000,-541.0291734,601.2545773,2064.0250227,-0.1397171,0.576562,-0.6091707,-0.5262761;
custom,boulder4,bombtex,2.65,2.65,2.65,1,1,0.5,0,10000000000,10000000000,-541.0291734,601.2545773,2064.0250227,-0.1397171,0.576562,-0.6091707,-0.5262761;
custom,boulder4,metal1,2.5,2.5,2.5,1,1,0.75,0,0.1,0.1,-522.0538361,663.1465797,2133.0278182,0.0036266,0.5722734,-0.3978234,-0.7170959;
custom,boulder4,bombtex,2.6,2.6,2.6,1,1,0.5,0,10000000000,10000000000,-522.0538361,663.1465797,2133.0278182,0.0036266,0.5722734,-0.3978234,-0.7170959;
custom,boulder4,bombtex,2.65,2.65,2.65,1,1,0.5,0,10000000000,10000000000,-522.0538361,663.1465797,2133.0278182,0.0036266,0.5722734,-0.3978234,-0.7170959;
custom,boulder4,metal1,2.5,2.5,2.5,1,1,0.75,0,0.1,0.1,-568.5741728,553.5345278,2177.3936725,-0.4535424,0.6106169,-0.4833565,-0.4333737;
custom,boulder4,bombtex,2.6,2.6,2.6,1,1,0.5,0,10000000000,10000000000,-568.5741728,553.5345278,2177.3936725,-0.4535424,0.6106169,-0.4833565,-0.4333737;
custom,boulder4,bombtex,2.65,2.65,2.65,1,1,0.5,0,10000000000,10000000000,-568.5741728,553.5345278,2177.3936725,-0.4535424,0.6106169,-0.4833565,-0.4333737;
custom,boulder4,metal1,2.5,2.5,2.5,1,1,0.75,0,0.1,0.1,-526.1066416,619.4130918,2183.6377157,-0.2569558,-0.0209347,-0.4871974,-0.8343705;
custom,boulder4,bombtex,2.6,2.6,2.6,1,1,0.5,0,10000000000,10000000000,-526.1066416,619.4130918,2183.6377157,-0.2569558,-0.0209347,-0.4871974,-0.8343705;
custom,boulder4,bombtex,2.65,2.65,2.65,1,1,0.5,0,10000000000,10000000000,-526.1066416,619.4130918,2183.6377157,-0.2569558,-0.0209347,-0.4871974,-0.8343705;
custom,boulder4,metal1,2.5,2.5,2.5,1,1,0.75,0,0.1,0.1,-619.8357761,511.2952308,2332.6116621,-0.2491014,0.4417719,-0.6338785,-0.5839385;
custom,boulder4,bombtex,2.6,2.6,2.6,1,1,0.5,0,10000000000,10000000000,-619.8357761,511.2952308,2332.6116621,-0.2491014,0.4417719,-0.6338785,-0.5839385;
custom,boulder4,bombtex,2.65,2.65,2.65,1,1,0.5,0,10000000000,10000000000,-619.8357761,511.2952308,2332.6116621,-0.2491014,0.4417719,-0.6338785,-0.5839385;
custom,boulder4,metal1,2.5,2.5,2.5,1,1,0.75,0,0.1,0.1,-576.9688294,542.7816462,2372.5748889,-0.0636319,0.4240892,-0.4613277,-0.7767085;
custom,boulder4,bombtex,2.6,2.6,2.6,1,1,0.5,0,10000000000,10000000000,-576.9688294,542.7816462,2372.5748889,-0.0636319,0.4240892,-0.4613277,-0.7767085;
custom,boulder4,bombtex,2.65,2.65,2.65,1,1,0.5,0,10000000000,10000000000,-576.9688294,542.7816462,2372.5748889,-0.0636319,0.4240892,-0.4613277,-0.7767085;
custom,boulder4,metal1,2.5,2.5,2.5,1,1,0.75,0,0.1,0.1,-624.4763757,420.2366594,2505.4536208,-0.1397171,0.576562,-0.6091707,-0.5262761;
custom,boulder4,bombtex,2.6,2.6,2.6,1,1,0.5,0,10000000000,10000000000,-624.4763757,420.2366594,2505.4536208,-0.1397171,0.576562,-0.6091707,-0.5262761;
custom,boulder4,bombtex,2.65,2.65,2.65,1,1,0.5,0,10000000000,10000000000,-624.4763757,420.2366594,2505.4536208,-0.1397171,0.576562,-0.6091707,-0.5262761;
custom,boulder4,metal1,2.5,2.5,2.5,1,1,0.75,0,0.1,0.1,-605.5010383,482.1286616,2574.4564163,0.0036266,0.5722734,-0.3978234,-0.7170959;
custom,boulder4,bombtex,2.6,2.6,2.6,1,1,0.5,0,10000000000,10000000000,-605.5010383,482.1286616,2574.4564163,0.0036266,0.5722734,-0.3978234,-0.7170959;
custom,boulder4,bombtex,2.65,2.65,2.65,1,1,0.5,0,10000000000,10000000000,-605.5010383,482.1286616,2574.4564163,0.0036266,0.5722734,-0.3978234,-0.7170959;
custom,boulder4,metal1,2.5,2.5,2.5,1,1,0.75,0,0.1,0.1,-652.0216199,372.5168897,2618.8212952,-0.4535424,0.6106169,-0.4833565,-0.4333737;
custom,boulder4,bombtex,2.6,2.6,2.6,1,1,0.5,0,10000000000,10000000000,-652.0216199,372.5168897,2618.8212952,-0.4535424,0.6106169,-0.4833565,-0.4333737;
custom,boulder4,bombtex,2.65,2.65,2.65,1,1,0.5,0,10000000000,10000000000,-652.0216199,372.5168897,2618.8212952,-0.4535424,0.6106169,-0.4833565,-0.4333737;
custom,boulder4,metal1,2.5,2.5,2.5,1,1,0.75,0,0.1,0.1,-609.5539405,438.3951514,2625.0663009,-0.2569558,-0.0209347,-0.4871974,-0.8343705;
custom,boulder4,bombtex,2.6,2.6,2.6,1,1,0.5,0,10000000000,10000000000,-609.5539405,438.3951514,2625.0663009,-0.2569558,-0.0209347,-0.4871974,-0.8343705;
custom,boulder4,bombtex,2.65,2.65,2.65,1,1,0.5,0,10000000000,10000000000,-609.5539405,438.3951514,2625.0663009,-0.2569558,-0.0209347,-0.4871974,-0.8343705;
custom,boulder4,metal1,2.499999,2.499999,2.499999,1,1,0.75,0,0.1,0.1,-717.0609881,330.2611003,2684.815523,-0.1397171,0.576562,-0.6091707,-0.5262761;
custom,boulder4,bombtex,2.599998,2.599998,2.599998,1,1,0.5,0,10000000000,10000000000,-717.0609881,330.2611003,2684.815523,-0.1397171,0.576562,-0.6091707,-0.5262761;
custom,boulder4,bombtex,2.65,2.65,2.65,1,1,0.5,0,10000000000,10000000000,-717.0609881,330.2611003,2684.815523,-0.1397171,0.576562,-0.6091707,-0.5262761;
custom,boulder4,metal1,2.499999,2.499999,2.499999,1,1,0.75,0,0.1,0.1,-698.0858092,392.1522858,2753.8201433,0.0036266,0.5722734,-0.3978234,-0.7170959;
custom,boulder4,bombtex,2.599998,2.599998,2.599998,1,1,0.5,0,10000000000,10000000000,-698.0858092,392.1522858,2753.8201433,0.0036266,0.5722734,-0.3978234,-0.7170959;
custom,boulder4,bombtex,2.65,2.65,2.65,1,1,0.5,0,10000000000,10000000000,-698.0858092,392.1522858,2753.8201433,0.0036266,0.5722734,-0.3978234,-0.7170959;
custom,boulder4,metal1,2.499999,2.499999,2.499999,1,1,0.75,0,0.1,0.1,-744.6066121,282.5405691,2798.185032,-0.4535424,0.6106169,-0.4833565,-0.4333737;
custom,boulder4,bombtex,2.599998,2.599998,2.599998,1,1,0.5,0,10000000000,10000000000,-744.6066121,282.5405691,2798.185032,-0.4535424,0.6106169,-0.4833565,-0.4333737;
custom,boulder4,bombtex,2.65,2.65,2.65,1,1,0.5,0,10000000000,10000000000,-744.6066121,282.5405691,2798.185032,-0.4535424,0.6106169,-0.4833565,-0.4333737;
custom,boulder4,metal1,2.499999,2.499999,2.499999,1,1,0.75,0,0.1,0.1,-702.1383546,348.4196189,2804.4282225,-0.2569558,-0.0209347,-0.4871974,-0.8343705;
custom,boulder4,bombtex,2.599998,2.599998,2.599998,1,1,0.5,0,10000000000,10000000000,-702.1383546,348.4196189,2804.4282225,-0.2569558,-0.0209347,-0.4871974,-0.8343705;
custom,boulder4,bombtex,2.65,2.65,2.65,1,1,0.5,0,10000000000,10000000000,-702.1383546,348.4196189,2804.4282225,-0.2569558,-0.0209347,-0.4871974,-0.8343705;
custom,boulder4,metal1,3.503043,3.503043,3.503043,1,1,0.75,0,0.1,0.1,-794.1348326,250.4694761,2808.948739,-0.1397171,0.576562,-0.6091707,-0.5262761;
custom,boulder4,bombtex,3.643166,3.643166,3.643166,1,1,0.5,0,10000000000,10000000000,-794.1348326,250.4694761,2808.948739,-0.1397171,0.576562,-0.6091707,-0.5262761;
custom,boulder4,bombtex,3.713228,3.713228,3.713228,1,1,0.5,0,10000000000,10000000000,-794.1348326,250.4694761,2808.948739,-0.1397171,0.576562,-0.6091707,-0.5262761;
custom,boulder4,metal1,3.503043,3.503043,3.503043,1,1,0.75,0,0.1,0.1,-767.5465314,337.192199,2905.6402836,0.0036266,0.5722734,-0.3978234,-0.7170959;
custom,boulder4,bombtex,3.643166,3.643166,3.643166,1,1,0.5,0,10000000000,10000000000,-767.5465314,337.192199,2905.6402836,0.0036266,0.5722734,-0.3978234,-0.7170959;
custom,boulder4,bombtex,3.713228,3.713228,3.713228,1,1,0.5,0,10000000000,10000000000,-767.5465314,337.192199,2905.6402836,0.0036266,0.5722734,-0.3978234,-0.7170959;
custom,boulder4,metal1,3.503043,3.503043,3.503043,1,1,0.75,0,0.1,0.1,-832.7323352,183.6030509,2967.8027657,-0.4535424,0.6106169,-0.4833565,-0.4333737;
custom,boulder4,bombtex,3.643166,3.643166,3.643166,1,1,0.5,0,10000000000,10000000000,-832.7323352,183.6030509,2967.8027657,-0.4535424,0.6106169,-0.4833565,-0.4333737;
custom,boulder4,bombtex,3.713228,3.713228,3.713228,1,1,0.5,0,10000000000,10000000000,-832.7323352,183.6030509,2967.8027657,-0.4535424,0.6106169,-0.4833565,-0.4333737;
custom,boulder4,metal1,3.503043,3.503043,3.503043,1,1,0.75,0,0.1,0.1,-773.2248964,275.9133539,2976.5528145,-0.2569558,-0.0209347,-0.4871974,-0.8343705;
custom,boulder4,bombtex,3.643166,3.643166,3.643166,1,1,0.5,0,10000000000,10000000000,-773.2248964,275.9133539,2976.5528145,-0.2569558,-0.0209347,-0.4871974,-0.8343705;
custom,boulder4,bombtex,3.713228,3.713228,3.713228,1,1,0.5,0,10000000000,10000000000,-773.2248964,275.9133539,2976.5528145,-0.2569558,-0.0209347,-0.4871974,-0.8343705;
custom,boulder4,metal1,2.5,2.5,2.5,1,1,0.75,0,0.1,0.1,-884.45426,267.3280693,2729.8356833,0.5306935,0.8294346,-0.0155077,0.1736726;
custom,boulder4,bombtex,2.6,2.6,2.6,1,1,0.5,0,10000000000,10000000000,-884.45426,267.3280693,2729.8356833,0.5306935,0.8294346,-0.0155077,0.1736726;
custom,boulder4,bombtex,2.65,2.65,2.65,1,1,0.5,0,10000000000,10000000000,-884.45426,267.3280693,2729.8356833,0.5306935,0.8294346,-0.0155077,0.1736726;
custom,boulder4,metal1,2.5,2.5,2.5,1,1,0.75,0,0.1,0.1,-959.3333469,324.5236479,2738.4355584,0.3472998,0.8974237,0.2338676,0.1389948;
custom,boulder4,bombtex,2.6,2.6,2.6,1,1,0.5,0,10000000000,10000000000,-959.3333469,324.5236479,2738.4355584,0.3472998,0.8974237,0.2338676,0.1389948;
custom,boulder4,bombtex,2.65,2.65,2.65,1,1,0.5,0,10000000000,10000000000,-959.3333469,324.5236479,2738.4355584,0.3472998,0.8974237,0.2338676,0.1389948;
custom,boulder4,metal1,2.5,2.5,2.5,1,1,0.75,0,0.1,0.1,-935.2550106,293.6998564,2617.5323759,0.3540419,0.8265847,-0.2659134,0.3474222;
custom,boulder4,bombtex,2.6,2.6,2.6,1,1,0.5,0,10000000000,10000000000,-935.2550106,293.6998564,2617.5323759,0.3540419,0.8265847,-0.2659134,0.3474222;
custom,boulder4,bombtex,2.65,2.65,2.65,1,1,0.5,0,10000000000,10000000000,-935.2550106,293.6998564,2617.5323759,0.3540419,0.8265847,-0.2659134,0.3474222;
custom,boulder4,metal1,2.5,2.5,2.5,1,1,0.75,0,0.1,0.1,-982.7018463,315.6655648,2676.2617881,0.1294598,0.9092416,-0.1266009,-0.3748227;
custom,boulder4,bombtex,2.6,2.6,2.6,1,1,0.5,0,10000000000,10000000000,-982.7018463,315.6655648,2676.2617881,0.1294598,0.9092416,-0.1266009,-0.3748227;
custom,boulder4,bombtex,2.65,2.65,2.65,1,1,0.5,0,10000000000,10000000000,-982.7018463,315.6655648,2676.2617881,0.1294598,0.9092416,-0.1266009,-0.3748227;
custom,boulder4,metal1,2.499999,2.499999,2.499999,1,1,0.75,0,0.1,0.1,-928.5512059,329.1133365,2522.2875112,0.5306935,0.8294346,-0.0155077,0.1736726;
custom,boulder4,bombtex,2.599998,2.599998,2.599998,1,1,0.5,0,10000000000,10000000000,-928.5512059,329.1133365,2522.2875112,0.5306935,0.8294346,-0.0155077,0.1736726;
custom,boulder4,bombtex,2.65,2.65,2.65,1,1,0.5,0,10000000000,10000000000,-928.5512059,329.1133365,2522.2875112,0.5306935,0.8294346,-0.0155077,0.1736726;
custom,boulder4,metal1,2.499999,2.499999,2.499999,1,1,0.75,0,0.1,0.1,-1003.4296021,386.3103156,2530.8836683,0.3472998,0.8974237,0.2338676,0.1389948;
custom,boulder4,bombtex,2.599998,2.599998,2.599998,1,1,0.5,0,10000000000,10000000000,-1003.4296021,386.3103156,2530.8836683,0.3472998,0.8974237,0.2338676,0.1389948;
custom,boulder4,bombtex,2.65,2.65,2.65,1,1,0.5,0,10000000000,10000000000,-1003.4296021,386.3103156,2530.8836683,0.3472998,0.8974237,0.2338676,0.1389948;
custom,boulder4,metal1,2.499999,2.499999,2.499999,1,1,0.75,0,0.1,0.1,-1026.7958579,377.4531772,2468.7092882,0.1294598,0.9092416,-0.1266009,-0.3748227;
custom,boulder4,bombtex,2.599998,2.599998,2.599998,1,1,0.5,0,10000000000,10000000000,-1026.7958579,377.4531772,2468.7092882,0.1294598,0.9092416,-0.1266009,-0.3748227;
custom,boulder4,bombtex,2.65,2.65,2.65,1,1,0.5,0,10000000000,10000000000,-1026.7958579,377.4531772,2468.7092882,0.1294598,0.9092416,-0.1266009,-0.3748227;
custom,boulder4,metal1,14.79846,14.79846,14.79846,1,1,0.75,0,0.1,0.1,-823.0236842,137.1366318,3105.5107633,-0.4535424,0.6106169,-0.4833565,-0.4333737;
custom,boulder4,bombtex,15.39042,15.39042,15.39042,1,1,0.5,0,10000000000,10000000000,-823.0236842,137.1366318,3105.5107633,-0.4535424,0.6106169,-0.4833565,-0.4333737;
custom,boulder4,bombtex,15.68638,15.68638,15.68638,1,1,0.5,0,10000000000,10000000000,-823.0236842,137.1366318,3105.5107633,-0.4535424,0.6106169,-0.4833565,-0.4333737;
custom,boulder4,metal1,14.79846,14.79846,14.79846,1,1,0.75,0,0.1,0.1,-651.6854605,167.6044863,3154.4801263,-0.4535424,0.6106169,-0.4833565,-0.4333737;
custom,boulder4,bombtex,15.39042,15.39042,15.39042,1,1,0.5,0,10000000000,10000000000,-651.6854605,167.6044863,3154.4801263,-0.4535424,0.6106169,-0.4833565,-0.4333737;
custom,boulder4,bombtex,15.68638,15.68638,15.68638,1,1,0.5,0,10000000000,10000000000,-651.6854605,167.6044863,3154.4801263,-0.4535424,0.6106169,-0.4833565,-0.4333737;
custom,boulder4,metal1,14.79846,14.79846,14.79846,1,1,0.75,0,0.1,0.1,-687.3368119,244.474428,3287.4427914,-0.4535424,0.6106169,-0.4833565,-0.4333737;
custom,boulder4,bombtex,15.39042,15.39042,15.39042,1,1,0.5,0,10000000000,10000000000,-687.3368119,244.474428,3287.4427914,-0.4535424,0.6106169,-0.4833565,-0.4333737;
custom,boulder4,bombtex,15.68638,15.68638,15.68638,1,1,0.5,0,10000000000,10000000000,-687.3368119,244.474428,3287.4427914,-0.4535424,0.6106169,-0.4833565,-0.4333737;
custom,boulder4,metal1,2.5,2.5,2.5,1,1,0.75,0,0.1,0.1,-962.9095196,387.4672819,2331.9785138,0.5820545,0.7550534,0.1023029,0.2839737;
custom,boulder4,bombtex,2.6,2.6,2.6,1,1,0.5,0,10000000000,10000000000,-962.9095196,387.4672819,2331.9785138,0.5820545,0.7550534,0.1023029,0.2839737;
custom,boulder4,bombtex,2.65,2.65,2.65,1,1,0.5,0,10000000000,10000000000,-962.9095196,387.4672819,2331.9785138,0.5820545,0.7550534,0.1023029,0.2839737;
custom,boulder4,metal1,2.5,2.5,2.5,1,1,0.75,0,0.1,0.1,-1030.0842414,453.3772326,2322.2171559,0.3624185,0.8269736,0.3219212,0.2848406;
custom,boulder4,bombtex,2.6,2.6,2.6,1,1,0.5,0,10000000000,10000000000,-1030.0842414,453.3772326,2322.2171559,0.3624185,0.8269736,0.3219212,0.2848406;
custom,boulder4,bombtex,2.65,2.65,2.65,1,1,0.5,0,10000000000,10000000000,-1030.0842414,453.3772326,2322.2171559,0.3624185,0.8269736,0.3219212,0.2848406;
custom,boulder4,metal1,2.5,2.5,2.5,1,1,0.75,0,0.1,0.1,-970.1366,428.4239722,2212.9875224,0.4584099,0.7454483,-0.1839908,0.4475651;
custom,boulder4,bombtex,2.6,2.6,2.6,1,1,0.5,0,10000000000,10000000000,-970.1366,428.4239722,2212.9875224,0.4584099,0.7454483,-0.1839908,0.4475651;
custom,boulder4,bombtex,2.65,2.65,2.65,1,1,0.5,0,10000000000,10000000000,-970.1366,428.4239722,2212.9875224,0.4584099,0.7454483,-0.1839908,0.4475651;
custom,boulder4,metal1,2.5,2.5,2.5,1,1,0.75,0,0.1,0.1,-1032.0259891,452.2310961,2255.2428249,0.1853492,0.9547409,-0.0375827,-0.2295713;
custom,boulder4,bombtex,2.6,2.6,2.6,1,1,0.5,0,10000000000,10000000000,-1032.0259891,452.2310961,2255.2428249,0.1853492,0.9547409,-0.0375827,-0.2295713;
custom,boulder4,bombtex,2.65,2.65,2.65,1,1,0.5,0,10000000000,10000000000,-1032.0259891,452.2310961,2255.2428249,0.1853492,0.9547409,-0.0375827,-0.2295713;
custom,boulder4,metal1,2.5,2.5,2.5,1,1,0.75,0,0.1,0.1,-1024.3630893,512.7218404,2127.3339818,0.2821543,0.5194183,0.1772221,0.7868837;
custom,boulder4,bombtex,2.6,2.6,2.6,1,1,0.5,0,10000000000,10000000000,-1024.3630893,512.7218404,2127.3339818,0.2821543,0.5194183,0.1772221,0.7868837;
custom,boulder4,bombtex,2.65,2.65,2.65,1,1,0.5,0,10000000000,10000000000,-1024.3630893,512.7218404,2127.3339818,0.2821543,0.5194183,0.1772221,0.7868837;
custom,boulder4,metal1,2.5,2.5,2.5,1,1,0.75,0,0.1,0.1,-1031.9592837,535.3606154,2035.7813513,-0.0120277,0.6286457,0.2167404,0.7467821;
custom,boulder4,bombtex,2.6,2.6,2.6,1,1,0.5,0,10000000000,10000000000,-1031.9592837,535.3606154,2035.7813513,-0.0120277,0.6286457,0.2167404,0.7467821;
custom,boulder4,bombtex,2.65,2.65,2.65,1,1,0.5,0,10000000000,10000000000,-1031.9592837,535.3606154,2035.7813513,-0.0120277,0.6286457,0.2167404,0.7467821;
custom,boulder4,metal1,2.5,2.5,2.5,1,1,0.75,0,0.1,0.1,-1024.2956448,584.039185,1918.3370603,0.2845703,0.3341346,-0.1031256,0.8926023;
custom,boulder4,bombtex,2.6,2.6,2.6,1,1,0.5,0,10000000000,10000000000,-1024.2956448,584.039185,1918.3370603,0.2845703,0.3341346,-0.1031256,0.8926023;
custom,boulder4,bombtex,2.65,2.65,2.65,1,1,0.5,0,10000000000,10000000000,-1024.2956448,584.039185,1918.3370603,0.2845703,0.3341346,-0.1031256,0.8926023;
custom,boulder4,metal1,2.5,2.5,2.5,1,1,0.75,0,0.1,0.1,-975.0469385,505.9956288,2016.0585182,0.1792828,0.8812612,-0.230766,0.3714612;
custom,boulder4,bombtex,2.6,2.6,2.6,1,1,0.5,0,10000000000,10000000000,-975.0469385,505.9956288,2016.0585182,0.1792828,0.8812612,-0.230766,0.3714612;
custom,boulder4,bombtex,2.65,2.65,2.65,1,1,0.5,0,10000000000,10000000000,-975.0469385,505.9956288,2016.0585182,0.1792828,0.8812612,-0.230766,0.3714612;
custom,boulder4,metal1,2.5,2.5,2.5,1,1,0.75,0,0.1,0.1,-1020.343042,650.3075122,1686.7647636,0.4693887,0.4865229,-0.119693,0.7270785;
custom,boulder4,bombtex,2.6,2.6,2.6,1,1,0.5,0,10000000000,10000000000,-1020.343042,650.3075122,1686.7647636,0.4693887,0.4865229,-0.119693,0.7270785;
custom,boulder4,bombtex,2.65,2.65,2.65,1,1,0.5,0,10000000000,10000000000,-1020.343042,650.3075122,1686.7647636,0.4693887,0.4865229,-0.119693,0.7270785;
custom,boulder4,metal1,2.5,2.5,2.5,1,1,0.75,0,0.1,0.1,-1054.0412885,670.6416783,1593.1057208,0.2342061,0.6801989,-0.0318263,0.6938761;
custom,boulder4,bombtex,2.6,2.6,2.6,1,1,0.5,0,10000000000,10000000000,-1054.0412885,670.6416783,1593.1057208,0.2342061,0.6801989,-0.0318263,0.6938761;
custom,boulder4,bombtex,2.65,2.65,2.65,1,1,0.5,0,10000000000,10000000000,-1054.0412885,670.6416783,1593.1057208,0.2342061,0.6801989,-0.0318263,0.6938761;
custom,boulder4,metal1,2.5,2.5,2.5,1,1,0.75,0,0.1,0.1,-1021.6242386,729.068025,1480.4604323,0.3780165,0.3296351,-0.420183,0.7562344;
custom,boulder4,bombtex,2.6,2.6,2.6,1,1,0.5,0,10000000000,10000000000,-1021.6242386,729.068025,1480.4604323,0.3780165,0.3296351,-0.420183,0.7562344;
custom,boulder4,bombtex,2.65,2.65,2.65,1,1,0.5,0,10000000000,10000000000,-1021.6242386,729.068025,1480.4604323,0.3780165,0.3296351,-0.420183,0.7562344;
custom,boulder4,metal1,2.5,2.5,2.5,1,1,0.75,0,0.1,0.1,-987.0211192,567.5831476,1834.2380944,0.1792828,0.8812612,-0.230766,0.3714612;
custom,boulder4,bombtex,2.6,2.6,2.6,1,1,0.5,0,10000000000,10000000000,-987.0211192,567.5831476,1834.2380944,0.1792828,0.8812612,-0.230766,0.3714612;
custom,boulder4,bombtex,2.65,2.65,2.65,1,1,0.5,0,10000000000,10000000000,-987.0211192,567.5831476,1834.2380944,0.1792828,0.8812612,-0.230766,0.3714612;
custom,boulder4,metal1,2.5,2.5,2.5,1,1,0.75,0,0.1,0.1,-682.6110077,908.6228288,1322.9214578,-0.1761377,0.9015003,0.3809853,-0.1054656;
custom,boulder4,bombtex,2.6,2.6,2.6,1,1,0.5,0,10000000000,10000000000,-682.6110077,908.6228288,1322.9214578,-0.1761377,0.9015003,0.3809853,-0.1054656;
custom,boulder4,bombtex,2.65,2.65,2.65,1,1,0.5,0,10000000000,10000000000,-682.6110077,908.6228288,1322.9214578,-0.1761377,0.9015003,0.3809853,-0.1054656;
custom,boulder4,metal1,2.5,2.5,2.5,1,1,0.75,0,0.1,0.1,-640.943282,845.7389302,1345.0984026,-0.6853877,0.5192025,0.1598965,-0.4848768;
custom,boulder4,bombtex,2.6,2.6,2.6,1,1,0.5,0,10000000000,10000000000,-640.943282,845.7389302,1345.0984026,-0.6853877,0.5192025,0.1598965,-0.4848768;
custom,boulder4,bombtex,2.65,2.65,2.65,1,1,0.5,0,10000000000,10000000000,-640.943282,845.7389302,1345.0984026,-0.6853877,0.5192025,0.1598965,-0.4848768;
custom,boulder4,metal1,2.5,2.5,2.5,1,1,0.75,0,0.1,0.1,-845.7963261,865.5648311,1327.5007159,-0.2575684,0.8278531,0.2811558,-0.4114233;
custom,boulder4,bombtex,2.6,2.6,2.6,1,1,0.5,0,10000000000,10000000000,-845.7963261,865.5648311,1327.5007159,-0.2575684,0.8278531,0.2811558,-0.4114233;
custom,boulder4,bombtex,2.65,2.65,2.65,1,1,0.5,0,10000000000,10000000000,-845.7963261,865.5648311,1327.5007159,-0.2575684,0.8278531,0.2811558,-0.4114233;
custom,boulder4,metal1,2.5,2.5,2.5,1,1,0.75,0,0.1,0.1,-844.5761049,777.2021721,1361.3035223,-0.3216137,0.6161232,0.4661287,-0.5474311;
custom,boulder4,bombtex,2.6,2.6,2.6,1,1,0.5,0,10000000000,10000000000,-844.5761049,777.2021721,1361.3035223,-0.3216137,0.6161232,0.4661287,-0.5474311;
custom,boulder4,bombtex,2.65,2.65,2.65,1,1,0.5,0,10000000000,10000000000,-844.5761049,777.2021721,1361.3035223,-0.3216137,0.6161232,0.4661287,-0.5474311;
custom,boulder4,metal1,2.5,2.5,2.5,1,1,0.75,0,0.1,0.1,-444.9166014,981.1869897,1315.0195852,-0.0716735,0.8969075,0.3967675,-0.1816465;
custom,boulder4,bombtex,2.6,2.6,2.6,1,1,0.5,0,10000000000,10000000000,-444.9166014,981.1869897,1315.0195852,-0.0716735,0.8969075,0.3967675,-0.1816465;
custom,boulder4,bombtex,2.65,2.65,2.65,1,1,0.5,0,10000000000,10000000000,-444.9166014,981.1869897,1315.0195852,-0.0716735,0.8969075,0.3967675,-0.1816465;
custom,boulder4,metal1,2.5,2.5,2.5,1,1,0.75,0,0.1,0.1,-407.8256427,913.3725372,1329.4341254,-0.6233272,0.5072041,0.262738,-0.5340187;
custom,boulder4,bombtex,2.6,2.6,2.6,1,1,0.5,0,10000000000,10000000000,-407.8256427,913.3725372,1329.4341254,-0.6233272,0.5072041,0.262738,-0.5340187;
custom,boulder4,bombtex,2.65,2.65,2.65,1,1,0.5,0,10000000000,10000000000,-407.8256427,913.3725372,1329.4341254,-0.6233272,0.5072041,0.262738,-0.5340187;
custom,boulder4,metal1,2.5,2.5,2.5,1,1,0.75,0,0.1,0.1,-540.5342628,947.0820817,1338.4929321,-0.2490889,0.7929577,0.2710516,-0.4854934;
custom,boulder4,bombtex,2.6,2.6,2.6,1,1,0.5,0,10000000000,10000000000,-540.5342628,947.0820817,1338.4929321,-0.2490889,0.7929577,0.2710516,-0.4854934;
custom,boulder4,bombtex,2.65,2.65,2.65,1,1,0.5,0,10000000000,10000000000,-540.5342628,947.0820817,1338.4929321,-0.2490889,0.7929577,0.2710516,-0.4854934;
custom,boulder4,metal1,2.5,2.5,2.5,1,1,0.75,0,0.1,0.1,-529.2563908,860.5492459,1375.0545132,-0.2903774,0.5738751,0.4610267,-0.6113941;
custom,boulder4,bombtex,2.6,2.6,2.6,1,1,0.5,0,10000000000,10000000000,-529.2563908,860.5492459,1375.0545132,-0.2903774,0.5738751,0.4610267,-0.6113941;
custom,boulder4,bombtex,2.65,2.65,2.65,1,1,0.5,0,10000000000,10000000000,-529.2563908,860.5492459,1375.0545132,-0.2903774,0.5738751,0.4610267,-0.6113941;
custom,boulder4,metal1,2.5,2.5,2.5,1,1,0.75,0,0.1,0.1,-280.2913594,1073.2561044,1186.2531698,-0.033032,0.8277854,0.3103318,-0.4662343;
custom,boulder4,bombtex,2.6,2.6,2.6,1,1,0.5,0,10000000000,10000000000,-280.2913594,1073.2561044,1186.2531698,-0.033032,0.8277854,0.3103318,-0.4662343;
custom,boulder4,bombtex,2.65,2.65,2.65,1,1,0.5,0,10000000000,10000000000,-280.2913594,1073.2561044,1186.2531698,-0.033032,0.8277854,0.3103318,-0.4662343;
custom,boulder4,metal1,2.5,2.5,2.5,1,1,0.75,0,0.1,0.1,-226.5391949,1015.8994346,1184.4445077,-0.5298133,0.2939993,0.3307807,-0.723496;
custom,boulder4,bombtex,2.6,2.6,2.6,1,1,0.5,0,10000000000,10000000000,-226.5391949,1015.8994346,1184.4445077,-0.5298133,0.2939993,0.3307807,-0.723496;
custom,boulder4,bombtex,2.65,2.65,2.65,1,1,0.5,0,10000000000,10000000000,-226.5391949,1015.8994346,1184.4445077,-0.5298133,0.2939993,0.3307807,-0.723496;
custom,boulder4,metal1,2.5,2.5,2.5,1,1,0.75,0,0.1,0.1,-339.4541146,1031.0667601,1260.9309512,-0.203025,0.6173182,0.2177071,-0.7282188;
custom,boulder4,bombtex,2.6,2.6,2.6,1,1,0.5,0,10000000000,10000000000,-339.4541146,1031.0667601,1260.9309512,-0.203025,0.6173182,0.2177071,-0.7282188;
custom,boulder4,bombtex,2.65,2.65,2.65,1,1,0.5,0,10000000000,10000000000,-339.4541146,1031.0667601,1260.9309512,-0.203025,0.6173182,0.2177071,-0.7282188;
custom,boulder4,metal1,2.5,2.5,2.5,1,1,0.75,0,0.1,0.1,-291.3731811,956.3106204,1293.3614458,-0.1583168,0.3843883,0.4146476,-0.8094744;
custom,boulder4,bombtex,2.6,2.6,2.6,1,1,0.5,0,10000000000,10000000000,-291.3731811,956.3106204,1293.3614458,-0.1583168,0.3843883,0.4146476,-0.8094744;
custom,boulder4,bombtex,2.65,2.65,2.65,1,1,0.5,0,10000000000,10000000000,-291.3731811,956.3106204,1293.3614458,-0.1583168,0.3843883,0.4146476,-0.8094744;
custom,boulder4,metal1,2.5,2.5,2.5,1,1,0.75,0,0.1,0.1,31.2414215,1288.9730859,826.4191594,-0.0879866,0.9000159,0.425239,-0.0374364;
custom,boulder4,bombtex,2.6,2.6,2.6,1,1,0.5,0,10000000000,10000000000,31.2414215,1288.9730859,826.4191594,-0.0879866,0.9000159,0.425239,-0.0374364;
custom,boulder4,bombtex,2.65,2.65,2.65,1,1,0.5,0,10000000000,10000000000,31.2414215,1288.9730859,826.4191594,-0.0879866,0.9000159,0.425239,-0.0374364;
custom,boulder4,metal1,2.5,2.5,2.5,1,1,0.75,0,0.1,0.1,57.188813,1216.8809678,844.077525,-0.6475472,0.5934223,0.2208205,-0.423994;
custom,boulder4,bombtex,2.6,2.6,2.6,1,1,0.5,0,10000000000,10000000000,57.188813,1216.8809678,844.077525,-0.6475472,0.5934223,0.2208205,-0.423994;
custom,boulder4,bombtex,2.65,2.65,2.65,1,1,0.5,0,10000000000,10000000000,57.188813,1216.8809678,844.077525,-0.6475472,0.5934223,0.2208205,-0.423994;
custom,boulder4,metal1,2.5,2.5,2.5,1,1,0.75,0,0.1,0.1,-69.6996754,1263.719544,820.9380248,-0.2629852,0.8512621,0.287734,-0.3512844;
custom,boulder4,bombtex,2.6,2.6,2.6,1,1,0.5,0,10000000000,10000000000,-69.6996754,1263.719544,820.9380248,-0.2629852,0.8512621,0.287734,-0.3512844;
custom,boulder4,bombtex,2.65,2.65,2.65,1,1,0.5,0,10000000000,10000000000,-69.6996754,1263.719544,820.9380248,-0.2629852,0.8512621,0.287734,-0.3512844;
custom,boulder4,metal1,2.5,2.5,2.5,1,1,0.75,0,0.1,0.1,-76.0681008,1174.3969547,851.481428,-0.3445889,0.6463284,0.4678865,-0.4945709;
custom,boulder4,bombtex,2.6,2.6,2.6,1,1,0.5,0,10000000000,10000000000,-76.0681008,1174.3969547,851.481428,-0.3445889,0.6463284,0.4678865,-0.4945709;
custom,boulder4,bombtex,2.65,2.65,2.65,1,1,0.5,0,10000000000,10000000000,-76.0681008,1174.3969547,851.481428,-0.3445889,0.6463284,0.4678865,-0.4945709;
custom,boulder4,metal1,2.5,2.5,2.5,1,1,0.75,0,0.1,0.1,148.0852987,1326.572281,812.7153947,-0.0879866,0.9000159,0.425239,-0.0374364;
custom,boulder4,bombtex,2.6,2.6,2.6,1,1,0.5,0,10000000000,10000000000,148.0852987,1326.572281,812.7153947,-0.0879866,0.9000159,0.425239,-0.0374364;
custom,boulder4,bombtex,2.65,2.65,2.65,1,1,0.5,0,10000000000,10000000000,148.0852987,1326.572281,812.7153947,-0.0879866,0.9000159,0.425239,-0.0374364;
custom,boulder4,metal1,2.5,2.5,2.5,1,1,0.75,0,0.1,0.1,174.0326805,1254.4801608,830.3737591,-0.6475472,0.5934223,0.2208205,-0.423994;
custom,boulder4,bombtex,2.6,2.6,2.6,1,1,0.5,0,10000000000,10000000000,174.0326805,1254.4801608,830.3737591,-0.6475472,0.5934223,0.2208205,-0.423994;
custom,boulder4,bombtex,2.65,2.65,2.65,1,1,0.5,0,10000000000,10000000000,174.0326805,1254.4801608,830.3737591,-0.6475472,0.5934223,0.2208205,-0.423994;
custom,boulder4,metal1,2.5,2.5,2.5,1,1,0.75,0,0.1,0.1,292.0282315,1366.2982381,817.2125448,-0.2629852,0.8512621,0.287734,-0.3512844;
custom,boulder4,bombtex,2.6,2.6,2.6,1,1,0.5,0,10000000000,10000000000,292.0282315,1366.2982381,817.2125448,-0.2629852,0.8512621,0.287734,-0.3512844;
custom,boulder4,bombtex,2.65,2.65,2.65,1,1,0.5,0,10000000000,10000000000,292.0282315,1366.2982381,817.2125448,-0.2629852,0.8512621,0.287734,-0.3512844;
custom,boulder4,metal1,2.5,2.5,2.5,1,1,0.75,0,0.1,0.1,285.6598351,1276.9756555,847.7559519,-0.3445889,0.6463284,0.4678865,-0.4945709;
custom,boulder4,bombtex,2.6,2.6,2.6,1,1,0.5,0,10000000000,10000000000,285.6598351,1276.9756555,847.7559519,-0.3445889,0.6463284,0.4678865,-0.4945709;
custom,boulder4,bombtex,2.65,2.65,2.65,1,1,0.5,0,10000000000,10000000000,285.6598351,1276.9756555,847.7559519,-0.3445889,0.6463284,0.4678865,-0.4945709;
custom,boulder4,metal1,2.5,2.5,2.5,1,1,0.75,0,0.1,0.1,162.9142901,1349.9584147,758.8587384,0.0917973,0.1617395,-0.1050807,-0.9769195;
custom,boulder4,bombtex,2.6,2.6,2.6,1,1,0.5,0,10000000000,10000000000,162.9142901,1349.9584147,758.8587384,0.0917973,0.1617395,-0.1050807,-0.9769195;
custom,boulder4,bombtex,2.65,2.65,2.65,1,1,0.5,0,10000000000,10000000000,162.9142901,1349.9584147,758.8587384,0.0917973,0.1617395,-0.1050807,-0.9769195;
custom,boulder4,metal1,2.5,2.5,2.5,1,1,0.75,0,0.1,0.1,181.3192535,1303.8348678,697.8978509,0.031396,-0.4591091,0.3265653,-0.8255836;
custom,boulder4,bombtex,2.6,2.6,2.6,1,1,0.5,0,10000000000,10000000000,181.3192535,1303.8348678,697.8978509,0.031396,-0.4591091,0.3265653,-0.8255836;
custom,boulder4,bombtex,2.65,2.65,2.65,1,1,0.5,0,10000000000,10000000000,181.3192535,1303.8348678,697.8978509,0.031396,-0.4591091,0.3265653,-0.8255836;
custom,boulder4,metal1,2.5,2.5,2.5,1,1,0.75,0,0.1,0.1,260.8271837,1367.2846687,789.9989018,0.040039,-0.2191586,-0.0537478,-0.9733846;
custom,boulder4,bombtex,2.6,2.6,2.6,1,1,0.5,0,10000000000,10000000000,260.8271837,1367.2846687,789.9989018,0.040039,-0.2191586,-0.0537478,-0.9733846;
custom,boulder4,bombtex,2.65,2.65,2.65,1,1,0.5,0,10000000000,10000000000,260.8271837,1367.2846687,789.9989018,0.040039,-0.2191586,-0.0537478,-0.9733846;
custom,boulder4,metal1,2.5,2.5,2.5,1,1,0.75,0,0.1,0.1,316.5507886,1330.1176699,723.1744978,0.2944624,-0.3558427,0.0488313,-0.8855978;
custom,boulder4,bombtex,2.6,2.6,2.6,1,1,0.5,0,10000000000,10000000000,316.5507886,1330.1176699,723.1744978,0.2944624,-0.3558427,0.0488313,-0.8855978;
custom,boulder4,bombtex,2.65,2.65,2.65,1,1,0.5,0,10000000000,10000000000,316.5507886,1330.1176699,723.1744978,0.2944624,-0.3558427,0.0488313,-0.8855978;
custom,boulder4,metal1,2.5,2.5,2.5,1,1,0.75,0,0.1,0.1,43.6421714,1322.4721744,742.3446678,0.0917973,0.1617395,-0.1050807,-0.9769195;
custom,boulder4,bombtex,2.6,2.6,2.6,1,1,0.5,0,10000000000,10000000000,43.6421714,1322.4721744,742.3446678,0.0917973,0.1617395,-0.1050807,-0.9769195;
custom,boulder4,bombtex,2.65,2.65,2.65,1,1,0.5,0,10000000000,10000000000,43.6421714,1322.4721744,742.3446678,0.0917973,0.1617395,-0.1050807,-0.9769195;
custom,boulder4,metal1,2.5,2.5,2.5,1,1,0.75,0,0.1,0.1,62.0477247,1276.3486971,681.384048,0.031396,-0.4591091,0.3265653,-0.8255836;
custom,boulder4,bombtex,2.6,2.6,2.6,1,1,0.5,0,10000000000,10000000000,62.0477247,1276.3486971,681.384048,0.031396,-0.4591091,0.3265653,-0.8255836;
custom,boulder4,bombtex,2.65,2.65,2.65,1,1,0.5,0,10000000000,10000000000,62.0477247,1276.3486971,681.384048,0.031396,-0.4591091,0.3265653,-0.8255836;
custom,boulder4,metal1,2.5,2.5,2.5,1,1,0.75,0,0.1,0.1,-98.2222009,1298.0817327,702.37604,0.040039,-0.2191586,-0.0537478,-0.9733846;
custom,boulder4,bombtex,2.6,2.6,2.6,1,1,0.5,0,10000000000,10000000000,-98.2222009,1298.0817327,702.37604,0.040039,-0.2191586,-0.0537478,-0.9733846;
custom,boulder4,bombtex,2.65,2.65,2.65,1,1,0.5,0,10000000000,10000000000,-98.2222009,1298.0817327,702.37604,0.040039,-0.2191586,-0.0537478,-0.9733846;
custom,boulder4,metal1,2.5,2.5,2.5,1,1,0.75,0,0.1,0.1,-42.4990687,1260.9145569,635.5517613,0.2944624,-0.3558427,0.0488313,-0.8855978;
custom,boulder4,bombtex,2.6,2.6,2.6,1,1,0.5,0,10000000000,10000000000,-42.4990687,1260.9145569,635.5517613,0.2944624,-0.3558427,0.0488313,-0.8855978;
custom,boulder4,bombtex,2.65,2.65,2.65,1,1,0.5,0,10000000000,10000000000,-42.4990687,1260.9145569,635.5517613,0.2944624,-0.3558427,0.0488313,-0.8855978;
custom,boulder4,metal1,2.5,2.5,2.5,1,1,0.75,0,0.1,0.1,-252.1645051,1299.7250868,455.3085929,-0.0477505,0.5218817,0.1583183,-0.8368361;
custom,boulder4,bombtex,2.6,2.6,2.6,1,1,0.5,0,10000000000,10000000000,-252.1645051,1299.7250868,455.3085929,-0.0477505,0.5218817,0.1583183,-0.8368361;
custom,boulder4,bombtex,2.65,2.65,2.65,1,1,0.5,0,10000000000,10000000000,-252.1645051,1299.7250868,455.3085929,-0.0477505,0.5218817,0.1583183,-0.8368361;
custom,boulder4,metal1,2.5,2.5,2.5,1,1,0.75,0,0.1,0.1,-203.3257396,1267.2073988,503.8043703,0.0370875,0.3110506,0.3793564,-0.8706094;
custom,boulder4,bombtex,2.6,2.6,2.6,1,1,0.5,0,10000000000,10000000000,-203.3257396,1267.2073988,503.8043703,0.0370875,0.3110506,0.3793564,-0.8706094;
custom,boulder4,bombtex,2.65,2.65,2.65,1,1,0.5,0,10000000000,10000000000,-203.3257396,1267.2073988,503.8043703,0.0370875,0.3110506,0.3793564,-0.8706094;
custom,boulder4,metal1,2.5,2.5,2.5,1,1,0.75,0,0.1,0.1,-261.799364,1341.4273518,375.5683406,0.082706,0.9199243,0.2076311,-0.3221619;
custom,boulder4,bombtex,2.6,2.6,2.6,1,1,0.5,0,10000000000,10000000000,-261.799364,1341.4273518,375.5683406,0.082706,0.9199243,0.2076311,-0.3221619;
custom,boulder4,bombtex,2.65,2.65,2.65,1,1,0.5,0,10000000000,10000000000,-261.799364,1341.4273518,375.5683406,0.082706,0.9199243,0.2076311,-0.3221619;
custom,boulder4,metal1,2.5,2.5,2.5,1,1,0.75,0,0.1,0.1,-211.6626693,1297.4191423,416.8778357,-0.3519333,-0.1598675,0.3604724,-0.8489081;
custom,boulder4,bombtex,2.6,2.6,2.6,1,1,0.5,0,10000000000,10000000000,-211.6626693,1297.4191423,416.8778357,-0.3519333,-0.1598675,0.3604724,-0.8489081;
custom,boulder4,bombtex,2.65,2.65,2.65,1,1,0.5,0,10000000000,10000000000,-211.6626693,1297.4191423,416.8778357,-0.3519333,-0.1598675,0.3604724,-0.8489081;
custom,boulder4,metal1,2.5,2.5,2.5,1,1,0.75,0,0.1,0.1,-261.1692567,1399.8423277,135.5381256,0.4040886,0.8273039,0.0125809,0.3900287;
custom,boulder4,bombtex,2.6,2.6,2.6,1,1,0.5,0,10000000000,10000000000,-261.1692567,1399.8423277,135.5381256,0.4040886,0.8273039,0.0125809,0.3900287;
custom,boulder4,bombtex,2.65,2.65,2.65,1,1,0.5,0,10000000000,10000000000,-261.1692567,1399.8423277,135.5381256,0.4040886,0.8273039,0.0125809,0.3900287;
custom,boulder4,metal1,2.5,2.5,2.5,1,1,0.75,0,0.1,0.1,-341.9408317,1436.111021,102.1846692,0.1747787,0.9075669,0.2070649,0.3207785;
custom,boulder4,bombtex,2.6,2.6,2.6,1,1,0.5,0,10000000000,10000000000,-341.9408317,1436.111021,102.1846692,0.1747787,0.9075669,0.2070649,0.3207785;
custom,boulder4,bombtex,2.65,2.65,2.65,1,1,0.5,0,10000000000,10000000000,-341.9408317,1436.111021,102.1846692,0.1747787,0.9075669,0.2070649,0.3207785;
custom,boulder4,metal1,2.5,2.5,2.5,1,1,0.75,0,0.1,0.1,-266.3882482,1346.9641077,210.4289626,0.2745317,0.4143099,-0.2174077,0.8400676;
custom,boulder4,bombtex,2.6,2.6,2.6,1,1,0.5,0,10000000000,10000000000,-266.3882482,1346.9641077,210.4289626,0.2745317,0.4143099,-0.2174077,0.8400676;
custom,boulder4,bombtex,2.65,2.65,2.65,1,1,0.5,0,10000000000,10000000000,-266.3882482,1346.9641077,210.4289626,0.2745317,0.4143099,-0.2174077,0.8400676;
custom,boulder4,metal1,2.5,2.5,2.5,1,1,0.75,0,0.1,0.1,-325.1813078,1389.014211,179.8984569,-0.0053649,0.9651984,0.0840719,-0.2475787;
custom,boulder4,bombtex,2.6,2.6,2.6,1,1,0.5,0,10000000000,10000000000,-325.1813078,1389.014211,179.8984569,-0.0053649,0.9651984,0.0840719,-0.2475787;
custom,boulder4,bombtex,2.65,2.65,2.65,1,1,0.5,0,10000000000,10000000000,-325.1813078,1389.014211,179.8984569,-0.0053649,0.9651984,0.0840719,-0.2475787;
custom,boulder4,metal1,2.5,2.5,2.5,1,1,0.75,0,0.1,0.1,-320.0026847,1482.5279722,-65.106712,0.0871668,0.9436585,0.3097694,-0.0771586;
custom,boulder4,bombtex,2.6,2.6,2.6,1,1,0.5,0,10000000000,10000000000,-320.0026847,1482.5279722,-65.106712,0.0871668,0.9436585,0.3097694,-0.0771586;
custom,boulder4,bombtex,2.65,2.65,2.65,1,1,0.5,0,10000000000,10000000000,-320.0026847,1482.5279722,-65.106712,0.0871668,0.9436585,0.3097694,-0.0771586;
custom,boulder4,metal1,2.5,2.5,2.5,1,1,0.75,0,0.1,0.1,-272.9409737,1427.2959489,5.218076,-0.497038,0.0559836,0.32518,-0.8025441;
custom,boulder4,bombtex,2.6,2.6,2.6,1,1,0.5,0,10000000000,10000000000,-272.9409737,1427.2959489,5.218076,-0.497038,0.0559836,0.32518,-0.8025441;
custom,boulder4,bombtex,2.65,2.65,2.65,1,1,0.5,0,10000000000,10000000000,-272.9409737,1427.2959489,5.218076,-0.497038,0.0559836,0.32518,-0.8025441;
custom,boulder4,metal1,2.5,2.5,2.5,1,1,0.75,0,0.1,0.1,-215.7351641,1504.7823426,-191.744005,0.4092361,0.1885645,-0.1879252,0.8727275;
custom,boulder4,bombtex,2.6,2.6,2.6,1,1,0.5,0,10000000000,10000000000,-215.7351641,1504.7823426,-191.744005,0.4092361,0.1885645,-0.1879252,0.8727275;
custom,boulder4,bombtex,2.65,2.65,2.65,1,1,0.5,0,10000000000,10000000000,-215.7351641,1504.7823426,-191.744005,0.4092361,0.1885645,-0.1879252,0.8727275;
custom,boulder4,metal1,2.5,2.5,2.5,1,1,0.75,0,0.1,0.1,-246.7294583,1560.181907,-237.8656764,0.0408582,0.9852694,0.1660535,0.0009805;
custom,boulder4,bombtex,2.6,2.6,2.6,1,1,0.5,0,10000000000,10000000000,-246.7294583,1560.181907,-237.8656764,0.0408582,0.9852694,0.1660535,0.0009805;
custom,boulder4,bombtex,2.65,2.65,2.65,1,1,0.5,0,10000000000,10000000000,-246.7294583,1560.181907,-237.8656764,0.0408582,0.9852694,0.1660535,0.0009805;
custom,boulder4,metal1,2.5,2.5,2.5,1,1,0.75,0,0.1,0.1,-181.9498138,1628.6131283,-365.9348473,0.0871668,0.9436585,0.3097694,-0.0771586;
custom,boulder4,bombtex,2.6,2.6,2.6,1,1,0.5,0,10000000000,10000000000,-181.9498138,1628.6131283,-365.9348473,0.0871668,0.9436585,0.3097694,-0.0771586;
custom,boulder4,bombtex,2.65,2.65,2.65,1,1,0.5,0,10000000000,10000000000,-181.9498138,1628.6131283,-365.9348473,0.0871668,0.9436585,0.3097694,-0.0771586;
custom,boulder4,metal1,2.5,2.5,2.5,1,1,0.75,0,0.1,0.1,-94.0613724,1608.537345,-386.8896552,0.4092361,0.1885645,-0.1879252,0.8727275;
custom,boulder4,bombtex,2.6,2.6,2.6,1,1,0.5,0,10000000000,10000000000,-94.0613724,1608.537345,-386.8896552,0.4092361,0.1885645,-0.1879252,0.8727275;
custom,boulder4,bombtex,2.65,2.65,2.65,1,1,0.5,0,10000000000,10000000000,-94.0613724,1608.537345,-386.8896552,0.4092361,0.1885645,-0.1879252,0.8727275;
custom,boulder4,metal1,2.5,2.5,2.5,1,1,0.25,1,0.1,0.1,363.4169722,1350.4925847,791.5522375,-0.0952699,0.2892142,0.3817468,-0.8726673;
custom,boulder4,bombtex,2.6,2.6,2.6,1,1,0,1,10000000000,10000000000,363.4169722,1350.4925847,791.5522375,-0.0952699,0.2892142,0.3817468,-0.8726673;
custom,boulder4,bombtex,2.65,2.65,2.65,1,1,0,1,10000000000,10000000000,363.4169722,1350.4925847,791.5522375,-0.0952699,0.2892142,0.3817468,-0.8726673;


custom,boulder4,metal1,0.4209056,0.4209056,0.4209056,1,0.125,1,0.125,0.1,0.1,-34.1235816,1517.5320306,-207.3636615,-0.0952699,0.2892142,0.3817468,-0.8726673;
custom,boulder4,bombtex,0.4377418,0.4377418,0.4377418,1,0,1,0,10000000000,10000000000,-34.1235816,1517.5320306,-207.3636615,-0.0952699,0.2892142,0.3817468,-0.8726673;
custom,boulder4,bombtex,0.4461599,0.4461599,0.4461599,1,0,1,0,10000000000,10000000000,-34.1235816,1517.5320306,-207.3636615,-0.0952699,0.2892142,0.3817468,-0.8726673;
custom,boulder1,rock3,-0.3319264,0.4489436,0.431152,0,1,1,1,1.5,1.5,-37.1951605,1516.8823795,-206.729298,0.0693013,0.5291357,0.1997033,0.8217854;

custom,boulder4,metal1,2.088365,2.088366,0.9968328,1,0.125,0.125,1,0.1,0.1,781.7094327,1390.8376035,1383.3171975,-0.1677266,0.9199418,-0.0194907,-0.3538291;
custom,boulder4,bombtex,2.171901,2.171901,1.036707,1,0,0,1,10000000000,10000000000,781.7094327,1390.8376035,1383.3171975,-0.1677266,0.9199418,-0.0194907,-0.3538291;
custom,boulder4,bombtex,2.213668,2.213669,1.056643,1,0,0,1,10000000000,10000000000,781.7094327,1390.8376035,1383.3171975,-0.1677266,0.9199418,-0.0194907,-0.3538291;


map,disablebounds;
