map,disablebounds;
spawnpoint,playerC,9,208,-139,0,0,0,0;
spawnpoint,playerC,-17.25,208,-139,0,0,0,0;
spawnpoint,playerC,-42.75,208,-139,0,0,0,0;
spawnpoint,playerC,-69,208,-139,0,0,0,0;
spawnpoint,playerM,9,208,-139,0,0,0,0;
spawnpoint,playerM,-17.25,208,-139,0,0,0,0;
spawnpoint,playerM,-42.75,208,-139,0,0,0,0;
spawnpoint,playerM,-69,208,-139,0,0,0,0;


racing,checkpointCuboid,12,12,1.5,945,187,-566.5,0,0,0,0;
racing,checkpointCuboid,12,12,1.5,600,187,843.5,0,0,0,0;
racing,checkpointCuboid,1.5,12,12,0,217,2456,0,0,0,0;
racing,checkpointCuboid,12,12,1.5,1485,247,836,0,0,0,0;



racing,startcuboid,9,7.5,4.5,-30,209.5,221,0,0,0,0;
racing,endcuboid,12,12,4.5,1534.5,236.95,1392.5,0,0,0,0;

base,aot_supply,metal3,1.5,1.5,-1.5,0,1,1,1,1.00001,1.00001,-84,207.1,-109,0,0.7071,0,0.7071;
base,aot_supply,metal3,1.5,1.5,1.5,0,1,1,1,1.00001,1.00001,877.5,194.35,-191.5,0,0.7071,0,0.7071;
base,aot_supply,metal3,1.5,1.5,1.5,0,1,1,1,1.00001,1.00001,1443.15,247.75,969.95,0,0.7071,0,0.7071;
base,aot_supply,metal3,1.5,1.5,1.5,0,1,1,1,1.00001,1.00001,935.025,232.15,1373.975,0,1,0,0;
base,aot_supply,metal3,1.5,1.5,1.5,0,1,1,1,1.00001,1.00001,681.675,194.425,729.725,0,0.7071,0,-0.7071;



custom,cuboid,bombexplosionTex,420,7.5,420,0,1,1,1,0,0,795,-593,843.5,0,0,0,0;

custom,cuboid,statuemat,3,7.5,400.5,1,0.6,0.6,0.6,179,267,-532.5,232,843.5,0,0,0,0;
custom,cuboid,statuemat,3,-7.5,400.5,1,0.6,0.6,0.6,179,267,2122.5,232,843.5,0,0,0,0;

custom,cuboid,statuemat,268.5,7.5,3,1,0.6,0.6,0.6,179,267,795,232,2831,0,0,0,0;
custom,cuboid,statuemat,-268.5,-7.5,-3,1,0.6,0.6,0.6,179,267,795,232,-1144,0,0,0,0;

custom,cuboid,statuemat,268.5,7.5,400.5,1,0.6,0.6,0.6,179,267,795,157,843.5,0,0,0,0;


custom,cuboid,statuemat,30,7.5,52.5,1,0.6,0.6,0.6,20,35,1320,164.45125,88.595,-0.0287939,0,0,0.9995854;
custom,cuboid,statuemat,54,7.5,24,1,0.6,0.6,0.6,36,16,1200,179.5,468.5,0,0,0,0;

custom,cuboid,statuemat,57,7.5,70.5,1,0.6,0.6,0.6,38,47,1185,186.81625,911.9375,-0.0113444,0,0,0.9999357;
custom,cuboid,statuemat,58.5,7.5,22.5,1,0.6,0.6,0.6,39,15,1177.5,194.8,1376,0,0,0,0;
custom,cuboid,statuemat,79.5,7.5,30,1,0.6,0.6,0.6,53,20,1072.5,194.8,1638.5,0,0,0,0;
custom,cuboid,statuemat,72,7.5,7.5,1,0.6,0.6,0.6,48,5,1110,194.8,1826,0,0,0,0;
custom,cuboid,statuemat,45,7.5,1.5,1,0.6,0.6,0.6,30,1,1245,194.8,1871,0,0,0,0;
custom,cuboid,statuemat,31.5,7.5,27,1,0.6,0.6,0.6,21,18,1312.5,194.8,2013.5,0,0,0,0;
custom,cuboid,statuemat,181.5,7.5,66,1,0.6,0.6,0.6,125,44,562.5,194.8,2478.5,0,0,0,0;
custom,cuboid,statuemat,48,7.5,210,1,0.6,0.6,0.6,32,140,1710,194.8,1758.5,0,0,0,0;
custom,cuboid,statuemat,30,7.5,30,1,0.6,0.6,0.6,20,20,1567.5,202.66,1516.3325,0.026177,0,0,0.9996574;
custom,cuboid,statuemat,45,7.5,55.5,1,0.6,0.6,0.6,30,37,1642.5,210.46,1091,0,0,0,0;
custom,cuboid,statuemat,25.5,7.5,21,1,0.6,0.6,0.6,17,14,1740,210.46,1458.5,0,0,0,0;
custom,cuboid,statuemat,16.5,7.5,75,1,0.6,0.6,0.6,11,50,1335,210.46,1188.5,0,0,0,0;
custom,cuboid,statuemat,9,7.5,63,1,0.6,0.6,0.6,6,42,1207.5,210.46,1248.5,0,0,0,0;
custom,cuboid,statuemat,6,7.5,6,1,0.6,0.6,0.6,4,4,1222.5,210.46,903.5,0,0,0,0;
custom,cuboid,statuemat,4.5,7.5,58.5,1,0.6,0.6,0.6,3,39,1140,210.46,1271,0,0,0,0;
custom,cuboid,statuemat,1.5,7.5,1.5,1,0.6,0.6,0.6,1,1,1155,210.46,971,0,0,0,0;
custom,cuboid,statuemat,3,7.5,45,1,0.6,0.6,0.6,2,30,1102.5,210.46,1338.5,0,0,0,0;
custom,cuboid,statuemat,30,7.5,30,1,0.6,0.6,0.6,20,20,1567.5,202.6615,665.6675,-0.026177,0,0,0.9996573;
custom,cuboid,statuemat,16.5,7.5,121.5,1,0.6,0.6,0.6,11,81,1470,202,123.5,0,0,0,0;
custom,cuboid,statuemat,37.5,7.5,64.5,1,0.6,0.6,0.6,25,43,1200,202,-626.5,0,0,0,0;
custom,cuboid,statuemat,60,7.5,19.5,1,0.6,0.6,0.6,40,13,712.5,202,-859,0,0,0,0;

custom,cuboid,statuemat,76.5,7.5,19.5,1,0.6,0.6,0.6,51,13,30,202,-874,0,0,0,0;
custom,cuboid,statuemat,30,7.5,22.5,1,0.6,0.6,0.6,20,15,-202.5,202,-664,0,0,0,0;

custom,cuboid,stone4,3,3,15,1,0.35,0.35,0.35,1,5,427.5,224.5,-686.5,0,0,0,0;
custom,cuboid,stone4,31.5,3,22.5,1,0.35,0.35,0.35,10.5,7.5,255,224.5,-664,0,0,0,0;


custom,cuboid,statuemat,42,7.5,39,1,0.6,0.6,0.6,28,26,-142.5,202,-356.5,0,0,0,0;
custom,cuboid,statuemat,27,7.5,117,1,0.6,0.6,0.6,18,78,-322.5,202,423.5,0,0,0,0;
custom,cuboid,statuemat,16.5,7.5,99,1,0.6,0.6,0.6,11,66,-382.5,202,1503.5,0,0,0,0;
custom,cuboid,house9mat2,6,7.5,39,1,0.3,0.3,0.3,0.4,2.6,-270,202.75,1505,0,0,0,0;
custom,cuboid,statuemat,6,7.5,25.5,1,0.6,0.6,0.6,4,17,-270,202,1826,0,0,0,0;
custom,cuboid,statuemat,3,4.5,1.5,1,0.6,0.6,0.6,2,1,-255,217,1961,0,0,0,0;

custom,cuboid,statuemat,45,7.5,120,1,0.6,0.6,0.6,30,80,1777.5,202,116,0,0,0,0;
custom,cuboid,statuemat,60,7.5,46.5,1,0.6,0.6,0.6,40,31,1687.5,202,-716.5,0,0,0,0;
custom,cuboid,statuemat,60,7.5,15,1,0.6,0.6,0.6,40,10,1365,202,-1024,0,0,0,0;





















custom,house11,default,1.5,-0.9,1.5,0,1,1,1,10000,10000,30.75,219.49393,149.576225,0,-0.7071068,0,0.7071068;
custom,cuboid,house9mat2,9,0.15,3.15,1,0.35,0.35,0.35,0.3,0.15,26.25,220,149,0,0.7071068,0,0.7071068;
custom,cuboid,house9mat2,4.5,4.5,0.375,1,0.35,0.35,0.35,0.15,0.15,32.7,198.06631,105.675695,0,0,0,1;
custom,cuboid,house9mat2,3,3,3,1,0.35,0.35,0.35,0.4,0.4,25.34583,205.56631,182.23382,0,0,0,1;
custom,house10,default,0.9,0.9,0.9,0,1,1,1,10000,10000,47.33448,212.5,29.333315,0,0.7071068,0,0.7071068;


custom,cuboid,house9mat2,24,1.5,9,1,0.35,0.35,0.35,3.2,1.2,-30,199.75,-139.45,0,0,0,0;
custom,cuboid,house9mat2,24,1.8,0.15,1,0.35,0.35,0.35,3.2,0.11,-30,199.75,-94.75,0,0,0,0;

custom,cuboid,house9mat2,1.2,0.15,0.15,1,0.35,0.35,0.35,0.16,0.02,-81,209.5,-94.75,0,0,0,0;
custom,cuboid,house9mat2,1.2,0.15,0.15,1,0.35,0.35,0.35,0.16,0.02,-55.5,209.5,-94.75,0,0,0,0;
custom,cuboid,house9mat2,1.2,0.15,0.15,1,0.35,0.35,0.35,0.16,0.02,-30,209.5,-94.75,0,0,0,0;
custom,cuboid,house9mat2,1.2,0.15,0.15,1,0.35,0.35,0.35,0.16,0.02,-4.5,209.5,-94.75,0,0,0,0;
custom,cuboid,house9mat2,1.2,0.15,0.15,1,0.35,0.35,0.35,0.16,0.02,21,209.5,-94.75,0,0,0,0;

custom,cuboid,house9mat2,3,3,3,1,0.35,0.35,0.35,0.4,0.4,34.2,209.5,-138.25,0,0,0,0;
custom,cuboid,house9mat2,3,3,3,1,0.35,0.35,0.35,0.4,0.4,-96,209.5,-138.25,0,0,0,0;


custom,house11,default,3.75,1.5,2.25,0,1,1,1,10000,10000,-31.5,206.5,-154,0,0,0,0;

custom,house13,default,-1.5,1.8,-1.5,1,0.9,0.9,0.9,10000,10000,-112.5,194.5,-124.75,0,0,0,0;


custom,house13,default,1.8,1.95,-1.8,1,0.9,0.9,0.9,10000,10000,55.5,194.5,-118.75,0,0,0,0;

custom,house11,default,1.5,1.5,1.5,0,1,1,1,10000,10000,-116.25,192.25,38.225,0,0.7071,0,0.7071;

custom,house11,default,1.5,1.5,-1.5,0,1,1,1,10000,10000,56.25,192.25,38.225,0,0.7071,0,0.7071;

custom,house10,default,1.5,1.5,1.5,0,1,1,1,10000,10000,-90,224.5,191,0,0.7071,0,0.7071;
custom,house10,default,1.5,1.5,-1.5,0,1,1,1,10000,10000,30,224.5,191,0,0.7071,0,0.7071;



custom,house14,default,1.5,1.5,1.5,1,0.8,0.8,0.8,10000,10000,-87.75,193,221,0,0.7071,0,0.7071;
custom,house14,default,1.5,1.5,-1.5,1,0.8,0.8,0.8,10000,10000,27.75,193,221,0,0.7071,0,0.7071;

custom,house10,default,1.5,1.5,1.5,0,1,1,1,10000,10000,-56.25,217,378.5,0,0.7071,0,0.7071;
custom,house10,default,1.5,1.5,-1.5,0,1,1,1,10000,10000,3.75,224.5,378.5,0,0.7071,0,0.7071;

custom,house14,default,2.25,1.5,1.5,1,0.8,0.8,0.8,10000,10000,-90,187,437,0,0.7071,0,0.7071;
custom,house14,default,2.25,1.5,-1.5,1,0.8,0.8,0.8,10000,10000,30,187,437,0,0.7071,0,0.7071;

custom,house11,default,1.5,-1.5,1.5,0,1,1,1,10000,10000,22.5,189.775,555.5,0.7071,0,-0.7071,0;

custom,house13,default,1.5,1.8,-1.5,1,0.9,0.9,0.9,10000,10000,45.14145,190.18009,717.11465,0,-0.995562,0,0.0941085;
custom,house14,default,2.25,1.5,1.5,1,0.8,0.8,0.8,10000,10000,79.396515,186.160045,820.41755,0,0.5735765,0,-0.819152;
custom,house12,default,1.8,1.875,0.9,1,0.5,0.5,0.5,10000,10000,120,173.5,926.507,0,0.4981846,0,-0.867071;






custom,house10,default,1.5,-1.5,-1.5,0,1,1,1,10000,10000,-57,224.5,618.5,0.7071,0,-0.7071,0;

custom,house11,default,1.8,-1.5,-1.5,0,1,1,1,10000,10000,-81,189.775,653,0.7071,0,-0.7071,0;

custom,house10,default,1.5,-1.5,-1.5,0,1,1,1,10000,10000,-40.338576,222.09994,805.0853,0.6427876,0,-0.7660444,0;
custom,house14,default,2.25,1.5,-1.5,1,0.8,0.8,0.8,10000,10000,-44.25,185.37997,863.67845,0,0.5735765,0,-0.8191521;
custom,house12,default,2.25,1.875,0.9,1,0.5,0.5,0.5,10000,10000,15.6,173.5,977.27495,0,0.4981846,0,-0.867071;



custom,house11,default,1.5,1.5,1.5,0,1,1,1,10000,10000,216.18405,192.903355,1071.89675,0,0.4697214,0,-0.8828148;
custom,house10,default,1.5,1.5,1.5,0,1,1,1,10000,10000,225.3099,225.39253,1035.91925,0,0.878075,0,0.4785231;
custom,house14,default,1.5,1.5,1.5,1,0.8,0.8,0.8,10000,10000,275.031,194.575,1145.92955,0,0.4677451,0,-0.8838634;
custom,house10,default,0.75,1.35,1.5,0,1,1,1,10000,10000,214.2114,222.33247,1148.9519,0,0.4677451,0,-0.8838634;
custom,house10,default,1.5,1.5,1.5,0,1,1,1,10000,10000,367.35555,226.75,1279.5698,0,0.8281681,0,0.5604799;





custom,house11,default,1.5,1.5,1.5,0,1,1,1,10000,10000,106.68405,192.925,1136.39675,0,0.4697214,0,-0.8828148;
custom,house14,default,1.5,1.5,1.5,1,0.8,0.8,0.8,10000,10000,165.531,194.35,1210.42955,0,0.4677451,0,-0.8838634;

custom,house10,default,1.5,1.5,1.5,0,1,1,1,10000,10000,115.8099,225.39253,1100.41925,0,0.878075,0,0.4785231;
custom,house11,default,1.575,1.5,1.5,0,1,1,1,10000,10000,320.1837,193.6,1303.39175,0,0.8250399,0,-0.5650744;
custom,house14,default,2.25,1.5,1.5,1,0.8,0.8,0.8,10000,10000,249.4917,194.4676,1375.7372,0,-0.9533834,0,0.3017617;
custom,house10,default,1.5,1.5,1.5,0,1,1,1,10000,10000,184.8918,219.66088,1213.06565,0,0.997404,0,-0.0720083;
custom,house10,default,2.55,1.5,1.5,0,1,1,1,10000,10000,136.7418,217,1279.7006,0,0.7534385,0,0.6575184;
custom,house13,default,1.5,1.5,1.5,1,0.9,0.9,0.9,10000,10000,54.410055,193.626085,1427.2955,0,0.683279,0,-0.7301574;


custom,house10,default,1.5,1.5,1.5,0,1,1,1,10000,10000,-14.291325,225.25,1360.568,0,-0.410415,0,0.9118989;
custom,house10,default,1.8,1.5,1.5,0,1,1,1,10000,10000,-58.44711,225.25,1256.6981,0,-0.5339857,0,0.8454936;
custom,house14,default,1.23,1.5,1.5,1,0.8,0.8,0.8,10000,10000,-26.051034,189.387205,1233.2894,0,-0.6884943,0,0.7252418;
custom,house11,default,2.25,-1.5,1.5,0,1,1,1,10000,10000,-142.85484,193,1057.3577,-0.1462709,0,-0.9892446,0;
custom,house10,default,1.5,-1.5,1.5,0,1,1,1,10000,10000,-264.42912,226.172545,1118.39405,0.878075,0,-0.4785231,0;
custom,house10,default,2.55,-1.425,1.5,0,1,1,1,10000,10000,-298.3485,223,1250.07155,0.7928122,0,-0.609466,0;
custom,house10,default,2.25,1.5,1.5,0,1,1,1,10000,10000,-230.13375,224.924815,1358.39225,0,0.7071,0,0.7071;

custom,house11,default,2.25,1.5,1.5,0,1,1,1,10000,10000,2.56677,192.925,1057.3577,0,-0.1462709,0,0.9892446;
custom,house14,default,1.5,1.65,1.65,0,1,1,1,1,1,-70.5,190.017565,1042.25,0,0,0,1;



custom,house10,default,2.4,1.5,1.5,0,1,1,1,10000,10000,-88.5,224.924815,1364,0,0.7071,0,0.7071;
custom,tower3,default,3,1.5,3,1,0.5,0.5,0.5,10000,10000,-70.144035,164.5,1202.7056,0,0,0,0;
custom,house10,default,1.5,1.5,1.5,0,1,1,1,10000,10000,-121.49067,218.2,1180.0727,0,0.2560315,0,-0.9666685;
custom,house10,default,1.2,1.95,1.5,0,1,1,1,10000,10000,-117,231.78571,1238.3189,0,0.3425964,0,0.9394827;


custom,cuboid,house9mat2,4.125,3,10.5,1,0.3,0.3,0.3,0.2,0.7,120.45,230.845,1190.93915,0,0.1364074,0,0.9906529;





custom,house10,default,2.25,1.95,2.325,1,0.8,0.8,0.8,10000,10000,-205.5,217,1493,0,0.7071068,0,0.7071068;
custom,house14,default,1.5,1.5,-1.5,1,0.8,0.8,0.8,10000,10000,-123,194.5,1383.5,0,0.7071,0,0.7071;

custom,house10,default,1.35,1.5,1.5,0,1,1,1,10000,10000,-215.25,217,1541,0,0.7071,0,0.7071;
custom,house10,default,1.5,1.5,-1.5,0,1,1,1,10000,10000,-150.75,224.5,1541,0,0.7071,0,0.7071;
custom,house10,default,1.5,1.5,-1.5,0,1,1,1,10000,10000,-150.75,224.5,1728.5,0,0.7071,0,0.7071;

custom,house14,default,2.25,1.5,1.5,1,0.8,0.8,0.8,10000,10000,-244.5,187,1599.5,0,0.7071,0,0.7071;
custom,house10,default,2.25,1.5,-1.5,1,0.8,0.8,0.8,10000,10000,-127.5,187,1599.5,0,0.7071,0,0.7071;

custom,house11,default,1.8,-1.5,1.35,0,1,1,1,10000,10000,-129,189.775,1575.5,0.7071,0,-0.7071,0;


custom,house11,default,1.8,-1.5,1.35,0,1,1,1,10000,10000,-129,189.775,1759.25,0.7071,0,-0.7071,0;




custom,house11,default,1.725,-1.575,-1.5,0,1,1,1,10000,10000,-240,189.775,1727,0.7071,0,-0.7071,0;



custom,house14,default,2.85,1.8,1.5,1,0.8,0.8,0.8,10000,10000,-244.5,186.625,1872.5,0,0.7071,0,0.7071;
custom,house14,default,2.925,1.5375,-1.5,1,0.8,0.8,0.8,10000,10000,-123,187,1868.75,0,0.7071,0,0.7071;

custom,house10,default,1.05,1.65,1.5,0,1,1,1,10000,10000,-289.5,229.75,2002.25,0,0,0,0;
custom,house10,default,-1.05,1.65,1.5,0,1,1,1,10000,10000,-84,229.75,2002.25,0,0,0,0;

custom,house11,default,2.1,1.8,1.5,0,1,1,1,10000,10000,-292.5,193.15,2006,0,0.7071,0,0.7071;

custom,house10,default,1.5,1.8,1.5,0,1,1,1,10000,10000,-334.20495,232,2052.428,0,-0.4474474,0,0.8943102;
custom,house10,default,1.5,1.8,1.5,0,1,1,1,10000,10000,-297,232,2131.2635,0,-0.1805193,0,0.9835715;
custom,house10,default,2.25,1.8,1.5,0,1,1,1,10000,10000,-277.5,232,2171,0,0,0,0;
custom,house14,default,1.5,1.5,-1.5,1,0.8,0.8,0.8,10000,10000,-66,193,2146.25,0,0,0,0;


custom,house13,default,1.5,1.5,1.65,1,0.9,0.9,0.9,10000,10000,28.5,190.75,1973,0,0.7071,0,0.7071;
custom,house10,default,0.9,1.5,3,0,1,1,1,10000,10000,-22.5,224.5,2066,0,0,0,0;
custom,house10,default,1.5,1.5,1.5,0,1,1,1,10000,10000,-67.71798,223.719985,1968.257,0,-0.5006047,0,0.865676;
custom,house10,default,1.5,-1.5,1.5,0,1,1,1,10000,10000,97.5,223.719985,1968.257,-0.5006047,0,-0.865676,0;
custom,tower5,default,1.5,1.5,1.5,1,0.7,0.7,0.7,10000,10000,-68.447625,172.54717,2040.554,0,0.3826834,0,0.9238795;

custom,house11,default,3,1.5,1.5,0,1,1,1,10000,10000,150,193.75,1976,0,0,0,0;



custom,house11,default,3,1.5,-1.5,0,1,1,1,10000,10000,150,193.75,2141,0,0,0,0;
custom,house10,default,1.5,1.725,1.5,0,1,1,1,10000,10000,-32.25,230.5,2168,0,0,0,0;

custom,house10,default,-0.9,1.5,-3,0,1,1,1,10000,10000,322.5,224.5,2051,0,0,0,0;
custom,house10,default,-1.5,1.5,-1.5,0,1,1,1,10000,10000,367.71798,223.719985,2148.743,0,-0.5006047,0,0.865676;
custom,house10,default,-1.5,-1.5,-1.5,0,1,1,1,10000,10000,202.5,223.719985,2148.743,-0.5006047,0,-0.865676,0;


custom,house13,default,-1.5,1.5,-1.5,1,0.9,0.9,0.9,10000,10000,274.5,190.75,1976,0,0.7071,0,0.7071;
custom,house13,default,1.5,1.5,1.5,1,0.9,0.9,0.9,10000,10000,360,190.75,2141,0,0.7071,0,0.7071;


custom,house14,default,2.25,1.5,-1.5,1,0.8,0.8,0.8,10000,10000,474,193,2141,0,0,0,0;
custom,house14,default,2.25,1.5,1.5,1,0.8,0.8,0.8,10000,10000,474,193,1976,0,0,0,0;


custom,house11,default,2.4,1.5,1.5,0,1,1,1,10000,10000,614.25,192.28,1994,0,-0.1239479,0,0.9922888;

custom,house11,default,-2.4,-1.5,-1.5,0,1,1,1,10000,10000,614.25,192.28,2123,-0.1239479,0,-0.9922888,0;



custom,house10,default,2.25,1.8,1.5,0,1,1,1,10000,10000,639.75,231.25,2034.5,0,0,0,0;
custom,house10,default,2.25,1.8,-1.5,0,1,1,1,10000,10000,639.75,231.25,2082.5,0,0,0,0;

custom,house10,default,3,1.65,1.35,0,1,1,1,10000,10000,765,229.75,2031.5,0,0,0,0;
custom,house10,default,3,1.65,-1.35,0,1,1,1,10000,10000,765,229.75,2085.5,0,0,0,0;


custom,house13,default,1.5,1.5,1.5,1,0.9,0.9,0.9,10000,10000,1098.75,193.75,2112.5,0,0.7071,0,0.7071;

custom,house11,default,2.25,1.455,-1.5,0,1,1,1,10000,10000,1140,193.6,1939.25,0,0.7071,0,0.7071;
custom,house11,default,-2.25,1.455,-1.5,0,1,1,1,10000,10000,1140,193.6,2066,0,0.7071,0,0.7071;
custom,house10,default,0.75,1.65,1.725,0,1,1,1,10000,10000,1169.55,227.5,2038.775,0,0.7071068,0,0.7071068;



custom,house13,default,-1.5,-2.115,-1.98,1,0.9,0.9,0.9,10000,10000,1119,193.75,1886,0.7071,0,-0.7071,0;
custom,house11,default,1.8,1.5,1.5,0,1,1,1,10000,10000,982.77,192.1,1873.955,0,-0.1083464,0,0.9941132;

custom,house14,default,3,1.5,1.5,1,0.8,0.8,0.8,10000,10000,837.2625,187,1863.5,0,0,0,1;

custom,tower5,default,1.5,2.25,1.5,1,0.7,0.7,0.7,10000,10000,1046.25,157,2009,0,0.7071,0,-0.7071;
custom,cuboid,house9mat2,2.325,7.5,2.325,1,0.35,0.35,0.35,0.225,0.45,1046.25,215.2,2009,0,0.7071068,0,0.7071068;
custom,cuboid,house9mat2,6,4.5,2.1,1,0.35,0.35,0.35,0.3,0.2,1005,194.5,2009,0,0,0,0;
custom,cuboid,house9mat2,6,0.3,0.15,1,0.35,0.35,0.35,0.8,0.04,1006.125,218.5,2018.75,0,0,0,1;
custom,cuboid,house9mat2,6,0.3,-0.15,1,0.35,0.35,0.35,0.8,0.04,1006.125,218.5,1999.25,0,0,0,1;




custom,house10,default,0.6,1.5,1.2,0,1,1,1,10000,10000,362.775,212.2,1793,0,0,0,1;
custom,house10,default,-1.25,1.95,-1.725,0,1,1,1,10000,10000,358.5,223.75,1752.5,0,0.7071,0,0.7071;
custom,house10,default,-1.25,1.95,-1.725,0,1,1,1,10000,10000,358.5,223.75,1827.5,0,0.7071,0,0.7071;
custom,house10,default,-3,1.5,-1.5,0,1,1,1,10000,10000,568.5747,223,1970.6975,0,-0.3749306,0,0.9270529;
custom,house10,default,2.25,1.2,-1.5,0,1,1,1,10000,10000,366.44565,217,2016.7295,0,0.7071,0,0.7071;


custom,house10,default,0.75,1.5,1.5,0,1,1,1,10000,10000,698.80035,226.15,1851.236,0,-0.3826834,0,0.9238796;
custom,house10,default,1.5,1.5,1.5,0,1,1,1,10000,10000,629.29275,225.910045,1781.726,0,-0.3826834,0,0.9238796;
custom,house13,default,1.5,1.95,1.575,1,0.9,0.9,0.9,10000,10000,664.5,194.5,1662.5,0,1,0,0;
custom,house10,default,1.5,1.5,1.05,0,1,1,1,10000,10000,532.5,226.15,1668.5,0,0,0,1;
custom,house10,default,1.8,1.65,1.5,0,1,1,1,10000,10000,422.025,229.75,1676,0,0,0,1;
custom,house11,default,1.8,1.575,1.5,0,1,1,1,10000,10000,392.8152,193.6,1653.3215,0,0,0,1;
custom,house10,default,1.8,1.65,1.5,0,1,1,1,10000,10000,213,229.75,1676,0,0,0,1;
custom,house13,default,1.575,1.95,1.575,1,0.9,0.9,0.9,10000,10000,206.4,194.5,1662.5,0,1,0,0;
custom,house10,default,0.75,1.65,1.8,0,1,1,1,10000,10000,266.25,220,1797.875,0,0.7071,0,0.7071;



custom,house14,default,3,1.2,-1.5,1,0.8,0.8,0.8,10000,10000,300,194.5,1893.5,0,0,0,0;


custom,house10,default,1.5,1.5,1.5,0,1,1,1,10000,10000,236.9925,226,1772.09,0,0.906487,0,0.4222338;
custom,house11,default,1.4475,1.425,-1.425,0,1,1,1,10000,10000,149.86815,193.524985,1677.9065,0,0.7071,0,0.7071;
custom,house10,default,-1.5,-1.5,-1.5,0,1,1,1,10000,10000,236.9925,226,1583.723,0.906487,0,-0.4222338,0;



custom,house10,default,2.25,1.275,1.5,0,1,1,1,10000,10000,238.3767,221.112715,1879.3295,0,0.9875726,0,0.1571637;
custom,house11,default,2.25,1.275,1.425,0,1,1,1,10000,10000,70.24347,193.524985,1803.416,0,0.8828614,0,0.4696337;
custom,house10,default,3,1.275,1.5,0,1,1,1,10000,10000,57.23736,221.112715,1803.254,0,0.7071,0,0.7071;

custom,house11,default,-2.25,-1.275,-1.425,0,1,1,1,10000,10000,70.24347,193.524985,1552.397,0.8828614,0,-0.4696337,0;
custom,house10,default,-2.25,-1.275,-1.5,0,1,1,1,10000,10000,238.3767,221.112715,1476.4835,0.9875726,0,-0.1571637,0;
custom,house10,default,-2.25,1.275,-1.5,0,1,1,1,10000,10000,233.87565,221.112715,1434.3683,0,0,0,1;




custom,house14,default,1.5,1.575,-1.5,1,0.8,0.8,0.8,10000,10000,240,194.5,1593.65,0,0,0,1;
custom,house13,default,1.5,1.5,-1.5,1,0.9,0.9,0.9,10000,10000,327,194.290945,1604,0,-0.7071,0,-0.7071;
custom,house11,default,2.25,1.65,-1.5,0,1,1,1,10000,10000,517.5,193.524985,1604,0,0,0,0;

custom,house14,default,1.5,1.575,-1.5,1,0.8,0.8,0.8,10000,10000,634.5,194.5,1604.75,0,0,0,1;
custom,house11,default,1.725,1.5375,-1.5,0,1,1,1,10000,10000,660,193.15,1520.75,0,0.7071,0,0.7071;

custom,tower5,default,1.5,1.5,1.5,1,0.7,0.7,0.7,10000,10000,642.22095,169.653982,1578.4505,0,0.4159934,0,0.9093677;
custom,house10,default,0.975,1.575,1.65,0,1,1,1,10000,10000,690.02925,226.75,1508.75,0,0.7071,0,0.7071;






custom,house13,default,1.5,1.5,1.5,1,0.9,0.9,0.9,10000,10000,322.5,194.290945,1466,0,-0.7071,0,-0.7071;
custom,house10,default,1.5,1.5,1.5,0,1,1,1,10000,10000,341.025,226.225,1510.25,0,0,0,0;
custom,house11,default,1.5,1.425,1.425,0,1,1,1,10000,10000,493.28265,193.524985,1487.96375,0,0,0,1;

custom,house10,default,0.825,1.5,1.5,0,1,1,1,10000,10000,558,226.45,1520,0,0.7071,0,0.7071;

custom,house10,default,2.25,1.5,1.5,0,1,1,1,10000,10000,558,222.925,1487,0,0.7071,0,0.7071;
custom,house11,default,2.7,1.5,1.5,0,1,1,1,10000,10000,574.51935,193.93765,1274.2184,0,0.4393131,0,0.8983341;

custom,house13,default,1.5,1.74,1.575,1,0.9,0.9,0.9,10000,10000,635.4,194.33563,1208.6,0,0.7071,0,-0.7071;






custom,house10,default,2.25,1.5,1.65,0,1,1,1,10000,10000,647.25,215.117545,1493.48795,0,0,0,1;


custom,house10,default,1.5,1.5,1.65,0,1,1,1,10000,10000,652.5,226.87777,1367.81015,0,0,0,1;
custom,house10,default,0.6,1.05,1.125,0,1,1,1,10000,10000,696.75,217,1364.75,0,0.7071,0,0.7071;
custom,house10,default,0.6,1.05,-1.125,0,1,1,1,10000,10000,732.75,217,1364.75,0,0.7071,0,0.7071;





custom,house10,default,-4.275,1.5,-1.5,0,1,1,1,10000,10000,853.3575,225.68506,1182.5,0,0.7071,0,0.7071;
custom,house11,default,-2.25,1.125,-1.5,0,1,1,1,10000,10000,823.5774,192.759985,1450.4582,0,0.3852628,0,0.9228069;

custom,house13,default,-1.5,1.47,-2.25,1,0.9,0.9,0.9,10000,10000,847.5,194.33563,1487,0,0.7071,0,-0.7071;
customb,house1,default,2.25,0.00015,0.75,1,0.4,0.4,0.4,10000,10000,863.71875,238.855,1457.18,0,0.3852628,0,0.9228069;











custom,house14,default,-1.5,-1.5,-1.5,1,0.8,0.8,0.8,10000,10000,757.5,194.5,1182.9707,0.7071,0,-0.7071,0;
custom,house11,default,1.65,1.5,1.5,0,1,1,1,10000,10000,873,193.6,787.625,0,-0.7071,0,0.7071;
custom,house10,default,-1.5,-1.5,-1.5,0,1,1,1,10000,10000,791.25,217,1025.4707,0.7071,0,-0.7071,0;
custom,house10,default,-1.5,-1.5,1.5,0,1,1,1,10000,10000,853.46565,226.420045,967.4402,0.7071,0,-0.7071,0;
custom,house13,default,1.5,1.8,1.5,1,0.9,0.9,0.9,10000,10000,878.8104,192.45181,1194.6524,0,0,0,-1;
custom,house14,default,-2.25,-1.5,1.5,1,0.8,0.8,0.8,10000,10000,878.9595,185.97997,908.97095,0.7071,0,-0.7071,0;
custom,house10,default,2.55,1.95,2.25,0,1,1,1,10000,10000,903,227.5,771.5,0,0.7071,0,0.7071;
custom,house10,default,0.75,1.875,1.5,0,1,1,1,10000,10000,751.9824,233.234215,1100.7935,0,0.7071,0,-0.7071;
custom,house10,default,0.75,1.875,1.5,0,1,1,1,10000,10000,899.50245,229.019485,734.49665,0,0.9566967,0,0.2910864;
custom,house12,default,1.515,1.95,1.2,1,0.5,0.5,0.5,10000,10000,766.8,172,1008.2,0,-0.7071,0,0.7071;
custom,house11,default,-2.25,1.65,1.5,0,1,1,1,10000,10000,765,193.6,906.125,0,0.7071,0,0.7071;
custom,house10,default,0.825,1.875,1.5,0,1,1,1,10000,10000,732.18405,226.619425,867.77585,0,0,0,1;

custom,house10,default,1.2,1.875,1.575,0,1,1,1,10000,10000,764.4858,233.07997,749.75,0,0.7071068,0,0.7071068;
custom,house11,default,3.15,1.65,1.5,0,1,1,1,10000,10000,740.36085,193.6,585.5,0,0.7071,0,0.7071;
custom,house11,default,-3.15,1.65,1.5,0,1,1,1,10000,10000,740.36085,193.6,776.75,0,0.7071,0,0.7071;



custom,house10,default,-1.125,-1.875,-1.5,0,1,1,1,10000,10000,702.9348,222.7,510.1433,-0.3182979,0,-0.9479908,0;
custom,house10,default,3,2.025,1.5,0,1,1,1,10000,10000,600,225.940075,511.28975,0,0,0,1;
custom,house10,default,1.5,2.25,1.5,0,1,1,1,10000,10000,579.31635,227.5,566.89655,0,0.3222658,0,0.9466493;
custom,house10,default,1.8,1.65,1.8,0,1,1,1,10000,10000,943.4061,224.379925,611.04665,0,0.7071,0,0.7071;
custom,house11,default,1.65,1.5,-1.65,0,1,1,1,10000,10000,909.9294,193.6,434.51705,0,0.7071,0,0.7071;
custom,house14,default,2.25,1.65,1.5,1,0.8,0.8,0.8,10000,10000,863.7,191.68,369.5,0,0,0,1;
custom,house11,default,2.25,1.5,1.65,0,1,1,1,10000,10000,721.875,191.8,373.81355,0,0,0,1;



custom,house10,default,2.25,1.65,1.95,0,1,1,1,10000,10000,494.5509,226.84015,402.254,0,0,0,1;
custom,house11,default,2.25,1.5,1.65,0,1,1,1,10000,10000,457.5,191.8,373.81355,0,0,0,1;
custom,house13,default,1.5,1.95,1.5,1,0.9,0.9,0.9,10000,10000,387.08835,192.342535,464.86565,0,0,0,1;


custom,house10,default,1.5,1.5,1.5,0,1,1,1,10000,10000,355.54995,221.278735,485.5559,0,0.5971499,0,-0.8021297;
custom,house11,default,1.5,1.5,1.5,0,1,1,1,10000,10000,431.99925,188.8,614.4788,0,0.8539633,0,0.5203332;
custom,house10,default,1.5,1.5,1.5,0,1,1,1,10000,10000,414.4944,221.17204,658.01405,0,0.3288414,0,-0.9443852;



custom,house14,default,1.5,1.5,1.5,1,0.8,0.8,0.8,10000,10000,642.75,180.675475,526.2236,0,0,0,0;
custom,house11,default,2.25,1.5,1.5,0,1,1,1,10000,10000,644.9718,193.6,596,0,-0.7071,0,0.7071;

custom,house10,default,0.75,1.575,1.575,0,1,1,1,10000,10000,621,227.5,652.25,0,-0.7071,0,0.7071;
custom,house10,default,1.5,1.575,1.575,0,1,1,1,10000,10000,630,227.5,701,0,-0.7071,0,0.7071;
custom,house13,default,1.5,1.65,1.5,1,0.9,0.9,0.9,10000,10000,663,193.75,931.25,0,0,0,1;
custom,house11,default,2.25,1.5,1.5,0,1,1,1,10000,10000,660,191.5,1035.5,0,-0.7071,0,0.7071;

custom,house10,default,1.575,1.5,1.8,0,1,1,1,10000,10000,632.25,227.2,1073.2802,0,-0.7071,0,0.7071;


custom,house10,default,0.9,1.875,1.5,0,1,1,1,10000,10000,490.5,235,728.18,0,0,0,0;
custom,house11,default,1.5,1.65,1.5,0,1,1,1,10000,10000,534.8088,193.6,756.0131,0,0.7071,0,0.7071;
custom,house14,default,1.5,1.5,1.8,1,0.8,0.8,0.8,10000,10000,537,193,851,0,0.7071,0,0.7071;
custom,house12,default,1.5,1.5,1.05,1,0.5,0.5,0.5,10000,10000,546.3,185.5,931.625,0,0.7071,0,0.7071;
custom,house10,default,1.8,1.5,1.5,0,1,1,1,10000,10000,571.875,226,1086.5,0,0.7071,0,0.7071;
custom,house10,default,1.2,1.8,1.5,0,1,1,1,10000,10000,277.5,222.939895,1188.5,0,0,0,1;





custom,house10,default,1.5,1.5,1.5,0,1,1,1,10000,10000,562.3821,227.2,1215.5,0,0,0,1;
custom,tower5,default,1.2,1.5,1.2,1,0.7,0.7,0.7,10000,10000,619.5,169.2339835,1149.5,0,0.3826834,0,0.9238795;
custom,house10,default,0.75,1.8,1.5,0,1,1,1,10000,10000,550.12665,221.5,1188.5,0,0,0,1;
custom,house10,default,1.95,1.5,1.5,0,1,1,1,10000,10000,440.25,226.75,1215.5,0,0,0,1;
custom,house10,default,1.65,1.5,1.5,0,1,1,1,10000,10000,292.5,226.75,1215.5,0,0,0,1;
custom,house13,default,1.8,1.95,1.8,1,0.9,0.9,0.9,10000,10000,436.425,193.87,1196,0,-1,0,0;


custom,house10,default,0.6,1.5,1.5,0,1,1,1,10000,10000,541.02765,226.23997,1098.13865,0,0.3826834,0,0.9238796;
custom,house11,default,1.875,1.5,1.5,0,1,1,1,10000,10000,487.5,193.6,1071.05,0,0,0,0;

custom,house10,default,0.6,-1.5,1.5,0,1,1,1,10000,10000,433.97235,226.23997,1098.13865,0.3826834,0,-0.9238796,0;
custom,house11,default,1.8,-1.5,1.5,0,1,1,1,10000,10000,425.55,193.6,1010.75,0.7071,0,-0.7071,0;

custom,house13,default,-1.5,1.65,-1.5,1,0.9,0.9,0.9,10000,10000,425.25,194.5,836,0,0,0,1;
custom,house11,default,1.8375,-1.5,1.5,0,1,1,1,10000,10000,425.55,193.6,743,0.7071,0,-0.7071,0;


custom,house10,default,1.575,1.65,1.5,0,1,1,1,10000,10000,341.25,226,708.5,0,0,0,1;
custom,house11,default,2.25,1.5,1.425,0,1,1,1,10000,10000,294,193.6,685.37255,0,0,0,1;

custom,house13,default,1.5,1.725,1.5,1,0.9,0.9,0.9,10000,10000,218.625,194.2,670.25,0,0,0,1;
custom,house11,default,1.5,1.5,-1.275,0,1,1,1,10000,10000,216,193.6,504.77405,0,0.7071,0,0.7071;
custom,house14,default,1.8,1.5,-1.5,1,0.8,0.8,0.8,10000,10000,226.35,193.48,401,0,0.7071,0,0.7071;
custom,house12,default,3,1.425,-1.5,1,0.5,0.5,0.5,10000,10000,307.5,193,370.85,0,0,0,1;
custom,cuboid,house9mat2,12,3,3,0,0.35,0.35,0.35,0.7,0.3,307.5,205.1125,358.25,0,0,0,1;




custom,house11,default,2.25,1.5,1.5,0,1,1,1,10000,10000,298.52415,193.6,1107.21365,0,0.7071,0,0.7071;
custom,house10,default,2.25,1.575,1.575,0,1,1,1,10000,10000,322.2378,227.950195,1085.63405,0,0.7071,0,0.7071;


custom,house14,default,2.25,1.575,1.575,1,0.8,0.8,0.8,10000,10000,298.00275,193.93024,850.2059,0,0.7071,0,0.7071;
custom,house11,default,2.625,1.5,-1.425,0,1,1,1,10000,10000,204.75,193.36,793.5968,0,0,0,1;

custom,house10,default,1.05,1.5,-1.425,0,1,1,1,10000,10000,98.819955,225.579475,737.6066,0,-0.3826834,0,0.9238796;
custom,house11,default,2.625,1.5,1.425,0,1,1,1,10000,10000,101.24655,193.24,693.2591,0,0.7071,0,0.7071;

custom,house10,default,1.5,1.575,1.5,0,1,1,1,10000,10000,123.73815,227.14018,632.6744,0,0.7071,0,0.7071;
custom,house12,default,2.325,1.575,1.05,1,0.5,0.5,0.5,10000,10000,96.355425,186.279985,474.5,0,0.7071,0,0.7071;
custom,house11,default,-2.6625,-1.575,-1.35,0,1,1,1,10000,10000,91.5,193.3,348.5,0.7071,0,-0.7071,0;


custom,house10,default,-1.05,-1.5,1.425,0,1,1,1,10000,10000,98.819955,225.579475,304.3934,-0.3826834,0,-0.9238796,0;
custom,house11,default,-1.5,-1.5,1.425,0,1,1,1,10000,10000,165.43335,193.3,243.95,0,0,-1,0;



custom,house10,default,-1.875,-1.575,1.5,0,1,1,1,10000,10000,187.875,227.2,266.675,0,0,-1,0;
custom,house11,default,-1.95,1.5,1.35,0,1,1,1,10000,10000,373.5,236.5,243.95,0,0,-1,0;

custom,house10,default,-0.75,-1.575,1.5,0,1,1,1,10000,10000,417,227.2,266.675,0,0,-1,0;
custom,house10,default,0.75,1.5,1.5,0,1,1,1,10000,10000,120,225.640375,219.73271,0,-0.3826834,0,0.9238796;
custom,house10,default,1.125,1.5,1.5,0,1,1,1,10000,10000,79.5,225.580375,239.85335,0,0,0,1;
custom,house11,default,-1.95,1.575,1.35,0,1,1,1,10000,10000,117,238.18,132.71543,0.7071,0,0.7071,0;
custom,house14,default,1.5,1.5,1.5,1,0.8,0.8,0.8,10000,10000,112.5,192.1,24.759575,0,0.7071,0,0.7071;
custom,house13,default,1.5,1.5,-1.5,1,0.9,0.9,0.9,10000,10000,117.2652,192.519715,-148.29085,0,0,0,1;
custom,house10,default,1.5,1.5,1.5,0,1,1,1,10000,10000,143.73495,223.12036,-167.4781,0,0.7071,0,0.7071;
custom,house11,default,1.425,1.425,1.425,0,1,1,1,10000,10000,121.0152,193,-317.5072,0,0.7071,0,0.7071;
custom,house10,default,1.5,1.5,1.5,0,1,1,1,10000,10000,143.73495,223.12036,-341.5,0,0.7071,0,0.7071;
custom,house10,default,0.75,1.8,1.8,0,1,1,1,10000,10000,148.5,223.12036,-427,0,0.7071,0,0.7071;
custom,house10,default,1.5,1.5,1.5,0,1,1,1,10000,10000,143.73495,223.12036,-431.5,0,0.7071,0,0.7071;
custom,house11,default,2.25,1.5,1.5,0,1,1,1,10000,10000,163.67685,190.9,-540.59965,0,0,0,1;
custom,house10,default,0.7125,1.8,1.8,0,1,1,1,10000,10000,155.25,222.580345,-513.499,0,0,0,1;
custom,house10,default,1.05,1.8,1.8,0,1,1,1,10000,10000,216,222.580345,-513.499,0,0,0,1;
custom,house11,default,2.25,1.5,1.5,0,1,1,1,10000,10000,358.5,190.9,-540.59965,0,0,0,1;
custom,house14,default,2.85,1.95,-1.65,1,0.8,0.8,0.8,10000,10000,411.6,188.95,-494.17,0,0.7071068,0,0.7071068;
custom,house10,default,0.9,1.5,2.1,0,1,1,1,10000,10000,341.7,223.24054,-526.01995,0,-0.405461,0,0.9141124;
custom,house10,default,1.5,1.8,1.8,0,1,1,1,10000,10000,393.8595,228.76048,-301.0651,0,0.5177287,0,0.8555449;
custom,house11,default,1.5,1.5,-1.5,0,1,1,1,10000,10000,372.1704,189.4,-301.7767,0,0.7071,0,0.7071;




custom,house11,default,1.5,1.5,1.5,0,1,1,1,10000,10000,390,189.4,-301.7767,0,0.7071,0,0.7071;
custom,house10,default,-1.5,-1.8,-1.8,0,1,1,1,10000,10000,395.8473,223.960375,-298.98775,0.5177287,0,-0.8555449,0;

custom,house11,default,1.65,-1.5,-1.5,0,1,1,1,10000,10000,414.2451,236.680105,-143.5,0,0.7071,0,0.7071;


custom,house10,default,0.825,1.8,1.5,0,1,1,1,10000,10000,382.8,225.7,-76.75,0,0,0,1;
custom,house10,default,0.7125,1.35,0.9,0,1,1,1,10000,10000,412.5,214,-73,0,0.7071,0,0.7071;
custom,house10,default,0.825,1.8,1.5,0,1,1,1,10000,10000,434.9121,225.7,-72.013465,0,0.2756375,0,0.9612616;
custom,house10,default,0.825,1.8,1.5,0,1,1,1,10000,10000,480.5091,225.7,-96.10315,0,0.4802238,0,0.877146;
custom,house10,default,1.8,1.35,0.9,0,1,1,1,10000,10000,527.66985,212.73997,-136.6783,0,0.9456322,0,0.3252382;
custom,house10,default,1.5,1.8,1.8,0,1,1,1,10000,10000,429.27705,227.25994,-542.704,0,0.46082,0,0.8874937;
custom,house12,default,2.25,1.5,1.5,1,0.5,0.5,0.5,10000,10000,460.5,190,-687.25,0,0.7071,0,0.7071;



custom,house11,default,-2.025,1.5375,-1.35,0,1,1,1,10000,10000,600,193.6,300.32,0,0.7071068,0,0.7071068;
custom,house11,default,2.025,1.5375,-1.35,0,1,1,1,10000,10000,600,193.6,177.5,0,0.7071068,0,0.7071068;


custom,house13,default,1.5,1.65,-1.5,1,0.9,0.9,0.9,10000,10000,501,194.07982,116,0,0.7071,0,0.7071;
custom,house11,default,1.5,1.5,1.35,0,1,1,1,10000,10000,420,193.6,114.14522,0,0,0,1;

custom,house14,default,1.5,1.5,1.35,1,0.8,0.8,0.8,10000,10000,327.375,193.6,114.875,0,0,0,1;
custom,house10,default,1.5,1.5,1.5,0,1,1,1,10000,10000,327,224.5,116,0,0.7071,0,0.7071;
custom,house11,default,1.5,-1.5,1.5,0,1,1,1,10000,10000,273.4002,191.859925,20.52854,0.3826834,0,-0.9238796,0;
custom,house10,default,1.5,1.5,1.5,0,1,1,1,10000,10000,171.75,224.5,11.75,0,0,0,1;
custom,house10,default,1.5,1.5,1.5,0,1,1,1,10000,10000,240.50415,222.700345,-3.17551,0,0.7071,0,0.7071;
custom,house11,default,-1.95,1.5,-1.35,0,1,1,1,10000,10000,212.5341,236.5,-168.4804,0.7071,0,0.7071,0;
custom,house10,default,1.5,1.5,1.5,0,1,1,1,10000,10000,240.50415,222.700345,-206.5,0,0.7071,0,0.7071;
custom,house14,default,1.5,1.5,1.5,1,0.8,0.8,0.8,10000,10000,264.4266,192.2797,-68.948065,0,0.7071,0,0.7071;
custom,house13,default,1.8,1.9125,-1.5,1,0.9,0.9,0.9,10000,10000,273.75,186.33967,-240.7,0,0,0,1;
custom,house11,default,-1.5,1.65,1.35,0,1,1,1,10000,10000,267.75,191.5,-322,0,0.7071,0,0.7071;

custom,house10,default,1.2,1.5,1.5,0,1,1,1,10000,10000,212.7495,221.56036,-267.4189,0,0.3407083,0,0.9401691;
custom,house11,default,-1.2,1.65,-1.35,0,1,1,1,10000,10000,262.275,191.5,-403,0,0.7071,0,0.7071;

custom,house10,default,-0.75,1.725,-1.5,0,1,1,1,10000,10000,238.65,228.55,-453.5125,0,0.7071068,0,0.7071068;
custom,house10,default,0.9,1.5,1.8,0,1,1,1,10000,10000,331.36215,217,-103.2523,0,0.9016814,0,0.432401;
custom,house10,default,0.9,1.5,1.8,0,1,1,1,10000,10000,312.45735,217,19.25,0,0.7071,0,0.7071;
custom,house10,default,-0.9,-1.5,-1.8,0,1,1,1,10000,10000,331.36215,217,-60.25,0.9016814,0,-0.432401,0;
custom,house10,default,0.9,1.5,1.8,0,1,1,1,10000,10000,325.41915,217,-44.47825,0,0.7071,0,0.7071;
custom,house14,default,1.8,1.5,-1.5,1,0.8,0.8,0.8,10000,10000,369.00795,187,16.740965,0,0,0,-1;
custom,house10,default,1.8,1.5,-1.5,0,1,1,1,10000,10000,387.53655,226,8.666285,0,-0.2235906,0,-0.9746832;
custom,house11,default,1.65,1.425,-1.35,0,1,1,1,10000,10000,536.6775,193.6,-57.25,0,-0.4355456,0,-0.9001667;

custom,house10,default,1.5,1.5,-1.5,0,1,1,1,10000,10000,536.1417,225.70012,-83.52595,0,-0.5458099,0,-0.837909;
custom,house11,default,1.65,1.425,-1.35,0,1,1,1,10000,10000,600.75,193.36,-211.9513,0,0.7071,0,0.7071;

custom,house10,default,1.5,1.65,-1.5,0,1,1,1,10000,10000,577.81935,227.80018,-216.0367,0,0.7071,0,0.7071;
custom,house13,default,1.5,1.5,-1.3725,1,0.9,0.9,0.9,10000,10000,603.83385,193.180075,-426.25,0,0,0,1;
custom,house11,default,1.65,-1.3275,-1.35,0,1,1,1,10000,10000,600.75,232,-509.5,0,0.7071,0,0.7071;
custom,house10,default,1.5,1.65,-1.5,0,1,1,1,10000,10000,577.81935,227.80018,-539.5,0,0.7071,0,0.7071;




custom,house11,default,2.25,1.5,1.5,0,1,1,1,10000,10000,495,193.6,-748,0,0,0,0;

custom,house10,default,2.25,1.65,1.575,0,1,1,1,10000,10000,534.75,228.040195,-724.00645,0,0,0,1;
custom,house11,default,1.5,1.4625,1.5,0,1,1,1,10000,10000,708,193.6,-748,0,0,0,0;
custom,house13,default,1.5,1.5,-1.5,1,0.9,0.9,0.9,10000,10000,782.145,194.875,-751.705,0,0.7071,0,0.7071;
custom,house10,default,1.8,1.65,1.575,0,1,1,1,10000,10000,883.5,228.040195,-724.00645,0,0,0,1;
custom,house10,default,1.95,1.65,1.65,0,1,1,1,10000,10000,1045.43475,228.040195,-638.94775,0,0.7071,0,0.7071;
custom,house11,default,1.5,1.5,-1.5,0,1,1,1,10000,10000,1015.82625,192.34,-618.03115,0,0.7071,0,0.7071;

custom,house10,default,0.9,1.65,1.65,0,1,1,1,10000,10000,1045.43475,228.040195,-512.5,0,0.7071,0,0.7071;
custom,house14,default,1.8,1.65,-1.65,1,0.8,0.8,0.8,10000,10000,1017.04995,192.279895,-463.79575,0,0.7071,0,0.7071;
custom,house11,default,2.25,-1.575,-1.5,0,1,1,1,10000,10000,1008,239.5,-337.75,0,0.7071,0,0.7071;
custom,house10,default,2.1,1.65,1.65,0,1,1,1,10000,10000,897,228.925,-260.125,0,0,0,1;
custom,house11,default,1.5,1.65,-1.5,0,1,1,1,10000,10000,884.55,193,-290.8,0,0,0,1;

custom,house10,default,0.75,1.8,1.8,0,1,1,1,10000,10000,793.5,226,-257.5,0,0,0,1;
custom,house10,default,0.6,1.575,1.5,0,1,1,1,10000,10000,841.0356,217.53982,-266.3869,0,0.7071,0,0.7071;
custom,house11,default,1.5,1.2,-1.425,0,1,1,1,10000,10000,812.37915,193.6,-232.08685,0,0.7071,0,0.7071;
custom,house10,default,0.6,1.575,1.5,0,1,1,1,10000,10000,841.0356,217.53982,-146.5,0,0.7071,0,0.7071;




custom,house11,default,1.5,1.5,-1.5,0,1,1,1,10000,10000,659.7,193.6,-623.125,0,0,0,1;

custom,house10,default,0.75,1.575,1.65,0,1,1,1,10000,10000,690.48555,227.5,-591.4615,0,0,0,1;
custom,house11,default,1.5,1.5,-1.5,0,1,1,1,10000,10000,782.25,193.6,-623.125,0,0,0,1;
custom,house14,default,1.5,1.5,1.5,1,0.8,0.8,0.8,10000,10000,870,194.425,-623.125,0,0,0,1;
custom,house11,default,1.5,1.5,1.5,0,1,1,1,10000,10000,898.40775,193.6,-567.40705,0,0.7071,0,0.7071;

custom,house10,default,1.5,1.575,1.65,0,1,1,1,10000,10000,923.3253,227.500045,-416.3005,0,0.7071,0,0.7071;
custom,house10,default,0.825,1.65,1.8,0,1,1,1,10000,10000,927,227.500045,-374.875,0,0.7071,0,0.7071;
custom,house13,default,1.575,1.725,-1.35,1,0.9,0.9,0.9,10000,10000,777,191.125,-413.5,0,0.7071,0,0.7071;
custom,house10,default,0.75,1.35,1.8,0,1,1,1,10000,10000,865.13715,216.57994,-371.48815,0,0,0,1;
custom,house11,default,1.5,-1.4625,1.65,0,1,1,1,10000,10000,699.8562,235.47994,-411.65995,0,0,0,1;

custom,house10,default,1.8,1.65,1.725,0,1,1,1,10000,10000,690.9249,226.29973,-312.18745,0,0.7071,0,0.7071;
custom,house11,default,1.8,1.5,1.5,0,1,1,1,10000,10000,664.97505,193.6,-281.71195,0,0.7071,0,0.7071;

custom,house10,default,1.8,1.65,1.725,0,1,1,1,10000,10000,690.9249,229.75,-115,0,0.7071,0,0.7071;




custom,house10,default,1.8,-1.65,1.5,0,1,1,1,10000,10000,877.61043,227.5,-155.91457,0.7071,0,-0.7071,0;
custom,house11,default,1.8,-1.575,1.5,0,1,1,1,10000,10000,900.28893,193.6,-126.70477,0.7071,0,-0.7071,0;

custom,house10,default,1.8,-1.65,1.5,0,1,1,1,10000,10000,877.61043,229.75,53.11043,0.7071,0,-0.7071,0;
custom,house13,default,1.5,-1.95,1.575,1,0.9,0.9,0.9,10000,10000,891.11043,194.5,58.36043,0.7071,0,0.7071,0;
custom,house10,default,0.75,-1.65,1.8,0,1,1,1,10000,10000,755.73543,220,-0.13957,1,0,0,0;
custom,house14,default,3,-1.2,-1.5,1,0.8,0.8,0.8,10000,10000,660.11043,194.5,-33.88957,0.7071,0,-0.7071,0;
custom,house10,default,1.5,-1.5,1.5,0,1,1,1,10000,10000,781.52043,226,29.11793,0.9395475,0,0.3424187,0;
custom,house11,default,1.425,-1.425,-1.425,0,1,1,1,10000,10000,875.70393,193.525,115.49228,1,0,0,0;

custom,house10,default,-1.5,1.5,-1.5,0,1,1,1,10000,10000,969.88743,226,29.11793,0,0.3424187,0,0.9395475;
custom,house10,default,2.25,-1.275,1.5,0,1,1,1,10000,10000,674.28093,221.112715,27.73373,0.8094508,0,0.5871877,0;
custom,house11,default,2.25,-1.275,1.425,0,1,1,1,10000,10000,750.19443,193.525,195.86696,0.9563584,0,0.2921961,0;


custom,house10,default,3,-1.275,1.5,0,1,1,1,10000,10000,750.35643,221.112715,208.87307,1,0,0,0;
custom,house11,default,-2.25,1.275,-1.425,0,1,1,1,10000,10000,1001.21343,193.525,195.86696,0,0.2921961,0,0.9563584;

custom,house10,default,-2.25,1.275,-1.5,0,1,1,1,10000,10000,1077.12693,221.112715,27.73373,0,0.5871877,0,0.8094508;
custom,house14,default,1.5,-1.575,-1.5,1,0.8,0.8,0.8,10000,10000,959.96043,194.5,26.11043,0.7071,0,-0.7071,0;
custom,house13,default,1.5,-1.5,-1.5,1,0.9,0.9,0.9,10000,10000,949.61043,194.290945,-60.88957,-1,0,0,0;
custom,house10,default,1.8,-1.65,-1.5,0,1,1,1,10000,10000,975,227.5,-155.91457,0.7071,0,-0.7071,0;
custom,house14,default,3,-1.2,1.5,1,0.8,0.8,0.8,10000,10000,1093.125,194.5,-33.88957,0.7071,0,-0.7071,0;
custom,house10,default,0.9,-1.8,1.95,0,1,1,1,10000,10000,1059.75,230.86012,5.95973,0.7071,0,-0.7071,0;



custom,tower5,default,1.5,1.5,1.5,1,0.7,0.7,0.7,10000,10000,1086.0264,174.093115,-140.6959,0,-0.3826834,0,0.9238796;
custom,house10,default,1.8,1.5,1.65,0,1,1,1,10000,10000,1074,224.8,-100,0,0,0,1;
custom,house10,default,1.2,1.5,1.65,0,1,1,1,10000,10000,1155.8091,224.8,-125.41135,0,-0.3826834,0,0.9238796;
custom,house10,default,1.2,1.5,1.65,0,1,1,1,10000,10000,1257.2277,224.8,-16.259065,0,0.7071,0,0.7071;
custom,house10,default,0.825,1.8,1.5,0,1,1,1,10000,10000,1257.2277,227.5,27.5,0,0.7071,0,0.7071;
custom,house10,default,1.8,1.65,1.425,0,1,1,1,10000,10000,1257.2277,229,146,0,0.7071,0,0.7071;
custom,house14,default,1.5,1.65,1.5,1,0.8,0.8,0.8,10000,10000,1229.30235,194.91985,174.371945,0,0.7071,0,0.7071;
custom,house11,default,2.7,-1.8,1.5,0,1,1,1,10000,10000,1233,253.9,303.5,0,0.7071,0,0.7071;
custom,house10,default,1.8,1.65,1.575,0,1,1,1,10000,10000,1257,247,512.84315,0,0.7071,0,0.7071;
//custom,tower3,default,2,1,2,1,0.5,0.5,0.5,10000,10000,796.5,15,-86.46983,0,0,0,1;





custom,house14,default,1.5,1.5,1.8,1,0.8,0.8,0.8,10000,10000,1085.25,192.625,-289,0,0,0,0;
custom,house13,default,1.5,1.5,1.5,1,0.9,0.9,0.9,10000,10000,1257.9,192.25,-286,0,0.7071,0,0.7071;
custom,house10,default,1.8,1.5,1.5,0,1,1,1,10000,10000,1274.25,223,-260.5,0,0,0,1;
custom,house10,default,2.25,1.5,1.5,0,1,1,1,10000,10000,1404,223,-131.5,0,0.7071,0,0.7071;
custom,house11,default,2.25,-1.425,-1.5,0,1,1,1,10000,10000,1380,234.4,-95.875,0,0.7071,0,0.7071;
custom,house10,default,0.75,1.8,1.5,0,1,1,1,10000,10000,1404,227.5,26,0,0.7071,0,0.7071;
custom,house10,default,1.8,1.65,1.425,0,1,1,1,10000,10000,1404,229,146,0,0.7071,0,0.7071;
custom,house13,default,1.5,1.5,1.5,1,0.9,0.9,0.9,10000,10000,1383.75,199.75,246.5,0,0,0,1;
custom,house14,default,1.5,1.5,-1.5,1,0.8,0.8,0.8,10000,10000,1381.425,213.25,334.55,0,0.7071,0,0.7071;
custom,house11,default,2.55,1.5,-1.5,0,1,1,1,10000,10000,1376.49285,213.48994,459.5453,0,0.7071068,0,0.7071068;

custom,house10,default,1.5,1.65,1.65,0,1,1,1,10000,10000,1388.1333,246.826645,647.73575,0,0.6400845,0,0.7683046;
custom,house13,default,1.5,1.5,1.5,1,0.9,0.9,0.9,10000,10000,1316.8671,212.30479,734.53265,0,-0.215231,0,0.9765632;
custom,house14,default,1.5,1.65,-1.5,1,0.8,0.8,0.8,10000,10000,1270.8543,220,800.35865,0,0.4383344,0,0.898812;
custom,house10,default,1.5,1.575,1.575,0,1,1,1,10000,10000,1189.0503,254.90539,937.22885,0,0.4123708,0,0.9110161;
custom,house11,default,1.5,1.5,1.5,0,1,1,1,10000,10000,1156.58085,221.3107,939.29645,0,-0.8843287,0,0.4668648;


custom,house10,default,2.25,1.575,1.575,0,1,1,1,10000,10000,1103.2734,255.454,1129.7762,0,0.5656898,0,0.8246182;
custom,house13,default,1.5,1.575,1.5,1,0.9,0.9,0.9,10000,10000,1087.84245,227.48299,1127.46065,0,-0.9980462,0,-0.0624803;
custom,house10,default,1.5,1.575,1.575,0,1,1,1,10000,10000,1099.5,265,1354.1972,0,0.7071,0,0.7071;
custom,house11,default,1.5,-1.875,-1.5,0,1,1,1,10000,10000,1070.4546,274,1380.2123,0,0.7071068,0,0.7071068;
custom,house10,default,1.5,1.575,1.575,0,1,1,1,10000,10000,1099.5,265,1532,0,0.7071,0,0.7071;
custom,house14,default,1.5,1.5,1.5,1,0.8,0.8,0.8,10000,10000,1072.65,230.92,1565,0,0.7071068,0,0.7071068;
custom,house10,default,1.5,1.575,1.575,0,1,1,1,10000,10000,1099.5,264.76,1723.25,0,0.7071068,0,0.7071068;
custom,house11,default,3,1.5675,-1.8,0,1,1,1,10000,10000,1008.75,230.86003,1709.7815,0,0,0,1;

custom,house10,default,0.75,1.575,-1.875,0,1,1,1,10000,10000,864.5652,264.939925,1681.43,0,0,0,1;
custom,house13,default,1.5,1.875,-1.35,1,0.9,0.9,0.9,10000,10000,859.52145,231.429985,1635.5,0,0,0,1;







custom,house10,default,1.5,1.5,1.5,0,1,1,1,10000,10000,1210.4724,249.303925,464.15675,0,0.7779375,0,-0.6283417;
custom,house14,default,1.5,1.5,1.5,1,0.8,0.8,0.8,10000,10000,1189.57215,214.199305,615.40865,0,0.8304694,0,-0.5570642;
custom,house11,default,2.25,-1.725,1.365,0,1,1,1,10000,10000,1141.2861,259.23379,715.09865,0,0.4850953,0,0.8744614;
custom,house10,default,1.5,1.5,1.5,0,1,1,1,10000,10000,1059.8961,252.035305,869.6126,0,0.4462535,0,0.8949066;
custom,house13,default,1.65,1.65,1.5,1,0.9,0.9,0.9,10000,10000,995.025,221.636065,947.9,0,0.2425634,0,-0.9701356;
custom,house10,default,3,1.5,1.5,0,1,1,1,10000,10000,956.772,256.747315,1188.18125,0,0.6280412,0,0.7781801;
custom,house14,default,1.5,1.5,1.575,1,0.8,0.8,0.8,10000,10000,938.4186,227.132065,1194.36185,0,0.7071,0,-0.7071;
custom,house12,default,1.95,1.5,1.125,1,0.5,0.5,0.5,10000,10000,931.5,225.325,1288.7,0,0.7071068,0,-0.7071068;
custom,house10,default,0.75,1.5,1.5,0,1,1,1,10000,10000,906.6,264.25,1319,0,0.7071068,0,-0.7071068;
custom,house10,default,1.5,1.5,1.5,0,1,1,1,10000,10000,681.25875,262.15,1556.5547,0,0.7071068,0,-0.7071068;
custom,house11,default,2.1,1.425,-1.425,0,1,1,1,10000,10000,710.0535,231.18994,1726.382,0,0.7071068,0,-0.7071068;


custom,house10,default,1.5,1.5,1.5,0,1,1,1,10000,10000,667.95,262.15,1780.55,0,0.3826834,0,-0.9238796;


custom,house10,default,0.75,1.575,-1.875,0,1,1,1,10000,10000,1087.5,264.939925,1681.43,0,0,0,1;
custom,house14,default,1.5,1.5,1.65,1,0.8,0.8,0.8,10000,10000,1182.132,230.37991,1727.447,0,-0.1305262,0,0.9914449;
custom,house11,default,1.5,1.4625,1.65,0,1,1,1,10000,10000,1264.29855,229.95994,1766.423,0,-0.258819,0,0.9659259;



custom,house10,default,2.25,1.575,1.95,0,1,1,1,10000,10000,1251.1827,262,1775.3705,0,-0.477159,0,0.878817;
custom,house11,default,2.25,1.5,1.65,0,1,1,1,10000,10000,1354.0152,228.88003,1926.5405,0,-0.6387687,0,0.7693989;


custom,house10,default,1.05,1.65,1.8,0,1,1,1,10000,10000,1338,265,1968.5,0,0.7071,0,-0.7071;


custom,house10,default,-0.75,-1.575,1.875,0,1,1,1,10000,10000,1087.5,264.939925,2336.57,0,0,-1,0;
custom,house14,default,-1.5,-1.575,-1.65,1,0.8,0.8,0.8,10000,10000,1182.132,230.37991,2290.553,-0.1305262,0,-0.9914449,0;
custom,house11,default,-1.5,-1.4625,-1.65,0,1,1,1,10000,10000,1264.29855,229.95994,2251.577,-0.258819,0,-0.9659259,0;


custom,house10,default,-2.25,-1.575,-1.95,0,1,1,1,10000,10000,1251.1827,262,2242.6295,-0.477159,0,-0.878817,0;
custom,house11,default,-2.25,-1.5,-1.65,0,1,1,1,10000,10000,1354.0152,228.88003,2097.4595,-0.6387687,0,-0.7693989,0;


custom,house14,default,1.5,1.5,1.5,1,0.8,0.8,0.8,10000,10000,1116.375,231.7,2148.5,0,0,0,0;
custom,house10,default,0.675,1.725,1.65,0,1,1,1,10000,10000,1118.6925,266.5,2193.4325,0,0.1564346,0,0.9876884;
custom,house10,default,0.825,1.725,1.65,0,1,1,1,10000,10000,1066.05,266.5,2191.1345,0,0,0,1;

custom,house10,default,2.25,1.65,1.65,0,1,1,1,10000,10000,905.6916,267.15982,2176.394,0,0,0,1;
custom,house11,default,1.95,1.5,1.5,0,1,1,1,10000,10000,875.7912,230.5,2150.1395,0,0,0,1;

custom,house13,default,2.1,1.65,1.5,1,0.9,0.9,0.9,10000,10000,779.655,230.8,2156,0,0.7071068,0,0.7071068;
custom,house10,default,1.8,1.65,1.05,0,1,1,1,10000,10000,528.53295,265.72003,2178.935,0,0,0,1;
custom,house10,default,1.95,1.725,1.5,0,1,1,1,10000,10000,410.28585,267.1,2189.75,0,0,0,1;
custom,house14,default,1.5,1.5,1.5,1,0.8,0.8,0.8,10000,10000,383.286,229.59991,2164.25,0,0,0,1;
custom,house11,default,1.95,-1.3875,1.5,0,1,1,1,10000,10000,276.85815,271.359955,2171.7125,0,0,0,1;
custom,house10,default,1.95,1.725,1.575,0,1,1,1,10000,10000,79.5,267.1,2195,0,0,0,1;
custom,house10,default,1.95,1.725,1.575,0,1,1,1,10000,10000,-37.5,267.1,2195,0,0,0,1;
custom,house10,default,1.95,1.725,1.575,0,1,1,1,10000,10000,-154.5,233.65,2193.5,0,0,0,1;
custom,house10,default,1.95,1.725,1.575,0,1,1,1,10000,10000,-271.5,233.65,2192,0,0,0,1;
custom,house10,default,1.95,1.725,1.575,0,1,1,1,10000,10000,-388.5,233.65,2195,0,0,0,1;
custom,house10,default,1.125,1.65,1.8,0,1,1,1,10000,10000,-391.5,267.625,2198,0,0,0,1;

custom,house13,default,1.95,1.8,-1.5,1,0.9,0.9,0.9,10000,10000,973.2669,232,2306.075,0,0.7071068,0,0.7071068;
custom,house10,default,1.5,1.575,1.65,0,1,1,1,10000,10000,829.70025,263.259805,2333.672,0,0,0,1;
custom,house11,default,1.95,1.5,-1.575,0,1,1,1,10000,10000,789.69195,229,2302.25,0,0,0,1;

custom,house10,default,0.75,1.575,1.8,0,1,1,1,10000,10000,678,263.259805,2333.672,0,0,0,1;
custom,house11,default,1.8,-1.3875,-1.575,0,1,1,1,10000,10000,634.35,271.359955,2302.25,0,0,0,1;
custom,house10,default,0.75,1.575,1.8,0,1,1,1,10000,10000,527.25,263.259805,2336,0,0,0,1;
custom,house14,default,1.5,1.5,-1.725,1,0.8,0.8,0.8,10000,10000,486.75,228.93994,2305.901,0,0,0,1;
custom,house10,default,1.725,1.65,1.65,0,1,1,1,10000,10000,316.125,263.259805,2331.5,0,0,0,1;
custom,house13,default,2.25,1.8,1.8,1,0.9,0.9,0.9,10000,10000,292.5,232.225,2291.144,0,0.7071068,0,0.7071068;
custom,house11,default,0.9,1.5,-1.5,0,1,1,1,10000,10000,126.23325,229.119895,2285.0435,0,0,0,1;



custom,house10,default,1.875,1.725,1.575,0,1,1,1,10000,10000,-32.25,267.1,2315,0,0,0,1;
custom,house14,default,1.8,1.5375,-1.575,1,0.8,0.8,0.8,10000,10000,-71.48568,232,2291.834,0,0,0,1;
custom,house10,default,0.9,1.65,-1.575,0,1,1,1,10000,10000,-193.5,267.625,2265.5,0,0,0,1;
custom,house10,default,1.8,1.65,-1.575,0,1,1,1,10000,10000,-375,267.625,2266.145,0,0,0,1;
custom,house14,default,2.7,1.8,1.8,1,0.8,0.8,0.8,10000,10000,-364.54905,230.08009,2228.4665,0,0.7071068,0,0.7071068;

custom,house10,default,1.95,1.5,0.75,0,1,1,1,10000,10000,-262.5,264.25,2258.75,0,-0.7071068,0,0.7071068;
custom,house10,default,1.5,1.5,1.05,0,1,1,1,10000,10000,-285.46035,264.25,2373.8525,0,-0.4242,0,0.9055686;
custom,house10,default,1.8,1.5,1.05,0,1,1,1,10000,10000,-235.10175,264.25,2448.32,0,-0.2096191,0,0.9777831;
custom,house10,default,1.95,1.65,1.5,0,1,1,1,10000,10000,-145.87695,265.27006,2515.403,0,0,0,1;
custom,house11,default,1.95,1.5,-1.5,0,1,1,1,10000,10000,48.666375,229.210135,2486.957,0,0,0,1;


custom,house10,default,1.5,1.65,1.5,0,1,1,1,10000,10000,72.759255,261.130105,2506.196,0,-0.1719292,0,0.9851093;
custom,house14,default,1.95,1.5,-1.5,1,0.8,0.8,0.8,10000,10000,238.05,225.325,2516,0,0,0,1;
custom,house10,default,3,1.65,1.5,0,1,1,1,10000,10000,253.58265,259.93009,2524.907,0,-0.1719292,0,0.9851093;
custom,house11,default,2.25,1.575,1.35,0,1,1,1,10000,10000,516.55785,224.050045,2605.499,0,0.9607792,0,0.2773143;


custom,house10,default,3,1.65,1.5,0,1,1,1,10000,10000,524.427,259.510075,2640.872,0,-0.3288668,0,0.9443764;
custom,house13,default,1.65,1.8,-1.95,1,0.9,0.9,0.9,10000,10000,742.8984,224.23015,2742.5345,0,0.7071068,0,0.7071068;


custom,house10,default,1.5,1.5,1.05,0,1,1,1,10000,10000,-183,264.25,2263.8365,0,-0.7071068,0,0.7071068;
custom,house10,default,1.5,1.5,1.05,0,1,1,1,10000,10000,-197.0313,264.25,2364.7055,0,-0.2554461,0,0.9668233;
custom,house14,default,1.8,1.5,1.575,1,0.8,0.8,0.8,10000,10000,-45.621315,231.820015,2392.55,0,0,0,1;
custom,house13,default,1.5,1.5375,1.5,1,0.9,0.9,0.9,10000,10000,137.6172,232.419985,2399.75,0,0.7071068,0,0.7071068;
custom,house11,default,2.25,1.5,1.5,0,1,1,1,10000,10000,240,230.61994,2404.5575,0,0,0,1;

custom,house10,default,0.75,1.65,1.5,0,1,1,1,10000,10000,268.5,246.099745,2410.7525,0,-0.4162808,0,0.9092361;
custom,house14,default,1.95,1.5,1.95,1,0.8,0.8,0.8,10000,10000,371.58495,230.44,2413.9325,0,0,0,1;
custom,house10,default,3,1.65,1.8,0,1,1,1,10000,10000,402.75,265.839895,2449.8815,0,0,0,1;
custom,house10,default,3,1.65,1.8,0,1,1,1,10000,10000,582.75,265.839895,2449.8815,0,0,0,1;
custom,house11,default,3,1.575,1.65,0,1,1,1,10000,10000,780,229.07062,2497.421,0,0.7071068,0,-0.7071068;

custom,house10,default,0.75,1.725,1.8,0,1,1,1,10000,10000,752.63595,265.970395,2575.8875,0,0.7071068,0,-0.7071068;



custom,tower5,default,1.5,1.5,1.5,1,0.7,0.7,0.7,10000,10000,645,217,2538.5,0,-0.3288668,0,0.9443764;


custom,house14,default,2.25,2.25,1.5,1,0.8,0.8,0.8,10000,10000,866.25,231.55,2597.75,0,0,0,0;
custom,house11,default,1.95,-1.95,1.5,0,1,1,1,10000,10000,1000.5,287.5,2601.5,0,0,0,1;
custom,house13,default,1.5,1.95,-1.8,1,0.9,0.9,0.9,10000,10000,1077.525,231.16,2483.6,0,0,0,1;
custom,house14,default,1.5,1.65,-1.5,1,0.8,0.8,0.8,10000,10000,1170.7705095,232,2392.25,0,0.7071068,0,-0.7071068;
custom,house14,default,1.5,1.65,1.5,1,0.8,0.8,0.8,10000,10000,1114.6705095,232,2392.25,0,0.7071068,0,-0.7071068;
customb,house1,default,1.5,0.0015,1.425,1,0.4,0.4,0.4,10000,10000,1138.05,295.225,2396.9,0,1,0,0;

custom,house10,default,1.65,1.65,1.65,0,1,1,1,10000,10000,1179.15,265.75,2437.7,0,0,0,1;
custom,house11,default,1.8,1.5,1.575,0,1,1,1,10000,10000,1350.75,230.875,2412.65,0,0,0,1;

custom,house13,default,1.95,1.725,1.65,1,0.9,0.9,0.9,10000,10000,1538.4,231.025,2411.975,0,0.7071068,0,0.7071068;
custom,house14,default,1.8,1.8,1.8,1,0.8,0.8,0.8,10000,10000,1611.75,230.5,2464.25,0,0.7071068,0,0.7071068;
custom,house10,default,1.35,1.8,1.8,0,1,1,1,10000,10000,1683.18,269.5,2568.32,0,0.8914815,0,0.4530571;
custom,house10,default,1.8,1.8,1.8,0,1,1,1,10000,10000,1606.2,269.5,2593.55,0,0,0,1;
custom,house10,default,1.8,1.8,1.8,0,1,1,1,10000,10000,1722.7965,269.5,2607.1715,0,0.3826834,0,0.9238796;
custom,house10,default,1.05,1.8,1.8,0,1,1,1,10000,10000,1814.901,269.5,2525.6675,0,0.7071068,0,0.7071068;
custom,house10,default,1.8,1.8,1.8,0,1,1,1,10000,10000,1828.4415,269.5,2462.912,0,0.9238795,0,0.3826835;
custom,house10,default,2.25,1.8,1.8,0,1,1,1,10000,10000,1761.375,269.5,2436.5,0,0.7071068,0,0.7071068;
custom,tower3,default,3,1.5,3,1,0.5,0.5,0.5,10000,10000,1698.075,229.75,2483.675,0,0,0,0;




custom,house10,default,2.25,1.5,1.5,0,1,1,1,10000,10000,876.225,262.75,2771,0,0,0,0;
custom,house10,default,0.75,1.65,1.65,0,1,1,1,10000,10000,1027.5,265.75,2771.75,0,0,0,0;
custom,house11,default,1.8,1.5,-1.5,0,1,1,1,10000,10000,1134.45,230.875,2741,0,0,0,1;

custom,house14,default,1.95,1.95,-1.5,1,0.8,0.8,0.8,10000,10000,1252.815,229.51,2741.87,0,0,0,1;
custom,house11,default,1.5,1.545,-1.5,0,1,1,1,10000,10000,1255.575,230.875,2704.1,0,0.3826834,0,0.9238796;

custom,house10,default,2.55,1.65,1.5,0,1,1,1,10000,10000,1318.05,264.775,2748.5,0,0.7071068,0,0.7071068;
custom,house10,default,0.9,1.8,1.65,0,1,1,1,10000,10000,1320.525,267.85,2577.5,0,0.7071068,0,0.7071068;

custom,house13,default,1.65,1.875,-1.65,1,0.9,0.9,0.9,10000,10000,1358.25,232,2548.4,0,0.7071068,0,0.7071068;
custom,house11,default,3,1.5,1.5,0,1,1,1,10000,10000,1464,228.775,2636,0,0.7071068,0,0.7071068;


custom,house10,default,2.25,1.65,1.5,0,1,1,1,10000,10000,1409.4,266.5,2747.375,0,0,0,1;
custom,house10,default,2.25,1.65,1.5,0,1,1,1,10000,10000,1544.4,266.5,2747.375,0,0,0,1;
custom,house11,default,1.725,1.575,1.425,0,1,1,1,10000,10000,1743.0675,229.735,2704.058,0,0.982871,0,-0.1842949;
custom,house10,default,3,1.65,1.5,0,1,1,1,10000,10000,1776.975,266.5,2734.7,0,0.3826834,0,0.9238796;
custom,house11,default,3,-1.5,-1.425,0,1,1,1,10000,10000,1916.325,273.775,2484.95,0,0.6858185,0,0.7277727;
custom,house13,default,1.95,1.95,1.95,1,0.9,0.9,0.9,10000,10000,1908.375,232,2258.3,0,-1,0,0;






custom,house10,default,1.8,1.875,1.8,0,1,1,1,10000,10000,1912.8205095,271.75,2230.9794905,0,0.7071068,0,0.7071068;
custom,house11,default,1.8,-1.575,-1.5,0,1,1,1,10000,10000,1877.5705095,276.129775,2050.3794905,0,0.7071068,0,0.7071068;
custom,house10,default,2.16,-1.62,-1.8,0,1,1,1,10000,10000,1849.5641505,264.55,1880,-0.7071068,0,-0.7071068,0;
custom,house14,default,2.7,1.8,-1.95,1,0.8,0.8,0.8,10000,10000,1939.8282645,232,1903.4,0,1,0,0;
custom,house10,default,2.16,-1.62,-1.8,0,1,1,1,10000,10000,1851.5879445,264.55,1931.525828,0.9773422,0,-0.2116652,0;
custom,house10,default,0.75,-1.62,-1.8,0,1,1,1,10000,10000,1806.525,264.55,1874.975,0.9098167,0,-0.4150104,0;
custom,house11,default,1.95,-1.62,-1.8,0,1,1,1,10000,10000,1862.2905,229.143982,1795.556,0.9773422,0,-0.2116652,0;
custom,house10,default,2.16,-1.62,-1.8,0,1,1,1,10000,10000,2008.044,263.974036,1873.88,0.5414154,0,-0.8407552,0;
custom,tower5,default,0.9,1.26,0.9,1,0.7,0.7,0.7,10000,10000,1823.6470095,213.82,1915.3794905,0,1,0,0;
custom,house14,default,1.08,1.44,-1.08,1,0.8,0.8,0.8,10000,10000,1806.3641505,232,1875.205808,0,0.7071068,0,-0.7071068;
custom,house10,default,1.8,1.575,1.2,0,1,1,1,10000,10000,1830.5710095,265.375,1906.2891905,0,0.8701464,0,0.4927933;
custom,house10,default,0.9,1.575,1.2,0,1,1,1,10000,10000,1779.8920095,265.375,1810.0665905,0,0.993162,0,0.1167445;
custom,house10,default,1.2,1.575,1.2,0,1,1,1,10000,10000,1748.4625095,265.375,1824.6282905,0,0.8701464,0,0.4927933;
custom,house11,default,1.5,1.5,-1.2,0,1,1,1,10000,10000,1688.0755095,231.025,1725.1044905,0,0.7071068,0,0.7071068;




custom,house13,default,2.1,1.875,-1.8,1,0.9,0.9,0.9,10000,10000,1664.625,230.02,1647.1794905,0,1,0,0;
custom,house14,default,1.65,1.65,-2.025,1,0.8,0.8,0.8,10000,10000,1605.3205095,235,1534.3794905,0,0.7071068,0,0.7071068;
custom,house10,default,1.95,1.95,1.575,0,1,1,1,10000,10000,1621.0705095,283.42,1500.7419905,0,0.7071068,0,0.7071068;
custom,house10,default,0.75,2.1,1.725,0,1,1,1,10000,10000,1624.0705095,281.38,1375.1544905,0,0.7071068,0,0.7071068;
custom,house12,default,1.95,1.5,1.125,1,0.5,0.5,0.5,10000,10000,1633.0705095,239.5,1343.8794905,0,1,0,0;
custom,tower5,default,1.5,1.5,1.5,1,0.7,0.7,0.7,10000,10000,1687.5205095,202,1329.6294905,0,0.7071068,0,0.7071068;
custom,house11,default,1.5,1.5,-1.5,0,1,1,1,10000,10000,1731.4495095,247,1310.8284905,0,0.3826835,0,0.9238795;


custom,tower5,default,1.5,1.5,1.5,1,0.7,0.7,0.7,10000,10000,1749.3955095,202,1265.8794905,0,0.7071068,0,0.7071068;
custom,house10,default,1.5,1.5,1.5,0,1,1,1,10000,10000,1795.7455095,279.04,1282.6044905,0,0.7071068,0,0.7071068;
custom,house13,default,1.5,1.725,1.5,1,0.9,0.9,0.9,10000,10000,1769.7955095,246.46,1052.3394905,0,1,0,0;
custom,house10,default,0.9,1.725,1.575,0,1,1,1,10000,10000,1796.5705095,281.5,1026.1044905,0,0.7071068,0,0.7071068;








custom,house14,default,1.5,1.5,-1.5,1,0.8,0.8,0.8,10000,10000,1715.1205095,232,2274.9294905,0,1,0,0;
custom,house14,default,1.5,1.5,1.5,1,0.8,0.8,0.8,10000,10000,1715.1205095,232,2218.8294905,0,1,0,0;
customb,house1,default,1.5,0.00015,1.425,1,0.4,0.4,0.4,10000,10000,1718.85,289.6,2251.625,0,0.7071068,0,-0.7071068;

custom,house11,default,1.5,1.5,1.5,0,1,1,1,10000,10000,1744.4455095,231.4,2163.5094905,0,0.7071068,0,0.7071068;

custom,house10,default,1.5,1.575,1.575,0,1,1,1,10000,10000,1768.2955095,264.28,2139.8844905,0,0.7071068,0,0.7071068;
custom,house10,default,1.5,1.6125,1.575,0,1,1,1,10000,10000,1756.0705095,265,2076.6294905,0,0.7071068,0,0.7071068;
custom,house10,default,1.575,1.575,1.2,0,1,1,1,10000,10000,1764.2980095,263.5,1983.6656405,0,0.8701464,0,0.4927933;
custom,house10,default,2.25,1.575,1.2,0,1,1,1,10000,10000,1719.6730095,263.5,1909.3049405,0,0.8701464,0,0.4927933;
custom,house10,default,2.25,1.575,1.2,0,1,1,1,10000,10000,1644.6055095,263.5,1951.8194405,0,0.7071068,0,0.7071068;
custom,house14,default,1.275,1.6125,-1.65,1,0.8,0.8,0.8,10000,10000,1611,232,1926.6294905,0,0.7071068,0,0.7071068;
custom,house12,default,1.6275,1.5,1.5,1,0.5,0.5,0.5,10000,10000,1632,226.9,1925.9,0,0.7071068,0,-0.7071068;
custom,house10,default,2.25,1.575,1.2,0,1,1,1,10000,10000,1644.6055095,263.5,2057.1294905,0,0.7071068,0,0.7071068;
custom,house10,default,1.2,1.575,1.2,0,1,1,1,10000,10000,1683.2095095,263.5,2085.0818405,0,0.8701464,0,0.4927933;
custom,house10,default,3,1.575,1.2,0,1,1,1,10000,10000,1696.8115095,263.5,2032.8962405,0,0.9637439,0,-0.2668289;
custom,house10,default,0.975,1.725,1.425,0,1,1,1,10000,10000,1621.476,266.799895,2075.483,0,0.9637439,0,-0.2668289;

custom,house11,default,1.95,1.5,1.2,0,1,1,1,10000,10000,1518.9745095,231.625,2101.6077905,0,0.8701464,0,0.4927933;
custom,house10,default,0.75,1.575,1.2,0,1,1,1,10000,10000,1511.7700095,263.5,2041.9512905,0,1,0,0;
custom,house10,default,4.5,1.725,1.575,0,1,1,1,10000,10000,1498.0705095,268,2121.6294905,0,0.7071068,0,0.7071068;
custom,house10,default,1.8,1.8,1.95,0,1,1,1,10000,10000,1524,269.2,1973.1294905,0,0.7071068,0,0.7071068;
custom,house11,default,3.15,1.65,1.5,0,1,1,1,10000,10000,1473.7705095,231.25,1709.1294905,0,0.7071068,0,0.7071068;




custom,house10,default,2.25,1.725,1.575,0,1,1,1,10000,10000,1498.0705095,271,1646.1294905,0,0.7071068,0,0.7071068;
custom,house10,default,2.025,1.95,1.575,0,1,1,1,10000,10000,1498.0705095,283.42,1508.8044905,0,0.7071068,0,0.7071068;
custom,house11,default,3.15,1.65,1.5,0,1,1,1,10000,10000,1473.7705095,247,1271.9544905,0,0.7071068,0,0.7071068;

custom,house10,default,1.05,1.725,1.575,0,1,1,1,10000,10000,1497.6085095,284.139685,1193.7264905,0,0.7071068,0,0.7071068;
custom,house14,default,1.5,1.5,-1.5,1,0.8,0.8,0.8,10000,10000,1442.7205095,246.55,1090.6044905,0,1,0,0;
custom,house14,default,1.5,1.5,1.5,1,0.8,0.8,0.8,10000,10000,1442.7205095,246.55,1034.5044905,0,1,0,0;
customb,house1,default,1.5,0.00015,1.425,1,0.4,0.4,0.4,10000,10000,1446.6,304.075,1067.3,0,0.7071068,0,-0.7071068;

custom,house11,default,-0.975,-1.5,-1.5,0,1,1,1,10000,10000,1745.592,245.5,2006,0,0.7071068,0,-0.7071068;




custom,house10,default,0.9,1.725,1.575,0,1,1,1,10000,10000,1494,284.5,1001,0,0.7071068,0,0.7071068;
custom,house14,default,1.5,1.8,-1.2,1,0.8,0.8,0.8,10000,10000,1420.42875,281.7997,1186.1894,0,1,0,0;
custom,house10,default,2.25,1.65,1.5,0,1,1,1,10000,10000,1411.05,281.575,1265.375,0,0.7071068,0,0.7071068;
custom,house10,default,0.75,1.65,1.5,0,1,1,1,10000,10000,1372.26915,281.575,1152.3671,0,0.1832658,0,0.9830634;
custom,house10,default,1.5,1.65,1.5,0,1,1,1,10000,10000,1349.5467,281.575,1329.41975,0,0.4648425,0,0.8853934;
custom,house11,default,3.225,1.65,-1.5,0,1,1,1,10000,10000,1339.4952,246.16,1382.75,0,0.7071068,0,0.7071068;

custom,house10,default,1.5,1.65,1.5,0,1,1,1,10000,10000,1283.67885,281.575,1546.84235,0,0.3344657,0,0.942408;
custom,house13,default,1.65,1.95,-1.95,1,0.9,0.9,0.9,10000,10000,1134.9,245.35,1509.5,0,0.7071068,0,0.7071068;
custom,house10,default,1.65,1.8,-1.95,0,1,1,1,10000,10000,1066.725,285.25,1271,0,0,0,1;
custom,house10,default,3,1.8,-1.95,0,1,1,1,10000,10000,1159.5,285.25,1370.15,0,0.7071068,0,0.7071068;
custom,house10,default,3,1.8,-1.95,0,1,1,1,10000,10000,1175.775,285.25,1190.225,0,0.7071068,0,0.7071068;
custom,house13,default,1.65,2.1,-2.25,1,0.9,0.9,0.9,10000,10000,1306.575,246.7,857.375,0,-0.3599969,0,0.9329535;
custom,house10,default,2.25,1.8,-1.725,0,1,1,1,10000,10000,1294.2,285.1,807.425,0,0,0,1;
custom,house10,default,2.25,1.8,-1.725,0,1,1,1,10000,10000,1485,285.1,807.425,0,0,0,1;
custom,house10,default,1.8,1.5,-1.725,0,1,1,1,10000,10000,1512.75,278.5,977.975,0,0.7071068,0,0.7071068;















custom,house11,default,2.25,1.5,-1.5,0,1,1,1,10000,10000,1730.5705095,247,966.6294905,0,1,0,0;

custom,tower5,default,1.5,1.5,1.5,1,0.7,0.7,0.7,10000,10000,1725,206.5,980,0,0.7071068,0,0.7071068;


custom,house11,default,2.25,1.5,-1.5,0,1,1,1,10000,10000,1520.5705095,247,966.6294905,0,1,0,0;
custom,tower5,default,1.5,1.5,1.5,1,0.7,0.7,0.7,10000,10000,1549.5,206.5,980,0,0.7071068,0,0.7071068;

custom,house10,default,1.95,1.575,1.575,0,1,1,1,10000,10000,1544.625,280.675,990.5,0,0,0,0;



custom,house14,default,1.95,1.8,1.5,1,0.8,0.8,0.8,10000,10000,1427.475,240.1,746,0,0.7071068,0,0.7071068;
custom,house10,default,1.8,1.65,1.5,0,1,1,1,10000,10000,1452.94275,271.34479,729.57395,0,0.7071068,0,0.7071068;
custom,house10,default,1.9875,1.65,1.725,0,1,1,1,10000,10000,1457.025,274.9,625.25,0,0.7071068,0,0.7071068;
custom,house13,default,1.5,1.5,1.5,1,0.9,0.9,0.9,10000,10000,1428,239.5,445.625,0,0,0,0;
custom,house10,default,1.9875,1.65,1.725,0,1,1,1,10000,10000,1455,274,347,0,0.7071068,0,0.7071068;
custom,house11,default,1.875,1.575,1.575,0,1,1,1,10000,10000,1428.375,236.65,150.875,0,0.7071068,0,0.7071068;

custom,house14,default,1.8,1.5,1.5,1,0.8,0.8,0.8,10000,10000,1426.725,239.5,35,0,0.7071068,0,0.7071068;
custom,house10,default,1.05,1.8,1.65,0,1,1,1,10000,10000,1455,275.5,-147.25,0,0.7071068,0,0.7071068;
custom,house10,default,2.25,1.65,1.575,0,1,1,1,10000,10000,1453.5,274,-196,0,0.7071068,0,0.7071068;
custom,house11,default,1.8,1.575,-1.5,0,1,1,1,10000,10000,1378.8,238.75,-335.125,0,0,0,1;

custom,house10,default,0.75,1.8,1.65,0,1,1,1,10000,10000,1271.25,277.75,-304,0,0,0,1;
custom,house11,default,2.025,-1.575,1.5,0,1,1,1,10000,10000,1221.9,284.5,-329.95,0,0,0,1;
custom,house10,default,2.25,1.8,1.65,0,1,1,1,10000,10000,1003.5,277.75,-304,0,0,0,1;
custom,tower5,default,1.5,1.5,1.5,1,0.7,0.7,0.7,10000,10000,1015.5,202,-316.75,0,0.7071068,0,0.7071068;
custom,house12,default,2.25,1.5,1.5,1,0.5,0.5,0.5,10000,10000,1057.05,238.75,-463.75,0,0.7071068,0,0.7071068;
custom,house13,default,1.65,1.65,1.65,1,0.9,0.9,0.9,10000,10000,1057.5,238.375,-559.6,0,0,0,1;
custom,house10,default,1.65,1.65,1.65,0,1,1,1,10000,10000,1085.85,273.1,-675.85,0,0.7071068,0,0.7071068;
custom,house14,default,1.95,1.8,-1.65,1,0.8,0.8,0.8,10000,10000,1023.375,239.5,-799,0,0,0,1;
custom,house14,default,1.95,1.8,-1.65,1,0.8,0.8,0.8,10000,10000,435,239.5,-799,0,0,0,1;
custom,house10,default,1.8,1.65,1.5,0,1,1,1,10000,10000,241.725,271.9,-770.2,0,0,0,1;
custom,house11,default,1.8,1.575,-1.425,0,1,1,1,10000,10000,210.45,236.35,-798.475,0,0,0,1;

custom,house10,default,1.8,1.65,1.5,0,1,1,1,10000,10000,30,271.9,-770.2,0,0,0,1;
custom,house13,default,1.8,1.8,1.65,1,0.9,0.9,0.9,10000,10000,32.4,236.425,-839.5,0,0.7071068,0,0.7071068;
custom,house11,default,1.8,1.575,-1.425,0,1,1,1,10000,10000,-155.325,235.15,-843.175,0,0,0,1;

custom,house10,default,1.8,1.65,1.5,0,1,1,1,10000,10000,-191.475,274,-736,0,0.7071068,0,0.7071068;
custom,house14,default,1.95,1.5,-1.5,1,0.8,0.8,0.8,10000,10000,-216.39,238.525,-692.125,0,0.7071068,0,0.7071068;
custom,house10,default,1.8,1.65,1.5,0,1,1,1,10000,10000,-191.475,274,-499,0,0.7071068,0,0.7071068;
custom,house10,default,1.95,1.65,1.5,0,1,1,1,10000,10000,-233.1,274,-522.625,0,0,0,1;
custom,house11,default,2.7,-1.5,1.425,0,1,1,1,10000,10000,-13.5,281.5,-545.5,0,0,0,1;
custom,house14,default,1.8,1.5,-1.5,1,0.8,0.8,0.8,10000,10000,84,238.525,-516.85,0,0.7071068,0,0.7071068;
custom,house11,default,2.7,-1.5,1.425,0,1,1,1,10000,10000,84.675,281.35,-378.025,0,0.7071068,0,0.7071068;
custom,house10,default,2.25,2.25,2.25,0,1,1,1,10000,10000,110.4,265.15,-139,0,0.7071068,0,0.7071068;



//custom,house10,default,1.2,1.2,1.1,0,1,1,1,10000,10000,1057.5,80.67002,-160.75,0,0.7071068,0,0.7071068;
custom,house11,default,3.45,-2.4,-1.5,0,1,1,1,10000,10000,1539.3,306.925,579.725,0,0.7071068,0,0.7071068;
custom,house14,default,1.95,1.8,-1.5,1,0.8,0.8,0.8,10000,10000,1538.55,240.1,746,0,0.7071068,0,0.7071068;
custom,house14,default,2.4,1.875,-1.65,1,0.8,0.8,0.8,10000,10000,1544.7,239.5,404,0,0.7071068,0,0.7071068;
custom,house10,default,1.65,1.875,1.65,0,1,1,1,10000,10000,1576.5,279.4,351.5,0,0.7071068,0,0.7071068;
custom,house11,default,2.25,1.8,-1.5,0,1,1,1,10000,10000,1544.25,237.7,168.65,0,0.7071068,0,0.7071068;

custom,house10,default,1.65,1.875,1.65,0,1,1,1,10000,10000,1575,278.425,122,0,0.7071068,0,0.7071068;
custom,house13,default,2.4,2.1,1.875,1,0.9,0.9,0.9,10000,10000,1531.5,239.8,-38.125,0,0,0,1;
custom,house14,default,2.325,1.725,-1.95,1,0.8,0.8,0.8,10000,10000,1525.2,239.32,-377.5,0,0.7071068,0,0.7071068;
custom,house10,default,2.55,1.875,1.65,0,1,1,1,10000,10000,1332,279.475,-428.05,0,0,0,1;
custom,house14,default,2.325,1.725,1.95,1,0.8,0.8,0.8,10000,10000,1305,239.125,-460.9,0,0,0,1;
custom,house10,default,2.55,1.875,1.65,0,1,1,1,10000,10000,1132.395,279.4,-586.75,0,-0.3826834,0,0.9238796;
custom,house10,default,2.55,1.875,1.65,0,1,1,1,10000,10000,1208.379,279.4,-538.9525,0,0.7071068,0,0.7071068;
custom,house13,default,2.4,2.1,-1.875,1,0.9,0.9,0.9,10000,10000,1180.05,239.45503,-875.05,0,0,0,1;
custom,house10,default,2.25,2.25,1.5,0,1,1,1,10000,10000,1050,287.5,-902.05,0,0,0,1;
custom,house11,default,3,-2.55,1.35,0,1,1,1,10000,10000,988.875,310.45,-930.175,0,0,0,1;
custom,house10,default,2.25,2.25,1.5,0,1,1,1,10000,10000,739.5,287.5,-902.05,0,0,0,1;
custom,house14,default,1.95,2.4,1.5,1,0.8,0.8,0.8,10000,10000,737.4,239.05,-971.2,0,0.7071068,0,0.7071068;
custom,house14,default,1.95,2.4,-1.5,1,0.8,0.8,0.8,10000,10000,681.3,239.05,-971.2,0,0.7071068,0,0.7071068;
customb,house1,default,1.5,0.0015,1.875,1,0.4,0.4,0.4,10000,10000,705.075,331,-966.775,0,1,0,0;
custom,house11,default,3,-2.55,1.35,0,1,1,1,10000,10000,570,310.72,-930.175,0,0,0,1;
custom,house10,default,1.5,2.55,2.25,0,1,1,1,10000,10000,388.35,294.25,-886.525,0,0,0,1;
custom,house13,default,1.65,1.8,-1.65,1,0.9,0.9,0.9,10000,10000,305.625,239.65,-924.1,0,0.7071068,0,0.7071068;
custom,house10,default,1.5,2.1,2.25,0,1,1,1,10000,10000,159.225,284.425,-942.325,0,0,0,1;
custom,house11,default,1.95,1.95,1.8,0,1,1,1,10000,10000,120.525,237.85,-978.175,0,0,0,1;

custom,house14,default,1.95,1.95,1.8,1,0.8,0.8,0.8,10000,10000,-4.5,239.5,-985.75,0,0,0,1;
custom,house10,default,1.95,2.025,1.65,0,1,1,1,10000,10000,-210,283,-957.925,0,0,0,1;
custom,house10,default,3,2.025,1.65,0,1,1,1,10000,10000,-402.075,283,-957.925,0,0,0,1;
custom,house13,default,1.8,1.95,1.8,1,0.9,0.9,0.9,10000,10000,-351.375,239.725,-825.55,0,0,0,1;
custom,house10,default,3,2.025,1.65,0,1,1,1,10000,10000,-323.55,283,-566.2,0,0.7071068,0,0.7071068;
custom,house11,default,1.8,1.875,1.575,0,1,1,1,10000,10000,-348.6,236.5,-551.125,0,0.7071068,0,0.7071068;

custom,house10,default,1.05,2.025,1.65,0,1,1,1,10000,10000,-323.55,283,-424,0,0.7071068,0,0.7071068;
custom,house14,default,1.8,1.875,1.875,1,0.8,0.8,0.8,10000,10000,-348,239.35,-401.5,0,0.7071068,0,0.7071068;







custom,house10,default,3,2.25,-2.25,0,1,1,1,10000,10000,-177,280.6,-82,0,0.7071068,0,0.7071068;
custom,house10,default,1.5,1.95,-1.5,0,1,1,1,10000,10000,-114.9,274,-281.575,0,0.7071068,0,0.7071068;
custom,house10,default,0.9,1.95,-1.5,0,1,1,1,10000,10000,-147.16542,274,-296.96515,0,0.3262284,0,0.945291;
custom,house10,default,-0.9,-1.95,1.5,0,1,1,1,10000,10000,-147.16542,274,-390.775,0.3262284,0,-0.945291,0;
custom,house10,default,1.05,1.95,1.5,0,1,1,1,10000,10000,-184.4961,274,-374.20495,0,0,0,1;
custom,house10,default,2.25,-1.95,-1.5,0,1,1,1,10000,10000,-147.16542,274,-266.5,0.7071068,0,-0.7071068,0;
custom,house13,default,1.8,1.95,1.8,1,0.9,0.9,0.9,10000,10000,-170.1,231.925,-144.775,0,0,0,1;
custom,house11,default,1.8,-1.575,1.2,0,1,1,1,10000,10000,-186,238.75,-47.5,0.7071068,0,-0.7071068,0;

custom,house10,default,1.05,1.95,1.65,0,1,1,1,10000,10000,-152.25,270.88,80.9,0,0.7071068,0,0.7071068;
custom,house14,default,1.8,1.875,-1.875,1,0.8,0.8,0.8,10000,10000,-177.675,226.75,129.875,0,0.7071068,0,0.7071068;
custom,house13,default,1.8,1.95,1.8,1,0.9,0.9,0.9,10000,10000,-168.825,229.375,338.15,0,0,0,1;
custom,house10,default,1.8,1.95,1.65,0,1,1,1,10000,10000,-141.225,269.875,511.85,0,0.7071068,0,0.7071068;
custom,house11,default,2.55,1.875,-1.5,0,1,1,1,10000,10000,-167.25,279.25,564.93005,0.7071068,0,-0.7071068,0;
custom,house10,default,2.1,1.95,1.65,0,1,1,1,10000,10000,-141.225,269.875,791,0,0.7071068,0,0.7071068;
custom,house10,default,1.5,1.8,1.65,0,1,1,1,10000,10000,-141.225,266.5,874.1,0,0.7071068,0,0.7071068;
custom,house13,default,1.8,1.9875,-1.65,1,0.9,0.9,0.9,10000,10000,-168.825,239.95,897.5,0,0,0,1;
custom,house10,default,2.1,1.8,1.65,0,1,1,1,10000,10000,-320.25,267.25,1024.325,0,0,0,1;
custom,house11,default,1.8,1.425,-4.5,0,1,1,1,10000,10000,-242.25,238.45,896,0,0,0,1;

custom,cuboid,house9mat2,6,1.5,0.45,1,0.3,0.3,0.3,1,0.25,-223.5,243.85,840.5,0,0,0,0;
custom,cuboid,house9mat2,3,1.5,0.45,1,0.3,0.3,0.3,0.5,0.25,-280.5,243.85,840.5,0,0,0,0;
custom,cuboid,house9mat2,4.5,1.5,0.45,1,0.3,0.3,0.3,0.75,0.25,-206.85,245.575,863.6,0,0.7071068,0,0.7071068;



custom,house10,default,2.1,1.8,1.65,0,1,1,1,10000,10000,-298.125,263.35,1116.05,0,0.3668261,0,0.9302895;
custom,house10,default,2.1,1.875,1.725,0,1,1,1,10000,10000,-273.225,267.25,929.6,0,0.7071068,0,0.7071068;
custom,house10,default,2.1,1.8,1.65,0,1,1,1,10000,10000,-274.725,267.25,1055.6,0,0.7071068,0,0.7071068;
custom,house11,default,2.25,1.5,-1.5,0,1,1,1,10000,10000,-305.1,238.78,1096.025,0,0.7071068,0,0.7071068;

custom,house14,default,1.8,1.6875,-1.875,1,0.8,0.8,0.8,10000,10000,-292.425,228.25,1224.275,0,0.7071068,0,0.7071068;
custom,house10,default,2.1,1.8,1.65,0,1,1,1,10000,10000,-267,267.25,1434.5,0,0.7071068,0,0.7071068;
custom,house13,default,1.8,1.95,1.65,1,0.9,0.9,0.9,10000,10000,-295.425,228.775,1545.575,0,0,0,1;
custom,house14,default,1.8,1.8,-1.875,1,0.8,0.8,0.8,10000,10000,-294,239.5,1644.5,0,0.7071068,0,0.7071068;
custom,house10,default,2.1,1.8,1.65,0,1,1,1,10000,10000,-266.25,267.25,1991,0,0.7071068,0,0.7071068;
custom,house13,default,1.95,2.175,-1.65,1,0.9,0.9,0.9,10000,10000,-327,239.5,2007.2,0,0,0,1;
custom,house4,default,1.2,1.2,1.2,1,0.5,0.5,0.5,10000,10000,-298.05,231.85,1805.75,0,-0.7071068,0,0.7071068;


custom,house10,default,1.875,2.025,1.65,0,1,1,1,10000,10000,-321.75,283,-206.5,0,0.7071068,0,0.7071068;
custom,house11,default,2.25,-2.025,1.5,0,1,1,1,10000,10000,-349.8,283.9,-166.9,0,0.7071068,0,0.7071068;
custom,house10,default,1.875,2.025,1.65,0,1,1,1,10000,10000,-323.55,283,35,0,0.7071068,0,0.7071068;
custom,house13,default,2.25,2.25,-2.25,1,0.9,0.9,0.9,10000,10000,-340.5,239.815165,54.725,0,0,0,1;
custom,house10,default,1.875,2.025,1.65,0,1,1,1,10000,10000,-310.5,283,373.325,0,0.7071068,0,0.7071068;
custom,house14,default,1.8,1.875,1.875,1,0.8,0.8,0.8,10000,10000,-332.4,239.35,412.325,0,0.7071068,0,0.7071068;
custom,house11,default,2.25,1.8,1.5,0,1,1,1,10000,10000,-324,238.12,537.8,0,0.7071068,0,0.7071068;


custom,house10,default,1.2,1.95,1.8,0,1,1,1,10000,10000,-293.175,280.45,690.05,0,0.7071068,0,0.7071068;
custom,house10,default,2.25,1.95,1.65,0,1,1,1,10000,10000,-477.165,280.45,697.37,0,0,0,1;
custom,house11,default,2.1,1.95,1.8,0,1,1,1,10000,10000,-445.125,237.4,737.375,0,0.7071068,0,0.7071068;


custom,house14,default,1.8,1.875,1.875,1,0.8,0.8,0.8,10000,10000,-442.35,238.075,860.3,0,0.7071068,0,0.7071068;
custom,house10,default,2.25,1.95,1.65,0,1,1,1,10000,10000,-426.225,279.85,1082.375,0,0.7071068,0,0.7071068;
custom,house10,default,2.55,2.1,1.95,0,1,1,1,10000,10000,-415.275,283.075,1238.675,0,0.7071068,0,0.7071068;
custom,house13,default,2.25,2.25,2.25,1,0.9,0.9,0.9,10000,10000,-456.45,238.3,1393.625,0,0,0,1;
custom,house10,default,2.25,1.95,1.8,0,1,1,1,10000,10000,-416.175,279.7,1609.85,0,0.7071068,0,0.7071068;
custom,house10,default,2.25,1.95,1.8,0,1,1,1,10000,10000,-416.175,279.7,1744.8125,0,0.7071068,0,0.7071068;
custom,house11,default,2.1,-1.95,1.575,0,1,1,1,10000,10000,-442.725,292,1779.575,0,0.7071068,0,0.7071068;
custom,house10,default,2.1,1.95,1.65,0,1,1,1,10000,10000,-417.75,279.7,1991,0,0.7071068,0,0.7071068;
custom,house10,default,2.1,1.95,1.65,0,1,1,1,10000,10000,-310.31385,279.7,2024.699,0,0.9443764,0,0.3288666;










































custom,house10,default,1.5,1.5,1.5,0,1,1,1,10000,10000,-56.25,253,1948.25,0,0.7071068,0,0.7071068;
custom,house10,default,1.5,1.5,1.5,0,1,1,1,10000,10000,-56.25,253,1858.25,0,0.7071068,0,0.7071068;
custom,house10,default,1.5,1.5,1.5,0,1,1,1,10000,10000,-15,253,1948.25,0,0.7071068,0,0.7071068;
custom,house10,default,1.5,1.5,1.5,0,1,1,1,10000,10000,-15,253,1858.25,0,0.7071068,0,0.7071068;
custom,house10,default,1.5,1.5,1.5,0,1,1,1,10000,10000,368.4,253,1962.5,0,0,0,0;
custom,house10,default,1.5,1.5,1.5,0,1,1,1,10000,10000,278.4,253,1962.5,0,0,0,0;
custom,house10,default,1.5,1.5,1.5,0,1,1,1,10000,10000,188.4,253,1962.5,0,0,0,0;
custom,house10,default,1.5,1.5,1.5,0,1,1,1,10000,10000,98.4,253,1962.5,0,0,0,0;
custom,house10,default,1.5,1.5,1.5,0,1,1,1,10000,10000,8.4,253,1962.5,0,0,0,0;
custom,house10,default,2.25,1.5,1.5,0,1,1,1,10000,10000,-135.225,253,1962.5,0,0,0,0;
custom,house10,default,3,1.5,1.5,0,1,1,1,10000,10000,251.4909,253,1922.8085,0,0.9890895,0,0.1473155;
custom,house10,default,3,1.5,1.5,0,1,1,1,10000,10000,119.595795,253,1909.9385,0,0.8828547,0,0.4696462;
custom,house10,default,2.025,1.5,1.5,0,1,1,1,10000,10000,-130.5,253,1774.0295,0,0,0,1;
custom,house13,default,1.5,1.5,1.5,1,0.9,0.9,0.9,10000,10000,-82.5,220,1688,0,0,0,0;
custom,house13,default,1.5,1.5,-1.5,1,0.9,0.9,0.9,10000,10000,-8.55,220,1602.5,0,0,0,1;
custom,house10,default,1.5,1.5,1.5,0,1,1,1,10000,10000,-56.25,253,1511,0,0.7071068,0,0.7071068;
custom,house10,default,1.5,1.5,1.5,0,1,1,1,10000,10000,-56.25,253,1421,0,0.7071068,0,0.7071068;
custom,house10,default,1.5,1.5,1.5,0,1,1,1,10000,10000,-56.25,253,1331,0,0.7071068,0,0.7071068;
custom,house10,default,1.5,1.5,1.5,0,1,1,1,10000,10000,21,253,1476.5,0,0.7071068,0,0.7071068;
custom,house10,default,1.5,1.5,1.5,0,1,1,1,10000,10000,-19.5,253,1332.5,0,0.7071068,0,0.7071068;
custom,house10,default,1.5,1.5,1.5,0,1,1,1,10000,10000,-48.225,253,1491.05,0,0,0,1;
custom,cuboid,house9mat2,10.5,1.5,15,1,0.3,0.3,0.3,0.7,1,8.175,245.725,1860.725,0,0.2617185,0,0.9651443;
custom,cuboid,stone4,13.5,1.5,45,1,0.35,0.35,0.35,4.5,15,-52.5,213.85,1526,0,0,0,0;
custom,cuboid,stone4,4.5,1.5,15,1,0.35,0.35,0.35,1.5,5,37.5,213.85,1511,0,0,0,1;
custom,cuboid,stone4,4.5,1.5,9,1,0.35,0.35,0.35,1.5,3,82.5,213.85,1481,0,0,0,1;



custom,house13,default,1.5,1.5,-1.5,1,0.9,0.9,0.9,10000,10000,336.3,230.35,67.625,0,0.7071068,0,0.7071068;
custom,house10,default,1.5,1.5,1.5,0,1,1,1,10000,10000,661.725,250,68,0,1,0,0;
custom,house10,default,1.5,1.5,1.5,0,1,1,1,10000,10000,660,250,116,0,0.7071068,0,0.7071068;
custom,house10,default,1.5,1.5,1.5,0,1,1,1,10000,10000,660,250,26,0,0.7071068,0,0.7071068;
custom,house10,default,1.5,1.5,1.5,0,1,1,1,10000,10000,660,250,-64,0,0.7071068,0,0.7071068;
custom,house10,default,1.5,1.5,1.5,0,1,1,1,10000,10000,660,250,-154,0,0.7071068,0,0.7071068;
custom,house10,default,1.5,1.5,1.5,0,1,1,1,10000,10000,660,250,-244,0,0.7071068,0,0.7071068;
custom,house10,default,1.5,1.5,1.5,0,1,1,1,10000,10000,660,250,-334,0,0.7071068,0,0.7071068;
custom,house14,default,1.5,1.5,1.5,1,0.8,0.8,0.8,10000,10000,632.85,219.925,-83.8,0,-0.7071068,0,0.7071068;
custom,house4,default,1.5,1.35,-1.5,1,0.5,0.5,0.5,10000,10000,570,229.825,29.465675,0,0.3599969,0,0.9329535;
custom,cuboid,house9mat2,30,1.5,10.5,1,0.3,0.3,0.3,2,0.7,480,222.625,48.5,0,0,0,0;
custom,cuboid,house9mat2,10.5,1.5,4.5,1,0.3,0.3,0.3,0.7,0.3,577.5,222.625,-26.5,0,0,0,1;
custom,cuboid,house9mat2,7.5,1.5,6,1,0.3,0.3,0.3,0.5,0.4,592.5,222.625,-79,0,0,0,1;
custom,cuboid,house9mat2,3,1.5,3,1,0.3,0.3,0.3,0.2,0.2,615,222.625,-124,0,0,0,1;



custom,house10,default,1.5,1.5,1.5,0,1,1,1,10000,10000,660,250,206,0,0.7071068,0,0.7071068;
custom,house10,default,1.5,1.5,1.5,0,1,1,1,10000,10000,660,250,371,0,0.7071068,0,0.7071068;

custom,house14,default,3,2.25,2.25,1,0.8,0.8,0.8,10000,10000,696.75,194.5,586.25,0,0.7071068,0,-0.7071068;
custom,house10,default,2.25,1.875,2.25,0,1,1,1,10000,10000,672.825,233.8,1029.05,0,-0.7071068,0,0.7071068;
custom,house10,default,2.25,1.875,2.25,0,1,1,1,10000,10000,672.825,233.8,894.05,0,-0.7071068,0,0.7071068;

custom,house14,default,1.5,1.2,1.5,1,0.8,0.8,0.8,10000,10000,487.05,215.8,1038.35,0,0,0,1;
custom,house14,default,1.5,1.2,-1.5,1,0.8,0.8,0.8,10000,10000,487.05,215.8,982.25,0,0,0,1;
customb,house1,default,1.5,0.0015,1.425,1,0.4,0.4,0.4,10000,10000,490.5,261.7,1015.025,0,0.7071068,0,-0.7071068;

custom,house13,default,1.5,1.5,1.5,1,0.9,0.9,0.9,10000,10000,489,224.65,715.25,0,-1,0,0;
custom,cuboid,house9mat2,10.5,1.5,30,1,0.3,0.3,0.3,0.7,2,480,217.15,836,0,0,0,0;


custom,cuboid,stone4,18,1.5,30,1,0.35,0.35,0.35,6,10,315,212.65,536,0,0,0,0;
custom,cuboid,stone4,4.5,1.5,7.5,1,0.35,0.35,0.35,1.5,2.5,427.5,212.65,648.5,0,0,0,0;
custom,house10,default,1.35,1.5,1.5,0,1,1,1,10000,10000,364.5,251.95,503,0,0.7071068,0,0.7071068;
custom,house10,default,-1.5,1.5,1.5,0,1,1,1,10000,10000,390,251.95,566,0,0.7071068,0,0.7071068;
custom,house10,default,-1.5,1.5,1.5,0,1,1,1,10000,10000,375.46125,251.95,672.62,0,0,0,1;
custom,house10,default,-1.35,1.5,1.5,0,1,1,1,10000,10000,430.5,227.5,573.5,0,0.7071068,0,0.7071068;
custom,house11,default,1.8,-1.5,1.5,0,1,1,1,10000,10000,284.175,232.975,408.875,0,0,0,1;
custom,cuboid,house9mat2,15,1.5,3,1,0.35,0.35,0.35,2,0.4,304.5213,213.1,413.35415,0,0,0,1;
custom,cuboid,house9mat2,3,3,3,1,0.35,0.35,0.35,0.4,0.4,257.21595,217,413.10365,0,0,0,1;
custom,tower5,default,1.5,1.5,1.5,1,0.7,0.7,0.7,10000,10000,307.5,197.8,588.5,0,0.3599969,0,0.9329535;







custom,house13,default,1.5,1.2,1.5,1,0.9,0.9,0.9,10000,10000,-127.2,273.25,2343.5,0,-0.7071068,0,0.7071068;
custom,house10,default,2.25,1.8,2.4,0,1,1,1,10000,10000,-30,274.57,2385.5,0,0,0,1;
custom,house10,default,2.25,1.8,2.4,0,1,1,1,10000,10000,105,274.57,2385.5,0,0,0,1;
custom,house10,default,2.25,1.8,2.4,0,1,1,1,10000,10000,240,274.57,2385.5,0,0,0,1;
custom,house13,default,1.5,1.2,1.5,1,0.9,0.9,0.9,10000,10000,438.375,273.25,2354,0,-0.7071068,0,0.7071068;
custom,cuboid,stone4,4.5,1.5,1.5,1,0.35,0.35,0.35,1.5,0.5,-150,280.3,2313.5,0,0,0,0;
custom,cuboid,stone4,91.5,1.5,10.5,1,0.35,0.35,0.35,30.5,3.5,337.5,265.525,2351,0,0,0,0;
custom,cuboid,stone4,30,1.5,30,1,0.35,0.35,0.35,10,10,945,265.525,2448.5,0,0,0,0;
custom,house10,default,1.5,1.5,1.5,0,1,1,1,10000,10000,1098.525,290.05,2457.05,0,0.7071068,0,0.7071068;
custom,house11,default,2.25,1.5,1.5,0,1,1,1,10000,10000,825.75,271.9,2531,0,-0.7071068,0,-0.7071068;

custom,house10,default,0.75,1.65,1.65,0,1,1,1,10000,10000,850.725,307.225,2490.5,0,-0.7071068,0,-0.7071068;
custom,house12,default,1.8,1.5,1.5,1,0.5,0.5,0.5,10000,10000,922.5,257.5,2516,0,0,0,0;
custom,house12,default,1.8,1.5,1.5,1,0.5,0.5,0.5,10000,10000,977.25,257.5,2396,0,0,0,0;
custom,tower5,default,1.5,1.5,1.5,1,0.7,0.7,0.7,10000,10000,900,250.75,2351,0,0,0,0;




custom,house13,default,1.8,1.5,2.1,1,0.9,0.9,0.9,10000,10000,1695,273.25,2021,0,1,0,0;
custom,house10,default,3.825,1.5,1.425,0,1,1,1,10000,10000,1627.05,260.5,1796,0,0.7071068,0,-0.7071068;
custom,house12,default,1.8,1.05,1.5,1,0.5,0.5,0.5,10000,10000,1688.412,247,1940.4395,0,-0.5094809,0,0.860482;
custom,house11,default,1.5,1.35,1.5,0,1,1,1,10000,10000,1424.1,269.5,1166,0,-1,0,0;

custom,house10,default,2.25,1.65,2.25,0,1,1,1,10000,10000,1390.5,292.75,1175,0,0.7071068,0,-0.7071068;
custom,house10,default,2.25,1.65,2.25,0,1,1,1,10000,10000,1390.5,292.75,1310,0,0.7071068,0,-0.7071068;
custom,house10,default,2.25,1.65,2.25,0,1,1,1,10000,10000,1390.5,292.75,1445,0,0.7071068,0,-0.7071068;
custom,house12,default,1.5,1.5,1.5,1,0.5,0.5,0.5,10000,10000,1149.9,257.125,1578.5,0,0,0,-1;
custom,house12,default,-2.25,1.5,1.5,1,0.5,0.5,0.5,10000,10000,1254.9,257.125,1578.5,0,0,0,-1;
custom,elevator1,default,1.5,-3,3,0,1,1,1,10000,10000,1116.75,307,1648.25,0,0,0,-1;
custom,elevator1,default,1.5,-3,3,0,1,1,1,10000,10000,1417.5,307,1648.25,0,0,0,-1;
custom,house10,default,2.25,1.5,1.5,0,1,1,1,10000,10000,1309.05,305.05,1653.5,0,0.7071068,0,-0.7071068;
custom,house10,default,2.25,1.5,1.5,0,1,1,1,10000,10000,1167.3,305.05,1731.275,0,0,0,1;
custom,house13,default,1.5,1.5,1.8,1,0.9,0.9,0.9,10000,10000,1429.5,272.95,1735.25,0,1,0,0;
custom,house4,default,1.5,1.2,1.5,1,0.5,0.5,0.5,10000,10000,1466.7,272.875,2141,0,-0.7071068,0,0.7071068;
custom,house13,default,1.5,1.35,1.5,1,0.9,0.9,0.9,10000,10000,1667.025,272.5,2322.425,0,0.7071068,0,0.7071068;
custom,house12,default,1.5,1.5,1.5,1,0.5,0.5,0.5,10000,10000,1581.75,256,2246,0,0,0,1;
custom,house10,default,1.5,1.5,1.5,0,0.5,0.5,0.5,10000,10000,1155.15,284.5,2407.025,0,0,0,0;
custom,house11,default,1.65,0.9,-1.2,0,1,1,1,10000,10000,1311,272.05,2378.75,0,0,0,1;
custom,house10,default,0.75,1.5,1.5,0,1,1,1,10000,10000,1348.5,284.5,2407.025,0,0,0,0;
custom,house11,default,1.65,0.9,-1.2,0,1,1,1,10000,10000,1443,272.05,2378.75,0,0,0,1;
custom,house10,default,0.75,1.5,1.5,0,1,1,1,10000,10000,1480.5,284.5,2407.025,0,0,0,0;
custom,house12,default,1.5,1.5,1.5,1,0.5,0.5,0.5,10000,10000,1413,256,2290.25,0,0,0,0;

custom,cuboid,house9mat2,16.5,1.5,10.5,1,0.3,0.3,0.3,1.1,0.7,1177.5,265.525,2336,0,0,0,1;
custom,cuboid,house9mat2,6,1.5,15,1,0.3,0.3,0.3,0.4,1,1290,265.525,2313.5,0,0,0,1;
custom,cuboid,house9mat2,40.5,1.5,24,1,0.3,0.3,0.3,2.7,1.6,1522.5,265.525,2283.5,0,0,0,1;
custom,cuboid,house9mat2,27,1.5,3,1,0.3,0.3,0.3,1.8,0.2,1597.5,265.525,2148.5,0,0,0,0;

custom,cuboid,house9mat2,3,1.5,6,1,0.3,0.3,0.3,0.2,0.4,1477.5,265.525,2103.5,0,0,0,1;
custom,cuboid,house9mat2,3,1.5,4.5,1,0.3,0.3,0.3,0.2,0.3,1507.5,265.525,2111,0,0,0,1;
custom,cuboid,house9mat2,9,1.5,4.5,1,0.3,0.3,0.3,0.6,0.3,1657.5,265.525,2111,0,0,0,1;
custom,cuboid,house9mat2,9,1.5,13.5,1,0.3,0.3,0.3,0.6,0.9,1680,265.525,2471,0,0,0,1;

custom,cuboid,house9mat2,4.5,1.5,9,1,0.3,0.3,0.3,0.3,0.6,1747.5,265.525,2478.5,0,0,0,1;
custom,cuboid,house9mat2,10.5,1.5,90,1,0.3,0.3,0.3,0.7,6,1410,265.525,1713.5,0,0,0,1;
custom,cuboid,house9mat2,7.5,1.5,15,1,0.3,0.3,0.3,0.5,1,1425,265.525,1188.5,0,0,0,1;

custom,cuboid,house9mat2,4.5,1.5,36,1,0.3,0.3,0.3,0.3,2.4,1335,265.525,1653.5,0,0,0,1;
custom,cuboid,house9mat2,22.5,1.5,24,1,0.3,0.3,0.3,1.5,1.6,1200,265.525,1608.5,0,0,0,1;
custom,cuboid,house9mat2,6,1.5,4.5,1,0.3,0.3,0.3,0.4,0.3,1282.5,265.525,1751,0,0,0,0;


custom,cuboid,stone4,30,1.5,19.5,1,0.35,0.35,0.35,10,6.5,757.5,220.75,-521.5,0,0,0,0;
custom,house13,default,1.5,1.2,-1.5,1,0.9,0.9,0.9,0,10000,729.75,227.5,-577,0,0.7071068,0,0.7071068;
custom,house11,default,1.35,1.05,1.2,0,1,1,1,10000,10000,775.725,227.275,-458.5,0,-0.7071068,0,0.7071068;
custom,house10,default,0.75,1.125,1.275,0,1,1,1,10000,10000,756,251.635,-541.12,0,-0.7071068,0,0.7071068;
custom,house11,default,1.35,1.05,-1.2,0,1,1,1,10000,10000,826.725,227.5,-508.75,0,0,0,1;
custom,house10,default,1.95,1.125,1.275,0,1,1,1,10000,10000,850.875,251.635,-557.425,0,-0.7071068,0,0.7071068;
custom,tower5,default,1.5,1.5,1.5,1,0.7,0.7,0.7,10000,10000,645,203.125,-454,0,0,0,0;
custom,house10,default,2.25,1.5,1.5,0,1,1,1,10000,10000,731.775,250,-398.2,0,0,0,1;
custom,house10,default,1.5,1.5,2.25,0,1,1,1,10000,10000,764.175,240.4,-428.5,0,0,0,1;




custom,house10,default,1.5,1.5,1.5,0,1,1,1,10000,10000,45,245.8,647,0,0.7071068,0,-0.7071068;
custom,house10,default,1.5,1.5,1.5,0,1,1,1,10000,10000,45,245.8,557,0,0.7071068,0,-0.7071068;
custom,house10,default,1.5,1.5,1.5,0,1,1,1,10000,10000,45,245.8,467,0,0.7071068,0,-0.7071068;
custom,house10,default,1.5,1.5,1.5,0,1,1,1,10000,10000,45,245.8,377,0,0.7071068,0,-0.7071068;
custom,cuboid,house9mat2,4.5,1.5,7.5,1,0.3,0.3,0.3,0.3,0.5,67.5,226,363.5,0,0,0,0;
custom,house13,default,1.5,1.5,1.5,1,0.9,0.9,0.9,10000,10000,71.25,233.8,209.675,0,1,0,0;


custom,cuboid,house9mat2,18,4.5,10.5,1,0.3,0.3,0.3,1.2,0.7,187.5,204.7,858.5,0,0,0,0;
custom,cuboid,house9mat2,15,4.5,4.5,1,0.3,0.3,0.3,1,0.3,202.5,204.7,933.5,0,0,0,0;
custom,cuboid,house9mat2,10.5,4.5,7.5,1,0.3,0.3,0.3,0.7,0.5,225,204.7,993.5,0,0,0,0;
custom,cuboid,house9mat2,3,4.5,3,1,0.3,0.3,0.3,0.2,0.2,232.5,204.7,1046,0,0,0,0;

custom,house13,default,1.5,1.35,-1.5,1,0.9,0.9,0.9,10000,10000,253.5,227.5,978.5,0,0,0,0;
custom,house11,default,1.2,0.975,1.2,0,1,1,1,10000,10000,254.25,224.575,818.15,0,0,0,0;
custom,house10,default,0.75,1.05,1.275,0,1,1,1,10000,10000,167.175,247.075,837.425,0,0,0,0;
custom,house11,default,1.2,0.975,1.2,0,1,1,1,10000,10000,149.25,224.575,818.15,0,0,0,0;
custom,house10,default,0.75,1.05,1.275,0,1,1,1,10000,10000,75.675,247.075,837.425,0,0,0,0;
custom,house12,default,1.2,1.2,1.2,1,0.5,0.5,0.5,10000,10000,172.5,214.6,918.5,0,0.9336525,0,0.3581803;


custom,house10,default,2.25,2.25,2.25,0,1,1,1,10000,10000,-210,284.5,-854.5,0,0.7071068,0,-0.7071068;
custom,house10,default,2.25,2.25,2.25,0,1,1,1,10000,10000,-210,284.5,-719.5,0,0.7071068,0,-0.7071068;


custom,house10,default,2.25,2.25,2.25,0,1,1,1,10000,10000,-142.5,284.5,-854.5,0,0.7071068,0,-0.7071068;
custom,house10,default,2.25,2.25,2.25,0,1,1,1,10000,10000,-142.5,284.5,-719.5,0,0.7071068,0,-0.7071068;
custom,house10,default,2.4,2.25,2.25,0,1,1,1,10000,10000,-110.25,270.775,-754,0,0,0,-1;
custom,house10,default,2.4,2.25,2.25,0,1,1,1,10000,10000,-110.25,270.775,-559,0,0,0,-1;
custom,house10,default,2.4,2.25,2.25,0,1,1,1,10000,10000,33.75,270.775,-754,0,0,0,-1;
custom,house10,default,2.4,2.25,2.25,0,1,1,1,10000,10000,33.75,270.775,-559,0,0,0,-1;
custom,house12,default,3.75,2.25,2.25,1,0.5,0.5,0.5,10000,10000,-137.7,247,-693.25,0,0.7071068,0,0.7071068;
custom,house13,default,1.8,1.35,1.65,1,0.9,0.9,0.9,10000,10000,367.2,239.65,-693.25,0,0.7071068,0,0.7071068;
custom,elevator1,default,3,-2.25,1.5,0,1,1,1,10000,10000,225,269.5,-585.025,0,0,0,-1;
custom,house10,default,3,1.35,3,0,1,1,1,10000,10000,-84.225,289,-819.25,0,0.7071068,0,-0.7071068;


custom,cuboid,house9mat2,33,1.5,12,1,0.3,0.3,0.3,2.2,0.8,772.5,219.25,288.5,0,0,0,0;
custom,cuboid,house9mat2,7.5,1.5,10.5,1,0.3,0.3,0.3,0.5,0.7,660,219.25,176,0,0,0,0;
custom,cuboid,house9mat2,6,1.5,4.5,1,0.3,0.3,0.3,0.4,0.3,727.5,219.25,206,0,0,0,0;

custom,house13,default,3,2.25,2.25,1,0.9,0.9,0.9,10000,10000,1166.25,202,71,0,1,0,0;
custom,house10,default,2.25,2.25,2.25,0,1,1,1,10000,10000,1147.5,254.425,229.4,0,0.7071068,0,-0.7071068;
custom,house14,default,1.8,1.8,1.8,1,0.8,0.8,0.8,10000,10000,966.75,194.05,303.5,0,0.7071068,0,0.7071068;
custom,house10,default,3,1.5,1.5,0,1,1,1,10000,10000,573,250,374,0,0,0,0;
custom,house10,default,1.5,1.5,1.5,0,1,1,1,10000,10000,615,250,329.375,0,0,0,0;
custom,house10,default,1.2,1.5,1.5,0,1,1,1,10000,10000,780.75,250,367.25,0,0.7071068,0,0.7071068;
custom,tower5,default,1.5,1.5,1.5,1,0.7,0.7,0.7,10000,10000,937.5,203.5,335.975,0,0,0,0;
custom,elevator1,default,3,-3,1.5,0,1,1,1,10000,10000,639,263.5,225.5,0,0.7071068,0,-0.7071068;
custom,house4,default,1.2,1.05,1.2,1,0.5,0.5,0.5,10000,10000,694.5,227.05,261.5,0,1,0,0;
custom,house10,default,1.5,1.5,1.5,0,1,1,1,10000,10000,967.5,235,328.625,0,0,0,0;
custom,house10,default,1.5,1.5,1.5,0,1,1,1,10000,10000,1057.5,235,328.625,0,0,0,0;
custom,cuboid,house9mat2,15,1.5,40.5,1,0.3,0.3,0.3,1,2.7,1155,226,86,0,0,0,0;
custom,cuboid,house9mat2,12,1.5,7.5,1,0.3,0.3,0.3,0.8,0.5,1020,226,251,0,0,0,0;
custom,cuboid,house9mat2,7.5,1.5,3,1,0.3,0.3,0.3,0.5,0.2,1042.5,226,198.5,0,0,0,0;
custom,cuboid,house9mat2,1.5,1.5,1.5,1,0.3,0.3,0.3,0.1,0.1,1072.5,226,176,0,0,0,0;
custom,house10,default,1.2,1.2,1.2,0,1,1,1,10000,10000,1065,236.5,306.5,0,0.7071068,0,0.7071068;
custom,house10,default,1.2,1.2,1.2,0,1,1,1,10000,10000,1110,236.5,306.5,0,0.7071068,0,0.7071068;
custom,house10,default,1.2,1.2,1.2,0,1,1,1,10000,10000,1087.5,227.5,309.5,0,0.7071068,0,0.7071068;


custom,house13,default,1.8,1.8,1.65,1,0.9,0.9,0.9,10000,10000,1065,223,678.5,0,0.7071068,0,0.7071068;
custom,house12,default,1.8,1.8,1.8,1,0.5,0.5,0.5,10000,10000,1197.6,202.45,433.1,0,0.7071068,0,0.7071068;
custom,house10,default,1.35,1.575,1.8,0,1,1,1,10000,10000,932.55,256,348.5,0,0.7071068,0,-0.7071068;
custom,house11,default,1.5,1.5,-1.65,0,1,1,1,10000,10000,966.3,221.5,487.25,0,0.7071068,0,-0.7071068;

custom,house10,default,1.35,1.575,1.8,0,1,1,1,10000,10000,932.55,256,513.5,0,0.7071068,0,-0.7071068;
custom,house14,default,1.8,1.8,1.8,1,0.8,0.8,0.8,10000,10000,1074.9,201.925,339.05,0,0,0,0;
custom,house10,default,1.5,1.35,1.5,0,1,1,1,10000,10000,933,237.25,1383.5,0,0.7071068,0,0.7071068;
custom,house10,default,1.5,1.35,1.5,0,1,1,1,10000,10000,933,237.25,1293.5,0,0.7071068,0,0.7071068;
custom,house10,default,1.5,1.35,1.5,0,1,1,1,10000,10000,933,237.25,1203.5,0,0.7071068,0,0.7071068;
custom,house12,default,1.5,1.5,1.5,1,0.5,0.5,0.5,10000,10000,913.875,207.025,1065.65,0,0.7071068,0,0.7071068;
custom,house12,default,-1.5,1.5,1.5,1,0.5,0.5,0.5,10000,10000,913.875,207.025,992.15,0,0.7071068,0,0.7071068;
custom,house12,default,1.5,1.5,1.5,1,0.5,0.5,0.5,10000,10000,913.875,207.025,918.65,0,0.7071068,0,0.7071068;
custom,house12,default,1.5,1.5,1.05,1,0.5,0.5,0.5,10000,10000,957.975,206.245,896,0,0.7071068,0,0.7071068;
custom,house12,default,-1.5,1.5,1.05,1,0.5,0.5,0.5,10000,10000,957.975,206.245,969.5,0,0.7071068,0,0.7071068;
custom,house12,default,0.75,1.5,1.05,1,0.5,0.5,0.5,10000,10000,957.975,206.245,1024.625,0,0.7071068,0,0.7071068;
custom,house12,default,1.5,1.5,1.05,1,0.5,0.5,0.5,10000,10000,996,206.245,896,0,0.7071068,0,0.7071068;

custom,house14,default,1.8,1.8,1.8,1,0.8,0.8,0.8,10000,10000,958.125,222.25,776,0,1,0,0;
custom,house14,default,1.8,1.8,-1.5,1,0.8,0.8,0.8,10000,10000,958.125,222.25,837.725,0,1,0,0;
customb,house1,default,1.5,0.0015,1.725,1,0.4,0.4,0.4,10000,10000,962.85,290.05,813.5,0,0.7071068,0,-0.7071068;


custom,house10,default,1.95,1.8,1.8,0,1,1,1,10000,10000,931.5,244.3,844.85,0,0,0,-1;

custom,cuboid,stone4,24,1.5,34.5,1,0.35,0.35,0.35,8,11.5,1042.5,215.5,476,0,0,0,0;
custom,cuboid,stone4,6,1.5,27,1,0.35,0.35,0.35,2,9,1192.5,215.5,438.5,0,0,0,0;
custom,cuboid,stone4,3,1.5,4.5,1,0.35,0.35,0.35,1,1.5,1177.5,215.5,596,0,0,0,0;
custom,cuboid,stone4,3,1.5,6,1,0.35,0.35,0.35,1,2,907.5,215.5,618.5,0,0,0,0;
custom,cuboid,stone4,25.5,1.5,9,1,0.35,0.35,0.35,8.5,3,1020,215.5,693.5,0,0,0,0;
custom,cuboid,stone4,1.5,1.5,1.5,1,0.35,0.35,0.35,0.5,0.5,1155,215.5,656,0,0,0,0;
custom,cuboid,stone4,22.5,1.5,4.5,1,0.35,0.35,0.35,7.5,1.5,1005,215.5,761,0,0,0,0;
custom,cuboid,stone4,18,1.5,1.5,1,0.35,0.35,0.35,6,0.5,982.5,215.5,791,0,0,0,0;
custom,cuboid,house9mat2,9,4.5,30,1,0.3,0.3,0.3,0.6,2,930,205,986,0,0,0,0;
custom,cuboid,stone4,3,4.5,3,1,0.35,0.35,0.35,1.0001,1.0001,1024.5,245.5,839.75,0,0,0,0;


custom,house12,default,2.7,2.25,2.25,1,0.5,0.5,0.5,10000,10000,1133.025,200.875,1221.8,0,0.7071068,0,0.7071068;
custom,house12,default,2.25,2.25,2.25,1,0.5,0.5,0.5,10000,10000,1147.5,231.25,1100.525,0,0.7071068,0,0.7071068;
custom,cuboid,house9mat2,6,3,9,1,0.3,0.3,0.3,0.4,0.6,1155,260.5,1010.75,0,0,0,0;
custom,cuboid,house9mat2,4.5,4.5,7.5,1,0.3,0.3,0.3,0.3,0.5,1345.5,238.975,749.6,0,0,0,0;
custom,house10,default,1.8,1.5,1.5,0,1,1,1,10000,10000,1301.7,277.45,831.425,0,0,0,0;
custom,house12,default,1.8,1.8,1.8,1,0.5,0.5,0.5,10000,10000,1386.3,220.75,749.75,0,-0.7071068,0,0.7071068;
custom,house12,default,-1.8,1.8,1.8,1,0.5,0.5,0.5,10000,10000,1386.3,202,661.55,0,-0.7071068,0,0.7071068;
custom,house10,default,1.8,1.8,1.8,0,1,1,1,10000,10000,1431.75,279.925,647.15,0,0.7071068,0,0.7071068;
custom,house12,default,1.5,0.75,1.5,1,0.5,0.5,0.5,10000,10000,1189.875,253.525,949.925,0,0.4481618,0,0.8939525;
custom,house12,default,-1.5,0.75,1.5,1,0.5,0.5,0.5,10000,10000,1233.825,253.675,891.125,0,0.4481618,0,0.8939525;
custom,house12,default,1.5,0.75,1.5,1,0.5,0.5,0.5,10000,10000,1277.85,253.525,832.25,0,0.4481618,0,0.8939525;
custom,house12,default,0.6,0.75,1.5,1,0.5,0.5,0.5,10000,10000,1308.63,253.675,791.075,0,0.4481618,0,0.8939525;


custom,elevator1,default,3,-3,1.5,0,1,1,1,10000,10000,708.375,270.55,1540.3325,0,0.7071068,0,-0.7071068;


custom,house10,default,1.5,1.5,1.5,0,1,1,1,10000,10000,429.525,223.675,1296.425,0,0.7071068,0,0.7071068;
custom,house10,default,1.5,1.5,1.5,0,1,1,1,10000,10000,429.525,223.675,1386.425,0,0.7071068,0,0.7071068;
custom,house10,default,1.5,1.5,1.5,0,1,1,1,10000,10000,361.95,223.675,1400.975,0,0,0,0;
custom,house10,default,1.05,1.5,1.5,0,1,1,1,10000,10000,456,222.625,1400.975,0,0,0,0;
custom,house10,default,3,1.8,2.25,0,1,1,1,10000,10000,399.75,256.6,1409.075,0,0.7071068,0,0.7071068;
custom,house10,default,1.5,1.8,2.25,0,1,1,1,10000,10000,399.75,256.6,1481.825,0,0.7071068,0,0.7071068;
custom,house14,default,1.5,1.5,1.5,1,0.8,0.8,0.8,10000,10000,413.925,226.75,1433.975,0,0.7071068,0,0.7071068;
custom,cuboid,house9mat2,9,4.5,9,1,0.3,0.3,0.3,0.6,0.6,480.75,224.5,1432.25,0,0,0,0;
custom,elevator1,default,3,-1.95,1.5,0,1,1,1,10000,10000,484.125,273.25,1455.5,0,0,0,0;
custom,house11,default,3,1.275,1.5,0,1,1,1,10000,10000,509.7,197.5,1230.725,0,0,0,0;
custom,cuboid,stone4,12,1.5,15,1,0.3,0.3,0.3,4,5,476.25,191.05,1301,0,0,0,0;
custom,cuboid,stone4,3,1.5,6,1,0.3,0.3,0.3,1,2,551.25,191.05,1256,0,0,0,0;
custom,cuboid,stone4,1.5,1.5,3,1,0.3,0.3,0.3,0.5,1,573.75,191.05,1241,0,0,0,0;


custom,cuboid,house9mat2,10.5,4.5,88.5,1,0.35,0.35,0.35,0.7,6,-136.5,217.75,615.5,0,0,0,0;
custom,cuboid,house9mat2,6,4.5,45,1,0.35,0.35,0.35,0.4,3,-159,217.75,-52,0,0,0,0;
custom,cuboid,house9mat2,9,4.5,9,1,0.35,0.35,0.35,0.7,0.6,-249,217.75,1058,0,0,0,0;
custom,cuboid,house9mat2,6,4.5,7.5,1,0.35,0.35,0.35,0.5,0.5,-271.5,217.75,1140.5,0,0,0,0;
custom,cuboid,house9mat2,3,4.5,27,1,0.35,0.35,0.35,0.2,1.8,-69,217.75,923,0,0,0,0;
custom,cuboid,house9mat2,3,4.5,16.5,1,0.35,0.35,0.35,0.2,1.1,-39,217.75,960.5,0,0,0,0;
custom,cuboid,house9mat2,1.5,4.5,12,1,0.35,0.35,0.35,0.1,0.8,-16.5,217.75,990.5,0,0,0,0;
custom,cuboid,house9mat2,4.5,4.5,4.5,1,0.35,0.35,0.35,0.3,0.3,13.5,217.75,1028,0,0,0,0;
custom,cuboid,house9mat2,3,4.5,4.5,1,0.35,0.35,0.35,0.2,0.3,6,217.75,983,0,0,0,0;

custom,house12,default,1.98,1.5,1.5,1,0.5,0.5,0.5,10000,10000,-128.025,200.35,221.75,0,0.7071068,0,-0.7071068;
custom,house12,default,1.98,1.35,1.5,1,0.5,0.5,0.5,10000,10000,-142.5,220.45,128,0,0.7071068,0,-0.7071068;
custom,house12,default,1.98,1.5,1.5,1,0.5,0.5,0.5,10000,10000,-128.025,202,318.5,0,0.7071068,0,-0.7071068;
custom,house12,default,1.98,1.5,1.5,1,0.5,0.5,0.5,10000,10000,-129,200.35,415.25,0,0.7071068,0,-0.7071068;
custom,tower5,default,1.5,1.5,1.5,1,0.7,0.7,0.7,10000,10000,-128.25,216.1,479.975,0,0,0,0;
custom,house14,default,1.65,1.425,1.65,1,0.8,0.8,0.8,10000,10000,-123.75,240.1,699.425,0,-0.7071068,0,-0.7071068;
custom,house10,default,1.5,1.5,1.5,0,1,1,1,10000,10000,-165.825,258.4,724.925,0,0.7071068,0,-0.7071068;
custom,house10,default,1.5,1.5,1.5,0,1,1,1,10000,10000,-165.825,241.3,814.925,0,0.7071068,0,-0.7071068;
custom,house10,default,1.5,1.5,1.5,0,1,1,1,10000,10000,-105,251.65,836,0,0.7071068,0,-0.7071068;



custom,house14,default,1.5,1.8,1.5,1,0.8,0.8,0.8,10000,10000,1721.25,243.4,1391,0,0.7071068,0,-0.7071068;
custom,house10,default,1.8,1.65,1.8,0,1,1,1,10000,10000,1694.7,278.35,1421,0,0.7071068,0,-0.7071068;
custom,house10,default,1.8,1.65,1.8,0,1,1,1,10000,10000,1683,278.35,1529,0,0.7071068,0,-0.7071068;
custom,house10,default,1.8,1.65,1.8,0,1,1,1,10000,10000,1683,281.8,1637,0,0.7071068,0,-0.7071068;
custom,house12,default,2.7,2.25,2.25,1,0.5,0.5,0.5,10000,10000,1771.5,192.4,1776.5,0,0,0,0;
custom,house10,default,1.8,1.65,1.8,0,1,1,1,10000,10000,1822.5,278.35,1637,0,0.7071068,0,-0.7071068;
custom,house10,default,1.8,1.65,1.8,0,1,1,1,10000,10000,1822.5,278.35,1529,0,0.7071068,0,-0.7071068;
custom,house10,default,1.8,1.65,1.8,0,1,1,1,10000,10000,1822.5,278.35,1421,0,0.7071068,0,-0.7071068;
custom,house10,default,1.8,1.65,1.8,0,1,1,1,10000,10000,1822.5,278.35,1313,0,0.7071068,0,-0.7071068;
custom,house10,default,1.8,1.65,1.8,0,1,1,1,10000,10000,1822.5,278.35,1205,0,0.7071068,0,-0.7071068;
custom,house10,default,2.1,1.65,1.8,0,1,1,1,10000,10000,1696.5,278.275,1766,0,0,0,0;
custom,house10,default,1.35,1.65,1.05,0,1,1,1,10000,10000,1755,275.5,1260.875,0,0,0,0;
custom,house12,default,3,1.2,2.55,1,0.5,0.5,0.5,10000,10000,1784.25,244.75,1644.5,0,0.7071068,0,-0.7071068;
custom,house12,default,-3,1.2,2.55,1,0.5,0.5,0.5,10000,10000,1784.25,237.625,1497.5,0,0.7071068,0,-0.7071068;
custom,house12,default,-3,1.2,2.55,1,0.5,0.5,0.5,10000,10000,1784.25,244.75,1376,0,0.7071068,0,-0.7071068;
custom,house12,default,-1.5,1.2,1.95,1,0.5,0.5,0.5,10000,10000,1791.75,237.625,1265.75,0,0.7071068,0,-0.7071068;
custom,house14,default,1.95,1.95,1.95,1,0.8,0.8,0.8,10000,10000,1926,236.05,1646,0,0,0,-1;
custom,house13,default,1.95,1.95,1.95,1,0.9,0.9,0.9,10000,10000,1950.525,244.975,1477.475,0,1,0,0;











custom,house10,default,1.8,2.25,1.8,0,1,1,1,10000,10000,1959.825,292,-662.5,0,0,0,0;
custom,house10,default,1.8,2.25,1.8,0,1,1,1,10000,10000,1851.825,292,-662.5,0,0,0,0;
custom,house10,default,1.8,2.25,1.8,0,1,1,1,10000,10000,1743.825,292,-662.5,0,0,0,0;
custom,house10,default,1.8,2.25,1.8,0,1,1,1,10000,10000,1635.825,292,-662.5,0,0,0,0;

custom,house10,default,1.8,2.25,1.8,0,1,1,1,10000,10000,1959.825,292,-1094.5,0,0,0,0;
custom,house10,default,1.8,2.25,1.8,0,1,1,1,10000,10000,1851.825,292,-1094.5,0,0,0,0;
custom,house10,default,1.8,2.25,1.8,0,1,1,1,10000,10000,1743.825,292,-1094.5,0,0,0,0;
custom,house10,default,1.8,2.25,1.8,0,1,1,1,10000,10000,1635.825,292,-1094.5,0,0,0,0;
custom,house10,default,-2.25,2.25,1.8,0,1,1,1,10000,10000,1709.4,292,-1094.5,0,0,0,0;
custom,house10,default,1.8,2.25,1.8,0,1,1,1,10000,10000,1419.825,292,-1094.5,0,0,0,0;
custom,house10,default,1.8,2.25,1.8,0,1,1,1,10000,10000,1311.825,292,-1094.5,0,0,0,0;
custom,house10,default,1.8,2.25,1.8,0,1,1,1,10000,10000,1203.825,292,-1094.5,0,0,0,0;
custom,house10,default,1.8,2.25,1.8,0,1,1,1,10000,10000,1095.825,292,-1094.5,0,0,0,0;
custom,house10,default,1.8,2.25,1.8,0,1,1,1,10000,10000,987.825,292,-1094.5,0,0,0,0;
custom,house10,default,1.8,2.25,1.8,0,1,1,1,10000,10000,879.825,292,-1094.5,0,0,0,0;
custom,house10,default,1.8,2.25,1.8,0,1,1,1,10000,10000,771.825,292,-1094.5,0,0,0,0;
custom,house10,default,1.8,2.25,1.8,0,1,1,1,10000,10000,663.825,292,-1094.5,0,0,0,0;
custom,house10,default,1.8,2.25,1.8,0,1,1,1,10000,10000,555.825,292,-1094.5,0,0,0,0;
custom,house10,default,1.8,2.25,1.8,0,1,1,1,10000,10000,447.825,292,-1094.5,0,0,0,0;
custom,house10,default,1.8,2.25,1.8,0,1,1,1,10000,10000,339.825,292,-1094.5,0,0,0,0;
custom,house10,default,1.8,2.25,1.8,0,1,1,1,10000,10000,231.825,292,-1094.5,0,0,0,0;
custom,house10,default,1.8,2.25,1.8,0,1,1,1,10000,10000,123.825,292,-1094.5,0,0,0,0;
custom,house10,default,1.8,2.25,1.8,0,1,1,1,10000,10000,15.825,292,-1094.5,0,0,0,0;
custom,house10,default,1.8,2.25,1.8,0,1,1,1,10000,10000,-92.175,292,-1094.5,0,0,0,0;
custom,house10,default,1.8,2.25,1.8,0,1,1,1,10000,10000,-200.175,292,-1094.5,0,0,0,0;
custom,house10,default,1.8,2.25,1.8,0,1,1,1,10000,10000,-308.175,292,-1094.5,0,0,0,0;
custom,house10,default,1.8,2.25,1.8,0,1,1,1,10000,10000,-416.175,292,-1094.5,0,0,0,0;
custom,house10,default,1.8,2.25,1.8,0,1,1,1,10000,10000,-524.175,292,-1094.5,0,0,0,0;

custom,house10,default,1.8,2.25,1.8,0,1,1,1,10000,10000,1959.825,292,2835.5,0,0,0,0;
custom,house10,default,1.8,2.25,1.8,0,1,1,1,10000,10000,1851.825,292,2835.5,0,0,0,0;
custom,house10,default,1.8,2.25,1.8,0,1,1,1,10000,10000,1743.825,292,2835.5,0,0,0,0;
custom,house10,default,1.8,2.25,1.8,0,1,1,1,10000,10000,1635.825,292,2835.5,0,0,0,0;
custom,house10,default,1.8,2.25,1.8,0,1,1,1,10000,10000,1527.825,292,2835.5,0,0,0,0;
custom,house10,default,1.8,2.25,1.8,0,1,1,1,10000,10000,1419.825,292,2835.5,0,0,0,0;
custom,house10,default,1.8,2.25,1.8,0,1,1,1,10000,10000,1311.825,292,2835.5,0,0,0,0;
custom,house10,default,1.8,2.25,1.8,0,1,1,1,10000,10000,1203.825,292,2835.5,0,0,0,0;
custom,house10,default,1.8,2.25,1.8,0,1,1,1,10000,10000,1095.825,292,2835.5,0,0,0,0;
custom,house10,default,1.8,2.25,1.8,0,1,1,1,10000,10000,987.825,292,2835.5,0,0,0,0;
custom,house10,default,1.8,2.25,1.8,0,1,1,1,10000,10000,879.825,292,2835.5,0,0,0,0;
custom,house10,default,1.8,2.25,1.8,0,1,1,1,10000,10000,771.825,292,2835.5,0,0,0,0;
custom,house10,default,1.8,2.25,1.8,0,1,1,1,10000,10000,663.825,292,2835.5,0,0,0,0;
custom,house10,default,1.8,2.25,1.8,0,1,1,1,10000,10000,555.825,292,2835.5,0,0,0,0;
custom,house10,default,1.8,2.25,1.8,0,1,1,1,10000,10000,447.825,292,2835.5,0,0,0,0;
custom,house10,default,1.8,2.25,1.8,0,1,1,1,10000,10000,339.825,292,2835.5,0,0,0,0;
custom,house10,default,1.8,2.25,1.8,0,1,1,1,10000,10000,231.825,292,2835.5,0,0,0,0;
custom,house10,default,1.8,2.25,1.8,0,1,1,1,10000,10000,123.825,292,2835.5,0,0,0,0;
custom,house10,default,1.8,2.25,1.8,0,1,1,1,10000,10000,15.825,292,2835.5,0,0,0,0;
custom,house10,default,1.8,2.25,1.8,0,1,1,1,10000,10000,-92.175,292,2835.5,0,0,0,0;
custom,house10,default,1.8,2.25,1.8,0,1,1,1,10000,10000,-200.175,292,2835.5,0,0,0,0;
custom,house10,default,1.8,2.25,1.8,0,1,1,1,10000,10000,-308.175,292,2835.5,0,0,0,0;
custom,house10,default,1.8,2.25,1.8,0,1,1,1,10000,10000,-416.175,292,2835.5,0,0,0,0;
custom,house10,default,1.8,2.25,1.8,0,1,1,1,10000,10000,-524.175,292,2835.5,0,0,0,0;

custom,house10,default,1.8,2.25,1.8,0,1,1,1,10000,10000,1657.5,292,-1177,0,0.7071068,0,-0.7071068;
custom,house10,default,1.8,2.25,1.8,0,1,1,1,10000,10000,1657.5,292,-1069,0,0.7071068,0,-0.7071068;
custom,house10,default,1.8,2.25,1.8,0,1,1,1,10000,10000,1657.5,292,-961,0,0.7071068,0,-0.7071068;
custom,house10,default,-2.25,2.25,1.8,0,1,1,1,10000,10000,1657.5,292,-671.35,0,0.7071068,0,-0.7071068;

custom,house10,default,1.8,2.25,1.8,0,1,1,1,10000,10000,2065.5,292,-1177,0,0.7071068,0,-0.7071068;
custom,house10,default,1.8,2.25,1.8,0,1,1,1,10000,10000,2065.5,292,-1069,0,0.7071068,0,-0.7071068;
custom,house10,default,1.8,2.25,1.8,0,1,1,1,10000,10000,2065.5,292,-961,0,0.7071068,0,-0.7071068;
custom,house10,default,1.8,2.25,1.8,0,1,1,1,10000,10000,2065.5,292,-853,0,0.7071068,0,-0.7071068;
custom,house10,default,1.8,2.25,1.8,0,1,1,1,10000,10000,2065.5,292,-745,0,0.7071068,0,-0.7071068;
custom,house10,default,1.8,2.25,1.8,0,1,1,1,10000,10000,2065.5,292,-637,0,0.7071068,0,-0.7071068;
custom,house10,default,1.8,2.25,1.8,0,1,1,1,10000,10000,2065.5,292,-529,0,0.7071068,0,-0.7071068;
custom,house10,default,1.8,2.25,1.8,0,1,1,1,10000,10000,2065.5,292,-421,0,0.7071068,0,-0.7071068;
custom,house10,default,1.8,2.25,1.8,0,1,1,1,10000,10000,2065.5,292,-313,0,0.7071068,0,-0.7071068;
custom,house10,default,1.8,2.25,1.8,0,1,1,1,10000,10000,2065.5,292,-205,0,0.7071068,0,-0.7071068;
custom,house10,default,1.8,2.25,1.8,0,1,1,1,10000,10000,2065.5,292,-97,0,0.7071068,0,-0.7071068;
custom,house10,default,1.8,2.25,1.8,0,1,1,1,10000,10000,2065.5,292,11,0,0.7071068,0,-0.7071068;
custom,house10,default,1.8,2.25,1.8,0,1,1,1,10000,10000,2065.5,292,119,0,0.7071068,0,-0.7071068;
custom,house10,default,1.8,2.25,1.8,0,1,1,1,10000,10000,2065.5,292,227,0,0.7071068,0,-0.7071068;
custom,house10,default,1.8,2.25,1.8,0,1,1,1,10000,10000,2065.5,292,335,0,0.7071068,0,-0.7071068;
custom,house10,default,1.8,2.25,1.8,0,1,1,1,10000,10000,2065.5,292,443,0,0.7071068,0,-0.7071068;
custom,house10,default,1.8,2.25,1.8,0,1,1,1,10000,10000,2065.5,292,551,0,0.7071068,0,-0.7071068;
custom,house10,default,1.8,2.25,1.8,0,1,1,1,10000,10000,2065.5,292,659,0,0.7071068,0,-0.7071068;
custom,house10,default,1.8,2.25,1.8,0,1,1,1,10000,10000,2065.5,292,767,0,0.7071068,0,-0.7071068;
custom,house10,default,1.8,2.25,1.8,0,1,1,1,10000,10000,2065.5,292,875,0,0.7071068,0,-0.7071068;
custom,house10,default,1.8,2.25,1.8,0,1,1,1,10000,10000,2065.5,292,983,0,0.7071068,0,-0.7071068;
custom,house10,default,1.8,2.25,1.8,0,1,1,1,10000,10000,2065.5,292,1091,0,0.7071068,0,-0.7071068;
custom,house10,default,1.8,2.25,1.8,0,1,1,1,10000,10000,2065.5,292,1199,0,0.7071068,0,-0.7071068;
custom,house10,default,1.8,2.25,1.8,0,1,1,1,10000,10000,2065.5,292,1307,0,0.7071068,0,-0.7071068;
custom,house10,default,1.8,2.25,1.8,0,1,1,1,10000,10000,2065.5,292,1415,0,0.7071068,0,-0.7071068;
custom,house10,default,1.8,2.25,1.8,0,1,1,1,10000,10000,2065.5,292,1523,0,0.7071068,0,-0.7071068;
custom,house10,default,1.8,2.25,1.8,0,1,1,1,10000,10000,2065.5,292,1631,0,0.7071068,0,-0.7071068;
custom,house10,default,1.8,2.25,1.8,0,1,1,1,10000,10000,2065.5,292,1739,0,0.7071068,0,-0.7071068;
custom,house10,default,1.8,2.25,1.8,0,1,1,1,10000,10000,2065.5,292,1847,0,0.7071068,0,-0.7071068;
custom,house10,default,1.8,2.25,1.8,0,1,1,1,10000,10000,2065.5,292,1955,0,0.7071068,0,-0.7071068;
custom,house10,default,1.8,2.25,1.8,0,1,1,1,10000,10000,2065.5,292,2063,0,0.7071068,0,-0.7071068;
custom,house10,default,1.8,2.25,1.8,0,1,1,1,10000,10000,2065.5,292,2171,0,0.7071068,0,-0.7071068;
custom,house10,default,1.8,2.25,1.8,0,1,1,1,10000,10000,2065.5,292,2279,0,0.7071068,0,-0.7071068;
custom,house10,default,1.8,2.25,1.8,0,1,1,1,10000,10000,2065.5,292,2387,0,0.7071068,0,-0.7071068;
custom,house10,default,1.8,2.25,1.8,0,1,1,1,10000,10000,2065.5,292,2495,0,0.7071068,0,-0.7071068;
custom,house10,default,1.8,2.25,1.8,0,1,1,1,10000,10000,2065.5,292,2603,0,0.7071068,0,-0.7071068;
custom,house10,default,1.8,2.25,1.8,0,1,1,1,10000,10000,2065.5,292,2711,0,0.7071068,0,-0.7071068;

custom,house10,default,1.8,2.25,1.8,0,1,1,1,10000,10000,-541.5,292,-1177,0,0.7071068,0,-0.7071068;
custom,house10,default,1.8,2.25,1.8,0,1,1,1,10000,10000,-541.5,292,-1069,0,0.7071068,0,-0.7071068;
custom,house10,default,1.8,2.25,1.8,0,1,1,1,10000,10000,-541.5,292,-961,0,0.7071068,0,-0.7071068;
custom,house10,default,1.8,2.25,1.8,0,1,1,1,10000,10000,-541.5,292,-853,0,0.7071068,0,-0.7071068;
custom,house10,default,1.8,2.25,1.8,0,1,1,1,10000,10000,-541.5,292,-745,0,0.7071068,0,-0.7071068;
custom,house10,default,1.8,2.25,1.8,0,1,1,1,10000,10000,-541.5,292,-637,0,0.7071068,0,-0.7071068;
custom,house10,default,1.8,2.25,1.8,0,1,1,1,10000,10000,-541.5,292,-529,0,0.7071068,0,-0.7071068;
custom,house10,default,1.8,2.25,1.8,0,1,1,1,10000,10000,-541.5,292,-421,0,0.7071068,0,-0.7071068;
custom,house10,default,1.8,2.25,1.8,0,1,1,1,10000,10000,-541.5,292,-313,0,0.7071068,0,-0.7071068;
custom,house10,default,1.8,2.25,1.8,0,1,1,1,10000,10000,-541.5,292,-205,0,0.7071068,0,-0.7071068;
custom,house10,default,1.8,2.25,1.8,0,1,1,1,10000,10000,-541.5,292,-97,0,0.7071068,0,-0.7071068;
custom,house10,default,1.8,2.25,1.8,0,1,1,1,10000,10000,-541.5,292,11,0,0.7071068,0,-0.7071068;
custom,house10,default,1.8,2.25,1.8,0,1,1,1,10000,10000,-541.5,292,119,0,0.7071068,0,-0.7071068;
custom,house10,default,1.8,2.25,1.8,0,1,1,1,10000,10000,-541.5,292,227,0,0.7071068,0,-0.7071068;
custom,house10,default,1.8,2.25,1.8,0,1,1,1,10000,10000,-541.5,292,335,0,0.7071068,0,-0.7071068;
custom,house10,default,1.8,2.25,1.8,0,1,1,1,10000,10000,-541.5,292,443,0,0.7071068,0,-0.7071068;
custom,house10,default,1.8,2.25,1.8,0,1,1,1,10000,10000,-541.5,292,551,0,0.7071068,0,-0.7071068;
custom,house10,default,1.8,2.25,1.8,0,1,1,1,10000,10000,-541.5,292,659,0,0.7071068,0,-0.7071068;
custom,house10,default,1.8,2.25,1.8,0,1,1,1,10000,10000,-541.5,292,767,0,0.7071068,0,-0.7071068;
custom,house10,default,1.8,2.25,1.8,0,1,1,1,10000,10000,-541.5,292,875,0,0.7071068,0,-0.7071068;
custom,house10,default,1.8,2.25,1.8,0,1,1,1,10000,10000,-541.5,292,983,0,0.7071068,0,-0.7071068;
custom,house10,default,1.8,2.25,1.8,0,1,1,1,10000,10000,-541.5,292,1091,0,0.7071068,0,-0.7071068;
custom,house10,default,1.8,2.25,1.8,0,1,1,1,10000,10000,-541.5,292,1199,0,0.7071068,0,-0.7071068;
custom,house10,default,1.8,2.25,1.8,0,1,1,1,10000,10000,-541.5,292,1307,0,0.7071068,0,-0.7071068;
custom,house10,default,1.8,2.25,1.8,0,1,1,1,10000,10000,-541.5,292,1415,0,0.7071068,0,-0.7071068;
custom,house10,default,1.8,2.25,1.8,0,1,1,1,10000,10000,-541.5,292,1523,0,0.7071068,0,-0.7071068;
custom,house10,default,1.8,2.25,1.8,0,1,1,1,10000,10000,-541.5,292,1631,0,0.7071068,0,-0.7071068;
custom,house10,default,1.8,2.25,1.8,0,1,1,1,10000,10000,-541.5,292,1739,0,0.7071068,0,-0.7071068;
custom,house10,default,1.8,2.25,1.8,0,1,1,1,10000,10000,-541.5,292,1847,0,0.7071068,0,-0.7071068;
custom,house10,default,1.8,2.25,1.8,0,1,1,1,10000,10000,-541.5,292,1955,0,0.7071068,0,-0.7071068;
custom,house10,default,1.8,2.25,1.8,0,1,1,1,10000,10000,-541.5,292,2063,0,0.7071068,0,-0.7071068;
custom,house10,default,1.8,2.25,1.8,0,1,1,1,10000,10000,-541.5,292,2171,0,0.7071068,0,-0.7071068;
custom,house10,default,1.8,2.25,1.8,0,1,1,1,10000,10000,-541.5,292,2279,0,0.7071068,0,-0.7071068;
custom,house10,default,1.8,2.25,1.8,0,1,1,1,10000,10000,-541.5,292,2387,0,0.7071068,0,-0.7071068;
custom,house10,default,1.8,2.25,1.8,0,1,1,1,10000,10000,-541.5,292,2495,0,0.7071068,0,-0.7071068;
custom,house10,default,1.8,2.25,1.8,0,1,1,1,10000,10000,-541.5,292,2603,0,0.7071068,0,-0.7071068;
custom,house10,default,1.8,2.25,1.8,0,1,1,1,10000,10000,-541.5,292,2711,0,0.7071068,0,-0.7071068;






custom,house10,default,1.8,1.8,1.8,0,1,1,1,10000,10000,205.5,278.5,-1127.5,0,0.7071068,0,-0.7071068;
custom,house14,default,2.1,1.8,1.8,1,0.8,0.8,0.8,10000,10000,337.5,268.3,-976.825,0,0,0,-1;
custom,house12,default,1.8,0.75,3,1,0.5,0.5,0.5,10000,10000,285,289.75,-1051,0,0,0,1;
custom,house12,default,2.25,0.75,3,1,0.5,0.5,0.5,10000,10000,382.5,291.25,-1049.5,0,0,0,1;
custom,house12,default,1.8,0.75,3,1,0.5,0.5,0.5,10000,10000,480,289.75,-1051,0,0,0,1;
custom,house12,default,2.25,0.75,3,1,0.5,0.5,0.5,10000,10000,577.5,291.25,-1049.5,0,0,0,1;
custom,house12,default,1.8,0.75,3,1,0.5,0.5,0.5,10000,10000,675,289.75,-1051,0,0,0,1;
custom,house12,default,2.25,0.75,3,1,0.5,0.5,0.5,10000,10000,772.5,291.25,-1049.5,0,0,0,1;
custom,house12,default,1.8,0.75,3,1,0.5,0.5,0.5,10000,10000,870,289.75,-1051,0,0,0,1;
custom,house12,default,2.25,0.75,3,1,0.5,0.5,0.5,10000,10000,967.5,291.25,-1049.5,0,0,0,1;
custom,house12,default,1.8,0.75,3,1,0.5,0.5,0.5,10000,10000,1065,289.75,-1051,0,0,0,1;


custom,house10,default,1.5,1.8,1.8,0,1,1,1,10000,10000,1148.625,294.7,-1040.5,0,0.7071068,0,-0.7071068;
custom,house10,default,1.5,1.8,1.8,0,1,1,1,10000,10000,1148.625,294.7,-1130.5,0,0.7071068,0,-0.7071068;


custom,house10,default,1.5,1.8,1.8,0,1,1,1,10000,10000,1105.5,307,-1040.5,0,0.7071068,0,-0.7071068;
custom,house10,default,1.5,1.8,1.8,0,1,1,1,10000,10000,1105.5,307,-1130.5,0,0.7071068,0,-0.7071068;


custom,cuboid,house9mat2,75,4.5,6,1,0.3,0.3,0.3,5,0.4,783,283,-971.5,0,0,0,0;

custom,house10,default,1.8,2.25,1.8,0,1,1,1,10000,10000,1605,284.5,-1147,0,0.7071068,0,-0.7071068;
custom,house10,default,1.8,2.25,1.8,0,1,1,1,10000,10000,1605,284.5,-1039,0,0.7071068,0,-0.7071068;
custom,house10,default,1.8,2.25,1.8,0,1,1,1,10000,10000,1605,284.5,-931,0,0.7071068,0,-0.7071068;
custom,house13,default,1.875,2.325,1.8375,1,0.9,0.9,0.9,10000,10000,1635,239.5,-757.3,0,1,0,0;


custom,house12,default,-1.8,2.25,2.4,1,0.5,0.5,0.5,10000,10000,1170,217,-1059.25,0,0.7071068,0,-0.7071068;
custom,house12,default,1.8,2.25,2.4,1,0.5,0.5,0.5,10000,10000,1257,217,-1059.25,0,0.7071068,0,-0.7071068;
custom,house12,default,1.8,1.8,1.8,1,0.5,0.5,0.5,10000,10000,1321.575,232,-1059.25,0,0.7071068,0,-0.7071068;
custom,house12,default,1.8,1.8,1.8,1,0.5,0.5,0.5,10000,10000,1387.65,232,-1059.25,0,0.7071068,0,-0.7071068;
custom,house12,default,1.8,1.8,1.8,1,0.5,0.5,0.5,10000,10000,1453.725,232,-1059.25,0,0.7071068,0,-0.7071068;
custom,house12,default,1.8,1.8,1.8,1,0.5,0.5,0.5,10000,10000,1519.8,232,-1059.25,0,0.7071068,0,-0.7071068;
custom,house12,default,1.8,1.8,1.8,1,0.5,0.5,0.5,10000,10000,1585.875,232,-1059.25,0,0.7071068,0,-0.7071068;


custom,house12,default,-1.8,2.25,2.4,1,0.5,0.5,0.5,10000,10000,1170,217,-971.05,0,0.7071068,0,-0.7071068;
custom,house12,default,-1.8,2.25,2.4,1,0.5,0.5,0.5,10000,10000,1257,217,-971.05,0,0.7071068,0,-0.7071068;
custom,house12,default,-1.8,1.8,1.8,1,0.5,0.5,0.5,10000,10000,1321.575,232,-971.05,0,0.7071068,0,-0.7071068;
custom,house12,default,-1.8,1.8,1.8,1,0.5,0.5,0.5,10000,10000,1387.65,232,-971.05,0,0.7071068,0,-0.7071068;
custom,house12,default,-1.8,1.8,1.8,1,0.5,0.5,0.5,10000,10000,1453.725,232,-971.05,0,0.7071068,0,-0.7071068;
custom,house12,default,-1.8,1.8,1.8,1,0.5,0.5,0.5,10000,10000,1519.8,232,-971.05,0,0.7071068,0,-0.7071068;
custom,house12,default,-1.8,1.8,1.8,1,0.5,0.5,0.5,10000,10000,1585.875,232,-971.05,0,0.7071068,0,-0.7071068;
custom,elevator1,default,1.65,2.25,0.75,0,1,1,1,10000,10000,1486.5,224.5,-937.75,0,0,0,0;
custom,house10,default,1.5,1.05,1.5,0,1,1,1,10000,10000,1561.5,262,-824.5,0,0.7071068,0,0.7071068;
custom,house10,default,1.5,1.05,1.5,0,1,1,1,10000,10000,1561.5,262,-734.5,0,0.7071068,0,0.7071068;
custom,house10,default,2.7,1.05,1.5,0,1,1,1,10000,10000,1679.916,262,-642.70555,0,0.9163626,0,0.4003492;
custom,cuboid,house9mat2,1.5,4.5,19.5,1,0.3,0.3,0.3,0.1,1.3,1556.7,254.2,-834.775,0,0,0,0;
custom,cuboid,house9mat2,1.5,4.5,21,1,0.3,0.3,0.3,0.1,1.4,1571.7,254.2,-827.275,0,0,0,0;
custom,cuboid,house9mat2,4.5,4.5,22.5,1,0.3,0.3,0.3,0.3,1.5,1601.7,254.2,-819.775,0,0,0,0;





custom,cuboid,wood1,60,4.5,3,1,0.8,0.8,0.8,10,1,1365,262,-1084,0,0,0,0;
custom,cuboid,wood1,16.5,4.5,12,1,0.8,0.8,0.8,3,1,1582.5,262,-1009,0,0,0,0;
custom,cuboid,wood1,16.5,4.5,6,1,0.8,0.8,0.8,3,1,1387.5,262,-979,0,0,0,0;
custom,cuboid,wood1,30,4.5,6,1,0.8,0.8,0.8,5,1,1320,262,-1061.5,0,0,0,0;
custom,cuboid,wood1,1.5,4.5,1.5,1,0.8,0.8,0.8,0.25,1,1213.5,262,-1027,0,0,0,0;
custom,cuboid,wood1,1.5,4.5,1.5,1,0.8,0.8,0.8,0.25,1,1199.1,262,-1012,0,0,0,0;
custom,cuboid,wood1,18,0.15,5.25,1,0.8,0.8,0.8,3,1,1380,251.5,-1031.5,0,0,0,0;
custom,cuboid,wood1,19.5,0.15,5.25,1,0.8,0.8,0.8,3.3,1,1372.5,259.75,-1031.5,0,0,0,0;
custom,cuboid,wood1,4.5,1.5,5.25,1,0.8,0.8,0.8,3,1,1447.65,258.325,-1031.5,0,0,0,0;
custom,cuboid,wood1,4.5,1.5,5.25,1,0.8,0.8,0.8,3,1,1263.9,258.325,-1031.5,0,0,0,0;
custom,cuboid,wood1,9,0.15,12.75,1,0.8,0.8,0.8,3,2.5,1241.25,251.5,-994,0,0,0,0;
custom,cuboid,wood1,2.25,1.65,0.9,1,0.8,0.8,0.8,3,2.5,1211.25,259,-925.75,0,0,0,0;
custom,cuboid,house9mat2,6,3,9,1,0.35,0.35,0.35,0.4,0.6,1239.6,273.25,-882.25,0,0,0,0;


custom,cuboid,house9mat2,34.5,1.5,15,1,0.35,0.35,0.35,4.6,2,1335,232.45,-1006.3,0,0,0,0;
custom,cuboid,house9mat2,15,1.5,9,1,0.35,0.35,0.35,2,1.2,1237.5,232.45,-886.3,0,0,0,0;


custom,house10,default,1.8,1.815,1.8,0,1,1,1,10000,10000,1338.825,278.575,-846.25,0,1,0,0;
custom,house10,default,1.8,1.8,1.8,0,1,1,1,10000,10000,1256.55,278.2,-949.9,0,0.7071068,0,-0.7071068;
custom,house10,default,1.8,1.8,1.8,0,1,1,1,10000,10000,1256.55,278.275,-828.775,0,0.7071068,0,-0.7071068;
custom,house10,default,1.8,1.8,1.8,0,1,1,1,10000,10000,1256.55,278.275,-720.775,0,0.7071068,0,-0.7071068;
custom,house10,default,2.1,1.8,1.8,0,1,1,1,10000,10000,1256.55,278.275,-616.225,0,0.7071068,0,-0.7071068;
custom,house14,default,1.8,1.8,1.8,1,0.8,0.8,0.8,10000,10000,1340.7,236.2,-550.6,0,-0.7071068,0,-0.7071068;


custom,house10,default,1.8,1.8,1.95,0,1,1,1,10000,10000,1200,292,-813.775,0,0.7071068,0,-0.7071068;
custom,house10,default,1.8,1.8,1.95,0,1,1,1,10000,10000,1200,292,-705.775,0,0.7071068,0,-0.7071068;
custom,house10,default,1.35,1.8,1.95,0,1,1,1,10000,10000,1189.7925,292,-584.53,0,-0.3599969,0,0.9329535;


custom,house10,default,2.25,1.95,2.25,0,1,1,1,10000,10000,1988.85,284.5,1454.6,0,0.7071068,0,0.7071068;
custom,house10,default,2.25,1.95,2.25,0,1,1,1,10000,10000,1988.85,284.5,1319.6,0,0.7071068,0,0.7071068;
custom,house10,default,2.25,1.95,2.25,0,1,1,1,10000,10000,1988.85,284.5,1184.6,0,0.7071068,0,0.7071068;
custom,house10,default,2.25,1.95,2.25,0,1,1,1,10000,10000,1988.85,284.5,1049.6,0,0.7071068,0,0.7071068;
custom,house10,default,2.85,1.95,2.25,0,1,1,1,10000,10000,1988.85,284.5,921.5,0,0.7071068,0,0.7071068;
custom,house10,default,2.25,1.95,2.25,0,1,1,1,10000,10000,1782.75,283.75,875,0,0,0,0;
custom,house10,default,2.25,1.95,2.25,0,1,1,1,10000,10000,1647.75,283.75,875,0,0,0,0;
custom,house10,default,2.25,1.95,2.25,0,1,1,1,10000,10000,1512.75,283.75,875,0,0,0,0;
custom,house10,default,2.85,1.95,1.95,0,1,1,1,10000,10000,1740,283.75,1019,0,0,0,0;
custom,house14,default,1.35,1.8,1.5,1,0.8,0.8,0.8,10000,10000,1901.25,247.45,913.25,0,-0.7071068,0,0.7071068;
custom,cuboid,stone4,13.5,4.5,27,1,0.35,0.35,0.35,4.5,9,1852.5,272.5,1098.5,0,0,0,0;
custom,cuboid,stone4,9,4.5,39,1,0.35,0.35,0.35,3,13,1890,272.5,1428.5,0,0,0,0;
custom,house4,default,1.05,1.05,1.05,0,1,1,1,10000,10000,1811.55,276.25,1223.525,0,-1,0,0;


custom,house10,default,1.8,2.25,1.8,0,1,1,1,10000,10000,2020.5,265,1802,0,0.7071068,0,-0.7071068;
custom,house10,default,1.8,2.25,1.8,0,1,1,1,10000,10000,2020.5,265,1694,0,0.7071068,0,-0.7071068;
custom,house10,default,1.8,2.25,1.8,0,1,1,1,10000,10000,2020.5,265,1586,0,0.7071068,0,-0.7071068;
custom,house10,default,1.8,2.25,1.8,0,1,1,1,10000,10000,2020.5,265,1478,0,0.7071068,0,-0.7071068;

custom,house10,default,1.35,2.25,1.8,0,1,1,1,10000,10000,1978.5,265,1807.175,0,0.7071068,0,-0.7071068;
custom,house10,default,1.8,2.25,1.8,0,1,1,1,10000,10000,1978.5,265,1694,0,0.7071068,0,-0.7071068;
custom,house10,default,1.8,2.25,1.8,0,1,1,1,10000,10000,1978.5,265,1586,0,0.7071068,0,-0.7071068;

custom,house10,default,1.8,1.5,1.8,0,1,1,1,10000,10000,1938,272.95,1694,0,0.7071068,0,-0.7071068;
custom,house10,default,1.5,2.25,1.8,0,1,1,1,10000,10000,1936.5,265,1607.465,0,0.7071068,0,-0.7071068;
custom,house12,default,3,0.3,3.15,1,0.5,0.5,0.5,10000,10000,1898.85,273.25,1722.875,0,0,0,-1;
custom,house12,default,2.4,0.75,1.5,1,0.5,0.5,0.5,10000,10000,2004,264.925,1554.425,0,0.7071068,0,0.7071068;
custom,house12,default,2.25,1.5,2.55,1,0.5,0.5,0.5,10000,10000,2025.75,259.15,1443.5,0,0.7071068,0,0.7071068;
custom,house12,default,2.25,1.5,2.55,1,0.5,0.5,0.5,10000,10000,2025.75,256,1338.5,0,0.7071068,0,0.7071068;
custom,house14,default,1.65,1.5,1.65,1,0.8,0.8,0.8,10000,10000,2025,277,1220.75,0,0.7071068,0,-0.7071068;
custom,house12,default,3,1.5,2.55,1,0.5,0.5,0.5,10000,10000,2025.75,262.75,1220,0,0.7071068,0,0.7071068;
custom,house12,default,2.25,1.5,2.55,1,0.5,0.5,0.5,10000,10000,2025.75,256,1136,0,0.7071068,0,0.7071068;
custom,house12,default,3,1.5,2.55,1,0.5,0.5,0.5,10000,10000,2025.75,264.925,1008.5,0,0.7071068,0,0.7071068;
custom,house12,default,3,1.5,2.55,1,0.5,0.5,0.5,10000,10000,2025.75,262.75,861.5,0,0.7071068,0,0.7071068;
custom,house12,default,3,1.5,2.55,1,0.5,0.5,0.5,10000,10000,2025.75,254.5,776,0,0.7071068,0,0.7071068;


custom,house10,default,1.8,2.1,1.8,0,1,1,1,10000,10000,1521,284.5,746,0,0,0,-1;
custom,house10,default,1.8,2.1,1.8,0,1,1,1,10000,10000,1629,284.5,746,0,0,0,-1;
custom,house10,default,1.8,2.1,1.8,0,1,1,1,10000,10000,1737,284.5,746,0,0,0,-1;
custom,house10,default,1.8,2.1,1.8,0,1,1,1,10000,10000,1845,284.5,746,0,0,0,-1;
custom,house10,default,1.8,2.1,1.8,0,1,1,1,10000,10000,1953,284.5,746,0,0,0,-1;


custom,house10,default,1.8,2.1,1.8,0,1,1,1,10000,10000,1530,284.5,481.25,0,0,0,-1;
custom,house10,default,1.8,2.1,1.8,0,1,1,1,10000,10000,1638,284.5,481.25,0,0,0,-1;
custom,house10,default,1.8,2.1,1.8,0,1,1,1,10000,10000,1764.75,281.5,588.5,0,0.7071068,0,0.7071068;
custom,house10,default,-2.4,2.1,1.8,0,1,1,1,10000,10000,1764.75,281.5,540.0875,0,0.7071068,0,0.7071068;
custom,house10,default,1.8,2.1,1.8,0,1,1,1,10000,10000,1725,281.5,588.5,0,0.7071068,0,0.7071068;
custom,house10,default,-2.4,2.1,1.8,0,1,1,1,10000,10000,1725,281.5,540.0875,0,0.7071068,0,0.7071068;
custom,house13,default,2.25,2.175,1.95,1,0.9,0.9,0.9,10000,10000,1600.5,239.5,374.8625,0,0,0,-1;
custom,cuboid,house9mat2,12,4.5,22.5,1,0.3,0.3,0.3,0.8,1.5,1620,272.5,581,0,0,0,0;

custom,house10,default,1.8,2.1,1.8,0,1,1,1,10000,10000,1897.5,266.5,629,0,0.7071068,0,0.7071068;
custom,house10,default,1.8,2.1,1.8,0,1,1,1,10000,10000,1897.5,277,521,0,0.7071068,0,0.7071068;
custom,house10,default,2.85,2.1,1.8,0,1,1,1,10000,10000,1858.2705,277,456.0194,0,0.3888026,0,0.9213211;
custom,house10,default,1.875,1.575,1.8,0,1,1,1,10000,10000,1851.75,272.5,518,0,0,0,1;
custom,cuboid,house9mat2,9,1.5,9,1,0.3,0.3,0.3,0.6,0.6,1935,278.2,423.5,0,0,0,0;
custom,cuboid,house9mat2,6,1.5,4.5,1,0.3,0.3,0.3,0.4,0.3,1950,278.2,356,0,0,0,0;

custom,cuboid,house9mat2,12,1.5,13.5,1,0.3,0.3,0.3,0.8,0.9,1950,232.15,446,0,0,0,0;
custom,cuboid,house9mat2,6,1.5,4.5,1,0.3,0.3,0.3,0.4,0.3,1950,232.15,356,0,0,0,0;

custom,house10,default,0.75,1.5,1.5,0,1,1,1,10000,10000,1835.325,257.5,635.75,0,0,0,1;



custom,house12,default,1.5,1.05,2.25,1,0.5,0.5,0.5,10000,10000,1905,272.5,771.5,0,0,0,0;
custom,house12,default,1.5,1.05,2.25,1,0.5,0.5,0.5,10000,10000,1740,272.5,771.5,0,0,0,0;
custom,house12,default,1.5,1.05,2.25,1,0.5,0.5,0.5,10000,10000,1575,272.5,771.5,0,0,0,0;
custom,house12,default,-2.25,1.05,2.25,1,0.5,0.5,0.5,10000,10000,1822.5,274,771.5,0,0,0,0;
custom,house12,default,-2.25,1.05,2.25,1,0.5,0.5,0.5,10000,10000,1650,274,771.5,0,0,0,0;




custom,house14,default,1.95,2.025,1.95,1,0.8,0.8,0.8,10000,10000,2009.325,239.425,621.875,0,0.7071068,0,-0.7071068;
custom,house11,default,1.8,1.95,1.95,0,1,1,1,10000,10000,2000.85,238.75,503.45,0,-0.7071068,0,0.7071068;
custom,cuboid,house9mat2,13.5,1.5,3,1,0.35,0.35,0.35,1.4,0.4,1990.8015,232.45,494,0,-0.7071068,0,0.7071068;

custom,house10,default,1.8,2.025,2.025,0,1,1,1,10000,10000,1970.265,282.429805,320.4749,0,-0.7071068,0,0.7071068;
custom,house10,default,1.95,2.025,2.025,0,1,1,1,10000,10000,1918.6275,282.429805,240.8147,0,-0.5266593,0,0.8500765;
custom,house11,default,1.8,1.95,1.95,0,1,1,1,10000,10000,1957.5,238.75,206,0,-0.7071068,0,0.7071068;
custom,cuboid,house9mat2,11.25,1.5,3,1,0.35,0.35,0.35,1.4,0.4,1947.417,232.45,206.2826,0,-0.7071068,0,0.7071068;

custom,house10,default,1.95,2.025,2.025,0,1,1,1,10000,10000,1980.066,282.429805,200.929805,0,0.5266593,0,0.8500765;
custom,house10,default,1.8,2.025,2.025,0,1,1,1,10000,10000,1970.265,282.429805,-56.5,0,-0.7071068,0,0.7071068;
custom,house10,default,1.8,2.025,2.025,0,1,1,1,10000,10000,1970.265,282.429805,-164.5,0,-0.7071068,0,0.7071068;
custom,house10,default,1.8,2.025,2.025,0,1,1,1,10000,10000,1970.265,282.429805,-272.5,0,-0.7071068,0,0.7071068;
custom,house11,default,1.8,-1.95,1.95,0,1,1,1,10000,10000,2001.375,293.95,-303.1,0,-0.7071068,0,0.7071068;
custom,house10,default,1.8,2.025,2.025,0,1,1,1,10000,10000,1970.265,282.429805,-484,0,-0.7071068,0,0.7071068;
custom,house10,default,1.8,2.025,2.025,0,1,1,1,10000,10000,1970.265,282.429805,-592,0,-0.7071068,0,0.7071068;
custom,house10,default,1.8,2.025,2.025,0,1,1,1,10000,10000,1924.5495,282.429805,-665.3209,0,-0.553101,0,0.8331143;

custom,house14,default,1.8,1.95,1.95,1,0.8,0.8,0.8,10000,10000,2050.05,251.5,-461.725,0,-0.7071068,0,0.7071068;

custom,house10,default,1.8,2.025,2.025,0,1,1,1,10000,10000,1851.75,282.429805,-613,0,0,0,0;
custom,house10,default,1.8,2.025,2.025,0,1,1,1,10000,10000,1743.75,282.429805,-613,0,0,0,0;
custom,house10,default,1.8,2.025,2.025,0,1,1,1,10000,10000,1635.75,282.429805,-613,0,0,0,0;


custom,house12,default,3,1.5,1.5,1,0.5,0.5,0.5,10000,10000,2061,253,626,0,0.7071068,0,0.7071068;
custom,house12,default,3,1.5,1.5,1,0.5,0.5,0.5,10000,10000,2061,253,479,0,0.7071068,0,0.7071068;
custom,house12,default,3,1.5,1.5,1,0.5,0.5,0.5,10000,10000,2061,253,332,0,0.7071068,0,0.7071068;
custom,house12,default,3,1.5,1.5,1,0.5,0.5,0.5,10000,10000,2061,253,185,0,0.7071068,0,0.7071068;
custom,house12,default,3,1.5,1.5,1,0.5,0.5,0.5,10000,10000,2061,253,38,0,0.7071068,0,0.7071068;
custom,house12,default,3,1.5,1.5,1,0.5,0.5,0.5,10000,10000,2061,253,-109,0,0.7071068,0,0.7071068;
custom,house12,default,3,1.5,1.5,1,0.5,0.5,0.5,10000,10000,2061,253,-256,0,0.7071068,0,0.7071068;
custom,house12,default,3,1.5,1.5,1,0.5,0.5,0.5,10000,10000,2061,253,-403,0,0.7071068,0,0.7071068;
custom,house12,default,3.15,1.5,1.5,1,0.5,0.5,0.5,10000,10000,2061,253,-596.5,0,0.7071068,0,0.7071068;


custom,house10,default,1.8,2.025,2.025,0,1,1,1,10000,10000,1493.55,275.5,-424,0,0,0,1;
custom,house10,default,1.8,2.025,2.025,0,1,1,1,10000,10000,1601.55,275.5,-424,0,0,0,1;
custom,house10,default,1.8,2.025,2.025,0,1,1,1,10000,10000,1709.55,275.5,-424,0,0,0,1;
custom,house10,default,0.9,2.025,2.025,0,1,1,1,10000,10000,1788.786,275.5,-445.63045,0,-0.3407083,0,0.9401691;
custom,house10,default,1.8,2.025,2.025,0,1,1,1,10000,10000,1883.775,275.5,-325.375,0,0.7071068,0,0.7071068;
custom,house10,default,1.8,2.025,2.025,0,1,1,1,10000,10000,1883.775,275.5,-217.375,0,0.7071068,0,0.7071068;
custom,house10,default,1.8,2.025,2.025,0,1,1,1,10000,10000,1883.775,275.5,-109.375,0,0.7071068,0,0.7071068;
custom,house10,default,0.9,2.025,2.025,0,1,1,1,10000,10000,1832.877,275.5,-85.7458,0,0.3407083,0,0.9401691;
custom,house10,default,1.8,2.025,2.025,0,1,1,1,10000,10000,1709.55,275.5,-91.45,0,0,0,1;
custom,house10,default,0.9,2.025,2.025,0,1,1,1,10000,10000,1678.974,275.5,-134.34415,0,-0.3407083,0,0.9401691;
custom,house10,default,1.8,2.025,2.025,0,1,1,1,10000,10000,1754.3745,275.5,-110.11465,0,0.7071068,0,0.7071068;
custom,house10,default,1.8,2.025,2.025,0,1,1,1,10000,10000,1754.3745,275.5,-218.11465,0,0.7071068,0,0.7071068;
custom,house10,default,1.8,2.025,2.025,0,1,1,1,10000,10000,1622.25,275.5,-320.5,0,0,0,1;
custom,house10,default,1.8,2.025,2.025,0,1,1,1,10000,10000,1514.25,275.5,-320.5,0,0,0,1;


custom,house13,default,1.8,1.5,1.8,1,0.9,0.9,0.9,10000,10000,1581.45,296.875,-406.825,0,0.7071068,0,-0.7071068;
custom,house14,default,1.8,2.1,-2.1,1,0.8,0.8,0.8,10000,10000,1786.5,223.45,-213.625,0,0.7071068,0,0.7071068;
custom,house14,default,1.8,2.1,-2.1,1,0.8,0.8,0.8,10000,10000,1786.5,223.45,-379,0,0.7071068,0,0.7071068;
custom,house12,default,1.5,1.5,1.5,1,0.5,0.5,0.5,10000,10000,1737.9,244.45,-406.75,0,1,0,0;
custom,house12,default,1.5,1.5,1.5,1,0.5,0.5,0.5,10000,10000,1784.925,228.4,-295.975,0,1,0,0;

custom,house13,default,1.5,1.5,1.5,1,0.9,0.9,0.9,10000,10000,2015.325,292,210.575,0,1,0,0;
custom,house12,default,3,1.5,1.5,1,0.5,0.5,0.5,10000,10000,2016,247.975,148.475,0,0.7071068,0,-0.7071068;


custom,house10,default,1.8,2.025,2.175,0,1,1,1,10000,10000,1520.25,278.5,73.55,0,0,0,1;
custom,house10,default,1.8,2.025,2.025,0,1,1,1,10000,10000,1622.25,275.5,71,0,0,0,1;
custom,house10,default,1.8,2.025,2.025,0,1,1,1,10000,10000,1730.25,278.5,71,0,0,0,1;
custom,house10,default,2.1,2.025,2.025,0,1,1,1,10000,10000,1735.1025,277,160.75634,0,0.3364382,0,0.9417056;
custom,house10,default,1.8,2.025,2.025,0,1,1,1,10000,10000,1622.25,275.5,146,0,0,0,1;
custom,house10,default,1.8,2.025,2.175,0,1,1,1,10000,10000,1520.25,278.5,148.55,0,0,0,1;
custom,cuboid,house9mat2,22.5,1.5,4.5,1,0.3,0.3,0.3,1.5,0.3,1672.5,296.5,71,0,0,0,0;

custom,house11,default,1.5,-2.625,4.5,1,0.5,0.5,0.5,10000,10000,1705.5,302.5,274.25,0,0.7071068,0,0.7071068;
custom,cuboid,house9mat2,16.5,0.3,9.15,1,0.25,0.25,0.25,1.1,0.6,1683.75,303.25,275,0,0,0,0;
custom,cuboid,house9mat2,15.75,1.5,9,1,0.25,0.25,0.25,1.05,0.6,1683.75,270.625,275,0,0,0,0;
custom,cuboid,house9mat2,16.5,0.3,9,1,0.25,0.25,0.25,1.1,0.6,1683.75,259.525,230.75,-0.7071068,0,0,0.7071068;
custom,cuboid,house9mat2,-16.5,-0.3,-9,1,0.25,0.25,0.25,1.1,0.6,1683.75,259.525,319.25,0,-0.7071068,-0.7071068,0;

custom,house11,default,1.8,-2.625,4.5,1,0.5,0.5,0.5,10000,10000,1705.5,268,373.25,0,0.7071068,0,0.7071068;
custom,cuboid,house9mat2,16.5,0.3,10.65,1,0.25,0.25,0.25,1.1,0.7,1683.75,269.5,373.925,0,0,0,0;
custom,cuboid,house9mat2,15.75,1.5,12,1,0.25,0.25,0.25,1.05,0.8,1683.75,235.225,373.925,0,0,0,0;


custom,house12,default,1.5,1.5,1.5,1,0.5,0.5,0.5,10000,10000,1360.275,224.425,-672.625,0,0.7071068,0,-0.7071068;
custom,house12,default,3,1.5,2.25,1,0.5,0.5,0.5,10000,10000,2039.4,245.575,-594.325,0,0.7071068,0,-0.7071068;

custom,house12,default,5.25,1.5,4.5,1,0.5,0.5,0.5,10000,10000,1806,262,-784,0,0,0,0;
custom,house12,default,3.75,1.5,4.5,1,0.5,0.5,0.5,10000,10000,2026.5,262,-784,0,0,0,0;
custom,house12,default,5.25,1.5,4.5,1,0.5,0.5,0.5,10000,10000,1806,259,-928,0,0,0,0;
custom,house12,default,3.75,1.5,4.5,1,0.5,0.5,0.5,10000,10000,2026.5,259,-928,0,0,0,0;
custom,house12,default,5.25,1.5,4.5,1,0.5,0.5,0.5,10000,10000,1806,262,-1072,0,0,0,0;
custom,house12,default,3.75,1.5,4.5,1,0.5,0.5,0.5,10000,10000,2026.5,262,-1072,0,0,0,0;
custom,house13,default,1.5,1.05,1.5,1,0.9,0.9,0.9,10000,10000,1995,312.025,-889,0,1,0,0;
custom,house14,default,1.5,1.05,1.5,1,0.8,0.8,0.8,10000,10000,1942.5,302.5,-1046.5,0,0,0,1;
custom,house12,default,1.5,1.05,1.5,1,0.5,0.5,0.5,10000,10000,1882.5,293.5,-934,0,1,0,0;
custom,house12,default,1.5,1.05,1.5,1,0.5,0.5,0.5,10000,10000,1769.925,300.76,-991.06,0,-0.7071068,0,0.7071068;








custom,house14,default,1.2,1.2,1.2,1,0.8,0.8,0.8,10000,10000,1713.225,296.125,497.375,0,0.7071068,0,0.7071068;









custom,house10,default,1.8,1.8,1.8,0,1,1,1,10000,10000,2020.275,275.35,1908.65,0,0.7071068,0,-0.7071068;
custom,house10,default,1.8,1.8,1.8,0,1,1,1,10000,10000,2020.275,275.35,2016.65,0,0.7071068,0,-0.7071068;
custom,house10,default,1.8,1.8,1.8,0,1,1,1,10000,10000,2020.275,275.35,2124.65,0,0.7071068,0,-0.7071068;
custom,house10,default,1.8,1.8,1.8,0,1,1,1,10000,10000,2020.275,275.35,2232.65,0,0.7071068,0,-0.7071068;
custom,house10,default,1.8,1.8,1.8,0,1,1,1,10000,10000,2020.275,275.35,2340.65,0,0.7071068,0,-0.7071068;
custom,house10,default,1.8,1.8,1.8,0,1,1,1,10000,10000,2020.275,275.35,2448.65,0,0.7071068,0,-0.7071068;
custom,house10,default,1.8,1.8,1.8,0,1,1,1,10000,10000,2020.275,275.35,2556.65,0,0.7071068,0,-0.7071068;
custom,house10,default,1.8,1.8,1.8,0,1,1,1,10000,10000,2020.275,275.35,2664.65,0,0.7071068,0,-0.7071068;
custom,house12,default,3.75,1.5,3.75,1,0.5,0.5,0.5,10000,10000,1968.975,227.5,2021,0,0.7071068,0,-0.7071068;
custom,house12,default,2.25,1.5,3.75,1,0.5,0.5,0.5,10000,10000,1968.975,236.5,2159.525,0,0.7071068,0,-0.7071068;
custom,house12,default,3.75,1.5,3.75,1,0.5,0.5,0.5,10000,10000,1970.475,232,2301.5,0,0.7071068,0,-0.7071068;
custom,house12,default,3.9,1.5,3,1,0.5,0.5,0.5,10000,10000,1973.625,244.075,2488.175,0,0.7071068,0,-0.7071068;
custom,house12,default,4.5,1.5,3,1,0.5,0.5,0.5,10000,10000,1974,241,2681,0,0.7071068,0,-0.7071068;
custom,house14,default,1.5,1.8,1.5,1,0.8,0.8,0.8,10000,10000,2027.4,254.5,2525.525,0,0.7071068,0,-0.7071068;



custom,house13,default,1.8,1.5,1.8,1,0.9,0.9,0.9,10000,10000,1487.4,273.25,2753,0,-0.7071068,0,0.7071068;
custom,house12,default,2.25,1.5,1.5,1,0.5,0.5,0.5,10000,10000,1689,248.8,2754.05,0,0,0,0;
custom,house12,default,2.25,1.5,1.5,1,0.5,0.5,0.5,10000,10000,1799.25,248.8,2754.05,0,0,0,0;
custom,house12,default,2.25,1.5,1.5,1,0.5,0.5,0.5,10000,10000,1909.5,248.8,2754.05,0,0,0,0;
custom,house14,default,1.8,1.5,-1.5,1,0.8,0.8,0.8,10000,10000,1885.5,264.55,2627.375,0,0.3842338,0,0.9232358;
custom,house12,default,2.25,0.75,1.5,1,0.5,0.5,0.5,10000,10000,1896.3,266.8,2682.8,0,0.7071068,0,-0.7071068;
custom,house12,default,2.25,0.75,1.5,1,0.5,0.5,0.5,10000,10000,1851.525,264.325,2715.5,0,0.7071068,0,-0.7071068;
custom,house12,default,1.5,0.75,1.5,1,0.5,0.5,0.5,10000,10000,1808.025,261.25,2707.025,0,0.7071068,0,0.7071068;
custom,house12,default,1.05,0.75,1.8,1,0.5,0.5,0.5,10000,10000,1757.775,261.925,2728.325,0,0.7071068,0,0.7071068;
custom,house12,default,2.5875,1.5,1.5,1,0.5,0.5,0.5,10000,10000,1380,249.25,2753,0,0,0,0;
custom,house12,default,2.5875,1.5,1.5,1,0.5,0.5,0.5,10000,10000,1377,208.525,2591,0,0,0,0;
custom,house12,default,2.5875,1.5,1.5,1,0.5,0.5,0.5,10000,10000,1377,208.525,2636,0,0,0,0;
custom,house12,default,2.5875,1.5,1.5,1,0.5,0.5,0.5,10000,10000,1377,208.525,2681,0,0,0,0;
custom,house12,default,2.5875,1.5,1.5,1,0.5,0.5,0.5,10000,10000,1377,213.025,2726,0,0,0,0;
custom,tower5,default,1.5,1.5,1.5,1,0.7,0.7,0.7,10000,10000,1419.45,231.775,2602.1,0,0.7071068,0,0.7071068;
custom,cuboid,house9mat2,63,4.5,1.5,1,0.3,0.3,0.3,4.2,0.1,1009.5,256.225,2771,0,0,0,0;

custom,house10,default,2.1,1.5,1.5,0,1,1,1,10000,10000,565.5,281.2,2782.25,0,0.7071068,0,0.7071068;
custom,house10,default,1.5,1.5,1.5,0,1,1,1,10000,10000,498,281.5,2787.425,0,0,0,-1;
custom,house10,default,1.5,1.5,1.5,0,1,1,1,10000,10000,588,281.5,2787.425,0,0,0,-1;
custom,house10,default,1.5,1.5,1.5,0,1,1,1,10000,10000,678,281.5,2787.425,0,0,0,-1;
custom,house10,default,1.5,1.5,1.5,0,1,1,1,10000,10000,862.5,281.5,2787.425,0,0,0,-1;
custom,house10,default,1.5,1.5,1.5,0,1,1,1,10000,10000,1057.5,281.5,2787.425,0,0,0,-1;
custom,cuboid,stone4,10.5,4.5,4.5,1,0.35,0.35,0.35,3.5,1.5,613.5,259,2733.5,0,0,0,0;
custom,cuboid,stone4,7.5,4.5,3,1,0.35,0.35,0.35,2.5,1,598.5,259,2696,0,0,0,0;
custom,cuboid,stone4,3,4.5,3,1,0.35,0.35,0.35,1.00001,1.00001,576,259,2666,0,0,0,0;
custom,house4,default,1.05,1.05,1.05,1,0.5,0.5,0.5,10000,10000,591.7875,274.8625,2709.7175,0,0.9470996,0,0.3209397;
custom,house12,default,3,1.5,1.5,1,0.5,0.5,0.5,10000,10000,514.275,249.4,2707.25,0,0.7071068,0,0.7071068;
custom,house12,default,3,1.5,1.5,1,0.5,0.5,0.5,10000,10000,459.2175,249.4,2707.25,0,0.7071068,0,0.7071068;
custom,house12,default,3,1.5,1.5,1,0.5,0.5,0.5,10000,10000,404.16,249.4,2707.25,0,0.7071068,0,0.7071068;
custom,house12,default,3,1.5,1.5,1,0.5,0.5,0.5,10000,10000,349.1025,249.4,2707.25,0,0.7071068,0,0.7071068;

custom,house12,default,1.8,1.5,1.8,1,0.5,0.5,0.5,10000,10000,303.9,248.74,2746.625,0,0,0,1;
custom,house12,default,-1.8,1.5,1.8,1,0.5,0.5,0.5,10000,10000,215.85,248.74,2746.625,0,0,0,1;
custom,house12,default,1.8,1.5,1.8,1,0.5,0.5,0.5,10000,10000,127.8,248.74,2746.625,0,0,0,1;


custom,cuboid,stone4,45,4.5,16.5,1,0.35,0.35,0.35,15,5.5,345,244.975,2718.5,0,0,0,0;
custom,cuboid,stone4,28.5,4.5,10.5,1,0.35,0.35,0.35,9.5,3.5,262.5,244.975,2583.5,0,0,0,0;
custom,cuboid,stone4,6,4.5,6,1,0.35,0.35,0.35,2,2,435,244.975,2606,0,0,0,0;
custom,cuboid,stone4,6,4.5,3,1,0.35,0.35,0.35,2,1,495,244.975,2621,0,0,0,0;
custom,cuboid,stone4,1.5,4.5,1.5,1,0.35,0.35,0.35,0.5,0.5,472.5,244.975,2598.5,0,0,0,0;
custom,cuboid,stone4,3,4.5,1.5,1,0.35,0.35,0.35,1,0.5,135,244.975,2523.5,0,0,0,0;
custom,cuboid,wood1,16.5,3,3,0,1,1,1,2.2,0.4,247.5,266.2,2744,0,0,0,0;



custom,house10,default,1.5,1.35,1.5,0,1,1,1,10000,10000,139.95,283,2763.725,0,0.7071068,0,0.7071068;
custom,house10,default,1.5,1.35,1.5,0,1,1,1,10000,10000,139.95,283,2673.725,0,0.7071068,0,0.7071068;
custom,house10,default,1.05,1.35,1.5,0,1,1,1,10000,10000,139.95,283,2578.55,0,0.7071068,0,0.7071068;
custom,house13,default,1.2,1.2,-1.2,1,0.9,0.9,0.9,10000,10000,189,267.25,2598.5,0,0,0,-1;
custom,house12,default,1.2,1.2,1.2,1,0.5,0.5,0.5,10000,10000,266.25,255.025,2669.75,0,0,0,0;


custom,house14,default,1.5,1.5,1.5,1,0.8,0.8,0.8,10000,10000,-70.95,244.75,2523.5,0,0,0,1;
custom,cuboid,stone4,60,3,30,1,0.35,0.35,0.35,20,10,-195,268,2628.5,0,0,0,0;
custom,cuboid,stone4,24,4.5,16.5,1,0.35,0.35,0.35,8,5.5,-375,260.5,2396,0,0,0,0;
custom,cuboid,stone4,6,4.5,4.5,1,0.35,0.35,0.35,2,1.5,-232.5,260.5,2456,0,0,0,0;
custom,house10,default,1.8,1.2,1.8,0,1,1,1,10000,10000,96,304.15,2813,0,0.7071068,0,0.7071068;
custom,house11,default,1.65,-1.05,-1.65,0,1,1,1,10000,10000,63.75,311.5,2636,0,0.7071068,0,0.7071068;
custom,house10,default,1.5,1.2,1.8,0,1,1,1,10000,10000,96,304.15,2606,0,0.7071068,0,0.7071068;
custom,house10,default,1.8,1.125,1.5,0,1,1,1,10000,10000,-79.35,297.1,2733.5,0,0,0,0;
custom,house10,default,1.8,1.125,1.5,0,1,1,1,10000,10000,-187.35,297.1,2733.5,0,0,0,0;
custom,house10,default,1.8,1.125,1.5,0,1,1,1,10000,10000,-295.35,297.1,2733.5,0,0,0,0;
custom,house10,default,1.8,1.125,1.5,0,1,1,1,10000,10000,-403.35,297.1,2733.5,0,0,0,0;
custom,house10,default,1.8,1.125,1.5,0,1,1,1,10000,10000,-511.35,294.1,2733.5,0,0,0,0;

custom,house10,default,0.75,1.2,1.8,0,1,1,1,10000,10000,-333,304.15,2822.3525,0,0.7071068,0,0.7071068;
custom,house10,default,1.5,1.2,1.8,0,1,1,1,10000,10000,-333,304.15,2786,0,0.7071068,0,0.7071068;
custom,house10,default,1.5,1.2,1.8,0,1,1,1,10000,10000,-333,304.15,2696,0,0.7071068,0,0.7071068;
custom,house10,default,1.5,1.2,1.8,0,1,1,1,10000,10000,-333,304.15,2606,0,0.7071068,0,0.7071068;
custom,house10,default,1.5,1.2,1.8,0,1,1,1,10000,10000,-333,304.15,2516,0,0.7071068,0,0.7071068;
custom,house10,default,1.5,1.2,1.8,0,1,1,1,10000,10000,-333,304.15,2426,0,0.7071068,0,0.7071068;

custom,house10,default,2.25,1.5,1.8,0,1,1,1,10000,10000,-515.25,277.9,2178.5,0,0,0,-1;
custom,house14,default,2.55,1.8,1.8,1,0.8,0.8,0.8,10000,10000,-471.525,263.2,2049.5,0,0.7071068,0,0.7071068;
custom,house12,default,2.25,0.75,2.25,1,0.5,0.5,0.5,10000,10000,-401.625,259.3,2122.025,0,0,0,-1;
custom,house12,default,2.25,0.75,2.25,1,0.5,0.5,0.5,10000,10000,-401.625,259.3,2066,0,0,0,-1;
custom,house12,default,1.5,0.75,1.5,1,0.5,0.5,0.5,10000,10000,-420,260.5,2013.5,0,0,0,-1;

custom,house10,default,1.5,1.5,1.5,0,1,1,1,10000,10000,-103.125,287.65,2498,0,1,0,0;
custom,house10,default,1.8,1.5,1.5,0,1,1,1,10000,10000,-303.21,287.65,2456.735,0,-0.3842338,0,0.9232358;
custom,house10,default,1.5,1.5,1.5,0,1,1,1,10000,10000,-238.4025,287.65,2486.54,0,0.7071068,0,0.7071068;
custom,house10,default,1.35,1.5,1.5,0,1,1,1,10000,10000,-238.4025,287.65,2394.815,0,0.7071068,0,0.7071068;
custom,house10,default,1.5,1.5,1.5,0,1,1,1,10000,10000,-228.45,267.175,2521.625,0,0,0,0;
custom,house10,default,-1.5,1.5,1.5,0,1,1,1,10000,10000,-200.7375,267.175,2526.3275,0,-0.3842338,0,0.9232358;
custom,house12,default,3,0.15,1.5,1,0.5,0.5,0.5,10000,10000,-198,284.35,2472.65,0,0.282629,0,-0.9592293;
custom,house12,default,1.5,1.5,1.5,1,0.5,0.5,0.5,10000,10000,-279,267.4,2648,0,0,0,0;
custom,house12,default,1.5,1.5,1.5,1,0.5,0.5,0.5,10000,10000,-189,267.4,2648,0,0,0,0;
custom,house12,default,1.5,1.5,1.5,1,0.5,0.5,0.5,10000,10000,-99,267.4,2648,0,0,0,0;

custom,house12,default,1.5,1.5,1.5,1,0.5,0.5,0.5,10000,10000,-279,267.4,2588,0,0,0,0;
custom,house12,default,1.5,1.5,1.5,1,0.5,0.5,0.5,10000,10000,-189,267.4,2588,0,0,0,0;
custom,house12,default,1.5,1.5,1.5,1,0.5,0.5,0.5,10000,10000,-99,267.4,2588,0,0,0,0;

custom,house12,default,1.2,1.2,1.2,1,0.5,0.5,0.5,10000,10000,-311.25,270.4,2355.5,0,0.7071068,0,-0.7071068;
custom,house12,default,1.2,1.2,1.2,1,0.5,0.5,0.5,10000,10000,-311.25,270.4,2430.5,0,0.7071068,0,-0.7071068;
custom,house12,default,1.2,1.2,1.2,1,0.5,0.5,0.5,10000,10000,-311.25,270.4,2505.5,0,0.7071068,0,-0.7071068;




custom,house12,default,1.5,0.225,1.5,1,0.5,0.5,0.5,10000,10000,21,310.225,2748.125,0,0.7071068,0,0.7071068;
custom,house12,default,1.5,0.225,1.5,1,0.5,0.5,0.5,10000,10000,-30,310.225,2748.125,0,0.7071068,0,0.7071068;
custom,house12,default,1.5,0.225,1.5,1,0.5,0.5,0.5,10000,10000,-81,310.225,2748.125,0,0.7071068,0,0.7071068;
custom,house12,default,1.5,0.225,1.5,1,0.5,0.5,0.5,10000,10000,-132,310.225,2748.125,0,0.7071068,0,0.7071068;
custom,house12,default,1.5,0.225,1.5,1,0.5,0.5,0.5,10000,10000,-183,310.225,2748.125,0,0.7071068,0,0.7071068;
custom,house12,default,1.5,0.225,1.5,1,0.5,0.5,0.5,10000,10000,-234,310.225,2748.125,0,0.7071068,0,0.7071068;
custom,house12,default,1.5,0.225,1.5,1,0.5,0.5,0.5,10000,10000,-285,310.225,2748.125,0,0.7071068,0,0.7071068;
custom,house12,default,1.5,0.225,1.5,1,0.5,0.5,0.5,10000,10000,-336,310.225,2748.125,0,0.7071068,0,0.7071068;
custom,house12,default,1.575,0.225,1.5,1,0.5,0.5,0.5,10000,10000,-387,310.225,2748.125,0,0.7071068,0,0.7071068;
custom,house12,default,1.575,0.225,1.5,1,0.5,0.5,0.5,10000,10000,-438,310.225,2748.125,0,0.7071068,0,0.7071068;
custom,house12,default,1.575,0.225,1.5,1,0.5,0.5,0.5,10000,10000,-489,310.225,2748.125,0,0.7071068,0,0.7071068;


custom,house12,default,2.55,0.75,1.5,1,0.5,0.5,0.5,10000,10000,-437.25,278.5,2658.5,0,0,0,1;
custom,house12,default,2.55,0.75,1.5,1,0.5,0.5,0.5,10000,10000,-437.25,278.5,2606,0,0,0,1;
custom,house12,default,2.55,0.75,1.5,1,0.5,0.5,0.5,10000,10000,-437.25,278.5,2553.5,0,0,0,1;
custom,house12,default,2.55,0.75,1.5,1,0.5,0.5,0.5,10000,10000,-437.25,278.5,2501,0,0,0,1;
custom,house12,default,2.55,0.75,1.5,1,0.5,0.5,0.5,10000,10000,-437.25,278.5,2448.5,0,0,0,1;
custom,house12,default,2.55,0.75,1.5,1,0.5,0.5,0.5,10000,10000,-437.25,278.5,2396,0,0,0,1;
custom,house12,default,2.55,0.75,1.5,1,0.5,0.5,0.5,10000,10000,-437.25,278.5,2343.5,0,0,0,1;
custom,house12,default,2.55,0.75,1.5,1,0.5,0.5,0.5,10000,10000,-437.25,278.5,2291,0,0,0,1;
custom,house12,default,2.55,0.75,1.5,1,0.5,0.5,0.5,10000,10000,-437.25,278.5,2238.5,0,0,0,1;
custom,house12,default,2.55,0.75,1.5,1,0.5,0.5,0.5,10000,10000,-437.25,278.5,2186,0,0,0,1;


custom,cuboid,house9mat2,1.5,1.5,52.5,1,0.3,0.3,0.3,0.1,3.5,-477,277.15,1706,0,0,0,0;
custom,cuboid,house9mat2,1.5,1.5,60,1,0.3,0.3,0.3,0.1,4,-477,277.15,978.5,0,0,0,0;


custom,house10,default,1.5,1.5,1.5,0,1,1,1,10000,10000,-510,289.6,1857.05,0,0.7071068,0,-0.7071068;
custom,house10,default,1.5,1.5,1.5,0,1,1,1,10000,10000,-510,289.6,1522.595,0,0.7071068,0,-0.7071068;
custom,house10,default,1.5,1.5,1.5,0,1,1,1,10000,10000,-510,289.6,1432.595,0,0.7071068,0,-0.7071068;

custom,house10,default,1.5,1.5,1.5,0,1,1,1,10000,10000,-510,292,1101.845,0,0.7071068,0,-0.7071068;
custom,house10,default,1.5,1.5,1.5,0,1,1,1,10000,10000,-510,292,971,0,0.7071068,0,-0.7071068;
custom,house10,default,1.5,1.5,1.5,0,1,1,1,10000,10000,-510,292,626,0,0.7071068,0,-0.7071068;
custom,house10,default,1.5,1.5,1.5,0,1,1,1,10000,10000,-510,294.25,716,0,0.7071068,0,-0.7071068;
custom,tower5,default,1.5,1.5,1.5,1,0.7,0.7,0.7,10000,10000,-457.125,244.885,667.475,0,0,0,1;
custom,house10,default,1.5,1.5,1.5,0,1,1,1,10000,10000,-533.7,299.725,666.29,0,0,0,1;


custom,house12,default,3,0.75,1.8,1,0.5,0.5,0.5,10000,10000,-412.65,267.7,619.625,0,0,0,0;
custom,house12,default,3,0.75,1.8,1,0.5,0.5,0.5,10000,10000,-412.65,267.7,559.625,0,0,0,0;
custom,house12,default,3,0.75,1.8,1,0.5,0.5,0.5,10000,10000,-412.65,267.7,499.625,0,0,0,0;
custom,house12,default,3,0.75,1.8,1,0.5,0.5,0.5,10000,10000,-412.65,267.7,439.625,0,0,0,0;
custom,house12,default,3,0.75,1.8,1,0.5,0.5,0.5,10000,10000,-412.65,267.7,379.625,0,0,0,0;
custom,house12,default,3,0.75,1.8,1,0.5,0.5,0.5,10000,10000,-412.65,267.7,319.625,0,0,0,0;
custom,house12,default,3,0.75,1.8,1,0.5,0.5,0.5,10000,10000,-412.65,267.7,259.625,0,0,0,0;
custom,house12,default,3,0.6,1.8,1,0.5,0.5,0.5,10000,10000,-412.65,281.95,204.5,0,0,0,0;
custom,house12,default,3,0.6,1.8,1,0.5,0.5,0.5,10000,10000,-412.65,281.95,33.5,0,0,0,0;
custom,house12,default,3,0.6,1.8,1,0.5,0.5,0.5,10000,10000,-412.65,281.95,-26.5,0,0,0,0;

custom,house12,default,3,0.15,4.5,1,0.5,0.5,0.5,10000,10000,-412.65,290.5,120.2,0,0,0,-1;
custom,house13,default,1.05,1.05,1.05,1,0.9,0.9,0.9,10000,10000,-380.775,280.75,589.7,0,-0.7071068,0,-0.7071068;

custom,house12,default,1.05,1.05,1.05,1,0.5,0.5,0.5,10000,10000,-441.375,274,499.175,0,0.7071068,0,-0.7071068;
custom,house12,default,1.05,1.05,1.05,1,0.5,0.5,0.5,10000,10000,-441.375,274,410,0,0.7071068,0,-0.7071068;
custom,house12,default,1.05,1.05,1.05,1,0.5,0.5,0.5,10000,10000,-441.375,274,410,0,0.7071068,0,-0.7071068;


custom,house10,default,1.5,1.5,1.5,0,1,1,1,10000,10000,-457.5,280.525,-44.5,0,0,0,1;
custom,house10,default,1.5,1.5,1.5,0,1,1,1,10000,10000,-390.15,280.525,-59.05,0,0.7071068,0,0.7071068;
custom,house10,default,1.5,1.5,1.5,0,1,1,1,10000,10000,-390.15,280.525,-149.05,0,0.7071068,0,0.7071068;
custom,house10,default,1.5,1.5,1.5,0,1,1,1,10000,10000,-457.5,280.525,-237.1,0,0,0,1;


custom,house12,default,3,0.6,1.8,1,0.5,0.5,0.5,10000,10000,-412.65,281.95,-308.5,0,0,0,0;

customb,house1,default,3,0.015,4.5,1,0.4,0.4,0.4,10000,10000,-450,293.275,-163,0,0,0,0;
custom,house12,default,3,0.75,3.3,1,0.5,0.5,0.5,10000,10000,-427.5,278.8,-415,0,0.7071068,0,0.7071068;
custom,house12,default,3,0.75,3.3,1,0.5,0.5,0.5,10000,10000,-427.5,272.8,-562,0,0.7071068,0,0.7071068;
custom,house12,default,3.3,0.75,3.3,1,0.5,0.5,0.5,10000,10000,-427.5,278.8,-701.5,0,0.7071068,0,0.7071068;
custom,house12,default,3,0.6,1.8,1,0.5,0.5,0.5,10000,10000,-442.5,277,-814,0,0,0,0;
custom,house12,default,3,0.6,1.8,1,0.5,0.5,0.5,10000,10000,-442.5,275.35,-859,0,0,0,0;
custom,house12,default,3,0.6,1.8,1,0.5,0.5,0.5,10000,10000,-442.5,273.7,-904,0,0,0,0;
custom,house12,default,3,0.6,1.8,1,0.5,0.5,0.5,10000,10000,-442.5,272.05,-949,0,0,0,0;
custom,house12,default,3,0.6,1.8,1,0.5,0.5,0.5,10000,10000,-442.5,272.05,-994,0,0,0,0;
custom,house12,default,3,0.6,1.8,1,0.5,0.5,0.5,10000,10000,-442.5,272.95,-1039,0,0,0,0;
custom,house12,default,3,0.6,1.8,1,0.5,0.5,0.5,10000,10000,-442.5,275.5,-1084,0,0,0,0;
custom,house14,default,1.5,1.05,1.5,1,0.8,0.8,0.8,10000,10000,-442.5,284.5,-979,0,0.7071068,0,0.7071068;


custom,house10,default,1.5,1.5,1.5,0,1,1,1,10000,10000,-346.95,291.775,-762.025,0,0.7071068,0,0.7071068;
custom,house10,default,1.5,1.5,1.5,0,1,1,1,10000,10000,-346.95,291.775,-852.025,0,0.7071068,0,0.7071068;
custom,house10,default,1.5,1.5,1.5,0,1,1,1,10000,10000,-346.95,291.775,-942.025,0,0.7071068,0,0.7071068;
custom,house10,default,1.5,1.5,1.5,0,1,1,1,10000,10000,-346.95,291.775,-1032.025,0,0.7071068,0,0.7071068;


custom,house14,default,1.5,1.5,1.5,1,0.8,0.8,0.8,10000,10000,-313.8,285.25,-1021,0,0,0,1;
custom,house12,default,3,1.5,1.5,1,0.5,0.5,0.5,10000,10000,-221.325,255.775,-1061.05,0,0.7071068,0,-0.7071068;
customb,house1,default,6,0.075,1.5,1,0.4,0.4,0.4,10000,10000,-276.225,309.1,-1053.325,0,0,0,1;
custom,house12,default,3.15,0.75,3,1,0.5,0.5,0.5,10000,10000,-139.5,285.25,-1049.575,0,1,0,0;
custom,house12,default,3.15,0.75,3,1,0.5,0.5,0.5,10000,10000,-4.5,277,-1049.575,0,1,0,0;
custom,house12,default,3.9,0.75,3,1,0.5,0.5,0.5,10000,10000,150,285.25,-1049.575,0,1,0,0;


custom,cuboid,house9mat2,10.5,0.3,4.125,1,0.3,0.3,0.3,1,0.2,373.5,237.25,241.25,0,0,0,0;
custom,cuboid,house9mat2,12,0.3,7.125,1,0.3,0.3,0.3,1,0.2,99.3,237.925,134,0,0.7071068,0,0.7071068;
custom,cuboid,house9mat2,11.34,0.3,4.125,1,0.3,0.3,0.3,1,0.2,215.175,235.375,-167.125,0,0.7071068,0,0.7071068;
custom,cuboid,house9mat2,7.5,0.3,4.5,1,0.3,0.3,0.3,1,0.2,416.25,235.225,-155.5,0,0.7071068,0,0.7071068;
custom,cuboid,house9mat2,6,3.3,1.5,1,0.3,0.3,0.3,-0.8,0.066,446.25,220.225,-148,0,0.7071068,0,0.7071068;
custom,cuboid,house9mat2,3,3.3,1.5,1,0.3,0.3,0.3,0.4,0.066,461.25,220.225,-155.5,0,0.7071068,0,0.7071068;
custom,cuboid,house9mat2,11.34,0.3,4.125,1,0.3,0.3,0.3,1,0.2,603.225,233.425,-501.1,0,0.7071068,0,0.7071068;
custom,cuboid,house9mat2,11.34,0.3,3.75,1,0.3,0.3,0.3,1,0.2,1006.8,240.4,-350.05,0,0.7071068,0,0.7071068;
custom,cuboid,house9mat2,6,0.3,4.965,1,0.3,0.3,0.3,1,0.2,715.875,234.175,-415,0,0,0,1;
custom,cuboid,house9mat2,13.5,0.75,3.45,1,0.3,0.3,0.3,1,0.2,1377.75,236.8,-89.9275,0,0.7071068,0,0.7071068;
custom,cuboid,house9mat2,16.5,0.3,5.25,1,0.3,0.3,0.3,1,0.2,1226.4,254.725,307.925,0,0.7071068,0,0.7071068;
custom,cuboid,house9mat2,13.2,0.3,4.5,1,0.3,0.3,0.3,1,0.2,1137.7923,259.16509,714.31805,0,0.4850952,0,0.8744614;
custom,cuboid,house9mat2,9,0.3,4.575,1,0.3,0.3,0.3,1,0.2,1073.25,274.975,1380.35,0,0.7071068,0,0.7071068;
custom,cuboid,house9mat2,11.4,0.3,4.575,1,0.3,0.3,0.3,1,0.2,275.325,271.525,2168.9,0,0,0,0;
custom,cuboid,house9mat2,11.4,0.375,4.575,1,0.3,0.3,0.3,1,0.2,630.075,272.875,2304.575,0,0,0,0;
custom,cuboid,house9mat2,11.4,0.375,4.575,1,0.3,0.3,0.3,1,0.2,999.675,288.625,2598.5,0,0,0,0;
custom,cuboid,house9mat2,17.25,0.375,4.575,1,0.3,0.3,0.3,1,0.2,1919.4,274.45,2489.075,0,0.6858185,0,0.7277727;
custom,cuboid,house9mat2,12,0.375,4.575,1,0.3,0.3,0.3,1,0.2,1880.775,277.675,2067.35,0,0.7071068,0,0.7071068;
custom,cuboid,house9mat2,19.5,0.75,4.575,1,0.3,0.3,0.3,1,0.2,1542.075,305.5,582.5,0,0.7071068,0,0.7071068;
custom,cuboid,house9mat2,10.5,0.375,7.575,1,0.3,0.3,0.3,1,0.2,2013.6,292.6,-304,0,0.7071068,0,0.7071068;
custom,cuboid,house9mat2,12,0.375,4.5375,1,0.3,0.3,0.3,1,0.2,1221.975,285.55,-332.95,0,0,0,0;
custom,cuboid,house9mat2,22.5,0.75,9.0375,1,0.3,0.3,0.3,1,0.2,1004.025,307.6,-957.625,0,0,0,0;
custom,cuboid,house9mat2,19.5,0.75,4.5375,1,0.3,0.3,0.3,1,0.2,570,307.6,-935.125,0,0,0,0;
custom,cuboid,house9mat2,15,0.675,7.5,1,0.3,0.3,0.3,1,0.2,-367.65,282.325,-168.625,0,0.7071068,0,0.7071068;
custom,cuboid,house9mat2,19.5,0.75,4.5375,1,0.3,0.3,0.3,1,0.2,2.925,283.825,-548.95,0,0,0,0;
custom,cuboid,house9mat2,19.5,0.75,4.5,1,0.3,0.3,0.3,1,0.2,81,278.2,-362.95,0,0.7071068,0,0.7071068;
custom,cuboid,house9mat2,15,0.75,4.65,1,0.3,0.3,0.3,1,0.2,-170.025,281.125,566,0,0.7071068,0,0.7071068;
custom,cuboid,house9mat2,12.75,0.75,4.95,1,0.3,0.3,0.3,1,0.2,-445.8,290.5,1778,0,0.7071068,0,0.7071068;
custom,cuboid,house9mat2,10.5,0.375,4.95,1,0.3,0.3,0.3,1,0.2,67.05,311.02,2636,0,0.7071068,0,0.7071068;
custom,cuboid,house9mat2,12,0.375,3.75,1,0.3,0.3,0.3,1,0.2,308.1,231.325,410.075,0,0,0,0;
custom,cuboid,house9mat2,12,3,4.5,1,0.3,0.3,0.3,0.8,0.3,432.6,226.3225,1923.425,0,0.3730613,0,-0.9278067;
custom,cuboid,house9mat2,16.5,3,4.5,1,0.3,0.3,0.3,1.1,0.3,247.5,213.1,1426.25,0,0,0,0;
custom,cuboid,house9mat2,7.5,3,6,1,0.3,0.3,0.3,0.5,0.4,292.5,213.1,1373.75,0,0,0,0;
custom,cuboid,house9mat2,3,4.5,3,1,0.3,0.3,0.3,0.2,0.2,24,221.5,1395.5,0,0,0,0;

custom,house10,default,1.5,1.5,1.5,0,1,1,1,10000,10000,107.925,252.7,91.625,0,0.7071068,0,0.7071068;
custom,house10,default,1.5,1.5,1.5,0,1,1,1,10000,10000,107.925,258.7,1.625,0,0.7071068,0,0.7071068;
custom,house10,default,1.5,1.5,1.5,0,1,1,1,10000,10000,107.925,258.7,-88.375,0,0.7071068,0,0.7071068;


custom,house10,default,1.5,1.5,1.05,0,1,1,1,10000,10000,254.7,241,-2.05,0,0.7071068,0,0.7071068;
custom,house10,default,1.5,1.5,1.05,0,1,1,1,10000,10000,254.7,238,-92.05,0,0.7071068,0,0.7071068;
custom,house10,default,1.5,1.5,1.05,0,1,1,1,10000,10000,254.7,241,-182.05,0,0.7071068,0,0.7071068;


custom,house12,default,0.75,0.75,0.75,1,0.5,0.5,0.5,10000,10000,235.95,219.25,-300.625,0,-0.7071068,0,0.7071068;


custom,cuboid,house9mat2,4.5,3,34.5,1,0.3,0.3,0.3,0.3,2.3,930,234.7,-101.5,0,0,0,0;
custom,cuboid,house9mat2,12,3,3,1,0.3,0.3,0.3,0.8,0.2,877.5,234.7,86,0,0,0,0;
custom,cuboid,house9mat2,9,3,1.5,1,0.3,0.3,0.3,0.6,0.1,877.5,234.7,108.5,0,0,0,0;


custom,cuboid,house9mat2,43.5,3,4.5,1,0.3,0.3,0.3,2.9,0.3,435,235,1623.5,0,0,0,0;
custom,cuboid,house9mat2,4.5,3,13.5,1,0.3,0.3,0.3,0.3,0.9,195,235,1668.5,0,0,0,0;
custom,cuboid,house9mat2,1.5,3,9,1,0.3,0.3,0.3,0.1,0.6,165,235,1676,0,0,0,0;


custom,elevator1,default,3,-2.25,1.5,0,1,1,1,10000,10000,-12.75,268,983,0,0.8673382,0,0.4977192;
customb,house1,default,3,0.15,1.5,1,0.4,0.4,0.4,10000,10000,-301.1157,257.5,2126.9,0,0.9806236,0,-0.1959017;
custom,cuboid,house9mat2,6,4.5,10.5,1,0.3,0.3,0.3,0.3,0.5,-127.5,278.5,-341.5,0,0,0,0;


custom,cuboid,house9mat2,3,3,3,1,0.3,0.3,0.3,0.5,0.5,-281.85,197.875,1941.5,0,0,0,0;

custom,cuboid,house9mat2,37.5,1.5,13.5,1,0.3,0.3,0.3,5,2,285,211,-686.5,0,0,0,0;

custom,house11,default,3,-1.8,-2.25,0,1,1,1,10000,10000,285,210.25,-634,0,0,0,0;
custom,house11,default,3,-1.8,2.25,0,1,1,1,10000,10000,285,210.25,-709,0,0,0,0;
custom,cuboid,house9mat2,9,3,3,1,0.3,0.3,0.3,0.6,0.2,412.5,202,-649,0,0,0,0;
custom,cuboid,house9mat2,6,3,3,1,0.3,0.3,0.3,0.6,0.2,397.5,202,-739,0,0,0,0;
custom,cuboid,house9mat2,3,3,7.5,1,0.3,0.3,0.3,0.2,0.6,451.5,202,-701.5,0,0,0,0;
custom,cuboid,house9mat2,1.5,3,4.5,1,0.3,0.3,0.3,0.2,0.6,375,202,-701.5,0,0,0,0;
custom,cuboid,house9mat2,1.5,3,4.5,1,0.3,0.3,0.3,0.2,0.6,420,202,-701.5,0,0,0,0;
custom,cuboid,house9mat2,0.75,3,4.5,1,0.3,0.3,0.3,0.3,0.3,191.25,202,-641.5,0,0,0,0;
custom,cuboid,house9mat2,0.75,3,3,1,0.3,0.3,0.3,0.3,0.2,191.25,202,-694,0,0,0,0;
custom,cuboid,house9mat2,6,6,6,1,0.3,0.3,0.3,0.4,0.4,165,187,-716.5,0,0,0,0;
custom,cuboid,house9mat2,6,3,0.75,1,0.3,0.3,0.3,0.3,0.3,165,202,-615.25,0,0,0,0;
custom,cuboid,house9mat2,3,3,9.75,1,0.3,0.3,0.3,0.3,0.3,120,202,-697.75,0,0,0,0;
custom,cuboid,house9mat2,3,3,2.25,1,0.3,0.3,0.3,0.3,0.3,120,202,-622.75,0,0,0,0;
custom,cuboid,house9mat2,37.5,1.5,13.5,1,0.3,0.3,0.3,5,2,285,187.3,-686.5,0,0,0,0;
custom,cuboid,gatemat,1.5,0.975,7.65,1,0.7,0.7,0.7,0.65,0.095,117.9,198.7,-660.4,0,0,0,0;



custom,cuboid,castle1tex,1.5,0.3,0.75,1,0.6,0.6,0.6,0.5,-0.5,405,196.3,-683.125,0,0,0,0;
custom,cuboid,castle1tex,1.5,0.3,0.75,1,0.6,0.6,0.6,0.5,-0.5,183.75,196.3,-645.25,0,0.7071068,0,0.7071068;
custom,cuboid,castle1tex,1.5,0.3,0.75,1,0.6,0.6,0.6,0.5,-0.5,142.5,196.3,-682.75,0,0,0,0;
custom,cuboid,castle1tex,1.5,0.3,0.75,1,0.6,0.6,0.6,0.5,-0.5,138.75,196.3,-671.5,0,0.7071068,0,0.7071068;
custom,cuboid,castle1tex,0.75,0.75,0.75,1,0.6,0.6,0.6,0.5,-0.5,386.60295,197.875,-718.9522,0,0.9999448,0,0.0105091;
custom,cuboid,castle1tex,0.75,0.75,0.75,1,0.6,0.6,0.6,0.5,-0.5,394.7379,197.875,-719.8915,0,0.9995148,0,-0.0311465;
custom,cuboid,castle1tex,0.75,0.75,0.75,1,0.6,0.6,0.6,0.5,-0.5,139.16145,197.875,-658.76035,0,0.6898525,0,-0.72395;
custom,cuboid,castle1tex,0.75,0.75,0.75,1,0.6,0.6,0.6,0.5,-0.5,182.48445,197.875,-658.72585,0,0.7071068,0,0.7071068;
custom,cuboid,castle1tex,0.375,0.3,0.375,1,0.6,0.6,0.6,0.5,-0.5,363.36945,196.3,-696.9517,0,0.852781,0,0.5222687;
custom,cuboid,castle1tex,0.375,0.3,0.375,1,0.6,0.6,0.6,0.5,-0.5,234.792,196.3,-697.13665,0,0.7355881,0,-0.6774291;
custom,cuboid,castle1tex,0.375,0.3,0.375,1,0.6,0.6,0.6,0.5,-0.5,224.5851,196.3,-644.3035,0,0.273879,0,0.9617642;
custom,cuboid,castle1tex,0.75,0.3,0.375,1,0.6,0.6,0.6,0.5,-0.5,320.39925,196.3,-644.5252,0,0.7071068,0,0.7071068;
custom,cuboid,castle1tex,0.75,0.3,0.375,1,0.6,0.6,0.6,0.5,-0.5,198.7953,196.3,-700.4269,0,1,0,0;
custom,cuboid,castle1tex,0.375,0.375,0.375,1,0.6,0.6,0.6,0.5,-0.5,254.63535,196.3,-658.51015,0,0.8528991,0,0.5220758;
custom,cuboid,bombexplosionTex,18,4.5,0.03,1,0.05,0.05,0.05,600,155,281.25,194.5,-681.25,0,0,0,0;
custom,cuboid,wood3,0.3,3,0.075,1,0.5,0.5,0.5,0.1,1.5,351,184,-681.25,0,0,0,0;
custom,cuboid,wood3,0.3,3,0.075,1,0.5,0.5,0.5,0.1,1.5,315,184,-681.25,0,0,0,0;
custom,cuboid,wood3,0.3,3,0.075,1,0.5,0.5,0.5,0.1,1.5,276,184,-681.25,0,0,0,0;
custom,cuboid,wood3,0.3,3,0.075,1,0.5,0.5,0.5,0.1,1.5,219,184,-681.25,0,0,0,0;
custom,cuboid,house9mat2,0.15,3,3,1,0.3,0.3,0.3,0.2,0.6,323.25,196,-697.15,0,0,0,0;
custom,cuboid,house9mat2,0.15,3,3,1,0.3,0.3,0.3,0.2,0.6,285,196,-697.15,0,0,0,0;
custom,cuboid,house9mat2,0.15,3,3,1,0.3,0.3,0.3,0.2,0.6,229.05,196,-697.15,0,0,0,0;
custom,cuboid,bombexplosionTex,18,4.5,0.03,1,0.05,0.05,0.05,600,155,281.25,194.5,-661.75,0,0,0,0;
custom,cuboid,wood3,0.3,3,0.075,1,0.5,0.5,0.5,0.1,1.5,332.25,184,-661.75,0,0,0,0;
custom,cuboid,wood3,0.3,3,0.075,1,0.5,0.5,0.5,0.1,1.5,294.75,184,-661.75,0,0,0,0;
custom,cuboid,wood3,0.3,3,0.075,1,0.5,0.5,0.5,0.1,1.5,237.75,184,-661.75,0,0,0,0;
custom,cuboid,wood3,0.3,3,0.075,1,0.5,0.5,0.5,0.1,1.5,202.5,184,-661.75,0,0,0,0;
custom,cuboid,house9mat2,0.15,3,3,1,0.3,0.3,0.3,0.2,0.6,323.25,196,-647.65,0,0,0,0;
custom,cuboid,house9mat2,0.15,3,3,1,0.3,0.3,0.3,0.2,0.6,285,196,-647.65,0,0,0,0;
custom,cuboid,house9mat2,0.15,3,3,1,0.3,0.3,0.3,0.2,0.6,229.05,196,-647.65,0,0,0,0;
custom,cuboid,grass,1.5,0.375,0.75,1,0.2,0.2,0.2,1,0.5,361.2114,193,-648.8758,0,0.6538569,0,0.7566182;
custom,cuboid,grass,1.5,0.375,0.75,1,0.2,0.2,0.2,1,0.5,277.6308,193,-650.2033,0,0.8119202,0,0.5837684;
custom,cuboid,grass,1.5,0.375,0.75,1,0.2,0.2,0.2,1,0.5,314.0571,193,-697.897,0,1,0,0;
custom,cuboid,grass,1.5,0.375,0.75,1,0.2,0.2,0.2,1,0.5,203.05695,193,-645.70915,0,0,0,1;







customb,house1,default,3,0.00015,1.5,1,0.4,0.4,0.4,10000,10000,1989.375,292.12,1855.775,0,0.2559962,0,-0.9666778;

custom,cuboid,house9mat2,1.5,4.5,1.5,1,0.3,0.3,0.3,0.1,0.1,1998,272.5,-661.75,0,0,0,0;
custom,house12,default,3,0.75,1.5,1,0.5,0.5,0.5,10000,10000,-485.25,277.075,845.15,0,0.7071068,0,0.7071068;

custom,house12,default,1.5,1.5,1.5,1,0.5,0.5,0.5,10000,10000,-467.25,274,2238.05,0,0.7071068,0,-0.7071068;


custom,house13,default,1.5,0.75,1.5,1,0.9,0.9,0.9,10000,10000,-396.075,302.35,2380.85,0,1,0,0;

custom,house12,default,1.5,0.75,1.5,1,0.5,0.5,0.5,10000,10000,-438,296.575,2671.625,0,0.7071068,0,-0.7071068;
custom,house14,default,1.5,0.75,1.5,1,0.8,0.8,0.8,10000,10000,-207.75,302.5,2771,0,1,0,0;


custom,cuboid,house9mat2,4.5,1.5,1.5,0,1,1,1,0.3,0.1,895.4625,226,1485.6275,0,0.7071068,0,-0.7071068;

customb,house1,default,4.5,0.3,3.6,1,0.4,0.4,0.4,10000,10000,1642.5,284.5,1463,0,1,0,0;

custom,cuboid,wood1,10.5,1.5,22.5,1,0.85,0.85,0.85,1.4,3,1657.5,273.1,1451,0,0,0,0;
custom,cuboid,wood1,10.5,1.5,22.5,1,0.5,0.5,0.5,1.4,3,1657.5,240.55,1451,0,0,0,0;
custom,cuboid,house9mat2,1.5,3,1.5,0,1,1,1,0.1,0.2,1695,254.5,1508,0,0,0,0;
custom,statue1,default,0.3,0.3,0.3,0,1,1,1,10000,10000,1623.9,247.825,1435.475,0,-0.8562946,0,-0.5164879;

custom,house4,default,1.05,1.05,1.05,1,0.5,0.5,0.5,10000,10000,1146.9,226.975,-17.3875,0,-0.7071068,0,-0.7071068;

custom,house4,default,1.05,1.05,1.05,1,0.5,0.5,0.5,10000,10000,1607.25,288.1,502.25,0,0,0,1;

custom,house4,default,1.5,1.5,1.5,1,0.5,0.5,0.5,10000,10000,952.5,222.4,1638.5,0,1,0,0;
custom,wagon1,default,1.65,1.5,1.5,1,0.5,0.5,0.5,10000,10000,1001.0871,237.64498,1632.5,0.1460306,0.0265266,0.0039171,-0.9889166;
custom,wagon1,default,1.65,1.5,1.5,1,0.5,0.5,0.5,10000,10000,1029.9759,237.614665,1635.5,-0.1477693,0.0230797,0.0034493,0.9887465;
custom,house4,default,0.75,0.75,0.75,1,0.5,0.5,0.5,10000,10000,733.65,232.06,2472.5,0,-0.3315493,0,0.9434379;
custom,wagon1,default,1.65,1.5,1.5,1,0.5,0.5,0.5,10000,10000,1129.1364,239.2,2519.3555,-0.0295061,-0.9681926,-0.138484,0.206288;

custom,wagon1,default,1.65,1.5,1.5,1,0.5,0.5,0.5,10000,10000,-210.80955,244.63,806.729,-0.1411594,0.1241736,0.0178494,0.9820063;

custom,wagon1,default,1.5,1.5,1.65,1,0.5,0.5,0.5,10000,10000,601.182,199.90027,1711.052,-0.0088373,0.9893017,0.1288391,0.0678581;

custom,house4,default,1.05,1.05,1.05,1,0.5,0.5,0.5,10000,10000,1349.7249,238.975,-751.9351,0,0.7071068,0,0.7071068;
custom,wagon1,default,1.5,1.5,1.65,1,0.5,0.5,0.5,10000,10000,1351.6563,244.93141,-785.8882,0.1057154,0.6440653,0.0905175,-0.7522039;
custom,house4,default,0.75,0.75,0.75,1,0.5,0.5,0.5,10000,10000,1660.5,299.95,260,0,-0.4446301,0,-0.8957143;


custom,house10,default,1.125,1.125,1.125,0,1,1,1,10000,10000,470.325,256.9,-787.9,0,1,0,0;
custom,house10,default,1.125,1.125,1.125,0,1,1,1,10000,10000,402.825,256.9,-787.9,0,1,0,0;

custom,cuboid,house9mat2,9,9,9,1,0.3,0.3,0.3,0.6,0.6,37.5,228.25,-724,0,0,0,0;
customb,arch1,default,1.8,1.5,0.7125,1,0.7,0.7,0.7,10000,10000,9,262,-651.25,0,1,0,0;
custom,house10,default,1.65,0.9,0.9,0,1,1,1,10000,10000,-27,257.5,-668.5,0,0,0,0;
custom,house10,default,-0.99999,0.9,0.9,0,1,1,1,10000,10000,102.75,258.7,-739,0,0.7071068,0,0.7071068;
custom,house11,default,-0.99999,0.8775,0.825,0,1,1,1,10000,10000,88.575,238.75,-756.025,0,0.7071068,0,0.7071068;
custom,cuboid,gatemat,1.5,0.975,7.65,1,0.7,0.7,0.7,0.65,0.095,-4.5,244,-672.6115,0,0,0,0;
custom,cuboid,house9mat2,3,3,3,1,0.3,0.3,0.3,0.4,0.4,-10.125,243.625,-672.55,0,0,0,0;
custom,cuboid,house9mat2,3,3,3,1,0.3,0.3,0.3,0.4,0.4,-10.125,243.625,-631.45,0,0,0,0;
custom,cuboid,house9mat2,3,1.5,9,1,0.3,0.3,0.3,0.2,1.2,4.32054,257.97997,-661.75,0,0,0.2409054,0.9705486;
custom,cuboid,house9mat2,16.5,1.5,18,1,0.3,0.3,0.3,1.1,1.2,16.5,232.3,-706.75,0,0,0,0;

custom,house14,default,1.815,1.65,1.59,1,0.8,0.8,0.8,10000,10000,1664.5845,238.84288,-302.1697,0,-0.3834919,0,0.9235443;
custom,cuboid,house9mat2,4.5,4.5,4.5,1,0.3,0.3,0.3,0.3,0.3,1681.65,278.65,-318.25,0,0,0,0;


custom,house12,default,3,1.5,2.25,1,0.5,0.5,0.5,10000,10000,1853.85,252.25,915.5,0,-0.7071068,0,0.7071068;
custom,house12,default,3,1.5,2.25,1,0.5,0.5,0.5,10000,10000,1755,257.5,906.5,0,0,0,0;
custom,house12,default,3,1.5,2.25,1,0.5,0.5,0.5,10000,10000,1623,252.25,906.5,0,0,0,0;
custom,house12,default,1.5,1.5,1.5,1,0.5,0.5,0.5,10000,10000,1817.025,260.95,957.125,0,0,0,-1;



custom,house10,default,1.5,1.5,1.5,0,1,1,1,10000,10000,-226.8,271.75,-338.5,0,-0.7071068,0,0.7071068;


custom,tower5,default,1.5,1.5,1.5,1,0.7,0.7,0.7,10000,10000,567.3,171.7,324.575,0,0.9235443,0,0.3834919;
custom,tower5,default,1.5,1.5,1.5,1,0.7,0.7,0.7,10000,10000,237.75,171.7,1735.1,0,0,0,0;
custom,tower5,default,1.5,1.5,1.5,1,0.7,0.7,0.7,10000,10000,1333.5,220.15,1339.55,0,0,0,0;
custom,tower5,default,1.5,1.5,1.5,1,0.7,0.7,0.7,10000,10000,1937.25,217,-599.71,0,0.9235443,0,0.3834919;
custom,tower5,default,1.5,1.5,1.5,1,0.7,0.7,0.7,10000,10000,63,217,-181.45,0,0,0,0;




custom,cuboid,house9mat2,9,1.5,3,1,0.35,0.35,0.35,1.2,0.4,-112.5,187.225,39.5,0,0.7071,0,-0.7071;
custom,cuboid,house9mat2,9,1.5,3,1,0.35,0.35,0.35,1.2,0.4,52.5,187.225,39.5,0,0.7071,0,-0.7071;
custom,cuboid,house9mat2,9,1.5,3,1,0.35,0.35,0.35,1.2,0.4,18.66135,187.225,555.91955,0,0.7071068,0,-0.7071068;
custom,cuboid,house9mat2,3,1.5,10.5,1,0.35,0.35,0.35,0.4,1.4,-76.95,187.225,651.9515,0,0,0,1;
custom,cuboid,house9mat2,10.5,1.5,3,1,0.35,0.35,0.35,1.4,0.4,212.96835,187.225,1074.0479,0,0.4697213,0,-0.8828147;
custom,cuboid,house9mat2,10.5,1.5,3,1,0.35,0.35,0.35,1.4,0.4,316.78125,187.225,1301.3309,0,0.82504,0,-0.5650744;
custom,cuboid,house9mat2,10.5,1.5,3,1,0.35,0.35,0.35,1.4,0.4,3.38643,187.225,1061.54495,0,-0.1462709,0,0.9892446;
custom,cuboid,house9mat2,10.5,-1.5,3,1,0.35,0.35,0.35,1.4,0.4,-143.6745,187.225,1061.54495,-0.1462709,0,-0.9892446,0;
custom,cuboid,house9mat2,10.5,1.5,3,1,0.35,0.35,0.35,1.4,0.4,-130.894155,187.225,1576.211,0.7071068,0,-0.7071068,0;
custom,cuboid,house9mat2,10.5,1.5,3,1,0.35,0.35,0.35,1.4,0.4,-131.09724,187.225,1759.916,0.7071068,0,-0.7071068,0;
custom,cuboid,house9mat2,10.5,1.5,3,1,0.35,0.35,0.35,1.4,0.4,-236.04375,187.225,1727.5625,0.7071068,0,-0.7071068,0;

custom,cuboid,house9mat2,10.5,1.5,3,1,0.35,0.35,0.35,1.4,0.4,-288.44655,187.225,2017.2575,0.7071068,0,-0.7071068,0;
custom,cuboid,house9mat2,18,1.5,3,1,0.35,0.35,0.35,2.4,0.4,148.15575,187.225,1980.0305,0,0,0,1;
custom,cuboid,house9mat2,18,1.5,3,1,0.35,0.35,0.35,2.4,0.4,149.355,187.225,2137.178,0,0,0,1;
custom,cuboid,house9mat2,15,1.5,3,1,0.35,0.35,0.35,2,0.4,613.0161,187.225,1997.9885,0,-0.1239479,0,0.9922887;
custom,cuboid,house9mat2,15,1.5,3,1,0.35,0.35,0.35,2,0.4,609.61155,187.225,2120,0,-0.1239479,0,-0.9922887;
custom,cuboid,house9mat2,19.5,1.5,3,1,0.35,0.35,0.35,2.6,0.4,1136.025,187.225,2018.774,0,0.7071068,0,0.7071068;
custom,cuboid,house9mat2,6,1.5,3,1,0.35,0.35,0.35,0.8,0.4,944.60475,187.225,1869.653,0,-0.1083464,0,0.9941132;
custom,cuboid,house9mat2,12,1.5,3,1,0.35,0.35,0.35,1.6,0.4,397.1661,187.225,1657.511,0,0,0,1;
custom,cuboid,house9mat2,9,1.5,3,1,0.35,0.35,0.35,1.2,0.4,146.91825,187.225,1677.773,0,0.7071068,0,0.7071068;
custom,cuboid,house9mat2,12,1.5,3,1,0.35,0.35,0.35,1.6,0.4,73.275,187.225,1802.6405,0,0.8828614,0,0.4696337;
custom,cuboid,house9mat2,12,1.5,3,1,0.35,0.35,0.35,1.6,0.4,73.403775,187.225,1552.78415,0.8828614,0,-0.4696337,0;
custom,cuboid,house9mat2,12,1.5,3,1,0.35,0.35,0.35,1.6,0.4,518.163,187.225,1599.818,0,0,0,1;
custom,cuboid,house9mat2,12,1.5,3,1,0.35,0.35,0.35,1.6,0.4,656.025,187.225,1526,0,0.7071068,0,0.7071068;
custom,cuboid,house9mat2,12,1.5,3,1,0.35,0.35,0.35,1.6,0.4,492.2094,187.225,1491.15425,0,0,0,1;
custom,cuboid,house9mat2,12,1.5,3,1,0.35,0.35,0.35,1.6,0.4,578.1522,187.225,1276.12295,0,0.4393131,0,0.8983341;
custom,cuboid,house9mat2,12,1.5,3,1,0.35,0.35,0.35,1.6,0.4,821.2746,187.225,1446.7871,0,0.3852628,0,0.9228069;
custom,cuboid,house9mat2,12,1.5,3,1,0.35,0.35,0.35,1.6,0.4,868.8279,187.225,787.898,0,-0.7071068,0,0.7071068;
custom,cuboid,house9mat2,12,1.5,3,1,0.35,0.35,0.35,1.6,0.4,769.0989,187.225,906.0908,0,-0.7071068,0,0.7071068;
custom,cuboid,house9mat2,31.5,1.5,3,1,0.35,0.35,0.35,4.2,0.4,744.59565,187.225,678.5726,0,-0.7071068,0,0.7071068;
custom,cuboid,house9mat2,12,1.5,3,1,0.35,0.35,0.35,1.6,0.4,903.9,187.225,445.38755,0,0.7071068,0,0.7071068;
custom,cuboid,house9mat2,12,1.5,3,1,0.35,0.35,0.35,1.6,0.4,712.5,187.225,379.8962,0,0,0,1;
custom,cuboid,house9mat2,12,1.5,3,1,0.35,0.35,0.35,1.6,0.4,464.52255,187.225,379.952,0,0,0,1;
custom,cuboid,house9mat2,12,1.5,3,1,0.35,0.35,0.35,1.6,0.4,425.55045,187.225,593.0225,0,0.8539633,0,0.5203332;
custom,cuboid,house9mat2,12,1.5,3,1,0.35,0.35,0.35,1.6,0.4,640.7826,187.225,603.5,0,-0.7071068,0,0.7071068;
custom,cuboid,house9mat2,13.5,1.5,3,1,0.35,0.35,0.35,1.8,0.4,655.815,187.225,1041.4217,0,-0.7071068,0,0.7071068;
custom,cuboid,house9mat2,10.5,1.5,3,1,0.35,0.35,0.35,1.4,0.4,539.0001,187.225,755.55935,0,0.7071068,0,0.7071068;
custom,cuboid,house9mat2,11.25,1.5,3,1,0.35,0.35,0.35,1.5,0.4,487.1568,187.225,1075.0055,0,0,0,1;
custom,cuboid,house9mat2,11.25,1.5,3,1,0.35,0.35,0.35,1.5,0.4,421.5,187.225,1009.8665,0.7071068,0,-0.7071068,0;
custom,cuboid,house9mat2,11.25,1.5,3,1,0.35,0.35,0.35,1.5,0.4,421.30695,187.225,742.81655,0.7071068,0,-0.7071068,0;
custom,cuboid,house9mat2,11.25,1.5,3,1,0.35,0.35,0.35,1.5,0.4,308.14095,187.225,688.5398,0,0,0,1;
custom,cuboid,house9mat2,9,1.5,3,1,0.35,0.35,0.35,1.2,0.4,214.8852,187.225,504.98765,0,0.7071068,0,0.7071068;
custom,cuboid,house9mat2,9,1.5,3,1,0.35,0.35,0.35,1.2,0.4,302.6844,187.225,1104.0389,0,0.7071068,0,0.7071068;
custom,cuboid,house9mat2,13.5,1.5,3,1,0.35,0.35,0.35,1.8,0.4,198.3399,187.225,790.22645,0,0,0,1;
custom,cuboid,house9mat2,15,1.5,3,1,0.35,0.35,0.35,2,0.4,104.21559,187.225,685.25,0,0.7071068,0,0.7071068;
custom,cuboid,house9mat2,15,1.5,3,1,0.35,0.35,0.35,2,0.4,93.6,187.225,350.41955,0.7071068,0,-0.7071068,0;
custom,cuboid,house9mat2,9,1.5,3,1,0.35,0.35,0.35,1.2,0.4,175.7829,187.225,247.2788,0,0,-1,0;
custom,cuboid,house9mat2,9,1.5,3,1,0.35,0.35,0.35,1.2,0.4,124.22475,187.225,-319.6825,0,0.7071068,0,0.7071068;
custom,cuboid,house9mat2,24,1.5,3,1,0.35,0.35,0.35,3.2,0.4,255,187.225,-536.4136,0,0,0,1;
custom,cuboid,house9mat2,9,1.5,3,1,0.35,0.35,0.35,1.2,0.4,367.9392,187.225,-301.6663,0,0.7071068,0,0.7071068;
custom,cuboid,house9mat2,9,1.5,3,1,0.35,0.35,0.35,1.2,0.4,394.0533,187.225,-301.92115,0,0.7071068,0,0.7071068;
custom,cuboid,house9mat2,21,1.5,3,1,0.35,0.35,0.35,2.8,0.4,597.97995,187.225,236.75525,0,0.7071068,0,0.7071068;
custom,cuboid,house9mat2,12,1.5,3,1,0.35,0.35,0.35,1.6,0.4,434.37135,187.225,116.472095,0,0,0,1;
custom,cuboid,house9mat2,12,1.5,3,1,0.35,0.35,0.35,1.6,0.4,269.85345,187.225,22.644365,0.3826834,0,-0.9238796,0;
custom,cuboid,house9mat2,15,1.5,4.0125,1,0.35,0.35,0.35,2,0.55,264.9,187.225,-364.5394,0,0.7071068,0,0.7071068;
custom,cuboid,house9mat2,12,1.5,3,1,0.35,0.35,0.35,1.6,0.4,533.3268,187.225,-56.696215,0,-0.4355456,0,-0.9001667;
custom,cuboid,house9mat2,12,1.5,3,1,0.35,0.35,0.35,1.6,0.4,598.5171,187.225,-201.09265,0,0.7071068,0,0.7071068;
custom,cuboid,house9mat2,39,1.5,3,1,0.35,0.35,0.35,5.2,0.4,577.2132,187.225,-743.7418,0,0,0,1;
custom,cuboid,house9mat2,12,1.5,3,1,0.35,0.35,0.35,5.2,0.4,1011.612,187.225,-614.2393,0,0.7071068,0,0.7071068;
custom,cuboid,house9mat2,12,1.5,3,1,0.35,0.35,0.35,5.2,0.4,898.7613,187.225,-295.09435,0,0,0,1;
custom,cuboid,house9mat2,12,1.5,3,1,0.35,0.35,0.35,1.6,0.4,809.1444,187.225,-242.4298,0,0.7071068,0,0.7071068;
custom,cuboid,house9mat2,27,1.5,3,1,0.35,0.35,0.35,3.6,0.4,736.6365,187.225,-627.2911,0,0,0,1;
custom,cuboid,house9mat2,12,1.5,3,1,0.35,0.35,0.35,1.6,0.4,902.43555,187.225,-571.1317,0,0.7071068,0,0.7071068;
custom,cuboid,house9mat2,13.5,1.5,3,1,0.35,0.35,0.35,1.8,0.4,669.24165,187.225,-294.04105,0,0.7071068,0,0.7071068;
custom,cuboid,house9mat2,13.5,1.5,3,1,0.35,0.35,0.35,1.8,0.4,896.0154,187.225,-113.47465,0,0.7071068,0,0.7071068;
custom,cuboid,house9mat2,8.7,1.5,3,1,0.35,0.35,0.35,1.16,0.4,876,187.225,118.719815,0,0,0,1;
custom,cuboid,house9mat2,15,1.5,3,1,0.35,0.35,0.35,2,0.4,766.77165,187.225,203.047535,0.9563584,0,0.2921961,0;
custom,cuboid,house9mat2,15,1.5,3,1,0.35,0.35,0.35,2,0.4,984.2823,187.225,203.241845,0,0.2921961,0,0.9563584;

custom,cuboid,house9mat2,15,1.5,3,1,0.35,0.35,0.35,2,0.4,1372.5,209.8,460.37,0,0.7071068,0,0.7071068;
custom,cuboid,house9mat2,10.5,1.5,3,1,0.35,0.35,0.35,1.4,0.4,1153.36365,218.5,936.45575,0,-0.8843287,0,0.4668648;

custom,cuboid,house9mat2,21,1.5,3,1,0.35,0.35,0.35,2.8,0.4,1011.7773,225.025,1701.554,0,0,0,1;
custom,cuboid,house9mat2,15,1.5,3,1,0.35,0.35,0.35,2.8,0.4,713.25,225.025,1726.5755,0,0.7071068,0,-0.7071068;
custom,cuboid,house9mat2,9,1.5,3,1,0.35,0.35,0.35,1.2,0.4,1260.8991,225.025,1771.619,0,-0.258819,0,0.9659259;
custom,cuboid,house9mat2,15,1.5,3,1,0.35,0.35,0.35,2,0.4,1347.59505,225.025,1925.8535,0,-0.6387687,0,0.7693989;
custom,cuboid,house9mat2,9,1.5,3,1,0.35,0.35,0.35,1.2,0.4,1260.9915,225.025,2246.2295,-0.258819,0,-0.9659259,0;
custom,cuboid,house9mat2,15,1.5,3,1,0.35,0.35,0.35,2,0.4,1347.68595,225.025,2098.1675,-0.6387687,0,-0.7693989,0;
custom,cuboid,house9mat2,13.5,1.5,3,1,0.35,0.35,0.35,1.8,0.4,878.4936,225.025,2154.2825,0,0,0,1;
custom,cuboid,house9mat2,13.5,1.5,3,1,0.35,0.35,0.35,1.8,0.4,788.7945,225.025,2296.9325,0,0,0,1;
custom,cuboid,house9mat2,9,1.5,3,1,0.35,0.35,0.35,1.8,0.4,143.34,225.025,2280.6815,0,0,0,1;
custom,cuboid,house9mat2,9,1.5,3,1,0.35,0.35,0.35,1.8,0.4,35.113095,225.025,2482.6385,0,0,0,1;
custom,cuboid,house9mat2,15,1.5,3,1,0.35,0.35,0.35,2,0.4,516.9177,225.025,2603.036,0,0.9607792,0,0.2773143;
custom,cuboid,house9mat2,15,1.5,3,1,0.35,0.35,0.35,2,0.4,237.8625,225.025,2408.9225,0,0,0,1;
custom,cuboid,house9mat2,21,1.5,3,1,0.35,0.35,0.35,2.8,0.4,773.8467,225.025,2484.569,0,0.7071068,0,-0.7071068;
custom,cuboid,house9mat2,12,1.5,3,1,0.35,0.35,0.35,1.6,0.4,1352.3535,225.025,2417.861,0,0,0,1;
custom,cuboid,house9mat2,12,1.5,3,1,0.35,0.35,0.35,1.6,0.4,1131.51915,225.025,2736.719,0,0,0,1;
custom,cuboid,house9mat2,12,1.5,3,1,0.35,0.35,0.35,1.6,0.4,1253.12175,225.025,2700.62,0,0.3826834,0,0.9238796;
custom,cuboid,house9mat2,21,1.5,3,1,0.35,0.35,0.35,2.8,0.4,1468.2897,225.025,2651.921,0,0.7071068,0,0.7071068;
custom,cuboid,house9mat2,13.5,1.5,3,1,0.35,0.35,0.35,1.8,0.4,1741.5885,225.025,2701.1075,0,0.982871,0,-0.1842949;
custom,cuboid,house9mat2,15,1.5,3,1,0.35,0.35,0.35,2,0.4,1900.9305,225.025,1786.9655,0.9773422,0,-0.2116652,0;
custom,cuboid,house9mat2,12,1.5,3,1,0.35,0.35,0.35,1.6,0.4,1687.6935,225.025,1711.3115,0,0.7071068,0,0.7071068;
custom,cuboid,house9mat2,12,1.5,3,1,0.35,0.35,0.35,1.6,0.4,1748.4,225.025,2161.7165,0,0.7071068,0,0.7071068;
custom,cuboid,house9mat2,15,1.5,3,1,0.35,0.35,0.35,2,0.4,1527.9,225.025,2115.863,0,0.8701464,0,0.4927933;
custom,cuboid,house9mat2,13.5,1.5,3,1,0.35,0.35,0.35,1.8,0.4,1478.073,225.025,1755.5,0,0.7071068,0,0.7071068;
custom,cuboid,house9mat2,6,1.5,3,1,0.35,0.35,0.35,0.8,0.4,1749.7845,225.025,2006.825,0,0.7071068,0,-0.7071068;


custom,cuboid,house9mat2,7.5,7.5,7.5,1,0.35,0.35,0.35,1.000001,1.000001,1455.573,198.25,1650.5,0,0.7071068,0,0.7071068;
custom,cuboid,house9mat2,24,1.5,3,1,0.35,0.35,0.35,3.2,0.4,1604.3355,240.7,970.97405,0,0,0,1;
custom,cuboid,house9mat2,12,1.5,3,1,0.35,0.35,0.35,1.6,0.4,1738.581,240.7,1297.8059,0,0.3826835,0,0.9238795;
custom,cuboid,house9mat2,19.5,1.5,3,1,0.35,0.35,0.35,2.6,0.4,1478.019,240.7,1270.5509,0,0.7071068,0,0.7071068;
custom,cuboid,house9mat2,19.5,1.5,3,1,0.35,0.35,0.35,2.6,0.4,1335.4035,240.7,1384.90895,0,0.7071068,0,0.7071068;


custom,cuboid,house9mat2,15,1.5,3,1,0.35,0.35,0.35,2,0.4,1433.6649,232.15,158.26415,0,0.7071068,0,0.7071068;
custom,cuboid,house9mat2,15,1.5,3,1,0.35,0.35,0.35,2,0.4,1362.9717,232.15,-339.31915,0,0,0,1;
custom,cuboid,house9mat2,15,1.5,3,1,0.35,0.35,0.35,2,0.4,211.16115,232.15,-801.50515,0,0,0,1;
custom,cuboid,house9mat2,15,1.5,3,1,0.35,0.35,0.35,2,0.4,-136.126575,232.15,-846.49405,0,0,0,1;
custom,cuboid,house9mat2,15,1.5,3,1,0.35,0.35,0.35,2,0.4,1539.984,232.15,169.28462,0,0.7071068,0,0.7071068;
custom,cuboid,house9mat2,15,1.5,3,1,0.35,0.35,0.35,2,0.4,120.96405,232.15,-970.225,0,0,0,1;
custom,cuboid,house9mat2,15,1.5,3,1,0.35,0.35,0.35,2,0.4,-343.34445,232.15,-550.31095,0,0.7071068,0,0.7071068;
custom,cuboid,house9mat2,15,1.5,3,1,0.35,0.35,0.35,2,0.4,-186.15,232.15,-47.78812,0,0.7071068,0,0.7071068;
custom,cuboid,house9mat2,15,1.5,6,1,0.35,0.35,0.35,2,0.8,-239.9013,232.15,869,0,0,0,1;
custom,cuboid,house9mat2,15,1.5,3,1,0.35,0.35,0.35,2,0.4,-309.36765,232.15,1103.9696,0,0.7071068,0,0.7071068;
custom,cuboid,house9mat2,15,1.5,3,1,0.35,0.35,0.35,2,0.4,-319.6902,232.15,537.8543,0,0.7071068,0,0.7071068;
custom,cuboid,house9mat2,15,1.5,3,1,0.35,0.35,0.35,2,0.4,-436.9533,232.15,730.6844,0,0.7071068,0,0.7071068;

custom,cuboid,house9mat2,15,1.5,3,1,0.35,0.35,0.35,2,0.4,830.08845,266.05,2532.5525,0,0.7071068,0,0.7071068;
custom,cuboid,house9mat2,9,1.5,3,1,0.35,0.35,0.35,1.2,0.4,1424.07405,265.75,1161.75335,0,0,0,1;
custom,cuboid,house9mat2,27,1.5,3,1,0.35,0.35,0.35,3.6,0.4,1386.57405,265.75,2378.25335,0,0,0,1;
custom,cuboid,house9mat2,10.5,1.5,3,1,0.35,0.35,0.35,1.4,0.4,775.28865,221.125,-459.0397,0,-0.7071068,0,0.7071068;
custom,cuboid,house9mat2,10.5,1.5,3,1,0.35,0.35,0.35,1.4,0.4,828.5835,221.125,-509.2183,0,0,0,1;
custom,cuboid,house9mat2,10.5,1.5,3,1,0.35,0.35,0.35,1.4,0.4,972.62865,215.8,487.1642,0,0.7071068,0,-0.7071068;
custom,cuboid,house9mat2,13.5,1.5,3,1,0.35,0.35,0.35,1.4,0.4,514.5,191.35,1235,0,0,0,0;









custom,cuboid,house9mat2,3,3,3,1,0.35,0.35,0.35,0.4,0.4,-112.35,192.4,-5.5,0,0,0,0;
custom,cuboid,house9mat2,3,3,3,1,0.35,0.35,0.35,0.4,0.4,52.5,209.5,23,0,0,0,0;
custom,cuboid,house9mat2,3,3,0.15,1,0.35,0.35,0.35,0.4,0.4,17.40636,196.75,597.6041,0,-0.995562,0,0.0941085;
custom,cuboid,house9mat2,3,3,0.75,1,0.35,0.35,0.35,0.4,0.4,18.45,196.75,514.25,0,0,0,0;
custom,cuboid,house9mat2,3,3,0.75,1,0.35,0.35,0.35,0.4,0.4,236.12355,196.75,1108.3622,0,-0.2942401,0,-0.9557316;
custom,cuboid,house9mat2,3,3,0.15,1,0.35,0.35,0.35,0.4,0.4,304.83645,193.9,1322.51585,0,-0.4607661,0,0.8875216;
custom,cuboid,house9mat2,4.5,4.5,4.5,1,0.35,0.35,0.35,0.6,0.6,52.401255,193.6,1069.0013,0,-0.1462709,0,0.9892446;
custom,cuboid,house9mat2,3,3,3.3,1,0.35,0.35,0.35,0.42,0.4,-131.207535,190.36,1580.9765,0,0,0,1;
custom,cuboid,house9mat2,3,3,3,1,0.35,0.35,0.35,0.4,0.4,-132.233925,191.26,1773.296,0,0,0,1;
custom,cuboid,house9mat2,3,3,3,1,0.35,0.35,0.35,0.4,0.4,-234.675,192.1,1688.63,0,0,0,1;
custom,cuboid,house9mat2,3,3,3,1,0.35,0.35,0.35,0.4,0.4,-234.675,192.1,1764.7925,0,0,0,1;
custom,cuboid,house9mat2,3,3,3,1,0.35,0.35,0.35,0.4,0.4,-11.724135,193.705,1057.05395,0,-0.1462709,0,0.9892446;
custom,cuboid,house9mat2,3,-3,3,1,0.35,0.35,0.35,0.4,0.4,-128.563935,193.705,1057.05395,-0.1462709,0,-0.9892446,0;



custom,cuboid,house9mat2,3,3,3,1,0.35,0.35,0.35,0.4,0.4,247.90185,195.175,1981.346,0,0,0,0;
custom,cuboid,house9mat2,3,3,3,1,0.35,0.35,0.35,0.4,0.4,554.9526,193,1983.3305,0,-0.1239479,0,0.9922887;
custom,cuboid,house9mat2,3,3,3,1,0.35,0.35,0.35,0.4,0.4,556.45575,193,2133.4085,-0.1239479,0,-0.9922887,0;
custom,cuboid,house9mat2,3,3,3,1,0.35,0.35,0.35,0.4,0.4,1135.9773,194.2,1910,0,0,0,0;
custom,cuboid,house9mat2,3,3,3,1,0.35,0.35,0.35,0.4,0.4,1135.8333,194.2,2080.3115,0,0,0,0;
custom,cuboid,house9mat2,3,3,3,1,0.35,0.35,0.35,0.4,0.4,970.3008,193,1872.518,0,0,0,0;
custom,cuboid,house9mat2,3,3,3,1,0.35,0.35,0.35,0.4,0.4,924.5454,193,1869.3815,0,0,0,0;
custom,cuboid,house9mat2,3,3,3,1,0.35,0.35,0.35,0.4,0.4,461.1144,197.5,1599.8105,0,0,0,1;
custom,cuboid,house9mat2,3,3,3,1,0.35,0.35,0.35,0.4,0.4,655.94655,197.5,1558.3766,0,0,0,1;
custom,cuboid,house9mat2,3,3,3,1,0.35,0.35,0.35,0.4,0.4,588.465,197.5,1599.734,0,0,0,1;
custom,cuboid,house9mat2,3,3,3,1,0.35,0.35,0.35,0.4,0.4,608.87325,196,1236.64925,0,0.4393131,0,0.8983341;
custom,cuboid,house9mat2,3,3,3,1,0.35,0.35,0.35,0.4,0.4,811.1619,188.95,1456.7858,0,0.3852628,0,0.9228069;
custom,cuboid,house9mat2,3,3,3,1,0.35,0.35,0.35,0.4,0.4,869.00505,188.95,1398.38165,0,0.3852628,0,0.9228069;
custom,cuboid,house9mat2,3,3,3,1,0.35,0.35,0.35,0.4,0.4,868.8,196,823.1141,0,0,0,1;
custom,cuboid,house9mat2,3,3,3,1,0.35,0.35,0.35,0.4,0.4,769.1214,196,976.44335,0,0,0,1;
custom,cuboid,house9mat2,3,3,3,1,0.35,0.35,0.35,0.4,0.4,779.01675,194.65,379.9091,0,0,0,1;
custom,cuboid,house9mat2,3,3,3,1,0.35,0.35,0.35,0.4,0.4,903.819,194.65,389.1212,0,0,0,1;
custom,cuboid,house9mat2,3,3,3,1,0.35,0.35,0.35,0.4,0.4,398.9367,192.07,389.99705,0,0,0,1;
custom,cuboid,house9mat2,3,3,3,1,0.35,0.35,0.35,0.4,0.4,641.27505,194.23,540.25895,0,0,0,1;
custom,cuboid,house9mat2,3,3,3,1,0.35,0.35,0.35,0.4,0.4,655.8,193,964.202,0,0,0,1;
custom,cuboid,house9mat2,3,3,3,1,0.35,0.35,0.35,0.4,0.4,540.3297,196.75,808.886,0,0,0,1;
custom,cuboid,house9mat2,3,3,3,1,0.35,0.35,0.35,0.4,0.4,421.458,194.89,973.6664,0,0,0,1;
custom,cuboid,house9mat2,3,3,3,1,0.35,0.35,0.35,0.4,0.4,419.919,195.55,809.6615,0,0,0,1;
custom,cuboid,house9mat2,3,3,3,1,0.35,0.35,0.35,0.4,0.4,237.786,195.25,688.50005,0,0,0,1;
custom,cuboid,house9mat2,3,3,3,1,0.35,0.35,0.35,0.4,0.4,214.7919,193.75,537.80135,0,0,0,1;
custom,cuboid,house9mat2,3,3,3,1,0.35,0.35,0.35,0.4,0.4,214.7022,193.75,471.4706,0,0,0,1;
custom,cuboid,house9mat2,3,3,3,1,0.35,0.35,0.35,0.4,0.4,302.90505,194.29,1136.12705,0,0,0,1;
custom,cuboid,house9mat2,3,3,3,1,0.35,0.35,0.35,0.4,0.4,270.02235,194.89,790.3895,0,0,0,1;
custom,cuboid,house9mat2,3,3,3,1,0.35,0.35,0.35,0.4,0.4,93.611085,194.5,411.90485,0,0,0,1;
custom,cuboid,house9mat2,3,3,3,1,0.35,0.35,0.35,0.4,0.4,151.22985,194.89003,248.30375,0,0,0,1;
custom,cuboid,house9mat2,3,3,3,1,0.35,0.35,0.35,0.4,0.4,119.44215,223.47991,81.5,0,0,0,1;
custom,cuboid,house9mat2,1.5,3,1.5,1,0.35,0.35,0.35,0.2,0.4,402.7743,221.86003,-126.0706,0,0,0,1;
custom,cuboid,house9mat2,1.5,3,1.5,1,0.35,0.35,0.35,0.2,0.4,402.7743,221.86003,-180.89785,0,0,0,1;
custom,cuboid,house9mat2,3.9,3,3.9,1,0.35,0.35,0.35,0.52,0.4,601.11375,195.039955,254,0,0,0,1;
custom,cuboid,house9mat2,3,3,3,1,0.35,0.35,0.35,0.4,0.4,597.85215,197.56,150.32789,0,0,0,1;
custom,cuboid,house9mat2,3,3,3,1,0.35,0.35,0.35,0.4,0.4,473.0133,195.46,117.548075,0,0,0,1;
custom,cuboid,house9mat2,3,3,3,1,0.35,0.35,0.35,0.4,0.4,368.0907,195.46,116.360675,0,0,0,1;
custom,cuboid,house9mat2,3,3,3,1,0.35,0.35,0.35,0.4,0.4,269.94405,193.84,-287.7871,0,0,0,1;

custom,cuboid,house9mat2,3,3,3,1,0.35,0.35,0.35,0.4,0.4,598.58175,217.48,-555.11845,0,0,0,1;
custom,cuboid,house9mat2,3,3,3,1,0.35,0.35,0.35,0.4,0.4,598.58175,217.48,-453.8767,0,0,0,1;
custom,cuboid,house9mat2,3,3,3,1,0.35,0.35,0.35,0.4,0.4,751.0356,193.6,-743.68885,0,0,0,1;
custom,cuboid,house9mat2,3,3,3,1,0.35,0.35,0.35,0.4,0.4,1004.1,225.25,-393.3808,0,0,0,1;
custom,cuboid,house9mat2,3,3,3,1,0.35,0.35,0.35,0.4,0.4,1004.1,225.25,-308.78575,0,0,0,1;
custom,cuboid,house9mat2,3,3,3,1,0.35,0.35,0.35,0.4,0.4,825.68835,193.93,-627.3898,0,0,0,1;
custom,cuboid,house9mat2,3,3,3,1,0.35,0.35,0.35,0.4,0.4,902.5302,193.93,-592,0,0,0,1;
custom,cuboid,house9mat2,3,3,3,1,0.35,0.35,0.35,0.4,0.4,751.01985,220.3,-405.4225,0,0,0,1;
custom,cuboid,house9mat2,3,3,3,1,0.35,0.35,0.35,0.4,0.4,674.56695,220.3,-405.4225,0,0,0,1;
custom,cuboid,house9mat2,1.5,3,1.5,1,0.35,0.35,0.35,0.2,0.4,1244.78355,239.5,231.12185,0,0,0,1;
custom,cuboid,house9mat2,4.5,4.5,4.5,1,0.35,0.35,0.35,0.6,0.6,1379.9241,207.7,406.36955,0,0,0,1;
custom,cuboid,house9mat2,4.5,3,3,1,0.35,0.35,0.35,0.5,0.4,1169.7018,244.45,674.30855,0,0.4850952,0,0.8744614;
custom,cuboid,house9mat2,4.5,3,4.5,1,0.35,0.35,0.35,0.6,0.4,705.7899,232.93,1762.601,0,0,0,1;
custom,cuboid,house9mat2,3,3,3,1,0.35,0.35,0.35,0.4,0.4,1231.77915,230.35,1754.4995,0,-0.258819,0,0.9659259;
custom,cuboid,house9mat2,3,3,3,1,0.35,0.35,0.35,0.4,0.4,1224.81255,230.35,2267.3525,0,-0.258819,0,-0.9659259;
custom,cuboid,house9mat2,6,3,3,1,0.35,0.35,0.35,0.8,0.4,834,231.025,2154.317,0,0,0,1;
custom,cuboid,house9mat2,3,3,3,1,0.35,0.35,0.35,0.4,0.4,317.7126,256.6,2175.695,0,0,0,1;
custom,cuboid,house9mat2,1.5,3,1.5,1,0.35,0.35,0.35,0.2,0.4,222.54045,256.6,2183.195,0,0,0,1;
custom,cuboid,house9mat2,1.5,4.5,3,1,0.35,0.35,0.35,0.4,0.6,151.6191,235.96,2277.5,0,0,0,1;
custom,cuboid,house9mat2,3.15,3,3,1,0.35,0.35,0.35,0.4,0.4,90.72951,233.98,2481.6785,0,0,0,1;
custom,cuboid,house9mat2,3,3,3,1,0.35,0.35,0.35,0.4,0.4,470.88675,225.04,2573.9585,0,0.9607792,0,0.2773143;
custom,cuboid,house9mat2,3,3,3,1,0.35,0.35,0.35,0.4,0.4,564.696,225.04,2633.024,0,0.9607792,0,0.2773143;
custom,cuboid,house9mat2,3,3,3,1,0.35,0.35,0.35,0.4,0.4,184.43805,231.34,2408.819,0,0,0,1;
custom,cuboid,house9mat2,3,3,3,1,0.35,0.35,0.35,0.4,0.4,281.9559,231.34,2408.765,0,0,0,1;
custom,cuboid,house9mat2,3,3,6,1,0.35,0.35,0.35,0.6,0.4,773.8275,231.34,2466.173,0,0,0,1;
custom,cuboid,house9mat2,3,3,3,1,0.35,0.35,0.35,0.4,0.4,773.8275,231.34,2570.3675,0,0,0,1;
custom,cuboid,house9mat2,3,3,3,1,0.35,0.35,0.35,0.4,0.4,949.4391,272.74,2605.58,0,0,0,1;
custom,cuboid,house9mat2,3,3,3,1,0.35,0.35,0.35,0.4,0.4,1062.50835,272.74,2605.727,0,0,0,1;
custom,cuboid,house9mat2,3,3,3,1,0.35,0.35,0.35,0.4,0.4,1390.1454,233.02,2418.932,0,0,0,1;
custom,cuboid,house9mat2,3,3,3,1,0.35,0.35,0.35,0.4,0.4,1173.8718,232.36,2735.702,0,0,0,1;
custom,cuboid,house9mat2,3,3,3,1,0.35,0.35,0.35,0.4,0.4,1235.4477,232.36,2718.2585,0,0.3826834,0,0.9238796;
custom,cuboid,house9mat2,3,3,3,1,0.35,0.35,0.35,0.4,0.4,1468.17195,229.24,2582.7035,0,0,0,1;
custom,cuboid,house9mat2,3,3,3,1,0.35,0.35,0.35,0.4,0.4,1917.069,258.88,2415.8915,0,0.6858185,0,0.7277727;

custom,cuboid,house9mat2,3,3,3,1,0.35,0.35,0.35,0.4,0.4,1687.7715,230.8,1691.7965,0,0,0,1;
custom,cuboid,house9mat2,3,3,3,1,0.35,0.35,0.35,0.4,0.4,1704.861,248.5,1331.3594,0,0.3826835,0,0.9238795;
custom,cuboid,house9mat2,3,3,3,1,0.35,0.35,0.35,0.4,0.4,1752.6795,248.5,1282.0934,0,0.3826835,0,0.9238795;
custom,cuboid,house9mat2,3,3,3,1,0.35,0.35,0.35,0.4,0.4,1748.5725,232,2189.75,0,0,0,1;
custom,cuboid,house9mat2,3,3,3,1,0.35,0.35,0.35,0.4,0.4,1533.0135,231.94,2124.281,0,0.8701464,0,0.4927933;
custom,cuboid,house9mat2,1.5,3,1.5,1,0.35,0.35,0.35,0.2,0.4,1500.45,232.6,2054.075,0,0.8701464,0,0.4927933;
custom,cuboid,house9mat2,3,3,3,1,0.35,0.35,0.35,0.4,0.4,1824.192,239.30701,1815.8285,0,0.9998643,0,-0.0164762;
custom,cuboid,house9mat2,1.8,1.5,1.8,1,0.35,0.35,0.35,0.24,0.4,1484.073,243.25,1679,0,0.7071068,0,0.7071068;
custom,cuboid,house9mat2,3,3,3,1,0.35,0.35,0.35,0.4,0.4,1479.0525,234.55,1618.3865,0,0.7071068,0,0.7071068;
custom,cuboid,house9mat2,3,3,4.2,1,0.35,0.35,0.35,0.5,0.4,1477.9935,248.8,1292,0,0,0,1;
custom,cuboid,house9mat2,7.5,0.15,3,1,0.3,0.3,0.3,0.5,0.2,1750.35,245.5,2013.875,0,0.7071068,0,-0.7071068;
custom,cuboid,house9mat2,0.18,1.5,1.5,1,0.3,0.3,0.3,0.12,0.1,1757.712,237.460015,1977.3155,0,0.7071068,0,-0.7071068;
custom,cuboid,house9mat2,3,3,4.2,1,0.35,0.35,0.35,0.5,0.4,1335.27675,248.38,1341.296,0,0,0,1;
custom,cuboid,house9mat2,3,3,3,1,0.35,0.35,0.35,0.4,0.4,1729.155,246.76,971.2625,0,0,0,1;
custom,cuboid,house9mat2,4.5,3,3,1,0.35,0.35,0.35,0.5,0.4,1484.1495,246.76,971.2625,0,0,0,1;
custom,cuboid,house9mat2,4.5,3,3,1,0.35,0.35,0.35,0.5,0.4,1556.61,246.76,971.2625,0,0,0,1;
custom,cuboid,house9mat2,3,3,3,1,0.35,0.35,0.35,0.4,0.4,1434.7227,239.26,110.4875,0,0,0,1;
custom,cuboid,house9mat2,3,3,3,1,0.35,0.35,0.35,0.4,0.4,-115.95873,237.7,-847.543,0,0,0,1;
custom,cuboid,house9mat2,3,3,3,1,0.35,0.35,0.35,0.4,0.4,53.7975,266.56018,-542.10085,0,0,0,1;
custom,cuboid,house9mat2,3,3,3,1,0.35,0.35,0.35,0.4,0.4,87.787425,266.56,-441.8299,0,0,0,1;
custom,cuboid,house9mat2,3,3,3,1,0.35,0.35,0.35,0.4,0.4,1534.986,292.045,678.5,0,0,0,1;
custom,cuboid,house9mat2,3,3,3,1,0.35,0.35,0.35,0.4,0.4,1535.115,292.045,499.63055,0,0,0,1;
custom,cuboid,house9mat2,3.75,3,3,1,0.35,0.35,0.35,0.425,0.4,969.80505,295.645,-928.10815,0,0,0,1;
custom,cuboid,house9mat2,3.75,3,3,1,0.35,0.35,0.35,0.425,0.4,642.8676,295.705,-928.00405,0,0,0,1;
custom,cuboid,house9mat2,3.75,3,3,1,0.35,0.35,0.35,0.425,0.4,78.088425,243.025,-970.1728,0,0,0,1;
custom,cuboid,house9mat2,3,3,3,1,0.35,0.35,0.35,0.4,0.4,-186.3594,240.025,-85.52515,0,0,0,1;
custom,cuboid,house9mat2,1.5,3,1.5,1,0.35,0.35,0.35,0.2,0.4,-316.95,240.205,1061,0,0,0,1;
custom,cuboid,house9mat2,3.75,3,3.975,1,0.35,0.35,0.35,0.5,0.4,-306.6621,240.205,1145.675,0,0,0,1;
custom,cuboid,house9mat2,3.75,3,3.75,1,0.35,0.35,0.35,0.5,0.4,-322.31265,242.965,488.75,0,0,0,1;
custom,cuboid,house9mat2,3.75,3,3.75,1,0.35,0.35,0.35,0.5,0.4,-439.5522,243.985,783.9683,0,0,0,1;

custom,cuboid,house9mat2,1.2,3,5.025,1,0.35,0.35,0.35,0.67,0.4,48.645,296.5,2621,0,0,0,1;


























custom,cuboid,castle1tex,1.5,1.5,1.5,1,0.6,0.6,0.6,0.5,-0.5,1349.202,280.157965,1526.49815,0,0.4221999,0,-0.9065027;
custom,cuboid,castle1tex,1.5,1.5,1.5,1,0.6,0.6,0.6,0.5,-0.5,1650.2895,280.238995,2181.3395,0,0.5739954,0,0.8188586;
custom,cuboid,castle1tex,1.5,1.5,1.5,1,0.6,0.6,0.6,0.5,-0.5,575.2731,280.11607,2342.975,0,0.7509649,0,-0.6603421;
custom,cuboid,castle1tex,1.5,1.5,1.5,1,0.6,0.6,0.6,0.5,-0.5,977.5776,280.318165,2555.2715,0,0.1514553,0,-0.9884641;
custom,cuboid,castle1tex,1.5,1.5,1.5,1,0.6,0.6,0.6,0.5,-0.5,34.95,290.35,2668.625,0,0,0,0;
custom,cuboid,castle1tex,1.5,1.5,1.5,1,0.6,0.6,0.6,0.5,-0.5,46.636065,228.54349,1514.5763,0,0.7481436,0,0.6635369;
custom,cuboid,castle1tex,1.5,1.5,1.5,1,0.6,0.6,0.6,0.5,-0.5,-271.35,247,1134.80105,0,0.7071068,0,-0.7071068;
custom,cuboid,castle1tex,1.5,1.5,1.5,1,0.6,0.6,0.6,0.5,-0.5,456.2577,254.14258,1409.59265,0,0.795793,0,-0.6055688;
custom,cuboid,castle1tex,1.5,1.5,1.5,1,0.6,0.6,0.6,0.5,-0.5,469.36605,231.705205,943.69295,0,-0.0807434,0,0.9967349;
custom,cuboid,castle1tex,1.5,1.5,1.5,1,0.6,0.6,0.6,0.5,-0.5,282,246.85,-765.25,0,0,0,0;
custom,cuboid,castle1tex,1.5,1.5,1.5,1,0.6,0.6,0.6,0.5,-0.5,748.20645,235.362835,-496.69375,0,0.678201,0,0.7348765;
custom,cuboid,castle1tex,1.5,1.5,1.5,1,0.6,0.6,0.6,0.5,-0.5,1252.5,295.45,-919.3,0,0.7071068,0,-0.7071068;
custom,cuboid,castle1tex,1.5,1.5,1.5,1,0.6,0.6,0.6,0.5,-0.5,2008.218,301.650895,-332.57845,0,0.8418384,0,0.5397297;
custom,cuboid,castle1tex,1.5,1.5,1.5,1,0.6,0.6,0.6,0.5,-0.5,1649.898,302.295205,667.835,0,0.6209646,0,0.7838386;
custom,cuboid,castle1tex,1.5,1.5,1.5,1,0.6,0.6,0.6,0.5,-0.5,1901.346,302.263855,1058.432,0,0.8721953,0,0.4891578;
custom,cuboid,castle1tex,1.5,1.5,1.5,1,0.6,0.6,0.6,0.5,-0.5,216.52665,246.763285,-612.03565,0,0,0,0;
custom,cuboid,castle1tex,1.5,1.5,1.5,1,0.6,0.6,0.6,0.5,-0.5,638.05335,312.4042,-980.75455,0,0.9753394,0,0.2207106;
custom,cuboid,castle1tex,0.75,0.75,0.75,1,0.6,0.6,0.6,0.5,-0.5,928.065,231.13,866.9375,0,0.7071068,0,0.7071068;
custom,cuboid,castle1tex,0.75,0.75,0.75,1,0.6,0.6,0.6,0.5,-0.5,399.7368,240.1,-130.94335,0,-0.0517131,0,0.998662;
custom,cuboid,castle1tex,0.75,0.75,0.75,1,0.6,0.6,0.6,0.5,-0.5,409.34325,240.1,-131.15875,0,0.0707405,0,0.9974948;
custom,cuboid,castle1tex,0.75,0.75,0.75,1,0.6,0.6,0.6,0.5,-0.5,404.97885,247.6,-130.8931,0,0.040863,0,0.9991648;
custom,cuboid,castle1tex,0.75,0.75,0.75,1,0.6,0.6,0.6,0.5,-0.5,437.14335,240.1,-175.7422,0,0.4463166,0,0.8948751;
custom,cuboid,castle1tex,1.5,1.5,1.5,1,0.6,0.6,0.6,0.5,-0.5,815.0793,234.1,320.7698,0,0.0633366,0,-0.9979922;
custom,cuboid,castle1tex,1.5,1.5,1.5,1,0.6,0.6,0.6,0.5,-0.5,888.438,234.1,320.04845,0,0.1122923,0,0.9936752;
custom,cuboid,castle1tex,0.75,0.75,0.75,1,0.6,0.6,0.6,0.5,-0.5,901.00815,230.275,310.82225,0,0.2994194,0,0.9541216;
custom,cuboid,castle1tex,0.75,0.75,0.75,1,0.6,0.6,0.6,0.5,-0.5,1132.4277,236.95,-83.5,0,0.092776,0,0.995687;
custom,cuboid,castle1tex,0.75,0.75,0.75,1,0.6,0.6,0.6,0.5,-0.5,997.5,245.425,-323.725,0,0.7071068,0,0.7071068;
custom,cuboid,castle1tex,0.75,0.75,0.75,1,0.6,0.6,0.6,0.5,-0.5,1370.3844,244.15,-150.77365,0,0.669404,0,0.7428986;
custom,cuboid,castle1tex,0.75,0.75,0.75,1,0.6,0.6,0.6,0.5,-0.5,1379.4468,244.15,-148.20685,0,0.9979123,0,-0.0645833;
custom,cuboid,castle1tex,0.9,0.9,0.9,1,0.6,0.6,0.6,0.5,-0.5,-259.46115,198.925,2056.3745,0,0.6488155,0,-0.7609458;
custom,cuboid,castle1tex,0.75,0.75,0.75,1,0.6,0.6,0.6,0.5,-0.5,-69.349815,197.95,2017.568,0,0.7595683,0,0.6504276;
custom,cuboid,castle1tex,0.75,0.75,0.75,1,0.6,0.6,0.6,0.5,-0.5,-72.99546,197.95,2007.7955,0,0.8310938,0,0.5561323;
custom,cuboid,castle1tex,0.75,0.75,0.75,1,0.6,0.6,0.6,0.5,-0.5,-79.670355,197.95,2016.317,0,0.84588,0,0.5333733;
custom,cuboid,castle1tex,0.75,0.75,0.75,1,0.6,0.6,0.6,0.5,-0.5,-73.0659,205.45,2013.638,0,0.9307536,0,0.365647;
custom,cuboid,castle1tex,1.5,1.5,1.5,1,0.6,0.6,0.6,0.5,-0.5,616.3029,201.775,1682.693,0,0.9347537,0,0.3552965;
custom,cuboid,castle1tex,0.75,0.75,0.75,1,0.6,0.6,0.6,0.5,-0.5,627.5343,198.1,1695.704,0,0.9871776,0,0.159626;
custom,cuboid,castle1tex,0.75,0.75,0.75,1,0.6,0.6,0.6,0.5,-0.5,601.2255,198.1,1675.8875,0,0.9944123,0,0.1055659;
custom,cuboid,castle1tex,1.5,1.5,1.5,1,0.6,0.6,0.6,0.5,-0.5,625.8864,201.775,1717.5485,0,0.72178,0,0.6921226;
custom,cuboid,castle1tex,1.5,1.5,1.5,1,0.6,0.6,0.6,0.5,-0.5,629.4414,201.775,1747.763,0,0.6826705,0,0.7307264;
custom,cuboid,castle1tex,0.75,0.75,0.75,1,0.6,0.6,0.6,0.5,-0.5,636.5493,197.95,1764.3125,0,0.9057743,0,0.4237605;
custom,cuboid,castle1tex,0.75,0.75,0.75,1,0.6,0.6,0.6,0.5,-0.5,235.8171,197.95,1738.412,0,0.6586178,0,-0.7524777;
custom,cuboid,castle1tex,0.75,0.75,0.75,1,0.6,0.6,0.6,0.5,-0.5,240.4833,197.95,1679.234,0,0.8972124,0,-0.4415993;
custom,cuboid,castle1tex,0.75,0.75,0.75,1,0.6,0.6,0.6,0.5,-0.5,869.72715,197.95,579.68075,0,0.3739133,0,0.9274637;
custom,cuboid,castle1tex,1.5,1.5,1.5,1,0.6,0.6,0.6,0.5,-0.5,727.30005,201.775,880.3049,0,0.7986231,0,0.6018316;
custom,cuboid,castle1tex,0.75,0.75,0.75,1,0.6,0.6,0.6,0.5,-0.5,735.3612,197.95,898.33535,0,0.7203678,0,0.6935923;
custom,cuboid,castle1tex,0.75,0.75,0.75,1,0.6,0.6,0.6,0.5,-0.5,687.95775,197.95,867.3245,0,0.0189824,0,-0.9998198;
custom,cuboid,castle1tex,0.75,0.75,0.75,1,0.6,0.6,0.6,0.5,-0.5,710.66115,197.95,694.91105,0,0.9999641,0,0.0084749;
custom,cuboid,castle1tex,0.75,0.75,0.75,1,0.6,0.6,0.6,0.5,-0.5,354.7542,197.95,1495.9451,0,0.7071068,0,0.7071068;
custom,cuboid,castle1tex,0.75,0.75,0.75,1,0.6,0.6,0.6,0.5,-0.5,847.3008,197.95,1436.7323,0,0.4380577,0,0.8989469;
custom,cuboid,castle1tex,1.5,1.5,1.5,1,0.6,0.6,0.6,0.5,-0.5,424.2651,201.775,407.60555,0,0.7415335,0,-0.670916;
custom,cuboid,castle1tex,1.5,1.5,1.5,1,0.6,0.6,0.6,0.5,-0.5,423.63435,201.775,426.3524,0,0.6932079,0,-0.7207377;
custom,cuboid,castle1tex,0.75,0.75,0.75,1,0.6,0.6,0.6,0.5,-0.5,437.15835,197.95,398.9087,0,0.7761213,0,-0.6305836;
custom,cuboid,castle1tex,0.75,0.75,0.75,1,0.6,0.6,0.6,0.5,-0.5,437.20275,197.95,418.5521,0,0.5945563,0,-0.804054;
custom,cuboid,castle1tex,0.75,0.75,0.75,1,0.6,0.6,0.6,0.5,-0.5,420.68595,197.95,441.4709,0,0.9142895,0,-0.4050614;
custom,cuboid,castle1tex,0.75,0.75,0.75,1,0.6,0.6,0.6,0.5,-0.5,324.3132,197.95,1131.5399,0,0.4477476,0,-0.89416;
custom,cuboid,castle1tex,0.75,0.75,0.75,1,0.6,0.6,0.6,0.5,-0.5,514.87095,197.95,340.2623,0,0.4890935,0,0.8722314;
custom,cuboid,castle1tex,0.75,0.75,0.75,1,0.6,0.6,0.6,0.5,-0.5,576.59235,197.95,143.969,0,0.9749836,0,0.2222767;
custom,cuboid,castle1tex,0.75,0.75,0.75,1,0.6,0.6,0.6,0.5,-0.5,99.226275,243.025,81.0057095,0,0.9911253,0,0.1329307;
custom,cuboid,castle1tex,0.75,0.75,0.75,1,0.6,0.6,0.6,0.5,-0.5,88.283505,243.025,91.1408,0,0.9348991,0,-0.3549137;
custom,cuboid,castle1tex,1.5,1.5,1.5,1,0.6,0.6,0.6,0.5,-0.5,122.0625,246.775,179.525,0,0.5348051,0,-0.8449754;
custom,cuboid,castle1tex,1.5,1.5,1.5,1,0.6,0.6,0.6,0.5,-0.5,441.7074,201.775,-383.19145,0,0.8532206,0,-0.5215502;
custom,cuboid,castle1tex,0.75,0.75,0.75,1,0.6,0.6,0.6,0.5,-0.5,448.1322,197.95,-399.24055,0,0.7200399,0,-0.6939327;
custom,cuboid,castle1tex,0.75,0.75,0.75,1,0.6,0.6,0.6,0.5,-0.5,447.7899,197.95,-413.9812,0,0.1554575,0,0.9878426;
custom,cuboid,castle1tex,1.5,1.5,1.5,1,0.6,0.6,0.6,0.5,-0.5,868.1955,201.775,-254.02825,0,0.9999979,0,0.0020444;
custom,cuboid,castle1tex,1.5,1.5,1.5,1,0.6,0.6,0.6,0.5,-0.5,849.41415,201.775,-246.4555,0,0.9999374,0,0.0111901;
custom,cuboid,castle1tex,1.5,1.5,1.5,1,0.6,0.6,0.6,0.5,-0.5,868.65465,201.775,-231.52885,0,0.9999892,0,0.0046437;
custom,cuboid,castle1tex,0.75,0.75,0.75,1,0.6,0.6,0.6,0.5,-0.5,855.21405,197.95,-231.27775,0,0.9978443,0,0.0656263;
custom,cuboid,castle1tex,0.75,0.75,0.75,1,0.6,0.6,0.6,0.5,-0.5,844.1043,197.95,-223.2139,0,0.9818358,0,-0.1897331;
custom,cuboid,castle1tex,0.75,0.75,0.75,1,0.6,0.6,0.6,0.5,-0.5,873.1173,197.95,-214.549,0,0.9824093,0,0.1867404;
custom,cuboid,castle1tex,1.5,1.5,1.5,1,0.6,0.6,0.6,0.5,-0.5,858.81975,201.775,14.624915,0,0.529741,0,0.8481595;
custom,cuboid,castle1tex,0.75,0.75,0.75,1,0.6,0.6,0.6,0.5,-0.5,840.57135,197.95,19.77869,0,0.0141935,0,0.9998993;
custom,cuboid,castle1tex,0.75,0.75,0.75,1,0.6,0.6,0.6,0.5,-0.5,866.10915,197.95,2.52788,0,0.5481282,0,0.8363943;
custom,cuboid,castle1tex,0.75,0.75,0.75,1,0.6,0.6,0.6,0.5,-0.5,874.395,197.95,-4.380355,0,0.304512,0,0.9525085;
custom,cuboid,castle1tex,1.5,1.5,1.5,1,0.6,0.6,0.6,0.5,-0.5,822.05685,197.95,19.65218,0,0.111179,0,-0.9938004;
custom,cuboid,castle1tex,1.5,1.5,1.5,1,0.6,0.6,0.6,0.5,-0.5,431.8509,201.775,1826.504,0,0.5497525,0,-0.8353276;
custom,cuboid,castle1tex,0.75,0.75,0.75,1,0.6,0.6,0.6,0.5,-0.5,428.0106,197.95,1813.493,0,0.7250717,0,-0.6886734;
custom,cuboid,castle1tex,0.75,0.75,0.75,1,0.6,0.6,0.6,0.5,-0.5,437.4789,197.95,1838.54,0,-0.0649709,0,-0.9978872;
custom,cuboid,castle1tex,1.5,1.5,1.5,1,0.6,0.6,0.6,0.5,-0.5,348.6084,201.775,1859.8205,0,0.0036663,0,0.9999933;
custom,cuboid,castle1tex,0.75,0.75,0.75,1,0.6,0.6,0.6,0.5,-0.5,361.4724,197.95,1859.2775,0,0.0634059,0,0.9979879;
custom,cuboid,castle1tex,0.75,0.75,0.75,1,0.6,0.6,0.6,0.5,-0.5,335.3655,197.95,1860.5225,0,0.252666,0,0.9675536;
custom,cuboid,castle1tex,1.5,1.5,1.5,1,0.6,0.6,0.6,0.5,-0.5,902.757,239.2,1669.9265,0,0.0319063,0,-0.9994909;
custom,cuboid,castle1tex,0.75,0.75,0.75,1,0.6,0.6,0.6,0.5,-0.5,900.45075,250.45,1672.625,0,0.3192953,0,-0.9476553;
custom,cuboid,castle1tex,0.75,0.75,0.75,1,0.6,0.6,0.6,0.5,-0.5,894.1935,236.05,1649.9885,0,0.0388681,0,-0.9992443;
custom,cuboid,castle1tex,0.75,0.75,0.75,1,0.6,0.6,0.6,0.5,-0.5,904.38735,236.05,1649.375,0,-0.2338281,0,-0.972278;
custom,cuboid,castle1tex,0.75,0.75,0.75,1,0.6,0.6,0.6,0.5,-0.5,898.4943,236.05,1641.056,0,-0.0522091,0,-0.9986362;
custom,cuboid,castle1tex,0.75,0.75,0.75,1,0.6,0.6,0.6,0.5,-0.5,900.207,243.625,1645.394,0,0.4920142,0,-0.8705872;
custom,cuboid,castle1tex,1.5,1.5,1.5,1,0.6,0.6,0.6,0.5,-0.5,893.38155,239.2,1620.932,0,0,0,0;
custom,cuboid,castle1tex,0.75,0.75,0.75,1,0.6,0.6,0.6,0.5,-0.5,906.58065,236.05,1618.319,0,0.6290708,0,-0.777348;
custom,cuboid,castle1tex,0.75,0.75,0.75,1,0.6,0.6,0.6,0.5,-0.5,891.8211,236.05,1607.804,0,0.1603353,0,-0.9870626;
custom,cuboid,castle1tex,0.75,0.75,0.75,1,0.6,0.6,0.6,0.5,-0.5,906.8976,236.05,1388.5598,0,0.9460276,0,-0.3240862;
custom,cuboid,castle1tex,0.75,0.75,0.75,1,0.6,0.6,0.6,0.5,-0.5,914.09715,236.05,1379.50925,0,0.8439947,0,-0.5363515;
custom,cuboid,castle1tex,0.75,0.75,0.75,1,0.6,0.6,0.6,0.5,-0.5,750,236.05,1517.1965,0,0.8159873,0,-0.5780699;
custom,cuboid,castle1tex,0.75,0.75,0.75,1,0.6,0.6,0.6,0.5,-0.5,728.50575,236.05,1566.5837,0,0.6922563,0,-0.7216517;
custom,cuboid,castle1tex,0.75,0.75,0.75,1,0.6,0.6,0.6,0.5,-0.5,781.64535,236.05,1828.112,0,0.0997597,0,-0.9950116;
custom,cuboid,castle1tex,1.5,1.5,1.5,1,0.6,0.6,0.6,0.5,-0.5,1035.26895,239.2,1669.3745,0,0.0125753,0,0.999921;
custom,cuboid,castle1tex,0.75,0.75,0.75,1,0.6,0.6,0.6,0.5,-0.5,999.72435,236.05,1664.4515,0,0.0615557,0,-0.9981037;
custom,cuboid,castle1tex,0.75,0.75,0.75,1,0.6,0.6,0.6,0.5,-0.5,1010.7531,236.05,1660.643,0,0.2116869,0,0.9773375;
custom,cuboid,castle1tex,0.75,0.75,0.75,1,0.6,0.6,0.6,0.5,-0.5,1007.2869,236.05,1670.432,0,0.1223612,0,-0.9924856;
custom,cuboid,castle1tex,0.75,0.75,0.75,1,0.6,0.6,0.6,0.5,-0.5,990,236.05,1671.35,0,0,0,0;
custom,cuboid,castle1tex,0.75,0.75,0.75,1,0.6,0.6,0.6,0.5,-0.5,1018.08495,236.05,1672.3265,0,0.0540504,0,0.9985382;
custom,cuboid,castle1tex,0.75,0.75,0.75,1,0.6,0.6,0.6,0.5,-0.5,1006.69935,243.625,1665.7535,0,0.6527531,0,-0.7575707;
custom,cuboid,castle1tex,0.75,0.75,0.75,1,0.6,0.6,0.6,0.5,-0.5,826.66125,236.05,2183.315,0,0.6753084,0,-0.7375355;
custom,cuboid,castle1tex,0.75,0.75,0.75,1,0.6,0.6,0.6,0.5,-0.5,834.7827,236.05,2177.8865,0,0.6503497,0,-0.759635;
custom,cuboid,castle1tex,0.75,0.75,0.75,1,0.6,0.6,0.6,0.5,-0.5,825.321,236.05,2174.435,0,0.729586,0,-0.6838891;
custom,cuboid,castle1tex,0.75,0.75,0.75,1,0.6,0.6,0.6,0.5,-0.5,829.9983,243.625,2178.9335,0,0.8829494,0,-0.4694682;
custom,cuboid,castle1tex,1.5,1.5,1.5,1,0.6,0.6,0.6,0.5,-0.5,-316.0023,239.2,2210.0855,0,0.7606462,0,-0.6491666;
custom,cuboid,castle1tex,0.75,0.75,0.75,1,0.6,0.6,0.6,0.5,-0.5,-320.26485,236.05,2223.2555,0,0.6844839,0,-0.729028;
custom,cuboid,castle1tex,0.75,0.75,0.75,1,0.6,0.6,0.6,0.5,-0.5,-299.0349,236.05,2198.6825,0,0.8829399,0,-0.4694861;
custom,cuboid,castle1tex,1.5,1.5,1.5,1,0.6,0.6,0.6,0.5,-0.5,348.3096,239.2,2268.956,0,0.6385982,0,-0.7695404;
custom,cuboid,castle1tex,0.75,0.75,0.75,1,0.6,0.6,0.6,0.5,-0.5,363.7902,236.05,2272.0715,0,0.7848481,0,-0.6196882;
custom,cuboid,castle1tex,0.75,0.75,0.75,1,0.6,0.6,0.6,0.5,-0.5,342,236.05,2257.7,0,0.9991033,0,0.0423399;
custom,cuboid,castle1tex,0.75,0.75,0.75,1,0.6,0.6,0.6,0.5,-0.5,346.593,250.45,2271.0395,0,0.7481505,0,-0.6635291;
custom,cuboid,castle1tex,1.5,1.5,1.5,1,0.6,0.6,0.6,0.5,-0.5,1062.65235,239.2,2183.9525,0,0.7071068,0,0.7071068;
custom,cuboid,castle1tex,0.75,0.75,0.75,1,0.6,0.6,0.6,0.5,-0.5,215.15805,236.05,2255.3705,0,0.7345369,0,0.6785688;
custom,cuboid,castle1tex,0.75,0.75,0.75,1,0.6,0.6,0.6,0.5,-0.5,1081.55445,236.05,2192.0855,0,0.9999598,0,-0.008967;
custom,cuboid,castle1tex,0.75,0.75,0.75,1,0.6,0.6,0.6,0.5,-0.5,1048.6287,236.05,2180.5145,0,0.9142531,0,0.4051436;
custom,cuboid,castle1tex,0.75,0.75,0.75,1,0.6,0.6,0.6,0.5,-0.5,1062.2217,250.45,2181.7325,0,0.8806837,0,0.4737047;
custom,cuboid,castle1tex,1.5,1.5,1.5,1,0.6,0.6,0.6,0.5,-0.5,632.2491,239.2,2522.1935,0,0.4902857,0,0.8715618;
custom,cuboid,castle1tex,1.5,1.5,1.5,1,0.6,0.6,0.6,0.5,-0.5,666.5877,239.2,2545.6505,0,0.4964403,0,-0.8680708;
custom,cuboid,castle1tex,1.5,1.5,1.5,1,0.6,0.6,0.6,0.5,-0.5,658.24545,239.2,2522.255,0,0.2951103,0,-0.9554632;
custom,cuboid,castle1tex,0.75,0.75,0.75,1,0.6,0.6,0.6,0.5,-0.5,653.82855,236.05,2554.313,0,0.9743168,0,0.2251815;
custom,cuboid,castle1tex,0.75,0.75,0.75,1,0.6,0.6,0.6,0.5,-0.5,644.1012,236.05,2558.933,0,0.9993209,0,-0.0368489;
custom,cuboid,castle1tex,0.75,0.75,0.75,1,0.6,0.6,0.6,0.5,-0.5,636.3354,236.05,2551.9265,0,0.9098672,0,0.4148996;
custom,cuboid,castle1tex,0.75,0.75,0.75,1,0.6,0.6,0.6,0.5,-0.5,628.4097,236.05,2545.067,0,0.7130936,0,0.7010689;
custom,cuboid,castle1tex,0.75,0.75,0.75,1,0.6,0.6,0.6,0.5,-0.5,626.68215,236.05,2535.194,0,0.8047609,0,0.5935991;
custom,cuboid,castle1tex,0.75,0.75,0.75,1,0.6,0.6,0.6,0.5,-0.5,619.8834,236.05,2541.911,0,0.7759053,0,0.6308495;
custom,cuboid,castle1tex,0.75,0.75,0.75,1,0.6,0.6,0.6,0.5,-0.5,646.0194,236.05,2513.231,0,0.0786749,0,-0.9969004;
custom,cuboid,castle1tex,0.75,0.75,0.75,1,0.6,0.6,0.6,0.5,-0.5,671.60655,236.05,2528.978,0,0.7347578,0,-0.6783295;
custom,cuboid,castle1tex,0.75,0.75,0.75,1,0.6,0.6,0.6,0.5,-0.5,624.21525,243.55,2539.634,0,0.3344549,0,0.9424118;
custom,cuboid,castle1tex,0.75,0.75,0.75,1,0.6,0.6,0.6,0.5,-0.5,654.1461,236.05,2565.248,0,0.9772583,0,-0.2120523;
custom,cuboid,castle1tex,0.75,0.75,0.75,1,0.6,0.6,0.6,0.5,-0.5,651.10545,243.55,2558.9945,0,0.9605028,0,0.2782704;
custom,cuboid,castle1tex,0.75,0.75,0.75,1,0.6,0.6,0.6,0.5,-0.5,633.33225,250.45,2524.6115,0,0.0326378,0,0.9994673;
custom,cuboid,castle1tex,0.75,0.75,0.75,1,0.6,0.6,0.6,0.5,-0.5,717.53295,236.05,2458.1255,0,0.7240753,0,0.6897209;
custom,cuboid,castle1tex,0.75,0.75,0.75,1,0.6,0.6,0.6,0.5,-0.5,705.6936,236.05,2455.322,0,0.9064349,0,0.4223455;
custom,cuboid,castle1tex,0.75,0.75,0.75,1,0.6,0.6,0.6,0.5,-0.5,749.6943,236.05,2493.3365,0,0.9903107,0,0.1388698;
custom,cuboid,castle1tex,0.75,0.75,0.75,1,0.6,0.6,0.6,0.5,-0.5,710.0643,236.05,2466.2225,0,0.6822351,0,0.7311328;
custom,cuboid,castle1tex,0.75,0.75,0.75,1,0.6,0.6,0.6,0.5,-0.5,710.59245,243.55,2459.405,0,0.1670909,0,0.9859415;
custom,cuboid,castle1tex,1.5,1.5,1.5,1,0.6,0.6,0.6,0.5,-0.5,1106.4759,239.2,2563.226,0,0.9999699,0,-0.0077599;
custom,cuboid,castle1tex,1.5,1.5,1.5,1,0.6,0.6,0.6,0.5,-0.5,1113.34185,239.2,2483.498,0,0.6934434,0,-0.7205111;
custom,cuboid,castle1tex,1.5,1.5,1.5,1,0.6,0.6,0.6,0.5,-0.5,1132.9593,239.2,2486.702,0,0.8149408,0,-0.5795443;
custom,cuboid,castle1tex,0.75,0.75,0.75,1,0.6,0.6,0.6,0.5,-0.5,1110.63945,236.05,2499.2,0,0.9870553,0,0.1603806;
custom,cuboid,castle1tex,0.75,0.75,0.75,1,0.6,0.6,0.6,0.5,-0.5,1110.2067,236.05,2512.211,0,0.9937229,0,-0.11187;
custom,cuboid,castle1tex,0.75,0.75,0.75,1,0.6,0.6,0.6,0.5,-0.5,1111.01325,236.05,2524.8725,0,0.7757835,0,-0.6309993;
custom,cuboid,castle1tex,0.75,0.75,0.75,1,0.6,0.6,0.6,0.5,-0.5,1109.99535,236.05,2535.4445,0,0.7092718,0,-0.7049351;
custom,cuboid,castle1tex,0.75,0.75,0.75,1,0.6,0.6,0.6,0.5,-0.5,1119.21855,236.05,2537.6045,0,0.627633,0,-0.7785094;
custom,cuboid,castle1tex,0.75,0.75,0.75,1,0.6,0.6,0.6,0.5,-0.5,1113.2124,236.05,2545.739,0,0.8350947,0,-0.5501062;
custom,cuboid,castle1tex,0.75,0.75,0.75,1,0.6,0.6,0.6,0.5,-0.5,1144.93875,236.05,2492.1965,0,0.7552726,0,-0.6554108;
custom,cuboid,castle1tex,0.75,0.75,0.75,1,0.6,0.6,0.6,0.5,-0.5,1111.4127,236.05,2468.756,0,0.7704988,0,-0.6374415;
custom,cuboid,castle1tex,0.75,0.75,0.75,1,0.6,0.6,0.6,0.5,-0.5,1122.0159,236.05,2449.3655,0,0.6159863,0,-0.7877569;
custom,cuboid,castle1tex,0.75,0.75,0.75,1,0.6,0.6,0.6,0.5,-0.5,1110.21795,236.05,2455.0535,0,0.9561687,0,-0.2928166;
custom,cuboid,castle1tex,1.5,1.5,1.5,1,0.6,0.6,0.6,0.5,-0.5,1255.48605,239.2,2649.5375,0,0.6956962,0,0.7183362;
custom,cuboid,castle1tex,0.75,0.75,0.75,1,0.6,0.6,0.6,0.5,-0.5,1252.31895,236.05,2671.304,0,0.819989,0,0.5723793;
custom,cuboid,castle1tex,0.75,0.75,0.75,1,0.6,0.6,0.6,0.5,-0.5,1261.3449,236.05,2663.735,0,0.7455794,0,0.6664169;
custom,cuboid,castle1tex,0.75,0.75,0.75,1,0.6,0.6,0.6,0.5,-0.5,1247.52495,236.05,2661.8735,0,0.6538702,0,0.7566068;
custom,cuboid,castle1tex,0.75,0.75,0.75,1,0.6,0.6,0.6,0.5,-0.5,1255.39905,250.45,2649.113,0,0.3434013,0,0.9391888;
custom,cuboid,castle1tex,1.5,1.5,1.5,1,0.6,0.6,0.6,0.5,-0.5,1238.2134,239.2,2678.5505,0,0.543329,0,0.8395199;
custom,cuboid,castle1tex,0.75,0.75,0.75,1,0.6,0.6,0.6,0.5,-0.5,1231.2024,236.05,2691.8075,0,0.6653681,0,0.7465155;
custom,cuboid,castle1tex,0.75,0.75,0.75,1,0.6,0.6,0.6,0.5,-0.5,1237.87605,236.05,2664.962,0,0.4918251,0,0.870694;
custom,cuboid,castle1tex,0.75,0.75,0.75,1,0.6,0.6,0.6,0.5,-0.5,1253.80815,243.55,2665.343,0,0.4231821,0,0.9060447;
custom,cuboid,castle1tex,1.5,1.5,1.5,1,0.6,0.6,0.6,0.5,-0.5,1217.89275,239.2,2701.157,0,0.3475276,0,0.9376698;
custom,cuboid,castle1tex,0.75,0.75,0.75,1,0.6,0.6,0.6,0.5,-0.5,1203.8598,236.05,2708.5445,0,0.5783744,0,0.8157714;
custom,cuboid,castle1tex,1.5,1.5,1.5,1,0.6,0.6,0.6,0.5,-0.5,1178.58285,239.2,2711.678,0,0.6220657,0,0.7829651;
custom,cuboid,castle1tex,0.75,0.75,0.75,1,0.6,0.6,0.6,0.5,-0.5,1193.07555,236.05,2707.6685,0,0.8737531,0,0.4863699;
custom,cuboid,castle1tex,0.75,0.75,0.75,1,0.6,0.6,0.6,0.5,-0.5,1181.56335,250.45,2711.3945,0,0.7366368,0,0.6762887;
custom,cuboid,castle1tex,0.75,0.75,0.75,1,0.6,0.6,0.6,0.5,-0.5,824.9904,236.05,2715.407,0,-0.0041046,0,-0.9999916;
custom,cuboid,castle1tex,0.75,0.75,0.75,1,0.6,0.6,0.6,0.5,-0.5,832.98585,236.05,2715.5585,0,-0.0148311,0,0.99989;
custom,cuboid,castle1tex,1.5,1.5,1.5,1,0.6,0.6,0.6,0.5,-0.5,1566.243,239.2,2457.5975,0,0.7519531,0,0.6592167;
custom,cuboid,castle1tex,0.75,0.75,0.75,1,0.6,0.6,0.6,0.5,-0.5,1551.4725,236.05,2453.1095,0,0.8858851,0,0.4639047;
custom,cuboid,castle1tex,0.75,0.75,0.75,1,0.6,0.6,0.6,0.5,-0.5,1564.716,236.05,2470.3445,0,0.6624258,0,0.7491276;
custom,cuboid,castle1tex,0.75,0.75,0.75,1,0.6,0.6,0.6,0.5,-0.5,1575.057,236.05,2474.0915,0,0.7429714,0,0.6693232;
custom,cuboid,castle1tex,0.75,0.75,0.75,1,0.6,0.6,0.6,0.5,-0.5,1565.745,236.05,2480.8745,0,0.7799956,0,0.6257851;
custom,cuboid,castle1tex,0.75,0.75,0.75,1,0.6,0.6,0.6,0.5,-0.5,1572.8055,236.05,2490.2825,0,0.920405,0,0.3909662;
custom,cuboid,castle1tex,1.5,1.5,1.5,1,0.6,0.6,0.6,0.5,-0.5,1499.052,239.2,2681.711,0,0.3339841,0,-0.9425787;
custom,cuboid,castle1tex,0.75,0.75,0.75,1,0.6,0.6,0.6,0.5,-0.5,1898.82,279.7,2522.45,0,-0.031321,0,0.9995094;
custom,cuboid,castle1tex,0.75,0.75,0.75,1,0.6,0.6,0.6,0.5,-0.5,1906.488,261.55,2436.5,0,0.6859175,0,0.7276794;
custom,cuboid,castle1tex,0.75,0.75,0.75,1,0.6,0.6,0.6,0.5,-0.5,1857,236.05,2214.5,0,0.9967575,0,0.0804646;
custom,cuboid,castle1tex,0.75,0.75,0.75,1,0.6,0.6,0.6,0.5,-0.5,1752.582,236.05,2170.3985,0,0.7071068,0,-0.7071068;
custom,cuboid,castle1tex,0.75,0.75,0.75,1,0.6,0.6,0.6,0.5,-0.5,1666.3575,236.05,1697.4905,0,0.8407023,0,0.5414976;
custom,cuboid,castle1tex,0.75,0.75,0.75,1,0.6,0.6,0.6,0.5,-0.5,1756.8525,249.925,2028.938,0,0.7071068,0,-0.7071068;
custom,cuboid,castle1tex,1.5,1.5,1.5,1,0.6,0.6,0.6,0.5,-0.5,1567.5,239.2,1743.5,0,0,0,0;
custom,cuboid,castle1tex,1.2,1.2,1.2,1,0.6,0.6,0.6,0.5,-0.5,1554,237.7,1745,0,0.7071068,0,-0.7071068;
custom,cuboid,castle1tex,0.75,0.75,0.75,1,0.6,0.6,0.6,0.5,-0.5,1523.859,236.05,1928.978,0,0,0,0;
custom,cuboid,castle1tex,0.75,0.75,0.75,1,0.6,0.6,0.6,0.5,-0.5,1579.533,236.05,1932.4535,0,1,0,0;
custom,cuboid,castle1tex,0.75,0.75,0.75,1,0.6,0.6,0.6,0.5,-0.5,1498.515,236.05,1956.107,0,0,0,0;
custom,cuboid,castle1tex,0.75,0.75,0.75,1,0.6,0.6,0.6,0.5,-0.5,1498.6065,236.05,1989.188,0,1,0,0;
custom,cuboid,castle1tex,1.5,1.5,1.5,1,0.6,0.6,0.6,0.5,-0.5,1599.183,239.2,2006.8265,0,0.7071068,0,0.7071068;
custom,cuboid,castle1tex,0.75,0.75,0.75,1,0.6,0.6,0.6,0.5,-0.5,1599.4035,236.05,2021.8775,0,0.888756,0,0.4583806;
custom,cuboid,castle1tex,0.75,0.75,0.675,1,0.6,0.6,0.6,0.5,-0.5,1498.2,236.05,2040.8,0,0.7071068,0,0.7071068;
custom,cuboid,castle1tex,1.5,1.5,1.5,1,0.6,0.6,0.6,0.5,-0.5,1630.1235,255.25,1464.8711,0,0.6498295,0,-0.76008;
custom,cuboid,castle1tex,1.5,1.5,1.5,1,0.6,0.6,0.6,0.5,-0.5,1630.0605,255.25,1378.34075,0,0.7457869,0,-0.6661846;
custom,cuboid,castle1tex,0.6,0.6,0.6,1,0.6,0.6,0.6,0.5,-0.5,1629.306,250.75,1364.94485,0,0.6125695,0,-0.7904168;
custom,cuboid,castle1tex,0.6,0.6,0.6,1,0.6,0.6,0.6,0.5,-0.5,1640.34,250.75,1363.7882,0,0.8508908,0,-0.5253427;
custom,cuboid,castle1tex,0.75,0.75,0.75,1,0.6,0.6,0.6,0.5,-0.5,1628.7885,251.5,1393.0454,0,0.838419,0,-0.5450263;
custom,cuboid,castle1tex,0.75,0.75,0.75,1,0.6,0.6,0.6,0.5,-0.5,1624.2885,251.5,1409,0,0.6125695,0,-0.7904168;
custom,cuboid,castle1tex,0.75,0.75,0.75,1,0.6,0.6,0.6,0.5,-0.5,1624.7175,251.5,1451.009,0,0.3189057,0,-0.9477865;
custom,cuboid,castle1tex,0.75,0.75,0.75,1,0.6,0.6,0.6,0.5,-0.5,1645.947,251.5,1471.39985,0,0.3721114,0,-0.9281881;
custom,cuboid,castle1tex,1.5,1.5,1.5,1,0.6,0.6,0.6,0.5,-0.5,1653.591,255.25,1486.23155,0,0.7071068,0,-0.7071068;
custom,cuboid,castle1tex,0.75,0.75,0.75,1,0.6,0.6,0.6,0.5,-0.5,1665.6225,251.5,1483.29575,0,0.087915,0,-0.996128;
custom,cuboid,castle1tex,0.75,0.75,0.75,1,0.6,0.6,0.6,0.5,-0.5,1672.2195,251.5,1493.56385,0,-0.7750191,0,-0.6319378;
custom,cuboid,castle1tex,1.5,1.5,1.5,1,0.6,0.6,0.6,0.5,-0.5,1685.1675,255.25,1485.78035,0,0.2445992,0,0.9696243;
custom,cuboid,castle1tex,0.75,0.75,0.75,1,0.6,0.6,0.6,0.5,-0.5,1690.242,251.5,1467.7826,0,0.5952941,0,0.8035079;
custom,cuboid,castle1tex,0.75,0.75,0.75,1,0.6,0.6,0.6,0.5,-0.5,1692.846,251.5,1454.67815,0,0.7008327,0,0.7133257;
custom,cuboid,castle1tex,0.75,0.75,0.75,1,0.6,0.6,0.6,0.5,-0.5,1689.4575,251.5,1343.03375,0,1,0,0;
custom,cuboid,castle1tex,0.6,0.6,0.6,1,0.6,0.6,0.6,0.5,-0.5,1629,250.75,1323.5,0,0.8508908,0,-0.5253427;
custom,cuboid,castle1tex,0.75,0.75,0.75,1,0.6,0.6,0.6,0.5,-0.5,1498.266,251.5,1170.75335,0,0.9999922,0,-0.0039604;
custom,cuboid,castle1tex,0.75,0.75,0.75,1,0.6,0.6,0.6,0.5,-0.5,1498.263,251.5,1144.505,0,0.7103697,0,-0.7038288;
custom,cuboid,castle1tex,1.5,1.5,1.5,1,0.6,0.6,0.6,0.5,-0.5,1501.623,255.25,1157.71235,0,0.7117099,0,-0.7024735;
custom,cuboid,castle1tex,1.5,1.5,1.5,1,0.6,0.6,0.6,0.5,-0.5,1733.3505,255.25,1012.62185,0,0.9853882,0,0.1703236;
custom,cuboid,castle1tex,0.75,0.75,0.75,1,0.6,0.6,0.6,0.5,-0.5,1731.0285,251.5,998.9783,0,0.9952184,0,0.0976747;
custom,cuboid,castle1tex,0.75,0.75,0.75,1,0.6,0.6,0.6,0.5,-0.5,1721.214,251.5,1005.4406,0,0.7436686,0,0.6685485;
custom,cuboid,castle1tex,0.75,0.75,0.75,1,0.6,0.6,0.6,0.5,-0.5,1740.8655,251.5,1250.5274,0,0.6635432,0,0.748138;
custom,cuboid,castle1tex,0.75,0.75,0.75,1,0.6,0.6,0.6,0.5,-0.5,1498.9455,251.5,1048.06145,0,0.6629871,0,-0.7486309;
custom,cuboid,castle1tex,0.75,0.75,0.75,1,0.6,0.6,0.6,0.5,-0.5,1498.4475,251.5,1057.39085,0,0.7865844,0,-0.6174828;
custom,cuboid,castle1tex,0.75,0.75,0.75,1,0.6,0.6,0.6,0.5,-0.5,1508.778,251.5,1052.99285,0,0.6953166,0,-0.7187036;
custom,cuboid,castle1tex,0.75,0.75,0.75,1,0.6,0.6,0.6,0.5,-0.5,1502.64,259,1052.9573,0,0.2653887,0,-0.9641415;
custom,cuboid,castle1tex,1.5,1.5,1.5,1,0.6,0.6,0.6,0.5,-0.5,1739.9295,255.25,1162.1738,0,0.6735358,0,0.7391546;
custom,cuboid,castle1tex,1.5,1.5,1.5,1,0.6,0.6,0.6,0.5,-0.5,1738.2225,255.25,1122.49895,0,0.7309477,0,0.6824335;
custom,cuboid,castle1tex,0.75,0.75,0.75,1,0.6,0.6,0.6,0.5,-0.5,1739.955,251.5,1148.03525,0,0.720199,0,0.6937675;
custom,cuboid,castle1tex,0.75,0.75,0.75,1,0.6,0.6,0.6,0.5,-0.5,1740.9405,251.5,1136.6114,0,0.2451543,0,0.9694841;
custom,cuboid,castle1tex,0.75,0.75,0.75,1,0.6,0.6,0.6,0.5,-0.5,1739.25,251.5,1175.8262,0,0.8838981,0,0.4676796;
custom,cuboid,castle1tex,0.75,0.75,0.75,1,0.6,0.6,0.6,0.5,-0.5,1737.099,251.5,1108.3265,0,0.4022101,0,0.9155474;
custom,cuboid,castle1tex,0.75,0.75,0.75,1,0.6,0.6,0.6,0.5,-0.5,1742.904,251.5,1185.04295,0,0.791939,0,0.6106003;
custom,cuboid,castle1tex,1.5,1.5,1.5,1,0.6,0.6,0.6,0.5,-0.5,1111.48815,255.25,1468.1951,0,0.4674025,0,-0.8840447;
custom,cuboid,castle1tex,0.75,0.75,0.75,1,0.6,0.6,0.6,0.5,-0.5,1106.28105,251.5,1451.4725,0,0.7026569,0,-0.7115288;
custom,cuboid,castle1tex,0.75,0.75,0.75,1,0.6,0.6,0.6,0.5,-0.5,1327.22115,251.5,1311.86435,0,0.841135,0,0.5408253;
custom,cuboid,castle1tex,0.75,0.75,0.75,1,0.6,0.6,0.6,0.5,-0.5,1103.55,251.5,1342.14185,0,0.7071068,0,-0.7071068;
custom,cuboid,castle1tex,0.75,0.75,0.75,1,0.6,0.6,0.6,0.5,-0.5,1103.55,259,1337.2382,0,0,0,0;
custom,cuboid,castle1tex,1.5,1.5,1.5,1,0.6,0.6,0.6,0.5,-0.5,1501.941,255.25,927.8114,0,0.5726633,0,0.8197907;
custom,cuboid,castle1tex,0.75,0.75,0.75,1,0.6,0.6,0.6,0.5,-0.5,1508.22,251.5,913.56125,0,0.9845761,0,-0.1749571;
custom,cuboid,castle1tex,1.5,1.5,1.5,1,0.6,0.6,0.6,0.5,-0.5,1511.9145,246.85,493.27565,0,0.9999154,0,0.0130102;
custom,cuboid,castle1tex,0.75,0.75,0.75,1,0.6,0.6,0.6,0.5,-0.5,1514.5995,243.25,507.8966,0,0.9695745,0,0.2447967;
custom,cuboid,castle1tex,0.75,0.75,0.75,1,0.6,0.6,0.6,0.5,-0.5,1453.2615,243.25,375.80585,0,0.6830916,0,-0.7303327;
custom,cuboid,castle1tex,0.75,0.75,0.75,1,0.6,0.6,0.6,0.5,-0.5,1436.7375,243.25,132.079715,0,0.7071068,0,-0.7071068;
custom,cuboid,castle1tex,0.75,0.75,0.75,1,0.6,0.6,0.6,0.5,-0.5,1500.0585,243.25,15.72851,0,1,0,0;
custom,cuboid,castle1tex,0.75,0.75,0.75,1,0.6,0.6,0.6,0.5,-0.5,1402.22985,243.25,-33.208045,0,0.2184878,0,-0.9758397;
custom,cuboid,castle1tex,0.75,0.75,0.75,1,0.6,0.6,0.6,0.5,-0.5,1513.821,243.25,-292.1581,0,0.9984895,0,0.0549437;
custom,cuboid,castle1tex,0.75,0.75,0.75,1,0.6,0.6,0.6,0.5,-0.5,1526.472,286.6375,595.08635,0,1,0,0;
custom,cuboid,castle1tex,1.5,1.5,1.5,1,0.6,0.6,0.6,0.5,-0.5,1571.454,246.85,-310.99915,0,0.9709679,0,-0.2392096;
custom,cuboid,castle1tex,1.5,1.5,1.5,1,0.6,0.6,0.6,0.5,-0.5,1585.083,246.85,-9.74278,0,0.3227752,0,-0.9464757;
custom,cuboid,castle1tex,0.75,0.75,0.75,1,0.6,0.6,0.6,0.5,-0.5,1599.9045,243.25,-5.14603,0,0.0537434,0,-0.9985548;
custom,cuboid,castle1tex,0.75,0.75,0.75,1,0.6,0.6,0.6,0.5,-0.5,1579.7715,243.25,-24.74464,0,0.9773442,0,-0.2116563;
custom,cuboid,castle1tex,0.75,0.75,0.75,1,0.6,0.6,0.6,0.5,-0.5,1586.181,243.25,-314.46385,0,0.9958096,0,-0.0914511;
custom,cuboid,castle1tex,1.5,1.5,1.5,1,0.6,0.6,0.6,0.5,-0.5,1184.02545,246.85,-515.99695,0,0.9261984,0,0.3770366;
custom,cuboid,castle1tex,0.75,0.75,0.75,1,0.6,0.6,0.6,0.5,-0.5,1177.3851,243.25,-530.0998,0,0.8090757,0,0.5877045;
custom,cuboid,castle1tex,0.75,0.75,0.75,1,0.6,0.6,0.6,0.5,-0.5,1198.10235,243.25,-507.9433,0,0.9912751,0,0.1318093;
custom,cuboid,castle1tex,1.5,1.5,1.5,1,0.6,0.6,0.6,0.5,-0.5,1211.73825,246.85,-497.4415,0,0.9269712,0,0.3751326;
custom,cuboid,castle1tex,0.75,0.75,0.75,1,0.6,0.6,0.6,0.5,-0.5,1219.68675,243.25,-484.3327,0,0.8415373,0,0.540199;
custom,cuboid,castle1tex,0.75,0.75,0.75,1,0.6,0.6,0.6,0.5,-0.5,1172.77935,243.25,-541.51405,0,0.2756882,0,0.9612471;
custom,cuboid,castle1tex,0.75,0.75,0.75,1,0.6,0.6,0.6,0.5,-0.5,1082.85765,243.25,-513.22465,0,0,0,0;
custom,cuboid,castle1tex,0.75,0.75,0.75,1,0.6,0.6,0.6,0.5,-0.5,1071.183,243.25,-907.0093,0,0.6379982,0,0.7700378;
custom,cuboid,castle1tex,0.75,0.75,0.75,1,0.6,0.6,0.6,0.5,-0.5,949.55955,243.25,-794.22565,0,0.7071068,0,0.7071068;
custom,cuboid,castle1tex,0.75,0.75,0.75,1,0.6,0.6,0.6,0.5,-0.5,947.67405,243.25,-784.69165,0,0.5388576,0,0.8423969;
custom,cuboid,castle1tex,0.75,0.75,0.75,1,0.6,0.6,0.6,0.5,-0.5,940.69155,243.25,-791.52325,0,0.9979453,0,0.0640717;
custom,cuboid,castle1tex,1.5,1.5,1.5,1,0.6,0.6,0.6,0.5,-0.5,502.9713,246.85,-899.30875,0,0.7032935,0,-0.7108996;
custom,cuboid,castle1tex,0.75,0.75,0.75,1,0.6,0.6,0.6,0.5,-0.5,516.57375,243.25,-907.2391,0,0.890379,0,-0.45522;
custom,cuboid,castle1tex,1.5,1.5,1.5,1,0.6,0.6,0.6,0.5,-0.5,89.957835,246.85,-834.99115,0,0.6466899,0,-0.762753;
custom,cuboid,castle1tex,0.75,0.75,0.75,1,0.6,0.6,0.6,0.5,-0.5,78.745875,243.25,-848.73055,0,0.1030794,0,-0.9946731;
custom,cuboid,castle1tex,0.75,0.75,0.75,1,0.6,0.6,0.6,0.5,-0.5,89.0226,243.25,-849.5092,0,-0.8212388,0,-0.5705848;
custom,cuboid,castle1tex,0.75,0.75,0.75,1,0.6,0.6,0.6,0.5,-0.5,83.175825,243.25,-857.68015,0,0,0,1;
custom,cuboid,castle1tex,1.5,1.5,1.5,1,0.6,0.6,0.6,0.5,-0.5,252.1071,246.85,-931.98205,0,0.9668675,0,0.2552787;
custom,cuboid,castle1tex,0.75,0.75,0.75,1,0.6,0.6,0.6,0.5,-0.5,238.1355,243.25,-936.9022,0,0.9984986,0,0.0547774;
custom,cuboid,castle1tex,0.75,0.75,0.75,1,0.6,0.6,0.6,0.5,-0.5,945.99525,250.75,-789.9721,0,0.2871887,0,0.9578741;
custom,cuboid,castle1tex,0.75,0.75,0.75,1,0.6,0.6,0.6,0.5,-0.5,84.354735,250.75,-852.6958,0,0.5722762,0,-0.820061;
custom,cuboid,castle1tex,0.75,0.75,0.75,1,0.6,0.6,0.6,0.5,-0.5,583.875,288.7,-920.5,0,0.8348599,0,-0.5504625;
custom,cuboid,castle1tex,0.75,0.75,0.75,1,0.6,0.6,0.6,0.5,-0.5,-318.59055,243.25,-903.7363,0,0.6973783,0,-0.7167032;
custom,cuboid,castle1tex,1.5,1.5,1.5,1,0.6,0.6,0.6,0.5,-0.5,-316.07115,246.85,-916.47055,0,0.6740065,0,-0.7387255;
custom,cuboid,castle1tex,0.75,0.75,0.75,1,0.6,0.6,0.6,0.5,-0.5,-316.37535,243.25,-928.5619,0,0.6220559,0,-0.7829729;
custom,cuboid,castle1tex,0.75,0.75,0.75,1,0.6,0.6,0.6,0.5,-0.5,-321.45075,243.25,-936.3175,0,1,0,0;
custom,cuboid,castle1tex,0.75,0.75,0.75,1,0.6,0.6,0.6,0.5,-0.5,-163.56186,243.25,-434.00875,0,0.1052387,0,0.994447;
custom,cuboid,castle1tex,0.75,0.75,0.75,1,0.6,0.6,0.6,0.5,-0.5,-154.264995,243.25,-433.95565,0,0,0,1;
custom,cuboid,castle1tex,1.5,1.5,1.5,1,0.6,0.6,0.6,0.5,-0.5,-140.2362,246.85,-436.0915,0,0,0,-1;
custom,cuboid,castle1tex,0.75,0.75,0.75,1,0.6,0.6,0.6,0.5,-0.5,-127.424175,243.25,-430.9624,0,0.1345689,0,-0.9909043;
custom,cuboid,castle1tex,0.75,0.75,0.75,1,0.6,0.6,0.6,0.5,-0.5,-319.1922,250.75,-929.5723,0,0.6521571,0,-0.7580838;
custom,cuboid,castle1tex,0.75,0.75,0.75,1,0.6,0.6,0.6,0.5,-0.5,-159.000555,250.75,-432.06325,0,0,0,1;
custom,cuboid,castle1tex,0.75,0.75,0.75,1,0.6,0.6,0.6,0.5,-0.5,-200.01855,243.25,830.70215,0,0.7082673,0,0.7059444;
custom,cuboid,castle1tex,0.75,0.75,0.75,1,0.6,0.6,0.6,0.5,-0.5,-210.039,243.25,832.8419,0,-0.102956,0,-0.9946859;
custom,cuboid,castle1tex,1.5,1.5,1.5,1,0.6,0.6,0.6,0.5,-0.5,-227.3175,246.85,828.461,0,0,0,1;
custom,cuboid,castle1tex,0.75,0.75,0.75,1,0.6,0.6,0.6,0.5,-0.5,-239.2359,243.25,829.562,0,0.1272432,0,0.9918715;
custom,cuboid,castle1tex,0.75,0.75,0.75,1,0.6,0.6,0.6,0.5,-0.5,-247.9491,243.25,831.5579,0,0,0,-1;
custom,cuboid,castle1tex,0.75,0.75,0.75,1,0.6,0.6,0.6,0.5,-0.5,-269.8446,243.25,831.72215,0,0.2472313,0,-0.9689565;
custom,cuboid,castle1tex,1.5,1.5,1.5,1,0.6,0.6,0.6,0.5,-0.5,-266.30685,246.85,798.2,0,0.5744743,0,-0.8185226;
custom,cuboid,castle1tex,0.75,0.75,0.75,1,0.6,0.6,0.6,0.5,-0.5,-270.59265,243.25,786.11675,0,0,0,-1;
custom,cuboid,castle1tex,0.75,0.75,0.75,1,0.6,0.6,0.6,0.5,-0.5,-268.8,243.25,812.0981,0,0.7200912,0,-0.6938794;
custom,cuboid,castle1tex,0.75,0.75,0.75,1,0.6,0.6,0.6,0.5,-0.5,-270.79425,243.25,821.63105,0,0.8568255,0,-0.5156065;
custom,cuboid,castle1tex,0.75,0.75,0.75,1,0.6,0.6,0.6,0.5,-0.5,-227.4012,243.25,815.20685,0,0.1935767,0,-0.9810852;
custom,cuboid,castle1tex,0.75,0.75,0.75,1,0.6,0.6,0.6,0.5,-0.5,-200.2938,243.25,792.96845,0,0.2068686,0,0.9783688;
custom,cuboid,castle1tex,0.75,0.75,0.75,1,0.6,0.6,0.6,0.5,-0.5,-198.60885,243.25,783.3536,0,0.7610967,0,-0.6486385;
custom,cuboid,castle1tex,1.125,1.125,1.125,1,0.6,0.6,0.6,0.5,-0.5,-214.7979,244.975,873.7235,0,0.7071068,0,0.7071068;
custom,cuboid,castle1tex,1.125,1.125,1.125,1,0.6,0.6,0.6,0.5,-0.5,-217.81185,244.975,851.5844,0,0.721679,0,0.6922278;
custom,cuboid,castle1tex,1.125,1.125,1.125,1,0.6,0.6,0.6,0.5,-0.5,-265.32435,244.975,872.41955,0,0.3653485,0,-0.9308708;
custom,cuboid,castle1tex,0.75,0.75,0.75,1,0.6,0.6,0.6,0.5,-0.5,-272.79345,243.25,859.0304,0,0.704761,0,-0.7094448;
custom,cuboid,castle1tex,0.75,0.75,0.75,1,0.6,0.6,0.6,0.5,-0.5,-216.1143,243.25,862.53065,0,0.8474056,0,0.5309463;
custom,cuboid,castle1tex,0.75,0.75,0.75,1,0.6,0.6,0.6,0.5,-0.5,-253.5,243.25,877.71275,0,0,0,-1;
custom,cuboid,castle1tex,0.75,0.75,0.75,1,0.6,0.6,0.6,0.5,-0.5,-226.9395,243.25,877.10615,0,0.4706613,0,0.882314;
custom,cuboid,castle1tex,0.75,0.75,0.75,1,0.6,0.6,0.6,0.5,-0.5,-228.68655,243.25,849.197,0,0.9859312,0,0.1671517;
custom,cuboid,castle1tex,0.75,0.75,0.75,1,0.6,0.6,0.6,0.5,-0.5,-414.51405,243.25,792.42725,0,0.4585479,0,-0.8886697;
custom,cuboid,castle1tex,1.5,1.5,1.5,1,0.6,0.6,0.6,0.5,-0.5,-417.32265,246.85,1216.973,0,0.7064456,0,-0.7077673;
custom,cuboid,castle1tex,0.75,0.75,0.75,1,0.6,0.6,0.6,0.5,-0.5,-419.63175,243.25,1230.10175,0,0.8923197,0,-0.451404;
custom,cuboid,castle1tex,1.5,1.5,1.5,1,0.6,0.6,0.6,0.5,-0.5,-286.88175,246.85,1768.9745,0,0.7176399,0,0.6964144;
custom,cuboid,castle1tex,0.75,0.75,0.75,1,0.6,0.6,0.6,0.5,-0.5,-300.63405,243.25,1774.754,0,0.3800258,0,0.9249759;
custom,cuboid,castle1tex,0.75,0.75,0.75,1,0.6,0.6,0.6,0.5,-0.5,-300.5775,243.25,1764.8285,0,-0.0046202,0,0.9999894;
custom,cuboid,castle1tex,0.75,0.75,0.75,1,0.6,0.6,0.6,0.5,-0.5,-309.36435,243.25,1770.026,0,0.2979628,0,0.9545775;
custom,cuboid,castle1tex,0.75,0.75,0.75,1,0.6,0.6,0.6,0.5,-0.5,-327.6645,243.25,1960.679,0,0.17512,0,0.9845471;
custom,cuboid,castle1tex,0.75,0.75,0.75,1,0.6,0.6,0.6,0.5,-0.5,-411.5658,243.25,1943.759,0,0.324138,0,-0.9460098;
custom,cuboid,castle1tex,0.75,0.75,0.75,1,0.6,0.6,0.6,0.5,-0.5,-302.6745,250.75,1770.209,0,0.6100323,0,0.7923766;
custom,cuboid,castle1tex,1.5,1.5,1.5,1,0.6,0.6,0.6,0.5,-0.5,-410.2218,246.85,1929.464,0,0.6475521,0,-0.7620211;
custom,cuboid,castle1tex,0.75,0.75,0.75,1,0.6,0.6,0.6,0.5,-0.5,-415.0275,243.25,1916.711,0,0.4925266,0,-0.8702974;
custom,cuboid,castle1tex,1.5,1.5,1.5,1,0.6,0.6,0.6,0.5,-0.5,-328.1586,246.85,1472.0018,0,0.7094615,0,0.7047443;
custom,cuboid,castle1tex,0.75,0.75,0.75,1,0.6,0.6,0.6,0.5,-0.5,-330.07875,243.25,1460.38145,0,0.7277295,0,0.6858643;
custom,cuboid,castle1tex,0.75,0.75,0.75,1,0.6,0.6,0.6,0.5,-0.5,-325.62225,243.25,1452.6122,0,0.5891453,0,0.8080271;
custom,cuboid,castle1tex,0.75,0.75,0.75,1,0.6,0.6,0.6,0.5,-0.5,-57.429555,197.95,367.136,0,0.7176096,0,-0.6964455;
custom,cuboid,castle1tex,1.5,1.5,1.5,1,0.6,0.6,0.6,0.5,-0.5,-56.305065,201.775,379.49165,0,0.6847402,0,-0.7287872;
custom,cuboid,castle1tex,0.75,0.75,0.75,1,0.6,0.6,0.6,0.5,-0.5,-57.134955,197.95,392.42705,0,0.8184392,0,-0.574593;
custom,cuboid,castle1tex,0.75,0.75,0.75,1,0.6,0.6,0.6,0.5,-0.5,222.7902,197.95,1147.1432,0,0.310138,0,0.9506916;
custom,cuboid,castle1tex,0.75,0.75,0.75,1,0.6,0.6,0.6,0.5,-0.5,230.87985,197.95,1141.45385,0,0.3834505,0,0.9235615;
custom,cuboid,castle1tex,1.5,1.5,1.5,1,0.6,0.6,0.6,0.5,-0.5,260.41875,201.775,1196.33165,0,0.9432329,0,-0.3321322;
custom,cuboid,castle1tex,0.75,0.75,0.75,1,0.6,0.6,0.6,0.5,-0.5,273.5187,197.95,1203.25325,0,0.9747553,0,0.223276;
custom,cuboid,castle1tex,0.75,0.75,0.75,1,0.6,0.6,0.6,0.5,-0.5,265.33695,197.95,1209.104,0,0.8886051,0,0.4586732;
custom,cuboid,castle1tex,0.75,0.75,0.75,1,0.6,0.6,0.6,0.5,-0.5,273.5391,197.95,1213.98275,0,0.3337814,0,0.9426505;
custom,cuboid,castle1tex,1.5,1.5,1.5,1,0.6,0.6,0.6,0.5,-0.5,-222.91845,201.775,1324.4141,0,0,0,-1;
custom,cuboid,castle1tex,0.75,0.75,0.75,1,0.6,0.6,0.6,0.5,-0.5,-221.5569,197.95,1311.83165,0,0.2295742,0,-0.9732912;
custom,cuboid,castle1tex,0.75,0.75,0.75,1,0.6,0.6,0.6,0.5,-0.5,-227.3028,197.95,1304.46635,0,-0.4183111,0,-0.9083039;
custom,cuboid,castle1tex,1.5,1.5,1.5,1,0.6,0.6,0.6,0.5,-0.5,-255.15405,201.775,2009.3585,0,0.6390241,0,-0.7691867;
custom,cuboid,castle1tex,1.5,1.5,1.5,1,0.6,0.6,0.6,0.5,-0.5,-42.231987,201.775,2038.973,0,0.9919857,0,-0.1263506;
custom,cuboid,castle1tex,1.5,1.5,1.5,1,0.6,0.6,0.6,0.5,-0.5,350.90355,201.775,2103.3485,0,0.2228991,0,-0.9748416;
custom,cuboid,castle1tex,0.75,0.75,0.75,1,0.6,0.6,0.6,0.5,-0.5,341.493,197.95,2094.0485,0,0.0246789,0,-0.9996955;
custom,cuboid,castle1tex,0.75,0.75,0.75,1,0.6,0.6,0.6,0.5,-0.5,362.58,197.95,2108.273,0,0.9369072,0,-0.3495783;
custom,cuboid,castle1tex,0.75,0.75,0.75,1,0.6,0.6,0.6,0.5,-0.5,1106.38755,197.95,2080.241,0,0.4424953,0,0.8967708;
custom,cuboid,castle1tex,0.75,0.75,0.75,1,0.6,0.6,0.6,0.5,-0.5,1114.02735,197.95,2073.203,0,0.6673564,0,0.7447386;
custom,cuboid,castle1tex,0.75,0.75,0.75,1,0.6,0.6,0.6,0.5,-0.5,951.86835,197.95,1892.5505,0,0.9993092,0,0.0371659;
custom,cuboid,castle1tex,0.75,0.75,0.75,1,0.6,0.6,0.6,0.5,-0.5,270.5991,205.45,1209.431,0,0.9933661,0,0.1149955;
custom,cuboid,castle1tex,0.75,0.75,0.75,1,0.6,0.6,0.6,0.5,-0.5,-227.61915,205.45,1311.5249,0,0.2710455,0,-0.9625666;
custom,cuboid,castle1tex,0.75,0.75,0.75,1,0.6,0.6,0.6,0.5,-0.5,-242.34495,197.95,2008.406,0,0.9601622,0,-0.2794434;
custom,cuboid,castle1tex,0.75,0.75,0.75,1,0.6,0.6,0.6,0.5,-0.5,627.9594,197.95,1732.6565,0,0.7166917,0,0.6973901;
custom,cuboid,castle1tex,0.75,0.75,0.75,1,0.6,0.6,0.6,0.5,-0.5,625.86915,197.95,1705.0385,0,0.7894289,0,0.613842;
custom,cuboid,castle1tex,0.75,0.75,0.75,1,0.6,0.6,0.6,0.5,-0.5,618.11835,197.95,1697.9645,0,0.6859135,0,0.7276831;
custom,cuboid,castle1tex,0.75,0.75,0.75,1,0.6,0.6,0.6,0.5,-0.5,624.0153,205.45,1699.5005,0,0.8306207,0,0.5568386;
custom,cuboid,castle1tex,0.75,0.75,0.75,1,0.6,0.6,0.6,0.5,-0.5,237.84405,197.95,1688.447,0,0.6938527,0,-0.720117;
custom,cuboid,castle1tex,0.75,0.75,0.75,1,0.6,0.6,0.6,0.5,-0.5,238.3317,205.45,1684.025,0,0.7359862,0,-0.6769965;
custom,cuboid,castle1tex,1.5,1.5,1.5,1,0.6,0.6,0.6,0.5,-0.5,586.299,201.775,1679.036,0,0.9862064,0,-0.1655202;
custom,cuboid,castle1tex,0.75,0.75,0.75,1,0.6,0.6,0.6,0.5,-0.5,563.17065,197.95,1671.2105,0,0.6657398,0,0.7461841;
custom,cuboid,castle1tex,0.75,0.75,0.75,1,0.6,0.6,0.6,0.5,-0.5,572.3184,197.95,1673.78,0,0.9726101,0,0.232443;
custom,cuboid,castle1tex,0.75,0.75,0.75,1,0.6,0.6,0.6,0.5,-0.5,586.12905,197.95,1692.2075,0,0.9997883,0,-0.0205728;
custom,cuboid,castle1tex,0.75,0.75,0.75,1,0.6,0.6,0.6,0.5,-0.5,576.75345,197.95,1694.8205,0,0.9757996,0,-0.2186667;
custom,cuboid,castle1tex,0.75,0.75,0.75,1,0.6,0.6,0.6,0.5,-0.5,583.9296,197.95,1701.3845,0,0.7883418,0,0.6152375;
custom,cuboid,castle1tex,1.5,1.5,1.5,1,0.6,0.6,0.6,0.5,-0.5,651.26145,201.775,1332.3629,0,0.6907123,0,0.7231297;
custom,cuboid,castle1tex,0.75,0.75,0.75,1,0.6,0.6,0.6,0.5,-0.5,653.7012,197.95,1345.7852,0,0.8905456,0,0.454894;
custom,cuboid,castle1tex,1.5,1.5,1.5,1,0.6,0.6,0.6,0.5,-0.5,841.6824,201.775,769.1186,0,0.8732964,0,0.4871892;
custom,cuboid,castle1tex,0.75,0.75,0.75,1,0.6,0.6,0.6,0.5,-0.5,832.78755,197.95,758.29505,0,0.8312175,0,0.5559474;
custom,cuboid,castle1tex,0.75,0.75,0.75,1,0.6,0.6,0.6,0.5,-0.5,848.09805,197.95,781.16885,0,0.9846385,0,0.1746056;
custom,cuboid,castle1tex,1.5,1.5,1.5,1,0.6,0.6,0.6,0.5,-0.5,874.908,201.775,566.71775,0,0.6936494,0,0.7203128;
custom,cuboid,castle1tex,0.75,0.75,0.75,1,0.6,0.6,0.6,0.5,-0.5,879.9966,197.95,553.47515,0,0.4355438,0,0.9001675;
custom,cuboid,castle1tex,0.75,0.75,0.75,1,0.6,0.6,0.6,0.5,-0.5,609.9258,197.95,1138.5023,0,0.1209317,0,0.9926608;
custom,cuboid,castle1tex,0.75,0.75,0.75,1,0.6,0.6,0.6,0.5,-0.5,624.23925,197.95,1134.87245,0,0.236345,0,0.9716692;
custom,cuboid,castle1tex,0.75,0.75,0.75,1,0.6,0.6,0.6,0.5,-0.5,630.9072,197.95,1126.7456,0,0.9937604,0,0.1115362;
custom,cuboid,castle1tex,1.5,1.5,1.5,1,0.6,0.6,0.6,0.5,-0.5,120.435,201.775,516.8162,0,0,0,-1;
custom,cuboid,castle1tex,0.75,0.75,0.75,1,0.6,0.6,0.6,0.5,-0.5,118.04109,197.95,504.1016,0,0.2073589,0,-0.9782649;
custom,cuboid,castle1tex,0.75,0.75,0.75,1,0.6,0.6,0.6,0.5,-0.5,121.5,212.95,517.83305,0,0.9677945,0,-0.2517418;
custom,cuboid,castle1tex,1.5,1.5,1.5,1,0.6,0.6,0.6,0.5,-0.5,532.80015,201.775,331.87475,0,0,0,1;
custom,cuboid,castle1tex,0.75,0.75,0.75,1,0.6,0.6,0.6,0.5,-0.5,545.8698,197.95,333.86105,0,0.1424898,0,-0.9897963;
custom,cuboid,castle1tex,1.5,1.5,1.5,1,0.6,0.6,0.6,0.5,-0.5,268.626,201.775,113.417,0,0.7087104,0,0.7054996;
custom,cuboid,castle1tex,1.5,1.5,1.5,1,0.6,0.6,0.6,0.5,-0.5,270.177,201.775,81.7785935,0,0.712155,0,0.7020222;
custom,cuboid,castle1tex,0.75,0.75,0.75,1,0.6,0.6,0.6,0.5,-0.5,271.08015,197.95,100.50473,0,0.8222487,0,0.5691285;
custom,cuboid,castle1tex,0.75,0.75,0.75,1,0.6,0.6,0.6,0.5,-0.5,262.84875,197.95,95.243495,0,0.4572614,0,0.8893324;
custom,cuboid,castle1tex,0.75,0.75,0.75,1,0.6,0.6,0.6,0.5,-0.5,267.0441,197.95,69.5281798,0,0.6168464,0,0.7870835;
custom,cuboid,castle1tex,0.75,0.75,0.75,1,0.6,0.6,0.6,0.5,-0.5,272.9667,197.95,61.875794,0,0.3845573,0,0.9231011;
custom,cuboid,castle1tex,1.5,1.5,1.5,1,0.6,0.6,0.6,0.5,-0.5,199.29765,201.775,18.37493,0,0.9987731,0,-0.0495215;
custom,cuboid,castle1tex,0.75,0.75,0.75,1,0.6,0.6,0.6,0.5,-0.5,211.5,197.95,15.597455,0,0.9985449,0,0.0539275;
custom,cuboid,castle1tex,1.5,1.5,1.5,1,0.6,0.6,0.6,0.5,-0.5,151.54035,201.775,-495.30325,0,0.7160548,0,-0.6980441;
custom,cuboid,castle1tex,0.75,0.75,0.75,1,0.6,0.6,0.6,0.5,-0.5,148.99935,197.95,-508.8616,0,0.9306029,0,-0.3660304;
custom,cuboid,castle1tex,0.75,0.75,0.75,1,0.6,0.6,0.6,0.5,-0.5,159.5223,197.95,-508.66585,0,0.9704165,0,-0.2414368;
custom,cuboid,castle1tex,1.5,1.5,1.5,1,0.6,0.6,0.6,0.5,-0.5,320.8989,201.775,-21.045565,0,-0.0156791,0,-0.9998771;
custom,cuboid,castle1tex,0.75,0.75,0.75,1,0.6,0.6,0.6,0.5,-0.5,320.20095,197.95,-33.551605,0,0,0,-1;
custom,cuboid,castle1tex,0.75,0.75,0.75,1,0.6,0.6,0.6,0.5,-0.5,320.4426,197.95,-43.64863,0,0.3786718,0,-0.925531;
custom,cuboid,castle1tex,0.75,0.75,0.75,1,0.6,0.6,0.6,0.5,-0.5,334.0164,197.95,-14.81551,0,0.1955278,0,-0.9806982;
custom,cuboid,castle1tex,1.5,1.5,1.5,1,0.6,0.6,0.6,0.5,-0.5,232.66005,201.775,-361.8229,0,0.4908592,0,0.8712389;
custom,cuboid,castle1tex,0.75,0.75,0.75,1,0.6,0.6,0.6,0.5,-0.5,239.7942,197.95,-373.2778,0,0.5975844,0,0.8018061;
custom,cuboid,castle1tex,0.75,0.75,0.75,1,0.6,0.6,0.6,0.5,-0.5,225.4086,197.95,-351.26665,0,0.9990077,0,0.0445381;
custom,cuboid,castle1tex,1.5,1.5,1.5,1,0.6,0.6,0.6,0.5,-0.5,294.0573,201.775,-285.9193,0,-0.0037332,0,-0.9999931;
custom,cuboid,castle1tex,0.75,0.75,0.75,1,0.6,0.6,0.6,0.5,-0.5,290.12355,197.95,-298.5826,0,-0.1503997,0,-0.9886253;
custom,cuboid,castle1tex,1.5,1.5,1.5,1,0.6,0.6,0.6,0.5,-0.5,494.96775,201.775,-716.2726,0,0.9070037,0,-0.4211227;
custom,cuboid,castle1tex,0.75,0.75,0.75,1,0.6,0.6,0.6,0.5,-0.5,484.38495,197.95,-708.58705,0,0.9779311,0,-0.2089277;
custom,cuboid,castle1tex,0.75,0.75,0.75,1,0.6,0.6,0.6,0.5,-0.5,550.9245,197.95,-722.0053,0,0.9450264,0,-0.3269942;
custom,cuboid,castle1tex,1.5,1.5,1.5,1,0.6,0.6,0.6,0.5,-0.5,536.9118,201.775,-719.9341,0,0.9999741,0,0.0071961;
custom,cuboid,castle1tex,0.75,0.75,0.75,1,0.6,0.6,0.6,0.5,-0.5,524.0013,197.95,-723.75685,0,0.9947268,0,0.1025596;
custom,cuboid,castle1tex,0.75,0.75,0.75,1,0.6,0.6,0.6,0.5,-0.5,912.7752,197.95,-653.98405,0,0.3545492,0,0.9350374;
custom,cuboid,castle1tex,0.75,0.75,0.75,1,0.6,0.6,0.6,0.5,-0.5,920.9922,197.95,-658.68955,0,0,0,-1;
custom,cuboid,castle1tex,1.5,1.5,1.5,1,0.6,0.6,0.6,0.5,-0.5,929.2038,201.775,-645.62935,0,0.7251728,0,-0.688567;
custom,cuboid,castle1tex,0.75,0.75,0.75,1,0.6,0.6,0.6,0.5,-0.5,929.98425,197.95,-657.5635,0,0.1055894,0,-0.9944099;
custom,cuboid,castle1tex,0.75,0.75,0.75,1,0.6,0.6,0.6,0.5,-0.5,926.4891,197.95,-632.725,0,0.926591,0,-0.3760705;
custom,cuboid,castle1tex,1.5,1.5,1.5,1,0.6,0.6,0.6,0.5,-0.5,698.78895,201.775,-379.29385,0,0.9101981,0,-0.4141732;
custom,cuboid,castle1tex,0.75,0.75,0.75,1,0.6,0.6,0.6,0.5,-0.5,711.5961,197.95,-385.0876,0,0.8568757,0,0.5155231;
custom,cuboid,castle1tex,0.75,0.75,0.75,1,0.6,0.6,0.6,0.5,-0.5,693.27975,197.95,-366.8389,0,0.1716247,0,-0.9851624;
custom,cuboid,castle1tex,1.5,1.5,1.5,1,0.6,0.6,0.6,0.5,-0.5,984.08445,201.775,-32.801035,0,0.6959733,0,-0.7180677;
custom,cuboid,castle1tex,0.75,0.75,0.75,1,0.6,0.6,0.6,0.5,-0.5,986.739,197.95,-44.90764,0,0.6587529,0,-0.7523594;
custom,cuboid,castle1tex,0.75,0.75,0.75,1,0.6,0.6,0.6,0.5,-0.5,981.504,197.95,-53.614975,0,0.9816118,0,0.1908879;
custom,cuboid,castle1tex,1.5,1.5,1.5,1,0.6,0.6,0.6,0.5,-0.5,1346.68725,201.775,-235.90165,0,0.7079907,0,0.7062218;
custom,cuboid,castle1tex,0.75,0.75,0.75,1,0.6,0.6,0.6,0.5,-0.5,1350.4623,197.95,-248.13925,0,0.7071068,0,0.7071068;
custom,cuboid,castle1tex,0.75,0.75,0.75,1,0.6,0.6,0.6,0.5,-0.5,1346.3265,197.95,-256.0171,0,0.8230538,0,0.5679635;
custom,cuboid,castle1tex,0.75,0.75,0.75,1,0.6,0.6,0.6,0.5,-0.5,1340.8527,197.95,-248.73235,0,0.8937498,0,-0.4485658;
custom,cuboid,castle1tex,0.75,0.75,0.75,1,0.6,0.6,0.6,0.5,-0.5,1345.91745,205.45,-250.8103,0,0.7232419,0,0.6905948;
custom,cuboid,castle1tex,0.75,0.75,0.75,1,0.6,0.6,0.6,0.5,-0.5,1347.2538,197.95,-222.42025,0,0.9326627,0,0.3607495;
custom,cuboid,castle1tex,0.75,0.75,0.75,1,0.6,0.6,0.6,0.5,-0.5,1246.554,259.975,371.79515,0,-0.1144429,0,-0.9934298;
custom,cuboid,castle1tex,0.75,0.75,0.75,1,0.6,0.6,0.6,0.5,-0.5,1245.63735,259.975,362.5967,0,0,0,1;
custom,cuboid,castle1tex,0.75,0.75,0.75,1,0.6,0.6,0.6,0.5,-0.5,1237.3437,259.975,368.36735,0,0.4792405,0,0.8776836;
custom,cuboid,castle1tex,0.75,0.75,0.75,1,0.6,0.6,0.6,0.5,-0.5,1242.5037,267.475,367.69835,0,0.3379985,0,0.9411467;
custom,cuboid,castle1tex,1.5,1.5,1.5,1,0.6,0.6,0.6,0.5,-0.5,956.41575,239.5,1319.73275,0,0.7071068,0,-0.7071068;
custom,cuboid,castle1tex,0.75,0.75,0.75,1,0.6,0.6,0.6,0.5,-0.5,959.83065,235.75,1332.6035,0,0.5845123,0,-0.8113849;
custom,cuboid,castle1tex,0.75,0.75,0.75,1,0.6,0.6,0.6,0.5,-0.5,950.2191,235.75,1306.8053,0,0.2334899,0,-0.9723592;
custom,cuboid,castle1tex,0.75,0.75,0.75,1,0.6,0.6,0.6,0.5,-0.5,959.565,235.75,1308.1619,0,0.676838,0,-0.736132;
custom,cuboid,castle1tex,0.75,0.75,0.75,1,0.6,0.6,0.6,0.5,-0.5,955.50675,235.75,1299.90335,0,0,0,-1;
custom,cuboid,castle1tex,0.75,0.75,0.75,1,0.6,0.6,0.6,0.5,-0.5,950.85135,235.75,1291.6388,0,0.4520609,0,-0.8919871;
custom,cuboid,castle1tex,0.75,0.75,0.75,1,0.6,0.6,0.6,0.5,-0.5,955.5378,243.25,1304.3948,0,0.9490847,0,-0.315021;
custom,cuboid,castle1tex,0.75,0.75,0.75,1,0.6,0.6,0.6,0.5,-0.5,956.90175,250.75,1308.9659,0,0.697983,0,-0.7161143;
custom,cuboid,castle1tex,1.5,1.5,1.5,1,0.6,0.6,0.6,0.5,-0.5,141.7203,201.775,1276.4351,0,0.9963867,0,-0.0849325;
custom,cuboid,castle1tex,0.75,0.75,0.75,1,0.6,0.6,0.6,0.5,-0.5,154.25835,197.95,1276.6412,0,0.9765781,0,-0.2151634;
custom,cuboid,castle1tex,0.75,0.75,0.75,1,0.6,0.6,0.6,0.5,-0.5,160.36485,197.95,1270.65215,0,-0.2992973,0,-0.95416;
custom,cuboid,castle1tex,1.5,1.5,1.5,1,0.6,0.6,0.6,0.5,-0.5,126.2268,201.775,1280.45945,0,0.9987622,0,-0.0497406;
custom,cuboid,castle1tex,0.75,0.75,0.75,1,0.6,0.6,0.6,0.5,-0.5,113.55165,197.95,1277.8187,0,0.9853994,0,-0.170259;
custom,cuboid,castle1tex,0.75,0.75,0.75,1,0.6,0.6,0.6,0.5,-0.5,114.648225,197.95,1285.7609,0,0.9912543,0,-0.131966;
custom,cuboid,castle1tex,0.75,0.75,0.75,1,0.6,0.6,0.6,0.5,-0.5,105.02916,197.95,1281.95315,0,0.4864646,0,0.8737003;
custom,cuboid,castle1tex,1.5,1.5,1.5,1,0.6,0.6,0.6,0.5,-0.5,45.90813,201.775,1100.7215,0,0.9687754,0,0.24794;
custom,cuboid,castle1tex,0.75,0.75,0.75,1,0.6,0.6,0.6,0.5,-0.5,56.255595,197.95,1108.8944,0,0.9990974,0,-0.0424786;
custom,cuboid,castle1tex,0.75,0.75,0.75,1,0.6,0.6,0.6,0.5,-0.5,33.68394,197.95,1098.086,0,0.9560983,0,0.2930463;
custom,cuboid,castle1tex,0.75,0.75,0.75,1,0.6,0.6,0.6,0.5,-0.5,27.75,197.95,1090.7,0,0.8793129,0,0.4762446;
custom,cuboid,castle1tex,1.5,1.5,1.5,1,0.6,0.6,0.6,0.5,-0.5,298.69665,201.775,1569.07985,0,0,0,1;
custom,cuboid,castle1tex,0.75,0.75,0.75,1,0.6,0.6,0.6,0.5,-0.5,311.9424,197.95,1568.61035,0,0.0415687,0,-0.9991357;
custom,cuboid,castle1tex,0.75,0.75,0.75,1,0.6,0.6,0.6,0.5,-0.5,319.76385,197.95,1573.004,0,0.1163655,0,-0.9932065;
custom,cuboid,castle1tex,0.75,0.75,0.75,1,0.6,0.6,0.6,0.5,-0.5,296.64315,212.95,1566.1895,0,0.6463717,0,-0.7630227;
custom,cuboid,castle1tex,1.5,1.5,1.5,1,0.6,0.6,0.6,0.5,-0.5,542.6547,201.775,669.32435,0,0,0,1;
custom,cuboid,castle1tex,0.75,0.75,0.75,1,0.6,0.6,0.6,0.5,-0.5,530.43765,197.95,668.7308,0,-0.150819,0,-0.9885615;
custom,cuboid,castle1tex,0.75,0.75,0.75,1,0.6,0.6,0.6,0.5,-0.5,520.33665,197.95,672.2402,0,0.2495259,0,0.9683682;
custom,cuboid,castle1tex,0.75,0.75,0.75,1,0.6,0.6,0.6,0.5,-0.5,521.95245,197.95,661.01795,0,0.1841177,0,0.9829043;
custom,cuboid,castle1tex,0.75,0.75,0.75,1,0.6,0.6,0.6,0.5,-0.5,513.663,197.95,665.1488,0,0,0,-1;
custom,cuboid,castle1tex,0.75,0.75,0.75,1,0.6,0.6,0.6,0.5,-0.5,518.0745,205.45,664.9193,0,-0.2767525,0,-0.9609413;
custom,cuboid,castle1tex,0.75,0.75,0.75,1,0.6,0.6,0.6,0.5,-0.5,528.3039,205.45,666.44555,0,0,0,-1;
custom,cuboid,castle1tex,0.75,0.75,0.75,1,0.6,0.6,0.6,0.5,-0.5,522.04005,212.8,665.92955,0,0.9354442,0,-0.3534744;
custom,cuboid,castle1tex,0.75,0.75,0.75,1,0.6,0.6,0.6,0.5,-0.5,378.15015,197.95,-481.91125,0,0.7130165,0,0.7011473;
custom,cuboid,castle1tex,0.75,0.75,0.75,1,0.6,0.6,0.6,0.5,-0.5,378.46275,197.95,-473.1958,0,0.8365815,0,0.5478426;
custom,cuboid,castle1tex,0.75,0.75,0.75,1,0.6,0.6,0.6,0.5,-0.5,370.9776,197.95,-488.4256,0,0.8619106,0,0.5070603;
custom,cuboid,castle1tex,0.75,0.75,0.75,1,0.6,0.6,0.6,0.5,-0.5,374.48595,205.3,-485.7037,0,-0.5295019,0,-0.8483088;
custom,cuboid,castle1tex,0.75,0.75,0.75,1,0.6,0.6,0.6,0.5,-0.5,378.66375,205.3,-476.64685,0,0.7280017,0,-0.6855754;
custom,cuboid,castle1tex,0.75,0.75,0.75,1,0.6,0.6,0.6,0.5,-0.5,446.0655,197.95,-562.4965,0,0.7605904,0,-0.6492321;
custom,cuboid,castle1tex,0.75,0.75,0.75,1,0.6,0.6,0.6,0.5,-0.5,446.2215,197.95,-552.7222,0,-0.0597428,0,-0.9982138;
custom,cuboid,castle1tex,1.5,1.5,1.5,1,0.6,0.6,0.6,0.5,-0.5,575.3301,201.775,-468.63565,0,0.6858317,0,0.7277603;
custom,cuboid,castle1tex,0.75,0.75,0.75,1,0.6,0.6,0.6,0.5,-0.5,572.43165,197.95,-455.91025,0,0.2083625,0,0.9780517;
custom,cuboid,castle1tex,1.5,1.5,1.5,1,0.6,0.6,0.6,0.5,-0.5,1754.9535,311.875,256.9802,0,0.9999611,0,0.0088147;
custom,cuboid,castle1tex,0.75,0.75,0.75,1,0.6,0.6,0.6,0.5,-0.5,1760.2095,308.125,235.44455,0,0.2929805,0,0.9561185;
custom,cuboid,castle1tex,1.5,1.5,1.5,1,0.6,0.6,0.6,0.5,-0.5,1653.972,278.5,411.2819,0,0.7274971,0,-0.6861108;
custom,cuboid,castle1tex,1.5,1.5,1.5,1,0.6,0.6,0.6,0.5,-0.5,1651.113,278.5,390.92435,0,0.5696306,0,-0.8219008;
custom,cuboid,castle1tex,0.75,0.75,0.75,1,0.6,0.6,0.6,0.5,-0.5,1673.436,274.75,412.86845,0,0.2676451,0,-0.9635176;
custom,cuboid,castle1tex,0.75,0.75,0.75,1,0.6,0.6,0.6,0.5,-0.5,1668.1155,274.75,397.75835,0,-0.7945317,0,-0.6072227;
custom,cuboid,castle1tex,0.75,0.75,0.75,1,0.6,0.6,0.6,0.5,-0.5,1648.173,274.75,376.10525,0,0.1749969,0,-0.984569;
custom,cuboid,castle1tex,1.5,1.5,1.5,1,0.6,0.6,0.6,0.5,-0.5,1580.538,246.925,156.620435,0,0.840771,0,-0.5413909;
custom,cuboid,castle1tex,1.5,1.5,1.5,1,0.6,0.6,0.6,0.5,-0.5,1581.8925,246.925,202.551365,0,0.5515009,0,-0.8341743;
custom,cuboid,castle1tex,0.75,0.75,0.75,1,0.6,0.6,0.6,0.5,-0.5,1577.2365,243.25,171.054395,0,0.6107657,0,-0.7918115;
custom,cuboid,castle1tex,0.75,0.75,0.75,1,0.6,0.6,0.6,0.5,-0.5,1583.661,243.25,177.35126,0,0.8844195,0,0.4666929;
custom,cuboid,castle1tex,0.75,0.75,0.75,1,0.6,0.6,0.6,0.5,-0.5,1576.146,243.25,181.504775,0,0.4558535,0,-0.8900549;
custom,cuboid,castle1tex,0.75,0.75,0.75,1,0.6,0.6,0.6,0.5,-0.5,1584.159,243.25,188.18999,0,0.613869,0,-0.7894079;
custom,cuboid,castle1tex,0.75,0.75,0.75,1,0.6,0.6,0.6,0.5,-0.5,1594.5435,243.25,152.41586,0,0.6719667,0,-0.7405813;
custom,cuboid,castle1tex,1.5,1.5,1.5,1,0.6,0.6,0.6,0.5,-0.5,1774.4595,246.925,677.45735,0,0.3037874,0,-0.9527399;
custom,cuboid,castle1tex,1.5,1.5,1.5,1,0.6,0.6,0.6,0.5,-0.5,1963.9845,246.925,527.05175,0,0.9077201,0,0.4195763;
custom,cuboid,castle1tex,1.5,1.5,1.5,1,0.6,0.6,0.6,0.5,-0.5,1928.3925,246.925,282.41975,0,0.6986576,0,0.7154562;
custom,cuboid,castle1tex,0.75,0.75,0.75,1,0.6,0.6,0.6,0.5,-0.5,1788.4425,243.25,680.6453,0,0.1284489,0,-0.9917161;
custom,cuboid,castle1tex,0.75,0.75,0.75,1,0.6,0.6,0.6,0.5,-0.5,1767.2025,243.25,664.85465,0,0.9729964,0,-0.2308203;
custom,cuboid,castle1tex,0.75,0.75,0.75,1,0.6,0.6,0.6,0.5,-0.5,1968.237,243.25,543.34595,0,0.1409225,0,0.9900206;
custom,cuboid,castle1tex,0.75,0.75,0.75,1,0.6,0.6,0.6,0.5,-0.5,1949.571,243.25,520.8368,0,0.9847966,0,0.1737112;
custom,cuboid,castle1tex,0.75,0.75,0.75,1,0.6,0.6,0.6,0.5,-0.5,1927.737,243.25,269.25935,0,-0.2907396,0,0.9568022;
custom,cuboid,castle1tex,0.75,0.75,0.75,1,0.6,0.6,0.6,0.5,-0.5,1922.5545,243.25,294.99935,0,0.7668616,0,0.6418126;
custom,cuboid,castle1tex,0.75,0.75,0.75,1,0.6,0.6,0.6,0.5,-0.5,1926,243.25,684.275,0,0,0,0;
custom,cuboid,castle1tex,0.75,0.75,0.75,1,0.6,0.6,0.6,0.5,-0.5,1936.5,243.25,684.275,0,0,0,-1;
custom,cuboid,castle1tex,0.75,0.75,0.75,1,0.6,0.6,0.6,0.5,-0.5,1931.25,250.75,684.275,0,0,0,0;
custom,cuboid,castle1tex,1.5,1.5,1.5,1,0.6,0.6,0.6,0.5,-0.5,1967.9595,246.925,-261.33955,0,0.715841,0,0.6982634;
custom,cuboid,castle1tex,1.5,1.5,1.5,1,0.6,0.6,0.6,0.5,-0.5,1669.128,246.925,-606.7627,0,0.9999849,0,-0.0054924;
custom,cuboid,castle1tex,1.5,1.5,1.5,1,0.6,0.6,0.6,0.5,-0.5,1374.33885,246.925,-629.39335,0,0.7171361,0,-0.6969332;
custom,cuboid,castle1tex,1.5,1.5,1.5,1,0.6,0.6,0.6,0.5,-0.5,1396.9038,246.925,-495.0844,0,0.5886035,0,-0.8084219;
custom,cuboid,castle1tex,0.75,0.75,0.75,1,0.6,0.6,0.6,0.5,-0.5,1966.0815,243.25,-248.8774,0,0.8089466,0,0.5878822;
custom,cuboid,castle1tex,0.75,0.75,0.75,1,0.6,0.6,0.6,0.5,-0.5,1968.3555,243.25,-274.3723,0,-0.1392862,0,0.9902522;
custom,cuboid,castle1tex,0.75,0.75,0.75,1,0.6,0.6,0.6,0.5,-0.5,1373.29725,243.25,-617.0242,0,0.991959,0,-0.1265599;
custom,cuboid,castle1tex,0.75,0.75,0.75,1,0.6,0.6,0.6,0.5,-0.5,1360.56645,243.25,-631.03435,0,0.4840271,0,-0.8750529;
custom,cuboid,castle1tex,0.75,0.75,0.75,1,0.6,0.6,0.6,0.5,-0.5,1388.04645,243.25,-506.50555,0,0.1719704,0,-0.9851021;
custom,cuboid,castle1tex,0.75,0.75,0.75,1,0.6,0.6,0.6,0.5,-0.5,1377.9672,243.25,-504.1945,0,0.9831351,0,-0.1828807;
custom,cuboid,castle1tex,1.5,1.5,1.5,1,0.6,0.6,0.6,0.5,-0.5,1328.27235,246.925,-832.5181,0,0.6482939,0,-0.7613902;
custom,cuboid,castle1tex,1.5,1.5,1.5,1,0.6,0.6,0.6,0.5,-0.5,1327.3074,246.925,-850.9723,0,-0.1717038,0,-0.9851487;
custom,cuboid,castle1tex,1.5,1.5,1.5,1,0.6,0.6,0.6,0.5,-0.5,1344.70995,246.925,-842.0407,0,0.9998663,0,0.0163538;
custom,cuboid,castle1tex,1.5,1.5,1.5,1,0.6,0.6,0.6,0.5,-0.5,1324.8288,246.925,-882.55015,0,0.6492613,0,-0.7605655;
custom,cuboid,castle1tex,0.75,0.75,0.75,1,0.6,0.6,0.6,0.5,-0.5,1323.14235,243.25,-896.413,0,0.4357648,0,-0.9000606;
custom,cuboid,castle1tex,0.75,0.75,0.75,1,0.6,0.6,0.6,0.5,-0.5,1327.6254,243.25,-867.44545,0,0.9984322,0,0.0559746;
custom,cuboid,castle1tex,0.75,0.75,0.75,1,0.6,0.6,0.6,0.5,-0.5,1340.283,243.25,-856.2724,0,-0.2826207,0,-0.9592317;
custom,cuboid,castle1tex,0.75,0.75,0.75,1,0.6,0.6,0.6,0.5,-0.5,1342.38,243.25,-828.95335,0,0.9368706,0,-0.3496763;
custom,cuboid,castle1tex,0.75,0.75,0.75,1,0.6,0.6,0.6,0.5,-0.5,1373.48655,243.25,-769.528,0,0.7513337,0,-0.6599224;
custom,cuboid,castle1tex,0.75,0.75,0.75,1,0.6,0.6,0.6,0.5,-0.5,1374.7617,243.25,-725.69095,0,0.6475322,0,-0.7620381;
custom,cuboid,castle1tex,0.75,0.75,0.75,1,0.6,0.6,0.6,0.5,-0.5,1365.97215,243.25,-716.00275,0,0.8324943,0,-0.5540337;
custom,cuboid,castle1tex,1.5,1.5,1.5,1,0.6,0.6,0.6,0.5,-0.5,1326.60285,246.925,-623.6572,0,0.6394968,0,-0.7687938;
custom,cuboid,castle1tex,1.5,1.5,1.5,1,0.6,0.6,0.6,0.5,-0.5,1326.4884,246.925,-715.0453,0,0.1184583,0,-0.9929591;
custom,cuboid,castle1tex,0.75,0.75,0.75,1,0.6,0.6,0.6,0.5,-0.5,1339.96095,243.25,-618.4759,0,0.7541615,0,-0.656689;
custom,cuboid,castle1tex,0.75,0.75,0.75,1,0.6,0.6,0.6,0.5,-0.5,1321.26525,243.25,-660.0682,0,0.051487,0,-0.9986737;
custom,cuboid,castle1tex,0.75,0.75,0.75,1,0.6,0.6,0.6,0.5,-0.5,1330.7448,243.25,-689.4517,0,0.815369,0,0.5789416;
custom,cuboid,castle1tex,0.75,0.75,0.75,1,0.6,0.6,0.6,0.5,-0.5,1327.2846,243.25,-743.0083,0,0.02922,0,0.999573;
custom,cuboid,castle1tex,0.75,0.75,0.75,1,0.6,0.6,0.6,0.5,-0.5,1321.19895,243.25,-774.2041,0,0.403547,0,-0.9149589;
custom,cuboid,castle1tex,0.75,0.75,0.75,1,0.6,0.6,0.6,0.5,-0.5,1323.5502,243.25,-786.03805,0,0.7277627,0,-0.685829;
custom,cuboid,castle1tex,0.75,0.75,0.75,1,0.6,0.6,0.6,0.5,-0.5,1353.35505,243.25,-724.7416,0,0.6908528,0,-0.7229955;
custom,cuboid,castle1tex,0.75,0.75,0.75,1,0.6,0.6,0.6,0.5,-0.5,1345.7631,243.25,-715.2046,0,0.9809632,0,0.1941938;
custom,cuboid,castle1tex,0.75,0.75,0.75,1,0.6,0.6,0.6,0.5,-0.5,1372.5747,243.25,-735.9646,0,0.6470846,0,-0.7624183;
custom,cuboid,castle1tex,1.5,1.5,1.5,1,0.6,0.6,0.6,0.5,-0.5,1334.9253,261.925,-839.9035,0,0.9060596,0,-0.4231503;
custom,cuboid,castle1tex,0.75,0.75,0.75,1,0.6,0.6,0.6,0.5,-0.5,1332.88755,243.25,-894.7405,0,0.7953749,0,-0.6061178;
custom,cuboid,castle1tex,0.75,0.75,0.75,1,0.6,0.6,0.6,0.5,-0.5,1328.1129,250.75,-894.93175,0,0.9999914,0,-0.0041679;
custom,cuboid,castle1tex,0.75,0.75,0.75,1,0.6,0.6,0.6,0.5,-0.5,1326.57975,258.25,-891.0916,0,0.7423931,0,-0.6699646;
custom,cuboid,castle1tex,1.5,1.5,1.5,1,0.6,0.6,0.6,0.5,-0.5,1561.254,283.75,-916.81915,0,0.9799376,0,0.1993046;
custom,cuboid,castle1tex,0.75,0.75,0.75,1,0.6,0.6,0.6,0.5,-0.5,1555.6545,280,-904.61095,0,0.9987159,0,-0.0506618;
custom,cuboid,castle1tex,0.75,0.75,0.75,1,0.6,0.6,0.6,0.5,-0.5,1577.733,280,-921.75925,0,0.8360915,0,0.54859;
custom,cuboid,castle1tex,0.75,0.75,0.75,1,0.6,0.6,0.6,0.5,-0.5,1603.7295,280,-817.52815,0,0.6236163,0,0.7817307;
custom,cuboid,castle1tex,0.75,0.75,0.75,1,0.6,0.6,0.6,0.5,-0.5,1603.101,280,-807.33775,0,0.9990628,0,-0.0432826;
custom,cuboid,castle1tex,1.5,1.5,1.5,1,0.6,0.6,0.6,0.5,-0.5,1463.53185,246.925,-918.7822,0,0.9850091,0,-0.1725026;
custom,cuboid,castle1tex,0.75,0.75,0.75,1,0.6,0.6,0.6,0.5,-0.5,1506.66,243.25,-923.7106,0,0.971173,0,0.2383755;
custom,cuboid,castle1tex,0.75,0.75,0.75,1,0.6,0.6,0.6,0.5,-0.5,1449.3753,243.25,-924.4345,0,0.4704005,0,0.882453;
custom,cuboid,castle1tex,1.5,1.5,1.5,1,0.6,0.6,0.6,0.5,-0.5,1729.506,285.55,301.2167,0,0.4674185,0,-0.8840362;
custom,cuboid,castle1tex,0.75,0.75,0.75,1,0.6,0.6,0.6,0.5,-0.5,1727.6325,280.3,286.68785,0,0.6137957,0,-0.789465;
custom,cuboid,castle1tex,0.75,0.75,0.75,1,0.6,0.6,0.6,0.5,-0.5,1726.524,280.3,238.655,0,0.9104051,0,0.413718;
custom,cuboid,castle1tex,1.5,1.5,1.5,1,0.6,0.6,0.6,0.5,-0.5,1731.267,250.15,333.94595,0,0.7357122,0,-0.6772944;
custom,cuboid,castle1tex,1.5,1.5,1.5,1,0.6,0.6,0.6,0.5,-0.5,1727.394,250.15,352.20035,0,-0.050435,0,-0.9987274;
custom,cuboid,castle1tex,0.75,0.75,0.75,1,0.6,0.6,0.6,0.5,-0.5,1724.226,246.4,367.3622,0,0.8136798,0,-0.5813133;
custom,cuboid,castle1tex,0.75,0.75,0.75,1,0.6,0.6,0.6,0.5,-0.5,1751.2875,246.4,418.45625,0,0.5684826,0,0.8226953;
custom,cuboid,castle1tex,0.375,0.375,0.375,1,0.6,0.6,0.6,0.5,-0.5,1422.55425,253.975,-1026.6061,0,0.9974503,0,0.071365;
custom,cuboid,castle1tex,0.375,0.375,0.375,1,0.6,0.6,0.6,0.5,-0.5,1417.90845,253.975,-1028.54005,0,0.8593246,0,-0.5114306;
custom,cuboid,castle1tex,0.375,0.375,0.375,1,0.6,0.6,0.6,0.5,-0.5,1422.5772,253.975,-1012.0258,0,0.3509018,0,0.9364123;
custom,cuboid,castle1tex,0.375,0.375,0.375,1,0.6,0.6,0.6,0.5,-0.5,1356.5973,253.975,-1027.79755,0,0.9974635,0,0.0711804;
custom,cuboid,castle1tex,0.375,0.375,0.375,1,0.6,0.6,0.6,0.5,-0.5,1494.4665,241.375,-1064.30005,0,0.9689931,0,0.2470878;
custom,cuboid,castle1tex,0.375,0.375,0.375,1,0.6,0.6,0.6,0.5,-0.5,1489.5165,241.375,-1066.1611,0,0.6836483,0,-0.7298117;
custom,cuboid,castle1tex,0.375,0.375,0.375,1,0.6,0.6,0.6,0.5,-0.5,1347.9165,241.375,-1027.02085,0,0.9726812,0,-0.2321453;
custom,cuboid,castle1tex,1.5,1.5,1.5,1,0.6,0.6,0.6,0.5,-0.5,-311.35845,246.925,-11.808235,0,0.6142917,0,-0.7890791;
custom,cuboid,castle1tex,1.5,1.5,1.5,1,0.6,0.6,0.6,0.5,-0.5,-205.59495,246.925,199.925165,0,0.7264039,0,0.6872681;
custom,cuboid,castle1tex,0.75,0.75,0.75,1,0.6,0.6,0.6,0.5,-0.5,-320.9826,243.25,-22.970425,0,0.4130636,0,-0.9107022;
custom,cuboid,castle1tex,0.75,0.75,0.75,1,0.6,0.6,0.6,0.5,-0.5,-204.42045,243.25,212.463545,0,0.9941457,0,-0.1080482;
custom,cuboid,castle1tex,0.75,0.75,0.75,1,0.6,0.6,0.6,0.5,-0.5,-200.21265,243.25,221.1797,0,0.3999037,0,-0.9165572;
custom,cuboid,castle1tex,1.5,1.5,1.5,1,0.6,0.6,0.6,0.5,-0.5,49.812105,246.925,-309.29125,0,0.6571047,0,0.7537993;
custom,cuboid,castle1tex,0.75,0.75,0.75,1,0.6,0.6,0.6,0.5,-0.5,53.86395,243.25,-321.6952,0,-0.6417248,0,0.766935;
custom,cuboid,castle1tex,1.5,1.5,1.5,1,0.6,0.6,0.6,0.5,-0.5,1312.43505,280.375,2265.5975,0,0.965007,0,-0.2622243;
custom,cuboid,castle1tex,1.5,1.5,1.5,1,0.6,0.6,0.6,0.5,-0.5,1327.92345,280.375,2255.321,0,0.2767588,0,-0.9609394;
custom,cuboid,castle1tex,1.5,1.5,1.5,1,0.6,0.6,0.6,0.5,-0.5,1331.496,280.375,2275.382,0,0.9627851,0,-0.270268;
custom,cuboid,castle1tex,1.5,1.5,1.5,1,0.6,0.6,0.6,0.5,-0.5,1323.501,295.375,2265.449,0,0.7498826,0,0.661571;
custom,cuboid,castle1tex,0.75,0.75,0.75,1,0.6,0.6,0.6,0.5,-0.5,1316.98725,276.625,2279.4335,0,0.9967582,0,0.0804555;
custom,cuboid,castle1tex,0.75,0.75,0.75,1,0.6,0.6,0.6,0.5,-0.5,1301.02755,276.625,2271.716,0,0.3784118,0,0.9256374;
custom,cuboid,castle1tex,0.75,0.75,0.75,1,0.6,0.6,0.6,0.5,-0.5,1333.4334,276.625,2242.175,0,0.5611953,0,-0.8276834;
custom,cuboid,castle1tex,0.75,0.75,0.75,1,0.6,0.6,0.6,0.5,-0.5,1340.19375,276.625,2261.3135,0,-0.2131415,0,-0.9770213;
custom,cuboid,castle1tex,0.75,0.75,0.75,1,0.6,0.6,0.6,0.5,-0.5,1309.1142,291.625,2264.258,0,-0.4765741,0,0.8791344;
custom,cuboid,castle1tex,1.5,1.5,1.5,1,0.6,0.6,0.6,0.5,-0.5,1175.73585,239.5,2120.2595,0,0.7373279,0,-0.6755351;
custom,cuboid,castle1tex,1.5,1.5,1.5,1,0.6,0.6,0.6,0.5,-0.5,1311.11505,239.5,1877.453,0,0.8348672,0,0.5504513;
custom,cuboid,castle1tex,0.75,0.75,0.75,1,0.6,0.6,0.6,0.5,-0.5,1307.17905,235.75,1865.1935,0,-0.0436438,0,0.9990472;
custom,cuboid,castle1tex,0.75,0.75,0.75,1,0.6,0.6,0.6,0.5,-0.5,1318.2849,235.75,1889.2475,0,0.8469017,0,-0.5317494;
custom,cuboid,castle1tex,0.75,0.75,0.75,1,0.6,0.6,0.6,0.5,-0.5,1173.62175,235.75,2106.1385,0,-0.3432417,0,-0.9392471;
custom,cuboid,castle1tex,1.5,1.5,1.5,1,0.6,0.6,0.6,0.5,-0.5,1960.7595,247,365.0351,0,0.9910659,0,0.1333733;
custom,cuboid,castle1tex,1.5,1.5,1.5,1,0.6,0.6,0.6,0.5,-0.5,1905.144,247,444.0083,0,0.5748216,0,-0.8182788;
custom,cuboid,castle1tex,0.75,0.75,0.75,1,0.6,0.6,0.6,0.5,-0.5,1901.5275,243.25,432.2111,0,0.9553339,0,-0.2955284;
custom,cuboid,castle1tex,0.75,0.75,0.75,1,0.6,0.6,0.6,0.5,-0.5,1945.4355,243.25,372.94385,0,0.9853633,0,-0.1704677;
custom,cuboid,castle1tex,1.5,1.5,1.5,1,0.6,0.6,0.6,0.5,-0.5,1939.446,247,413.0354,0,0.9385363,0,-0.3451806;
custom,cuboid,castle1tex,0.75,0.75,0.75,1,0.6,0.6,0.6,0.5,-0.5,1925.064,243.25,411.56375,0,0.6376664,0,0.7703126;
custom,cuboid,castle1tex,0.75,0.75,0.75,1,0.6,0.6,0.6,0.5,-0.5,1969.467,243.25,415.09055,0,0.9853911,0,0.1703068;
custom,cuboid,castle1tex,0.75,0.75,0.75,1,0.6,0.6,0.6,0.5,-0.5,1937.004,243.25,455.5472,0,0.0933273,0,-0.9956355;
custom,cuboid,castle1tex,0.75,0.75,0.75,1,0.6,0.6,0.6,0.5,-0.5,1214.544,243.25,-962.0743,0,-0.2308992,0,0.9729777;
custom,cuboid,castle1tex,0.75,0.75,0.75,1,0.6,0.6,0.6,0.5,-0.5,1230.7938,243.25,-852.68365,0,0.0573009,0,-0.998357;
custom,cuboid,castle1tex,0.75,0.75,0.75,1,0.6,0.6,0.6,0.5,-0.5,1250.364,243.25,-853.5238,0,-0.1608978,0,0.9869711;
custom,cuboid,castle1tex,1.5,1.5,1.5,1,0.6,0.6,0.6,0.5,-0.5,1249.36515,246.925,-886.58095,0,0.4573497,0,0.8892869;
custom,cuboid,castle1tex,0.75,0.75,0.75,1,0.6,0.6,0.6,0.5,-0.5,1252.60215,243.25,-923.5327,0,0.9604955,0,0.2782955;
custom,cuboid,castle1tex,0.75,0.75,0.75,1,0.6,0.6,0.6,0.5,-0.5,1255.0791,243.25,-907.6252,0,0.5798774,0,0.8147038;
custom,cuboid,castle1tex,0.75,0.75,0.75,1,0.6,0.6,0.6,0.5,-0.5,1920.2325,235.75,1831.655,0,0.7677563,0,0.640742;
custom,cuboid,castle1tex,0.75,0.75,0.75,1,0.6,0.6,0.6,0.5,-0.5,1899.0855,235.75,1795.4195,0,0.9845147,0,0.1753025;
custom,cuboid,castle1tex,0.75,0.75,0.75,1,0.6,0.6,0.6,0.5,-0.5,1916.6775,235.75,1823.735,0,0.9989866,0,-0.0450086;
custom,cuboid,castle1tex,0.75,0.75,0.75,1,0.6,0.6,0.6,0.5,-0.5,1909.743,235.75,1832.9615,0,0.9825472,0,0.1860137;
custom,cuboid,castle1tex,0.75,0.75,0.75,1,0.6,0.6,0.6,0.5,-0.5,1916.04,243.25,1828.4765,0,0.3489029,0,-0.9371589;
custom,cuboid,castle1tex,1.5,1.5,1.5,1,0.6,0.6,0.6,0.5,-0.5,110.985,246.925,-700.45825,0,0.5964304,0,-0.8026649;
custom,cuboid,castle1tex,0.75,0.75,0.75,1,0.6,0.6,0.6,0.5,-0.5,115.81887,243.25,-688.45675,0,0.6982796,0,-0.7158251;
custom,cuboid,castle1tex,0.75,0.75,0.75,1,0.6,0.6,0.6,0.5,-0.5,108.22371,243.25,-682.77055,0,0.9067573,0,0.4216529;
custom,cuboid,castle1tex,0.75,0.75,0.75,1,0.6,0.6,0.6,0.5,-0.5,107.537985,243.25,-712.81525,0,-0.9074951,0,-0.4200626;
custom,cuboid,castle1tex,1.5,1.5,1.5,1,0.6,0.6,0.6,0.5,-0.5,57.92493,280.45,-740.76025,0,0.616156,0,-0.7876242;
custom,cuboid,castle1tex,0.75,0.75,0.75,1,0.6,0.6,0.6,0.5,-0.5,70.806195,276.7,-751.30735,0,0.9110302,0,-0.4123398;
custom,cuboid,castle1tex,0.75,0.75,0.75,1,0.6,0.6,0.6,0.5,-0.5,47.248875,276.7,-728.2813,0,-0.1213109,0,-0.9926146;
custom,cuboid,castle1tex,0.75,0.75,0.75,1,0.6,0.6,0.6,0.5,-0.5,43.54536,276.7,-737.32975,0,0.3741089,0,0.9273848;
custom,cuboid,castle1tex,0.75,0.75,0.75,1,0.6,0.6,0.6,0.5,-0.5,52.81515,276.7,-753.0061,0,0.8275653,0,0.5613695;
custom,cuboid,castle1tex,0.75,0.75,0.75,1,0.6,0.6,0.6,0.5,-0.5,11.539005,197.95,928.8665,0,0.4570717,0,-0.8894299;
custom,cuboid,castle1tex,0.75,0.75,0.75,1,0.6,0.6,0.6,0.5,-0.5,16.113,197.95,936.4829,0,0.9922194,0,-0.1245019;
custom,cuboid,castle1tex,1.5,1.5,1.5,1,0.6,0.6,0.6,0.5,-0.5,-211.851,201.925,1683.4625,0,0.6938465,0,-0.7201231;
custom,cuboid,castle1tex,0.75,0.75,0.75,1,0.6,0.6,0.6,0.5,-0.5,-211.2906,197.95,1670.5325,0,-0.3158006,0,-0.9488255;
custom,cuboid,castle1tex,0.75,0.75,0.75,1,0.6,0.6,0.6,0.5,-0.5,-212.346,197.95,1696.6115,0,0.9969986,0,0.0774198;
custom,cuboid,castle1tex,0.75,0.75,0.75,1,0.6,0.6,0.6,0.5,-0.5,-153.079305,197.95,1946.588,0,0.6115398,0,0.7912136;
custom,cuboid,castle1tex,0.75,0.75,0.75,1,0.6,0.6,0.6,0.5,-0.5,-154.80285,197.95,1937.8865,0,0.0721627,0,0.9973929;
custom,cuboid,castle1tex,0.75,0.75,0.75,1,0.6,0.6,0.6,0.5,-0.5,-155.80635,197.95,1928.3855,0,-0.3172505,0,0.9483418;
custom,cuboid,castle1tex,0.75,0.75,0.75,1,0.6,0.6,0.6,0.5,-0.5,-162.14976,197.95,1943.396,0,0.1929207,0,0.9812144;
custom,cuboid,castle1tex,0.75,0.75,0.75,1,0.6,0.6,0.6,0.5,-0.5,-156.29754,205.45,1941.002,0,-0.3868975,0,0.9221227;
custom,cuboid,castle1tex,1.5,1.5,1.5,1,0.6,0.6,0.6,0.5,-0.5,1646.3145,255.25,999.3056,0,0,0,0;
custom,cuboid,castle1tex,1.125,1.125,1.125,1,0.6,0.6,0.6,0.5,-0.5,1663.0185,253.375,999.9311,0,0.6564311,0,-0.7543859;
custom,cuboid,castle1tex,0.75,0.75,0.75,1,0.6,0.6,0.6,0.5,-0.5,1631.28,251.5,999.2384,0,0.5551866,0,0.8317258;
custom,cuboid,castle1tex,0.75,0.75,0.75,1,0.6,0.6,0.6,0.5,-0.5,1332.7602,221.8171,636.33695,-0.008893,0.620834,-0.0070435,0.78386;
custom,cuboid,castle1tex,0.75,0.75,0.75,1,0.6,0.6,0.6,0.5,-0.5,1335.24825,221.457085,627.0626,-0.0111159,-0.1996973,0.0022656,0.979792;
custom,cuboid,castle1tex,1.125,1.125,1.125,1,0.6,0.6,0.6,0.5,-0.5,1004.7324,231.83689,1002.9251,-0.0112029,-0.1574588,0.0017864,0.9874604;
custom,cuboid,castle1tex,0.75,0.75,0.75,1,0.6,0.6,0.6,0.5,-0.5,1009.34715,229.736875,993.8192,-0.0087612,0.6352289,-0.0072068,0.7722407;
custom,cuboid,castle1tex,0.75,0.75,0.75,1,0.6,0.6,0.6,0.5,-0.5,999.61335,230.336905,1014.19565,0.0005423,0.9987925,-0.0113314,-0.0478004;
custom,cuboid,castle1tex,0.75,0.75,0.75,1,0.6,0.6,0.6,0.5,-0.5,997.05015,230.57695,1022.77985,-0.0094116,0.5582885,-0.0063339,0.8295694;
custom,cuboid,castle1tex,0.75,0.75,0.75,1,0.6,0.6,0.6,0.5,-0.5,1007.1903,230.45689,1020.00455,0.0070061,0.7864533,-0.0089224,-0.6175455;
custom,cuboid,castle1tex,0.75,0.75,0.75,1,0.6,0.6,0.6,0.5,-0.5,1001.6838,237.925,1018.1087,-0.0104472,0.3897419,-0.0044217,0.9208543;
custom,cuboid,castle1tex,1.5,1.5,1.5,1,0.6,0.6,0.6,0.5,-0.5,1234.20375,255.355,1164.14585,0,0.6576703,0,-0.753306;
custom,cuboid,castle1tex,0.75,0.75,0.75,1,0.6,0.6,0.6,0.5,-0.5,1228.91055,251.605,1177.76075,0,0.5517299,0,0.8340228;
custom,cuboid,castle1tex,1.5,1.5,1.5,1,0.6,0.6,0.6,0.5,-0.5,1276.64265,255.355,1476.07565,0,0.2071667,0,0.9783057;
custom,cuboid,castle1tex,0.75,0.75,0.75,1,0.6,0.6,0.6,0.5,-0.5,1264.9062,251.605,1481.45015,0,-0.9986446,0,-0.0520482;
custom,cuboid,castle1tex,0.75,0.75,0.75,1,0.6,0.6,0.6,0.5,-0.5,1289.80065,251.605,1472.5082,0,-0.2665386,0,0.9638243;
custom,cuboid,castle1tex,1.5,1.5,1.5,1,0.6,0.6,0.6,0.5,-0.5,-82.14195,201.925,160.97363,0,-0.1134151,0,-0.9935477;
custom,cuboid,castle1tex,0.75,0.75,0.75,1,0.6,0.6,0.6,0.5,-0.5,-81.803655,205.45,142.79735,0,0.335232,0,-0.9421356;
custom,cuboid,castle1tex,0.75,0.75,0.75,1,0.6,0.6,0.6,0.5,-0.5,-86.923845,197.95,145.261745,0,-0.384926,0,-0.9229475;
custom,cuboid,castle1tex,0.75,0.75,0.75,1,0.6,0.6,0.6,0.5,-0.5,-77.698575,197.95,147.549785,0,-0.6280367,0,-0.7781838;
custom,cuboid,castle1tex,0.75,0.75,0.75,1,0.6,0.6,0.6,0.5,-0.5,-80.044995,197.95,138.70985,0,-0.6482455,0,0.7614315;
custom,cuboid,castle1tex,0.75,0.75,0.75,1,0.6,0.6,0.6,0.5,-0.5,-86.06721,197.95,131.88206,0,0.4160239,0,-0.9093537;
custom,cuboid,castle1tex,1.5,1.5,1.5,1,0.6,0.6,0.6,0.5,-0.5,-75.56133,201.925,-82.62055,0,0.9055542,0,-0.4242307;
custom,cuboid,castle1tex,0.75,0.75,0.75,1,0.6,0.6,0.6,0.5,-0.5,-80.9574,197.95,-70.86265,0,0.9726933,0,0.2320944;
custom,cuboid,castle1tex,0.75,0.75,0.75,1,0.6,0.6,0.6,0.5,-0.5,-62.651715,197.95,-88.72405,0,0.5908894,0,-0.8067526;
custom,cuboid,castle1tex,0.75,0.75,0.75,1,0.6,0.6,0.6,0.5,-0.5,18.703185,211,-105.4651,0,0.9896271,0,0.14366;
custom,cuboid,castle1tex,0.75,0.75,0.75,1,0.6,0.6,0.6,0.5,-0.5,-7.22811,197.95,-89.3818,0,0.9916337,0,0.1290842;
custom,cuboid,castle1tex,0.75,0.75,0.75,1,0.6,0.6,0.6,0.5,-0.5,1.39122,197.95,-89.8393,0,0.7322394,0,0.6810474;
custom,cuboid,castle1tex,0.75,0.75,0.75,1,0.6,0.6,0.6,0.5,-0.5,16.042095,224.5,164.94371,0,0.0992076,0,0.9950668;
custom,cuboid,castle1tex,0.75,0.75,0.75,1,0.6,0.6,0.6,0.5,-0.5,18.366,224.5,154.67981,0,-0.4032302,0,0.9150986;
custom,cuboid,castle1tex,0.75,0.75,0.75,1,0.6,0.6,0.6,0.5,-0.5,24.80499,224.5,161.792945,0,0.055305,0,0.9984695;
custom,cuboid,castle1tex,0.75,0.75,0.75,1,0.6,0.6,0.6,0.5,-0.5,20.11386,232,159.61736,0,0.9659123,0,0.2588693;
custom,cuboid,castle1tex,1.5,1.5,1.5,1,0.6,0.6,0.6,0.5,-0.5,27.36891,201.925,36.68582,0,0.6749249,0,0.7378864;
custom,cuboid,castle1tex,0.75,0.75,0.75,1,0.6,0.6,0.6,0.5,-0.5,32.74119,197.95,49.537355,0,0.7779607,0,0.6283131;
custom,cuboid,castle1tex,1.5,1.5,1.5,1,0.6,0.6,0.6,0.5,-0.5,1186.77555,230.38,491.7572,0,0.8652523,0,0.5013366;
custom,cuboid,castle1tex,0.75,0.75,0.75,1,0.6,0.6,0.6,0.5,-0.5,1178.9244,226.63,481.1567,0,0.1704259,0,0.9853705;
custom,cuboid,castle1tex,0.75,0.75,0.75,1,0.6,0.6,0.6,0.5,-0.5,1188.8115,226.63,507.18935,0,0.9995918,0,0.0285732;
custom,cuboid,castle1tex,1.5,1.5,1.5,1,0.6,0.6,0.6,0.5,-0.5,1001.03205,230.38,578.5547,0,0.6682943,0,-0.7438971;
custom,cuboid,castle1tex,0.75,0.75,0.75,1,0.6,0.6,0.6,0.5,-0.5,996.8013,226.63,592.39115,0,0.8534072,0,-0.5212448;
custom,cuboid,castle1tex,0.75,0.75,0.75,1,0.6,0.6,0.6,0.5,-0.5,996.8271,226.63,565.5941,0,0.9540676,0,0.2995916;
custom,cuboid,castle1tex,1.5,1.5,1.5,1,0.6,0.6,0.6,0.5,-0.5,47.84304,246.7975,-519.1141,0,0.9999782,0,-0.0066047;
custom,cuboid,castle1tex,0.75,0.75,0.75,1,0.6,0.6,0.6,0.5,-0.5,34.74717,243.0475,-520.8007,0,0.8926241,0,0.4508018;
custom,cuboid,castle1tex,0.75,0.75,0.75,1,0.6,0.6,0.6,0.5,-0.5,47.912745,243.0475,-507.28945,0,0.6849333,0,0.7286057;
custom,cuboid,castle1tex,0.75,0.75,0.75,1,0.6,0.6,0.6,0.5,-0.5,50.690385,243.0475,-499.0102,0,0.9913756,0,-0.1310515;
custom,cuboid,castle1tex,0.75,0.75,0.75,1,0.6,0.6,0.6,0.5,-0.5,-90.969795,243.0475,-198.53785,0,0.5205488,0,-0.8538319;
custom,cuboid,castle1tex,0.75,0.75,0.75,1,0.6,0.6,0.6,0.5,-0.5,-95.9343,243.0475,-206.06665,0,-0.4902384,0,-0.8715884;
custom,cuboid,castle1tex,1.5,1.5,1.5,1,0.6,0.6,0.6,0.5,-0.5,-215.22165,246.7975,-329.1904,0,-0.0293354,0,0.9995697;
custom,cuboid,castle1tex,0.75,0.75,0.75,1,0.6,0.6,0.6,0.5,-0.5,-214.7325,243.0475,-341.65735,0,0.995933,0,-0.0900971;
custom,cuboid,castle1tex,1.5,1.5,1.5,1,0.6,0.6,0.6,0.5,-0.5,1041.09525,230.5,412.86605,0,0.7658231,0,-0.6430513;
custom,cuboid,castle1tex,0.75,0.75,0.75,1,0.6,0.6,0.6,0.5,-0.5,1045.974,226.75,426.80075,0,0.9777855,0,0.2096084;
custom,cuboid,castle1tex,0.75,0.75,0.75,1,0.6,0.6,0.6,0.5,-0.5,1052.1039,226.75,419.67335,0,0.1684606,0,-0.9857084;
custom,cuboid,castle1tex,0.75,0.75,0.75,1,0.6,0.6,0.6,0.5,-0.5,1054.941,226.75,410.0012,0,0.3942978,0,-0.9189827;
custom,cuboid,castle1tex,0.75,0.75,0.75,1,0.6,0.6,0.6,0.5,-0.5,1035.0831,226.75,424.31585,0,0.6972181,0,0.7168591;
custom,cuboid,castle1tex,1.5,1.5,1.5,1,0.6,0.6,0.6,0.5,-0.5,246.74055,227.605,469.916,0,0.7029727,0,-0.7112169;
custom,cuboid,castle1tex,0.75,0.75,0.75,1,0.6,0.6,0.6,0.5,-0.5,252.963,223.855,482.0678,0,0.5762088,0,-0.8173026;
custom,cuboid,castle1tex,0.75,0.75,0.75,1,0.6,0.6,0.6,0.5,-0.5,242.9073,223.855,481.67885,0,0.7344232,0,-0.6786918;
custom,cuboid,castle1tex,0.75,0.75,0.75,1,0.6,0.6,0.6,0.5,-0.5,245.9613,223.855,489.8525,0,0.6702076,0,-0.7421737;
custom,cuboid,castle1tex,1.5,1.5,1.5,1,0.6,0.6,0.6,0.5,-0.5,1868.829,246.925,8.81096,0,0.681542,0,-0.731779;
custom,cuboid,castle1tex,0.75,0.75,0.75,1,0.6,0.6,0.6,0.5,-0.5,1866.789,242.95,22.05833,0,0.9748027,0,-0.2230688;





misc,barrier,93,1.5,124.5,211.5,245.5,1518.5,0,0,0,0;
misc,barrier,22.5,4.5,158.25,787.5,260.5,689.75,0,0,0,0;
misc,barrier,46.5,1.5,27,907.5,245.5,2006,0,0,0,0;
misc,barrier,7.5,1.5,7.5,712.5,245.5,1833.5,0,0,0,0;
misc,barrier,7.5,1.5,18,-292.5,245.5,2058.5,0,0,0,0;
misc,barrier,85.5,1.5,100.5,247.5,245.5,393.5,0,0,0,0;
misc,barrier,31.5,1.5,36,1057.5,245.5,71,0,0,0,0;
misc,barrier,88.8,6,64.5,546,268,-431.5,0,0,0,0;
misc,barrier,37.5,1.5,18,1177.5,245.5,-199,0,0,0,0;
misc,barrier,15,1.5,7.5,1290,245.5,-71.5,0,0,0,0;
misc,barrier,15,1.5,52.5,1290,260.8,227.46965,-0.0287939,0,0,0.9995854;
misc,barrier,15,1.5,36,1290,262,378.5,0,0,0,0;
misc,barrier,21,1.5,15,1260,263.725,633.2,-0.0113444,0,0,0.9999357;
misc,barrier,27,1.5,15,1192.5,267.55,783.05,-0.0113444,0,0,0.9999357;
misc,barrier,27,1.5,15,1095,271,932.75,-0.0113444,0,0,0.9999357;
misc,barrier,27,1.5,15,1050,274.41997,1082.6282,-0.0113444,0,0,0.9999357;
misc,barrier,18,1.5,15,990,277.825,1232.50505,-0.0113444,0,0,0.9999357;
misc,barrier,16.5,1.8,22.5,978,283,1376,0,0,0,0;
misc,barrier,70.5,1.5,40.5,1020,281.5,1691,0,0,0,0;
misc,barrier,30,1.5,27,1222.5,281.5,2028.5,0,0,0,0;
misc,barrier,232.5,1.5,58.5,787.5,281.5,2456,0,0,0,0;
misc,barrier,45,1.5,49.5,1725,281.5,1916,0,0,0,0;
misc,barrier,30,1.5,30,1567.5,289.42,1519.1,0.0185099,0.7068645,0.0185099,0.7068645;
misc,barrier,45,1.5,55.5,1642.5,297.25,1098.5,0,0,0,0;
misc,barrier,36.75,1.5,55.5,1233.75,297.25,1098.5,0,0,0,0;
misc,barrier,34.5,1.5,12,1222.5,297.25,1436,0,0,0,0;
misc,barrier,66,1.5,195,1687.5,297.25,-154,0,0,0,0;
misc,barrier,37.5,1.5,87,1170,297.25,-694,0,0,0,0;
misc,barrier,135,1.5,37.5,307.5,297.25,-941.5,0,0,0,0;
misc,barrier,51,1.5,66,-150,297.25,-424,0,0,0,0;
misc,barrier,30,1.5,112.5,-300,297.25,468.5,0,0,0,0;
misc,barrier,19.5,1.5,99,-352.5,297.25,1526,0,0,0,0;
misc,barrier,1.5,4.5,13.5,667.5,264.625,1541,0,0,0,0;
misc,barrier,19.5,4.5,1.5,836.25,264.625,1857.5,0,0,0,0;
misc,barrier,24,4.5,28.5,1039.5,264.625,2007.5,0,0,0,0;
misc,barrier,15,3,1.5,276.75,266.5,2158.25,0,0,0,0;
misc,barrier,34.5,3,1.5,-180,266.5,2158.25,0,0,0,0;
misc,barrier,1.5,6,15,1358.25,269.95,-94,0,0,0,0;
misc,barrier,6,6,1.5,1381.5,269.95,-16,0,0,0,0;
misc,barrier,6,6,1.5,1381.5,269.95,-172,0,0,0,0;
misc,barrier,6,6,1.5,1020,269.95,-304,0,0,0,0;
misc,barrier,4.5,6,13.5,1012.5,269.95,-475,0,0,0,0;
misc,barrier,1.5,6,3,967.5,269.95,-761.5,0,0,0,0;
misc,barrier,1.5,6,3,491.25,269.95,-761.5,0,0,0,0;
misc,barrier,1.5,1.5,16.5,-146.625,286.45,566,0,0,0,0;
misc,barrier,1.5,6,15,-252.75,269.95,1773.5,0,0,0,0;
misc,barrier,3,6,1.5,-261.75,269.95,1849.25,0,0,0,0;
misc,barrier,1.5,3,7.5,-107.25,277,-135.25,0,0,0,0;
misc,barrier,1.5,3,9,47.25,277,-142.75,0,0,0,0;
misc,barrier,16.5,4.5,3,-30,269.5,-94,0,0,0,0;
misc,barrier,420,7.5,420,795,374.5,843.5,0,0,0,0;
misc,barrier,15,3,1.5,1222.5,287.875,-304,0,0,0,0;
customb,house1,bombtex,1.5,-1e-7,3,0,1,1,1,0.000001,0.000001,-30,278.5,-166.75,0.5,0.5,-0.5,-0.5;






