
map,disablebounds;

spawnpoint,playerC,0,2020,-1965,0,0,0,1;
spawnpoint,playerM,0,2020,-2035,0,0,0,1;

custom,tower4,default,1.5,1.5,1.5,0,0,0,0,0,0,-110,1980,-2000,0,0.7071068,0,0.7071068;

custom,cuboid,stone3,200,1.5,200,0,0,0,0,20,20,0,2010,-2000,0,0,0,0;

custom,cuboid,stone5,15,6,1.5,0,0,0,0,1.5,0.6,0,2045,-1900,0,0,0,0;
custom,cuboid,stone5,15,6,1.5,0,0,0,0,1.5,0.6,0,2045,-2100,0,0,0,0;

custom,cuboid,stone5,1.5,6,5,0,0,0,0,0.5,0.6,90,2045,-2080,0,0.3826834,0,0.9238795;
custom,cuboid,stone5,1.5,6,5,0,0,0,0,0.5,0.6,90,2045,-1920,0,0.9238795,0,0.3826834;

custom,cuboid,stone5,1.5,6,5,0,0,0,0,0.5,0.6,-90,2045,-1920,0,0.3826834,0,0.9238795;
custom,cuboid,stone5,1.5,6,5,0,0,0,0,0.5,0.6,-90,2045,-2080,0,0.9238795,0,0.3826834;

custom,cuboid,stone5,1.5,6,14,0,0,0,0,1.4,0.6,-105,2045,-2000,0,0,0,0;




custom,cuboid,earth1,15,1,1.5,1,0.4,0.6,1,1,0,0,2030,-1910,0,0,0,0;
custom,cuboid,earth1,15,1,1.5,1,0.4,0.6,1,1,0,0,2030,-2090,0,0,0,0;

custom,cuboid,earth1,1.5,0.98,5,1,0.4,0.6,1,1,1,-80,2030,-1930,0,0.3826834,0,0.9238795;
custom,cuboid,earth1,1.5,0.98,5,1,0.4,0.6,1,0,1,-80,2030,-2070,0,0.9238795,0,0.3826834;

custom,cuboid,earth1,1.5,1,14,1,0.4,0.6,1,0,1,-95,2030,-2000,0,0,0,0;



custom,cuboid,earth1,18,1,1.5,1,0.4,0.6,1,1,0,0,2025,-1920,0,0,0,0;
custom,cuboid,earth1,18,1,1.5,1,0.4,0.6,1,1,0,0,2025,-2080,0,0,0,0;

custom,cuboid,earth1,1.5,0.98,5,1,0.4,0.6,1,0,1,-70,2025,-1940,0,0.3826834,0,0.9238795;
custom,cuboid,earth1,1.5,0.98,5,1,0.4,0.6,1,0,1,-70,2025,-2060,0,0.9238795,0,0.3826834;

custom,cuboid,earth1,1.5,1,14,1,0.4,0.6,1,0,1,-85,2025,-2000,0,0,0,0;


custom,cuboid,earth1,20,1,1.5,1,0.4,0.6,1,1,0,0,2020,-1930,0,0,0,0;
custom,cuboid,earth1,20,1,1.5,1,0.4,0.6,1,1,0,0,2020,-2070,0,0,0,0;

custom,cuboid,earth1,1.5,0.98,5,1,0.4,0.6,1,0,1,-60,2020,-1950,0,0.3826834,0,0.9238795;
custom,cuboid,earth1,1.5,0.98,5,1,0.4,0.6,1,0,1,-60,2020,-2050,0,0.9238795,0,0.3826834;

custom,cuboid,earth1,1.5,1,14,1,0.4,0.6,1,0,1,-75,2020,-2000,0,0,0,0;




custom,cuboid,stone5,1.5,0.5,14,0,0,0.15,0.5,1.4,0.15,105,2020,-2000,0,0,0,0;
custom,cuboid,stone5,1.5,0.5,14,0,0,0.15,0.5,1.4,0.15,105,2072.5,-2000,0,0,0,0;

custom,cuboid,metal1,1.45,0.51,14,1,0,0.1,0.5,0,1,105,2020,-2000,0,0,0,0;
custom,cuboid,metal1,1.45,0.51,14,1,0,0.1,0.5,0,1,105,2072.5,-2000,0,0,0,0;

racing,startcuboid,1.45,6,14,105,2045,-2000,0,0,0,0;

custom,cylinder,stone5,1.5,3,1.5,0,0,0,0,0,1,105,2045,-1938,0,0,0,0;
custom,cylinder,stone5,1.5,3,1.5,0,0,0,0,0,1,105,2045,-2062,0,0,0,0;

custom,cuboid,stone5,1.49,6,1.49,0,0,0,0,0,1,105,2045,-2000,0,0,0,0;

custom,cylinder,stone5,1.49,3,1.49,0,0,0.1,0.5,0,1,105,2045,-1992.5,0,0,0,0;
custom,cylinder,stone5,1.49,3,1.49,0,0,0.1,0.5,0,1,105,2045,-2007.5,0,0,0,0;

custom,cuboid,stone5,50,6,1.5,0,0,0,0,5,0.6,355,2045,-1937,0,0,0,0;
custom,cuboid,stone5,45,6,1.5,0,0,0,0,4.5,0.6,330,2045,-2063,0,0,0,0;

custom,cylinder,stone5,5.5,3,5.5,0,0,0,0,0,1,565,2045,-2080,0,0,0,0;
custom,arc90,stone5,12,12,12,0,0,0,0,1.2,1.2,625,2040,-1983,0,1,0,0;

custom,cuboid,stone5,1.5,6,55,0,0,0,0,5.5,0.6,580,2045,-2350,0,0,0,0;
custom,cuboid,stone5,1.5,6,70,0,0,0,0,7,0.6,672.5,2045,-2375,0,0,0,0;

custom,cylinder,stone5,5.5,3,5.5,0,0,0,0,0,1,565,2045,-2620,0,0,0,0;
custom,cuboid,stone5,1.5,6,55,0,0,0,0,5.5,0.6,410,2045,-2365,0,-0.258819,0,0.9659258;

custom,arc180,stone5,12,12,12,0,0,0,0,1.2,1.2,605,2045,-2742,0,-0.8471216,0,0.5313992;
custom,cuboid,stone5,1.5,6,55,0,0,0,0,5.5,0.6,352,2045,-2498,0,-0.258819,0,0.9659259;


custom,cylinder,stone5,5.5,3,5.5,0,0,0,0,0,1,194.5,2045,-2262.5,0,0,0,0;


custom,cuboid,stone5,95,6,1.5,0,0,0,0,9.5,0.6,-292,2045,-2245,0,0,0,0;
custom,cylinder,stone5,1.5,3.5,1.5,0,1,1,1,0,1,-769,2045,-2245,0,0,0,0;

custom,cuboid,stone5,95,6,1.5,0,0,0,0,9.5,0.6,-292,2045,-2130,0,0,0,0;
custom,cylinder,stone5,1.5,3.5,1.5,0,1,1,1,0,1,-769,2045,-2130,0,0,0,0;

custom,cuboid,stone5,15,6,1.5,0,0,0,0,1.5,0.6,258,2045,-2130,0,0,0,0;

custom,cuboid,rock2tex,200,2,200,1,0.3,0.5,0.3,100,100,230,2085,-2000,0,0,0,0;

custom,cylinder,stone5,2.15,19.5,2.15,0,1,1,1,0,1,-769,2085,-2187.5,-0.7071068,0,0,0.7071068;


racing,killcuboid,85,18,1.5,-550,2085,-2370,0,0,0,0;
racing,killcuboid,85,18,1.5,-550,2085,-2005,0,0,0,0;

racing,killcuboid,65,9,2,-444.5,2130,-2127.5,0,0,0,0;
racing,killcuboid,65,9,2,-444.5,2130,-2247.5,0,0,0,0;

racing,killcuboid,15,9,2,-834.5,2130,-2127.5,0,0,0,0;
racing,killcuboid,15,9,2,-834.5,2130,-2247.5,0,0,0,0;

racing,killcuboid,15,1,10,-834.5,2090,-2187.5,0,0,0,0;
racing,killcuboid,15,1,10,-834.5,2170,-2187.5,0,0,0,0;

racing,killcuboid,1.5,18,15,-905,2085,-2310,0,0,0,0;
racing,killcuboid,1.5,18,15,-905,2085,-2065,0,0,0,0;
racing,killcuboid,1.5,8,9.5,-905,2055,-2187.5,0,0,0,0;
racing,killcuboid,1.5,4,4,-905,2050,-2187.5,-0.3826834,0,0,0.9238795;

racing,killcuboid,65,1,38,-444.5,2180,-2187.5,0,0,0,0;
racing,killcuboid,65,1,38,-444.5,2090.5,-2187.5,0,0,0,0;


racing,killcuboid,15,1,38,-844.5,2180,-2187.5,0,0,0,0;


racing,killcuboid,1.5,6,15,-767,2045,-2051,0,0,0,0;
racing,killcuboid,1.5,6,15,-767,2045,-2326,0,0,0,0;

racing,killcuboid,1.5,3,3,-767,2045,-2065,-0.3826834,0,0,0.9238795;
racing,killcuboid,1.5,3,3,-767,2045,-2312,-0.3826834,0,0,0.9238795;





racing,killcuboid,0.5,6,0.2,-125,2125,-2005,0,0.7071068,0,0.7071068;
racing,killcuboid,0.5,6,0.2,-75,2125,-2005,0,0.7071068,0,0.7071068;
racing,killcuboid,0.5,6,0.2,-25,2125,-2005,0,0.7071068,0,0.7071068;
racing,killcuboid,0.5,6,0.2,25,2125,-2005,0,0.7071068,0,0.7071068;

racing,killcuboid,0.5,0.2,5,-100,2105,-2005,-0.0616284,0.704416,0.0616284,0.704416;
racing,killcuboid,0.5,0.2,5,-100,2115,-2005,-0.0616284,0.704416,0.0616284,0.704416;
racing,killcuboid,0.5,0.2,5,-100,2125,-2005,-0.0616284,0.704416,0.0616284,0.704416;
racing,killcuboid,0.5,0.2,5,-100,2135,-2005,-0.0616284,0.704416,0.0616284,0.704416;
racing,killcuboid,0.5,0.2,5,-100,2145,-2005,-0.0616284,0.704416,0.0616284,0.704416;

racing,killcuboid,0.5,-0.2,5,-50,2145,-2005,-0.0616284,-0.704416,0.0616284,-0.704416;
racing,killcuboid,0.5,-0.2,5,-50,2135,-2005,-0.0616284,-0.704416,0.0616284,-0.704416;
racing,killcuboid,0.5,-0.2,5,-50,2125,-2005,-0.0616284,-0.704416,0.0616284,-0.704416;
racing,killcuboid,0.5,-0.2,5,-50,2115,-2005,-0.0616284,-0.704416,0.0616284,-0.704416;
racing,killcuboid,0.5,-0.2,5,-50,2105,-2005,-0.0616284,-0.704416,0.0616284,-0.704416;

racing,killcuboid,0.5,0.2,5,0,2105,-2005,-0.0616284,0.704416,0.0616284,0.704416;
racing,killcuboid,0.5,0.2,5,0,2115,-2005,-0.0616284,0.704416,0.0616284,0.704416;
racing,killcuboid,0.5,0.2,5,0,2125,-2005,-0.0616284,0.704416,0.0616284,0.704416;
racing,killcuboid,0.5,0.2,5,0,2135,-2005,-0.0616284,0.704416,0.0616284,0.704416;
racing,killcuboid,0.5,0.2,5,0,2145,-2005,-0.0616284,0.704416,0.0616284,0.704416;

racing,killcuboid,0.5,-0.2,5,50,2145,-2005,-0.0616284,-0.704416,0.0616284,-0.704416;
racing,killcuboid,0.5,-0.2,5,50,2135,-2005,-0.0616284,-0.704416,0.0616284,-0.704416;
racing,killcuboid,0.5,-0.2,5,50,2125,-2005,-0.0616284,-0.704416,0.0616284,-0.704416;
racing,killcuboid,0.5,-0.2,5,50,2115,-2005,-0.0616284,-0.704416,0.0616284,-0.704416;
racing,killcuboid,0.5,-0.2,5,50,2105,-2005,-0.0616284,-0.704416,0.0616284,-0.704416;

racing,killcuboid,0.5,6,0.2,75,2125,-2005,0,0.7071068,0,0.7071068;
racing,killcuboid,0.5,6,0.2,125,2125,-2005,0,0.7071068,0,0.7071068;
racing,killcuboid,0.5,6,0.2,175,2125,-2005,0,0.7071068,0,0.7071068;
racing,killcuboid,0.5,6,0.2,225,2125,-2005,0,0.7071068,0,0.7071068;

racing,killcuboid,0.5,0.2,5,100,2105,-2005,-0.0616284,0.704416,0.0616284,0.704416;
racing,killcuboid,0.5,0.2,5,100,2115,-2005,-0.0616284,0.704416,0.0616284,0.704416;
racing,killcuboid,0.5,0.2,5,100,2125,-2005,-0.0616284,0.704416,0.0616284,0.704416;
racing,killcuboid,0.5,0.2,5,100,2135,-2005,-0.0616284,0.704416,0.0616284,0.704416;
racing,killcuboid,0.5,0.2,5,100,2145,-2005,-0.0616284,0.704416,0.0616284,0.704416;

racing,killcuboid,0.5,-0.2,5,150,2145,-2005,-0.0616284,-0.704416,0.0616284,-0.704416;
racing,killcuboid,0.5,-0.2,5,150,2135,-2005,-0.0616284,-0.704416,0.0616284,-0.704416;
racing,killcuboid,0.5,-0.2,5,150,2125,-2005,-0.0616284,-0.704416,0.0616284,-0.704416;
racing,killcuboid,0.5,-0.2,5,150,2115,-2005,-0.0616284,-0.704416,0.0616284,-0.704416;
racing,killcuboid,0.5,-0.2,5,150,2105,-2005,-0.0616284,-0.704416,0.0616284,-0.704416;

racing,killcuboid,0.5,0.2,5,200,2105,-2005,-0.0616284,0.704416,0.0616284,0.704416;
racing,killcuboid,0.5,0.2,5,200,2115,-2005,-0.0616284,0.704416,0.0616284,0.704416;
racing,killcuboid,0.5,0.2,5,200,2125,-2005,-0.0616284,0.704416,0.0616284,0.704416;
racing,killcuboid,0.5,0.2,5,200,2135,-2005,-0.0616284,0.704416,0.0616284,0.704416;
racing,killcuboid,0.5,0.2,5,200,2145,-2005,-0.0616284,0.704416,0.0616284,0.704416;

racing,killcuboid,0.5,-0.2,5,250,2145,-2005,-0.0616284,-0.704416,0.0616284,-0.704416;
racing,killcuboid,0.5,-0.2,5,250,2135,-2005,-0.0616284,-0.704416,0.0616284,-0.704416;
racing,killcuboid,0.5,-0.2,5,250,2125,-2005,-0.0616284,-0.704416,0.0616284,-0.704416;
racing,killcuboid,0.5,-0.2,5,250,2115,-2005,-0.0616284,-0.704416,0.0616284,-0.704416;
racing,killcuboid,0.5,-0.2,5,250,2105,-2005,-0.0616284,-0.704416,0.0616284,-0.704416;

racing,killcuboid,0.5,6,0.2,275,2125,-2005,0,0.7071068,0,0.7071068;
racing,killcuboid,0.5,6,0.2,325,2125,-2005,0,0.7071068,0,0.7071068;
racing,killcuboid,0.5,6,0.2,375,2125,-2005,0,0.7071068,0,0.7071068;
racing,killcuboid,0.5,6,0.2,425,2125,-2005,0,0.7071068,0,0.7071068;
racing,killcuboid,0.5,6,0.2,475,2125,-2005,0,0.7071068,0,0.7071068;


racing,killcuboid,0.5,0.2,5,300,2105,-2005,-0.0616284,0.704416,0.0616284,0.704416;
racing,killcuboid,0.5,0.2,5,300,2115,-2005,-0.0616284,0.704416,0.0616284,0.704416;
racing,killcuboid,0.5,0.2,5,300,2125,-2005,-0.0616284,0.704416,0.0616284,0.704416;
racing,killcuboid,0.5,0.2,5,300,2135,-2005,-0.0616284,0.704416,0.0616284,0.704416;
racing,killcuboid,0.5,0.2,5,300,2145,-2005,-0.0616284,0.704416,0.0616284,0.704416;

racing,killcuboid,0.5,-0.2,5,350,2145,-2005,-0.0616284,-0.704416,0.0616284,-0.704416;
racing,killcuboid,0.5,-0.2,5,350,2135,-2005,-0.0616284,-0.704416,0.0616284,-0.704416;
racing,killcuboid,0.5,-0.2,5,350,2125,-2005,-0.0616284,-0.704416,0.0616284,-0.704416;
racing,killcuboid,0.5,-0.2,5,350,2115,-2005,-0.0616284,-0.704416,0.0616284,-0.704416;
racing,killcuboid,0.5,-0.2,5,350,2105,-2005,-0.0616284,-0.704416,0.0616284,-0.704416;

racing,killcuboid,0.5,0.2,5,400,2105,-2005,-0.0616284,0.704416,0.0616284,0.704416;
racing,killcuboid,0.5,0.2,5,400,2115,-2005,-0.0616284,0.704416,0.0616284,0.704416;
racing,killcuboid,0.5,0.2,5,400,2125,-2005,-0.0616284,0.704416,0.0616284,0.704416;
racing,killcuboid,0.5,0.2,5,400,2135,-2005,-0.0616284,0.704416,0.0616284,0.704416;
racing,killcuboid,0.5,0.2,5,400,2145,-2005,-0.0616284,0.704416,0.0616284,0.704416;

racing,killcuboid,0.5,-0.2,5,450,2145,-2005,-0.0616284,-0.704416,0.0616284,-0.704416;
racing,killcuboid,0.5,-0.2,5,450,2135,-2005,-0.0616284,-0.704416,0.0616284,-0.704416;
racing,killcuboid,0.5,-0.2,5,450,2125,-2005,-0.0616284,-0.704416,0.0616284,-0.704416;
racing,killcuboid,0.5,-0.2,5,450,2115,-2005,-0.0616284,-0.704416,0.0616284,-0.704416;
racing,killcuboid,0.5,-0.2,5,450,2105,-2005,-0.0616284,-0.704416,0.0616284,-0.704416;




racing,killcuboid,0.5,6,0.2,-125,2175,-2005,0,0.7071068,0,0.7071068;
racing,killcuboid,0.5,6,0.2,-75,2175,-2005,0,0.7071068,0,0.7071068;
racing,killcuboid,0.5,6,0.2,-25,2175,-2005,0,0.7071068,0,0.7071068;
racing,killcuboid,0.5,6,0.2,25,2175,-2005,0,0.7071068,0,0.7071068;

racing,killcuboid,0.5,0.2,5,-100,2155,-2005,-0.0616284,0.704416,0.0616284,0.704416;
racing,killcuboid,0.5,0.2,5,-100,2165,-2005,-0.0616284,0.704416,0.0616284,0.704416;
racing,killcuboid,0.5,0.2,5,-100,2175,-2005,-0.0616284,0.704416,0.0616284,0.704416;
racing,killcuboid,0.5,0.2,5,-100,2185,-2005,-0.0616284,0.704416,0.0616284,0.704416;
racing,killcuboid,0.5,0.2,5,-100,2195,-2005,-0.0616284,0.704416,0.0616284,0.704416;

racing,killcuboid,0.5,-0.2,5,-50,2195,-2005,-0.0616284,-0.704416,0.0616284,-0.704416;
racing,killcuboid,0.5,-0.2,5,-50,2185,-2005,-0.0616284,-0.704416,0.0616284,-0.704416;
racing,killcuboid,0.5,-0.2,5,-50,2175,-2005,-0.0616284,-0.704416,0.0616284,-0.704416;
racing,killcuboid,0.5,-0.2,5,-50,2165,-2005,-0.0616284,-0.704416,0.0616284,-0.704416;
racing,killcuboid,0.5,-0.2,5,-50,2155,-2005,-0.0616284,-0.704416,0.0616284,-0.704416;

racing,killcuboid,0.5,0.2,5,0,2155,-2005,-0.0616284,0.704416,0.0616284,0.704416;
racing,killcuboid,0.5,0.2,5,0,2165,-2005,-0.0616284,0.704416,0.0616284,0.704416;
racing,killcuboid,0.5,0.2,5,0,2175,-2005,-0.0616284,0.704416,0.0616284,0.704416;
racing,killcuboid,0.5,0.2,5,0,2185,-2005,-0.0616284,0.704416,0.0616284,0.704416;
racing,killcuboid,0.5,0.2,5,0,2195,-2005,-0.0616284,0.704416,0.0616284,0.704416;

racing,killcuboid,0.5,-0.2,5,50,2195,-2005,-0.0616284,-0.704416,0.0616284,-0.704416;
racing,killcuboid,0.5,-0.2,5,50,2185,-2005,-0.0616284,-0.704416,0.0616284,-0.704416;
racing,killcuboid,0.5,-0.2,5,50,2175,-2005,-0.0616284,-0.704416,0.0616284,-0.704416;
racing,killcuboid,0.5,-0.2,5,50,2165,-2005,-0.0616284,-0.704416,0.0616284,-0.704416;
racing,killcuboid,0.5,-0.2,5,50,2155,-2005,-0.0616284,-0.704416,0.0616284,-0.704416;

racing,killcuboid,0.5,6,0.2,75,2175,-2005,0,0.7071068,0,0.7071068;
racing,killcuboid,0.5,6,0.2,125,2175,-2005,0,0.7071068,0,0.7071068;
racing,killcuboid,0.5,6,0.2,175,2175,-2005,0,0.7071068,0,0.7071068;
racing,killcuboid,0.5,6,0.2,225,2175,-2005,0,0.7071068,0,0.7071068;

racing,killcuboid,0.5,0.2,5,100,2155,-2005,-0.0616284,0.704416,0.0616284,0.704416;
racing,killcuboid,0.5,0.2,5,100,2165,-2005,-0.0616284,0.704416,0.0616284,0.704416;
racing,killcuboid,0.5,0.2,5,100,2175,-2005,-0.0616284,0.704416,0.0616284,0.704416;
racing,killcuboid,0.5,0.2,5,100,2185,-2005,-0.0616284,0.704416,0.0616284,0.704416;
racing,killcuboid,0.5,0.2,5,100,2195,-2005,-0.0616284,0.704416,0.0616284,0.704416;

racing,killcuboid,0.5,-0.2,5,150,2195,-2005,-0.0616284,-0.704416,0.0616284,-0.704416;
racing,killcuboid,0.5,-0.2,5,150,2185,-2005,-0.0616284,-0.704416,0.0616284,-0.704416;
racing,killcuboid,0.5,-0.2,5,150,2175,-2005,-0.0616284,-0.704416,0.0616284,-0.704416;
racing,killcuboid,0.5,-0.2,5,150,2165,-2005,-0.0616284,-0.704416,0.0616284,-0.704416;
racing,killcuboid,0.5,-0.2,5,150,2155,-2005,-0.0616284,-0.704416,0.0616284,-0.704416;

racing,killcuboid,0.5,0.2,5,200,2155,-2005,-0.0616284,0.704416,0.0616284,0.704416;
racing,killcuboid,0.5,0.2,5,200,2165,-2005,-0.0616284,0.704416,0.0616284,0.704416;
racing,killcuboid,0.5,0.2,5,200,2175,-2005,-0.0616284,0.704416,0.0616284,0.704416;
racing,killcuboid,0.5,0.2,5,200,2185,-2005,-0.0616284,0.704416,0.0616284,0.704416;
racing,killcuboid,0.5,0.2,5,200,2195,-2005,-0.0616284,0.704416,0.0616284,0.704416;

racing,killcuboid,0.5,-0.2,5,250,2195,-2005,-0.0616284,-0.704416,0.0616284,-0.704416;
racing,killcuboid,0.5,-0.2,5,250,2185,-2005,-0.0616284,-0.704416,0.0616284,-0.704416;
racing,killcuboid,0.5,-0.2,5,250,2175,-2005,-0.0616284,-0.704416,0.0616284,-0.704416;
racing,killcuboid,0.5,-0.2,5,250,2165,-2005,-0.0616284,-0.704416,0.0616284,-0.704416;
racing,killcuboid,0.5,-0.2,5,250,2155,-2005,-0.0616284,-0.704416,0.0616284,-0.704416;

racing,killcuboid,0.5,6,0.2,275,2175,-2005,0,0.7071068,0,0.7071068;
racing,killcuboid,0.5,6,0.2,325,2175,-2005,0,0.7071068,0,0.7071068;
racing,killcuboid,0.5,6,0.2,375,2175,-2005,0,0.7071068,0,0.7071068;
racing,killcuboid,0.5,6,0.2,425,2175,-2005,0,0.7071068,0,0.7071068;
racing,killcuboid,0.5,6,0.2,475,2175,-2005,0,0.7071068,0,0.7071068;


racing,killcuboid,0.5,0.2,5,300,2155,-2005,-0.0616284,0.704416,0.0616284,0.704416;
racing,killcuboid,0.5,0.2,5,300,2165,-2005,-0.0616284,0.704416,0.0616284,0.704416;
racing,killcuboid,0.5,0.2,5,300,2175,-2005,-0.0616284,0.704416,0.0616284,0.704416;
racing,killcuboid,0.5,0.2,5,300,2185,-2005,-0.0616284,0.704416,0.0616284,0.704416;
racing,killcuboid,0.5,0.2,5,300,2195,-2005,-0.0616284,0.704416,0.0616284,0.704416;

racing,killcuboid,0.5,-0.2,5,350,2195,-2005,-0.0616284,-0.704416,0.0616284,-0.704416;
racing,killcuboid,0.5,-0.2,5,350,2185,-2005,-0.0616284,-0.704416,0.0616284,-0.704416;
racing,killcuboid,0.5,-0.2,5,350,2175,-2005,-0.0616284,-0.704416,0.0616284,-0.704416;
racing,killcuboid,0.5,-0.2,5,350,2165,-2005,-0.0616284,-0.704416,0.0616284,-0.704416;
racing,killcuboid,0.5,-0.2,5,350,2155,-2005,-0.0616284,-0.704416,0.0616284,-0.704416;

racing,killcuboid,0.5,0.2,5,400,2155,-2005,-0.0616284,0.704416,0.0616284,0.704416;
racing,killcuboid,0.5,0.2,5,400,2165,-2005,-0.0616284,0.704416,0.0616284,0.704416;
racing,killcuboid,0.5,0.2,5,400,2175,-2005,-0.0616284,0.704416,0.0616284,0.704416;
racing,killcuboid,0.5,0.2,5,400,2185,-2005,-0.0616284,0.704416,0.0616284,0.704416;
racing,killcuboid,0.5,0.2,5,400,2195,-2005,-0.0616284,0.704416,0.0616284,0.704416;

racing,killcuboid,0.5,-0.2,5,450,2195,-2005,-0.0616284,-0.704416,0.0616284,-0.704416;
racing,killcuboid,0.5,-0.2,5,450,2185,-2005,-0.0616284,-0.704416,0.0616284,-0.704416;
racing,killcuboid,0.5,-0.2,5,450,2175,-2005,-0.0616284,-0.704416,0.0616284,-0.704416;
racing,killcuboid,0.5,-0.2,5,450,2165,-2005,-0.0616284,-0.704416,0.0616284,-0.704416;
racing,killcuboid,0.5,-0.2,5,450,2155,-2005,-0.0616284,-0.704416,0.0616284,-0.704416;







racing,killcuboid,0.5,6,0.2,-125,2125,-2117,0,0.7071068,0,0.7071068;
racing,killcuboid,0.5,6,0.2,-75,2125,-2117,0,0.7071068,0,0.7071068;
racing,killcuboid,0.5,6,0.2,-25,2125,-2117,0,0.7071068,0,0.7071068;
racing,killcuboid,0.5,6,0.2,25,2125,-2117,0,0.7071068,0,0.7071068;

racing,killcuboid,0.5,0.2,5,-100,2105,-2117,-0.0616284,0.704416,0.0616284,0.704416;
racing,killcuboid,0.5,0.2,5,-100,2115,-2117,-0.0616284,0.704416,0.0616284,0.704416;
racing,killcuboid,0.5,0.2,5,-100,2125,-2117,-0.0616284,0.704416,0.0616284,0.704416;
racing,killcuboid,0.5,0.2,5,-100,2135,-2117,-0.0616284,0.704416,0.0616284,0.704416;
racing,killcuboid,0.5,0.2,5,-100,2145,-2117,-0.0616284,0.704416,0.0616284,0.704416;

racing,killcuboid,0.5,-0.2,5,-50,2145,-2117,-0.0616284,-0.704416,0.0616284,-0.704416;
racing,killcuboid,0.5,-0.2,5,-50,2135,-2117,-0.0616284,-0.704416,0.0616284,-0.704416;
racing,killcuboid,0.5,-0.2,5,-50,2125,-2117,-0.0616284,-0.704416,0.0616284,-0.704416;
racing,killcuboid,0.5,-0.2,5,-50,2115,-2117,-0.0616284,-0.704416,0.0616284,-0.704416;
racing,killcuboid,0.5,-0.2,5,-50,2105,-2117,-0.0616284,-0.704416,0.0616284,-0.704416;

racing,killcuboid,0.5,0.2,5,0,2105,-2117,-0.0616284,0.704416,0.0616284,0.704416;
racing,killcuboid,0.5,0.2,5,0,2115,-2117,-0.0616284,0.704416,0.0616284,0.704416;
racing,killcuboid,0.5,0.2,5,0,2125,-2117,-0.0616284,0.704416,0.0616284,0.704416;
racing,killcuboid,0.5,0.2,5,0,2135,-2117,-0.0616284,0.704416,0.0616284,0.704416;
racing,killcuboid,0.5,0.2,5,0,2145,-2117,-0.0616284,0.704416,0.0616284,0.704416;

racing,killcuboid,0.5,-0.2,5,50,2145,-2117,-0.0616284,-0.704416,0.0616284,-0.704416;
racing,killcuboid,0.5,-0.2,5,50,2135,-2117,-0.0616284,-0.704416,0.0616284,-0.704416;
racing,killcuboid,0.5,-0.2,5,50,2125,-2117,-0.0616284,-0.704416,0.0616284,-0.704416;
racing,killcuboid,0.5,-0.2,5,50,2115,-2117,-0.0616284,-0.704416,0.0616284,-0.704416;
racing,killcuboid,0.5,-0.2,5,50,2105,-2117,-0.0616284,-0.704416,0.0616284,-0.704416;

racing,killcuboid,0.5,6,0.2,75,2125,-2117,0,0.7071068,0,0.7071068;
racing,killcuboid,0.5,6,0.2,125,2125,-2117,0,0.7071068,0,0.7071068;
racing,killcuboid,0.5,6,0.2,175,2125,-2117,0,0.7071068,0,0.7071068;
racing,killcuboid,0.5,6,0.2,225,2125,-2117,0,0.7071068,0,0.7071068;

racing,killcuboid,0.5,0.2,5,100,2105,-2117,-0.0616284,0.704416,0.0616284,0.704416;
racing,killcuboid,0.5,0.2,5,100,2115,-2117,-0.0616284,0.704416,0.0616284,0.704416;
racing,killcuboid,0.5,0.2,5,100,2125,-2117,-0.0616284,0.704416,0.0616284,0.704416;
racing,killcuboid,0.5,0.2,5,100,2135,-2117,-0.0616284,0.704416,0.0616284,0.704416;
racing,killcuboid,0.5,0.2,5,100,2145,-2117,-0.0616284,0.704416,0.0616284,0.704416;

racing,killcuboid,0.5,-0.2,5,150,2145,-2117,-0.0616284,-0.704416,0.0616284,-0.704416;
racing,killcuboid,0.5,-0.2,5,150,2135,-2117,-0.0616284,-0.704416,0.0616284,-0.704416;
racing,killcuboid,0.5,-0.2,5,150,2125,-2117,-0.0616284,-0.704416,0.0616284,-0.704416;
racing,killcuboid,0.5,-0.2,5,150,2115,-2117,-0.0616284,-0.704416,0.0616284,-0.704416;
racing,killcuboid,0.5,-0.2,5,150,2105,-2117,-0.0616284,-0.704416,0.0616284,-0.704416;

racing,killcuboid,0.5,0.2,5,200,2105,-2117,-0.0616284,0.704416,0.0616284,0.704416;
racing,killcuboid,0.5,0.2,5,200,2115,-2117,-0.0616284,0.704416,0.0616284,0.704416;
racing,killcuboid,0.5,0.2,5,200,2125,-2117,-0.0616284,0.704416,0.0616284,0.704416;
racing,killcuboid,0.5,0.2,5,200,2135,-2117,-0.0616284,0.704416,0.0616284,0.704416;
racing,killcuboid,0.5,0.2,5,200,2145,-2117,-0.0616284,0.704416,0.0616284,0.704416;

racing,killcuboid,0.5,-0.2,5,250,2145,-2117,-0.0616284,-0.704416,0.0616284,-0.704416;
racing,killcuboid,0.5,-0.2,5,250,2135,-2117,-0.0616284,-0.704416,0.0616284,-0.704416;
racing,killcuboid,0.5,-0.2,5,250,2125,-2117,-0.0616284,-0.704416,0.0616284,-0.704416;
racing,killcuboid,0.5,-0.2,5,250,2115,-2117,-0.0616284,-0.704416,0.0616284,-0.704416;
racing,killcuboid,0.5,-0.2,5,250,2105,-2117,-0.0616284,-0.704416,0.0616284,-0.704416;

racing,killcuboid,0.5,6,0.2,275,2125,-2117,0,0.7071068,0,0.7071068;
racing,killcuboid,0.5,6,0.2,325,2125,-2117,0,0.7071068,0,0.7071068;
racing,killcuboid,0.5,6,0.2,375,2125,-2117,0,0.7071068,0,0.7071068;
racing,killcuboid,0.5,6,0.2,425,2125,-2117,0,0.7071068,0,0.7071068;
racing,killcuboid,0.5,6,0.2,475,2125,-2117,0,0.7071068,0,0.7071068;


racing,killcuboid,0.5,0.2,5,300,2105,-2117,-0.0616284,0.704416,0.0616284,0.704416;
racing,killcuboid,0.5,0.2,5,300,2115,-2117,-0.0616284,0.704416,0.0616284,0.704416;
racing,killcuboid,0.5,0.2,5,300,2125,-2117,-0.0616284,0.704416,0.0616284,0.704416;
racing,killcuboid,0.5,0.2,5,300,2135,-2117,-0.0616284,0.704416,0.0616284,0.704416;
racing,killcuboid,0.5,0.2,5,300,2145,-2117,-0.0616284,0.704416,0.0616284,0.704416;

racing,killcuboid,0.5,-0.2,5,350,2145,-2117,-0.0616284,-0.704416,0.0616284,-0.704416;
racing,killcuboid,0.5,-0.2,5,350,2135,-2117,-0.0616284,-0.704416,0.0616284,-0.704416;
racing,killcuboid,0.5,-0.2,5,350,2125,-2117,-0.0616284,-0.704416,0.0616284,-0.704416;
racing,killcuboid,0.5,-0.2,5,350,2115,-2117,-0.0616284,-0.704416,0.0616284,-0.704416;
racing,killcuboid,0.5,-0.2,5,350,2105,-2117,-0.0616284,-0.704416,0.0616284,-0.704416;

racing,killcuboid,0.5,0.2,5,400,2105,-2117,-0.0616284,0.704416,0.0616284,0.704416;
racing,killcuboid,0.5,0.2,5,400,2115,-2117,-0.0616284,0.704416,0.0616284,0.704416;
racing,killcuboid,0.5,0.2,5,400,2125,-2117,-0.0616284,0.704416,0.0616284,0.704416;
racing,killcuboid,0.5,0.2,5,400,2135,-2117,-0.0616284,0.704416,0.0616284,0.704416;
racing,killcuboid,0.5,0.2,5,400,2145,-2117,-0.0616284,0.704416,0.0616284,0.704416;

racing,killcuboid,0.5,-0.2,5,450,2145,-2117,-0.0616284,-0.704416,0.0616284,-0.704416;
racing,killcuboid,0.5,-0.2,5,450,2135,-2117,-0.0616284,-0.704416,0.0616284,-0.704416;
racing,killcuboid,0.5,-0.2,5,450,2125,-2117,-0.0616284,-0.704416,0.0616284,-0.704416;
racing,killcuboid,0.5,-0.2,5,450,2115,-2117,-0.0616284,-0.704416,0.0616284,-0.704416;
racing,killcuboid,0.5,-0.2,5,450,2105,-2117,-0.0616284,-0.704416,0.0616284,-0.704416;




racing,killcuboid,0.5,6,0.2,-125,2175,-2117,0,0.7071068,0,0.7071068;
racing,killcuboid,0.5,6,0.2,-75,2175,-2117,0,0.7071068,0,0.7071068;
racing,killcuboid,0.5,6,0.2,-25,2175,-2117,0,0.7071068,0,0.7071068;
racing,killcuboid,0.5,6,0.2,25,2175,-2117,0,0.7071068,0,0.7071068;

racing,killcuboid,0.5,0.2,5,-100,2155,-2117,-0.0616284,0.704416,0.0616284,0.704416;
racing,killcuboid,0.5,0.2,5,-100,2165,-2117,-0.0616284,0.704416,0.0616284,0.704416;
racing,killcuboid,0.5,0.2,5,-100,2175,-2117,-0.0616284,0.704416,0.0616284,0.704416;
racing,killcuboid,0.5,0.2,5,-100,2185,-2117,-0.0616284,0.704416,0.0616284,0.704416;
racing,killcuboid,0.5,0.2,5,-100,2195,-2117,-0.0616284,0.704416,0.0616284,0.704416;

racing,killcuboid,0.5,-0.2,5,-50,2195,-2117,-0.0616284,-0.704416,0.0616284,-0.704416;
racing,killcuboid,0.5,-0.2,5,-50,2185,-2117,-0.0616284,-0.704416,0.0616284,-0.704416;
racing,killcuboid,0.5,-0.2,5,-50,2175,-2117,-0.0616284,-0.704416,0.0616284,-0.704416;
racing,killcuboid,0.5,-0.2,5,-50,2165,-2117,-0.0616284,-0.704416,0.0616284,-0.704416;
racing,killcuboid,0.5,-0.2,5,-50,2155,-2117,-0.0616284,-0.704416,0.0616284,-0.704416;

racing,killcuboid,0.5,0.2,5,0,2155,-2117,-0.0616284,0.704416,0.0616284,0.704416;
racing,killcuboid,0.5,0.2,5,0,2165,-2117,-0.0616284,0.704416,0.0616284,0.704416;
racing,killcuboid,0.5,0.2,5,0,2175,-2117,-0.0616284,0.704416,0.0616284,0.704416;
racing,killcuboid,0.5,0.2,5,0,2185,-2117,-0.0616284,0.704416,0.0616284,0.704416;
racing,killcuboid,0.5,0.2,5,0,2195,-2117,-0.0616284,0.704416,0.0616284,0.704416;

racing,killcuboid,0.5,-0.2,5,50,2195,-2117,-0.0616284,-0.704416,0.0616284,-0.704416;
racing,killcuboid,0.5,-0.2,5,50,2185,-2117,-0.0616284,-0.704416,0.0616284,-0.704416;
racing,killcuboid,0.5,-0.2,5,50,2175,-2117,-0.0616284,-0.704416,0.0616284,-0.704416;
racing,killcuboid,0.5,-0.2,5,50,2165,-2117,-0.0616284,-0.704416,0.0616284,-0.704416;
racing,killcuboid,0.5,-0.2,5,50,2155,-2117,-0.0616284,-0.704416,0.0616284,-0.704416;

racing,killcuboid,0.5,6,0.2,75,2175,-2117,0,0.7071068,0,0.7071068;
racing,killcuboid,0.5,6,0.2,125,2175,-2117,0,0.7071068,0,0.7071068;
racing,killcuboid,0.5,6,0.2,175,2175,-2117,0,0.7071068,0,0.7071068;
racing,killcuboid,0.5,6,0.2,225,2175,-2117,0,0.7071068,0,0.7071068;

racing,killcuboid,0.5,0.2,5,100,2155,-2117,-0.0616284,0.704416,0.0616284,0.704416;
racing,killcuboid,0.5,0.2,5,100,2165,-2117,-0.0616284,0.704416,0.0616284,0.704416;
racing,killcuboid,0.5,0.2,5,100,2175,-2117,-0.0616284,0.704416,0.0616284,0.704416;
racing,killcuboid,0.5,0.2,5,100,2185,-2117,-0.0616284,0.704416,0.0616284,0.704416;
racing,killcuboid,0.5,0.2,5,100,2195,-2117,-0.0616284,0.704416,0.0616284,0.704416;

racing,killcuboid,0.5,-0.2,5,150,2195,-2117,-0.0616284,-0.704416,0.0616284,-0.704416;
racing,killcuboid,0.5,-0.2,5,150,2185,-2117,-0.0616284,-0.704416,0.0616284,-0.704416;
racing,killcuboid,0.5,-0.2,5,150,2175,-2117,-0.0616284,-0.704416,0.0616284,-0.704416;
racing,killcuboid,0.5,-0.2,5,150,2165,-2117,-0.0616284,-0.704416,0.0616284,-0.704416;
racing,killcuboid,0.5,-0.2,5,150,2155,-2117,-0.0616284,-0.704416,0.0616284,-0.704416;

racing,killcuboid,0.5,0.2,5,200,2155,-2117,-0.0616284,0.704416,0.0616284,0.704416;
racing,killcuboid,0.5,0.2,5,200,2165,-2117,-0.0616284,0.704416,0.0616284,0.704416;
racing,killcuboid,0.5,0.2,5,200,2175,-2117,-0.0616284,0.704416,0.0616284,0.704416;
racing,killcuboid,0.5,0.2,5,200,2185,-2117,-0.0616284,0.704416,0.0616284,0.704416;
racing,killcuboid,0.5,0.2,5,200,2195,-2117,-0.0616284,0.704416,0.0616284,0.704416;

racing,killcuboid,0.5,-0.2,5,250,2195,-2117,-0.0616284,-0.704416,0.0616284,-0.704416;
racing,killcuboid,0.5,-0.2,5,250,2185,-2117,-0.0616284,-0.704416,0.0616284,-0.704416;
racing,killcuboid,0.5,-0.2,5,250,2175,-2117,-0.0616284,-0.704416,0.0616284,-0.704416;
racing,killcuboid,0.5,-0.2,5,250,2165,-2117,-0.0616284,-0.704416,0.0616284,-0.704416;
racing,killcuboid,0.5,-0.2,5,250,2155,-2117,-0.0616284,-0.704416,0.0616284,-0.704416;

racing,killcuboid,0.5,6,0.2,275,2175,-2117,0,0.7071068,0,0.7071068;
racing,killcuboid,0.5,6,0.2,325,2175,-2117,0,0.7071068,0,0.7071068;
racing,killcuboid,0.5,6,0.2,375,2175,-2117,0,0.7071068,0,0.7071068;
racing,killcuboid,0.5,6,0.2,425,2175,-2117,0,0.7071068,0,0.7071068;
racing,killcuboid,0.5,6,0.2,475,2175,-2117,0,0.7071068,0,0.7071068;


racing,killcuboid,0.5,0.2,5,300,2155,-2117,-0.0616284,0.704416,0.0616284,0.704416;
racing,killcuboid,0.5,0.2,5,300,2165,-2117,-0.0616284,0.704416,0.0616284,0.704416;
racing,killcuboid,0.5,0.2,5,300,2175,-2117,-0.0616284,0.704416,0.0616284,0.704416;
racing,killcuboid,0.5,0.2,5,300,2185,-2117,-0.0616284,0.704416,0.0616284,0.704416;
racing,killcuboid,0.5,0.2,5,300,2195,-2117,-0.0616284,0.704416,0.0616284,0.704416;

racing,killcuboid,0.5,-0.2,5,350,2195,-2117,-0.0616284,-0.704416,0.0616284,-0.704416;
racing,killcuboid,0.5,-0.2,5,350,2185,-2117,-0.0616284,-0.704416,0.0616284,-0.704416;
racing,killcuboid,0.5,-0.2,5,350,2175,-2117,-0.0616284,-0.704416,0.0616284,-0.704416;
racing,killcuboid,0.5,-0.2,5,350,2165,-2117,-0.0616284,-0.704416,0.0616284,-0.704416;
racing,killcuboid,0.5,-0.2,5,350,2155,-2117,-0.0616284,-0.704416,0.0616284,-0.704416;

racing,killcuboid,0.5,0.2,5,400,2155,-2117,-0.0616284,0.704416,0.0616284,0.704416;
racing,killcuboid,0.5,0.2,5,400,2165,-2117,-0.0616284,0.704416,0.0616284,0.704416;
racing,killcuboid,0.5,0.2,5,400,2175,-2117,-0.0616284,0.704416,0.0616284,0.704416;
racing,killcuboid,0.5,0.2,5,400,2185,-2117,-0.0616284,0.704416,0.0616284,0.704416;
racing,killcuboid,0.5,0.2,5,400,2195,-2117,-0.0616284,0.704416,0.0616284,0.704416;

racing,killcuboid,0.5,-0.2,5,450,2195,-2117,-0.0616284,-0.704416,0.0616284,-0.704416;
racing,killcuboid,0.5,-0.2,5,450,2185,-2117,-0.0616284,-0.704416,0.0616284,-0.704416;
racing,killcuboid,0.5,-0.2,5,450,2175,-2117,-0.0616284,-0.704416,0.0616284,-0.704416;
racing,killcuboid,0.5,-0.2,5,450,2165,-2117,-0.0616284,-0.704416,0.0616284,-0.704416;
racing,killcuboid,0.5,-0.2,5,450,2155,-2117,-0.0616284,-0.704416,0.0616284,-0.704416;





racing,killcuboid,0.5,6,0.2,-125,2125,-2257,0,0.7071068,0,0.7071068;
racing,killcuboid,0.5,6,0.2,-75,2125,-2257,0,0.7071068,0,0.7071068;
racing,killcuboid,0.5,6,0.2,-25,2125,-2257,0,0.7071068,0,0.7071068;
racing,killcuboid,0.5,6,0.2,25,2125,-2257,0,0.7071068,0,0.7071068;

racing,killcuboid,0.5,0.2,5,-100,2105,-2257,-0.0616284,0.704416,0.0616284,0.704416;
racing,killcuboid,0.5,0.2,5,-100,2115,-2257,-0.0616284,0.704416,0.0616284,0.704416;
racing,killcuboid,0.5,0.2,5,-100,2125,-2257,-0.0616284,0.704416,0.0616284,0.704416;
racing,killcuboid,0.5,0.2,5,-100,2135,-2257,-0.0616284,0.704416,0.0616284,0.704416;
racing,killcuboid,0.5,0.2,5,-100,2145,-2257,-0.0616284,0.704416,0.0616284,0.704416;

racing,killcuboid,0.5,-0.2,5,-50,2145,-2257,-0.0616284,-0.704416,0.0616284,-0.704416;
racing,killcuboid,0.5,-0.2,5,-50,2135,-2257,-0.0616284,-0.704416,0.0616284,-0.704416;
racing,killcuboid,0.5,-0.2,5,-50,2125,-2257,-0.0616284,-0.704416,0.0616284,-0.704416;
racing,killcuboid,0.5,-0.2,5,-50,2115,-2257,-0.0616284,-0.704416,0.0616284,-0.704416;
racing,killcuboid,0.5,-0.2,5,-50,2105,-2257,-0.0616284,-0.704416,0.0616284,-0.704416;

racing,killcuboid,0.5,0.2,5,0,2105,-2257,-0.0616284,0.704416,0.0616284,0.704416;
racing,killcuboid,0.5,0.2,5,0,2115,-2257,-0.0616284,0.704416,0.0616284,0.704416;
racing,killcuboid,0.5,0.2,5,0,2125,-2257,-0.0616284,0.704416,0.0616284,0.704416;
racing,killcuboid,0.5,0.2,5,0,2135,-2257,-0.0616284,0.704416,0.0616284,0.704416;
racing,killcuboid,0.5,0.2,5,0,2145,-2257,-0.0616284,0.704416,0.0616284,0.704416;

racing,killcuboid,0.5,-0.2,5,50,2145,-2257,-0.0616284,-0.704416,0.0616284,-0.704416;
racing,killcuboid,0.5,-0.2,5,50,2135,-2257,-0.0616284,-0.704416,0.0616284,-0.704416;
racing,killcuboid,0.5,-0.2,5,50,2125,-2257,-0.0616284,-0.704416,0.0616284,-0.704416;
racing,killcuboid,0.5,-0.2,5,50,2115,-2257,-0.0616284,-0.704416,0.0616284,-0.704416;
racing,killcuboid,0.5,-0.2,5,50,2105,-2257,-0.0616284,-0.704416,0.0616284,-0.704416;

racing,killcuboid,0.5,6,0.2,75,2125,-2257,0,0.7071068,0,0.7071068;
racing,killcuboid,0.5,6,0.2,125,2125,-2257,0,0.7071068,0,0.7071068;
racing,killcuboid,0.5,6,0.2,175,2125,-2257,0,0.7071068,0,0.7071068;
racing,killcuboid,0.5,6,0.2,225,2125,-2257,0,0.7071068,0,0.7071068;

racing,killcuboid,0.5,0.2,5,100,2105,-2257,-0.0616284,0.704416,0.0616284,0.704416;
racing,killcuboid,0.5,0.2,5,100,2115,-2257,-0.0616284,0.704416,0.0616284,0.704416;
racing,killcuboid,0.5,0.2,5,100,2125,-2257,-0.0616284,0.704416,0.0616284,0.704416;
racing,killcuboid,0.5,0.2,5,100,2135,-2257,-0.0616284,0.704416,0.0616284,0.704416;
racing,killcuboid,0.5,0.2,5,100,2145,-2257,-0.0616284,0.704416,0.0616284,0.704416;

racing,killcuboid,0.5,-0.2,5,150,2145,-2257,-0.0616284,-0.704416,0.0616284,-0.704416;
racing,killcuboid,0.5,-0.2,5,150,2135,-2257,-0.0616284,-0.704416,0.0616284,-0.704416;
racing,killcuboid,0.5,-0.2,5,150,2125,-2257,-0.0616284,-0.704416,0.0616284,-0.704416;
racing,killcuboid,0.5,-0.2,5,150,2115,-2257,-0.0616284,-0.704416,0.0616284,-0.704416;
racing,killcuboid,0.5,-0.2,5,150,2105,-2257,-0.0616284,-0.704416,0.0616284,-0.704416;

racing,killcuboid,0.5,0.2,5,200,2105,-2257,-0.0616284,0.704416,0.0616284,0.704416;
racing,killcuboid,0.5,0.2,5,200,2115,-2257,-0.0616284,0.704416,0.0616284,0.704416;
racing,killcuboid,0.5,0.2,5,200,2125,-2257,-0.0616284,0.704416,0.0616284,0.704416;
racing,killcuboid,0.5,0.2,5,200,2135,-2257,-0.0616284,0.704416,0.0616284,0.704416;
racing,killcuboid,0.5,0.2,5,200,2145,-2257,-0.0616284,0.704416,0.0616284,0.704416;

racing,killcuboid,0.5,-0.2,5,250,2145,-2257,-0.0616284,-0.704416,0.0616284,-0.704416;
racing,killcuboid,0.5,-0.2,5,250,2135,-2257,-0.0616284,-0.704416,0.0616284,-0.704416;
racing,killcuboid,0.5,-0.2,5,250,2125,-2257,-0.0616284,-0.704416,0.0616284,-0.704416;
racing,killcuboid,0.5,-0.2,5,250,2115,-2257,-0.0616284,-0.704416,0.0616284,-0.704416;
racing,killcuboid,0.5,-0.2,5,250,2105,-2257,-0.0616284,-0.704416,0.0616284,-0.704416;

racing,killcuboid,0.5,6,0.2,275,2125,-2257,0,0.7071068,0,0.7071068;
racing,killcuboid,0.5,6,0.2,325,2125,-2257,0,0.7071068,0,0.7071068;
racing,killcuboid,0.5,6,0.2,375,2125,-2257,0,0.7071068,0,0.7071068;
racing,killcuboid,0.5,6,0.2,425,2125,-2257,0,0.7071068,0,0.7071068;
racing,killcuboid,0.5,6,0.2,475,2125,-2257,0,0.7071068,0,0.7071068;


racing,killcuboid,0.5,0.2,5,300,2105,-2257,-0.0616284,0.704416,0.0616284,0.704416;
racing,killcuboid,0.5,0.2,5,300,2115,-2257,-0.0616284,0.704416,0.0616284,0.704416;
racing,killcuboid,0.5,0.2,5,300,2125,-2257,-0.0616284,0.704416,0.0616284,0.704416;
racing,killcuboid,0.5,0.2,5,300,2135,-2257,-0.0616284,0.704416,0.0616284,0.704416;
racing,killcuboid,0.5,0.2,5,300,2145,-2257,-0.0616284,0.704416,0.0616284,0.704416;

racing,killcuboid,0.5,-0.2,5,350,2145,-2257,-0.0616284,-0.704416,0.0616284,-0.704416;
racing,killcuboid,0.5,-0.2,5,350,2135,-2257,-0.0616284,-0.704416,0.0616284,-0.704416;
racing,killcuboid,0.5,-0.2,5,350,2125,-2257,-0.0616284,-0.704416,0.0616284,-0.704416;
racing,killcuboid,0.5,-0.2,5,350,2115,-2257,-0.0616284,-0.704416,0.0616284,-0.704416;
racing,killcuboid,0.5,-0.2,5,350,2105,-2257,-0.0616284,-0.704416,0.0616284,-0.704416;

racing,killcuboid,0.5,0.2,5,400,2105,-2257,-0.0616284,0.704416,0.0616284,0.704416;
racing,killcuboid,0.5,0.2,5,400,2115,-2257,-0.0616284,0.704416,0.0616284,0.704416;
racing,killcuboid,0.5,0.2,5,400,2125,-2257,-0.0616284,0.704416,0.0616284,0.704416;
racing,killcuboid,0.5,0.2,5,400,2135,-2257,-0.0616284,0.704416,0.0616284,0.704416;
racing,killcuboid,0.5,0.2,5,400,2145,-2257,-0.0616284,0.704416,0.0616284,0.704416;

racing,killcuboid,0.5,-0.2,5,450,2145,-2257,-0.0616284,-0.704416,0.0616284,-0.704416;
racing,killcuboid,0.5,-0.2,5,450,2135,-2257,-0.0616284,-0.704416,0.0616284,-0.704416;
racing,killcuboid,0.5,-0.2,5,450,2125,-2257,-0.0616284,-0.704416,0.0616284,-0.704416;
racing,killcuboid,0.5,-0.2,5,450,2115,-2257,-0.0616284,-0.704416,0.0616284,-0.704416;
racing,killcuboid,0.5,-0.2,5,450,2105,-2257,-0.0616284,-0.704416,0.0616284,-0.704416;




racing,killcuboid,0.5,6,0.2,-125,2175,-2257,0,0.7071068,0,0.7071068;
racing,killcuboid,0.5,6,0.2,-75,2175,-2257,0,0.7071068,0,0.7071068;
racing,killcuboid,0.5,6,0.2,-25,2175,-2257,0,0.7071068,0,0.7071068;
racing,killcuboid,0.5,6,0.2,25,2175,-2257,0,0.7071068,0,0.7071068;

racing,killcuboid,0.5,0.2,5,-100,2155,-2257,-0.0616284,0.704416,0.0616284,0.704416;
racing,killcuboid,0.5,0.2,5,-100,2165,-2257,-0.0616284,0.704416,0.0616284,0.704416;
racing,killcuboid,0.5,0.2,5,-100,2175,-2257,-0.0616284,0.704416,0.0616284,0.704416;
racing,killcuboid,0.5,0.2,5,-100,2185,-2257,-0.0616284,0.704416,0.0616284,0.704416;
racing,killcuboid,0.5,0.2,5,-100,2195,-2257,-0.0616284,0.704416,0.0616284,0.704416;

racing,killcuboid,0.5,-0.2,5,-50,2195,-2257,-0.0616284,-0.704416,0.0616284,-0.704416;
racing,killcuboid,0.5,-0.2,5,-50,2185,-2257,-0.0616284,-0.704416,0.0616284,-0.704416;
racing,killcuboid,0.5,-0.2,5,-50,2175,-2257,-0.0616284,-0.704416,0.0616284,-0.704416;
racing,killcuboid,0.5,-0.2,5,-50,2165,-2257,-0.0616284,-0.704416,0.0616284,-0.704416;
racing,killcuboid,0.5,-0.2,5,-50,2155,-2257,-0.0616284,-0.704416,0.0616284,-0.704416;

racing,killcuboid,0.5,0.2,5,0,2155,-2257,-0.0616284,0.704416,0.0616284,0.704416;
racing,killcuboid,0.5,0.2,5,0,2165,-2257,-0.0616284,0.704416,0.0616284,0.704416;
racing,killcuboid,0.5,0.2,5,0,2175,-2257,-0.0616284,0.704416,0.0616284,0.704416;
racing,killcuboid,0.5,0.2,5,0,2185,-2257,-0.0616284,0.704416,0.0616284,0.704416;
racing,killcuboid,0.5,0.2,5,0,2195,-2257,-0.0616284,0.704416,0.0616284,0.704416;

racing,killcuboid,0.5,-0.2,5,50,2195,-2257,-0.0616284,-0.704416,0.0616284,-0.704416;
racing,killcuboid,0.5,-0.2,5,50,2185,-2257,-0.0616284,-0.704416,0.0616284,-0.704416;
racing,killcuboid,0.5,-0.2,5,50,2175,-2257,-0.0616284,-0.704416,0.0616284,-0.704416;
racing,killcuboid,0.5,-0.2,5,50,2165,-2257,-0.0616284,-0.704416,0.0616284,-0.704416;
racing,killcuboid,0.5,-0.2,5,50,2155,-2257,-0.0616284,-0.704416,0.0616284,-0.704416;

racing,killcuboid,0.5,6,0.2,75,2175,-2257,0,0.7071068,0,0.7071068;
racing,killcuboid,0.5,6,0.2,125,2175,-2257,0,0.7071068,0,0.7071068;
racing,killcuboid,0.5,6,0.2,175,2175,-2257,0,0.7071068,0,0.7071068;
racing,killcuboid,0.5,6,0.2,225,2175,-2257,0,0.7071068,0,0.7071068;

racing,killcuboid,0.5,0.2,5,100,2155,-2257,-0.0616284,0.704416,0.0616284,0.704416;
racing,killcuboid,0.5,0.2,5,100,2165,-2257,-0.0616284,0.704416,0.0616284,0.704416;
racing,killcuboid,0.5,0.2,5,100,2175,-2257,-0.0616284,0.704416,0.0616284,0.704416;
racing,killcuboid,0.5,0.2,5,100,2185,-2257,-0.0616284,0.704416,0.0616284,0.704416;
racing,killcuboid,0.5,0.2,5,100,2195,-2257,-0.0616284,0.704416,0.0616284,0.704416;

racing,killcuboid,0.5,-0.2,5,150,2195,-2257,-0.0616284,-0.704416,0.0616284,-0.704416;
racing,killcuboid,0.5,-0.2,5,150,2185,-2257,-0.0616284,-0.704416,0.0616284,-0.704416;
racing,killcuboid,0.5,-0.2,5,150,2175,-2257,-0.0616284,-0.704416,0.0616284,-0.704416;
racing,killcuboid,0.5,-0.2,5,150,2165,-2257,-0.0616284,-0.704416,0.0616284,-0.704416;
racing,killcuboid,0.5,-0.2,5,150,2155,-2257,-0.0616284,-0.704416,0.0616284,-0.704416;

racing,killcuboid,0.5,0.2,5,200,2155,-2257,-0.0616284,0.704416,0.0616284,0.704416;
racing,killcuboid,0.5,0.2,5,200,2165,-2257,-0.0616284,0.704416,0.0616284,0.704416;
racing,killcuboid,0.5,0.2,5,200,2175,-2257,-0.0616284,0.704416,0.0616284,0.704416;
racing,killcuboid,0.5,0.2,5,200,2185,-2257,-0.0616284,0.704416,0.0616284,0.704416;
racing,killcuboid,0.5,0.2,5,200,2195,-2257,-0.0616284,0.704416,0.0616284,0.704416;

racing,killcuboid,0.5,-0.2,5,250,2195,-2257,-0.0616284,-0.704416,0.0616284,-0.704416;
racing,killcuboid,0.5,-0.2,5,250,2185,-2257,-0.0616284,-0.704416,0.0616284,-0.704416;
racing,killcuboid,0.5,-0.2,5,250,2175,-2257,-0.0616284,-0.704416,0.0616284,-0.704416;
racing,killcuboid,0.5,-0.2,5,250,2165,-2257,-0.0616284,-0.704416,0.0616284,-0.704416;
racing,killcuboid,0.5,-0.2,5,250,2155,-2257,-0.0616284,-0.704416,0.0616284,-0.704416;

racing,killcuboid,0.5,6,0.2,275,2175,-2257,0,0.7071068,0,0.7071068;
racing,killcuboid,0.5,6,0.2,325,2175,-2257,0,0.7071068,0,0.7071068;
racing,killcuboid,0.5,6,0.2,375,2175,-2257,0,0.7071068,0,0.7071068;
racing,killcuboid,0.5,6,0.2,425,2175,-2257,0,0.7071068,0,0.7071068;
racing,killcuboid,0.5,6,0.2,475,2175,-2257,0,0.7071068,0,0.7071068;


racing,killcuboid,0.5,0.2,5,300,2155,-2257,-0.0616284,0.704416,0.0616284,0.704416;
racing,killcuboid,0.5,0.2,5,300,2165,-2257,-0.0616284,0.704416,0.0616284,0.704416;
racing,killcuboid,0.5,0.2,5,300,2175,-2257,-0.0616284,0.704416,0.0616284,0.704416;
racing,killcuboid,0.5,0.2,5,300,2185,-2257,-0.0616284,0.704416,0.0616284,0.704416;
racing,killcuboid,0.5,0.2,5,300,2195,-2257,-0.0616284,0.704416,0.0616284,0.704416;

racing,killcuboid,0.5,-0.2,5,350,2195,-2257,-0.0616284,-0.704416,0.0616284,-0.704416;
racing,killcuboid,0.5,-0.2,5,350,2185,-2257,-0.0616284,-0.704416,0.0616284,-0.704416;
racing,killcuboid,0.5,-0.2,5,350,2175,-2257,-0.0616284,-0.704416,0.0616284,-0.704416;
racing,killcuboid,0.5,-0.2,5,350,2165,-2257,-0.0616284,-0.704416,0.0616284,-0.704416;
racing,killcuboid,0.5,-0.2,5,350,2155,-2257,-0.0616284,-0.704416,0.0616284,-0.704416;

racing,killcuboid,0.5,0.2,5,400,2155,-2257,-0.0616284,0.704416,0.0616284,0.704416;
racing,killcuboid,0.5,0.2,5,400,2165,-2257,-0.0616284,0.704416,0.0616284,0.704416;
racing,killcuboid,0.5,0.2,5,400,2175,-2257,-0.0616284,0.704416,0.0616284,0.704416;
racing,killcuboid,0.5,0.2,5,400,2185,-2257,-0.0616284,0.704416,0.0616284,0.704416;
racing,killcuboid,0.5,0.2,5,400,2195,-2257,-0.0616284,0.704416,0.0616284,0.704416;

racing,killcuboid,0.5,-0.2,5,450,2195,-2257,-0.0616284,-0.704416,0.0616284,-0.704416;
racing,killcuboid,0.5,-0.2,5,450,2185,-2257,-0.0616284,-0.704416,0.0616284,-0.704416;
racing,killcuboid,0.5,-0.2,5,450,2175,-2257,-0.0616284,-0.704416,0.0616284,-0.704416;
racing,killcuboid,0.5,-0.2,5,450,2165,-2257,-0.0616284,-0.704416,0.0616284,-0.704416;
racing,killcuboid,0.5,-0.2,5,450,2155,-2257,-0.0616284,-0.704416,0.0616284,-0.704416;





racing,killcuboid,0.5,6,0.2,-125,2125,-2369,0,0.7071068,0,0.7071068;
racing,killcuboid,0.5,6,0.2,-75,2125,-2369,0,0.7071068,0,0.7071068;
racing,killcuboid,0.5,6,0.2,-25,2125,-2369,0,0.7071068,0,0.7071068;
racing,killcuboid,0.5,6,0.2,25,2125,-2369,0,0.7071068,0,0.7071068;

racing,killcuboid,0.5,0.2,5,-100,2105,-2369,-0.0616284,0.704416,0.0616284,0.704416;
racing,killcuboid,0.5,0.2,5,-100,2115,-2369,-0.0616284,0.704416,0.0616284,0.704416;
racing,killcuboid,0.5,0.2,5,-100,2125,-2369,-0.0616284,0.704416,0.0616284,0.704416;
racing,killcuboid,0.5,0.2,5,-100,2135,-2369,-0.0616284,0.704416,0.0616284,0.704416;
racing,killcuboid,0.5,0.2,5,-100,2145,-2369,-0.0616284,0.704416,0.0616284,0.704416;

racing,killcuboid,0.5,-0.2,5,-50,2145,-2369,-0.0616284,-0.704416,0.0616284,-0.704416;
racing,killcuboid,0.5,-0.2,5,-50,2135,-2369,-0.0616284,-0.704416,0.0616284,-0.704416;
racing,killcuboid,0.5,-0.2,5,-50,2125,-2369,-0.0616284,-0.704416,0.0616284,-0.704416;
racing,killcuboid,0.5,-0.2,5,-50,2115,-2369,-0.0616284,-0.704416,0.0616284,-0.704416;
racing,killcuboid,0.5,-0.2,5,-50,2105,-2369,-0.0616284,-0.704416,0.0616284,-0.704416;

racing,killcuboid,0.5,0.2,5,0,2105,-2369,-0.0616284,0.704416,0.0616284,0.704416;
racing,killcuboid,0.5,0.2,5,0,2115,-2369,-0.0616284,0.704416,0.0616284,0.704416;
racing,killcuboid,0.5,0.2,5,0,2125,-2369,-0.0616284,0.704416,0.0616284,0.704416;
racing,killcuboid,0.5,0.2,5,0,2135,-2369,-0.0616284,0.704416,0.0616284,0.704416;
racing,killcuboid,0.5,0.2,5,0,2145,-2369,-0.0616284,0.704416,0.0616284,0.704416;

racing,killcuboid,0.5,-0.2,5,50,2145,-2369,-0.0616284,-0.704416,0.0616284,-0.704416;
racing,killcuboid,0.5,-0.2,5,50,2135,-2369,-0.0616284,-0.704416,0.0616284,-0.704416;
racing,killcuboid,0.5,-0.2,5,50,2125,-2369,-0.0616284,-0.704416,0.0616284,-0.704416;
racing,killcuboid,0.5,-0.2,5,50,2115,-2369,-0.0616284,-0.704416,0.0616284,-0.704416;
racing,killcuboid,0.5,-0.2,5,50,2105,-2369,-0.0616284,-0.704416,0.0616284,-0.704416;

racing,killcuboid,0.5,6,0.2,75,2125,-2369,0,0.7071068,0,0.7071068;
racing,killcuboid,0.5,6,0.2,125,2125,-2369,0,0.7071068,0,0.7071068;
racing,killcuboid,0.5,6,0.2,175,2125,-2369,0,0.7071068,0,0.7071068;
racing,killcuboid,0.5,6,0.2,225,2125,-2369,0,0.7071068,0,0.7071068;

racing,killcuboid,0.5,0.2,5,100,2105,-2369,-0.0616284,0.704416,0.0616284,0.704416;
racing,killcuboid,0.5,0.2,5,100,2115,-2369,-0.0616284,0.704416,0.0616284,0.704416;
racing,killcuboid,0.5,0.2,5,100,2125,-2369,-0.0616284,0.704416,0.0616284,0.704416;
racing,killcuboid,0.5,0.2,5,100,2135,-2369,-0.0616284,0.704416,0.0616284,0.704416;
racing,killcuboid,0.5,0.2,5,100,2145,-2369,-0.0616284,0.704416,0.0616284,0.704416;

racing,killcuboid,0.5,-0.2,5,150,2145,-2369,-0.0616284,-0.704416,0.0616284,-0.704416;
racing,killcuboid,0.5,-0.2,5,150,2135,-2369,-0.0616284,-0.704416,0.0616284,-0.704416;
racing,killcuboid,0.5,-0.2,5,150,2125,-2369,-0.0616284,-0.704416,0.0616284,-0.704416;
racing,killcuboid,0.5,-0.2,5,150,2115,-2369,-0.0616284,-0.704416,0.0616284,-0.704416;
racing,killcuboid,0.5,-0.2,5,150,2105,-2369,-0.0616284,-0.704416,0.0616284,-0.704416;

racing,killcuboid,0.5,0.2,5,200,2105,-2369,-0.0616284,0.704416,0.0616284,0.704416;
racing,killcuboid,0.5,0.2,5,200,2115,-2369,-0.0616284,0.704416,0.0616284,0.704416;
racing,killcuboid,0.5,0.2,5,200,2125,-2369,-0.0616284,0.704416,0.0616284,0.704416;
racing,killcuboid,0.5,0.2,5,200,2135,-2369,-0.0616284,0.704416,0.0616284,0.704416;
racing,killcuboid,0.5,0.2,5,200,2145,-2369,-0.0616284,0.704416,0.0616284,0.704416;

racing,killcuboid,0.5,-0.2,5,250,2145,-2369,-0.0616284,-0.704416,0.0616284,-0.704416;
racing,killcuboid,0.5,-0.2,5,250,2135,-2369,-0.0616284,-0.704416,0.0616284,-0.704416;
racing,killcuboid,0.5,-0.2,5,250,2125,-2369,-0.0616284,-0.704416,0.0616284,-0.704416;
racing,killcuboid,0.5,-0.2,5,250,2115,-2369,-0.0616284,-0.704416,0.0616284,-0.704416;
racing,killcuboid,0.5,-0.2,5,250,2105,-2369,-0.0616284,-0.704416,0.0616284,-0.704416;

racing,killcuboid,0.5,6,0.2,275,2125,-2369,0,0.7071068,0,0.7071068;
racing,killcuboid,0.5,6,0.2,325,2125,-2369,0,0.7071068,0,0.7071068;
racing,killcuboid,0.5,6,0.2,375,2125,-2369,0,0.7071068,0,0.7071068;
racing,killcuboid,0.5,6,0.2,425,2125,-2369,0,0.7071068,0,0.7071068;
racing,killcuboid,0.5,6,0.2,475,2125,-2369,0,0.7071068,0,0.7071068;


racing,killcuboid,0.5,0.2,5,300,2105,-2369,-0.0616284,0.704416,0.0616284,0.704416;
racing,killcuboid,0.5,0.2,5,300,2115,-2369,-0.0616284,0.704416,0.0616284,0.704416;
racing,killcuboid,0.5,0.2,5,300,2125,-2369,-0.0616284,0.704416,0.0616284,0.704416;
racing,killcuboid,0.5,0.2,5,300,2135,-2369,-0.0616284,0.704416,0.0616284,0.704416;
racing,killcuboid,0.5,0.2,5,300,2145,-2369,-0.0616284,0.704416,0.0616284,0.704416;

racing,killcuboid,0.5,-0.2,5,350,2145,-2369,-0.0616284,-0.704416,0.0616284,-0.704416;
racing,killcuboid,0.5,-0.2,5,350,2135,-2369,-0.0616284,-0.704416,0.0616284,-0.704416;
racing,killcuboid,0.5,-0.2,5,350,2125,-2369,-0.0616284,-0.704416,0.0616284,-0.704416;
racing,killcuboid,0.5,-0.2,5,350,2115,-2369,-0.0616284,-0.704416,0.0616284,-0.704416;
racing,killcuboid,0.5,-0.2,5,350,2105,-2369,-0.0616284,-0.704416,0.0616284,-0.704416;

racing,killcuboid,0.5,0.2,5,400,2105,-2369,-0.0616284,0.704416,0.0616284,0.704416;
racing,killcuboid,0.5,0.2,5,400,2115,-2369,-0.0616284,0.704416,0.0616284,0.704416;
racing,killcuboid,0.5,0.2,5,400,2125,-2369,-0.0616284,0.704416,0.0616284,0.704416;
racing,killcuboid,0.5,0.2,5,400,2135,-2369,-0.0616284,0.704416,0.0616284,0.704416;
racing,killcuboid,0.5,0.2,5,400,2145,-2369,-0.0616284,0.704416,0.0616284,0.704416;

racing,killcuboid,0.5,-0.2,5,450,2145,-2369,-0.0616284,-0.704416,0.0616284,-0.704416;
racing,killcuboid,0.5,-0.2,5,450,2135,-2369,-0.0616284,-0.704416,0.0616284,-0.704416;
racing,killcuboid,0.5,-0.2,5,450,2125,-2369,-0.0616284,-0.704416,0.0616284,-0.704416;
racing,killcuboid,0.5,-0.2,5,450,2115,-2369,-0.0616284,-0.704416,0.0616284,-0.704416;
racing,killcuboid,0.5,-0.2,5,450,2105,-2369,-0.0616284,-0.704416,0.0616284,-0.704416;




racing,killcuboid,0.5,6,0.2,-125,2175,-2369,0,0.7071068,0,0.7071068;
racing,killcuboid,0.5,6,0.2,-75,2175,-2369,0,0.7071068,0,0.7071068;
racing,killcuboid,0.5,6,0.2,-25,2175,-2369,0,0.7071068,0,0.7071068;
racing,killcuboid,0.5,6,0.2,25,2175,-2369,0,0.7071068,0,0.7071068;

racing,killcuboid,0.5,0.2,5,-100,2155,-2369,-0.0616284,0.704416,0.0616284,0.704416;
racing,killcuboid,0.5,0.2,5,-100,2165,-2369,-0.0616284,0.704416,0.0616284,0.704416;
racing,killcuboid,0.5,0.2,5,-100,2175,-2369,-0.0616284,0.704416,0.0616284,0.704416;
racing,killcuboid,0.5,0.2,5,-100,2185,-2369,-0.0616284,0.704416,0.0616284,0.704416;
racing,killcuboid,0.5,0.2,5,-100,2195,-2369,-0.0616284,0.704416,0.0616284,0.704416;

racing,killcuboid,0.5,-0.2,5,-50,2195,-2369,-0.0616284,-0.704416,0.0616284,-0.704416;
racing,killcuboid,0.5,-0.2,5,-50,2185,-2369,-0.0616284,-0.704416,0.0616284,-0.704416;
racing,killcuboid,0.5,-0.2,5,-50,2175,-2369,-0.0616284,-0.704416,0.0616284,-0.704416;
racing,killcuboid,0.5,-0.2,5,-50,2165,-2369,-0.0616284,-0.704416,0.0616284,-0.704416;
racing,killcuboid,0.5,-0.2,5,-50,2155,-2369,-0.0616284,-0.704416,0.0616284,-0.704416;

racing,killcuboid,0.5,0.2,5,0,2155,-2369,-0.0616284,0.704416,0.0616284,0.704416;
racing,killcuboid,0.5,0.2,5,0,2165,-2369,-0.0616284,0.704416,0.0616284,0.704416;
racing,killcuboid,0.5,0.2,5,0,2175,-2369,-0.0616284,0.704416,0.0616284,0.704416;
racing,killcuboid,0.5,0.2,5,0,2185,-2369,-0.0616284,0.704416,0.0616284,0.704416;
racing,killcuboid,0.5,0.2,5,0,2195,-2369,-0.0616284,0.704416,0.0616284,0.704416;

racing,killcuboid,0.5,-0.2,5,50,2195,-2369,-0.0616284,-0.704416,0.0616284,-0.704416;
racing,killcuboid,0.5,-0.2,5,50,2185,-2369,-0.0616284,-0.704416,0.0616284,-0.704416;
racing,killcuboid,0.5,-0.2,5,50,2175,-2369,-0.0616284,-0.704416,0.0616284,-0.704416;
racing,killcuboid,0.5,-0.2,5,50,2165,-2369,-0.0616284,-0.704416,0.0616284,-0.704416;
racing,killcuboid,0.5,-0.2,5,50,2155,-2369,-0.0616284,-0.704416,0.0616284,-0.704416;

racing,killcuboid,0.5,6,0.2,75,2175,-2369,0,0.7071068,0,0.7071068;
racing,killcuboid,0.5,6,0.2,125,2175,-2369,0,0.7071068,0,0.7071068;
racing,killcuboid,0.5,6,0.2,175,2175,-2369,0,0.7071068,0,0.7071068;
racing,killcuboid,0.5,6,0.2,225,2175,-2369,0,0.7071068,0,0.7071068;

racing,killcuboid,0.5,0.2,5,100,2155,-2369,-0.0616284,0.704416,0.0616284,0.704416;
racing,killcuboid,0.5,0.2,5,100,2165,-2369,-0.0616284,0.704416,0.0616284,0.704416;
racing,killcuboid,0.5,0.2,5,100,2175,-2369,-0.0616284,0.704416,0.0616284,0.704416;
racing,killcuboid,0.5,0.2,5,100,2185,-2369,-0.0616284,0.704416,0.0616284,0.704416;
racing,killcuboid,0.5,0.2,5,100,2195,-2369,-0.0616284,0.704416,0.0616284,0.704416;

racing,killcuboid,0.5,-0.2,5,150,2195,-2369,-0.0616284,-0.704416,0.0616284,-0.704416;
racing,killcuboid,0.5,-0.2,5,150,2185,-2369,-0.0616284,-0.704416,0.0616284,-0.704416;
racing,killcuboid,0.5,-0.2,5,150,2175,-2369,-0.0616284,-0.704416,0.0616284,-0.704416;
racing,killcuboid,0.5,-0.2,5,150,2165,-2369,-0.0616284,-0.704416,0.0616284,-0.704416;
racing,killcuboid,0.5,-0.2,5,150,2155,-2369,-0.0616284,-0.704416,0.0616284,-0.704416;

racing,killcuboid,0.5,0.2,5,200,2155,-2369,-0.0616284,0.704416,0.0616284,0.704416;
racing,killcuboid,0.5,0.2,5,200,2165,-2369,-0.0616284,0.704416,0.0616284,0.704416;
racing,killcuboid,0.5,0.2,5,200,2175,-2369,-0.0616284,0.704416,0.0616284,0.704416;
racing,killcuboid,0.5,0.2,5,200,2185,-2369,-0.0616284,0.704416,0.0616284,0.704416;
racing,killcuboid,0.5,0.2,5,200,2195,-2369,-0.0616284,0.704416,0.0616284,0.704416;

racing,killcuboid,0.5,-0.2,5,250,2195,-2369,-0.0616284,-0.704416,0.0616284,-0.704416;
racing,killcuboid,0.5,-0.2,5,250,2185,-2369,-0.0616284,-0.704416,0.0616284,-0.704416;
racing,killcuboid,0.5,-0.2,5,250,2175,-2369,-0.0616284,-0.704416,0.0616284,-0.704416;
racing,killcuboid,0.5,-0.2,5,250,2165,-2369,-0.0616284,-0.704416,0.0616284,-0.704416;
racing,killcuboid,0.5,-0.2,5,250,2155,-2369,-0.0616284,-0.704416,0.0616284,-0.704416;

racing,killcuboid,0.5,6,0.2,275,2175,-2369,0,0.7071068,0,0.7071068;
racing,killcuboid,0.5,6,0.2,325,2175,-2369,0,0.7071068,0,0.7071068;
racing,killcuboid,0.5,6,0.2,375,2175,-2369,0,0.7071068,0,0.7071068;
racing,killcuboid,0.5,6,0.2,425,2175,-2369,0,0.7071068,0,0.7071068;
racing,killcuboid,0.5,6,0.2,475,2175,-2369,0,0.7071068,0,0.7071068;


racing,killcuboid,0.5,0.2,5,300,2155,-2369,-0.0616284,0.704416,0.0616284,0.704416;
racing,killcuboid,0.5,0.2,5,300,2165,-2369,-0.0616284,0.704416,0.0616284,0.704416;
racing,killcuboid,0.5,0.2,5,300,2175,-2369,-0.0616284,0.704416,0.0616284,0.704416;
racing,killcuboid,0.5,0.2,5,300,2185,-2369,-0.0616284,0.704416,0.0616284,0.704416;
racing,killcuboid,0.5,0.2,5,300,2195,-2369,-0.0616284,0.704416,0.0616284,0.704416;

racing,killcuboid,0.5,-0.2,5,350,2195,-2369,-0.0616284,-0.704416,0.0616284,-0.704416;
racing,killcuboid,0.5,-0.2,5,350,2185,-2369,-0.0616284,-0.704416,0.0616284,-0.704416;
racing,killcuboid,0.5,-0.2,5,350,2175,-2369,-0.0616284,-0.704416,0.0616284,-0.704416;
racing,killcuboid,0.5,-0.2,5,350,2165,-2369,-0.0616284,-0.704416,0.0616284,-0.704416;
racing,killcuboid,0.5,-0.2,5,350,2155,-2369,-0.0616284,-0.704416,0.0616284,-0.704416;

racing,killcuboid,0.5,0.2,5,400,2155,-2369,-0.0616284,0.704416,0.0616284,0.704416;
racing,killcuboid,0.5,0.2,5,400,2165,-2369,-0.0616284,0.704416,0.0616284,0.704416;
racing,killcuboid,0.5,0.2,5,400,2175,-2369,-0.0616284,0.704416,0.0616284,0.704416;
racing,killcuboid,0.5,0.2,5,400,2185,-2369,-0.0616284,0.704416,0.0616284,0.704416;
racing,killcuboid,0.5,0.2,5,400,2195,-2369,-0.0616284,0.704416,0.0616284,0.704416;

racing,killcuboid,0.5,-0.2,5,450,2195,-2369,-0.0616284,-0.704416,0.0616284,-0.704416;
racing,killcuboid,0.5,-0.2,5,450,2185,-2369,-0.0616284,-0.704416,0.0616284,-0.704416;
racing,killcuboid,0.5,-0.2,5,450,2175,-2369,-0.0616284,-0.704416,0.0616284,-0.704416;
racing,killcuboid,0.5,-0.2,5,450,2165,-2369,-0.0616284,-0.704416,0.0616284,-0.704416;
racing,killcuboid,0.5,-0.2,5,450,2155,-2369,-0.0616284,-0.704416,0.0616284,-0.704416;


custom,cuboid,pillar2tex,2,12,2,0,1,1,1,0.2,1.2,-105,2150,-2240,0,0.414,0,1;
custom,cuboid,pillar2tex,2,12,2,0,1,1,1,0.2,1.2,495,2150,-2240,0,0.414,0,1;

custom,cuboid,pillar2tex,2,5.5,2,0,1,1,1,0.2,1.2,-80,2117.5,-2240,0,0.414,0,1;
custom,cuboid,pillar2tex,2,5.5,2,0,1,1,1,0.2,1.2,-80,2182.5,-2240,0,0.414,0,1;
custom,cuboid,pillar2tex,2,5.5,2,0,1,1,1,0.2,1.2,-55,2117.5,-2240,0,0.414,0,1;
custom,cuboid,pillar2tex,2,5.5,2,0,1,1,1,0.2,1.2,-55,2182.5,-2240,0,0.414,0,1;
custom,cuboid,pillar2tex,2,5.5,2,0,1,1,1,0.2,1.2,-30,2117.5,-2240,0,0.414,0,1;
custom,cuboid,pillar2tex,2,5.5,2,0,1,1,1,0.2,1.2,-30,2182.5,-2240,0,0.414,0,1;

custom,cuboid,pillar2tex,2,5,2,0,1,1,1,0.2,1.2,-5,2115,-2240,0,0.414,0,1;
custom,cuboid,pillar2tex,2,5,2,0,1,1,1,0.2,1.2,-5,2185,-2240,0,0.414,0,1;
custom,cuboid,pillar2tex,2,5,2,0,1,1,1,0.2,1.2,20,2115,-2240,0,0.414,0,1;
custom,cuboid,pillar2tex,2,5,2,0,1,1,1,0.2,1.2,20,2185,-2240,0,0.414,0,1;
custom,cuboid,pillar2tex,2,5,2,0,1,1,1,0.2,1.2,45,2115,-2240,0,0.414,0,1;
custom,cuboid,pillar2tex,2,5,2,0,1,1,1,0.2,1.2,45,2185,-2240,0,0.414,0,1;

custom,cuboid,pillar2tex,2,4.5,2,0,1,1,1,0.2,1.2,70,2112.5,-2240,0,0.414,0,1;
custom,cuboid,pillar2tex,2,4.5,2,0,1,1,1,0.2,1.2,70,2187.5,-2240,0,0.414,0,1;
custom,cuboid,pillar2tex,2,4.5,2,0,1,1,1,0.2,1.2,95,2112.5,-2240,0,0.414,0,1;
custom,cuboid,pillar2tex,2,4.5,2,0,1,1,1,0.2,1.2,95,2187.5,-2240,0,0.414,0,1;

custom,cuboid,pillar2tex,2,4,2,0,1,1,1,0.2,1.2,120,2110,-2240,0,0.414,0,1;
custom,cuboid,pillar2tex,2,4,2,0,1,1,1,0.2,1.2,120,2190,-2240,0,0.414,0,1;
custom,cuboid,pillar2tex,2,4,2,0,1,1,1,0.2,1.2,145,2110,-2240,0,0.414,0,1;
custom,cuboid,pillar2tex,2,4,2,0,1,1,1,0.2,1.2,145,2190,-2240,0,0.414,0,1;

custom,cuboid,pillar2tex,2,3.5,2,0,1,1,1,0.2,1.2,170,2107.5,-2240,0,0.414,0,1;
custom,cuboid,pillar2tex,2,3.5,2,0,1,1,1,0.2,1.2,170,2192.5,-2240,0,0.414,0,1;
custom,cuboid,pillar2tex,2,3.5,2,0,1,1,1,0.2,1.2,195,2107.5,-2240,0,0.414,0,1;
custom,cuboid,pillar2tex,2,3.5,2,0,1,1,1,0.2,1.2,195,2192.5,-2240,0,0.414,0,1;
custom,cuboid,pillar2tex,2,3.5,2,0,1,1,1,0.2,1.2,220,2107.5,-2240,0,0.414,0,1;
custom,cuboid,pillar2tex,2,3.5,2,0,1,1,1,0.2,1.2,220,2192.5,-2240,0,0.414,0,1;

custom,cuboid,pillar2tex,2,4,2,0,1,1,1,0.2,1.2,245,2110,-2240,0,0.414,0,1;
custom,cuboid,pillar2tex,2,4,2,0,1,1,1,0.2,1.2,245,2190,-2240,0,0.414,0,1;
custom,cuboid,pillar2tex,2,4,2,0,1,1,1,0.2,1.2,270,2110,-2240,0,0.414,0,1;
custom,cuboid,pillar2tex,2,4,2,0,1,1,1,0.2,1.2,270,2190,-2240,0,0.414,0,1;

custom,cuboid,pillar2tex,2,4.5,2,0,1,1,1,0.2,1.2,295,2112.5,-2240,0,0.414,0,1;
custom,cuboid,pillar2tex,2,4.5,2,0,1,1,1,0.2,1.2,295,2187.5,-2240,0,0.414,0,1;
custom,cuboid,pillar2tex,2,4.5,2,0,1,1,1,0.2,1.2,320,2112.5,-2240,0,0.414,0,1;
custom,cuboid,pillar2tex,2,4.5,2,0,1,1,1,0.2,1.2,320,2187.5,-2240,0,0.414,0,1;

custom,cuboid,pillar2tex,2,5,2,0,1,1,1,0.2,1.2,345,2115,-2240,0,0.414,0,1;
custom,cuboid,pillar2tex,2,5,2,0,1,1,1,0.2,1.2,345,2185,-2240,0,0.414,0,1;
custom,cuboid,pillar2tex,2,5,2,0,1,1,1,0.2,1.2,370,2115,-2240,0,0.414,0,1;
custom,cuboid,pillar2tex,2,5,2,0,1,1,1,0.2,1.2,370,2185,-2240,0,0.414,0,1;
custom,cuboid,pillar2tex,2,5,2,0,1,1,1,0.2,1.2,395,2115,-2240,0,0.414,0,1;
custom,cuboid,pillar2tex,2,5,2,0,1,1,1,0.2,1.2,395,2185,-2240,0,0.414,0,1;

custom,cuboid,pillar2tex,2,5.5,2,0,1,1,1,0.2,1.2,420,2117.5,-2240,0,0.414,0,1;
custom,cuboid,pillar2tex,2,5.5,2,0,1,1,1,0.2,1.2,420,2182.5,-2240,0,0.414,0,1;
custom,cuboid,pillar2tex,2,5.5,2,0,1,1,1,0.2,1.2,445,2117.5,-2240,0,0.414,0,1;
custom,cuboid,pillar2tex,2,5.5,2,0,1,1,1,0.2,1.2,445,2182.5,-2240,0,0.414,0,1;
custom,cuboid,pillar2tex,2,5.5,2,0,1,1,1,0.2,1.2,470,2117.5,-2240,0,0.414,0,1;
custom,cuboid,pillar2tex,2,5.5,2,0,1,1,1,0.2,1.2,470,2182.5,-2240,0,0.414,0,1;



custom,cuboid,pillar2tex,2,12,2,0,1,1,1,0.2,1.2,-105,2150,-2135,0,0.414,0,1;
custom,cuboid,pillar2tex,2,12,2,0,1,1,1,0.2,1.2,495,2150,-2135,0,0.414,0,1;

custom,cuboid,pillar2tex,2,5.5,2,0,1,1,1,0.2,1.2,-80,2117.5,-2135,0,0.414,0,1;
custom,cuboid,pillar2tex,2,5.5,2,0,1,1,1,0.2,1.2,-80,2182.5,-2135,0,0.414,0,1;
custom,cuboid,pillar2tex,2,5.5,2,0,1,1,1,0.2,1.2,-55,2117.5,-2135,0,0.414,0,1;
custom,cuboid,pillar2tex,2,5.5,2,0,1,1,1,0.2,1.2,-55,2182.5,-2135,0,0.414,0,1;
custom,cuboid,pillar2tex,2,5.5,2,0,1,1,1,0.2,1.2,-30,2117.5,-2135,0,0.414,0,1;
custom,cuboid,pillar2tex,2,5.5,2,0,1,1,1,0.2,1.2,-30,2182.5,-2135,0,0.414,0,1;

custom,cuboid,pillar2tex,2,5,2,0,1,1,1,0.2,1.2,-5,2115,-2135,0,0.414,0,1;
custom,cuboid,pillar2tex,2,5,2,0,1,1,1,0.2,1.2,-5,2185,-2135,0,0.414,0,1;
custom,cuboid,pillar2tex,2,5,2,0,1,1,1,0.2,1.2,20,2115,-2135,0,0.414,0,1;
custom,cuboid,pillar2tex,2,5,2,0,1,1,1,0.2,1.2,20,2185,-2135,0,0.414,0,1;
custom,cuboid,pillar2tex,2,5,2,0,1,1,1,0.2,1.2,45,2115,-2135,0,0.414,0,1;
custom,cuboid,pillar2tex,2,5,2,0,1,1,1,0.2,1.2,45,2185,-2135,0,0.414,0,1;

custom,cuboid,pillar2tex,2,4.5,2,0,1,1,1,0.2,1.2,70,2112.5,-2135,0,0.414,0,1;
custom,cuboid,pillar2tex,2,4.5,2,0,1,1,1,0.2,1.2,70,2187.5,-2135,0,0.414,0,1;
custom,cuboid,pillar2tex,2,4.5,2,0,1,1,1,0.2,1.2,95,2112.5,-2135,0,0.414,0,1;
custom,cuboid,pillar2tex,2,4.5,2,0,1,1,1,0.2,1.2,95,2187.5,-2135,0,0.414,0,1;

custom,cuboid,pillar2tex,2,4,2,0,1,1,1,0.2,1.2,120,2110,-2135,0,0.414,0,1;
custom,cuboid,pillar2tex,2,4,2,0,1,1,1,0.2,1.2,120,2190,-2135,0,0.414,0,1;
custom,cuboid,pillar2tex,2,4,2,0,1,1,1,0.2,1.2,145,2110,-2135,0,0.414,0,1;
custom,cuboid,pillar2tex,2,4,2,0,1,1,1,0.2,1.2,145,2190,-2135,0,0.414,0,1;

custom,cuboid,pillar2tex,2,3.5,2,0,1,1,1,0.2,1.2,170,2107.5,-2135,0,0.414,0,1;
custom,cuboid,pillar2tex,2,3.5,2,0,1,1,1,0.2,1.2,170,2192.5,-2135,0,0.414,0,1;
custom,cuboid,pillar2tex,2,3.5,2,0,1,1,1,0.2,1.2,195,2107.5,-2135,0,0.414,0,1;
custom,cuboid,pillar2tex,2,3.5,2,0,1,1,1,0.2,1.2,195,2192.5,-2135,0,0.414,0,1;
custom,cuboid,pillar2tex,2,3.5,2,0,1,1,1,0.2,1.2,220,2107.5,-2135,0,0.414,0,1;
custom,cuboid,pillar2tex,2,3.5,2,0,1,1,1,0.2,1.2,220,2192.5,-2135,0,0.414,0,1;

custom,cuboid,pillar2tex,2,4,2,0,1,1,1,0.2,1.2,245,2110,-2135,0,0.414,0,1;
custom,cuboid,pillar2tex,2,4,2,0,1,1,1,0.2,1.2,245,2190,-2135,0,0.414,0,1;
custom,cuboid,pillar2tex,2,4,2,0,1,1,1,0.2,1.2,270,2110,-2135,0,0.414,0,1;
custom,cuboid,pillar2tex,2,4,2,0,1,1,1,0.2,1.2,270,2190,-2135,0,0.414,0,1;

custom,cuboid,pillar2tex,2,4.5,2,0,1,1,1,0.2,1.2,295,2112.5,-2135,0,0.414,0,1;
custom,cuboid,pillar2tex,2,4.5,2,0,1,1,1,0.2,1.2,295,2187.5,-2135,0,0.414,0,1;
custom,cuboid,pillar2tex,2,4.5,2,0,1,1,1,0.2,1.2,320,2112.5,-2135,0,0.414,0,1;
custom,cuboid,pillar2tex,2,4.5,2,0,1,1,1,0.2,1.2,320,2187.5,-2135,0,0.414,0,1;

custom,cuboid,pillar2tex,2,5,2,0,1,1,1,0.2,1.2,345,2115,-2135,0,0.414,0,1;
custom,cuboid,pillar2tex,2,5,2,0,1,1,1,0.2,1.2,345,2185,-2135,0,0.414,0,1;
custom,cuboid,pillar2tex,2,5,2,0,1,1,1,0.2,1.2,370,2115,-2135,0,0.414,0,1;
custom,cuboid,pillar2tex,2,5,2,0,1,1,1,0.2,1.2,370,2185,-2135,0,0.414,0,1;
custom,cuboid,pillar2tex,2,5,2,0,1,1,1,0.2,1.2,395,2115,-2135,0,0.414,0,1;
custom,cuboid,pillar2tex,2,5,2,0,1,1,1,0.2,1.2,395,2185,-2135,0,0.414,0,1;

custom,cuboid,pillar2tex,2,5.5,2,0,1,1,1,0.2,1.2,420,2117.5,-2135,0,0.414,0,1;
custom,cuboid,pillar2tex,2,5.5,2,0,1,1,1,0.2,1.2,420,2182.5,-2135,0,0.414,0,1;
custom,cuboid,pillar2tex,2,5.5,2,0,1,1,1,0.2,1.2,445,2117.5,-2135,0,0.414,0,1;
custom,cuboid,pillar2tex,2,5.5,2,0,1,1,1,0.2,1.2,445,2182.5,-2135,0,0.414,0,1;
custom,cuboid,pillar2tex,2,5.5,2,0,1,1,1,0.2,1.2,470,2117.5,-2135,0,0.414,0,1;
custom,cuboid,pillar2tex,2,5.5,2,0,1,1,1,0.2,1.2,470,2182.5,-2135,0,0.414,0,1;


custom,cuboid,pillar2tex,40,30,1.5,0,1,1,1,4,3,695,2240,-2135,0,0,0,0;
custom,cuboid,pillar2tex,40,30,1.5,0,1,1,1,4,3,695,2240,-2005,0,0,0,0;

custom,cuboid,pillar2tex,1.5,20,12,0,1,1,1,1.2,2,495,2290,-2070,0,0,0,0;
custom,cuboid,pillar2tex,1.5,20,12,0,1,1,1,1.2,2,777,2172,-2070,0,0,0,0;

custom,cylinder,pillar2tex,1.5,6,1.5,0,1,1,1,0,1,495,2190,-2070,-0.7071068,0,0,0.7071068;



racing,killcuboid,0.5,1.5,12,571.9799644,2097.6454699,-2070,0,0,-0.6427876,0.7660444;
racing,killcuboid,0.5,1.5,12,578.7507364,2103.5958183,-2070,0,0,-0.6427876,0.7660444;

racing,killcuboid,0.5,1.5,12,585.5215083,2109.5461668,-2070,0,0,-0.6427876,0.7660444;
racing,killcuboid,0.5,1.5,12,592.2922803,2115.4965153,-2070,0,0,-0.6427876,0.7660444;

racing,killcuboid,0.5,1.5,12,599.0630523,2121.4468637,-2070,0,0,-0.6427876,0.7660444;
racing,killcuboid,0.5,1.5,12,605.8338243,2127.3972122,-2070,0,0,-0.6427876,0.7660444;

racing,killcuboid,0.5,1.5,12,612.6045962,2133.3475607,-2070,0,0,-0.6427876,0.7660444;
racing,killcuboid,0.5,1.5,12,619.3753682,2139.2979092,-2070,0,0,-0.6427876,0.7660444;

racing,killcuboid,0.5,1.5,12,626.1461401,2145.2482576,-2070,0,0,-0.6427876,0.7660444;
racing,killcuboid,0.5,1.5,12,632.9169121,2151.1986061,-2070,0,0,-0.6427876,0.7660444;

racing,killcuboid,0.5,1.5,12,639.6876841,2157.1489546,-2070,0,0,-0.6427876,0.7660444;
racing,killcuboid,0.5,1.5,12,646.458456,2163.099303,-2070,0,0,-0.6427876,0.7660444;

racing,killcuboid,0.5,1.5,12,653.229228,2169.0496516,-2070,0,0,-0.6427876,0.7660444;
racing,killcuboid,0.5,1.5,12,660,2175,-2070,0,0,-0.6427876,0.7660444;

racing,killcuboid,0.5,1.5,12,666.770772,2180.9503484,-2070,0,0,-0.6427876,0.7660444;
racing,killcuboid,0.5,1.5,12,673.541544,2186.900697,-2070,0,0,-0.6427876,0.7660444;

racing,killcuboid,0.5,1.5,12,680.3123159,2192.8510454,-2070,0,0,-0.6427876,0.7660444;
racing,killcuboid,0.5,1.5,12,687.0830879,2198.8013939,-2070,0,0,-0.6427876,0.7660444;

racing,killcuboid,0.5,1.5,12,693.8538599,2204.7517424,-2070,0,0,-0.6427876,0.7660444;
racing,killcuboid,0.5,1.5,12,700.6246318,2210.7020908,-2070,0,0,-0.6427876,0.7660444;

racing,killcuboid,0.5,1.5,12,707.3954038,2216.6524393,-2070,0,0,-0.6427876,0.7660444;
racing,killcuboid,0.5,1.5,12,714.1661757,2222.6027878,-2070,0,0,-0.6427876,0.7660444;

racing,killcuboid,0.5,1.5,12,720.9369477,2228.5531363,-2070,0,0,-0.6427876,0.7660444;
racing,killcuboid,0.5,1.5,12,727.7077197,2234.5034847,-2070,0,0,-0.6427876,0.7660444;

racing,killcuboid,0.5,1.5,12,734.4784917,2240.4538332,-2070,0,0,-0.6427876,0.7660444;
racing,killcuboid,0.5,1.5,12,741.2492636,2246.4041817,-2070,0,0,-0.6427876,0.7660444;

racing,killcuboid,0.5,1.5,12,748.0200356,2252.3545301,-2070,0,0,-0.6427876,0.7660444;
racing,killcuboid,0.5,1.5,12,755.4784917,2258.4538332,-2070,0,0,-0.6427876,0.7660444;

racing,killcuboid,0.5,1.5,12,762.2492636,2264.4041817,-2070,0,0,-0.6427876,0.7660444;
racing,killcuboid,0.5,1.5,12,769.0200356,2270.3545301,-2070,0,0,-0.6427876,0.7660444;


custom,arc180,pillar2tex,-16,12,16,0,1,1,1,1,1,955,2300,-2005,0,0,0,0;
custom,arc180,pillar2tex,-16,12,16,0,1,1,1,1,1,955,2360,-2005,0,0,0,0;

custom,cuboid,stone3,25,1.5,26,0,1,1,1,2.5,2.6,895,2265,-2005,0,0,0,0;

custom,cylinder,pillar2tex,1.5,6,1.5,0,1,1,1,0,1,895,2330,-2005,0,0,0,0;
custom,cylinder,pillar2tex,1.5,6,1.5,0,1,1,1,0,1,895,2330,-2135,0,0,0,0;

custom,cylinder,pillar2tex,1.5,15,1.5,0,1,1,1,0,1,495,2240,-2135,0,0,0,0;
custom,cylinder,pillar2tex,1.5,15,1.5,0,1,1,1,0,1,495,2240,-2005,0,0,0,0;

custom,cuboid,pillar2tex,40,30,1.5,0,1,1,1,4,3,695,2240,-1870,0,0,0,0;

custom,cylinder,pillar2tex,1.5,6,1.5,0,1,1,1,0,1,895,2330,-1870,0,0,0,0;
custom,cylinder,pillar2tex,1.5,15,1.5,0,1,1,1,0,1,495,2240,-1870,0,0,0,0;

custom,cuboid,pillar2tex,40,30,1.5,0,1,1,1,4,3,295,2240,-1995,0,0,0,0;
custom,cuboid,pillar2tex,40,30,1.5,0,1,1,1,4,3,295,2240,-1880,0,0,0,0;

custom,cylinder,pillar2tex,1.5,6,1.5,0,1,1,1,0,1,495,2330,-1880,0,0,0,0;
custom,cylinder,pillar2tex,1.5,6,1.5,0,1,1,1,0,1,495,2330,-1995,0,0,0,0;

custom,cuboid,stone3,40,1.5,12,0,1,1,1,4,1.2,295,2265,-1934.5,0,0,0,0;
custom,cuboid,stone3,40,1.48,12.5,0,1,1,1,4,1.25,595,2265,-1937.5,0,0,0,0;

custom,cylinder,pillar2tex,1.5,15,1.5,0,1,1,1,0,1,95,2240,-1995,0,0,0,0;
custom,cylinder,pillar2tex,4.5,15,4.5,0,1,1,1,0,1,82.14987,2240,-1869.3696,0,0,0,1;

custom,cylinder,stone3,10,5,10,0,1,1,1,1,1,-108.4072,2139.6215,-1713.4166,0,0.8684633,0,-0.4957535;
custom,cylinder,stone3,10,5,10,0,1,1,1,1,1,-117.1231,2178.2361,-1880.0471,0,0.8418118,0,0.5397711;
custom,cylinder,stone3,10,5,10,0,1,1,1,1,1,-121.192,2144.1695,-1727.0261,0,0.9398761,0,-0.3415156;
custom,cylinder,stone3,10,5,10,0,1,1,1,1,1,-136.9456,2149.3308,-1745.933,0,0.9877737,0,-0.1558946;
custom,cylinder,stone3,10,5,10,0,1,1,1,1,1,-140.8348,2168.671,-1847.7083,0,0.9823211,0,0.1872038;
custom,cylinder,stone3,10,5,10,0,1,1,1,1,1,-141.2981,2153.7554,-1776.1213,0,0.987084,0,-0.160204;
custom,cylinder,stone3,10,5,10,0,1,1,1,1,1,-146.728,2163.8462,-1823.338,0,0.9843066,0,0.1764668;
custom,cylinder,stone3,10,5,10,0,1,1,1,1,1,-147.0739,2159.0139,-1801.5766,0,0.9999622,0,-0.0087034;
custom,cylinder,stone3,10,5,10,0,1,1,1,1,1,-23.1497,2115.7736,-1662.3474,0,0.8054512,0,-0.5926622;
custom,cylinder,stone3,10,5,10,0,1,1,1,1,1,-4.750297,2111.0188,-1655.3349,0,0.6614583,0,0.749982;
custom,cylinder,stone3,10,5,10,0,1,1,1,1,1,-40.8808,2200.4035,-1928.8808,0,0.8322693,0,0.5543716;
custom,cylinder,stone3,10,5,10,0,1,1,1,1,1,-41.93013,2119.9018,-1667.992,0,0.8093132,0,-0.5873774;
custom,cylinder,stone3,10,5,10,0,1,1,1,1,1,-58.02208,2124.685,-1675.0317,0,0.8281031,0,-0.5605759;
custom,cylinder,stone3,10,5,10,0,1,1,1,1,1,-63.27221,2193.7474,-1919.2617,0,0.8358827,0,0.5489082;
custom,cylinder,stone3,10,5,10,0,1,1,1,1,1,-75.48219,2129.659,-1685.0931,0,0.8684583,0,-0.4957621;
custom,cylinder,stone3,10,5,10,0,1,1,1,1,1,-81.06874,2189.2402,-1905.2125,0,0.9087501,0,0.4173407;
custom,cylinder,stone3,10,5,10,0,1,1,1,1,1,-92.93138,2135.0676,-1697.5039,0,0.8695421,0,-0.493859;
custom,cylinder,stone3,10,5,10,0,1,1,1,1,1,-93.9545,2183.889,-1892.7412,0,0.9802158,0,0.1979318;
custom,cylinder,stone3,10,5,10,0,1,1,1,1,1,2.457427,2205.1222,-1937.8052,0,0.710732,0,0.7034628;
custom,cylinder,stone3,10,5,10,0,1,1,1,1,1,21.47099,2105.4283,-1650,0,0.6177361,0,-0.7863855;
custom,cylinder,stone3,10,5,10,0,1,1,1,1,1,42.457427,2207.1222,-1937.8052,0,0.710732,0,0.7034628;
custom,cylinder,stone3,12,5,12,0,1,1,1,1,1,75,2214,-1938,0,0,0,0;
custom,cylinder,stone3,10,5,10,0,1,1,1,1,1,60.82913,2100,-1650.1964,0,0,0,1;

custom,cylinder,pillar2tex,8,15,8,0,1,1,1,0,1,-0.5903115,2240,-1800.8351,0,0,0,0;
racing,killcylinder,20,15,18,-0.5903115,2240,-1800.8351,0,0,0,1;

custom,cuboid,pillar2tex,1.5,15,15,0,1,1,1,1,1,-97.15981,2205.0637,-1641.7832,0,0.869542,0,-0.4938589;
custom,cuboid,pillar2tex,1.5,15,15,0,1,1,1,1,1,-150.8558,2224.9164,-1684.1409,0,0.9398761,0,-0.3415156;
custom,cuboid,pillar2tex,1.5,15,15,0,1,1,1,1,1,-194.4567318,2235.383225,-1785.4136,0,0.9999622,0,-0.0087034;
custom,cuboid,pillar2tex,1.5,15,15,0,1,1,1,1,1,-185.0981,2256.6688,-1854.6111,0,0.9823211,0,0.1872038;
custom,cuboid,pillar2tex,1.5,15,20,0,1,1,1,1,1,-83.34162,2287.4835,-1955.55762,0,0.8358827,0,0.5489082;
custom,cuboid,pillar2tex,15,15,1.45,0,1,1,1,1,1,30,2305,-1995,0,0,0,1;


custom,cylinder,stone2,10,0.5,10,0,1,1,1,1,1,-108.4072,2294.6215,-1713.4166,0,0.8684633,0,-0.4957535;
custom,cylinder,stone2,10,0.5,10,0,1,1,1,1,1,-117.1231,2333.2361,-1880.0471,0,0.8418118,0,0.5397711;
custom,cylinder,stone2,10,0.5,10,0,1,1,1,1,1,-121.192,2299.1695,-1727.0261,0,0.9398761,0,-0.3415156;
custom,cylinder,stone2,10,0.5,10,0,1,1,1,1,1,-136.9456,2304.3308,-1745.933,0,0.9877737,0,-0.1558946;
custom,cylinder,stone2,10,0.5,10,0,1,1,1,1,1,-140.8348,2323.671,-1847.7083,0,0.9823211,0,0.1872038;
custom,cylinder,stone2,10,0.5,10,0,1,1,1,1,1,-141.2981,2308.7554,-1776.1213,0,0.987084,0,-0.160204;
custom,cylinder,stone2,10,0.5,10,0,1,1,1,1,1,-146.728,2318.8462,-1823.338,0,0.9843066,0,0.1764668;
custom,cylinder,stone2,10,0.5,10,0,1,1,1,1,1,-147.0739,2314.0139,-1801.5766,0,0.9999622,0,-0.0087034;
custom,cylinder,stone2,10,0.5,10,0,1,1,1,1,1,-19.08901,2270.7736,-1664.6518,0,0.8054512,0,-0.5926622;
custom,cylinder,stone2,10,0.5,10,0,1,1,1,1,1,-4.750297,2266.0188,-1655.3349,0,0.6614583,0,0.749982;
custom,cylinder,stone2,10,0.5,10,0,1,1,1,1,1,-40.8808,2355.4035,-1928.8808,0,0.8322693,0,0.5543716;
custom,cylinder,stone2,10,0.5,10,0,1,1,1,1,1,-41.93013,2274.9018,-1667.992,0,0.8093132,0,-0.5873774;
custom,cylinder,stone2,10,0.5,10,0,1,1,1,1,1,-58.02208,2279.685,-1675.0317,0,0.8281031,0,-0.5605759;
custom,cylinder,stone2,10,0.5,10,0,1,1,1,1,1,-63.27221,2348.7474,-1919.2617,0,0.8358827,0,0.5489082;
custom,cylinder,stone2,10,0.5,10,0,1,1,1,1,1,-75.48219,2284.659,-1685.0931,0,0.8684583,0,-0.4957621;
custom,cylinder,stone2,10,0.5,10,0,1,1,1,1,1,-81.06874,2344.2402,-1905.2125,0,0.9087501,0,0.4173407;
custom,cylinder,stone2,10,0.5,10,0,1,1,1,1,1,-92.93138,2290.0676,-1697.5039,0,0.8695421,0,-0.493859;
custom,cylinder,stone2,10,0.5,10,0,1,1,1,1,1,-93.9545,2338.889,-1892.7412,0,0.9802158,0,0.1979318;
custom,cylinder,stone2,10,0.5,10,0,1,1,1,1,1,2.457427,2360.1222,-1937.8052,0,0.710732,0,0.7034628;
custom,cylinder,stone2,10,0.5,10,0,1,1,1,1,1,22.89784,2260.4283,-1653.6542,0,0.6177361,0,-0.7863855;
custom,cylinder,stone2,12,0.5,12,0,1,1,1,1,1,42.457427,2362.1222,-1937.8052,0,0.710732,0,0.7034628;
custom,cylinder,stone2,12,0.5,12,0,1,1,1,1,1,75,2369,-1938,0,0,0,0;
custom,cylinder,stone2,10,0.5,10,0,1,1,1,1,1,62.21051,2255,-1650.791,0,0,0,1;

custom,cuboid,pillar2tex,25,20,1.5,0,1,1,1,2.5,2,70,2190,-1600,0,0,0,0;
custom,cuboid,pillar2tex,15,20,1.5,0,1,1,1,1.5,2,80,2190,-1705,0,0,0,0;


custom,cuboid,stone2,40,1.5,10,0,1,1,1,4,1,295,2370,-1937.5,0,0,0,0;
custom,cuboid,stone2,40,1.5,30,0,1,1,1,4,3,695,2370,-2005,0,0,0,0;
custom,cuboid,stone2,25,1.45,26,0,1,1,1,2.5,2.6,895,2370,-2005,0,0,0,0;

custom,cylinder,stone3,10,1,10,0,1,1,1,1,1,80,2135,-1650,0,0,0,1;
custom,cylinder,stone3,10,1,10,0,1,1,1,1,1,100,2130,-1650,0,0,0,1;
custom,cylinder,stone3,10,1,10,0,1,1,1,1,1,120,2125,-1650,0,0,0,1;
custom,cylinder,stone3,10,1,10,0,1,1,1,1,1,140,2120,-1650,0,0,0,1;
custom,cylinder,stone3,10,1,10,0,1,1,1,1,1,160,2115,-1650,0,0,0,1;
custom,cylinder,stone3,10,1,10,0,1,1,1,1,1,180,2110,-1650,0,0,0,1;
custom,cylinder,stone3,10,1,10,0,1,1,1,1,1,200,2105,-1650,0,0,0,1;
custom,cylinder,stone3,10,1,10,0,1,1,1,1,1,220,2100,-1650,0,0,0,1;
custom,cylinder,stone3,10,1,10,0,1,1,1,1,1,240,2095,-1650,0,0,0,1;

custom,cuboid,stone2,25,1.5,10,0,1,1,1,2.5,1,200,2210,-1652.5,0,0,-0.2181433,0.9759167;
custom,cuboid,pillar2tex,20,12,1.45,0,1,1,1,2,1.2,220,2150,-1600,0,0,0,0;
custom,cuboid,pillar2tex,20,14,1.45,0,1,1,1,2,1.4,220,2160,-1705,0,0,0,0;

misc,barrier,7.5,1,3,55,2250,-1878,0,0,0,0;
misc,barrier,4,1,2,55,2365,-1878,0,0,0,0;

custom,cuboid,pillar2tex,65,6,1.5,0,1,1,1,6.5,0.6,620,2125,-1600,0,0,0,0;
custom,cuboid,pillar2tex,65,6,1.5,0,1,1,1,6.5,0.6,620,2125,-1705,0,0,0,0;

custom,cuboid,metal1,1.55,6,1.55,1,0,0.1,0.5,0,1,940,2125,-1705,0,0,0,0;

custom,cuboid,pillar2tex,1.5,6,42,0,1,1,1,4.2,0.6,940,2125,-1910,0,0,0,0;
custom,cuboid,pillar2tex,1.5,6,42,0,1,1,1,4.2,0.6,1045,2125,-1910,0,0,0,0;
custom,cuboid,pillar2tex,1.5,6,10,0,1,1,1,1,0.6,1045,2125,-1650,0,0,0,0;
custom,cuboid,pillar2tex,10,6,1.5,0,1,1,1,1,0.6,995,2125,-1600,0,0,0,0;

custom,cuboid,stone2,65,1.5,10,0,1,1,1,6.5,1,620,2162.5,-1652.5,0,0,0,0;
custom,cuboid,stone2,10,1.5,42,0,1,1,1,1,4.2,992.5,2162.5,-1910,0,0,0,0;
custom,cuboid,stone2,10,1.5,10,0,1,1,1,1,1,992.5,2162.5,-1652.5,0,0,0,0;



custom,cuboid,pillar2tex,-40,-30,-1.5,0,1,1,1,4,3,695,2240,-2240,0,0,0,0;
custom,cuboid,pillar2tex,-40,-30,-1.5,0,1,1,1,4,3,695,2240,-2370,0,0,0,0;

custom,cuboid,pillar2tex,-1.5,-20,-12,0,1,1,1,1.2,2,495,2290,-2305,0,0,0,0;
custom,cuboid,pillar2tex,-1.5,-20,-12,0,1,1,1,1.2,2,777,2172,-2305,0,0,0,0;

custom,cylinder,pillar2tex,-1.5,-6,-1.5,0,1,1,1,0,1,495,2190,-2305,0,-0.7071068,-0.7071068,0;



racing,killcuboid,0.5,1.5,12,571.9799644,2097.6454699,-2305,0,0,-0.6427876,0.7660444;
racing,killcuboid,0.5,1.5,12,578.7507364,2103.5958183,-2305,0,0,-0.6427876,0.7660444;

racing,killcuboid,0.5,1.5,12,585.5215083,2109.5461668,-2305,0,0,-0.6427876,0.7660444;
racing,killcuboid,0.5,1.5,12,592.2922803,2115.4965153,-2305,0,0,-0.6427876,0.7660444;

racing,killcuboid,0.5,1.5,12,599.0630523,2121.4468637,-2305,0,0,-0.6427876,0.7660444;
racing,killcuboid,0.5,1.5,12,605.8338243,2127.3972122,-2305,0,0,-0.6427876,0.7660444;

racing,killcuboid,0.5,1.5,12,612.6045962,2133.3475607,-2305,0,0,-0.6427876,0.7660444;
racing,killcuboid,0.5,1.5,12,619.3753682,2139.2979092,-2305,0,0,-0.6427876,0.7660444;

racing,killcuboid,0.5,1.5,12,626.1461401,2145.2482576,-2305,0,0,-0.6427876,0.7660444;
racing,killcuboid,0.5,1.5,12,632.9169121,2151.1986061,-2305,0,0,-0.6427876,0.7660444;

racing,killcuboid,0.5,1.5,12,639.6876841,2157.1489546,-2305,0,0,-0.6427876,0.7660444;
racing,killcuboid,0.5,1.5,12,646.458456,2163.099303,-2305,0,0,-0.6427876,0.7660444;

racing,killcuboid,0.5,1.5,12,653.229228,2169.0496516,-2305,0,0,-0.6427876,0.7660444;
racing,killcuboid,0.5,1.5,12,660,2175,-2305,0,0,-0.6427876,0.7660444;

racing,killcuboid,0.5,1.5,12,666.770772,2180.9503484,-2305,0,0,-0.6427876,0.7660444;
racing,killcuboid,0.5,1.5,12,673.541544,2186.900697,-2305,0,0,-0.6427876,0.7660444;

racing,killcuboid,0.5,1.5,12,680.3123159,2192.8510454,-2305,0,0,-0.6427876,0.7660444;
racing,killcuboid,0.5,1.5,12,687.0830879,2198.8013939,-2305,0,0,-0.6427876,0.7660444;

racing,killcuboid,0.5,1.5,12,693.8538599,2204.7517424,-2305,0,0,-0.6427876,0.7660444;
racing,killcuboid,0.5,1.5,12,700.6246318,2210.7020908,-2305,0,0,-0.6427876,0.7660444;

racing,killcuboid,0.5,1.5,12,707.3954038,2216.6524393,-2305,0,0,-0.6427876,0.7660444;
racing,killcuboid,0.5,1.5,12,714.1661757,2222.6027878,-2305,0,0,-0.6427876,0.7660444;

racing,killcuboid,0.5,1.5,12,720.9369477,2228.5531363,-2305,0,0,-0.6427876,0.7660444;
racing,killcuboid,0.5,1.5,12,727.7077197,2234.5034847,-2305,0,0,-0.6427876,0.7660444;

racing,killcuboid,0.5,1.5,12,734.4784917,2240.4538332,-2305,0,0,-0.6427876,0.7660444;
racing,killcuboid,0.5,1.5,12,741.2492636,2246.4041817,-2305,0,0,-0.6427876,0.7660444;

racing,killcuboid,0.5,1.5,12,748.0200356,2252.3545301,-2305,0,0,-0.6427876,0.7660444;
racing,killcuboid,0.5,1.5,12,755.4784917,2258.4538332,-2305,0,0,-0.6427876,0.7660444;

racing,killcuboid,0.5,1.5,12,762.2492636,2264.4041817,-2305,0,0,-0.6427876,0.7660444;
racing,killcuboid,0.5,1.5,12,769.0200356,2270.3545301,-2305,0,0,-0.6427876,0.7660444;



custom,arc180,pillar2tex,-16,12,-16,0,1,1,1,1,1,955,2300,-2370,0,0,0,0;
custom,arc180,pillar2tex,-16,12,-16,0,1,1,1,1,1,955,2360,-2370,0,0,0,0;

custom,cuboid,stone3,-25,-1.5,-26,0,1,1,1,2.5,2.6,895,2265,-2370,0,0,0,0;

custom,cylinder,pillar2tex,-1.5,-6,-1.5,0,1,1,1,0,1,895,2330,-2370,0,0,0,0;
custom,cylinder,pillar2tex,-1.5,-6,-1.5,0,1,1,1,0,1,895,2330,-2240,0,0,0,0;

custom,cylinder,pillar2tex,-1.5,-15,-1.5,0,1,1,1,0,1,495,2240,-2240,0,0,0,0;
custom,cylinder,pillar2tex,-1.5,-15,-1.5,0,1,1,1,0,1,495,2240,-2370,0,0,0,0;

custom,cuboid,pillar2tex,-40,-30,-1.5,0,1,1,1,4,3,695,2240,-2505,0,0,0,0;

custom,cylinder,pillar2tex,-1.5,-6,-1.5,0,1,1,1,0,1,895,2330,-2505,0,0,0,0;
custom,cylinder,pillar2tex,-1.5,-15,-1.5,0,1,1,1,0,1,495,2240,-2505,0,0,0,0;

custom,cuboid,pillar2tex,-40,-30,-1.5,0,1,1,1,4,3,295,2240,-2380,0,0,0,0;
custom,cuboid,pillar2tex,-40,-30,-1.5,0,1,1,1,4,3,295,2240,-2495,0,0,0,0;

custom,cylinder,pillar2tex,-1.5,-6,-1.5,0,1,1,1,0,1,495,2330,-2495,0,0,0,0;
custom,cylinder,pillar2tex,-1.5,-6,-1.5,0,1,1,1,0,1,495,2330,-2380,0,0,0,0;

custom,cuboid,stone3,-40,-1.5,-12,0,1,1,1,4,1.2,295,2265,-2440.5,0,0,0,0;
custom,cuboid,stone3,-40,-1.48,-12.5,0,1,1,1,4,1.25,595,2265,-2437.5,0,0,0,0;

custom,cylinder,pillar2tex,-1.5,-15,-1.5,0,1,1,1,0,1,95,2240,-2380,0,0,0,0;
custom,cylinder,pillar2tex,-4.5,-15,-4.5,0,1,1,1,0,1,82.14987,2240,-2505.6304,0,0,-1,0;

custom,cylinder,stone3,-10,-5,-10,0,1,1,1,1,1,-108.4072,2139.6215,-2661.5834,0.8684633,0,0.4957535,0;
custom,cylinder,stone3,-10,-5,-10,0,1,1,1,1,1,-117.1231,2178.2361,-2494.9529,0.8418118,0,-0.5397711,0;
custom,cylinder,stone3,-10,-5,-10,0,1,1,1,1,1,-121.192,2144.1695,-2647.9739,0.9398761,0,0.3415156,0;
custom,cylinder,stone3,-10,-5,-10,0,1,1,1,1,1,-136.9456,2149.3308,-2629.067,0.9877737,0,0.1558946,0;
custom,cylinder,stone3,-10,-5,-10,0,1,1,1,1,1,-140.8348,2168.671,-2527.2917,0.9823211,0,-0.1872038,0;
custom,cylinder,stone3,-10,-5,-10,0,1,1,1,1,1,-141.2981,2153.7554,-2598.8787,0.987084,0,0.160204,0;
custom,cylinder,stone3,-10,-5,-10,0,1,1,1,1,1,-146.728,2163.8462,-2551.662,0.9843066,0,-0.1764668,0;
custom,cylinder,stone3,-10,-5,-10,0,1,1,1,1,1,-147.0739,2159.0139,-2573.4234,0.9999622,0,0.0087034,0;
custom,cylinder,stone3,-10,-5,-10,0,1,1,1,1,1,-23.1497,2115.7736,-2712.6526,0.8054512,0,0.5926622,0;
custom,cylinder,stone3,-10,-5,-10,0,1,1,1,1,1,-4.750297,2111.0188,-2719.6651,0.6614583,0,-0.749982,0;
custom,cylinder,stone3,-10,-5,-10,0,1,1,1,1,1,-40.8808,2200.4035,-2446.1192,0.8322693,0,-0.5543716,0;
custom,cylinder,stone3,-10,-5,-10,0,1,1,1,1,1,-41.93013,2119.9018,-2707.008,0.8093132,0,0.5873774,0;
custom,cylinder,stone3,-10,-5,-10,0,1,1,1,1,1,-58.02208,2124.685,-2699.9683,0.8281031,0,0.5605759,0;
custom,cylinder,stone3,-10,-5,-10,0,1,1,1,1,1,-63.27221,2193.7474,-2455.7383,0.8358827,0,-0.5489082,0;
custom,cylinder,stone3,-10,-5,-10,0,1,1,1,1,1,-75.48219,2129.659,-2689.9069,0.8684583,0,0.4957621,0;
custom,cylinder,stone3,-10,-5,-10,0,1,1,1,1,1,-81.06874,2189.2402,-2469.7875,0.9087501,0,-0.4173407,0;
custom,cylinder,stone3,-10,-5,-10,0,1,1,1,1,1,-92.93138,2135.0676,-2677.4961,0.8695421,0,0.493859,0;
custom,cylinder,stone3,-10,-5,-10,0,1,1,1,1,1,-93.9545,2183.889,-2482.2588,0.9802158,0,-0.1979318,0;
custom,cylinder,stone3,-10,-5,-10,0,1,1,1,1,1,2.457427,2205.1222,-2437.1948,0.710732,0,-0.7034628,0;
custom,cylinder,stone3,-10,-5,-10,0,1,1,1,1,1,21.47099,2105.4283,-2725,0.6177361,0,0.7863855,0;
custom,cylinder,stone3,-10,-5,-10,0,1,1,1,1,1,42.457427,2207.1222,-2437.1948,0.710732,0,-0.7034628,0;
custom,cylinder,stone3,-12,-5,-12,0,1,1,1,1,1,75,2214,-2437,0,0,0,0;
custom,cylinder,stone3,-10,-5,-10,0,1,1,1,1,1,60.82913,2100,-2724.8036,0,0,-1,0;

custom,cylinder,pillar2tex,-8,-15,-8,0,1,1,1,0,1,-0.5903115,2240,-2574.1649,0,0,0,0;
racing,killcylinder,-20,-15,-18,-0.5903115,2240,-2574.1649,0,0,-1,0;

custom,cuboid,pillar2tex,-1.5,-15,-15,0,1,1,1,1,1,-97.15981,2205.0637,-2733.2168,0.869542,0,0.4938589,0;
custom,cuboid,pillar2tex,-1.5,-15,-15,0,1,1,1,1,1,-150.8558,2224.9164,-2690.8591,0.9398761,0,0.3415156,0;
custom,cuboid,pillar2tex,-1.5,-15,-15,0,1,1,1,1,1,-194.4567318,2235.383225,-2589.5864,0.9999622,0,0.0087034,0;
custom,cuboid,pillar2tex,-1.5,-15,-15,0,1,1,1,1,1,-185.0981,2256.6688,-2520.3889,0.9823211,0,-0.1872038,0;
custom,cuboid,pillar2tex,-1.5,-15,-20,0,1,1,1,1,1,-83.34162,2287.4835,-2419.44238,0.8358827,0,-0.5489082,0;
custom,cuboid,pillar2tex,-15,-15,-1.45,0,1,1,1,1,1,30,2305,-2380,0,0,-1,0;


custom,cylinder,stone2,-10,-0.5,-10,0,1,1,1,1,1,-108.4072,2294.6215,-2661.5834,0.8684633,0,0.4957535,0;
custom,cylinder,stone2,-10,-0.5,-10,0,1,1,1,1,1,-117.1231,2333.2361,-2494.9529,0.8418118,0,-0.5397711,0;
custom,cylinder,stone2,-10,-0.5,-10,0,1,1,1,1,1,-121.192,2299.1695,-2647.9739,0.9398761,0,0.3415156,0;
custom,cylinder,stone2,-10,-0.5,-10,0,1,1,1,1,1,-136.9456,2304.3308,-2629.067,0.9877737,0,0.1558946,0;
custom,cylinder,stone2,-10,-0.5,-10,0,1,1,1,1,1,-140.8348,2323.671,-2527.2917,0.9823211,0,-0.1872038,0;
custom,cylinder,stone2,-10,-0.5,-10,0,1,1,1,1,1,-141.2981,2308.7554,-2598.8787,0.987084,0,0.160204,0;
custom,cylinder,stone2,-10,-0.5,-10,0,1,1,1,1,1,-146.728,2318.8462,-2551.662,0.9843066,0,-0.1764668,0;
custom,cylinder,stone2,-10,-0.5,-10,0,1,1,1,1,1,-147.0739,2314.0139,-2573.4234,0.9999622,0,0.0087034,0;
custom,cylinder,stone2,-10,-0.5,-10,0,1,1,1,1,1,-19.08901,2270.7736,-2710.3482,0.8054512,0,0.5926622,0;
custom,cylinder,stone2,-10,-0.5,-10,0,1,1,1,1,1,-4.750297,2266.0188,-2719.6651,0.6614583,0,-0.749982,0;
custom,cylinder,stone2,-10,-0.5,-10,0,1,1,1,1,1,-40.8808,2355.4035,-2446.1192,0.8322693,0,-0.5543716,0;
custom,cylinder,stone2,-10,-0.5,-10,0,1,1,1,1,1,-41.93013,2274.9018,-2707.008,0.8093132,0,0.5873774,0;
custom,cylinder,stone2,-10,-0.5,-10,0,1,1,1,1,1,-58.02208,2279.685,-2699.9683,0.8281031,0,0.5605759,0;
custom,cylinder,stone2,-10,-0.5,-10,0,1,1,1,1,1,-63.27221,2348.7474,-2455.7383,0.8358827,0,-0.5489082,0;
custom,cylinder,stone2,-10,-0.5,-10,0,1,1,1,1,1,-75.48219,2284.659,-2689.9069,0.8684583,0,0.4957621,0;
custom,cylinder,stone2,-10,-0.5,-10,0,1,1,1,1,1,-81.06874,2344.2402,-2469.7875,0.9087501,0,-0.4173407,0;
custom,cylinder,stone2,-10,-0.5,-10,0,1,1,1,1,1,-92.93138,2290.0676,-2677.4961,0.8695421,0,0.493859,0;
custom,cylinder,stone2,-10,-0.5,-10,0,1,1,1,1,1,-93.9545,2338.889,-2482.2588,0.9802158,0,-0.1979318,0;
custom,cylinder,stone2,-10,-0.5,-10,0,1,1,1,1,1,2.457427,2360.1222,-2437.1948,0.710732,0,-0.7034628,0;
custom,cylinder,stone2,-10,-0.5,-10,0,1,1,1,1,1,22.89784,2260.4283,-2721.3458,0.6177361,0,0.7863855,0;
custom,cylinder,stone2,-12,-0.5,-12,0,1,1,1,1,1,42.457427,2362.1222,-2437.1948,0.710732,0,-0.7034628,0;
custom,cylinder,stone2,-12,-0.5,-12,0,1,1,1,1,1,75,2369,-2437,0,0,0,0;
custom,cylinder,stone2,-10,-0.5,-10,0,1,1,1,1,1,62.21051,2255,-2724.209,0,0,-1,0;

custom,cuboid,pillar2tex,-25,-20,-1.5,0,1,1,1,2.5,2,70,2190,-2775,0,0,0,0;
custom,cuboid,pillar2tex,-15,-20,-1.5,0,1,1,1,1.5,2,80,2190,-2670,0,0,0,0;


custom,cuboid,stone2,-40,-1.5,-10,0,1,1,1,4,1,295,2370,-2437.5,0,0,0,0;
custom,cuboid,stone2,-40,-1.5,-30,0,1,1,1,4,3,695,2370,-2370,0,0,0,0;
custom,cuboid,stone2,-25,-1.45,-26,0,1,1,1,2.5,2.6,895,2370,-2370,0,0,0,0;

custom,cylinder,stone3,-10,-1,-10,0,1,1,1,1,1,80,2135,-2725,0,0,-1,0;
custom,cylinder,stone3,-10,-1,-10,0,1,1,1,1,1,100,2130,-2725,0,0,-1,0;
custom,cylinder,stone3,-10,-1,-10,0,1,1,1,1,1,120,2125,-2725,0,0,-1,0;
custom,cylinder,stone3,-10,-1,-10,0,1,1,1,1,1,140,2120,-2725,0,0,-1,0;
custom,cylinder,stone3,-10,-1,-10,0,1,1,1,1,1,160,2115,-2725,0,0,-1,0;
custom,cylinder,stone3,-10,-1,-10,0,1,1,1,1,1,180,2110,-2725,0,0,-1,0;
custom,cylinder,stone3,-10,-1,-10,0,1,1,1,1,1,200,2105,-2725,0,0,-1,0;
custom,cylinder,stone3,-10,-1,-10,0,1,1,1,1,1,220,2100,-2725,0,0,-1,0;
custom,cylinder,stone3,-10,-1,-10,0,1,1,1,1,1,240,2095,-2725,0,0,-1,0;

custom,cuboid,stone2,25,-1.5,10,0,1,1,1,2.5,1,200,2210,-2722.5,0,0,-0.2181433,0.9759167;
custom,cuboid,pillar2tex,-20,-12,-1.45,0,1,1,1,2,1.2,220,2150,-2775,0,0,0,0;
custom,cuboid,pillar2tex,-20,-14,-1.45,0,1,1,1,2,1.4,220,2160,-2670,0,0,0,0;

misc,barrier,-7.5,-1,-3,55,2250,-2497,0,0,0,0;
misc,barrier,-4,-1,-2,55,2365,-2497,0,0,0,0;

custom,cuboid,pillar2tex,-65,-6,-1.5,0,1,1,1,6.5,0.6,620,2125,-2775,0,0,0,0;
custom,cuboid,pillar2tex,-65,-6,-1.5,0,1,1,1,6.5,0.6,620,2125,-2670,0,0,0,0;

custom,cuboid,metal1,-1.55,-6,-1.55,1,0,0.1,0.5,0,1,940,2125,-2670,0,0,0,0;

custom,cuboid,pillar2tex,-1.5,-6,-42,0,1,1,1,4.2,0.6,940,2125,-2465,0,0,0,0;
custom,cuboid,pillar2tex,-1.5,-6,-42,0,1,1,1,4.2,0.6,1045,2125,-2465,0,0,0,0;
custom,cuboid,pillar2tex,-1.5,-6,-10,0,1,1,1,1,0.6,1045,2125,-2725,0,0,0,0;
custom,cuboid,pillar2tex,-10,-6,-1.5,0,1,1,1,1,0.6,995,2125,-2775,0,0,0,0;

custom,cuboid,stone2,-65,-1.5,-10,0,1,1,1,6.5,1,620,2162.5,-2722.5,0,0,0,0;
custom,cuboid,stone2,-10,-1.5,-42,0,1,1,1,1,4.2,992.5,2162.5,-2465,0,0,0,0;
custom,cuboid,stone2,-10,-1.5,-10,0,1,1,1,1,1,992.5,2162.5,-2722.5,0,0,0,0;



//custom,cuboid,pillar2tex,1.5,6,42,0,1,1,1,4.2,0.6,1045,125,90,0,0,0,0;
//custom,cuboid,pillar2tex,-1.5,-6,-42,0,1,1,1,4.2,0.6,1045,125,-465,0,0,0,0;

racing,killcuboid,1.5,6,13.5,1045,2125,-2187.6,0,0,0,0;

racing,killcuboid,1.5,1.5,1.5,1045,2125,-2187.5,-0.3826834,0,0,0.9238795;
racing,killcuboid,1.5,3.5,3.5,1045,2125,-2187.5,-0.3826834,0,0,0.9238795;
racing,killcuboid,1.5,3,3,1045,2125,-2142.5,-0.3826834,0,0,0.9238795;
racing,killcuboid,1.5,3,3,1045,2125,-2232.5,-0.3826834,0,0,0.9238795;

custom,endprism,default,1.5,0.1,2,0,1,1,1,1,1,1025,2125,-2187.5,-0.5,0.5,-0.5,0.5;
custom,endprism,default,1.5,0.1,2,0,1,1,1,1,1,1005,2125,-2187.5,-0.5,0.5,-0.5,0.5;
custom,endprism,default,1.5,0.1,2,0,1,1,1,1,1,985,2125,-2187.5,-0.5,0.5,-0.5,0.5;


custom,cuboid,stone2,-10,-1.5,-13.5,0,1,1,1,1,1.4,992.5,2162.5,-2187.5,0,0,0,0;

custom,cuboid,pillar2tex,4,6,2.5,0,1,1,1,0.4,0.6,915,2125,-2245,0,0,0,0;
custom,cuboid,pillar2tex,4,6,2.5,0,1,1,1,0.4,0.6,915,2125,-2130,0,0,0,0;

custom,cuboid,metal1,-2.55,-6,-2.55,1,0,0.1,0.5,0,1,935,2125,-2245,0,0,0,0;
custom,cuboid,metal1,-2.55,-6,-2.55,1,0,0.1,0.5,0,1,935,2125,-2130,0,0,0,0;

custom,cuboid,stone2,-40,-1.5,-10,0,1,1,1,4,1,742.5,2162.5,-2187.5,0,0,0,0;


custom,cuboid,pillar2tex,20,9,2,0,1,1,1,2,0.9,-1012.5,2130,-2127.5,0,0,0,0;
custom,cuboid,pillar2tex,20,9,2,0,1,1,1,2,0.9,-1012.5,2130,-2247.5,0,0,0,0;

custom,cuboid,stone2,20,1,10,0,1,1,1,2,1,-1012.5,2170,-2187.5,0,0,0,0;
custom,cuboid,stone3,20,1,10,0,1,1,1,2,1,-1012.5,2090,-2187.5,0,0,0,0;

custom,cuboid,pillar2tex,50,9,2,0,1,1,1,5,0.9,-1362.5,2130,-2127.5,0,0,0,0;
custom,cuboid,pillar2tex,50,9,2,0,1,1,1,5,0.9,-1362.5,2130,-2247.5,0,0,0,0;

custom,cuboid,stone2,50,1,10,0,1,1,1,5,1,-1362.5,2170,-2187.5,0,0,0,0;
custom,cuboid,stone3,50,1,10,0,1,1,1,5,1,-1362.5,2090,-2187.5,0,0,0,0;

racing,killcuboid,4,4,1.5,-1012.5,2130,-2130.5,0,0,-0.3826834,0.9238795;
racing,killcuboid,4,4,1.5,-1012.5,2130,-2244.5,0,0,-0.3826834,0.9238795;
racing,killcuboid,4,4,1.5,-1112.5,2130,-2130.5,0,0,-0.3826834,0.9238795;
racing,killcuboid,4,4,1.5,-1112.5,2130,-2244.5,0,0,-0.3826834,0.9238795;

racing,killcuboid,4,4,1.5,-1212.5,2130,-2130.5,0,0,-0.3826834,0.9238795;
racing,killcuboid,4,4,1.5,-1212.5,2130,-2244.5,0,0,-0.3826834,0.9238795;
racing,killcuboid,4,4,1.5,-1312.5,2130,-2130.5,0,0,-0.3826834,0.9238795;
racing,killcuboid,4,4,1.5,-1312.5,2130,-2244.5,0,0,-0.3826834,0.9238795;

racing,killcuboid,4,4,1.5,-1412.5,2130,-2130.5,0,0,-0.3826834,0.9238795;
racing,killcuboid,4,4,1.5,-1412.5,2130,-2244.5,0,0,-0.3826834,0.9238795;
racing,killcuboid,4,4,1.5,-1512.5,2130,-2130.5,0,0,-0.3826834,0.9238795;
racing,killcuboid,4,4,1.5,-1512.5,2130,-2244.5,0,0,-0.3826834,0.9238795;
racing,killcuboid,4,4,1.5,-1612.5,2130,-2244.5,0,0,-0.3826834,0.9238795;
racing,killcuboid,4,4,1.5,-1712.5,2130,-2244.5,0,0,-0.3826834,0.9238795;

custom,cuboid,pillar2tex,15,9,2,0,1,1,1,2,0.9,-1687.5,2130,-2247.5,0,0,0,0;

custom,cuboid,pillar2tex,1.5,9,90,0,1,1,1,9,0.9,-1607.5,2130,-1687.5,0,0,0,0;
custom,cuboid,pillar2tex,1.5,9,100,0,1,1,1,10,0.9,-1767.5,2130,-1752.5,0,0,0,0;

custom,cuboid,stone2,15,1,100,0,1,1,1,1.5,10,-1687.5,2170,-1752.5,0,0,0,0;
custom,cuboid,stone3,15,1,100,0,1,1,1,1.5,10,-1687.5,2090,-1752.5,0,0,0,0;

custom,cuboid,metal1,1.55,9,1.55,1,0,0.1,0.5,0,1,-1607.5,2130,-2130.5,0,0,0,0;

racing,checkpointcuboid,15,8,1.55,-1687.5,2130,-2080.5,0,0,0,0;

custom,cuboid,metal1,2.25,0.25,1.55,1,0,0.1,0.5,1,0,-1697.5237944,2104.5933129,-1800,0,0,-0.1950903,0.9807853;
custom,cuboid,metal1,2.25,0.25,1.55,1,0,0.1,0.5,1,0,-1676.4762056,2155.4066871,-1800,0,0,-0.1950903,0.9807853;
custom,cuboid,metal1,0.25,2.25,1.55,1,0,0.1,0.5,0,1,-1712.4066871,2140.5237944,-1800,0,0,-0.1950903,0.9807853;
custom,cuboid,metal1,0.25,2.25,1.55,1,0,0.1,0.5,0,1,-1661.5933129,2119.4762056,-1800,0,0,-0.1950903,0.9807853;
custom,cuboid,metal1,0.25,2.5,1.55,1,0,0.1,0.5,0,1,-1711.9447474,2119.6675473,-1800,0,0,0.1950903,0.9807853;
custom,cuboid,metal1,0.25,2.5,1.55,1,0,0.1,0.5,0,1,-1662.0552526,2140.3324527,-1800,0,0,0.1950903,0.9807853;
custom,cuboid,metal1,0.25,2.5,1.55,1,0,0.1,0.5,0,1,-1697.3324527,2154.9447474,-1800,0,0,-0.5555702,0.8314696;
custom,cuboid,metal1,0.25,2.5,1.55,1,0,0.1,0.5,0,1,-1676.6675473,2105.0552526,-1800,0,0,-0.5555702,0.8314696;

custom,cuboid,metal1,2.25,0.25,1.55,1,0,0.1,0.5,1,0,-1697.5237944,2104.5933129,-1300,0,0,-0.1950903,0.9807853;
custom,cuboid,metal1,2.25,0.25,1.55,1,0,0.1,0.5,1,0,-1676.4762056,2155.4066871,-1300,0,0,-0.1950903,0.9807853;
custom,cuboid,metal1,0.25,2.25,1.55,1,0,0.1,0.5,0,1,-1712.4066871,2140.5237944,-1300,0,0,-0.1950903,0.9807853;
custom,cuboid,metal1,0.25,2.25,1.55,1,0,0.1,0.5,0,1,-1661.5933129,2119.4762056,-1300,0,0,-0.1950903,0.9807853;
custom,cuboid,metal1,0.25,2.5,1.55,1,0,0.1,0.5,0,1,-1711.9447474,2119.6675473,-1300,0,0,0.1950903,0.9807853;
custom,cuboid,metal1,0.25,2.5,1.55,1,0,0.1,0.5,0,1,-1662.0552526,2140.3324527,-1300,0,0,0.1950903,0.9807853;
custom,cuboid,metal1,0.25,2.5,1.55,1,0,0.1,0.5,0,1,-1697.3324527,2154.9447474,-1300,0,0,-0.5555702,0.8314696;
custom,cuboid,metal1,0.25,2.5,1.55,1,0,0.1,0.5,0,1,-1676.6675473,2105.0552526,-1300,0,0,-0.5555702,0.8314696;



racing,killcuboid,2.25,0.25,48.55,-1697.5237944,2104.5933129,-1550,0,0,-0.1950903,0.9807853;
racing,killcuboid,2.25,0.25,48.55,-1676.4762056,2155.4066871,-1550,0,0,-0.1950903,0.9807853;
racing,killcuboid,0.25,2.25,48.55,-1712.4066871,2140.5237944,-1550,0,0,-0.1950903,0.9807853;
racing,killcuboid,0.25,2.25,48.55,-1661.5933129,2119.4762056,-1550,0,0,-0.1950903,0.9807853;
racing,killcuboid,0.25,2.5,48.55,-1711.9447474,2119.6675473,-1550,0,0,0.1950903,0.9807853;
racing,killcuboid,0.25,2.5,48.55,-1662.0552526,2140.3324527,-1550,0,0,0.1950903,0.9807853;
racing,killcuboid,0.25,2.5,48.55,-1697.3324527,2154.9447474,-1550,0,0,-0.5555702,0.8314696;
racing,killcuboid,0.25,2.5,48.55,-1676.6675473,2105.0552526,-1550,0,0,-0.5555702,0.8314696;

racing,killcuboid,5,5,1.6,-1737.5,2130,-1800,0,0,0,0;
racing,killcuboid,5,5,1.6,-1637.5,2130,-1800,0,0,0,0;
racing,killcuboid,15,1.25,1.6,-1687.5,2099,-1800,0,0,0,0;
racing,killcuboid,15,1.25,1.6,-1687.5,2161,-1800,0,0,0,0;
racing,killcuboid,1,1.5,1.6,-1665.543,2107,-1798.9082,0,0,-0.3826834,0.9238796;
racing,killcuboid,1,1.5,1.6,-1665.543,2153,-1798.9082,0,0,0.9238796,-0.3826834;
racing,killcuboid,1,1.5,1.6,-1708.5,2153,-1798.9082,0,0,-0.3826834,0.9238796;
racing,killcuboid,1,1.5,1.6,-1708.5,2107,-1798.9082,0,0,0.9238796,-0.3826834;

racing,killcuboid,5,5,1.6,-1737.5,2130,-1300,0,0,0,0;
racing,killcuboid,5,5,1.6,-1637.5,2130,-1300,0,0,0,0;
racing,killcuboid,15,1.25,1.6,-1687.5,2099,-1300,0,0,0,0;
racing,killcuboid,15,1.25,1.6,-1687.5,2161,-1300,0,0,0,0;
racing,killcuboid,1,1.5,1.6,-1665.543,2107,-1298.9082,0,0,-0.3826834,0.9238796;
racing,killcuboid,1,1.5,1.6,-1665.543,2153,-1298.9082,0,0,0.9238796,-0.3826834;
racing,killcuboid,1,1.5,1.6,-1708.5,2153,-1298.9082,0,0,-0.3826834,0.9238796;
racing,killcuboid,1,1.5,1.6,-1708.5,2107,-1298.9082,0,0,0.9238796,-0.3826834;

custom,cuboid,metal1,5,0.25,1.55,1,0,0.1,0.5,1,0,-1740,2130,-1800,0,0,0,0;
custom,cuboid,metal1,5,0.25,1.55,1,0,0.1,0.5,1,0,-1634,2130,-1800,0,0,0,0;
custom,cuboid,metal1,0.25,1.25,1.55,1,0,0.1,0.5,1,0,-1687.5,2095,-1800,0,0,0,0;
custom,cuboid,metal1,0.25,1.25,1.55,1,0,0.1,0.5,1,0,-1686.5,2165,-1800,0,0,0,0;

custom,cuboid,metal1,5,0.25,1.55,1,0,0.1,0.5,1,0,-1740,2130,-1300,0,0,0,0;
custom,cuboid,metal1,5,0.25,1.55,1,0,0.1,0.5,1,0,-1634,2130,-1300,0,0,0,0;
custom,cuboid,metal1,0.25,1.25,1.55,1,0,0.1,0.5,1,0,-1687.5,2095,-1300,0,0,0,0;
custom,cuboid,metal1,0.25,1.25,1.55,1,0,0.1,0.5,1,0,-1686.5,2165,-1300,0,0,0,0;



custom,cuboid,pillar2tex,1.45,9,80,0,1,1,1,8,0.9,-1607.5,2130,-852.5,0,0,0,0;
custom,cuboid,pillar2tex,1.5,9,80,0,1,1,1,8,0.9,-1767.5,2130,-852.5,0,0,0,0;

custom,cuboid,stone2,15,1,80,0,1,1,1,1.5,8,-1687.5,2170,-852.5,0,0,0,0;
custom,cuboid,stone3,15,1,80,0,1,1,1,1.5,8,-1687.5,2090,-852.5,0,0,0,0;

custom,cuboid,stone2,15,1,15,0,1,1,1,1.5,1,-1687.5,2170,-377.5,0,0,0,0;

custom,cuboid,pillar2tex,1.5,70,30,0,1,1,1,3,7,-1607.5,2130,-302.5,0,0,0,0;
custom,cuboid,pillar2tex,1.5,70,30,0,1,1,1,3,7,-1767.5,2130,-302.5,0,0,0,0;

custom,cuboid,pillar2tex,15,60,1,0,1,1,1,2,6,-1687.5,2180,-302.5,0,0,0,0;
custom,cuboid,pillar2tex,15,60,1,0,1,1,1,2,6,-1687.5,2080,-152.5,0,0,0,0;
custom,cuboid,pillar2tex,15,40,1,0,1,1,1,2,4,-1687.5,1894.8,-457,0,0,0,0;

custom,cuboid,stone3,15,1.5,30,0,1,1,1,1.5,3,-1687.5,1772.5,-302.5,0,0,0,0;

custom,cylinder,pillar2tex,1,7.5,1,0,1,1,1,0,1,-1687.5,1880,-302.5,0,0,-0.7071068,0.7071068;
custom,cylinder,pillar2tex,1,7.5,1,0,1,1,1,0,1,-1687.5,2380,-152.5,0,0,-0.7071068,0.7071068;


custom,cuboid,stone3,15,1.5,130,0,1,1,1,1.5,13,-1687.5,2377,497.5,0,0,0,0;
custom,cuboid,stone2,15,1.5,130,0,1,1,1,1.5,13,-1687.5,2452,497.5,0,0,0,0;
racing,killcuboid,15,1.5,15,-1687.5,2452,-227.5,0,0,0,0;
racing,killcuboid,7,1.5,7,-1687.5,2452,-227.5,0,0.3826834,0,0.9238795;

racing,killcuboid,0.5,6,5,-1753.5,2415,147.5,0,0.1305262,0,0.9914449;
racing,killcuboid,0.5,6,5,-1747,2415,196,0,0,0,0;
racing,killcuboid,0.5,6,5,-1740.5,2415,244.5,0,0.1305262,0,0.9914449;
racing,killcuboid,0.5,6,5,-1734,2415,293,0,0,0,0;
racing,killcuboid,0.5,6,5,-1727.5,2415,341.5,0,0.1305262,0,0.9914449;
racing,killcuboid,0.5,6,5,-1721,2415,390,0,0,0,0;
racing,killcuboid,0.5,6,5,-1714.5,2415,438.5,0,0.1305262,0,0.9914449;
racing,killcuboid,0.5,6,5,-1708,2415,487,0,0,0,0;

racing,killcuboid,0.5,-6,5,-1621.5,2415,147.5,0.1305262,0,-0.9914449,0;
racing,killcuboid,0.5,-6,5,-1628,2415,196,0,0,0,0;
racing,killcuboid,0.5,-6,5,-1634.5,2415,244.5,0.1305262,0,-0.9914449,0;
racing,killcuboid,0.5,-6,5,-1641,2415,293,0,0,0,0;
racing,killcuboid,0.5,-6,5,-1647.5,2415,341.5,0.1305262,0,-0.9914449,0;
racing,killcuboid,0.5,-6,5,-1654,2415,390,0,0,0,0;
racing,killcuboid,0.5,-6,5,-1660.5,2415,438.5,0.1305262,0,-0.9914449,0;
racing,killcuboid,0.5,-6,5,-1667,2415,487,0,0,0,0;

racing,killcuboid,-0.5,-6,-5,-1753.5,2415,837,0.1305262,0,-0.9914449,0;
racing,killcuboid,-0.5,-6,-5,-1747,2415,788.5,0,0,0,0;
racing,killcuboid,-0.5,-6,-5,-1740.5,2415,740,0.1305262,0,-0.9914449,0;
racing,killcuboid,-0.5,-6,-5,-1734,2415,691.5,0,0,0,0;
racing,killcuboid,-0.5,-6,-5,-1727.5,2415,643,0.1305262,0,-0.9914449,0;
racing,killcuboid,-0.5,-6,-5,-1721,2415,594.5,0,0,0,0;
racing,killcuboid,-0.5,-6,-5,-1714.5,2415,546,0.1305262,0,-0.9914449,0;
racing,killcuboid,-0.5,-6,-5,-1708,2415,497.5,0,0,0,0;

racing,killcuboid,-0.5,6,-5,-1621.5,2415,837,0,0.1305262,0,0.9914449;
racing,killcuboid,-0.5,6,-5,-1628,2415,788.5,0,0,0,0;
racing,killcuboid,-0.5,6,-5,-1634.5,2415,740,0,0.1305262,0,0.9914449;
racing,killcuboid,-0.5,6,-5,-1641,2415,691.5,0,0,0,0;
racing,killcuboid,-0.5,6,-5,-1647.5,2415,643,0,0.1305262,0,0.9914449;
racing,killcuboid,-0.5,6,-5,-1654,2415,594.5,0,0,0,0;
racing,killcuboid,-0.5,6,-5,-1660.5,2415,546,0,0.1305262,0,0.9914449;
racing,killcuboid,-0.5,6,-5,-1667,2415,497.5,0,0,0,0;

custom,cuboid,pillar2tex,1.5,6,130,0,1,1,1,13,0.6,-1607.5,2414.5,497.5,0,0,0,0;
custom,cuboid,pillar2tex,1.5,6,130,0,1,1,1,13,0.6,-1767.5,2414.5,497.5,0,0,0,0;

racing,killcuboid,3.65,2,5,-1687.5,2395,487,0,0,0,0;
racing,killcylinder,2.5,2,2.5,-1687.5,2392.5,462,0,0,-0.7071068,0.7071068;
racing,killcylinder,2.5,2,2.5,-1687.5,2392.5,512,0,0,-0.7071068,0.7071068;

racing,killcuboid,3.65,2,5,-1687.5,2435,487,0,0,0,0;
racing,killcylinder,2.5,2,2.5,-1687.5,2437.5,462,0,0,-0.7071068,0.7071068;
racing,killcylinder,2.5,2,2.5,-1687.5,2437.5,512,0,0,-0.7071068,0.7071068;


racing,killcuboid,3,6,3,-1687.5,2415,1257,0,0,0,0;

racing,killcuboid,3,6,3,-1687.5,2415,1287,0,0,0,0;
racing,killcuboid,3,6,3,-1657.5,2415,1287,0,0,0,0;
racing,killcuboid,3,6,3,-1717.5,2415,1287,0,0,0,0;

racing,killcuboid,3,6,3,-1627.5,2415,1317,0,0,0,0;
racing,killcuboid,3,6,3,-1747.5,2415,1317,0,0,0,0;

racing,killcuboid,3,6,3,-1597.5,2415,1347,0,0,0,0;
racing,killcuboid,3,6,3,-1777.5,2415,1347,0,0,0,0;

racing,killcuboid,3,6,3,-1567.5,2415,1347,0,0,0,0;
racing,killcuboid,3,6,3,-1807.5,2415,1347,0,0,0,0;

racing,killcuboid,3,6,3,-1537.5,2415,1377,0,0,0,0;
racing,killcuboid,3,6,3,-1837.5,2415,1377,0,0,0,0;

custom,cylinder,pillar2tex,2,3,2,0,1,1,1,0,1,-1562.5,2415,1402,0,0,0,0;
custom,cylinder,pillar2tex,2,3,2,0,1,1,1,0,1,-1812.5,2415,1402,0,0,0,0;

custom,cylinder,pillar2tex,2,3,2,0,1,1,1,0,1,-1562.5,2415,1652,0,0,0,0;
custom,cylinder,pillar2tex,2,3,2,0,1,1,1,0,1,-1812.5,2415,1652,0,0,0,0;

racing,killcuboid,3,6,3,-1507.5,2415,1407,0,0,0,0;
racing,killcuboid,3,6,3,-1867.5,2415,1407,0,0,0,0;

racing,killcuboid,3,6,3,-1507.5,2415,1437,0,0,0,0;
racing,killcuboid,3,6,3,-1867.5,2415,1437,0,0,0,0;

racing,killcuboid,3,6,3,-1477.5,2415,1467,0,0,0,0;
racing,killcuboid,3,6,3,-1897.5,2415,1467,0,0,0,0;

racing,killcuboid,3,6,3,-1447.5,2415,1497,0,0,0,0;
racing,killcuboid,3,6,3,-1927.5,2415,1497,0,0,0,0;

racing,killcuboid,3,6,3,-1447.5,2415,1527,0,0,0,0;
racing,killcuboid,3,6,3,-1927.5,2415,1527,0,0,0,0;

racing,killcuboid,3,6,3,-1957.5,2415,1527,0,0,0,0;
racing,killcuboid,3,6,3,-1417.5,2415,1527,0,0,0,0;


custom,cylinder,pillar2tex,2,3,2,0,1,1,1,0,1,-1892.5,2415,1527,0,0,0,0;
custom,cylinder,pillar2tex,2,3,2,0,1,1,1,0,1,-1482.5,2415,1527,0,0,0,0;



racing,killcuboid,3,6,3,-1447.5,2415,1557,0,0,0,0;
racing,killcuboid,3,6,3,-1927.5,2415,1557,0,0,0,0;

racing,killcuboid,-3,-6,-3,-1687.5,2415,1797,0,0,0,0;

racing,killcuboid,-3,-6,-3,-1687.5,2415,1767,0,0,0,0;
racing,killcuboid,-3,-6,-3,-1657.5,2415,1767,0,0,0,0;
racing,killcuboid,-3,-6,-3,-1717.5,2415,1767,0,0,0,0;

racing,killcuboid,-3,-6,-3,-1627.5,2415,1737,0,0,0,0;
racing,killcuboid,-3,-6,-3,-1747.5,2415,1737,0,0,0,0;

racing,killcuboid,-3,-6,-3,-1597.5,2415,1707,0,0,0,0;
racing,killcuboid,-3,-6,-3,-1777.5,2415,1707,0,0,0,0;

racing,killcuboid,-3,-6,-3,-1567.5,2415,1707,0,0,0,0;
racing,killcuboid,-3,-6,-3,-1807.5,2415,1707,0,0,0,0;

racing,killcuboid,-3,-6,-3,-1537.5,2415,1677,0,0,0,0;
racing,killcuboid,-3,-6,-3,-1837.5,2415,1677,0,0,0,0;

racing,killcuboid,-3,-6,-3,-1507.5,2415,1647,0,0,0,0;
racing,killcuboid,-3,-6,-3,-1867.5,2415,1647,0,0,0,0;

racing,killcuboid,-3,-6,-3,-1507.5,2415,1617,0,0,0,0;
racing,killcuboid,-3,-6,-3,-1867.5,2415,1617,0,0,0,0;

racing,killcuboid,-3,-6,-3,-1477.5,2415,1587,0,0,0,0;
racing,killcuboid,-3,-6,-3,-1897.5,2415,1587,0,0,0,0;




custom,cuboid,stone3,95,1.5,90,0,1,1,1,9.5,9,-1687.5,2377,1597,0,0,0,0;
custom,cuboid,stone2,95,1.5,90,0,1,1,1,9.5,9,-1687.5,2452,1597,0,0,0,0;




custom,cuboid,pillar2tex,7,12,8,0,1,1,1,0.6,1,-1567.5,2415,1107,0,0,0,0;
custom,cuboid,pillar2tex,7,12,8,0,1,1,1,0.6,1,-1807.5,2415,1107,0,0,0,0;

custom,cuboid,pillar2tex,6,12,6,0,1,1,1,0.6,1,-1507.5,2415,1167,0,0,0,0;
custom,cuboid,pillar2tex,6,12,6,0,1,1,1,0.6,1,-1867.5,2415,1167,0,0,0,0;

custom,cuboid,pillar2tex,6,12,6,0,1,1,1,0.6,1,-1447.5,2415,1167,0,0,0,0;
custom,cuboid,pillar2tex,6,12,6,0,1,1,1,0.6,1,-1927.5,2415,1167,0,0,0,0;

custom,cuboid,pillar2tex,6,12,6,0,1,1,1,0.6,1,-1387.5,2415,1227,0,0,0,0;
custom,cuboid,pillar2tex,6,12,6,0,1,1,1,0.6,1,-1987.5,2415,1227,0,0,0,0;

custom,cuboid,pillar2tex,6,12,6,0,1,1,1,0.6,1,-1327.5,2415,1287,0,0,0,0;
custom,cuboid,pillar2tex,6,12,6,0,1,1,1,0.6,1,-2047.5,2415,1287,0,0,0,0;

custom,cuboid,pillar2tex,6,12,6,0,1,1,1,0.6,1,-1327.5,2415,1347,0,0,0,0;
custom,cuboid,pillar2tex,6,12,6,0,1,1,1,0.6,1,-2047.5,2415,1347,0,0,0,0;

custom,cuboid,pillar2tex,6,12,6,0,1,1,1,0.6,1,-1267.5,2415,1407,0,0,0,0;
custom,cuboid,pillar2tex,6,12,6,0,1,1,1,0.6,1,-2107.5,2415,1407,0,0,0,0;

custom,cuboid,pillar2tex,6,12,6,0,1,1,1,0.6,1,-1267.5,2415,1467,0,0,0,0;
custom,cuboid,pillar2tex,6,12,6,0,1,1,1,0.6,1,-2107.5,2415,1467,0,0,0,0;

custom,cuboid,pillar2tex,6,12,6,0,1,1,1,0.6,1,-1267.5,2415,1527,0,0,0,0;
custom,cuboid,pillar2tex,6,12,6,0,1,1,1,0.6,1,-2107.5,2415,1527,0,0,0,0;

custom,cuboid,pillar2tex,6,12,6,0,1,1,1,0.6,1,-1267.5,2415,1587,0,0,0,0;
custom,cuboid,pillar2tex,6,12,6,0,1,1,1,0.6,1,-2107.5,2415,1587,0,0,0,0;

custom,cuboid,pillar2tex,-6,-12,-6,0,1,1,1,0.6,1,-1627.5,2415,2007,0,0,0,0;
custom,cuboid,pillar2tex,-6,-12,-6,0,1,1,1,0.6,1,-1747.5,2415,2007,0,0,0,0;

custom,cuboid,pillar2tex,-6,-12,-6,0,1,1,1,0.6,1,-1567.5,2415,1947,0,0,0,0;
custom,cuboid,pillar2tex,-6,-12,-6,0,1,1,1,0.6,1,-1807.5,2415,1947,0,0,0,0;

custom,cuboid,pillar2tex,-6,-12,-6,0,1,1,1,0.6,1,-1507.5,2415,1887,0,0,0,0;
custom,cuboid,pillar2tex,-6,-12,-6,0,1,1,1,0.6,1,-1867.5,2415,1887,0,0,0,0;

custom,cuboid,pillar2tex,-6,-12,-6,0,1,1,1,0.6,1,-1447.5,2415,1887,0,0,0,0;
custom,cuboid,pillar2tex,-6,-12,-6,0,1,1,1,0.6,1,-1927.5,2415,1887,0,0,0,0;

custom,cuboid,pillar2tex,-6,-12,-6,0,1,1,1,0.6,1,-1387.5,2415,1827,0,0,0,0;
custom,cuboid,pillar2tex,-6,-12,-6,0,1,1,1,0.6,1,-1987.5,2415,1827,0,0,0,0;

custom,cuboid,pillar2tex,-6,-12,-6,0,1,1,1,0.6,1,-1327.5,2415,1767,0,0,0,0;
custom,cuboid,pillar2tex,-6,-12,-6,0,1,1,1,0.6,1,-2047.5,2415,1767,0,0,0,0;

custom,cuboid,pillar2tex,-6,-12,-6,0,1,1,1,0.6,1,-1327.5,2415,1707,0,0,0,0;
custom,cuboid,pillar2tex,-6,-12,-6,0,1,1,1,0.6,1,-2047.5,2415,1707,0,0,0,0;

custom,cuboid,pillar2tex,-6,-12,-6,0,1,1,1,0.6,1,-1267.5,2415,1647,0,0,0,0;
custom,cuboid,pillar2tex,-6,-12,-6,0,1,1,1,0.6,1,-2107.5,2415,1647,0,0,0,0;


custom,cuboid,pillar2tex,1.5,6,60,0,1,1,1,6,0.6,-1627.5,2414.5,2307,0,0,0,0;
custom,cuboid,pillar2tex,1.5,6,60,0,1,1,1,6,0.6,-1747.5,2415,2307,0,0,0,0;

racing,checkpointcuboid,12,6,1.5,-1687.5,2414.5,2107,0,0,0,0;

custom,cuboid,stone3,95,1.5,60,0,1,1,1,9.5,6,-1287.5,2377,2347,0,0,0,0;
custom,cuboid,stone3,95,1.5,60,0,1,1,1,9.5,6,-1287.5,2377,2947,0,0,0,0;


custom,cuboid,stone2,95,1.5,60,0,1,1,1,9.5,6,-1287.5,2452,2347,0,0,0,0;
custom,cuboid,stone2,95,1.5,60,0,1,1,1,9.5,6,-1287.5,2452,2947,0,0,0,0;

custom,cuboid,pillar2tex,1.5,6,10,0,1,1,1,1,0.6,-1747.5,2414.5,2657,0,0,0,0;
custom,cuboid,pillar2tex,20,6,1.5,0,1,1,1,2,0.6,-1654.5,2414.5,2707,0,0,0,0;

custom,cuboid,pillar2tex,15,6,1.5,0,1,1,1,2,0.6,-1554.5,2414.5,2607,0,0,0,0;

custom,cuboid,metal1,1.55,6.1,1.55,1,0,0.1,0.5,0,1,-1627.5,2414.5,2607,0,0,0,0;
custom,cuboid,metal1,1.55,6.1,1.55,1,0,0.1,0.5,0,1,-1547.5,2414.5,2707,0,0,0,0;

custom,cuboid,pillar2tex,1.5,6,40,0,1,1,1,4,0.6,-1547.5,2414.5,2907,0,0,0,0;

custom,cuboid,metal1,1.55,6.1,1.55,1,0,0.1,0.5,0,1,-1472.5,2414.5,3007,0,0,0,0;
custom,cuboid,pillar2tex,1.5,6,40,0,1,1,1,4,0.6,-1472.5,2414.5,2807,0,0,0,0;

custom,cuboid,pillar2tex,70,6,1.5,0,1,1,1,7,0.6,-1222.5,2414.5,3107,0,0,0,0;

custom,cuboid,pillar2tex,1.5,6,40,0,1,1,1,4,0.6,-972.5,2414.5,2807,0,0,0,0;
custom,cuboid,metal1,1.55,6.1,1.55,1,0,0.1,0.5,0,1,-972.5,2414.5,3007,0,0,0,0;

custom,cuboid,pillar2tex,1.5,6,40,0,1,1,1,4,0.6,-892.5,2414.5,2907,0,0,0,0;

custom,cuboid,pillar2tex,50,6,1.5,0,1,1,1,5,0.6,-1222.5,2414.5,2804,0,0,0,0;


custom,cylinder,pillar2tex,35,3,35,0,1,1,1,7,0.6,-1222.5,2415,3107,0,0,0,0;
custom,cylinder,metal1,35.1,1,35.1,1,0,0.1,0.5,0,1,-1222.5,2395,3107,0,0,0,0;
custom,cylinder,metal1,35.1,1.01,35.1,1,0,0.1,0.5,0,1,-1222.5,2435,3107,0,0,0,0;
racing,killcylinder,35.1,1,35.1,-1222.5,2415,3107,0,0,0,0;
racing,killcylinder,35.1,1,35.1,-1222.5,2415,3107,0,0.0871557,0,0.9961947;

racing,killcuboid,1.5,6,13,-1020,2414.5,2850,0,0.3826834,0,0.9238795;
racing,killcuboid,1.5,6,13,-1420,2414.5,2850,0,0.9238795,0,0.3826834;

custom,cuboid,pillar2tex,1.5,6,40,0,1,1,1,4,0.6,-892.5,2414.5,2507,0,0,0,0;
custom,cuboid,pillar2tex,40,6,1.5,0,1,1,1,4,0.6,-1082.5,2414.5,2304,0,0,0,0;

custom,cuboid,pillar2tex,1.5,2,20,0,1,1,1,4,0.2,-972.5,2415,2507,0,0,0,0;
racing,killcuboid,1.45,2,20,-972.5,2395,2507,0,0,0,0;
racing,killcuboid,1.45,2,20,-972.5,2435,2507,0,0,0,0;
custom,cuboid,metal1,1.55,6,1.55,1,0,0.1,0.5,0,1,-972.5,2414.5,2407,0,0,0,0;

custom,cuboid,pillar2tex,1.5,2,40,0,1,1,1,4,0.2,-1072.5,2415,2507,0,0,0,0;
racing,killcuboid,1.45,2,40,-1072.5,2395,2507,0,0,0,0;
racing,killcuboid,1.45,2,40,-1072.5,2435,2507,0,0,0,0;
custom,cuboid,metal1,1.55,6,1.55,1,0,0.1,0.5,0,1,-1072.5,2414.5,2707,0,0,0,0;

custom,cuboid,pillar2tex,1.5,2,40,0,1,1,1,4,0.2,-1172.5,2415,2597,0,0,0,0;
racing,killcuboid,1.45,2,40,-1172.5,2395,2597,0,0,0,0;
racing,killcuboid,1.45,2,40,-1172.5,2435,2597,0,0,0,0;
custom,cuboid,metal1,1.55,6,1.55,1,0,0.1,0.5,0,1,-1172.5,2414.5,2397,0,0,0,0;

custom,cuboid,pillar2tex,1.5,2,40,0,1,1,1,4,0.2,-1272.5,2415,2507,0,0,0,0;
racing,killcuboid,1.45,2,40,-1272.5,2395,2507,0,0,0,0;
racing,killcuboid,1.45,2,40,-1272.5,2435,2507,0,0,0,0;
custom,cuboid,metal1,1.55,6,1.55,1,0,0.1,0.5,0,1,-1272.5,2414.5,2707,0,0,0,0;

custom,cuboid,pillar2tex,1.5,6,40,0,1,1,1,4,0.6,-1472.5,2414.5,2407,0,0,0,0;

racing,killcuboid,0.5,6,6,-1445,2414.5,2775,0,0.9238795,0,0.3826834;
racing,killcuboid,0.5,6,16,-1424.5,2414.5,2675,0,0,0,0;

racing,killcuboid,0.5,6,6,-1405,2414.5,2575,0,0.9238795,0,0.3826834;
racing,killcuboid,0.5,6,16,-1384.5,2414.5,2475,0,0,0,0;
racing,killcuboid,0.5,6,10,-1384.5,2414.5,2345,0,0,0,0;
racing,killcuboid,9,5.5,0.5,-1428.5,2417.5,2297.5,0,0,0,0;
custom,cuboid,metal1,1.6,6,1.6,1,0,0.1,0.5,0,1,-1275.5,2414.5,2304,0,0,0,0;

custom,arc90,pillar2tex,20,12,20,0,1,1,1,2,1.2,-1398.5,2408,2165,0,0,0,0;

custom,cuboid,pillar2tex,40,6,1.5,0,1,1,1,4,0.6,-1248.5,2414.5,2125,0,0,0,0;

racing,killcuboid,5,6,7.5,-1248.5,2414.5,2260,0,0,0,0;
racing,killcuboid,5,6,7.5,-1108.5,2414.5,2170,0,0,0,0;

racing,killcuboid,3,3,3,-1248.5,2414.5,2260,-0.3535534,0.3535534,-0.1464466,0.8535534;
racing,killcuboid,3,3,3,-1108.5,2414.5,2170,-0.3535534,0.3535534,-0.1464466,0.8535534;

racing,killcuboid,3,3,3,-1248.5,2414.5,2260,0.3535534,-0.3535534,-0.1464466,0.8535534;
racing,killcuboid,3,3,3,-1108.5,2414.5,2170,0.3535534,-0.3535534,-0.1464466,0.8535534;

custom,cuboid,metal1,1.55,6,1.55,1,0,0.1,0.5,0,1,-1048.5,2414.5,2125,0,0,0,0;

custom,cuboid,pillar2tex,1.5,6,40,0,1,1,1,4,0.6,-1048.5,2414.5,1925,0,0,0,0;
custom,cuboid,pillar2tex,1.5,6,58,0,1,1,1,6,0.6,-948.5,2414.5,2007.5,0,0,0,0;


custom,cuboid,pillar2tex,1.5,26,40,0,1,1,1,4,2.6,-1048.5,2255,1925,0,0,0,0;
custom,cuboid,pillar2tex,1.5,26,40,0,1,1,1,4,2.6,-948.5,2255,1925,0,0,0,0;


custom,cuboid,stone2,10,1.5,18,0,1,1,1,1,1.8,-998.5,2452,1957.5,0,0,0,0;
custom,arc180,pillar2tex,20,19,20,0,1,1,1,2,2,-998.5,2290,1857.5,-0.5,-0.5,-0.5,0.5;


racing,killcylinder,15,5,15,-998.5,2310,2044.5,0,0,-0.7071068,0.7071068;
custom,cylinder,metal1,5,5,5,1,0,0.1,0.5,0,1,-998.5,2310,2024.5,0,0,-0.7071068,0.7071068;

racing,killcuboid,10,1.5,40,-998.5,2242.5,2344.5,0,0,0,0;
racing,killcuboid,10,1.5,40,-998.5,2122.5,2344.5,0,0,0,0;

racing,killcuboid,10,1.5,10,-998.5,2122.5,1999.5,0,0,0,0;

racing,killcuboid,10,1.5,10,-998.5,2122.5,2099.5,0,0,0,0;
racing,killcuboid,10,1.5,10,-998.5,2242.5,2099.5,0,0,0,0;

racing,killcuboid,0.45,13,45,-948.5,2182.5,2344.5,0,0,0,0;
racing,killcuboid,0.45,13,45,-1048.5,2182.5,2344.5,0,0,0,0;

custom,cuboid,pillar2tex,2,12,2,0,1,1,1,0.2,1.2,-948.5,2182.5,2124.5,0,0.414,0,1;

custom,cuboid,pillar2tex,2,5.5,2,0,1,1,1,0.2,1.2,-948.5,2214.5,2149.5,0,0.414,0,1;
custom,cuboid,pillar2tex,2,5.5,2,0,1,1,1,0.2,1.2,-948.5,2150.5,2149.5,0,0.414,0,1;
custom,cuboid,pillar2tex,2,5.5,2,0,1,1,1,0.2,1.2,-948.5,2214.5,2174.5,0,0.414,0,1;
custom,cuboid,pillar2tex,2,5.5,2,0,1,1,1,0.2,1.2,-948.5,2150.5,2174.5,0,0.414,0,1;
custom,cuboid,pillar2tex,2,5.5,2,0,1,1,1,0.2,1.2,-948.5,2214.5,2199.5,0,0.414,0,1;
custom,cuboid,pillar2tex,2,5.5,2,0,1,1,1,0.2,1.2,-948.5,2150.5,2199.5,0,0.414,0,1;
custom,cuboid,pillar2tex,2,5.5,2,0,1,1,1,0.2,1.2,-948.5,2214.5,2224.5,0,0.414,0,1;
custom,cuboid,pillar2tex,2,5.5,2,0,1,1,1,0.2,1.2,-948.5,2150.5,2224.5,0,0.414,0,1;

custom,cuboid,pillar2tex,2,4.5,2,0,1,1,1,0.2,1.2,-948.5,2220,2249.5,0,0.414,0,1;
custom,cuboid,pillar2tex,2,4.5,2,0,1,1,1,0.2,1.2,-948.5,2144.5,2249.5,0,0.414,0,1;
custom,cuboid,pillar2tex,2,4.5,2,0,1,1,1,0.2,1.2,-948.5,2220.5,2274.5,0,0.414,0,1;
custom,cuboid,pillar2tex,2,4.5,2,0,1,1,1,0.2,1.2,-948.5,2144.5,2274.5,0,0.414,0,1;
custom,cuboid,pillar2tex,2,4.5,2,0,1,1,1,0.2,1.2,-948.5,2220,2299.5,0,0.414,0,1;
custom,cuboid,pillar2tex,2,4.5,2,0,1,1,1,0.2,1.2,-948.5,2144.5,2299.5,0,0.414,0,1;
custom,cuboid,pillar2tex,2,4.5,2,0,1,1,1,0.2,1.2,-948.5,2220.5,2324.5,0,0.414,0,1;
custom,cuboid,pillar2tex,2,4.5,2,0,1,1,1,0.2,1.2,-948.5,2144.5,2324.5,0,0.414,0,1;

custom,cuboid,pillar2tex,2,12,2,0,1,1,1,0.2,1.2,-948.5,2182.5,2349.5,0,0.414,0,1;

custom,cuboid,pillar2tex,2,4.5,2,0,1,1,1,0.2,1.2,-948.5,2220,2374.5,0,0.414,0,1;
custom,cuboid,pillar2tex,2,4.5,2,0,1,1,1,0.2,1.2,-948.5,2144.5,2374.5,0,0.414,0,1;
custom,cuboid,pillar2tex,2,4.5,2,0,1,1,1,0.2,1.2,-948.5,2220.5,2399.5,0,0.414,0,1;
custom,cuboid,pillar2tex,2,4.5,2,0,1,1,1,0.2,1.2,-948.5,2144.5,2399.5,0,0.414,0,1;
custom,cuboid,pillar2tex,2,4.5,2,0,1,1,1,0.2,1.2,-948.5,2220,2424.5,0,0.414,0,1;
custom,cuboid,pillar2tex,2,4.5,2,0,1,1,1,0.2,1.2,-948.5,2144.5,2424.5,0,0.414,0,1;
custom,cuboid,pillar2tex,2,4.5,2,0,1,1,1,0.2,1.2,-948.5,2220.5,2449.5,0,0.414,0,1;
custom,cuboid,pillar2tex,2,4.5,2,0,1,1,1,0.2,1.2,-948.5,2144.5,2449.5,0,0.414,0,1;

custom,cuboid,pillar2tex,2,5.5,2,0,1,1,1,0.2,1.2,-948.5,2214.5,2474.5,0,0.414,0,1;
custom,cuboid,pillar2tex,2,5.5,2,0,1,1,1,0.2,1.2,-948.5,2150.5,2474.5,0,0.414,0,1;
custom,cuboid,pillar2tex,2,5.5,2,0,1,1,1,0.2,1.2,-948.5,2214.5,2499.5,0,0.414,0,1;
custom,cuboid,pillar2tex,2,5.5,2,0,1,1,1,0.2,1.2,-948.5,2150.5,2499.5,0,0.414,0,1;
custom,cuboid,pillar2tex,2,5.5,2,0,1,1,1,0.2,1.2,-948.5,2214.5,2524.5,0,0.414,0,1;
custom,cuboid,pillar2tex,2,5.5,2,0,1,1,1,0.2,1.2,-948.5,2150.5,2524.5,0,0.414,0,1;
custom,cuboid,pillar2tex,2,5.5,2,0,1,1,1,0.2,1.2,-948.5,2214.5,2549.5,0,0.414,0,1;
custom,cuboid,pillar2tex,2,5.5,2,0,1,1,1,0.2,1.2,-948.5,2150.5,2549.5,0,0.414,0,1;

custom,cuboid,pillar2tex,2,12,2,0,1,1,1,0.2,1.2,-948.5,2182.5,2574.5,0,0.414,0,1;

custom,cuboid,pillar2tex,2,12,2,0,1,1,1,0.2,1.2,-1048.5,2182.5,2124.5,0,0.414,0,1;

custom,cuboid,pillar2tex,2,5.5,2,0,1,1,1,0.2,1.2,-1048.5,2214.5,2149.5,0,0.414,0,1;
custom,cuboid,pillar2tex,2,5.5,2,0,1,1,1,0.2,1.2,-1048.5,2150.5,2149.5,0,0.414,0,1;
custom,cuboid,pillar2tex,2,5.5,2,0,1,1,1,0.2,1.2,-1048.5,2214.5,2174.5,0,0.414,0,1;
custom,cuboid,pillar2tex,2,5.5,2,0,1,1,1,0.2,1.2,-1048.5,2150.5,2174.5,0,0.414,0,1;
custom,cuboid,pillar2tex,2,5.5,2,0,1,1,1,0.2,1.2,-1048.5,2214.5,2199.5,0,0.414,0,1;
custom,cuboid,pillar2tex,2,5.5,2,0,1,1,1,0.2,1.2,-1048.5,2150.5,2199.5,0,0.414,0,1;
custom,cuboid,pillar2tex,2,5.5,2,0,1,1,1,0.2,1.2,-1048.5,2214.5,2224.5,0,0.414,0,1;
custom,cuboid,pillar2tex,2,5.5,2,0,1,1,1,0.2,1.2,-1048.5,2150.5,2224.5,0,0.414,0,1;

custom,cuboid,pillar2tex,2,4.5,2,0,1,1,1,0.2,1.2,-1048.5,2220,2249.5,0,0.414,0,1;
custom,cuboid,pillar2tex,2,4.5,2,0,1,1,1,0.2,1.2,-1048.5,2144.5,2249.5,0,0.414,0,1;
custom,cuboid,pillar2tex,2,4.5,2,0,1,1,1,0.2,1.2,-1048.5,2220.5,2274.5,0,0.414,0,1;
custom,cuboid,pillar2tex,2,4.5,2,0,1,1,1,0.2,1.2,-1048.5,2144.5,2274.5,0,0.414,0,1;
custom,cuboid,pillar2tex,2,4.5,2,0,1,1,1,0.2,1.2,-1048.5,2220,2299.5,0,0.414,0,1;
custom,cuboid,pillar2tex,2,4.5,2,0,1,1,1,0.2,1.2,-1048.5,2144.5,2299.5,0,0.414,0,1;
custom,cuboid,pillar2tex,2,4.5,2,0,1,1,1,0.2,1.2,-1048.5,2220.5,2324.5,0,0.414,0,1;
custom,cuboid,pillar2tex,2,4.5,2,0,1,1,1,0.2,1.2,-1048.5,2144.5,2324.5,0,0.414,0,1;

custom,cuboid,pillar2tex,2,12,2,0,1,1,1,0.2,1.2,-1048.5,2182.5,2349.5,0,0.414,0,1;

custom,cuboid,pillar2tex,2,4.5,2,0,1,1,1,0.2,1.2,-1048.5,2220,2374.5,0,0.414,0,1;
custom,cuboid,pillar2tex,2,4.5,2,0,1,1,1,0.2,1.2,-1048.5,2144.5,2374.5,0,0.414,0,1;
custom,cuboid,pillar2tex,2,4.5,2,0,1,1,1,0.2,1.2,-1048.5,2220.5,2399.5,0,0.414,0,1;
custom,cuboid,pillar2tex,2,4.5,2,0,1,1,1,0.2,1.2,-1048.5,2144.5,2399.5,0,0.414,0,1;
custom,cuboid,pillar2tex,2,4.5,2,0,1,1,1,0.2,1.2,-1048.5,2220,2424.5,0,0.414,0,1;
custom,cuboid,pillar2tex,2,4.5,2,0,1,1,1,0.2,1.2,-1048.5,2144.5,2424.5,0,0.414,0,1;
custom,cuboid,pillar2tex,2,4.5,2,0,1,1,1,0.2,1.2,-1048.5,2220.5,2449.5,0,0.414,0,1;
custom,cuboid,pillar2tex,2,4.5,2,0,1,1,1,0.2,1.2,-1048.5,2144.5,2449.5,0,0.414,0,1;

custom,cuboid,pillar2tex,2,5.5,2,0,1,1,1,0.2,1.2,-1048.5,2214.5,2474.5,0,0.414,0,1;
custom,cuboid,pillar2tex,2,5.5,2,0,1,1,1,0.2,1.2,-1048.5,2150.5,2474.5,0,0.414,0,1;
custom,cuboid,pillar2tex,2,5.5,2,0,1,1,1,0.2,1.2,-1048.5,2214.5,2499.5,0,0.414,0,1;
custom,cuboid,pillar2tex,2,5.5,2,0,1,1,1,0.2,1.2,-1048.5,2150.5,2499.5,0,0.414,0,1;
custom,cuboid,pillar2tex,2,5.5,2,0,1,1,1,0.2,1.2,-1048.5,2214.5,2524.5,0,0.414,0,1;
custom,cuboid,pillar2tex,2,5.5,2,0,1,1,1,0.2,1.2,-1048.5,2150.5,2524.5,0,0.414,0,1;
custom,cuboid,pillar2tex,2,5.5,2,0,1,1,1,0.2,1.2,-1048.5,2214.5,2549.5,0,0.414,0,1;
custom,cuboid,pillar2tex,2,5.5,2,0,1,1,1,0.2,1.2,-1048.5,2150.5,2549.5,0,0.414,0,1;

custom,cuboid,pillar2tex,2,12,2,0,1,1,1,0.2,1.2,-1048.5,2182.5,2574.5,0,0.414,0,1;

racing,endcuboid,10,12,2.5,-998.5,2182.5,2549.5,0,0,0,0;


custom,cylinder,grass2,60,1.5,60,0,1,1,1,6,6,-998.5,2122.5,2844.5,0,0,0,0;
racing,checkpointcylinder,55,1.3,55,-998.5,2124.45,2844.5,0,0,0,0;


custom,cylinder,wallmat,12,0.5,12,0,1,1,1,6,6,-998.5,2064.45,2844.5,0,0,0,0;
custom,cylinder,default,12.1,0.45,12.1,1,0,0,0,6,6,-998.5,2064.45,2844.5,0,0,0,0;
custom,cylinder,default,0.25,2.2,0.25,1,0,0,0,6,6,-998.5,2090.45,2794.5,0,0,0,0;
custom,cylinder,default,0.25,2.2,0.25,1,0,0,0,6,6,-998.5,2090.45,2894.5,0,0,0,0;
custom,cylinder,default,0.25,2.2,0.25,1,0,0,0,6,6,-948.5,2090.45,2844.5,0,0,0,0;
custom,cylinder,default,0.25,2.2,0.25,1,0,0,0,6,6,-1048.5,2090.45,2844.5,0,0,0,0;


custom,boulder3,transparent0.5,1,3,1.5,1,0,0,1,1,1,-998.884375,2225.282125,2844.5,0,0.7806331,0,-0.6249896;
custom,boulder3,ice1,0.98,2.98,1.48,1,0,0,1,0.1,0.2,-998.884375,2225.282125,2844.5,0,0.7806331,0,-0.6249896;


custom,tube,transparent0.2,4.375,17.5,4.375,1,0,1,0.3,99999,999999,-998.064625,2222,2844.5,0,0,0,0;


custom,cylinder,rock2tex,4.375,0.125,4.375,1,0,0.2,0.6,1,1,-998.064625,2162.5,2844.5,0,0,0,0;
custom,tube,metal1,4.375,0.5,4.375,1,1,0.9,0,0,1,-998.064625,2162.5,2844.5,0,0,0,0;
custom,tube,metal1,4.4375,0.4875,4.4375,1,1,0.9,0,1,0.04,-998.064625,2162.5,2844.5,0,0,0,0;


custom,cylinder,rock2tex,4.375,0.125,4.375,1,0,0.2,0.6,1,1,-998.064625,2287.5,2844.5,0,0,0,0;
custom,tube,metal1,4.375,0.5,4.375,1,1,0.9,0,0,1,-998.064625,2287.5,2844.5,0,0,0,0;
custom,tube,metal1,4.4375,0.4875,4.4375,1,1,0.9,0,1,0.04,-998.064625,2287.5,2844.5,0,0,0,0;


custom,arc180,default,0.4,0.4,0.4,1,0,0,0,1,1,-998.064625,2285,2869.5,0,0,0.7071068,0.7071068;
custom,arc180,default,0.4,0.4,0.4,1,0,0,0,1,1,-998.064625,2285,2818.5,0,0,0.7071068,0.7071068;
custom,arc180,default,0.4,0.4,0.4,1,0,0,0,1,1,-1023.5,2285,2844.5,0.5,0.5,0.5,0.5;
custom,arc180,default,0.4,0.4,0.4,1,0,0,0,1,1,-971.5,2285,2844.5,0.5,0.5,0.5,0.5;

custom,cuboid,default,0.08,3,0.2,1,0,0,0,1,1,-968,2302,2844.5,0,0,0,0;
custom,cuboid,default,0.08,3,0.2,1,0,0,0,1,1,-1027.15,2302,2844.5,0,0,0,0;

custom,cuboid,default,0.2,3,0.08,1,0,0,0,1,1,-998.064625,2302,2873,0,0,0,0;
custom,cuboid,default,0.2,3,0.08,1,0,0,0,1,1,-998.064625,2302,2814.8,0,0,0,0;


custom,cuboid,wallmat,14,0.5,14,0,0,0,0,7,7,-998.064625,2320,2844.5,0,0,0,0;
custom,cylinder,wallmat,8,0.5,8,0,0,0,0,7,7,-998.064625,2320,2844.5,0,0,0,0;
custom,cuboid,wallmat,14,0.45,14,0,0,0,0,7,7,-998.064625,2320,2844.5,0,0.3826834,0,0.9238795;

custom,boulder3,transparent0.5,1,3,1.5,1,0,0,1,1,1,-998.884375,2225.282125,2844.5,0,0.7806331,0,-0.6249896;
custom,boulder3,ice1,0.97,2.97,1.47,1,0,0,1,0.1,0.2,-998.884375,2225.282125,2844.5,0,0.7806331,0,-0.6249896;


custom,tube,transparent0.2,4.375,17.5,4.375,1,0,1,0.3,99999,999999,-998.064625,2222,2844.5,0,0,0,0;


custom,cylinder,rock2tex,4.375,0.125,4.375,1,0,0.2,0.6,1,1,-998.064625,2162.5,2844.5,0,0,0,0;
custom,tube,metal1,4.375,0.5,4.375,1,1,0.9,0,0,1,-998.064625,2162.5,2844.5,0,0,0,0;
custom,tube,metal1,4.4375,0.4875,4.4375,1,1,0.9,0,1,0.04,-998.064625,2162.5,2844.5,0,0,0,0;


custom,cylinder,rock2tex,4.375,0.125,4.375,1,0,0.2,0.6,1,1,-998.064625,2287.5,2844.5,0,0,0,0;
custom,tube,metal1,4.375,0.5,4.375,1,1,0.9,0,0,1,-998.064625,2287.5,2844.5,0,0,0,0;
custom,tube,metal1,4.4375,0.4875,4.4375,1,1,0.9,0,1,0.04,-998.064625,2287.5,2844.5,0,0,0,0;


custom,arc180,default,0.4,0.4,0.4,1,0,0,0,1,1,-998.064625,2285,2869.5,0,0,0.7071068,0.7071068;
custom,arc180,default,0.4,0.4,0.4,1,0,0,0,1,1,-998.064625,2285,2818.5,0,0,0.7071068,0.7071068;
custom,arc180,default,0.4,0.4,0.4,1,0,0,0,1,1,-1023.5,2285,2844.5,0.5,0.5,0.5,0.5;
custom,arc180,default,0.4,0.4,0.4,1,0,0,0,1,1,-971.5,2285,2844.5,0.5,0.5,0.5,0.5;

custom,cuboid,default,0.08,3,0.2,1,0,0,0,1,1,-968,2302,2844.5,0,0,0,0;
custom,cuboid,default,0.08,3,0.2,1,0,0,0,1,1,-1027.15,2302,2844.5,0,0,0,0;

custom,cuboid,default,0.2,3,0.08,1,0,0,0,1,1,-998.064625,2302,2873,0,0,0,0;
custom,cuboid,default,0.2,3,0.08,1,0,0,0,1,1,-998.064625,2302,2814.8,0,0,0,0;


custom,cuboid,wallmat,14,0.5,14,0,0,0,0,7,7,-998.064625,2320,2844.5,0,0,0,0;
custom,cylinder,wallmat,8,0.5,8,0,0,0,0,7,7,-998.064625,2320,2844.5,0,0,0,0;
custom,cuboid,wallmat,14,0.45,14,0,0,0,0,7,7,-998.064625,2320,2844.5,0,0.3826834,0,0.9238795;

custom,cuboid,metal1,14.2,0.4,14.2,1,1,0.9,0,0,1,-998.064625,2320,2844.5,0,0,0,0;
custom,cuboid,metal1,14.2,0.4,14.2,1,1,0.9,0,0,1,-998.064625,2320,2844.5,0,0.3826834,0,0.9238795;

custom,cylinder,metal1,8.2,0.45,8.2,1,1,0.9,0,0,1,-998.064625,2320,2844.5,0,0.3826834,0,0.9238795;


custom,cylinder,wallmat,7,0.3,7,0,0,0,0,7,7,-998.064625,2158,2844.5,0,0,0,0;
custom,cylinder,metal1,7.25,0.28,7.25,1,1,0.9,0,0,1,-998.064625,2158,2844.5,0,0.3826834,0,0.9238795;

custom,cylinder,wallmat,8,0.3,8,0,0,0,0,7,7,-998.064625,2153,2844.5,0,0,0,0;
custom,cylinder,metal1,8.25,0.28,8.25,1,1,0.9,0,0,1,-998.064625,2153,2844.5,0,0.3826834,0,0.9238795;

custom,cylinder,wallmat,9,0.3,9,0,0,0,0,7,7,-998.064625,2148,2844.5,0,0,0,0;
custom,cylinder,metal1,9.25,0.28,9.25,1,1,0.9,0,0,1,-998.064625,2148,2844.5,0,0.3826834,0,0.9238795;

custom,cylinder,wallmat,10,0.3,10,0,0,0,0,7,7,-998.064625,2143,2844.5,0,0,0,0;
custom,cylinder,metal1,10.35,0.28,10.35,1,1,0.9,0,0,1,-998.064625,2143,2844.5,0,0.3826834,0,0.9238795;

custom,cylinder,wallmat,11,0.3,11,0,0,0,0,7,7,-998.064625,2138,2844.5,0,0,0,0;
custom,cylinder,metal1,11.35,0.28,11.35,1,1,0.9,0,0,1,-998.064625,2138,2844.5,0,0.3826834,0,0.9238795;


custom,sphere,rock2tex,4,6,4,1,0,0.2,0.6,7,7,-998.064625,2332,2846.5,0,0,0,0;

custom,cylinder,default,0.4,2.8,0.4,1,0,0,0,1,1,-1078.064625,2347,2846.5,0,0,0,0;
custom,cylinder,default,0.4,2.8,0.4,1,0,0,0,1,1,-918.064625,2347,2846.5,0,0,0,0;

custom,cylinder,default,0.4,2.8,0.4,1,0,0,0,1,1,-998.064625,2347,2766.5,0,0,0,0;
custom,cylinder,default,0.4,2.8,0.4,1,0,0,0,1,1,-998.064625,2347,2926.5,0,0,0,0;


custom,cylinder,wallmat,60.1,1.4,60.1,0,1,1,1,6,0.14,-998.5,2122.5,2844.5,0,0,0,0;


custom,statue1,wallmat,1.5,1.5,1.5,0,1,1,1,0,1,-1048.5,2137.5,2609.5,0,0.7071068,0,0.7071068;
custom,statue1,wallmat,-1.5,1.5,1.5,0,1,1,1,0,1,-948.5,2137.5,2609.5,0,-0.7071068,0,0.7071068;
custom,statue1,wallmat,1.5,1.5,1.5,0,1,1,1,0,1,-1098.5,2137.5,2659.5,0,0.7071068,0,0.7071068;
custom,statue1,wallmat,-1.5,1.5,1.5,0,1,1,1,0,1,-898.5,2137.5,2659.5,0,-0.7071068,0,0.7071068;

custom,statue1,wallmat,1.5,1.5,1.5,0,1,1,1,0,1,-1148.5,2137.5,2709.5,0,0.7071068,0,0.7071068;
custom,statue1,wallmat,-1.5,1.5,1.5,0,1,1,1,0,1,-848.5,2137.5,2709.5,0,-0.7071068,0,0.7071068;
custom,statue1,wallmat,1.5,1.5,1.5,0,1,1,1,0,1,-1198.5,2137.5,2759.5,0,0.7071068,0,0.7071068;
custom,statue1,wallmat,-1.5,1.5,1.5,0,1,1,1,0,1,-798.5,2137.5,2759.5,0,-0.7071068,0,0.7071068;




custom,cuboid,metal1,2.1,4,2.1,1,1,0.95,0,0.005,1,-1007.5,2170,2980,0,0.7071068,0,0.7071068;
custom,pyramid,wallmat,3,2,3,0,1,1,1,0.005,1,-1007.5,2150,2980,0,0.7071068,0,0.7071068;
custom,cuboid,wallmat,2.02,0.15,2.02,0,1,0.95,0,0.005,1,-1007.5,2190,2980,0,1,0,0;
custom,killcuboid,transparent0.3,1.98,3,1.98,1,1,0.95,0,1,1,-1007.5,2205,2980,0,1,0,0;


custom,cuboid,metal3,2.1,3,2.1,1,0.8,0.8,0.8,0.005,1,-1057.5,2165,3030,0,0.7071068,0,0.7071068;
custom,pyramid,wallmat,3,2,3,0,1,1,1,0.005,1,-1057.5,2150,3030,0,0.7071068,0,0.7071068;
custom,cuboid,wallmat,2.02,0.15,2.02,0,0.8,0.8,0.8,0.005,1,-1057.5,2180,3030,0,1,0,0;
custom,killcuboid,transparent0.3,1.98,3,1.98,1,0.8,0.8,0.8,1,1,-1057.5,2195,3030,0,1,0,0;


custom,cuboid,metal1,2,2,2,1,1,0.55,0,0.005,1,-957.5,2160,3030,0,0.7071068,0,0.7071068;
custom,pyramid,wallmat,3,2,3,0,1,1,1,0.005,1,-957.5,2150,3030,0,0.7071068,0,0.7071068;
custom,cuboid,wallmat,2.02,0.15,2.02,0,1,0.55,0,0.005,1,-957.5,2170,3030,0,1,0,0;
custom,killcuboid,transparent0.3,1.98,3,1.98,1,1,0.55,0,1,1,-957.5,2185,3030,0,1,0,0;


racing,killcuboid,2,2,1,-1687.5,2137.5,-310,0,0,-0.3826834,0.9238795;

racing,killcuboid,6,1,1,-1705.5,2135,-310,0,0,-0.3826834,0.9238795;
racing,killcuboid,6,1,1,-1669.5,2135,-310,0,0,0.3826834,0.9238795;
racing,killcuboid,5,1,1,-1702.5,2117.5,-310,0,0,-0.3826834,0.9238795;
racing,killcuboid,5,1,1,-1672.5,2117.5,-310,0,0,0.3826834,0.9238795;
racing,killcuboid,4,1,1,-1698.5,2100,-310,0,0,-0.3826834,0.9238795;
racing,killcuboid,4,1,1,-1676.5,2100,-310,0,0,0.3826834,0.9238795;

misc,barrier,75,1,40,115,2210,-2180,0,0,0,0;
misc,barrier,1,4,40,-125,2207.5,-2180,0,0,0,0;
misc,barrier,95,1,10,215,2210,-2184,0,0,0,0;
misc,barrier,1,4,10,675,2190,-2190,0,0,0,0;

misc,barrier,65,12,2,175,2150,-2240,0,0,0,0;
misc,barrier,65,12,2,175,2150,-2130,0,0,0,0;
misc,barrier,65,12,0.5,175,2150,-2370,0,0,0,0;
misc,barrier,65,12,0.5,175,2150,-2000,0,0,0,0;


custom,sphere,rock2tex,1,1.5,1,1,0,1,0.1,7,7,645,2175,-2185,0,0,0,0;
custom,sphere,rock2tex,1,1.5,1,1,1,0,0,7,7,2,2095,-1710,0,0,0,0;
custom,sphere,rock2tex,1,1.5,1,1,0,1,1,7,7,-998.5,2470,1957.5,0,0,0,0;

custom,sphere,ice1,1.05,1.55,0.25,1,0,1,1,7,7,-998.5,2470,1957.5,0,0,0,0;

custom,sphere,rock2tex,1,1.5,1,1,0.3,0,0.5,7,7,-1455,2388,2735,0,0,0,0;
custom,sphere,rock2tex,1,1.5,1,1,0.75,0,1,7,7,-1687.5,2185,-329,0,0,0,0;




custom,killcuboid,stone2,1,4,10,0,1,1,1,1,0.4,675,2190,-2190,0,0,0,0;
custom,killcuboid,stone2,1,5.98,10,0,1,1,1,1,0.6,547,2185,-2190,0,0,0,0;

custom,cuboid,pillar2tex,14.5,1,14,0,1,1,1,1,1,-1687.5,2240,-376,0,1,0,0;
custom,cuboid,pillar2tex,14.5,1,2,0,1,1,1,1,1,-1687.5,2235,-450,0,0.9238795,-0.3826834,0;

custom,cylinder,pillar2tex,1,7.25,1,0,1,1,1,1,1,-1687.5,2227.5,-458,0.7071068,0.7071068,0,0;
custom,cylinder,pillar2tex,1,3,1,0,1,1,1,1,1,-1617.5,2200,-450,0,1,0,0;
custom,cylinder,pillar2tex,1,3,1,0,1,1,1,1,1,-1757.5,2200,-450,0,1,0,0;

custom,cylinder,pillar2tex,1,3,1,0,1,1,1,1,1,-1622.5,2200,-455,0,1,0,0;
custom,cylinder,pillar2tex,1,3,1,0,1,1,1,1,1,-1752.5,2200,-455,0,1,0,0;
custom,cylinder,pillar2tex,1,3,1,0,1,1,1,1,1,-1627.5,2200,-457,0,1,0,0;
custom,cylinder,pillar2tex,1,3,1,0,1,1,1,1,1,-1747.5,2200,-457,0,1,0,0;

custom,cuboid,pillar2tex,4,6,1,0,1,1,1,1,1,-1727.5,2200,-457,0,1,0,0;
custom,cuboid,pillar2tex,4,6,1,0,1,1,1,1,1,-1647.5,2200,-457,0,1,0,0;

custom,cylinder,pillar2tex,1,3,1,0,1,1,1,1,1,-1667.5,2200,-457,0,1,0,0;
custom,cylinder,pillar2tex,1,3,1,0,1,1,1,1,1,-1707.5,2200,-457,0,1,0,0;


custom,cuboid,default,3.5,0.875,1.75,1,0.5,0.25,0,1,1,-1687.5,2179.0916102,-329.0499171,0,0,0,0;
custom,cuboid,default,3.0625,0.9625,1.3125,1,0,0,0,1,1,-1687.5,2179.6603602,-329.0499171,0,0,0,0;
custom,cuboid,default,0.175,0.9625,1.8375,1,0,0,0,1,1,-1674.375,2179.0916102,-329.0499171,0,0,0,0;
custom,cuboid,default,0.175,0.9625,1.8375,1,0,0,0,1,1,-1700.625,2179.0916102,-329.0499171,0,0,0,0;
custom,cuboid,default,3.5,0.875,1.75,1,0.5,0.25,0,1,1,-1687.5,2192.664096,-321.8169707,-0.8870108,0,0,0.4617486;
custom,cuboid,default,0.13125,0.21875,1.75,1,0,0,0,1,1,-1687.5,2190.914096,-325.3169707,-0.8870108,0,0,0.4617486;
custom,cuboid,default,3.0625,0.9625,1.3125,1,0,0,0,1,1,-1687.5,2192.3378743,-322.2828634,-0.8870108,0,0,0.4617486;
custom,cuboid,default,0.175,0.9625,1.8375,1,0,0,0,1,1,-1674.375,2192.664096,-321.8169707,-0.8870108,0,0,0.4617486;
custom,cuboid,default,0.175,0.9625,1.8375,1,0,0,0,1,1,-1700.625,2192.664096,-321.8169707,-0.8870108,0,0,0.4617486;



custom,arc180,wagontex,3.5,0.385,3.5,0,1,1,1,2,2,-1550,2385,2482.5,0,0.7071068,0,0.7071068;
custom,arc180,wagontex,3.5,0.35,3.5,0,1,1,1,2,2,-1567.5,2385,2500,0,1,0,0;
custom,arc180,wagontex,3.5,0.35,3.5,0,1,1,1,2,2,-1532.5,2385,2500,0,0,0,1;
custom,arc180,wagontex,3.5,0.35,3.5,0,1,1,1,2,2,-1550,2385,2517.5,-0.7071068,0,-0.7071068,0;
custom,arc180,wagontex,3.5,0.385,3.5,0,1,1,1,2,2,-1537.6256313,2385,2487.6256313,0,0.3826835,0,0.9238795;
custom,arc180,wagontex,3.5,0.35,3.5,0,1,1,1,2,2,-1562.3743687,2385,2487.6256313,0,0.9238795,0,0.3826835;
custom,arc180,wagontex,3.5,0.35,3.5,0,1,1,1,2,2,-1537.6256313,2385,2512.3743687,0,-0.3826835,0,0.9238795;
custom,arc180,wagontex,3.5,0.35,3.5,0,1,1,1,2,2,-1562.3743687,2385,2512.3743687,-0.3826835,0,-0.9238795,0;
custom,cylinder,cannonwallmat,5.25,0.35,5.25,0,1,1,1,20,20,-1550,2385,2500,0,0,0,1;
custom,cylinder,metal2,4.375,0.4375,4.375,0,1,1,1,1,1,-1550,2385,2500,0,0,0,1;
custom,cylinder,metal1,1.75,0.525,1.75,1,1,0.9,0,0,1,-1550,2385,2500,0,0,0,1;

custom,sphere,rock2tex,1,1.5,1,1,1,0.9,0,7,7,-1550,2393,2500,0,0,0,1;

racing,killcylinder,0.35,0.6125,0.35,-1550,2385,2500,0,0,0,1;
racing,killtube,7,0.04375,7,-1550,2385,2500,0,0,0,1;
racing,killtube,5.25,0.04375,5.25,-1550,2385,2500,0,0,0,1;
custom,arc180,wagontex,3.5,0.385,3.5,0,1,1,1,2,2,-1543.3030399,2385,2483.8321082,0,0.5555703,0,0.8314696;
custom,arc180,wagontex,3.5,0.35,3.5,0,1,1,1,2,2,-1566.1678918,2385,2493.3030399,0,0.9807853,0,0.1950903;
custom,arc180,wagontex,3.5,0.35,3.5,0,1,1,1,2,2,-1533.8321082,2385,2506.6969601,0,-0.1950903,0,0.9807853;
custom,arc180,wagontex,3.5,0.35,3.5,0,1,1,1,2,2,-1556.6969601,2385,2516.1678918,-0.5555703,0,-0.8314696,0;
custom,arc180,wagontex,3.5,0.385,3.5,0,1,1,1,2,2,-1556.6969601,2385,2483.8321082,0,0.8314696,0,0.5555703;
custom,arc180,wagontex,3.5,0.42,3.5,0,1,1,1,2,2,-1566.1678918,2385,2506.6969601,0,0.9807853,0,-0.1950903;
custom,arc180,wagontex,3.5,0.42,3.5,0,1,1,1,2,2,-1533.8321082,2385,2493.3030399,0,0.1950903,0,0.9807853;
custom,arc180,wagontex,3.5,0.35,3.5,0,1,1,1,2,2,-1543.3030399,2385,2516.1678918,-0.8314696,0,-0.5555703,0;


custom,cuboid,default,14,1,1,1,0,0,0,1.4,0.1,-1550,2415,2250,0,0,0,1;

custom,cuboid,default,0.1,6.5,1.1,1,0,0,0,0.01,0.6,-1540,2415,2250,0,0,0,1;
custom,cuboid,default,0.1,6.5,1.1,1,0,0,0,0.01,0.6,-1580,2415,2250,0,0,0,1;

custom,cuboid,default,0.3,0.1,0.15,0,1,0.9,0,1.4,0.1,-1540,2415,2245,0,0,0,1;
custom,cuboid,default,0.3,0.1,0.15,0,1,0.9,0,1.4,0.1,-1580,2415,2245,0,0,0,1;

custom,cuboid,default,4,3,0.98,1,1,0.5,0,1.4,0.1,-1520,2435,2250,0,0,0,1;
custom,cuboid,default,4,3,0.98,1,1,0.9,0,1.4,0.1,-1560,2435,2250,0,0,0,1;
custom,cuboid,default,4,3,0.98,1,1,0,0,1.4,0.1,-1600,2435,2250,0,0,0,1;

custom,cuboid,default,4,3,0.98,1,0,1,0.1,1.4,0.1,-1520,2395,2250,0,0,0,1;
custom,killcuboid,empty,4,3,0.98,1,0,0.1,1,1.4,0.1,-1560,2395,2250,0,0,0,1;
custom,cuboid,default,4,3,0.98,1,0.2,0,0.1,1.4,0.1,-1600,2395,2250,0,0,0,1;

custom,plane,default,-4,-0.01,-3,1,0,0.1,1,1.4,0.1,-1560,2395,2250,-0.7071068,0,0,0.7071068;


//0;
custom,cuboid,default,0.1,0.6,0.1,0,1,0.9,0,1.4,0.1,-1600,2415,2245,0,0,0,1;
custom,cuboid,default,0.1,0.6,0.1,0,1,0.9,0,1.4,0.1,-1604,2415,2245,0,0,0,1;
custom,cuboid,default,0.3,0.1,0.1,0,1,0.9,0,1.4,0.1,-1602,2411.5,2245,0,0,0,1;
custom,cuboid,default,0.3,0.1,0.1,0,1,0.9,0,1.4,0.1,-1602,2418.5,2245,0,0,0,1;
//38;
custom,cuboid,default,0.1,0.6,0.1,0,1,0.9,0,1.4,0.1,-1563,2415,2245,0,0,0,1;
custom,cuboid,default,0.3,0.1,0.1,0,1,0.9,0,1.4,0.1,-1565,2415,2245,0,0,0,1;
custom,cuboid,default,0.3,0.1,0.1,0,1,0.9,0,1.4,0.1,-1565,2411.5,2245,0,0,0,1;
custom,cuboid,default,0.3,0.1,0.1,0,1,0.9,0,1.4,0.1,-1565,2418.5,2245,0,0,0,1;

custom,cuboid,default,0.1,0.6,0.1,0,1,0.9,0,1.4,0.1,-1555,2415,2245,0,0,0,1;
custom,cuboid,default,0.3,0.1,0.1,0,1,0.9,0,1.4,0.1,-1557,2415,2245,0,0,0,1;
custom,cuboid,default,0.3,0.1,0.1,0,1,0.9,0,1.4,0.1,-1557,2411.5,2245,0,0,0,1;
custom,cuboid,default,0.3,0.1,0.1,0,1,0.9,0,1.4,0.1,-1557,2418.5,2245,0,0,0,1;
custom,cuboid,default,0.1,0.6,0.1,0,1,0.9,0,1.4,0.1,-1559,2415,2245,0,0,0,1;

//255;
custom,cuboid,default,0.1,0.3,0.1,0,1,0.9,0,1.4,0.1,-1526,2416.75,2245,0,0,0,1;
custom,cuboid,default,0.3,0.1,0.1,0,1,0.9,0,1.4,0.1,-1528,2415,2245,0,0,0,1;
custom,cuboid,default,0.3,0.1,0.1,0,1,0.9,0,1.4,0.1,-1528,2411.5,2245,0,0,0,1;
custom,cuboid,default,0.3,0.1,0.1,0,1,0.9,0,1.4,0.1,-1528,2418.5,2245,0,0,0,1;
custom,cuboid,default,0.1,0.3,0.1,0,1,0.9,0,1.4,0.1,-1530,2413.25,2245,0,0,0,1;

custom,cuboid,default,0.1,0.3,0.1,0,1,0.9,0,1.4,0.1,-1518,2413.25,2245,0,0,0,1;
custom,cuboid,default,0.3,0.1,0.1,0,1,0.9,0,1.4,0.1,-1520,2415,2245,0,0,0,1;
custom,cuboid,default,0.3,0.1,0.1,0,1,0.9,0,1.4,0.1,-1520,2411.5,2245,0,0,0,1;
custom,cuboid,default,0.3,0.1,0.1,0,1,0.9,0,1.4,0.1,-1520,2418.5,2245,0,0,0,1;
custom,cuboid,default,0.1,0.3,0.1,0,1,0.9,0,1.4,0.1,-1522,2416.75,2245,0,0,0,1;

custom,cuboid,default,0.1,0.3,0.1,0,1,0.9,0,1.4,0.1,-1510,2413.25,2245,0,0,0,1;
custom,cuboid,default,0.3,0.1,0.1,0,1,0.9,0,1.4,0.1,-1512,2415,2245,0,0,0,1;
custom,cuboid,default,0.3,0.1,0.1,0,1,0.9,0,1.4,0.1,-1512,2411.5,2245,0,0,0,1;
custom,cuboid,default,0.3,0.1,0.1,0,1,0.9,0,1.4,0.1,-1512,2418.5,2245,0,0,0,1;
custom,cuboid,default,0.1,0.3,0.1,0,1,0.9,0,1.4,0.1,-1514,2416.75,2245,0,0,0,1;



custom,sphere,default,14,24,14,0,0,0.2,0.6,1.2,1.7,-1687.5,3110,1597,-0.7071068,0,0,0.7071068;
custom,cuboid,wood4,2.65,0.1,6,0,0,0.2,0.6,0,1,-1687.5,2980,1577,0,0,0,0;
custom,cuboid,wood4,0.15,1.5,6,0,0,0.2,0.6,1,0,-1674.95,2987.5,1577,0,0,0,0;
custom,cuboid,wood4,0.15,1.5,2.5,0,0,0.2,0.6,1,0,-1700.05,2987.5,1559.5,0,0,0,0;
custom,cuboid,wood4,0.15,1.5,2.5,0,0,0.2,0.6,1,0,-1700.05,2987.5,1594.5,0,0,0,0;

custom,cylinder,wood4,2.5,0.045,2.5,0,0,0.2,0.6,0,1,-1687.5,2980,1547,0,0,0,0;
custom,cylinder,wood4,2.5,0.045,2.5,0,0,0.2,0.6,0,1,-1687.5,2980,1607,0,0,0,0;

custom,arc180,wood4,1.4,3,1.4,0,0,0.2,0.6,0,1,-1687.5,2987.5,1612,0,0.7071068,0,0.7071068;
custom,arc180,wood4,-1.4,3,-1.4,0,0,0.2,0.6,0,1,-1687.5,2987.5,1542,0,0.7071068,0,0.7071068;


custom,cylinder,default,0.1,3,0.1,1,0,0,0,1,0,-1674.95,3025,1552,0,0,0,0;
custom,cylinder,default,0.1,3,0.1,1,0,0,0,1,0,-1674.95,3025,1602,0,0,0,0;
custom,cylinder,default,0.1,3,0.1,1,0,0,0,1,0,-1700.05,3025,1552,0,0,0,0;
custom,cylinder,default,0.1,3,0.1,1,0,0,0,1,0,-1700.05,3025,1602,0,0,0,0;

custom,sphere,rock2tex,1,1.5,1,1,0.75,0.7,1,7,7,-1687.5,2987.8,1545,-0.1804201,0.0330575,-0.0025436,0.9830307;



custom,cuboid,stone3,15,1.5,30,0,1,1,1,1.5,3,-1687.5,1697.5,-302.5,0,0,0,0;

custom,cuboid,pillar2tex,1.5,9,30,0,1,1,1,3,0.9,-1607.5,1735.5,-302.5,0,0,0,0;
custom,cuboid,pillar2tex,1.5,9,30,0,1,1,1,3,0.9,-1767.5,1735.5,-302.5,0,0,0,0;

custom,cuboid,pillar2tex,7,9,1.5,0,1,1,1,0.7,0.9,-1647.5,1735.5,-155.5,0,0,0,0;
custom,cuboid,pillar2tex,7,9,1.5,0,1,1,1,0.7,0.9,-1727.5,1735.5,-155.5,0,0,0,0;

custom,cuboid,pillar2tex,1,4,1.5,0,1,1,1,0.1,0.4,-1687.5,1760.5,-155.5,0,0,0,0;
custom,cuboid,pillar2tex,1,4,1.5,0,1,1,1,0.1,0.4,-1687.5,1710.5,-155.5,0,0,0,0;

racing,killcuboid,1,0.05,1.51,-1687.5,1730.5,-155.5,0,0,0,0;
racing,killcuboid,1,0.05,1.51,-1687.5,1740.5,-155.5,0,0,0,0;

racing,killcuboid,0.05,1.05,1.51,-1682.5,1735.5,-155.5,0,0,0,0;
racing,killcuboid,0.05,1.05,1.51,-1692.5,1735.5,-155.5,0,0,0,0;

custom,cuboid,house9mat2,14.6,0.35,0.78,0,1,1,1,1.46,0.1,-1687.5,1706.5,-365,0,0,0,0;
custom,cuboid,metal1,14.5,0.36,0.75,1,0.6,0,1,1,0,-1687.5,1706.5,-365,0,0,0,0;

custom,cuboid,house9mat2,14.1,0.35,0.78,0,1,1,1,1.46,0.1,-1687.5,1708.5,-370,0,0,0,0;
custom,cuboid,metal1,14,0.36,0.75,1,0,0.01,0.5,1,0,-1687.5,1708.5,-370,0,0,0,0;

custom,cuboid,house9mat2,13.6,0.35,0.78,0,1,1,1,1.46,0.1,-1687.5,1710.5,-375,0,0,0,0;
custom,cuboid,metal1,13.5,0.36,0.75,1,0,0.65,1,1,0,-1687.5,1710.5,-375,0,0,0,0;

custom,cuboid,house9mat2,13.1,0.35,0.78,0,1,1,1,1.46,0.1,-1687.5,1712.5,-380,0,0,0,0;
custom,cuboid,metal1,13,0.36,0.75,1,0,1,0,1,0,-1687.5,1712.5,-380,0,0,0,0;

custom,cuboid,house9mat2,12.6,0.35,0.78,0,1,1,1,1.46,0.1,-1687.5,1714.5,-385,0,0,0,0;
custom,cuboid,metal1,12.5,0.36,0.75,1,0.8,1,0,1,0,-1687.5,1714.5,-385,0,0,0,0;

custom,cuboid,house9mat2,12.1,0.35,0.78,0,1,1,1,1.46,0.1,-1687.5,1716.5,-390,0,0,0,0;
custom,cuboid,metal1,12,0.36,0.75,1,1,0.65,0,1,0,-1687.5,1716.5,-390,0,0,0,0;

custom,cuboid,house9mat2,11.6,0.35,0.78,0,1,1,1,1.46,0.1,-1687.5,1718.5,-395,0,0,0,0;
custom,cuboid,metal1,11.5,0.36,0.75,1,1,0,0,1,0,-1687.5,1718.5,-395,0,0,0,0;

custom,cuboid,wallmat,0.25,6,0.75,0,1,1,1,0,1,-1759,1736.5,-365,0,0,0,0;
custom,cuboid,wallmat,0.25,6,0.75,0,1,1,1,0,1,-1616,1736.5,-365,0,0,0,0;

custom,cuboid,wallmat,0.25,6,0.75,0,1,1,1,0,1,-1757,1736.5,-370,0,0,0,0;
custom,cuboid,wallmat,0.25,6,0.75,0,1,1,1,0,1,-1618,1736.5,-370,0,0,0,0;

custom,cuboid,wallmat,0.25,6,0.75,0,1,1,1,0,1,-1755,1736.5,-375,0,0,0,0;
custom,cuboid,wallmat,0.25,6,0.75,0,1,1,1,0,1,-1620,1736.5,-375,0,0,0,0;

custom,cuboid,wallmat,0.25,6,0.75,0,1,1,1,0,1,-1753,1736.5,-380,0,0,0,0;
custom,cuboid,wallmat,0.25,6,0.75,0,1,1,1,0,1,-1622,1736.5,-380,0,0,0,0;

custom,cuboid,wallmat,0.25,6,0.75,0,1,1,1,0,1,-1751,1736.5,-385,0,0,0,0;
custom,cuboid,wallmat,0.25,6,0.75,0,1,1,1,0,1,-1624,1736.5,-385,0,0,0,0;

custom,cuboid,wallmat,0.25,6,0.75,0,1,1,1,0,1,-1749,1736.5,-390,0,0,0,0;
custom,cuboid,wallmat,0.25,6,0.75,0,1,1,1,0,1,-1626,1736.5,-390,0,0,0,0;

custom,cuboid,wallmat,0.25,6,0.75,0,1,1,1,0,1,-1747,1736.5,-395,0,0,0,0;
custom,cuboid,wallmat,0.25,6,0.75,0,1,1,1,0,1,-1628,1736.5,-395,0,0,0,0;

custom,cuboid,house9mat2,11.6,0.55,5.5,0,1,1,1,1.1,0.55,-1687.5,1717.5,-425,0,0,0,0;

custom,cuboid,wallmat,1.25,6,5.4,0,1,1,1,0,1,-1630,1736.5,-425,0,0,0,0;
custom,cuboid,wallmat,1.25,6,5.4,0,1,1,1,0,1,-1745,1736.5,-425,0,0,0,0;



custom,cuboid,default,15,5,1.5,1,0,0,0,0.1,0.4,-1687.5,1750.5,-265.5,0,0,0,0;

custom,cuboid,default,0.2,2.5,1.45,1,0,0,0,0.1,0.4,-1662.5,1715,-265.5,0,0,0,0;
custom,cuboid,default,0.2,2.5,1.45,1,0,0,0,0.1,0.4,-1712.5,1715,-265.5,0,0,0,0;



//821;
custom,cuboid,default,0.1,0.3,0.1,0,1,0.9,0,1.4,0.1,-1627,1758.25,-258,0,0,0,1;
custom,cuboid,default,0.3,0.1,0.1,0,1,0.9,0,1.4,0.1,-1629,1760,-258,0,0,0,1;
custom,cuboid,default,0.3,0.1,0.1,0,1,0.9,0,1.4,0.1,-1629,1756.5,-258,0,0,0,1;
custom,cuboid,default,0.3,0.1,0.1,0,1,0.9,0,1.4,0.1,-1629,1763.5,-258,0,0,0,1;
custom,cuboid,default,0.1,0.3,0.1,0,1,0.9,0,1.4,0.1,-1631,1761.75,-258,0,0,0,1;
custom,cuboid,default,0.1,0.3,0.1,0,1,0.9,0,1.4,0.1,-1627,1761.75,-258,0,0,0,1;
custom,cuboid,default,0.1,0.3,0.1,0,1,0.9,0,1.4,0.1,-1631,1758.25,-258,0,0,0,1;

custom,cuboid,default,0.1,0.3,0.1,0,1,0.9,0,1.4,0.1,-1635,1758.25,-258,0,0,0,1;
custom,cuboid,default,0.3,0.1,0.1,0,1,0.9,0,1.4,0.1,-1637,1760,-258,0,0,0,1;
custom,cuboid,default,0.3,0.1,0.1,0,1,0.9,0,1.4,0.1,-1637,1756.5,-258,0,0,0,1;
custom,cuboid,default,0.3,0.1,0.1,0,1,0.9,0,1.4,0.1,-1637,1763.5,-258,0,0,0,1;
custom,cuboid,default,0.1,0.3,0.1,0,1,0.9,0,1.4,0.1,-1639,1761.75,-258,0,0,0,1;

custom,cuboid,default,0.1,0.6,0.1,0,1,0.9,0,1.4,0.1,-1645,1760,-258,0,0,0,1;
custom,cuboid,default,0.3,0.1,0.1,0,1,0.9,0,1.4,0.1,-1645,1756.5,-258,0,0,0,1;
custom,cuboid,default,0.2,0.1,0.1,0,1,0.9,0,1.4,0.1,-1644.5,1763.5,-258,0,0,0,1;


//+;
custom,cuboid,default,0.4,0.1,0.11,0,1,0.9,0,1.4,0.1,-1637,1752.5,-258,0,0,0,1;
custom,cuboid,default,0.1,0.4,0.1,0,1,0.9,0,1.4,0.1,-1637,1752.5,-258,0,0,0,1;

//391;
custom,cuboid,default,0.3,0.1,0.1,0,1,0.9,0,1.4,0.1,-1629,1744.5,-258,0,0,0,1;
custom,cuboid,default,0.3,0.1,0.1,0,1,0.9,0,1.4,0.1,-1629,1741,-258,0,0,0,1;
custom,cuboid,default,0.3,0.1,0.1,0,1,0.9,0,1.4,0.1,-1629,1748,-258,0,0,0,1;
custom,cuboid,default,0.1,0.3,0.1,0,1,0.9,0,1.4,0.1,-1631,1746.25,-258,0,0,0,1;
custom,cuboid,default,0.1,0.3,0.1,0,1,0.9,0,1.4,0.1,-1631,1742.75,-258,0,0,0,1;

custom,cuboid,default,0.3,0.1,0.1,0,1,0.9,0,1.4,0.1,-1637,1744.5,-258,0,0,0,1;
custom,cuboid,default,0.3,0.1,0.1,0,1,0.9,0,1.4,0.1,-1637,1741,-258,0,0,0,1;
custom,cuboid,default,0.3,0.1,0.1,0,1,0.9,0,1.4,0.1,-1637,1748,-258,0,0,0,1;
custom,cuboid,default,0.1,0.3,0.1,0,1,0.9,0,1.4,0.1,-1639,1746.25,-258,0,0,0,1;
custom,cuboid,default,0.1,0.3,0.1,0,1,0.9,0,1.4,0.1,-1639,1742.75,-258,0,0,0,1;
custom,cuboid,default,0.1,0.3,0.1,0,1,0.9,0,1.4,0.1,-1635,1746.25,-258,0,0,0,1;

custom,cuboid,default,0.1,0.6,0.1,0,1,0.9,0,1.4,0.1,-1645,1744.5,-258,0,0,0,1;
custom,cuboid,default,0.3,0.1,0.1,0,1,0.9,0,1.4,0.1,-1645,1741,-258,0,0,0,1;
custom,cuboid,default,0.2,0.1,0.1,0,1,0.9,0,1.4,0.1,-1644.5,1748,-258,0,0,0,1;

//=;
custom,cuboid,default,0.4,0.1,0.11,0,1,0.9,0,1.4,0.1,-1637,1738.5,-258,0,0,0,1;
custom,cuboid,default,0.4,0.1,0.11,0,1,0.9,0,1.4,0.1,-1637,1736.5,-258,0,0,0,1;

//1212;
custom,cuboid,default,0.1,0.6,0.1,0,1,0.9,0,1.4,0.1,-1627,1731,-258,0,0,0,1;
custom,cuboid,default,0.3,0.1,0.1,0,1,0.9,0,1.4,0.1,-1627,1727.5,-258,0,0,0,1;
custom,cuboid,default,0.2,0.1,0.1,0,1,0.9,0,1.4,0.1,-1626.5,1734.5,-258,0,0,0,1;

custom,cuboid,default,0.3,0.1,0.1,0,1,0.9,0,1.4,0.1,-1633,1731,-258,0,0,0,1;
custom,cuboid,default,0.3,0.1,0.1,0,1,0.9,0,1.4,0.1,-1633,1727.5,-258,0,0,0,1;
custom,cuboid,default,0.3,0.1,0.1,0,1,0.9,0,1.4,0.1,-1633,1734.5,-258,0,0,0,1;
custom,cuboid,default,0.1,0.3,0.1,0,1,0.9,0,1.4,0.1,-1635,1732.75,-258,0,0,0,1;
custom,cuboid,default,0.1,0.3,0.1,0,1,0.9,0,1.4,0.1,-1631,1729.25,-258,0,0,0,1;

custom,cuboid,default,0.1,0.6,0.1,0,1,0.9,0,1.4,0.1,-1639,1731,-258,0,0,0,1;
custom,cuboid,default,0.3,0.1,0.1,0,1,0.9,0,1.4,0.1,-1639,1727.5,-258,0,0,0,1;
custom,cuboid,default,0.2,0.1,0.1,0,1,0.9,0,1.4,0.1,-1638.5,1734.5,-258,0,0,0,1;

custom,cuboid,default,0.3,0.1,0.1,0,1,0.9,0,1.4,0.1,-1645,1731,-258,0,0,0,1;
custom,cuboid,default,0.3,0.1,0.1,0,1,0.9,0,1.4,0.1,-1645,1727.5,-258,0,0,0,1;
custom,cuboid,default,0.3,0.1,0.1,0,1,0.9,0,1.4,0.1,-1645,1734.5,-258,0,0,0,1;
custom,cuboid,default,0.1,0.3,0.1,0,1,0.9,0,1.4,0.1,-1647,1732.75,-258,0,0,0,1;
custom,cuboid,default,0.1,0.3,0.1,0,1,0.9,0,1.4,0.1,-1643,1729.25,-258,0,0,0,1;






//938;
custom,cuboid,default,0.3,0.1,0.1,0,1,0.9,0,1.4,0.1,-1679,1760,-258,0,0,0,1;
custom,cuboid,default,0.3,0.1,0.1,0,1,0.9,0,1.4,0.1,-1679,1756.5,-258,0,0,0,1;
custom,cuboid,default,0.3,0.1,0.1,0,1,0.9,0,1.4,0.1,-1679,1763.5,-258,0,0,0,1;
custom,cuboid,default,0.1,0.3,0.1,0,1,0.9,0,1.4,0.1,-1681,1761.75,-258,0,0,0,1;
custom,cuboid,default,0.1,0.3,0.1,0,1,0.9,0,1.4,0.1,-1677,1761.75,-258,0,0,0,1;
custom,cuboid,default,0.1,0.3,0.1,0,1,0.9,0,1.4,0.1,-1681,1758.25,-258,0,0,0,1;

custom,cuboid,default,0.1,0.3,0.1,0,1,0.9,0,1.4,0.1,-1689,1758.25,-258,0,0,0,1;
custom,cuboid,default,0.3,0.1,0.1,0,1,0.9,0,1.4,0.1,-1687,1760,-258,0,0,0,1;
custom,cuboid,default,0.3,0.1,0.1,0,1,0.9,0,1.4,0.1,-1687,1756.5,-258,0,0,0,1;
custom,cuboid,default,0.3,0.1,0.1,0,1,0.9,0,1.4,0.1,-1687,1763.5,-258,0,0,0,1;
custom,cuboid,default,0.1,0.3,0.1,0,1,0.9,0,1.4,0.1,-1689,1761.75,-258,0,0,0,1;

custom,cuboid,default,0.1,0.3,0.1,0,1,0.9,0,1.4,0.1,-1697,1761.75,-258,0,0,0,1;
custom,cuboid,default,0.1,0.3,0.1,0,1,0.9,0,1.4,0.1,-1693,1761.75,-258,0,0,0,1;
custom,cuboid,default,0.3,0.1,0.1,0,1,0.9,0,1.4,0.1,-1695,1760,-258,0,0,0,1;
custom,cuboid,default,0.3,0.1,0.1,0,1,0.9,0,1.4,0.1,-1695,1756.5,-258,0,0,0,1;
custom,cuboid,default,0.3,0.1,0.1,0,1,0.9,0,1.4,0.1,-1695,1763.5,-258,0,0,0,1;
custom,cuboid,default,0.1,0.3,0.1,0,1,0.9,0,1.4,0.1,-1697,1758.25,-258,0,0,0,1;
custom,cuboid,default,0.1,0.3,0.1,0,1,0.9,0,1.4,0.1,-1693,1758.25,-258,0,0,0,1;

//-;
custom,cuboid,default,0.4,0.1,0.11,0,1,0.9,0,1.4,0.1,-1687,1752.5,-258,0,0,0,1;

//500;
custom,cuboid,default,0.3,0.1,0.1,0,1,0.9,0,1.4,0.1,-1679,1744.5,-258,0,0,0,1;
custom,cuboid,default,0.3,0.1,0.1,0,1,0.9,0,1.4,0.1,-1679,1741,-258,0,0,0,1;
custom,cuboid,default,0.3,0.1,0.1,0,1,0.9,0,1.4,0.1,-1679,1748,-258,0,0,0,1;
custom,cuboid,default,0.1,0.3,0.1,0,1,0.9,0,1.4,0.1,-1677,1746.25,-258,0,0,0,1;
custom,cuboid,default,0.1,0.3,0.1,0,1,0.9,0,1.4,0.1,-1681,1742.75,-258,0,0,0,1;

custom,cuboid,default,0.3,0.1,0.1,0,1,0.9,0,1.4,0.1,-1687,1741,-258,0,0,0,1;
custom,cuboid,default,0.3,0.1,0.1,0,1,0.9,0,1.4,0.1,-1687,1748,-258,0,0,0,1;
custom,cuboid,default,0.1,0.65,0.1,0,1,0.9,0,1.4,0.1,-1689,1744.5,-258,0,0,0,1;
custom,cuboid,default,0.1,0.65,0.1,0,1,0.9,0,1.4,0.1,-1685,1744.5,-258,0,0,0,1;

custom,cuboid,default,0.3,0.1,0.1,0,1,0.9,0,1.4,0.1,-1695,1741,-258,0,0,0,1;
custom,cuboid,default,0.3,0.1,0.1,0,1,0.9,0,1.4,0.1,-1695,1748,-258,0,0,0,1;
custom,cuboid,default,0.1,0.65,0.1,0,1,0.9,0,1.4,0.1,-1697,1744.5,-258,0,0,0,1;
custom,cuboid,default,0.1,0.65,0.1,0,1,0.9,0,1.4,0.1,-1693,1744.5,-258,0,0,0,1;

//=;
custom,cuboid,default,0.4,0.1,0.11,0,1,0.9,0,1.4,0.1,-1687,1738.5,-258,0,0,0,1;
custom,cuboid,default,0.4,0.1,0.11,0,1,0.9,0,1.4,0.1,-1687,1736.5,-258,0,0,0,1;

//330;

custom,cuboid,default,0.3,0.1,0.1,0,1,0.9,0,1.4,0.1,-1679,1731,-258,0,0,0,1;
custom,cuboid,default,0.3,0.1,0.1,0,1,0.9,0,1.4,0.1,-1679,1727.5,-258,0,0,0,1;
custom,cuboid,default,0.3,0.1,0.1,0,1,0.9,0,1.4,0.1,-1679,1734.5,-258,0,0,0,1;
custom,cuboid,default,0.1,0.3,0.1,0,1,0.9,0,1.4,0.1,-1681,1732.75,-258,0,0,0,1;
custom,cuboid,default,0.1,0.3,0.1,0,1,0.9,0,1.4,0.1,-1681,1729.25,-258,0,0,0,1;

custom,cuboid,default,0.3,0.1,0.1,0,1,0.9,0,1.4,0.1,-1686.5,1731,-258,0,0,0,1;
custom,cuboid,default,0.3,0.1,0.1,0,1,0.9,0,1.4,0.1,-1686.5,1727.5,-258,0,0,0,1;
custom,cuboid,default,0.3,0.1,0.1,0,1,0.9,0,1.4,0.1,-1686.5,1734.5,-258,0,0,0,1;
custom,cuboid,default,0.1,0.3,0.1,0,1,0.9,0,1.4,0.1,-1688.5,1732.75,-258,0,0,0,1;
custom,cuboid,default,0.1,0.3,0.1,0,1,0.9,0,1.4,0.1,-1688.5,1729.25,-258,0,0,0,1;

custom,cuboid,default,0.1,0.3,0.1,0,1,0.9,0,1.4,0.1,-1697,1732.75,-258,0,0,0,1;
custom,cuboid,default,0.1,0.3,0.1,0,1,0.9,0,1.4,0.1,-1693,1732.75,-258,0,0,0,1;
custom,cuboid,default,0.3,0.1,0.1,0,1,0.9,0,1.4,0.1,-1695,1731,-258,0,0,0,1;
custom,cuboid,default,0.3,0.1,0.1,0,1,0.9,0,1.4,0.1,-1695,1727.5,-258,0,0,0,1;
custom,cuboid,default,0.3,0.1,0.1,0,1,0.9,0,1.4,0.1,-1695,1734.5,-258,0,0,0,1;
custom,cuboid,default,0.1,0.3,0.1,0,1,0.9,0,1.4,0.1,-1697,1729.25,-258,0,0,0,1;
custom,cuboid,default,0.1,0.3,0.1,0,1,0.9,0,1.4,0.1,-1693,1729.25,-258,0,0,0,1;


//282;

custom,cuboid,default,0.1,0.3,0.1,0,1,0.9,0,1.4,0.1,-1727,1758.25,-258,0,0,0,1;
custom,cuboid,default,0.3,0.1,0.1,0,1,0.9,0,1.4,0.1,-1729,1760,-258,0,0,0,1;
custom,cuboid,default,0.3,0.1,0.1,0,1,0.9,0,1.4,0.1,-1729,1756.5,-258,0,0,0,1;
custom,cuboid,default,0.3,0.1,0.1,0,1,0.9,0,1.4,0.1,-1729,1763.5,-258,0,0,0,1;
custom,cuboid,default,0.1,0.3,0.1,0,1,0.9,0,1.4,0.1,-1731,1761.75,-258,0,0,0,1;

custom,cuboid,default,0.1,0.3,0.1,0,1,0.9,0,1.4,0.1,-1735,1758.25,-258,0,0,0,1;
custom,cuboid,default,0.3,0.1,0.1,0,1,0.9,0,1.4,0.1,-1737,1760,-258,0,0,0,1;
custom,cuboid,default,0.3,0.1,0.1,0,1,0.9,0,1.4,0.1,-1737,1756.5,-258,0,0,0,1;
custom,cuboid,default,0.3,0.1,0.1,0,1,0.9,0,1.4,0.1,-1737,1763.5,-258,0,0,0,1;
custom,cuboid,default,0.1,0.3,0.1,0,1,0.9,0,1.4,0.1,-1739,1761.75,-258,0,0,0,1;
custom,cuboid,default,0.1,0.3,0.1,0,1,0.9,0,1.4,0.1,-1735,1761.75,-258,0,0,0,1;
custom,cuboid,default,0.1,0.3,0.1,0,1,0.9,0,1.4,0.1,-1739,1758.25,-258,0,0,0,1;

custom,cuboid,default,0.1,0.3,0.1,0,1,0.9,0,1.4,0.1,-1747,1761.75,-258,0,0,0,1;
custom,cuboid,default,0.3,0.1,0.1,0,1,0.9,0,1.4,0.1,-1745,1760,-258,0,0,0,1;
custom,cuboid,default,0.3,0.1,0.1,0,1,0.9,0,1.4,0.1,-1745,1756.5,-258,0,0,0,1;
custom,cuboid,default,0.3,0.1,0.1,0,1,0.9,0,1.4,0.1,-1745,1763.5,-258,0,0,0,1;
custom,cuboid,default,0.1,0.3,0.1,0,1,0.9,0,1.4,0.1,-1743,1758.25,-258,0,0,0,1;

//+;
custom,cuboid,default,0.4,0.1,0.11,0,1,0.9,0,1.4,0.1,-1737,1752.5,-258,0,0,0,1;
custom,cuboid,default,0.1,0.4,0.1,0,1,0.9,0,1.4,0.1,-1737,1752.5,-258,0,0,0,1;

//881;
custom,cuboid,default,0.3,0.1,0.1,0,1,0.9,0,1.4,0.1,-1729,1744.5,-258,0,0,0,1;
custom,cuboid,default,0.3,0.1,0.1,0,1,0.9,0,1.4,0.1,-1729,1741,-258,0,0,0,1;
custom,cuboid,default,0.3,0.1,0.1,0,1,0.9,0,1.4,0.1,-1729,1748,-258,0,0,0,1;
custom,cuboid,default,0.1,0.3,0.1,0,1,0.9,0,1.4,0.1,-1731,1746.25,-258,0,0,0,1;
custom,cuboid,default,0.1,0.3,0.1,0,1,0.9,0,1.4,0.1,-1731,1742.75,-258,0,0,0,1;
custom,cuboid,default,0.1,0.3,0.1,0,1,0.9,0,1.4,0.1,-1727,1746.25,-258,0,0,0,1;
custom,cuboid,default,0.1,0.3,0.1,0,1,0.9,0,1.4,0.1,-1727,1742.75,-258,0,0,0,1;

custom,cuboid,default,0.3,0.1,0.1,0,1,0.9,0,1.4,0.1,-1737,1744.5,-258,0,0,0,1;
custom,cuboid,default,0.3,0.1,0.1,0,1,0.9,0,1.4,0.1,-1737,1741,-258,0,0,0,1;
custom,cuboid,default,0.3,0.1,0.1,0,1,0.9,0,1.4,0.1,-1737,1748,-258,0,0,0,1;
custom,cuboid,default,0.1,0.3,0.1,0,1,0.9,0,1.4,0.1,-1739,1746.25,-258,0,0,0,1;
custom,cuboid,default,0.1,0.3,0.1,0,1,0.9,0,1.4,0.1,-1739,1742.75,-258,0,0,0,1;
custom,cuboid,default,0.1,0.3,0.1,0,1,0.9,0,1.4,0.1,-1735,1746.25,-258,0,0,0,1;
custom,cuboid,default,0.1,0.3,0.1,0,1,0.9,0,1.4,0.1,-1735,1742.75,-258,0,0,0,1;

custom,cuboid,default,0.1,0.6,0.1,0,1,0.9,0,1.4,0.1,-1745,1744.5,-258,0,0,0,1;
custom,cuboid,default,0.3,0.1,0.1,0,1,0.9,0,1.4,0.1,-1745,1741,-258,0,0,0,1;
custom,cuboid,default,0.2,0.1,0.1,0,1,0.9,0,1.4,0.1,-1744.5,1748,-258,0,0,0,1;

//=;
custom,cuboid,default,0.4,0.1,0.11,0,1,0.9,0,1.4,0.1,-1737,1738.5,-258,0,0,0,1;
custom,cuboid,default,0.4,0.1,0.11,0,1,0.9,0,1.4,0.1,-1737,1736.5,-258,0,0,0,1;

//1152;
custom,cuboid,default,0.1,0.6,0.1,0,1,0.9,0,1.4,0.1,-1727,1731,-258,0,0,0,1;
custom,cuboid,default,0.3,0.1,0.1,0,1,0.9,0,1.4,0.1,-1727,1727.5,-258,0,0,0,1;
custom,cuboid,default,0.2,0.1,0.1,0,1,0.9,0,1.4,0.1,-1726.5,1734.5,-258,0,0,0,1;

custom,cuboid,default,0.1,0.6,0.1,0,1,0.9,0,1.4,0.1,-1733,1731,-258,0,0,0,1;
custom,cuboid,default,0.3,0.1,0.1,0,1,0.9,0,1.4,0.1,-1733,1727.5,-258,0,0,0,1;
custom,cuboid,default,0.2,0.1,0.1,0,1,0.9,0,1.4,0.1,-1732.5,1734.5,-258,0,0,0,1;

custom,cuboid,default,0.3,0.1,0.1,0,1,0.9,0,1.4,0.1,-1738,1731,-258,0,0,0,1;
custom,cuboid,default,0.3,0.1,0.1,0,1,0.9,0,1.4,0.1,-1738,1727.5,-258,0,0,0,1;
custom,cuboid,default,0.3,0.1,0.1,0,1,0.9,0,1.4,0.1,-1738,1734.5,-258,0,0,0,1;
custom,cuboid,default,0.1,0.3,0.1,0,1,0.9,0,1.4,0.1,-1736,1732.75,-258,0,0,0,1;
custom,cuboid,default,0.1,0.3,0.1,0,1,0.9,0,1.4,0.1,-1740,1729.25,-258,0,0,0,1;

custom,cuboid,default,0.3,0.1,0.1,0,1,0.9,0,1.4,0.1,-1745,1731,-258,0,0,0,1;
custom,cuboid,default,0.3,0.1,0.1,0,1,0.9,0,1.4,0.1,-1745,1727.5,-258,0,0,0,1;
custom,cuboid,default,0.3,0.1,0.1,0,1,0.9,0,1.4,0.1,-1745,1734.5,-258,0,0,0,1;
custom,cuboid,default,0.1,0.3,0.1,0,1,0.9,0,1.4,0.1,-1747,1732.75,-258,0,0,0,1;
custom,cuboid,default,0.1,0.3,0.1,0,1,0.9,0,1.4,0.1,-1743,1729.25,-258,0,0,0,1;

base,levelBottom,default,0.005,0.33333,0.00135,0,1,1,1,1,1,-1687.5,1715.5,-265.5,0,0,0,0;
base,levelBottom,default,0.005,0.33333,0.00135,0,1,1,1,1,1,-1737.5,1715.5,-265.5,0,0,0,0;




custom,cylinder,wallmat,2,0.75,2,0,1,1,1,1,1,-1687.5,1727.5,-425,0,0,0,0;
custom,cylinder,wallmat,2,0.75,2,0,1,1,1,1,1,-1687.5,1757.5,-425,0,0,0,0;

custom,sphere,rock2tex,1,1.5,1,1,1,0,0.5,7,7,-1687.75,1740.5,-424.75,0,0,0,0;

custom,statue2,wallmat,1,1,1,0,0.8,0.75,0.8,0,7,-1637.75,1737.5,-424.75,0,-0.7071068,0,0.7071068;
custom,statue2,wallmat,1,1,1,0,0.8,0.75,0.8,0,7,-1737.75,1737.5,-424.75,0,0.7071068,0,0.7071068;
custom,cuboid,wallmat,2.27,2,2.27,0,0.8,0.75,0.8,7,7,-1637.75,1727.5,-424.75,0,0,0,0;
custom,cuboid,wallmat,2.27,2,2.27,0,0.8,0.75,0.8,7,7,-1737.75,1727.5,-424.75,0,0,0,0;

custom,cuboid,wallmat,2.25,1.98,2.25,0,0.8,0.75,0.8,7,7,-1637.75,1727.5,-424.75,0,0.1305262,0,0.9914449;
custom,cuboid,wallmat,2.25,1.96,2.25,0,0.8,0.75,0.8,7,7,-1637.75,1727.5,-424.75,0,0.258819,0,0.9659258;
custom,cuboid,wallmat,2.25,1.94,2.25,0,0.8,0.75,0.8,7,7,-1637.75,1727.5,-424.75,0,0.5,0,0.8660254;
custom,cuboid,wallmat,2.25,1.92,2.25,0,0.8,0.75,0.8,7,7,-1637.75,1727.5,-424.75,0,0.7071068,0,0.7071068;

custom,cuboid,wallmat,2.25,1.98,2.25,0,0.8,0.75,0.8,7,7,-1737.75,1727.5,-424.75,0,0.1305262,0,0.9914449;
custom,cuboid,wallmat,2.25,1.96,2.25,0,0.8,0.75,0.8,7,7,-1737.75,1727.5,-424.75,0,0.258819,0,0.9659258;
custom,cuboid,wallmat,2.25,1.94,2.25,0,0.8,0.75,0.8,7,7,-1737.75,1727.5,-424.75,0,0.5,0,0.8660254;
custom,cuboid,wallmat,2.25,1.92,2.25,0,0.8,0.75,0.8,7,7,-1737.75,1727.5,-424.75,0,0.7071068,0,0.7071068;

racing,killcylinder,0.15,0.75,0.15,-1695.5,1742.5,-425,0,0,0,0;
racing,killcylinder,0.15,0.75,0.15,-1679.5,1742.5,-425,0,0,0,0;

racing,killcylinder,0.15,0.75,0.15,-1687.5,1742.5,-417,0,0,0,0;
racing,killcylinder,0.15,0.75,0.15,-1687.5,1742.5,-433,0,0,0,0;

racing,killcylinder,0.15,0.75,0.15,-1692.5,1742.5,-420,0,0,0,0;
racing,killcylinder,0.15,0.75,0.15,-1682.5,1742.5,-420,0,0,0,0;

racing,killcylinder,0.15,0.75,0.15,-1692.5,1742.5,-430,0,0,0,0;
racing,killcylinder,0.15,0.75,0.15,-1682.5,1742.5,-430,0,0,0,0;


custom,cylinder,earth1,1.98,0.15,1.98,1,1,0,0.5,1,1,-1687.5,1733.75,-425,0,0,0,0;
custom,cylinder,earth1,1.98,0.15,1.98,1,1,0,0.5,1,1,-1687.5,1751.25,-425,0,0,0,0;












custom,cuboid,default,1.2,8,9.6,1,0,0,0,1,1,1020.775,2214.5,-2187.35,0,0,0,0;


custom,cuboid,default,0.08,0.48,0.08,0,1,0.9,0,1.4,0.1,1026.975,2215.3,-2163.55,0,0.7071068,0,0.7071068;
custom,cuboid,default,0.24,0.08,0.08,0,1,0.9,0,1.4,0.1,1026.975,2212.5,-2163.55,0,0.7071068,0,0.7071068;
custom,cuboid,default,0.16,0.08,0.08,0,1,0.9,0,1.4,0.1,1026.975,2218.1,-2163.95,0,0.7071068,0,0.7071068;

custom,cuboid,default,0.24,0.08,0.08,0,1,0.9,0,1.4,0.1,1026.975,2218.1,-2169.55,0,0.7071068,0,0.7071068;
custom,cuboid,default,0.24,0.08,0.08,0,1,0.9,0,1.4,0.1,1026.975,2212.5,-2169.55,0,0.7071068,0,0.7071068;
custom,cuboid,default,0.08,0.48,0.08,0,1,0.9,0,1.4,0.1,1026.975,2215.3,-2171.15,0,0,0,0;
custom,cuboid,default,0.08,0.48,0.08,0,1,0.9,0,1.4,0.1,1026.975,2215.3,-2167.95,0,0,0,0;

custom,cuboid,default,0.08,0.48,0.08,0,1,0.9,0,1.4,0.1,1026.975,2215.3,-2175.55,0,0.7071068,0,0.7071068;
custom,cuboid,default,0.24,0.08,0.08,0,1,0.9,0,1.4,0.1,1026.975,2212.5,-2175.55,0,0.7071068,0,0.7071068;
custom,cuboid,default,0.16,0.08,0.08,0,1,0.9,0,1.4,0.1,1026.975,2218.1,-2175.95,0,0.7071068,0,0.7071068;

custom,cuboid,default,0.08,0.48,0.08,0,1,0.9,0,1.4,0.1,1026.975,2215.3,-2181.55,0,0.7071068,0,0.7071068;
custom,cuboid,default,0.24,0.08,0.08,0,1,0.9,0,1.4,0.1,1026.975,2212.5,-2181.55,0,0.7071068,0,0.7071068;
custom,cuboid,default,0.16,0.08,0.08,0,1,0.9,0,1.4,0.1,1026.975,2218.1,-2181.95,0,0.7071068,0,0.7071068;

custom,cuboid,default,0.24,0.08,0.08,0,1,0.9,0,1.4,0.1,1026.975,2218.1,-2187.55,0,0.7071068,0,0.7071068;
custom,cuboid,default,0.24,0.08,0.08,0,1,0.9,0,1.4,0.1,1026.975,2212.5,-2187.55,0,0.7071068,0,0.7071068;
custom,cuboid,default,0.08,0.48,0.08,0,1,0.9,0,1.4,0.1,1026.975,2215.3,-2189.15,0,0,0,0;
custom,cuboid,default,0.08,0.48,0.08,0,1,0.9,0,1.4,0.1,1026.975,2215.3,-2185.95,0,0,0,0;

custom,cuboid,default,0.24,0.08,0.08,0,1,0.9,0,1.4,0.1,1026.975,2218.1,-2193.55,0,0.7071068,0,0.7071068;
custom,cuboid,default,0.24,0.08,0.08,0,1,0.9,0,1.4,0.1,1026.975,2212.5,-2193.55,0,0.7071068,0,0.7071068;
custom,cuboid,default,0.08,0.48,0.08,0,1,0.9,0,1.4,0.1,1026.975,2215.3,-2195.15,0,0,0,0;
custom,cuboid,default,0.08,0.48,0.08,0,1,0.9,0,1.4,0.1,1026.975,2215.3,-2191.95,0,0,0,0;

custom,cuboid,default,0.08,0.48,0.08,0,1,0.9,0,1.4,0.1,1026.975,2215.3,-2199.55,0,0.7071068,0,0.7071068;
custom,cuboid,default,0.24,0.08,0.08,0,1,0.9,0,1.4,0.1,1026.975,2212.5,-2199.55,0,0.7071068,0,0.7071068;
custom,cuboid,default,0.16,0.08,0.08,0,1,0.9,0,1.4,0.1,1026.975,2218.1,-2199.95,0,0.7071068,0,0.7071068;

custom,cuboid,default,0.24,0.08,0.08,0,1,0.9,0,1.4,0.1,1026.975,2218.1,-2205.55,0,0.7071068,0,0.7071068;
custom,cuboid,default,0.24,0.08,0.08,0,1,0.9,0,1.4,0.1,1026.975,2212.5,-2205.55,0,0.7071068,0,0.7071068;
custom,cuboid,default,0.08,0.48,0.08,0,1,0.9,0,1.4,0.1,1026.975,2215.3,-2207.15,0,0,0,0;
custom,cuboid,default,0.08,0.48,0.08,0,1,0.9,0,1.4,0.1,1026.975,2215.3,-2203.95,0,0,0,0;

custom,cuboid,default,0.08,0.48,0.08,0,1,0.9,0,1.4,0.1,1026.975,2215.3,-2211.55,0,0.7071068,0,0.7071068;
custom,cuboid,default,0.24,0.08,0.08,0,1,0.9,0,1.4,0.1,1026.975,2212.5,-2211.55,0,0.7071068,0,0.7071068;
custom,cuboid,default,0.16,0.08,0.08,0,1,0.9,0,1.4,0.1,1026.975,2218.1,-2211.95,0,0.7071068,0,0.7071068;











custom,cuboid,default,0.24,0.08,0.08,0,1,0.9,0,1.4,0.1,1026.975,2196.1,-2221.55,0,0.7071068,0,0.7071068;
custom,cuboid,default,0.24,0.08,0.08,0,1,0.9,0,1.4,0.1,1026.975,2193.3,-2221.55,0,0.7071068,0,0.7071068;
custom,cuboid,default,0.24,0.08,0.08,0,1,0.9,0,1.4,0.1,1026.975,2190.5,-2221.55,0,0.7071068,0,0.7071068;
custom,cuboid,default,0.08,0.24,0.08,0,1,0.9,0,1.4,0.1,1026.975,2191.9,-2219.95,0,0,0,0;
custom,cuboid,default,0.08,0.24,0.08,0,1,0.9,0,1.4,0.1,1026.975,2194.7,-2219.95,0,0,0,0;

custom,cuboid,default,0.24,0.08,0.08,0,1,0.9,0,1.4,0.1,1026.975,2196.1,-2215.55,0,0.7071068,0,0.7071068;
custom,cuboid,default,0.24,0.08,0.08,0,1,0.9,0,1.4,0.1,1026.975,2193.3,-2215.55,0,0.7071068,0,0.7071068;
custom,cuboid,default,0.24,0.08,0.08,0,1,0.9,0,1.4,0.1,1026.975,2190.5,-2215.55,0,0.7071068,0,0.7071068;
custom,cuboid,default,0.08,0.24,0.08,0,1,0.9,0,1.4,0.1,1026.975,2191.9,-2213.95,0,0,0,0;
custom,cuboid,default,0.08,0.24,0.08,0,1,0.9,0,1.4,0.1,1026.975,2194.7,-2213.95,0,0,0,0;

custom,cuboid,default,0.24,0.08,0.08,0,1,0.9,0,1.4,0.1,1026.975,2196.1,-2209.55,0,0.7071068,0,0.7071068;
custom,cuboid,default,0.24,0.08,0.08,0,1,0.9,0,1.4,0.1,1026.975,2190.5,-2209.55,0,0.7071068,0,0.7071068;
custom,cuboid,default,0.08,0.48,0.08,0,1,0.9,0,1.4,0.1,1026.975,2193.3,-2211.15,0,0,0,0;
custom,cuboid,default,0.08,0.48,0.08,0,1,0.9,0,1.4,0.1,1026.975,2193.3,-2207.95,0,0,0,0;




custom,cuboid,default,0.24,0.08,0.08,0,1,0.9,0,1.4,0.1,1026.975,2196.1,-2165.55,0,0.7071068,0,0.7071068;
custom,cuboid,default,0.24,0.08,0.08,0,1,0.9,0,1.4,0.1,1026.975,2193.3,-2165.55,0,0.7071068,0,0.7071068;
custom,cuboid,default,0.24,0.08,0.08,0,1,0.9,0,1.4,0.1,1026.975,2190.5,-2165.55,0,0.7071068,0,0.7071068;
custom,cuboid,default,0.08,0.24,0.08,0,1,0.9,0,1.4,0.1,1026.975,2191.9,-2163.95,0,0,0,0;
custom,cuboid,default,0.08,0.24,0.08,0,1,0.9,0,1.4,0.1,1026.975,2194.7,-2163.95,0,0,0,0;

custom,cuboid,default,0.24,0.08,0.08,0,1,0.9,0,1.4,0.1,1026.975,2196.1,-2159.55,0,0.7071068,0,0.7071068;
custom,cuboid,default,0.24,0.08,0.08,0,1,0.9,0,1.4,0.1,1026.975,2193.3,-2159.55,0,0.7071068,0,0.7071068;
custom,cuboid,default,0.24,0.08,0.08,0,1,0.9,0,1.4,0.1,1026.975,2190.5,-2159.55,0,0.7071068,0,0.7071068;
custom,cuboid,default,0.08,0.24,0.08,0,1,0.9,0,1.4,0.1,1026.975,2191.9,-2157.95,0,0,0,0;
custom,cuboid,default,0.08,0.24,0.08,0,1,0.9,0,1.4,0.1,1026.975,2194.7,-2157.95,0,0,0,0;

custom,cuboid,default,0.24,0.08,0.08,0,1,0.9,0,1.4,0.1,1026.975,2196.1,-2153.55,0,0.7071068,0,0.7071068;
custom,cuboid,default,0.24,0.08,0.08,0,1,0.9,0,1.4,0.1,1026.975,2193.3,-2153.55,0,0.7071068,0,0.7071068;
custom,cuboid,default,0.24,0.08,0.08,0,1,0.9,0,1.4,0.1,1026.975,2190.5,-2153.55,0,0.7071068,0,0.7071068;
custom,cuboid,default,0.08,0.24,0.08,0,1,0.9,0,1.4,0.1,1026.975,2191.9,-2151.95,0,0,0,0;
custom,cuboid,default,0.08,0.24,0.08,0,1,0.9,0,1.4,0.1,1026.975,2191.9,-2155.15,0,0,0,0;
custom,cuboid,default,0.08,0.24,0.08,0,1,0.9,0,1.4,0.1,1026.975,2194.7,-2155.15,0,0,0,0;

custom,prism,default,1.12,0.08,1.12,0,1,0.9,0,1.4,0.1,1026.975,2182.5,-2215.55,0,0,-0.7107995,0.7033947;
custom,prism,default,-1.12,-0.08,-1.12,0,1,0.9,0,1.4,0.1,1026.975,2182.5,-2159.55,0,0,-0.7033947,0.7107995;













custom,cuboid,default,0.24,0.08,0.08,0,1,0.9,0,1.4,0.1,1026.975,2237.7,-2221.55,0,0.7071068,0,0.7071068;
custom,cuboid,default,0.24,0.08,0.08,0,1,0.9,0,1.4,0.1,1026.975,2234.9,-2221.55,0,0.7071068,0,0.7071068;
custom,cuboid,default,0.24,0.08,0.08,0,1,0.9,0,1.4,0.1,1026.975,2232.1,-2221.55,0,0.7071068,0,0.7071068;
custom,cuboid,default,0.08,0.24,0.08,0,1,0.9,0,1.4,0.1,1026.975,2233.5,-2219.95,0,0,0,0;
custom,cuboid,default,0.08,0.24,0.08,0,1,0.9,0,1.4,0.1,1026.975,2236.3,-2219.95,0,0,0,0;

custom,cuboid,default,0.24,0.08,0.08,0,1,0.9,0,1.4,0.1,1026.975,2237.7,-2215.55,0,0.7071068,0,0.7071068;
custom,cuboid,default,0.24,0.08,0.08,0,1,0.9,0,1.4,0.1,1026.975,2234.9,-2215.55,0,0.7071068,0,0.7071068;
custom,cuboid,default,0.24,0.08,0.08,0,1,0.9,0,1.4,0.1,1026.975,2232.1,-2215.55,0,0.7071068,0,0.7071068;
custom,cuboid,default,0.08,0.24,0.08,0,1,0.9,0,1.4,0.1,1026.975,2233.5,-2213.95,0,0,0,0;
custom,cuboid,default,0.08,0.24,0.08,0,1,0.9,0,1.4,0.1,1026.975,2236.3,-2213.95,0,0,0,0;

custom,cuboid,default,0.24,0.08,0.08,0,1,0.9,0,1.4,0.1,1026.975,2237.7,-2209.55,0,0.7071068,0,0.7071068;
custom,cuboid,default,0.24,0.08,0.08,0,1,0.9,0,1.4,0.1,1026.975,2234.9,-2209.55,0,0.7071068,0,0.7071068;
custom,cuboid,default,0.24,0.08,0.08,0,1,0.9,0,1.4,0.1,1026.975,2232.1,-2209.55,0,0.7071068,0,0.7071068;
custom,cuboid,default,0.08,0.24,0.08,0,1,0.9,0,1.4,0.1,1026.975,2233.5,-2207.95,0,0,0,0;
custom,cuboid,default,0.08,0.24,0.08,0,1,0.9,0,1.4,0.1,1026.975,2236.3,-2207.95,0,0,0,0;



custom,cuboid,default,0.24,0.08,0.08,0,1,0.9,0,1.4,0.1,1026.975,2237.7,-2165.55,0,0.7071068,0,0.7071068;
custom,cuboid,default,0.24,0.08,0.08,0,1,0.9,0,1.4,0.1,1026.975,2234.9,-2165.55,0,0.7071068,0,0.7071068;
custom,cuboid,default,0.24,0.08,0.08,0,1,0.9,0,1.4,0.1,1026.975,2232.1,-2165.55,0,0.7071068,0,0.7071068;
custom,cuboid,default,0.08,0.24,0.08,0,1,0.9,0,1.4,0.1,1026.975,2233.5,-2163.95,0,0,0,0;
custom,cuboid,default,0.08,0.24,0.08,0,1,0.9,0,1.4,0.1,1026.975,2236.3,-2163.95,0,0,0,0;

custom,cuboid,default,0.24,0.08,0.08,0,1,0.9,0,1.4,0.1,1026.975,2237.7,-2159.55,0,0.7071068,0,0.7071068;
custom,cuboid,default,0.24,0.08,0.08,0,1,0.9,0,1.4,0.1,1026.975,2234.9,-2159.55,0,0.7071068,0,0.7071068;
custom,cuboid,default,0.24,0.08,0.08,0,1,0.9,0,1.4,0.1,1026.975,2232.1,-2159.55,0,0.7071068,0,0.7071068;
custom,cuboid,default,0.08,0.24,0.08,0,1,0.9,0,1.4,0.1,1026.975,2233.5,-2157.95,0,0,0,0;
custom,cuboid,default,0.08,0.24,0.08,0,1,0.9,0,1.4,0.1,1026.975,2236.3,-2157.95,0,0,0,0;

custom,cuboid,default,0.24,0.08,0.08,0,1,0.9,0,1.4,0.1,1026.975,2237.7,-2153.55,0,0.7071068,0,0.7071068;
custom,cuboid,default,0.24,0.08,0.08,0,1,0.9,0,1.4,0.1,1026.975,2234.9,-2153.55,0,0.7071068,0,0.7071068;
custom,cuboid,default,0.24,0.08,0.08,0,1,0.9,0,1.4,0.1,1026.975,2232.1,-2153.55,0,0.7071068,0,0.7071068;
custom,cuboid,default,0.08,0.24,0.08,0,1,0.9,0,1.4,0.1,1026.975,2233.5,-2151.95,0,0,0,0;
custom,cuboid,default,0.08,0.24,0.08,0,1,0.9,0,1.4,0.1,1026.975,2236.3,-2151.95,0,0,0,0;
custom,cuboid,default,0.08,0.24,0.08,0,1,0.9,0,1.4,0.1,1026.975,2236.3,-2155.15,0,0,0,0;


custom,prism,default,1.12,0.08,1.12,0,1,0.9,0,1.4,0.1,1026.975,2246.5,-2215.55,0,0,-0.7107995,0.7033947;
custom,prism,default,-1.12,-0.08,-1.12,0,1,0.9,0,1.4,0.1,1026.975,2246.5,-2159.55,0,0,-0.7033947,0.7107995;


custom,cuboid,stone3,1.2,1,31.6,0,0,0,0,3.16,0.1,1020.775,2259.5,-2187.35,0,0,0,0;
custom,cuboid,stone3,1.2,1,31.6,0,0,0,0,3.16,0.1,1020.775,2169.5,-2187.35,0,0,0,0;

custom,cuboid,stone3,1.15,1.05,31.6,0,0,0,0,0.1,3.16,1020.775,2259.5,-2187.35,0,0,0,0;
custom,cuboid,stone3,1.15,1.05,31.6,0,0,0,0,0.1,3.16,1020.775,2169.5,-2187.35,0,0,0,0;


custom,cuboid,default,1.2,6,11,1,0,0,0,1,1,1020.775,2214.5,-2087.35,0,0,0,0;
custom,cuboid,default,1.2,6,11,1,0,0,0,1,1,1020.775,2214.5,-2287.35,0,0,0,0;

custom,cuboid,stone3,1.25,10,1.25,0,0,0,0,0.12,1,1020.775,2214.5,-2347.35,0,0,0,0;
custom,cuboid,stone3,1.25,10,1.25,0,0,0,0,0.12,1,1020.775,2214.5,-2027.35,0,0,0,0;

custom,cuboid,stone3,1.25,17,1.25,0,0,0,0,0.12,1.7,900.775,2175.5,-2347.35,0,0,0,0;
custom,cuboid,stone3,1.25,17,1.25,0,0,0,0,0.12,1.7,900.775,2175.5,-2027.35,0,0,0,0;

custom,cuboid,stone3,1.2,1,31.6,0,0,0,0,3.16,0.1,900.775,2259.5,-2187.35,0,0,0,0;
custom,cuboid,stone3,1.2,1,31.6,0,0,0,0,3.16,0.1,900.775,2169.5,-2187.35,0,0,0,0;

custom,cuboid,stone3,1.15,1.05,31.6,0,0,0,0,0.1,3.16,900.775,2259.5,-2187.35,0,0,0,0;
custom,cuboid,stone3,1.15,1.05,31.6,0,0,0,0,0.1,3.16,900.775,2169.5,-2187.35,0,0,0,0;


custom,killcuboid,wood3,1.1,1,11,0,1,1,1,1.1,0.1,1020.775,2179.5,-2287.35,0,0,0,0;
custom,killcuboid,wood3,1.1,1,11,0,1,1,1,1.1,0.1,1020.775,2179.5,-2087.35,0,0,0,0;

custom,killcuboid,wood3,1.1,1,11,0,1,1,1,1.1,0.1,1020.775,2249.5,-2287.35,0,0,0,0;
custom,killcuboid,wood3,1.1,1,11,0,1,1,1,1.1,0.1,1020.775,2249.5,-2087.35,0,0,0,0;

custom,cuboid,default,11,8,9.6,1,0,0,0,1,1,960.775,2214.5,-2187.35,0,0,0,0;

custom,cuboid,default,11,8,1.2,1,0,0,0,1,1,960.775,2214.5,-2347.35,0,0,0,0;
custom,cuboid,default,11,8,1.2,1,0,0,0,1,1,960.775,2214.5,-2027.35,0,0,0,0;

custom,cuboid,default,1,8,31,1,0,0,0,1,1,900.775,2214.5,-2187.35,0,0,0,0;

custom,cuboid,default,11,1,31,1,0,0,0,1,1,960.775,2169.5,-2187.35,0,0,0,0;
custom,cuboid,default,11,1,31,1,0,0,0,1,1,960.775,2259.5,-2187.35,0,0,0,0;

custom,cuboid,wallmat,12,1,11,0,0,0,0,6,5,960.775,2214.5,-2287.35,0,0,0,0;
custom,cuboid,default,11.9,1,10.9,1,0,0,0,6,5,960.775,2210.5,-2287.35,0,0,0,0;



custom,sphere,rock2tex,1,1.5,1,1,1,0.35,0,7,7,960.775,2224.5,-2287.35,0,0,0,0;



base,levelBottom,default,0.0011,0.16666,0.011,0,1,1,1,1,1,1020.775,2249.5,-2087.35,0,0,0,0;
base,levelBottom,default,0.0011,0.16666,0.011,0,1,1,1,1,1,1020.775,2179.5,-2087.35,0,0,0,0;
base,levelBottom,default,0.0011,0.16666,0.011,0,1,1,1,1,1,1020.775,2179.5,-2287.35,0,0,0,0;





custom,cylinder,stone4,10,0.25,10,0,1,1,1,1,0.1,-798.5,2145.5,2924.5,0,0,0,0;
custom,cylinder,stone4,11,0.25,11,0,1,1,1,1,0.1,-798.5,2143.5,2924.5,0,1,0,0;
custom,cylinder,stone4,12,0.25,12,0,1,1,1,1,0.1,-798.5,2141.5,2924.5,0,0,0,0;
custom,cylinder,stone4,13,0.25,13,0,1,1,1,1,0.1,-798.5,2140,2924.5,0,1,0,0;
custom,cylinder,crystal2,9.9,0.25,9.9,0,1,1,1,0.01,0.01,-798.5,2145.6,2924.5,0,0,0,0;
custom,torus,stone4,2,5,2,0,1,1,1,1,1.1,-798.5,2147,2925.5,0,0,0,0;
custom,cylinder,stone4,2,0.5,2,0,1,1,1,1,0.5,-798.5,2155,2924.5,0,0,0,0;
custom,cylinder,stone4,5,0.25,5,0,1,1,1,1,0.1,-798.5,2160,2924.5,0,0,0,0;
custom,cylinder,crystal2,4.9,0.25,4.9,0,1,1,1,0.01,0.01,-798.5,2160.1,2924.5,0,0,0,0;
custom,torus,stone4,1,3,1,0,1,1,1,1,1.1,-798.5,2162,2925,0,0,0,0;
custom,cylinder,stone4,0.9,0.4,0.9,0,1,1,1,1,0.5,-798.5,2167,2924.5,0,0,0,0;
custom,cylinder,stone4,2,0.12,2,0,1,1,1,1,0.1,-798.5,2170,2924.5,0,0,0,0;
custom,cylinder,crystal2,1.9,0.12,1.9,0,1,1,1,0.01,0.01,-798.5,2170.1,2924.5,0,0,0,0;
custom,cylinder,stone4,0.1,1,0.1,0,1,1,1,0.1,1,-798.5,2170,2924.5,0,0,0,0;



custom,cylinder,stone4,10,0.25,10,0,1,1,1,1,0.1,-1198.5,2145.5,2924.5,0,0,0,0;
custom,cylinder,stone4,11,0.25,11,0,1,1,1,1,0.1,-1198.5,2143.5,2924.5,0,1,0,0;
custom,cylinder,stone4,12,0.25,12,0,1,1,1,1,0.1,-1198.5,2141.5,2924.5,0,0,0,0;
custom,cylinder,stone4,13,0.25,13,0,1,1,1,1,0.1,-1198.5,2140,2924.5,0,1,0,0;
custom,cylinder,crystal2,9.9,0.25,9.9,0,1,1,1,0.01,0.01,-1198.5,2145.6,2924.5,0,0,0,0;
custom,torus,stone4,2,5,2,0,1,1,1,1,1.1,-1198.5,2147,2925.5,0,0,0,0;
custom,cylinder,stone4,2,0.5,2,0,1,1,1,1,0.5,-1198.5,2155,2924.5,0,0,0,0;
custom,cylinder,stone4,5,0.25,5,0,1,1,1,1,0.1,-1198.5,2160,2924.5,0,0,0,0;
custom,cylinder,crystal2,4.9,0.25,4.9,0,1,1,1,0.01,0.01,-1198.5,2160.1,2924.5,0,0,0,0;
custom,torus,stone4,1,3,1,0,1,1,1,1,1.1,-1198.5,2162,2925,0,0,0,0;
custom,cylinder,stone4,0.9,0.4,0.9,0,1,1,1,1,0.5,-1198.5,2167,2924.5,0,0,0,0;
custom,cylinder,stone4,2,0.12,2,0,1,1,1,1,0.1,-1198.5,2170,2924.5,0,0,0,0;
custom,cylinder,crystal2,1.9,0.12,1.9,0,1,1,1,0.01,0.01,-1198.5,2170.1,2924.5,0,0,0,0;
custom,cylinder,stone4,0.1,1,0.1,0,1,1,1,0.1,1,-1198.5,2170,2924.5,0,0,0,0;










custom,cuboid,wood3,6.5,1,10,0,1,1,1,1,0.6,1168.5,2184.5,-2186.5,0.0353112,-0.7062246,0.0353112,0.7062246;
custom,cuboid,wallmat,6.55,0.98,10.1,0,1,1,1,3,0.4,1168.5,2184.5,-2186.5,0.0353112,-0.7062246,0.0353112,0.7062246;

custom,cuboid,wood3,2.5,0.5,1.5,0,1,1,1,0.5,0.5,1138.5,2185.5,-2204,0,-0.7071068,0,0.7071068;

custom,cuboid,wood4,0.05,0.4,2.5,0,1,1,1,0.01,0.01,1146.5,2195.25,-2204,0,0,-0.1305262,0.9914449;
custom,cuboid,wood4,0.4,0.05,2.5,0,1,1,1,0.01,0.01,1144,2193.25,-2204,0,0,0,1;
custom,cuboid,wood4,0.25,0.75,0.75,0,1,1,1,1,1,1136,2191.5,-2211.5,0,-0.7071068,0,0.7071068;
custom,cuboid,wood4,0.25,0.75,0.75,0,1,1,1,1,1,1136,2191.5,-2196.5,0,-0.7071068,0,0.7071068;
custom,cuboid,wood4,0.15,0.55,0.25,0,1,1,1,1,1,1144,2190.5,-2211.5,0,-0.7071068,0,0.7071068;
custom,cuboid,wood4,0.15,0.55,0.25,0,1,1,1,1,1,1144,2190.5,-2196.5,0,-0.7071068,0,0.7071068;
custom,cuboid,wood4,2.5,0.25,1,0,1,1,1,0.25,0.25,1136,2195,-2204,0,-0.7071068,0,0.7071068;
custom,cuboid,wood3,2.5,0.5,1.5,0,1,1,1,0.5,0.5,1168.5,2188.5,-2204,0,-0.7071068,0,0.7071068;

custom,cuboid,wood4,0.4,0.05,2.5,0,1,1,1,0.01,0.01,1174,2196.25,-2204,0,0,0,1;
custom,cuboid,wood4,0.25,0.75,0.75,0,1,1,1,1,1,1166,2194.5,-2211.5,0,-0.7071068,0,0.7071068;
custom,cuboid,wood4,0.25,0.75,0.75,0,1,1,1,1,1,1166,2194.5,-2196.5,0,-0.7071068,0,0.7071068;
custom,cuboid,wood4,2.5,0.25,1,0,1,1,1,0.25,0.25,1166,2198,-2204,0,-0.7071068,0,0.7071068;
custom,cuboid,wood3,2.5,0.5,1.5,0,1,1,1,0.5,0.5,1198.5,2191.5,-2204,0,-0.7071068,0,0.7071068;
custom,cuboid,wood4,0.05,0.4,2.5,0,1,1,1,0.01,0.01,1176.5,2198.25,-2204,0,0,-0.1305262,0.9914449;
custom,cuboid,wood4,0.15,0.55,0.25,0,1,1,1,1,1,1174,2193.5,-2211.5,0,-0.7071068,0,0.7071068;
custom,cuboid,wood4,0.15,0.55,0.25,0,1,1,1,1,1,1174,2193.5,-2196.5,0,-0.7071068,0,0.7071068;


custom,cuboid,wood4,0.4,0.05,2.5,0,1,1,1,0.01,0.01,1204,2199.25,-2204,0,0,0,1;
custom,cuboid,wood4,0.25,0.75,0.75,0,1,1,1,1,1,1196,2197.5,-2211.5,0,-0.7071068,0,0.7071068;
custom,cuboid,wood4,0.25,0.75,0.75,0,1,1,1,1,1,1196,2197.5,-2196.5,0,-0.7071068,0,0.7071068;
custom,cuboid,wood4,2.5,0.25,1,0,1,1,1,0.25,0.25,1196,2201,-2204,0,-0.7071068,0,0.7071068;
custom,cuboid,wood3,2.5,0.5,1.5,0,1,1,1,0.5,0.5,1138.5,2185.5,-2169,0,-0.7071068,0,0.7071068;
custom,cuboid,wood4,0.05,0.4,2.5,0,1,1,1,0.01,0.01,1206.5,2201.25,-2204,0,0,-0.1305262,0.9914449;
custom,cuboid,wood4,0.15,0.55,0.25,0,1,1,1,1,1,1204,2196.5,-2211.5,0,-0.7071068,0,0.7071068;
custom,cuboid,wood4,0.15,0.55,0.25,0,1,1,1,1,1,1204,2196.5,-2196.5,0,-0.7071068,0,0.7071068;



custom,cuboid,wood4,0.4,0.05,2.5,0,1,1,1,0.01,0.01,1144,2193.25,-2169,0,0,0,1;
custom,cuboid,wood4,0.25,0.75,0.75,0,1,1,1,1,1,1136,2191.5,-2161.5,0,-0.7071068,0,0.7071068;
custom,cuboid,wood4,0.25,0.75,0.75,0,1,1,1,1,1,1136,2191.5,-2176.5,0,-0.7071068,0,0.7071068;
custom,cuboid,wood4,2.5,0.25,1,0,1,1,1,0.25,0.25,1136,2195,-2169,0,-0.7071068,0,0.7071068;
custom,cuboid,wood3,2.5,0.5,1.5,0,1,1,1,0.5,0.5,1168.5,2188.5,-2169,0,-0.7071068,0,0.7071068;

custom,cuboid,wood4,0.4,0.05,2.5,0,1,1,1,0.01,0.01,1174,2196.25,-2169,0,0,0,1;
custom,cuboid,wood4,0.25,0.75,0.75,0,1,1,1,1,1,1166,2194.5,-2161.5,0,-0.7071068,0,0.7071068;
custom,cuboid,wood4,0.25,0.75,0.75,0,1,1,1,1,1,1166,2194.5,-2176.5,0,-0.7071068,0,0.7071068;
custom,cuboid,wood4,2.5,0.25,1,0,1,1,1,0.25,0.25,1166,2198,-2169,0,-0.7071068,0,0.7071068;
custom,cuboid,wood3,2.5,0.5,1.5,0,1,1,1,0.5,0.5,1198.5,2191.5,-2169,0,-0.7071068,0,0.7071068;

custom,cuboid,wood4,0.4,0.05,2.5,0,1,1,1,0.01,0.01,1204,2199.25,-2169,0,0,0,1;
custom,cuboid,wood4,0.25,0.75,0.75,0,1,1,1,1,1,1196,2197.5,-2161.5,0,-0.7071068,0,0.7071068;
custom,cuboid,wood4,0.25,0.75,0.75,0,1,1,1,1,1,1196,2197.5,-2176.5,0,-0.7071068,0,0.7071068;
custom,cuboid,wood4,2.5,0.25,1,0,1,1,1,0.25,0.25,1196,2201,-2169,0,-0.7071068,0,0.7071068;



custom,cylinder,wallmat,1.5,5,1.5,0,1,1,1,1,3,1136.5,2126.5,-2162.5,0,0,0,0;
custom,cylinder,wallmat,1.5,5,1.5,0,1,1,1,1,3,1136.5,2126.5,-2210.5,0,0,0,0;


custom,cylinder,wallmat,1.5,5,1.5,0,1,1,1,1,3,1206.5,2134.5,-2162.5,0,0,0,0;
custom,cylinder,wallmat,1.5,5,1.5,0,1,1,1,1,3,1206.5,2134.5,-2210.5,0,0,0,0;





custom,cuboid,wood4,0.05,0.4,2.5,0,1,1,1,0.01,0.01,1146.5,2195.25,-2169,0,0,-0.1305262,0.9914449;
custom,cuboid,wood4,0.15,0.55,0.25,0,1,1,1,1,1,1144,2190.5,-2176.5,0,-0.7071068,0,0.7071068;
custom,cuboid,wood4,0.15,0.55,0.25,0,1,1,1,1,1,1144,2190.5,-2161.5,0,-0.7071068,0,0.7071068;

custom,cuboid,wood4,0.05,0.4,2.5,0,1,1,1,0.01,0.01,1176.5,2198.25,-2169,0,0,-0.1305262,0.9914449;
custom,cuboid,wood4,0.15,0.55,0.25,0,1,1,1,1,1,1174,2193.5,-2176.5,0,-0.7071068,0,0.7071068;
custom,cuboid,wood4,0.15,0.55,0.25,0,1,1,1,1,1,1174,2193.5,-2161.5,0,-0.7071068,0,0.7071068;

custom,cuboid,wood4,0.05,0.4,2.5,0,1,1,1,0.01,0.01,1206.5,2201.25,-2169,0,0,-0.1305262,0.9914449;
custom,cuboid,wood4,0.15,0.55,0.25,0,1,1,1,1,1,1204,2196.5,-2176.5,0,-0.7071068,0,0.7071068;
custom,cuboid,wood4,0.15,0.55,0.25,0,1,1,1,1,1,1204,2196.5,-2161.5,0,-0.7071068,0,0.7071068;
